instance,iterations,tenure_flip,tenure_swap,stall,diversify,seed,best_value,total_weight,elapsed_ms,grid_wallclock_ms
docs\inst_test\instancias\n_1000_1,100,10,7,10,0.2000,42,9998827374,9998822833,338,2254
docs\inst_test\instancias\n_1000_1,100,10,7,5,0.3000,2026,9999886724,9999883437,339,2254
docs\inst_test\instancias\n_1000_1,100,10,7,20,0.3000,2026,9998357180,9998353192,338,2254
docs\inst_test\instancias\n_1000_1,100,10,7,10,0.2000,123,9998357073,9998353031,339,2254
docs\inst_test\instancias\n_1000_1,100,10,7,20,0.3000,123,9989826827,9989822538,340,2254
docs\inst_test\instancias\n_1000_1,100,10,7,5,0.1000,123,9998827353,9998822863,342,2254
docs\inst_test\instancias\n_1000_1,100,10,7,5,0.2000,2026,9999357279,9999353123,341,2254
docs\inst_test\instancias\n_1000_1,100,10,7,5,0.2000,42,9998827387,9998822899,343,2254
docs\inst_test\instancias\n_1000_1,100,10,7,10,0.3000,2026,9998357180,9998353192,344,2254
docs\inst_test\instancias\n_1000_1,100,10,7,5,0.1000,2026,9995297202,9995292594,345,2254
docs\inst_test\instancias\n_1000_1,100,10,7,20,0.1000,123,9998826909,9998822989,344,2254
docs\inst_test\instancias\n_1000_1,100,10,7,20,0.2000,123,9996827320,9996822747,344,2254
docs\inst_test\instancias\n_1000_1,100,10,7,10,0.1000,42,9999297271,9999292847,345,2254
docs\inst_test\instancias\n_1000_1,100,10,7,10,0.1000,2026,9995297202,9995292594,346,2254
docs\inst_test\instancias\n_1000_1,100,10,7,20,0.1000,42,9998297184,9998292639,346,2254
docs\inst_test\instancias\n_1000_1,100,10,7,5,0.2000,123,9998357185,9998353074,346,2254
docs\inst_test\instancias\n_1000_1,100,10,7,20,0.2000,42,9994297151,9994292470,348,2254
docs\inst_test\instancias\n_1000_1,100,10,7,20,0.1000,2026,9995297202,9995292594,353,2254
docs\inst_test\instancias\n_1000_1,100,10,7,10,0.3000,123,9989826827,9989822538,361,2254
docs\inst_test\instancias\n_1000_1,100,10,7,5,0.1000,42,9999297471,9999292890,363,2254
docs\inst_test\instancias\n_1000_1,100,10,7,10,0.3000,42,9988826644,9988822288,395,2254
docs\inst_test\instancias\n_1000_1,100,10,7,5,0.3000,123,9997886652,9997883428,409,2254
docs\inst_test\instancias\n_1000_1,100,10,7,10,0.2000,2026,9999357176,9999353151,410,2254
docs\inst_test\instancias\n_1000_1,100,10,7,20,0.2000,2026,9997827318,9997822780,411,2254
docs\inst_test\instancias\n_1000_1,100,10,7,10,0.1000,123,9998827353,9998822863,411,2254
docs\inst_test\instancias\n_1000_1,100,10,7,5,0.3000,42,9995356303,9995352910,412,2254
docs\inst_test\instancias\n_1000_1,100,10,7,20,0.3000,42,9988826429,9988822479,411,2254
docs\inst_test\instancias\n_1000_1,100,10,10,5,0.2000,2026,9999357279,9999353123,85,2254
docs\inst_test\instancias\n_1000_1,100,10,10,5,0.2000,42,9998827387,9998822899,90,2254
docs\inst_test\instancias\n_1000_1,100,10,10,10,0.2000,42,9998827374,9998822833,85,2254
docs\inst_test\instancias\n_1000_1,100,10,10,5,0.1000,42,9999297471,9999292890,92,2254
docs\inst_test\instancias\n_1000_1,100,10,10,10,0.1000,42,9999297271,9999292847,87,2254
docs\inst_test\instancias\n_1000_1,100,10,10,10,0.3000,123,9989826827,9989822538,82,2254
docs\inst_test\instancias\n_1000_1,100,10,10,5,0.3000,2026,9999886724,9999883437,88,2254
docs\inst_test\instancias\n_1000_1,100,10,10,5,0.2000,123,9998357185,9998353074,92,2254
docs\inst_test\instancias\n_1000_1,100,10,10,10,0.1000,2026,9995297202,9995292594,89,2254
docs\inst_test\instancias\n_1000_1,100,10,10,5,0.1000,123,9998827353,9998822863,96,2254
docs\inst_test\instancias\n_1000_1,100,10,10,5,0.1000,2026,9995297202,9995292594,97,2254
docs\inst_test\instancias\n_1000_1,100,10,10,5,0.3000,123,9997886652,9997883428,94,2254
docs\inst_test\instancias\n_1000_1,100,10,10,20,0.2000,2026,9997827318,9997822780,27,2254
docs\inst_test\instancias\n_1000_1,100,10,10,20,0.1000,42,9998297184,9998292639,76,2254
docs\inst_test\instancias\n_1000_1,100,10,10,20,0.2000,42,9994297151,9994292470,30,2254
docs\inst_test\instancias\n_1000_1,100,10,10,20,0.3000,2026,9998357180,9998353192,27,2254
docs\inst_test\instancias\n_1000_1,100,10,10,20,0.1000,123,9998826909,9998822989,78,2254
docs\inst_test\instancias\n_1000_1,100,10,10,10,0.1000,123,9998827353,9998822863,98,2254
docs\inst_test\instancias\n_1000_1,100,10,10,10,0.3000,42,9988826644,9988822288,96,2254
docs\inst_test\instancias\n_1000_1,100,10,10,5,0.3000,42,9995356303,9995352910,101,2254
docs\inst_test\instancias\n_1000_1,100,10,10,10,0.2000,123,9998357073,9998353031,98,2254
docs\inst_test\instancias\n_1000_1,100,10,10,20,0.3000,42,9988826429,9988822479,33,2254
docs\inst_test\instancias\n_1000_1,100,10,10,20,0.3000,123,9989826827,9989822538,33,2254
docs\inst_test\instancias\n_1000_1,100,10,10,10,0.3000,2026,9998357180,9998353192,92,2254
docs\inst_test\instancias\n_1000_1,100,10,10,10,0.2000,2026,9999357176,9999353151,100,2254
docs\inst_test\instancias\n_1000_1,100,10,10,20,0.1000,2026,9995297202,9995292594,55,2254
docs\inst_test\instancias\n_1000_1,100,10,10,20,0.2000,123,9996827320,9996822747,40,2254
docs\inst_test\instancias\n_1000_1,100,10,15,5,0.2000,123,9998357185,9998353074,24,2254
docs\inst_test\instancias\n_1000_1,100,10,15,5,0.1000,42,9999297471,9999292890,29,2254
docs\inst_test\instancias\n_1000_1,100,10,15,5,0.1000,123,9998827353,9998822863,27,2254
docs\inst_test\instancias\n_1000_1,100,10,15,5,0.3000,123,9997886652,9997883428,26,2254
docs\inst_test\instancias\n_1000_1,100,10,15,5,0.2000,2026,9999357279,9999353123,29,2254
docs\inst_test\instancias\n_1000_1,100,10,15,5,0.1000,2026,9995297202,9995292594,32,2254
docs\inst_test\instancias\n_1000_1,100,10,15,10,0.3000,42,9988826644,9988822288,25,2254
docs\inst_test\instancias\n_1000_1,100,10,15,10,0.1000,123,9998827353,9998822863,32,2254
docs\inst_test\instancias\n_1000_1,100,10,15,20,0.1000,42,9998297184,9998292639,27,2254
docs\inst_test\instancias\n_1000_1,100,10,15,10,0.2000,123,9998357073,9998353031,31,2254
docs\inst_test\instancias\n_1000_1,100,10,15,20,0.1000,2026,9995297202,9995292594,26,2254
docs\inst_test\instancias\n_1000_1,100,10,15,20,0.2000,123,9996827320,9996822747,25,2254
docs\inst_test\instancias\n_1000_1,100,10,15,5,0.2000,42,9998827387,9998822899,41,2254
docs\inst_test\instancias\n_1000_1,100,10,15,20,0.1000,123,9998826909,9998822989,30,2254
docs\inst_test\instancias\n_1000_1,100,10,15,10,0.2000,2026,9999357176,9999353151,34,2254
docs\inst_test\instancias\n_1000_1,100,10,15,5,0.3000,42,9995356303,9995352910,42,2254
docs\inst_test\instancias\n_1000_1,100,10,15,5,0.3000,2026,9999886724,9999883437,40,2254
docs\inst_test\instancias\n_1000_1,100,10,15,20,0.3000,42,9988826429,9988822479,29,2254
docs\inst_test\instancias\n_1000_1,100,10,15,10,0.1000,42,9999297271,9999292847,41,2254
docs\inst_test\instancias\n_1000_1,100,10,15,10,0.3000,123,9989826827,9989822538,36,2254
docs\inst_test\instancias\n_1000_1,100,10,15,10,0.2000,42,9998827374,9998822833,41,2254
docs\inst_test\instancias\n_1000_1,100,10,15,10,0.3000,2026,9998357180,9998353192,40,2254
docs\inst_test\instancias\n_1000_1,100,15,7,5,0.1000,123,9998827353,9998822863,27,2254
docs\inst_test\instancias\n_1000_1,100,15,7,5,0.1000,42,9999297471,9999292890,27,2254
docs\inst_test\instancias\n_1000_1,100,10,15,10,0.1000,2026,9995297202,9995292594,47,2254
docs\inst_test\instancias\n_1000_1,100,10,15,20,0.2000,42,9994297151,9994292470,42,2254
docs\inst_test\instancias\n_1000_1,100,15,7,5,0.2000,42,9998827387,9998822899,28,2254
docs\inst_test\instancias\n_1000_1,100,10,15,20,0.2000,2026,9997827318,9997822780,44,2254
docs\inst_test\instancias\n_1000_1,100,10,15,20,0.3000,123,9989826827,9989822538,41,2254
docs\inst_test\instancias\n_1000_1,100,10,15,20,0.3000,2026,9998357180,9998353192,41,2254
docs\inst_test\instancias\n_1000_1,100,15,7,5,0.3000,42,9995356303,9995352910,28,2254
docs\inst_test\instancias\n_1000_1,100,15,7,5,0.1000,2026,9995297202,9995292594,35,2254
docs\inst_test\instancias\n_1000_1,100,15,7,5,0.3000,2026,9999886724,9999883437,26,2254
docs\inst_test\instancias\n_1000_1,100,15,7,5,0.2000,123,9998357185,9998353074,35,2254
docs\inst_test\instancias\n_1000_1,100,15,7,10,0.1000,123,9998827353,9998822863,27,2254
docs\inst_test\instancias\n_1000_1,100,15,7,10,0.2000,123,9998357073,9998353031,27,2254
docs\inst_test\instancias\n_1000_1,100,15,7,10,0.3000,2026,9998357180,9998353192,25,2254
docs\inst_test\instancias\n_1000_1,100,15,7,5,0.2000,2026,9999357279,9999353123,40,2254
docs\inst_test\instancias\n_1000_1,100,15,7,10,0.3000,42,9988826644,9988822288,30,2254
docs\inst_test\instancias\n_1000_1,100,15,7,20,0.1000,2026,9995297202,9995292594,28,2254
docs\inst_test\instancias\n_1000_1,100,15,7,10,0.1000,2026,9995297202,9995292594,35,2254
docs\inst_test\instancias\n_1000_1,100,15,7,20,0.1000,42,9998297184,9998292639,31,2254
docs\inst_test\instancias\n_1000_1,100,15,7,5,0.3000,123,9997886652,9997883428,39,2254
docs\inst_test\instancias\n_1000_1,100,15,7,10,0.1000,42,9999297271,9999292847,39,2254
docs\inst_test\instancias\n_1000_1,100,15,7,20,0.2000,123,9996827320,9996822747,27,2254
docs\inst_test\instancias\n_1000_1,100,15,7,10,0.2000,2026,9999357176,9999353151,38,2254
docs\inst_test\instancias\n_1000_1,100,15,7,20,0.3000,2026,9998357180,9998353192,26,2254
docs\inst_test\instancias\n_1000_1,100,15,7,10,0.3000,123,9989826827,9989822538,39,2254
docs\inst_test\instancias\n_1000_1,100,15,7,10,0.2000,42,9998827374,9998822833,43,2254
docs\inst_test\instancias\n_1000_1,100,15,10,5,0.2000,42,9998827387,9998822899,26,2254
docs\inst_test\instancias\n_1000_1,100,15,7,20,0.1000,123,9998826909,9998822989,44,2254
docs\inst_test\instancias\n_1000_1,100,15,10,5,0.2000,2026,9999357279,9999353123,27,2254
docs\inst_test\instancias\n_1000_1,100,15,7,20,0.2000,42,9994297151,9994292470,40,2254
docs\inst_test\instancias\n_1000_1,100,15,10,5,0.3000,42,9995356303,9995352910,26,2254
docs\inst_test\instancias\n_1000_1,100,15,10,5,0.3000,123,9997886652,9997883428,26,2254
docs\inst_test\instancias\n_1000_1,100,15,10,5,0.3000,2026,9999886724,9999883437,26,2254
docs\inst_test\instancias\n_1000_1,100,15,7,20,0.2000,2026,9997827318,9997822780,43,2254
docs\inst_test\instancias\n_1000_1,100,15,7,20,0.3000,42,9988826429,9988822479,42,2254
docs\inst_test\instancias\n_1000_1,100,15,7,20,0.3000,123,9989826827,9989822538,41,2254
docs\inst_test\instancias\n_1000_1,100,15,10,5,0.1000,123,9998827353,9998822863,39,2254
docs\inst_test\instancias\n_1000_1,100,15,10,10,0.1000,123,9998827353,9998822863,29,2254
docs\inst_test\instancias\n_1000_1,100,15,10,5,0.1000,42,9999297471,9999292890,42,2254
docs\inst_test\instancias\n_1000_1,100,15,10,10,0.2000,2026,9999357176,9999353151,26,2254
docs\inst_test\instancias\n_1000_1,100,15,10,10,0.2000,42,9998827374,9998822833,27,2254
docs\inst_test\instancias\n_1000_1,100,15,10,10,0.3000,2026,9998357180,9998353192,25,2254
docs\inst_test\instancias\n_1000_1,100,15,10,5,0.1000,2026,9995297202,9995292594,45,2254
docs\inst_test\instancias\n_1000_1,100,15,10,20,0.1000,123,9998826909,9998822989,26,2254
docs\inst_test\instancias\n_1000_1,100,15,10,5,0.2000,123,9998357185,9998353074,47,2254
docs\inst_test\instancias\n_1000_1,100,15,10,20,0.2000,123,9996827320,9996822747,25,2254
docs\inst_test\instancias\n_1000_1,100,15,10,20,0.1000,42,9998297184,9998292639,34,2254
docs\inst_test\instancias\n_1000_1,100,15,10,10,0.2000,123,9998357073,9998353031,38,2254
docs\inst_test\instancias\n_1000_1,100,15,10,10,0.1000,42,9999297271,9999292847,44,2254
docs\inst_test\instancias\n_1000_1,100,15,10,10,0.3000,42,9988826644,9988822288,39,2254
docs\inst_test\instancias\n_1000_1,100,15,10,10,0.1000,2026,9995297202,9995292594,44,2254
docs\inst_test\instancias\n_1000_1,100,15,10,20,0.3000,2026,9998357180,9998353192,27,2254
docs\inst_test\instancias\n_1000_1,100,15,10,10,0.3000,123,9989826827,9989822538,42,2254
docs\inst_test\instancias\n_1000_1,100,15,10,20,0.1000,2026,9995297202,9995292594,37,2254
docs\inst_test\instancias\n_1000_1,100,15,15,5,0.1000,42,9999297471,9999292890,28,2254
docs\inst_test\instancias\n_1000_1,100,15,10,20,0.3000,123,9989826827,9989822538,30,2254
docs\inst_test\instancias\n_1000_1,100,15,15,5,0.1000,2026,9995297202,9995292594,30,2254
docs\inst_test\instancias\n_1000_1,100,15,10,20,0.2000,42,9994297151,9994292470,41,2254
docs\inst_test\instancias\n_1000_1,100,15,15,5,0.3000,42,9995356303,9995352910,26,2254
docs\inst_test\instancias\n_1000_1,100,15,10,20,0.2000,2026,9997827318,9997822780,37,2254
docs\inst_test\instancias\n_1000_1,100,15,10,20,0.3000,42,9988826429,9988822479,36,2254
docs\inst_test\instancias\n_1000_1,100,15,15,5,0.3000,123,9997886652,9997883428,29,2254
docs\inst_test\instancias\n_1000_1,100,15,15,10,0.1000,123,9998827353,9998822863,25,2254
docs\inst_test\instancias\n_1000_1,100,15,15,5,0.2000,42,9998827387,9998822899,35,2254
docs\inst_test\instancias\n_1000_1,100,15,15,5,0.2000,123,9998357185,9998353074,34,2254
docs\inst_test\instancias\n_1000_1,100,15,15,5,0.3000,2026,9999886724,9999883437,29,2254
docs\inst_test\instancias\n_1000_1,100,15,15,10,0.1000,42,9999297271,9999292847,30,2254
docs\inst_test\instancias\n_1000_1,100,15,15,10,0.1000,2026,9995297202,9995292594,29,2254
docs\inst_test\instancias\n_1000_1,100,15,15,5,0.1000,123,9998827353,9998822863,43,2254
docs\inst_test\instancias\n_1000_1,100,15,15,5,0.2000,2026,9999357279,9999353123,41,2254
docs\inst_test\instancias\n_1000_1,100,15,15,10,0.2000,2026,9999357176,9999353151,30,2254
docs\inst_test\instancias\n_1000_1,100,15,15,20,0.2000,123,9996827320,9996822747,26,2254
docs\inst_test\instancias\n_1000_1,100,15,15,20,0.2000,42,9994297151,9994292470,26,2254
docs\inst_test\instancias\n_1000_1,100,15,15,10,0.2000,42,9998827374,9998822833,39,2254
docs\inst_test\instancias\n_1000_1,100,15,15,10,0.2000,123,9998357073,9998353031,38,2254
docs\inst_test\instancias\n_1000_1,100,15,15,10,0.3000,123,9989826827,9989822538,34,2254
docs\inst_test\instancias\n_1000_1,100,15,15,20,0.3000,42,9988826429,9988822479,26,2254
docs\inst_test\instancias\n_1000_1,100,15,15,20,0.3000,2026,9998357180,9998353192,25,2254
docs\inst_test\instancias\n_1000_1,100,15,15,10,0.3000,2026,9998357180,9998353192,36,2254
docs\inst_test\instancias\n_1000_1,100,15,15,20,0.3000,123,9989826827,9989822538,27,2254
docs\inst_test\instancias\n_1000_1,100,15,15,10,0.3000,42,9988826644,9988822288,40,2254
docs\inst_test\instancias\n_1000_1,100,20,7,5,0.1000,123,9998827353,9998822863,28,2254
docs\inst_test\instancias\n_1000_1,100,20,7,5,0.2000,123,9998357185,9998353074,25,2254
docs\inst_test\instancias\n_1000_1,100,15,15,20,0.1000,42,9998297184,9998292639,39,2254
docs\inst_test\instancias\n_1000_1,100,15,15,20,0.1000,123,9998826909,9998822989,39,2254
docs\inst_test\instancias\n_1000_1,100,15,15,20,0.1000,2026,9995297202,9995292594,37,2254
docs\inst_test\instancias\n_1000_1,100,20,7,5,0.2000,2026,9999357279,9999353123,25,2254
docs\inst_test\instancias\n_1000_1,100,20,7,5,0.1000,42,9999297471,9999292890,29,2254
docs\inst_test\instancias\n_1000_1,100,20,7,5,0.3000,42,9995356303,9995352910,28,2254
docs\inst_test\instancias\n_1000_1,100,15,15,20,0.2000,2026,9997827318,9997822780,40,2254
docs\inst_test\instancias\n_1000_1,100,20,7,5,0.3000,123,9997886652,9997883428,30,2254
docs\inst_test\instancias\n_1000_1,100,20,7,5,0.1000,2026,9995297202,9995292594,34,2254
docs\inst_test\instancias\n_1000_1,100,20,7,5,0.3000,2026,9999886724,9999883437,32,2254
docs\inst_test\instancias\n_1000_1,100,20,7,5,0.2000,42,9998827387,9998822899,40,2254
docs\inst_test\instancias\n_1000_1,100,20,7,10,0.1000,42,9999297271,9999292847,36,2254
docs\inst_test\instancias\n_1000_1,100,20,7,10,0.2000,123,9998357073,9998353031,25,2254
docs\inst_test\instancias\n_1000_1,100,20,7,10,0.1000,2026,9995297202,9995292594,31,2254
docs\inst_test\instancias\n_1000_1,100,20,7,10,0.3000,2026,9998357180,9998353192,25,2254
docs\inst_test\instancias\n_1000_1,100,20,7,10,0.2000,42,9998827374,9998822833,31,2254
docs\inst_test\instancias\n_1000_1,100,20,7,20,0.1000,2026,9995297202,9995292594,26,2254
docs\inst_test\instancias\n_1000_1,100,20,7,20,0.1000,123,9998826909,9998822989,29,2254
docs\inst_test\instancias\n_1000_1,100,20,7,10,0.1000,123,9998827353,9998822863,43,2254
docs\inst_test\instancias\n_1000_1,100,20,7,20,0.2000,123,9996827320,9996822747,26,2254
docs\inst_test\instancias\n_1000_1,100,20,7,20,0.3000,42,9988826429,9988822479,26,2254
docs\inst_test\instancias\n_1000_1,100,20,7,10,0.3000,123,9989826827,9989822538,34,2254
docs\inst_test\instancias\n_1000_1,100,20,7,10,0.2000,2026,9999357176,9999353151,35,2254
docs\inst_test\instancias\n_1000_1,100,20,7,20,0.3000,123,9989826827,9989822538,28,2254
docs\inst_test\instancias\n_1000_1,100,20,7,10,0.3000,42,9988826644,9988822288,37,2254
docs\inst_test\instancias\n_1000_1,100,20,10,5,0.1000,2026,9995297202,9995292594,28,2254
docs\inst_test\instancias\n_1000_1,100,20,10,5,0.1000,123,9998827353,9998822863,28,2254
docs\inst_test\instancias\n_1000_1,100,20,7,20,0.3000,2026,9998357180,9998353192,29,2254
docs\inst_test\instancias\n_1000_1,100,20,7,20,0.2000,42,9994297151,9994292470,35,2254
docs\inst_test\instancias\n_1000_1,100,20,10,5,0.2000,2026,9999357279,9999353123,25,2254
docs\inst_test\instancias\n_1000_1,100,20,7,20,0.1000,42,9998297184,9998292639,38,2254
docs\inst_test\instancias\n_1000_1,100,20,7,20,0.2000,2026,9997827318,9997822780,33,2254
docs\inst_test\instancias\n_1000_1,100,20,10,5,0.3000,42,9995356303,9995352910,27,2254
docs\inst_test\instancias\n_1000_1,100,20,10,5,0.1000,42,9999297471,9999292890,35,2254
docs\inst_test\instancias\n_1000_1,100,20,10,5,0.3000,123,9997886652,9997883428,28,2254
docs\inst_test\instancias\n_1000_1,100,20,10,5,0.2000,42,9998827387,9998822899,35,2254
docs\inst_test\instancias\n_1000_1,100,20,10,5,0.2000,123,9998357185,9998353074,33,2254
docs\inst_test\instancias\n_1000_1,100,20,10,10,0.1000,123,9998827353,9998822863,26,2254
docs\inst_test\instancias\n_1000_1,100,20,10,10,0.2000,42,9998827374,9998822833,24,2254
docs\inst_test\instancias\n_1000_1,100,20,10,10,0.1000,2026,9995297202,9995292594,26,2254
docs\inst_test\instancias\n_1000_1,100,20,10,5,0.3000,2026,9999886724,9999883437,28,2254
docs\inst_test\instancias\n_1000_1,100,20,10,10,0.3000,42,9988826644,9988822288,19,2254
docs\inst_test\instancias\n_1000_1,100,20,10,10,0.2000,123,9998357073,9998353031,26,2254
docs\inst_test\instancias\n_1000_1,100,20,10,10,0.1000,42,9999297271,9999292847,29,2254
docs\inst_test\instancias\n_1000_1,100,20,10,10,0.3000,2026,9998357180,9998353192,22,2254
docs\inst_test\instancias\n_1000_1,100,20,10,10,0.3000,123,9989826827,9989822538,23,2254
docs\inst_test\instancias\n_1000_1,100,20,10,10,0.2000,2026,9999357176,9999353151,26,2254
docs\inst_test\instancias\n_1000_1,100,20,10,20,0.2000,42,9994297151,9994292470,21,2254
docs\inst_test\instancias\n_1000_1,100,20,10,20,0.3000,42,9988826429,9988822479,19,2254
docs\inst_test\instancias\n_1000_1,100,20,10,20,0.2000,2026,9997827318,9997822780,20,2254
docs\inst_test\instancias\n_1000_1,100,20,10,20,0.1000,42,9998297184,9998292639,24,2254
docs\inst_test\instancias\n_1000_1,100,20,10,20,0.3000,123,9989826827,9989822538,20,2254
docs\inst_test\instancias\n_1000_1,100,20,15,5,0.2000,42,9998827387,9998822899,17,2254
docs\inst_test\instancias\n_1000_1,100,20,10,20,0.1000,123,9998826909,9998822989,26,2254
docs\inst_test\instancias\n_1000_1,100,20,10,20,0.1000,2026,9995297202,9995292594,26,2254
docs\inst_test\instancias\n_1000_1,100,20,10,20,0.2000,123,9996827320,9996822747,23,2254
docs\inst_test\instancias\n_1000_1,100,20,15,5,0.1000,2026,9995297202,9995292594,21,2254
docs\inst_test\instancias\n_1000_1,100,20,15,5,0.2000,123,9998357185,9998353074,18,2254
docs\inst_test\instancias\n_1000_1,100,20,10,20,0.3000,2026,9998357180,9998353192,22,2254
docs\inst_test\instancias\n_1000_1,100,20,15,5,0.1000,42,9999297471,9999292890,26,2254
docs\inst_test\instancias\n_1000_1,100,20,15,5,0.1000,123,9998827353,9998822863,25,2254
docs\inst_test\instancias\n_1000_1,100,20,15,5,0.2000,2026,9999357279,9999353123,20,2254
docs\inst_test\instancias\n_1000_1,100,20,15,5,0.3000,123,9997886652,9997883428,20,2254
docs\inst_test\instancias\n_1000_1,100,20,15,5,0.3000,42,9995356303,9995352910,21,2254
docs\inst_test\instancias\n_1000_1,100,20,15,5,0.3000,2026,9999886724,9999883437,21,2254
docs\inst_test\instancias\n_1000_1,100,20,15,10,0.1000,123,9998827353,9998822863,21,2254
docs\inst_test\instancias\n_1000_1,100,20,15,10,0.2000,2026,9999357176,9999353151,21,2254
docs\inst_test\instancias\n_1000_1,100,20,15,10,0.1000,2026,9995297202,9995292594,23,2254
docs\inst_test\instancias\n_1000_1,100,20,15,10,0.2000,42,9998827374,9998822833,24,2254
docs\inst_test\instancias\n_1000_1,100,20,15,10,0.1000,42,9999297271,9999292847,26,2254
docs\inst_test\instancias\n_1000_1,100,20,15,10,0.2000,123,9998357073,9998353031,24,2254
docs\inst_test\instancias\n_1000_1,100,20,15,10,0.3000,42,9988826644,9988822288,21,2254
docs\inst_test\instancias\n_1000_1,100,20,15,20,0.1000,123,9998826909,9998822989,22,2254
docs\inst_test\instancias\n_1000_1,100,20,15,10,0.3000,123,9989826827,9989822538,24,2254
docs\inst_test\instancias\n_1000_1,100,20,15,20,0.2000,123,9996827320,9996822747,22,2254
docs\inst_test\instancias\n_1000_1,100,20,15,10,0.3000,2026,9998357180,9998353192,24,2254
docs\inst_test\instancias\n_1000_1,100,20,15,20,0.2000,2026,9997827318,9997822780,22,2254
docs\inst_test\instancias\n_1000_1,100,20,15,20,0.1000,42,9998297184,9998292639,24,2254
docs\inst_test\instancias\n_1000_1,100,20,15,20,0.1000,2026,9995297202,9995292594,25,2254
docs\inst_test\instancias\n_1000_1,100,20,15,20,0.2000,42,9994297151,9994292470,25,2254
docs\inst_test\instancias\n_1000_1,100,20,15,20,0.3000,2026,9998357180,9998353192,24,2254
docs\inst_test\instancias\n_1000_1,100,20,15,20,0.3000,42,9988826429,9988822479,24,2254
docs\inst_test\instancias\n_1000_1,100,20,15,20,0.3000,123,9989826827,9989822538,24,2254
docs\inst_test\instancias\n_1000_1,300,10,7,20,0.2000,2026,9999357281,9999353085,65,2254
docs\inst_test\instancias\n_1000_1,300,10,7,20,0.2000,123,9998357187,9998353072,67,2254
docs\inst_test\instancias\n_1000_1,300,10,7,20,0.3000,123,9999416581,9999413709,68,2254
docs\inst_test\instancias\n_1000_1,300,10,7,20,0.3000,2026,9999887007,9999883468,68,2254
docs\inst_test\instancias\n_1000_1,300,10,7,10,0.3000,42,9999887034,9999883351,77,2254
docs\inst_test\instancias\n_1000_1,300,10,7,10,0.3000,123,9999416581,9999413709,75,2254
docs\inst_test\instancias\n_1000_1,300,10,7,5,0.3000,123,9999416581,9999413709,88,2254
docs\inst_test\instancias\n_1000_1,300,10,7,5,0.2000,123,9998886934,9998883463,90,2254
docs\inst_test\instancias\n_1000_1,300,10,7,5,0.3000,42,9999887034,9999883351,89,2254
docs\inst_test\instancias\n_1000_1,300,10,7,20,0.1000,42,9999297471,9999292890,77,2254
docs\inst_test\instancias\n_1000_1,300,10,7,20,0.1000,2026,9995297202,9995292594,77,2254
docs\inst_test\instancias\n_1000_1,300,10,7,20,0.3000,42,9999887034,9999883351,74,2254
docs\inst_test\instancias\n_1000_1,300,10,7,10,0.2000,2026,9999357281,9999353085,83,2254
docs\inst_test\instancias\n_1000_1,300,10,7,10,0.3000,2026,9999887007,9999883468,79,2254
docs\inst_test\instancias\n_1000_1,300,10,7,20,0.1000,123,9998827353,9998822863,79,2254
docs\inst_test\instancias\n_1000_1,300,10,7,10,0.1000,123,9999827379,9999822923,87,2254
docs\inst_test\instancias\n_1000_1,300,10,7,10,0.2000,123,9998886934,9998883463,84,2254
docs\inst_test\instancias\n_1000_1,300,10,7,10,0.2000,42,9998827387,9998822899,84,2254
docs\inst_test\instancias\n_1000_1,300,10,7,5,0.1000,123,9999827379,9999822923,98,2254
docs\inst_test\instancias\n_1000_1,300,10,7,20,0.2000,42,9998827387,9998822899,78,2254
docs\inst_test\instancias\n_1000_1,300,10,7,5,0.2000,2026,9999357281,9999353085,95,2254
docs\inst_test\instancias\n_1000_1,300,10,7,5,0.1000,42,9999297471,9999292890,100,2254
docs\inst_test\instancias\n_1000_1,300,10,7,5,0.1000,2026,9999827425,9999822843,100,2254
docs\inst_test\instancias\n_1000_1,300,10,7,5,0.2000,42,9999357290,9999353138,97,2254
docs\inst_test\instancias\n_1000_1,300,10,7,5,0.3000,2026,9999887007,9999883468,93,2254
docs\inst_test\instancias\n_1000_1,300,10,7,10,0.1000,42,9999297471,9999292890,93,2254
docs\inst_test\instancias\n_1000_1,300,10,7,10,0.1000,2026,9999827182,9999823283,93,2254
docs\inst_test\instancias\n_1000_1,300,10,10,5,0.2000,123,9998886934,9998883463,64,2254
docs\inst_test\instancias\n_1000_1,300,10,10,5,0.3000,123,9999416581,9999413709,62,2254
docs\inst_test\instancias\n_1000_1,300,10,10,10,0.3000,2026,9999887007,9999883468,59,2254
docs\inst_test\instancias\n_1000_1,300,10,10,10,0.2000,42,9998827387,9998822899,60,2254
docs\inst_test\instancias\n_1000_1,300,10,10,10,0.3000,123,9999416581,9999413709,60,2254
docs\inst_test\instancias\n_1000_1,300,10,10,5,0.3000,42,9999887034,9999883351,65,2254
docs\inst_test\instancias\n_1000_1,300,10,10,5,0.3000,2026,9999887007,9999883468,66,2254
docs\inst_test\instancias\n_1000_1,300,10,10,5,0.1000,42,9999297471,9999292890,75,2254
docs\inst_test\instancias\n_1000_1,300,10,10,10,0.2000,123,9998886934,9998883463,65,2254
docs\inst_test\instancias\n_1000_1,300,10,10,20,0.3000,2026,9999887007,9999883468,56,2254
docs\inst_test\instancias\n_1000_1,300,10,10,5,0.2000,2026,9999357281,9999353085,71,2254
docs\inst_test\instancias\n_1000_1,300,10,10,20,0.2000,123,9998357187,9998353072,64,2254
docs\inst_test\instancias\n_1000_1,300,10,10,20,0.3000,123,9999416581,9999413709,62,2254
docs\inst_test\instancias\n_1000_1,300,10,10,10,0.3000,42,9999887034,9999883351,67,2254
docs\inst_test\instancias\n_1000_1,300,10,10,5,0.2000,42,9999357290,9999353138,75,2254
docs\inst_test\instancias\n_1000_1,300,10,10,10,0.2000,2026,9999357281,9999353085,69,2254
docs\inst_test\instancias\n_1000_1,300,10,10,20,0.1000,123,9998827353,9998822863,67,2254
docs\inst_test\instancias\n_1000_1,300,10,10,20,0.2000,42,9998827387,9998822899,66,2254
docs\inst_test\instancias\n_1000_1,300,10,10,20,0.2000,2026,9999357281,9999353085,66,2254
docs\inst_test\instancias\n_1000_1,300,10,10,10,0.1000,123,9999827379,9999822923,72,2254
docs\inst_test\instancias\n_1000_1,300,10,10,5,0.1000,123,9999827379,9999822923,81,2254
docs\inst_test\instancias\n_1000_1,300,10,10,5,0.1000,2026,9999827425,9999822843,78,2254
docs\inst_test\instancias\n_1000_1,300,10,10,20,0.3000,42,9999887034,9999883351,68,2254
docs\inst_test\instancias\n_1000_1,300,10,10,20,0.1000,42,9999297471,9999292890,72,2254
docs\inst_test\instancias\n_1000_1,300,10,10,10,0.1000,2026,9999827182,9999823283,73,2254
docs\inst_test\instancias\n_1000_1,300,10,10,10,0.1000,42,9999297471,9999292890,76,2254
docs\inst_test\instancias\n_1000_1,300,10,10,20,0.1000,2026,9995297202,9995292594,76,2254
docs\inst_test\instancias\n_1000_1,300,10,15,5,0.1000,2026,9999827425,9999822843,60,2254
docs\inst_test\instancias\n_1000_1,300,10,15,5,0.3000,42,9999887034,9999883351,64,2254
docs\inst_test\instancias\n_1000_1,300,10,15,10,0.3000,2026,9999887007,9999883468,58,2254
docs\inst_test\instancias\n_1000_1,300,10,15,5,0.2000,123,9998886934,9998883463,66,2254
docs\inst_test\instancias\n_1000_1,300,10,15,10,0.1000,123,9999827379,9999822923,61,2254
docs\inst_test\instancias\n_1000_1,300,10,15,5,0.3000,2026,9999887007,9999883468,63,2254
docs\inst_test\instancias\n_1000_1,300,10,15,5,0.1000,123,9999827379,9999822923,69,2254
docs\inst_test\instancias\n_1000_1,300,10,15,20,0.2000,123,9998357187,9998353072,55,2254
docs\inst_test\instancias\n_1000_1,300,10,15,5,0.3000,123,9999416581,9999413709,64,2254
docs\inst_test\instancias\n_1000_1,300,10,15,10,0.3000,42,9999887034,9999883351,59,2254
docs\inst_test\instancias\n_1000_1,300,10,15,10,0.3000,123,9999416581,9999413709,59,2254
docs\inst_test\instancias\n_1000_1,300,10,15,10,0.2000,123,9998886934,9998883463,62,2254
docs\inst_test\instancias\n_1000_1,300,10,15,20,0.3000,123,9999416581,9999413709,56,2254
docs\inst_test\instancias\n_1000_1,300,10,15,10,0.2000,2026,9999357281,9999353085,63,2254
docs\inst_test\instancias\n_1000_1,300,10,15,20,0.3000,42,9999887034,9999883351,61,2254
docs\inst_test\instancias\n_1000_1,300,10,15,5,0.2000,2026,9999357281,9999353085,72,2254
docs\inst_test\instancias\n_1000_1,300,10,15,5,0.2000,42,9999357290,9999353138,75,2254
docs\inst_test\instancias\n_1000_1,300,10,15,20,0.2000,2026,9999357281,9999353085,63,2254
docs\inst_test\instancias\n_1000_1,300,10,15,20,0.3000,2026,9999887007,9999883468,60,2254
docs\inst_test\instancias\n_1000_1,300,10,15,10,0.2000,42,9998827387,9998822899,72,2254
docs\inst_test\instancias\n_1000_1,300,10,15,20,0.1000,123,9998827353,9998822863,68,2254
docs\inst_test\instancias\n_1000_1,300,10,15,5,0.1000,42,9999297471,9999292890,80,2254
docs\inst_test\instancias\n_1000_1,300,10,15,20,0.1000,2026,9995297202,9995292594,68,2254
docs\inst_test\instancias\n_1000_1,300,10,15,10,0.1000,42,9999297471,9999292890,77,2254
docs\inst_test\instancias\n_1000_1,300,10,15,10,0.1000,2026,9999827182,9999823283,77,2254
docs\inst_test\instancias\n_1000_1,300,10,15,20,0.2000,42,9998827387,9998822899,72,2254
docs\inst_test\instancias\n_1000_1,300,10,15,20,0.1000,42,9999297471,9999292890,75,2254
docs\inst_test\instancias\n_1000_1,300,15,7,5,0.3000,2026,9999887007,9999883468,55,2254
docs\inst_test\instancias\n_1000_1,300,15,7,5,0.3000,123,9999416581,9999413709,62,2254
docs\inst_test\instancias\n_1000_1,300,15,7,10,0.3000,123,9999416581,9999413709,56,2254
docs\inst_test\instancias\n_1000_1,300,15,7,10,0.3000,42,9999887034,9999883351,58,2254
docs\inst_test\instancias\n_1000_1,300,15,7,5,0.2000,123,9998886934,9998883463,65,2254
docs\inst_test\instancias\n_1000_1,300,15,7,10,0.2000,123,9998886934,9998883463,60,2254
docs\inst_test\instancias\n_1000_1,300,15,7,5,0.3000,42,9999887034,9999883351,65,2254
docs\inst_test\instancias\n_1000_1,300,15,7,10,0.3000,2026,9999887007,9999883468,57,2254
docs\inst_test\instancias\n_1000_1,300,15,7,10,0.1000,42,9999297471,9999292890,65,2254
docs\inst_test\instancias\n_1000_1,300,15,7,5,0.1000,42,9999297471,9999292890,75,2254
docs\inst_test\instancias\n_1000_1,300,15,7,5,0.2000,42,9999357290,9999353138,70,2254
docs\inst_test\instancias\n_1000_1,300,15,7,5,0.2000,2026,9999357281,9999353085,69,2254
docs\inst_test\instancias\n_1000_1,300,15,7,5,0.1000,123,9999827379,9999822923,71,2254
docs\inst_test\instancias\n_1000_1,300,15,7,20,0.2000,2026,9999357281,9999353085,58,2254
docs\inst_test\instancias\n_1000_1,300,15,7,10,0.2000,42,9998827387,9998822899,70,2254
docs\inst_test\instancias\n_1000_1,300,15,7,10,0.1000,123,9999827379,9999822923,74,2254
docs\inst_test\instancias\n_1000_1,300,15,7,10,0.1000,2026,9999827182,9999823283,72,2254
docs\inst_test\instancias\n_1000_1,300,15,7,20,0.3000,123,9999416581,9999413709,59,2254
docs\inst_test\instancias\n_1000_1,300,15,7,20,0.1000,123,9998827353,9998822863,63,2254
docs\inst_test\instancias\n_1000_1,300,15,7,20,0.1000,42,9999297471,9999292890,65,2254
docs\inst_test\instancias\n_1000_1,300,15,7,20,0.3000,2026,9999887007,9999883468,59,2254
docs\inst_test\instancias\n_1000_1,300,15,7,10,0.2000,2026,9999357281,9999353085,70,2254
docs\inst_test\instancias\n_1000_1,300,15,7,20,0.2000,42,9998827387,9998822899,64,2254
docs\inst_test\instancias\n_1000_1,300,15,7,20,0.2000,123,9998357187,9998353072,65,2254
docs\inst_test\instancias\n_1000_1,300,15,7,20,0.3000,42,9999887034,9999883351,61,2254
docs\inst_test\instancias\n_1000_1,300,15,7,5,0.1000,2026,9999827425,9999822843,78,2254
docs\inst_test\instancias\n_1000_1,300,15,7,20,0.1000,2026,9995297202,9995292594,74,2254
docs\inst_test\instancias\n_1000_1,300,15,10,5,0.3000,123,9999416581,9999413709,58,2254
docs\inst_test\instancias\n_1000_1,300,15,10,5,0.3000,42,9999887034,9999883351,60,2254
docs\inst_test\instancias\n_1000_1,300,15,10,5,0.2000,123,9998886934,9998883463,65,2254
docs\inst_test\instancias\n_1000_1,300,15,10,5,0.2000,2026,9999357281,9999353085,66,2254
docs\inst_test\instancias\n_1000_1,300,15,10,5,0.3000,2026,9999887007,9999883468,65,2254
docs\inst_test\instancias\n_1000_1,300,15,10,10,0.3000,123,9999416581,9999413709,56,2254
docs\inst_test\instancias\n_1000_1,300,15,10,10,0.1000,123,9999827379,9999822923,62,2254
docs\inst_test\instancias\n_1000_1,300,15,10,5,0.1000,42,9999297471,9999292890,76,2254
docs\inst_test\instancias\n_1000_1,300,15,10,20,0.3000,123,9999416581,9999413709,56,2254
docs\inst_test\instancias\n_1000_1,300,15,10,5,0.1000,123,9999827379,9999822923,71,2254
docs\inst_test\instancias\n_1000_1,300,15,10,5,0.2000,42,9999357290,9999353138,70,2254
docs\inst_test\instancias\n_1000_1,300,15,10,10,0.2000,2026,9999357281,9999353085,63,2254
docs\inst_test\instancias\n_1000_1,300,15,10,10,0.3000,42,9999887034,9999883351,62,2254
docs\inst_test\instancias\n_1000_1,300,15,10,10,0.3000,2026,9999887007,9999883468,61,2254
docs\inst_test\instancias\n_1000_1,300,15,10,20,0.2000,2026,9999357281,9999353085,61,2254
docs\inst_test\instancias\n_1000_1,300,15,10,20,0.2000,42,9998827387,9998822899,62,2254
docs\inst_test\instancias\n_1000_1,300,15,10,20,0.2000,123,9998357187,9998353072,63,2254
docs\inst_test\instancias\n_1000_1,300,15,10,10,0.2000,123,9998886934,9998883463,67,2254
docs\inst_test\instancias\n_1000_1,300,15,10,5,0.1000,2026,9999827425,9999822843,77,2254
docs\inst_test\instancias\n_1000_1,300,15,10,10,0.1000,2026,9999827182,9999823283,72,2254
docs\inst_test\instancias\n_1000_1,300,15,10,10,0.2000,42,9998827387,9998822899,71,2254
docs\inst_test\instancias\n_1000_1,300,15,10,20,0.1000,2026,9995297202,9995292594,67,2254
docs\inst_test\instancias\n_1000_1,300,15,10,20,0.3000,42,9999887034,9999883351,67,2254
docs\inst_test\instancias\n_1000_1,300,15,10,10,0.1000,42,9999297471,9999292890,78,2254
docs\inst_test\instancias\n_1000_1,300,15,10,20,0.3000,2026,9999887007,9999883468,62,2254
docs\inst_test\instancias\n_1000_1,300,15,10,20,0.1000,123,9998827353,9998822863,73,2254
docs\inst_test\instancias\n_1000_1,300,15,10,20,0.1000,42,9999297471,9999292890,75,2254
docs\inst_test\instancias\n_1000_1,300,15,15,5,0.1000,123,9999827379,9999822923,67,2254
docs\inst_test\instancias\n_1000_1,300,15,15,5,0.3000,123,9999416581,9999413709,62,2254
docs\inst_test\instancias\n_1000_1,300,15,15,5,0.2000,2026,9999357281,9999353085,62,2254
docs\inst_test\instancias\n_1000_1,300,15,15,10,0.3000,123,9999416581,9999413709,55,2254
docs\inst_test\instancias\n_1000_1,300,15,15,5,0.3000,42,9999887034,9999883351,63,2254
docs\inst_test\instancias\n_1000_1,300,15,15,10,0.3000,42,9999887034,9999883351,58,2254
docs\inst_test\instancias\n_1000_1,300,15,15,10,0.2000,123,9998886934,9998883463,60,2254
docs\inst_test\instancias\n_1000_1,300,15,15,5,0.3000,2026,9999887007,9999883468,64,2254
docs\inst_test\instancias\n_1000_1,300,15,15,10,0.2000,42,9998827387,9998822899,61,2254
docs\inst_test\instancias\n_1000_1,300,15,15,5,0.1000,42,9999297471,9999292890,74,2254
docs\inst_test\instancias\n_1000_1,300,15,15,10,0.2000,2026,9999357281,9999353085,60,2254
docs\inst_test\instancias\n_1000_1,300,15,15,5,0.2000,123,9998886934,9998883463,68,2254
docs\inst_test\instancias\n_1000_1,300,15,15,5,0.1000,2026,9999827425,9999822843,71,2254
docs\inst_test\instancias\n_1000_1,300,15,15,20,0.3000,2026,9999887007,9999883468,53,2254
docs\inst_test\instancias\n_1000_1,300,15,15,10,0.3000,2026,9999887007,9999883468,64,2254
docs\inst_test\instancias\n_1000_1,300,15,15,10,0.1000,42,9999297471,9999292890,71,2254
docs\inst_test\instancias\n_1000_1,300,15,15,5,0.2000,42,9999357290,9999353138,74,2254
docs\inst_test\instancias\n_1000_1,300,15,15,10,0.1000,123,9999827379,9999822923,72,2254
docs\inst_test\instancias\n_1000_1,300,15,15,20,0.1000,123,9998827353,9998822863,66,2254
docs\inst_test\instancias\n_1000_1,300,15,15,20,0.3000,42,9999887034,9999883351,61,2254
docs\inst_test\instancias\n_1000_1,300,15,15,20,0.3000,123,9999416581,9999413709,60,2254
docs\inst_test\instancias\n_1000_1,300,15,15,10,0.1000,2026,9999827182,9999823283,74,2254
docs\inst_test\instancias\n_1000_1,300,15,15,20,0.1000,42,9999297471,9999292890,71,2254
docs\inst_test\instancias\n_1000_1,300,15,15,20,0.1000,2026,9995297202,9995292594,71,2254
docs\inst_test\instancias\n_1000_1,300,15,15,20,0.2000,2026,9999357281,9999353085,66,2254
docs\inst_test\instancias\n_1000_1,300,15,15,20,0.2000,123,9998357187,9998353072,68,2254
docs\inst_test\instancias\n_1000_1,300,15,15,20,0.2000,42,9998827387,9998822899,71,2254
docs\inst_test\instancias\n_1000_1,300,20,7,10,0.3000,2026,9999887007,9999883468,44,2254
docs\inst_test\instancias\n_1000_1,300,20,7,10,0.3000,42,9999887034,9999883351,52,2254
docs\inst_test\instancias\n_1000_1,300,20,7,5,0.3000,42,9999887034,9999883351,62,2254
docs\inst_test\instancias\n_1000_1,300,20,7,5,0.3000,123,9999416581,9999413709,61,2254
docs\inst_test\instancias\n_1000_1,300,20,7,5,0.2000,42,9999357290,9999353138,64,2254
docs\inst_test\instancias\n_1000_1,300,20,7,5,0.2000,123,9998886934,9998883463,65,2254
docs\inst_test\instancias\n_1000_1,300,20,7,10,0.1000,2026,9999827182,9999823283,61,2254
docs\inst_test\instancias\n_1000_1,300,20,7,10,0.3000,123,9999416581,9999413709,56,2254
docs\inst_test\instancias\n_1000_1,300,20,7,10,0.2000,123,9998886934,9998883463,57,2254
docs\inst_test\instancias\n_1000_1,300,20,7,5,0.3000,2026,9999887007,9999883468,66,2254
docs\inst_test\instancias\n_1000_1,300,20,7,5,0.2000,2026,9999357281,9999353085,68,2254
docs\inst_test\instancias\n_1000_1,300,20,7,5,0.1000,42,9999297471,9999292890,72,2254
docs\inst_test\instancias\n_1000_1,300,20,7,10,0.2000,2026,9999357281,9999353085,61,2254
docs\inst_test\instancias\n_1000_1,300,20,7,10,0.1000,42,9999297471,9999292890,67,2254
docs\inst_test\instancias\n_1000_1,300,20,7,5,0.1000,2026,9999827425,9999822843,73,2254
docs\inst_test\instancias\n_1000_1,300,20,7,20,0.3000,2026,9999887007,9999883468,51,2254
docs\inst_test\instancias\n_1000_1,300,20,7,5,0.1000,123,9999827379,9999822923,74,2254
docs\inst_test\instancias\n_1000_1,300,20,7,20,0.1000,42,9999297471,9999292890,61,2254
docs\inst_test\instancias\n_1000_1,300,20,7,10,0.1000,123,9999827379,9999822923,74,2254
docs\inst_test\instancias\n_1000_1,300,20,7,20,0.2000,42,9998827387,9998822899,64,2254
docs\inst_test\instancias\n_1000_1,300,20,7,10,0.2000,42,9998827387,9998822899,73,2254
docs\inst_test\instancias\n_1000_1,300,20,7,20,0.3000,123,9999416581,9999413709,64,2254
docs\inst_test\instancias\n_1000_1,300,20,7,20,0.1000,123,9998827353,9998822863,69,2254
docs\inst_test\instancias\n_1000_1,300,20,7,20,0.2000,123,9998357187,9998353072,66,2254
docs\inst_test\instancias\n_1000_1,300,20,7,20,0.3000,42,9999887034,9999883351,65,2254
docs\inst_test\instancias\n_1000_1,300,20,7,20,0.2000,2026,9999357281,9999353085,66,2254
docs\inst_test\instancias\n_1000_1,300,20,7,20,0.1000,2026,9995297202,9995292594,70,2254
docs\inst_test\instancias\n_1000_1,300,20,10,5,0.3000,123,9999416581,9999413709,57,2254
docs\inst_test\instancias\n_1000_1,300,20,10,5,0.1000,42,9999297471,9999292890,67,2254
docs\inst_test\instancias\n_1000_1,300,20,10,5,0.2000,2026,9999357281,9999353085,62,2254
docs\inst_test\instancias\n_1000_1,300,20,10,5,0.3000,2026,9999887007,9999883468,61,2254
docs\inst_test\instancias\n_1000_1,300,20,10,10,0.2000,123,9998886934,9998883463,57,2254
docs\inst_test\instancias\n_1000_1,300,20,10,10,0.3000,42,9999887034,9999883351,58,2254
docs\inst_test\instancias\n_1000_1,300,20,10,5,0.3000,42,9999887034,9999883351,65,2254
docs\inst_test\instancias\n_1000_1,300,20,10,10,0.3000,123,9999416581,9999413709,57,2254
docs\inst_test\instancias\n_1000_1,300,20,10,10,0.2000,2026,9999357281,9999353085,61,2254
docs\inst_test\instancias\n_1000_1,300,20,10,5,0.2000,123,9998886934,9998883463,68,2254
docs\inst_test\instancias\n_1000_1,300,20,10,5,0.1000,123,9999827379,9999822923,70,2254
docs\inst_test\instancias\n_1000_1,300,20,10,10,0.1000,123,9999827379,9999822923,64,2254
docs\inst_test\instancias\n_1000_1,300,20,10,5,0.2000,42,9999357290,9999353138,73,2254
docs\inst_test\instancias\n_1000_1,300,20,10,10,0.3000,2026,9999887007,9999883468,64,2254
docs\inst_test\instancias\n_1000_1,300,20,10,10,0.2000,42,9998827387,9998822899,68,2254
docs\inst_test\instancias\n_1000_1,300,20,10,20,0.3000,2026,9999887007,9999883468,56,2254
docs\inst_test\instancias\n_1000_1,300,20,10,20,0.2000,2026,9999357281,9999353085,59,2254
docs\inst_test\instancias\n_1000_1,300,20,10,10,0.1000,2026,9999827182,9999823283,71,2254
docs\inst_test\instancias\n_1000_1,300,20,10,20,0.3000,42,9999887034,9999883351,60,2254
docs\inst_test\instancias\n_1000_1,300,20,10,20,0.3000,123,9999416581,9999413709,59,2254
docs\inst_test\instancias\n_1000_1,300,20,10,5,0.1000,2026,9999827425,9999822843,79,2254
docs\inst_test\instancias\n_1000_1,300,20,10,10,0.1000,42,9999297471,9999292890,75,2254
docs\inst_test\instancias\n_1000_1,300,20,10,20,0.1000,2026,9995297202,9995292594,67,2254
docs\inst_test\instancias\n_1000_1,300,20,10,20,0.1000,42,9999297471,9999292890,69,2254
docs\inst_test\instancias\n_1000_1,300,20,10,20,0.2000,123,9998357187,9998353072,67,2254
docs\inst_test\instancias\n_1000_1,300,20,10,20,0.1000,123,9998827353,9998822863,74,2254
docs\inst_test\instancias\n_1000_1,300,20,10,20,0.2000,42,9998827387,9998822899,73,2254
docs\inst_test\instancias\n_1000_1,300,20,15,5,0.3000,123,9999416581,9999413709,55,2254
docs\inst_test\instancias\n_1000_1,300,20,15,5,0.3000,42,9999887034,9999883351,57,2254
docs\inst_test\instancias\n_1000_1,300,20,15,5,0.2000,42,9999357290,9999353138,61,2254
docs\inst_test\instancias\n_1000_1,300,20,15,5,0.1000,2026,9999827425,9999822843,65,2254
docs\inst_test\instancias\n_1000_1,300,20,15,5,0.2000,2026,9999357281,9999353085,62,2254
docs\inst_test\instancias\n_1000_1,300,20,15,5,0.2000,123,9998886934,9998883463,67,2254
docs\inst_test\instancias\n_1000_1,300,20,15,5,0.1000,42,9999297471,9999292890,71,2254
docs\inst_test\instancias\n_1000_1,300,20,15,5,0.3000,2026,9999887007,9999883468,61,2254
docs\inst_test\instancias\n_1000_1,300,20,15,5,0.1000,123,9999827379,9999822923,73,2254
docs\inst_test\instancias\n_1000_1,300,20,15,10,0.3000,42,9999887034,9999883351,57,2254
docs\inst_test\instancias\n_1000_1,300,20,15,10,0.3000,2026,9999887007,9999883468,58,2254
docs\inst_test\instancias\n_1000_1,300,20,15,10,0.1000,123,9999827379,9999822923,69,2254
docs\inst_test\instancias\n_1000_1,300,20,15,10,0.3000,123,9999416581,9999413709,61,2254
docs\inst_test\instancias\n_1000_1,300,20,15,10,0.1000,42,9999297471,9999292890,73,2254
docs\inst_test\instancias\n_1000_1,300,20,15,10,0.2000,42,9998827387,9998822899,69,2254
docs\inst_test\instancias\n_1000_1,300,20,15,10,0.2000,123,9998886934,9998883463,69,2254
docs\inst_test\instancias\n_1000_1,300,20,15,20,0.3000,42,9999887034,9999883351,56,2254
docs\inst_test\instancias\n_1000_1,300,20,15,10,0.2000,2026,9999357281,9999353085,69,2254
docs\inst_test\instancias\n_1000_1,300,20,15,10,0.1000,2026,9999827182,9999823283,73,2254
docs\inst_test\instancias\n_1000_1,300,20,15,20,0.2000,2026,9999357281,9999353085,60,2254
docs\inst_test\instancias\n_1000_1,300,20,15,20,0.3000,123,9999416581,9999413709,57,2254
docs\inst_test\instancias\n_1000_1,300,20,15,20,0.1000,123,9998827353,9998822863,68,2254
docs\inst_test\instancias\n_1000_1,300,20,15,20,0.1000,2026,9995297202,9995292594,69,2254
docs\inst_test\instancias\n_1000_1,300,20,15,20,0.2000,42,9998827387,9998822899,69,2254
docs\inst_test\instancias\n_1000_1,300,20,15,20,0.2000,123,9998357187,9998353072,66,2254
docs\inst_test\instancias\n_1000_1,300,20,15,20,0.1000,42,9999297471,9999292890,71,2254
docs\inst_test\instancias\n_1000_1,300,20,15,20,0.3000,2026,9999887007,9999883468,65,2254
docs\inst_test\instancias\n_1000_1,500,10,7,5,0.3000,123,9999416581,9999413709,91,2254
docs\inst_test\instancias\n_1000_1,500,10,7,5,0.2000,123,9999887035,9999883564,95,2254
docs\inst_test\instancias\n_1000_1,500,10,7,10,0.3000,123,9999416581,9999413709,83,2254
docs\inst_test\instancias\n_1000_1,500,10,7,5,0.2000,42,9999357290,9999353138,105,2254
docs\inst_test\instancias\n_1000_1,500,10,7,10,0.3000,2026,9999887007,9999883468,90,2254
docs\inst_test\instancias\n_1000_1,500,10,7,5,0.3000,42,9999887034,9999883351,106,2254
docs\inst_test\instancias\n_1000_1,500,10,7,5,0.3000,2026,9999887007,9999883468,104,2254
docs\inst_test\instancias\n_1000_1,500,10,7,10,0.2000,123,9998886934,9998883463,96,2254
docs\inst_test\instancias\n_1000_1,500,10,7,10,0.2000,2026,9999357281,9999353085,97,2254
docs\inst_test\instancias\n_1000_1,500,10,7,10,0.3000,42,9999887034,9999883351,100,2254
docs\inst_test\instancias\n_1000_1,500,10,7,5,0.2000,2026,9999357281,9999353085,113,2254
docs\inst_test\instancias\n_1000_1,500,10,7,10,0.1000,42,9999297471,9999292890,113,2254
docs\inst_test\instancias\n_1000_1,500,10,7,20,0.3000,123,9999416581,9999413709,100,2254
docs\inst_test\instancias\n_1000_1,500,10,7,5,0.1000,42,9999297471,9999292890,130,2254
docs\inst_test\instancias\n_1000_1,500,10,7,20,0.3000,42,9999887034,9999883351,102,2254
docs\inst_test\instancias\n_1000_1,500,10,7,10,0.2000,42,9999357290,9999353138,116,2254
docs\inst_test\instancias\n_1000_1,500,10,7,5,0.1000,123,9999827379,9999822923,131,2254
docs\inst_test\instancias\n_1000_1,500,10,7,20,0.2000,123,9998886934,9998883463,107,2254
docs\inst_test\instancias\n_1000_1,500,10,7,5,0.1000,2026,9999827425,9999822843,134,2254
docs\inst_test\instancias\n_1000_1,500,10,7,20,0.2000,2026,9999357281,9999353085,110,2254
docs\inst_test\instancias\n_1000_1,500,10,7,20,0.2000,42,9998827387,9998822899,112,2254
docs\inst_test\instancias\n_1000_1,500,10,7,20,0.1000,123,9999827379,9999822923,116,2254
docs\inst_test\instancias\n_1000_1,500,10,7,20,0.1000,42,9999297486,9999292958,119,2254
docs\inst_test\instancias\n_1000_1,500,10,7,10,0.1000,123,9999827379,9999822923,127,2254
docs\inst_test\instancias\n_1000_1,500,10,7,20,0.1000,2026,9995297202,9995292594,116,2254
docs\inst_test\instancias\n_1000_1,500,10,7,20,0.3000,2026,9999887007,9999883468,108,2254
docs\inst_test\instancias\n_1000_1,500,10,7,10,0.1000,2026,9999827425,9999822843,130,2254
docs\inst_test\instancias\n_1000_1,500,10,10,5,0.3000,123,9999416581,9999413709,102,2254
docs\inst_test\instancias\n_1000_1,500,10,10,5,0.3000,42,9999887034,9999883351,106,2254
docs\inst_test\instancias\n_1000_1,500,10,10,5,0.2000,123,9999887035,9999883564,110,2254
docs\inst_test\instancias\n_1000_1,500,10,10,10,0.1000,123,9999827379,9999822923,101,2254
docs\inst_test\instancias\n_1000_1,500,10,10,10,0.2000,42,9999357290,9999353138,97,2254
docs\inst_test\instancias\n_1000_1,500,10,10,10,0.3000,123,9999416581,9999413709,93,2254
docs\inst_test\instancias\n_1000_1,500,10,10,5,0.1000,123,9999827379,9999822923,125,2254
docs\inst_test\instancias\n_1000_1,500,10,10,5,0.2000,2026,9999357281,9999353085,115,2254
docs\inst_test\instancias\n_1000_1,500,10,10,5,0.3000,2026,9999887007,9999883468,112,2254
docs\inst_test\instancias\n_1000_1,500,10,10,5,0.2000,42,9999357290,9999353138,119,2254
docs\inst_test\instancias\n_1000_1,500,10,10,10,0.3000,42,9999887034,9999883351,100,2254
docs\inst_test\instancias\n_1000_1,500,10,10,20,0.2000,123,9998886934,9998883463,92,2254
docs\inst_test\instancias\n_1000_1,500,10,10,10,0.2000,2026,9999357281,9999353085,104,2254
docs\inst_test\instancias\n_1000_1,500,10,10,10,0.1000,2026,9999827425,9999822843,108,2254
docs\inst_test\instancias\n_1000_1,500,10,10,10,0.3000,2026,9999887007,9999883468,102,2254
docs\inst_test\instancias\n_1000_1,500,10,10,5,0.1000,42,9999297471,9999292890,137,2254
docs\inst_test\instancias\n_1000_1,500,10,10,10,0.2000,123,9998886934,9998883463,108,2254
docs\inst_test\instancias\n_1000_1,500,10,10,5,0.1000,2026,9999827425,9999822843,135,2254
docs\inst_test\instancias\n_1000_1,500,10,10,20,0.3000,123,9999416581,9999413709,98,2254
docs\inst_test\instancias\n_1000_1,500,10,10,20,0.3000,2026,9999887007,9999883468,94,2254
docs\inst_test\instancias\n_1000_1,500,10,10,10,0.1000,42,9999297471,9999292890,121,2254
docs\inst_test\instancias\n_1000_1,500,10,10,20,0.2000,42,9998827387,9998822899,104,2254
docs\inst_test\instancias\n_1000_1,500,10,10,20,0.3000,42,9999887034,9999883351,103,2254
docs\inst_test\instancias\n_1000_1,500,10,10,20,0.2000,2026,9999357281,9999353085,109,2254
docs\inst_test\instancias\n_1000_1,500,10,10,20,0.1000,42,9999297486,9999292958,118,2254
docs\inst_test\instancias\n_1000_1,500,10,10,20,0.1000,2026,9995297202,9995292594,119,2254
docs\inst_test\instancias\n_1000_1,500,10,10,20,0.1000,123,9999827379,9999822923,123,2254
docs\inst_test\instancias\n_1000_1,500,10,15,5,0.3000,42,9999887034,9999883351,95,2254
docs\inst_test\instancias\n_1000_1,500,10,15,5,0.3000,123,9999416581,9999413709,97,2254
docs\inst_test\instancias\n_1000_1,500,10,15,5,0.1000,42,9999297471,9999292890,109,2254
docs\inst_test\instancias\n_1000_1,500,10,15,5,0.3000,2026,9999887007,9999883468,100,2254
docs\inst_test\instancias\n_1000_1,500,10,15,10,0.3000,123,9999416581,9999413709,94,2254
docs\inst_test\instancias\n_1000_1,500,10,15,10,0.1000,123,9999827379,9999822923,101,2254
docs\inst_test\instancias\n_1000_1,500,10,15,5,0.2000,123,9999887035,9999883564,112,2254
docs\inst_test\instancias\n_1000_1,500,10,15,10,0.3000,2026,9999887007,9999883468,100,2254
docs\inst_test\instancias\n_1000_1,500,10,15,10,0.2000,2026,9999357281,9999353085,103,2254
docs\inst_test\instancias\n_1000_1,500,10,15,20,0.3000,2026,9999887007,9999883468,80,2254
docs\inst_test\instancias\n_1000_1,500,10,15,10,0.3000,42,9999887034,9999883351,105,2254
docs\inst_test\instancias\n_1000_1,500,10,15,10,0.2000,42,9999357290,9999353138,108,2254
docs\inst_test\instancias\n_1000_1,500,10,15,5,0.2000,2026,9999357281,9999353085,117,2254
docs\inst_test\instancias\n_1000_1,500,10,15,5,0.2000,42,9999357290,9999353138,120,2254
docs\inst_test\instancias\n_1000_1,500,10,15,10,0.2000,123,9998886934,9998883463,109,2254
docs\inst_test\instancias\n_1000_1,500,10,15,10,0.1000,2026,9999827425,9999822843,113,2254
docs\inst_test\instancias\n_1000_1,500,10,15,20,0.3000,42,9999887034,9999883351,93,2254
docs\inst_test\instancias\n_1000_1,500,10,15,20,0.2000,123,9998886934,9998883463,106,2254
docs\inst_test\instancias\n_1000_1,500,10,15,5,0.1000,123,9999827379,9999822923,129,2254
docs\inst_test\instancias\n_1000_1,500,10,15,20,0.1000,123,9999827379,9999822923,110,2254
docs\inst_test\instancias\n_1000_1,500,10,15,20,0.3000,123,9999416581,9999413709,95,2254
docs\inst_test\instancias\n_1000_1,500,10,15,5,0.1000,2026,9999827425,9999822843,132,2254
docs\inst_test\instancias\n_1000_1,500,10,15,20,0.2000,42,9998827387,9998822899,112,2254
docs\inst_test\instancias\n_1000_1,500,10,15,20,0.1000,2026,9995297202,9995292594,114,2254
docs\inst_test\instancias\n_1000_1,500,10,15,20,0.2000,2026,9999357281,9999353085,108,2254
docs\inst_test\instancias\n_1000_1,500,10,15,10,0.1000,42,9999297471,9999292890,128,2254
docs\inst_test\instancias\n_1000_1,500,10,15,20,0.1000,42,9999297486,9999292958,124,2254
docs\inst_test\instancias\n_1000_1,500,15,7,5,0.1000,123,9999827379,9999822923,107,2254
docs\inst_test\instancias\n_1000_1,500,15,7,5,0.2000,123,9999887035,9999883564,106,2254
docs\inst_test\instancias\n_1000_1,500,15,7,5,0.3000,2026,9999887007,9999883468,99,2254
docs\inst_test\instancias\n_1000_1,500,15,7,10,0.2000,2026,9999357281,9999353085,95,2254
docs\inst_test\instancias\n_1000_1,500,15,7,10,0.3000,123,9999416581,9999413709,92,2254
docs\inst_test\instancias\n_1000_1,500,15,7,5,0.3000,123,9999416581,9999413709,103,2254
docs\inst_test\instancias\n_1000_1,500,15,7,10,0.2000,42,9999357290,9999353138,99,2254
docs\inst_test\instancias\n_1000_1,500,15,7,5,0.2000,42,9999357290,9999353138,113,2254
docs\inst_test\instancias\n_1000_1,500,15,7,10,0.2000,123,9998886934,9998883463,100,2254
docs\inst_test\instancias\n_1000_1,500,15,7,10,0.3000,42,9999887034,9999883351,98,2254
docs\inst_test\instancias\n_1000_1,500,15,7,20,0.2000,123,9998886934,9998883463,92,2254
docs\inst_test\instancias\n_1000_1,500,15,7,5,0.3000,42,9999887034,9999883351,110,2254
docs\inst_test\instancias\n_1000_1,500,15,7,10,0.3000,2026,9999887007,9999883468,102,2254
docs\inst_test\instancias\n_1000_1,500,15,7,5,0.2000,2026,9999357281,9999353085,119,2254
docs\inst_test\instancias\n_1000_1,500,15,7,5,0.1000,2026,9999827425,9999822843,126,2254
docs\inst_test\instancias\n_1000_1,500,15,7,10,0.1000,42,9999297471,9999292890,114,2254
docs\inst_test\instancias\n_1000_1,500,15,7,10,0.1000,2026,9999827425,9999822843,112,2254
docs\inst_test\instancias\n_1000_1,500,15,7,20,0.3000,42,9999887034,9999883351,97,2254
docs\inst_test\instancias\n_1000_1,500,15,7,20,0.3000,123,9999416581,9999413709,97,2254
docs\inst_test\instancias\n_1000_1,500,15,7,5,0.1000,42,9999297471,9999292890,134,2254
docs\inst_test\instancias\n_1000_1,500,15,7,20,0.2000,42,9998827387,9998822899,102,2254
docs\inst_test\instancias\n_1000_1,500,15,7,20,0.2000,2026,9999357281,9999353085,102,2254
docs\inst_test\instancias\n_1000_1,500,15,7,10,0.1000,123,9999827379,9999822923,121,2254
docs\inst_test\instancias\n_1000_1,500,15,7,20,0.3000,2026,9999887007,9999883468,98,2254
docs\inst_test\instancias\n_1000_1,500,15,7,20,0.1000,123,9999827379,9999822923,114,2254
docs\inst_test\instancias\n_1000_1,500,15,7,20,0.1000,42,9999297486,9999292958,117,2254
docs\inst_test\instancias\n_1000_1,500,15,7,20,0.1000,2026,9995297202,9995292594,121,2254
docs\inst_test\instancias\n_1000_1,500,15,10,5,0.3000,2026,9999887007,9999883468,81,2254
docs\inst_test\instancias\n_1000_1,500,15,10,10,0.3000,2026,9999887007,9999883468,80,2254
docs\inst_test\instancias\n_1000_1,500,15,10,20,0.3000,123,9999416581,9999413709,72,2254
docs\inst_test\instancias\n_1000_1,500,15,10,5,0.1000,42,9999297471,9999292890,109,2254
docs\inst_test\instancias\n_1000_1,500,15,10,5,0.3000,123,9999416581,9999413709,104,2254
docs\inst_test\instancias\n_1000_1,500,15,10,5,0.2000,123,9999887035,9999883564,111,2254
docs\inst_test\instancias\n_1000_1,500,15,10,10,0.3000,123,9999416581,9999413709,97,2254
docs\inst_test\instancias\n_1000_1,500,15,10,10,0.2000,123,9998886934,9998883463,99,2254
docs\inst_test\instancias\n_1000_1,500,15,10,20,0.2000,123,9998886934,9998883463,90,2254
docs\inst_test\instancias\n_1000_1,500,15,10,10,0.1000,123,9999827379,9999822923,105,2254
docs\inst_test\instancias\n_1000_1,500,15,10,10,0.2000,2026,9999357281,9999353085,100,2254
docs\inst_test\instancias\n_1000_1,500,15,10,5,0.3000,42,9999887034,9999883351,112,2254
docs\inst_test\instancias\n_1000_1,500,15,10,10,0.3000,42,9999887034,9999883351,101,2254
docs\inst_test\instancias\n_1000_1,500,15,10,5,0.2000,42,9999357290,9999353138,120,2254
docs\inst_test\instancias\n_1000_1,500,15,10,5,0.2000,2026,9999357281,9999353085,119,2254
docs\inst_test\instancias\n_1000_1,500,15,10,5,0.1000,123,9999827379,9999822923,124,2254
docs\inst_test\instancias\n_1000_1,500,15,10,10,0.2000,42,9999357290,9999353138,112,2254
docs\inst_test\instancias\n_1000_1,500,15,10,20,0.3000,2026,9999887007,9999883468,90,2254
docs\inst_test\instancias\n_1000_1,500,15,10,20,0.2000,42,9998827387,9998822899,108,2254
docs\inst_test\instancias\n_1000_1,500,15,10,20,0.3000,42,9999887034,9999883351,103,2254
docs\inst_test\instancias\n_1000_1,500,15,10,5,0.1000,2026,9999827425,9999822843,130,2254
docs\inst_test\instancias\n_1000_1,500,15,10,10,0.1000,42,9999297471,9999292890,123,2254
docs\inst_test\instancias\n_1000_1,500,15,10,10,0.1000,2026,9999827425,9999822843,123,2254
docs\inst_test\instancias\n_1000_1,500,15,10,20,0.1000,123,9999827379,9999822923,115,2254
docs\inst_test\instancias\n_1000_1,500,15,10,20,0.2000,2026,9999357281,9999353085,110,2254
docs\inst_test\instancias\n_1000_1,500,15,10,20,0.1000,2026,9995297202,9995292594,120,2254
docs\inst_test\instancias\n_1000_1,500,15,10,20,0.1000,42,9999297486,9999292958,129,2254
docs\inst_test\instancias\n_1000_1,500,15,15,10,0.2000,42,9999357290,9999353138,97,2254
docs\inst_test\instancias\n_1000_1,500,15,15,5,0.3000,123,9999416581,9999413709,101,2254
docs\inst_test\instancias\n_1000_1,500,15,15,5,0.3000,42,9999887034,9999883351,103,2254
docs\inst_test\instancias\n_1000_1,500,15,15,5,0.2000,123,9999887035,9999883564,107,2254
docs\inst_test\instancias\n_1000_1,500,15,15,5,0.1000,42,9999297471,9999292890,132,2254
docs\inst_test\instancias\n_1000_1,500,15,15,10,0.3000,123,9999416581,9999413709,93,2254
docs\inst_test\instancias\n_1000_1,500,15,15,10,0.2000,123,9998886934,9998883463,99,2254
docs\inst_test\instancias\n_1000_1,500,15,15,5,0.3000,2026,9999887007,9999883468,106,2254
docs\inst_test\instancias\n_1000_1,500,15,15,5,0.1000,123,9999827379,9999822923,125,2254
docs\inst_test\instancias\n_1000_1,500,15,15,10,0.1000,42,9999297471,9999292890,110,2254
docs\inst_test\instancias\n_1000_1,500,15,15,5,0.2000,42,9999357290,9999353138,121,2254
docs\inst_test\instancias\n_1000_1,500,15,15,10,0.1000,123,9999827379,9999822923,110,2254
docs\inst_test\instancias\n_1000_1,500,15,15,20,0.2000,2026,9999357281,9999353085,94,2254
docs\inst_test\instancias\n_1000_1,500,15,15,20,0.3000,123,9999416581,9999413709,91,2254
docs\inst_test\instancias\n_1000_1,500,15,15,10,0.3000,2026,9999887007,9999883468,103,2254
docs\inst_test\instancias\n_1000_1,500,15,15,10,0.3000,42,9999887034,9999883351,107,2254
docs\inst_test\instancias\n_1000_1,500,15,15,20,0.3000,42,9999887034,9999883351,97,2254
docs\inst_test\instancias\n_1000_1,500,15,15,10,0.2000,2026,9999357281,9999353085,110,2254
docs\inst_test\instancias\n_1000_1,500,15,15,5,0.2000,2026,9999357281,9999353085,121,2254
docs\inst_test\instancias\n_1000_1,500,15,15,5,0.1000,2026,9999827425,9999822843,132,2254
docs\inst_test\instancias\n_1000_1,500,15,15,20,0.2000,123,9998886934,9998883463,105,2254
docs\inst_test\instancias\n_1000_1,500,15,15,20,0.2000,42,9998827387,9998822899,108,2254
docs\inst_test\instancias\n_1000_1,500,15,15,10,0.1000,2026,9999827425,9999822843,125,2254
docs\inst_test\instancias\n_1000_1,500,15,15,20,0.1000,2026,9995297202,9995292594,113,2254
docs\inst_test\instancias\n_1000_1,500,15,15,20,0.3000,2026,9999887007,9999883468,97,2254
docs\inst_test\instancias\n_1000_1,500,15,15,20,0.1000,123,9999827379,9999822923,115,2254
docs\inst_test\instancias\n_1000_1,500,15,15,20,0.1000,42,9999297486,9999292958,126,2254
docs\inst_test\instancias\n_1000_1,500,20,7,5,0.3000,123,9999416581,9999413709,89,2254
docs\inst_test\instancias\n_1000_1,500,20,7,10,0.3000,123,9999416581,9999413709,89,2254
docs\inst_test\instancias\n_1000_1,500,20,7,10,0.3000,2026,9999887007,9999883468,94,2254
docs\inst_test\instancias\n_1000_1,500,20,7,5,0.2000,2026,9999357281,9999353085,108,2254
docs\inst_test\instancias\n_1000_1,500,20,7,5,0.3000,2026,9999887007,9999883468,106,2254
docs\inst_test\instancias\n_1000_1,500,20,7,5,0.2000,42,9999357290,9999353138,112,2254
docs\inst_test\instancias\n_1000_1,500,20,7,10,0.2000,2026,9999357281,9999353085,100,2254
docs\inst_test\instancias\n_1000_1,500,20,7,5,0.3000,42,9999887034,9999883351,109,2254
docs\inst_test\instancias\n_1000_1,500,20,7,5,0.2000,123,9999887035,9999883564,112,2254
docs\inst_test\instancias\n_1000_1,500,20,7,10,0.3000,42,9999887034,9999883351,103,2254
docs\inst_test\instancias\n_1000_1,500,20,7,10,0.2000,123,9998886934,9998883463,105,2254
docs\inst_test\instancias\n_1000_1,500,20,7,10,0.2000,42,9999357290,9999353138,107,2254
docs\inst_test\instancias\n_1000_1,500,20,7,5,0.1000,2026,9999827425,9999822843,119,2254
docs\inst_test\instancias\n_1000_1,500,20,7,20,0.2000,123,9998886934,9998883463,95,2254
docs\inst_test\instancias\n_1000_1,500,20,7,20,0.2000,42,9998827387,9998822899,99,2254
docs\inst_test\instancias\n_1000_1,500,20,7,20,0.3000,123,9999416581,9999413709,93,2254
docs\inst_test\instancias\n_1000_1,500,20,7,10,0.1000,123,9999827379,9999822923,114,2254
docs\inst_test\instancias\n_1000_1,500,20,7,20,0.3000,42,9999887034,9999883351,96,2254
docs\inst_test\instancias\n_1000_1,500,20,7,5,0.1000,123,9999827379,9999822923,126,2254
docs\inst_test\instancias\n_1000_1,500,20,7,20,0.1000,42,9999297486,9999292958,108,2254
docs\inst_test\instancias\n_1000_1,500,20,7,5,0.1000,42,9999297471,9999292890,129,2254
docs\inst_test\instancias\n_1000_1,500,20,7,20,0.2000,2026,9999357281,9999353085,103,2254
docs\inst_test\instancias\n_1000_1,500,20,7,10,0.1000,2026,9999827425,9999822843,123,2254
docs\inst_test\instancias\n_1000_1,500,20,7,20,0.1000,123,9999827379,9999822923,116,2254
docs\inst_test\instancias\n_1000_1,500,20,7,10,0.1000,42,9999297471,9999292890,127,2254
docs\inst_test\instancias\n_1000_1,500,20,7,20,0.3000,2026,9999887007,9999883468,98,2254
docs\inst_test\instancias\n_1000_1,500,20,7,20,0.1000,2026,9995297202,9995292594,116,2254
docs\inst_test\instancias\n_1000_1,500,20,10,5,0.3000,123,9999416581,9999413709,97,2254
docs\inst_test\instancias\n_1000_1,500,20,10,10,0.3000,42,9999887034,9999883351,90,2254
docs\inst_test\instancias\n_1000_1,500,20,10,5,0.3000,42,9999887034,9999883351,102,2254
docs\inst_test\instancias\n_1000_1,500,20,10,10,0.3000,2026,9999887007,9999883468,91,2254
docs\inst_test\instancias\n_1000_1,500,20,10,10,0.2000,123,9998886934,9998883463,96,2254
docs\inst_test\instancias\n_1000_1,500,20,10,10,0.3000,123,9999416581,9999413709,96,2254
docs\inst_test\instancias\n_1000_1,500,20,10,5,0.1000,42,9999297471,9999292890,127,2254
docs\inst_test\instancias\n_1000_1,500,20,10,20,0.2000,2026,9999357281,9999353085,88,2254
docs\inst_test\instancias\n_1000_1,500,20,10,5,0.1000,123,9999827379,9999822923,117,2254
docs\inst_test\instancias\n_1000_1,500,20,10,5,0.3000,2026,9999887007,9999883468,109,2254
docs\inst_test\instancias\n_1000_1,500,20,10,5,0.2000,123,9999887035,9999883564,114,2254
docs\inst_test\instancias\n_1000_1,500,20,10,20,0.3000,123,9999416581,9999413709,91,2254
docs\inst_test\instancias\n_1000_1,500,20,10,5,0.2000,2026,9999357281,9999353085,115,2254
docs\inst_test\instancias\n_1000_1,500,20,10,20,0.2000,42,9998827387,9998822899,98,2254
docs\inst_test\instancias\n_1000_1,500,20,10,5,0.2000,42,9999357290,9999353138,118,2254
docs\inst_test\instancias\n_1000_1,500,20,10,20,0.3000,42,9999887034,9999883351,94,2254
docs\inst_test\instancias\n_1000_1,500,20,10,20,0.1000,42,9999297486,9999292958,104,2254
docs\inst_test\instancias\n_1000_1,500,20,10,20,0.3000,2026,9999887007,9999883468,96,2254
docs\inst_test\instancias\n_1000_1,500,20,10,10,0.2000,42,9999357290,9999353138,115,2254
docs\inst_test\instancias\n_1000_1,500,20,10,10,0.1000,42,9999297471,9999292890,118,2254
docs\inst_test\instancias\n_1000_1,500,20,10,10,0.2000,2026,9999357281,9999353085,114,2254
docs\inst_test\instancias\n_1000_1,500,20,10,5,0.1000,2026,9999827425,9999822843,126,2254
docs\inst_test\instancias\n_1000_1,500,20,10,10,0.1000,123,9999827379,9999822923,120,2254
docs\inst_test\instancias\n_1000_1,500,20,10,20,0.2000,123,9998886934,9998883463,105,2254
docs\inst_test\instancias\n_1000_1,500,20,10,10,0.1000,2026,9999827425,9999822843,122,2254
docs\inst_test\instancias\n_1000_1,500,20,10,20,0.1000,123,9999827379,9999822923,113,2254
docs\inst_test\instancias\n_1000_1,500,20,10,20,0.1000,2026,9995297202,9995292594,120,2254
docs\inst_test\instancias\n_1000_1,500,20,15,10,0.3000,123,9999416581,9999413709,80,2254
docs\inst_test\instancias\n_1000_1,500,20,15,10,0.3000,42,9999887034,9999883351,89,2254
docs\inst_test\instancias\n_1000_1,500,20,15,5,0.3000,42,9999887034,9999883351,100,2254
docs\inst_test\instancias\n_1000_1,500,20,15,5,0.3000,2026,9999887007,9999883468,98,2254
docs\inst_test\instancias\n_1000_1,500,20,15,20,0.3000,123,9999416581,9999413709,81,2254
docs\inst_test\instancias\n_1000_1,500,20,15,10,0.2000,123,9998886934,9998883463,96,2254
docs\inst_test\instancias\n_1000_1,500,20,15,5,0.3000,123,9999416581,9999413709,102,2254
docs\inst_test\instancias\n_1000_1,500,20,15,5,0.2000,123,9999887035,9999883564,111,2254
docs\inst_test\instancias\n_1000_1,500,20,15,5,0.2000,42,9999357290,9999353138,113,2254
docs\inst_test\instancias\n_1000_1,500,20,15,10,0.2000,2026,9999357281,9999353085,99,2254
docs\inst_test\instancias\n_1000_1,500,20,15,10,0.1000,123,9999827379,9999822923,106,2254
docs\inst_test\instancias\n_1000_1,500,20,15,5,0.1000,2026,9999827425,9999822843,118,2254
docs\inst_test\instancias\n_1000_1,500,20,15,10,0.3000,2026,9999887007,9999883468,101,2254
docs\inst_test\instancias\n_1000_1,500,20,15,10,0.1000,42,9999297471,9999292890,112,2254
docs\inst_test\instancias\n_1000_1,500,20,15,20,0.3000,42,9999887034,9999883351,96,2254
docs\inst_test\instancias\n_1000_1,500,20,15,20,0.1000,2026,9995297202,9995292594,101,2254
docs\inst_test\instancias\n_1000_1,500,20,15,10,0.2000,42,9999357290,9999353138,110,2254
docs\inst_test\instancias\n_1000_1,500,20,15,5,0.2000,2026,9999357281,9999353085,118,2254
docs\inst_test\instancias\n_1000_1,500,20,15,20,0.1000,123,9999827379,9999822923,103,2254
docs\inst_test\instancias\n_1000_1,500,20,15,20,0.2000,2026,9999357281,9999353085,100,2254
docs\inst_test\instancias\n_1000_1,500,20,15,20,0.3000,2026,9999887007,9999883468,90,2254
docs\inst_test\instancias\n_1000_1,500,20,15,5,0.1000,123,9999827379,9999822923,127,2254
docs\inst_test\instancias\n_1000_1,500,20,15,5,0.1000,42,9999297471,9999292890,129,2254
docs\inst_test\instancias\n_1000_1,500,20,15,20,0.1000,42,9999297486,9999292958,107,2254
docs\inst_test\instancias\n_1000_1,500,20,15,10,0.1000,2026,9999827425,9999822843,114,2254
docs\inst_test\instancias\n_1000_1,500,20,15,20,0.2000,123,9998886934,9998883463,105,2254
docs\inst_test\instancias\n_1000_1,500,20,15,20,0.2000,42,9998827387,9998822899,108,2254
docs\inst_test\instancias\n_1000_10,100,10,7,20,0.2000,42,9980504397,9980493688,24,2147
docs\inst_test\instancias\n_1000_10,100,10,7,20,0.2000,123,9980504397,9980493688,23,2147
docs\inst_test\instancias\n_1000_10,100,10,7,5,0.3000,123,9980504397,9980493688,25,2147
docs\inst_test\instancias\n_1000_10,100,10,7,20,0.3000,123,9980504397,9980493688,25,2147
docs\inst_test\instancias\n_1000_10,100,10,7,20,0.1000,42,9980504397,9980493688,25,2147
docs\inst_test\instancias\n_1000_10,100,10,7,10,0.3000,2026,9980504397,9980493688,27,2147
docs\inst_test\instancias\n_1000_10,100,10,7,20,0.1000,123,9980504397,9980493688,28,2147
docs\inst_test\instancias\n_1000_10,100,10,7,20,0.1000,2026,9980504397,9980493688,28,2147
docs\inst_test\instancias\n_1000_10,100,10,7,5,0.1000,123,9980504397,9980493688,29,2147
docs\inst_test\instancias\n_1000_10,100,10,7,20,0.3000,42,9980504397,9980493688,27,2147
docs\inst_test\instancias\n_1000_10,100,10,7,10,0.1000,2026,9980504397,9980493688,29,2147
docs\inst_test\instancias\n_1000_10,100,10,7,10,0.3000,42,9980504397,9980493688,30,2147
docs\inst_test\instancias\n_1000_10,100,10,7,10,0.3000,123,9980504397,9980493688,30,2147
docs\inst_test\instancias\n_1000_10,100,10,7,20,0.3000,2026,9980504397,9980493688,31,2147
docs\inst_test\instancias\n_1000_10,100,10,7,5,0.2000,123,9980504397,9980493688,33,2147
docs\inst_test\instancias\n_1000_10,100,10,7,10,0.1000,42,9980504397,9980493688,34,2147
docs\inst_test\instancias\n_1000_10,100,10,7,10,0.2000,123,9980504397,9980493688,35,2147
docs\inst_test\instancias\n_1000_10,100,10,7,10,0.2000,42,9980504397,9980493688,35,2147
docs\inst_test\instancias\n_1000_10,100,10,7,10,0.1000,123,9980504397,9980493688,35,2147
docs\inst_test\instancias\n_1000_10,100,10,7,5,0.1000,2026,9980504397,9980493688,39,2147
docs\inst_test\instancias\n_1000_10,100,10,7,5,0.3000,42,9980504397,9980493688,42,2147
docs\inst_test\instancias\n_1000_10,100,10,7,5,0.2000,2026,9980504397,9980493688,42,2147
docs\inst_test\instancias\n_1000_10,100,10,7,5,0.1000,42,9980504397,9980493688,43,2147
docs\inst_test\instancias\n_1000_10,100,10,7,5,0.3000,2026,9980504397,9980493688,44,2147
docs\inst_test\instancias\n_1000_10,100,10,7,10,0.2000,2026,9980504397,9980493688,44,2147
docs\inst_test\instancias\n_1000_10,100,10,7,20,0.2000,2026,9980504397,9980493688,44,2147
docs\inst_test\instancias\n_1000_10,100,10,7,5,0.2000,42,9980504397,9980493688,46,2147
docs\inst_test\instancias\n_1000_10,100,10,10,5,0.1000,123,9980504397,9980493688,24,2147
docs\inst_test\instancias\n_1000_10,100,10,10,5,0.2000,123,9980504397,9980493688,26,2147
docs\inst_test\instancias\n_1000_10,100,10,10,5,0.3000,123,9980504397,9980493688,23,2147
docs\inst_test\instancias\n_1000_10,100,10,10,10,0.2000,42,9980504397,9980493688,21,2147
docs\inst_test\instancias\n_1000_10,100,10,10,5,0.2000,2026,9980504397,9980493688,25,2147
docs\inst_test\instancias\n_1000_10,100,10,10,10,0.3000,42,9980504397,9980493688,19,2147
docs\inst_test\instancias\n_1000_10,100,10,10,5,0.3000,42,9980504397,9980493688,28,2147
docs\inst_test\instancias\n_1000_10,100,10,10,10,0.1000,123,9980504397,9980493688,29,2147
docs\inst_test\instancias\n_1000_10,100,10,10,10,0.3000,123,9980504397,9980493688,24,2147
docs\inst_test\instancias\n_1000_10,100,10,10,10,0.1000,42,9980504397,9980493688,33,2147
docs\inst_test\instancias\n_1000_10,100,10,10,20,0.2000,42,9980504397,9980493688,19,2147
docs\inst_test\instancias\n_1000_10,100,10,10,10,0.3000,2026,9980504397,9980493688,28,2147
docs\inst_test\instancias\n_1000_10,100,10,10,10,0.2000,123,9980504397,9980493688,31,2147
docs\inst_test\instancias\n_1000_10,100,10,10,10,0.2000,2026,9980504397,9980493688,31,2147
docs\inst_test\instancias\n_1000_10,100,10,10,5,0.1000,2026,9980504397,9980493688,40,2147
docs\inst_test\instancias\n_1000_10,100,10,10,5,0.1000,42,9980504397,9980493688,41,2147
docs\inst_test\instancias\n_1000_10,100,10,10,5,0.3000,2026,9980504397,9980493688,39,2147
docs\inst_test\instancias\n_1000_10,100,10,10,5,0.2000,42,9980504397,9980493688,42,2147
docs\inst_test\instancias\n_1000_10,100,10,10,20,0.1000,123,9980504397,9980493688,33,2147
docs\inst_test\instancias\n_1000_10,100,10,10,10,0.1000,2026,9980504397,9980493688,42,2147
docs\inst_test\instancias\n_1000_10,100,10,10,20,0.2000,123,9980504397,9980493688,31,2147
docs\inst_test\instancias\n_1000_10,100,10,15,5,0.1000,123,9980504397,9980493688,23,2147
docs\inst_test\instancias\n_1000_10,100,10,15,5,0.2000,42,9980504397,9980493688,23,2147
docs\inst_test\instancias\n_1000_10,100,10,15,5,0.2000,123,9980504397,9980493688,23,2147
docs\inst_test\instancias\n_1000_10,100,10,10,20,0.1000,42,9980504397,9980493688,41,2147
docs\inst_test\instancias\n_1000_10,100,10,15,10,0.1000,2026,9980504397,9980493688,17,2147
docs\inst_test\instancias\n_1000_10,100,10,15,10,0.1000,123,9980504397,9980493688,19,2147
docs\inst_test\instancias\n_1000_10,100,10,15,5,0.1000,2026,9980504397,9980493688,30,2147
docs\inst_test\instancias\n_1000_10,100,10,10,20,0.1000,2026,9980504397,9980493688,40,2147
docs\inst_test\instancias\n_1000_10,100,10,15,5,0.1000,42,9980504397,9980493688,36,2147
docs\inst_test\instancias\n_1000_10,100,10,15,5,0.3000,42,9980504397,9980493688,29,2147
docs\inst_test\instancias\n_1000_10,100,10,15,5,0.3000,123,9980504397,9980493688,28,2147
docs\inst_test\instancias\n_1000_10,100,10,10,20,0.2000,2026,9980504397,9980493688,43,2147
docs\inst_test\instancias\n_1000_10,100,10,10,20,0.3000,123,9980504397,9980493688,43,2147
docs\inst_test\instancias\n_1000_10,100,10,10,20,0.3000,42,9980504397,9980493688,44,2147
docs\inst_test\instancias\n_1000_10,100,10,10,20,0.3000,2026,9980504397,9980493688,42,2147
docs\inst_test\instancias\n_1000_10,100,10,15,5,0.2000,2026,9980504397,9980493688,36,2147
docs\inst_test\instancias\n_1000_10,100,10,15,10,0.2000,123,9980504397,9980493688,26,2147
docs\inst_test\instancias\n_1000_10,100,10,15,10,0.2000,42,9980504397,9980493688,28,2147
docs\inst_test\instancias\n_1000_10,100,10,15,5,0.3000,2026,9980504397,9980493688,32,2147
docs\inst_test\instancias\n_1000_10,100,10,15,20,0.1000,42,9980504397,9980493688,21,2147
docs\inst_test\instancias\n_1000_10,100,10,15,20,0.2000,42,9980504397,9980493688,21,2147
docs\inst_test\instancias\n_1000_10,100,10,15,10,0.2000,2026,9980504397,9980493688,31,2147
docs\inst_test\instancias\n_1000_10,100,10,15,10,0.3000,123,9980504397,9980493688,32,2147
docs\inst_test\instancias\n_1000_10,100,10,15,20,0.2000,2026,9980504397,9980493688,25,2147
docs\inst_test\instancias\n_1000_10,100,10,15,20,0.2000,123,9980504397,9980493688,26,2147
docs\inst_test\instancias\n_1000_10,100,10,15,10,0.3000,42,9980504397,9980493688,37,2147
docs\inst_test\instancias\n_1000_10,100,10,15,10,0.1000,42,9980504397,9980493688,44,2147
docs\inst_test\instancias\n_1000_10,100,10,15,20,0.3000,123,9980504397,9980493688,26,2147
docs\inst_test\instancias\n_1000_10,100,10,15,10,0.3000,2026,9980504397,9980493688,39,2147
docs\inst_test\instancias\n_1000_10,100,10,15,20,0.3000,2026,9980504397,9980493688,27,2147
docs\inst_test\instancias\n_1000_10,100,15,7,5,0.1000,123,9980504397,9980493688,28,2147
docs\inst_test\instancias\n_1000_10,100,15,7,10,0.2000,42,9980504397,9980493688,18,2147
docs\inst_test\instancias\n_1000_10,100,10,15,20,0.3000,42,9980504397,9980493688,34,2147
docs\inst_test\instancias\n_1000_10,100,15,7,5,0.2000,42,9980504397,9980493688,29,2147
docs\inst_test\instancias\n_1000_10,100,15,7,5,0.3000,2026,9980504397,9980493688,25,2147
docs\inst_test\instancias\n_1000_10,100,15,7,5,0.1000,42,9980504397,9980493688,35,2147
docs\inst_test\instancias\n_1000_10,100,10,15,20,0.1000,2026,9980504397,9980493688,44,2147
docs\inst_test\instancias\n_1000_10,100,15,7,5,0.3000,42,9980504397,9980493688,28,2147
docs\inst_test\instancias\n_1000_10,100,15,7,5,0.3000,123,9980504397,9980493688,28,2147
docs\inst_test\instancias\n_1000_10,100,10,15,20,0.1000,123,9980504397,9980493688,45,2147
docs\inst_test\instancias\n_1000_10,100,15,7,5,0.2000,123,9980504397,9980493688,31,2147
docs\inst_test\instancias\n_1000_10,100,15,7,10,0.3000,123,9980504397,9980493688,22,2147
docs\inst_test\instancias\n_1000_10,100,15,7,10,0.3000,42,9980504397,9980493688,28,2147
docs\inst_test\instancias\n_1000_10,100,15,7,10,0.1000,2026,9980504397,9980493688,33,2147
docs\inst_test\instancias\n_1000_10,100,15,7,10,0.2000,123,9980504397,9980493688,32,2147
docs\inst_test\instancias\n_1000_10,100,15,7,5,0.2000,2026,9980504397,9980493688,39,2147
docs\inst_test\instancias\n_1000_10,100,15,7,20,0.1000,42,9980504397,9980493688,27,2147
docs\inst_test\instancias\n_1000_10,100,15,7,5,0.1000,2026,9980504397,9980493688,45,2147
docs\inst_test\instancias\n_1000_10,100,15,7,20,0.1000,123,9980504397,9980493688,27,2147
docs\inst_test\instancias\n_1000_10,100,15,7,10,0.1000,123,9980504397,9980493688,40,2147
docs\inst_test\instancias\n_1000_10,100,15,7,20,0.3000,123,9980504397,9980493688,22,2147
docs\inst_test\instancias\n_1000_10,100,15,7,20,0.2000,123,9980504397,9980493688,27,2147
docs\inst_test\instancias\n_1000_10,100,15,7,10,0.1000,42,9980504397,9980493688,44,2147
docs\inst_test\instancias\n_1000_10,100,15,10,5,0.3000,42,9980504397,9980493688,17,2147
docs\inst_test\instancias\n_1000_10,100,15,7,20,0.3000,2026,9980504397,9980493688,24,2147
docs\inst_test\instancias\n_1000_10,100,15,7,10,0.2000,2026,9980504397,9980493688,40,2147
docs\inst_test\instancias\n_1000_10,100,15,7,10,0.3000,2026,9980504397,9980493688,37,2147
docs\inst_test\instancias\n_1000_10,100,15,7,20,0.1000,2026,9980504397,9980493688,33,2147
docs\inst_test\instancias\n_1000_10,100,15,7,20,0.2000,2026,9980504397,9980493688,35,2147
docs\inst_test\instancias\n_1000_10,100,15,10,5,0.3000,123,9980504397,9980493688,25,2147
docs\inst_test\instancias\n_1000_10,100,15,10,5,0.1000,42,9980504397,9980493688,30,2147
docs\inst_test\instancias\n_1000_10,100,15,10,5,0.1000,123,9980504397,9980493688,30,2147
docs\inst_test\instancias\n_1000_10,100,15,7,20,0.3000,42,9980504397,9980493688,34,2147
docs\inst_test\instancias\n_1000_10,100,15,7,20,0.2000,42,9980504397,9980493688,38,2147
docs\inst_test\instancias\n_1000_10,100,15,10,5,0.2000,42,9980504397,9980493688,29,2147
docs\inst_test\instancias\n_1000_10,100,15,10,10,0.1000,42,9980504397,9980493688,28,2147
docs\inst_test\instancias\n_1000_10,100,15,10,5,0.2000,123,9980504397,9980493688,35,2147
docs\inst_test\instancias\n_1000_10,100,15,10,5,0.2000,2026,9980504397,9980493688,36,2147
docs\inst_test\instancias\n_1000_10,100,15,10,10,0.1000,2026,9980504397,9980493688,30,2147
docs\inst_test\instancias\n_1000_10,100,15,10,10,0.2000,123,9980504397,9980493688,28,2147
docs\inst_test\instancias\n_1000_10,100,15,10,20,0.1000,123,9980504397,9980493688,24,2147
docs\inst_test\instancias\n_1000_10,100,15,10,5,0.3000,2026,9980504397,9980493688,38,2147
docs\inst_test\instancias\n_1000_10,100,15,10,10,0.3000,2026,9980504397,9980493688,28,2147
docs\inst_test\instancias\n_1000_10,100,15,10,10,0.2000,2026,9980504397,9980493688,30,2147
docs\inst_test\instancias\n_1000_10,100,15,10,20,0.1000,42,9980504397,9980493688,28,2147
docs\inst_test\instancias\n_1000_10,100,15,10,20,0.2000,42,9980504397,9980493688,27,2147
docs\inst_test\instancias\n_1000_10,100,15,10,5,0.1000,2026,9980504397,9980493688,46,2147
docs\inst_test\instancias\n_1000_10,100,15,10,20,0.3000,42,9980504397,9980493688,27,2147
docs\inst_test\instancias\n_1000_10,100,15,10,10,0.3000,42,9980504397,9980493688,35,2147
docs\inst_test\instancias\n_1000_10,100,15,10,20,0.3000,2026,9980504397,9980493688,26,2147
docs\inst_test\instancias\n_1000_10,100,15,10,10,0.1000,123,9980504397,9980493688,44,2147
docs\inst_test\instancias\n_1000_10,100,15,10,20,0.2000,123,9980504397,9980493688,35,2147
docs\inst_test\instancias\n_1000_10,100,15,15,5,0.1000,123,9980504397,9980493688,27,2147
docs\inst_test\instancias\n_1000_10,100,15,10,10,0.2000,42,9980504397,9980493688,45,2147
docs\inst_test\instancias\n_1000_10,100,15,10,20,0.1000,2026,9980504397,9980493688,38,2147
docs\inst_test\instancias\n_1000_10,100,15,10,10,0.3000,123,9980504397,9980493688,41,2147
docs\inst_test\instancias\n_1000_10,100,15,15,5,0.1000,42,9980504397,9980493688,28,2147
docs\inst_test\instancias\n_1000_10,100,15,10,20,0.2000,2026,9980504397,9980493688,38,2147
docs\inst_test\instancias\n_1000_10,100,15,15,5,0.2000,42,9980504397,9980493688,34,2147
docs\inst_test\instancias\n_1000_10,100,15,15,10,0.1000,42,9980504397,9980493688,22,2147
docs\inst_test\instancias\n_1000_10,100,15,15,5,0.2000,123,9980504397,9980493688,35,2147
docs\inst_test\instancias\n_1000_10,100,15,15,10,0.3000,2026,9980504397,9980493688,18,2147
docs\inst_test\instancias\n_1000_10,100,15,10,20,0.3000,123,9980504397,9980493688,42,2147
docs\inst_test\instancias\n_1000_10,100,15,15,10,0.2000,123,9980504397,9980493688,25,2147
docs\inst_test\instancias\n_1000_10,100,15,15,5,0.3000,42,9980504397,9980493688,33,2147
docs\inst_test\instancias\n_1000_10,100,15,15,10,0.1000,123,9980504397,9980493688,28,2147
docs\inst_test\instancias\n_1000_10,100,15,15,5,0.3000,123,9980504397,9980493688,33,2147
docs\inst_test\instancias\n_1000_10,100,15,15,5,0.1000,2026,9980504397,9980493688,42,2147
docs\inst_test\instancias\n_1000_10,100,15,15,10,0.3000,42,9980504397,9980493688,24,2147
docs\inst_test\instancias\n_1000_10,100,15,15,10,0.2000,2026,9980504397,9980493688,28,2147
docs\inst_test\instancias\n_1000_10,100,15,15,5,0.2000,2026,9980504397,9980493688,37,2147
docs\inst_test\instancias\n_1000_10,100,15,15,20,0.1000,42,9980504397,9980493688,25,2147
docs\inst_test\instancias\n_1000_10,100,15,15,5,0.3000,2026,9980504397,9980493688,37,2147
docs\inst_test\instancias\n_1000_10,100,15,15,20,0.2000,42,9980504397,9980493688,25,2147
docs\inst_test\instancias\n_1000_10,100,15,15,20,0.1000,123,9980504397,9980493688,28,2147
docs\inst_test\instancias\n_1000_10,100,15,15,10,0.3000,123,9980504397,9980493688,35,2147
docs\inst_test\instancias\n_1000_10,100,15,15,20,0.2000,123,9980504397,9980493688,27,2147
docs\inst_test\instancias\n_1000_10,100,15,15,10,0.2000,42,9980504397,9980493688,38,2147
docs\inst_test\instancias\n_1000_10,100,15,15,20,0.3000,2026,9980504397,9980493688,28,2147
docs\inst_test\instancias\n_1000_10,100,15,15,10,0.1000,2026,9980504397,9980493688,41,2147
docs\inst_test\instancias\n_1000_10,100,15,15,20,0.3000,123,9980504397,9980493688,31,2147
docs\inst_test\instancias\n_1000_10,100,15,15,20,0.1000,2026,9980504397,9980493688,35,2147
docs\inst_test\instancias\n_1000_10,100,20,7,5,0.1000,42,9980504397,9980493688,31,2147
docs\inst_test\instancias\n_1000_10,100,20,7,5,0.2000,123,9980504397,9980493688,28,2147
docs\inst_test\instancias\n_1000_10,100,20,7,5,0.1000,2026,9980504397,9980493688,34,2147
docs\inst_test\instancias\n_1000_10,100,15,15,20,0.2000,2026,9980504397,9980493688,40,2147
docs\inst_test\instancias\n_1000_10,100,15,15,20,0.3000,42,9980504397,9980493688,40,2147
docs\inst_test\instancias\n_1000_10,100,20,7,5,0.1000,123,9980504397,9980493688,36,2147
docs\inst_test\instancias\n_1000_10,100,20,7,5,0.3000,123,9980504397,9980493688,29,2147
docs\inst_test\instancias\n_1000_10,100,20,7,10,0.2000,123,9980504397,9980493688,25,2147
docs\inst_test\instancias\n_1000_10,100,20,7,10,0.1000,2026,9980504397,9980493688,32,2147
docs\inst_test\instancias\n_1000_10,100,20,7,5,0.2000,42,9980504397,9980493688,37,2147
docs\inst_test\instancias\n_1000_10,100,20,7,5,0.2000,2026,9980504397,9980493688,34,2147
docs\inst_test\instancias\n_1000_10,100,20,7,10,0.2000,42,9980504397,9980493688,29,2147
docs\inst_test\instancias\n_1000_10,100,20,7,10,0.1000,42,9980504397,9980493688,33,2147
docs\inst_test\instancias\n_1000_10,100,20,7,5,0.3000,42,9980504397,9980493688,36,2147
docs\inst_test\instancias\n_1000_10,100,20,7,5,0.3000,2026,9980504397,9980493688,34,2147
docs\inst_test\instancias\n_1000_10,100,20,7,20,0.1000,2026,9980504397,9980493688,25,2147
docs\inst_test\instancias\n_1000_10,100,20,7,10,0.3000,123,9980504397,9980493688,28,2147
docs\inst_test\instancias\n_1000_10,100,20,7,10,0.3000,42,9980504397,9980493688,32,2147
docs\inst_test\instancias\n_1000_10,100,20,7,10,0.3000,2026,9980504397,9980493688,27,2147
docs\inst_test\instancias\n_1000_10,100,20,7,20,0.1000,123,9980504397,9980493688,28,2147
docs\inst_test\instancias\n_1000_10,100,20,7,20,0.2000,123,9980504397,9980493688,25,2147
docs\inst_test\instancias\n_1000_10,100,20,7,20,0.2000,42,9980504397,9980493688,28,2147
docs\inst_test\instancias\n_1000_10,100,20,7,10,0.1000,123,9980504397,9980493688,42,2147
docs\inst_test\instancias\n_1000_10,100,20,7,10,0.2000,2026,9980504397,9980493688,39,2147
docs\inst_test\instancias\n_1000_10,100,20,7,20,0.2000,2026,9980504397,9980493688,25,2147
docs\inst_test\instancias\n_1000_10,100,20,7,20,0.3000,42,9980504397,9980493688,26,2147
docs\inst_test\instancias\n_1000_10,100,20,7,20,0.3000,123,9980504397,9980493688,25,2147
docs\inst_test\instancias\n_1000_10,100,20,7,20,0.1000,42,9980504397,9980493688,36,2147
docs\inst_test\instancias\n_1000_10,100,20,7,20,0.3000,2026,9980504397,9980493688,26,2147
docs\inst_test\instancias\n_1000_10,100,20,10,5,0.2000,123,9980504397,9980493688,29,2147
docs\inst_test\instancias\n_1000_10,100,20,10,5,0.1000,123,9980504397,9980493688,33,2147
docs\inst_test\instancias\n_1000_10,100,20,10,5,0.3000,123,9980504397,9980493688,29,2147
docs\inst_test\instancias\n_1000_10,100,20,10,10,0.1000,42,9980504397,9980493688,29,2147
docs\inst_test\instancias\n_1000_10,100,20,10,5,0.1000,42,9980504397,9980493688,35,2147
docs\inst_test\instancias\n_1000_10,100,20,10,10,0.2000,2026,9980504397,9980493688,24,2147
docs\inst_test\instancias\n_1000_10,100,20,10,5,0.1000,2026,9980504397,9980493688,35,2147
docs\inst_test\instancias\n_1000_10,100,20,10,5,0.2000,42,9980504397,9980493688,34,2147
docs\inst_test\instancias\n_1000_10,100,20,10,10,0.2000,123,9980504397,9980493688,26,2147
docs\inst_test\instancias\n_1000_10,100,20,10,10,0.3000,42,9980504397,9980493688,26,2147
docs\inst_test\instancias\n_1000_10,100,20,10,5,0.2000,2026,9980504397,9980493688,36,2147
docs\inst_test\instancias\n_1000_10,100,20,10,10,0.3000,2026,9980504397,9980493688,26,2147
docs\inst_test\instancias\n_1000_10,100,20,10,20,0.1000,123,9980504397,9980493688,27,2147
docs\inst_test\instancias\n_1000_10,100,20,10,5,0.3000,2026,9980504397,9980493688,37,2147
docs\inst_test\instancias\n_1000_10,100,20,10,20,0.2000,123,9980504397,9980493688,27,2147
docs\inst_test\instancias\n_1000_10,100,20,10,10,0.1000,2026,9980504397,9980493688,37,2147
docs\inst_test\instancias\n_1000_10,100,20,10,5,0.3000,42,9980504397,9980493688,40,2147
docs\inst_test\instancias\n_1000_10,100,20,10,20,0.2000,2026,9980504397,9980493688,27,2147
docs\inst_test\instancias\n_1000_10,100,20,10,10,0.3000,123,9980504397,9980493688,35,2147
docs\inst_test\instancias\n_1000_10,100,20,10,10,0.2000,42,9980504397,9980493688,40,2147
docs\inst_test\instancias\n_1000_10,100,20,10,20,0.3000,2026,9980504397,9980493688,25,2147
docs\inst_test\instancias\n_1000_10,100,20,10,20,0.1000,2026,9980504397,9980493688,35,2147
docs\inst_test\instancias\n_1000_10,100,20,10,10,0.1000,123,9980504397,9980493688,45,2147
docs\inst_test\instancias\n_1000_10,100,20,10,20,0.1000,42,9980504397,9980493688,42,2147
docs\inst_test\instancias\n_1000_10,100,20,10,20,0.3000,42,9980504397,9980493688,36,2147
docs\inst_test\instancias\n_1000_10,100,20,10,20,0.2000,42,9980504397,9980493688,39,2147
docs\inst_test\instancias\n_1000_10,100,20,10,20,0.3000,123,9980504397,9980493688,36,2147
docs\inst_test\instancias\n_1000_10,100,20,15,5,0.1000,123,9980504397,9980493688,27,2147
docs\inst_test\instancias\n_1000_10,100,20,15,5,0.3000,123,9980504397,9980493688,27,2147
docs\inst_test\instancias\n_1000_10,100,20,15,5,0.1000,42,9980504397,9980493688,33,2147
docs\inst_test\instancias\n_1000_10,100,20,15,5,0.1000,2026,9980504397,9980493688,29,2147
docs\inst_test\instancias\n_1000_10,100,20,15,5,0.3000,2026,9980504397,9980493688,28,2147
docs\inst_test\instancias\n_1000_10,100,20,15,10,0.2000,42,9980504397,9980493688,24,2147
docs\inst_test\instancias\n_1000_10,100,20,15,5,0.3000,42,9980504397,9980493688,31,2147
docs\inst_test\instancias\n_1000_10,100,20,15,10,0.1000,2026,9980504397,9980493688,28,2147
docs\inst_test\instancias\n_1000_10,100,20,15,5,0.2000,2026,9980504397,9980493688,34,2147
docs\inst_test\instancias\n_1000_10,100,20,15,10,0.1000,42,9980504397,9980493688,32,2147
docs\inst_test\instancias\n_1000_10,100,20,15,5,0.2000,42,9980504397,9980493688,36,2147
docs\inst_test\instancias\n_1000_10,100,20,15,10,0.1000,123,9980504397,9980493688,32,2147
docs\inst_test\instancias\n_1000_10,100,20,15,20,0.1000,2026,9980504397,9980493688,22,2147
docs\inst_test\instancias\n_1000_10,100,20,15,5,0.2000,123,9980504397,9980493688,37,2147
docs\inst_test\instancias\n_1000_10,100,20,15,10,0.3000,2026,9980504397,9980493688,26,2147
docs\inst_test\instancias\n_1000_10,100,20,15,10,0.3000,42,9980504397,9980493688,28,2147
docs\inst_test\instancias\n_1000_10,100,20,15,20,0.1000,123,9980504397,9980493688,27,2147
docs\inst_test\instancias\n_1000_10,100,20,15,20,0.2000,123,9980504397,9980493688,24,2147
docs\inst_test\instancias\n_1000_10,100,20,15,10,0.2000,2026,9980504397,9980493688,36,2147
docs\inst_test\instancias\n_1000_10,100,20,15,20,0.2000,42,9980504397,9980493688,30,2147
docs\inst_test\instancias\n_1000_10,100,20,15,20,0.3000,2026,9980504397,9980493688,25,2147
docs\inst_test\instancias\n_1000_10,100,20,15,10,0.2000,123,9980504397,9980493688,44,2147
docs\inst_test\instancias\n_1000_10,100,20,15,20,0.1000,42,9980504397,9980493688,39,2147
docs\inst_test\instancias\n_1000_10,100,20,15,10,0.3000,123,9980504397,9980493688,44,2147
docs\inst_test\instancias\n_1000_10,100,20,15,20,0.3000,42,9980504397,9980493688,37,2147
docs\inst_test\instancias\n_1000_10,100,20,15,20,0.3000,123,9980504397,9980493688,39,2147
docs\inst_test\instancias\n_1000_10,100,20,15,20,0.2000,2026,9980504397,9980493688,43,2147
docs\inst_test\instancias\n_1000_10,300,10,7,10,0.3000,123,9980504397,9980493688,65,2147
docs\inst_test\instancias\n_1000_10,300,10,7,5,0.1000,42,9980504397,9980493688,81,2147
docs\inst_test\instancias\n_1000_10,300,10,7,5,0.3000,42,9980504397,9980493688,76,2147
docs\inst_test\instancias\n_1000_10,300,10,7,10,0.3000,42,9980504397,9980493688,72,2147
docs\inst_test\instancias\n_1000_10,300,10,7,10,0.3000,2026,9980504397,9980493688,78,2147
docs\inst_test\instancias\n_1000_10,300,10,7,10,0.2000,42,9980504397,9980493688,83,2147
docs\inst_test\instancias\n_1000_10,300,10,7,5,0.2000,42,9980504397,9980493688,92,2147
docs\inst_test\instancias\n_1000_10,300,10,7,10,0.2000,2026,9980504397,9980493688,84,2147
docs\inst_test\instancias\n_1000_10,300,10,7,10,0.2000,123,9980504397,9980493688,93,2147
docs\inst_test\instancias\n_1000_10,300,10,7,5,0.3000,123,9980504397,9980493688,98,2147
docs\inst_test\instancias\n_1000_10,300,10,7,20,0.2000,42,9980504397,9980493688,80,2147
docs\inst_test\instancias\n_1000_10,300,10,7,20,0.3000,2026,9980504397,9980493688,68,2147
docs\inst_test\instancias\n_1000_10,300,10,7,20,0.2000,2026,9980504397,9980493688,79,2147
docs\inst_test\instancias\n_1000_10,300,10,7,5,0.2000,123,9980504397,9980493688,104,2147
docs\inst_test\instancias\n_1000_10,300,10,7,5,0.1000,2026,9980504650,9980493853,108,2147
docs\inst_test\instancias\n_1000_10,300,10,7,5,0.1000,123,9980504397,9980493688,109,2147
docs\inst_test\instancias\n_1000_10,300,10,7,10,0.1000,123,9980504397,9980493688,104,2147
docs\inst_test\instancias\n_1000_10,300,10,7,5,0.2000,2026,9980504397,9980493688,109,2147
docs\inst_test\instancias\n_1000_10,300,10,7,20,0.1000,123,9980504397,9980493688,94,2147
docs\inst_test\instancias\n_1000_10,300,10,7,20,0.2000,123,9980504397,9980493688,88,2147
docs\inst_test\instancias\n_1000_10,300,10,7,10,0.1000,2026,9980504650,9980493853,105,2147
docs\inst_test\instancias\n_1000_10,300,10,7,20,0.1000,2026,9980504397,9980493688,101,2147
docs\inst_test\instancias\n_1000_10,300,10,7,10,0.1000,42,9980504529,9980493829,112,2147
docs\inst_test\instancias\n_1000_10,300,10,7,20,0.1000,42,9980504397,9980493688,105,2147
docs\inst_test\instancias\n_1000_10,300,10,7,5,0.3000,2026,9980504397,9980493688,115,2147
docs\inst_test\instancias\n_1000_10,300,10,7,20,0.3000,42,9980504397,9980493688,106,2147
docs\inst_test\instancias\n_1000_10,300,10,7,20,0.3000,123,9980504397,9980493688,114,2147
docs\inst_test\instancias\n_1000_10,300,10,10,5,0.1000,42,9980504397,9980493688,97,2147
docs\inst_test\instancias\n_1000_10,300,10,10,5,0.1000,123,9980504397,9980493688,102,2147
docs\inst_test\instancias\n_1000_10,300,10,10,5,0.2000,2026,9980504397,9980493688,89,2147
docs\inst_test\instancias\n_1000_10,300,10,10,5,0.2000,123,9980504397,9980493688,91,2147
docs\inst_test\instancias\n_1000_10,300,10,10,5,0.1000,2026,9980504650,9980493853,105,2147
docs\inst_test\instancias\n_1000_10,300,10,10,5,0.3000,2026,9980504397,9980493688,82,2147
docs\inst_test\instancias\n_1000_10,300,10,10,5,0.2000,42,9980504397,9980493688,104,2147
docs\inst_test\instancias\n_1000_10,300,10,10,10,0.2000,123,9980504397,9980493688,83,2147
docs\inst_test\instancias\n_1000_10,300,10,10,10,0.2000,2026,9980504397,9980493688,85,2147
docs\inst_test\instancias\n_1000_10,300,10,10,10,0.3000,123,9980504397,9980493688,82,2147
docs\inst_test\instancias\n_1000_10,300,10,10,20,0.1000,123,9980504397,9980493688,83,2147
docs\inst_test\instancias\n_1000_10,300,10,10,10,0.1000,2026,9980504650,9980493853,91,2147
docs\inst_test\instancias\n_1000_10,300,10,10,20,0.2000,123,9980504397,9980493688,79,2147
docs\inst_test\instancias\n_1000_10,300,10,10,20,0.1000,42,9980504397,9980493688,89,2147
docs\inst_test\instancias\n_1000_10,300,10,10,10,0.3000,42,9980504397,9980493688,93,2147
docs\inst_test\instancias\n_1000_10,300,10,10,20,0.3000,42,9980504397,9980493688,82,2147
docs\inst_test\instancias\n_1000_10,300,10,10,10,0.1000,42,9980504529,9980493829,102,2147
docs\inst_test\instancias\n_1000_10,300,10,10,10,0.2000,42,9980504397,9980493688,100,2147
docs\inst_test\instancias\n_1000_10,300,10,10,5,0.3000,42,9980504397,9980493688,113,2147
docs\inst_test\instancias\n_1000_10,300,10,10,5,0.3000,123,9980504397,9980493688,114,2147
docs\inst_test\instancias\n_1000_10,300,10,10,10,0.1000,123,9980504397,9980493688,106,2147
docs\inst_test\instancias\n_1000_10,300,10,10,10,0.3000,2026,9980504397,9980493688,98,2147
docs\inst_test\instancias\n_1000_10,300,10,10,20,0.2000,42,9980504397,9980493688,90,2147
docs\inst_test\instancias\n_1000_10,300,10,10,20,0.1000,2026,9980504397,9980493688,99,2147
docs\inst_test\instancias\n_1000_10,300,10,10,20,0.2000,2026,9980504397,9980493688,95,2147
docs\inst_test\instancias\n_1000_10,300,10,10,20,0.3000,2026,9980504397,9980493688,72,2147
docs\inst_test\instancias\n_1000_10,300,10,10,20,0.3000,123,9980504397,9980493688,98,2147
docs\inst_test\instancias\n_1000_10,300,10,15,5,0.2000,42,9980504397,9980493688,73,2147
docs\inst_test\instancias\n_1000_10,300,10,15,5,0.3000,2026,9980504397,9980493688,63,2147
docs\inst_test\instancias\n_1000_10,300,10,15,5,0.2000,2026,9980504397,9980493688,76,2147
docs\inst_test\instancias\n_1000_10,300,10,15,5,0.1000,123,9980504397,9980493688,80,2147
docs\inst_test\instancias\n_1000_10,300,10,15,10,0.3000,42,9980504397,9980493688,63,2147
docs\inst_test\instancias\n_1000_10,300,10,15,5,0.2000,123,9980504397,9980493688,84,2147
docs\inst_test\instancias\n_1000_10,300,10,15,5,0.1000,2026,9980504650,9980493853,87,2147
docs\inst_test\instancias\n_1000_10,300,10,15,5,0.3000,42,9980504397,9980493688,82,2147
docs\inst_test\instancias\n_1000_10,300,10,15,5,0.1000,42,9980504397,9980493688,94,2147
docs\inst_test\instancias\n_1000_10,300,10,15,5,0.3000,123,9980504397,9980493688,80,2147
docs\inst_test\instancias\n_1000_10,300,10,15,10,0.2000,2026,9980504397,9980493688,68,2147
docs\inst_test\instancias\n_1000_10,300,10,15,20,0.2000,42,9980504397,9980493688,62,2147
docs\inst_test\instancias\n_1000_10,300,10,15,20,0.1000,123,9980504397,9980493688,68,2147
docs\inst_test\instancias\n_1000_10,300,10,15,10,0.1000,123,9980504397,9980493688,81,2147
docs\inst_test\instancias\n_1000_10,300,10,15,10,0.2000,123,9980504397,9980493688,75,2147
docs\inst_test\instancias\n_1000_10,300,10,15,20,0.1000,2026,9980504397,9980493688,67,2147
docs\inst_test\instancias\n_1000_10,300,10,15,10,0.1000,2026,9980504650,9980493853,83,2147
docs\inst_test\instancias\n_1000_10,300,10,15,10,0.1000,42,9980504529,9980493829,86,2147
docs\inst_test\instancias\n_1000_10,300,10,15,10,0.2000,42,9980504397,9980493688,81,2147
docs\inst_test\instancias\n_1000_10,300,10,15,10,0.3000,2026,9980504397,9980493688,76,2147
docs\inst_test\instancias\n_1000_10,300,10,15,10,0.3000,123,9980504397,9980493688,77,2147
docs\inst_test\instancias\n_1000_10,300,10,15,20,0.2000,2026,9980504397,9980493688,73,2147
docs\inst_test\instancias\n_1000_10,300,10,15,20,0.3000,123,9980504397,9980493688,68,2147
docs\inst_test\instancias\n_1000_10,300,10,15,20,0.2000,123,9980504397,9980493688,76,2147
docs\inst_test\instancias\n_1000_10,300,10,15,20,0.3000,42,9980504397,9980493688,70,2147
docs\inst_test\instancias\n_1000_10,300,10,15,20,0.1000,42,9980504397,9980493688,82,2147
docs\inst_test\instancias\n_1000_10,300,10,15,20,0.3000,2026,9980504397,9980493688,69,2147
docs\inst_test\instancias\n_1000_10,300,15,7,5,0.1000,123,9980504397,9980493688,67,2147
docs\inst_test\instancias\n_1000_10,300,15,7,5,0.1000,42,9980504397,9980493688,78,2147
docs\inst_test\instancias\n_1000_10,300,15,7,5,0.3000,42,9980504397,9980493688,70,2147
docs\inst_test\instancias\n_1000_10,300,15,7,10,0.1000,123,9980504397,9980493688,73,2147
docs\inst_test\instancias\n_1000_10,300,15,7,5,0.2000,123,9980504397,9980493688,76,2147
docs\inst_test\instancias\n_1000_10,300,15,7,5,0.1000,2026,9980504650,9980493853,83,2147
docs\inst_test\instancias\n_1000_10,300,15,7,5,0.2000,42,9980504397,9980493688,83,2147
docs\inst_test\instancias\n_1000_10,300,15,7,10,0.1000,42,9980504529,9980493829,75,2147
docs\inst_test\instancias\n_1000_10,300,15,7,5,0.3000,123,9980504397,9980493688,77,2147
docs\inst_test\instancias\n_1000_10,300,15,7,5,0.3000,2026,9980504397,9980493688,76,2147
docs\inst_test\instancias\n_1000_10,300,15,7,10,0.3000,123,9980504397,9980493688,70,2147
docs\inst_test\instancias\n_1000_10,300,15,7,10,0.3000,2026,9980504397,9980493688,70,2147
docs\inst_test\instancias\n_1000_10,300,15,7,20,0.1000,42,9980504397,9980493688,70,2147
docs\inst_test\instancias\n_1000_10,300,15,7,10,0.2000,42,9980504397,9980493688,76,2147
docs\inst_test\instancias\n_1000_10,300,15,7,10,0.2000,123,9980504397,9980493688,74,2147
docs\inst_test\instancias\n_1000_10,300,15,7,10,0.2000,2026,9980504397,9980493688,75,2147
docs\inst_test\instancias\n_1000_10,300,15,7,5,0.2000,2026,9980504397,9980493688,85,2147
docs\inst_test\instancias\n_1000_10,300,15,7,20,0.1000,2026,9980504397,9980493688,71,2147
docs\inst_test\instancias\n_1000_10,300,15,7,20,0.3000,123,9980504397,9980493688,67,2147
docs\inst_test\instancias\n_1000_10,300,15,7,10,0.3000,42,9980504397,9980493688,78,2147
docs\inst_test\instancias\n_1000_10,300,15,7,20,0.1000,123,9980504397,9980493688,74,2147
docs\inst_test\instancias\n_1000_10,300,15,7,10,0.1000,2026,9980504650,9980493853,83,2147
docs\inst_test\instancias\n_1000_10,300,15,7,20,0.3000,42,9980504397,9980493688,71,2147
docs\inst_test\instancias\n_1000_10,300,15,7,20,0.2000,42,9980504397,9980493688,72,2147
docs\inst_test\instancias\n_1000_10,300,15,7,20,0.2000,2026,9980504397,9980493688,78,2147
docs\inst_test\instancias\n_1000_10,300,15,7,20,0.2000,123,9980504397,9980493688,79,2147
docs\inst_test\instancias\n_1000_10,300,15,7,20,0.3000,2026,9980504397,9980493688,75,2147
docs\inst_test\instancias\n_1000_10,300,15,10,10,0.2000,123,9980504397,9980493688,60,2147
docs\inst_test\instancias\n_1000_10,300,15,10,5,0.1000,42,9980504397,9980493688,88,2147
docs\inst_test\instancias\n_1000_10,300,15,10,10,0.3000,42,9980504397,9980493688,61,2147
docs\inst_test\instancias\n_1000_10,300,15,10,5,0.1000,2026,9980504650,9980493853,76,2147
docs\inst_test\instancias\n_1000_10,300,15,10,5,0.1000,123,9980504397,9980493688,82,2147
docs\inst_test\instancias\n_1000_10,300,15,10,5,0.3000,123,9980504397,9980493688,73,2147
docs\inst_test\instancias\n_1000_10,300,15,10,5,0.2000,42,9980504397,9980493688,76,2147
docs\inst_test\instancias\n_1000_10,300,15,10,10,0.2000,2026,9980504397,9980493688,70,2147
docs\inst_test\instancias\n_1000_10,300,15,10,20,0.1000,2026,9980504397,9980493688,65,2147
docs\inst_test\instancias\n_1000_10,300,15,10,5,0.3000,2026,9980504397,9980493688,79,2147
docs\inst_test\instancias\n_1000_10,300,15,10,5,0.3000,42,9980504397,9980493688,80,2147
docs\inst_test\instancias\n_1000_10,300,15,10,5,0.2000,123,9980504397,9980493688,81,2147
docs\inst_test\instancias\n_1000_10,300,15,10,20,0.1000,123,9980504397,9980493688,70,2147
docs\inst_test\instancias\n_1000_10,300,15,10,10,0.3000,123,9980504397,9980493688,74,2147
docs\inst_test\instancias\n_1000_10,300,15,10,5,0.2000,2026,9980504397,9980493688,83,2147
docs\inst_test\instancias\n_1000_10,300,15,10,20,0.1000,42,9980504397,9980493688,73,2147
docs\inst_test\instancias\n_1000_10,300,15,10,10,0.3000,2026,9980504397,9980493688,75,2147
docs\inst_test\instancias\n_1000_10,300,15,10,10,0.2000,42,9980504397,9980493688,79,2147
docs\inst_test\instancias\n_1000_10,300,15,10,20,0.3000,42,9980504397,9980493688,64,2147
docs\inst_test\instancias\n_1000_10,300,15,10,10,0.1000,42,9980504529,9980493829,84,2147
docs\inst_test\instancias\n_1000_10,300,15,10,10,0.1000,2026,9980504650,9980493853,81,2147
docs\inst_test\instancias\n_1000_10,300,15,10,10,0.1000,123,9980504397,9980493688,84,2147
docs\inst_test\instancias\n_1000_10,300,15,10,20,0.2000,42,9980504397,9980493688,79,2147
docs\inst_test\instancias\n_1000_10,300,15,10,20,0.2000,123,9980504397,9980493688,77,2147
docs\inst_test\instancias\n_1000_10,300,15,10,20,0.2000,2026,9980504397,9980493688,78,2147
docs\inst_test\instancias\n_1000_10,300,15,10,20,0.3000,123,9980504397,9980493688,75,2147
docs\inst_test\instancias\n_1000_10,300,15,10,20,0.3000,2026,9980504397,9980493688,72,2147
docs\inst_test\instancias\n_1000_10,300,15,15,5,0.2000,42,9980504397,9980493688,78,2147
docs\inst_test\instancias\n_1000_10,300,15,15,5,0.3000,2026,9980504397,9980493688,72,2147
docs\inst_test\instancias\n_1000_10,300,15,15,5,0.1000,2026,9980504650,9980493853,80,2147
docs\inst_test\instancias\n_1000_10,300,15,15,5,0.2000,2026,9980504397,9980493688,76,2147
docs\inst_test\instancias\n_1000_10,300,15,15,5,0.1000,42,9980504397,9980493688,84,2147
docs\inst_test\instancias\n_1000_10,300,15,15,20,0.1000,123,9980504397,9980493688,67,2147
docs\inst_test\instancias\n_1000_10,300,15,15,10,0.2000,42,9980504397,9980493688,71,2147
docs\inst_test\instancias\n_1000_10,300,15,15,20,0.2000,123,9980504397,9980493688,63,2147
docs\inst_test\instancias\n_1000_10,300,15,15,20,0.2000,42,9980504397,9980493688,66,2147
docs\inst_test\instancias\n_1000_10,300,15,15,5,0.1000,123,9980504397,9980493688,87,2147
docs\inst_test\instancias\n_1000_10,300,15,15,5,0.2000,123,9980504397,9980493688,83,2147
docs\inst_test\instancias\n_1000_10,300,15,15,5,0.3000,42,9980504397,9980493688,80,2147
docs\inst_test\instancias\n_1000_10,300,15,15,10,0.2000,2026,9980504397,9980493688,72,2147
docs\inst_test\instancias\n_1000_10,300,15,15,10,0.2000,123,9980504397,9980493688,73,2147
docs\inst_test\instancias\n_1000_10,300,15,15,10,0.3000,42,9980504397,9980493688,73,2147
docs\inst_test\instancias\n_1000_10,300,15,15,5,0.3000,123,9980504397,9980493688,81,2147
docs\inst_test\instancias\n_1000_10,300,15,15,20,0.1000,2026,9980504397,9980493688,71,2147
docs\inst_test\instancias\n_1000_10,300,15,15,20,0.1000,42,9980504397,9980493688,75,2147
docs\inst_test\instancias\n_1000_10,300,15,15,10,0.3000,2026,9980504397,9980493688,75,2147
docs\inst_test\instancias\n_1000_10,300,15,15,10,0.1000,123,9980504397,9980493688,82,2147
docs\inst_test\instancias\n_1000_10,300,15,15,10,0.1000,2026,9980504650,9980493853,82,2147
docs\inst_test\instancias\n_1000_10,300,15,15,10,0.3000,123,9980504397,9980493688,77,2147
docs\inst_test\instancias\n_1000_10,300,15,15,10,0.1000,42,9980504529,9980493829,82,2147
docs\inst_test\instancias\n_1000_10,300,15,15,20,0.3000,42,9980504397,9980493688,71,2147
docs\inst_test\instancias\n_1000_10,300,15,15,20,0.3000,123,9980504397,9980493688,67,2147
docs\inst_test\instancias\n_1000_10,300,15,15,20,0.2000,2026,9980504397,9980493688,77,2147
docs\inst_test\instancias\n_1000_10,300,15,15,20,0.3000,2026,9980504397,9980493688,72,2147
docs\inst_test\instancias\n_1000_10,300,20,7,5,0.2000,2026,9980504397,9980493688,70,2147
docs\inst_test\instancias\n_1000_10,300,20,7,5,0.3000,123,9980504397,9980493688,71,2147
docs\inst_test\instancias\n_1000_10,300,20,7,5,0.3000,42,9980504397,9980493688,73,2147
docs\inst_test\instancias\n_1000_10,300,20,7,10,0.3000,123,9980504397,9980493688,69,2147
docs\inst_test\instancias\n_1000_10,300,20,7,5,0.1000,42,9980504397,9980493688,79,2147
docs\inst_test\instancias\n_1000_10,300,20,7,5,0.1000,123,9980504397,9980493688,78,2147
docs\inst_test\instancias\n_1000_10,300,20,7,10,0.3000,42,9980504397,9980493688,71,2147
docs\inst_test\instancias\n_1000_10,300,20,7,10,0.1000,42,9980504529,9980493829,76,2147
docs\inst_test\instancias\n_1000_10,300,20,7,10,0.2000,2026,9980504397,9980493688,74,2147
docs\inst_test\instancias\n_1000_10,300,20,7,10,0.1000,123,9980504397,9980493688,80,2147
docs\inst_test\instancias\n_1000_10,300,20,7,5,0.2000,123,9980504397,9980493688,82,2147
docs\inst_test\instancias\n_1000_10,300,20,7,20,0.2000,123,9980504397,9980493688,71,2147
docs\inst_test\instancias\n_1000_10,300,20,7,20,0.2000,42,9980504397,9980493688,71,2147
docs\inst_test\instancias\n_1000_10,300,20,7,10,0.1000,2026,9980504650,9980493853,80,2147
docs\inst_test\instancias\n_1000_10,300,20,7,10,0.3000,2026,9980504397,9980493688,74,2147
docs\inst_test\instancias\n_1000_10,300,20,7,5,0.1000,2026,9980504650,9980493853,85,2147
docs\inst_test\instancias\n_1000_10,300,20,7,5,0.2000,42,9980504397,9980493688,86,2147
docs\inst_test\instancias\n_1000_10,300,20,7,5,0.3000,2026,9980504397,9980493688,82,2147
docs\inst_test\instancias\n_1000_10,300,20,7,20,0.3000,123,9980504397,9980493688,69,2147
docs\inst_test\instancias\n_1000_10,300,20,7,10,0.2000,42,9980504397,9980493688,82,2147
docs\inst_test\instancias\n_1000_10,300,20,7,10,0.2000,123,9980504397,9980493688,82,2147
docs\inst_test\instancias\n_1000_10,300,20,7,20,0.1000,42,9980504397,9980493688,78,2147
docs\inst_test\instancias\n_1000_10,300,20,7,20,0.2000,2026,9980504397,9980493688,76,2147
docs\inst_test\instancias\n_1000_10,300,20,7,20,0.1000,123,9980504397,9980493688,77,2147
docs\inst_test\instancias\n_1000_10,300,20,7,20,0.1000,2026,9980504397,9980493688,77,2147
docs\inst_test\instancias\n_1000_10,300,20,7,20,0.3000,42,9980504397,9980493688,77,2147
docs\inst_test\instancias\n_1000_10,300,20,7,20,0.3000,2026,9980504397,9980493688,67,2147
docs\inst_test\instancias\n_1000_10,300,20,10,5,0.3000,42,9980504397,9980493688,67,2147
docs\inst_test\instancias\n_1000_10,300,20,10,10,0.1000,42,9980504529,9980493829,62,2147
docs\inst_test\instancias\n_1000_10,300,20,10,10,0.2000,123,9980504397,9980493688,66,2147
docs\inst_test\instancias\n_1000_10,300,20,10,5,0.1000,42,9980504397,9980493688,78,2147
docs\inst_test\instancias\n_1000_10,300,20,10,10,0.3000,42,9980504397,9980493688,66,2147
docs\inst_test\instancias\n_1000_10,300,20,10,5,0.1000,2026,9980504650,9980493853,76,2147
docs\inst_test\instancias\n_1000_10,300,20,10,10,0.1000,2026,9980504650,9980493853,68,2147
docs\inst_test\instancias\n_1000_10,300,20,10,5,0.2000,123,9980504397,9980493688,75,2147
docs\inst_test\instancias\n_1000_10,300,20,10,10,0.3000,2026,9980504397,9980493688,70,2147
docs\inst_test\instancias\n_1000_10,300,20,10,5,0.1000,123,9980504397,9980493688,82,2147
docs\inst_test\instancias\n_1000_10,300,20,10,10,0.3000,123,9980504397,9980493688,74,2147
docs\inst_test\instancias\n_1000_10,300,20,10,5,0.2000,2026,9980504397,9980493688,83,2147
docs\inst_test\instancias\n_1000_10,300,20,10,10,0.2000,42,9980504397,9980493688,77,2147
docs\inst_test\instancias\n_1000_10,300,20,10,20,0.3000,123,9980504397,9980493688,70,2147
docs\inst_test\instancias\n_1000_10,300,20,10,5,0.3000,123,9980504397,9980493688,81,2147
docs\inst_test\instancias\n_1000_10,300,20,10,5,0.2000,42,9980504397,9980493688,84,2147
docs\inst_test\instancias\n_1000_10,300,20,10,5,0.3000,2026,9980504397,9980493688,80,2147
docs\inst_test\instancias\n_1000_10,300,20,10,20,0.2000,2026,9980504397,9980493688,72,2147
docs\inst_test\instancias\n_1000_10,300,20,10,20,0.1000,123,9980504397,9980493688,75,2147
docs\inst_test\instancias\n_1000_10,300,20,10,10,0.1000,123,9980504397,9980493688,79,2147
docs\inst_test\instancias\n_1000_10,300,20,10,20,0.2000,42,9980504397,9980493688,74,2147
docs\inst_test\instancias\n_1000_10,300,20,10,20,0.2000,123,9980504397,9980493688,74,2147
docs\inst_test\instancias\n_1000_10,300,20,10,10,0.2000,2026,9980504397,9980493688,81,2147
docs\inst_test\instancias\n_1000_10,300,20,10,20,0.3000,42,9980504397,9980493688,77,2147
docs\inst_test\instancias\n_1000_10,300,20,10,20,0.1000,42,9980504397,9980493688,82,2147
docs\inst_test\instancias\n_1000_10,300,20,10,20,0.1000,2026,9980504397,9980493688,83,2147
docs\inst_test\instancias\n_1000_10,300,20,10,20,0.3000,2026,9980504397,9980493688,76,2147
docs\inst_test\instancias\n_1000_10,300,20,15,5,0.1000,123,9980504397,9980493688,66,2147
docs\inst_test\instancias\n_1000_10,300,20,15,10,0.2000,123,9980504397,9980493688,57,2147
docs\inst_test\instancias\n_1000_10,300,20,15,5,0.3000,123,9980504397,9980493688,65,2147
docs\inst_test\instancias\n_1000_10,300,20,15,5,0.3000,42,9980504397,9980493688,68,2147
docs\inst_test\instancias\n_1000_10,300,20,15,10,0.2000,2026,9980504397,9980493688,59,2147
docs\inst_test\instancias\n_1000_10,300,20,15,5,0.1000,42,9980504397,9980493688,83,2147
docs\inst_test\instancias\n_1000_10,300,20,15,5,0.2000,42,9980504397,9980493688,81,2147
docs\inst_test\instancias\n_1000_10,300,20,15,10,0.1000,42,9980504529,9980493829,76,2147
docs\inst_test\instancias\n_1000_10,300,20,15,5,0.2000,123,9980504397,9980493688,82,2147
docs\inst_test\instancias\n_1000_10,300,20,15,20,0.1000,2026,9980504397,9980493688,71,2147
docs\inst_test\instancias\n_1000_10,300,20,15,20,0.3000,123,9980504397,9980493688,63,2147
docs\inst_test\instancias\n_1000_10,300,20,15,10,0.3000,42,9980504397,9980493688,74,2147
docs\inst_test\instancias\n_1000_10,300,20,15,5,0.2000,2026,9980504397,9980493688,83,2147
docs\inst_test\instancias\n_1000_10,300,20,15,20,0.1000,42,9980504397,9980493688,74,2147
docs\inst_test\instancias\n_1000_10,300,20,15,5,0.3000,2026,9980504397,9980493688,80,2147
docs\inst_test\instancias\n_1000_10,300,20,15,5,0.1000,2026,9980504650,9980493853,85,2147
docs\inst_test\instancias\n_1000_10,300,20,15,10,0.3000,2026,9980504397,9980493688,75,2147
docs\inst_test\instancias\n_1000_10,300,20,15,10,0.3000,123,9980504397,9980493688,76,2147
docs\inst_test\instancias\n_1000_10,300,20,15,10,0.1000,123,9980504397,9980493688,79,2147
docs\inst_test\instancias\n_1000_10,300,20,15,20,0.3000,42,9980504397,9980493688,70,2147
docs\inst_test\instancias\n_1000_10,300,20,15,10,0.2000,42,9980504397,9980493688,79,2147
docs\inst_test\instancias\n_1000_10,300,20,15,20,0.3000,2026,9980504397,9980493688,68,2147
docs\inst_test\instancias\n_1000_10,300,20,15,20,0.1000,123,9980504397,9980493688,78,2147
docs\inst_test\instancias\n_1000_10,300,20,15,20,0.2000,123,9980504397,9980493688,75,2147
docs\inst_test\instancias\n_1000_10,300,20,15,20,0.2000,42,9980504397,9980493688,77,2147
docs\inst_test\instancias\n_1000_10,300,20,15,10,0.1000,2026,9980504650,9980493853,82,2147
docs\inst_test\instancias\n_1000_10,300,20,15,20,0.2000,2026,9980504397,9980493688,76,2147
docs\inst_test\instancias\n_1000_10,500,10,7,5,0.2000,123,9980504397,9980493688,123,2147
docs\inst_test\instancias\n_1000_10,500,10,7,5,0.3000,123,9980504397,9980493688,111,2147
docs\inst_test\instancias\n_1000_10,500,10,7,10,0.2000,42,9980504397,9980493688,113,2147
docs\inst_test\instancias\n_1000_10,500,10,7,20,0.1000,123,9980504397,9980493688,114,2147
docs\inst_test\instancias\n_1000_10,500,10,7,10,0.3000,42,9980504397,9980493688,117,2147
docs\inst_test\instancias\n_1000_10,500,10,7,10,0.2000,2026,9980504397,9980493688,117,2147
docs\inst_test\instancias\n_1000_10,500,10,7,5,0.1000,2026,9980504819,9980493916,135,2147
docs\inst_test\instancias\n_1000_10,500,10,7,5,0.2000,2026,9980504397,9980493688,125,2147
docs\inst_test\instancias\n_1000_10,500,10,7,5,0.3000,42,9980504397,9980493688,123,2147
docs\inst_test\instancias\n_1000_10,500,10,7,5,0.2000,42,9980504397,9980493688,136,2147
docs\inst_test\instancias\n_1000_10,500,10,7,5,0.1000,42,9980504397,9980493688,144,2147
docs\inst_test\instancias\n_1000_10,500,10,7,20,0.3000,123,9980504397,9980493688,114,2147
docs\inst_test\instancias\n_1000_10,500,10,7,10,0.3000,2026,9980504397,9980493688,119,2147
docs\inst_test\instancias\n_1000_10,500,10,7,5,0.3000,2026,9980504397,9980493688,127,2147
docs\inst_test\instancias\n_1000_10,500,10,7,20,0.3000,42,9980504397,9980493688,121,2147
docs\inst_test\instancias\n_1000_10,500,10,7,10,0.3000,123,9980504397,9980493688,125,2147
docs\inst_test\instancias\n_1000_10,500,10,7,20,0.2000,42,9980504397,9980493688,123,2147
docs\inst_test\instancias\n_1000_10,500,10,7,10,0.2000,123,9980504397,9980493688,128,2147
docs\inst_test\instancias\n_1000_10,500,10,7,20,0.3000,2026,9980504397,9980493688,120,2147
docs\inst_test\instancias\n_1000_10,500,10,7,10,0.1000,2026,9980504650,9980493853,129,2147
docs\inst_test\instancias\n_1000_10,500,10,7,10,0.1000,123,9980504397,9980493688,130,2147
docs\inst_test\instancias\n_1000_10,500,10,7,20,0.2000,123,9980504397,9980493688,125,2147
docs\inst_test\instancias\n_1000_10,500,10,7,20,0.1000,42,9980504529,9980493829,127,2147
docs\inst_test\instancias\n_1000_10,500,10,7,20,0.2000,2026,9980504397,9980493688,125,2147
docs\inst_test\instancias\n_1000_10,500,10,7,5,0.1000,123,9980504397,9980493688,147,2147
docs\inst_test\instancias\n_1000_10,500,10,7,10,0.1000,42,9980504529,9980493829,138,2147
docs\inst_test\instancias\n_1000_10,500,10,7,20,0.1000,2026,9980504650,9980493853,137,2147
docs\inst_test\instancias\n_1000_10,500,10,10,5,0.1000,123,9980504397,9980493688,114,2147
docs\inst_test\instancias\n_1000_10,500,10,10,10,0.1000,42,9980504529,9980493829,113,2147
docs\inst_test\instancias\n_1000_10,500,10,10,5,0.3000,2026,9980504397,9980493688,118,2147
docs\inst_test\instancias\n_1000_10,500,10,10,20,0.2000,123,9980504397,9980493688,109,2147
docs\inst_test\instancias\n_1000_10,500,10,10,5,0.1000,42,9980504397,9980493688,134,2147
docs\inst_test\instancias\n_1000_10,500,10,10,20,0.3000,42,9980504397,9980493688,113,2147
docs\inst_test\instancias\n_1000_10,500,10,10,10,0.3000,2026,9980504397,9980493688,115,2147
docs\inst_test\instancias\n_1000_10,500,10,10,5,0.1000,2026,9980504819,9980493916,135,2147
docs\inst_test\instancias\n_1000_10,500,10,10,20,0.2000,42,9980504397,9980493688,117,2147
docs\inst_test\instancias\n_1000_10,500,10,10,10,0.1000,2026,9980504650,9980493853,127,2147
docs\inst_test\instancias\n_1000_10,500,10,10,20,0.1000,42,9980504529,9980493829,121,2147
docs\inst_test\instancias\n_1000_10,500,10,10,5,0.2000,123,9980504397,9980493688,132,2147
docs\inst_test\instancias\n_1000_10,500,10,10,5,0.3000,42,9980504397,9980493688,132,2147
docs\inst_test\instancias\n_1000_10,500,10,10,10,0.3000,123,9980504397,9980493688,123,2147
docs\inst_test\instancias\n_1000_10,500,10,10,20,0.2000,2026,9980504397,9980493688,121,2147
docs\inst_test\instancias\n_1000_10,500,10,10,10,0.3000,42,9980504397,9980493688,124,2147
docs\inst_test\instancias\n_1000_10,500,10,10,5,0.3000,123,9980504397,9980493688,134,2147
docs\inst_test\instancias\n_1000_10,500,10,10,10,0.2000,123,9980504397,9980493688,129,2147
docs\inst_test\instancias\n_1000_10,500,10,10,10,0.2000,2026,9980504397,9980493688,128,2147
docs\inst_test\instancias\n_1000_10,500,10,10,5,0.2000,42,9980504397,9980493688,137,2147
docs\inst_test\instancias\n_1000_10,500,10,10,10,0.2000,42,9980504397,9980493688,134,2147
docs\inst_test\instancias\n_1000_10,500,10,10,5,0.2000,2026,9980504397,9980493688,139,2147
docs\inst_test\instancias\n_1000_10,500,10,10,10,0.1000,123,9980504397,9980493688,135,2147
docs\inst_test\instancias\n_1000_10,500,10,10,20,0.3000,123,9980504397,9980493688,122,2147
docs\inst_test\instancias\n_1000_10,500,10,10,20,0.1000,123,9980504397,9980493688,131,2147
docs\inst_test\instancias\n_1000_10,500,10,10,20,0.1000,2026,9980504650,9980493853,132,2147
docs\inst_test\instancias\n_1000_10,500,10,10,20,0.3000,2026,9980504397,9980493688,119,2147
docs\inst_test\instancias\n_1000_10,500,10,15,10,0.3000,42,9980504397,9980493688,102,2147
docs\inst_test\instancias\n_1000_10,500,10,15,5,0.1000,42,9980504397,9980493688,138,2147
docs\inst_test\instancias\n_1000_10,500,10,15,10,0.3000,2026,9980504397,9980493688,114,2147
docs\inst_test\instancias\n_1000_10,500,10,15,10,0.2000,42,9980504397,9980493688,118,2147
docs\inst_test\instancias\n_1000_10,500,10,15,5,0.2000,42,9980504397,9980493688,129,2147
docs\inst_test\instancias\n_1000_10,500,10,15,5,0.2000,123,9980504397,9980493688,128,2147
docs\inst_test\instancias\n_1000_10,500,10,15,20,0.2000,123,9980504397,9980493688,113,2147
docs\inst_test\instancias\n_1000_10,500,10,15,10,0.1000,2026,9980504650,9980493853,122,2147
docs\inst_test\instancias\n_1000_10,500,10,15,5,0.3000,42,9980504397,9980493688,130,2147
docs\inst_test\instancias\n_1000_10,500,10,15,20,0.2000,2026,9980504397,9980493688,115,2147
docs\inst_test\instancias\n_1000_10,500,10,15,5,0.1000,123,9980504397,9980493688,139,2147
docs\inst_test\instancias\n_1000_10,500,10,15,5,0.3000,123,9980504397,9980493688,127,2147
docs\inst_test\instancias\n_1000_10,500,10,15,5,0.1000,2026,9980504819,9980493916,139,2147
docs\inst_test\instancias\n_1000_10,500,10,15,10,0.3000,123,9980504397,9980493688,124,2147
docs\inst_test\instancias\n_1000_10,500,10,15,20,0.1000,42,9980504529,9980493829,122,2147
docs\inst_test\instancias\n_1000_10,500,10,15,5,0.2000,2026,9980504397,9980493688,135,2147
docs\inst_test\instancias\n_1000_10,500,10,15,5,0.3000,2026,9980504397,9980493688,132,2147
docs\inst_test\instancias\n_1000_10,500,10,15,10,0.2000,123,9980504397,9980493688,130,2147
docs\inst_test\instancias\n_1000_10,500,10,15,20,0.3000,42,9980504397,9980493688,122,2147
docs\inst_test\instancias\n_1000_10,500,10,15,10,0.2000,2026,9980504397,9980493688,130,2147
docs\inst_test\instancias\n_1000_10,500,10,15,20,0.3000,123,9980504397,9980493688,121,2147
docs\inst_test\instancias\n_1000_10,500,10,15,10,0.1000,42,9980504529,9980493829,135,2147
docs\inst_test\instancias\n_1000_10,500,10,15,20,0.2000,42,9980504397,9980493688,126,2147
docs\inst_test\instancias\n_1000_10,500,10,15,20,0.1000,123,9980504397,9980493688,129,2147
docs\inst_test\instancias\n_1000_10,500,10,15,20,0.3000,2026,9980504397,9980493688,122,2147
docs\inst_test\instancias\n_1000_10,500,10,15,10,0.1000,123,9980504397,9980493688,134,2147
docs\inst_test\instancias\n_1000_10,500,10,15,20,0.1000,2026,9980504650,9980493853,128,2147
docs\inst_test\instancias\n_1000_10,500,15,7,10,0.3000,123,9980504397,9980493688,109,2147
docs\inst_test\instancias\n_1000_10,500,15,7,5,0.3000,42,9980504397,9980493688,119,2147
docs\inst_test\instancias\n_1000_10,500,15,7,10,0.3000,42,9980504397,9980493688,114,2147
docs\inst_test\instancias\n_1000_10,500,15,7,5,0.2000,2026,9980504397,9980493688,123,2147
docs\inst_test\instancias\n_1000_10,500,15,7,5,0.1000,42,9980504397,9980493688,140,2147
docs\inst_test\instancias\n_1000_10,500,15,7,10,0.2000,42,9980504397,9980493688,117,2147
docs\inst_test\instancias\n_1000_10,500,15,7,5,0.2000,42,9980504397,9980493688,129,2147
docs\inst_test\instancias\n_1000_10,500,15,7,5,0.1000,123,9980504397,9980493688,137,2147
docs\inst_test\instancias\n_1000_10,500,15,7,10,0.1000,123,9980504397,9980493688,127,2147
docs\inst_test\instancias\n_1000_10,500,15,7,10,0.2000,2026,9980504397,9980493688,124,2147
docs\inst_test\instancias\n_1000_10,500,15,7,20,0.3000,2026,9980504397,9980493688,118,2147
docs\inst_test\instancias\n_1000_10,500,15,7,5,0.3000,123,9980504397,9980493688,131,2147
docs\inst_test\instancias\n_1000_10,500,15,7,10,0.2000,123,9980504397,9980493688,125,2147
docs\inst_test\instancias\n_1000_10,500,15,7,10,0.1000,2026,9980504650,9980493853,129,2147
docs\inst_test\instancias\n_1000_10,500,15,7,20,0.3000,123,9980504397,9980493688,120,2147
docs\inst_test\instancias\n_1000_10,500,15,7,5,0.2000,123,9980504397,9980493688,135,2147
docs\inst_test\instancias\n_1000_10,500,15,7,5,0.3000,2026,9980504397,9980493688,131,2147
docs\inst_test\instancias\n_1000_10,500,15,7,10,0.3000,2026,9980504397,9980493688,124,2147
docs\inst_test\instancias\n_1000_10,500,15,7,20,0.2000,42,9980504397,9980493688,122,2147
docs\inst_test\instancias\n_1000_10,500,15,7,20,0.3000,42,9980504397,9980493688,122,2147
docs\inst_test\instancias\n_1000_10,500,15,7,10,0.1000,42,9980504529,9980493829,133,2147
docs\inst_test\instancias\n_1000_10,500,15,7,20,0.1000,2026,9980504650,9980493853,126,2147
docs\inst_test\instancias\n_1000_10,500,15,7,20,0.2000,123,9980504397,9980493688,125,2147
docs\inst_test\instancias\n_1000_10,500,15,7,5,0.1000,2026,9980504819,9980493916,142,2147
docs\inst_test\instancias\n_1000_10,500,15,7,20,0.1000,123,9980504397,9980493688,133,2147
docs\inst_test\instancias\n_1000_10,500,15,7,20,0.2000,2026,9980504397,9980493688,132,2147
docs\inst_test\instancias\n_1000_10,500,15,7,20,0.1000,42,9980504529,9980493829,134,2147
docs\inst_test\instancias\n_1000_10,500,15,10,20,0.2000,123,9980504397,9980493688,106,2147
docs\inst_test\instancias\n_1000_10,500,15,10,10,0.3000,2026,9980504397,9980493688,114,2147
docs\inst_test\instancias\n_1000_10,500,15,10,20,0.1000,42,9980504529,9980493829,114,2147
docs\inst_test\instancias\n_1000_10,500,15,10,10,0.3000,123,9980504397,9980493688,116,2147
docs\inst_test\instancias\n_1000_10,500,15,10,5,0.2000,123,9980504397,9980493688,127,2147
docs\inst_test\instancias\n_1000_10,500,15,10,10,0.3000,42,9980504397,9980493688,118,2147
docs\inst_test\instancias\n_1000_10,500,15,10,5,0.3000,2026,9980504397,9980493688,121,2147
docs\inst_test\instancias\n_1000_10,500,15,10,10,0.2000,42,9980504397,9980493688,121,2147
docs\inst_test\instancias\n_1000_10,500,15,10,10,0.1000,123,9980504397,9980493688,121,2147
docs\inst_test\instancias\n_1000_10,500,15,10,20,0.3000,2026,9980504397,9980493688,107,2147
docs\inst_test\instancias\n_1000_10,500,15,10,10,0.2000,123,9980504397,9980493688,122,2147
docs\inst_test\instancias\n_1000_10,500,15,10,20,0.3000,123,9980504397,9980493688,110,2147
docs\inst_test\instancias\n_1000_10,500,15,10,5,0.3000,42,9980504397,9980493688,129,2147
docs\inst_test\instancias\n_1000_10,500,15,10,10,0.2000,2026,9980504397,9980493688,123,2147
docs\inst_test\instancias\n_1000_10,500,15,10,20,0.2000,2026,9980504397,9980493688,118,2147
docs\inst_test\instancias\n_1000_10,500,15,10,5,0.2000,42,9980504397,9980493688,136,2147
docs\inst_test\instancias\n_1000_10,500,15,10,5,0.1000,123,9980504397,9980493688,140,2147
docs\inst_test\instancias\n_1000_10,500,15,10,10,0.1000,42,9980504529,9980493829,130,2147
docs\inst_test\instancias\n_1000_10,500,15,10,5,0.3000,123,9980504397,9980493688,133,2147
docs\inst_test\instancias\n_1000_10,500,15,10,20,0.3000,42,9980504397,9980493688,118,2147
docs\inst_test\instancias\n_1000_10,500,15,10,5,0.1000,42,9980504397,9980493688,144,2147
docs\inst_test\instancias\n_1000_10,500,15,10,20,0.2000,42,9980504397,9980493688,125,2147
docs\inst_test\instancias\n_1000_10,500,15,10,5,0.2000,2026,9980504397,9980493688,139,2147
docs\inst_test\instancias\n_1000_10,500,15,10,20,0.1000,123,9980504397,9980493688,128,2147
docs\inst_test\instancias\n_1000_10,500,15,10,5,0.1000,2026,9980504819,9980493916,143,2147
docs\inst_test\instancias\n_1000_10,500,15,10,20,0.1000,2026,9980504650,9980493853,129,2147
docs\inst_test\instancias\n_1000_10,500,15,10,10,0.1000,2026,9980504650,9980493853,133,2147
docs\inst_test\instancias\n_1000_10,500,15,15,20,0.2000,123,9980504397,9980493688,91,2147
docs\inst_test\instancias\n_1000_10,500,15,15,5,0.2000,2026,9980504397,9980493688,117,2147
docs\inst_test\instancias\n_1000_10,500,15,15,10,0.3000,42,9980504397,9980493688,113,2147
docs\inst_test\instancias\n_1000_10,500,15,15,10,0.2000,123,9980504397,9980493688,116,2147
docs\inst_test\instancias\n_1000_10,500,15,15,10,0.2000,42,9980504397,9980493688,117,2147
docs\inst_test\instancias\n_1000_10,500,15,15,20,0.3000,2026,9980504397,9980493688,111,2147
docs\inst_test\instancias\n_1000_10,500,15,15,10,0.1000,123,9980504397,9980493688,121,2147
docs\inst_test\instancias\n_1000_10,500,15,15,10,0.3000,2026,9980504397,9980493688,117,2147
docs\inst_test\instancias\n_1000_10,500,15,15,20,0.3000,42,9980504397,9980493688,115,2147
docs\inst_test\instancias\n_1000_10,500,15,15,10,0.1000,2026,9980504650,9980493853,125,2147
docs\inst_test\instancias\n_1000_10,500,15,15,5,0.1000,123,9980504397,9980493688,135,2147
docs\inst_test\instancias\n_1000_10,500,15,15,5,0.1000,42,9980504397,9980493688,139,2147
docs\inst_test\instancias\n_1000_10,500,15,15,5,0.2000,123,9980504397,9980493688,134,2147
docs\inst_test\instancias\n_1000_10,500,15,15,5,0.3000,2026,9980504397,9980493688,131,2147
docs\inst_test\instancias\n_1000_10,500,15,15,10,0.3000,123,9980504397,9980493688,126,2147
docs\inst_test\instancias\n_1000_10,500,15,15,20,0.2000,2026,9980504397,9980493688,122,2147
docs\inst_test\instancias\n_1000_10,500,15,15,10,0.2000,2026,9980504397,9980493688,128,2147
docs\inst_test\instancias\n_1000_10,500,15,15,20,0.3000,123,9980504397,9980493688,120,2147
docs\inst_test\instancias\n_1000_10,500,15,15,20,0.1000,123,9980504397,9980493688,124,2147
docs\inst_test\instancias\n_1000_10,500,15,15,5,0.3000,42,9980504397,9980493688,135,2147
docs\inst_test\instancias\n_1000_10,500,15,15,20,0.2000,42,9980504397,9980493688,125,2147
docs\inst_test\instancias\n_1000_10,500,15,15,5,0.3000,123,9980504397,9980493688,134,2147
docs\inst_test\instancias\n_1000_10,500,15,15,10,0.1000,42,9980504529,9980493829,135,2147
docs\inst_test\instancias\n_1000_10,500,15,15,20,0.1000,42,9980504529,9980493829,129,2147
docs\inst_test\instancias\n_1000_10,500,15,15,5,0.2000,42,9980504397,9980493688,140,2147
docs\inst_test\instancias\n_1000_10,500,15,15,5,0.1000,2026,9980504819,9980493916,141,2147
docs\inst_test\instancias\n_1000_10,500,15,15,20,0.1000,2026,9980504650,9980493853,135,2147
docs\inst_test\instancias\n_1000_10,500,20,7,10,0.3000,123,9980504397,9980493688,110,2147
docs\inst_test\instancias\n_1000_10,500,20,7,5,0.1000,42,9980504397,9980493688,142,2147
docs\inst_test\instancias\n_1000_10,500,20,7,10,0.2000,42,9980504397,9980493688,113,2147
docs\inst_test\instancias\n_1000_10,500,20,7,10,0.3000,2026,9980504397,9980493688,112,2147
docs\inst_test\instancias\n_1000_10,500,20,7,5,0.2000,42,9980504397,9980493688,125,2147
docs\inst_test\instancias\n_1000_10,500,20,7,20,0.3000,123,9980504397,9980493688,108,2147
docs\inst_test\instancias\n_1000_10,500,20,7,20,0.2000,2026,9980504397,9980493688,108,2147
docs\inst_test\instancias\n_1000_10,500,20,7,5,0.2000,2026,9980504397,9980493688,124,2147
docs\inst_test\instancias\n_1000_10,500,20,7,10,0.1000,2026,9980504650,9980493853,118,2147
docs\inst_test\instancias\n_1000_10,500,20,7,10,0.2000,2026,9980504397,9980493688,119,2147
docs\inst_test\instancias\n_1000_10,500,20,7,5,0.3000,42,9980504397,9980493688,128,2147
docs\inst_test\instancias\n_1000_10,500,20,7,10,0.3000,42,9980504397,9980493688,120,2147
docs\inst_test\instancias\n_1000_10,500,20,7,5,0.2000,123,9980504397,9980493688,131,2147
docs\inst_test\instancias\n_1000_10,500,20,7,20,0.2000,123,9980504397,9980493688,117,2147
docs\inst_test\instancias\n_1000_10,500,20,7,20,0.1000,42,9980504529,9980493829,120,2147
docs\inst_test\instancias\n_1000_10,500,20,7,20,0.1000,2026,9980504650,9980493853,121,2147
docs\inst_test\instancias\n_1000_10,500,20,7,20,0.2000,42,9980504397,9980493688,121,2147
docs\inst_test\instancias\n_1000_10,500,20,7,20,0.3000,42,9980504397,9980493688,118,2147
docs\inst_test\instancias\n_1000_10,500,20,7,5,0.1000,123,9980504397,9980493688,141,2147
docs\inst_test\instancias\n_1000_10,500,20,7,5,0.3000,123,9980504397,9980493688,132,2147
docs\inst_test\instancias\n_1000_10,500,20,7,20,0.3000,2026,9980504397,9980493688,113,2147
docs\inst_test\instancias\n_1000_10,500,20,7,10,0.1000,123,9980504397,9980493688,128,2147
docs\inst_test\instancias\n_1000_10,500,20,7,10,0.1000,42,9980504529,9980493829,131,2147
docs\inst_test\instancias\n_1000_10,500,20,7,5,0.3000,2026,9980504397,9980493688,134,2147
docs\inst_test\instancias\n_1000_10,500,20,7,10,0.2000,123,9980504397,9980493688,132,2147
docs\inst_test\instancias\n_1000_10,500,20,7,5,0.1000,2026,9980504819,9980493916,145,2147
docs\inst_test\instancias\n_1000_10,500,20,7,20,0.1000,123,9980504397,9980493688,138,2147
docs\inst_test\instancias\n_1000_10,500,20,10,10,0.3000,123,9980504397,9980493688,110,2147
docs\inst_test\instancias\n_1000_10,500,20,10,5,0.3000,123,9980504397,9980493688,121,2147
docs\inst_test\instancias\n_1000_10,500,20,10,10,0.1000,2026,9980504650,9980493853,117,2147
docs\inst_test\instancias\n_1000_10,500,20,10,10,0.3000,2026,9980504397,9980493688,113,2147
docs\inst_test\instancias\n_1000_10,500,20,10,10,0.2000,42,9980504397,9980493688,118,2147
docs\inst_test\instancias\n_1000_10,500,20,10,10,0.3000,42,9980504397,9980493688,114,2147
docs\inst_test\instancias\n_1000_10,500,20,10,5,0.3000,42,9980504397,9980493688,126,2147
docs\inst_test\instancias\n_1000_10,500,20,10,5,0.2000,42,9980504397,9980493688,127,2147
docs\inst_test\instancias\n_1000_10,500,20,10,5,0.1000,42,9980504397,9980493688,130,2147
docs\inst_test\instancias\n_1000_10,500,20,10,20,0.1000,2026,9980504650,9980493853,116,2147
docs\inst_test\instancias\n_1000_10,500,20,10,5,0.1000,123,9980504397,9980493688,132,2147
docs\inst_test\instancias\n_1000_10,500,20,10,20,0.3000,123,9980504397,9980493688,111,2147
docs\inst_test\instancias\n_1000_10,500,20,10,5,0.2000,123,9980504397,9980493688,134,2147
docs\inst_test\instancias\n_1000_10,500,20,10,20,0.2000,2026,9980504397,9980493688,117,2147
docs\inst_test\instancias\n_1000_10,500,20,10,10,0.2000,123,9980504397,9980493688,127,2147
docs\inst_test\instancias\n_1000_10,500,20,10,10,0.1000,123,9980504397,9980493688,128,2147
docs\inst_test\instancias\n_1000_10,500,20,10,5,0.2000,2026,9980504397,9980493688,135,2147
docs\inst_test\instancias\n_1000_10,500,20,10,5,0.3000,2026,9980504397,9980493688,132,2147
docs\inst_test\instancias\n_1000_10,500,20,10,20,0.1000,123,9980504397,9980493688,124,2147
docs\inst_test\instancias\n_1000_10,500,20,10,20,0.3000,42,9980504397,9980493688,121,2147
docs\inst_test\instancias\n_1000_10,500,20,10,10,0.2000,2026,9980504397,9980493688,132,2147
docs\inst_test\instancias\n_1000_10,500,20,10,20,0.2000,42,9980504397,9980493688,129,2147
docs\inst_test\instancias\n_1000_10,500,20,10,10,0.1000,42,9980504529,9980493829,138,2147
docs\inst_test\instancias\n_1000_10,500,20,10,20,0.1000,42,9980504529,9980493829,132,2147
docs\inst_test\instancias\n_1000_10,500,20,10,5,0.1000,2026,9980504819,9980493916,146,2147
docs\inst_test\instancias\n_1000_10,500,20,10,20,0.2000,123,9980504397,9980493688,132,2147
docs\inst_test\instancias\n_1000_10,500,20,10,20,0.3000,2026,9980504397,9980493688,128,2147
docs\inst_test\instancias\n_1000_10,500,20,15,10,0.3000,42,9980504397,9980493688,99,2147
docs\inst_test\instancias\n_1000_10,500,20,15,5,0.2000,123,9980504397,9980493688,115,2147
docs\inst_test\instancias\n_1000_10,500,20,15,5,0.3000,123,9980504397,9980493688,113,2147
docs\inst_test\instancias\n_1000_10,500,20,15,10,0.3000,2026,9980504397,9980493688,106,2147
docs\inst_test\instancias\n_1000_10,500,20,15,5,0.3000,42,9980504397,9980493688,118,2147
docs\inst_test\instancias\n_1000_10,500,20,15,5,0.1000,2026,9980504819,9980493916,122,2147
docs\inst_test\instancias\n_1000_10,500,20,15,5,0.1000,42,9980504397,9980493688,126,2147
docs\inst_test\instancias\n_1000_10,500,20,15,5,0.1000,123,9980504397,9980493688,127,2147
docs\inst_test\instancias\n_1000_10,500,20,15,10,0.2000,42,9980504397,9980493688,119,2147
docs\inst_test\instancias\n_1000_10,500,20,15,20,0.1000,42,9980504529,9980493829,116,2147
docs\inst_test\instancias\n_1000_10,500,20,15,20,0.2000,2026,9980504397,9980493688,111,2147
docs\inst_test\instancias\n_1000_10,500,20,15,10,0.1000,42,9980504529,9980493829,127,2147
docs\inst_test\instancias\n_1000_10,500,20,15,10,0.3000,123,9980504397,9980493688,121,2147
docs\inst_test\instancias\n_1000_10,500,20,15,20,0.3000,123,9980504397,9980493688,111,2147
docs\inst_test\instancias\n_1000_10,500,20,15,5,0.2000,42,9980504397,9980493688,132,2147
docs\inst_test\instancias\n_1000_10,500,20,15,5,0.3000,2026,9980504397,9980493688,130,2147
docs\inst_test\instancias\n_1000_10,500,20,15,5,0.2000,2026,9980504397,9980493688,132,2147
docs\inst_test\instancias\n_1000_10,500,20,15,20,0.3000,42,9980504397,9980493688,114,2147
docs\inst_test\instancias\n_1000_10,500,20,15,10,0.1000,123,9980504397,9980493688,131,2147
docs\inst_test\instancias\n_1000_10,500,20,15,10,0.2000,2026,9980504397,9980493688,127,2147
docs\inst_test\instancias\n_1000_10,500,20,15,10,0.1000,2026,9980504650,9980493853,132,2147
docs\inst_test\instancias\n_1000_10,500,20,15,10,0.2000,123,9980504397,9980493688,128,2147
docs\inst_test\instancias\n_1000_10,500,20,15,20,0.2000,42,9980504397,9980493688,120,2147
docs\inst_test\instancias\n_1000_10,500,20,15,20,0.3000,2026,9980504397,9980493688,109,2147
docs\inst_test\instancias\n_1000_10,500,20,15,20,0.1000,2026,9980504650,9980493853,124,2147
docs\inst_test\instancias\n_1000_10,500,20,15,20,0.1000,123,9980504397,9980493688,127,2147
docs\inst_test\instancias\n_1000_10,500,20,15,20,0.2000,123,9980504397,9980493688,123,2147
docs\inst_test\instancias\n_1000_2,100,10,7,10,0.3000,42,9990329448,9990314935,17,2052
docs\inst_test\instancias\n_1000_2,100,10,7,10,0.1000,42,9999331207,9999316534,18,2052
docs\inst_test\instancias\n_1000_2,100,10,7,10,0.2000,123,9990329527,9990314934,20,2052
docs\inst_test\instancias\n_1000_2,100,10,7,5,0.2000,42,9999858876,9999845001,21,2052
docs\inst_test\instancias\n_1000_2,100,10,7,5,0.1000,2026,9998331097,9998316398,23,2052
docs\inst_test\instancias\n_1000_2,100,10,7,5,0.1000,42,9999331207,9999316534,24,2052
docs\inst_test\instancias\n_1000_2,100,10,7,5,0.1000,123,9996330629,9996316194,25,2052
docs\inst_test\instancias\n_1000_2,100,10,7,20,0.2000,2026,9987801402,9987786386,25,2052
docs\inst_test\instancias\n_1000_2,100,10,7,20,0.3000,123,9990856664,9990843198,25,2052
docs\inst_test\instancias\n_1000_2,100,10,7,20,0.3000,42,9990329448,9990314935,25,2052
docs\inst_test\instancias\n_1000_2,100,10,7,20,0.1000,42,9999331118,9999316242,27,2052
docs\inst_test\instancias\n_1000_2,100,10,7,20,0.2000,42,9996330818,9996315713,26,2052
docs\inst_test\instancias\n_1000_2,100,10,7,5,0.3000,2026,9998911217,9998901079,28,2052
docs\inst_test\instancias\n_1000_2,100,10,7,20,0.1000,2026,9998331097,9998316398,27,2052
docs\inst_test\instancias\n_1000_2,100,10,7,5,0.3000,123,9990856748,9990842853,28,2052
docs\inst_test\instancias\n_1000_2,100,10,7,10,0.3000,123,9990856748,9990842853,34,2052
docs\inst_test\instancias\n_1000_2,100,10,10,5,0.1000,2026,9998331097,9998316398,16,2052
docs\inst_test\instancias\n_1000_2,100,10,7,5,0.2000,123,9994857334,9994843352,39,2052
docs\inst_test\instancias\n_1000_2,100,10,7,10,0.1000,2026,9998331097,9998316398,40,2052
docs\inst_test\instancias\n_1000_2,100,10,7,10,0.2000,42,9999858330,9999844531,40,2052
docs\inst_test\instancias\n_1000_2,100,10,7,10,0.3000,2026,9998385415,9998372658,41,2052
docs\inst_test\instancias\n_1000_2,100,10,10,5,0.1000,42,9999331207,9999316534,23,2052
docs\inst_test\instancias\n_1000_2,100,10,7,20,0.3000,2026,9998385388,9998372951,41,2052
docs\inst_test\instancias\n_1000_2,100,10,7,5,0.3000,42,9993382057,9993372299,42,2052
docs\inst_test\instancias\n_1000_2,100,10,7,10,0.1000,123,9996330629,9996316194,42,2052
docs\inst_test\instancias\n_1000_2,100,10,7,10,0.2000,2026,9988328180,9988314918,42,2052
docs\inst_test\instancias\n_1000_2,100,10,7,5,0.2000,2026,9988329174,9988314581,42,2052
docs\inst_test\instancias\n_1000_2,100,10,7,20,0.2000,123,9987801402,9987786386,42,2052
docs\inst_test\instancias\n_1000_2,100,10,7,20,0.1000,123,9996330629,9996316194,43,2052
docs\inst_test\instancias\n_1000_2,100,10,10,5,0.2000,42,9999858876,9999845001,24,2052
docs\inst_test\instancias\n_1000_2,100,10,10,5,0.2000,2026,9988329174,9988314581,21,2052
docs\inst_test\instancias\n_1000_2,100,10,10,5,0.1000,123,9996330629,9996316194,29,2052
docs\inst_test\instancias\n_1000_2,100,10,10,5,0.3000,123,9990856748,9990842853,22,2052
docs\inst_test\instancias\n_1000_2,100,10,10,5,0.2000,123,9994857334,9994843352,26,2052
docs\inst_test\instancias\n_1000_2,100,10,10,10,0.1000,123,9996330629,9996316194,22,2052
docs\inst_test\instancias\n_1000_2,100,10,10,5,0.3000,2026,9998911217,9998901079,23,2052
docs\inst_test\instancias\n_1000_2,100,10,10,10,0.1000,42,9999331207,9999316534,26,2052
docs\inst_test\instancias\n_1000_2,100,10,10,10,0.3000,123,9990856748,9990842853,17,2052
docs\inst_test\instancias\n_1000_2,100,10,10,10,0.1000,2026,9998331097,9998316398,26,2052
docs\inst_test\instancias\n_1000_2,100,10,10,10,0.2000,123,9990329527,9990314934,25,2052
docs\inst_test\instancias\n_1000_2,100,10,10,10,0.2000,2026,9988328180,9988314918,25,2052
docs\inst_test\instancias\n_1000_2,100,10,10,5,0.3000,42,9993382057,9993372299,30,2052
docs\inst_test\instancias\n_1000_2,100,10,10,10,0.2000,42,9999858330,9999844531,28,2052
docs\inst_test\instancias\n_1000_2,100,10,10,20,0.1000,123,9996330629,9996316194,22,2052
docs\inst_test\instancias\n_1000_2,100,10,10,10,0.3000,42,9990329448,9990314935,30,2052
docs\inst_test\instancias\n_1000_2,100,10,10,20,0.3000,42,9990329448,9990314935,23,2052
docs\inst_test\instancias\n_1000_2,100,10,10,20,0.2000,42,9996330818,9996315713,26,2052
docs\inst_test\instancias\n_1000_2,100,10,15,5,0.2000,123,9994857334,9994843352,22,2052
docs\inst_test\instancias\n_1000_2,100,10,15,5,0.3000,2026,9998911217,9998901079,22,2052
docs\inst_test\instancias\n_1000_2,100,10,15,5,0.2000,42,9999858876,9999845001,28,2052
docs\inst_test\instancias\n_1000_2,100,10,15,5,0.1000,2026,9998331097,9998316398,29,2052
docs\inst_test\instancias\n_1000_2,100,10,10,10,0.3000,2026,9998385415,9998372658,35,2052
docs\inst_test\instancias\n_1000_2,100,10,15,5,0.3000,123,9990856748,9990842853,26,2052
docs\inst_test\instancias\n_1000_2,100,10,15,10,0.1000,42,9999331207,9999316534,22,2052
docs\inst_test\instancias\n_1000_2,100,10,15,5,0.3000,42,9993382057,9993372299,27,2052
docs\inst_test\instancias\n_1000_2,100,10,10,20,0.1000,42,9999331118,9999316242,37,2052
docs\inst_test\instancias\n_1000_2,100,10,15,5,0.1000,42,9999331207,9999316534,35,2052
docs\inst_test\instancias\n_1000_2,100,10,10,20,0.3000,123,9990856664,9990843198,36,2052
docs\inst_test\instancias\n_1000_2,100,10,15,10,0.1000,123,9996330629,9996316194,24,2052
docs\inst_test\instancias\n_1000_2,100,10,10,20,0.2000,2026,9987801402,9987786386,36,2052
docs\inst_test\instancias\n_1000_2,100,10,15,5,0.2000,2026,9988329174,9988314581,31,2052
docs\inst_test\instancias\n_1000_2,100,10,15,10,0.2000,42,9999858330,9999844531,26,2052
docs\inst_test\instancias\n_1000_2,100,10,15,10,0.1000,2026,9998331097,9998316398,26,2052
docs\inst_test\instancias\n_1000_2,100,10,15,10,0.2000,123,9990329527,9990314934,27,2052
docs\inst_test\instancias\n_1000_2,100,10,10,20,0.3000,2026,9998385388,9998372951,40,2052
docs\inst_test\instancias\n_1000_2,100,10,10,20,0.1000,2026,9998331097,9998316398,41,2052
docs\inst_test\instancias\n_1000_2,100,10,10,20,0.2000,123,9987801402,9987786386,41,2052
docs\inst_test\instancias\n_1000_2,100,10,15,5,0.1000,123,9996330629,9996316194,42,2052
docs\inst_test\instancias\n_1000_2,100,10,15,20,0.1000,42,9999331118,9999316242,22,2052
docs\inst_test\instancias\n_1000_2,100,10,15,10,0.2000,2026,9988328180,9988314918,37,2052
docs\inst_test\instancias\n_1000_2,100,10,15,20,0.1000,123,9996330629,9996316194,25,2052
docs\inst_test\instancias\n_1000_2,100,10,15,10,0.3000,123,9990856748,9990842853,30,2052
docs\inst_test\instancias\n_1000_2,100,10,15,10,0.3000,42,9990329448,9990314935,37,2052
docs\inst_test\instancias\n_1000_2,100,10,15,20,0.1000,2026,9998331097,9998316398,25,2052
docs\inst_test\instancias\n_1000_2,100,10,15,20,0.2000,42,9996330818,9996315713,28,2052
docs\inst_test\instancias\n_1000_2,100,10,15,20,0.2000,2026,9987801402,9987786386,25,2052
docs\inst_test\instancias\n_1000_2,100,10,15,20,0.2000,123,9987801402,9987786386,26,2052
docs\inst_test\instancias\n_1000_2,100,10,15,10,0.3000,2026,9998385415,9998372658,36,2052
docs\inst_test\instancias\n_1000_2,100,10,15,20,0.3000,123,9990856664,9990843198,25,2052
docs\inst_test\instancias\n_1000_2,100,10,15,20,0.3000,2026,9998385388,9998372951,26,2052
docs\inst_test\instancias\n_1000_2,100,15,7,5,0.3000,123,9990856748,9990842853,22,2052
docs\inst_test\instancias\n_1000_2,100,10,15,20,0.3000,42,9990329448,9990314935,28,2052
docs\inst_test\instancias\n_1000_2,100,15,7,5,0.3000,2026,9998911217,9998901079,23,2052
docs\inst_test\instancias\n_1000_2,100,15,7,5,0.2000,123,9994857334,9994843352,25,2052
docs\inst_test\instancias\n_1000_2,100,15,7,5,0.1000,123,9996330629,9996316194,27,2052
docs\inst_test\instancias\n_1000_2,100,15,7,5,0.1000,42,9999331207,9999316534,28,2052
docs\inst_test\instancias\n_1000_2,100,15,7,5,0.3000,42,9993382057,9993372299,25,2052
docs\inst_test\instancias\n_1000_2,100,15,7,5,0.1000,2026,9998331097,9998316398,30,2052
docs\inst_test\instancias\n_1000_2,100,15,7,10,0.2000,42,9999858330,9999844531,26,2052
docs\inst_test\instancias\n_1000_2,100,15,7,5,0.2000,42,9999858876,9999845001,33,2052
docs\inst_test\instancias\n_1000_2,100,15,7,5,0.2000,2026,9988329174,9988314581,34,2052
docs\inst_test\instancias\n_1000_2,100,15,7,10,0.1000,42,9999331207,9999316534,32,2052
docs\inst_test\instancias\n_1000_2,100,15,7,10,0.1000,123,9996330629,9996316194,32,2052
docs\inst_test\instancias\n_1000_2,100,15,7,10,0.1000,2026,9998331097,9998316398,33,2052
docs\inst_test\instancias\n_1000_2,100,15,7,10,0.2000,2026,9988328180,9988314918,29,2052
docs\inst_test\instancias\n_1000_2,100,15,7,10,0.2000,123,9990329527,9990314934,33,2052
docs\inst_test\instancias\n_1000_2,100,15,7,10,0.3000,2026,9998385415,9998372658,28,2052
docs\inst_test\instancias\n_1000_2,100,15,7,10,0.3000,123,9990856748,9990842853,30,2052
docs\inst_test\instancias\n_1000_2,100,15,7,20,0.3000,2026,9998385388,9998372951,21,2052
docs\inst_test\instancias\n_1000_2,100,15,7,20,0.1000,123,9996330629,9996316194,28,2052
docs\inst_test\instancias\n_1000_2,100,15,7,20,0.2000,42,9996330818,9996315713,26,2052
docs\inst_test\instancias\n_1000_2,100,15,7,20,0.1000,42,9999331118,9999316242,32,2052
docs\inst_test\instancias\n_1000_2,100,15,7,20,0.3000,42,9990329448,9990314935,26,2052
docs\inst_test\instancias\n_1000_2,100,15,10,5,0.2000,2026,9988329174,9988314581,23,2052
docs\inst_test\instancias\n_1000_2,100,15,10,5,0.3000,123,9990856748,9990842853,20,2052
docs\inst_test\instancias\n_1000_2,100,15,10,5,0.1000,42,9999331207,9999316534,27,2052
docs\inst_test\instancias\n_1000_2,100,15,10,5,0.2000,42,9999858876,9999845001,25,2052
docs\inst_test\instancias\n_1000_2,100,15,10,5,0.1000,2026,9998331097,9998316398,28,2052
docs\inst_test\instancias\n_1000_2,100,15,10,5,0.1000,123,9996330629,9996316194,28,2052
docs\inst_test\instancias\n_1000_2,100,15,7,20,0.1000,2026,9998331097,9998316398,33,2052
docs\inst_test\instancias\n_1000_2,100,15,7,10,0.3000,42,9990329448,9990314935,41,2052
docs\inst_test\instancias\n_1000_2,100,15,10,5,0.3000,2026,9998911217,9998901079,25,2052
docs\inst_test\instancias\n_1000_2,100,15,7,20,0.2000,123,9987801402,9987786386,39,2052
docs\inst_test\instancias\n_1000_2,100,15,10,10,0.3000,2026,9998385415,9998372658,16,2052
docs\inst_test\instancias\n_1000_2,100,15,10,10,0.1000,2026,9998331097,9998316398,26,2052
docs\inst_test\instancias\n_1000_2,100,15,7,20,0.2000,2026,9987801402,9987786386,42,2052
docs\inst_test\instancias\n_1000_2,100,15,10,10,0.2000,123,9990329527,9990314934,26,2052
docs\inst_test\instancias\n_1000_2,100,15,10,10,0.3000,42,9990329448,9990314935,22,2052
docs\inst_test\instancias\n_1000_2,100,15,7,20,0.3000,123,9990856664,9990843198,41,2052
docs\inst_test\instancias\n_1000_2,100,15,10,5,0.3000,42,9993382057,9993372299,35,2052
docs\inst_test\instancias\n_1000_2,100,15,10,10,0.2000,42,9999858330,9999844531,31,2052
docs\inst_test\instancias\n_1000_2,100,15,10,10,0.1000,123,9996330629,9996316194,34,2052
docs\inst_test\instancias\n_1000_2,100,15,10,5,0.2000,123,9994857334,9994843352,43,2052
docs\inst_test\instancias\n_1000_2,100,15,10,20,0.1000,123,9996330629,9996316194,24,2052
docs\inst_test\instancias\n_1000_2,100,15,10,20,0.2000,2026,9987801402,9987786386,21,2052
docs\inst_test\instancias\n_1000_2,100,15,10,20,0.1000,42,9999331118,9999316242,27,2052
docs\inst_test\instancias\n_1000_2,100,15,10,20,0.2000,42,9996330818,9996315713,25,2052
docs\inst_test\instancias\n_1000_2,100,15,10,20,0.3000,2026,9998385388,9998372951,21,2052
docs\inst_test\instancias\n_1000_2,100,15,10,20,0.3000,123,9990856664,9990843198,23,2052
docs\inst_test\instancias\n_1000_2,100,15,10,20,0.3000,42,9990329448,9990314935,26,2052
docs\inst_test\instancias\n_1000_2,100,15,10,10,0.1000,42,9999331207,9999316534,44,2052
docs\inst_test\instancias\n_1000_2,100,15,10,10,0.3000,123,9990856748,9990842853,34,2052
docs\inst_test\instancias\n_1000_2,100,15,10,20,0.2000,123,9987801402,9987786386,30,2052
docs\inst_test\instancias\n_1000_2,100,15,15,5,0.1000,42,9999331207,9999316534,28,2052
docs\inst_test\instancias\n_1000_2,100,15,10,20,0.1000,2026,9998331097,9998316398,34,2052
docs\inst_test\instancias\n_1000_2,100,15,15,5,0.3000,2026,9998911217,9998901079,17,2052
docs\inst_test\instancias\n_1000_2,100,15,15,5,0.2000,42,9999858876,9999845001,26,2052
docs\inst_test\instancias\n_1000_2,100,15,10,10,0.2000,2026,9988328180,9988314918,42,2052
docs\inst_test\instancias\n_1000_2,100,15,15,5,0.1000,2026,9998331097,9998316398,31,2052
docs\inst_test\instancias\n_1000_2,100,15,15,10,0.3000,2026,9998385415,9998372658,15,2052
docs\inst_test\instancias\n_1000_2,100,15,15,5,0.2000,2026,9988329174,9988314581,27,2052
docs\inst_test\instancias\n_1000_2,100,15,15,5,0.3000,42,9993382057,9993372299,26,2052
docs\inst_test\instancias\n_1000_2,100,15,15,5,0.1000,123,9996330629,9996316194,36,2052
docs\inst_test\instancias\n_1000_2,100,15,15,10,0.2000,42,9999858330,9999844531,25,2052
docs\inst_test\instancias\n_1000_2,100,15,15,10,0.1000,42,9999331207,9999316534,29,2052
docs\inst_test\instancias\n_1000_2,100,15,15,5,0.3000,123,9990856748,9990842853,29,2052
docs\inst_test\instancias\n_1000_2,100,15,15,10,0.3000,123,9990856748,9990842853,22,2052
docs\inst_test\instancias\n_1000_2,100,15,15,10,0.3000,42,9990329448,9990314935,26,2052
docs\inst_test\instancias\n_1000_2,100,15,15,20,0.1000,123,9996330629,9996316194,25,2052
docs\inst_test\instancias\n_1000_2,100,15,15,20,0.1000,42,9999331118,9999316242,27,2052
docs\inst_test\instancias\n_1000_2,100,15,15,10,0.2000,123,9990329527,9990314934,31,2052
docs\inst_test\instancias\n_1000_2,100,20,7,5,0.2000,42,9999858876,9999845001,14,2052
docs\inst_test\instancias\n_1000_2,100,15,15,20,0.1000,2026,9998331097,9998316398,25,2052
docs\inst_test\instancias\n_1000_2,100,15,15,5,0.2000,123,9994857334,9994843352,42,2052
docs\inst_test\instancias\n_1000_2,100,15,15,20,0.3000,123,9990856664,9990843198,22,2052
docs\inst_test\instancias\n_1000_2,100,15,15,10,0.2000,2026,9988328180,9988314918,34,2052
docs\inst_test\instancias\n_1000_2,100,15,15,20,0.2000,42,9996330818,9996315713,27,2052
docs\inst_test\instancias\n_1000_2,100,15,15,10,0.1000,123,9996330629,9996316194,41,2052
docs\inst_test\instancias\n_1000_2,100,15,15,10,0.1000,2026,9998331097,9998316398,42,2052
docs\inst_test\instancias\n_1000_2,100,20,7,5,0.1000,123,9996330629,9996316194,24,2052
docs\inst_test\instancias\n_1000_2,100,20,7,5,0.1000,42,9999331207,9999316534,27,2052
docs\inst_test\instancias\n_1000_2,100,15,15,20,0.2000,123,9987801402,9987786386,34,2052
docs\inst_test\instancias\n_1000_2,100,20,7,5,0.2000,2026,9988329174,9988314581,24,2052
docs\inst_test\instancias\n_1000_2,100,15,15,20,0.3000,2026,9998385388,9998372951,33,2052
docs\inst_test\instancias\n_1000_2,100,20,7,5,0.3000,42,9993382057,9993372299,26,2052
docs\inst_test\instancias\n_1000_2,100,20,7,10,0.1000,123,9996330629,9996316194,21,2052
docs\inst_test\instancias\n_1000_2,100,15,15,20,0.2000,2026,9987801402,9987786386,37,2052
docs\inst_test\instancias\n_1000_2,100,20,7,5,0.2000,123,9994857334,9994843352,29,2052
docs\inst_test\instancias\n_1000_2,100,20,7,5,0.1000,2026,9998331097,9998316398,35,2052
docs\inst_test\instancias\n_1000_2,100,15,15,20,0.3000,42,9990329448,9990314935,39,2052
docs\inst_test\instancias\n_1000_2,100,20,7,5,0.3000,123,9990856748,9990842853,30,2052
docs\inst_test\instancias\n_1000_2,100,20,7,5,0.3000,2026,9998911217,9998901079,27,2052
docs\inst_test\instancias\n_1000_2,100,20,7,10,0.3000,123,9990856748,9990842853,22,2052
docs\inst_test\instancias\n_1000_2,100,20,7,10,0.2000,42,9999858330,9999844531,27,2052
docs\inst_test\instancias\n_1000_2,100,20,7,10,0.3000,2026,9998385415,9998372658,25,2052
docs\inst_test\instancias\n_1000_2,100,20,7,10,0.2000,2026,9988328180,9988314918,26,2052
docs\inst_test\instancias\n_1000_2,100,20,7,10,0.3000,42,9990329448,9990314935,27,2052
docs\inst_test\instancias\n_1000_2,100,20,7,20,0.3000,42,9990329448,9990314935,23,2052
docs\inst_test\instancias\n_1000_2,100,20,10,5,0.1000,42,9999331207,9999316534,19,2052
docs\inst_test\instancias\n_1000_2,100,20,7,20,0.3000,123,9990856664,9990843198,24,2052
docs\inst_test\instancias\n_1000_2,100,20,10,5,0.3000,2026,9998911217,9998901079,13,2052
docs\inst_test\instancias\n_1000_2,100,20,7,10,0.1000,42,9999331207,9999316534,41,2052
docs\inst_test\instancias\n_1000_2,100,20,7,10,0.1000,2026,9998331097,9998316398,40,2052
docs\inst_test\instancias\n_1000_2,100,20,7,20,0.1000,123,9996330629,9996316194,31,2052
docs\inst_test\instancias\n_1000_2,100,20,7,10,0.2000,123,9990329527,9990314934,36,2052
docs\inst_test\instancias\n_1000_2,100,20,10,5,0.2000,123,9994857334,9994843352,21,2052
docs\inst_test\instancias\n_1000_2,100,20,7,20,0.2000,42,9996330818,9996315713,33,2052
docs\inst_test\instancias\n_1000_2,100,20,7,20,0.1000,42,9999331118,9999316242,36,2052
docs\inst_test\instancias\n_1000_2,100,20,10,5,0.3000,42,9993382057,9993372299,20,2052
docs\inst_test\instancias\n_1000_2,100,20,10,5,0.2000,2026,9988329174,9988314581,22,2052
docs\inst_test\instancias\n_1000_2,100,20,10,5,0.1000,123,9996330629,9996316194,27,2052
docs\inst_test\instancias\n_1000_2,100,20,7,20,0.2000,123,9987801402,9987786386,34,2052
docs\inst_test\instancias\n_1000_2,100,20,10,5,0.3000,123,9990856748,9990842853,25,2052
docs\inst_test\instancias\n_1000_2,100,20,7,20,0.2000,2026,9987801402,9987786386,37,2052
docs\inst_test\instancias\n_1000_2,100,20,7,20,0.1000,2026,9998331097,9998316398,41,2052
docs\inst_test\instancias\n_1000_2,100,20,10,10,0.1000,42,9999331207,9999316534,26,2052
docs\inst_test\instancias\n_1000_2,100,20,10,10,0.1000,123,9996330629,9996316194,25,2052
docs\inst_test\instancias\n_1000_2,100,20,10,10,0.2000,42,9999858330,9999844531,25,2052
docs\inst_test\instancias\n_1000_2,100,20,10,10,0.2000,123,9990329527,9990314934,24,2052
docs\inst_test\instancias\n_1000_2,100,20,7,20,0.3000,2026,9998385388,9998372951,41,2052
docs\inst_test\instancias\n_1000_2,100,20,10,20,0.2000,2026,9987801402,9987786386,17,2052
docs\inst_test\instancias\n_1000_2,100,20,10,5,0.2000,42,9999858876,9999845001,40,2052
docs\inst_test\instancias\n_1000_2,100,20,10,10,0.2000,2026,9988328180,9988314918,27,2052
docs\inst_test\instancias\n_1000_2,100,20,10,10,0.3000,42,9990329448,9990314935,26,2052
docs\inst_test\instancias\n_1000_2,100,20,10,5,0.1000,2026,9998331097,9998316398,42,2052
docs\inst_test\instancias\n_1000_2,100,20,10,10,0.3000,123,9990856748,9990842853,25,2052
docs\inst_test\instancias\n_1000_2,100,20,10,10,0.3000,2026,9998385415,9998372658,24,2052
docs\inst_test\instancias\n_1000_2,100,20,15,5,0.1000,42,9999331207,9999316534,17,2052
docs\inst_test\instancias\n_1000_2,100,20,10,20,0.1000,42,9999331118,9999316242,24,2052
docs\inst_test\instancias\n_1000_2,100,20,10,20,0.2000,42,9996330818,9996315713,25,2052
docs\inst_test\instancias\n_1000_2,100,20,10,10,0.1000,2026,9998331097,9998316398,38,2052
docs\inst_test\instancias\n_1000_2,100,20,10,20,0.3000,42,9990329448,9990314935,25,2052
docs\inst_test\instancias\n_1000_2,100,20,15,5,0.1000,123,9996330629,9996316194,24,2052
docs\inst_test\instancias\n_1000_2,100,20,15,5,0.2000,42,9999858876,9999845001,26,2052
docs\inst_test\instancias\n_1000_2,100,20,10,20,0.1000,2026,9998331097,9998316398,36,2052
docs\inst_test\instancias\n_1000_2,100,20,15,5,0.3000,42,9993382057,9993372299,26,2052
docs\inst_test\instancias\n_1000_2,100,20,15,5,0.3000,2026,9998911217,9998901079,22,2052
docs\inst_test\instancias\n_1000_2,100,20,15,5,0.3000,123,9990856748,9990842853,26,2052
docs\inst_test\instancias\n_1000_2,100,20,10,20,0.3000,2026,9998385388,9998372951,35,2052
docs\inst_test\instancias\n_1000_2,100,20,10,20,0.1000,123,9996330629,9996316194,40,2052
docs\inst_test\instancias\n_1000_2,100,20,15,10,0.1000,42,9999331207,9999316534,24,2052
docs\inst_test\instancias\n_1000_2,100,20,15,5,0.1000,2026,9998331097,9998316398,36,2052
docs\inst_test\instancias\n_1000_2,100,20,10,20,0.2000,123,9987801402,9987786386,42,2052
docs\inst_test\instancias\n_1000_2,100,20,10,20,0.3000,123,9990856664,9990843198,40,2052
docs\inst_test\instancias\n_1000_2,100,20,15,10,0.1000,2026,9998331097,9998316398,26,2052
docs\inst_test\instancias\n_1000_2,100,20,15,10,0.2000,123,9990329527,9990314934,26,2052
docs\inst_test\instancias\n_1000_2,100,20,15,10,0.3000,2026,9998385415,9998372658,24,2052
docs\inst_test\instancias\n_1000_2,100,20,15,10,0.3000,123,9990856748,9990842853,25,2052
docs\inst_test\instancias\n_1000_2,100,20,15,10,0.2000,2026,9988328180,9988314918,26,2052
docs\inst_test\instancias\n_1000_2,100,20,15,20,0.1000,42,9999331118,9999316242,28,2052
docs\inst_test\instancias\n_1000_2,100,20,15,20,0.1000,123,9996330629,9996316194,26,2052
docs\inst_test\instancias\n_1000_2,100,20,15,20,0.1000,2026,9998331097,9998316398,25,2052
docs\inst_test\instancias\n_1000_2,100,20,15,5,0.2000,123,9994857334,9994843352,43,2052
docs\inst_test\instancias\n_1000_2,100,20,15,5,0.2000,2026,9988329174,9988314581,43,2052
docs\inst_test\instancias\n_1000_2,100,20,15,20,0.2000,123,9987801402,9987786386,29,2052
docs\inst_test\instancias\n_1000_2,100,20,15,10,0.3000,42,9990329448,9990314935,36,2052
docs\inst_test\instancias\n_1000_2,100,20,15,20,0.3000,2026,9998385388,9998372951,19,2052
docs\inst_test\instancias\n_1000_2,100,20,15,20,0.2000,42,9996330818,9996315713,31,2052
docs\inst_test\instancias\n_1000_2,100,20,15,10,0.1000,123,9996330629,9996316194,41,2052
docs\inst_test\instancias\n_1000_2,100,20,15,20,0.2000,2026,9987801402,9987786386,29,2052
docs\inst_test\instancias\n_1000_2,100,20,15,10,0.2000,42,9999858330,9999844531,41,2052
docs\inst_test\instancias\n_1000_2,100,20,15,20,0.3000,42,9990329448,9990314935,26,2052
docs\inst_test\instancias\n_1000_2,100,20,15,20,0.3000,123,9990856664,9990843198,28,2052
docs\inst_test\instancias\n_1000_2,300,10,7,5,0.2000,123,9999912391,9999900751,62,2052
docs\inst_test\instancias\n_1000_2,300,10,7,10,0.3000,42,9998438516,9998428988,61,2052
docs\inst_test\instancias\n_1000_2,300,10,7,5,0.2000,42,9999858876,9999845001,77,2052
docs\inst_test\instancias\n_1000_2,300,10,7,10,0.3000,2026,9999438838,9999429166,67,2052
docs\inst_test\instancias\n_1000_2,300,10,7,10,0.2000,123,9999912391,9999900751,72,2052
docs\inst_test\instancias\n_1000_2,300,10,7,5,0.1000,42,9999331207,9999316534,87,2052
docs\inst_test\instancias\n_1000_2,300,10,7,5,0.3000,2026,9999438838,9999429166,80,2052
docs\inst_test\instancias\n_1000_2,300,10,7,10,0.1000,123,9996330629,9996316194,80,2052
docs\inst_test\instancias\n_1000_2,300,10,7,20,0.3000,42,9994911311,9994900125,66,2052
docs\inst_test\instancias\n_1000_2,300,10,7,20,0.2000,2026,9996385206,9996372915,67,2052
docs\inst_test\instancias\n_1000_2,300,10,7,20,0.3000,123,9992384096,9992371960,68,2052
docs\inst_test\instancias\n_1000_2,300,10,7,5,0.3000,123,9999438622,9999429155,86,2052
docs\inst_test\instancias\n_1000_2,300,10,7,10,0.1000,42,9999331207,9999316534,84,2052
docs\inst_test\instancias\n_1000_2,300,10,7,20,0.1000,2026,9998331097,9998316398,72,2052
docs\inst_test\instancias\n_1000_2,300,10,7,10,0.1000,2026,9998331097,9998316398,85,2052
docs\inst_test\instancias\n_1000_2,300,10,7,5,0.3000,42,9999964929,9999957495,90,2052
docs\inst_test\instancias\n_1000_2,300,10,7,10,0.3000,123,9996911904,9996900423,81,2052
docs\inst_test\instancias\n_1000_2,300,10,7,5,0.1000,2026,9998331097,9998316398,97,2052
docs\inst_test\instancias\n_1000_2,300,10,7,20,0.1000,123,9996330629,9996316194,78,2052
docs\inst_test\instancias\n_1000_2,300,10,7,5,0.1000,123,9997330825,9997316169,97,2052
docs\inst_test\instancias\n_1000_2,300,10,7,10,0.2000,2026,9996385206,9996372915,89,2052
docs\inst_test\instancias\n_1000_2,300,10,7,5,0.2000,2026,9998912519,9998900937,98,2052
docs\inst_test\instancias\n_1000_2,300,10,7,10,0.2000,42,9999858876,9999845001,96,2052
docs\inst_test\instancias\n_1000_2,300,10,7,20,0.2000,123,9998385547,9998372602,90,2052
docs\inst_test\instancias\n_1000_2,300,10,7,20,0.3000,2026,9998912310,9998901354,92,2052
docs\inst_test\instancias\n_1000_2,300,10,7,20,0.2000,42,9999858876,9999845001,102,2052
docs\inst_test\instancias\n_1000_2,300,10,7,20,0.1000,42,9999331207,9999316534,112,2052
docs\inst_test\instancias\n_1000_2,300,10,10,5,0.2000,123,9999912391,9999900751,58,2052
docs\inst_test\instancias\n_1000_2,300,10,10,5,0.3000,123,9999438622,9999429155,61,2052
docs\inst_test\instancias\n_1000_2,300,10,10,5,0.1000,42,9999331207,9999316534,85,2052
docs\inst_test\instancias\n_1000_2,300,10,10,5,0.3000,2026,9999438838,9999429166,68,2052
docs\inst_test\instancias\n_1000_2,300,10,10,5,0.2000,2026,9998912519,9998900937,73,2052
docs\inst_test\instancias\n_1000_2,300,10,10,5,0.3000,42,9999964929,9999957495,73,2052
docs\inst_test\instancias\n_1000_2,300,10,10,10,0.2000,2026,9996385206,9996372915,68,2052
docs\inst_test\instancias\n_1000_2,300,10,10,10,0.2000,123,9999912391,9999900751,73,2052
docs\inst_test\instancias\n_1000_2,300,10,10,10,0.1000,42,9999331207,9999316534,77,2052
docs\inst_test\instancias\n_1000_2,300,10,10,20,0.2000,123,9998385547,9998372602,63,2052
docs\inst_test\instancias\n_1000_2,300,10,10,10,0.3000,2026,9999438838,9999429166,75,2052
docs\inst_test\instancias\n_1000_2,300,10,10,5,0.1000,123,9997330825,9997316169,99,2052
docs\inst_test\instancias\n_1000_2,300,10,10,10,0.2000,42,9999858876,9999845001,84,2052
docs\inst_test\instancias\n_1000_2,300,10,10,5,0.1000,2026,9998331097,9998316398,99,2052
docs\inst_test\instancias\n_1000_2,300,10,10,5,0.2000,42,9999858876,9999845001,100,2052
docs\inst_test\instancias\n_1000_2,300,10,10,20,0.2000,42,9999858876,9999845001,82,2052
docs\inst_test\instancias\n_1000_2,300,10,10,10,0.3000,42,9998438516,9998428988,89,2052
docs\inst_test\instancias\n_1000_2,300,10,10,10,0.3000,123,9996911904,9996900423,93,2052
docs\inst_test\instancias\n_1000_2,300,10,10,20,0.1000,2026,9998331097,9998316398,91,2052
docs\inst_test\instancias\n_1000_2,300,10,10,20,0.3000,42,9994911311,9994900125,77,2052
docs\inst_test\instancias\n_1000_2,300,10,10,10,0.1000,123,9996330629,9996316194,104,2052
docs\inst_test\instancias\n_1000_2,300,10,10,10,0.1000,2026,9998331097,9998316398,108,2052
docs\inst_test\instancias\n_1000_2,300,10,10,20,0.1000,123,9996330629,9996316194,105,2052
docs\inst_test\instancias\n_1000_2,300,10,10,20,0.2000,2026,9996385206,9996372915,96,2052
docs\inst_test\instancias\n_1000_2,300,10,10,20,0.3000,123,9992384096,9992371960,84,2052
docs\inst_test\instancias\n_1000_2,300,10,10,20,0.1000,42,9999331207,9999316534,111,2052
docs\inst_test\instancias\n_1000_2,300,10,10,20,0.3000,2026,9998912310,9998901354,88,2052
docs\inst_test\instancias\n_1000_2,300,10,15,5,0.1000,2026,9998331097,9998316398,75,2052
docs\inst_test\instancias\n_1000_2,300,10,15,5,0.3000,42,9999964929,9999957495,67,2052
docs\inst_test\instancias\n_1000_2,300,10,15,5,0.1000,123,9997330825,9997316169,82,2052
docs\inst_test\instancias\n_1000_2,300,10,15,10,0.1000,42,9999331207,9999316534,62,2052
docs\inst_test\instancias\n_1000_2,300,10,15,5,0.1000,42,9999331207,9999316534,92,2052
docs\inst_test\instancias\n_1000_2,300,10,15,5,0.3000,123,9999438622,9999429155,69,2052
docs\inst_test\instancias\n_1000_2,300,10,15,5,0.2000,2026,9998912519,9998900937,76,2052
docs\inst_test\instancias\n_1000_2,300,10,15,10,0.2000,123,9999912391,9999900751,59,2052
docs\inst_test\instancias\n_1000_2,300,10,15,5,0.2000,42,9999858876,9999845001,84,2052
docs\inst_test\instancias\n_1000_2,300,10,15,10,0.3000,2026,9999438838,9999429166,53,2052
docs\inst_test\instancias\n_1000_2,300,10,15,10,0.3000,123,9996911904,9996900423,60,2052
docs\inst_test\instancias\n_1000_2,300,10,15,5,0.2000,123,9999912391,9999900751,85,2052
docs\inst_test\instancias\n_1000_2,300,10,15,10,0.2000,42,9999858876,9999845001,76,2052
docs\inst_test\instancias\n_1000_2,300,10,15,20,0.3000,42,9994911311,9994900125,54,2052
docs\inst_test\instancias\n_1000_2,300,10,15,5,0.3000,2026,9999438838,9999429166,96,2052
docs\inst_test\instancias\n_1000_2,300,10,15,10,0.1000,123,9996330629,9996316194,91,2052
docs\inst_test\instancias\n_1000_2,300,10,15,20,0.1000,123,9996330629,9996316194,71,2052
docs\inst_test\instancias\n_1000_2,300,10,15,10,0.3000,42,9998438516,9998428988,92,2052
docs\inst_test\instancias\n_1000_2,300,10,15,20,0.2000,2026,9996385206,9996372915,72,2052
docs\inst_test\instancias\n_1000_2,300,10,15,20,0.2000,42,9999858876,9999845001,83,2052
docs\inst_test\instancias\n_1000_2,300,10,15,10,0.2000,2026,9996385206,9996372915,103,2052
docs\inst_test\instancias\n_1000_2,300,10,15,10,0.1000,2026,9998331097,9998316398,113,2052
docs\inst_test\instancias\n_1000_2,300,10,15,20,0.1000,2026,9998331097,9998316398,92,2052
docs\inst_test\instancias\n_1000_2,300,10,15,20,0.2000,123,9998385547,9998372602,87,2052
docs\inst_test\instancias\n_1000_2,300,10,15,20,0.3000,2026,9998912310,9998901354,77,2052
docs\inst_test\instancias\n_1000_2,300,10,15,20,0.1000,42,9999331207,9999316534,110,2052
docs\inst_test\instancias\n_1000_2,300,10,15,20,0.3000,123,9992384096,9992371960,95,2052
docs\inst_test\instancias\n_1000_2,300,15,7,5,0.3000,42,9999964929,9999957495,69,2052
docs\inst_test\instancias\n_1000_2,300,15,7,5,0.1000,42,9999331207,9999316534,87,2052
docs\inst_test\instancias\n_1000_2,300,15,7,5,0.2000,2026,9998912519,9998900937,77,2052
docs\inst_test\instancias\n_1000_2,300,15,7,5,0.3000,2026,9999438838,9999429166,74,2052
docs\inst_test\instancias\n_1000_2,300,15,7,10,0.1000,42,9999331207,9999316534,74,2052
docs\inst_test\instancias\n_1000_2,300,15,7,5,0.2000,123,9999912391,9999900751,83,2052
docs\inst_test\instancias\n_1000_2,300,15,7,5,0.1000,123,9997330825,9997316169,92,2052
docs\inst_test\instancias\n_1000_2,300,15,7,5,0.3000,123,9999438622,9999429155,85,2052
docs\inst_test\instancias\n_1000_2,300,15,7,10,0.2000,42,9999858876,9999845001,72,2052
docs\inst_test\instancias\n_1000_2,300,15,7,10,0.2000,123,9999912391,9999900751,64,2052
docs\inst_test\instancias\n_1000_2,300,15,7,5,0.2000,42,9999858876,9999845001,103,2052
docs\inst_test\instancias\n_1000_2,300,15,7,10,0.1000,2026,9998331097,9998316398,89,2052
docs\inst_test\instancias\n_1000_2,300,15,7,5,0.1000,2026,9998331097,9998316398,106,2052
docs\inst_test\instancias\n_1000_2,300,15,7,10,0.2000,2026,9996385206,9996372915,75,2052
docs\inst_test\instancias\n_1000_2,300,15,7,10,0.3000,42,9998438516,9998428988,79,2052
docs\inst_test\instancias\n_1000_2,300,15,7,10,0.3000,2026,9999438838,9999429166,70,2052
docs\inst_test\instancias\n_1000_2,300,15,7,20,0.1000,42,9999331207,9999316534,72,2052
docs\inst_test\instancias\n_1000_2,300,15,7,10,0.1000,123,9996330629,9996316194,111,2052
docs\inst_test\instancias\n_1000_2,300,15,7,20,0.1000,123,9996330629,9996316194,75,2052
docs\inst_test\instancias\n_1000_2,300,15,7,10,0.3000,123,9996911904,9996900423,94,2052
docs\inst_test\instancias\n_1000_2,300,15,7,20,0.1000,2026,9998331097,9998316398,77,2052
docs\inst_test\instancias\n_1000_2,300,15,7,20,0.2000,42,9999858876,9999845001,77,2052
docs\inst_test\instancias\n_1000_2,300,15,7,20,0.2000,2026,9996385206,9996372915,79,2052
docs\inst_test\instancias\n_1000_2,300,15,7,20,0.3000,42,9994911311,9994900125,83,2052
docs\inst_test\instancias\n_1000_2,300,15,10,5,0.3000,42,9999964929,9999957495,59,2052
docs\inst_test\instancias\n_1000_2,300,15,7,20,0.3000,2026,9998912310,9998901354,80,2052
docs\inst_test\instancias\n_1000_2,300,15,10,5,0.2000,42,9999858876,9999845001,74,2052
docs\inst_test\instancias\n_1000_2,300,15,7,20,0.2000,123,9998385547,9998372602,104,2052
docs\inst_test\instancias\n_1000_2,300,15,10,10,0.1000,42,9999331207,9999316534,72,2052
docs\inst_test\instancias\n_1000_2,300,15,7,20,0.3000,123,9992384096,9992371960,97,2052
docs\inst_test\instancias\n_1000_2,300,15,10,10,0.3000,42,9998438516,9998428988,56,2052
docs\inst_test\instancias\n_1000_2,300,15,10,5,0.1000,123,9997330825,9997316169,92,2052
docs\inst_test\instancias\n_1000_2,300,15,10,5,0.2000,2026,9998912519,9998900937,90,2052
docs\inst_test\instancias\n_1000_2,300,15,10,5,0.2000,123,9999912391,9999900751,94,2052
docs\inst_test\instancias\n_1000_2,300,15,10,5,0.3000,123,9999438622,9999429155,89,2052
docs\inst_test\instancias\n_1000_2,300,15,10,5,0.3000,2026,9999438838,9999429166,90,2052
docs\inst_test\instancias\n_1000_2,300,15,10,10,0.3000,2026,9999438838,9999429166,60,2052
docs\inst_test\instancias\n_1000_2,300,15,10,10,0.2000,42,9999858876,9999845001,79,2052
docs\inst_test\instancias\n_1000_2,300,15,10,10,0.2000,123,9999912391,9999900751,81,2052
docs\inst_test\instancias\n_1000_2,300,15,10,10,0.1000,2026,9998331097,9998316398,86,2052
docs\inst_test\instancias\n_1000_2,300,15,10,10,0.2000,2026,9996385206,9996372915,79,2052
docs\inst_test\instancias\n_1000_2,300,15,10,5,0.1000,42,9999331207,9999316534,117,2052
docs\inst_test\instancias\n_1000_2,300,15,10,10,0.1000,123,9996330629,9996316194,91,2052
docs\inst_test\instancias\n_1000_2,300,15,10,20,0.2000,42,9999858876,9999845001,62,2052
docs\inst_test\instancias\n_1000_2,300,15,10,5,0.1000,2026,9998331097,9998316398,115,2052
docs\inst_test\instancias\n_1000_2,300,15,10,20,0.1000,123,9996330629,9996316194,70,2052
docs\inst_test\instancias\n_1000_2,300,15,10,10,0.3000,123,9996911904,9996900423,84,2052
docs\inst_test\instancias\n_1000_2,300,15,10,20,0.3000,42,9994911311,9994900125,75,2052
docs\inst_test\instancias\n_1000_2,300,15,10,20,0.2000,123,9998385547,9998372602,95,2052
docs\inst_test\instancias\n_1000_2,300,15,10,20,0.3000,123,9992384096,9992371960,81,2052
docs\inst_test\instancias\n_1000_2,300,15,10,20,0.3000,2026,9998912310,9998901354,74,2052
docs\inst_test\instancias\n_1000_2,300,15,15,5,0.1000,2026,9998331097,9998316398,66,2052
docs\inst_test\instancias\n_1000_2,300,15,15,5,0.2000,123,9999912391,9999900751,67,2052
docs\inst_test\instancias\n_1000_2,300,15,10,20,0.1000,42,9999331207,9999316534,113,2052
docs\inst_test\instancias\n_1000_2,300,15,10,20,0.1000,2026,9998331097,9998316398,114,2052
docs\inst_test\instancias\n_1000_2,300,15,15,5,0.1000,123,9997330825,9997316169,81,2052
docs\inst_test\instancias\n_1000_2,300,15,15,5,0.2000,42,9999858876,9999845001,76,2052
docs\inst_test\instancias\n_1000_2,300,15,15,5,0.2000,2026,9998912519,9998900937,74,2052
docs\inst_test\instancias\n_1000_2,300,15,15,5,0.3000,2026,9999438838,9999429166,68,2052
docs\inst_test\instancias\n_1000_2,300,15,10,20,0.2000,2026,9996385206,9996372915,106,2052
docs\inst_test\instancias\n_1000_2,300,15,15,5,0.3000,123,9999438622,9999429155,74,2052
docs\inst_test\instancias\n_1000_2,300,15,15,5,0.1000,42,9999331207,9999316534,95,2052
docs\inst_test\instancias\n_1000_2,300,15,15,5,0.3000,42,9999964929,9999957495,78,2052
docs\inst_test\instancias\n_1000_2,300,15,15,10,0.1000,123,9996330629,9996316194,77,2052
docs\inst_test\instancias\n_1000_2,300,15,15,10,0.3000,2026,9999438838,9999429166,69,2052
docs\inst_test\instancias\n_1000_2,300,15,15,20,0.1000,42,9999331207,9999316534,74,2052
docs\inst_test\instancias\n_1000_2,300,15,15,10,0.3000,123,9996911904,9996900423,79,2052
docs\inst_test\instancias\n_1000_2,300,15,15,10,0.3000,42,9998438516,9998428988,80,2052
docs\inst_test\instancias\n_1000_2,300,15,15,10,0.2000,2026,9996385206,9996372915,88,2052
docs\inst_test\instancias\n_1000_2,300,15,15,10,0.1000,42,9999331207,9999316534,94,2052
docs\inst_test\instancias\n_1000_2,300,15,15,10,0.2000,123,9999912391,9999900751,90,2052
docs\inst_test\instancias\n_1000_2,300,15,15,20,0.3000,2026,9998912310,9998901354,42,2052
docs\inst_test\instancias\n_1000_2,300,15,15,20,0.1000,123,9996330629,9996316194,80,2052
docs\inst_test\instancias\n_1000_2,300,15,15,10,0.2000,42,9999858876,9999845001,101,2052
docs\inst_test\instancias\n_1000_2,300,15,15,10,0.1000,2026,9998331097,9998316398,102,2052
docs\inst_test\instancias\n_1000_2,300,15,15,20,0.2000,42,9999858876,9999845001,69,2052
docs\inst_test\instancias\n_1000_2,300,15,15,20,0.2000,2026,9996385206,9996372915,71,2052
docs\inst_test\instancias\n_1000_2,300,15,15,20,0.2000,123,9998385547,9998372602,75,2052
docs\inst_test\instancias\n_1000_2,300,20,7,5,0.1000,123,9997330825,9997316169,72,2052
docs\inst_test\instancias\n_1000_2,300,15,15,20,0.1000,2026,9998331097,9998316398,95,2052
docs\inst_test\instancias\n_1000_2,300,20,7,5,0.2000,2026,9998912519,9998900937,67,2052
docs\inst_test\instancias\n_1000_2,300,20,7,5,0.2000,123,9999912391,9999900751,74,2052
docs\inst_test\instancias\n_1000_2,300,20,7,5,0.1000,2026,9998331097,9998316398,82,2052
docs\inst_test\instancias\n_1000_2,300,15,15,20,0.3000,42,9994911311,9994900125,101,2052
docs\inst_test\instancias\n_1000_2,300,20,7,5,0.3000,123,9999438622,9999429155,77,2052
docs\inst_test\instancias\n_1000_2,300,20,7,5,0.3000,42,9999964929,9999957495,80,2052
docs\inst_test\instancias\n_1000_2,300,15,15,20,0.3000,123,9992384096,9992371960,100,2052
docs\inst_test\instancias\n_1000_2,300,20,7,5,0.2000,42,9999858876,9999845001,94,2052
docs\inst_test\instancias\n_1000_2,300,20,7,10,0.2000,123,9999912391,9999900751,72,2052
docs\inst_test\instancias\n_1000_2,300,20,7,5,0.1000,42,9999331207,9999316534,104,2052
docs\inst_test\instancias\n_1000_2,300,20,7,10,0.1000,2026,9998331097,9998316398,78,2052
docs\inst_test\instancias\n_1000_2,300,20,7,10,0.1000,42,9999331207,9999316534,90,2052
docs\inst_test\instancias\n_1000_2,300,20,7,10,0.2000,2026,9996385206,9996372915,75,2052
docs\inst_test\instancias\n_1000_2,300,20,7,10,0.3000,123,9996911904,9996900423,74,2052
docs\inst_test\instancias\n_1000_2,300,20,7,5,0.3000,2026,9999438838,9999429166,97,2052
docs\inst_test\instancias\n_1000_2,300,20,7,10,0.3000,42,9998438516,9998428988,77,2052
docs\inst_test\instancias\n_1000_2,300,20,7,20,0.1000,2026,9998331097,9998316398,73,2052
docs\inst_test\instancias\n_1000_2,300,20,7,10,0.2000,42,9999858876,9999845001,89,2052
docs\inst_test\instancias\n_1000_2,300,20,7,10,0.3000,2026,9999438838,9999429166,81,2052
docs\inst_test\instancias\n_1000_2,300,20,7,20,0.1000,123,9996330629,9996316194,80,2052
docs\inst_test\instancias\n_1000_2,300,20,7,20,0.1000,42,9999331207,9999316534,85,2052
docs\inst_test\instancias\n_1000_2,300,20,7,20,0.2000,123,9998385547,9998372602,74,2052
docs\inst_test\instancias\n_1000_2,300,20,7,10,0.1000,123,9996330629,9996316194,116,2052
docs\inst_test\instancias\n_1000_2,300,20,7,20,0.3000,123,9992384096,9992371960,79,2052
docs\inst_test\instancias\n_1000_2,300,20,7,20,0.2000,42,9999858876,9999845001,98,2052
docs\inst_test\instancias\n_1000_2,300,20,7,20,0.2000,2026,9996385206,9996372915,104,2052
docs\inst_test\instancias\n_1000_2,300,20,7,20,0.3000,42,9994911311,9994900125,95,2052
docs\inst_test\instancias\n_1000_2,300,20,10,5,0.1000,123,9997330825,9997316169,87,2052
docs\inst_test\instancias\n_1000_2,300,20,10,5,0.3000,123,9999438622,9999429155,69,2052
docs\inst_test\instancias\n_1000_2,300,20,7,20,0.3000,2026,9998912310,9998901354,98,2052
docs\inst_test\instancias\n_1000_2,300,20,10,5,0.3000,42,9999964929,9999957495,76,2052
docs\inst_test\instancias\n_1000_2,300,20,10,5,0.1000,42,9999331207,9999316534,96,2052
docs\inst_test\instancias\n_1000_2,300,20,10,5,0.2000,42,9999858876,9999845001,90,2052
docs\inst_test\instancias\n_1000_2,300,20,10,5,0.2000,123,9999912391,9999900751,90,2052
docs\inst_test\instancias\n_1000_2,300,20,10,5,0.1000,2026,9998331097,9998316398,92,2052
docs\inst_test\instancias\n_1000_2,300,20,10,10,0.2000,123,9999912391,9999900751,72,2052
docs\inst_test\instancias\n_1000_2,300,20,10,10,0.3000,42,9998438516,9998428988,66,2052
docs\inst_test\instancias\n_1000_2,300,20,10,10,0.3000,123,9996911904,9996900423,66,2052
docs\inst_test\instancias\n_1000_2,300,20,10,10,0.2000,42,9999858876,9999845001,76,2052
docs\inst_test\instancias\n_1000_2,300,20,10,10,0.1000,42,9999331207,9999316534,79,2052
docs\inst_test\instancias\n_1000_2,300,20,10,10,0.1000,123,9996330629,9996316194,83,2052
docs\inst_test\instancias\n_1000_2,300,20,10,10,0.3000,2026,9999438838,9999429166,74,2052
docs\inst_test\instancias\n_1000_2,300,20,10,5,0.2000,2026,9998912519,9998900937,102,2052
docs\inst_test\instancias\n_1000_2,300,20,10,10,0.1000,2026,9998331097,9998316398,88,2052
docs\inst_test\instancias\n_1000_2,300,20,10,5,0.3000,2026,9999438838,9999429166,94,2052
docs\inst_test\instancias\n_1000_2,300,20,10,20,0.1000,42,9999331207,9999316534,78,2052
docs\inst_test\instancias\n_1000_2,300,20,10,10,0.2000,2026,9996385206,9996372915,96,2052
docs\inst_test\instancias\n_1000_2,300,20,10,20,0.1000,2026,9998331097,9998316398,79,2052
docs\inst_test\instancias\n_1000_2,300,20,10,20,0.3000,123,9992384096,9992371960,54,2052
docs\inst_test\instancias\n_1000_2,300,20,10,20,0.2000,42,9999858876,9999845001,86,2052
docs\inst_test\instancias\n_1000_2,300,20,10,20,0.1000,123,9996330629,9996316194,102,2052
docs\inst_test\instancias\n_1000_2,300,20,15,5,0.3000,42,9999964929,9999957495,55,2052
docs\inst_test\instancias\n_1000_2,300,20,10,20,0.3000,2026,9998912310,9998901354,65,2052
docs\inst_test\instancias\n_1000_2,300,20,10,20,0.2000,2026,9996385206,9996372915,86,2052
docs\inst_test\instancias\n_1000_2,300,20,10,20,0.3000,42,9994911311,9994900125,80,2052
docs\inst_test\instancias\n_1000_2,300,20,15,5,0.3000,2026,9999438838,9999429166,69,2052
docs\inst_test\instancias\n_1000_2,300,20,15,5,0.1000,2026,9998331097,9998316398,80,2052
docs\inst_test\instancias\n_1000_2,300,20,15,5,0.2000,123,9999912391,9999900751,76,2052
docs\inst_test\instancias\n_1000_2,300,20,15,5,0.2000,42,9999858876,9999845001,79,2052
docs\inst_test\instancias\n_1000_2,300,20,15,5,0.1000,42,9999331207,9999316534,90,2052
docs\inst_test\instancias\n_1000_2,300,20,15,5,0.3000,123,9999438622,9999429155,79,2052
docs\inst_test\instancias\n_1000_2,300,20,10,20,0.2000,123,9998385547,9998372602,108,2052
docs\inst_test\instancias\n_1000_2,300,20,15,10,0.3000,42,9998438516,9998428988,66,2052
docs\inst_test\instancias\n_1000_2,300,20,15,10,0.2000,123,9999912391,9999900751,74,2052
docs\inst_test\instancias\n_1000_2,300,20,15,5,0.2000,2026,9998912519,9998900937,87,2052
docs\inst_test\instancias\n_1000_2,300,20,15,5,0.1000,123,9997330825,9997316169,95,2052
docs\inst_test\instancias\n_1000_2,300,20,15,10,0.3000,123,9996911904,9996900423,82,2052
docs\inst_test\instancias\n_1000_2,300,20,15,10,0.3000,2026,9999438838,9999429166,80,2052
docs\inst_test\instancias\n_1000_2,300,20,15,10,0.1000,123,9996330629,9996316194,97,2052
docs\inst_test\instancias\n_1000_2,300,20,15,10,0.1000,2026,9998331097,9998316398,100,2052
docs\inst_test\instancias\n_1000_2,300,20,15,10,0.1000,42,9999331207,9999316534,106,2052
docs\inst_test\instancias\n_1000_2,300,20,15,10,0.2000,2026,9996385206,9996372915,94,2052
docs\inst_test\instancias\n_1000_2,300,20,15,20,0.1000,123,9996330629,9996316194,78,2052
docs\inst_test\instancias\n_1000_2,300,20,15,10,0.2000,42,9999858876,9999845001,102,2052
docs\inst_test\instancias\n_1000_2,300,20,15,20,0.1000,42,9999331207,9999316534,86,2052
docs\inst_test\instancias\n_1000_2,300,20,15,20,0.2000,42,9999858876,9999845001,78,2052
docs\inst_test\instancias\n_1000_2,300,20,15,20,0.3000,123,9992384096,9992371960,72,2052
docs\inst_test\instancias\n_1000_2,300,20,15,20,0.3000,2026,9998912310,9998901354,66,2052
docs\inst_test\instancias\n_1000_2,300,20,15,20,0.2000,123,9998385547,9998372602,91,2052
docs\inst_test\instancias\n_1000_2,300,20,15,20,0.1000,2026,9998331097,9998316398,97,2052
docs\inst_test\instancias\n_1000_2,300,20,15,20,0.3000,42,9994911311,9994900125,83,2052
docs\inst_test\instancias\n_1000_2,300,20,15,20,0.2000,2026,9996385206,9996372915,99,2052
docs\inst_test\instancias\n_1000_2,500,10,7,5,0.3000,42,9999964929,9999957495,104,2052
docs\inst_test\instancias\n_1000_2,500,10,7,5,0.3000,123,9999438622,9999429155,126,2052
docs\inst_test\instancias\n_1000_2,500,10,7,5,0.2000,123,9999912391,9999900751,130,2052
docs\inst_test\instancias\n_1000_2,500,10,7,10,0.3000,2026,9999438838,9999429166,102,2052
docs\inst_test\instancias\n_1000_2,500,10,7,5,0.3000,2026,9999438838,9999429166,127,2052
docs\inst_test\instancias\n_1000_2,500,10,7,10,0.2000,123,9999912391,9999900751,118,2052
docs\inst_test\instancias\n_1000_2,500,10,7,10,0.2000,2026,9998912519,9998900937,118,2052
docs\inst_test\instancias\n_1000_2,500,10,7,5,0.1000,42,9999331207,9999316534,154,2052
docs\inst_test\instancias\n_1000_2,500,10,7,10,0.3000,42,9999964929,9999957495,117,2052
docs\inst_test\instancias\n_1000_2,500,10,7,10,0.1000,42,9999331207,9999316534,144,2052
docs\inst_test\instancias\n_1000_2,500,10,7,5,0.2000,2026,9998912519,9998900937,152,2052
docs\inst_test\instancias\n_1000_2,500,10,7,10,0.3000,123,9999438622,9999429155,125,2052
docs\inst_test\instancias\n_1000_2,500,10,7,20,0.1000,123,9996330629,9996316194,125,2052
docs\inst_test\instancias\n_1000_2,500,10,7,5,0.2000,42,9999858876,9999845001,162,2052
docs\inst_test\instancias\n_1000_2,500,10,7,5,0.1000,123,9997330834,9997316081,171,2052
docs\inst_test\instancias\n_1000_2,500,10,7,5,0.1000,2026,9998331097,9998316398,171,2052
docs\inst_test\instancias\n_1000_2,500,10,7,20,0.2000,123,9999912391,9999900751,118,2052
docs\inst_test\instancias\n_1000_2,500,10,7,20,0.3000,123,9996911904,9996900423,112,2052
docs\inst_test\instancias\n_1000_2,500,10,7,10,0.1000,2026,9998331097,9998316398,156,2052
docs\inst_test\instancias\n_1000_2,500,10,7,20,0.1000,2026,9998331097,9998316398,142,2052
docs\inst_test\instancias\n_1000_2,500,10,7,20,0.3000,2026,9999438838,9999429166,109,2052
docs\inst_test\instancias\n_1000_2,500,10,7,20,0.2000,42,9999858876,9999845001,133,2052
docs\inst_test\instancias\n_1000_2,500,10,7,20,0.1000,42,9999331207,9999316534,156,2052
docs\inst_test\instancias\n_1000_2,500,10,7,10,0.2000,42,9999858876,9999845001,170,2052
docs\inst_test\instancias\n_1000_2,500,10,7,20,0.3000,42,9999964923,9999957651,133,2052
docs\inst_test\instancias\n_1000_2,500,10,7,10,0.1000,123,9996330629,9996316194,191,2052
docs\inst_test\instancias\n_1000_2,500,10,7,20,0.2000,2026,9996385206,9996372915,152,2052
docs\inst_test\instancias\n_1000_2,500,10,10,5,0.3000,42,9999964929,9999957495,115,2052
docs\inst_test\instancias\n_1000_2,500,10,10,5,0.2000,2026,9998912519,9998900937,123,2052
docs\inst_test\instancias\n_1000_2,500,10,10,5,0.3000,2026,9999438838,9999429166,119,2052
docs\inst_test\instancias\n_1000_2,500,10,10,5,0.1000,42,9999331207,9999316534,164,2052
docs\inst_test\instancias\n_1000_2,500,10,10,5,0.2000,42,9999858876,9999845001,138,2052
docs\inst_test\instancias\n_1000_2,500,10,10,5,0.3000,123,9999438622,9999429155,126,2052
docs\inst_test\instancias\n_1000_2,500,10,10,5,0.2000,123,9999912391,9999900751,140,2052
docs\inst_test\instancias\n_1000_2,500,10,10,10,0.2000,42,9999858876,9999845001,117,2052
docs\inst_test\instancias\n_1000_2,500,10,10,10,0.2000,123,9999912391,9999900751,119,2052
docs\inst_test\instancias\n_1000_2,500,10,10,5,0.1000,123,9997330834,9997316081,149,2052
docs\inst_test\instancias\n_1000_2,500,10,10,20,0.2000,2026,9996385206,9996372915,94,2052
docs\inst_test\instancias\n_1000_2,500,10,10,10,0.3000,123,9999438622,9999429155,119,2052
docs\inst_test\instancias\n_1000_2,500,10,10,10,0.1000,42,9999331207,9999316534,141,2052
docs\inst_test\instancias\n_1000_2,500,10,10,20,0.2000,123,9999912391,9999900751,104,2052
docs\inst_test\instancias\n_1000_2,500,10,10,10,0.3000,42,9999964929,9999957495,127,2052
docs\inst_test\instancias\n_1000_2,500,10,10,10,0.3000,2026,9999438838,9999429166,121,2052
docs\inst_test\instancias\n_1000_2,500,10,10,20,0.1000,123,9996330629,9996316194,113,2052
docs\inst_test\instancias\n_1000_2,500,10,10,10,0.2000,2026,9998912519,9998900937,132,2052
docs\inst_test\instancias\n_1000_2,500,10,10,20,0.3000,123,9996911904,9996900423,98,2052
docs\inst_test\instancias\n_1000_2,500,10,10,10,0.1000,2026,9998331097,9998316398,146,2052
docs\inst_test\instancias\n_1000_2,500,10,10,10,0.1000,123,9996330629,9996316194,148,2052
docs\inst_test\instancias\n_1000_2,500,10,10,20,0.3000,42,9999964923,9999957651,109,2052
docs\inst_test\instancias\n_1000_2,500,10,10,5,0.1000,2026,9998331097,9998316398,171,2052
docs\inst_test\instancias\n_1000_2,500,10,10,20,0.2000,42,9999858876,9999845001,131,2052
docs\inst_test\instancias\n_1000_2,500,10,10,20,0.1000,42,9999331207,9999316534,146,2052
docs\inst_test\instancias\n_1000_2,500,10,10,20,0.1000,2026,9998331097,9998316398,140,2052
docs\inst_test\instancias\n_1000_2,500,10,10,20,0.3000,2026,9999438838,9999429166,122,2052
docs\inst_test\instancias\n_1000_2,500,10,15,5,0.3000,42,9999964929,9999957495,94,2052
docs\inst_test\instancias\n_1000_2,500,10,15,5,0.2000,2026,9998912519,9998900937,99,2052
docs\inst_test\instancias\n_1000_2,500,10,15,5,0.3000,2026,9999438838,9999429166,96,2052
docs\inst_test\instancias\n_1000_2,500,10,15,10,0.3000,42,9999964929,9999957495,83,2052
docs\inst_test\instancias\n_1000_2,500,10,15,5,0.3000,123,9999438622,9999429155,102,2052
docs\inst_test\instancias\n_1000_2,500,10,15,5,0.2000,123,9999912391,9999900751,112,2052
docs\inst_test\instancias\n_1000_2,500,10,15,5,0.1000,42,9999331207,9999316534,128,2052
docs\inst_test\instancias\n_1000_2,500,10,15,10,0.3000,123,9999438622,9999429155,94,2052
docs\inst_test\instancias\n_1000_2,500,10,15,5,0.1000,2026,9998331097,9998316398,127,2052
docs\inst_test\instancias\n_1000_2,500,10,15,10,0.2000,2026,9998912519,9998900937,101,2052
docs\inst_test\instancias\n_1000_2,500,10,15,5,0.2000,42,9999858876,9999845001,125,2052
docs\inst_test\instancias\n_1000_2,500,10,15,10,0.2000,42,9999858876,9999845001,103,2052
docs\inst_test\instancias\n_1000_2,500,10,15,10,0.1000,123,9996330629,9996316194,111,2052
docs\inst_test\instancias\n_1000_2,500,10,15,10,0.3000,2026,9999438838,9999429166,100,2052
docs\inst_test\instancias\n_1000_2,500,10,15,10,0.2000,123,9999912391,9999900751,107,2052
docs\inst_test\instancias\n_1000_2,500,10,15,5,0.1000,123,9997330834,9997316081,137,2052
docs\inst_test\instancias\n_1000_2,500,10,15,20,0.2000,123,9999912391,9999900751,99,2052
docs\inst_test\instancias\n_1000_2,500,10,15,10,0.1000,2026,9998331097,9998316398,111,2052
docs\inst_test\instancias\n_1000_2,500,10,15,10,0.1000,42,9999331207,9999316534,126,2052
docs\inst_test\instancias\n_1000_2,500,10,15,20,0.3000,123,9996911904,9996900423,85,2052
docs\inst_test\instancias\n_1000_2,500,10,15,20,0.1000,2026,9998331097,9998316398,108,2052
docs\inst_test\instancias\n_1000_2,500,10,15,20,0.2000,2026,9996385206,9996372915,94,2052
docs\inst_test\instancias\n_1000_2,500,10,15,20,0.2000,42,9999858876,9999845001,114,2052
docs\inst_test\instancias\n_1000_2,500,10,15,20,0.3000,42,9999964923,9999957651,97,2052
docs\inst_test\instancias\n_1000_2,500,10,15,20,0.1000,42,9999331207,9999316534,121,2052
docs\inst_test\instancias\n_1000_2,500,10,15,20,0.1000,123,9996330629,9996316194,126,2052
docs\inst_test\instancias\n_1000_2,500,10,15,20,0.3000,2026,9999438838,9999429166,96,2052
docs\inst_test\instancias\n_1000_2,500,15,7,5,0.3000,123,9999438622,9999429155,88,2052
docs\inst_test\instancias\n_1000_2,500,15,7,5,0.2000,123,9999912391,9999900751,101,2052
docs\inst_test\instancias\n_1000_2,500,15,7,5,0.3000,42,9999964929,9999957495,100,2052
docs\inst_test\instancias\n_1000_2,500,15,7,5,0.3000,2026,9999438838,9999429166,95,2052
docs\inst_test\instancias\n_1000_2,500,15,7,10,0.3000,42,9999964929,9999957495,87,2052
docs\inst_test\instancias\n_1000_2,500,15,7,5,0.1000,42,9999331207,9999316534,122,2052
docs\inst_test\instancias\n_1000_2,500,15,7,5,0.2000,42,9999858876,9999845001,117,2052
docs\inst_test\instancias\n_1000_2,500,15,7,5,0.2000,2026,9998912519,9998900937,115,2052
docs\inst_test\instancias\n_1000_2,500,15,7,10,0.2000,123,9999912391,9999900751,101,2052
docs\inst_test\instancias\n_1000_2,500,15,7,10,0.3000,123,9999438622,9999429155,100,2052
docs\inst_test\instancias\n_1000_2,500,15,7,5,0.1000,2026,9998331097,9998316398,128,2052
docs\inst_test\instancias\n_1000_2,500,15,7,5,0.1000,123,9997330834,9997316081,131,2052
docs\inst_test\instancias\n_1000_2,500,15,7,10,0.3000,2026,9999438838,9999429166,101,2052
docs\inst_test\instancias\n_1000_2,500,15,7,10,0.2000,42,9999858876,9999845001,106,2052
docs\inst_test\instancias\n_1000_2,500,15,7,20,0.2000,123,9999912391,9999900751,90,2052
docs\inst_test\instancias\n_1000_2,500,15,7,10,0.2000,2026,9998912519,9998900937,108,2052
docs\inst_test\instancias\n_1000_2,500,15,7,20,0.1000,42,9999331207,9999316534,104,2052
docs\inst_test\instancias\n_1000_2,500,15,7,10,0.1000,123,9996330629,9996316194,118,2052
docs\inst_test\instancias\n_1000_2,500,15,7,20,0.2000,42,9999858876,9999845001,104,2052
docs\inst_test\instancias\n_1000_2,500,15,7,20,0.1000,123,9996330629,9996316194,109,2052
docs\inst_test\instancias\n_1000_2,500,15,7,10,0.1000,42,9999331207,9999316534,124,2052
docs\inst_test\instancias\n_1000_2,500,15,7,20,0.2000,2026,9996385206,9996372915,100,2052
docs\inst_test\instancias\n_1000_2,500,15,7,20,0.1000,2026,9998331097,9998316398,112,2052
docs\inst_test\instancias\n_1000_2,500,15,7,20,0.3000,42,9999964923,9999957651,102,2052
docs\inst_test\instancias\n_1000_2,500,15,7,20,0.3000,123,9996911904,9996900423,95,2052
docs\inst_test\instancias\n_1000_2,500,15,7,10,0.1000,2026,9998331097,9998316398,131,2052
docs\inst_test\instancias\n_1000_2,500,15,7,20,0.3000,2026,9999438838,9999429166,99,2052
docs\inst_test\instancias\n_1000_2,500,15,10,5,0.3000,42,9999964929,9999957495,93,2052
docs\inst_test\instancias\n_1000_2,500,15,10,5,0.1000,123,9997330834,9997316081,116,2052
docs\inst_test\instancias\n_1000_2,500,15,10,5,0.2000,2026,9998912519,9998900937,105,2052
docs\inst_test\instancias\n_1000_2,500,15,10,5,0.3000,123,9999438622,9999429155,96,2052
docs\inst_test\instancias\n_1000_2,500,15,10,5,0.2000,123,9999912391,9999900751,110,2052
docs\inst_test\instancias\n_1000_2,500,15,10,5,0.3000,2026,9999438838,9999429166,100,2052
docs\inst_test\instancias\n_1000_2,500,15,10,10,0.3000,42,9999964929,9999957495,94,2052
docs\inst_test\instancias\n_1000_2,500,15,10,10,0.3000,123,9999438622,9999429155,99,2052
docs\inst_test\instancias\n_1000_2,500,15,10,10,0.3000,2026,9999438838,9999429166,94,2052
docs\inst_test\instancias\n_1000_2,500,15,10,10,0.2000,42,9999858876,9999845001,106,2052
docs\inst_test\instancias\n_1000_2,500,15,10,5,0.1000,42,9999331207,9999316534,131,2052
docs\inst_test\instancias\n_1000_2,500,15,10,10,0.2000,2026,9998912519,9998900937,104,2052
docs\inst_test\instancias\n_1000_2,500,15,10,10,0.1000,123,9996330629,9996316194,109,2052
docs\inst_test\instancias\n_1000_2,500,15,10,20,0.3000,2026,9999438838,9999429166,84,2052
docs\inst_test\instancias\n_1000_2,500,15,10,20,0.1000,123,9996330629,9996316194,94,2052
docs\inst_test\instancias\n_1000_2,500,15,10,10,0.2000,123,9999912391,9999900751,109,2052
docs\inst_test\instancias\n_1000_2,500,15,10,5,0.2000,42,9999858876,9999845001,127,2052
docs\inst_test\instancias\n_1000_2,500,15,10,5,0.1000,2026,9998331097,9998316398,129,2052
docs\inst_test\instancias\n_1000_2,500,15,10,20,0.1000,2026,9998331097,9998316398,102,2052
docs\inst_test\instancias\n_1000_2,500,15,10,20,0.3000,42,9999964923,9999957651,99,2052
docs\inst_test\instancias\n_1000_2,500,15,10,10,0.1000,2026,9998331097,9998316398,122,2052
docs\inst_test\instancias\n_1000_2,500,15,10,10,0.1000,42,9999331207,9999316534,125,2052
docs\inst_test\instancias\n_1000_2,500,15,10,20,0.3000,123,9996911904,9996900423,103,2052
docs\inst_test\instancias\n_1000_2,500,15,10,20,0.2000,42,9999858876,9999845001,111,2052
docs\inst_test\instancias\n_1000_2,500,15,10,20,0.2000,2026,9996385206,9996372915,110,2052
docs\inst_test\instancias\n_1000_2,500,15,10,20,0.2000,123,9999912391,9999900751,111,2052
docs\inst_test\instancias\n_1000_2,500,15,10,20,0.1000,42,9999331207,9999316534,120,2052
docs\inst_test\instancias\n_1000_2,500,15,15,5,0.3000,42,9999964929,9999957495,83,2052
docs\inst_test\instancias\n_1000_2,500,15,15,10,0.3000,42,9999964929,9999957495,85,2052
docs\inst_test\instancias\n_1000_2,500,15,15,5,0.3000,2026,9999438838,9999429166,96,2052
docs\inst_test\instancias\n_1000_2,500,15,15,5,0.2000,2026,9998912519,9998900937,104,2052
docs\inst_test\instancias\n_1000_2,500,15,15,5,0.3000,123,9999438622,9999429155,98,2052
docs\inst_test\instancias\n_1000_2,500,15,15,10,0.3000,123,9999438622,9999429155,91,2052
docs\inst_test\instancias\n_1000_2,500,15,15,5,0.2000,123,9999912391,9999900751,114,2052
docs\inst_test\instancias\n_1000_2,500,15,15,5,0.2000,42,9999858876,9999845001,118,2052
docs\inst_test\instancias\n_1000_2,500,15,15,10,0.2000,123,9999912391,9999900751,101,2052
docs\inst_test\instancias\n_1000_2,500,15,15,10,0.3000,2026,9999438838,9999429166,98,2052
docs\inst_test\instancias\n_1000_2,500,15,15,5,0.1000,2026,9998331097,9998316398,121,2052
docs\inst_test\instancias\n_1000_2,500,15,15,5,0.1000,42,9999331207,9999316534,130,2052
docs\inst_test\instancias\n_1000_2,500,15,15,10,0.2000,2026,9998912519,9998900937,109,2052
docs\inst_test\instancias\n_1000_2,500,15,15,5,0.1000,123,9997330834,9997316081,133,2052
docs\inst_test\instancias\n_1000_2,500,15,15,10,0.2000,42,9999858876,9999845001,118,2052
docs\inst_test\instancias\n_1000_2,500,15,15,20,0.1000,42,9999331207,9999316534,109,2052
docs\inst_test\instancias\n_1000_2,500,15,15,20,0.2000,123,9999912391,9999900751,100,2052
docs\inst_test\instancias\n_1000_2,500,15,15,10,0.1000,2026,9998331097,9998316398,121,2052
docs\inst_test\instancias\n_1000_2,500,15,15,20,0.3000,42,9999964923,9999957651,99,2052
docs\inst_test\instancias\n_1000_2,500,15,15,10,0.1000,123,9996330629,9996316194,124,2052
docs\inst_test\instancias\n_1000_2,500,15,15,10,0.1000,42,9999331207,9999316534,125,2052
docs\inst_test\instancias\n_1000_2,500,15,15,20,0.3000,123,9996911904,9996900423,103,2052
docs\inst_test\instancias\n_1000_2,500,15,15,20,0.3000,2026,9999438838,9999429166,100,2052
docs\inst_test\instancias\n_1000_2,500,15,15,20,0.1000,2026,9998331097,9998316398,113,2052
docs\inst_test\instancias\n_1000_2,500,15,15,20,0.1000,123,9996330629,9996316194,119,2052
docs\inst_test\instancias\n_1000_2,500,15,15,20,0.2000,42,9999858876,9999845001,113,2052
docs\inst_test\instancias\n_1000_2,500,15,15,20,0.2000,2026,9996385206,9996372915,113,2052
docs\inst_test\instancias\n_1000_2,500,20,7,5,0.2000,123,9999912391,9999900751,104,2052
docs\inst_test\instancias\n_1000_2,500,20,7,10,0.2000,123,9999912391,9999900751,84,2052
docs\inst_test\instancias\n_1000_2,500,20,7,5,0.3000,2026,9999438838,9999429166,98,2052
docs\inst_test\instancias\n_1000_2,500,20,7,5,0.3000,42,9999964929,9999957495,100,2052
docs\inst_test\instancias\n_1000_2,500,20,7,5,0.3000,123,9999438622,9999429155,102,2052
docs\inst_test\instancias\n_1000_2,500,20,7,5,0.2000,2026,9998912519,9998900937,108,2052
docs\inst_test\instancias\n_1000_2,500,20,7,10,0.2000,2026,9998912519,9998900937,89,2052
docs\inst_test\instancias\n_1000_2,500,20,7,5,0.1000,42,9999331207,9999316534,135,2052
docs\inst_test\instancias\n_1000_2,500,20,7,5,0.2000,42,9999858876,9999845001,117,2052
docs\inst_test\instancias\n_1000_2,500,20,7,10,0.3000,2026,9999438838,9999429166,90,2052
docs\inst_test\instancias\n_1000_2,500,20,7,10,0.3000,123,9999438622,9999429155,92,2052
docs\inst_test\instancias\n_1000_2,500,20,7,10,0.3000,42,9999964929,9999957495,96,2052
docs\inst_test\instancias\n_1000_2,500,20,7,5,0.1000,123,9997330834,9997316081,130,2052
docs\inst_test\instancias\n_1000_2,500,20,7,20,0.3000,2026,9999438838,9999429166,88,2052
docs\inst_test\instancias\n_1000_2,500,20,7,10,0.1000,42,9999331207,9999316534,121,2052
docs\inst_test\instancias\n_1000_2,500,20,7,10,0.1000,2026,9998331097,9998316398,119,2052
docs\inst_test\instancias\n_1000_2,500,20,7,5,0.1000,2026,9998331097,9998316398,134,2052
docs\inst_test\instancias\n_1000_2,500,20,7,10,0.1000,123,9996330629,9996316194,121,2052
docs\inst_test\instancias\n_1000_2,500,20,7,20,0.3000,42,9999964923,9999957651,99,2052
docs\inst_test\instancias\n_1000_2,500,20,7,20,0.3000,123,9996911904,9996900423,99,2052
docs\inst_test\instancias\n_1000_2,500,20,7,20,0.2000,123,9999912391,9999900751,105,2052
docs\inst_test\instancias\n_1000_2,500,20,7,10,0.2000,42,9999858876,9999845001,117,2052
docs\inst_test\instancias\n_1000_2,500,20,7,20,0.1000,2026,9998331097,9998316398,106,2052
docs\inst_test\instancias\n_1000_2,500,20,7,20,0.2000,2026,9996385206,9996372915,104,2052
docs\inst_test\instancias\n_1000_2,500,20,7,20,0.1000,42,9999331207,9999316534,117,2052
docs\inst_test\instancias\n_1000_2,500,20,7,20,0.2000,42,9999858876,9999845001,113,2052
docs\inst_test\instancias\n_1000_2,500,20,7,20,0.1000,123,9996330629,9996316194,125,2052
docs\inst_test\instancias\n_1000_2,500,20,10,5,0.3000,42,9999964929,9999957495,91,2052
docs\inst_test\instancias\n_1000_2,500,20,10,5,0.3000,2026,9999438838,9999429166,94,2052
docs\inst_test\instancias\n_1000_2,500,20,10,5,0.3000,123,9999438622,9999429155,101,2052
docs\inst_test\instancias\n_1000_2,500,20,10,5,0.2000,123,9999912391,9999900751,113,2052
docs\inst_test\instancias\n_1000_2,500,20,10,10,0.2000,123,9999912391,9999900751,96,2052
docs\inst_test\instancias\n_1000_2,500,20,10,5,0.2000,2026,9998912519,9998900937,114,2052
docs\inst_test\instancias\n_1000_2,500,20,10,10,0.3000,42,9999964929,9999957495,95,2052
docs\inst_test\instancias\n_1000_2,500,20,10,10,0.1000,2026,9998331097,9998316398,106,2052
docs\inst_test\instancias\n_1000_2,500,20,10,5,0.1000,123,9997330834,9997316081,123,2052
docs\inst_test\instancias\n_1000_2,500,20,10,10,0.3000,2026,9999438838,9999429166,97,2052
docs\inst_test\instancias\n_1000_2,500,20,10,10,0.1000,123,9996330629,9996316194,114,2052
docs\inst_test\instancias\n_1000_2,500,20,10,5,0.2000,42,9999858876,9999845001,124,2052
docs\inst_test\instancias\n_1000_2,500,20,10,10,0.3000,123,9999438622,9999429155,101,2052
docs\inst_test\instancias\n_1000_2,500,20,10,5,0.1000,2026,9998331097,9998316398,130,2052
docs\inst_test\instancias\n_1000_2,500,20,10,10,0.2000,2026,9998912519,9998900937,105,2052
docs\inst_test\instancias\n_1000_2,500,20,10,10,0.2000,42,9999858876,9999845001,114,2052
docs\inst_test\instancias\n_1000_2,500,20,10,20,0.1000,123,9996330629,9996316194,105,2052
docs\inst_test\instancias\n_1000_2,500,20,10,5,0.1000,42,9999331207,9999316534,134,2052
docs\inst_test\instancias\n_1000_2,500,20,10,10,0.1000,42,9999331207,9999316534,122,2052
docs\inst_test\instancias\n_1000_2,500,20,10,20,0.2000,2026,9996385206,9996372915,103,2052
docs\inst_test\instancias\n_1000_2,500,20,10,20,0.3000,42,9999964923,9999957651,99,2052
docs\inst_test\instancias\n_1000_2,500,20,10,20,0.2000,42,9999858876,9999845001,108,2052
docs\inst_test\instancias\n_1000_2,500,20,10,20,0.3000,2026,9999438838,9999429166,92,2052
docs\inst_test\instancias\n_1000_2,500,20,10,20,0.3000,123,9996911904,9996900423,103,2052
docs\inst_test\instancias\n_1000_2,500,20,10,20,0.2000,123,9999912391,9999900751,111,2052
docs\inst_test\instancias\n_1000_2,500,20,10,20,0.1000,42,9999331207,9999316534,125,2052
docs\inst_test\instancias\n_1000_2,500,20,10,20,0.1000,2026,9998331097,9998316398,126,2052
docs\inst_test\instancias\n_1000_2,500,20,15,5,0.3000,42,9999964929,9999957495,96,2052
docs\inst_test\instancias\n_1000_2,500,20,15,5,0.3000,2026,9999438838,9999429166,95,2052
docs\inst_test\instancias\n_1000_2,500,20,15,5,0.3000,123,9999438622,9999429155,104,2052
docs\inst_test\instancias\n_1000_2,500,20,15,5,0.2000,123,9999912391,9999900751,109,2052
docs\inst_test\instancias\n_1000_2,500,20,15,5,0.2000,2026,9998912519,9998900937,108,2052
docs\inst_test\instancias\n_1000_2,500,20,15,20,0.3000,42,9999964923,9999957651,87,2052
docs\inst_test\instancias\n_1000_2,500,20,15,10,0.3000,42,9999964929,9999957495,96,2052
docs\inst_test\instancias\n_1000_2,500,20,15,10,0.3000,2026,9999438838,9999429166,97,2052
docs\inst_test\instancias\n_1000_2,500,20,15,10,0.2000,2026,9998912519,9998900937,101,2052
docs\inst_test\instancias\n_1000_2,500,20,15,5,0.2000,42,9999858876,9999845001,114,2052
docs\inst_test\instancias\n_1000_2,500,20,15,5,0.1000,123,9997330834,9997316081,129,2052
docs\inst_test\instancias\n_1000_2,500,20,15,10,0.2000,42,9999858876,9999845001,106,2052
docs\inst_test\instancias\n_1000_2,500,20,15,10,0.3000,123,9999438622,9999429155,100,2052
docs\inst_test\instancias\n_1000_2,500,20,15,20,0.2000,42,9999858876,9999845001,96,2052
docs\inst_test\instancias\n_1000_2,500,20,15,10,0.2000,123,9999912391,9999900751,104,2052
docs\inst_test\instancias\n_1000_2,500,20,15,5,0.1000,2026,9998331097,9998316398,124,2052
docs\inst_test\instancias\n_1000_2,500,20,15,5,0.1000,42,9999331207,9999316534,137,2052
docs\inst_test\instancias\n_1000_2,500,20,15,20,0.3000,2026,9999438838,9999429166,82,2052
docs\inst_test\instancias\n_1000_2,500,20,15,10,0.1000,42,9999331207,9999316534,113,2052
docs\inst_test\instancias\n_1000_2,500,20,15,20,0.2000,123,9999912391,9999900751,100,2052
docs\inst_test\instancias\n_1000_2,500,20,15,20,0.1000,42,9999331207,9999316534,107,2052
docs\inst_test\instancias\n_1000_2,500,20,15,20,0.2000,2026,9996385206,9996372915,101,2052
docs\inst_test\instancias\n_1000_2,500,20,15,20,0.3000,123,9996911904,9996900423,91,2052
docs\inst_test\instancias\n_1000_2,500,20,15,20,0.1000,2026,9998331097,9998316398,108,2052
docs\inst_test\instancias\n_1000_2,500,20,15,10,0.1000,123,9996330629,9996316194,120,2052
docs\inst_test\instancias\n_1000_2,500,20,15,10,0.1000,2026,9998331097,9998316398,119,2052
docs\inst_test\instancias\n_1000_2,500,20,15,20,0.1000,123,9996330629,9996316194,114,2052
docs\inst_test\instancias\n_1000_3,100,10,7,10,0.1000,123,9994541334,9994539114,11,1671
docs\inst_test\instancias\n_1000_3,100,10,7,20,0.3000,123,9997665756,9997663599,11,1671
docs\inst_test\instancias\n_1000_3,100,10,7,5,0.2000,2026,9999229022,9999226617,13,1671
docs\inst_test\instancias\n_1000_3,100,10,7,5,0.1000,123,9994541336,9994539080,15,1671
docs\inst_test\instancias\n_1000_3,100,10,7,20,0.2000,2026,9999229022,9999226617,15,1671
docs\inst_test\instancias\n_1000_3,100,10,7,5,0.3000,2026,9999226819,9999225611,18,1671
docs\inst_test\instancias\n_1000_3,100,10,7,5,0.3000,123,9997665784,9997663583,17,1671
docs\inst_test\instancias\n_1000_3,100,10,7,5,0.3000,42,9996882774,9996881676,19,1671
docs\inst_test\instancias\n_1000_3,100,10,7,10,0.1000,42,9989073113,9989070474,17,1671
docs\inst_test\instancias\n_1000_3,100,10,7,20,0.2000,123,9994541384,9994539009,18,1671
docs\inst_test\instancias\n_1000_3,100,10,7,5,0.1000,42,9994541304,9994538911,20,1671
docs\inst_test\instancias\n_1000_3,100,10,7,20,0.1000,2026,9991416933,9991414310,21,1671
docs\inst_test\instancias\n_1000_3,100,10,7,20,0.3000,42,9991414767,9991413262,21,1671
docs\inst_test\instancias\n_1000_3,100,10,7,5,0.2000,42,9999229060,9999226468,25,1671
docs\inst_test\instancias\n_1000_3,100,10,7,10,0.3000,123,9997665784,9997663583,25,1671
docs\inst_test\instancias\n_1000_3,100,10,7,20,0.3000,2026,9997665743,9997663521,24,1671
docs\inst_test\instancias\n_1000_3,100,10,7,10,0.1000,2026,9991416933,9991414310,25,1671
docs\inst_test\instancias\n_1000_3,100,10,7,20,0.1000,42,9989073113,9989070474,25,1671
docs\inst_test\instancias\n_1000_3,100,10,7,20,0.1000,123,9991416953,9991414346,26,1671
docs\inst_test\instancias\n_1000_3,100,10,7,5,0.2000,123,9997665779,9997663602,27,1671
docs\inst_test\instancias\n_1000_3,100,10,7,10,0.3000,2026,9997665743,9997663521,27,1671
docs\inst_test\instancias\n_1000_3,100,10,10,5,0.1000,123,9994541336,9994539080,16,1671
docs\inst_test\instancias\n_1000_3,100,10,7,10,0.3000,42,9994539122,9994537986,29,1671
docs\inst_test\instancias\n_1000_3,100,10,10,5,0.1000,42,9994541304,9994538911,18,1671
docs\inst_test\instancias\n_1000_3,100,10,7,10,0.2000,2026,9999229022,9999226617,29,1671
docs\inst_test\instancias\n_1000_3,100,10,7,10,0.2000,42,9998448433,9998445626,29,1671
docs\inst_test\instancias\n_1000_3,100,10,7,10,0.2000,123,9994541384,9994539009,30,1671
docs\inst_test\instancias\n_1000_3,100,10,7,20,0.2000,42,9998448433,9998445626,31,1671
docs\inst_test\instancias\n_1000_3,100,10,7,5,0.1000,2026,9999229050,9999226581,31,1671
docs\inst_test\instancias\n_1000_3,100,10,10,5,0.2000,42,9999229060,9999226468,19,1671
docs\inst_test\instancias\n_1000_3,100,10,10,5,0.1000,2026,9999229050,9999226581,20,1671
docs\inst_test\instancias\n_1000_3,100,10,10,5,0.2000,123,9997665779,9997663602,20,1671
docs\inst_test\instancias\n_1000_3,100,10,10,5,0.3000,42,9996882774,9996881676,18,1671
docs\inst_test\instancias\n_1000_3,100,10,10,5,0.3000,2026,9999226819,9999225611,17,1671
docs\inst_test\instancias\n_1000_3,100,10,10,5,0.2000,2026,9999229022,9999226617,20,1671
docs\inst_test\instancias\n_1000_3,100,10,10,5,0.3000,123,9997665784,9997663583,20,1671
docs\inst_test\instancias\n_1000_3,100,10,10,10,0.2000,123,9994541384,9994539009,14,1671
docs\inst_test\instancias\n_1000_3,100,10,10,10,0.3000,2026,9997665743,9997663521,14,1671
docs\inst_test\instancias\n_1000_3,100,10,10,10,0.1000,2026,9991416933,9991414310,19,1671
docs\inst_test\instancias\n_1000_3,100,10,10,20,0.1000,42,9989073113,9989070474,15,1671
docs\inst_test\instancias\n_1000_3,100,10,10,20,0.2000,2026,9999229022,9999226617,13,1671
docs\inst_test\instancias\n_1000_3,100,10,10,10,0.1000,42,9989073113,9989070474,23,1671
docs\inst_test\instancias\n_1000_3,100,10,10,10,0.3000,123,9997665784,9997663583,18,1671
docs\inst_test\instancias\n_1000_3,100,10,10,10,0.2000,42,9998448433,9998445626,25,1671
docs\inst_test\instancias\n_1000_3,100,10,10,20,0.2000,42,9998448433,9998445626,19,1671
docs\inst_test\instancias\n_1000_3,100,10,10,10,0.1000,123,9994541334,9994539114,29,1671
docs\inst_test\instancias\n_1000_3,100,10,10,10,0.2000,2026,9999229022,9999226617,23,1671
docs\inst_test\instancias\n_1000_3,100,10,10,20,0.1000,2026,9991416933,9991414310,22,1671
docs\inst_test\instancias\n_1000_3,100,10,15,10,0.1000,42,9989073113,9989070474,13,1671
docs\inst_test\instancias\n_1000_3,100,10,10,10,0.3000,42,9994539122,9994537986,27,1671
docs\inst_test\instancias\n_1000_3,100,10,15,10,0.1000,123,9994541334,9994539114,13,1671
docs\inst_test\instancias\n_1000_3,100,10,10,20,0.1000,123,9991416953,9991414346,25,1671
docs\inst_test\instancias\n_1000_3,100,10,15,10,0.2000,42,9998448433,9998445626,12,1671
docs\inst_test\instancias\n_1000_3,100,10,15,5,0.2000,42,9999229060,9999226468,20,1671
docs\inst_test\instancias\n_1000_3,100,10,15,5,0.1000,2026,9999229050,9999226581,20,1671
docs\inst_test\instancias\n_1000_3,100,10,10,20,0.3000,42,9991414767,9991413262,24,1671
docs\inst_test\instancias\n_1000_3,100,10,15,5,0.3000,42,9996882774,9996881676,18,1671
docs\inst_test\instancias\n_1000_3,100,10,15,5,0.2000,123,9997665779,9997663602,19,1671
docs\inst_test\instancias\n_1000_3,100,10,15,5,0.2000,2026,9999229022,9999226617,19,1671
docs\inst_test\instancias\n_1000_3,100,10,15,10,0.2000,123,9994541384,9994539009,14,1671
docs\inst_test\instancias\n_1000_3,100,10,10,20,0.3000,123,9997665756,9997663599,28,1671
docs\inst_test\instancias\n_1000_3,100,10,10,20,0.3000,2026,9997665743,9997663521,28,1671
docs\inst_test\instancias\n_1000_3,100,10,10,20,0.2000,123,9994541384,9994539009,30,1671
docs\inst_test\instancias\n_1000_3,100,10,15,5,0.3000,123,9997665784,9997663583,22,1671
docs\inst_test\instancias\n_1000_3,100,10,15,10,0.1000,2026,9991416933,9991414310,19,1671
docs\inst_test\instancias\n_1000_3,100,10,15,5,0.3000,2026,9999226819,9999225611,23,1671
docs\inst_test\instancias\n_1000_3,100,10,15,10,0.3000,42,9994539122,9994537986,18,1671
docs\inst_test\instancias\n_1000_3,100,10,15,10,0.2000,2026,9999229022,9999226617,19,1671
docs\inst_test\instancias\n_1000_3,100,10,15,5,0.1000,123,9994541336,9994539080,31,1671
docs\inst_test\instancias\n_1000_3,100,10,15,5,0.1000,42,9994541304,9994538911,32,1671
docs\inst_test\instancias\n_1000_3,100,10,15,20,0.1000,123,9991416953,9991414346,17,1671
docs\inst_test\instancias\n_1000_3,100,10,15,10,0.3000,2026,9997665743,9997663521,18,1671
docs\inst_test\instancias\n_1000_3,100,10,15,20,0.2000,42,9998448433,9998445626,17,1671
docs\inst_test\instancias\n_1000_3,100,10,15,20,0.2000,2026,9999229022,9999226617,17,1671
docs\inst_test\instancias\n_1000_3,100,10,15,20,0.3000,2026,9997665743,9997663521,16,1671
docs\inst_test\instancias\n_1000_3,100,10,15,20,0.3000,123,9997665756,9997663599,17,1671
docs\inst_test\instancias\n_1000_3,100,15,7,5,0.1000,2026,9999229050,9999226581,18,1671
docs\inst_test\instancias\n_1000_3,100,10,15,10,0.3000,123,9997665784,9997663583,26,1671
docs\inst_test\instancias\n_1000_3,100,15,7,5,0.2000,42,9999229060,9999226468,19,1671
docs\inst_test\instancias\n_1000_3,100,15,7,5,0.2000,123,9997665779,9997663602,19,1671
docs\inst_test\instancias\n_1000_3,100,15,7,5,0.1000,42,9994541304,9994538911,22,1671
docs\inst_test\instancias\n_1000_3,100,15,7,10,0.1000,123,9994541334,9994539114,16,1671
docs\inst_test\instancias\n_1000_3,100,15,7,10,0.1000,2026,9991416933,9991414310,15,1671
docs\inst_test\instancias\n_1000_3,100,15,7,5,0.1000,123,9994541336,9994539080,24,1671
docs\inst_test\instancias\n_1000_3,100,10,15,20,0.1000,42,9989073113,9989070474,29,1671
docs\inst_test\instancias\n_1000_3,100,15,7,10,0.1000,42,9989073113,9989070474,19,1671
docs\inst_test\instancias\n_1000_3,100,10,15,20,0.1000,2026,9991416933,9991414310,28,1671
docs\inst_test\instancias\n_1000_3,100,15,7,5,0.3000,123,9997665784,9997663583,21,1671
docs\inst_test\instancias\n_1000_3,100,15,7,10,0.3000,123,9997665784,9997663583,14,1671
docs\inst_test\instancias\n_1000_3,100,10,15,20,0.2000,123,9994541384,9994539009,27,1671
docs\inst_test\instancias\n_1000_3,100,15,7,10,0.2000,123,9994541384,9994539009,19,1671
docs\inst_test\instancias\n_1000_3,100,15,7,20,0.1000,2026,9991416933,9991414310,11,1671
docs\inst_test\instancias\n_1000_3,100,10,15,20,0.3000,42,9991414767,9991413262,29,1671
docs\inst_test\instancias\n_1000_3,100,15,7,10,0.3000,2026,9997665743,9997663521,18,1671
docs\inst_test\instancias\n_1000_3,100,15,7,5,0.3000,42,9996882774,9996881676,26,1671
docs\inst_test\instancias\n_1000_3,100,15,7,5,0.2000,2026,9999229022,9999226617,27,1671
docs\inst_test\instancias\n_1000_3,100,15,7,20,0.1000,123,9991416953,9991414346,17,1671
docs\inst_test\instancias\n_1000_3,100,15,7,5,0.3000,2026,9999226819,9999225611,27,1671
docs\inst_test\instancias\n_1000_3,100,15,7,20,0.1000,42,9989073113,9989070474,18,1671
docs\inst_test\instancias\n_1000_3,100,15,7,10,0.2000,2026,9999229022,9999226617,24,1671
docs\inst_test\instancias\n_1000_3,100,15,7,10,0.3000,42,9994539122,9994537986,24,1671
docs\inst_test\instancias\n_1000_3,100,15,7,10,0.2000,42,9998448433,9998445626,27,1671
docs\inst_test\instancias\n_1000_3,100,15,7,20,0.2000,123,9994541384,9994539009,19,1671
docs\inst_test\instancias\n_1000_3,100,15,7,20,0.3000,42,9991414767,9991413262,19,1671
docs\inst_test\instancias\n_1000_3,100,15,7,20,0.2000,42,9998448433,9998445626,22,1671
docs\inst_test\instancias\n_1000_3,100,15,10,5,0.3000,42,9996882774,9996881676,13,1671
docs\inst_test\instancias\n_1000_3,100,15,7,20,0.3000,123,9997665756,9997663599,18,1671
docs\inst_test\instancias\n_1000_3,100,15,7,20,0.3000,2026,9997665743,9997663521,18,1671
docs\inst_test\instancias\n_1000_3,100,15,10,5,0.2000,2026,9999229022,9999226617,20,1671
docs\inst_test\instancias\n_1000_3,100,15,10,10,0.1000,42,9989073113,9989070474,18,1671
docs\inst_test\instancias\n_1000_3,100,15,10,10,0.2000,123,9994541384,9994539009,15,1671
docs\inst_test\instancias\n_1000_3,100,15,10,10,0.1000,123,9994541334,9994539114,20,1671
docs\inst_test\instancias\n_1000_3,100,15,10,5,0.1000,123,9994541336,9994539080,24,1671
docs\inst_test\instancias\n_1000_3,100,15,10,5,0.3000,123,9997665784,9997663583,21,1671
docs\inst_test\instancias\n_1000_3,100,15,7,20,0.2000,2026,9999229022,9999226617,28,1671
docs\inst_test\instancias\n_1000_3,100,15,10,5,0.3000,2026,9999226819,9999225611,21,1671
docs\inst_test\instancias\n_1000_3,100,15,10,5,0.2000,123,9997665779,9997663602,23,1671
docs\inst_test\instancias\n_1000_3,100,15,10,10,0.3000,123,9997665784,9997663583,14,1671
docs\inst_test\instancias\n_1000_3,100,15,10,20,0.1000,123,9991416953,9991414346,14,1671
docs\inst_test\instancias\n_1000_3,100,15,10,10,0.3000,42,9994539122,9994537986,15,1671
docs\inst_test\instancias\n_1000_3,100,15,10,10,0.2000,42,9998448433,9998445626,18,1671
docs\inst_test\instancias\n_1000_3,100,15,10,5,0.1000,2026,9999229050,9999226581,25,1671
docs\inst_test\instancias\n_1000_3,100,15,10,5,0.1000,42,9994541304,9994538911,29,1671
docs\inst_test\instancias\n_1000_3,100,15,10,5,0.2000,42,9999229060,9999226468,30,1671
docs\inst_test\instancias\n_1000_3,100,15,10,20,0.3000,2026,9997665743,9997663521,17,1671
docs\inst_test\instancias\n_1000_3,100,15,10,10,0.1000,2026,9991416933,9991414310,30,1671
docs\inst_test\instancias\n_1000_3,100,15,10,20,0.3000,123,9997665756,9997663599,19,1671
docs\inst_test\instancias\n_1000_3,100,15,15,5,0.1000,123,9994541336,9994539080,12,1671
docs\inst_test\instancias\n_1000_3,100,15,15,5,0.1000,2026,9999229050,9999226581,12,1671
docs\inst_test\instancias\n_1000_3,100,15,10,20,0.1000,42,9989073113,9989070474,24,1671
docs\inst_test\instancias\n_1000_3,100,15,10,10,0.2000,2026,9999229022,9999226617,28,1671
docs\inst_test\instancias\n_1000_3,100,15,15,10,0.1000,123,9994541334,9994539114,11,1671
docs\inst_test\instancias\n_1000_3,100,15,15,10,0.1000,2026,9991416933,9991414310,12,1671
docs\inst_test\instancias\n_1000_3,100,15,10,10,0.3000,2026,9997665743,9997663521,28,1671
docs\inst_test\instancias\n_1000_3,100,15,10,20,0.2000,123,9994541384,9994539009,23,1671
docs\inst_test\instancias\n_1000_3,100,15,10,20,0.3000,42,9991414767,9991413262,24,1671
docs\inst_test\instancias\n_1000_3,100,15,10,20,0.2000,2026,9999229022,9999226617,24,1671
docs\inst_test\instancias\n_1000_3,100,15,15,5,0.2000,2026,9999229022,9999226617,16,1671
docs\inst_test\instancias\n_1000_3,100,15,10,20,0.2000,42,9998448433,9998445626,26,1671
docs\inst_test\instancias\n_1000_3,100,15,10,20,0.1000,2026,9991416933,9991414310,30,1671
docs\inst_test\instancias\n_1000_3,100,15,15,5,0.3000,123,9997665784,9997663583,18,1671
docs\inst_test\instancias\n_1000_3,100,15,15,10,0.1000,42,9989073113,9989070474,17,1671
docs\inst_test\instancias\n_1000_3,100,15,15,5,0.2000,42,9999229060,9999226468,20,1671
docs\inst_test\instancias\n_1000_3,100,15,15,5,0.3000,42,9996882774,9996881676,20,1671
docs\inst_test\instancias\n_1000_3,100,15,15,10,0.2000,42,9998448433,9998445626,19,1671
docs\inst_test\instancias\n_1000_3,100,15,15,5,0.3000,2026,9999226819,9999225611,23,1671
docs\inst_test\instancias\n_1000_3,100,15,15,10,0.3000,123,9997665784,9997663583,19,1671
docs\inst_test\instancias\n_1000_3,100,15,15,20,0.1000,123,9991416953,9991414346,18,1671
docs\inst_test\instancias\n_1000_3,100,15,15,20,0.1000,42,9989073113,9989070474,18,1671
docs\inst_test\instancias\n_1000_3,100,15,15,10,0.3000,42,9994539122,9994537986,22,1671
docs\inst_test\instancias\n_1000_3,100,15,15,10,0.3000,2026,9997665743,9997663521,18,1671
docs\inst_test\instancias\n_1000_3,100,15,15,5,0.2000,123,9997665779,9997663602,30,1671
docs\inst_test\instancias\n_1000_3,100,15,15,20,0.1000,2026,9991416933,9991414310,19,1671
docs\inst_test\instancias\n_1000_3,100,15,15,5,0.1000,42,9994541304,9994538911,31,1671
docs\inst_test\instancias\n_1000_3,100,15,15,20,0.2000,123,9994541384,9994539009,19,1671
docs\inst_test\instancias\n_1000_3,100,15,15,20,0.2000,2026,9999229022,9999226617,19,1671
docs\inst_test\instancias\n_1000_3,100,15,15,10,0.2000,123,9994541384,9994539009,30,1671
docs\inst_test\instancias\n_1000_3,100,15,15,20,0.3000,2026,9997665743,9997663521,18,1671
docs\inst_test\instancias\n_1000_3,100,20,7,5,0.1000,42,9994541304,9994538911,16,1671
docs\inst_test\instancias\n_1000_3,100,20,7,5,0.3000,2026,9999226819,9999225611,14,1671
docs\inst_test\instancias\n_1000_3,100,15,15,10,0.2000,2026,9999229022,9999226617,30,1671
docs\inst_test\instancias\n_1000_3,100,15,15,20,0.2000,42,9998448433,9998445626,23,1671
docs\inst_test\instancias\n_1000_3,100,20,7,5,0.3000,123,9997665784,9997663583,15,1671
docs\inst_test\instancias\n_1000_3,100,20,7,5,0.3000,42,9996882774,9996881676,17,1671
docs\inst_test\instancias\n_1000_3,100,15,15,20,0.3000,42,9991414767,9991413262,23,1671
docs\inst_test\instancias\n_1000_3,100,20,7,5,0.1000,2026,9999229050,9999226581,24,1671
docs\inst_test\instancias\n_1000_3,100,20,7,10,0.1000,42,9989073113,9989070474,20,1671
docs\inst_test\instancias\n_1000_3,100,20,7,5,0.2000,42,9999229060,9999226468,23,1671
docs\inst_test\instancias\n_1000_3,100,20,7,10,0.3000,2026,9997665743,9997663521,11,1671
docs\inst_test\instancias\n_1000_3,100,20,7,10,0.1000,123,9994541334,9994539114,17,1671
docs\inst_test\instancias\n_1000_3,100,20,7,20,0.1000,123,9991416953,9991414346,11,1671
docs\inst_test\instancias\n_1000_3,100,20,7,10,0.3000,42,9994539122,9994537986,14,1671
docs\inst_test\instancias\n_1000_3,100,15,15,20,0.3000,123,9997665756,9997663599,29,1671
docs\inst_test\instancias\n_1000_3,100,20,7,5,0.1000,123,9994541336,9994539080,29,1671
docs\inst_test\instancias\n_1000_3,100,20,7,20,0.2000,2026,9999229022,9999226617,12,1671
docs\inst_test\instancias\n_1000_3,100,20,7,5,0.2000,123,9997665779,9997663602,28,1671
docs\inst_test\instancias\n_1000_3,100,20,7,10,0.2000,123,9994541384,9994539009,18,1671
docs\inst_test\instancias\n_1000_3,100,20,7,5,0.2000,2026,9999229022,9999226617,31,1671
docs\inst_test\instancias\n_1000_3,100,20,10,5,0.1000,42,9994541304,9994538911,15,1671
docs\inst_test\instancias\n_1000_3,100,20,7,20,0.1000,2026,9991416933,9991414310,18,1671
docs\inst_test\instancias\n_1000_3,100,20,7,20,0.2000,123,9994541384,9994539009,18,1671
docs\inst_test\instancias\n_1000_3,100,20,7,10,0.2000,2026,9999229022,9999226617,24,1671
docs\inst_test\instancias\n_1000_3,100,20,7,10,0.1000,2026,9991416933,9991414310,24,1671
docs\inst_test\instancias\n_1000_3,100,20,7,20,0.2000,42,9998448433,9998445626,23,1671
docs\inst_test\instancias\n_1000_3,100,20,7,10,0.2000,42,9998448433,9998445626,27,1671
docs\inst_test\instancias\n_1000_3,100,20,10,5,0.1000,123,9994541336,9994539080,20,1671
docs\inst_test\instancias\n_1000_3,100,20,7,20,0.3000,42,9991414767,9991413262,23,1671
docs\inst_test\instancias\n_1000_3,100,20,10,5,0.3000,42,9996882774,9996881676,16,1671
docs\inst_test\instancias\n_1000_3,100,20,7,20,0.1000,42,9989073113,9989070474,28,1671
docs\inst_test\instancias\n_1000_3,100,20,7,10,0.3000,123,9997665784,9997663583,29,1671
docs\inst_test\instancias\n_1000_3,100,20,7,20,0.3000,2026,9997665743,9997663521,25,1671
docs\inst_test\instancias\n_1000_3,100,20,10,5,0.3000,2026,9999226819,9999225611,17,1671
docs\inst_test\instancias\n_1000_3,100,20,10,5,0.2000,123,9997665779,9997663602,19,1671
docs\inst_test\instancias\n_1000_3,100,20,10,5,0.3000,123,9997665784,9997663583,19,1671
docs\inst_test\instancias\n_1000_3,100,20,7,20,0.3000,123,9997665756,9997663599,27,1671
docs\inst_test\instancias\n_1000_3,100,20,10,5,0.2000,2026,9999229022,9999226617,21,1671
docs\inst_test\instancias\n_1000_3,100,20,10,10,0.1000,42,9989073113,9989070474,19,1671
docs\inst_test\instancias\n_1000_3,100,20,10,10,0.1000,2026,9991416933,9991414310,18,1671
docs\inst_test\instancias\n_1000_3,100,20,10,10,0.2000,123,9994541384,9994539009,18,1671
docs\inst_test\instancias\n_1000_3,100,20,10,5,0.1000,2026,9999229050,9999226581,28,1671
docs\inst_test\instancias\n_1000_3,100,20,10,10,0.2000,42,9998448433,9998445626,20,1671
docs\inst_test\instancias\n_1000_3,100,20,10,10,0.3000,2026,9997665743,9997663521,16,1671
docs\inst_test\instancias\n_1000_3,100,20,10,10,0.3000,123,9997665784,9997663583,16,1671
docs\inst_test\instancias\n_1000_3,100,20,10,10,0.2000,2026,9999229022,9999226617,21,1671
docs\inst_test\instancias\n_1000_3,100,20,10,20,0.1000,2026,9991416933,9991414310,15,1671
docs\inst_test\instancias\n_1000_3,100,20,10,5,0.2000,42,9999229060,9999226468,27,1671
docs\inst_test\instancias\n_1000_3,100,20,10,20,0.2000,42,9998448433,9998445626,16,1671
docs\inst_test\instancias\n_1000_3,100,20,15,5,0.2000,2026,9999229022,9999226617,11,1671
docs\inst_test\instancias\n_1000_3,100,20,10,20,0.2000,2026,9999229022,9999226617,17,1671
docs\inst_test\instancias\n_1000_3,100,20,10,10,0.1000,123,9994541334,9994539114,29,1671
docs\inst_test\instancias\n_1000_3,100,20,10,20,0.1000,42,9989073113,9989070474,23,1671
docs\inst_test\instancias\n_1000_3,100,20,10,20,0.2000,123,9994541384,9994539009,19,1671
docs\inst_test\instancias\n_1000_3,100,20,10,10,0.3000,42,9994539122,9994537986,27,1671
docs\inst_test\instancias\n_1000_3,100,20,15,5,0.2000,42,9999229060,9999226468,17,1671
docs\inst_test\instancias\n_1000_3,100,20,10,20,0.1000,123,9991416953,9991414346,26,1671
docs\inst_test\instancias\n_1000_3,100,20,10,20,0.3000,42,9991414767,9991413262,22,1671
docs\inst_test\instancias\n_1000_3,100,20,15,5,0.1000,2026,9999229050,9999226581,20,1671
docs\inst_test\instancias\n_1000_3,100,20,10,20,0.3000,123,9997665756,9997663599,23,1671
docs\inst_test\instancias\n_1000_3,100,20,15,5,0.3000,2026,9999226819,9999225611,18,1671
docs\inst_test\instancias\n_1000_3,100,20,15,10,0.3000,42,9994539122,9994537986,14,1671
docs\inst_test\instancias\n_1000_3,100,20,15,5,0.1000,42,9994541304,9994538911,23,1671
docs\inst_test\instancias\n_1000_3,100,20,15,10,0.1000,2026,9991416933,9991414310,17,1671
docs\inst_test\instancias\n_1000_3,100,20,15,10,0.2000,123,9994541384,9994539009,17,1671
docs\inst_test\instancias\n_1000_3,100,20,15,5,0.3000,123,9997665784,9997663583,21,1671
docs\inst_test\instancias\n_1000_3,100,20,15,10,0.1000,42,9989073113,9989070474,19,1671
docs\inst_test\instancias\n_1000_3,100,20,10,20,0.3000,2026,9997665743,9997663521,27,1671
docs\inst_test\instancias\n_1000_3,100,20,15,10,0.2000,42,9998448433,9998445626,19,1671
docs\inst_test\instancias\n_1000_3,100,20,15,5,0.1000,123,9994541336,9994539080,27,1671
docs\inst_test\instancias\n_1000_3,100,20,15,10,0.3000,2026,9997665743,9997663521,17,1671
docs\inst_test\instancias\n_1000_3,100,20,15,5,0.3000,42,9996882774,9996881676,28,1671
docs\inst_test\instancias\n_1000_3,100,20,15,5,0.2000,123,9997665779,9997663602,30,1671
docs\inst_test\instancias\n_1000_3,100,20,15,20,0.1000,2026,9991416933,9991414310,18,1671
docs\inst_test\instancias\n_1000_3,100,20,15,20,0.2000,123,9994541384,9994539009,19,1671
docs\inst_test\instancias\n_1000_3,100,20,15,10,0.3000,123,9997665784,9997663583,25,1671
docs\inst_test\instancias\n_1000_3,100,20,15,20,0.3000,123,9997665756,9997663599,16,1671
docs\inst_test\instancias\n_1000_3,100,20,15,20,0.2000,42,9998448433,9998445626,21,1671
docs\inst_test\instancias\n_1000_3,100,20,15,20,0.3000,42,9991414767,9991413262,18,1671
docs\inst_test\instancias\n_1000_3,100,20,15,10,0.1000,123,9994541334,9994539114,30,1671
docs\inst_test\instancias\n_1000_3,100,20,15,10,0.2000,2026,9999229022,9999226617,29,1671
docs\inst_test\instancias\n_1000_3,100,20,15,20,0.3000,2026,9997665743,9997663521,19,1671
docs\inst_test\instancias\n_1000_3,100,20,15,20,0.1000,123,9991416953,9991414346,25,1671
docs\inst_test\instancias\n_1000_3,100,20,15,20,0.2000,2026,9999229022,9999226617,23,1671
docs\inst_test\instancias\n_1000_3,100,20,15,20,0.1000,42,9989073113,9989070474,28,1671
docs\inst_test\instancias\n_1000_3,300,10,7,5,0.3000,123,9999226830,9999225390,46,1671
docs\inst_test\instancias\n_1000_3,300,10,7,5,0.2000,2026,9999229022,9999226617,50,1671
docs\inst_test\instancias\n_1000_3,300,10,7,5,0.2000,123,9999226821,9999225587,52,1671
docs\inst_test\instancias\n_1000_3,300,10,7,5,0.3000,42,9997663476,9997662529,54,1671
docs\inst_test\instancias\n_1000_3,300,10,7,10,0.1000,123,9994541361,9994539056,54,1671
docs\inst_test\instancias\n_1000_3,300,10,7,5,0.3000,2026,9999226819,9999225611,56,1671
docs\inst_test\instancias\n_1000_3,300,10,7,20,0.3000,123,9998446310,9998444536,41,1671
docs\inst_test\instancias\n_1000_3,300,10,7,5,0.1000,42,9997665743,9997663580,63,1671
docs\inst_test\instancias\n_1000_3,300,10,7,10,0.1000,2026,9999229050,9999226581,59,1671
docs\inst_test\instancias\n_1000_3,300,10,7,10,0.2000,42,9999229060,9999226468,58,1671
docs\inst_test\instancias\n_1000_3,300,10,7,5,0.1000,2026,9999229056,9999226515,66,1671
docs\inst_test\instancias\n_1000_3,300,10,7,20,0.2000,123,9997665784,9997663639,53,1671
docs\inst_test\instancias\n_1000_3,300,10,7,20,0.3000,42,9996882984,9996881744,52,1671
docs\inst_test\instancias\n_1000_3,300,10,7,20,0.1000,2026,9999229050,9999226581,56,1671
docs\inst_test\instancias\n_1000_3,300,10,7,20,0.1000,42,9994541353,9994538947,57,1671
docs\inst_test\instancias\n_1000_3,300,10,7,5,0.2000,42,9999229060,9999226468,70,1671
docs\inst_test\instancias\n_1000_3,300,10,7,10,0.3000,2026,9999226819,9999225611,60,1671
docs\inst_test\instancias\n_1000_3,300,10,7,10,0.1000,42,9995321912,9995319949,69,1671
docs\inst_test\instancias\n_1000_3,300,10,7,10,0.3000,42,9996882989,9996881818,64,1671
docs\inst_test\instancias\n_1000_3,300,10,7,10,0.2000,123,9998446306,9998444700,67,1671
docs\inst_test\instancias\n_1000_3,300,10,7,5,0.1000,123,9997665742,9997663608,84,1671
docs\inst_test\instancias\n_1000_3,300,10,7,10,0.2000,2026,9999229022,9999226617,77,1671
docs\inst_test\instancias\n_1000_3,300,10,7,20,0.3000,2026,9999226819,9999225611,69,1671
docs\inst_test\instancias\n_1000_3,300,10,7,20,0.2000,42,9999229060,9999226468,75,1671
docs\inst_test\instancias\n_1000_3,300,10,7,10,0.3000,123,9999226830,9999225390,78,1671
docs\inst_test\instancias\n_1000_3,300,10,7,20,0.2000,2026,9999229022,9999226617,73,1671
docs\inst_test\instancias\n_1000_3,300,10,7,20,0.1000,123,9994541336,9994539080,81,1671
docs\inst_test\instancias\n_1000_3,300,10,10,5,0.1000,42,9997665743,9997663580,48,1671
docs\inst_test\instancias\n_1000_3,300,10,10,5,0.1000,123,9997665742,9997663608,51,1671
docs\inst_test\instancias\n_1000_3,300,10,10,5,0.3000,42,9997663476,9997662529,54,1671
docs\inst_test\instancias\n_1000_3,300,10,10,5,0.2000,123,9999226821,9999225587,57,1671
docs\inst_test\instancias\n_1000_3,300,10,10,10,0.1000,123,9994541361,9994539065,52,1671
docs\inst_test\instancias\n_1000_3,300,10,10,5,0.2000,2026,9999229022,9999226617,62,1671
docs\inst_test\instancias\n_1000_3,300,10,10,10,0.3000,123,9999226830,9999225390,50,1671
docs\inst_test\instancias\n_1000_3,300,10,10,10,0.3000,42,9996882989,9996881818,51,1671
docs\inst_test\instancias\n_1000_3,300,10,10,10,0.2000,42,9999229060,9999226468,57,1671
docs\inst_test\instancias\n_1000_3,300,10,10,10,0.1000,42,9995321912,9995319949,61,1671
docs\inst_test\instancias\n_1000_3,300,10,10,10,0.3000,2026,9999226819,9999225611,54,1671
docs\inst_test\instancias\n_1000_3,300,10,10,20,0.1000,42,9994541353,9994538947,55,1671
docs\inst_test\instancias\n_1000_3,300,10,10,5,0.3000,123,9999226830,9999225390,68,1671
docs\inst_test\instancias\n_1000_3,300,10,10,5,0.2000,42,9999229060,9999226468,75,1671
docs\inst_test\instancias\n_1000_3,300,10,10,20,0.1000,123,9994541336,9994539080,56,1671
docs\inst_test\instancias\n_1000_3,300,10,10,20,0.3000,2026,9999226819,9999225611,44,1671
docs\inst_test\instancias\n_1000_3,300,10,10,5,0.3000,2026,9999226819,9999225611,76,1671
docs\inst_test\instancias\n_1000_3,300,10,10,20,0.1000,2026,9999229050,9999226581,56,1671
docs\inst_test\instancias\n_1000_3,300,10,10,5,0.1000,2026,9999229056,9999226515,87,1671
docs\inst_test\instancias\n_1000_3,300,10,10,10,0.2000,123,9998446306,9998444700,72,1671
docs\inst_test\instancias\n_1000_3,300,10,10,20,0.2000,123,9997665784,9997663639,53,1671
docs\inst_test\instancias\n_1000_3,300,10,10,20,0.3000,42,9996882984,9996881744,52,1671
docs\inst_test\instancias\n_1000_3,300,10,10,20,0.2000,2026,9999229022,9999226617,57,1671
docs\inst_test\instancias\n_1000_3,300,10,10,10,0.1000,2026,9999229050,9999226581,81,1671
docs\inst_test\instancias\n_1000_3,300,10,10,10,0.2000,2026,9999229022,9999226617,80,1671
docs\inst_test\instancias\n_1000_3,300,10,10,20,0.2000,42,9999229060,9999226468,64,1671
docs\inst_test\instancias\n_1000_3,300,10,15,5,0.1000,42,9997665743,9997663580,65,1671
docs\inst_test\instancias\n_1000_3,300,10,10,20,0.3000,123,9998446310,9998444536,74,1671
docs\inst_test\instancias\n_1000_3,300,10,15,5,0.1000,123,9997665742,9997663608,64,1671
docs\inst_test\instancias\n_1000_3,300,10,15,5,0.2000,123,9999226821,9999225587,58,1671
docs\inst_test\instancias\n_1000_3,300,10,15,5,0.2000,2026,9999229022,9999226617,59,1671
docs\inst_test\instancias\n_1000_3,300,10,15,5,0.2000,42,9999229060,9999226468,65,1671
docs\inst_test\instancias\n_1000_3,300,10,15,5,0.3000,2026,9999226819,9999225611,57,1671
docs\inst_test\instancias\n_1000_3,300,10,15,10,0.1000,42,9995321912,9995319949,61,1671
docs\inst_test\instancias\n_1000_3,300,10,15,10,0.2000,123,9998446306,9998444700,56,1671
docs\inst_test\instancias\n_1000_3,300,10,15,10,0.2000,2026,9999229022,9999226617,57,1671
docs\inst_test\instancias\n_1000_3,300,10,15,20,0.1000,42,9994541353,9994538947,52,1671
docs\inst_test\instancias\n_1000_3,300,10,15,20,0.1000,2026,9999229050,9999226581,52,1671
docs\inst_test\instancias\n_1000_3,300,10,15,10,0.3000,123,9999226830,9999225390,54,1671
docs\inst_test\instancias\n_1000_3,300,10,15,5,0.3000,123,9999226830,9999225390,72,1671
docs\inst_test\instancias\n_1000_3,300,10,15,5,0.3000,42,9997663476,9997662529,72,1671
docs\inst_test\instancias\n_1000_3,300,10,15,5,0.1000,2026,9999229056,9999226515,82,1671
docs\inst_test\instancias\n_1000_3,300,10,15,10,0.3000,42,9996882989,9996881818,58,1671
docs\inst_test\instancias\n_1000_3,300,10,15,20,0.2000,42,9999229060,9999226468,54,1671
docs\inst_test\instancias\n_1000_3,300,10,15,20,0.2000,2026,9999229022,9999226617,52,1671
docs\inst_test\instancias\n_1000_3,300,10,15,20,0.2000,123,9997665784,9997663639,56,1671
docs\inst_test\instancias\n_1000_3,300,10,15,20,0.1000,123,9994541336,9994539080,63,1671
docs\inst_test\instancias\n_1000_3,300,10,15,10,0.1000,2026,9999229050,9999226581,77,1671
docs\inst_test\instancias\n_1000_3,300,10,15,10,0.1000,123,9994541361,9994539065,79,1671
docs\inst_test\instancias\n_1000_3,300,10,15,10,0.2000,42,9999229060,9999226468,82,1671
docs\inst_test\instancias\n_1000_3,300,10,15,20,0.3000,2026,9999226819,9999225611,51,1671
docs\inst_test\instancias\n_1000_3,300,10,15,20,0.3000,42,9996882984,9996881744,62,1671
docs\inst_test\instancias\n_1000_3,300,10,15,20,0.3000,123,9998446310,9998444536,62,1671
docs\inst_test\instancias\n_1000_3,300,10,15,10,0.3000,2026,9999226819,9999225611,75,1671
docs\inst_test\instancias\n_1000_3,300,15,7,5,0.1000,42,9997665743,9997663580,64,1671
docs\inst_test\instancias\n_1000_3,300,15,7,10,0.3000,123,9999226830,9999225390,39,1671
docs\inst_test\instancias\n_1000_3,300,15,7,5,0.2000,42,9999229060,9999226468,58,1671
docs\inst_test\instancias\n_1000_3,300,15,7,10,0.2000,123,9998446306,9998444700,46,1671
docs\inst_test\instancias\n_1000_3,300,15,7,5,0.2000,2026,9999229022,9999226617,59,1671
docs\inst_test\instancias\n_1000_3,300,15,7,5,0.3000,42,9997663476,9997662529,55,1671
docs\inst_test\instancias\n_1000_3,300,15,7,5,0.1000,2026,9999229056,9999226515,69,1671
docs\inst_test\instancias\n_1000_3,300,15,7,10,0.1000,123,9994541361,9994539056,53,1671
docs\inst_test\instancias\n_1000_3,300,15,7,5,0.2000,123,9999226821,9999225587,67,1671
docs\inst_test\instancias\n_1000_3,300,15,7,5,0.3000,2026,9999226819,9999225611,59,1671
docs\inst_test\instancias\n_1000_3,300,15,7,5,0.1000,123,9997665742,9997663608,83,1671
docs\inst_test\instancias\n_1000_3,300,15,7,20,0.1000,42,9994541353,9994538947,51,1671
docs\inst_test\instancias\n_1000_3,300,15,7,5,0.3000,123,9999226830,9999225390,69,1671
docs\inst_test\instancias\n_1000_3,300,15,7,10,0.3000,42,9996882989,9996881818,64,1671
docs\inst_test\instancias\n_1000_3,300,15,7,10,0.3000,2026,9999226819,9999225611,60,1671
docs\inst_test\instancias\n_1000_3,300,15,7,10,0.2000,42,9999229060,9999226468,68,1671
docs\inst_test\instancias\n_1000_3,300,15,7,20,0.2000,123,9997665784,9997663639,53,1671
docs\inst_test\instancias\n_1000_3,300,15,7,20,0.3000,2026,9999226819,9999225611,50,1671
docs\inst_test\instancias\n_1000_3,300,15,7,20,0.1000,2026,9999229050,9999226581,59,1671
docs\inst_test\instancias\n_1000_3,300,15,7,20,0.2000,2026,9999229022,9999226617,53,1671
docs\inst_test\instancias\n_1000_3,300,15,7,20,0.1000,123,9994541336,9994539080,64,1671
docs\inst_test\instancias\n_1000_3,300,15,7,20,0.2000,42,9999229060,9999226468,64,1671
docs\inst_test\instancias\n_1000_3,300,15,7,10,0.2000,2026,9999229022,9999226617,78,1671
docs\inst_test\instancias\n_1000_3,300,15,7,10,0.1000,42,9995321912,9995319949,84,1671
docs\inst_test\instancias\n_1000_3,300,15,7,20,0.3000,123,9998446310,9998444536,65,1671
docs\inst_test\instancias\n_1000_3,300,15,7,10,0.1000,2026,9999229050,9999226581,86,1671
docs\inst_test\instancias\n_1000_3,300,15,7,20,0.3000,42,9996882984,9996881744,75,1671
docs\inst_test\instancias\n_1000_3,300,15,10,5,0.1000,42,9997665743,9997663580,60,1671
docs\inst_test\instancias\n_1000_3,300,15,10,5,0.1000,123,9997665742,9997663608,62,1671
docs\inst_test\instancias\n_1000_3,300,15,10,5,0.2000,123,9999226821,9999225587,56,1671
docs\inst_test\instancias\n_1000_3,300,15,10,5,0.3000,2026,9999226819,9999225611,51,1671
docs\inst_test\instancias\n_1000_3,300,15,10,5,0.3000,42,9997663476,9997662529,55,1671
docs\inst_test\instancias\n_1000_3,300,15,10,10,0.1000,123,9994541361,9994539065,55,1671
docs\inst_test\instancias\n_1000_3,300,15,10,5,0.2000,42,9999229060,9999226468,67,1671
docs\inst_test\instancias\n_1000_3,300,15,10,5,0.2000,2026,9999229022,9999226617,68,1671
docs\inst_test\instancias\n_1000_3,300,15,10,10,0.1000,42,9995321912,9995319949,62,1671
docs\inst_test\instancias\n_1000_3,300,15,10,5,0.3000,123,9999226830,9999225390,67,1671
docs\inst_test\instancias\n_1000_3,300,15,10,10,0.1000,2026,9999229050,9999226581,60,1671
docs\inst_test\instancias\n_1000_3,300,15,10,10,0.3000,123,9999226830,9999225390,51,1671
docs\inst_test\instancias\n_1000_3,300,15,10,10,0.3000,2026,9999226819,9999225611,51,1671
docs\inst_test\instancias\n_1000_3,300,15,10,10,0.2000,42,9999229060,9999226468,60,1671
docs\inst_test\instancias\n_1000_3,300,15,10,10,0.2000,2026,9999229022,9999226617,55,1671
docs\inst_test\instancias\n_1000_3,300,15,10,20,0.1000,123,9994541336,9994539080,56,1671
docs\inst_test\instancias\n_1000_3,300,15,10,10,0.2000,123,9998446306,9998444700,61,1671
docs\inst_test\instancias\n_1000_3,300,15,10,20,0.2000,42,9999229060,9999226468,55,1671
docs\inst_test\instancias\n_1000_3,300,15,10,5,0.1000,2026,9999229056,9999226515,89,1671
docs\inst_test\instancias\n_1000_3,300,15,10,20,0.2000,123,9997665784,9997663639,55,1671
docs\inst_test\instancias\n_1000_3,300,15,10,20,0.1000,2026,9999229050,9999226581,65,1671
docs\inst_test\instancias\n_1000_3,300,15,10,10,0.3000,42,9996882989,9996881818,72,1671
docs\inst_test\instancias\n_1000_3,300,15,10,20,0.3000,123,9998446310,9998444536,59,1671
docs\inst_test\instancias\n_1000_3,300,15,10,20,0.1000,42,9994541353,9994538947,75,1671
docs\inst_test\instancias\n_1000_3,300,15,15,5,0.1000,42,9997665743,9997663580,57,1671
docs\inst_test\instancias\n_1000_3,300,15,10,20,0.3000,2026,9999226819,9999225611,61,1671
docs\inst_test\instancias\n_1000_3,300,15,10,20,0.3000,42,9996882984,9996881744,72,1671
docs\inst_test\instancias\n_1000_3,300,15,10,20,0.2000,2026,9999229022,9999226617,77,1671
docs\inst_test\instancias\n_1000_3,300,15,15,5,0.2000,123,9999226821,9999225587,56,1671
docs\inst_test\instancias\n_1000_3,300,15,15,5,0.1000,2026,9999229056,9999226515,64,1671
docs\inst_test\instancias\n_1000_3,300,15,15,5,0.3000,2026,9999226819,9999225611,56,1671
docs\inst_test\instancias\n_1000_3,300,15,15,10,0.1000,2026,9999229050,9999226581,52,1671
docs\inst_test\instancias\n_1000_3,300,15,15,5,0.2000,42,9999229060,9999226468,70,1671
docs\inst_test\instancias\n_1000_3,300,15,15,5,0.2000,2026,9999229022,9999226617,63,1671
docs\inst_test\instancias\n_1000_3,300,15,15,10,0.1000,123,9994541361,9994539065,57,1671
docs\inst_test\instancias\n_1000_3,300,15,15,5,0.3000,42,9997663476,9997662529,64,1671
docs\inst_test\instancias\n_1000_3,300,15,15,10,0.1000,42,9995321912,9995319949,61,1671
docs\inst_test\instancias\n_1000_3,300,15,15,10,0.3000,42,9996882989,9996881818,53,1671
docs\inst_test\instancias\n_1000_3,300,15,15,5,0.1000,123,9997665742,9997663608,77,1671
docs\inst_test\instancias\n_1000_3,300,15,15,10,0.3000,2026,9999226819,9999225611,51,1671
docs\inst_test\instancias\n_1000_3,300,15,15,10,0.3000,123,9999226830,9999225390,60,1671
docs\inst_test\instancias\n_1000_3,300,15,15,5,0.3000,123,9999226830,9999225390,72,1671
docs\inst_test\instancias\n_1000_3,300,15,15,10,0.2000,42,9999229060,9999226468,68,1671
docs\inst_test\instancias\n_1000_3,300,15,15,10,0.2000,2026,9999229022,9999226617,70,1671
docs\inst_test\instancias\n_1000_3,300,15,15,20,0.3000,2026,9999226819,9999225611,37,1671
docs\inst_test\instancias\n_1000_3,300,15,15,10,0.2000,123,9998446306,9998444700,71,1671
docs\inst_test\instancias\n_1000_3,300,15,15,20,0.1000,2026,9999229050,9999226581,56,1671
docs\inst_test\instancias\n_1000_3,300,15,15,20,0.2000,42,9999229060,9999226468,56,1671
docs\inst_test\instancias\n_1000_3,300,15,15,20,0.1000,123,9994541336,9994539080,64,1671
docs\inst_test\instancias\n_1000_3,300,15,15,20,0.3000,42,9996882984,9996881744,51,1671
docs\inst_test\instancias\n_1000_3,300,15,15,20,0.1000,42,9994541353,9994538947,75,1671
docs\inst_test\instancias\n_1000_3,300,15,15,20,0.2000,2026,9999229022,9999226617,61,1671
docs\inst_test\instancias\n_1000_3,300,15,15,20,0.2000,123,9997665784,9997663639,66,1671
docs\inst_test\instancias\n_1000_3,300,20,7,5,0.1000,123,9997665742,9997663608,57,1671
docs\inst_test\instancias\n_1000_3,300,15,15,20,0.3000,123,9998446310,9998444536,72,1671
docs\inst_test\instancias\n_1000_3,300,20,7,5,0.2000,123,9999226821,9999225587,53,1671
docs\inst_test\instancias\n_1000_3,300,20,7,5,0.1000,42,9997665743,9997663580,70,1671
docs\inst_test\instancias\n_1000_3,300,20,7,5,0.1000,2026,9999229056,9999226515,63,1671
docs\inst_test\instancias\n_1000_3,300,20,7,5,0.3000,123,9999226830,9999225390,55,1671
docs\inst_test\instancias\n_1000_3,300,20,7,5,0.3000,42,9997663476,9997662529,60,1671
docs\inst_test\instancias\n_1000_3,300,20,7,10,0.1000,42,9995321912,9995319949,56,1671
docs\inst_test\instancias\n_1000_3,300,20,7,5,0.2000,2026,9999229022,9999226617,64,1671
docs\inst_test\instancias\n_1000_3,300,20,7,10,0.2000,123,9998446306,9998444700,56,1671
docs\inst_test\instancias\n_1000_3,300,20,7,10,0.1000,123,9994541361,9994539056,63,1671
docs\inst_test\instancias\n_1000_3,300,20,7,20,0.1000,123,9994541336,9994539080,49,1671
docs\inst_test\instancias\n_1000_3,300,20,7,10,0.1000,2026,9999229050,9999226581,63,1671
docs\inst_test\instancias\n_1000_3,300,20,7,5,0.3000,2026,9999226819,9999225611,71,1671
docs\inst_test\instancias\n_1000_3,300,20,7,5,0.2000,42,9999229060,9999226468,78,1671
docs\inst_test\instancias\n_1000_3,300,20,7,20,0.1000,2026,9999229050,9999226581,54,1671
docs\inst_test\instancias\n_1000_3,300,20,7,20,0.3000,2026,9999226819,9999225611,35,1671
docs\inst_test\instancias\n_1000_3,300,20,7,20,0.2000,42,9999229060,9999226468,56,1671
docs\inst_test\instancias\n_1000_3,300,20,7,10,0.3000,42,9996882989,9996881818,64,1671
docs\inst_test\instancias\n_1000_3,300,20,7,10,0.3000,2026,9999226819,9999225611,62,1671
docs\inst_test\instancias\n_1000_3,300,20,7,20,0.1000,42,9994541353,9994538947,63,1671
docs\inst_test\instancias\n_1000_3,300,20,7,20,0.2000,123,9997665784,9997663639,58,1671
docs\inst_test\instancias\n_1000_3,300,20,7,10,0.3000,123,9999226830,9999225390,67,1671
docs\inst_test\instancias\n_1000_3,300,20,7,20,0.3000,42,9996882984,9996881744,58,1671
docs\inst_test\instancias\n_1000_3,300,20,7,10,0.2000,42,9999229060,9999226468,84,1671
docs\inst_test\instancias\n_1000_3,300,20,7,20,0.2000,2026,9999229022,9999226617,63,1671
docs\inst_test\instancias\n_1000_3,300,20,7,10,0.2000,2026,9999229022,9999226617,83,1671
docs\inst_test\instancias\n_1000_3,300,20,7,20,0.3000,123,9998446310,9998444536,66,1671
docs\inst_test\instancias\n_1000_3,300,20,10,5,0.2000,123,9999226821,9999225587,55,1671
docs\inst_test\instancias\n_1000_3,300,20,10,5,0.3000,42,9997663476,9997662529,52,1671
docs\inst_test\instancias\n_1000_3,300,20,10,5,0.1000,123,9997665742,9997663608,62,1671
docs\inst_test\instancias\n_1000_3,300,20,10,5,0.2000,42,9999229060,9999226468,60,1671
docs\inst_test\instancias\n_1000_3,300,20,10,10,0.1000,42,9995321912,9995319949,53,1671
docs\inst_test\instancias\n_1000_3,300,20,10,5,0.3000,2026,9999226819,9999225611,55,1671
docs\inst_test\instancias\n_1000_3,300,20,10,10,0.1000,2026,9999229050,9999226581,57,1671
docs\inst_test\instancias\n_1000_3,300,20,10,10,0.1000,123,9994541361,9994539065,58,1671
docs\inst_test\instancias\n_1000_3,300,20,10,5,0.2000,2026,9999229022,9999226617,69,1671
docs\inst_test\instancias\n_1000_3,300,20,10,10,0.3000,42,9996882989,9996881818,51,1671
docs\inst_test\instancias\n_1000_3,300,20,10,5,0.1000,42,9997665743,9997663580,79,1671
docs\inst_test\instancias\n_1000_3,300,20,10,5,0.1000,2026,9999229056,9999226515,76,1671
docs\inst_test\instancias\n_1000_3,300,20,10,5,0.3000,123,9999226830,9999225390,66,1671
docs\inst_test\instancias\n_1000_3,300,20,10,10,0.2000,123,9998446306,9998444700,59,1671
docs\inst_test\instancias\n_1000_3,300,20,10,20,0.2000,2026,9999229022,9999226617,52,1671
docs\inst_test\instancias\n_1000_3,300,20,10,10,0.2000,42,9999229060,9999226468,70,1671
docs\inst_test\instancias\n_1000_3,300,20,10,20,0.1000,42,9994541353,9994538947,65,1671
docs\inst_test\instancias\n_1000_3,300,20,10,20,0.3000,123,9998446310,9998444536,51,1671
docs\inst_test\instancias\n_1000_3,300,20,10,20,0.3000,2026,9999226819,9999225611,46,1671
docs\inst_test\instancias\n_1000_3,300,20,10,10,0.2000,2026,9999229022,9999226617,74,1671
docs\inst_test\instancias\n_1000_3,300,20,10,20,0.2000,123,9997665784,9997663639,59,1671
docs\inst_test\instancias\n_1000_3,300,20,10,20,0.3000,42,9996882984,9996881744,55,1671
docs\inst_test\instancias\n_1000_3,300,20,10,10,0.3000,123,9999226830,9999225390,74,1671
docs\inst_test\instancias\n_1000_3,300,20,10,10,0.3000,2026,9999226819,9999225611,73,1671
docs\inst_test\instancias\n_1000_3,300,20,10,20,0.2000,42,9999229060,9999226468,71,1671
docs\inst_test\instancias\n_1000_3,300,20,10,20,0.1000,2026,9999229050,9999226581,72,1671
docs\inst_test\instancias\n_1000_3,300,20,10,20,0.1000,123,9994541336,9994539080,78,1671
docs\inst_test\instancias\n_1000_3,300,20,15,5,0.1000,123,9997665742,9997663608,62,1671
docs\inst_test\instancias\n_1000_3,300,20,15,5,0.1000,42,9997665743,9997663580,65,1671
docs\inst_test\instancias\n_1000_3,300,20,15,5,0.2000,42,9999229060,9999226468,62,1671
docs\inst_test\instancias\n_1000_3,300,20,15,5,0.3000,42,9997663476,9997662529,54,1671
docs\inst_test\instancias\n_1000_3,300,20,15,5,0.2000,123,9999226821,9999225587,59,1671
docs\inst_test\instancias\n_1000_3,300,20,15,5,0.2000,2026,9999229022,9999226617,60,1671
docs\inst_test\instancias\n_1000_3,300,20,15,5,0.1000,2026,9999229056,9999226515,71,1671
docs\inst_test\instancias\n_1000_3,300,20,15,10,0.1000,42,9995321912,9995319949,55,1671
docs\inst_test\instancias\n_1000_3,300,20,15,5,0.3000,2026,9999226819,9999225611,62,1671
docs\inst_test\instancias\n_1000_3,300,20,15,5,0.3000,123,9999226830,9999225390,65,1671
docs\inst_test\instancias\n_1000_3,300,20,15,10,0.2000,2026,9999229022,9999226617,50,1671
docs\inst_test\instancias\n_1000_3,300,20,15,10,0.1000,2026,9999229050,9999226581,66,1671
docs\inst_test\instancias\n_1000_3,300,20,15,10,0.2000,123,9998446306,9998444700,66,1671
docs\inst_test\instancias\n_1000_3,300,20,15,10,0.2000,42,9999229060,9999226468,70,1671
docs\inst_test\instancias\n_1000_3,300,20,15,10,0.3000,2026,9999226819,9999225611,51,1671
docs\inst_test\instancias\n_1000_3,300,20,15,20,0.2000,2026,9999229022,9999226617,49,1671
docs\inst_test\instancias\n_1000_3,300,20,15,20,0.1000,123,9994541336,9994539080,53,1671
docs\inst_test\instancias\n_1000_3,300,20,15,20,0.1000,42,9994541353,9994538947,54,1671
docs\inst_test\instancias\n_1000_3,300,20,15,10,0.1000,123,9994541361,9994539065,76,1671
docs\inst_test\instancias\n_1000_3,300,20,15,20,0.3000,2026,9999226819,9999225611,47,1671
docs\inst_test\instancias\n_1000_3,300,20,15,10,0.3000,42,9996882989,9996881818,69,1671
docs\inst_test\instancias\n_1000_3,300,20,15,20,0.2000,42,9999229060,9999226468,62,1671
docs\inst_test\instancias\n_1000_3,300,20,15,10,0.3000,123,9999226830,9999225390,70,1671
docs\inst_test\instancias\n_1000_3,300,20,15,20,0.2000,123,9997665784,9997663639,63,1671
docs\inst_test\instancias\n_1000_3,300,20,15,20,0.3000,123,9998446310,9998444536,61,1671
docs\inst_test\instancias\n_1000_3,300,20,15,20,0.1000,2026,9999229050,9999226581,74,1671
docs\inst_test\instancias\n_1000_3,300,20,15,20,0.3000,42,9996882984,9996881744,69,1671
docs\inst_test\instancias\n_1000_3,500,10,7,5,0.1000,42,9997665743,9997663580,99,1671
docs\inst_test\instancias\n_1000_3,500,10,7,5,0.1000,123,9997665789,9997663609,100,1671
docs\inst_test\instancias\n_1000_3,500,10,7,10,0.3000,2026,9999226819,9999225611,79,1671
docs\inst_test\instancias\n_1000_3,500,10,7,5,0.1000,2026,9999229056,9999226515,103,1671
docs\inst_test\instancias\n_1000_3,500,10,7,10,0.2000,123,9999226823,9999225583,82,1671
docs\inst_test\instancias\n_1000_3,500,10,7,5,0.2000,123,9999226829,9999225499,103,1671
docs\inst_test\instancias\n_1000_3,500,10,7,10,0.1000,123,9994541387,9994538995,92,1671
docs\inst_test\instancias\n_1000_3,500,10,7,5,0.2000,42,9999229060,9999226468,108,1671
docs\inst_test\instancias\n_1000_3,500,10,7,10,0.1000,42,9997665749,9997663600,100,1671
docs\inst_test\instancias\n_1000_3,500,10,7,20,0.2000,42,9999229060,9999226468,83,1671
docs\inst_test\instancias\n_1000_3,500,10,7,5,0.2000,2026,9999229022,9999226617,113,1671
docs\inst_test\instancias\n_1000_3,500,10,7,5,0.3000,42,9998443951,9998443270,111,1671
docs\inst_test\instancias\n_1000_3,500,10,7,5,0.3000,2026,9999226819,9999225611,106,1671
docs\inst_test\instancias\n_1000_3,500,10,7,20,0.3000,42,9996882985,9996881662,82,1671
docs\inst_test\instancias\n_1000_3,500,10,7,10,0.2000,2026,9999229022,9999226617,101,1671
docs\inst_test\instancias\n_1000_3,500,10,7,20,0.2000,2026,9999229022,9999226617,89,1671
docs\inst_test\instancias\n_1000_3,500,10,7,10,0.3000,42,9999226832,9999225525,102,1671
docs\inst_test\instancias\n_1000_3,500,10,7,5,0.3000,123,9999226830,9999225390,122,1671
docs\inst_test\instancias\n_1000_3,500,10,7,10,0.1000,2026,9999229056,9999226515,118,1671
docs\inst_test\instancias\n_1000_3,500,10,7,10,0.3000,123,9999226830,9999225390,116,1671
docs\inst_test\instancias\n_1000_3,500,10,7,20,0.2000,123,9998446310,9998444768,107,1671
docs\inst_test\instancias\n_1000_3,500,10,7,20,0.1000,123,9994541361,9994539065,116,1671
docs\inst_test\instancias\n_1000_3,500,10,7,20,0.3000,2026,9999226819,9999225611,100,1671
docs\inst_test\instancias\n_1000_3,500,10,7,20,0.3000,123,9999226830,9999225390,107,1671
docs\inst_test\instancias\n_1000_3,500,10,7,10,0.2000,42,9999229060,9999226468,133,1671
docs\inst_test\instancias\n_1000_3,500,10,7,20,0.1000,42,9995321912,9995319949,128,1671
docs\inst_test\instancias\n_1000_3,500,10,7,20,0.1000,2026,9999229050,9999226581,136,1671
docs\inst_test\instancias\n_1000_3,500,10,10,5,0.1000,123,9997665789,9997663609,91,1671
docs\inst_test\instancias\n_1000_3,500,10,10,5,0.2000,42,9999229060,9999226468,98,1671
docs\inst_test\instancias\n_1000_3,500,10,10,5,0.3000,2026,9999226819,9999225611,88,1671
docs\inst_test\instancias\n_1000_3,500,10,10,5,0.3000,123,9999226830,9999225390,96,1671
docs\inst_test\instancias\n_1000_3,500,10,10,5,0.3000,42,9998443951,9998443270,104,1671
docs\inst_test\instancias\n_1000_3,500,10,10,5,0.1000,2026,9999229056,9999226515,109,1671
docs\inst_test\instancias\n_1000_3,500,10,10,10,0.3000,123,9999226830,9999225390,89,1671
docs\inst_test\instancias\n_1000_3,500,10,10,10,0.1000,2026,9999229056,9999226515,98,1671
docs\inst_test\instancias\n_1000_3,500,10,10,10,0.3000,2026,9999226819,9999225611,90,1671
docs\inst_test\instancias\n_1000_3,500,10,10,10,0.2000,123,9999226823,9999225583,99,1671
docs\inst_test\instancias\n_1000_3,500,10,10,5,0.2000,123,9999226829,9999225556,117,1671
docs\inst_test\instancias\n_1000_3,500,10,10,10,0.2000,42,9999229060,9999226468,103,1671
docs\inst_test\instancias\n_1000_3,500,10,10,10,0.3000,42,9999226832,9999225525,102,1671
docs\inst_test\instancias\n_1000_3,500,10,10,20,0.1000,123,9994541361,9994539065,88,1671
docs\inst_test\instancias\n_1000_3,500,10,10,5,0.2000,2026,9999229022,9999226617,125,1671
docs\inst_test\instancias\n_1000_3,500,10,10,20,0.1000,42,9995321912,9995319949,93,1671
docs\inst_test\instancias\n_1000_3,500,10,10,5,0.1000,42,9997665743,9997663580,133,1671
docs\inst_test\instancias\n_1000_3,500,10,10,10,0.1000,42,9997665749,9997663600,122,1671
docs\inst_test\instancias\n_1000_3,500,10,10,10,0.2000,2026,9999229022,9999226617,125,1671
docs\inst_test\instancias\n_1000_3,500,10,10,20,0.3000,2026,9999226819,9999225611,78,1671
docs\inst_test\instancias\n_1000_3,500,10,10,20,0.2000,42,9999229060,9999226468,107,1671
docs\inst_test\instancias\n_1000_3,500,10,10,10,0.1000,123,9994541387,9994539004,138,1671
docs\inst_test\instancias\n_1000_3,500,10,10,20,0.3000,123,9999226830,9999225390,100,1671
docs\inst_test\instancias\n_1000_3,500,10,10,20,0.3000,42,9996882985,9996881662,104,1671
docs\inst_test\instancias\n_1000_3,500,10,10,20,0.1000,2026,9999229050,9999226581,122,1671
docs\inst_test\instancias\n_1000_3,500,10,10,20,0.2000,123,9998446310,9998444768,120,1671
docs\inst_test\instancias\n_1000_3,500,10,10,20,0.2000,2026,9999229022,9999226617,125,1671
docs\inst_test\instancias\n_1000_3,500,10,15,5,0.1000,42,9997665743,9997663580,91,1671
docs\inst_test\instancias\n_1000_3,500,10,15,5,0.1000,123,9997665789,9997663609,96,1671
docs\inst_test\instancias\n_1000_3,500,10,15,10,0.1000,42,9997665749,9997663600,89,1671
docs\inst_test\instancias\n_1000_3,500,10,15,5,0.1000,2026,9999229056,9999226515,108,1671
docs\inst_test\instancias\n_1000_3,500,10,15,5,0.2000,2026,9999229022,9999226617,102,1671
docs\inst_test\instancias\n_1000_3,500,10,15,10,0.1000,2026,9999229056,9999226515,94,1671
docs\inst_test\instancias\n_1000_3,500,10,15,10,0.3000,123,9999226830,9999225390,87,1671
docs\inst_test\instancias\n_1000_3,500,10,15,10,0.2000,123,9999226823,9999225583,89,1671
docs\inst_test\instancias\n_1000_3,500,10,15,10,0.3000,42,9999226832,9999225525,91,1671
docs\inst_test\instancias\n_1000_3,500,10,15,5,0.2000,123,9999226829,9999225556,109,1671
docs\inst_test\instancias\n_1000_3,500,10,15,10,0.2000,2026,9999229022,9999226617,94,1671
docs\inst_test\instancias\n_1000_3,500,10,15,5,0.3000,42,9998443951,9998443270,109,1671
docs\inst_test\instancias\n_1000_3,500,10,15,5,0.3000,123,9999226830,9999225390,113,1671
docs\inst_test\instancias\n_1000_3,500,10,15,5,0.3000,2026,9999226819,9999225611,111,1671
docs\inst_test\instancias\n_1000_3,500,10,15,10,0.2000,42,9999229060,9999226468,105,1671
docs\inst_test\instancias\n_1000_3,500,10,15,10,0.1000,123,9994541387,9994539004,118,1671
docs\inst_test\instancias\n_1000_3,500,10,15,10,0.3000,2026,9999226819,9999225611,100,1671
docs\inst_test\instancias\n_1000_3,500,10,15,20,0.3000,42,9996882985,9996881662,78,1671
docs\inst_test\instancias\n_1000_3,500,10,15,20,0.3000,123,9999226830,9999225390,80,1671
docs\inst_test\instancias\n_1000_3,500,10,15,20,0.1000,42,9995321912,9995319949,99,1671
docs\inst_test\instancias\n_1000_3,500,10,15,5,0.2000,42,9999229060,9999226468,143,1671
docs\inst_test\instancias\n_1000_3,500,10,15,20,0.2000,2026,9999229022,9999226617,92,1671
docs\inst_test\instancias\n_1000_3,500,10,15,20,0.3000,2026,9999226819,9999225611,81,1671
docs\inst_test\instancias\n_1000_3,500,10,15,20,0.2000,123,9998446310,9998444768,106,1671
docs\inst_test\instancias\n_1000_3,500,10,15,20,0.2000,42,9999229060,9999226468,108,1671
docs\inst_test\instancias\n_1000_3,500,10,15,20,0.1000,2026,9999229050,9999226581,111,1671
docs\inst_test\instancias\n_1000_3,500,15,7,5,0.1000,42,9997665743,9997663580,96,1671
docs\inst_test\instancias\n_1000_3,500,10,15,20,0.1000,123,9994541361,9994539065,132,1671
docs\inst_test\instancias\n_1000_3,500,15,7,5,0.1000,123,9997665789,9997663609,106,1671
docs\inst_test\instancias\n_1000_3,500,15,7,5,0.3000,42,9998443951,9998443270,93,1671
docs\inst_test\instancias\n_1000_3,500,15,7,10,0.2000,123,9999226823,9999225583,82,1671
docs\inst_test\instancias\n_1000_3,500,15,7,10,0.1000,2026,9999229056,9999226515,89,1671
docs\inst_test\instancias\n_1000_3,500,15,7,5,0.2000,42,9999229060,9999226468,104,1671
docs\inst_test\instancias\n_1000_3,500,15,7,5,0.2000,2026,9999229022,9999226617,102,1671
docs\inst_test\instancias\n_1000_3,500,15,7,10,0.1000,42,9997665749,9997663600,102,1671
docs\inst_test\instancias\n_1000_3,500,15,7,5,0.2000,123,9999226829,9999225499,109,1671
docs\inst_test\instancias\n_1000_3,500,15,7,20,0.3000,42,9996882985,9996881662,67,1671
docs\inst_test\instancias\n_1000_3,500,15,7,5,0.1000,2026,9999229056,9999226515,122,1671
docs\inst_test\instancias\n_1000_3,500,15,7,5,0.3000,123,9999226830,9999225390,115,1671
docs\inst_test\instancias\n_1000_3,500,15,7,10,0.2000,2026,9999229022,9999226617,100,1671
docs\inst_test\instancias\n_1000_3,500,15,7,20,0.1000,42,9995321912,9995319949,89,1671
docs\inst_test\instancias\n_1000_3,500,15,7,10,0.1000,123,9994541387,9994538995,117,1671
docs\inst_test\instancias\n_1000_3,500,15,7,10,0.3000,123,9999226830,9999225390,102,1671
docs\inst_test\instancias\n_1000_3,500,15,7,20,0.2000,42,9999229060,9999226468,90,1671
docs\inst_test\instancias\n_1000_3,500,15,7,10,0.3000,42,9999226832,9999225525,105,1671
docs\inst_test\instancias\n_1000_3,500,15,7,10,0.3000,2026,9999226819,9999225611,103,1671
docs\inst_test\instancias\n_1000_3,500,15,7,5,0.3000,2026,9999226819,9999225611,129,1671
docs\inst_test\instancias\n_1000_3,500,15,7,20,0.3000,123,9999226830,9999225390,91,1671
docs\inst_test\instancias\n_1000_3,500,15,7,20,0.3000,2026,9999226819,9999225611,85,1671
docs\inst_test\instancias\n_1000_3,500,15,7,20,0.2000,2026,9999229022,9999226617,99,1671
docs\inst_test\instancias\n_1000_3,500,15,7,20,0.1000,2026,9999229050,9999226581,115,1671
docs\inst_test\instancias\n_1000_3,500,15,7,20,0.1000,123,9994541361,9994539065,117,1671
docs\inst_test\instancias\n_1000_3,500,15,7,10,0.2000,42,9999229060,9999226468,138,1671
docs\inst_test\instancias\n_1000_3,500,15,7,20,0.2000,123,9998446310,9998444768,113,1671
docs\inst_test\instancias\n_1000_3,500,15,10,5,0.1000,42,9997665743,9997663580,95,1671
docs\inst_test\instancias\n_1000_3,500,15,10,5,0.3000,42,9998443951,9998443270,90,1671
docs\inst_test\instancias\n_1000_3,500,15,10,5,0.1000,123,9997665789,9997663609,107,1671
docs\inst_test\instancias\n_1000_3,500,15,10,5,0.2000,42,9999229060,9999226468,103,1671
docs\inst_test\instancias\n_1000_3,500,15,10,5,0.2000,2026,9999229022,9999226617,106,1671
docs\inst_test\instancias\n_1000_3,500,15,10,5,0.2000,123,9999226829,9999225556,109,1671
docs\inst_test\instancias\n_1000_3,500,15,10,5,0.3000,123,9999226830,9999225390,101,1671
docs\inst_test\instancias\n_1000_3,500,15,10,5,0.3000,2026,9999226819,9999225611,100,1671
docs\inst_test\instancias\n_1000_3,500,15,10,5,0.1000,2026,9999229056,9999226515,118,1671
docs\inst_test\instancias\n_1000_3,500,15,10,10,0.1000,123,9994541387,9994539004,98,1671
docs\inst_test\instancias\n_1000_3,500,15,10,10,0.3000,2026,9999226819,9999225611,85,1671
docs\inst_test\instancias\n_1000_3,500,15,10,10,0.1000,2026,9999229056,9999226515,99,1671
docs\inst_test\instancias\n_1000_3,500,15,10,10,0.2000,2026,9999229022,9999226617,96,1671
docs\inst_test\instancias\n_1000_3,500,15,10,10,0.2000,123,9999226823,9999225583,102,1671
docs\inst_test\instancias\n_1000_3,500,15,10,10,0.3000,42,9999226832,9999225525,109,1671
docs\inst_test\instancias\n_1000_3,500,15,10,20,0.2000,123,9998446310,9998444768,89,1671
docs\inst_test\instancias\n_1000_3,500,15,10,20,0.3000,42,9996882985,9996881662,87,1671
docs\inst_test\instancias\n_1000_3,500,15,10,20,0.3000,123,9999226830,9999225390,85,1671
docs\inst_test\instancias\n_1000_3,500,15,10,20,0.1000,123,9994541361,9994539065,104,1671
docs\inst_test\instancias\n_1000_3,500,15,10,10,0.3000,123,9999226830,9999225390,113,1671
docs\inst_test\instancias\n_1000_3,500,15,10,20,0.2000,2026,9999229022,9999226617,94,1671
docs\inst_test\instancias\n_1000_3,500,15,10,20,0.1000,42,9995321912,9995319949,111,1671
docs\inst_test\instancias\n_1000_3,500,15,10,10,0.1000,42,9997665749,9997663600,129,1671
docs\inst_test\instancias\n_1000_3,500,15,10,20,0.3000,2026,9999226819,9999225611,91,1671
docs\inst_test\instancias\n_1000_3,500,15,10,10,0.2000,42,9999229060,9999226468,131,1671
docs\inst_test\instancias\n_1000_3,500,15,15,5,0.1000,42,9997665743,9997663580,89,1671
docs\inst_test\instancias\n_1000_3,500,15,10,20,0.1000,2026,9999229050,9999226581,116,1671
docs\inst_test\instancias\n_1000_3,500,15,10,20,0.2000,42,9999229060,9999226468,112,1671
docs\inst_test\instancias\n_1000_3,500,15,15,5,0.1000,123,9997665789,9997663609,95,1671
docs\inst_test\instancias\n_1000_3,500,15,15,10,0.2000,123,9999226823,9999225583,75,1671
docs\inst_test\instancias\n_1000_3,500,15,15,5,0.3000,42,9998443951,9998443270,91,1671
docs\inst_test\instancias\n_1000_3,500,15,15,5,0.2000,42,9999229060,9999226468,103,1671
docs\inst_test\instancias\n_1000_3,500,15,15,10,0.2000,42,9999229060,9999226468,88,1671
docs\inst_test\instancias\n_1000_3,500,15,15,5,0.3000,2026,9999226819,9999225611,101,1671
docs\inst_test\instancias\n_1000_3,500,15,15,5,0.2000,123,9999226829,9999225556,110,1671
docs\inst_test\instancias\n_1000_3,500,15,15,10,0.1000,2026,9999229056,9999226515,98,1671
docs\inst_test\instancias\n_1000_3,500,15,15,10,0.1000,123,9994541387,9994539004,103,1671
docs\inst_test\instancias\n_1000_3,500,15,15,5,0.2000,2026,9999229022,9999226617,112,1671
docs\inst_test\instancias\n_1000_3,500,15,15,20,0.3000,123,9999226830,9999225390,74,1671
docs\inst_test\instancias\n_1000_3,500,15,15,20,0.2000,42,9999229060,9999226468,83,1671
docs\inst_test\instancias\n_1000_3,500,15,15,5,0.3000,123,9999226830,9999225390,119,1671
docs\inst_test\instancias\n_1000_3,500,15,15,5,0.1000,2026,9999229056,9999226515,132,1671
docs\inst_test\instancias\n_1000_3,500,15,15,10,0.3000,123,9999226830,9999225390,93,1671
docs\inst_test\instancias\n_1000_3,500,15,15,20,0.1000,123,9994541361,9994539065,93,1671
docs\inst_test\instancias\n_1000_3,500,15,15,20,0.1000,2026,9999229050,9999226581,92,1671
docs\inst_test\instancias\n_1000_3,500,15,15,10,0.3000,2026,9999226819,9999225611,98,1671
docs\inst_test\instancias\n_1000_3,500,15,15,10,0.1000,42,9997665749,9997663600,124,1671
docs\inst_test\instancias\n_1000_3,500,15,15,20,0.3000,42,9996882985,9996881662,88,1671
docs\inst_test\instancias\n_1000_3,500,15,15,10,0.3000,42,9999226832,9999225525,108,1671
docs\inst_test\instancias\n_1000_3,500,15,15,20,0.2000,2026,9999229022,9999226617,98,1671
docs\inst_test\instancias\n_1000_3,500,15,15,20,0.1000,42,9995321912,9995319949,108,1671
docs\inst_test\instancias\n_1000_3,500,15,15,20,0.2000,123,9998446310,9998444768,107,1671
docs\inst_test\instancias\n_1000_3,500,15,15,10,0.2000,2026,9999229022,9999226617,121,1671
docs\inst_test\instancias\n_1000_3,500,15,15,20,0.3000,2026,9999226819,9999225611,101,1671
docs\inst_test\instancias\n_1000_3,500,20,7,5,0.1000,42,9997665743,9997663580,108,1671
docs\inst_test\instancias\n_1000_3,500,20,7,5,0.1000,2026,9999229056,9999226515,103,1671
docs\inst_test\instancias\n_1000_3,500,20,7,5,0.1000,123,9997665789,9997663609,116,1671
docs\inst_test\instancias\n_1000_3,500,20,7,20,0.3000,42,9996882985,9996881662,53,1671
docs\inst_test\instancias\n_1000_3,500,20,7,5,0.2000,123,9999226829,9999225499,104,1671
docs\inst_test\instancias\n_1000_3,500,20,7,5,0.2000,42,9999229060,9999226468,108,1671
docs\inst_test\instancias\n_1000_3,500,20,7,10,0.1000,2026,9999229056,9999226515,84,1671
docs\inst_test\instancias\n_1000_3,500,20,7,10,0.2000,123,9999226823,9999225583,82,1671
docs\inst_test\instancias\n_1000_3,500,20,7,10,0.1000,123,9994541387,9994538995,93,1671
docs\inst_test\instancias\n_1000_3,500,20,7,10,0.3000,42,9999226832,9999225525,88,1671
docs\inst_test\instancias\n_1000_3,500,20,7,5,0.3000,123,9999226830,9999225390,103,1671
docs\inst_test\instancias\n_1000_3,500,20,7,5,0.3000,2026,9999226819,9999225611,106,1671
docs\inst_test\instancias\n_1000_3,500,20,7,5,0.3000,42,9998443951,9998443270,109,1671
docs\inst_test\instancias\n_1000_3,500,20,7,20,0.1000,123,9994541361,9994539065,93,1671
docs\inst_test\instancias\n_1000_3,500,20,7,10,0.1000,42,9997665749,9997663600,115,1671
docs\inst_test\instancias\n_1000_3,500,20,7,10,0.3000,123,9999226830,9999225390,100,1671
docs\inst_test\instancias\n_1000_3,500,20,7,10,0.2000,2026,9999229022,9999226617,107,1671
docs\inst_test\instancias\n_1000_3,500,20,7,5,0.2000,2026,9999229022,9999226617,130,1671
docs\inst_test\instancias\n_1000_3,500,20,7,20,0.2000,42,9999229060,9999226468,100,1671
docs\inst_test\instancias\n_1000_3,500,20,7,20,0.2000,2026,9999229022,9999226617,98,1671
docs\inst_test\instancias\n_1000_3,500,20,7,10,0.3000,2026,9999226819,9999225611,118,1671
docs\inst_test\instancias\n_1000_3,500,20,7,20,0.1000,42,9995321912,9995319949,118,1671
docs\inst_test\instancias\n_1000_3,500,20,7,10,0.2000,42,9999229060,9999226468,131,1671
docs\inst_test\instancias\n_1000_3,500,20,7,20,0.2000,123,9998446310,9998444768,110,1671
docs\inst_test\instancias\n_1000_3,500,20,7,20,0.1000,2026,9999229050,9999226581,120,1671
docs\inst_test\instancias\n_1000_3,500,20,7,20,0.3000,123,9999226830,9999225390,106,1671
docs\inst_test\instancias\n_1000_3,500,20,7,20,0.3000,2026,9999226819,9999225611,114,1671
docs\inst_test\instancias\n_1000_3,500,20,10,5,0.1000,42,9997665743,9997663580,113,1671
docs\inst_test\instancias\n_1000_3,500,20,10,5,0.3000,123,9999226830,9999225390,87,1671
docs\inst_test\instancias\n_1000_3,500,20,10,5,0.3000,42,9998443951,9998443270,90,1671
docs\inst_test\instancias\n_1000_3,500,20,10,10,0.1000,42,9997665749,9997663600,85,1671
docs\inst_test\instancias\n_1000_3,500,20,10,5,0.2000,2026,9999229022,9999226617,97,1671
docs\inst_test\instancias\n_1000_3,500,20,10,5,0.2000,123,9999226829,9999225556,100,1671
docs\inst_test\instancias\n_1000_3,500,20,10,10,0.1000,2026,9999229056,9999226515,90,1671
docs\inst_test\instancias\n_1000_3,500,20,10,5,0.3000,2026,9999226819,9999225611,100,1671
docs\inst_test\instancias\n_1000_3,500,20,10,5,0.1000,123,9997665789,9997663609,111,1671
docs\inst_test\instancias\n_1000_3,500,20,10,10,0.1000,123,9994541387,9994539004,95,1671
docs\inst_test\instancias\n_1000_3,500,20,10,10,0.3000,42,9999226832,9999225525,83,1671
docs\inst_test\instancias\n_1000_3,500,20,10,5,0.2000,42,9999229060,9999226468,117,1671
docs\inst_test\instancias\n_1000_3,500,20,10,10,0.3000,2026,9999226819,9999225611,84,1671
docs\inst_test\instancias\n_1000_3,500,20,10,10,0.2000,42,9999229060,9999226468,107,1671
docs\inst_test\instancias\n_1000_3,500,20,10,5,0.1000,2026,9999229056,9999226515,129,1671
docs\inst_test\instancias\n_1000_3,500,20,10,10,0.2000,123,9999226823,9999225583,101,1671
docs\inst_test\instancias\n_1000_3,500,20,10,20,0.1000,42,9995321912,9995319949,90,1671
docs\inst_test\instancias\n_1000_3,500,20,10,20,0.1000,123,9994541361,9994539065,91,1671
docs\inst_test\instancias\n_1000_3,500,20,10,10,0.3000,123,9999226830,9999225390,104,1671
docs\inst_test\instancias\n_1000_3,500,20,10,20,0.3000,42,9996882985,9996881662,80,1671
docs\inst_test\instancias\n_1000_3,500,20,10,20,0.1000,2026,9999229050,9999226581,91,1671
docs\inst_test\instancias\n_1000_3,500,20,10,10,0.2000,2026,9999229022,9999226617,112,1671
docs\inst_test\instancias\n_1000_3,500,20,10,20,0.3000,123,9999226830,9999225390,84,1671
docs\inst_test\instancias\n_1000_3,500,20,10,20,0.2000,42,9999229060,9999226468,96,1671
docs\inst_test\instancias\n_1000_3,500,20,10,20,0.3000,2026,9999226819,9999225611,80,1671
docs\inst_test\instancias\n_1000_3,500,20,10,20,0.2000,2026,9999229022,9999226617,95,1671
docs\inst_test\instancias\n_1000_3,500,20,10,20,0.2000,123,9998446310,9998444768,99,1671
docs\inst_test\instancias\n_1000_3,500,20,15,5,0.1000,42,9997665743,9997663580,93,1671
docs\inst_test\instancias\n_1000_3,500,20,15,5,0.1000,123,9997665789,9997663609,78,1671
docs\inst_test\instancias\n_1000_3,500,20,15,5,0.2000,123,9999226829,9999225556,86,1671
docs\inst_test\instancias\n_1000_3,500,20,15,5,0.3000,2026,9999226819,9999225611,78,1671
docs\inst_test\instancias\n_1000_3,500,20,15,5,0.3000,42,9998443951,9998443270,82,1671
docs\inst_test\instancias\n_1000_3,500,20,15,5,0.3000,123,9999226830,9999225390,81,1671
docs\inst_test\instancias\n_1000_3,500,20,15,5,0.1000,2026,9999229056,9999226515,99,1671
docs\inst_test\instancias\n_1000_3,500,20,15,5,0.2000,42,9999229060,9999226468,95,1671
docs\inst_test\instancias\n_1000_3,500,20,15,5,0.2000,2026,9999229022,9999226617,92,1671
docs\inst_test\instancias\n_1000_3,500,20,15,10,0.1000,42,9997665749,9997663600,88,1671
docs\inst_test\instancias\n_1000_3,500,20,15,10,0.2000,42,9999229060,9999226468,79,1671
docs\inst_test\instancias\n_1000_3,500,20,15,10,0.1000,123,9994541387,9994539004,91,1671
docs\inst_test\instancias\n_1000_3,500,20,15,10,0.3000,123,9999226830,9999225390,74,1671
docs\inst_test\instancias\n_1000_3,500,20,15,10,0.3000,42,9999226832,9999225525,76,1671
docs\inst_test\instancias\n_1000_3,500,20,15,10,0.1000,2026,9999229056,9999226515,88,1671
docs\inst_test\instancias\n_1000_3,500,20,15,20,0.3000,2026,9999226819,9999225611,55,1671
docs\inst_test\instancias\n_1000_3,500,20,15,20,0.1000,2026,9999229050,9999226581,67,1671
docs\inst_test\instancias\n_1000_3,500,20,15,10,0.2000,123,9999226823,9999225583,82,1671
docs\inst_test\instancias\n_1000_3,500,20,15,10,0.3000,2026,9999226819,9999225611,77,1671
docs\inst_test\instancias\n_1000_3,500,20,15,20,0.1000,42,9995321912,9995319949,77,1671
docs\inst_test\instancias\n_1000_3,500,20,15,20,0.2000,42,9999229060,9999226468,71,1671
docs\inst_test\instancias\n_1000_3,500,20,15,20,0.1000,123,9994541361,9994539065,77,1671
docs\inst_test\instancias\n_1000_3,500,20,15,10,0.2000,2026,9999229022,9999226617,86,1671
docs\inst_test\instancias\n_1000_3,500,20,15,20,0.2000,123,9998446310,9998444768,73,1671
docs\inst_test\instancias\n_1000_3,500,20,15,20,0.3000,123,9999226830,9999225390,68,1671
docs\inst_test\instancias\n_1000_3,500,20,15,20,0.2000,2026,9999229022,9999226617,70,1671
docs\inst_test\instancias\n_1000_3,500,20,15,20,0.3000,42,9996882985,9996881662,70,1671
docs\inst_test\instancias\n_1000_4,100,10,7,5,0.2000,123,9998455663,9998450281,12,1716
docs\inst_test\instancias\n_1000_4,100,10,7,20,0.1000,123,9996115758,9996108806,15,1716
docs\inst_test\instancias\n_1000_4,100,10,7,5,0.1000,123,9999239604,9999233200,18,1716
docs\inst_test\instancias\n_1000_4,100,10,7,5,0.2000,42,9999239825,9999233397,18,1716
docs\inst_test\instancias\n_1000_4,100,10,7,5,0.1000,2026,9999239796,9999233069,19,1716
docs\inst_test\instancias\n_1000_4,100,10,7,20,0.3000,42,9991423917,9991418608,18,1716
docs\inst_test\instancias\n_1000_4,100,10,7,5,0.2000,2026,9999239684,9999233254,19,1716
docs\inst_test\instancias\n_1000_4,100,10,7,10,0.3000,42,9994547650,9994542891,19,1716
docs\inst_test\instancias\n_1000_4,100,10,7,10,0.1000,2026,9991427953,9991421500,19,1716
docs\inst_test\instancias\n_1000_4,100,10,7,10,0.1000,123,9996895765,9996889366,18,1716
docs\inst_test\instancias\n_1000_4,100,10,7,20,0.2000,2026,9999239684,9999233254,18,1716
docs\inst_test\instancias\n_1000_4,100,10,7,20,0.3000,123,9997675795,9997669459,18,1716
docs\inst_test\instancias\n_1000_4,100,10,7,20,0.2000,123,9989864094,9989857916,18,1716
docs\inst_test\instancias\n_1000_4,100,10,7,20,0.2000,42,9998459677,9998452927,19,1716
docs\inst_test\instancias\n_1000_4,100,10,7,5,0.1000,42,9999239200,9999233015,23,1716
docs\inst_test\instancias\n_1000_4,100,10,7,20,0.1000,42,9993771778,9993764749,22,1716
docs\inst_test\instancias\n_1000_4,100,10,7,20,0.1000,2026,9991427953,9991421500,22,1716
docs\inst_test\instancias\n_1000_4,100,10,7,10,0.2000,42,9998459677,9998452927,24,1716
docs\inst_test\instancias\n_1000_4,100,10,7,5,0.3000,42,9996891031,9996886639,25,1716
docs\inst_test\instancias\n_1000_4,100,10,7,10,0.3000,2026,9997675731,9997669897,25,1716
docs\inst_test\instancias\n_1000_4,100,10,7,20,0.3000,2026,9997675731,9997669897,26,1716
docs\inst_test\instancias\n_1000_4,100,10,7,10,0.3000,123,9997675862,9997669855,26,1716
docs\inst_test\instancias\n_1000_4,100,10,7,5,0.3000,2026,9999235557,9999230837,26,1716
docs\inst_test\instancias\n_1000_4,100,10,7,10,0.2000,123,9997675834,9997669777,28,1716
docs\inst_test\instancias\n_1000_4,100,10,7,10,0.1000,42,9993771778,9993764749,28,1716
docs\inst_test\instancias\n_1000_4,100,10,7,5,0.3000,123,9997675862,9997669855,29,1716
docs\inst_test\instancias\n_1000_4,100,10,7,10,0.2000,2026,9999239684,9999233254,30,1716
docs\inst_test\instancias\n_1000_4,100,10,10,5,0.3000,123,9997675862,9997669855,13,1716
docs\inst_test\instancias\n_1000_4,100,10,10,10,0.3000,42,9994547650,9994542891,10,1716
docs\inst_test\instancias\n_1000_4,100,10,10,5,0.1000,42,9999239200,9999233015,21,1716
docs\inst_test\instancias\n_1000_4,100,10,10,5,0.1000,123,9999239604,9999233200,20,1716
docs\inst_test\instancias\n_1000_4,100,10,10,5,0.1000,2026,9999239796,9999233069,19,1716
docs\inst_test\instancias\n_1000_4,100,10,10,5,0.3000,2026,9999235557,9999230837,17,1716
docs\inst_test\instancias\n_1000_4,100,10,10,5,0.3000,42,9996891031,9996886639,18,1716
docs\inst_test\instancias\n_1000_4,100,10,10,5,0.2000,42,9999239825,9999233397,20,1716
docs\inst_test\instancias\n_1000_4,100,10,10,5,0.2000,2026,9999239684,9999233254,19,1716
docs\inst_test\instancias\n_1000_4,100,10,10,10,0.1000,42,9993771778,9993764749,20,1716
docs\inst_test\instancias\n_1000_4,100,10,10,5,0.2000,123,9998455663,9998450281,22,1716
docs\inst_test\instancias\n_1000_4,100,10,10,20,0.2000,123,9989864094,9989857916,15,1716
docs\inst_test\instancias\n_1000_4,100,10,10,10,0.3000,2026,9997675731,9997669897,18,1716
docs\inst_test\instancias\n_1000_4,100,10,10,10,0.2000,2026,9999239684,9999233254,20,1716
docs\inst_test\instancias\n_1000_4,100,10,10,10,0.3000,123,9997675862,9997669855,21,1716
docs\inst_test\instancias\n_1000_4,100,10,10,10,0.1000,123,9996895765,9996889366,24,1716
docs\inst_test\instancias\n_1000_4,100,10,15,5,0.1000,42,9999239200,9999233015,11,1716
docs\inst_test\instancias\n_1000_4,100,10,10,20,0.3000,42,9991423917,9991418608,16,1716
docs\inst_test\instancias\n_1000_4,100,10,10,10,0.1000,2026,9991427953,9991421500,26,1716
docs\inst_test\instancias\n_1000_4,100,10,10,20,0.1000,42,9993771778,9993764749,22,1716
docs\inst_test\instancias\n_1000_4,100,10,10,10,0.2000,123,9997675834,9997669777,28,1716
docs\inst_test\instancias\n_1000_4,100,10,15,5,0.2000,2026,9999239684,9999233254,13,1716
docs\inst_test\instancias\n_1000_4,100,10,10,10,0.2000,42,9998459677,9998452927,31,1716
docs\inst_test\instancias\n_1000_4,100,10,10,20,0.1000,123,9996115758,9996108806,25,1716
docs\inst_test\instancias\n_1000_4,100,10,10,20,0.1000,2026,9991427953,9991421500,24,1716
docs\inst_test\instancias\n_1000_4,100,10,15,5,0.1000,123,9999239604,9999233200,19,1716
docs\inst_test\instancias\n_1000_4,100,10,10,20,0.2000,42,9998459677,9998452927,26,1716
docs\inst_test\instancias\n_1000_4,100,10,15,5,0.2000,42,9999239825,9999233397,18,1716
docs\inst_test\instancias\n_1000_4,100,10,15,5,0.2000,123,9998455663,9998450281,19,1716
docs\inst_test\instancias\n_1000_4,100,10,15,5,0.3000,42,9996891031,9996886639,18,1716
docs\inst_test\instancias\n_1000_4,100,10,15,5,0.3000,2026,9999235557,9999230837,18,1716
docs\inst_test\instancias\n_1000_4,100,10,15,5,0.3000,123,9997675862,9997669855,19,1716
docs\inst_test\instancias\n_1000_4,100,10,15,10,0.3000,123,9997675862,9997669855,13,1716
docs\inst_test\instancias\n_1000_4,100,10,10,20,0.2000,2026,9999239684,9999233254,30,1716
docs\inst_test\instancias\n_1000_4,100,10,10,20,0.3000,123,9997675795,9997669459,31,1716
docs\inst_test\instancias\n_1000_4,100,10,10,20,0.3000,2026,9997675731,9997669897,30,1716
docs\inst_test\instancias\n_1000_4,100,10,15,5,0.1000,2026,9999239796,9999233069,27,1716
docs\inst_test\instancias\n_1000_4,100,10,15,10,0.2000,123,9997675834,9997669777,19,1716
docs\inst_test\instancias\n_1000_4,100,10,15,10,0.2000,42,9998459677,9998452927,19,1716
docs\inst_test\instancias\n_1000_4,100,10,15,10,0.3000,42,9994547650,9994542891,17,1716
docs\inst_test\instancias\n_1000_4,100,10,15,10,0.1000,42,9993771778,9993764749,23,1716
docs\inst_test\instancias\n_1000_4,100,10,15,10,0.3000,2026,9997675731,9997669897,16,1716
docs\inst_test\instancias\n_1000_4,100,10,15,20,0.1000,123,9996115758,9996108806,19,1716
docs\inst_test\instancias\n_1000_4,100,10,15,10,0.1000,2026,9991427953,9991421500,26,1716
docs\inst_test\instancias\n_1000_4,100,10,15,20,0.2000,42,9998459677,9998452927,19,1716
docs\inst_test\instancias\n_1000_4,100,10,15,20,0.3000,42,9991423917,9991418608,17,1716
docs\inst_test\instancias\n_1000_4,100,10,15,20,0.2000,2026,9999239684,9999233254,19,1716
docs\inst_test\instancias\n_1000_4,100,10,15,20,0.3000,123,9997675795,9997669459,18,1716
docs\inst_test\instancias\n_1000_4,100,10,15,10,0.1000,123,9996895765,9996889366,30,1716
docs\inst_test\instancias\n_1000_4,100,10,15,10,0.2000,2026,9999239684,9999233254,29,1716
docs\inst_test\instancias\n_1000_4,100,15,7,5,0.1000,2026,9999239796,9999233069,19,1716
docs\inst_test\instancias\n_1000_4,100,15,7,5,0.1000,123,9999239604,9999233200,19,1716
docs\inst_test\instancias\n_1000_4,100,15,7,5,0.2000,123,9998455663,9998450281,18,1716
docs\inst_test\instancias\n_1000_4,100,15,7,10,0.1000,2026,9991427953,9991421500,13,1716
docs\inst_test\instancias\n_1000_4,100,15,7,5,0.1000,42,9999239200,9999233015,20,1716
docs\inst_test\instancias\n_1000_4,100,10,15,20,0.1000,42,9993771778,9993764749,30,1716
docs\inst_test\instancias\n_1000_4,100,15,7,5,0.2000,42,9999239825,9999233397,19,1716
docs\inst_test\instancias\n_1000_4,100,10,15,20,0.1000,2026,9991427953,9991421500,30,1716
docs\inst_test\instancias\n_1000_4,100,10,15,20,0.2000,123,9989864094,9989857916,28,1716
docs\inst_test\instancias\n_1000_4,100,15,7,10,0.1000,123,9996895765,9996889366,18,1716
docs\inst_test\instancias\n_1000_4,100,15,7,10,0.3000,123,9997675862,9997669855,12,1716
docs\inst_test\instancias\n_1000_4,100,10,15,20,0.3000,2026,9997675731,9997669897,27,1716
docs\inst_test\instancias\n_1000_4,100,15,7,10,0.2000,123,9997675834,9997669777,19,1716
docs\inst_test\instancias\n_1000_4,100,15,7,10,0.2000,2026,9999239684,9999233254,19,1716
docs\inst_test\instancias\n_1000_4,100,15,7,20,0.1000,42,9993771778,9993764749,14,1716
docs\inst_test\instancias\n_1000_4,100,15,7,5,0.2000,2026,9999239684,9999233254,25,1716
docs\inst_test\instancias\n_1000_4,100,15,7,5,0.3000,42,9996891031,9996886639,25,1716
docs\inst_test\instancias\n_1000_4,100,15,7,10,0.3000,42,9994547650,9994542891,18,1716
docs\inst_test\instancias\n_1000_4,100,15,7,5,0.3000,123,9997675862,9997669855,26,1716
docs\inst_test\instancias\n_1000_4,100,15,7,10,0.3000,2026,9997675731,9997669897,18,1716
docs\inst_test\instancias\n_1000_4,100,15,7,10,0.1000,42,9993771778,9993764749,26,1716
docs\inst_test\instancias\n_1000_4,100,15,7,20,0.3000,2026,9997675731,9997669897,13,1716
docs\inst_test\instancias\n_1000_4,100,15,7,20,0.1000,2026,9991427953,9991421500,18,1716
docs\inst_test\instancias\n_1000_4,100,15,7,5,0.3000,2026,9999235557,9999230837,29,1716
docs\inst_test\instancias\n_1000_4,100,15,7,10,0.2000,42,9998459677,9998452927,28,1716
docs\inst_test\instancias\n_1000_4,100,15,7,20,0.3000,42,9991423917,9991418608,18,1716
docs\inst_test\instancias\n_1000_4,100,15,7,20,0.2000,2026,9999239684,9999233254,18,1716
docs\inst_test\instancias\n_1000_4,100,15,7,20,0.3000,123,9997675795,9997669459,18,1716
docs\inst_test\instancias\n_1000_4,100,15,10,5,0.1000,42,9999239200,9999233015,20,1716
docs\inst_test\instancias\n_1000_4,100,15,10,5,0.1000,2026,9999239796,9999233069,20,1716
docs\inst_test\instancias\n_1000_4,100,15,7,20,0.2000,123,9989864094,9989857916,25,1716
docs\inst_test\instancias\n_1000_4,100,15,10,5,0.3000,42,9996891031,9996886639,18,1716
docs\inst_test\instancias\n_1000_4,100,15,7,20,0.1000,123,9996115758,9996108806,28,1716
docs\inst_test\instancias\n_1000_4,100,15,10,5,0.3000,2026,9999235557,9999230837,18,1716
docs\inst_test\instancias\n_1000_4,100,15,10,5,0.2000,2026,9999239684,9999233254,20,1716
docs\inst_test\instancias\n_1000_4,100,15,7,20,0.2000,42,9998459677,9998452927,29,1716
docs\inst_test\instancias\n_1000_4,100,15,10,10,0.1000,42,9993771778,9993764749,19,1716
docs\inst_test\instancias\n_1000_4,100,15,10,10,0.2000,2026,9999239684,9999233254,15,1716
docs\inst_test\instancias\n_1000_4,100,15,10,5,0.1000,123,9999239604,9999233200,26,1716
docs\inst_test\instancias\n_1000_4,100,15,10,10,0.3000,42,9994547650,9994542891,16,1716
docs\inst_test\instancias\n_1000_4,100,15,10,10,0.2000,123,9997675834,9997669777,18,1716
docs\inst_test\instancias\n_1000_4,100,15,10,10,0.1000,123,9996895765,9996889366,22,1716
docs\inst_test\instancias\n_1000_4,100,15,10,10,0.2000,42,9998459677,9998452927,21,1716
docs\inst_test\instancias\n_1000_4,100,15,10,5,0.3000,123,9997675862,9997669855,24,1716
docs\inst_test\instancias\n_1000_4,100,15,10,5,0.2000,42,9999239825,9999233397,27,1716
docs\inst_test\instancias\n_1000_4,100,15,10,5,0.2000,123,9998455663,9998450281,28,1716
docs\inst_test\instancias\n_1000_4,100,15,10,20,0.1000,123,9996115758,9996108806,17,1716
docs\inst_test\instancias\n_1000_4,100,15,10,10,0.3000,2026,9997675731,9997669897,18,1716
docs\inst_test\instancias\n_1000_4,100,15,10,10,0.3000,123,9997675862,9997669855,22,1716
docs\inst_test\instancias\n_1000_4,100,15,10,20,0.2000,2026,9999239684,9999233254,17,1716
docs\inst_test\instancias\n_1000_4,100,15,10,20,0.2000,123,9989864094,9989857916,17,1716
docs\inst_test\instancias\n_1000_4,100,15,10,20,0.1000,42,9993771778,9993764749,24,1716
docs\inst_test\instancias\n_1000_4,100,15,10,10,0.1000,2026,9991427953,9991421500,31,1716
docs\inst_test\instancias\n_1000_4,100,15,10,20,0.3000,42,9991423917,9991418608,18,1716
docs\inst_test\instancias\n_1000_4,100,15,10,20,0.3000,123,9997675795,9997669459,18,1716
docs\inst_test\instancias\n_1000_4,100,15,10,20,0.2000,42,9998459677,9998452927,22,1716
docs\inst_test\instancias\n_1000_4,100,15,15,5,0.1000,42,9999239200,9999233015,20,1716
docs\inst_test\instancias\n_1000_4,100,15,15,5,0.2000,42,9999239825,9999233397,20,1716
docs\inst_test\instancias\n_1000_4,100,15,10,20,0.1000,2026,9991427953,9991421500,30,1716
docs\inst_test\instancias\n_1000_4,100,15,15,10,0.2000,2026,9999239684,9999233254,13,1716
docs\inst_test\instancias\n_1000_4,100,15,15,10,0.3000,123,9997675862,9997669855,14,1716
docs\inst_test\instancias\n_1000_4,100,15,15,5,0.2000,2026,9999239684,9999233254,20,1716
docs\inst_test\instancias\n_1000_4,100,15,15,10,0.2000,123,9997675834,9997669777,16,1716
docs\inst_test\instancias\n_1000_4,100,15,15,10,0.1000,42,9993771778,9993764749,20,1716
docs\inst_test\instancias\n_1000_4,100,15,10,20,0.3000,2026,9997675731,9997669897,24,1716
docs\inst_test\instancias\n_1000_4,100,15,15,5,0.1000,123,9999239604,9999233200,25,1716
docs\inst_test\instancias\n_1000_4,100,15,15,5,0.1000,2026,9999239796,9999233069,24,1716
docs\inst_test\instancias\n_1000_4,100,15,15,5,0.3000,42,9996891031,9996886639,22,1716
docs\inst_test\instancias\n_1000_4,100,15,15,10,0.3000,2026,9997675731,9997669897,14,1716
docs\inst_test\instancias\n_1000_4,100,15,15,5,0.2000,123,9998455663,9998450281,26,1716
docs\inst_test\instancias\n_1000_4,100,15,15,10,0.3000,42,9994547650,9994542891,20,1716
docs\inst_test\instancias\n_1000_4,100,15,15,5,0.3000,2026,9999235557,9999230837,24,1716
docs\inst_test\instancias\n_1000_4,100,15,15,10,0.1000,2026,9991427953,9991421500,22,1716
docs\inst_test\instancias\n_1000_4,100,15,15,10,0.2000,42,9998459677,9998452927,22,1716
docs\inst_test\instancias\n_1000_4,100,15,15,20,0.1000,42,9993771778,9993764749,18,1716
docs\inst_test\instancias\n_1000_4,100,15,15,20,0.1000,123,9996115758,9996108806,18,1716
docs\inst_test\instancias\n_1000_4,100,15,15,5,0.3000,123,9997675862,9997669855,29,1716
docs\inst_test\instancias\n_1000_4,100,15,15,20,0.2000,123,9989864094,9989857916,18,1716
docs\inst_test\instancias\n_1000_4,100,15,15,20,0.2000,2026,9999239684,9999233254,17,1716
docs\inst_test\instancias\n_1000_4,100,15,15,10,0.1000,123,9996895765,9996889366,29,1716
docs\inst_test\instancias\n_1000_4,100,15,15,20,0.3000,42,9991423917,9991418608,18,1716
docs\inst_test\instancias\n_1000_4,100,20,7,5,0.1000,2026,9999239796,9999233069,14,1716
docs\inst_test\instancias\n_1000_4,100,15,15,20,0.3000,123,9997675795,9997669459,19,1716
docs\inst_test\instancias\n_1000_4,100,20,7,5,0.2000,2026,9999239684,9999233254,15,1716
docs\inst_test\instancias\n_1000_4,100,20,7,5,0.2000,123,9998455663,9998450281,17,1716
docs\inst_test\instancias\n_1000_4,100,20,7,5,0.1000,123,9999239604,9999233200,19,1716
docs\inst_test\instancias\n_1000_4,100,20,7,5,0.3000,42,9996891031,9996886639,18,1716
docs\inst_test\instancias\n_1000_4,100,15,15,20,0.1000,2026,9991427953,9991421500,28,1716
docs\inst_test\instancias\n_1000_4,100,20,7,5,0.1000,42,9999239200,9999233015,21,1716
docs\inst_test\instancias\n_1000_4,100,20,7,10,0.1000,42,9993771778,9993764749,18,1716
docs\inst_test\instancias\n_1000_4,100,15,15,20,0.3000,2026,9997675731,9997669897,24,1716
docs\inst_test\instancias\n_1000_4,100,20,7,10,0.1000,123,9996895765,9996889366,19,1716
docs\inst_test\instancias\n_1000_4,100,15,15,20,0.2000,42,9998459677,9998452927,30,1716
docs\inst_test\instancias\n_1000_4,100,20,7,10,0.1000,2026,9991427953,9991421500,17,1716
docs\inst_test\instancias\n_1000_4,100,20,7,5,0.2000,42,9999239825,9999233397,27,1716
docs\inst_test\instancias\n_1000_4,100,20,7,10,0.3000,123,9997675862,9997669855,18,1716
docs\inst_test\instancias\n_1000_4,100,20,7,5,0.3000,123,9997675862,9997669855,24,1716
docs\inst_test\instancias\n_1000_4,100,20,7,10,0.3000,2026,9997675731,9997669897,19,1716
docs\inst_test\instancias\n_1000_4,100,20,7,20,0.1000,123,9996115758,9996108806,16,1716
docs\inst_test\instancias\n_1000_4,100,20,7,10,0.3000,42,9994547650,9994542891,22,1716
docs\inst_test\instancias\n_1000_4,100,20,7,20,0.3000,2026,9997675731,9997669897,12,1716
docs\inst_test\instancias\n_1000_4,100,20,7,20,0.1000,2026,9991427953,9991421500,18,1716
docs\inst_test\instancias\n_1000_4,100,20,7,20,0.2000,42,9998459677,9998452927,18,1716
docs\inst_test\instancias\n_1000_4,100,20,7,20,0.3000,123,9997675795,9997669459,14,1716
docs\inst_test\instancias\n_1000_4,100,20,7,20,0.2000,123,9989864094,9989857916,17,1716
docs\inst_test\instancias\n_1000_4,100,20,7,5,0.3000,2026,9999235557,9999230837,28,1716
docs\inst_test\instancias\n_1000_4,100,20,7,10,0.2000,123,9997675834,9997669777,27,1716
docs\inst_test\instancias\n_1000_4,100,20,7,10,0.2000,2026,9999239684,9999233254,28,1716
docs\inst_test\instancias\n_1000_4,100,20,7,10,0.2000,42,9998459677,9998452927,28,1716
docs\inst_test\instancias\n_1000_4,100,20,7,20,0.3000,42,9991423917,9991418608,17,1716
docs\inst_test\instancias\n_1000_4,100,20,10,5,0.3000,42,9996891031,9996886639,16,1716
docs\inst_test\instancias\n_1000_4,100,20,10,5,0.1000,42,9999239200,9999233015,20,1716
docs\inst_test\instancias\n_1000_4,100,20,10,10,0.2000,2026,9999239684,9999233254,11,1716
docs\inst_test\instancias\n_1000_4,100,20,10,5,0.2000,123,9998455663,9998450281,19,1716
docs\inst_test\instancias\n_1000_4,100,20,7,20,0.1000,42,9993771778,9993764749,30,1716
docs\inst_test\instancias\n_1000_4,100,20,7,20,0.2000,2026,9999239684,9999233254,29,1716
docs\inst_test\instancias\n_1000_4,100,20,10,5,0.1000,123,9999239604,9999233200,22,1716
docs\inst_test\instancias\n_1000_4,100,20,10,5,0.3000,123,9997675862,9997669855,19,1716
docs\inst_test\instancias\n_1000_4,100,20,10,5,0.3000,2026,9999235557,9999230837,20,1716
docs\inst_test\instancias\n_1000_4,100,20,10,10,0.2000,123,9997675834,9997669777,16,1716
docs\inst_test\instancias\n_1000_4,100,20,10,10,0.3000,42,9994547650,9994542891,15,1716
docs\inst_test\instancias\n_1000_4,100,20,10,10,0.1000,123,9996895765,9996889366,19,1716
docs\inst_test\instancias\n_1000_4,100,20,10,10,0.2000,42,9998459677,9998452927,20,1716
docs\inst_test\instancias\n_1000_4,100,20,10,5,0.1000,2026,9999239796,9999233069,29,1716
docs\inst_test\instancias\n_1000_4,100,20,10,20,0.1000,42,9993771778,9993764749,18,1716
docs\inst_test\instancias\n_1000_4,100,20,10,5,0.2000,2026,9999239684,9999233254,28,1716
docs\inst_test\instancias\n_1000_4,100,20,10,10,0.3000,2026,9997675731,9997669897,20,1716
docs\inst_test\instancias\n_1000_4,100,20,10,20,0.2000,42,9998459677,9998452927,19,1716
docs\inst_test\instancias\n_1000_4,100,20,10,5,0.2000,42,9999239825,9999233397,32,1716
docs\inst_test\instancias\n_1000_4,100,20,10,10,0.3000,123,9997675862,9997669855,22,1716
docs\inst_test\instancias\n_1000_4,100,20,10,20,0.3000,42,9991423917,9991418608,19,1716
docs\inst_test\instancias\n_1000_4,100,20,15,5,0.1000,42,9999239200,9999233015,13,1716
docs\inst_test\instancias\n_1000_4,100,20,10,20,0.1000,123,9996115758,9996108806,23,1716
docs\inst_test\instancias\n_1000_4,100,20,10,20,0.3000,123,9997675795,9997669459,17,1716
docs\inst_test\instancias\n_1000_4,100,20,15,5,0.3000,2026,9999235557,9999230837,10,1716
docs\inst_test\instancias\n_1000_4,100,20,10,20,0.3000,2026,9997675731,9997669897,18,1716
docs\inst_test\instancias\n_1000_4,100,20,15,5,0.3000,123,9997675862,9997669855,13,1716
docs\inst_test\instancias\n_1000_4,100,20,10,10,0.1000,42,9993771778,9993764749,31,1716
docs\inst_test\instancias\n_1000_4,100,20,10,10,0.1000,2026,9991427953,9991421500,31,1716
docs\inst_test\instancias\n_1000_4,100,20,15,5,0.1000,123,9999239604,9999233200,20,1716
docs\inst_test\instancias\n_1000_4,100,20,10,20,0.1000,2026,9991427953,9991421500,29,1716
docs\inst_test\instancias\n_1000_4,100,20,10,20,0.2000,123,9989864094,9989857916,26,1716
docs\inst_test\instancias\n_1000_4,100,20,10,20,0.2000,2026,9999239684,9999233254,27,1716
docs\inst_test\instancias\n_1000_4,100,20,15,5,0.2000,123,9998455663,9998450281,19,1716
docs\inst_test\instancias\n_1000_4,100,20,15,5,0.2000,2026,9999239684,9999233254,20,1716
docs\inst_test\instancias\n_1000_4,100,20,15,10,0.1000,42,9993771778,9993764749,20,1716
docs\inst_test\instancias\n_1000_4,100,20,15,10,0.3000,2026,9997675731,9997669897,14,1716
docs\inst_test\instancias\n_1000_4,100,20,15,5,0.3000,42,9996891031,9996886639,24,1716
docs\inst_test\instancias\n_1000_4,100,20,15,10,0.2000,42,9998459677,9998452927,20,1716
docs\inst_test\instancias\n_1000_4,100,20,15,5,0.1000,2026,9999239796,9999233069,28,1716
docs\inst_test\instancias\n_1000_4,100,20,15,10,0.2000,2026,9999239684,9999233254,18,1716
docs\inst_test\instancias\n_1000_4,100,20,15,10,0.3000,42,9994547650,9994542891,17,1716
docs\inst_test\instancias\n_1000_4,100,20,15,20,0.2000,123,9989864094,9989857916,14,1716
docs\inst_test\instancias\n_1000_4,100,20,15,10,0.1000,2026,9991427953,9991421500,21,1716
docs\inst_test\instancias\n_1000_4,100,20,15,5,0.2000,42,9999239825,9999233397,28,1716
docs\inst_test\instancias\n_1000_4,100,20,15,10,0.1000,123,9996895765,9996889366,25,1716
docs\inst_test\instancias\n_1000_4,100,20,15,20,0.1000,123,9996115758,9996108806,20,1716
docs\inst_test\instancias\n_1000_4,100,20,15,20,0.1000,42,9993771778,9993764749,21,1716
docs\inst_test\instancias\n_1000_4,100,20,15,20,0.2000,42,9998459677,9998452927,18,1716
docs\inst_test\instancias\n_1000_4,100,20,15,20,0.2000,2026,9999239684,9999233254,18,1716
docs\inst_test\instancias\n_1000_4,100,20,15,20,0.3000,42,9991423917,9991418608,17,1716
docs\inst_test\instancias\n_1000_4,100,20,15,10,0.3000,123,9997675862,9997669855,24,1716
docs\inst_test\instancias\n_1000_4,100,20,15,10,0.2000,123,9997675834,9997669777,27,1716
docs\inst_test\instancias\n_1000_4,100,20,15,20,0.1000,2026,9991427953,9991421500,30,1716
docs\inst_test\instancias\n_1000_4,100,20,15,20,0.3000,123,9997675795,9997669459,27,1716
docs\inst_test\instancias\n_1000_4,100,20,15,20,0.3000,2026,9997675731,9997669897,28,1716
docs\inst_test\instancias\n_1000_4,300,10,7,20,0.1000,123,9999239604,9999233200,40,1716
docs\inst_test\instancias\n_1000_4,300,10,7,10,0.1000,123,9999239785,9999233462,47,1716
docs\inst_test\instancias\n_1000_4,300,10,7,10,0.2000,2026,9999239684,9999233254,52,1716
docs\inst_test\instancias\n_1000_4,300,10,7,10,0.3000,42,9999235601,9999230748,52,1716
docs\inst_test\instancias\n_1000_4,300,10,7,20,0.1000,2026,9999239796,9999233069,51,1716
docs\inst_test\instancias\n_1000_4,300,10,7,5,0.1000,42,9999239542,9999233154,66,1716
docs\inst_test\instancias\n_1000_4,300,10,7,5,0.2000,42,9999239825,9999233397,65,1716
docs\inst_test\instancias\n_1000_4,300,10,7,10,0.1000,2026,9999239825,9999233057,59,1716
docs\inst_test\instancias\n_1000_4,300,10,7,20,0.3000,2026,9999235557,9999230837,43,1716
docs\inst_test\instancias\n_1000_4,300,10,7,10,0.2000,42,9999239825,9999233397,60,1716
docs\inst_test\instancias\n_1000_4,300,10,7,20,0.2000,42,9999239825,9999233397,55,1716
docs\inst_test\instancias\n_1000_4,300,10,7,5,0.2000,123,9999235551,9999230682,68,1716
docs\inst_test\instancias\n_1000_4,300,10,7,20,0.1000,42,9999239542,9999233154,58,1716
docs\inst_test\instancias\n_1000_4,300,10,7,10,0.3000,2026,9999235579,9999230674,59,1716
docs\inst_test\instancias\n_1000_4,300,10,7,10,0.2000,123,9999235551,9999230682,63,1716
docs\inst_test\instancias\n_1000_4,300,10,7,5,0.2000,2026,9999239684,9999233254,71,1716
docs\inst_test\instancias\n_1000_4,300,10,7,5,0.1000,123,9999239785,9999233462,74,1716
docs\inst_test\instancias\n_1000_4,300,10,7,20,0.3000,123,9997675862,9997669855,50,1716
docs\inst_test\instancias\n_1000_4,300,10,7,5,0.3000,42,9999235607,9999230590,69,1716
docs\inst_test\instancias\n_1000_4,300,10,7,5,0.1000,2026,9999239796,9999233069,76,1716
docs\inst_test\instancias\n_1000_4,300,10,7,20,0.3000,42,9999235596,9999230749,55,1716
docs\inst_test\instancias\n_1000_4,300,10,7,5,0.3000,2026,9999235557,9999230837,72,1716
docs\inst_test\instancias\n_1000_4,300,10,7,20,0.2000,2026,9999239684,9999233254,65,1716
docs\inst_test\instancias\n_1000_4,300,10,7,5,0.3000,123,9999235496,9999230899,81,1716
docs\inst_test\instancias\n_1000_4,300,10,7,10,0.3000,123,9998455718,9998450407,77,1716
docs\inst_test\instancias\n_1000_4,300,10,7,20,0.2000,123,9999235551,9999230682,75,1716
docs\inst_test\instancias\n_1000_4,300,10,7,10,0.1000,42,9999239542,9999233154,84,1716
docs\inst_test\instancias\n_1000_4,300,10,10,5,0.2000,42,9999239825,9999233397,51,1716
docs\inst_test\instancias\n_1000_4,300,10,10,5,0.1000,123,9999239785,9999233462,59,1716
docs\inst_test\instancias\n_1000_4,300,10,10,5,0.3000,42,9999235607,9999230590,50,1716
docs\inst_test\instancias\n_1000_4,300,10,10,10,0.1000,42,9999239542,9999233154,49,1716
docs\inst_test\instancias\n_1000_4,300,10,10,10,0.2000,123,9999235551,9999230682,48,1716
docs\inst_test\instancias\n_1000_4,300,10,10,5,0.1000,42,9999239542,9999233154,69,1716
docs\inst_test\instancias\n_1000_4,300,10,10,5,0.3000,123,9999235496,9999230899,57,1716
docs\inst_test\instancias\n_1000_4,300,10,10,5,0.3000,2026,9999235557,9999230837,57,1716
docs\inst_test\instancias\n_1000_4,300,10,10,10,0.3000,2026,9999235579,9999230674,51,1716
docs\inst_test\instancias\n_1000_4,300,10,10,10,0.3000,123,9998455718,9998450407,55,1716
docs\inst_test\instancias\n_1000_4,300,10,10,20,0.3000,2026,9999235557,9999230837,39,1716
docs\inst_test\instancias\n_1000_4,300,10,10,20,0.2000,42,9999239825,9999233397,52,1716
docs\inst_test\instancias\n_1000_4,300,10,10,5,0.2000,2026,9999239684,9999233254,66,1716
docs\inst_test\instancias\n_1000_4,300,10,10,20,0.3000,123,9997675862,9997669855,43,1716
docs\inst_test\instancias\n_1000_4,300,10,10,20,0.1000,123,9999239604,9999233200,61,1716
docs\inst_test\instancias\n_1000_4,300,10,10,20,0.1000,42,9999239542,9999233154,63,1716
docs\inst_test\instancias\n_1000_4,300,10,10,10,0.1000,2026,9999239825,9999233057,69,1716
docs\inst_test\instancias\n_1000_4,300,10,10,20,0.2000,2026,9999239684,9999233254,54,1716
docs\inst_test\instancias\n_1000_4,300,10,10,10,0.3000,42,9999235601,9999230837,68,1716
docs\inst_test\instancias\n_1000_4,300,10,10,10,0.1000,123,9999239785,9999233462,73,1716
docs\inst_test\instancias\n_1000_4,300,10,10,5,0.2000,123,9999235551,9999230682,81,1716
docs\inst_test\instancias\n_1000_4,300,10,10,5,0.1000,2026,9999239796,9999233069,86,1716
docs\inst_test\instancias\n_1000_4,300,10,10,20,0.3000,42,9999235596,9999230749,58,1716
docs\inst_test\instancias\n_1000_4,300,10,10,20,0.2000,123,9999235551,9999230682,67,1716
docs\inst_test\instancias\n_1000_4,300,10,10,10,0.2000,42,9999239825,9999233397,81,1716
docs\inst_test\instancias\n_1000_4,300,10,10,10,0.2000,2026,9999239684,9999233254,80,1716
docs\inst_test\instancias\n_1000_4,300,10,10,20,0.1000,2026,9999239796,9999233069,75,1716
docs\inst_test\instancias\n_1000_4,300,10,15,5,0.3000,42,9999235607,9999230590,51,1716
docs\inst_test\instancias\n_1000_4,300,10,15,5,0.2000,42,9999239825,9999233397,60,1716
docs\inst_test\instancias\n_1000_4,300,10,15,5,0.1000,42,9999239542,9999233154,66,1716
docs\inst_test\instancias\n_1000_4,300,10,15,10,0.2000,42,9999239825,9999233397,49,1716
docs\inst_test\instancias\n_1000_4,300,10,15,5,0.3000,123,9999235496,9999230899,57,1716
docs\inst_test\instancias\n_1000_4,300,10,15,5,0.2000,123,9999235551,9999230682,64,1716
docs\inst_test\instancias\n_1000_4,300,10,15,10,0.1000,42,9999239542,9999233154,55,1716
docs\inst_test\instancias\n_1000_4,300,10,15,10,0.1000,123,9999239785,9999233462,58,1716
docs\inst_test\instancias\n_1000_4,300,10,15,10,0.1000,2026,9999239825,9999233057,58,1716
docs\inst_test\instancias\n_1000_4,300,10,15,5,0.3000,2026,9999235557,9999230837,66,1716
docs\inst_test\instancias\n_1000_4,300,10,15,5,0.1000,2026,9999239796,9999233069,77,1716
docs\inst_test\instancias\n_1000_4,300,10,15,20,0.2000,42,9999239825,9999233397,47,1716
docs\inst_test\instancias\n_1000_4,300,10,15,10,0.2000,123,9999235551,9999230682,60,1716
docs\inst_test\instancias\n_1000_4,300,10,15,5,0.1000,123,9999239785,9999233462,84,1716
docs\inst_test\instancias\n_1000_4,300,10,15,5,0.2000,2026,9999239684,9999233254,76,1716
docs\inst_test\instancias\n_1000_4,300,10,15,10,0.3000,2026,9999235579,9999230674,58,1716
docs\inst_test\instancias\n_1000_4,300,10,15,20,0.1000,123,9999239604,9999233200,57,1716
docs\inst_test\instancias\n_1000_4,300,10,15,20,0.2000,123,9999235551,9999230682,53,1716
docs\inst_test\instancias\n_1000_4,300,10,15,20,0.3000,42,9999235596,9999230749,50,1716
docs\inst_test\instancias\n_1000_4,300,10,15,20,0.3000,123,9997675862,9997669855,51,1716
docs\inst_test\instancias\n_1000_4,300,10,15,20,0.1000,42,9999239542,9999233154,62,1716
docs\inst_test\instancias\n_1000_4,300,10,15,10,0.3000,42,9999235601,9999230748,68,1716
docs\inst_test\instancias\n_1000_4,300,10,15,10,0.3000,123,9998455718,9998450407,73,1716
docs\inst_test\instancias\n_1000_4,300,10,15,20,0.1000,2026,9999239796,9999233069,70,1716
docs\inst_test\instancias\n_1000_4,300,10,15,20,0.3000,2026,9999235557,9999230837,66,1716
docs\inst_test\instancias\n_1000_4,300,10,15,10,0.2000,2026,9999239684,9999233254,83,1716
docs\inst_test\instancias\n_1000_4,300,10,15,20,0.2000,2026,9999239684,9999233254,75,1716
docs\inst_test\instancias\n_1000_4,300,15,7,5,0.2000,123,9999235551,9999230682,52,1716
docs\inst_test\instancias\n_1000_4,300,15,7,5,0.1000,123,9999239785,9999233462,61,1716
docs\inst_test\instancias\n_1000_4,300,15,7,5,0.3000,42,9999235607,9999230590,55,1716
docs\inst_test\instancias\n_1000_4,300,15,7,5,0.2000,42,9999239825,9999233397,61,1716
docs\inst_test\instancias\n_1000_4,300,15,7,5,0.3000,2026,9999235557,9999230837,56,1716
docs\inst_test\instancias\n_1000_4,300,15,7,10,0.3000,42,9999235601,9999230748,47,1716
docs\inst_test\instancias\n_1000_4,300,15,7,10,0.2000,2026,9999239684,9999233254,49,1716
docs\inst_test\instancias\n_1000_4,300,15,7,10,0.1000,123,9999239785,9999233462,56,1716
docs\inst_test\instancias\n_1000_4,300,15,7,5,0.1000,2026,9999239796,9999233069,70,1716
docs\inst_test\instancias\n_1000_4,300,15,7,10,0.1000,42,9999239542,9999233154,58,1716
docs\inst_test\instancias\n_1000_4,300,15,7,10,0.3000,123,9998455718,9998450407,53,1716
docs\inst_test\instancias\n_1000_4,300,15,7,5,0.1000,42,9999239542,9999233154,77,1716
docs\inst_test\instancias\n_1000_4,300,15,7,5,0.2000,2026,9999239684,9999233254,70,1716
docs\inst_test\instancias\n_1000_4,300,15,7,20,0.1000,123,9999239604,9999233200,51,1716
docs\inst_test\instancias\n_1000_4,300,15,7,10,0.2000,42,9999239825,9999233397,64,1716
docs\inst_test\instancias\n_1000_4,300,15,7,5,0.3000,123,9999235496,9999230899,74,1716
docs\inst_test\instancias\n_1000_4,300,15,7,10,0.2000,123,9999235551,9999230682,68,1716
docs\inst_test\instancias\n_1000_4,300,15,7,20,0.1000,42,9999239542,9999233154,68,1716
docs\inst_test\instancias\n_1000_4,300,15,7,10,0.1000,2026,9999239825,9999233057,81,1716
docs\inst_test\instancias\n_1000_4,300,15,7,20,0.3000,42,9999235596,9999230749,56,1716
docs\inst_test\instancias\n_1000_4,300,15,7,20,0.2000,2026,9999239684,9999233254,64,1716
docs\inst_test\instancias\n_1000_4,300,15,7,20,0.1000,2026,9999239796,9999233069,77,1716
docs\inst_test\instancias\n_1000_4,300,15,7,10,0.3000,2026,9999235579,9999230674,82,1716
docs\inst_test\instancias\n_1000_4,300,15,10,5,0.1000,42,9999239542,9999233154,55,1716
docs\inst_test\instancias\n_1000_4,300,15,7,20,0.2000,42,9999239825,9999233397,84,1716
docs\inst_test\instancias\n_1000_4,300,15,7,20,0.3000,123,9997675862,9997669855,73,1716
docs\inst_test\instancias\n_1000_4,300,15,7,20,0.2000,123,9999235551,9999230682,82,1716
docs\inst_test\instancias\n_1000_4,300,15,10,5,0.3000,42,9999235607,9999230590,49,1716
docs\inst_test\instancias\n_1000_4,300,15,10,10,0.2000,123,9999235551,9999230682,47,1716
docs\inst_test\instancias\n_1000_4,300,15,7,20,0.3000,2026,9999235557,9999230837,77,1716
docs\inst_test\instancias\n_1000_4,300,15,10,5,0.2000,123,9999235551,9999230682,57,1716
docs\inst_test\instancias\n_1000_4,300,15,10,5,0.1000,123,9999239785,9999233462,65,1716
docs\inst_test\instancias\n_1000_4,300,15,10,5,0.3000,2026,9999235557,9999230837,54,1716
docs\inst_test\instancias\n_1000_4,300,15,10,5,0.1000,2026,9999239796,9999233069,64,1716
docs\inst_test\instancias\n_1000_4,300,15,10,10,0.1000,42,9999239542,9999233154,57,1716
docs\inst_test\instancias\n_1000_4,300,15,10,10,0.1000,123,9999239785,9999233462,55,1716
docs\inst_test\instancias\n_1000_4,300,15,10,5,0.3000,123,9999235496,9999230899,64,1716
docs\inst_test\instancias\n_1000_4,300,15,10,5,0.2000,42,9999239825,9999233397,72,1716
docs\inst_test\instancias\n_1000_4,300,15,10,5,0.2000,2026,9999239684,9999233254,71,1716
docs\inst_test\instancias\n_1000_4,300,15,10,10,0.3000,42,9999235601,9999230837,56,1716
docs\inst_test\instancias\n_1000_4,300,15,10,10,0.2000,2026,9999239684,9999233254,61,1716
docs\inst_test\instancias\n_1000_4,300,15,10,10,0.1000,2026,9999239825,9999233057,66,1716
docs\inst_test\instancias\n_1000_4,300,15,10,10,0.3000,2026,9999235579,9999230674,49,1716
docs\inst_test\instancias\n_1000_4,300,15,10,10,0.3000,123,9998455718,9998450407,55,1716
docs\inst_test\instancias\n_1000_4,300,15,10,10,0.2000,42,9999239825,9999233397,71,1716
docs\inst_test\instancias\n_1000_4,300,15,10,20,0.1000,42,9999239542,9999233154,54,1716
docs\inst_test\instancias\n_1000_4,300,15,10,20,0.2000,42,9999239825,9999233397,54,1716
docs\inst_test\instancias\n_1000_4,300,15,10,20,0.3000,42,9999235596,9999230749,48,1716
docs\inst_test\instancias\n_1000_4,300,15,10,20,0.2000,123,9999235551,9999230682,59,1716
docs\inst_test\instancias\n_1000_4,300,15,10,20,0.1000,123,9999239604,9999233200,67,1716
docs\inst_test\instancias\n_1000_4,300,15,10,20,0.3000,2026,9999235557,9999230837,49,1716
docs\inst_test\instancias\n_1000_4,300,15,10,20,0.3000,123,9997675862,9997669855,60,1716
docs\inst_test\instancias\n_1000_4,300,15,15,5,0.1000,42,9999239542,9999233154,60,1716
docs\inst_test\instancias\n_1000_4,300,15,10,20,0.1000,2026,9999239796,9999233069,78,1716
docs\inst_test\instancias\n_1000_4,300,15,15,5,0.3000,123,9999235496,9999230899,52,1716
docs\inst_test\instancias\n_1000_4,300,15,15,5,0.1000,123,9999239785,9999233462,61,1716
docs\inst_test\instancias\n_1000_4,300,15,15,5,0.2000,123,9999235551,9999230682,60,1716
docs\inst_test\instancias\n_1000_4,300,15,15,5,0.3000,2026,9999235557,9999230837,61,1716
docs\inst_test\instancias\n_1000_4,300,15,15,10,0.1000,42,9999239542,9999233154,57,1716
docs\inst_test\instancias\n_1000_4,300,15,10,20,0.2000,2026,9999239684,9999233254,82,1716
docs\inst_test\instancias\n_1000_4,300,15,15,10,0.2000,42,9999239825,9999233397,54,1716
docs\inst_test\instancias\n_1000_4,300,15,15,10,0.3000,42,9999235601,9999230748,54,1716
docs\inst_test\instancias\n_1000_4,300,15,15,5,0.3000,42,9999235607,9999230590,71,1716
docs\inst_test\instancias\n_1000_4,300,15,15,5,0.2000,42,9999239825,9999233397,75,1716
docs\inst_test\instancias\n_1000_4,300,15,15,10,0.3000,123,9998455718,9998450407,57,1716
docs\inst_test\instancias\n_1000_4,300,15,15,10,0.1000,2026,9999239825,9999233057,65,1716
docs\inst_test\instancias\n_1000_4,300,15,15,20,0.1000,123,9999239604,9999233200,49,1716
docs\inst_test\instancias\n_1000_4,300,15,15,10,0.3000,2026,9999235579,9999230674,61,1716
docs\inst_test\instancias\n_1000_4,300,15,15,10,0.1000,123,9999239785,9999233462,71,1716
docs\inst_test\instancias\n_1000_4,300,15,15,10,0.2000,123,9999235551,9999230682,67,1716
docs\inst_test\instancias\n_1000_4,300,15,15,20,0.1000,42,9999239542,9999233154,57,1716
docs\inst_test\instancias\n_1000_4,300,15,15,5,0.1000,2026,9999239796,9999233069,85,1716
docs\inst_test\instancias\n_1000_4,300,15,15,10,0.2000,2026,9999239684,9999233254,69,1716
docs\inst_test\instancias\n_1000_4,300,15,15,20,0.2000,42,9999239825,9999233397,47,1716
docs\inst_test\instancias\n_1000_4,300,15,15,5,0.2000,2026,9999239684,9999233254,88,1716
docs\inst_test\instancias\n_1000_4,300,15,15,20,0.1000,2026,9999239796,9999233069,56,1716
docs\inst_test\instancias\n_1000_4,300,15,15,20,0.2000,2026,9999239684,9999233254,54,1716
docs\inst_test\instancias\n_1000_4,300,15,15,20,0.3000,42,9999235596,9999230749,56,1716
docs\inst_test\instancias\n_1000_4,300,15,15,20,0.3000,123,9997675862,9997669855,59,1716
docs\inst_test\instancias\n_1000_4,300,20,7,5,0.1000,123,9999239785,9999233462,53,1716
docs\inst_test\instancias\n_1000_4,300,15,15,20,0.2000,123,9999235551,9999230682,79,1716
docs\inst_test\instancias\n_1000_4,300,15,15,20,0.3000,2026,9999235557,9999230837,64,1716
docs\inst_test\instancias\n_1000_4,300,20,7,10,0.1000,42,9999239542,9999233154,48,1716
docs\inst_test\instancias\n_1000_4,300,20,7,5,0.3000,42,9999235607,9999230590,54,1716
docs\inst_test\instancias\n_1000_4,300,20,7,10,0.3000,42,9999235601,9999230748,41,1716
docs\inst_test\instancias\n_1000_4,300,20,7,5,0.1000,2026,9999239796,9999233069,67,1716
docs\inst_test\instancias\n_1000_4,300,20,7,5,0.1000,42,9999239542,9999233154,73,1716
docs\inst_test\instancias\n_1000_4,300,20,7,5,0.3000,2026,9999235557,9999230837,56,1716
docs\inst_test\instancias\n_1000_4,300,20,7,5,0.3000,123,9999235496,9999230899,58,1716
docs\inst_test\instancias\n_1000_4,300,20,7,5,0.2000,42,9999239825,9999233397,64,1716
docs\inst_test\instancias\n_1000_4,300,20,7,5,0.2000,123,9999235551,9999230682,65,1716
docs\inst_test\instancias\n_1000_4,300,20,7,10,0.2000,2026,9999239684,9999233254,56,1716
docs\inst_test\instancias\n_1000_4,300,20,7,20,0.1000,2026,9999239796,9999233069,51,1716
docs\inst_test\instancias\n_1000_4,300,20,7,10,0.3000,2026,9999235579,9999230674,56,1716
docs\inst_test\instancias\n_1000_4,300,20,7,5,0.2000,2026,9999239684,9999233254,74,1716
docs\inst_test\instancias\n_1000_4,300,20,7,10,0.1000,2026,9999239825,9999233057,65,1716
docs\inst_test\instancias\n_1000_4,300,20,7,10,0.1000,123,9999239785,9999233462,69,1716
docs\inst_test\instancias\n_1000_4,300,20,7,20,0.2000,123,9999235551,9999230682,52,1716
docs\inst_test\instancias\n_1000_4,300,20,7,10,0.2000,42,9999239825,9999233397,71,1716
docs\inst_test\instancias\n_1000_4,300,20,7,20,0.2000,2026,9999239684,9999233254,46,1716
docs\inst_test\instancias\n_1000_4,300,20,7,20,0.2000,42,9999239825,9999233397,63,1716
docs\inst_test\instancias\n_1000_4,300,20,7,10,0.2000,123,9999235551,9999230682,72,1716
docs\inst_test\instancias\n_1000_4,300,20,7,10,0.3000,123,9998455718,9998450407,73,1716
docs\inst_test\instancias\n_1000_4,300,20,7,20,0.3000,42,9999235596,9999230749,46,1716
docs\inst_test\instancias\n_1000_4,300,20,7,20,0.3000,2026,9999235557,9999230837,43,1716
docs\inst_test\instancias\n_1000_4,300,20,7,20,0.1000,42,9999239542,9999233154,76,1716
docs\inst_test\instancias\n_1000_4,300,20,7,20,0.3000,123,9997675862,9997669855,53,1716
docs\inst_test\instancias\n_1000_4,300,20,7,20,0.1000,123,9999239604,9999233200,81,1716
docs\inst_test\instancias\n_1000_4,300,20,10,10,0.1000,123,9999239785,9999233462,43,1716
docs\inst_test\instancias\n_1000_4,300,20,10,5,0.2000,123,9999235551,9999230682,57,1716
docs\inst_test\instancias\n_1000_4,300,20,10,10,0.1000,2026,9999239825,9999233057,50,1716
docs\inst_test\instancias\n_1000_4,300,20,10,5,0.1000,42,9999239542,9999233154,74,1716
docs\inst_test\instancias\n_1000_4,300,20,10,10,0.2000,2026,9999239684,9999233254,49,1716
docs\inst_test\instancias\n_1000_4,300,20,10,5,0.3000,42,9999235607,9999230590,66,1716
docs\inst_test\instancias\n_1000_4,300,20,10,5,0.2000,2026,9999239684,9999233254,66,1716
docs\inst_test\instancias\n_1000_4,300,20,10,5,0.2000,42,9999239825,9999233397,71,1716
docs\inst_test\instancias\n_1000_4,300,20,10,10,0.2000,42,9999239825,9999233397,56,1716
docs\inst_test\instancias\n_1000_4,300,20,10,20,0.3000,42,9999235596,9999230749,42,1716
docs\inst_test\instancias\n_1000_4,300,20,10,5,0.1000,123,9999239785,9999233462,84,1716
docs\inst_test\instancias\n_1000_4,300,20,10,5,0.3000,123,9999235496,9999230899,76,1716
docs\inst_test\instancias\n_1000_4,300,20,10,10,0.2000,123,9999235551,9999230682,64,1716
docs\inst_test\instancias\n_1000_4,300,20,10,20,0.1000,123,9999239604,9999233200,55,1716
docs\inst_test\instancias\n_1000_4,300,20,10,20,0.1000,2026,9999239796,9999233069,54,1716
docs\inst_test\instancias\n_1000_4,300,20,10,10,0.1000,42,9999239542,9999233154,77,1716
docs\inst_test\instancias\n_1000_4,300,20,10,5,0.1000,2026,9999239796,9999233069,87,1716
docs\inst_test\instancias\n_1000_4,300,20,10,5,0.3000,2026,9999235557,9999230837,81,1716
docs\inst_test\instancias\n_1000_4,300,20,10,20,0.2000,42,9999239825,9999233397,56,1716
docs\inst_test\instancias\n_1000_4,300,20,10,10,0.3000,123,9998455718,9998450407,67,1716
docs\inst_test\instancias\n_1000_4,300,20,10,20,0.3000,123,9997675862,9997669855,49,1716
docs\inst_test\instancias\n_1000_4,300,20,10,20,0.2000,2026,9999239684,9999233254,54,1716
docs\inst_test\instancias\n_1000_4,300,20,10,20,0.2000,123,9999235551,9999230682,56,1716
docs\inst_test\instancias\n_1000_4,300,20,10,20,0.3000,2026,9999235557,9999230837,50,1716
docs\inst_test\instancias\n_1000_4,300,20,10,10,0.3000,42,9999235601,9999230837,71,1716
docs\inst_test\instancias\n_1000_4,300,20,10,10,0.3000,2026,9999235579,9999230674,75,1716
docs\inst_test\instancias\n_1000_4,300,20,10,20,0.1000,42,9999239542,9999233154,80,1716
docs\inst_test\instancias\n_1000_4,300,20,15,5,0.1000,42,9999239542,9999233154,58,1716
docs\inst_test\instancias\n_1000_4,300,20,15,5,0.2000,123,9999235551,9999230682,57,1716
docs\inst_test\instancias\n_1000_4,300,20,15,5,0.3000,123,9999235496,9999230899,58,1716
docs\inst_test\instancias\n_1000_4,300,20,15,10,0.1000,42,9999239542,9999233154,50,1716
docs\inst_test\instancias\n_1000_4,300,20,15,5,0.1000,123,9999239785,9999233462,72,1716
docs\inst_test\instancias\n_1000_4,300,20,15,5,0.3000,42,9999235607,9999230590,64,1716
docs\inst_test\instancias\n_1000_4,300,20,15,10,0.3000,123,9998455718,9998450407,51,1716
docs\inst_test\instancias\n_1000_4,300,20,15,5,0.3000,2026,9999235557,9999230837,64,1716
docs\inst_test\instancias\n_1000_4,300,20,15,10,0.2000,2026,9999239684,9999233254,53,1716
docs\inst_test\instancias\n_1000_4,300,20,15,5,0.1000,2026,9999239796,9999233069,73,1716
docs\inst_test\instancias\n_1000_4,300,20,15,10,0.2000,42,9999239825,9999233397,56,1716
docs\inst_test\instancias\n_1000_4,300,20,15,20,0.1000,2026,9999239796,9999233069,52,1716
docs\inst_test\instancias\n_1000_4,300,20,15,20,0.2000,42,9999239825,9999233397,54,1716
docs\inst_test\instancias\n_1000_4,300,20,15,5,0.2000,2026,9999239684,9999233254,76,1716
docs\inst_test\instancias\n_1000_4,300,20,15,20,0.3000,123,9997675862,9997669855,43,1716
docs\inst_test\instancias\n_1000_4,300,20,15,5,0.2000,42,9999239825,9999233397,78,1716
docs\inst_test\instancias\n_1000_4,300,20,15,10,0.3000,42,9999235601,9999230748,63,1716
docs\inst_test\instancias\n_1000_4,300,20,15,20,0.1000,42,9999239542,9999233154,58,1716
docs\inst_test\instancias\n_1000_4,300,20,15,10,0.3000,2026,9999235579,9999230674,64,1716
docs\inst_test\instancias\n_1000_4,300,20,15,20,0.3000,42,9999235596,9999230749,60,1716
docs\inst_test\instancias\n_1000_4,300,20,15,10,0.2000,123,9999235551,9999230682,72,1716
docs\inst_test\instancias\n_1000_4,300,20,15,20,0.2000,123,9999235551,9999230682,68,1716
docs\inst_test\instancias\n_1000_4,300,20,15,10,0.1000,2026,9999239825,9999233057,78,1716
docs\inst_test\instancias\n_1000_4,300,20,15,20,0.2000,2026,9999239684,9999233254,70,1716
docs\inst_test\instancias\n_1000_4,300,20,15,10,0.1000,123,9999239785,9999233462,81,1716
docs\inst_test\instancias\n_1000_4,300,20,15,20,0.1000,123,9999239604,9999233200,79,1716
docs\inst_test\instancias\n_1000_4,300,20,15,20,0.3000,2026,9999235557,9999230837,73,1716
docs\inst_test\instancias\n_1000_4,500,10,7,5,0.1000,42,9999239587,9999233145,100,1716
docs\inst_test\instancias\n_1000_4,500,10,7,10,0.2000,2026,9999239684,9999233254,73,1716
docs\inst_test\instancias\n_1000_4,500,10,7,5,0.1000,123,9999239847,9999233470,95,1716
docs\inst_test\instancias\n_1000_4,500,10,7,5,0.1000,2026,9999239804,9999233206,93,1716
docs\inst_test\instancias\n_1000_4,500,10,7,5,0.2000,123,9999235556,9999230719,94,1716
docs\inst_test\instancias\n_1000_4,500,10,7,5,0.3000,123,9999235496,9999230899,94,1716
docs\inst_test\instancias\n_1000_4,500,10,7,10,0.3000,42,9999235603,9999230785,85,1716
docs\inst_test\instancias\n_1000_4,500,10,7,10,0.1000,2026,9999239825,9999233057,92,1716
docs\inst_test\instancias\n_1000_4,500,10,7,5,0.2000,42,9999239825,9999233397,107,1716
docs\inst_test\instancias\n_1000_4,500,10,7,10,0.2000,42,9999239827,9999233233,93,1716
docs\inst_test\instancias\n_1000_4,500,10,7,5,0.3000,42,9999235607,9999230590,102,1716
docs\inst_test\instancias\n_1000_4,500,10,7,5,0.2000,2026,9999239684,9999233254,109,1716
docs\inst_test\instancias\n_1000_4,500,10,7,10,0.1000,123,9999239785,9999233462,110,1716
docs\inst_test\instancias\n_1000_4,500,10,7,20,0.1000,123,9999239604,9999233200,99,1716
docs\inst_test\instancias\n_1000_4,500,10,7,20,0.2000,42,9999239825,9999233397,94,1716
docs\inst_test\instancias\n_1000_4,500,10,7,20,0.3000,123,9998455718,9998450407,85,1716
docs\inst_test\instancias\n_1000_4,500,10,7,5,0.3000,2026,9999235557,9999230837,120,1716
docs\inst_test\instancias\n_1000_4,500,10,7,10,0.3000,2026,9999235579,9999230674,111,1716
docs\inst_test\instancias\n_1000_4,500,10,7,10,0.3000,123,9999235496,9999230899,112,1716
docs\inst_test\instancias\n_1000_4,500,10,7,10,0.2000,123,9999235551,9999230682,115,1716
docs\inst_test\instancias\n_1000_4,500,10,7,20,0.1000,42,9999239542,9999233154,111,1716
docs\inst_test\instancias\n_1000_4,500,10,7,20,0.1000,2026,9999239825,9999233057,105,1716
docs\inst_test\instancias\n_1000_4,500,10,7,20,0.2000,2026,9999239684,9999233254,107,1716
docs\inst_test\instancias\n_1000_4,500,10,7,20,0.2000,123,9999235551,9999230682,116,1716
docs\inst_test\instancias\n_1000_4,500,10,7,20,0.3000,42,9999235601,9999230748,114,1716
docs\inst_test\instancias\n_1000_4,500,10,7,10,0.1000,42,9999239542,9999233154,138,1716
docs\inst_test\instancias\n_1000_4,500,10,7,20,0.3000,2026,9999235569,9999230761,106,1716
docs\inst_test\instancias\n_1000_4,500,10,10,5,0.2000,123,9999235556,9999230719,82,1716
docs\inst_test\instancias\n_1000_4,500,10,10,5,0.1000,2026,9999239804,9999233206,105,1716
docs\inst_test\instancias\n_1000_4,500,10,10,10,0.1000,123,9999239785,9999233462,89,1716
docs\inst_test\instancias\n_1000_4,500,10,10,5,0.3000,42,9999235607,9999230590,101,1716
docs\inst_test\instancias\n_1000_4,500,10,10,5,0.1000,42,9999239587,9999233145,117,1716
docs\inst_test\instancias\n_1000_4,500,10,10,10,0.1000,2026,9999239825,9999233057,90,1716
docs\inst_test\instancias\n_1000_4,500,10,10,10,0.2000,123,9999235551,9999230682,84,1716
docs\inst_test\instancias\n_1000_4,500,10,10,5,0.1000,123,9999239847,9999233470,118,1716
docs\inst_test\instancias\n_1000_4,500,10,10,5,0.2000,42,9999239825,9999233397,118,1716
docs\inst_test\instancias\n_1000_4,500,10,10,10,0.3000,42,9999235601,9999230837,86,1716
docs\inst_test\instancias\n_1000_4,500,10,10,5,0.2000,2026,9999239684,9999233254,112,1716
docs\inst_test\instancias\n_1000_4,500,10,10,20,0.1000,2026,9999239825,9999233057,86,1716
docs\inst_test\instancias\n_1000_4,500,10,10,5,0.3000,123,9999235496,9999230899,120,1716
docs\inst_test\instancias\n_1000_4,500,10,10,5,0.3000,2026,9999235557,9999230837,119,1716
docs\inst_test\instancias\n_1000_4,500,10,10,10,0.2000,42,9999239827,9999233233,107,1716
docs\inst_test\instancias\n_1000_4,500,10,10,10,0.1000,42,9999239542,9999233154,118,1716
docs\inst_test\instancias\n_1000_4,500,10,10,20,0.3000,42,9999235601,9999230748,81,1716
docs\inst_test\instancias\n_1000_4,500,10,10,20,0.1000,42,9999239542,9999233154,99,1716
docs\inst_test\instancias\n_1000_4,500,10,10,10,0.2000,2026,9999239684,9999233254,108,1716
docs\inst_test\instancias\n_1000_4,500,10,10,20,0.2000,42,9999239825,9999233397,101,1716
docs\inst_test\instancias\n_1000_4,500,10,10,20,0.2000,123,9999235551,9999230682,97,1716
docs\inst_test\instancias\n_1000_4,500,10,10,20,0.1000,123,9999239604,9999233200,106,1716
docs\inst_test\instancias\n_1000_4,500,10,10,10,0.3000,123,9999235496,9999230899,110,1716
docs\inst_test\instancias\n_1000_4,500,10,10,20,0.3000,123,9998455718,9998450407,93,1716
docs\inst_test\instancias\n_1000_4,500,10,10,10,0.3000,2026,9999235579,9999230674,115,1716
docs\inst_test\instancias\n_1000_4,500,10,10,20,0.2000,2026,9999239684,9999233254,123,1716
docs\inst_test\instancias\n_1000_4,500,10,10,20,0.3000,2026,9999235569,9999230761,119,1716
docs\inst_test\instancias\n_1000_4,500,10,15,5,0.3000,42,9999235607,9999230590,86,1716
docs\inst_test\instancias\n_1000_4,500,10,15,5,0.1000,123,9999239847,9999233470,103,1716
docs\inst_test\instancias\n_1000_4,500,10,15,5,0.2000,42,9999239825,9999233397,99,1716
docs\inst_test\instancias\n_1000_4,500,10,15,5,0.1000,2026,9999239804,9999233206,106,1716
docs\inst_test\instancias\n_1000_4,500,10,15,10,0.1000,42,9999239542,9999233154,97,1716
docs\inst_test\instancias\n_1000_4,500,10,15,5,0.3000,2026,9999235557,9999230837,99,1716
docs\inst_test\instancias\n_1000_4,500,10,15,10,0.2000,123,9999235551,9999230682,88,1716
docs\inst_test\instancias\n_1000_4,500,10,15,10,0.1000,2026,9999239825,9999233057,96,1716
docs\inst_test\instancias\n_1000_4,500,10,15,5,0.1000,42,9999239587,9999233145,136,1716
docs\inst_test\instancias\n_1000_4,500,10,15,10,0.3000,123,9999235496,9999230899,88,1716
docs\inst_test\instancias\n_1000_4,500,10,15,20,0.1000,2026,9999239825,9999233057,83,1716
docs\inst_test\instancias\n_1000_4,500,10,15,10,0.3000,2026,9999235579,9999230674,90,1716
docs\inst_test\instancias\n_1000_4,500,10,15,20,0.1000,42,9999239542,9999233154,92,1716
docs\inst_test\instancias\n_1000_4,500,10,15,5,0.2000,123,9999235556,9999230719,120,1716
docs\inst_test\instancias\n_1000_4,500,10,15,5,0.3000,123,9999235496,9999230899,118,1716
docs\inst_test\instancias\n_1000_4,500,10,15,20,0.3000,42,9999235601,9999230748,85,1716
docs\inst_test\instancias\n_1000_4,500,10,15,10,0.1000,123,9999239785,9999233462,117,1716
docs\inst_test\instancias\n_1000_4,500,10,15,10,0.2000,2026,9999239684,9999233254,104,1716
docs\inst_test\instancias\n_1000_4,500,10,15,5,0.2000,2026,9999239684,9999233254,127,1716
docs\inst_test\instancias\n_1000_4,500,10,15,10,0.3000,42,9999235603,9999230785,107,1716
docs\inst_test\instancias\n_1000_4,500,10,15,20,0.2000,42,9999239825,9999233397,102,1716
docs\inst_test\instancias\n_1000_4,500,10,15,10,0.2000,42,9999239827,9999233233,122,1716
docs\inst_test\instancias\n_1000_4,500,10,15,20,0.2000,123,9999235551,9999230682,112,1716
docs\inst_test\instancias\n_1000_4,500,10,15,20,0.2000,2026,9999239684,9999233254,114,1716
docs\inst_test\instancias\n_1000_4,500,10,15,20,0.1000,123,9999239604,9999233200,124,1716
docs\inst_test\instancias\n_1000_4,500,10,15,20,0.3000,2026,9999235569,9999230761,87,1716
docs\inst_test\instancias\n_1000_4,500,10,15,20,0.3000,123,9998455718,9998450407,101,1716
docs\inst_test\instancias\n_1000_4,500,15,7,5,0.1000,123,9999239847,9999233470,100,1716
docs\inst_test\instancias\n_1000_4,500,15,7,5,0.2000,2026,9999239684,9999233254,91,1716
docs\inst_test\instancias\n_1000_4,500,15,7,5,0.2000,123,9999235556,9999230719,95,1716
docs\inst_test\instancias\n_1000_4,500,15,7,5,0.3000,123,9999235496,9999230899,91,1716
docs\inst_test\instancias\n_1000_4,500,15,7,5,0.1000,2026,9999239804,9999233206,102,1716
docs\inst_test\instancias\n_1000_4,500,15,7,5,0.1000,42,9999239587,9999233145,118,1716
docs\inst_test\instancias\n_1000_4,500,15,7,5,0.3000,2026,9999235557,9999230837,96,1716
docs\inst_test\instancias\n_1000_4,500,15,7,10,0.1000,42,9999239542,9999233154,96,1716
docs\inst_test\instancias\n_1000_4,500,15,7,10,0.1000,123,9999239785,9999233462,95,1716
docs\inst_test\instancias\n_1000_4,500,15,7,20,0.1000,42,9999239542,9999233154,87,1716
docs\inst_test\instancias\n_1000_4,500,15,7,10,0.1000,2026,9999239825,9999233057,102,1716
docs\inst_test\instancias\n_1000_4,500,15,7,5,0.2000,42,9999239825,9999233397,118,1716
docs\inst_test\instancias\n_1000_4,500,15,7,10,0.2000,123,9999235551,9999230682,99,1716
docs\inst_test\instancias\n_1000_4,500,15,7,5,0.3000,42,9999235607,9999230590,113,1716
docs\inst_test\instancias\n_1000_4,500,15,7,10,0.3000,123,9999235496,9999230899,97,1716
docs\inst_test\instancias\n_1000_4,500,15,7,10,0.2000,2026,9999239684,9999233254,102,1716
docs\inst_test\instancias\n_1000_4,500,15,7,10,0.3000,42,9999235603,9999230785,107,1716
docs\inst_test\instancias\n_1000_4,500,15,7,10,0.3000,2026,9999235579,9999230674,111,1716
docs\inst_test\instancias\n_1000_4,500,15,7,20,0.1000,2026,9999239825,9999233057,110,1716
docs\inst_test\instancias\n_1000_4,500,15,7,20,0.2000,123,9999235551,9999230682,101,1716
docs\inst_test\instancias\n_1000_4,500,15,7,20,0.2000,42,9999239825,9999233397,109,1716
docs\inst_test\instancias\n_1000_4,500,15,7,20,0.3000,42,9999235601,9999230748,102,1716
docs\inst_test\instancias\n_1000_4,500,15,7,20,0.1000,123,9999239604,9999233200,127,1716
docs\inst_test\instancias\n_1000_4,500,15,7,10,0.2000,42,9999239827,9999233233,138,1716
docs\inst_test\instancias\n_1000_4,500,15,7,20,0.2000,2026,9999239684,9999233254,109,1716
docs\inst_test\instancias\n_1000_4,500,15,7,20,0.3000,2026,9999235569,9999230761,104,1716
docs\inst_test\instancias\n_1000_4,500,15,7,20,0.3000,123,9998455718,9998450407,119,1716
docs\inst_test\instancias\n_1000_4,500,15,10,5,0.2000,123,9999235556,9999230719,96,1716
docs\inst_test\instancias\n_1000_4,500,15,10,5,0.1000,42,9999239587,9999233145,105,1716
docs\inst_test\instancias\n_1000_4,500,15,10,5,0.3000,2026,9999235557,9999230837,92,1716
docs\inst_test\instancias\n_1000_4,500,15,10,5,0.2000,42,9999239825,9999233397,103,1716
docs\inst_test\instancias\n_1000_4,500,15,10,10,0.3000,2026,9999235579,9999230674,67,1716
docs\inst_test\instancias\n_1000_4,500,15,10,5,0.1000,2026,9999239804,9999233206,106,1716
docs\inst_test\instancias\n_1000_4,500,15,10,5,0.3000,42,9999235607,9999230590,100,1716
docs\inst_test\instancias\n_1000_4,500,15,10,5,0.3000,123,9999235496,9999230899,101,1716
docs\inst_test\instancias\n_1000_4,500,15,10,10,0.2000,2026,9999239684,9999233254,88,1716
docs\inst_test\instancias\n_1000_4,500,15,10,10,0.3000,123,9999235496,9999230899,87,1716
docs\inst_test\instancias\n_1000_4,500,15,10,10,0.3000,42,9999235601,9999230837,94,1716
docs\inst_test\instancias\n_1000_4,500,15,10,10,0.1000,123,9999239785,9999233462,105,1716
docs\inst_test\instancias\n_1000_4,500,15,10,20,0.1000,2026,9999239825,9999233057,71,1716
docs\inst_test\instancias\n_1000_4,500,15,10,10,0.1000,42,9999239542,9999233154,110,1716
docs\inst_test\instancias\n_1000_4,500,15,10,5,0.2000,2026,9999239684,9999233254,119,1716
docs\inst_test\instancias\n_1000_4,500,15,10,10,0.2000,123,9999235551,9999230682,103,1716
docs\inst_test\instancias\n_1000_4,500,15,10,20,0.2000,2026,9999239684,9999233254,75,1716
docs\inst_test\instancias\n_1000_4,500,15,10,5,0.1000,123,9999239847,9999233470,135,1716
docs\inst_test\instancias\n_1000_4,500,15,10,10,0.1000,2026,9999239825,9999233057,116,1716
docs\inst_test\instancias\n_1000_4,500,15,10,20,0.1000,42,9999239542,9999233154,92,1716
docs\inst_test\instancias\n_1000_4,500,15,10,20,0.2000,42,9999239825,9999233397,102,1716
docs\inst_test\instancias\n_1000_4,500,15,10,20,0.1000,123,9999239604,9999233200,116,1716
docs\inst_test\instancias\n_1000_4,500,15,10,10,0.2000,42,9999239827,9999233233,147,1716
docs\inst_test\instancias\n_1000_4,500,15,10,20,0.2000,123,9999235551,9999230682,118,1716
docs\inst_test\instancias\n_1000_4,500,15,10,20,0.3000,2026,9999235569,9999230761,97,1716
docs\inst_test\instancias\n_1000_4,500,15,10,20,0.3000,42,9999235601,9999230748,117,1716
docs\inst_test\instancias\n_1000_4,500,15,10,20,0.3000,123,9998455718,9998450407,117,1716
docs\inst_test\instancias\n_1000_4,500,15,15,5,0.1000,123,9999239847,9999233470,92,1716
docs\inst_test\instancias\n_1000_4,500,15,15,10,0.2000,123,9999235551,9999230682,79,1716
docs\inst_test\instancias\n_1000_4,500,15,15,10,0.1000,123,9999239785,9999233462,86,1716
docs\inst_test\instancias\n_1000_4,500,15,15,10,0.1000,2026,9999239825,9999233057,87,1716
docs\inst_test\instancias\n_1000_4,500,15,15,5,0.1000,2026,9999239804,9999233206,110,1716
docs\inst_test\instancias\n_1000_4,500,15,15,5,0.2000,123,9999235556,9999230719,108,1716
docs\inst_test\instancias\n_1000_4,500,15,15,10,0.2000,42,9999239827,9999233233,90,1716
docs\inst_test\instancias\n_1000_4,500,15,15,5,0.3000,42,9999235607,9999230590,107,1716
docs\inst_test\instancias\n_1000_4,500,15,15,5,0.2000,42,9999239825,9999233397,111,1716
docs\inst_test\instancias\n_1000_4,500,15,15,10,0.2000,2026,9999239684,9999233254,91,1716
docs\inst_test\instancias\n_1000_4,500,15,15,20,0.1000,42,9999239542,9999233154,86,1716
docs\inst_test\instancias\n_1000_4,500,15,15,5,0.2000,2026,9999239684,9999233254,120,1716
docs\inst_test\instancias\n_1000_4,500,15,15,10,0.3000,42,9999235603,9999230785,100,1716
docs\inst_test\instancias\n_1000_4,500,15,15,5,0.3000,123,9999235496,9999230899,119,1716
docs\inst_test\instancias\n_1000_4,500,15,15,10,0.3000,123,9999235496,9999230899,96,1716
docs\inst_test\instancias\n_1000_4,500,15,15,10,0.3000,2026,9999235579,9999230674,100,1716
docs\inst_test\instancias\n_1000_4,500,15,15,5,0.3000,2026,9999235557,9999230837,127,1716
docs\inst_test\instancias\n_1000_4,500,15,15,20,0.1000,2026,9999239825,9999233057,82,1716
docs\inst_test\instancias\n_1000_4,500,15,15,20,0.1000,123,9999239604,9999233200,106,1716
docs\inst_test\instancias\n_1000_4,500,15,15,5,0.1000,42,9999239587,9999233145,148,1716
docs\inst_test\instancias\n_1000_4,500,15,15,20,0.2000,123,9999235551,9999230682,89,1716
docs\inst_test\instancias\n_1000_4,500,15,15,10,0.1000,42,9999239542,9999233154,139,1716
docs\inst_test\instancias\n_1000_4,500,15,15,20,0.3000,42,9999235601,9999230748,87,1716
docs\inst_test\instancias\n_1000_4,500,15,15,20,0.2000,2026,9999239684,9999233254,104,1716
docs\inst_test\instancias\n_1000_4,500,15,15,20,0.3000,123,9998455718,9998450407,103,1716
docs\inst_test\instancias\n_1000_4,500,15,15,20,0.3000,2026,9999235569,9999230761,100,1716
docs\inst_test\instancias\n_1000_4,500,15,15,20,0.2000,42,9999239825,9999233397,128,1716
docs\inst_test\instancias\n_1000_4,500,20,7,5,0.3000,2026,9999235557,9999230837,76,1716
docs\inst_test\instancias\n_1000_4,500,20,7,5,0.3000,123,9999235496,9999230899,84,1716
docs\inst_test\instancias\n_1000_4,500,20,7,5,0.3000,42,9999235607,9999230590,87,1716
docs\inst_test\instancias\n_1000_4,500,20,7,5,0.1000,42,9999239587,9999233145,109,1716
docs\inst_test\instancias\n_1000_4,500,20,7,10,0.2000,123,9999235551,9999230682,89,1716
docs\inst_test\instancias\n_1000_4,500,20,7,10,0.3000,42,9999235603,9999230785,86,1716
docs\inst_test\instancias\n_1000_4,500,20,7,5,0.2000,123,9999235556,9999230719,106,1716
docs\inst_test\instancias\n_1000_4,500,20,7,10,0.1000,123,9999239785,9999233462,98,1716
docs\inst_test\instancias\n_1000_4,500,20,7,5,0.1000,123,9999239847,9999233470,120,1716
docs\inst_test\instancias\n_1000_4,500,20,7,10,0.2000,42,9999239827,9999233233,97,1716
docs\inst_test\instancias\n_1000_4,500,20,7,10,0.1000,2026,9999239825,9999233057,102,1716
docs\inst_test\instancias\n_1000_4,500,20,7,10,0.3000,123,9999235496,9999230899,95,1716
docs\inst_test\instancias\n_1000_4,500,20,7,20,0.1000,2026,9999239825,9999233057,81,1716
docs\inst_test\instancias\n_1000_4,500,20,7,5,0.2000,2026,9999239684,9999233254,124,1716
docs\inst_test\instancias\n_1000_4,500,20,7,10,0.1000,42,9999239542,9999233154,121,1716
docs\inst_test\instancias\n_1000_4,500,20,7,5,0.1000,2026,9999239804,9999233206,133,1716
docs\inst_test\instancias\n_1000_4,500,20,7,10,0.2000,2026,9999239684,9999233254,116,1716
docs\inst_test\instancias\n_1000_4,500,20,7,20,0.2000,123,9999235551,9999230682,83,1716
docs\inst_test\instancias\n_1000_4,500,20,7,10,0.3000,2026,9999235579,9999230674,108,1716
docs\inst_test\instancias\n_1000_4,500,20,7,5,0.2000,42,9999239825,9999233397,141,1716
docs\inst_test\instancias\n_1000_4,500,20,7,20,0.1000,42,9999239542,9999233154,123,1716
docs\inst_test\instancias\n_1000_4,500,20,7,20,0.1000,123,9999239604,9999233200,125,1716
docs\inst_test\instancias\n_1000_4,500,20,7,20,0.3000,42,9999235601,9999230748,97,1716
docs\inst_test\instancias\n_1000_4,500,20,7,20,0.2000,2026,9999239684,9999233254,99,1716
docs\inst_test\instancias\n_1000_4,500,20,7,20,0.2000,42,9999239825,9999233397,121,1716
docs\inst_test\instancias\n_1000_4,500,20,10,5,0.1000,42,9999239587,9999233145,89,1716
docs\inst_test\instancias\n_1000_4,500,20,7,20,0.3000,123,9998455718,9998450407,96,1716
docs\inst_test\instancias\n_1000_4,500,20,7,20,0.3000,2026,9999235569,9999230761,101,1716
docs\inst_test\instancias\n_1000_4,500,20,10,5,0.1000,2026,9999239804,9999233206,102,1716
docs\inst_test\instancias\n_1000_4,500,20,10,5,0.2000,42,9999239825,9999233397,114,1716
docs\inst_test\instancias\n_1000_4,500,20,10,5,0.2000,123,9999235556,9999230719,103,1716
docs\inst_test\instancias\n_1000_4,500,20,10,5,0.2000,2026,9999239684,9999233254,104,1716
docs\inst_test\instancias\n_1000_4,500,20,10,10,0.2000,42,9999239827,9999233233,87,1716
docs\inst_test\instancias\n_1000_4,500,20,10,10,0.3000,2026,9999235579,9999230674,78,1716
docs\inst_test\instancias\n_1000_4,500,20,10,5,0.1000,123,9999239847,9999233470,127,1716
docs\inst_test\instancias\n_1000_4,500,20,10,5,0.3000,42,9999235607,9999230590,107,1716
docs\inst_test\instancias\n_1000_4,500,20,10,10,0.2000,123,9999235551,9999230682,92,1716
docs\inst_test\instancias\n_1000_4,500,20,10,20,0.1000,123,9999239604,9999233200,82,1716
docs\inst_test\instancias\n_1000_4,500,20,10,10,0.2000,2026,9999239684,9999233254,96,1716
docs\inst_test\instancias\n_1000_4,500,20,10,5,0.3000,123,9999235496,9999230899,119,1716
docs\inst_test\instancias\n_1000_4,500,20,10,10,0.3000,42,9999235601,9999230837,100,1716
docs\inst_test\instancias\n_1000_4,500,20,10,5,0.3000,2026,9999235557,9999230837,116,1716
docs\inst_test\instancias\n_1000_4,500,20,10,10,0.1000,42,9999239542,9999233154,119,1716
docs\inst_test\instancias\n_1000_4,500,20,10,20,0.3000,2026,9999235569,9999230761,62,1716
docs\inst_test\instancias\n_1000_4,500,20,10,10,0.1000,123,9999239785,9999233462,127,1716
docs\inst_test\instancias\n_1000_4,500,20,10,10,0.3000,123,9999235496,9999230899,110,1716
docs\inst_test\instancias\n_1000_4,500,20,10,10,0.1000,2026,9999239825,9999233057,123,1716
docs\inst_test\instancias\n_1000_4,500,20,10,20,0.1000,42,9999239542,9999233154,110,1716
docs\inst_test\instancias\n_1000_4,500,20,10,20,0.2000,123,9999235551,9999230682,86,1716
docs\inst_test\instancias\n_1000_4,500,20,10,20,0.3000,123,9998455718,9998450407,96,1716
docs\inst_test\instancias\n_1000_4,500,20,10,20,0.2000,42,9999239825,9999233397,108,1716
docs\inst_test\instancias\n_1000_4,500,20,10,20,0.3000,42,9999235601,9999230748,102,1716
docs\inst_test\instancias\n_1000_4,500,20,10,20,0.2000,2026,9999239684,9999233254,105,1716
docs\inst_test\instancias\n_1000_4,500,20,10,20,0.1000,2026,9999239825,9999233057,132,1716
docs\inst_test\instancias\n_1000_4,500,20,15,10,0.3000,42,9999235603,9999230785,74,1716
docs\inst_test\instancias\n_1000_4,500,20,15,5,0.2000,123,9999235556,9999230719,94,1716
docs\inst_test\instancias\n_1000_4,500,20,15,5,0.1000,123,9999239847,9999233470,114,1716
docs\inst_test\instancias\n_1000_4,500,20,15,5,0.1000,2026,9999239804,9999233206,101,1716
docs\inst_test\instancias\n_1000_4,500,20,15,5,0.2000,2026,9999239684,9999233254,96,1716
docs\inst_test\instancias\n_1000_4,500,20,15,10,0.3000,2026,9999235579,9999230674,65,1716
docs\inst_test\instancias\n_1000_4,500,20,15,10,0.1000,123,9999239785,9999233462,91,1716
docs\inst_test\instancias\n_1000_4,500,20,15,10,0.1000,42,9999239542,9999233154,96,1716
docs\inst_test\instancias\n_1000_4,500,20,15,5,0.3000,123,9999235496,9999230899,99,1716
docs\inst_test\instancias\n_1000_4,500,20,15,5,0.1000,42,9999239587,9999233145,138,1716
docs\inst_test\instancias\n_1000_4,500,20,15,10,0.2000,123,9999235551,9999230682,95,1716
docs\inst_test\instancias\n_1000_4,500,20,15,5,0.2000,42,9999239825,9999233397,113,1716
docs\inst_test\instancias\n_1000_4,500,20,15,5,0.3000,2026,9999235557,9999230837,110,1716
docs\inst_test\instancias\n_1000_4,500,20,15,10,0.2000,42,9999239827,9999233233,100,1716
docs\inst_test\instancias\n_1000_4,500,20,15,10,0.2000,2026,9999239684,9999233254,99,1716
docs\inst_test\instancias\n_1000_4,500,20,15,20,0.2000,42,9999239825,9999233397,77,1716
docs\inst_test\instancias\n_1000_4,500,20,15,5,0.3000,42,9999235607,9999230590,116,1716
docs\inst_test\instancias\n_1000_4,500,20,15,10,0.3000,123,9999235496,9999230899,97,1716
docs\inst_test\instancias\n_1000_4,500,20,15,20,0.1000,123,9999239604,9999233200,87,1716
docs\inst_test\instancias\n_1000_4,500,20,15,20,0.1000,2026,9999239825,9999233057,87,1716
docs\inst_test\instancias\n_1000_4,500,20,15,10,0.1000,2026,9999239825,9999233057,111,1716
docs\inst_test\instancias\n_1000_4,500,20,15,20,0.2000,123,9999235551,9999230682,68,1716
docs\inst_test\instancias\n_1000_4,500,20,15,20,0.1000,42,9999239542,9999233154,93,1716
docs\inst_test\instancias\n_1000_4,500,20,15,20,0.3000,123,9998455718,9998450407,67,1716
docs\inst_test\instancias\n_1000_4,500,20,15,20,0.3000,42,9999235601,9999230748,75,1716
docs\inst_test\instancias\n_1000_4,500,20,15,20,0.2000,2026,9999239684,9999233254,83,1716
docs\inst_test\instancias\n_1000_4,500,20,15,20,0.3000,2026,9999235569,9999230761,70,1716
docs\inst_test\instancias\n_1000_5,100,10,7,20,0.2000,2026,9999251705,9999242656,11,1449
docs\inst_test\instancias\n_1000_5,100,10,7,20,0.1000,42,9996907656,9996898605,13,1449
docs\inst_test\instancias\n_1000_5,100,10,7,20,0.3000,123,9989875677,9989866999,14,1449
docs\inst_test\instancias\n_1000_5,100,10,7,5,0.1000,123,9996907622,9996899019,17,1449
docs\inst_test\instancias\n_1000_5,100,10,7,10,0.2000,42,9999251619,9999242724,17,1449
docs\inst_test\instancias\n_1000_5,100,10,7,10,0.2000,123,9997687010,9997678758,17,1449
docs\inst_test\instancias\n_1000_5,100,10,7,5,0.1000,2026,9999251619,9999242724,17,1449
docs\inst_test\instancias\n_1000_5,100,10,7,20,0.3000,2026,9990654953,9990647154,16,1449
docs\inst_test\instancias\n_1000_5,100,10,7,10,0.1000,123,9996907622,9996899019,19,1449
docs\inst_test\instancias\n_1000_5,100,10,7,20,0.2000,42,9999251619,9999242724,18,1449
docs\inst_test\instancias\n_1000_5,100,10,7,5,0.1000,42,9999251614,9999242439,19,1449
docs\inst_test\instancias\n_1000_5,100,10,7,5,0.3000,123,9996122058,9996115441,19,1449
docs\inst_test\instancias\n_1000_5,100,10,7,10,0.1000,2026,9999251619,9999242724,19,1449
docs\inst_test\instancias\n_1000_5,100,10,7,20,0.3000,42,9999251530,9999242508,23,1449
docs\inst_test\instancias\n_1000_5,100,10,7,5,0.3000,42,9999251530,9999242508,24,1449
docs\inst_test\instancias\n_1000_5,100,10,7,20,0.1000,2026,9999251619,9999242724,25,1449
docs\inst_test\instancias\n_1000_5,100,10,7,5,0.2000,123,9998466245,9998459419,25,1449
docs\inst_test\instancias\n_1000_5,100,10,10,5,0.1000,123,9996907622,9996899019,11,1449
docs\inst_test\instancias\n_1000_5,100,10,7,20,0.1000,123,9996907587,9996898632,24,1449
docs\inst_test\instancias\n_1000_5,100,10,7,10,0.3000,123,9996122058,9996115441,25,1449
docs\inst_test\instancias\n_1000_5,100,10,7,10,0.3000,42,9999251530,9999242508,25,1449
docs\inst_test\instancias\n_1000_5,100,10,7,10,0.3000,2026,9999245262,9999239035,27,1449
docs\inst_test\instancias\n_1000_5,100,10,7,5,0.3000,2026,9999245335,9999239334,28,1449
docs\inst_test\instancias\n_1000_5,100,10,10,5,0.1000,42,9999251614,9999242439,16,1449
docs\inst_test\instancias\n_1000_5,100,10,7,20,0.2000,123,9997687010,9997678758,28,1449
docs\inst_test\instancias\n_1000_5,100,10,7,10,0.2000,2026,9999251723,9999242588,28,1449
docs\inst_test\instancias\n_1000_5,100,10,7,10,0.1000,42,9996907656,9996898605,29,1449
docs\inst_test\instancias\n_1000_5,100,10,7,5,0.2000,42,9999251619,9999242724,30,1449
docs\inst_test\instancias\n_1000_5,100,10,7,5,0.2000,2026,9999251723,9999242588,29,1449
docs\inst_test\instancias\n_1000_5,100,10,10,5,0.1000,2026,9999251619,9999242724,17,1449
docs\inst_test\instancias\n_1000_5,100,10,10,10,0.1000,123,9996907622,9996899019,13,1449
docs\inst_test\instancias\n_1000_5,100,10,10,5,0.2000,123,9998466245,9998459419,18,1449
docs\inst_test\instancias\n_1000_5,100,10,10,10,0.3000,2026,9999245262,9999239035,11,1449
docs\inst_test\instancias\n_1000_5,100,10,10,5,0.3000,42,9999251530,9999242508,19,1449
docs\inst_test\instancias\n_1000_5,100,10,10,5,0.3000,123,9996122058,9996115441,19,1449
docs\inst_test\instancias\n_1000_5,100,10,10,10,0.1000,42,9996907656,9996898605,17,1449
docs\inst_test\instancias\n_1000_5,100,10,10,10,0.2000,42,9999251619,9999242724,17,1449
docs\inst_test\instancias\n_1000_5,100,10,10,5,0.2000,42,9999251619,9999242724,20,1449
docs\inst_test\instancias\n_1000_5,100,10,10,10,0.1000,2026,9999251619,9999242724,19,1449
docs\inst_test\instancias\n_1000_5,100,10,10,10,0.2000,2026,9999251723,9999242588,15,1449
docs\inst_test\instancias\n_1000_5,100,10,10,5,0.2000,2026,9999251723,9999242588,22,1449
docs\inst_test\instancias\n_1000_5,100,10,10,5,0.3000,2026,9999245335,9999239334,22,1449
docs\inst_test\instancias\n_1000_5,100,10,10,10,0.2000,123,9997687010,9997678758,18,1449
docs\inst_test\instancias\n_1000_5,100,10,10,20,0.2000,2026,9999251705,9999242656,18,1449
docs\inst_test\instancias\n_1000_5,100,10,15,5,0.1000,2026,9999251619,9999242724,14,1449
docs\inst_test\instancias\n_1000_5,100,10,10,10,0.3000,42,9999251530,9999242508,22,1449
docs\inst_test\instancias\n_1000_5,100,10,10,20,0.1000,42,9996907656,9996898605,22,1449
docs\inst_test\instancias\n_1000_5,100,10,15,5,0.3000,2026,9999245335,9999239334,12,1449
docs\inst_test\instancias\n_1000_5,100,10,15,5,0.2000,42,9999251619,9999242724,17,1449
docs\inst_test\instancias\n_1000_5,100,10,15,10,0.2000,42,9999251619,9999242724,10,1449
docs\inst_test\instancias\n_1000_5,100,10,10,20,0.1000,123,9996907587,9996898632,26,1449
docs\inst_test\instancias\n_1000_5,100,10,10,10,0.3000,123,9996122058,9996115441,26,1449
docs\inst_test\instancias\n_1000_5,100,10,10,20,0.2000,123,9997687010,9997678758,24,1449
docs\inst_test\instancias\n_1000_5,100,10,15,5,0.2000,123,9998466245,9998459419,18,1449
docs\inst_test\instancias\n_1000_5,100,10,10,20,0.1000,2026,9999251619,9999242724,28,1449
docs\inst_test\instancias\n_1000_5,100,10,15,5,0.2000,2026,9999251723,9999242588,18,1449
docs\inst_test\instancias\n_1000_5,100,10,15,5,0.1000,123,9996907622,9996899019,26,1449
docs\inst_test\instancias\n_1000_5,100,10,15,5,0.3000,123,9996122058,9996115441,20,1449
docs\inst_test\instancias\n_1000_5,100,10,15,10,0.1000,123,9996907622,9996899019,19,1449
docs\inst_test\instancias\n_1000_5,100,10,15,5,0.3000,42,9999251530,9999242508,20,1449
docs\inst_test\instancias\n_1000_5,100,10,15,10,0.1000,42,9996907656,9996898605,19,1449
docs\inst_test\instancias\n_1000_5,100,10,10,20,0.2000,42,9999251619,9999242724,29,1449
docs\inst_test\instancias\n_1000_5,100,10,10,20,0.3000,123,9989875677,9989866999,29,1449
docs\inst_test\instancias\n_1000_5,100,10,10,20,0.3000,42,9999251530,9999242508,29,1449
docs\inst_test\instancias\n_1000_5,100,10,10,20,0.3000,2026,9990654953,9990647154,27,1449
docs\inst_test\instancias\n_1000_5,100,10,15,10,0.2000,2026,9999251723,9999242588,18,1449
docs\inst_test\instancias\n_1000_5,100,10,15,10,0.1000,2026,9999251619,9999242724,22,1449
docs\inst_test\instancias\n_1000_5,100,10,15,10,0.3000,42,9999251530,9999242508,19,1449
docs\inst_test\instancias\n_1000_5,100,10,15,5,0.1000,42,9999251614,9999242439,31,1449
docs\inst_test\instancias\n_1000_5,100,10,15,10,0.2000,123,9997687010,9997678758,25,1449
docs\inst_test\instancias\n_1000_5,100,10,15,10,0.3000,123,9996122058,9996115441,18,1449
docs\inst_test\instancias\n_1000_5,100,10,15,10,0.3000,2026,9999245262,9999239035,18,1449
docs\inst_test\instancias\n_1000_5,100,10,15,20,0.1000,2026,9999251619,9999242724,18,1449
docs\inst_test\instancias\n_1000_5,100,10,15,20,0.2000,42,9999251619,9999242724,19,1449
docs\inst_test\instancias\n_1000_5,100,10,15,20,0.1000,123,9996907587,9996898632,21,1449
docs\inst_test\instancias\n_1000_5,100,10,15,20,0.2000,123,9997687010,9997678758,19,1449
docs\inst_test\instancias\n_1000_5,100,10,15,20,0.3000,123,9989875677,9989866999,17,1449
docs\inst_test\instancias\n_1000_5,100,10,15,20,0.3000,2026,9990654953,9990647154,18,1449
docs\inst_test\instancias\n_1000_5,100,10,15,20,0.3000,42,9999251530,9999242508,20,1449
docs\inst_test\instancias\n_1000_5,100,10,15,20,0.1000,42,9996907656,9996898605,25,1449
docs\inst_test\instancias\n_1000_5,100,15,7,5,0.1000,123,9996907622,9996899019,19,1449
docs\inst_test\instancias\n_1000_5,100,15,7,5,0.2000,123,9998466245,9998459419,18,1449
docs\inst_test\instancias\n_1000_5,100,15,7,10,0.3000,2026,9999245262,9999239035,11,1449
docs\inst_test\instancias\n_1000_5,100,15,7,5,0.2000,2026,9999251723,9999242588,20,1449
docs\inst_test\instancias\n_1000_5,100,15,7,5,0.3000,42,9999251530,9999242508,20,1449
docs\inst_test\instancias\n_1000_5,100,15,7,5,0.2000,42,9999251619,9999242724,21,1449
docs\inst_test\instancias\n_1000_5,100,10,15,20,0.2000,2026,9999251705,9999242656,27,1449
docs\inst_test\instancias\n_1000_5,100,15,7,10,0.2000,123,9997687010,9997678758,18,1449
docs\inst_test\instancias\n_1000_5,100,15,7,5,0.1000,2026,9999251619,9999242724,23,1449
docs\inst_test\instancias\n_1000_5,100,15,7,5,0.1000,42,9999251614,9999242439,26,1449
docs\inst_test\instancias\n_1000_5,100,15,7,5,0.3000,2026,9999245335,9999239334,23,1449
docs\inst_test\instancias\n_1000_5,100,15,7,10,0.2000,42,9999251619,9999242724,21,1449
docs\inst_test\instancias\n_1000_5,100,15,7,10,0.3000,123,9996122058,9996115441,17,1449
docs\inst_test\instancias\n_1000_5,100,15,7,5,0.3000,123,9996122058,9996115441,27,1449
docs\inst_test\instancias\n_1000_5,100,15,7,10,0.1000,2026,9999251619,9999242724,24,1449
docs\inst_test\instancias\n_1000_5,100,15,7,10,0.1000,42,9996907656,9996898605,27,1449
docs\inst_test\instancias\n_1000_5,100,15,7,20,0.1000,42,9996907656,9996898605,19,1449
docs\inst_test\instancias\n_1000_5,100,15,7,20,0.1000,123,9996907587,9996898632,18,1449
docs\inst_test\instancias\n_1000_5,100,15,7,10,0.1000,123,9996907622,9996899019,29,1449
docs\inst_test\instancias\n_1000_5,100,15,7,20,0.3000,123,9989875677,9989866999,14,1449
docs\inst_test\instancias\n_1000_5,100,15,7,20,0.2000,123,9997687010,9997678758,17,1449
docs\inst_test\instancias\n_1000_5,100,15,7,20,0.3000,42,9999251530,9999242508,17,1449
docs\inst_test\instancias\n_1000_5,100,15,7,10,0.2000,2026,9999251723,9999242588,28,1449
docs\inst_test\instancias\n_1000_5,100,15,7,20,0.2000,42,9999251619,9999242724,22,1449
docs\inst_test\instancias\n_1000_5,100,15,7,10,0.3000,42,9999251530,9999242508,26,1449
docs\inst_test\instancias\n_1000_5,100,15,7,20,0.3000,2026,9990654953,9990647154,18,1449
docs\inst_test\instancias\n_1000_5,100,15,7,20,0.2000,2026,9999251705,9999242656,21,1449
docs\inst_test\instancias\n_1000_5,100,15,10,5,0.3000,123,9996122058,9996115441,14,1449
docs\inst_test\instancias\n_1000_5,100,15,7,20,0.1000,2026,9999251619,9999242724,27,1449
docs\inst_test\instancias\n_1000_5,100,15,10,5,0.2000,123,9998466245,9998459419,18,1449
docs\inst_test\instancias\n_1000_5,100,15,10,5,0.1000,2026,9999251619,9999242724,20,1449
docs\inst_test\instancias\n_1000_5,100,15,10,5,0.2000,42,9999251619,9999242724,20,1449
docs\inst_test\instancias\n_1000_5,100,15,10,5,0.2000,2026,9999251723,9999242588,20,1449
docs\inst_test\instancias\n_1000_5,100,15,10,5,0.3000,42,9999251530,9999242508,19,1449
docs\inst_test\instancias\n_1000_5,100,15,10,5,0.1000,123,9996907622,9996899019,25,1449
docs\inst_test\instancias\n_1000_5,100,15,10,10,0.1000,42,9996907656,9996898605,19,1449
docs\inst_test\instancias\n_1000_5,100,15,10,5,0.1000,42,9999251614,9999242439,26,1449
docs\inst_test\instancias\n_1000_5,100,15,10,10,0.1000,2026,9999251619,9999242724,18,1449
docs\inst_test\instancias\n_1000_5,100,15,10,10,0.3000,123,9996122058,9996115441,15,1449
docs\inst_test\instancias\n_1000_5,100,15,10,5,0.3000,2026,9999245335,9999239334,23,1449
docs\inst_test\instancias\n_1000_5,100,15,10,10,0.1000,123,9996907622,9996899019,22,1449
docs\inst_test\instancias\n_1000_5,100,15,10,20,0.2000,123,9997687010,9997678758,14,1449
docs\inst_test\instancias\n_1000_5,100,15,10,10,0.2000,2026,9999251723,9999242588,20,1449
docs\inst_test\instancias\n_1000_5,100,15,10,20,0.1000,42,9996907656,9996898605,18,1449
docs\inst_test\instancias\n_1000_5,100,15,10,20,0.2000,42,9999251619,9999242724,16,1449
docs\inst_test\instancias\n_1000_5,100,15,10,20,0.1000,123,9996907587,9996898632,18,1449
docs\inst_test\instancias\n_1000_5,100,15,10,10,0.2000,42,9999251619,9999242724,23,1449
docs\inst_test\instancias\n_1000_5,100,15,10,10,0.2000,123,9997687010,9997678758,25,1449
docs\inst_test\instancias\n_1000_5,100,15,10,20,0.1000,2026,9999251619,9999242724,21,1449
docs\inst_test\instancias\n_1000_5,100,15,15,5,0.3000,2026,9999245335,9999239334,11,1449
docs\inst_test\instancias\n_1000_5,100,15,10,20,0.3000,2026,9990654953,9990647154,18,1449
docs\inst_test\instancias\n_1000_5,100,15,10,10,0.3000,42,9999251530,9999242508,26,1449
docs\inst_test\instancias\n_1000_5,100,15,10,10,0.3000,2026,9999245262,9999239035,27,1449
docs\inst_test\instancias\n_1000_5,100,15,15,5,0.2000,123,9998466245,9998459419,16,1449
docs\inst_test\instancias\n_1000_5,100,15,10,20,0.2000,2026,9999251705,9999242656,24,1449
docs\inst_test\instancias\n_1000_5,100,15,10,20,0.3000,42,9999251530,9999242508,23,1449
docs\inst_test\instancias\n_1000_5,100,15,15,5,0.1000,2026,9999251619,9999242724,20,1449
docs\inst_test\instancias\n_1000_5,100,15,15,5,0.2000,42,9999251619,9999242724,21,1449
docs\inst_test\instancias\n_1000_5,100,15,15,10,0.1000,42,9996907656,9996898605,19,1449
docs\inst_test\instancias\n_1000_5,100,15,15,5,0.3000,123,9996122058,9996115441,20,1449
docs\inst_test\instancias\n_1000_5,100,15,15,10,0.2000,123,9997687010,9997678758,15,1449
docs\inst_test\instancias\n_1000_5,100,15,10,20,0.3000,123,9989875677,9989866999,26,1449
docs\inst_test\instancias\n_1000_5,100,15,15,5,0.1000,123,9996907622,9996899019,25,1449
docs\inst_test\instancias\n_1000_5,100,15,15,5,0.2000,2026,9999251723,9999242588,23,1449
docs\inst_test\instancias\n_1000_5,100,15,15,10,0.2000,42,9999251619,9999242724,19,1449
docs\inst_test\instancias\n_1000_5,100,15,15,10,0.1000,123,9996907622,9996899019,21,1449
docs\inst_test\instancias\n_1000_5,100,15,15,10,0.3000,2026,9999245262,9999239035,19,1449
docs\inst_test\instancias\n_1000_5,100,15,15,10,0.3000,42,9999251530,9999242508,19,1449
docs\inst_test\instancias\n_1000_5,100,15,15,5,0.1000,42,9999251614,9999242439,29,1449
docs\inst_test\instancias\n_1000_5,100,20,7,5,0.1000,42,9999251614,9999242439,12,1449
docs\inst_test\instancias\n_1000_5,100,15,15,20,0.1000,123,9996907587,9996898632,17,1449
docs\inst_test\instancias\n_1000_5,100,15,15,20,0.1000,2026,9999251619,9999242724,18,1449
docs\inst_test\instancias\n_1000_5,100,15,15,5,0.3000,42,9999251530,9999242508,28,1449
docs\inst_test\instancias\n_1000_5,100,15,15,10,0.3000,123,9996122058,9996115441,23,1449
docs\inst_test\instancias\n_1000_5,100,15,15,20,0.2000,42,9999251619,9999242724,18,1449
docs\inst_test\instancias\n_1000_5,100,15,15,10,0.2000,2026,9999251723,9999242588,27,1449
docs\inst_test\instancias\n_1000_5,100,15,15,20,0.3000,2026,9990654953,9990647154,17,1449
docs\inst_test\instancias\n_1000_5,100,15,15,20,0.3000,123,9989875677,9989866999,18,1449
docs\inst_test\instancias\n_1000_5,100,15,15,10,0.1000,2026,9999251619,9999242724,30,1449
docs\inst_test\instancias\n_1000_5,100,15,15,20,0.2000,123,9997687010,9997678758,23,1449
docs\inst_test\instancias\n_1000_5,100,15,15,20,0.2000,2026,9999251705,9999242656,25,1449
docs\inst_test\instancias\n_1000_5,100,15,15,20,0.1000,42,9996907656,9996898605,30,1449
docs\inst_test\instancias\n_1000_5,100,20,7,5,0.1000,123,9996907622,9996899019,21,1449
docs\inst_test\instancias\n_1000_5,100,20,7,5,0.1000,2026,9999251619,9999242724,20,1449
docs\inst_test\instancias\n_1000_5,100,20,7,10,0.2000,42,9999251619,9999242724,15,1449
docs\inst_test\instancias\n_1000_5,100,20,7,5,0.2000,123,9998466245,9998459419,19,1449
docs\inst_test\instancias\n_1000_5,100,20,7,5,0.2000,42,9999251619,9999242724,21,1449
docs\inst_test\instancias\n_1000_5,100,20,7,5,0.2000,2026,9999251723,9999242588,22,1449
docs\inst_test\instancias\n_1000_5,100,20,7,10,0.1000,42,9996907656,9996898605,19,1449
docs\inst_test\instancias\n_1000_5,100,20,7,10,0.2000,2026,9999251723,9999242588,15,1449
docs\inst_test\instancias\n_1000_5,100,20,7,10,0.1000,2026,9999251619,9999242724,18,1449
docs\inst_test\instancias\n_1000_5,100,20,7,20,0.1000,123,9996907587,9996898632,13,1449
docs\inst_test\instancias\n_1000_5,100,15,15,20,0.3000,42,9999251530,9999242508,29,1449
docs\inst_test\instancias\n_1000_5,100,20,7,10,0.2000,123,9997687010,9997678758,20,1449
docs\inst_test\instancias\n_1000_5,100,20,7,10,0.1000,123,9996907622,9996899019,22,1449
docs\inst_test\instancias\n_1000_5,100,20,7,10,0.3000,123,9996122058,9996115441,18,1449
docs\inst_test\instancias\n_1000_5,100,20,7,5,0.3000,2026,9999245335,9999239334,24,1449
docs\inst_test\instancias\n_1000_5,100,20,7,20,0.2000,42,9999251619,9999242724,15,1449
docs\inst_test\instancias\n_1000_5,100,20,7,10,0.3000,42,9999251530,9999242508,21,1449
docs\inst_test\instancias\n_1000_5,100,20,7,5,0.3000,42,9999251530,9999242508,29,1449
docs\inst_test\instancias\n_1000_5,100,20,7,5,0.3000,123,9996122058,9996115441,29,1449
docs\inst_test\instancias\n_1000_5,100,20,7,20,0.1000,42,9996907656,9996898605,22,1449
docs\inst_test\instancias\n_1000_5,100,20,10,5,0.1000,123,9996907622,9996899019,16,1449
docs\inst_test\instancias\n_1000_5,100,20,7,20,0.1000,2026,9999251619,9999242724,22,1449
docs\inst_test\instancias\n_1000_5,100,20,7,20,0.3000,42,9999251530,9999242508,19,1449
docs\inst_test\instancias\n_1000_5,100,20,7,10,0.3000,2026,9999245262,9999239035,27,1449
docs\inst_test\instancias\n_1000_5,100,20,10,5,0.1000,42,9999251614,9999242439,20,1449
docs\inst_test\instancias\n_1000_5,100,20,10,5,0.2000,123,9998466245,9998459419,18,1449
docs\inst_test\instancias\n_1000_5,100,20,7,20,0.2000,123,9997687010,9997678758,25,1449
docs\inst_test\instancias\n_1000_5,100,20,7,20,0.3000,123,9989875677,9989866999,21,1449
docs\inst_test\instancias\n_1000_5,100,20,10,5,0.1000,2026,9999251619,9999242724,21,1449
docs\inst_test\instancias\n_1000_5,100,20,10,10,0.3000,123,9996122058,9996115441,12,1449
docs\inst_test\instancias\n_1000_5,100,20,10,5,0.3000,2026,9999245335,9999239334,18,1449
docs\inst_test\instancias\n_1000_5,100,20,10,5,0.3000,123,9996122058,9996115441,19,1449
docs\inst_test\instancias\n_1000_5,100,20,10,5,0.2000,2026,9999251723,9999242588,19,1449
docs\inst_test\instancias\n_1000_5,100,20,10,5,0.2000,42,9999251619,9999242724,23,1449
docs\inst_test\instancias\n_1000_5,100,20,10,5,0.3000,42,9999251530,9999242508,20,1449
docs\inst_test\instancias\n_1000_5,100,20,7,20,0.2000,2026,9999251705,9999242656,30,1449
docs\inst_test\instancias\n_1000_5,100,20,10,10,0.2000,42,9999251619,9999242724,18,1449
docs\inst_test\instancias\n_1000_5,100,20,10,10,0.2000,123,9997687010,9997678758,18,1449
docs\inst_test\instancias\n_1000_5,100,20,10,10,0.3000,42,9999251530,9999242508,18,1449
docs\inst_test\instancias\n_1000_5,100,20,7,20,0.3000,2026,9990654953,9990647154,29,1449
docs\inst_test\instancias\n_1000_5,100,20,10,10,0.1000,42,9996907656,9996898605,24,1449
docs\inst_test\instancias\n_1000_5,100,20,10,10,0.3000,2026,9999245262,9999239035,21,1449
docs\inst_test\instancias\n_1000_5,100,20,10,10,0.1000,2026,9999251619,9999242724,25,1449
docs\inst_test\instancias\n_1000_5,100,20,10,10,0.2000,2026,9999251723,9999242588,24,1449
docs\inst_test\instancias\n_1000_5,100,20,10,20,0.1000,123,9996907587,9996898632,21,1449
docs\inst_test\instancias\n_1000_5,100,20,10,20,0.2000,123,9997687010,9997678758,18,1449
docs\inst_test\instancias\n_1000_5,100,20,10,10,0.1000,123,9996907622,9996899019,30,1449
docs\inst_test\instancias\n_1000_5,100,20,10,20,0.1000,2026,9999251619,9999242724,20,1449
docs\inst_test\instancias\n_1000_5,100,20,10,20,0.3000,42,9999251530,9999242508,18,1449
docs\inst_test\instancias\n_1000_5,100,20,10,20,0.3000,123,9989875677,9989866999,18,1449
docs\inst_test\instancias\n_1000_5,100,20,10,20,0.2000,42,9999251619,9999242724,22,1449
docs\inst_test\instancias\n_1000_5,100,20,15,5,0.1000,123,9996907622,9996899019,18,1449
docs\inst_test\instancias\n_1000_5,100,20,15,5,0.2000,42,9999251619,9999242724,18,1449
docs\inst_test\instancias\n_1000_5,100,20,15,5,0.2000,123,9998466245,9998459419,18,1449
docs\inst_test\instancias\n_1000_5,100,20,10,20,0.1000,42,9996907656,9996898605,28,1449
docs\inst_test\instancias\n_1000_5,100,20,15,5,0.2000,2026,9999251723,9999242588,19,1449
docs\inst_test\instancias\n_1000_5,100,20,15,5,0.1000,2026,9999251619,9999242724,20,1449
docs\inst_test\instancias\n_1000_5,100,20,10,20,0.2000,2026,9999251705,9999242656,24,1449
docs\inst_test\instancias\n_1000_5,100,20,15,10,0.1000,42,9996907656,9996898605,18,1449
docs\inst_test\instancias\n_1000_5,100,20,15,5,0.3000,2026,9999245335,9999239334,19,1449
docs\inst_test\instancias\n_1000_5,100,20,10,20,0.3000,2026,9990654953,9990647154,24,1449
docs\inst_test\instancias\n_1000_5,100,20,15,5,0.3000,42,9999251530,9999242508,21,1449
docs\inst_test\instancias\n_1000_5,100,20,15,10,0.2000,42,9999251619,9999242724,18,1449
docs\inst_test\instancias\n_1000_5,100,20,15,10,0.1000,2026,9999251619,9999242724,19,1449
docs\inst_test\instancias\n_1000_5,100,20,15,10,0.1000,123,9996907622,9996899019,21,1449
docs\inst_test\instancias\n_1000_5,100,20,15,5,0.3000,123,9996122058,9996115441,25,1449
docs\inst_test\instancias\n_1000_5,100,20,15,5,0.1000,42,9999251614,9999242439,30,1449
docs\inst_test\instancias\n_1000_5,100,20,15,10,0.2000,2026,9999251723,9999242588,18,1449
docs\inst_test\instancias\n_1000_5,100,20,15,20,0.1000,123,9996907587,9996898632,16,1449
docs\inst_test\instancias\n_1000_5,100,20,15,20,0.1000,42,9996907656,9996898605,19,1449
docs\inst_test\instancias\n_1000_5,100,20,15,10,0.2000,123,9997687010,9997678758,25,1449
docs\inst_test\instancias\n_1000_5,100,20,15,10,0.3000,123,9996122058,9996115441,23,1449
docs\inst_test\instancias\n_1000_5,100,20,15,20,0.2000,123,9997687010,9997678758,18,1449
docs\inst_test\instancias\n_1000_5,100,20,15,20,0.2000,42,9999251619,9999242724,18,1449
docs\inst_test\instancias\n_1000_5,100,20,15,10,0.3000,2026,9999245262,9999239035,23,1449
docs\inst_test\instancias\n_1000_5,100,20,15,20,0.3000,42,9999251530,9999242508,18,1449
docs\inst_test\instancias\n_1000_5,100,20,15,20,0.2000,2026,9999251705,9999242656,20,1449
docs\inst_test\instancias\n_1000_5,100,20,15,10,0.3000,42,9999251530,9999242508,26,1449
docs\inst_test\instancias\n_1000_5,100,20,15,20,0.3000,2026,9990654953,9990647154,17,1449
docs\inst_test\instancias\n_1000_5,100,20,15,20,0.3000,123,9989875677,9989866999,25,1449
docs\inst_test\instancias\n_1000_5,100,20,15,20,0.1000,2026,9999251619,9999242724,28,1449
docs\inst_test\instancias\n_1000_5,300,10,7,10,0.2000,123,9999245304,9999239283,41,1449
docs\inst_test\instancias\n_1000_5,300,10,7,5,0.2000,42,9999251619,9999242724,53,1449
docs\inst_test\instancias\n_1000_5,300,10,7,5,0.2000,123,9999245304,9999239283,56,1449
docs\inst_test\instancias\n_1000_5,300,10,7,5,0.1000,2026,9999251703,9999243177,62,1449
docs\inst_test\instancias\n_1000_5,300,10,7,10,0.1000,42,9999251670,9999242490,58,1449
docs\inst_test\instancias\n_1000_5,300,10,7,5,0.3000,42,9999251530,9999242508,61,1449
docs\inst_test\instancias\n_1000_5,300,10,7,10,0.2000,2026,9999251733,9999242669,55,1449
docs\inst_test\instancias\n_1000_5,300,10,7,5,0.2000,2026,9999251723,9999242588,63,1449
docs\inst_test\instancias\n_1000_5,300,10,7,5,0.3000,2026,9999245335,9999239334,62,1449
docs\inst_test\instancias\n_1000_5,300,10,7,5,0.1000,42,9999251670,9999242490,69,1449
docs\inst_test\instancias\n_1000_5,300,10,7,10,0.1000,2026,9999251638,9999242702,64,1449
docs\inst_test\instancias\n_1000_5,300,10,7,20,0.2000,42,9999251619,9999242724,54,1449
docs\inst_test\instancias\n_1000_5,300,10,7,20,0.1000,2026,9999251619,9999242724,57,1449
docs\inst_test\instancias\n_1000_5,300,10,7,20,0.3000,42,9999251530,9999242508,55,1449
docs\inst_test\instancias\n_1000_5,300,10,7,10,0.3000,42,9999251530,9999242508,63,1449
docs\inst_test\instancias\n_1000_5,300,10,7,10,0.1000,123,9999251790,9999242930,71,1449
docs\inst_test\instancias\n_1000_5,300,10,7,10,0.3000,123,9998466074,9998459193,65,1449
docs\inst_test\instancias\n_1000_5,300,10,7,20,0.3000,123,9996122058,9996115441,54,1449
docs\inst_test\instancias\n_1000_5,300,10,7,20,0.3000,2026,9999245335,9999239334,54,1449
docs\inst_test\instancias\n_1000_5,300,10,7,20,0.2000,2026,9999251723,9999242588,62,1449
docs\inst_test\instancias\n_1000_5,300,10,7,5,0.1000,123,9999251790,9999242930,84,1449
docs\inst_test\instancias\n_1000_5,300,10,7,20,0.1000,42,9999251614,9999242439,69,1449
docs\inst_test\instancias\n_1000_5,300,10,7,5,0.3000,123,9999245167,9999239325,82,1449
docs\inst_test\instancias\n_1000_5,300,10,7,10,0.2000,42,9999251619,9999242724,77,1449
docs\inst_test\instancias\n_1000_5,300,10,7,10,0.3000,2026,9999245335,9999239334,72,1449
docs\inst_test\instancias\n_1000_5,300,10,7,20,0.2000,123,9999245304,9999239283,80,1449
docs\inst_test\instancias\n_1000_5,300,10,7,20,0.1000,123,9999251790,9999242930,83,1449
docs\inst_test\instancias\n_1000_5,300,10,10,5,0.1000,123,9999251790,9999242930,59,1449
docs\inst_test\instancias\n_1000_5,300,10,10,5,0.1000,42,9999251670,9999242490,63,1449
docs\inst_test\instancias\n_1000_5,300,10,10,5,0.2000,2026,9999251723,9999242588,57,1449
docs\inst_test\instancias\n_1000_5,300,10,10,5,0.1000,2026,9999251703,9999243177,65,1449
docs\inst_test\instancias\n_1000_5,300,10,10,5,0.3000,123,9999245167,9999239325,57,1449
docs\inst_test\instancias\n_1000_5,300,10,10,10,0.1000,42,9999251670,9999242490,58,1449
docs\inst_test\instancias\n_1000_5,300,10,10,5,0.2000,123,9999245304,9999239283,64,1449
docs\inst_test\instancias\n_1000_5,300,10,10,10,0.1000,2026,9999251638,9999242702,56,1449
docs\inst_test\instancias\n_1000_5,300,10,10,5,0.3000,42,9999251530,9999242508,62,1449
docs\inst_test\instancias\n_1000_5,300,10,10,10,0.2000,42,9999251619,9999242724,56,1449
docs\inst_test\instancias\n_1000_5,300,10,10,10,0.2000,123,9999245304,9999239283,57,1449
docs\inst_test\instancias\n_1000_5,300,10,10,20,0.1000,42,9999251614,9999242439,53,1449
docs\inst_test\instancias\n_1000_5,300,10,10,5,0.2000,42,9999251619,9999242724,70,1449
docs\inst_test\instancias\n_1000_5,300,10,10,5,0.3000,2026,9999245335,9999239334,67,1449
docs\inst_test\instancias\n_1000_5,300,10,10,10,0.1000,123,9999251790,9999242930,63,1449
docs\inst_test\instancias\n_1000_5,300,10,10,10,0.2000,2026,9999251733,9999242669,65,1449
docs\inst_test\instancias\n_1000_5,300,10,10,10,0.3000,2026,9999245335,9999239334,64,1449
docs\inst_test\instancias\n_1000_5,300,10,10,20,0.2000,123,9999245304,9999239283,61,1449
docs\inst_test\instancias\n_1000_5,300,10,10,20,0.1000,123,9999251790,9999242930,67,1449
docs\inst_test\instancias\n_1000_5,300,10,10,20,0.3000,2026,9999245335,9999239334,52,1449
docs\inst_test\instancias\n_1000_5,300,10,10,20,0.2000,2026,9999251723,9999242588,67,1449
docs\inst_test\instancias\n_1000_5,300,10,10,20,0.3000,123,9996122058,9996115441,57,1449
docs\inst_test\instancias\n_1000_5,300,10,10,10,0.3000,123,9998466074,9998459193,76,1449
docs\inst_test\instancias\n_1000_5,300,10,10,20,0.2000,42,9999251619,9999242724,72,1449
docs\inst_test\instancias\n_1000_5,300,10,10,10,0.3000,42,9999251530,9999242508,83,1449
docs\inst_test\instancias\n_1000_5,300,10,10,20,0.3000,42,9999251530,9999242508,73,1449
docs\inst_test\instancias\n_1000_5,300,10,10,20,0.1000,2026,9999251619,9999242724,77,1449
docs\inst_test\instancias\n_1000_5,300,10,15,5,0.1000,42,9999251670,9999242490,62,1449
docs\inst_test\instancias\n_1000_5,300,10,15,5,0.1000,123,9999251790,9999242930,61,1449
docs\inst_test\instancias\n_1000_5,300,10,15,5,0.3000,123,9999245167,9999239325,51,1449
docs\inst_test\instancias\n_1000_5,300,10,15,5,0.1000,2026,9999251703,9999243177,62,1449
docs\inst_test\instancias\n_1000_5,300,10,15,5,0.3000,2026,9999245335,9999239334,56,1449
docs\inst_test\instancias\n_1000_5,300,10,15,5,0.3000,42,9999251530,9999242508,57,1449
docs\inst_test\instancias\n_1000_5,300,10,15,10,0.2000,123,9999245304,9999239283,51,1449
docs\inst_test\instancias\n_1000_5,300,10,15,5,0.2000,42,9999251619,9999242724,63,1449
docs\inst_test\instancias\n_1000_5,300,10,15,10,0.1000,42,9999251670,9999242490,57,1449
docs\inst_test\instancias\n_1000_5,300,10,15,10,0.1000,123,9999251790,9999242930,59,1449
docs\inst_test\instancias\n_1000_5,300,10,15,5,0.2000,123,9999245304,9999239283,66,1449
docs\inst_test\instancias\n_1000_5,300,10,15,10,0.3000,123,9998466074,9998459193,47,1449
docs\inst_test\instancias\n_1000_5,300,10,15,10,0.3000,42,9999251530,9999242508,55,1449
docs\inst_test\instancias\n_1000_5,300,10,15,5,0.2000,2026,9999251723,9999242588,73,1449
docs\inst_test\instancias\n_1000_5,300,10,15,10,0.2000,2026,9999251733,9999242669,71,1449
docs\inst_test\instancias\n_1000_5,300,10,15,20,0.2000,42,9999251619,9999242724,54,1449
docs\inst_test\instancias\n_1000_5,300,10,15,10,0.1000,2026,9999251638,9999242702,80,1449
docs\inst_test\instancias\n_1000_5,300,10,15,10,0.2000,42,9999251619,9999242724,79,1449
docs\inst_test\instancias\n_1000_5,300,10,15,20,0.3000,42,9999251530,9999242508,56,1449
docs\inst_test\instancias\n_1000_5,300,10,15,20,0.2000,123,9999245304,9999239283,62,1449
docs\inst_test\instancias\n_1000_5,300,10,15,20,0.1000,2026,9999251619,9999242724,64,1449
docs\inst_test\instancias\n_1000_5,300,10,15,10,0.3000,2026,9999245335,9999239334,72,1449
docs\inst_test\instancias\n_1000_5,300,10,15,20,0.3000,123,9996122058,9996115441,60,1449
docs\inst_test\instancias\n_1000_5,300,10,15,20,0.1000,123,9999251790,9999242930,70,1449
docs\inst_test\instancias\n_1000_5,300,10,15,20,0.1000,42,9999251614,9999242439,80,1449
docs\inst_test\instancias\n_1000_5,300,10,15,20,0.3000,2026,9999245335,9999239334,66,1449
docs\inst_test\instancias\n_1000_5,300,10,15,20,0.2000,2026,9999251723,9999242588,75,1449
docs\inst_test\instancias\n_1000_5,300,15,7,5,0.3000,123,9999245167,9999239325,49,1449
docs\inst_test\instancias\n_1000_5,300,15,7,5,0.3000,2026,9999245335,9999239334,49,1449
docs\inst_test\instancias\n_1000_5,300,15,7,10,0.1000,123,9999251790,9999242930,48,1449
docs\inst_test\instancias\n_1000_5,300,15,7,5,0.1000,42,9999251670,9999242490,65,1449
docs\inst_test\instancias\n_1000_5,300,15,7,5,0.1000,123,9999251790,9999242930,66,1449
docs\inst_test\instancias\n_1000_5,300,15,7,5,0.2000,123,9999245304,9999239283,59,1449
docs\inst_test\instancias\n_1000_5,300,15,7,5,0.1000,2026,9999251703,9999243177,64,1449
docs\inst_test\instancias\n_1000_5,300,15,7,5,0.3000,42,9999251530,9999242508,59,1449
docs\inst_test\instancias\n_1000_5,300,15,7,10,0.1000,42,9999251670,9999242490,57,1449
docs\inst_test\instancias\n_1000_5,300,15,7,5,0.2000,42,9999251619,9999242724,63,1449
docs\inst_test\instancias\n_1000_5,300,15,7,10,0.1000,2026,9999251638,9999242702,58,1449
docs\inst_test\instancias\n_1000_5,300,15,7,10,0.2000,42,9999251619,9999242724,57,1449
docs\inst_test\instancias\n_1000_5,300,15,7,10,0.3000,42,9999251530,9999242508,53,1449
docs\inst_test\instancias\n_1000_5,300,15,7,10,0.3000,123,9998466074,9998459193,52,1449
docs\inst_test\instancias\n_1000_5,300,15,7,10,0.2000,123,9999245304,9999239283,68,1449
docs\inst_test\instancias\n_1000_5,300,15,7,20,0.2000,42,9999251619,9999242724,51,1449
docs\inst_test\instancias\n_1000_5,300,15,7,5,0.2000,2026,9999251723,9999242588,87,1449
docs\inst_test\instancias\n_1000_5,300,15,7,20,0.2000,123,9999245304,9999239283,52,1449
docs\inst_test\instancias\n_1000_5,300,15,7,20,0.1000,2026,9999251619,9999242724,56,1449
docs\inst_test\instancias\n_1000_5,300,15,7,20,0.2000,2026,9999251723,9999242588,56,1449
docs\inst_test\instancias\n_1000_5,300,15,7,10,0.3000,2026,9999245335,9999239334,65,1449
docs\inst_test\instancias\n_1000_5,300,15,7,20,0.1000,42,9999251614,9999242439,64,1449
docs\inst_test\instancias\n_1000_5,300,15,7,20,0.1000,123,9999251790,9999242930,65,1449
docs\inst_test\instancias\n_1000_5,300,15,7,10,0.2000,2026,9999251733,9999242669,76,1449
docs\inst_test\instancias\n_1000_5,300,15,10,5,0.3000,123,9999245167,9999239325,41,1449
docs\inst_test\instancias\n_1000_5,300,15,7,20,0.3000,42,9999251530,9999242508,62,1449
docs\inst_test\instancias\n_1000_5,300,15,10,5,0.1000,42,9999251670,9999242490,54,1449
docs\inst_test\instancias\n_1000_5,300,15,7,20,0.3000,123,9996122058,9996115441,63,1449
docs\inst_test\instancias\n_1000_5,300,15,7,20,0.3000,2026,9999245335,9999239334,62,1449
docs\inst_test\instancias\n_1000_5,300,15,10,5,0.1000,123,9999251790,9999242930,63,1449
docs\inst_test\instancias\n_1000_5,300,15,10,5,0.2000,42,9999251619,9999242724,60,1449
docs\inst_test\instancias\n_1000_5,300,15,10,5,0.3000,2026,9999245335,9999239334,55,1449
docs\inst_test\instancias\n_1000_5,300,15,10,10,0.1000,123,9999251790,9999242930,53,1449
docs\inst_test\instancias\n_1000_5,300,15,10,5,0.3000,42,9999251530,9999242508,59,1449
docs\inst_test\instancias\n_1000_5,300,15,10,10,0.1000,42,9999251670,9999242490,55,1449
docs\inst_test\instancias\n_1000_5,300,15,10,5,0.2000,123,9999245304,9999239283,63,1449
docs\inst_test\instancias\n_1000_5,300,15,10,5,0.1000,2026,9999251703,9999243177,69,1449
docs\inst_test\instancias\n_1000_5,300,15,10,5,0.2000,2026,9999251723,9999242588,65,1449
docs\inst_test\instancias\n_1000_5,300,15,10,10,0.1000,2026,9999251638,9999242702,56,1449
docs\inst_test\instancias\n_1000_5,300,15,10,10,0.2000,123,9999245304,9999239283,49,1449
docs\inst_test\instancias\n_1000_5,300,15,10,10,0.2000,2026,9999251733,9999242669,46,1449
docs\inst_test\instancias\n_1000_5,300,15,10,10,0.3000,42,9999251530,9999242508,45,1449
docs\inst_test\instancias\n_1000_5,300,15,10,10,0.3000,123,9998466074,9998459193,46,1449
docs\inst_test\instancias\n_1000_5,300,15,10,10,0.2000,42,9999251619,9999242724,56,1449
docs\inst_test\instancias\n_1000_5,300,15,10,10,0.3000,2026,9999245335,9999239334,49,1449
docs\inst_test\instancias\n_1000_5,300,15,10,20,0.1000,2026,9999251619,9999242724,45,1449
docs\inst_test\instancias\n_1000_5,300,15,10,20,0.1000,42,9999251614,9999242439,52,1449
docs\inst_test\instancias\n_1000_5,300,15,10,20,0.2000,2026,9999251723,9999242588,47,1449
docs\inst_test\instancias\n_1000_5,300,15,10,20,0.2000,123,9999245304,9999239283,47,1449
docs\inst_test\instancias\n_1000_5,300,15,10,20,0.1000,123,9999251790,9999242930,53,1449
docs\inst_test\instancias\n_1000_5,300,15,10,20,0.2000,42,9999251619,9999242724,52,1449
docs\inst_test\instancias\n_1000_5,300,15,10,20,0.3000,123,9996122058,9996115441,44,1449
docs\inst_test\instancias\n_1000_5,300,15,10,20,0.3000,42,9999251530,9999242508,50,1449
docs\inst_test\instancias\n_1000_5,300,15,10,20,0.3000,2026,9999245335,9999239334,47,1449
docs\inst_test\instancias\n_1000_5,300,15,15,5,0.1000,42,9999251670,9999242490,55,1449
docs\inst_test\instancias\n_1000_5,300,15,15,10,0.1000,42,9999251670,9999242490,41,1449
docs\inst_test\instancias\n_1000_5,300,15,15,5,0.2000,123,9999245304,9999239283,50,1449
docs\inst_test\instancias\n_1000_5,300,15,15,5,0.1000,123,9999251790,9999242930,58,1449
docs\inst_test\instancias\n_1000_5,300,15,15,5,0.3000,123,9999245167,9999239325,50,1449
docs\inst_test\instancias\n_1000_5,300,15,15,5,0.2000,42,9999251619,9999242724,54,1449
docs\inst_test\instancias\n_1000_5,300,15,15,5,0.3000,2026,9999245335,9999239334,51,1449
docs\inst_test\instancias\n_1000_5,300,15,15,5,0.1000,2026,9999251703,9999243177,59,1449
docs\inst_test\instancias\n_1000_5,300,15,15,5,0.2000,2026,9999251723,9999242588,58,1449
docs\inst_test\instancias\n_1000_5,300,15,15,5,0.3000,42,9999251530,9999242508,57,1449
docs\inst_test\instancias\n_1000_5,300,15,15,10,0.1000,123,9999251790,9999242930,52,1449
docs\inst_test\instancias\n_1000_5,300,15,15,10,0.1000,2026,9999251638,9999242702,52,1449
docs\inst_test\instancias\n_1000_5,300,15,15,10,0.2000,123,9999245304,9999239283,48,1449
docs\inst_test\instancias\n_1000_5,300,15,15,10,0.3000,123,9998466074,9998459193,46,1449
docs\inst_test\instancias\n_1000_5,300,15,15,10,0.2000,42,9999251619,9999242724,53,1449
docs\inst_test\instancias\n_1000_5,300,15,15,10,0.2000,2026,9999251733,9999242669,52,1449
docs\inst_test\instancias\n_1000_5,300,15,15,10,0.3000,2026,9999245335,9999239334,49,1449
docs\inst_test\instancias\n_1000_5,300,15,15,10,0.3000,42,9999251530,9999242508,52,1449
docs\inst_test\instancias\n_1000_5,300,15,15,20,0.2000,123,9999245304,9999239283,41,1449
docs\inst_test\instancias\n_1000_5,300,15,15,20,0.3000,42,9999251530,9999242508,41,1449
docs\inst_test\instancias\n_1000_5,300,15,15,20,0.1000,42,9999251614,9999242439,53,1449
docs\inst_test\instancias\n_1000_5,300,15,15,20,0.3000,123,9996122058,9996115441,41,1449
docs\inst_test\instancias\n_1000_5,300,15,15,20,0.1000,123,9999251790,9999242930,52,1449
docs\inst_test\instancias\n_1000_5,300,15,15,20,0.2000,2026,9999251723,9999242588,47,1449
docs\inst_test\instancias\n_1000_5,300,15,15,20,0.2000,42,9999251619,9999242724,50,1449
docs\inst_test\instancias\n_1000_5,300,15,15,20,0.3000,2026,9999245335,9999239334,44,1449
docs\inst_test\instancias\n_1000_5,300,15,15,20,0.1000,2026,9999251619,9999242724,53,1449
docs\inst_test\instancias\n_1000_5,300,20,7,10,0.1000,42,9999251670,9999242490,40,1449
docs\inst_test\instancias\n_1000_5,300,20,7,5,0.3000,123,9999245167,9999239325,46,1449
docs\inst_test\instancias\n_1000_5,300,20,7,5,0.2000,123,9999245304,9999239283,52,1449
docs\inst_test\instancias\n_1000_5,300,20,7,5,0.1000,123,9999251790,9999242930,57,1449
docs\inst_test\instancias\n_1000_5,300,20,7,5,0.2000,42,9999251619,9999242724,54,1449
docs\inst_test\instancias\n_1000_5,300,20,7,5,0.1000,42,9999251670,9999242490,60,1449
docs\inst_test\instancias\n_1000_5,300,20,7,5,0.1000,2026,9999251703,9999243177,58,1449
docs\inst_test\instancias\n_1000_5,300,20,7,5,0.3000,42,9999251530,9999242508,54,1449
docs\inst_test\instancias\n_1000_5,300,20,7,20,0.1000,42,9999251614,9999242439,37,1449
docs\inst_test\instancias\n_1000_5,300,20,7,5,0.3000,2026,9999245335,9999239334,51,1449
docs\inst_test\instancias\n_1000_5,300,20,7,10,0.2000,42,9999251619,9999242724,49,1449
docs\inst_test\instancias\n_1000_5,300,20,7,5,0.2000,2026,9999251723,9999242588,58,1449
docs\inst_test\instancias\n_1000_5,300,20,7,10,0.2000,123,9999245304,9999239283,47,1449
docs\inst_test\instancias\n_1000_5,300,20,7,10,0.1000,2026,9999251638,9999242702,52,1449
docs\inst_test\instancias\n_1000_5,300,20,7,10,0.1000,123,9999251790,9999242930,54,1449
docs\inst_test\instancias\n_1000_5,300,20,7,10,0.3000,123,9998466074,9998459193,46,1449
docs\inst_test\instancias\n_1000_5,300,20,7,20,0.1000,123,9999251790,9999242930,44,1449
docs\inst_test\instancias\n_1000_5,300,20,7,10,0.3000,2026,9999245335,9999239334,49,1449
docs\inst_test\instancias\n_1000_5,300,20,7,10,0.2000,2026,9999251733,9999242669,53,1449
docs\inst_test\instancias\n_1000_5,300,20,7,20,0.3000,123,9996122058,9996115441,39,1449
docs\inst_test\instancias\n_1000_5,300,20,7,10,0.3000,42,9999251530,9999242508,52,1449
docs\inst_test\instancias\n_1000_5,300,20,7,20,0.2000,123,9999245304,9999239283,43,1449
docs\inst_test\instancias\n_1000_5,300,20,7,20,0.3000,2026,9999245335,9999239334,43,1449
docs\inst_test\instancias\n_1000_5,300,20,7,20,0.1000,2026,9999251619,9999242724,49,1449
docs\inst_test\instancias\n_1000_5,300,20,7,20,0.2000,42,9999251619,9999242724,51,1449
docs\inst_test\instancias\n_1000_5,300,20,7,20,0.2000,2026,9999251723,9999242588,51,1449
docs\inst_test\instancias\n_1000_5,300,20,7,20,0.3000,42,9999251530,9999242508,51,1449
docs\inst_test\instancias\n_1000_5,300,20,10,5,0.2000,123,9999245304,9999239283,47,1449
docs\inst_test\instancias\n_1000_5,300,20,10,5,0.1000,42,9999251670,9999242490,54,1449
docs\inst_test\instancias\n_1000_5,300,20,10,10,0.2000,2026,9999251733,9999242669,42,1449
docs\inst_test\instancias\n_1000_5,300,20,10,10,0.1000,123,9999251790,9999242930,45,1449
docs\inst_test\instancias\n_1000_5,300,20,10,5,0.3000,123,9999245167,9999239325,49,1449
docs\inst_test\instancias\n_1000_5,300,20,10,5,0.2000,42,9999251619,9999242724,54,1449
docs\inst_test\instancias\n_1000_5,300,20,10,5,0.1000,123,9999251790,9999242930,55,1449
docs\inst_test\instancias\n_1000_5,300,20,10,5,0.2000,2026,9999251723,9999242588,52,1449
docs\inst_test\instancias\n_1000_5,300,20,10,5,0.3000,2026,9999245335,9999239334,52,1449
docs\inst_test\instancias\n_1000_5,300,20,10,10,0.3000,2026,9999245335,9999239334,43,1449
docs\inst_test\instancias\n_1000_5,300,20,10,5,0.1000,2026,9999251703,9999243177,58,1449
docs\inst_test\instancias\n_1000_5,300,20,10,10,0.2000,123,9999245304,9999239283,50,1449
docs\inst_test\instancias\n_1000_5,300,20,10,10,0.1000,42,9999251670,9999242490,53,1449
docs\inst_test\instancias\n_1000_5,300,20,10,5,0.3000,42,9999251530,9999242508,55,1449
docs\inst_test\instancias\n_1000_5,300,20,10,10,0.3000,123,9998466074,9998459193,46,1449
docs\inst_test\instancias\n_1000_5,300,20,10,10,0.2000,42,9999251619,9999242724,54,1449
docs\inst_test\instancias\n_1000_5,300,20,10,10,0.1000,2026,9999251638,9999242702,55,1449
docs\inst_test\instancias\n_1000_5,300,20,10,20,0.1000,42,9999251614,9999242439,50,1449
docs\inst_test\instancias\n_1000_5,300,20,10,20,0.2000,42,9999251619,9999242724,48,1449
docs\inst_test\instancias\n_1000_5,300,20,10,10,0.3000,42,9999251530,9999242508,53,1449
docs\inst_test\instancias\n_1000_5,300,20,10,20,0.2000,123,9999245304,9999239283,45,1449
docs\inst_test\instancias\n_1000_5,300,20,10,20,0.1000,123,9999251790,9999242930,51,1449
docs\inst_test\instancias\n_1000_5,300,20,10,20,0.1000,2026,9999251619,9999242724,51,1449
docs\inst_test\instancias\n_1000_5,300,20,10,20,0.2000,2026,9999251723,9999242588,50,1449
docs\inst_test\instancias\n_1000_5,300,20,10,20,0.3000,2026,9999245335,9999239334,44,1449
docs\inst_test\instancias\n_1000_5,300,20,10,20,0.3000,123,9996122058,9996115441,47,1449
docs\inst_test\instancias\n_1000_5,300,20,10,20,0.3000,42,9999251530,9999242508,52,1449
docs\inst_test\instancias\n_1000_5,300,20,15,5,0.1000,42,9999251670,9999242490,55,1449
docs\inst_test\instancias\n_1000_5,300,20,15,10,0.2000,123,9999245304,9999239283,43,1449
docs\inst_test\instancias\n_1000_5,300,20,15,5,0.3000,123,9999245167,9999239325,49,1449
docs\inst_test\instancias\n_1000_5,300,20,15,5,0.2000,123,9999245304,9999239283,51,1449
docs\inst_test\instancias\n_1000_5,300,20,15,5,0.3000,42,9999251530,9999242508,51,1449
docs\inst_test\instancias\n_1000_5,300,20,15,10,0.3000,42,9999251530,9999242508,44,1449
docs\inst_test\instancias\n_1000_5,300,20,15,5,0.1000,123,9999251790,9999242930,57,1449
docs\inst_test\instancias\n_1000_5,300,20,15,10,0.1000,123,9999251790,9999242930,49,1449
docs\inst_test\instancias\n_1000_5,300,20,15,10,0.1000,42,9999251670,9999242490,50,1449
docs\inst_test\instancias\n_1000_5,300,20,15,5,0.3000,2026,9999245335,9999239334,52,1449
docs\inst_test\instancias\n_1000_5,300,20,15,20,0.2000,123,9999245304,9999239283,42,1449
docs\inst_test\instancias\n_1000_5,300,20,15,10,0.2000,42,9999251619,9999242724,50,1449
docs\inst_test\instancias\n_1000_5,300,20,15,10,0.3000,123,9998466074,9998459193,46,1449
docs\inst_test\instancias\n_1000_5,300,20,15,5,0.2000,42,9999251619,9999242724,57,1449
docs\inst_test\instancias\n_1000_5,300,20,15,5,0.1000,2026,9999251703,9999243177,58,1449
docs\inst_test\instancias\n_1000_5,300,20,15,10,0.3000,2026,9999245335,9999239334,47,1449
docs\inst_test\instancias\n_1000_5,300,20,15,5,0.2000,2026,9999251723,9999242588,57,1449
docs\inst_test\instancias\n_1000_5,300,20,15,10,0.1000,2026,9999251638,9999242702,55,1449
docs\inst_test\instancias\n_1000_5,300,20,15,10,0.2000,2026,9999251733,9999242669,54,1449
docs\inst_test\instancias\n_1000_5,300,20,15,20,0.3000,2026,9999245335,9999239334,40,1449
docs\inst_test\instancias\n_1000_5,300,20,15,20,0.1000,123,9999251790,9999242930,50,1449
docs\inst_test\instancias\n_1000_5,300,20,15,20,0.3000,42,9999251530,9999242508,45,1449
docs\inst_test\instancias\n_1000_5,300,20,15,20,0.2000,42,9999251619,9999242724,51,1449
docs\inst_test\instancias\n_1000_5,300,20,15,20,0.1000,42,9999251614,9999242439,54,1449
docs\inst_test\instancias\n_1000_5,300,20,15,20,0.1000,2026,9999251619,9999242724,54,1449
docs\inst_test\instancias\n_1000_5,300,20,15,20,0.2000,2026,9999251723,9999242588,49,1449
docs\inst_test\instancias\n_1000_5,300,20,15,20,0.3000,123,9996122058,9996115441,47,1449
docs\inst_test\instancias\n_1000_5,500,10,7,20,0.1000,42,9999251614,9999242439,69,1449
docs\inst_test\instancias\n_1000_5,500,10,7,5,0.2000,123,9999245324,9999239313,80,1449
docs\inst_test\instancias\n_1000_5,500,10,7,10,0.1000,123,9999251790,9999242930,77,1449
docs\inst_test\instancias\n_1000_5,500,10,7,10,0.2000,123,9999245319,9999239307,77,1449
docs\inst_test\instancias\n_1000_5,500,10,7,5,0.1000,42,9999251670,9999242490,84,1449
docs\inst_test\instancias\n_1000_5,500,10,7,5,0.3000,123,9999245167,9999239325,82,1449
docs\inst_test\instancias\n_1000_5,500,10,7,5,0.2000,42,9999251619,9999242724,84,1449
docs\inst_test\instancias\n_1000_5,500,10,7,5,0.1000,123,9999251790,9999242930,88,1449
docs\inst_test\instancias\n_1000_5,500,10,7,10,0.2000,2026,9999251733,9999242669,81,1449
docs\inst_test\instancias\n_1000_5,500,10,7,10,0.3000,123,9999245197,9999239289,80,1449
docs\inst_test\instancias\n_1000_5,500,10,7,20,0.3000,2026,9999245335,9999239334,72,1449
docs\inst_test\instancias\n_1000_5,500,10,7,5,0.3000,2026,9999245335,9999239334,86,1449
docs\inst_test\instancias\n_1000_5,500,10,7,20,0.2000,123,9999245304,9999239283,76,1449
docs\inst_test\instancias\n_1000_5,500,10,7,10,0.3000,2026,9999245335,9999239334,79,1449
docs\inst_test\instancias\n_1000_5,500,10,7,10,0.1000,42,9999251670,9999242490,85,1449
docs\inst_test\instancias\n_1000_5,500,10,7,20,0.1000,123,9999251790,9999242930,79,1449
docs\inst_test\instancias\n_1000_5,500,10,7,10,0.3000,42,9999251530,9999242508,84,1449
docs\inst_test\instancias\n_1000_5,500,10,7,10,0.2000,42,9999251619,9999242724,86,1449
docs\inst_test\instancias\n_1000_5,500,10,7,20,0.3000,42,9999251530,9999242508,76,1449
docs\inst_test\instancias\n_1000_5,500,10,7,20,0.3000,123,9996122079,9996115351,77,1449
docs\inst_test\instancias\n_1000_5,500,10,7,20,0.2000,42,9999251619,9999242724,83,1449
docs\inst_test\instancias\n_1000_5,500,10,7,5,0.3000,42,9999251530,9999242508,93,1449
docs\inst_test\instancias\n_1000_5,500,10,7,20,0.2000,2026,9999251733,9999242669,82,1449
docs\inst_test\instancias\n_1000_5,500,10,7,10,0.1000,2026,9999251638,9999242702,92,1449
docs\inst_test\instancias\n_1000_5,500,10,7,5,0.2000,2026,9999251723,9999242588,96,1449
docs\inst_test\instancias\n_1000_5,500,10,7,20,0.1000,2026,9999251638,9999242702,87,1449
docs\inst_test\instancias\n_1000_5,500,10,7,5,0.1000,2026,9999251726,9999242716,98,1449
docs\inst_test\instancias\n_1000_5,500,10,10,5,0.2000,123,9999245324,9999239313,77,1449
docs\inst_test\instancias\n_1000_5,500,10,10,10,0.3000,2026,9999245335,9999239334,71,1449
docs\inst_test\instancias\n_1000_5,500,10,10,10,0.2000,123,9999245319,9999239307,77,1449
docs\inst_test\instancias\n_1000_5,500,10,10,20,0.3000,2026,9999245335,9999239334,68,1449
docs\inst_test\instancias\n_1000_5,500,10,10,20,0.1000,123,9999251790,9999242930,74,1449
docs\inst_test\instancias\n_1000_5,500,10,10,5,0.2000,42,9999251619,9999242724,87,1449
docs\inst_test\instancias\n_1000_5,500,10,10,10,0.1000,42,9999251670,9999242490,82,1449
docs\inst_test\instancias\n_1000_5,500,10,10,5,0.3000,2026,9999245335,9999239334,83,1449
docs\inst_test\instancias\n_1000_5,500,10,10,5,0.1000,42,9999251670,9999242490,90,1449
docs\inst_test\instancias\n_1000_5,500,10,10,20,0.2000,123,9999245304,9999239283,75,1449
docs\inst_test\instancias\n_1000_5,500,10,10,20,0.1000,2026,9999251638,9999242702,76,1449
docs\inst_test\instancias\n_1000_5,500,10,10,5,0.2000,2026,9999251723,9999242588,86,1449
docs\inst_test\instancias\n_1000_5,500,10,10,20,0.3000,123,9996122079,9996115351,74,1449
docs\inst_test\instancias\n_1000_5,500,10,10,10,0.3000,123,9999245197,9999239289,81,1449
docs\inst_test\instancias\n_1000_5,500,10,10,10,0.2000,2026,9999251733,9999242669,83,1449
docs\inst_test\instancias\n_1000_5,500,10,10,5,0.1000,123,9999251790,9999242930,92,1449
docs\inst_test\instancias\n_1000_5,500,10,10,5,0.3000,123,9999245167,9999239325,87,1449
docs\inst_test\instancias\n_1000_5,500,10,10,20,0.1000,42,9999251614,9999242439,83,1449
docs\inst_test\instancias\n_1000_5,500,10,10,10,0.1000,123,9999251790,9999242930,87,1449
docs\inst_test\instancias\n_1000_5,500,10,10,10,0.1000,2026,9999251638,9999242702,87,1449
docs\inst_test\instancias\n_1000_5,500,10,10,5,0.1000,2026,9999251726,9999242716,96,1449
docs\inst_test\instancias\n_1000_5,500,10,10,10,0.3000,42,9999251530,9999242508,87,1449
docs\inst_test\instancias\n_1000_5,500,10,10,5,0.3000,42,9999251530,9999242508,94,1449
docs\inst_test\instancias\n_1000_5,500,10,10,20,0.3000,42,9999251530,9999242508,82,1449
docs\inst_test\instancias\n_1000_5,500,10,10,10,0.2000,42,9999251619,9999242724,91,1449
docs\inst_test\instancias\n_1000_5,500,10,10,20,0.2000,2026,9999251733,9999242669,84,1449
docs\inst_test\instancias\n_1000_5,500,10,10,20,0.2000,42,9999251619,9999242724,87,1449
docs\inst_test\instancias\n_1000_5,500,10,15,10,0.3000,123,9999245197,9999239289,71,1449
docs\inst_test\instancias\n_1000_5,500,10,15,5,0.2000,123,9999245324,9999239313,86,1449
docs\inst_test\instancias\n_1000_5,500,10,15,10,0.2000,123,9999245319,9999239307,81,1449
docs\inst_test\instancias\n_1000_5,500,10,15,5,0.1000,42,9999251670,9999242490,93,1449
docs\inst_test\instancias\n_1000_5,500,10,15,20,0.1000,2026,9999251638,9999242702,76,1449
docs\inst_test\instancias\n_1000_5,500,10,15,20,0.2000,2026,9999251733,9999242669,74,1449
docs\inst_test\instancias\n_1000_5,500,10,15,10,0.1000,2026,9999251638,9999242702,85,1449
docs\inst_test\instancias\n_1000_5,500,10,15,10,0.1000,42,9999251670,9999242490,85,1449
docs\inst_test\instancias\n_1000_5,500,10,15,10,0.3000,2026,9999245335,9999239334,82,1449
docs\inst_test\instancias\n_1000_5,500,10,15,5,0.1000,123,9999251790,9999242930,94,1449
docs\inst_test\instancias\n_1000_5,500,10,15,5,0.3000,123,9999245167,9999239325,86,1449
docs\inst_test\instancias\n_1000_5,500,10,15,10,0.2000,2026,9999251733,9999242669,84,1449
docs\inst_test\instancias\n_1000_5,500,10,15,20,0.3000,42,9999251530,9999242508,76,1449
docs\inst_test\instancias\n_1000_5,500,10,15,20,0.3000,2026,9999245335,9999239334,75,1449
docs\inst_test\instancias\n_1000_5,500,10,15,5,0.3000,2026,9999245335,9999239334,87,1449
docs\inst_test\instancias\n_1000_5,500,10,15,10,0.2000,42,9999251619,9999242724,86,1449
docs\inst_test\instancias\n_1000_5,500,10,15,10,0.3000,42,9999251530,9999242508,86,1449
docs\inst_test\instancias\n_1000_5,500,10,15,5,0.3000,42,9999251530,9999242508,90,1449
docs\inst_test\instancias\n_1000_5,500,10,15,5,0.1000,2026,9999251726,9999242716,93,1449
docs\inst_test\instancias\n_1000_5,500,10,15,20,0.2000,123,9999245304,9999239283,81,1449
docs\inst_test\instancias\n_1000_5,500,10,15,10,0.1000,123,9999251790,9999242930,89,1449
docs\inst_test\instancias\n_1000_5,500,10,15,20,0.3000,123,9996122079,9996115351,80,1449
docs\inst_test\instancias\n_1000_5,500,10,15,20,0.1000,123,9999251790,9999242930,84,1449
docs\inst_test\instancias\n_1000_5,500,10,15,20,0.1000,42,9999251614,9999242439,85,1449
docs\inst_test\instancias\n_1000_5,500,10,15,20,0.2000,42,9999251619,9999242724,85,1449
docs\inst_test\instancias\n_1000_5,500,10,15,5,0.2000,42,9999251619,9999242724,96,1449
docs\inst_test\instancias\n_1000_5,500,10,15,5,0.2000,2026,9999251723,9999242588,97,1449
docs\inst_test\instancias\n_1000_5,500,15,7,20,0.2000,123,9999245304,9999239283,64,1449
docs\inst_test\instancias\n_1000_5,500,15,7,10,0.3000,2026,9999245335,9999239334,70,1449
docs\inst_test\instancias\n_1000_5,500,15,7,20,0.2000,42,9999251619,9999242724,72,1449
docs\inst_test\instancias\n_1000_5,500,15,7,10,0.1000,2026,9999251638,9999242702,76,1449
docs\inst_test\instancias\n_1000_5,500,15,7,20,0.3000,123,9996122079,9996115351,72,1449
docs\inst_test\instancias\n_1000_5,500,15,7,20,0.1000,123,9999251790,9999242930,74,1449
docs\inst_test\instancias\n_1000_5,500,15,7,10,0.3000,123,9999245197,9999239289,76,1449
docs\inst_test\instancias\n_1000_5,500,15,7,10,0.2000,123,9999245319,9999239307,80,1449
docs\inst_test\instancias\n_1000_5,500,15,7,5,0.1000,42,9999251670,9999242490,93,1449
docs\inst_test\instancias\n_1000_5,500,15,7,10,0.3000,42,9999251530,9999242508,80,1449
docs\inst_test\instancias\n_1000_5,500,15,7,10,0.2000,2026,9999251733,9999242669,82,1449
docs\inst_test\instancias\n_1000_5,500,15,7,20,0.3000,2026,9999245335,9999239334,73,1449
docs\inst_test\instancias\n_1000_5,500,15,7,10,0.2000,42,9999251619,9999242724,83,1449
docs\inst_test\instancias\n_1000_5,500,15,7,5,0.2000,123,9999245324,9999239313,87,1449
docs\inst_test\instancias\n_1000_5,500,15,7,5,0.1000,2026,9999251726,9999242716,88,1449
docs\inst_test\instancias\n_1000_5,500,15,7,10,0.1000,123,9999251790,9999242930,85,1449
docs\inst_test\instancias\n_1000_5,500,15,7,5,0.3000,2026,9999245335,9999239334,85,1449
docs\inst_test\instancias\n_1000_5,500,15,7,10,0.1000,42,9999251670,9999242490,86,1449
docs\inst_test\instancias\n_1000_5,500,15,7,5,0.2000,42,9999251619,9999242724,89,1449
docs\inst_test\instancias\n_1000_5,500,15,7,5,0.3000,123,9999245167,9999239325,87,1449
docs\inst_test\instancias\n_1000_5,500,15,7,20,0.1000,42,9999251614,9999242439,84,1449
docs\inst_test\instancias\n_1000_5,500,15,7,5,0.2000,2026,9999251723,9999242588,90,1449
docs\inst_test\instancias\n_1000_5,500,15,7,5,0.3000,42,9999251530,9999242508,89,1449
docs\inst_test\instancias\n_1000_5,500,15,7,20,0.1000,2026,9999251638,9999242702,85,1449
docs\inst_test\instancias\n_1000_5,500,15,7,20,0.2000,2026,9999251733,9999242669,85,1449
docs\inst_test\instancias\n_1000_5,500,15,7,20,0.3000,42,9999251530,9999242508,84,1449
docs\inst_test\instancias\n_1000_5,500,15,7,5,0.1000,123,9999251790,9999242930,94,1449
docs\inst_test\instancias\n_1000_5,500,15,10,20,0.1000,123,9999251790,9999242930,60,1449
docs\inst_test\instancias\n_1000_5,500,15,10,10,0.3000,2026,9999245335,9999239334,64,1449
docs\inst_test\instancias\n_1000_5,500,15,10,10,0.1000,42,9999251670,9999242490,68,1449
docs\inst_test\instancias\n_1000_5,500,15,10,20,0.1000,2026,9999251638,9999242702,72,1449
docs\inst_test\instancias\n_1000_5,500,15,10,5,0.2000,123,9999245324,9999239313,83,1449
docs\inst_test\instancias\n_1000_5,500,15,10,5,0.2000,42,9999251619,9999242724,85,1449
docs\inst_test\instancias\n_1000_5,500,15,10,5,0.3000,123,9999245167,9999239325,83,1449
docs\inst_test\instancias\n_1000_5,500,15,10,5,0.2000,2026,9999251723,9999242588,86,1449
docs\inst_test\instancias\n_1000_5,500,15,10,10,0.2000,123,9999245319,9999239307,79,1449
docs\inst_test\instancias\n_1000_5,500,15,10,5,0.1000,123,9999251790,9999242930,92,1449
docs\inst_test\instancias\n_1000_5,500,15,10,5,0.3000,2026,9999245335,9999239334,84,1449
docs\inst_test\instancias\n_1000_5,500,15,10,10,0.2000,42,9999251619,9999242724,82,1449
docs\inst_test\instancias\n_1000_5,500,15,10,20,0.3000,123,9996122079,9996115351,76,1449
docs\inst_test\instancias\n_1000_5,500,15,10,5,0.1000,42,9999251670,9999242490,99,1449
docs\inst_test\instancias\n_1000_5,500,15,10,10,0.3000,123,9999245197,9999239289,81,1449
docs\inst_test\instancias\n_1000_5,500,15,10,20,0.3000,2026,9999245335,9999239334,77,1449
docs\inst_test\instancias\n_1000_5,500,15,10,10,0.3000,42,9999251530,9999242508,82,1449
docs\inst_test\instancias\n_1000_5,500,15,10,20,0.2000,123,9999245304,9999239283,79,1449
docs\inst_test\instancias\n_1000_5,500,15,10,5,0.1000,2026,9999251726,9999242716,93,1449
docs\inst_test\instancias\n_1000_5,500,15,10,10,0.1000,2026,9999251638,9999242702,86,1449
docs\inst_test\instancias\n_1000_5,500,15,10,5,0.3000,42,9999251530,9999242508,91,1449
docs\inst_test\instancias\n_1000_5,500,15,10,10,0.1000,123,9999251790,9999242930,88,1449
docs\inst_test\instancias\n_1000_5,500,15,10,20,0.3000,42,9999251530,9999242508,81,1449
docs\inst_test\instancias\n_1000_5,500,15,10,20,0.2000,42,9999251619,9999242724,84,1449
docs\inst_test\instancias\n_1000_5,500,15,10,20,0.1000,42,9999251614,9999242439,87,1449
docs\inst_test\instancias\n_1000_5,500,15,10,10,0.2000,2026,9999251733,9999242669,90,1449
docs\inst_test\instancias\n_1000_5,500,15,10,20,0.2000,2026,9999251733,9999242669,86,1449
docs\inst_test\instancias\n_1000_5,500,15,15,5,0.1000,123,9999251790,9999242930,84,1449
docs\inst_test\instancias\n_1000_5,500,15,15,5,0.1000,42,9999251670,9999242490,92,1449
docs\inst_test\instancias\n_1000_5,500,15,15,20,0.2000,2026,9999251733,9999242669,67,1449
docs\inst_test\instancias\n_1000_5,500,15,15,10,0.2000,123,9999245319,9999239307,76,1449
docs\inst_test\instancias\n_1000_5,500,15,15,5,0.3000,42,9999251530,9999242508,79,1449
docs\inst_test\instancias\n_1000_5,500,15,15,20,0.1000,2026,9999251638,9999242702,76,1449
docs\inst_test\instancias\n_1000_5,500,15,15,5,0.2000,123,9999245324,9999239313,85,1449
docs\inst_test\instancias\n_1000_5,500,15,15,10,0.1000,123,9999251790,9999242930,81,1449
docs\inst_test\instancias\n_1000_5,500,15,15,10,0.3000,123,9999245197,9999239289,79,1449
docs\inst_test\instancias\n_1000_5,500,15,15,5,0.1000,2026,9999251726,9999242716,97,1449
docs\inst_test\instancias\n_1000_5,500,15,15,20,0.1000,123,9999251790,9999242930,79,1449
docs\inst_test\instancias\n_1000_5,500,15,15,20,0.2000,123,9999245304,9999239283,77,1449
docs\inst_test\instancias\n_1000_5,500,15,15,20,0.2000,42,9999251619,9999242724,79,1449
docs\inst_test\instancias\n_1000_5,500,15,15,10,0.3000,2026,9999245335,9999239334,81,1449
docs\inst_test\instancias\n_1000_5,500,15,15,10,0.2000,42,9999251619,9999242724,83,1449
docs\inst_test\instancias\n_1000_5,500,15,15,5,0.3000,2026,9999245335,9999239334,86,1449
docs\inst_test\instancias\n_1000_5,500,15,15,5,0.3000,123,9999245167,9999239325,86,1449
docs\inst_test\instancias\n_1000_5,500,15,15,10,0.1000,2026,9999251638,9999242702,86,1449
docs\inst_test\instancias\n_1000_5,500,15,15,10,0.2000,2026,9999251733,9999242669,85,1449
docs\inst_test\instancias\n_1000_5,500,15,15,20,0.3000,123,9996122079,9996115351,77,1449
docs\inst_test\instancias\n_1000_5,500,15,15,20,0.3000,2026,9999245335,9999239334,77,1449
docs\inst_test\instancias\n_1000_5,500,15,15,10,0.1000,42,9999251670,9999242490,87,1449
docs\inst_test\instancias\n_1000_5,500,15,15,5,0.2000,2026,9999251723,9999242588,92,1449
docs\inst_test\instancias\n_1000_5,500,15,15,10,0.3000,42,9999251530,9999242508,87,1449
docs\inst_test\instancias\n_1000_5,500,15,15,20,0.1000,42,9999251614,9999242439,86,1449
docs\inst_test\instancias\n_1000_5,500,15,15,5,0.2000,42,9999251619,9999242724,96,1449
docs\inst_test\instancias\n_1000_5,500,15,15,20,0.3000,42,9999251530,9999242508,85,1449
docs\inst_test\instancias\n_1000_5,500,20,7,5,0.3000,123,9999245167,9999239325,71,1449
docs\inst_test\instancias\n_1000_5,500,20,7,10,0.3000,2026,9999245335,9999239334,69,1449
docs\inst_test\instancias\n_1000_5,500,20,7,20,0.3000,123,9996122079,9996115351,67,1449
docs\inst_test\instancias\n_1000_5,500,20,7,20,0.2000,2026,9999251733,9999242669,69,1449
docs\inst_test\instancias\n_1000_5,500,20,7,5,0.1000,2026,9999251726,9999242716,86,1449
docs\inst_test\instancias\n_1000_5,500,20,7,20,0.2000,123,9999245304,9999239283,73,1449
docs\inst_test\instancias\n_1000_5,500,20,7,5,0.1000,123,9999251790,9999242930,88,1449
docs\inst_test\instancias\n_1000_5,500,20,7,20,0.1000,2026,9999251638,9999242702,74,1449
docs\inst_test\instancias\n_1000_5,500,20,7,20,0.1000,42,9999251614,9999242439,75,1449
docs\inst_test\instancias\n_1000_5,500,20,7,5,0.2000,123,9999245324,9999239313,86,1449
docs\inst_test\instancias\n_1000_5,500,20,7,10,0.3000,123,9999245197,9999239289,80,1449
docs\inst_test\instancias\n_1000_5,500,20,7,10,0.2000,42,9999251619,9999242724,80,1449
docs\inst_test\instancias\n_1000_5,500,20,7,20,0.3000,2026,9999245335,9999239334,71,1449
docs\inst_test\instancias\n_1000_5,500,20,7,10,0.2000,2026,9999251733,9999242669,81,1449
docs\inst_test\instancias\n_1000_5,500,20,7,10,0.1000,2026,9999251638,9999242702,82,1449
docs\inst_test\instancias\n_1000_5,500,20,7,10,0.2000,123,9999245319,9999239307,81,1449
docs\inst_test\instancias\n_1000_5,500,20,7,10,0.1000,42,9999251670,9999242490,85,1449
docs\inst_test\instancias\n_1000_5,500,20,7,5,0.1000,42,9999251670,9999242490,99,1449
docs\inst_test\instancias\n_1000_5,500,20,7,20,0.1000,123,9999251790,9999242930,80,1449
docs\inst_test\instancias\n_1000_5,500,20,7,5,0.3000,2026,9999245335,9999239334,86,1449
docs\inst_test\instancias\n_1000_5,500,20,7,10,0.3000,42,9999251530,9999242508,85,1449
docs\inst_test\instancias\n_1000_5,500,20,7,5,0.2000,42,9999251619,9999242724,93,1449
docs\inst_test\instancias\n_1000_5,500,20,7,20,0.2000,42,9999251619,9999242724,84,1449
docs\inst_test\instancias\n_1000_5,500,20,7,5,0.3000,42,9999251530,9999242508,92,1449
docs\inst_test\instancias\n_1000_5,500,20,7,10,0.1000,123,9999251790,9999242930,90,1449
docs\inst_test\instancias\n_1000_5,500,20,7,20,0.3000,42,9999251530,9999242508,85,1449
docs\inst_test\instancias\n_1000_5,500,20,7,5,0.2000,2026,9999251723,9999242588,98,1449
docs\inst_test\instancias\n_1000_5,500,20,10,10,0.3000,123,9999245197,9999239289,68,1449
docs\inst_test\instancias\n_1000_5,500,20,10,20,0.3000,123,9996122079,9996115351,59,1449
docs\inst_test\instancias\n_1000_5,500,20,10,20,0.1000,123,9999251790,9999242930,69,1449
docs\inst_test\instancias\n_1000_5,500,20,10,10,0.3000,2026,9999245335,9999239334,72,1449
docs\inst_test\instancias\n_1000_5,500,20,10,10,0.1000,42,9999251670,9999242490,78,1449
docs\inst_test\instancias\n_1000_5,500,20,10,10,0.2000,123,9999245319,9999239307,77,1449
docs\inst_test\instancias\n_1000_5,500,20,10,20,0.3000,42,9999251530,9999242508,69,1449
docs\inst_test\instancias\n_1000_5,500,20,10,10,0.1000,123,9999251790,9999242930,79,1449
docs\inst_test\instancias\n_1000_5,500,20,10,20,0.3000,2026,9999245335,9999239334,66,1449
docs\inst_test\instancias\n_1000_5,500,20,10,5,0.3000,123,9999245167,9999239325,83,1449
docs\inst_test\instancias\n_1000_5,500,20,10,5,0.2000,123,9999245324,9999239313,85,1449
docs\inst_test\instancias\n_1000_5,500,20,10,5,0.1000,42,9999251670,9999242490,94,1449
docs\inst_test\instancias\n_1000_5,500,20,10,20,0.2000,123,9999245304,9999239283,75,1449
docs\inst_test\instancias\n_1000_5,500,20,10,5,0.3000,2026,9999245335,9999239334,85,1449
docs\inst_test\instancias\n_1000_5,500,20,10,10,0.2000,42,9999251619,9999242724,84,1449
docs\inst_test\instancias\n_1000_5,500,20,10,10,0.2000,2026,9999251733,9999242669,84,1449
docs\inst_test\instancias\n_1000_5,500,20,10,5,0.2000,42,9999251619,9999242724,91,1449
docs\inst_test\instancias\n_1000_5,500,20,10,10,0.1000,2026,9999251638,9999242702,85,1449
docs\inst_test\instancias\n_1000_5,500,20,10,20,0.2000,42,9999251619,9999242724,79,1449
docs\inst_test\instancias\n_1000_5,500,20,10,20,0.1000,2026,9999251638,9999242702,81,1449
docs\inst_test\instancias\n_1000_5,500,20,10,10,0.3000,42,9999251530,9999242508,85,1449
docs\inst_test\instancias\n_1000_5,500,20,10,20,0.1000,42,9999251614,9999242439,85,1449
docs\inst_test\instancias\n_1000_5,500,20,10,5,0.1000,123,9999251790,9999242930,98,1449
docs\inst_test\instancias\n_1000_5,500,20,10,5,0.1000,2026,9999251726,9999242716,97,1449
docs\inst_test\instancias\n_1000_5,500,20,10,5,0.3000,42,9999251530,9999242508,94,1449
docs\inst_test\instancias\n_1000_5,500,20,10,5,0.2000,2026,9999251723,9999242588,96,1449
docs\inst_test\instancias\n_1000_5,500,20,10,20,0.2000,2026,9999251733,9999242669,87,1449
docs\inst_test\instancias\n_1000_5,500,20,15,10,0.3000,2026,9999245335,9999239334,71,1449
docs\inst_test\instancias\n_1000_5,500,20,15,10,0.2000,42,9999251619,9999242724,76,1449
docs\inst_test\instancias\n_1000_5,500,20,15,10,0.3000,123,9999245197,9999239289,74,1449
docs\inst_test\instancias\n_1000_5,500,20,15,20,0.3000,42,9999251530,9999242508,69,1449
docs\inst_test\instancias\n_1000_5,500,20,15,20,0.2000,123,9999245304,9999239283,71,1449
docs\inst_test\instancias\n_1000_5,500,20,15,5,0.3000,2026,9999245335,9999239334,80,1449
docs\inst_test\instancias\n_1000_5,500,20,15,10,0.2000,123,9999245319,9999239307,78,1449
docs\inst_test\instancias\n_1000_5,500,20,15,10,0.1000,2026,9999251638,9999242702,80,1449
docs\inst_test\instancias\n_1000_5,500,20,15,5,0.3000,123,9999245167,9999239325,84,1449
docs\inst_test\instancias\n_1000_5,500,20,15,10,0.1000,123,9999251790,9999242930,82,1449
docs\inst_test\instancias\n_1000_5,500,20,15,5,0.1000,42,9999251670,9999242490,94,1449
docs\inst_test\instancias\n_1000_5,500,20,15,5,0.2000,123,9999245324,9999239313,87,1449
docs\inst_test\instancias\n_1000_5,500,20,15,5,0.1000,2026,9999251726,9999242716,92,1449
docs\inst_test\instancias\n_1000_5,500,20,15,5,0.2000,2026,9999251723,9999242588,89,1449
docs\inst_test\instancias\n_1000_5,500,20,15,5,0.1000,123,9999251790,9999242930,97,1449
docs\inst_test\instancias\n_1000_5,500,20,15,20,0.1000,2026,9999251638,9999242702,80,1449
docs\inst_test\instancias\n_1000_5,500,20,15,10,0.1000,42,9999251670,9999242490,86,1449
docs\inst_test\instancias\n_1000_5,500,20,15,5,0.3000,42,9999251530,9999242508,89,1449
docs\inst_test\instancias\n_1000_5,500,20,15,20,0.1000,123,9999251790,9999242930,81,1449
docs\inst_test\instancias\n_1000_5,500,20,15,10,0.2000,2026,9999251733,9999242669,83,1449
docs\inst_test\instancias\n_1000_5,500,20,15,20,0.3000,2026,9999245335,9999239334,73,1449
docs\inst_test\instancias\n_1000_5,500,20,15,10,0.3000,42,9999251530,9999242508,83,1449
docs\inst_test\instancias\n_1000_5,500,20,15,20,0.1000,42,9999251614,9999242439,83,1449
docs\inst_test\instancias\n_1000_5,500,20,15,20,0.3000,123,9996122079,9996115351,75,1449
docs\inst_test\instancias\n_1000_5,500,20,15,5,0.2000,42,9999251619,9999242724,95,1449
docs\inst_test\instancias\n_1000_5,500,20,15,20,0.2000,42,9999251619,9999242724,81,1449
docs\inst_test\instancias\n_1000_5,500,20,15,20,0.2000,2026,9999251733,9999242669,80,1449
docs\inst_test\instancias\n_1000_6,100,10,7,20,0.3000,2026,9996100338,9996100114,8,1134
docs\inst_test\instancias\n_1000_6,100,10,7,20,0.2000,123,9996100338,9996100114,10,1134
docs\inst_test\instancias\n_1000_6,100,10,7,10,0.1000,42,9996100338,9996100114,11,1134
docs\inst_test\instancias\n_1000_6,100,10,7,20,0.2000,2026,9996100338,9996100114,10,1134
docs\inst_test\instancias\n_1000_6,100,10,7,10,0.1000,123,9996100338,9996100114,12,1134
docs\inst_test\instancias\n_1000_6,100,10,7,20,0.3000,123,9996100338,9996100114,11,1134
docs\inst_test\instancias\n_1000_6,100,10,7,20,0.3000,42,9996100338,9996100114,12,1134
docs\inst_test\instancias\n_1000_6,100,10,7,10,0.1000,2026,9996100338,9996100114,13,1134
docs\inst_test\instancias\n_1000_6,100,10,7,5,0.1000,42,9996100338,9996100114,14,1134
docs\inst_test\instancias\n_1000_6,100,10,7,5,0.2000,42,9996100340,9996100107,14,1134
docs\inst_test\instancias\n_1000_6,100,10,7,5,0.2000,123,9996100338,9996100114,14,1134
docs\inst_test\instancias\n_1000_6,100,10,7,20,0.1000,123,9996100338,9996100114,15,1134
docs\inst_test\instancias\n_1000_6,100,10,7,10,0.2000,2026,9996100338,9996100114,15,1134
docs\inst_test\instancias\n_1000_6,100,10,7,10,0.2000,42,9996100340,9996100107,15,1134
docs\inst_test\instancias\n_1000_6,100,10,7,5,0.3000,123,9996100338,9996100114,15,1134
docs\inst_test\instancias\n_1000_6,100,10,7,5,0.3000,42,9996100342,9996100137,17,1134
docs\inst_test\instancias\n_1000_6,100,10,7,5,0.1000,123,9996100338,9996100114,18,1134
docs\inst_test\instancias\n_1000_6,100,10,7,20,0.1000,42,9996100338,9996100114,19,1134
docs\inst_test\instancias\n_1000_6,100,10,7,5,0.1000,2026,9996100338,9996100114,19,1134
docs\inst_test\instancias\n_1000_6,100,10,7,5,0.3000,2026,9996100344,9996100131,19,1134
docs\inst_test\instancias\n_1000_6,100,10,7,20,0.2000,42,9996100338,9996100114,19,1134
docs\inst_test\instancias\n_1000_6,100,10,7,10,0.2000,123,9996100338,9996100114,20,1134
docs\inst_test\instancias\n_1000_6,100,10,7,20,0.1000,2026,9996100338,9996100114,20,1134
docs\inst_test\instancias\n_1000_6,100,10,7,10,0.3000,42,9996100342,9996100137,20,1134
docs\inst_test\instancias\n_1000_6,100,10,7,10,0.3000,2026,9996100338,9996100114,21,1134
docs\inst_test\instancias\n_1000_6,100,10,7,10,0.3000,123,9996100338,9996100114,21,1134
docs\inst_test\instancias\n_1000_6,100,10,7,5,0.2000,2026,9996100338,9996100114,22,1134
docs\inst_test\instancias\n_1000_6,100,10,10,5,0.1000,123,9996100338,9996100114,14,1134
docs\inst_test\instancias\n_1000_6,100,10,10,5,0.1000,42,9996100338,9996100114,16,1134
docs\inst_test\instancias\n_1000_6,100,10,10,5,0.3000,123,9996100338,9996100114,12,1134
docs\inst_test\instancias\n_1000_6,100,10,10,5,0.1000,2026,9996100338,9996100114,15,1134
docs\inst_test\instancias\n_1000_6,100,10,10,5,0.2000,42,9996100340,9996100107,15,1134
docs\inst_test\instancias\n_1000_6,100,10,10,5,0.2000,123,9996100338,9996100114,15,1134
docs\inst_test\instancias\n_1000_6,100,10,10,10,0.1000,123,9996100338,9996100114,13,1134
docs\inst_test\instancias\n_1000_6,100,10,10,10,0.1000,42,9996100338,9996100114,13,1134
docs\inst_test\instancias\n_1000_6,100,10,10,5,0.3000,42,9996100342,9996100137,15,1134
docs\inst_test\instancias\n_1000_6,100,10,10,10,0.2000,42,9996100340,9996100107,13,1134
docs\inst_test\instancias\n_1000_6,100,10,10,10,0.3000,42,9996100342,9996100137,11,1134
docs\inst_test\instancias\n_1000_6,100,10,10,10,0.2000,123,9996100338,9996100114,13,1134
docs\inst_test\instancias\n_1000_6,100,10,10,5,0.3000,2026,9996100344,9996100131,15,1134
docs\inst_test\instancias\n_1000_6,100,10,10,10,0.2000,2026,9996100338,9996100114,14,1134
docs\inst_test\instancias\n_1000_6,100,10,10,10,0.1000,2026,9996100338,9996100114,16,1134
docs\inst_test\instancias\n_1000_6,100,10,10,20,0.1000,42,9996100338,9996100114,12,1134
docs\inst_test\instancias\n_1000_6,100,10,10,5,0.2000,2026,9996100338,9996100114,22,1134
docs\inst_test\instancias\n_1000_6,100,10,15,5,0.1000,2026,9996100338,9996100114,10,1134
docs\inst_test\instancias\n_1000_6,100,10,10,20,0.2000,2026,9996100338,9996100114,16,1134
docs\inst_test\instancias\n_1000_6,100,10,15,10,0.1000,2026,9996100338,9996100114,9,1134
docs\inst_test\instancias\n_1000_6,100,10,10,20,0.1000,2026,9996100338,9996100114,17,1134
docs\inst_test\instancias\n_1000_6,100,10,10,10,0.3000,123,9996100338,9996100114,20,1134
docs\inst_test\instancias\n_1000_6,100,10,10,10,0.3000,2026,9996100338,9996100114,19,1134
docs\inst_test\instancias\n_1000_6,100,10,10,20,0.3000,123,9996100338,9996100114,17,1134
docs\inst_test\instancias\n_1000_6,100,10,10,20,0.2000,123,9996100338,9996100114,18,1134
docs\inst_test\instancias\n_1000_6,100,10,15,5,0.2000,42,9996100340,9996100107,13,1134
docs\inst_test\instancias\n_1000_6,100,10,15,5,0.1000,42,9996100338,9996100114,14,1134
docs\inst_test\instancias\n_1000_6,100,10,10,20,0.2000,42,9996100338,9996100114,19,1134
docs\inst_test\instancias\n_1000_6,100,10,10,20,0.1000,123,9996100338,9996100114,21,1134
docs\inst_test\instancias\n_1000_6,100,10,10,20,0.3000,42,9996100338,9996100114,19,1134
docs\inst_test\instancias\n_1000_6,100,10,15,10,0.1000,123,9996100338,9996100114,12,1134
docs\inst_test\instancias\n_1000_6,100,10,15,10,0.2000,42,9996100340,9996100107,11,1134
docs\inst_test\instancias\n_1000_6,100,10,15,5,0.1000,123,9996100338,9996100114,16,1134
docs\inst_test\instancias\n_1000_6,100,10,15,5,0.2000,2026,9996100338,9996100114,15,1134
docs\inst_test\instancias\n_1000_6,100,10,15,5,0.3000,2026,9996100344,9996100131,14,1134
docs\inst_test\instancias\n_1000_6,100,10,15,10,0.2000,123,9996100338,9996100114,13,1134
docs\inst_test\instancias\n_1000_6,100,10,10,20,0.3000,2026,9996100338,9996100114,20,1134
docs\inst_test\instancias\n_1000_6,100,10,15,5,0.3000,123,9996100338,9996100114,16,1134
docs\inst_test\instancias\n_1000_6,100,10,15,10,0.3000,2026,9996100338,9996100114,9,1134
docs\inst_test\instancias\n_1000_6,100,10,15,5,0.2000,123,9996100338,9996100114,19,1134
docs\inst_test\instancias\n_1000_6,100,10,15,5,0.3000,42,9996100342,9996100137,20,1134
docs\inst_test\instancias\n_1000_6,100,10,15,20,0.1000,42,9996100338,9996100114,11,1134
docs\inst_test\instancias\n_1000_6,100,10,15,10,0.2000,2026,9996100338,9996100114,16,1134
docs\inst_test\instancias\n_1000_6,100,10,15,10,0.1000,42,9996100338,9996100114,20,1134
docs\inst_test\instancias\n_1000_6,100,10,15,10,0.3000,123,9996100338,9996100114,15,1134
docs\inst_test\instancias\n_1000_6,100,10,15,10,0.3000,42,9996100342,9996100137,18,1134
docs\inst_test\instancias\n_1000_6,100,10,15,20,0.1000,123,9996100338,9996100114,13,1134
docs\inst_test\instancias\n_1000_6,100,10,15,20,0.2000,123,9996100338,9996100114,13,1134
docs\inst_test\instancias\n_1000_6,100,10,15,20,0.3000,2026,9996100338,9996100114,12,1134
docs\inst_test\instancias\n_1000_6,100,10,15,20,0.3000,123,9996100338,9996100114,12,1134
docs\inst_test\instancias\n_1000_6,100,10,15,20,0.1000,2026,9996100338,9996100114,15,1134
docs\inst_test\instancias\n_1000_6,100,15,7,10,0.1000,2026,9996100338,9996100114,10,1134
docs\inst_test\instancias\n_1000_6,100,15,7,5,0.2000,2026,9996100338,9996100114,13,1134
docs\inst_test\instancias\n_1000_6,100,10,15,20,0.2000,2026,9996100338,9996100114,17,1134
docs\inst_test\instancias\n_1000_6,100,15,7,5,0.2000,42,9996100340,9996100107,15,1134
docs\inst_test\instancias\n_1000_6,100,15,7,5,0.3000,2026,9996100344,9996100131,13,1134
docs\inst_test\instancias\n_1000_6,100,15,7,5,0.2000,123,9996100338,9996100114,15,1134
docs\inst_test\instancias\n_1000_6,100,15,7,5,0.3000,42,9996100342,9996100137,14,1134
docs\inst_test\instancias\n_1000_6,100,10,15,20,0.3000,42,9996100338,9996100114,20,1134
docs\inst_test\instancias\n_1000_6,100,15,7,10,0.1000,123,9996100338,9996100114,14,1134
docs\inst_test\instancias\n_1000_6,100,10,15,20,0.2000,42,9996100338,9996100114,21,1134
docs\inst_test\instancias\n_1000_6,100,15,7,5,0.1000,42,9996100338,9996100114,20,1134
docs\inst_test\instancias\n_1000_6,100,15,7,5,0.1000,2026,9996100338,9996100114,19,1134
docs\inst_test\instancias\n_1000_6,100,15,7,5,0.3000,123,9996100338,9996100114,17,1134
docs\inst_test\instancias\n_1000_6,100,15,7,10,0.2000,2026,9996100338,9996100114,13,1134
docs\inst_test\instancias\n_1000_6,100,15,7,10,0.3000,42,9996100342,9996100137,14,1134
docs\inst_test\instancias\n_1000_6,100,15,7,10,0.3000,2026,9996100338,9996100114,13,1134
docs\inst_test\instancias\n_1000_6,100,15,7,20,0.1000,123,9996100338,9996100114,12,1134
docs\inst_test\instancias\n_1000_6,100,15,7,10,0.2000,42,9996100340,9996100107,17,1134
docs\inst_test\instancias\n_1000_6,100,15,7,5,0.1000,123,9996100338,9996100114,23,1134
docs\inst_test\instancias\n_1000_6,100,15,7,20,0.3000,123,9996100338,9996100114,8,1134
docs\inst_test\instancias\n_1000_6,100,15,7,10,0.1000,42,9996100338,9996100114,22,1134
docs\inst_test\instancias\n_1000_6,100,15,7,20,0.1000,2026,9996100338,9996100114,13,1134
docs\inst_test\instancias\n_1000_6,100,15,7,20,0.2000,42,9996100338,9996100114,12,1134
docs\inst_test\instancias\n_1000_6,100,15,7,20,0.2000,123,9996100338,9996100114,12,1134
docs\inst_test\instancias\n_1000_6,100,15,7,20,0.1000,42,9996100338,9996100114,16,1134
docs\inst_test\instancias\n_1000_6,100,15,7,10,0.3000,123,9996100338,9996100114,19,1134
docs\inst_test\instancias\n_1000_6,100,15,7,20,0.3000,2026,9996100338,9996100114,13,1134
docs\inst_test\instancias\n_1000_6,100,15,7,20,0.3000,42,9996100338,9996100114,13,1134
docs\inst_test\instancias\n_1000_6,100,15,7,20,0.2000,2026,9996100338,9996100114,16,1134
docs\inst_test\instancias\n_1000_6,100,15,7,10,0.2000,123,9996100338,9996100114,21,1134
docs\inst_test\instancias\n_1000_6,100,15,10,5,0.1000,123,9996100338,9996100114,14,1134
docs\inst_test\instancias\n_1000_6,100,15,10,5,0.1000,2026,9996100338,9996100114,15,1134
docs\inst_test\instancias\n_1000_6,100,15,10,10,0.1000,123,9996100338,9996100114,10,1134
docs\inst_test\instancias\n_1000_6,100,15,10,5,0.1000,42,9996100338,9996100114,16,1134
docs\inst_test\instancias\n_1000_6,100,15,10,5,0.2000,2026,9996100338,9996100114,15,1134
docs\inst_test\instancias\n_1000_6,100,15,10,20,0.1000,42,9996100338,9996100114,10,1134
docs\inst_test\instancias\n_1000_6,100,15,10,10,0.3000,123,9996100338,9996100114,12,1134
docs\inst_test\instancias\n_1000_6,100,15,10,10,0.1000,2026,9996100338,9996100114,14,1134
docs\inst_test\instancias\n_1000_6,100,15,10,10,0.2000,42,9996100340,9996100107,13,1134
docs\inst_test\instancias\n_1000_6,100,15,10,10,0.2000,123,9996100338,9996100114,13,1134
docs\inst_test\instancias\n_1000_6,100,15,10,5,0.2000,42,9996100340,9996100107,18,1134
docs\inst_test\instancias\n_1000_6,100,15,10,20,0.2000,2026,9996100338,9996100114,9,1134
docs\inst_test\instancias\n_1000_6,100,15,10,10,0.1000,42,9996100338,9996100114,17,1134
docs\inst_test\instancias\n_1000_6,100,15,10,20,0.1000,2026,9996100338,9996100114,13,1134
docs\inst_test\instancias\n_1000_6,100,15,10,5,0.2000,123,9996100338,9996100114,20,1134
docs\inst_test\instancias\n_1000_6,100,15,10,20,0.1000,123,9996100338,9996100114,15,1134
docs\inst_test\instancias\n_1000_6,100,15,10,10,0.2000,2026,9996100338,9996100114,17,1134
docs\inst_test\instancias\n_1000_6,100,15,10,20,0.3000,42,9996100338,9996100114,12,1134
docs\inst_test\instancias\n_1000_6,100,15,10,5,0.3000,123,9996100338,9996100114,20,1134
docs\inst_test\instancias\n_1000_6,100,15,10,20,0.3000,123,9996100338,9996100114,12,1134
docs\inst_test\instancias\n_1000_6,100,15,10,5,0.3000,2026,9996100344,9996100131,21,1134
docs\inst_test\instancias\n_1000_6,100,15,10,5,0.3000,42,9996100342,9996100137,22,1134
docs\inst_test\instancias\n_1000_6,100,15,10,10,0.3000,2026,9996100338,9996100114,18,1134
docs\inst_test\instancias\n_1000_6,100,15,10,10,0.3000,42,9996100342,9996100137,20,1134
docs\inst_test\instancias\n_1000_6,100,15,10,20,0.2000,42,9996100338,9996100114,19,1134
docs\inst_test\instancias\n_1000_6,100,15,15,5,0.1000,2026,9996100338,9996100114,15,1134
docs\inst_test\instancias\n_1000_6,100,15,15,5,0.1000,123,9996100338,9996100114,15,1134
docs\inst_test\instancias\n_1000_6,100,15,10,20,0.2000,123,9996100338,9996100114,19,1134
docs\inst_test\instancias\n_1000_6,100,15,15,5,0.2000,42,9996100340,9996100107,15,1134
docs\inst_test\instancias\n_1000_6,100,15,15,5,0.1000,42,9996100338,9996100114,18,1134
docs\inst_test\instancias\n_1000_6,100,15,15,5,0.2000,2026,9996100338,9996100114,14,1134
docs\inst_test\instancias\n_1000_6,100,15,10,20,0.3000,2026,9996100338,9996100114,20,1134
docs\inst_test\instancias\n_1000_6,100,15,15,5,0.2000,123,9996100338,9996100114,15,1134
docs\inst_test\instancias\n_1000_6,100,15,15,10,0.1000,2026,9996100338,9996100114,12,1134
docs\inst_test\instancias\n_1000_6,100,15,15,10,0.1000,42,9996100338,9996100114,14,1134
docs\inst_test\instancias\n_1000_6,100,15,15,5,0.3000,42,9996100342,9996100137,15,1134
docs\inst_test\instancias\n_1000_6,100,15,15,5,0.3000,123,9996100338,9996100114,16,1134
docs\inst_test\instancias\n_1000_6,100,15,15,10,0.2000,123,9996100338,9996100114,13,1134
docs\inst_test\instancias\n_1000_6,100,15,15,5,0.3000,2026,9996100344,9996100131,16,1134
docs\inst_test\instancias\n_1000_6,100,15,15,10,0.2000,42,9996100340,9996100107,15,1134
docs\inst_test\instancias\n_1000_6,100,15,15,20,0.1000,123,9996100338,9996100114,12,1134
docs\inst_test\instancias\n_1000_6,100,15,15,20,0.2000,42,9996100338,9996100114,11,1134
docs\inst_test\instancias\n_1000_6,100,15,15,10,0.3000,2026,9996100338,9996100114,13,1134
docs\inst_test\instancias\n_1000_6,100,15,15,10,0.1000,123,9996100338,9996100114,20,1134
docs\inst_test\instancias\n_1000_6,100,15,15,10,0.3000,123,9996100338,9996100114,15,1134
docs\inst_test\instancias\n_1000_6,100,15,15,20,0.2000,2026,9996100338,9996100114,11,1134
docs\inst_test\instancias\n_1000_6,100,15,15,10,0.2000,2026,9996100338,9996100114,20,1134
docs\inst_test\instancias\n_1000_6,100,15,15,20,0.3000,2026,9996100338,9996100114,13,1134
docs\inst_test\instancias\n_1000_6,100,15,15,20,0.3000,123,9996100338,9996100114,13,1134
docs\inst_test\instancias\n_1000_6,100,15,15,20,0.1000,42,9996100338,9996100114,19,1134
docs\inst_test\instancias\n_1000_6,100,15,15,10,0.3000,42,9996100342,9996100137,19,1134
docs\inst_test\instancias\n_1000_6,100,15,15,20,0.2000,123,9996100338,9996100114,16,1134
docs\inst_test\instancias\n_1000_6,100,15,15,20,0.1000,2026,9996100338,9996100114,19,1134
docs\inst_test\instancias\n_1000_6,100,15,15,20,0.3000,42,9996100338,9996100114,16,1134
docs\inst_test\instancias\n_1000_6,100,20,7,5,0.1000,2026,9996100338,9996100114,13,1134
docs\inst_test\instancias\n_1000_6,100,20,7,5,0.1000,123,9996100338,9996100114,15,1134
docs\inst_test\instancias\n_1000_6,100,20,7,5,0.3000,42,9996100342,9996100137,14,1134
docs\inst_test\instancias\n_1000_6,100,20,7,5,0.2000,42,9996100340,9996100107,15,1134
docs\inst_test\instancias\n_1000_6,100,20,7,5,0.2000,2026,9996100338,9996100114,15,1134
docs\inst_test\instancias\n_1000_6,100,20,7,5,0.1000,42,9996100338,9996100114,19,1134
docs\inst_test\instancias\n_1000_6,100,20,7,10,0.1000,123,9996100338,9996100114,13,1134
docs\inst_test\instancias\n_1000_6,100,20,7,10,0.1000,42,9996100338,9996100114,13,1134
docs\inst_test\instancias\n_1000_6,100,20,7,10,0.1000,2026,9996100338,9996100114,13,1134
docs\inst_test\instancias\n_1000_6,100,20,7,5,0.3000,2026,9996100344,9996100131,14,1134
docs\inst_test\instancias\n_1000_6,100,20,7,10,0.2000,123,9996100338,9996100114,14,1134
docs\inst_test\instancias\n_1000_6,100,20,7,5,0.3000,123,9996100338,9996100114,17,1134
docs\inst_test\instancias\n_1000_6,100,20,7,10,0.3000,42,9996100342,9996100137,13,1134
docs\inst_test\instancias\n_1000_6,100,20,7,5,0.2000,123,9996100338,9996100114,19,1134
docs\inst_test\instancias\n_1000_6,100,20,7,10,0.2000,2026,9996100338,9996100114,14,1134
docs\inst_test\instancias\n_1000_6,100,20,7,20,0.1000,42,9996100338,9996100114,13,1134
docs\inst_test\instancias\n_1000_6,100,20,7,10,0.2000,42,9996100340,9996100107,16,1134
docs\inst_test\instancias\n_1000_6,100,20,7,10,0.3000,2026,9996100338,9996100114,14,1134
docs\inst_test\instancias\n_1000_6,100,20,7,20,0.1000,2026,9996100338,9996100114,12,1134
docs\inst_test\instancias\n_1000_6,100,20,7,20,0.2000,2026,9996100338,9996100114,13,1134
docs\inst_test\instancias\n_1000_6,100,20,7,20,0.1000,123,9996100338,9996100114,15,1134
docs\inst_test\instancias\n_1000_6,100,20,7,10,0.3000,123,9996100338,9996100114,20,1134
docs\inst_test\instancias\n_1000_6,100,20,10,5,0.1000,42,9996100338,9996100114,15,1134
docs\inst_test\instancias\n_1000_6,100,20,10,5,0.2000,123,9996100338,9996100114,13,1134
docs\inst_test\instancias\n_1000_6,100,20,7,20,0.3000,42,9996100338,9996100114,18,1134
docs\inst_test\instancias\n_1000_6,100,20,10,5,0.1000,123,9996100338,9996100114,16,1134
docs\inst_test\instancias\n_1000_6,100,20,7,20,0.2000,123,9996100338,9996100114,19,1134
docs\inst_test\instancias\n_1000_6,100,20,7,20,0.2000,42,9996100338,9996100114,19,1134
docs\inst_test\instancias\n_1000_6,100,20,7,20,0.3000,123,9996100338,9996100114,18,1134
docs\inst_test\instancias\n_1000_6,100,20,10,5,0.2000,2026,9996100338,9996100114,14,1134
docs\inst_test\instancias\n_1000_6,100,20,7,20,0.3000,2026,9996100338,9996100114,18,1134
docs\inst_test\instancias\n_1000_6,100,20,10,10,0.1000,42,9996100338,9996100114,14,1134
docs\inst_test\instancias\n_1000_6,100,20,10,10,0.1000,123,9996100338,9996100114,14,1134
docs\inst_test\instancias\n_1000_6,100,20,10,5,0.3000,42,9996100342,9996100137,15,1134
docs\inst_test\instancias\n_1000_6,100,20,10,10,0.2000,42,9996100340,9996100107,14,1134
docs\inst_test\instancias\n_1000_6,100,20,10,5,0.3000,2026,9996100344,9996100131,15,1134
docs\inst_test\instancias\n_1000_6,100,20,10,5,0.3000,123,9996100338,9996100114,15,1134
docs\inst_test\instancias\n_1000_6,100,20,10,5,0.1000,2026,9996100338,9996100114,17,1134
docs\inst_test\instancias\n_1000_6,100,20,10,20,0.1000,2026,9996100338,9996100114,8,1134
docs\inst_test\instancias\n_1000_6,100,20,10,5,0.2000,42,9996100340,9996100107,18,1134
docs\inst_test\instancias\n_1000_6,100,20,10,10,0.3000,42,9996100342,9996100137,14,1134
docs\inst_test\instancias\n_1000_6,100,20,10,10,0.3000,2026,9996100338,9996100114,13,1134
docs\inst_test\instancias\n_1000_6,100,20,10,10,0.2000,123,9996100338,9996100114,15,1134
docs\inst_test\instancias\n_1000_6,100,20,10,20,0.1000,123,9996100338,9996100114,12,1134
docs\inst_test\instancias\n_1000_6,100,20,10,10,0.3000,123,9996100338,9996100114,16,1134
docs\inst_test\instancias\n_1000_6,100,20,10,10,0.1000,2026,9996100338,9996100114,21,1134
docs\inst_test\instancias\n_1000_6,100,20,10,10,0.2000,2026,9996100338,9996100114,20,1134
docs\inst_test\instancias\n_1000_6,100,20,10,20,0.2000,123,9996100338,9996100114,13,1134
docs\inst_test\instancias\n_1000_6,100,20,10,20,0.1000,42,9996100338,9996100114,19,1134
docs\inst_test\instancias\n_1000_6,100,20,10,20,0.2000,2026,9996100338,9996100114,13,1134
docs\inst_test\instancias\n_1000_6,100,20,10,20,0.3000,123,9996100338,9996100114,12,1134
docs\inst_test\instancias\n_1000_6,100,20,10,20,0.3000,2026,9996100338,9996100114,14,1134
docs\inst_test\instancias\n_1000_6,100,20,15,10,0.1000,2026,9996100338,9996100114,11,1134
docs\inst_test\instancias\n_1000_6,100,20,15,5,0.3000,42,9996100342,9996100137,12,1134
docs\inst_test\instancias\n_1000_6,100,20,15,5,0.2000,42,9996100340,9996100107,14,1134
docs\inst_test\instancias\n_1000_6,100,20,15,5,0.2000,123,9996100338,9996100114,14,1134
docs\inst_test\instancias\n_1000_6,100,20,15,10,0.1000,42,9996100338,9996100114,14,1134
docs\inst_test\instancias\n_1000_6,100,20,10,20,0.2000,42,9996100338,9996100114,19,1134
docs\inst_test\instancias\n_1000_6,100,20,15,10,0.1000,123,9996100338,9996100114,14,1134
docs\inst_test\instancias\n_1000_6,100,20,15,10,0.2000,123,9996100338,9996100114,12,1134
docs\inst_test\instancias\n_1000_6,100,20,15,10,0.2000,42,9996100340,9996100107,13,1134
docs\inst_test\instancias\n_1000_6,100,20,15,5,0.3000,2026,9996100344,9996100131,15,1134
docs\inst_test\instancias\n_1000_6,100,20,15,10,0.2000,2026,9996100338,9996100114,13,1134
docs\inst_test\instancias\n_1000_6,100,20,15,5,0.2000,2026,9996100338,9996100114,17,1134
docs\inst_test\instancias\n_1000_6,100,20,10,20,0.3000,42,9996100338,9996100114,21,1134
docs\inst_test\instancias\n_1000_6,100,20,15,5,0.3000,123,9996100338,9996100114,18,1134
docs\inst_test\instancias\n_1000_6,100,20,15,10,0.3000,123,9996100338,9996100114,14,1134
docs\inst_test\instancias\n_1000_6,100,20,15,20,0.1000,2026,9996100338,9996100114,9,1134
docs\inst_test\instancias\n_1000_6,100,20,15,10,0.3000,42,9996100342,9996100137,18,1134
docs\inst_test\instancias\n_1000_6,100,20,15,5,0.1000,42,9996100338,9996100114,23,1134
docs\inst_test\instancias\n_1000_6,100,20,15,20,0.3000,123,9996100338,9996100114,8,1134
docs\inst_test\instancias\n_1000_6,100,20,15,5,0.1000,123,9996100338,9996100114,23,1134
docs\inst_test\instancias\n_1000_6,100,20,15,5,0.1000,2026,9996100338,9996100114,22,1134
docs\inst_test\instancias\n_1000_6,100,20,15,20,0.2000,123,9996100338,9996100114,11,1134
docs\inst_test\instancias\n_1000_6,100,20,15,10,0.3000,2026,9996100338,9996100114,17,1134
docs\inst_test\instancias\n_1000_6,100,20,15,20,0.3000,42,9996100338,9996100114,11,1134
docs\inst_test\instancias\n_1000_6,100,20,15,20,0.3000,2026,9996100338,9996100114,12,1134
docs\inst_test\instancias\n_1000_6,100,20,15,20,0.2000,42,9996100338,9996100114,17,1134
docs\inst_test\instancias\n_1000_6,100,20,15,20,0.2000,2026,9996100338,9996100114,17,1134
docs\inst_test\instancias\n_1000_6,100,20,15,20,0.1000,42,9996100338,9996100114,20,1134
docs\inst_test\instancias\n_1000_6,100,20,15,20,0.1000,123,9996100338,9996100114,21,1134
docs\inst_test\instancias\n_1000_6,300,10,7,5,0.3000,42,9996100342,9996100137,37,1134
docs\inst_test\instancias\n_1000_6,300,10,7,5,0.1000,123,9996100344,9996100077,45,1134
docs\inst_test\instancias\n_1000_6,300,10,7,5,0.1000,2026,9996100340,9996100161,45,1134
docs\inst_test\instancias\n_1000_6,300,10,7,10,0.2000,123,9996100344,9996100077,41,1134
docs\inst_test\instancias\n_1000_6,300,10,7,5,0.2000,42,9996100342,9996100137,46,1134
docs\inst_test\instancias\n_1000_6,300,10,7,5,0.2000,2026,9996100340,9996100107,45,1134
docs\inst_test\instancias\n_1000_6,300,10,7,5,0.2000,123,9996100344,9996100077,46,1134
docs\inst_test\instancias\n_1000_6,300,10,7,10,0.1000,42,9996100340,9996100161,45,1134
docs\inst_test\instancias\n_1000_6,300,10,7,10,0.2000,42,9996100341,9996100155,44,1134
docs\inst_test\instancias\n_1000_6,300,10,7,5,0.3000,123,9996100344,9996100077,47,1134
docs\inst_test\instancias\n_1000_6,300,10,7,20,0.2000,123,9996100338,9996100114,38,1134
docs\inst_test\instancias\n_1000_6,300,10,7,20,0.1000,123,9996100338,9996100114,42,1134
docs\inst_test\instancias\n_1000_6,300,10,7,20,0.1000,2026,9996100338,9996100114,42,1134
docs\inst_test\instancias\n_1000_6,300,10,7,10,0.1000,2026,9996100340,9996100161,47,1134
docs\inst_test\instancias\n_1000_6,300,10,7,20,0.3000,42,9996100342,9996100137,39,1134
docs\inst_test\instancias\n_1000_6,300,10,7,10,0.3000,123,9996100344,9996100077,45,1134
docs\inst_test\instancias\n_1000_6,300,10,7,10,0.3000,2026,9996100344,9996100131,46,1134
docs\inst_test\instancias\n_1000_6,300,10,7,10,0.3000,42,9996100342,9996100137,49,1134
docs\inst_test\instancias\n_1000_6,300,10,7,5,0.3000,2026,9996100344,9996100131,55,1134
docs\inst_test\instancias\n_1000_6,300,10,7,20,0.2000,2026,9996100338,9996100114,46,1134
docs\inst_test\instancias\n_1000_6,300,10,7,20,0.2000,42,9996100341,9996100155,50,1134
docs\inst_test\instancias\n_1000_6,300,10,7,10,0.2000,2026,9996100340,9996100107,55,1134
docs\inst_test\instancias\n_1000_6,300,10,7,5,0.1000,42,9996100340,9996100161,63,1134
docs\inst_test\instancias\n_1000_6,300,10,7,20,0.3000,123,9996100338,9996100114,49,1134
docs\inst_test\instancias\n_1000_6,300,10,7,10,0.1000,123,9996100344,9996100077,60,1134
docs\inst_test\instancias\n_1000_6,300,10,7,20,0.1000,42,9996100338,9996100114,59,1134
docs\inst_test\instancias\n_1000_6,300,10,7,20,0.3000,2026,9996100344,9996100131,51,1134
docs\inst_test\instancias\n_1000_6,300,10,10,5,0.1000,42,9996100340,9996100161,47,1134
docs\inst_test\instancias\n_1000_6,300,10,10,10,0.1000,42,9996100340,9996100161,41,1134
docs\inst_test\instancias\n_1000_6,300,10,10,10,0.1000,2026,9996100340,9996100161,41,1134
docs\inst_test\instancias\n_1000_6,300,10,10,10,0.1000,123,9996100344,9996100077,43,1134
docs\inst_test\instancias\n_1000_6,300,10,10,5,0.2000,2026,9996100340,9996100107,46,1134
docs\inst_test\instancias\n_1000_6,300,10,10,5,0.2000,42,9996100342,9996100137,47,1134
docs\inst_test\instancias\n_1000_6,300,10,10,5,0.3000,42,9996100342,9996100137,45,1134
docs\inst_test\instancias\n_1000_6,300,10,10,10,0.2000,42,9996100341,9996100155,43,1134
docs\inst_test\instancias\n_1000_6,300,10,10,5,0.3000,123,9996100344,9996100077,47,1134
docs\inst_test\instancias\n_1000_6,300,10,10,10,0.3000,2026,9996100344,9996100131,41,1134
docs\inst_test\instancias\n_1000_6,300,10,10,20,0.2000,42,9996100341,9996100155,36,1134
docs\inst_test\instancias\n_1000_6,300,10,10,10,0.2000,2026,9996100340,9996100107,46,1134
docs\inst_test\instancias\n_1000_6,300,10,10,20,0.1000,42,9996100338,9996100114,41,1134
docs\inst_test\instancias\n_1000_6,300,10,10,10,0.3000,123,9996100344,9996100077,46,1134
docs\inst_test\instancias\n_1000_6,300,10,10,10,0.3000,42,9996100342,9996100137,48,1134
docs\inst_test\instancias\n_1000_6,300,10,10,20,0.1000,123,9996100338,9996100114,42,1134
docs\inst_test\instancias\n_1000_6,300,10,10,5,0.2000,123,9996100344,9996100077,55,1134
docs\inst_test\instancias\n_1000_6,300,10,10,20,0.2000,2026,9996100338,9996100114,39,1134
docs\inst_test\instancias\n_1000_6,300,10,10,5,0.3000,2026,9996100344,9996100131,54,1134
docs\inst_test\instancias\n_1000_6,300,10,10,20,0.3000,123,9996100338,9996100114,37,1134
docs\inst_test\instancias\n_1000_6,300,10,10,5,0.1000,123,9996100344,9996100077,58,1134
docs\inst_test\instancias\n_1000_6,300,10,10,5,0.1000,2026,9996100340,9996100161,60,1134
docs\inst_test\instancias\n_1000_6,300,10,10,20,0.3000,42,9996100342,9996100137,42,1134
docs\inst_test\instancias\n_1000_6,300,10,10,20,0.1000,2026,9996100338,9996100114,50,1134
docs\inst_test\instancias\n_1000_6,300,10,10,20,0.2000,123,9996100338,9996100114,50,1134
docs\inst_test\instancias\n_1000_6,300,10,10,10,0.2000,123,9996100344,9996100077,62,1134
docs\inst_test\instancias\n_1000_6,300,10,10,20,0.3000,2026,9996100344,9996100131,61,1134
docs\inst_test\instancias\n_1000_6,300,10,15,5,0.1000,123,9996100344,9996100077,42,1134
docs\inst_test\instancias\n_1000_6,300,10,15,5,0.1000,2026,9996100340,9996100161,45,1134
docs\inst_test\instancias\n_1000_6,300,10,15,5,0.2000,123,9996100344,9996100077,44,1134
docs\inst_test\instancias\n_1000_6,300,10,15,5,0.1000,42,9996100340,9996100161,51,1134
docs\inst_test\instancias\n_1000_6,300,10,15,20,0.1000,42,9996100338,9996100114,35,1134
docs\inst_test\instancias\n_1000_6,300,10,15,10,0.1000,123,9996100344,9996100077,40,1134
docs\inst_test\instancias\n_1000_6,300,10,15,5,0.3000,2026,9996100344,9996100131,44,1134
docs\inst_test\instancias\n_1000_6,300,10,15,5,0.3000,42,9996100342,9996100137,48,1134
docs\inst_test\instancias\n_1000_6,300,10,15,20,0.1000,123,9996100338,9996100114,37,1134
docs\inst_test\instancias\n_1000_6,300,10,15,10,0.3000,2026,9996100344,9996100131,38,1134
docs\inst_test\instancias\n_1000_6,300,10,15,5,0.2000,2026,9996100340,9996100107,48,1134
docs\inst_test\instancias\n_1000_6,300,10,15,10,0.2000,42,9996100341,9996100155,44,1134
docs\inst_test\instancias\n_1000_6,300,10,15,5,0.3000,123,9996100344,9996100077,52,1134
docs\inst_test\instancias\n_1000_6,300,10,15,10,0.3000,123,9996100344,9996100077,44,1134
docs\inst_test\instancias\n_1000_6,300,10,15,10,0.2000,2026,9996100340,9996100107,46,1134
docs\inst_test\instancias\n_1000_6,300,10,15,5,0.2000,42,9996100342,9996100137,54,1134
docs\inst_test\instancias\n_1000_6,300,10,15,10,0.1000,42,9996100340,9996100161,50,1134
docs\inst_test\instancias\n_1000_6,300,10,15,20,0.3000,42,9996100342,9996100137,37,1134
docs\inst_test\instancias\n_1000_6,300,10,15,10,0.1000,2026,9996100340,9996100161,52,1134
docs\inst_test\instancias\n_1000_6,300,10,15,20,0.2000,123,9996100338,9996100114,46,1134
docs\inst_test\instancias\n_1000_6,300,10,15,10,0.3000,42,9996100342,9996100137,53,1134
docs\inst_test\instancias\n_1000_6,300,10,15,20,0.3000,123,9996100338,9996100114,40,1134
docs\inst_test\instancias\n_1000_6,300,10,15,20,0.2000,2026,9996100338,9996100114,45,1134
docs\inst_test\instancias\n_1000_6,300,10,15,20,0.2000,42,9996100341,9996100155,55,1134
docs\inst_test\instancias\n_1000_6,300,10,15,20,0.1000,2026,9996100338,9996100114,59,1134
docs\inst_test\instancias\n_1000_6,300,10,15,10,0.2000,123,9996100344,9996100077,63,1134
docs\inst_test\instancias\n_1000_6,300,10,15,20,0.3000,2026,9996100344,9996100131,47,1134
docs\inst_test\instancias\n_1000_6,300,15,7,5,0.1000,42,9996100340,9996100161,47,1134
docs\inst_test\instancias\n_1000_6,300,15,7,10,0.1000,42,9996100340,9996100161,40,1134
docs\inst_test\instancias\n_1000_6,300,15,7,10,0.1000,123,9996100344,9996100077,41,1134
docs\inst_test\instancias\n_1000_6,300,15,7,10,0.1000,2026,9996100340,9996100161,39,1134
docs\inst_test\instancias\n_1000_6,300,15,7,5,0.1000,2026,9996100340,9996100161,47,1134
docs\inst_test\instancias\n_1000_6,300,15,7,5,0.2000,123,9996100344,9996100077,47,1134
docs\inst_test\instancias\n_1000_6,300,15,7,10,0.3000,42,9996100342,9996100137,40,1134
docs\inst_test\instancias\n_1000_6,300,15,7,5,0.3000,2026,9996100344,9996100131,47,1134
docs\inst_test\instancias\n_1000_6,300,15,7,10,0.3000,2026,9996100344,9996100131,38,1134
docs\inst_test\instancias\n_1000_6,300,15,7,20,0.1000,42,9996100338,9996100114,37,1134
docs\inst_test\instancias\n_1000_6,300,15,7,5,0.1000,123,9996100344,9996100077,56,1134
docs\inst_test\instancias\n_1000_6,300,15,7,20,0.2000,123,9996100338,9996100114,36,1134
docs\inst_test\instancias\n_1000_6,300,15,7,20,0.2000,42,9996100341,9996100155,38,1134
docs\inst_test\instancias\n_1000_6,300,15,7,10,0.2000,42,9996100341,9996100155,47,1134
docs\inst_test\instancias\n_1000_6,300,15,7,20,0.1000,2026,9996100338,9996100114,39,1134
docs\inst_test\instancias\n_1000_6,300,15,7,5,0.2000,42,9996100342,9996100137,58,1134
docs\inst_test\instancias\n_1000_6,300,15,7,5,0.3000,123,9996100344,9996100077,56,1134
docs\inst_test\instancias\n_1000_6,300,15,7,20,0.3000,42,9996100342,9996100137,36,1134
docs\inst_test\instancias\n_1000_6,300,15,7,10,0.2000,123,9996100344,9996100077,55,1134
docs\inst_test\instancias\n_1000_6,300,15,7,10,0.2000,2026,9996100340,9996100107,54,1134
docs\inst_test\instancias\n_1000_6,300,15,7,5,0.3000,42,9996100342,9996100137,61,1134
docs\inst_test\instancias\n_1000_6,300,15,7,10,0.3000,123,9996100344,9996100077,55,1134
docs\inst_test\instancias\n_1000_6,300,15,7,20,0.3000,123,9996100338,9996100114,41,1134
docs\inst_test\instancias\n_1000_6,300,15,7,5,0.2000,2026,9996100340,9996100107,66,1134
docs\inst_test\instancias\n_1000_6,300,15,7,20,0.2000,2026,9996100338,9996100114,49,1134
docs\inst_test\instancias\n_1000_6,300,15,7,20,0.1000,123,9996100338,9996100114,58,1134
docs\inst_test\instancias\n_1000_6,300,15,10,5,0.1000,42,9996100340,9996100161,39,1134
docs\inst_test\instancias\n_1000_6,300,15,10,5,0.1000,123,9996100344,9996100077,41,1134
docs\inst_test\instancias\n_1000_6,300,15,7,20,0.3000,2026,9996100344,9996100131,51,1134
docs\inst_test\instancias\n_1000_6,300,15,10,10,0.2000,123,9996100344,9996100077,35,1134
docs\inst_test\instancias\n_1000_6,300,15,10,5,0.1000,2026,9996100340,9996100161,47,1134
docs\inst_test\instancias\n_1000_6,300,15,10,5,0.3000,42,9996100342,9996100137,43,1134
docs\inst_test\instancias\n_1000_6,300,15,10,5,0.2000,123,9996100344,9996100077,46,1134
docs\inst_test\instancias\n_1000_6,300,15,10,10,0.1000,42,9996100340,9996100161,45,1134
docs\inst_test\instancias\n_1000_6,300,15,10,5,0.3000,123,9996100344,9996100077,46,1134
docs\inst_test\instancias\n_1000_6,300,15,10,10,0.2000,42,9996100341,9996100155,42,1134
docs\inst_test\instancias\n_1000_6,300,15,10,10,0.1000,123,9996100344,9996100077,43,1134
docs\inst_test\instancias\n_1000_6,300,15,10,10,0.2000,2026,9996100340,9996100107,43,1134
docs\inst_test\instancias\n_1000_6,300,15,10,20,0.2000,2026,9996100338,9996100114,35,1134
docs\inst_test\instancias\n_1000_6,300,15,10,10,0.3000,2026,9996100344,9996100131,41,1134
docs\inst_test\instancias\n_1000_6,300,15,10,5,0.3000,2026,9996100344,9996100131,52,1134
docs\inst_test\instancias\n_1000_6,300,15,10,20,0.2000,42,9996100341,9996100155,37,1134
docs\inst_test\instancias\n_1000_6,300,15,10,5,0.2000,42,9996100342,9996100137,60,1134
docs\inst_test\instancias\n_1000_6,300,15,10,10,0.1000,2026,9996100340,9996100161,51,1134
docs\inst_test\instancias\n_1000_6,300,15,10,10,0.3000,123,9996100344,9996100077,47,1134
docs\inst_test\instancias\n_1000_6,300,15,10,20,0.1000,2026,9996100338,9996100114,44,1134
docs\inst_test\instancias\n_1000_6,300,15,10,5,0.2000,2026,9996100340,9996100107,60,1134
docs\inst_test\instancias\n_1000_6,300,15,10,20,0.2000,123,9996100338,9996100114,47,1134
docs\inst_test\instancias\n_1000_6,300,15,10,10,0.3000,42,9996100342,9996100137,56,1134
docs\inst_test\instancias\n_1000_6,300,15,10,20,0.1000,123,9996100338,9996100114,52,1134
docs\inst_test\instancias\n_1000_6,300,15,10,20,0.3000,2026,9996100344,9996100131,38,1134
docs\inst_test\instancias\n_1000_6,300,15,10,20,0.1000,42,9996100338,9996100114,55,1134
docs\inst_test\instancias\n_1000_6,300,15,10,20,0.3000,123,9996100338,9996100114,47,1134
docs\inst_test\instancias\n_1000_6,300,15,10,20,0.3000,42,9996100342,9996100137,51,1134
docs\inst_test\instancias\n_1000_6,300,15,15,5,0.1000,42,9996100340,9996100161,40,1134
docs\inst_test\instancias\n_1000_6,300,15,15,5,0.1000,2026,9996100340,9996100161,39,1134
docs\inst_test\instancias\n_1000_6,300,15,15,5,0.2000,123,9996100344,9996100077,37,1134
docs\inst_test\instancias\n_1000_6,300,15,15,5,0.2000,2026,9996100340,9996100107,40,1134
docs\inst_test\instancias\n_1000_6,300,15,15,10,0.3000,42,9996100342,9996100137,32,1134
docs\inst_test\instancias\n_1000_6,300,15,15,5,0.1000,123,9996100344,9996100077,48,1134
docs\inst_test\instancias\n_1000_6,300,15,15,10,0.1000,42,9996100340,9996100161,45,1134
docs\inst_test\instancias\n_1000_6,300,15,15,20,0.1000,42,9996100338,9996100114,36,1134
docs\inst_test\instancias\n_1000_6,300,15,15,10,0.2000,123,9996100344,9996100077,40,1134
docs\inst_test\instancias\n_1000_6,300,15,15,5,0.3000,123,9996100344,9996100077,49,1134
docs\inst_test\instancias\n_1000_6,300,15,15,5,0.3000,2026,9996100344,9996100131,49,1134
docs\inst_test\instancias\n_1000_6,300,15,15,10,0.1000,2026,9996100340,9996100161,47,1134
docs\inst_test\instancias\n_1000_6,300,15,15,20,0.2000,42,9996100341,9996100155,34,1134
docs\inst_test\instancias\n_1000_6,300,15,15,20,0.3000,2026,9996100344,9996100131,28,1134
docs\inst_test\instancias\n_1000_6,300,15,15,10,0.1000,123,9996100344,9996100077,57,1134
docs\inst_test\instancias\n_1000_6,300,15,15,5,0.2000,42,9996100342,9996100137,63,1134
docs\inst_test\instancias\n_1000_6,300,15,15,20,0.3000,42,9996100342,9996100137,37,1134
docs\inst_test\instancias\n_1000_6,300,15,15,10,0.3000,2026,9996100344,9996100131,50,1134
docs\inst_test\instancias\n_1000_6,300,15,15,10,0.2000,2026,9996100340,9996100107,56,1134
docs\inst_test\instancias\n_1000_6,300,15,15,20,0.1000,123,9996100338,9996100114,52,1134
docs\inst_test\instancias\n_1000_6,300,15,15,10,0.2000,42,9996100341,9996100155,60,1134
docs\inst_test\instancias\n_1000_6,300,15,15,5,0.3000,42,9996100342,9996100137,66,1134
docs\inst_test\instancias\n_1000_6,300,20,7,5,0.1000,42,9996100340,9996100161,40,1134
docs\inst_test\instancias\n_1000_6,300,15,15,10,0.3000,123,9996100344,9996100077,60,1134
docs\inst_test\instancias\n_1000_6,300,15,15,20,0.2000,123,9996100338,9996100114,57,1134
docs\inst_test\instancias\n_1000_6,300,20,7,5,0.1000,2026,9996100340,9996100161,44,1134
docs\inst_test\instancias\n_1000_6,300,15,15,20,0.2000,2026,9996100338,9996100114,56,1134
docs\inst_test\instancias\n_1000_6,300,15,15,20,0.1000,2026,9996100338,9996100114,61,1134
docs\inst_test\instancias\n_1000_6,300,20,7,5,0.1000,123,9996100344,9996100077,47,1134
docs\inst_test\instancias\n_1000_6,300,20,7,5,0.2000,42,9996100342,9996100137,46,1134
docs\inst_test\instancias\n_1000_6,300,20,7,5,0.2000,123,9996100344,9996100077,44,1134
docs\inst_test\instancias\n_1000_6,300,15,15,20,0.3000,123,9996100338,9996100114,61,1134
docs\inst_test\instancias\n_1000_6,300,20,7,5,0.3000,42,9996100342,9996100137,44,1134
docs\inst_test\instancias\n_1000_6,300,20,7,5,0.2000,2026,9996100340,9996100107,49,1134
docs\inst_test\instancias\n_1000_6,300,20,7,10,0.2000,42,9996100341,9996100155,39,1134
docs\inst_test\instancias\n_1000_6,300,20,7,5,0.3000,2026,9996100344,9996100131,47,1134
docs\inst_test\instancias\n_1000_6,300,20,7,10,0.1000,123,9996100344,9996100077,45,1134
docs\inst_test\instancias\n_1000_6,300,20,7,10,0.3000,2026,9996100344,9996100131,35,1134
docs\inst_test\instancias\n_1000_6,300,20,7,10,0.3000,42,9996100342,9996100137,39,1134
docs\inst_test\instancias\n_1000_6,300,20,7,10,0.1000,2026,9996100340,9996100161,46,1134
docs\inst_test\instancias\n_1000_6,300,20,7,5,0.3000,123,9996100344,9996100077,52,1134
docs\inst_test\instancias\n_1000_6,300,20,7,10,0.3000,123,9996100344,9996100077,40,1134
docs\inst_test\instancias\n_1000_6,300,20,7,20,0.1000,123,9996100338,9996100114,38,1134
docs\inst_test\instancias\n_1000_6,300,20,7,20,0.2000,2026,9996100338,9996100114,34,1134
docs\inst_test\instancias\n_1000_6,300,20,7,20,0.2000,123,9996100338,9996100114,36,1134
docs\inst_test\instancias\n_1000_6,300,20,7,10,0.1000,42,9996100340,9996100161,60,1134
docs\inst_test\instancias\n_1000_6,300,20,7,10,0.2000,2026,9996100340,9996100107,51,1134
docs\inst_test\instancias\n_1000_6,300,20,7,10,0.2000,123,9996100344,9996100077,56,1134
docs\inst_test\instancias\n_1000_6,300,20,7,20,0.2000,42,9996100341,9996100155,48,1134
docs\inst_test\instancias\n_1000_6,300,20,7,20,0.3000,123,9996100338,9996100114,37,1134
docs\inst_test\instancias\n_1000_6,300,20,7,20,0.1000,42,9996100338,9996100114,54,1134
docs\inst_test\instancias\n_1000_6,300,20,7,20,0.1000,2026,9996100338,9996100114,53,1134
docs\inst_test\instancias\n_1000_6,300,20,10,5,0.1000,2026,9996100340,9996100161,41,1134
docs\inst_test\instancias\n_1000_6,300,20,10,5,0.1000,42,9996100340,9996100161,46,1134
docs\inst_test\instancias\n_1000_6,300,20,10,5,0.1000,123,9996100344,9996100077,47,1134
docs\inst_test\instancias\n_1000_6,300,20,7,20,0.3000,42,9996100342,9996100137,51,1134
docs\inst_test\instancias\n_1000_6,300,20,10,5,0.2000,123,9996100344,9996100077,45,1134
docs\inst_test\instancias\n_1000_6,300,20,10,10,0.1000,42,9996100340,9996100161,35,1134
docs\inst_test\instancias\n_1000_6,300,20,10,5,0.2000,42,9996100342,9996100137,53,1134
docs\inst_test\instancias\n_1000_6,300,20,7,20,0.3000,2026,9996100344,9996100131,58,1134
docs\inst_test\instancias\n_1000_6,300,20,10,5,0.2000,2026,9996100340,9996100107,48,1134
docs\inst_test\instancias\n_1000_6,300,20,10,5,0.3000,42,9996100342,9996100137,49,1134
docs\inst_test\instancias\n_1000_6,300,20,10,10,0.2000,2026,9996100340,9996100107,40,1134
docs\inst_test\instancias\n_1000_6,300,20,10,5,0.3000,2026,9996100344,9996100131,47,1134
docs\inst_test\instancias\n_1000_6,300,20,10,20,0.1000,123,9996100338,9996100114,32,1134
docs\inst_test\instancias\n_1000_6,300,20,10,20,0.1000,42,9996100338,9996100114,32,1134
docs\inst_test\instancias\n_1000_6,300,20,10,10,0.3000,42,9996100342,9996100137,40,1134
docs\inst_test\instancias\n_1000_6,300,20,10,10,0.1000,2026,9996100340,9996100161,47,1134
docs\inst_test\instancias\n_1000_6,300,20,10,20,0.1000,2026,9996100338,9996100114,38,1134
docs\inst_test\instancias\n_1000_6,300,20,10,20,0.2000,123,9996100338,9996100114,37,1134
docs\inst_test\instancias\n_1000_6,300,20,10,20,0.2000,2026,9996100338,9996100114,35,1134
docs\inst_test\instancias\n_1000_6,300,20,10,10,0.1000,123,9996100344,9996100077,59,1134
docs\inst_test\instancias\n_1000_6,300,20,10,10,0.3000,123,9996100344,9996100077,52,1134
docs\inst_test\instancias\n_1000_6,300,20,10,5,0.3000,123,9996100344,9996100077,64,1134
docs\inst_test\instancias\n_1000_6,300,20,10,10,0.2000,42,9996100341,9996100155,59,1134
docs\inst_test\instancias\n_1000_6,300,20,10,10,0.2000,123,9996100344,9996100077,59,1134
docs\inst_test\instancias\n_1000_6,300,20,10,20,0.3000,123,9996100338,9996100114,36,1134
docs\inst_test\instancias\n_1000_6,300,20,10,20,0.3000,42,9996100342,9996100137,42,1134
docs\inst_test\instancias\n_1000_6,300,20,10,20,0.2000,42,9996100341,9996100155,51,1134
docs\inst_test\instancias\n_1000_6,300,20,10,10,0.3000,2026,9996100344,9996100131,62,1134
docs\inst_test\instancias\n_1000_6,300,20,10,20,0.3000,2026,9996100344,9996100131,41,1134
docs\inst_test\instancias\n_1000_6,300,20,15,5,0.2000,123,9996100344,9996100077,32,1134
docs\inst_test\instancias\n_1000_6,300,20,15,5,0.1000,42,9996100340,9996100161,47,1134
docs\inst_test\instancias\n_1000_6,300,20,15,5,0.2000,42,9996100342,9996100137,45,1134
docs\inst_test\instancias\n_1000_6,300,20,15,10,0.1000,123,9996100344,9996100077,35,1134
docs\inst_test\instancias\n_1000_6,300,20,15,10,0.1000,42,9996100340,9996100161,39,1134
docs\inst_test\instancias\n_1000_6,300,20,15,10,0.2000,42,9996100341,9996100155,40,1134
docs\inst_test\instancias\n_1000_6,300,20,15,5,0.1000,2026,9996100340,9996100161,51,1134
docs\inst_test\instancias\n_1000_6,300,20,15,5,0.3000,2026,9996100344,9996100131,46,1134
docs\inst_test\instancias\n_1000_6,300,20,15,10,0.2000,2026,9996100340,9996100107,38,1134
docs\inst_test\instancias\n_1000_6,300,20,15,5,0.2000,2026,9996100340,9996100107,52,1134
docs\inst_test\instancias\n_1000_6,300,20,15,20,0.1000,42,9996100338,9996100114,37,1134
docs\inst_test\instancias\n_1000_6,300,20,15,10,0.3000,42,9996100342,9996100137,40,1134
docs\inst_test\instancias\n_1000_6,300,20,15,20,0.2000,42,9996100341,9996100155,35,1134
docs\inst_test\instancias\n_1000_6,300,20,15,20,0.2000,2026,9996100338,9996100114,33,1134
docs\inst_test\instancias\n_1000_6,300,20,15,5,0.1000,123,9996100344,9996100077,68,1134
docs\inst_test\instancias\n_1000_6,300,20,15,10,0.2000,123,9996100344,9996100077,51,1134
docs\inst_test\instancias\n_1000_6,300,20,15,5,0.3000,123,9996100344,9996100077,58,1134
docs\inst_test\instancias\n_1000_6,300,20,15,10,0.1000,2026,9996100340,9996100161,59,1134
docs\inst_test\instancias\n_1000_6,300,20,15,20,0.1000,2026,9996100338,9996100114,44,1134
docs\inst_test\instancias\n_1000_6,300,20,15,20,0.1000,123,9996100338,9996100114,48,1134
docs\inst_test\instancias\n_1000_6,300,20,15,5,0.3000,42,9996100342,9996100137,65,1134
docs\inst_test\instancias\n_1000_6,300,20,15,10,0.3000,2026,9996100344,9996100131,52,1134
docs\inst_test\instancias\n_1000_6,300,20,15,20,0.2000,123,9996100338,9996100114,49,1134
docs\inst_test\instancias\n_1000_6,300,20,15,20,0.3000,123,9996100338,9996100114,46,1134
docs\inst_test\instancias\n_1000_6,300,20,15,10,0.3000,123,9996100344,9996100077,60,1134
docs\inst_test\instancias\n_1000_6,300,20,15,20,0.3000,42,9996100342,9996100137,52,1134
docs\inst_test\instancias\n_1000_6,300,20,15,20,0.3000,2026,9996100344,9996100131,52,1134
docs\inst_test\instancias\n_1000_6,500,10,7,5,0.2000,42,9996100344,9996100110,70,1134
docs\inst_test\instancias\n_1000_6,500,10,7,10,0.2000,42,9996100341,9996100155,60,1134
docs\inst_test\instancias\n_1000_6,500,10,7,5,0.1000,123,9996100344,9996100077,80,1134
docs\inst_test\instancias\n_1000_6,500,10,7,5,0.3000,2026,9996100344,9996100131,69,1134
docs\inst_test\instancias\n_1000_6,500,10,7,10,0.1000,2026,9996100340,9996100161,65,1134
docs\inst_test\instancias\n_1000_6,500,10,7,10,0.1000,123,9996100344,9996100077,66,1134
docs\inst_test\instancias\n_1000_6,500,10,7,5,0.2000,123,9996100344,9996100077,79,1134
docs\inst_test\instancias\n_1000_6,500,10,7,10,0.2000,123,9996100344,9996100077,69,1134
docs\inst_test\instancias\n_1000_6,500,10,7,5,0.3000,42,9996100344,9996100110,83,1134
docs\inst_test\instancias\n_1000_6,500,10,7,5,0.3000,123,9996100344,9996100077,79,1134
docs\inst_test\instancias\n_1000_6,500,10,7,5,0.1000,42,9996100340,9996100161,97,1134
docs\inst_test\instancias\n_1000_6,500,10,7,20,0.2000,123,9996100338,9996100114,58,1134
docs\inst_test\instancias\n_1000_6,500,10,7,20,0.1000,42,9996100338,9996100114,65,1134
docs\inst_test\instancias\n_1000_6,500,10,7,20,0.1000,2026,9996100340,9996100161,63,1134
docs\inst_test\instancias\n_1000_6,500,10,7,10,0.3000,42,9996100342,9996100137,72,1134
docs\inst_test\instancias\n_1000_6,500,10,7,20,0.1000,123,9996100338,9996100114,67,1134
docs\inst_test\instancias\n_1000_6,500,10,7,5,0.2000,2026,9996100340,9996100107,89,1134
docs\inst_test\instancias\n_1000_6,500,10,7,20,0.2000,2026,9996100340,9996100107,59,1134
docs\inst_test\instancias\n_1000_6,500,10,7,10,0.1000,42,9996100340,9996100161,85,1134
docs\inst_test\instancias\n_1000_6,500,10,7,5,0.1000,2026,9996100340,9996100161,100,1134
docs\inst_test\instancias\n_1000_6,500,10,7,10,0.3000,2026,9996100344,9996100131,75,1134
docs\inst_test\instancias\n_1000_6,500,10,7,10,0.2000,2026,9996100340,9996100107,79,1134
docs\inst_test\instancias\n_1000_6,500,10,7,20,0.2000,42,9996100341,9996100155,69,1134
docs\inst_test\instancias\n_1000_6,500,10,7,20,0.3000,2026,9996100344,9996100131,63,1134
docs\inst_test\instancias\n_1000_6,500,10,7,10,0.3000,123,9996100344,9996100077,83,1134
docs\inst_test\instancias\n_1000_6,500,10,7,20,0.3000,42,9996100342,9996100137,75,1134
docs\inst_test\instancias\n_1000_6,500,10,7,20,0.3000,123,9996100338,9996100114,71,1134
docs\inst_test\instancias\n_1000_6,500,10,10,20,0.1000,2026,9996100340,9996100161,42,1134
docs\inst_test\instancias\n_1000_6,500,10,10,5,0.1000,42,9996100340,9996100161,74,1134
docs\inst_test\instancias\n_1000_6,500,10,10,5,0.2000,42,9996100344,9996100110,65,1134
docs\inst_test\instancias\n_1000_6,500,10,10,5,0.3000,42,9996100344,9996100110,61,1134
docs\inst_test\instancias\n_1000_6,500,10,10,10,0.2000,123,9996100344,9996100077,57,1134
docs\inst_test\instancias\n_1000_6,500,10,10,5,0.1000,123,9996100344,9996100077,71,1134
docs\inst_test\instancias\n_1000_6,500,10,10,10,0.1000,2026,9996100340,9996100161,57,1134
docs\inst_test\instancias\n_1000_6,500,10,10,5,0.2000,123,9996100344,9996100077,69,1134
docs\inst_test\instancias\n_1000_6,500,10,10,5,0.1000,2026,9996100340,9996100161,71,1134
docs\inst_test\instancias\n_1000_6,500,10,10,5,0.3000,2026,9996100344,9996100131,62,1134
docs\inst_test\instancias\n_1000_6,500,10,10,20,0.1000,123,9996100338,9996100114,52,1134
docs\inst_test\instancias\n_1000_6,500,10,10,5,0.2000,2026,9996100340,9996100107,70,1134
docs\inst_test\instancias\n_1000_6,500,10,10,20,0.1000,42,9996100338,9996100114,55,1134
docs\inst_test\instancias\n_1000_6,500,10,10,10,0.3000,123,9996100344,9996100077,57,1134
docs\inst_test\instancias\n_1000_6,500,10,10,10,0.3000,42,9996100342,9996100137,59,1134
docs\inst_test\instancias\n_1000_6,500,10,10,10,0.1000,42,9996100340,9996100161,65,1134
docs\inst_test\instancias\n_1000_6,500,10,10,10,0.1000,123,9996100344,9996100077,65,1134
docs\inst_test\instancias\n_1000_6,500,10,10,10,0.2000,42,9996100341,9996100155,64,1134
docs\inst_test\instancias\n_1000_6,500,10,10,10,0.2000,2026,9996100340,9996100107,65,1134
docs\inst_test\instancias\n_1000_6,500,10,10,20,0.2000,42,9996100341,9996100155,58,1134
docs\inst_test\instancias\n_1000_6,500,10,10,20,0.2000,123,9996100338,9996100114,58,1134
docs\inst_test\instancias\n_1000_6,500,10,10,10,0.3000,2026,9996100344,9996100131,63,1134
docs\inst_test\instancias\n_1000_6,500,10,10,5,0.3000,123,9996100344,9996100077,72,1134
docs\inst_test\instancias\n_1000_6,500,10,10,20,0.2000,2026,9996100340,9996100107,57,1134
docs\inst_test\instancias\n_1000_6,500,10,10,20,0.3000,123,9996100338,9996100114,55,1134
docs\inst_test\instancias\n_1000_6,500,10,10,20,0.3000,2026,9996100344,9996100131,54,1134
docs\inst_test\instancias\n_1000_6,500,10,10,20,0.3000,42,9996100342,9996100137,62,1134
docs\inst_test\instancias\n_1000_6,500,10,15,10,0.1000,123,9996100344,9996100077,47,1134
docs\inst_test\instancias\n_1000_6,500,10,15,20,0.2000,123,9996100338,9996100114,50,1134
docs\inst_test\instancias\n_1000_6,500,10,15,10,0.3000,123,9996100344,9996100077,56,1134
docs\inst_test\instancias\n_1000_6,500,10,15,20,0.2000,42,9996100341,9996100155,52,1134
docs\inst_test\instancias\n_1000_6,500,10,15,20,0.1000,2026,9996100340,9996100161,53,1134
docs\inst_test\instancias\n_1000_6,500,10,15,5,0.3000,123,9996100344,9996100077,62,1134
docs\inst_test\instancias\n_1000_6,500,10,15,10,0.1000,42,9996100340,9996100161,61,1134
docs\inst_test\instancias\n_1000_6,500,10,15,20,0.1000,42,9996100338,9996100114,55,1134
docs\inst_test\instancias\n_1000_6,500,10,15,5,0.1000,42,9996100340,9996100161,71,1134
docs\inst_test\instancias\n_1000_6,500,10,15,5,0.2000,42,9996100344,9996100110,68,1134
docs\inst_test\instancias\n_1000_6,500,10,15,5,0.1000,123,9996100344,9996100077,69,1134
docs\inst_test\instancias\n_1000_6,500,10,15,10,0.2000,2026,9996100340,9996100107,60,1134
docs\inst_test\instancias\n_1000_6,500,10,15,10,0.2000,123,9996100344,9996100077,61,1134
docs\inst_test\instancias\n_1000_6,500,10,15,10,0.3000,2026,9996100344,9996100131,59,1134
docs\inst_test\instancias\n_1000_6,500,10,15,20,0.1000,123,9996100338,9996100114,56,1134
docs\inst_test\instancias\n_1000_6,500,10,15,5,0.1000,2026,9996100340,9996100161,71,1134
docs\inst_test\instancias\n_1000_6,500,10,15,10,0.2000,42,9996100341,9996100155,63,1134
docs\inst_test\instancias\n_1000_6,500,10,15,10,0.1000,2026,9996100340,9996100161,64,1134
docs\inst_test\instancias\n_1000_6,500,10,15,5,0.3000,42,9996100344,9996100110,68,1134
docs\inst_test\instancias\n_1000_6,500,10,15,20,0.3000,2026,9996100344,9996100131,49,1134
docs\inst_test\instancias\n_1000_6,500,10,15,10,0.3000,42,9996100342,9996100137,62,1134
docs\inst_test\instancias\n_1000_6,500,10,15,5,0.2000,2026,9996100340,9996100107,70,1134
docs\inst_test\instancias\n_1000_6,500,10,15,5,0.2000,123,9996100344,9996100077,71,1134
docs\inst_test\instancias\n_1000_6,500,10,15,5,0.3000,2026,9996100344,9996100131,69,1134
docs\inst_test\instancias\n_1000_6,500,10,15,20,0.3000,42,9996100342,9996100137,56,1134
docs\inst_test\instancias\n_1000_6,500,10,15,20,0.3000,123,9996100338,9996100114,57,1134
docs\inst_test\instancias\n_1000_6,500,10,15,20,0.2000,2026,9996100340,9996100107,62,1134
docs\inst_test\instancias\n_1000_6,500,15,7,5,0.1000,42,9996100340,9996100161,69,1134
docs\inst_test\instancias\n_1000_6,500,15,7,20,0.1000,2026,9996100340,9996100161,52,1134
docs\inst_test\instancias\n_1000_6,500,15,7,5,0.1000,123,9996100344,9996100077,61,1134
docs\inst_test\instancias\n_1000_6,500,15,7,20,0.2000,123,9996100338,9996100114,51,1134
docs\inst_test\instancias\n_1000_6,500,15,7,10,0.2000,42,9996100341,9996100155,58,1134
docs\inst_test\instancias\n_1000_6,500,15,7,10,0.1000,42,9996100340,9996100161,59,1134
docs\inst_test\instancias\n_1000_6,500,15,7,20,0.2000,2026,9996100340,9996100107,53,1134
docs\inst_test\instancias\n_1000_6,500,15,7,20,0.2000,42,9996100341,9996100155,54,1134
docs\inst_test\instancias\n_1000_6,500,15,7,20,0.1000,123,9996100338,9996100114,58,1134
docs\inst_test\instancias\n_1000_6,500,15,7,10,0.2000,2026,9996100340,9996100107,60,1134
docs\inst_test\instancias\n_1000_6,500,15,7,20,0.1000,42,9996100338,9996100114,59,1134
docs\inst_test\instancias\n_1000_6,500,15,7,10,0.3000,2026,9996100344,9996100131,59,1134
docs\inst_test\instancias\n_1000_6,500,15,7,10,0.1000,123,9996100344,9996100077,62,1134
docs\inst_test\instancias\n_1000_6,500,15,7,10,0.3000,42,9996100342,9996100137,60,1134
docs\inst_test\instancias\n_1000_6,500,15,7,20,0.3000,2026,9996100344,9996100131,52,1134
docs\inst_test\instancias\n_1000_6,500,15,7,10,0.1000,2026,9996100340,9996100161,63,1134
docs\inst_test\instancias\n_1000_6,500,15,7,20,0.3000,42,9996100342,9996100137,55,1134
docs\inst_test\instancias\n_1000_6,500,15,7,5,0.3000,42,9996100344,9996100110,66,1134
docs\inst_test\instancias\n_1000_6,500,15,7,5,0.3000,123,9996100344,9996100077,67,1134
docs\inst_test\instancias\n_1000_6,500,15,7,10,0.2000,123,9996100344,9996100077,65,1134
docs\inst_test\instancias\n_1000_6,500,15,7,10,0.3000,123,9996100344,9996100077,63,1134
docs\inst_test\instancias\n_1000_6,500,15,7,5,0.1000,2026,9996100340,9996100161,70,1134
docs\inst_test\instancias\n_1000_6,500,15,7,5,0.2000,123,9996100344,9996100077,70,1134
docs\inst_test\instancias\n_1000_6,500,15,7,5,0.2000,2026,9996100340,9996100107,69,1134
docs\inst_test\instancias\n_1000_6,500,15,7,5,0.2000,42,9996100344,9996100110,72,1134
docs\inst_test\instancias\n_1000_6,500,15,7,20,0.3000,123,9996100338,9996100114,61,1134
docs\inst_test\instancias\n_1000_6,500,15,7,5,0.3000,2026,9996100344,9996100131,72,1134
docs\inst_test\instancias\n_1000_6,500,15,10,5,0.3000,42,9996100344,9996100110,53,1134
docs\inst_test\instancias\n_1000_6,500,15,10,10,0.3000,2026,9996100344,9996100131,47,1134
docs\inst_test\instancias\n_1000_6,500,15,10,20,0.1000,42,9996100338,9996100114,51,1134
docs\inst_test\instancias\n_1000_6,500,15,10,20,0.3000,2026,9996100344,9996100131,47,1134
docs\inst_test\instancias\n_1000_6,500,15,10,10,0.1000,2026,9996100340,9996100161,56,1134
docs\inst_test\instancias\n_1000_6,500,15,10,5,0.1000,2026,9996100340,9996100161,62,1134
docs\inst_test\instancias\n_1000_6,500,15,10,10,0.2000,2026,9996100340,9996100107,57,1134
docs\inst_test\instancias\n_1000_6,500,15,10,10,0.1000,42,9996100340,9996100161,59,1134
docs\inst_test\instancias\n_1000_6,500,15,10,5,0.1000,42,9996100340,9996100161,67,1134
docs\inst_test\instancias\n_1000_6,500,15,10,20,0.1000,123,9996100338,9996100114,57,1134
docs\inst_test\instancias\n_1000_6,500,15,10,10,0.1000,123,9996100344,9996100077,62,1134
docs\inst_test\instancias\n_1000_6,500,15,10,20,0.2000,42,9996100341,9996100155,57,1134
docs\inst_test\instancias\n_1000_6,500,15,10,10,0.2000,42,9996100341,9996100155,62,1134
docs\inst_test\instancias\n_1000_6,500,15,10,20,0.3000,42,9996100342,9996100137,55,1134
docs\inst_test\instancias\n_1000_6,500,15,10,10,0.3000,123,9996100344,9996100077,62,1134
docs\inst_test\instancias\n_1000_6,500,15,10,5,0.2000,42,9996100344,9996100110,68,1134
docs\inst_test\instancias\n_1000_6,500,15,10,10,0.2000,123,9996100344,9996100077,63,1134
docs\inst_test\instancias\n_1000_6,500,15,10,20,0.1000,2026,9996100340,9996100161,60,1134
docs\inst_test\instancias\n_1000_6,500,15,10,5,0.3000,123,9996100344,9996100077,68,1134
docs\inst_test\instancias\n_1000_6,500,15,10,10,0.3000,42,9996100342,9996100137,64,1134
docs\inst_test\instancias\n_1000_6,500,15,10,5,0.1000,123,9996100344,9996100077,72,1134
docs\inst_test\instancias\n_1000_6,500,15,10,5,0.2000,2026,9996100340,9996100107,69,1134
docs\inst_test\instancias\n_1000_6,500,15,10,5,0.2000,123,9996100344,9996100077,69,1134
docs\inst_test\instancias\n_1000_6,500,15,10,20,0.3000,123,9996100338,9996100114,59,1134
docs\inst_test\instancias\n_1000_6,500,15,10,20,0.2000,123,9996100338,9996100114,62,1134
docs\inst_test\instancias\n_1000_6,500,15,10,20,0.2000,2026,9996100340,9996100107,62,1134
docs\inst_test\instancias\n_1000_6,500,15,10,5,0.3000,2026,9996100344,9996100131,69,1134
docs\inst_test\instancias\n_1000_6,500,15,15,10,0.3000,123,9996100344,9996100077,51,1134
docs\inst_test\instancias\n_1000_6,500,15,15,10,0.2000,42,9996100341,9996100155,53,1134
docs\inst_test\instancias\n_1000_6,500,15,15,5,0.1000,123,9996100344,9996100077,66,1134
docs\inst_test\instancias\n_1000_6,500,15,15,5,0.2000,2026,9996100340,9996100107,59,1134
docs\inst_test\instancias\n_1000_6,500,15,15,20,0.2000,123,9996100338,9996100114,51,1134
docs\inst_test\instancias\n_1000_6,500,15,15,20,0.3000,123,9996100338,9996100114,50,1134
docs\inst_test\instancias\n_1000_6,500,15,15,5,0.3000,42,9996100344,9996100110,61,1134
docs\inst_test\instancias\n_1000_6,500,15,15,10,0.3000,42,9996100342,9996100137,55,1134
docs\inst_test\instancias\n_1000_6,500,15,15,5,0.1000,42,9996100340,9996100161,69,1134
docs\inst_test\instancias\n_1000_6,500,15,15,10,0.1000,2026,9996100340,9996100161,57,1134
docs\inst_test\instancias\n_1000_6,500,15,15,20,0.2000,42,9996100341,9996100155,54,1134
docs\inst_test\instancias\n_1000_6,500,15,15,10,0.2000,123,9996100344,9996100077,58,1134
docs\inst_test\instancias\n_1000_6,500,15,15,20,0.3000,42,9996100342,9996100137,54,1134
docs\inst_test\instancias\n_1000_6,500,15,15,20,0.1000,2026,9996100340,9996100161,56,1134
docs\inst_test\instancias\n_1000_6,500,15,15,10,0.1000,42,9996100340,9996100161,63,1134
docs\inst_test\instancias\n_1000_6,500,15,15,20,0.1000,42,9996100338,9996100114,60,1134
docs\inst_test\instancias\n_1000_6,500,15,15,10,0.2000,2026,9996100340,9996100107,61,1134
docs\inst_test\instancias\n_1000_6,500,15,15,10,0.1000,123,9996100344,9996100077,63,1134
docs\inst_test\instancias\n_1000_6,500,15,15,20,0.2000,2026,9996100340,9996100107,58,1134
docs\inst_test\instancias\n_1000_6,500,15,15,5,0.1000,2026,9996100340,9996100161,71,1134
docs\inst_test\instancias\n_1000_6,500,15,15,5,0.2000,123,9996100344,9996100077,70,1134
docs\inst_test\instancias\n_1000_6,500,15,15,5,0.2000,42,9996100344,9996100110,70,1134
docs\inst_test\instancias\n_1000_6,500,15,15,10,0.3000,2026,9996100344,9996100131,63,1134
docs\inst_test\instancias\n_1000_6,500,15,15,20,0.1000,123,9996100338,9996100114,61,1134
docs\inst_test\instancias\n_1000_6,500,15,15,5,0.3000,2026,9996100344,9996100131,66,1134
docs\inst_test\instancias\n_1000_6,500,15,15,20,0.3000,2026,9996100344,9996100131,61,1134
docs\inst_test\instancias\n_1000_6,500,15,15,5,0.3000,123,9996100344,9996100077,72,1134
docs\inst_test\instancias\n_1000_6,500,20,7,5,0.2000,2026,9996100340,9996100107,47,1134
docs\inst_test\instancias\n_1000_6,500,20,7,20,0.3000,2026,9996100344,9996100131,46,1134
docs\inst_test\instancias\n_1000_6,500,20,7,20,0.1000,42,9996100338,9996100114,52,1134
docs\inst_test\instancias\n_1000_6,500,20,7,20,0.3000,123,9996100338,9996100114,48,1134
docs\inst_test\instancias\n_1000_6,500,20,7,10,0.1000,42,9996100340,9996100161,59,1134
docs\inst_test\instancias\n_1000_6,500,20,7,10,0.1000,2026,9996100340,9996100161,59,1134
docs\inst_test\instancias\n_1000_6,500,20,7,10,0.1000,123,9996100344,9996100077,60,1134
docs\inst_test\instancias\n_1000_6,500,20,7,10,0.2000,123,9996100344,9996100077,60,1134
docs\inst_test\instancias\n_1000_6,500,20,7,20,0.1000,2026,9996100340,9996100161,56,1134
docs\inst_test\instancias\n_1000_6,500,20,7,20,0.2000,42,9996100341,9996100155,56,1134
docs\inst_test\instancias\n_1000_6,500,20,7,20,0.3000,42,9996100342,9996100137,55,1134
docs\inst_test\instancias\n_1000_6,500,20,7,5,0.3000,123,9996100344,9996100077,65,1134
docs\inst_test\instancias\n_1000_6,500,20,7,10,0.2000,2026,9996100340,9996100107,61,1134
docs\inst_test\instancias\n_1000_6,500,20,7,20,0.2000,123,9996100338,9996100114,58,1134
docs\inst_test\instancias\n_1000_6,500,20,7,5,0.1000,42,9996100340,9996100161,70,1134
docs\inst_test\instancias\n_1000_6,500,20,7,5,0.1000,2026,9996100340,9996100161,70,1134
docs\inst_test\instancias\n_1000_6,500,20,7,20,0.2000,2026,9996100340,9996100107,59,1134
docs\inst_test\instancias\n_1000_6,500,20,7,10,0.2000,42,9996100341,9996100155,65,1134
docs\inst_test\instancias\n_1000_6,500,20,7,10,0.3000,2026,9996100344,9996100131,61,1134
docs\inst_test\instancias\n_1000_6,500,20,7,5,0.2000,42,9996100344,9996100110,70,1134
docs\inst_test\instancias\n_1000_6,500,20,7,20,0.1000,123,9996100338,9996100114,60,1134
docs\inst_test\instancias\n_1000_6,500,20,7,5,0.1000,123,9996100344,9996100077,71,1134
docs\inst_test\instancias\n_1000_6,500,20,7,10,0.3000,123,9996100344,9996100077,63,1134
docs\inst_test\instancias\n_1000_6,500,20,7,5,0.2000,123,9996100344,9996100077,71,1134
docs\inst_test\instancias\n_1000_6,500,20,7,10,0.3000,42,9996100342,9996100137,63,1134
docs\inst_test\instancias\n_1000_6,500,20,7,5,0.3000,2026,9996100344,9996100131,71,1134
docs\inst_test\instancias\n_1000_6,500,20,7,5,0.3000,42,9996100344,9996100110,72,1134
docs\inst_test\instancias\n_1000_6,500,20,10,10,0.2000,42,9996100341,9996100155,47,1134
docs\inst_test\instancias\n_1000_6,500,20,10,5,0.1000,42,9996100340,9996100161,70,1134
docs\inst_test\instancias\n_1000_6,500,20,10,20,0.1000,2026,9996100340,9996100161,50,1134
docs\inst_test\instancias\n_1000_6,500,20,10,20,0.3000,42,9996100342,9996100137,49,1134
docs\inst_test\instancias\n_1000_6,500,20,10,20,0.2000,2026,9996100340,9996100107,50,1134
docs\inst_test\instancias\n_1000_6,500,20,10,10,0.3000,123,9996100344,9996100077,55,1134
docs\inst_test\instancias\n_1000_6,500,20,10,20,0.1000,123,9996100338,9996100114,54,1134
docs\inst_test\instancias\n_1000_6,500,20,10,10,0.2000,2026,9996100340,9996100107,56,1134
docs\inst_test\instancias\n_1000_6,500,20,10,10,0.3000,42,9996100342,9996100137,56,1134
docs\inst_test\instancias\n_1000_6,500,20,10,20,0.2000,42,9996100341,9996100155,55,1134
docs\inst_test\instancias\n_1000_6,500,20,10,20,0.3000,2026,9996100344,9996100131,53,1134
docs\inst_test\instancias\n_1000_6,500,20,10,10,0.1000,42,9996100340,9996100161,61,1134
docs\inst_test\instancias\n_1000_6,500,20,10,20,0.1000,42,9996100338,9996100114,57,1134
docs\inst_test\instancias\n_1000_6,500,20,10,10,0.1000,123,9996100344,9996100077,63,1134
docs\inst_test\instancias\n_1000_6,500,20,10,5,0.1000,2026,9996100340,9996100161,69,1134
docs\inst_test\instancias\n_1000_6,500,20,10,10,0.2000,123,9996100344,9996100077,61,1134
docs\inst_test\instancias\n_1000_6,500,20,10,5,0.2000,42,9996100344,9996100110,69,1134
docs\inst_test\instancias\n_1000_6,500,20,10,10,0.1000,2026,9996100340,9996100161,62,1134
docs\inst_test\instancias\n_1000_6,500,20,10,5,0.1000,123,9996100344,9996100077,71,1134
docs\inst_test\instancias\n_1000_6,500,20,10,10,0.3000,2026,9996100344,9996100131,61,1134
docs\inst_test\instancias\n_1000_6,500,20,10,20,0.2000,123,9996100338,9996100114,59,1134
docs\inst_test\instancias\n_1000_6,500,20,10,5,0.3000,42,9996100344,9996100110,69,1134
docs\inst_test\instancias\n_1000_6,500,20,10,20,0.3000,123,9996100338,9996100114,60,1134
docs\inst_test\instancias\n_1000_6,500,20,10,5,0.2000,123,9996100344,9996100077,72,1134
docs\inst_test\instancias\n_1000_6,500,20,10,5,0.2000,2026,9996100340,9996100107,71,1134
docs\inst_test\instancias\n_1000_6,500,20,10,5,0.3000,2026,9996100344,9996100131,68,1134
docs\inst_test\instancias\n_1000_6,500,20,10,5,0.3000,123,9996100344,9996100077,71,1134
docs\inst_test\instancias\n_1000_6,500,20,15,5,0.2000,123,9996100344,9996100077,50,1134
docs\inst_test\instancias\n_1000_6,500,20,15,10,0.1000,42,9996100340,9996100161,55,1134
docs\inst_test\instancias\n_1000_6,500,20,15,20,0.2000,123,9996100338,9996100114,50,1134
docs\inst_test\instancias\n_1000_6,500,20,15,5,0.1000,123,9996100344,9996100077,64,1134
docs\inst_test\instancias\n_1000_6,500,20,15,10,0.2000,123,9996100344,9996100077,56,1134
docs\inst_test\instancias\n_1000_6,500,20,15,10,0.2000,2026,9996100340,9996100107,56,1134
docs\inst_test\instancias\n_1000_6,500,20,15,20,0.2000,2026,9996100340,9996100107,52,1134
docs\inst_test\instancias\n_1000_6,500,20,15,20,0.1000,2026,9996100340,9996100161,55,1134
docs\inst_test\instancias\n_1000_6,500,20,15,5,0.1000,42,9996100340,9996100161,71,1134
docs\inst_test\instancias\n_1000_6,500,20,15,10,0.3000,123,9996100344,9996100077,58,1134
docs\inst_test\instancias\n_1000_6,500,20,15,10,0.1000,2026,9996100340,9996100161,61,1134
docs\inst_test\instancias\n_1000_6,500,20,15,5,0.3000,42,9996100344,9996100110,64,1134
docs\inst_test\instancias\n_1000_6,500,20,15,10,0.3000,42,9996100342,9996100137,59,1134
docs\inst_test\instancias\n_1000_6,500,20,15,5,0.2000,42,9996100344,9996100110,67,1134
docs\inst_test\instancias\n_1000_6,500,20,15,20,0.3000,42,9996100342,9996100137,56,1134
docs\inst_test\instancias\n_1000_6,500,20,15,20,0.1000,42,9996100338,9996100114,59,1134
docs\inst_test\instancias\n_1000_6,500,20,15,20,0.1000,123,9996100338,9996100114,59,1134
docs\inst_test\instancias\n_1000_6,500,20,15,10,0.1000,123,9996100344,9996100077,64,1134
docs\inst_test\instancias\n_1000_6,500,20,15,10,0.2000,42,9996100341,9996100155,64,1134
docs\inst_test\instancias\n_1000_6,500,20,15,20,0.3000,123,9996100338,9996100114,57,1134
docs\inst_test\instancias\n_1000_6,500,20,15,5,0.1000,2026,9996100340,9996100161,71,1134
docs\inst_test\instancias\n_1000_6,500,20,15,5,0.2000,2026,9996100340,9996100107,68,1134
docs\inst_test\instancias\n_1000_6,500,20,15,10,0.3000,2026,9996100344,9996100131,62,1134
docs\inst_test\instancias\n_1000_6,500,20,15,20,0.2000,42,9996100341,9996100155,59,1134
docs\inst_test\instancias\n_1000_6,500,20,15,5,0.3000,123,9996100344,9996100077,68,1134
docs\inst_test\instancias\n_1000_6,500,20,15,20,0.3000,2026,9996100344,9996100131,57,1134
docs\inst_test\instancias\n_1000_6,500,20,15,5,0.3000,2026,9996100344,9996100131,69,1134
docs\inst_test\instancias\n_1000_7,100,10,7,20,0.1000,2026,9996105257,9996103798,13,1194
docs\inst_test\instancias\n_1000_7,100,10,7,20,0.1000,42,9996105257,9996103798,13,1194
docs\inst_test\instancias\n_1000_7,100,10,7,20,0.2000,42,9996105257,9996103798,13,1194
docs\inst_test\instancias\n_1000_7,100,10,7,5,0.1000,42,9996105257,9996103798,15,1194
docs\inst_test\instancias\n_1000_7,100,10,7,10,0.3000,123,9996105257,9996103798,15,1194
docs\inst_test\instancias\n_1000_7,100,10,7,10,0.1000,42,9996105257,9996103798,15,1194
docs\inst_test\instancias\n_1000_7,100,10,7,5,0.2000,42,9996105257,9996103798,15,1194
docs\inst_test\instancias\n_1000_7,100,10,7,5,0.1000,123,9996105257,9996103798,15,1194
docs\inst_test\instancias\n_1000_7,100,10,7,5,0.3000,2026,9996105257,9996103798,16,1194
docs\inst_test\instancias\n_1000_7,100,10,7,20,0.1000,123,9996105257,9996103798,16,1194
docs\inst_test\instancias\n_1000_7,100,10,7,20,0.3000,2026,9996105257,9996103798,13,1194
docs\inst_test\instancias\n_1000_7,100,10,7,5,0.2000,2026,9996105257,9996103798,15,1194
docs\inst_test\instancias\n_1000_7,100,10,7,20,0.3000,123,9996105257,9996103798,13,1194
docs\inst_test\instancias\n_1000_7,100,10,7,10,0.3000,2026,9996105257,9996103798,18,1194
docs\inst_test\instancias\n_1000_7,100,10,7,5,0.3000,123,9996105257,9996103798,17,1194
docs\inst_test\instancias\n_1000_7,100,10,7,20,0.3000,42,9996105257,9996103798,20,1194
docs\inst_test\instancias\n_1000_7,100,10,7,20,0.2000,123,9996105257,9996103798,20,1194
docs\inst_test\instancias\n_1000_7,100,10,7,10,0.1000,123,9996105257,9996103798,21,1194
docs\inst_test\instancias\n_1000_7,100,10,7,5,0.1000,2026,9996105257,9996103798,21,1194
docs\inst_test\instancias\n_1000_7,100,10,7,10,0.2000,123,9996105257,9996103798,21,1194
docs\inst_test\instancias\n_1000_7,100,10,7,20,0.2000,2026,9996105257,9996103798,19,1194
docs\inst_test\instancias\n_1000_7,100,10,7,10,0.3000,42,9996105257,9996103798,20,1194
docs\inst_test\instancias\n_1000_7,100,10,7,10,0.2000,42,9996105257,9996103798,22,1194
docs\inst_test\instancias\n_1000_7,100,10,7,10,0.1000,2026,9996105257,9996103798,22,1194
docs\inst_test\instancias\n_1000_7,100,10,7,10,0.2000,2026,9996105257,9996103798,21,1194
docs\inst_test\instancias\n_1000_7,100,10,7,5,0.2000,123,9996105257,9996103798,21,1194
docs\inst_test\instancias\n_1000_7,100,10,7,5,0.3000,42,9996105257,9996103798,23,1194
docs\inst_test\instancias\n_1000_7,100,10,10,5,0.2000,123,9996105257,9996103798,12,1194
docs\inst_test\instancias\n_1000_7,100,10,10,5,0.1000,123,9996105257,9996103798,14,1194
docs\inst_test\instancias\n_1000_7,100,10,10,5,0.1000,42,9996105257,9996103798,14,1194
docs\inst_test\instancias\n_1000_7,100,10,10,5,0.2000,42,9996105257,9996103798,14,1194
docs\inst_test\instancias\n_1000_7,100,10,10,10,0.1000,2026,9996105257,9996103798,13,1194
docs\inst_test\instancias\n_1000_7,100,10,10,5,0.3000,42,9996105257,9996103798,16,1194
docs\inst_test\instancias\n_1000_7,100,10,10,10,0.1000,42,9996105257,9996103798,15,1194
docs\inst_test\instancias\n_1000_7,100,10,10,10,0.1000,123,9996105257,9996103798,16,1194
docs\inst_test\instancias\n_1000_7,100,10,10,5,0.3000,2026,9996105257,9996103798,16,1194
docs\inst_test\instancias\n_1000_7,100,10,10,5,0.3000,123,9996105257,9996103798,17,1194
docs\inst_test\instancias\n_1000_7,100,10,10,10,0.2000,2026,9996105257,9996103798,14,1194
docs\inst_test\instancias\n_1000_7,100,10,10,10,0.3000,42,9996105257,9996103798,14,1194
docs\inst_test\instancias\n_1000_7,100,10,10,10,0.3000,2026,9996105257,9996103798,14,1194
docs\inst_test\instancias\n_1000_7,100,10,10,20,0.3000,123,9996105257,9996103798,13,1194
docs\inst_test\instancias\n_1000_7,100,10,10,10,0.2000,42,9996105257,9996103798,20,1194
docs\inst_test\instancias\n_1000_7,100,10,10,5,0.1000,2026,9996105257,9996103798,22,1194
docs\inst_test\instancias\n_1000_7,100,10,10,5,0.2000,2026,9996105257,9996103798,22,1194
docs\inst_test\instancias\n_1000_7,100,10,10,10,0.2000,123,9996105257,9996103798,21,1194
docs\inst_test\instancias\n_1000_7,100,10,10,20,0.1000,2026,9996105257,9996103798,20,1194
docs\inst_test\instancias\n_1000_7,100,10,15,5,0.1000,123,9996105257,9996103798,12,1194
docs\inst_test\instancias\n_1000_7,100,10,10,20,0.2000,42,9996105257,9996103798,20,1194
docs\inst_test\instancias\n_1000_7,100,10,10,20,0.1000,42,9996105257,9996103798,20,1194
docs\inst_test\instancias\n_1000_7,100,10,10,10,0.3000,123,9996105257,9996103798,22,1194
docs\inst_test\instancias\n_1000_7,100,10,10,20,0.1000,123,9996105257,9996103798,21,1194
docs\inst_test\instancias\n_1000_7,100,10,10,20,0.2000,2026,9996105257,9996103798,20,1194
docs\inst_test\instancias\n_1000_7,100,10,10,20,0.2000,123,9996105257,9996103798,20,1194
docs\inst_test\instancias\n_1000_7,100,10,10,20,0.3000,42,9996105257,9996103798,20,1194
docs\inst_test\instancias\n_1000_7,100,10,15,5,0.1000,42,9996105257,9996103798,16,1194
docs\inst_test\instancias\n_1000_7,100,10,10,20,0.3000,2026,9996105257,9996103798,20,1194
docs\inst_test\instancias\n_1000_7,100,10,15,5,0.1000,2026,9996105257,9996103798,16,1194
docs\inst_test\instancias\n_1000_7,100,10,15,5,0.2000,123,9996105257,9996103798,16,1194
docs\inst_test\instancias\n_1000_7,100,10,15,5,0.2000,42,9996105257,9996103798,16,1194
docs\inst_test\instancias\n_1000_7,100,10,15,5,0.3000,2026,9996105257,9996103798,15,1194
docs\inst_test\instancias\n_1000_7,100,10,15,5,0.2000,2026,9996105257,9996103798,16,1194
docs\inst_test\instancias\n_1000_7,100,10,15,10,0.2000,42,9996105257,9996103798,13,1194
docs\inst_test\instancias\n_1000_7,100,10,15,5,0.3000,42,9996105257,9996103798,17,1194
docs\inst_test\instancias\n_1000_7,100,10,15,10,0.1000,2026,9996105257,9996103798,15,1194
docs\inst_test\instancias\n_1000_7,100,10,15,5,0.3000,123,9996105257,9996103798,17,1194
docs\inst_test\instancias\n_1000_7,100,10,15,10,0.2000,2026,9996105257,9996103798,13,1194
docs\inst_test\instancias\n_1000_7,100,10,15,10,0.1000,123,9996105257,9996103798,16,1194
docs\inst_test\instancias\n_1000_7,100,10,15,10,0.2000,123,9996105257,9996103798,16,1194
docs\inst_test\instancias\n_1000_7,100,10,15,10,0.1000,42,9996105257,9996103798,21,1194
docs\inst_test\instancias\n_1000_7,100,10,15,20,0.1000,123,9996105257,9996103798,13,1194
docs\inst_test\instancias\n_1000_7,100,10,15,10,0.3000,42,9996105257,9996103798,21,1194
docs\inst_test\instancias\n_1000_7,100,10,15,10,0.3000,123,9996105257,9996103798,20,1194
docs\inst_test\instancias\n_1000_7,100,10,15,20,0.1000,42,9996105257,9996103798,17,1194
docs\inst_test\instancias\n_1000_7,100,10,15,20,0.1000,2026,9996105257,9996103798,19,1194
docs\inst_test\instancias\n_1000_7,100,15,7,5,0.1000,2026,9996105257,9996103798,15,1194
docs\inst_test\instancias\n_1000_7,100,15,7,5,0.2000,42,9996105257,9996103798,14,1194
docs\inst_test\instancias\n_1000_7,100,10,15,20,0.2000,42,9996105257,9996103798,20,1194
docs\inst_test\instancias\n_1000_7,100,10,15,20,0.3000,42,9996105257,9996103798,19,1194
docs\inst_test\instancias\n_1000_7,100,15,7,5,0.2000,123,9996105257,9996103798,16,1194
docs\inst_test\instancias\n_1000_7,100,10,15,10,0.3000,2026,9996105257,9996103798,22,1194
docs\inst_test\instancias\n_1000_7,100,15,7,5,0.1000,123,9996105257,9996103798,18,1194
docs\inst_test\instancias\n_1000_7,100,15,7,5,0.2000,2026,9996105257,9996103798,14,1194
docs\inst_test\instancias\n_1000_7,100,10,15,20,0.2000,123,9996105257,9996103798,21,1194
docs\inst_test\instancias\n_1000_7,100,15,7,10,0.1000,42,9996105257,9996103798,13,1194
docs\inst_test\instancias\n_1000_7,100,10,15,20,0.2000,2026,9996105257,9996103798,21,1194
docs\inst_test\instancias\n_1000_7,100,15,7,5,0.3000,42,9996105257,9996103798,15,1194
docs\inst_test\instancias\n_1000_7,100,10,15,20,0.3000,123,9996105257,9996103798,21,1194
docs\inst_test\instancias\n_1000_7,100,10,15,20,0.3000,2026,9996105257,9996103798,21,1194
docs\inst_test\instancias\n_1000_7,100,15,7,10,0.1000,2026,9996105257,9996103798,14,1194
docs\inst_test\instancias\n_1000_7,100,15,7,5,0.3000,2026,9996105257,9996103798,14,1194
docs\inst_test\instancias\n_1000_7,100,15,7,5,0.3000,123,9996105257,9996103798,15,1194
docs\inst_test\instancias\n_1000_7,100,15,7,5,0.1000,42,9996105257,9996103798,23,1194
docs\inst_test\instancias\n_1000_7,100,15,7,10,0.3000,42,9996105257,9996103798,13,1194
docs\inst_test\instancias\n_1000_7,100,15,7,10,0.1000,123,9996105257,9996103798,18,1194
docs\inst_test\instancias\n_1000_7,100,15,7,10,0.2000,42,9996105257,9996103798,18,1194
docs\inst_test\instancias\n_1000_7,100,15,7,20,0.1000,42,9996105257,9996103798,13,1194
docs\inst_test\instancias\n_1000_7,100,15,7,10,0.2000,123,9996105257,9996103798,21,1194
docs\inst_test\instancias\n_1000_7,100,15,7,20,0.1000,2026,9996105257,9996103798,12,1194
docs\inst_test\instancias\n_1000_7,100,15,7,20,0.2000,42,9996105257,9996103798,12,1194
docs\inst_test\instancias\n_1000_7,100,15,7,10,0.2000,2026,9996105257,9996103798,19,1194
docs\inst_test\instancias\n_1000_7,100,15,7,20,0.2000,123,9996105257,9996103798,13,1194
docs\inst_test\instancias\n_1000_7,100,15,7,20,0.3000,42,9996105257,9996103798,12,1194
docs\inst_test\instancias\n_1000_7,100,15,7,10,0.3000,123,9996105257,9996103798,19,1194
docs\inst_test\instancias\n_1000_7,100,15,7,10,0.3000,2026,9996105257,9996103798,20,1194
docs\inst_test\instancias\n_1000_7,100,15,10,5,0.1000,42,9996105257,9996103798,15,1194
docs\inst_test\instancias\n_1000_7,100,15,10,5,0.1000,2026,9996105257,9996103798,15,1194
docs\inst_test\instancias\n_1000_7,100,15,7,20,0.2000,2026,9996105257,9996103798,17,1194
docs\inst_test\instancias\n_1000_7,100,15,10,5,0.2000,123,9996105257,9996103798,16,1194
docs\inst_test\instancias\n_1000_7,100,15,10,5,0.3000,2026,9996105257,9996103798,15,1194
docs\inst_test\instancias\n_1000_7,100,15,10,5,0.3000,42,9996105257,9996103798,15,1194
docs\inst_test\instancias\n_1000_7,100,15,7,20,0.3000,2026,9996105257,9996103798,18,1194
docs\inst_test\instancias\n_1000_7,100,15,7,20,0.1000,123,9996105257,9996103798,20,1194
docs\inst_test\instancias\n_1000_7,100,15,10,10,0.1000,2026,9996105257,9996103798,14,1194
docs\inst_test\instancias\n_1000_7,100,15,10,10,0.1000,42,9996105257,9996103798,17,1194
docs\inst_test\instancias\n_1000_7,100,15,10,10,0.2000,123,9996105257,9996103798,14,1194
docs\inst_test\instancias\n_1000_7,100,15,7,20,0.3000,123,9996105257,9996103798,20,1194
docs\inst_test\instancias\n_1000_7,100,15,10,5,0.3000,123,9996105257,9996103798,20,1194
docs\inst_test\instancias\n_1000_7,100,15,10,5,0.2000,42,9996105257,9996103798,22,1194
docs\inst_test\instancias\n_1000_7,100,15,10,5,0.1000,123,9996105257,9996103798,22,1194
docs\inst_test\instancias\n_1000_7,100,15,10,5,0.2000,2026,9996105257,9996103798,22,1194
docs\inst_test\instancias\n_1000_7,100,15,10,20,0.1000,123,9996105257,9996103798,12,1194
docs\inst_test\instancias\n_1000_7,100,15,10,10,0.3000,123,9996105257,9996103798,14,1194
docs\inst_test\instancias\n_1000_7,100,15,10,10,0.3000,2026,9996105257,9996103798,14,1194
docs\inst_test\instancias\n_1000_7,100,15,10,20,0.1000,2026,9996105257,9996103798,12,1194
docs\inst_test\instancias\n_1000_7,100,15,10,20,0.1000,42,9996105257,9996103798,15,1194
docs\inst_test\instancias\n_1000_7,100,15,10,10,0.1000,123,9996105257,9996103798,21,1194
docs\inst_test\instancias\n_1000_7,100,15,10,10,0.2000,2026,9996105257,9996103798,18,1194
docs\inst_test\instancias\n_1000_7,100,15,10,10,0.2000,42,9996105257,9996103798,21,1194
docs\inst_test\instancias\n_1000_7,100,15,10,10,0.3000,42,9996105257,9996103798,18,1194
docs\inst_test\instancias\n_1000_7,100,15,10,20,0.2000,2026,9996105257,9996103798,13,1194
docs\inst_test\instancias\n_1000_7,100,15,10,20,0.2000,42,9996105257,9996103798,15,1194
docs\inst_test\instancias\n_1000_7,100,15,10,20,0.3000,42,9996105257,9996103798,15,1194
docs\inst_test\instancias\n_1000_7,100,15,10,20,0.2000,123,9996105257,9996103798,16,1194
docs\inst_test\instancias\n_1000_7,100,15,10,20,0.3000,123,9996105257,9996103798,15,1194
docs\inst_test\instancias\n_1000_7,100,15,15,5,0.1000,123,9996105257,9996103798,16,1194
docs\inst_test\instancias\n_1000_7,100,15,15,5,0.1000,42,9996105257,9996103798,17,1194
docs\inst_test\instancias\n_1000_7,100,15,15,5,0.2000,123,9996105257,9996103798,15,1194
docs\inst_test\instancias\n_1000_7,100,15,10,20,0.3000,2026,9996105257,9996103798,19,1194
docs\inst_test\instancias\n_1000_7,100,15,15,10,0.1000,42,9996105257,9996103798,14,1194
docs\inst_test\instancias\n_1000_7,100,15,15,5,0.3000,123,9996105257,9996103798,17,1194
docs\inst_test\instancias\n_1000_7,100,15,15,5,0.2000,2026,9996105257,9996103798,18,1194
docs\inst_test\instancias\n_1000_7,100,15,15,10,0.1000,2026,9996105257,9996103798,14,1194
docs\inst_test\instancias\n_1000_7,100,15,15,10,0.2000,42,9996105257,9996103798,14,1194
docs\inst_test\instancias\n_1000_7,100,15,15,10,0.3000,2026,9996105257,9996103798,12,1194
docs\inst_test\instancias\n_1000_7,100,15,15,10,0.2000,2026,9996105257,9996103798,14,1194
docs\inst_test\instancias\n_1000_7,100,15,15,5,0.1000,2026,9996105257,9996103798,21,1194
docs\inst_test\instancias\n_1000_7,100,15,15,5,0.3000,42,9996105257,9996103798,19,1194
docs\inst_test\instancias\n_1000_7,100,15,15,10,0.1000,123,9996105257,9996103798,16,1194
docs\inst_test\instancias\n_1000_7,100,15,15,10,0.2000,123,9996105257,9996103798,15,1194
docs\inst_test\instancias\n_1000_7,100,15,15,20,0.1000,42,9996105257,9996103798,13,1194
docs\inst_test\instancias\n_1000_7,100,15,15,5,0.2000,42,9996105257,9996103798,23,1194
docs\inst_test\instancias\n_1000_7,100,15,15,10,0.3000,42,9996105257,9996103798,17,1194
docs\inst_test\instancias\n_1000_7,100,15,15,5,0.3000,2026,9996105257,9996103798,20,1194
docs\inst_test\instancias\n_1000_7,100,15,15,20,0.3000,42,9996105257,9996103798,12,1194
docs\inst_test\instancias\n_1000_7,100,15,15,20,0.2000,42,9996105257,9996103798,16,1194
docs\inst_test\instancias\n_1000_7,100,15,15,20,0.3000,123,9996105257,9996103798,12,1194
docs\inst_test\instancias\n_1000_7,100,15,15,20,0.3000,2026,9996105257,9996103798,12,1194
docs\inst_test\instancias\n_1000_7,100,15,15,20,0.1000,123,9996105257,9996103798,18,1194
docs\inst_test\instancias\n_1000_7,100,15,15,20,0.1000,2026,9996105257,9996103798,18,1194
docs\inst_test\instancias\n_1000_7,100,15,15,10,0.3000,123,9996105257,9996103798,21,1194
docs\inst_test\instancias\n_1000_7,100,15,15,20,0.2000,123,9996105257,9996103798,19,1194
docs\inst_test\instancias\n_1000_7,100,15,15,20,0.2000,2026,9996105257,9996103798,17,1194
docs\inst_test\instancias\n_1000_7,100,20,7,5,0.1000,123,9996105257,9996103798,16,1194
docs\inst_test\instancias\n_1000_7,100,20,7,5,0.3000,2026,9996105257,9996103798,12,1194
docs\inst_test\instancias\n_1000_7,100,20,7,5,0.2000,123,9996105257,9996103798,14,1194
docs\inst_test\instancias\n_1000_7,100,20,7,10,0.1000,42,9996105257,9996103798,13,1194
docs\inst_test\instancias\n_1000_7,100,20,7,5,0.1000,42,9996105257,9996103798,17,1194
docs\inst_test\instancias\n_1000_7,100,20,7,5,0.2000,42,9996105257,9996103798,15,1194
docs\inst_test\instancias\n_1000_7,100,20,7,5,0.2000,2026,9996105257,9996103798,15,1194
docs\inst_test\instancias\n_1000_7,100,20,7,5,0.3000,42,9996105257,9996103798,14,1194
docs\inst_test\instancias\n_1000_7,100,20,7,10,0.3000,42,9996105257,9996103798,11,1194
docs\inst_test\instancias\n_1000_7,100,20,7,10,0.2000,2026,9996105257,9996103798,13,1194
docs\inst_test\instancias\n_1000_7,100,20,7,10,0.1000,123,9996105257,9996103798,16,1194
docs\inst_test\instancias\n_1000_7,100,20,7,5,0.3000,123,9996105257,9996103798,18,1194
docs\inst_test\instancias\n_1000_7,100,20,7,20,0.1000,42,9996105257,9996103798,12,1194
docs\inst_test\instancias\n_1000_7,100,20,7,20,0.1000,2026,9996105257,9996103798,12,1194
docs\inst_test\instancias\n_1000_7,100,20,7,10,0.2000,123,9996105257,9996103798,19,1194
docs\inst_test\instancias\n_1000_7,100,20,7,5,0.1000,2026,9996105257,9996103798,22,1194
docs\inst_test\instancias\n_1000_7,100,20,7,20,0.2000,2026,9996105257,9996103798,12,1194
docs\inst_test\instancias\n_1000_7,100,20,7,10,0.3000,123,9996105257,9996103798,17,1194
docs\inst_test\instancias\n_1000_7,100,20,7,10,0.1000,2026,9996105257,9996103798,21,1194
docs\inst_test\instancias\n_1000_7,100,20,7,10,0.2000,42,9996105257,9996103798,21,1194
docs\inst_test\instancias\n_1000_7,100,20,7,20,0.2000,42,9996105257,9996103798,16,1194
docs\inst_test\instancias\n_1000_7,100,20,10,5,0.1000,123,9996105257,9996103798,12,1194
docs\inst_test\instancias\n_1000_7,100,20,7,20,0.3000,123,9996105257,9996103798,14,1194
docs\inst_test\instancias\n_1000_7,100,20,7,10,0.3000,2026,9996105257,9996103798,21,1194
docs\inst_test\instancias\n_1000_7,100,20,7,20,0.1000,123,9996105257,9996103798,19,1194
docs\inst_test\instancias\n_1000_7,100,20,7,20,0.3000,2026,9996105257,9996103798,16,1194
docs\inst_test\instancias\n_1000_7,100,20,10,5,0.3000,2026,9996105257,9996103798,13,1194
docs\inst_test\instancias\n_1000_7,100,20,10,5,0.1000,42,9996105257,9996103798,15,1194
docs\inst_test\instancias\n_1000_7,100,20,10,5,0.1000,2026,9996105257,9996103798,15,1194
docs\inst_test\instancias\n_1000_7,100,20,7,20,0.2000,123,9996105257,9996103798,21,1194
docs\inst_test\instancias\n_1000_7,100,20,10,10,0.1000,42,9996105257,9996103798,13,1194
docs\inst_test\instancias\n_1000_7,100,20,10,5,0.2000,123,9996105257,9996103798,15,1194
docs\inst_test\instancias\n_1000_7,100,20,7,20,0.3000,42,9996105257,9996103798,20,1194
docs\inst_test\instancias\n_1000_7,100,20,10,5,0.3000,42,9996105257,9996103798,14,1194
docs\inst_test\instancias\n_1000_7,100,20,10,5,0.2000,2026,9996105257,9996103798,16,1194
docs\inst_test\instancias\n_1000_7,100,20,10,10,0.1000,123,9996105257,9996103798,13,1194
docs\inst_test\instancias\n_1000_7,100,20,10,5,0.3000,123,9996105257,9996103798,17,1194
docs\inst_test\instancias\n_1000_7,100,20,10,10,0.2000,42,9996105257,9996103798,13,1194
docs\inst_test\instancias\n_1000_7,100,20,10,5,0.2000,42,9996105257,9996103798,18,1194
docs\inst_test\instancias\n_1000_7,100,20,10,10,0.2000,123,9996105257,9996103798,13,1194
docs\inst_test\instancias\n_1000_7,100,20,10,10,0.1000,2026,9996105257,9996103798,14,1194
docs\inst_test\instancias\n_1000_7,100,20,10,10,0.2000,2026,9996105257,9996103798,13,1194
docs\inst_test\instancias\n_1000_7,100,20,10,20,0.1000,2026,9996105257,9996103798,10,1194
docs\inst_test\instancias\n_1000_7,100,20,10,10,0.3000,123,9996105257,9996103798,14,1194
docs\inst_test\instancias\n_1000_7,100,20,10,10,0.3000,2026,9996105257,9996103798,15,1194
docs\inst_test\instancias\n_1000_7,100,20,10,20,0.2000,123,9996105257,9996103798,12,1194
docs\inst_test\instancias\n_1000_7,100,20,10,20,0.3000,123,9996105257,9996103798,11,1194
docs\inst_test\instancias\n_1000_7,100,20,10,20,0.2000,42,9996105257,9996103798,15,1194
docs\inst_test\instancias\n_1000_7,100,20,10,20,0.3000,2026,9996105257,9996103798,12,1194
docs\inst_test\instancias\n_1000_7,100,20,10,10,0.3000,42,9996105257,9996103798,20,1194
docs\inst_test\instancias\n_1000_7,100,20,15,5,0.1000,42,9996105257,9996103798,13,1194
docs\inst_test\instancias\n_1000_7,100,20,15,10,0.2000,2026,9996105257,9996103798,8,1194
docs\inst_test\instancias\n_1000_7,100,20,10,20,0.1000,42,9996105257,9996103798,21,1194
docs\inst_test\instancias\n_1000_7,100,20,10,20,0.1000,123,9996105257,9996103798,21,1194
docs\inst_test\instancias\n_1000_7,100,20,15,5,0.1000,123,9996105257,9996103798,15,1194
docs\inst_test\instancias\n_1000_7,100,20,15,10,0.1000,123,9996105257,9996103798,13,1194
docs\inst_test\instancias\n_1000_7,100,20,10,20,0.2000,2026,9996105257,9996103798,18,1194
docs\inst_test\instancias\n_1000_7,100,20,15,5,0.2000,42,9996105257,9996103798,15,1194
docs\inst_test\instancias\n_1000_7,100,20,10,20,0.3000,42,9996105257,9996103798,18,1194
docs\inst_test\instancias\n_1000_7,100,20,15,5,0.2000,123,9996105257,9996103798,16,1194
docs\inst_test\instancias\n_1000_7,100,20,15,10,0.2000,42,9996105257,9996103798,13,1194
docs\inst_test\instancias\n_1000_7,100,20,15,5,0.3000,42,9996105257,9996103798,16,1194
docs\inst_test\instancias\n_1000_7,100,20,15,5,0.3000,2026,9996105257,9996103798,16,1194
docs\inst_test\instancias\n_1000_7,100,20,15,10,0.1000,42,9996105257,9996103798,17,1194
docs\inst_test\instancias\n_1000_7,100,20,15,5,0.3000,123,9996105257,9996103798,18,1194
docs\inst_test\instancias\n_1000_7,100,20,15,20,0.1000,123,9996105257,9996103798,10,1194
docs\inst_test\instancias\n_1000_7,100,20,15,10,0.3000,123,9996105257,9996103798,14,1194
docs\inst_test\instancias\n_1000_7,100,20,15,10,0.3000,42,9996105257,9996103798,15,1194
docs\inst_test\instancias\n_1000_7,100,20,15,20,0.1000,42,9996105257,9996103798,13,1194
docs\inst_test\instancias\n_1000_7,100,20,15,10,0.1000,2026,9996105257,9996103798,19,1194
docs\inst_test\instancias\n_1000_7,100,20,15,20,0.3000,42,9996105257,9996103798,9,1194
docs\inst_test\instancias\n_1000_7,100,20,15,10,0.3000,2026,9996105257,9996103798,13,1194
docs\inst_test\instancias\n_1000_7,100,20,15,10,0.2000,123,9996105257,9996103798,19,1194
docs\inst_test\instancias\n_1000_7,100,20,15,5,0.1000,2026,9996105257,9996103798,23,1194
docs\inst_test\instancias\n_1000_7,100,20,15,5,0.2000,2026,9996105257,9996103798,23,1194
docs\inst_test\instancias\n_1000_7,100,20,15,20,0.1000,2026,9996105257,9996103798,12,1194
docs\inst_test\instancias\n_1000_7,100,20,15,20,0.2000,42,9996105257,9996103798,13,1194
docs\inst_test\instancias\n_1000_7,100,20,15,20,0.2000,2026,9996105257,9996103798,12,1194
docs\inst_test\instancias\n_1000_7,100,20,15,20,0.2000,123,9996105257,9996103798,16,1194
docs\inst_test\instancias\n_1000_7,100,20,15,20,0.3000,2026,9996105257,9996103798,20,1194
docs\inst_test\instancias\n_1000_7,100,20,15,20,0.3000,123,9996105257,9996103798,21,1194
docs\inst_test\instancias\n_1000_7,300,10,7,10,0.1000,2026,9996105257,9996103798,25,1194
docs\inst_test\instancias\n_1000_7,300,10,7,10,0.2000,42,9996105257,9996103798,37,1194
docs\inst_test\instancias\n_1000_7,300,10,7,20,0.3000,42,9996105257,9996103798,30,1194
docs\inst_test\instancias\n_1000_7,300,10,7,10,0.3000,2026,9996105257,9996103798,38,1194
docs\inst_test\instancias\n_1000_7,300,10,7,20,0.2000,123,9996105257,9996103798,36,1194
docs\inst_test\instancias\n_1000_7,300,10,7,20,0.2000,42,9996105257,9996103798,38,1194
docs\inst_test\instancias\n_1000_7,300,10,7,10,0.2000,2026,9996105257,9996103798,40,1194
docs\inst_test\instancias\n_1000_7,300,10,7,20,0.1000,2026,9996105257,9996103798,38,1194
docs\inst_test\instancias\n_1000_7,300,10,7,5,0.2000,2026,9996105257,9996103798,47,1194
docs\inst_test\instancias\n_1000_7,300,10,7,5,0.3000,123,9996105266,9996103835,48,1194
docs\inst_test\instancias\n_1000_7,300,10,7,20,0.2000,2026,9996105257,9996103798,40,1194
docs\inst_test\instancias\n_1000_7,300,10,7,5,0.3000,2026,9996105257,9996103798,48,1194
docs\inst_test\instancias\n_1000_7,300,10,7,20,0.1000,42,9996105257,9996103798,43,1194
docs\inst_test\instancias\n_1000_7,300,10,7,5,0.1000,42,9996105257,9996103798,51,1194
docs\inst_test\instancias\n_1000_7,300,10,7,10,0.3000,123,9996105266,9996103835,46,1194
docs\inst_test\instancias\n_1000_7,300,10,7,10,0.2000,123,9996105266,9996103835,47,1194
docs\inst_test\instancias\n_1000_7,300,10,7,5,0.1000,2026,9996105257,9996103798,52,1194
docs\inst_test\instancias\n_1000_7,300,10,7,5,0.2000,42,9996105264,9996103875,53,1194
docs\inst_test\instancias\n_1000_7,300,10,7,5,0.2000,123,9996105266,9996103835,54,1194
docs\inst_test\instancias\n_1000_7,300,10,7,20,0.1000,123,9996105257,9996103798,49,1194
docs\inst_test\instancias\n_1000_7,300,10,7,5,0.1000,123,9996105266,9996103835,58,1194
docs\inst_test\instancias\n_1000_7,300,10,7,10,0.3000,42,9996105257,9996103798,52,1194
docs\inst_test\instancias\n_1000_7,300,10,7,10,0.1000,42,9996105257,9996103798,60,1194
docs\inst_test\instancias\n_1000_7,300,10,7,10,0.1000,123,9996105266,9996103835,60,1194
docs\inst_test\instancias\n_1000_7,300,10,7,5,0.3000,42,9996105257,9996103798,66,1194
docs\inst_test\instancias\n_1000_7,300,10,7,20,0.3000,2026,9996105257,9996103798,47,1194
docs\inst_test\instancias\n_1000_7,300,10,7,20,0.3000,123,9996105257,9996103798,51,1194
docs\inst_test\instancias\n_1000_7,300,10,10,5,0.1000,42,9996105257,9996103798,47,1194
docs\inst_test\instancias\n_1000_7,300,10,10,10,0.3000,42,9996105257,9996103798,32,1194
docs\inst_test\instancias\n_1000_7,300,10,10,5,0.2000,42,9996105264,9996103875,42,1194
docs\inst_test\instancias\n_1000_7,300,10,10,10,0.2000,123,9996105266,9996103835,39,1194
docs\inst_test\instancias\n_1000_7,300,10,10,10,0.2000,2026,9996105257,9996103798,40,1194
docs\inst_test\instancias\n_1000_7,300,10,10,10,0.3000,2026,9996105257,9996103798,40,1194
docs\inst_test\instancias\n_1000_7,300,10,10,20,0.1000,123,9996105257,9996103798,36,1194
docs\inst_test\instancias\n_1000_7,300,10,10,5,0.3000,123,9996105266,9996103835,48,1194
docs\inst_test\instancias\n_1000_7,300,10,10,5,0.3000,2026,9996105257,9996103798,46,1194
docs\inst_test\instancias\n_1000_7,300,10,10,10,0.3000,123,9996105266,9996103835,44,1194
docs\inst_test\instancias\n_1000_7,300,10,10,5,0.3000,42,9996105257,9996103798,50,1194
docs\inst_test\instancias\n_1000_7,300,10,10,5,0.1000,123,9996105266,9996103835,55,1194
docs\inst_test\instancias\n_1000_7,300,10,10,10,0.1000,123,9996105266,9996103835,48,1194
docs\inst_test\instancias\n_1000_7,300,10,10,5,0.1000,2026,9996105257,9996103798,57,1194
docs\inst_test\instancias\n_1000_7,300,10,10,20,0.3000,123,9996105257,9996103798,33,1194
docs\inst_test\instancias\n_1000_7,300,10,10,20,0.2000,42,9996105257,9996103798,42,1194
docs\inst_test\instancias\n_1000_7,300,10,10,10,0.2000,42,9996105257,9996103798,50,1194
docs\inst_test\instancias\n_1000_7,300,10,10,20,0.1000,2026,9996105257,9996103798,44,1194
docs\inst_test\instancias\n_1000_7,300,10,10,20,0.2000,123,9996105257,9996103798,40,1194
docs\inst_test\instancias\n_1000_7,300,10,10,20,0.2000,2026,9996105257,9996103798,42,1194
docs\inst_test\instancias\n_1000_7,300,10,10,5,0.2000,123,9996105266,9996103835,62,1194
docs\inst_test\instancias\n_1000_7,300,10,10,10,0.1000,2026,9996105257,9996103798,57,1194
docs\inst_test\instancias\n_1000_7,300,10,10,10,0.1000,42,9996105257,9996103798,59,1194
docs\inst_test\instancias\n_1000_7,300,10,10,20,0.3000,2026,9996105257,9996103798,38,1194
docs\inst_test\instancias\n_1000_7,300,10,10,5,0.2000,2026,9996105257,9996103798,63,1194
docs\inst_test\instancias\n_1000_7,300,10,10,20,0.1000,42,9996105257,9996103798,57,1194
docs\inst_test\instancias\n_1000_7,300,10,10,20,0.3000,42,9996105257,9996103798,44,1194
docs\inst_test\instancias\n_1000_7,300,10,15,5,0.1000,42,9996105257,9996103798,39,1194
docs\inst_test\instancias\n_1000_7,300,10,15,5,0.3000,123,9996105266,9996103835,34,1194
docs\inst_test\instancias\n_1000_7,300,10,15,10,0.1000,2026,9996105257,9996103798,35,1194
docs\inst_test\instancias\n_1000_7,300,10,15,5,0.1000,2026,9996105257,9996103798,46,1194
docs\inst_test\instancias\n_1000_7,300,10,15,5,0.1000,123,9996105266,9996103835,49,1194
docs\inst_test\instancias\n_1000_7,300,10,15,5,0.3000,42,9996105257,9996103798,42,1194
docs\inst_test\instancias\n_1000_7,300,10,15,5,0.2000,123,9996105266,9996103835,43,1194
docs\inst_test\instancias\n_1000_7,300,10,15,10,0.2000,2026,9996105257,9996103798,34,1194
docs\inst_test\instancias\n_1000_7,300,10,15,20,0.1000,42,9996105257,9996103798,31,1194
docs\inst_test\instancias\n_1000_7,300,10,15,5,0.3000,2026,9996105257,9996103798,45,1194
docs\inst_test\instancias\n_1000_7,300,10,15,5,0.2000,42,9996105264,9996103875,50,1194
docs\inst_test\instancias\n_1000_7,300,10,15,10,0.3000,123,9996105266,9996103835,41,1194
docs\inst_test\instancias\n_1000_7,300,10,15,20,0.2000,2026,9996105257,9996103798,38,1194
docs\inst_test\instancias\n_1000_7,300,10,15,10,0.1000,42,9996105257,9996103798,51,1194
docs\inst_test\instancias\n_1000_7,300,10,15,10,0.2000,42,9996105257,9996103798,50,1194
docs\inst_test\instancias\n_1000_7,300,10,15,10,0.2000,123,9996105266,9996103835,49,1194
docs\inst_test\instancias\n_1000_7,300,10,15,20,0.3000,2026,9996105257,9996103798,39,1194
docs\inst_test\instancias\n_1000_7,300,10,15,5,0.2000,2026,9996105257,9996103798,62,1194
docs\inst_test\instancias\n_1000_7,300,10,15,20,0.2000,123,9996105257,9996103798,49,1194
docs\inst_test\instancias\n_1000_7,300,10,15,20,0.1000,123,9996105257,9996103798,51,1194
docs\inst_test\instancias\n_1000_7,300,10,15,20,0.3000,42,9996105257,9996103798,49,1194
docs\inst_test\instancias\n_1000_7,300,10,15,10,0.3000,42,9996105257,9996103798,59,1194
docs\inst_test\instancias\n_1000_7,300,15,7,5,0.1000,42,9996105257,9996103798,44,1194
docs\inst_test\instancias\n_1000_7,300,10,15,10,0.3000,2026,9996105257,9996103798,57,1194
docs\inst_test\instancias\n_1000_7,300,10,15,10,0.1000,123,9996105266,9996103835,63,1194
docs\inst_test\instancias\n_1000_7,300,10,15,20,0.1000,2026,9996105257,9996103798,55,1194
docs\inst_test\instancias\n_1000_7,300,15,7,5,0.1000,123,9996105266,9996103835,36,1194
docs\inst_test\instancias\n_1000_7,300,10,15,20,0.2000,42,9996105257,9996103798,57,1194
docs\inst_test\instancias\n_1000_7,300,10,15,20,0.3000,123,9996105257,9996103798,55,1194
docs\inst_test\instancias\n_1000_7,300,15,7,5,0.2000,123,9996105266,9996103835,42,1194
docs\inst_test\instancias\n_1000_7,300,15,7,10,0.1000,123,9996105266,9996103835,35,1194
docs\inst_test\instancias\n_1000_7,300,15,7,5,0.1000,2026,9996105257,9996103798,45,1194
docs\inst_test\instancias\n_1000_7,300,15,7,5,0.2000,42,9996105264,9996103875,47,1194
docs\inst_test\instancias\n_1000_7,300,15,7,10,0.1000,42,9996105257,9996103798,41,1194
docs\inst_test\instancias\n_1000_7,300,15,7,10,0.1000,2026,9996105257,9996103798,40,1194
docs\inst_test\instancias\n_1000_7,300,15,7,5,0.2000,2026,9996105257,9996103798,47,1194
docs\inst_test\instancias\n_1000_7,300,15,7,10,0.3000,42,9996105257,9996103798,40,1194
docs\inst_test\instancias\n_1000_7,300,15,7,5,0.3000,2026,9996105257,9996103798,54,1194
docs\inst_test\instancias\n_1000_7,300,15,7,20,0.2000,2026,9996105257,9996103798,33,1194
docs\inst_test\instancias\n_1000_7,300,15,7,20,0.2000,123,9996105257,9996103798,34,1194
docs\inst_test\instancias\n_1000_7,300,15,7,20,0.3000,2026,9996105257,9996103798,30,1194
docs\inst_test\instancias\n_1000_7,300,15,7,5,0.3000,123,9996105266,9996103835,61,1194
docs\inst_test\instancias\n_1000_7,300,15,7,5,0.3000,42,9996105257,9996103798,61,1194
docs\inst_test\instancias\n_1000_7,300,15,7,10,0.2000,123,9996105266,9996103835,50,1194
docs\inst_test\instancias\n_1000_7,300,15,7,20,0.1000,42,9996105257,9996103798,40,1194
docs\inst_test\instancias\n_1000_7,300,15,7,20,0.3000,42,9996105257,9996103798,41,1194
docs\inst_test\instancias\n_1000_7,300,15,7,20,0.1000,2026,9996105257,9996103798,43,1194
docs\inst_test\instancias\n_1000_7,300,15,7,10,0.3000,2026,9996105257,9996103798,48,1194
docs\inst_test\instancias\n_1000_7,300,15,7,10,0.3000,123,9996105266,9996103835,53,1194
docs\inst_test\instancias\n_1000_7,300,15,7,10,0.2000,2026,9996105257,9996103798,58,1194
docs\inst_test\instancias\n_1000_7,300,15,7,20,0.1000,123,9996105257,9996103798,48,1194
docs\inst_test\instancias\n_1000_7,300,15,7,10,0.2000,42,9996105257,9996103798,62,1194
docs\inst_test\instancias\n_1000_7,300,15,7,20,0.2000,42,9996105257,9996103798,53,1194
docs\inst_test\instancias\n_1000_7,300,15,10,5,0.2000,42,9996105264,9996103875,38,1194
docs\inst_test\instancias\n_1000_7,300,15,7,20,0.3000,123,9996105257,9996103798,59,1194
docs\inst_test\instancias\n_1000_7,300,15,10,5,0.3000,123,9996105266,9996103835,41,1194
docs\inst_test\instancias\n_1000_7,300,15,10,5,0.3000,2026,9996105257,9996103798,43,1194
docs\inst_test\instancias\n_1000_7,300,15,10,10,0.1000,2026,9996105257,9996103798,33,1194
docs\inst_test\instancias\n_1000_7,300,15,10,10,0.1000,42,9996105257,9996103798,39,1194
docs\inst_test\instancias\n_1000_7,300,15,10,5,0.2000,2026,9996105257,9996103798,49,1194
docs\inst_test\instancias\n_1000_7,300,15,10,5,0.2000,123,9996105266,9996103835,52,1194
docs\inst_test\instancias\n_1000_7,300,15,10,10,0.1000,123,9996105266,9996103835,39,1194
docs\inst_test\instancias\n_1000_7,300,15,10,5,0.1000,123,9996105266,9996103835,66,1194
docs\inst_test\instancias\n_1000_7,300,15,10,10,0.3000,2026,9996105257,9996103798,35,1194
docs\inst_test\instancias\n_1000_7,300,15,10,5,0.1000,42,9996105257,9996103798,69,1194
docs\inst_test\instancias\n_1000_7,300,15,10,20,0.1000,42,9996105257,9996103798,33,1194
docs\inst_test\instancias\n_1000_7,300,15,10,10,0.2000,42,9996105257,9996103798,42,1194
docs\inst_test\instancias\n_1000_7,300,15,10,5,0.1000,2026,9996105257,9996103798,61,1194
docs\inst_test\instancias\n_1000_7,300,15,10,10,0.3000,123,9996105266,9996103835,41,1194
docs\inst_test\instancias\n_1000_7,300,15,10,20,0.1000,123,9996105257,9996103798,38,1194
docs\inst_test\instancias\n_1000_7,300,15,10,5,0.3000,42,9996105257,9996103798,58,1194
docs\inst_test\instancias\n_1000_7,300,15,10,10,0.3000,42,9996105257,9996103798,44,1194
docs\inst_test\instancias\n_1000_7,300,15,10,10,0.2000,123,9996105266,9996103835,46,1194
docs\inst_test\instancias\n_1000_7,300,15,10,20,0.1000,2026,9996105257,9996103798,39,1194
docs\inst_test\instancias\n_1000_7,300,15,10,20,0.3000,123,9996105257,9996103798,34,1194
docs\inst_test\instancias\n_1000_7,300,15,10,10,0.2000,2026,9996105257,9996103798,56,1194
docs\inst_test\instancias\n_1000_7,300,15,10,20,0.2000,123,9996105257,9996103798,49,1194
docs\inst_test\instancias\n_1000_7,300,15,10,20,0.2000,2026,9996105257,9996103798,49,1194
docs\inst_test\instancias\n_1000_7,300,15,10,20,0.3000,42,9996105257,9996103798,51,1194
docs\inst_test\instancias\n_1000_7,300,15,10,20,0.2000,42,9996105257,9996103798,55,1194
docs\inst_test\instancias\n_1000_7,300,15,15,10,0.2000,42,9996105257,9996103798,32,1194
docs\inst_test\instancias\n_1000_7,300,15,10,20,0.3000,2026,9996105257,9996103798,55,1194
docs\inst_test\instancias\n_1000_7,300,15,15,5,0.1000,2026,9996105257,9996103798,45,1194
docs\inst_test\instancias\n_1000_7,300,15,15,20,0.1000,123,9996105257,9996103798,29,1194
docs\inst_test\instancias\n_1000_7,300,15,15,5,0.1000,42,9996105257,9996103798,50,1194
docs\inst_test\instancias\n_1000_7,300,15,15,5,0.2000,2026,9996105257,9996103798,45,1194
docs\inst_test\instancias\n_1000_7,300,15,15,10,0.1000,123,9996105266,9996103835,40,1194
docs\inst_test\instancias\n_1000_7,300,15,15,10,0.2000,123,9996105266,9996103835,40,1194
docs\inst_test\instancias\n_1000_7,300,15,15,5,0.3000,123,9996105266,9996103835,48,1194
docs\inst_test\instancias\n_1000_7,300,15,15,10,0.1000,42,9996105257,9996103798,45,1194
docs\inst_test\instancias\n_1000_7,300,15,15,5,0.1000,123,9996105266,9996103835,56,1194
docs\inst_test\instancias\n_1000_7,300,15,15,5,0.2000,42,9996105264,9996103875,55,1194
docs\inst_test\instancias\n_1000_7,300,15,15,20,0.1000,2026,9996105257,9996103798,34,1194
docs\inst_test\instancias\n_1000_7,300,15,15,10,0.3000,123,9996105266,9996103835,42,1194
docs\inst_test\instancias\n_1000_7,300,15,15,10,0.2000,2026,9996105257,9996103798,44,1194
docs\inst_test\instancias\n_1000_7,300,15,15,5,0.3000,2026,9996105257,9996103798,50,1194
docs\inst_test\instancias\n_1000_7,300,15,15,10,0.3000,2026,9996105257,9996103798,43,1194
docs\inst_test\instancias\n_1000_7,300,15,15,5,0.2000,123,9996105266,9996103835,58,1194
docs\inst_test\instancias\n_1000_7,300,15,15,20,0.2000,2026,9996105257,9996103798,32,1194
docs\inst_test\instancias\n_1000_7,300,15,15,20,0.2000,42,9996105257,9996103798,39,1194
docs\inst_test\instancias\n_1000_7,300,15,15,10,0.3000,42,9996105257,9996103798,52,1194
docs\inst_test\instancias\n_1000_7,300,15,15,10,0.1000,2026,9996105257,9996103798,60,1194
docs\inst_test\instancias\n_1000_7,300,15,15,5,0.3000,42,9996105257,9996103798,67,1194
docs\inst_test\instancias\n_1000_7,300,15,15,20,0.2000,123,9996105257,9996103798,45,1194
docs\inst_test\instancias\n_1000_7,300,15,15,20,0.1000,42,9996105257,9996103798,60,1194
docs\inst_test\instancias\n_1000_7,300,15,15,20,0.3000,123,9996105257,9996103798,45,1194
docs\inst_test\instancias\n_1000_7,300,15,15,20,0.3000,2026,9996105257,9996103798,38,1194
docs\inst_test\instancias\n_1000_7,300,20,7,5,0.2000,42,9996105264,9996103875,39,1194
docs\inst_test\instancias\n_1000_7,300,20,7,5,0.1000,2026,9996105257,9996103798,44,1194
docs\inst_test\instancias\n_1000_7,300,15,15,20,0.3000,42,9996105257,9996103798,60,1194
docs\inst_test\instancias\n_1000_7,300,20,7,5,0.2000,123,9996105266,9996103835,46,1194
docs\inst_test\instancias\n_1000_7,300,20,7,5,0.3000,123,9996105266,9996103835,42,1194
docs\inst_test\instancias\n_1000_7,300,20,7,10,0.2000,123,9996105266,9996103835,37,1194
docs\inst_test\instancias\n_1000_7,300,20,7,5,0.2000,2026,9996105257,9996103798,48,1194
docs\inst_test\instancias\n_1000_7,300,20,7,5,0.1000,42,9996105257,9996103798,55,1194
docs\inst_test\instancias\n_1000_7,300,20,7,5,0.1000,123,9996105266,9996103835,56,1194
docs\inst_test\instancias\n_1000_7,300,20,7,5,0.3000,42,9996105257,9996103798,51,1194
docs\inst_test\instancias\n_1000_7,300,20,7,5,0.3000,2026,9996105257,9996103798,51,1194
docs\inst_test\instancias\n_1000_7,300,20,7,20,0.1000,123,9996105257,9996103798,37,1194
docs\inst_test\instancias\n_1000_7,300,20,7,10,0.3000,42,9996105257,9996103798,45,1194
docs\inst_test\instancias\n_1000_7,300,20,7,20,0.1000,42,9996105257,9996103798,39,1194
docs\inst_test\instancias\n_1000_7,300,20,7,20,0.2000,2026,9996105257,9996103798,31,1194
docs\inst_test\instancias\n_1000_7,300,20,7,10,0.2000,2026,9996105257,9996103798,52,1194
docs\inst_test\instancias\n_1000_7,300,20,7,10,0.2000,42,9996105257,9996103798,53,1194
docs\inst_test\instancias\n_1000_7,300,20,7,10,0.3000,123,9996105266,9996103835,49,1194
docs\inst_test\instancias\n_1000_7,300,20,7,10,0.1000,2026,9996105257,9996103798,54,1194
docs\inst_test\instancias\n_1000_7,300,20,7,20,0.1000,2026,9996105257,9996103798,44,1194
docs\inst_test\instancias\n_1000_7,300,20,7,10,0.1000,123,9996105266,9996103835,56,1194
docs\inst_test\instancias\n_1000_7,300,20,7,10,0.3000,2026,9996105257,9996103798,51,1194
docs\inst_test\instancias\n_1000_7,300,20,7,20,0.3000,123,9996105257,9996103798,35,1194
docs\inst_test\instancias\n_1000_7,300,20,7,20,0.3000,42,9996105257,9996103798,37,1194
docs\inst_test\instancias\n_1000_7,300,20,7,10,0.1000,42,9996105257,9996103798,63,1194
docs\inst_test\instancias\n_1000_7,300,20,7,20,0.3000,2026,9996105257,9996103798,35,1194
docs\inst_test\instancias\n_1000_7,300,20,7,20,0.2000,42,9996105257,9996103798,51,1194
docs\inst_test\instancias\n_1000_7,300,20,7,20,0.2000,123,9996105257,9996103798,56,1194
docs\inst_test\instancias\n_1000_7,300,20,10,5,0.1000,42,9996105257,9996103798,43,1194
docs\inst_test\instancias\n_1000_7,300,20,10,10,0.1000,42,9996105257,9996103798,34,1194
docs\inst_test\instancias\n_1000_7,300,20,10,5,0.2000,2026,9996105257,9996103798,46,1194
docs\inst_test\instancias\n_1000_7,300,20,10,5,0.2000,123,9996105266,9996103835,47,1194
docs\inst_test\instancias\n_1000_7,300,20,10,20,0.1000,123,9996105257,9996103798,30,1194
docs\inst_test\instancias\n_1000_7,300,20,10,10,0.2000,123,9996105266,9996103835,37,1194
docs\inst_test\instancias\n_1000_7,300,20,10,10,0.1000,123,9996105266,9996103835,41,1194
docs\inst_test\instancias\n_1000_7,300,20,10,10,0.2000,42,9996105257,9996103798,41,1194
docs\inst_test\instancias\n_1000_7,300,20,10,10,0.1000,2026,9996105257,9996103798,44,1194
docs\inst_test\instancias\n_1000_7,300,20,10,20,0.1000,42,9996105257,9996103798,35,1194
docs\inst_test\instancias\n_1000_7,300,20,10,5,0.2000,42,9996105264,9996103875,55,1194
docs\inst_test\instancias\n_1000_7,300,20,10,5,0.1000,2026,9996105257,9996103798,56,1194
docs\inst_test\instancias\n_1000_7,300,20,10,5,0.1000,123,9996105266,9996103835,57,1194
docs\inst_test\instancias\n_1000_7,300,20,10,10,0.2000,2026,9996105257,9996103798,41,1194
docs\inst_test\instancias\n_1000_7,300,20,10,10,0.3000,42,9996105257,9996103798,42,1194
docs\inst_test\instancias\n_1000_7,300,20,10,20,0.2000,123,9996105257,9996103798,39,1194
docs\inst_test\instancias\n_1000_7,300,20,10,10,0.3000,2026,9996105257,9996103798,46,1194
docs\inst_test\instancias\n_1000_7,300,20,10,20,0.3000,42,9996105257,9996103798,38,1194
docs\inst_test\instancias\n_1000_7,300,20,10,5,0.3000,42,9996105257,9996103798,64,1194
docs\inst_test\instancias\n_1000_7,300,20,10,5,0.3000,123,9996105266,9996103835,63,1194
docs\inst_test\instancias\n_1000_7,300,20,10,20,0.3000,123,9996105257,9996103798,47,1194
docs\inst_test\instancias\n_1000_7,300,20,10,5,0.3000,2026,9996105257,9996103798,68,1194
docs\inst_test\instancias\n_1000_7,300,20,10,20,0.2000,42,9996105257,9996103798,56,1194
docs\inst_test\instancias\n_1000_7,300,20,10,10,0.3000,123,9996105266,9996103835,62,1194
docs\inst_test\instancias\n_1000_7,300,20,10,20,0.1000,2026,9996105257,9996103798,60,1194
docs\inst_test\instancias\n_1000_7,300,20,10,20,0.2000,2026,9996105257,9996103798,57,1194
docs\inst_test\instancias\n_1000_7,300,20,15,5,0.1000,42,9996105257,9996103798,47,1194
docs\inst_test\instancias\n_1000_7,300,20,15,5,0.3000,42,9996105257,9996103798,35,1194
docs\inst_test\instancias\n_1000_7,300,20,15,5,0.2000,42,9996105264,9996103875,40,1194
docs\inst_test\instancias\n_1000_7,300,20,10,20,0.3000,2026,9996105257,9996103798,56,1194
docs\inst_test\instancias\n_1000_7,300,20,15,5,0.1000,2026,9996105257,9996103798,47,1194
docs\inst_test\instancias\n_1000_7,300,20,15,10,0.2000,123,9996105266,9996103835,38,1194
docs\inst_test\instancias\n_1000_7,300,20,15,10,0.2000,42,9996105257,9996103798,42,1194
docs\inst_test\instancias\n_1000_7,300,20,15,10,0.2000,2026,9996105257,9996103798,41,1194
docs\inst_test\instancias\n_1000_7,300,20,15,5,0.3000,2026,9996105257,9996103798,47,1194
docs\inst_test\instancias\n_1000_7,300,20,15,5,0.3000,123,9996105266,9996103835,48,1194
docs\inst_test\instancias\n_1000_7,300,20,15,10,0.3000,42,9996105257,9996103798,40,1194
docs\inst_test\instancias\n_1000_7,300,20,15,5,0.1000,123,9996105266,9996103835,59,1194
docs\inst_test\instancias\n_1000_7,300,20,15,10,0.3000,2026,9996105257,9996103798,40,1194
docs\inst_test\instancias\n_1000_7,300,20,15,10,0.1000,42,9996105257,9996103798,55,1194
docs\inst_test\instancias\n_1000_7,300,20,15,20,0.1000,123,9996105257,9996103798,39,1194
docs\inst_test\instancias\n_1000_7,300,20,15,5,0.2000,2026,9996105257,9996103798,60,1194
docs\inst_test\instancias\n_1000_7,300,20,15,10,0.1000,123,9996105266,9996103835,57,1194
docs\inst_test\instancias\n_1000_7,300,20,15,10,0.1000,2026,9996105257,9996103798,57,1194
docs\inst_test\instancias\n_1000_7,300,20,15,20,0.1000,2026,9996105257,9996103798,38,1194
docs\inst_test\instancias\n_1000_7,300,20,15,5,0.2000,123,9996105266,9996103835,65,1194
docs\inst_test\instancias\n_1000_7,300,20,15,20,0.2000,123,9996105257,9996103798,39,1194
docs\inst_test\instancias\n_1000_7,300,20,15,20,0.2000,2026,9996105257,9996103798,38,1194
docs\inst_test\instancias\n_1000_7,300,20,15,10,0.3000,123,9996105266,9996103835,57,1194
docs\inst_test\instancias\n_1000_7,300,20,15,20,0.3000,2026,9996105257,9996103798,38,1194
docs\inst_test\instancias\n_1000_7,300,20,15,20,0.2000,42,9996105257,9996103798,49,1194
docs\inst_test\instancias\n_1000_7,300,20,15,20,0.1000,42,9996105257,9996103798,57,1194
docs\inst_test\instancias\n_1000_7,300,20,15,20,0.3000,123,9996105257,9996103798,47,1194
docs\inst_test\instancias\n_1000_7,300,20,15,20,0.3000,42,9996105257,9996103798,53,1194
docs\inst_test\instancias\n_1000_7,500,10,7,5,0.2000,42,9996105264,9996103875,63,1194
docs\inst_test\instancias\n_1000_7,500,10,7,10,0.1000,42,9996105257,9996103798,68,1194
docs\inst_test\instancias\n_1000_7,500,10,7,20,0.1000,42,9996105257,9996103798,56,1194
docs\inst_test\instancias\n_1000_7,500,10,7,5,0.1000,123,9996105266,9996103835,82,1194
docs\inst_test\instancias\n_1000_7,500,10,7,5,0.1000,42,9996105257,9996103798,87,1194
docs\inst_test\instancias\n_1000_7,500,10,7,20,0.1000,123,9996105257,9996103798,56,1194
docs\inst_test\instancias\n_1000_7,500,10,7,10,0.3000,2026,9996105257,9996103798,61,1194
docs\inst_test\instancias\n_1000_7,500,10,7,5,0.2000,123,9996105266,9996103835,80,1194
docs\inst_test\instancias\n_1000_7,500,10,7,10,0.3000,123,9996105266,9996103835,65,1194
docs\inst_test\instancias\n_1000_7,500,10,7,5,0.3000,2026,9996105257,9996103798,78,1194
docs\inst_test\instancias\n_1000_7,500,10,7,20,0.1000,2026,9996105257,9996103798,63,1194
docs\inst_test\instancias\n_1000_7,500,10,7,5,0.3000,42,9996105257,9996103798,81,1194
docs\inst_test\instancias\n_1000_7,500,10,7,5,0.3000,123,9996105266,9996103835,85,1194
docs\inst_test\instancias\n_1000_7,500,10,7,10,0.1000,2026,9996105257,9996103798,85,1194
docs\inst_test\instancias\n_1000_7,500,10,7,20,0.2000,42,9996105257,9996103798,69,1194
docs\inst_test\instancias\n_1000_7,500,10,7,10,0.2000,123,9996105266,9996103835,80,1194
docs\inst_test\instancias\n_1000_7,500,10,7,10,0.3000,42,9996105257,9996103798,81,1194
docs\inst_test\instancias\n_1000_7,500,10,7,20,0.2000,2026,9996105257,9996103798,69,1194
docs\inst_test\instancias\n_1000_7,500,10,7,5,0.1000,2026,9996105264,9996103875,103,1194
docs\inst_test\instancias\n_1000_7,500,10,7,10,0.1000,123,9996105266,9996103835,95,1194
docs\inst_test\instancias\n_1000_7,500,10,7,10,0.2000,42,9996105257,9996103798,89,1194
docs\inst_test\instancias\n_1000_7,500,10,7,20,0.2000,123,9996105257,9996103798,75,1194
docs\inst_test\instancias\n_1000_7,500,10,7,10,0.2000,2026,9996105257,9996103798,90,1194
docs\inst_test\instancias\n_1000_7,500,10,7,5,0.2000,2026,9996105264,9996103875,102,1194
docs\inst_test\instancias\n_1000_7,500,10,7,20,0.3000,2026,9996105257,9996103798,71,1194
docs\inst_test\instancias\n_1000_7,500,10,7,20,0.3000,123,9996105257,9996103798,76,1194
docs\inst_test\instancias\n_1000_7,500,10,7,20,0.3000,42,9996105257,9996103798,82,1194
docs\inst_test\instancias\n_1000_7,500,10,10,5,0.1000,42,9996105257,9996103798,81,1194
docs\inst_test\instancias\n_1000_7,500,10,10,10,0.1000,42,9996105257,9996103798,63,1194
docs\inst_test\instancias\n_1000_7,500,10,10,10,0.2000,2026,9996105257,9996103798,58,1194
docs\inst_test\instancias\n_1000_7,500,10,10,5,0.1000,123,9996105266,9996103835,78,1194
docs\inst_test\instancias\n_1000_7,500,10,10,5,0.3000,2026,9996105257,9996103798,70,1194
docs\inst_test\instancias\n_1000_7,500,10,10,20,0.1000,123,9996105257,9996103798,50,1194
docs\inst_test\instancias\n_1000_7,500,10,10,5,0.2000,2026,9996105264,9996103875,77,1194
docs\inst_test\instancias\n_1000_7,500,10,10,10,0.1000,2026,9996105257,9996103798,71,1194
docs\inst_test\instancias\n_1000_7,500,10,10,20,0.1000,2026,9996105257,9996103798,56,1194
docs\inst_test\instancias\n_1000_7,500,10,10,10,0.2000,123,9996105266,9996103835,66,1194
docs\inst_test\instancias\n_1000_7,500,10,10,5,0.3000,123,9996105266,9996103835,79,1194
docs\inst_test\instancias\n_1000_7,500,10,10,5,0.2000,123,9996105266,9996103835,84,1194
docs\inst_test\instancias\n_1000_7,500,10,10,20,0.2000,2026,9996105257,9996103798,59,1194
docs\inst_test\instancias\n_1000_7,500,10,10,10,0.3000,123,9996105266,9996103835,71,1194
docs\inst_test\instancias\n_1000_7,500,10,10,5,0.3000,42,9996105257,9996103798,90,1194
docs\inst_test\instancias\n_1000_7,500,10,10,20,0.1000,42,9996105257,9996103798,68,1194
docs\inst_test\instancias\n_1000_7,500,10,10,20,0.2000,123,9996105257,9996103798,66,1194
docs\inst_test\instancias\n_1000_7,500,10,10,10,0.1000,123,9996105266,9996103835,88,1194
docs\inst_test\instancias\n_1000_7,500,10,10,10,0.3000,42,9996105257,9996103798,83,1194
docs\inst_test\instancias\n_1000_7,500,10,10,10,0.2000,42,9996105257,9996103798,87,1194
docs\inst_test\instancias\n_1000_7,500,10,10,5,0.2000,42,9996105264,9996103875,102,1194
docs\inst_test\instancias\n_1000_7,500,10,10,5,0.1000,2026,9996105264,9996103875,104,1194
docs\inst_test\instancias\n_1000_7,500,10,10,20,0.3000,2026,9996105257,9996103798,68,1194
docs\inst_test\instancias\n_1000_7,500,10,10,10,0.3000,2026,9996105257,9996103798,85,1194
docs\inst_test\instancias\n_1000_7,500,10,10,20,0.2000,42,9996105257,9996103798,85,1194
docs\inst_test\instancias\n_1000_7,500,10,10,20,0.3000,42,9996105257,9996103798,86,1194
docs\inst_test\instancias\n_1000_7,500,10,10,20,0.3000,123,9996105257,9996103798,94,1194
docs\inst_test\instancias\n_1000_7,500,10,15,10,0.1000,42,9996105257,9996103798,63,1194
docs\inst_test\instancias\n_1000_7,500,10,15,5,0.3000,42,9996105257,9996103798,69,1194
docs\inst_test\instancias\n_1000_7,500,10,15,5,0.1000,123,9996105266,9996103835,76,1194
docs\inst_test\instancias\n_1000_7,500,10,15,5,0.2000,2026,9996105264,9996103875,76,1194
docs\inst_test\instancias\n_1000_7,500,10,15,5,0.3000,123,9996105266,9996103835,74,1194
docs\inst_test\instancias\n_1000_7,500,10,15,5,0.1000,42,9996105257,9996103798,88,1194
docs\inst_test\instancias\n_1000_7,500,10,15,10,0.3000,2026,9996105257,9996103798,61,1194
docs\inst_test\instancias\n_1000_7,500,10,15,5,0.1000,2026,9996105264,9996103875,82,1194
docs\inst_test\instancias\n_1000_7,500,10,15,20,0.1000,42,9996105257,9996103798,57,1194
docs\inst_test\instancias\n_1000_7,500,10,15,5,0.3000,2026,9996105257,9996103798,78,1194
docs\inst_test\instancias\n_1000_7,500,10,15,20,0.1000,2026,9996105257,9996103798,60,1194
docs\inst_test\instancias\n_1000_7,500,10,15,20,0.1000,123,9996105257,9996103798,61,1194
docs\inst_test\instancias\n_1000_7,500,10,15,10,0.2000,123,9996105266,9996103835,70,1194
docs\inst_test\instancias\n_1000_7,500,10,15,10,0.1000,123,9996105266,9996103835,81,1194
docs\inst_test\instancias\n_1000_7,500,10,15,5,0.2000,42,9996105264,9996103875,96,1194
docs\inst_test\instancias\n_1000_7,500,10,15,10,0.2000,42,9996105257,9996103798,86,1194
docs\inst_test\instancias\n_1000_7,500,10,15,10,0.1000,2026,9996105257,9996103798,91,1194
docs\inst_test\instancias\n_1000_7,500,10,15,20,0.2000,42,9996105257,9996103798,75,1194
docs\inst_test\instancias\n_1000_7,500,10,15,5,0.2000,123,9996105266,9996103835,101,1194
docs\inst_test\instancias\n_1000_7,500,10,15,20,0.3000,42,9996105257,9996103798,69,1194
docs\inst_test\instancias\n_1000_7,500,10,15,10,0.3000,123,9996105266,9996103835,86,1194
docs\inst_test\instancias\n_1000_7,500,10,15,10,0.2000,2026,9996105257,9996103798,89,1194
docs\inst_test\instancias\n_1000_7,500,10,15,20,0.3000,2026,9996105257,9996103798,55,1194
docs\inst_test\instancias\n_1000_7,500,10,15,20,0.2000,2026,9996105257,9996103798,79,1194
docs\inst_test\instancias\n_1000_7,500,10,15,10,0.3000,42,9996105257,9996103798,96,1194
docs\inst_test\instancias\n_1000_7,500,10,15,20,0.2000,123,9996105257,9996103798,90,1194
docs\inst_test\instancias\n_1000_7,500,10,15,20,0.3000,123,9996105257,9996103798,89,1194
docs\inst_test\instancias\n_1000_7,500,15,7,5,0.2000,123,9996105266,9996103835,66,1194
docs\inst_test\instancias\n_1000_7,500,15,7,5,0.1000,42,9996105257,9996103798,75,1194
docs\inst_test\instancias\n_1000_7,500,15,7,10,0.1000,123,9996105266,9996103835,62,1194
docs\inst_test\instancias\n_1000_7,500,15,7,10,0.1000,42,9996105257,9996103798,67,1194
docs\inst_test\instancias\n_1000_7,500,15,7,5,0.1000,2026,9996105264,9996103875,83,1194
docs\inst_test\instancias\n_1000_7,500,15,7,5,0.3000,42,9996105257,9996103798,75,1194
docs\inst_test\instancias\n_1000_7,500,15,7,5,0.3000,2026,9996105257,9996103798,75,1194
docs\inst_test\instancias\n_1000_7,500,15,7,5,0.2000,2026,9996105264,9996103875,78,1194
docs\inst_test\instancias\n_1000_7,500,15,7,20,0.2000,42,9996105257,9996103798,55,1194
docs\inst_test\instancias\n_1000_7,500,15,7,5,0.1000,123,9996105266,9996103835,90,1194
docs\inst_test\instancias\n_1000_7,500,15,7,10,0.1000,2026,9996105257,9996103798,76,1194
docs\inst_test\instancias\n_1000_7,500,15,7,10,0.3000,42,9996105257,9996103798,64,1194
docs\inst_test\instancias\n_1000_7,500,15,7,10,0.2000,42,9996105257,9996103798,77,1194
docs\inst_test\instancias\n_1000_7,500,15,7,20,0.1000,2026,9996105257,9996103798,59,1194
docs\inst_test\instancias\n_1000_7,500,15,7,20,0.1000,123,9996105257,9996103798,64,1194
docs\inst_test\instancias\n_1000_7,500,15,7,10,0.2000,123,9996105266,9996103835,81,1194
docs\inst_test\instancias\n_1000_7,500,15,7,5,0.3000,123,9996105266,9996103835,88,1194
docs\inst_test\instancias\n_1000_7,500,15,7,5,0.2000,42,9996105264,9996103875,93,1194
docs\inst_test\instancias\n_1000_7,500,15,7,20,0.1000,42,9996105257,9996103798,70,1194
docs\inst_test\instancias\n_1000_7,500,15,7,20,0.2000,123,9996105257,9996103798,67,1194
docs\inst_test\instancias\n_1000_7,500,15,7,20,0.2000,2026,9996105257,9996103798,63,1194
docs\inst_test\instancias\n_1000_7,500,15,7,10,0.3000,123,9996105266,9996103835,73,1194
docs\inst_test\instancias\n_1000_7,500,15,7,10,0.2000,2026,9996105257,9996103798,81,1194
docs\inst_test\instancias\n_1000_7,500,15,7,20,0.3000,42,9996105257,9996103798,69,1194
docs\inst_test\instancias\n_1000_7,500,15,7,10,0.3000,2026,9996105257,9996103798,80,1194
docs\inst_test\instancias\n_1000_7,500,15,7,20,0.3000,123,9996105257,9996103798,71,1194
docs\inst_test\instancias\n_1000_7,500,15,7,20,0.3000,2026,9996105257,9996103798,59,1194
docs\inst_test\instancias\n_1000_7,500,15,10,5,0.1000,42,9996105257,9996103798,65,1194
docs\inst_test\instancias\n_1000_7,500,15,10,5,0.3000,2026,9996105257,9996103798,55,1194
docs\inst_test\instancias\n_1000_7,500,15,10,5,0.1000,2026,9996105264,9996103875,70,1194
docs\inst_test\instancias\n_1000_7,500,15,10,5,0.1000,123,9996105266,9996103835,73,1194
docs\inst_test\instancias\n_1000_7,500,15,10,20,0.2000,123,9996105257,9996103798,43,1194
docs\inst_test\instancias\n_1000_7,500,15,10,10,0.1000,42,9996105257,9996103798,59,1194
docs\inst_test\instancias\n_1000_7,500,15,10,10,0.1000,123,9996105266,9996103835,61,1194
docs\inst_test\instancias\n_1000_7,500,15,10,10,0.2000,42,9996105257,9996103798,61,1194
docs\inst_test\instancias\n_1000_7,500,15,10,5,0.2000,42,9996105264,9996103875,72,1194
docs\inst_test\instancias\n_1000_7,500,15,10,10,0.2000,2026,9996105257,9996103798,56,1194
docs\inst_test\instancias\n_1000_7,500,15,10,5,0.2000,123,9996105266,9996103835,72,1194
docs\inst_test\instancias\n_1000_7,500,15,10,5,0.3000,42,9996105257,9996103798,68,1194
docs\inst_test\instancias\n_1000_7,500,15,10,10,0.3000,123,9996105266,9996103835,56,1194
docs\inst_test\instancias\n_1000_7,500,15,10,20,0.1000,123,9996105257,9996103798,54,1194
docs\inst_test\instancias\n_1000_7,500,15,10,10,0.2000,123,9996105266,9996103835,64,1194
docs\inst_test\instancias\n_1000_7,500,15,10,5,0.2000,2026,9996105264,9996103875,71,1194
docs\inst_test\instancias\n_1000_7,500,15,10,5,0.3000,123,9996105266,9996103835,71,1194
docs\inst_test\instancias\n_1000_7,500,15,10,10,0.1000,2026,9996105257,9996103798,65,1194
docs\inst_test\instancias\n_1000_7,500,15,10,20,0.1000,42,9996105257,9996103798,59,1194
docs\inst_test\instancias\n_1000_7,500,15,10,20,0.1000,2026,9996105257,9996103798,59,1194
docs\inst_test\instancias\n_1000_7,500,15,10,10,0.3000,2026,9996105257,9996103798,63,1194
docs\inst_test\instancias\n_1000_7,500,15,10,10,0.3000,42,9996105257,9996103798,64,1194
docs\inst_test\instancias\n_1000_7,500,15,10,20,0.3000,42,9996105257,9996103798,52,1194
docs\inst_test\instancias\n_1000_7,500,15,10,20,0.2000,2026,9996105257,9996103798,54,1194
docs\inst_test\instancias\n_1000_7,500,15,10,20,0.2000,42,9996105257,9996103798,62,1194
docs\inst_test\instancias\n_1000_7,500,15,10,20,0.3000,123,9996105257,9996103798,56,1194
docs\inst_test\instancias\n_1000_7,500,15,10,20,0.3000,2026,9996105257,9996103798,57,1194
docs\inst_test\instancias\n_1000_7,500,15,15,10,0.1000,42,9996105257,9996103798,48,1194
docs\inst_test\instancias\n_1000_7,500,15,15,5,0.1000,42,9996105257,9996103798,67,1194
docs\inst_test\instancias\n_1000_7,500,15,15,5,0.1000,2026,9996105264,9996103875,63,1194
docs\inst_test\instancias\n_1000_7,500,15,15,10,0.1000,2026,9996105257,9996103798,55,1194
docs\inst_test\instancias\n_1000_7,500,15,15,20,0.1000,2026,9996105257,9996103798,48,1194
docs\inst_test\instancias\n_1000_7,500,15,15,10,0.2000,2026,9996105257,9996103798,55,1194
docs\inst_test\instancias\n_1000_7,500,15,15,20,0.1000,123,9996105257,9996103798,52,1194
docs\inst_test\instancias\n_1000_7,500,15,15,5,0.2000,2026,9996105264,9996103875,64,1194
docs\inst_test\instancias\n_1000_7,500,15,15,10,0.3000,2026,9996105257,9996103798,56,1194
docs\inst_test\instancias\n_1000_7,500,15,15,10,0.3000,123,9996105266,9996103835,57,1194
docs\inst_test\instancias\n_1000_7,500,15,15,10,0.1000,123,9996105266,9996103835,61,1194
docs\inst_test\instancias\n_1000_7,500,15,15,5,0.1000,123,9996105266,9996103835,72,1194
docs\inst_test\instancias\n_1000_7,500,15,15,5,0.2000,123,9996105266,9996103835,68,1194
docs\inst_test\instancias\n_1000_7,500,15,15,5,0.2000,42,9996105264,9996103875,70,1194
docs\inst_test\instancias\n_1000_7,500,15,15,10,0.2000,42,9996105257,9996103798,63,1194
docs\inst_test\instancias\n_1000_7,500,15,15,20,0.2000,42,9996105257,9996103798,57,1194
docs\inst_test\instancias\n_1000_7,500,15,15,20,0.1000,42,9996105257,9996103798,59,1194
docs\inst_test\instancias\n_1000_7,500,15,15,10,0.3000,42,9996105257,9996103798,63,1194
docs\inst_test\instancias\n_1000_7,500,15,15,20,0.3000,42,9996105257,9996103798,57,1194
docs\inst_test\instancias\n_1000_7,500,15,15,10,0.2000,123,9996105266,9996103835,65,1194
docs\inst_test\instancias\n_1000_7,500,15,15,5,0.3000,2026,9996105257,9996103798,68,1194
docs\inst_test\instancias\n_1000_7,500,15,15,20,0.2000,123,9996105257,9996103798,61,1194
docs\inst_test\instancias\n_1000_7,500,15,15,5,0.3000,42,9996105257,9996103798,72,1194
docs\inst_test\instancias\n_1000_7,500,15,15,5,0.3000,123,9996105266,9996103835,71,1194
docs\inst_test\instancias\n_1000_7,500,15,15,20,0.2000,2026,9996105257,9996103798,60,1194
docs\inst_test\instancias\n_1000_7,500,15,15,20,0.3000,2026,9996105257,9996103798,48,1194
docs\inst_test\instancias\n_1000_7,500,15,15,20,0.3000,123,9996105257,9996103798,60,1194
docs\inst_test\instancias\n_1000_7,500,20,7,10,0.1000,42,9996105257,9996103798,55,1194
docs\inst_test\instancias\n_1000_7,500,20,7,5,0.1000,2026,9996105264,9996103875,61,1194
docs\inst_test\instancias\n_1000_7,500,20,7,5,0.1000,42,9996105257,9996103798,70,1194
docs\inst_test\instancias\n_1000_7,500,20,7,10,0.1000,2026,9996105257,9996103798,58,1194
docs\inst_test\instancias\n_1000_7,500,20,7,10,0.2000,123,9996105266,9996103835,59,1194
docs\inst_test\instancias\n_1000_7,500,20,7,10,0.2000,42,9996105257,9996103798,59,1194
docs\inst_test\instancias\n_1000_7,500,20,7,10,0.3000,42,9996105257,9996103798,57,1194
docs\inst_test\instancias\n_1000_7,500,20,7,20,0.3000,123,9996105257,9996103798,51,1194
docs\inst_test\instancias\n_1000_7,500,20,7,10,0.3000,123,9996105266,9996103835,58,1194
docs\inst_test\instancias\n_1000_7,500,20,7,20,0.3000,42,9996105257,9996103798,52,1194
docs\inst_test\instancias\n_1000_7,500,20,7,10,0.1000,123,9996105266,9996103835,62,1194
docs\inst_test\instancias\n_1000_7,500,20,7,5,0.1000,123,9996105266,9996103835,72,1194
docs\inst_test\instancias\n_1000_7,500,20,7,5,0.2000,42,9996105264,9996103875,68,1194
docs\inst_test\instancias\n_1000_7,500,20,7,20,0.1000,2026,9996105257,9996103798,56,1194
docs\inst_test\instancias\n_1000_7,500,20,7,5,0.3000,42,9996105257,9996103798,67,1194
docs\inst_test\instancias\n_1000_7,500,20,7,20,0.1000,123,9996105257,9996103798,59,1194
docs\inst_test\instancias\n_1000_7,500,20,7,20,0.2000,2026,9996105257,9996103798,56,1194
docs\inst_test\instancias\n_1000_7,500,20,7,10,0.2000,2026,9996105257,9996103798,63,1194
docs\inst_test\instancias\n_1000_7,500,20,7,5,0.2000,123,9996105266,9996103835,71,1194
docs\inst_test\instancias\n_1000_7,500,20,7,20,0.2000,42,9996105257,9996103798,56,1194
docs\inst_test\instancias\n_1000_7,500,20,7,20,0.1000,42,9996105257,9996103798,60,1194
docs\inst_test\instancias\n_1000_7,500,20,7,5,0.2000,2026,9996105264,9996103875,71,1194
docs\inst_test\instancias\n_1000_7,500,20,7,5,0.3000,2026,9996105257,9996103798,70,1194
docs\inst_test\instancias\n_1000_7,500,20,7,10,0.3000,2026,9996105257,9996103798,62,1194
docs\inst_test\instancias\n_1000_7,500,20,7,5,0.3000,123,9996105266,9996103835,70,1194
docs\inst_test\instancias\n_1000_7,500,20,7,20,0.2000,123,9996105257,9996103798,59,1194
docs\inst_test\instancias\n_1000_7,500,20,7,20,0.3000,2026,9996105257,9996103798,58,1194
docs\inst_test\instancias\n_1000_7,500,20,10,10,0.1000,42,9996105257,9996103798,53,1194
docs\inst_test\instancias\n_1000_7,500,20,10,10,0.1000,123,9996105266,9996103835,54,1194
docs\inst_test\instancias\n_1000_7,500,20,10,5,0.1000,42,9996105257,9996103798,63,1194
docs\inst_test\instancias\n_1000_7,500,20,10,20,0.1000,2026,9996105257,9996103798,52,1194
docs\inst_test\instancias\n_1000_7,500,20,10,20,0.2000,42,9996105257,9996103798,52,1194
docs\inst_test\instancias\n_1000_7,500,20,10,20,0.1000,42,9996105257,9996103798,54,1194
docs\inst_test\instancias\n_1000_7,500,20,10,5,0.1000,2026,9996105264,9996103875,65,1194
docs\inst_test\instancias\n_1000_7,500,20,10,20,0.1000,123,9996105257,9996103798,58,1194
docs\inst_test\instancias\n_1000_7,500,20,10,20,0.3000,42,9996105257,9996103798,57,1194
docs\inst_test\instancias\n_1000_7,500,20,10,10,0.2000,123,9996105266,9996103835,62,1194
docs\inst_test\instancias\n_1000_7,500,20,10,10,0.3000,2026,9996105257,9996103798,60,1194
docs\inst_test\instancias\n_1000_7,500,20,10,20,0.2000,123,9996105257,9996103798,58,1194
docs\inst_test\instancias\n_1000_7,500,20,10,5,0.1000,123,9996105266,9996103835,72,1194
docs\inst_test\instancias\n_1000_7,500,20,10,10,0.2000,42,9996105257,9996103798,65,1194
docs\inst_test\instancias\n_1000_7,500,20,10,10,0.3000,123,9996105266,9996103835,62,1194
docs\inst_test\instancias\n_1000_7,500,20,10,5,0.2000,123,9996105266,9996103835,67,1194
docs\inst_test\instancias\n_1000_7,500,20,10,10,0.1000,2026,9996105257,9996103798,65,1194
docs\inst_test\instancias\n_1000_7,500,20,10,5,0.2000,42,9996105264,9996103875,68,1194
docs\inst_test\instancias\n_1000_7,500,20,10,5,0.2000,2026,9996105264,9996103875,67,1194
docs\inst_test\instancias\n_1000_7,500,20,10,20,0.3000,123,9996105257,9996103798,59,1194
docs\inst_test\instancias\n_1000_7,500,20,10,10,0.2000,2026,9996105257,9996103798,64,1194
docs\inst_test\instancias\n_1000_7,500,20,10,20,0.2000,2026,9996105257,9996103798,61,1194
docs\inst_test\instancias\n_1000_7,500,20,10,5,0.3000,42,9996105257,9996103798,69,1194
docs\inst_test\instancias\n_1000_7,500,20,10,5,0.3000,2026,9996105257,9996103798,69,1194
docs\inst_test\instancias\n_1000_7,500,20,10,10,0.3000,42,9996105257,9996103798,65,1194
docs\inst_test\instancias\n_1000_7,500,20,10,5,0.3000,123,9996105266,9996103835,70,1194
docs\inst_test\instancias\n_1000_7,500,20,10,20,0.3000,2026,9996105257,9996103798,57,1194
docs\inst_test\instancias\n_1000_7,500,20,15,5,0.1000,2026,9996105264,9996103875,62,1194
docs\inst_test\instancias\n_1000_7,500,20,15,10,0.1000,42,9996105257,9996103798,55,1194
docs\inst_test\instancias\n_1000_7,500,20,15,20,0.3000,123,9996105257,9996103798,49,1194
docs\inst_test\instancias\n_1000_7,500,20,15,10,0.1000,123,9996105266,9996103835,56,1194
docs\inst_test\instancias\n_1000_7,500,20,15,20,0.2000,123,9996105257,9996103798,52,1194
docs\inst_test\instancias\n_1000_7,500,20,15,20,0.1000,2026,9996105257,9996103798,54,1194
docs\inst_test\instancias\n_1000_7,500,20,15,5,0.1000,42,9996105257,9996103798,68,1194
docs\inst_test\instancias\n_1000_7,500,20,15,5,0.1000,123,9996105266,9996103835,66,1194
docs\inst_test\instancias\n_1000_7,500,20,15,20,0.3000,42,9996105257,9996103798,53,1194
docs\inst_test\instancias\n_1000_7,500,20,15,10,0.1000,2026,9996105257,9996103798,58,1194
docs\inst_test\instancias\n_1000_7,500,20,15,10,0.3000,2026,9996105257,9996103798,56,1194
docs\inst_test\instancias\n_1000_7,500,20,15,10,0.2000,42,9996105257,9996103798,58,1194
docs\inst_test\instancias\n_1000_7,500,20,15,10,0.2000,123,9996105266,9996103835,57,1194
docs\inst_test\instancias\n_1000_7,500,20,15,20,0.3000,2026,9996105257,9996103798,50,1194
docs\inst_test\instancias\n_1000_7,500,20,15,20,0.1000,42,9996105257,9996103798,58,1194
docs\inst_test\instancias\n_1000_7,500,20,15,20,0.2000,42,9996105257,9996103798,58,1194
docs\inst_test\instancias\n_1000_7,500,20,15,10,0.3000,123,9996105266,9996103835,59,1194
docs\inst_test\instancias\n_1000_7,500,20,15,5,0.2000,123,9996105266,9996103835,67,1194
docs\inst_test\instancias\n_1000_7,500,20,15,5,0.2000,42,9996105264,9996103875,68,1194
docs\inst_test\instancias\n_1000_7,500,20,15,20,0.1000,123,9996105257,9996103798,60,1194
docs\inst_test\instancias\n_1000_7,500,20,15,10,0.2000,2026,9996105257,9996103798,60,1194
docs\inst_test\instancias\n_1000_7,500,20,15,5,0.3000,123,9996105266,9996103835,65,1194
docs\inst_test\instancias\n_1000_7,500,20,15,20,0.2000,2026,9996105257,9996103798,58,1194
docs\inst_test\instancias\n_1000_7,500,20,15,5,0.2000,2026,9996105264,9996103875,69,1194
docs\inst_test\instancias\n_1000_7,500,20,15,10,0.3000,42,9996105257,9996103798,63,1194
docs\inst_test\instancias\n_1000_7,500,20,15,5,0.3000,42,9996105257,9996103798,69,1194
docs\inst_test\instancias\n_1000_7,500,20,15,5,0.3000,2026,9996105257,9996103798,67,1194
docs\inst_test\instancias\n_1000_8,100,10,7,20,0.1000,123,9996111497,9996109804,11,1235
docs\inst_test\instancias\n_1000_8,100,10,7,20,0.1000,2026,9996111497,9996109804,11,1235
docs\inst_test\instancias\n_1000_8,100,10,7,20,0.1000,42,9996111497,9996109804,11,1235
docs\inst_test\instancias\n_1000_8,100,10,7,5,0.1000,2026,9996111497,9996109804,14,1235
docs\inst_test\instancias\n_1000_8,100,10,7,10,0.3000,2026,9996111497,9996109804,13,1235
docs\inst_test\instancias\n_1000_8,100,10,7,10,0.3000,123,9996111497,9996109804,13,1235
docs\inst_test\instancias\n_1000_8,100,10,7,5,0.1000,42,9996111497,9996109804,14,1235
docs\inst_test\instancias\n_1000_8,100,10,7,20,0.2000,2026,9996111497,9996109804,13,1235
docs\inst_test\instancias\n_1000_8,100,10,7,5,0.1000,123,9996111497,9996109804,15,1235
docs\inst_test\instancias\n_1000_8,100,10,7,20,0.3000,42,9996111497,9996109804,13,1235
docs\inst_test\instancias\n_1000_8,100,10,7,5,0.2000,123,9996111497,9996109804,15,1235
docs\inst_test\instancias\n_1000_8,100,10,7,5,0.2000,42,9996111502,9996110095,15,1235
docs\inst_test\instancias\n_1000_8,100,10,7,10,0.3000,42,9996111497,9996109804,14,1235
docs\inst_test\instancias\n_1000_8,100,10,7,20,0.3000,2026,9996111497,9996109804,12,1235
docs\inst_test\instancias\n_1000_8,100,10,7,20,0.2000,123,9996111497,9996109804,17,1235
docs\inst_test\instancias\n_1000_8,100,10,7,20,0.3000,123,9996111497,9996109804,19,1235
docs\inst_test\instancias\n_1000_8,100,10,7,10,0.2000,123,9996111497,9996109804,20,1235
docs\inst_test\instancias\n_1000_8,100,10,7,20,0.2000,42,9996111497,9996109804,20,1235
docs\inst_test\instancias\n_1000_8,100,10,7,5,0.3000,42,9996111502,9996110095,20,1235
docs\inst_test\instancias\n_1000_8,100,10,7,10,0.1000,42,9996111497,9996109804,21,1235
docs\inst_test\instancias\n_1000_8,100,10,7,10,0.1000,2026,9996111497,9996109804,22,1235
docs\inst_test\instancias\n_1000_8,100,10,7,10,0.1000,123,9996111497,9996109804,22,1235
docs\inst_test\instancias\n_1000_8,100,10,7,5,0.3000,123,9996111497,9996109804,22,1235
docs\inst_test\instancias\n_1000_8,100,10,7,10,0.2000,42,9996111497,9996109804,22,1235
docs\inst_test\instancias\n_1000_8,100,10,7,5,0.2000,2026,9996111497,9996109804,22,1235
docs\inst_test\instancias\n_1000_8,100,10,7,5,0.3000,2026,9996111497,9996109804,23,1235
docs\inst_test\instancias\n_1000_8,100,10,7,10,0.2000,2026,9996111497,9996109804,22,1235
docs\inst_test\instancias\n_1000_8,100,10,10,10,0.1000,123,9996111497,9996109804,11,1235
docs\inst_test\instancias\n_1000_8,100,10,10,10,0.1000,2026,9996111497,9996109804,13,1235
docs\inst_test\instancias\n_1000_8,100,10,10,5,0.1000,123,9996111497,9996109804,16,1235
docs\inst_test\instancias\n_1000_8,100,10,10,5,0.1000,42,9996111497,9996109804,16,1235
docs\inst_test\instancias\n_1000_8,100,10,10,10,0.2000,123,9996111497,9996109804,14,1235
docs\inst_test\instancias\n_1000_8,100,10,10,5,0.1000,2026,9996111497,9996109804,16,1235
docs\inst_test\instancias\n_1000_8,100,10,10,10,0.1000,42,9996111497,9996109804,14,1235
docs\inst_test\instancias\n_1000_8,100,10,10,5,0.2000,42,9996111502,9996110095,15,1235
docs\inst_test\instancias\n_1000_8,100,10,10,5,0.3000,123,9996111497,9996109804,15,1235
docs\inst_test\instancias\n_1000_8,100,10,10,5,0.2000,2026,9996111497,9996109804,16,1235
docs\inst_test\instancias\n_1000_8,100,10,10,5,0.2000,123,9996111497,9996109804,16,1235
docs\inst_test\instancias\n_1000_8,100,10,10,5,0.3000,2026,9996111497,9996109804,15,1235
docs\inst_test\instancias\n_1000_8,100,10,10,5,0.3000,42,9996111502,9996110095,16,1235
docs\inst_test\instancias\n_1000_8,100,10,10,10,0.2000,42,9996111497,9996109804,18,1235
docs\inst_test\instancias\n_1000_8,100,10,10,20,0.3000,42,9996111497,9996109804,15,1235
docs\inst_test\instancias\n_1000_8,100,10,10,20,0.1000,42,9996111497,9996109804,16,1235
docs\inst_test\instancias\n_1000_8,100,10,10,20,0.2000,123,9996111497,9996109804,16,1235
docs\inst_test\instancias\n_1000_8,100,10,10,10,0.2000,2026,9996111497,9996109804,20,1235
docs\inst_test\instancias\n_1000_8,100,10,10,20,0.3000,123,9996111497,9996109804,17,1235
docs\inst_test\instancias\n_1000_8,100,10,10,10,0.3000,42,9996111497,9996109804,21,1235
docs\inst_test\instancias\n_1000_8,100,10,15,5,0.1000,42,9996111497,9996109804,13,1235
docs\inst_test\instancias\n_1000_8,100,10,10,20,0.1000,123,9996111497,9996109804,21,1235
docs\inst_test\instancias\n_1000_8,100,10,10,10,0.3000,123,9996111497,9996109804,22,1235
docs\inst_test\instancias\n_1000_8,100,10,10,10,0.3000,2026,9996111497,9996109804,22,1235
docs\inst_test\instancias\n_1000_8,100,10,10,20,0.3000,2026,9996111497,9996109804,19,1235
docs\inst_test\instancias\n_1000_8,100,10,10,20,0.1000,2026,9996111497,9996109804,20,1235
docs\inst_test\instancias\n_1000_8,100,10,10,20,0.2000,42,9996111497,9996109804,21,1235
docs\inst_test\instancias\n_1000_8,100,10,10,20,0.2000,2026,9996111497,9996109804,21,1235
docs\inst_test\instancias\n_1000_8,100,10,15,5,0.1000,2026,9996111497,9996109804,14,1235
docs\inst_test\instancias\n_1000_8,100,10,15,10,0.1000,42,9996111497,9996109804,13,1235
docs\inst_test\instancias\n_1000_8,100,10,15,5,0.3000,123,9996111497,9996109804,15,1235
docs\inst_test\instancias\n_1000_8,100,10,15,5,0.2000,42,9996111502,9996110095,15,1235
docs\inst_test\instancias\n_1000_8,100,10,15,10,0.1000,123,9996111497,9996109804,14,1235
docs\inst_test\instancias\n_1000_8,100,10,15,5,0.2000,2026,9996111497,9996109804,15,1235
docs\inst_test\instancias\n_1000_8,100,10,15,5,0.2000,123,9996111497,9996109804,15,1235
docs\inst_test\instancias\n_1000_8,100,10,15,5,0.1000,123,9996111497,9996109804,17,1235
docs\inst_test\instancias\n_1000_8,100,10,15,5,0.3000,2026,9996111497,9996109804,15,1235
docs\inst_test\instancias\n_1000_8,100,10,15,5,0.3000,42,9996111502,9996110095,16,1235
docs\inst_test\instancias\n_1000_8,100,10,15,10,0.1000,2026,9996111497,9996109804,18,1235
docs\inst_test\instancias\n_1000_8,100,10,15,10,0.2000,123,9996111497,9996109804,16,1235
docs\inst_test\instancias\n_1000_8,100,10,15,20,0.1000,2026,9996111497,9996109804,10,1235
docs\inst_test\instancias\n_1000_8,100,10,15,10,0.2000,42,9996111497,9996109804,21,1235
docs\inst_test\instancias\n_1000_8,100,10,15,10,0.3000,123,9996111497,9996109804,15,1235
docs\inst_test\instancias\n_1000_8,100,10,15,10,0.2000,2026,9996111497,9996109804,16,1235
docs\inst_test\instancias\n_1000_8,100,10,15,20,0.3000,42,9996111497,9996109804,13,1235
docs\inst_test\instancias\n_1000_8,100,10,15,10,0.3000,42,9996111497,9996109804,18,1235
docs\inst_test\instancias\n_1000_8,100,10,15,20,0.2000,42,9996111497,9996109804,15,1235
docs\inst_test\instancias\n_1000_8,100,10,15,20,0.1000,123,9996111497,9996109804,18,1235
docs\inst_test\instancias\n_1000_8,100,15,7,5,0.1000,123,9996111497,9996109804,15,1235
docs\inst_test\instancias\n_1000_8,100,10,15,20,0.1000,42,9996111497,9996109804,19,1235
docs\inst_test\instancias\n_1000_8,100,15,7,5,0.2000,42,9996111502,9996110095,15,1235
docs\inst_test\instancias\n_1000_8,100,15,7,10,0.1000,42,9996111497,9996109804,13,1235
docs\inst_test\instancias\n_1000_8,100,15,7,5,0.1000,2026,9996111497,9996109804,16,1235
docs\inst_test\instancias\n_1000_8,100,15,7,5,0.2000,123,9996111497,9996109804,15,1235
docs\inst_test\instancias\n_1000_8,100,15,7,5,0.3000,123,9996111497,9996109804,16,1235
docs\inst_test\instancias\n_1000_8,100,15,7,5,0.2000,2026,9996111497,9996109804,16,1235
docs\inst_test\instancias\n_1000_8,100,10,15,10,0.3000,2026,9996111497,9996109804,22,1235
docs\inst_test\instancias\n_1000_8,100,15,7,5,0.3000,42,9996111502,9996110095,17,1235
docs\inst_test\instancias\n_1000_8,100,15,7,5,0.3000,2026,9996111497,9996109804,15,1235
docs\inst_test\instancias\n_1000_8,100,10,15,20,0.2000,123,9996111497,9996109804,20,1235
docs\inst_test\instancias\n_1000_8,100,10,15,20,0.2000,2026,9996111497,9996109804,21,1235
docs\inst_test\instancias\n_1000_8,100,10,15,20,0.3000,123,9996111497,9996109804,21,1235
docs\inst_test\instancias\n_1000_8,100,10,15,20,0.3000,2026,9996111497,9996109804,20,1235
docs\inst_test\instancias\n_1000_8,100,15,7,10,0.1000,123,9996111497,9996109804,19,1235
docs\inst_test\instancias\n_1000_8,100,15,7,5,0.1000,42,9996111497,9996109804,22,1235
docs\inst_test\instancias\n_1000_8,100,15,7,10,0.2000,42,9996111497,9996109804,18,1235
docs\inst_test\instancias\n_1000_8,100,15,7,10,0.3000,42,9996111497,9996109804,13,1235
docs\inst_test\instancias\n_1000_8,100,15,7,10,0.2000,123,9996111497,9996109804,17,1235
docs\inst_test\instancias\n_1000_8,100,15,7,20,0.1000,42,9996111497,9996109804,12,1235
docs\inst_test\instancias\n_1000_8,100,15,7,20,0.1000,123,9996111497,9996109804,11,1235
docs\inst_test\instancias\n_1000_8,100,15,7,10,0.1000,2026,9996111497,9996109804,21,1235
docs\inst_test\instancias\n_1000_8,100,15,7,10,0.3000,2026,9996111497,9996109804,14,1235
docs\inst_test\instancias\n_1000_8,100,15,7,20,0.2000,42,9996111497,9996109804,12,1235
docs\inst_test\instancias\n_1000_8,100,15,7,20,0.2000,2026,9996111497,9996109804,11,1235
docs\inst_test\instancias\n_1000_8,100,15,7,20,0.3000,42,9996111497,9996109804,12,1235
docs\inst_test\instancias\n_1000_8,100,15,7,20,0.3000,123,9996111497,9996109804,12,1235
docs\inst_test\instancias\n_1000_8,100,15,7,20,0.3000,2026,9996111497,9996109804,14,1235
docs\inst_test\instancias\n_1000_8,100,15,7,10,0.2000,2026,9996111497,9996109804,21,1235
docs\inst_test\instancias\n_1000_8,100,15,7,10,0.3000,123,9996111497,9996109804,21,1235
docs\inst_test\instancias\n_1000_8,100,15,10,5,0.1000,123,9996111497,9996109804,15,1235
docs\inst_test\instancias\n_1000_8,100,15,7,20,0.1000,2026,9996111497,9996109804,18,1235
docs\inst_test\instancias\n_1000_8,100,15,10,5,0.2000,123,9996111497,9996109804,15,1235
docs\inst_test\instancias\n_1000_8,100,15,10,5,0.1000,42,9996111497,9996109804,17,1235
docs\inst_test\instancias\n_1000_8,100,15,7,20,0.2000,123,9996111497,9996109804,19,1235
docs\inst_test\instancias\n_1000_8,100,15,10,5,0.1000,2026,9996111497,9996109804,18,1235
docs\inst_test\instancias\n_1000_8,100,15,10,5,0.2000,42,9996111502,9996110095,18,1235
docs\inst_test\instancias\n_1000_8,100,15,10,10,0.1000,42,9996111497,9996109804,14,1235
docs\inst_test\instancias\n_1000_8,100,15,10,20,0.1000,123,9996111497,9996109804,12,1235
docs\inst_test\instancias\n_1000_8,100,15,10,10,0.3000,42,9996111497,9996109804,14,1235
docs\inst_test\instancias\n_1000_8,100,15,10,10,0.2000,2026,9996111497,9996109804,14,1235
docs\inst_test\instancias\n_1000_8,100,15,10,20,0.1000,42,9996111497,9996109804,12,1235
docs\inst_test\instancias\n_1000_8,100,15,10,10,0.2000,42,9996111497,9996109804,15,1235
docs\inst_test\instancias\n_1000_8,100,15,10,10,0.3000,2026,9996111497,9996109804,14,1235
docs\inst_test\instancias\n_1000_8,100,15,10,5,0.2000,2026,9996111497,9996109804,22,1235
docs\inst_test\instancias\n_1000_8,100,15,10,5,0.3000,2026,9996111497,9996109804,21,1235
docs\inst_test\instancias\n_1000_8,100,15,10,20,0.1000,2026,9996111497,9996109804,13,1235
docs\inst_test\instancias\n_1000_8,100,15,10,5,0.3000,42,9996111502,9996110095,22,1235
docs\inst_test\instancias\n_1000_8,100,15,10,20,0.2000,42,9996111497,9996109804,13,1235
docs\inst_test\instancias\n_1000_8,100,15,10,5,0.3000,123,9996111497,9996109804,22,1235
docs\inst_test\instancias\n_1000_8,100,15,10,10,0.1000,123,9996111497,9996109804,20,1235
docs\inst_test\instancias\n_1000_8,100,15,10,20,0.2000,2026,9996111497,9996109804,13,1235
docs\inst_test\instancias\n_1000_8,100,15,10,10,0.2000,123,9996111497,9996109804,19,1235
docs\inst_test\instancias\n_1000_8,100,15,10,10,0.1000,2026,9996111497,9996109804,19,1235
docs\inst_test\instancias\n_1000_8,100,15,10,20,0.3000,123,9996111497,9996109804,12,1235
docs\inst_test\instancias\n_1000_8,100,15,10,20,0.2000,123,9996111497,9996109804,16,1235
docs\inst_test\instancias\n_1000_8,100,15,10,10,0.3000,123,9996111497,9996109804,20,1235
docs\inst_test\instancias\n_1000_8,100,15,10,20,0.3000,2026,9996111497,9996109804,15,1235
docs\inst_test\instancias\n_1000_8,100,15,15,5,0.1000,42,9996111497,9996109804,16,1235
docs\inst_test\instancias\n_1000_8,100,15,15,5,0.1000,123,9996111497,9996109804,15,1235
docs\inst_test\instancias\n_1000_8,100,15,10,20,0.3000,42,9996111497,9996109804,19,1235
docs\inst_test\instancias\n_1000_8,100,15,15,5,0.2000,42,9996111502,9996110095,16,1235
docs\inst_test\instancias\n_1000_8,100,15,15,10,0.1000,42,9996111497,9996109804,14,1235
docs\inst_test\instancias\n_1000_8,100,15,15,5,0.2000,123,9996111497,9996109804,18,1235
docs\inst_test\instancias\n_1000_8,100,15,15,10,0.3000,123,9996111497,9996109804,13,1235
docs\inst_test\instancias\n_1000_8,100,15,15,5,0.3000,2026,9996111497,9996109804,17,1235
docs\inst_test\instancias\n_1000_8,100,15,15,5,0.2000,2026,9996111497,9996109804,20,1235
docs\inst_test\instancias\n_1000_8,100,15,15,20,0.1000,123,9996111497,9996109804,12,1235
docs\inst_test\instancias\n_1000_8,100,15,15,10,0.2000,42,9996111497,9996109804,15,1235
docs\inst_test\instancias\n_1000_8,100,15,15,10,0.3000,42,9996111497,9996109804,14,1235
docs\inst_test\instancias\n_1000_8,100,15,15,10,0.3000,2026,9996111497,9996109804,15,1235
docs\inst_test\instancias\n_1000_8,100,15,15,20,0.2000,123,9996111497,9996109804,12,1235
docs\inst_test\instancias\n_1000_8,100,15,15,10,0.2000,2026,9996111497,9996109804,15,1235
docs\inst_test\instancias\n_1000_8,100,15,15,20,0.1000,42,9996111497,9996109804,14,1235
docs\inst_test\instancias\n_1000_8,100,15,15,10,0.2000,123,9996111497,9996109804,16,1235
docs\inst_test\instancias\n_1000_8,100,15,15,5,0.1000,2026,9996111497,9996109804,23,1235
docs\inst_test\instancias\n_1000_8,100,15,15,20,0.2000,2026,9996111497,9996109804,12,1235
docs\inst_test\instancias\n_1000_8,100,15,15,10,0.1000,123,9996111497,9996109804,19,1235
docs\inst_test\instancias\n_1000_8,100,15,15,20,0.2000,42,9996111497,9996109804,13,1235
docs\inst_test\instancias\n_1000_8,100,15,15,5,0.3000,123,9996111497,9996109804,20,1235
docs\inst_test\instancias\n_1000_8,100,15,15,5,0.3000,42,9996111502,9996110095,21,1235
docs\inst_test\instancias\n_1000_8,100,15,15,10,0.1000,2026,9996111497,9996109804,20,1235
docs\inst_test\instancias\n_1000_8,100,15,15,20,0.1000,2026,9996111497,9996109804,18,1235
docs\inst_test\instancias\n_1000_8,100,15,15,20,0.3000,123,9996111497,9996109804,13,1235
docs\inst_test\instancias\n_1000_8,100,15,15,20,0.3000,2026,9996111497,9996109804,12,1235
docs\inst_test\instancias\n_1000_8,100,20,7,5,0.1000,42,9996111497,9996109804,14,1235
docs\inst_test\instancias\n_1000_8,100,20,7,5,0.1000,123,9996111497,9996109804,15,1235
docs\inst_test\instancias\n_1000_8,100,20,7,5,0.1000,2026,9996111497,9996109804,15,1235
docs\inst_test\instancias\n_1000_8,100,15,15,20,0.3000,42,9996111497,9996109804,20,1235
docs\inst_test\instancias\n_1000_8,100,20,7,5,0.2000,42,9996111502,9996110095,16,1235
docs\inst_test\instancias\n_1000_8,100,20,7,5,0.2000,2026,9996111497,9996109804,15,1235
docs\inst_test\instancias\n_1000_8,100,20,7,10,0.1000,2026,9996111497,9996109804,13,1235
docs\inst_test\instancias\n_1000_8,100,20,7,10,0.3000,42,9996111497,9996109804,13,1235
docs\inst_test\instancias\n_1000_8,100,20,7,10,0.2000,42,9996111497,9996109804,13,1235
docs\inst_test\instancias\n_1000_8,100,20,7,10,0.3000,2026,9996111497,9996109804,12,1235
docs\inst_test\instancias\n_1000_8,100,20,7,10,0.2000,2026,9996111497,9996109804,14,1235
docs\inst_test\instancias\n_1000_8,100,20,7,5,0.3000,42,9996111502,9996110095,15,1235
docs\inst_test\instancias\n_1000_8,100,20,7,20,0.1000,123,9996111497,9996109804,14,1235
docs\inst_test\instancias\n_1000_8,100,20,7,5,0.2000,123,9996111497,9996109804,18,1235
docs\inst_test\instancias\n_1000_8,100,20,7,5,0.3000,2026,9996111497,9996109804,16,1235
docs\inst_test\instancias\n_1000_8,100,20,7,10,0.3000,123,9996111497,9996109804,15,1235
docs\inst_test\instancias\n_1000_8,100,20,7,5,0.3000,123,9996111497,9996109804,17,1235
docs\inst_test\instancias\n_1000_8,100,20,7,20,0.3000,42,9996111497,9996109804,13,1235
docs\inst_test\instancias\n_1000_8,100,20,7,10,0.1000,123,9996111497,9996109804,19,1235
docs\inst_test\instancias\n_1000_8,100,20,7,20,0.1000,42,9996111497,9996109804,17,1235
docs\inst_test\instancias\n_1000_8,100,20,7,20,0.3000,2026,9996111497,9996109804,12,1235
docs\inst_test\instancias\n_1000_8,100,20,10,5,0.1000,123,9996111497,9996109804,10,1235
docs\inst_test\instancias\n_1000_8,100,20,7,10,0.1000,42,9996111497,9996109804,21,1235
docs\inst_test\instancias\n_1000_8,100,20,7,10,0.2000,123,9996111497,9996109804,21,1235
docs\inst_test\instancias\n_1000_8,100,20,7,20,0.2000,123,9996111497,9996109804,19,1235
docs\inst_test\instancias\n_1000_8,100,20,7,20,0.1000,2026,9996111497,9996109804,20,1235
docs\inst_test\instancias\n_1000_8,100,20,7,20,0.2000,42,9996111497,9996109804,19,1235
docs\inst_test\instancias\n_1000_8,100,20,10,5,0.3000,42,9996111502,9996110095,10,1235
docs\inst_test\instancias\n_1000_8,100,20,10,5,0.1000,42,9996111497,9996109804,15,1235
docs\inst_test\instancias\n_1000_8,100,20,7,20,0.3000,123,9996111497,9996109804,20,1235
docs\inst_test\instancias\n_1000_8,100,20,7,20,0.2000,2026,9996111497,9996109804,20,1235
docs\inst_test\instancias\n_1000_8,100,20,10,5,0.1000,2026,9996111497,9996109804,16,1235
docs\inst_test\instancias\n_1000_8,100,20,10,5,0.2000,2026,9996111497,9996109804,14,1235
docs\inst_test\instancias\n_1000_8,100,20,10,10,0.1000,123,9996111497,9996109804,13,1235
docs\inst_test\instancias\n_1000_8,100,20,10,5,0.2000,123,9996111497,9996109804,15,1235
docs\inst_test\instancias\n_1000_8,100,20,10,5,0.3000,123,9996111497,9996109804,15,1235
docs\inst_test\instancias\n_1000_8,100,20,10,10,0.2000,123,9996111497,9996109804,14,1235
docs\inst_test\instancias\n_1000_8,100,20,10,5,0.3000,2026,9996111497,9996109804,16,1235
docs\inst_test\instancias\n_1000_8,100,20,10,10,0.1000,2026,9996111497,9996109804,15,1235
docs\inst_test\instancias\n_1000_8,100,20,10,5,0.2000,42,9996111502,9996110095,18,1235
docs\inst_test\instancias\n_1000_8,100,20,10,10,0.2000,2026,9996111497,9996109804,14,1235
docs\inst_test\instancias\n_1000_8,100,20,10,10,0.3000,123,9996111497,9996109804,14,1235
docs\inst_test\instancias\n_1000_8,100,20,10,10,0.1000,42,9996111497,9996109804,17,1235
docs\inst_test\instancias\n_1000_8,100,20,10,10,0.2000,42,9996111497,9996109804,17,1235
docs\inst_test\instancias\n_1000_8,100,20,10,20,0.1000,123,9996111497,9996109804,13,1235
docs\inst_test\instancias\n_1000_8,100,20,10,20,0.3000,42,9996111497,9996109804,10,1235
docs\inst_test\instancias\n_1000_8,100,20,10,20,0.1000,2026,9996111497,9996109804,12,1235
docs\inst_test\instancias\n_1000_8,100,20,10,10,0.3000,2026,9996111497,9996109804,17,1235
docs\inst_test\instancias\n_1000_8,100,20,10,20,0.3000,2026,9996111497,9996109804,12,1235
docs\inst_test\instancias\n_1000_8,100,20,10,10,0.3000,42,9996111497,9996109804,21,1235
docs\inst_test\instancias\n_1000_8,100,20,10,20,0.1000,42,9996111497,9996109804,19,1235
docs\inst_test\instancias\n_1000_8,100,20,10,20,0.2000,42,9996111497,9996109804,20,1235
docs\inst_test\instancias\n_1000_8,100,20,15,5,0.3000,42,9996111502,9996110095,12,1235
docs\inst_test\instancias\n_1000_8,100,20,15,5,0.1000,42,9996111497,9996109804,15,1235
docs\inst_test\instancias\n_1000_8,100,20,10,20,0.2000,2026,9996111497,9996109804,19,1235
docs\inst_test\instancias\n_1000_8,100,20,10,20,0.2000,123,9996111497,9996109804,20,1235
docs\inst_test\instancias\n_1000_8,100,20,15,5,0.2000,42,9996111502,9996110095,15,1235
docs\inst_test\instancias\n_1000_8,100,20,15,10,0.1000,2026,9996111497,9996109804,11,1235
docs\inst_test\instancias\n_1000_8,100,20,10,20,0.3000,123,9996111497,9996109804,19,1235
docs\inst_test\instancias\n_1000_8,100,20,15,5,0.2000,2026,9996111497,9996109804,13,1235
docs\inst_test\instancias\n_1000_8,100,20,15,5,0.3000,123,9996111497,9996109804,13,1235
docs\inst_test\instancias\n_1000_8,100,20,15,10,0.1000,123,9996111497,9996109804,11,1235
docs\inst_test\instancias\n_1000_8,100,20,15,5,0.3000,2026,9996111497,9996109804,13,1235
docs\inst_test\instancias\n_1000_8,100,20,15,5,0.2000,123,9996111497,9996109804,15,1235
docs\inst_test\instancias\n_1000_8,100,20,15,10,0.3000,123,9996111497,9996109804,10,1235
docs\inst_test\instancias\n_1000_8,100,20,15,10,0.1000,42,9996111497,9996109804,14,1235
docs\inst_test\instancias\n_1000_8,100,20,15,20,0.1000,42,9996111497,9996109804,13,1235
docs\inst_test\instancias\n_1000_8,100,20,15,5,0.1000,123,9996111497,9996109804,22,1235
docs\inst_test\instancias\n_1000_8,100,20,15,5,0.1000,2026,9996111497,9996109804,22,1235
docs\inst_test\instancias\n_1000_8,100,20,15,20,0.1000,123,9996111497,9996109804,12,1235
docs\inst_test\instancias\n_1000_8,100,20,15,20,0.1000,2026,9996111497,9996109804,12,1235
docs\inst_test\instancias\n_1000_8,100,20,15,10,0.2000,2026,9996111497,9996109804,17,1235
docs\inst_test\instancias\n_1000_8,100,20,15,20,0.2000,123,9996111497,9996109804,11,1235
docs\inst_test\instancias\n_1000_8,100,20,15,10,0.3000,42,9996111497,9996109804,17,1235
docs\inst_test\instancias\n_1000_8,100,20,15,10,0.2000,42,9996111497,9996109804,19,1235
docs\inst_test\instancias\n_1000_8,100,20,15,10,0.3000,2026,9996111497,9996109804,17,1235
docs\inst_test\instancias\n_1000_8,100,20,15,20,0.3000,123,9996111497,9996109804,10,1235
docs\inst_test\instancias\n_1000_8,100,20,15,10,0.2000,123,9996111497,9996109804,20,1235
docs\inst_test\instancias\n_1000_8,100,20,15,20,0.2000,42,9996111497,9996109804,15,1235
docs\inst_test\instancias\n_1000_8,100,20,15,20,0.3000,42,9996111497,9996109804,14,1235
docs\inst_test\instancias\n_1000_8,100,20,15,20,0.3000,2026,9996111497,9996109804,15,1235
docs\inst_test\instancias\n_1000_8,100,20,15,20,0.2000,2026,9996111497,9996109804,19,1235
docs\inst_test\instancias\n_1000_8,300,10,7,10,0.1000,123,9996111497,9996109804,35,1235
docs\inst_test\instancias\n_1000_8,300,10,7,10,0.2000,2026,9996111497,9996109804,33,1235
docs\inst_test\instancias\n_1000_8,300,10,7,5,0.3000,2026,9996111497,9996109804,40,1235
docs\inst_test\instancias\n_1000_8,300,10,7,10,0.1000,42,9996111497,9996109804,40,1235
docs\inst_test\instancias\n_1000_8,300,10,7,20,0.2000,42,9996111502,9996110095,35,1235
docs\inst_test\instancias\n_1000_8,300,10,7,10,0.3000,123,9996111497,9996109804,37,1235
docs\inst_test\instancias\n_1000_8,300,10,7,5,0.1000,2026,9996111497,9996109804,46,1235
docs\inst_test\instancias\n_1000_8,300,10,7,20,0.2000,123,9996111497,9996109804,37,1235
docs\inst_test\instancias\n_1000_8,300,10,7,20,0.3000,123,9996111497,9996109804,31,1235
docs\inst_test\instancias\n_1000_8,300,10,7,10,0.3000,42,9996111502,9996110095,42,1235
docs\inst_test\instancias\n_1000_8,300,10,7,5,0.3000,123,9996111502,9996110095,47,1235
docs\inst_test\instancias\n_1000_8,300,10,7,10,0.1000,2026,9996111497,9996109804,46,1235
docs\inst_test\instancias\n_1000_8,300,10,7,10,0.2000,123,9996111497,9996109804,49,1235
docs\inst_test\instancias\n_1000_8,300,10,7,5,0.1000,123,9996111502,9996110095,54,1235
docs\inst_test\instancias\n_1000_8,300,10,7,10,0.2000,42,9996111502,9996110095,50,1235
docs\inst_test\instancias\n_1000_8,300,10,7,20,0.3000,42,9996111502,9996110095,42,1235
docs\inst_test\instancias\n_1000_8,300,10,7,10,0.3000,2026,9996111497,9996109804,49,1235
docs\inst_test\instancias\n_1000_8,300,10,7,5,0.3000,42,9996111502,9996110095,57,1235
docs\inst_test\instancias\n_1000_8,300,10,7,5,0.2000,42,9996111502,9996110095,59,1235
docs\inst_test\instancias\n_1000_8,300,10,7,20,0.2000,2026,9996111497,9996109804,48,1235
docs\inst_test\instancias\n_1000_8,300,10,7,20,0.1000,2026,9996111497,9996109804,52,1235
docs\inst_test\instancias\n_1000_8,300,10,7,5,0.2000,2026,9996111497,9996109804,60,1235
docs\inst_test\instancias\n_1000_8,300,10,7,5,0.2000,123,9996111502,9996110095,61,1235
docs\inst_test\instancias\n_1000_8,300,10,7,5,0.1000,42,9996111497,9996109804,61,1235
docs\inst_test\instancias\n_1000_8,300,10,7,20,0.1000,42,9996111497,9996109804,54,1235
docs\inst_test\instancias\n_1000_8,300,10,7,20,0.3000,2026,9996111497,9996109804,45,1235
docs\inst_test\instancias\n_1000_8,300,10,7,20,0.1000,123,9996111497,9996109804,59,1235
docs\inst_test\instancias\n_1000_8,300,10,10,5,0.1000,42,9996111497,9996109804,38,1235
docs\inst_test\instancias\n_1000_8,300,10,10,10,0.1000,123,9996111497,9996109804,36,1235
docs\inst_test\instancias\n_1000_8,300,10,10,5,0.2000,2026,9996111497,9996109804,41,1235
docs\inst_test\instancias\n_1000_8,300,10,10,5,0.2000,42,9996111502,9996110095,44,1235
docs\inst_test\instancias\n_1000_8,300,10,10,10,0.1000,2026,9996111497,9996109804,36,1235
docs\inst_test\instancias\n_1000_8,300,10,10,10,0.2000,123,9996111497,9996109804,33,1235
docs\inst_test\instancias\n_1000_8,300,10,10,5,0.3000,2026,9996111497,9996109804,41,1235
docs\inst_test\instancias\n_1000_8,300,10,10,5,0.1000,123,9996111502,9996110095,52,1235
docs\inst_test\instancias\n_1000_8,300,10,10,10,0.2000,42,9996111502,9996110095,37,1235
docs\inst_test\instancias\n_1000_8,300,10,10,5,0.2000,123,9996111502,9996110095,49,1235
docs\inst_test\instancias\n_1000_8,300,10,10,5,0.3000,42,9996111502,9996110095,47,1235
docs\inst_test\instancias\n_1000_8,300,10,10,10,0.3000,2026,9996111497,9996109804,40,1235
docs\inst_test\instancias\n_1000_8,300,10,10,20,0.1000,123,9996111497,9996109804,38,1235
docs\inst_test\instancias\n_1000_8,300,10,10,10,0.2000,2026,9996111497,9996109804,42,1235
docs\inst_test\instancias\n_1000_8,300,10,10,20,0.3000,2026,9996111497,9996109804,32,1235
docs\inst_test\instancias\n_1000_8,300,10,10,20,0.2000,123,9996111497,9996109804,40,1235
docs\inst_test\instancias\n_1000_8,300,10,10,5,0.1000,2026,9996111497,9996109804,64,1235
docs\inst_test\instancias\n_1000_8,300,10,10,5,0.3000,123,9996111502,9996110095,59,1235
docs\inst_test\instancias\n_1000_8,300,10,10,10,0.3000,123,9996111497,9996109804,51,1235
docs\inst_test\instancias\n_1000_8,300,10,10,10,0.1000,42,9996111497,9996109804,60,1235
docs\inst_test\instancias\n_1000_8,300,10,10,20,0.3000,42,9996111502,9996110095,48,1235
docs\inst_test\instancias\n_1000_8,300,10,10,20,0.2000,42,9996111502,9996110095,52,1235
docs\inst_test\instancias\n_1000_8,300,10,10,10,0.3000,42,9996111502,9996110095,57,1235
docs\inst_test\instancias\n_1000_8,300,10,10,20,0.3000,123,9996111497,9996109804,52,1235
docs\inst_test\instancias\n_1000_8,300,10,10,20,0.1000,2026,9996111497,9996109804,55,1235
docs\inst_test\instancias\n_1000_8,300,10,10,20,0.1000,42,9996111497,9996109804,60,1235
docs\inst_test\instancias\n_1000_8,300,10,15,5,0.1000,42,9996111497,9996109804,44,1235
docs\inst_test\instancias\n_1000_8,300,10,10,20,0.2000,2026,9996111497,9996109804,60,1235
docs\inst_test\instancias\n_1000_8,300,10,15,5,0.1000,123,9996111502,9996110095,45,1235
docs\inst_test\instancias\n_1000_8,300,10,15,10,0.1000,42,9996111497,9996109804,40,1235
docs\inst_test\instancias\n_1000_8,300,10,15,5,0.2000,42,9996111502,9996110095,49,1235
docs\inst_test\instancias\n_1000_8,300,10,15,5,0.3000,123,9996111502,9996110095,44,1235
docs\inst_test\instancias\n_1000_8,300,10,15,5,0.3000,42,9996111502,9996110095,47,1235
docs\inst_test\instancias\n_1000_8,300,10,15,10,0.2000,123,9996111497,9996109804,38,1235
docs\inst_test\instancias\n_1000_8,300,10,15,10,0.2000,2026,9996111497,9996109804,37,1235
docs\inst_test\instancias\n_1000_8,300,10,15,10,0.1000,123,9996111497,9996109804,45,1235
docs\inst_test\instancias\n_1000_8,300,10,15,10,0.2000,42,9996111502,9996110095,41,1235
docs\inst_test\instancias\n_1000_8,300,10,15,5,0.3000,2026,9996111497,9996109804,49,1235
docs\inst_test\instancias\n_1000_8,300,10,15,5,0.1000,2026,9996111497,9996109804,57,1235
docs\inst_test\instancias\n_1000_8,300,10,15,20,0.1000,42,9996111497,9996109804,38,1235
docs\inst_test\instancias\n_1000_8,300,10,15,10,0.1000,2026,9996111497,9996109804,48,1235
docs\inst_test\instancias\n_1000_8,300,10,15,10,0.3000,123,9996111497,9996109804,41,1235
docs\inst_test\instancias\n_1000_8,300,10,15,10,0.3000,2026,9996111497,9996109804,41,1235
docs\inst_test\instancias\n_1000_8,300,10,15,5,0.2000,2026,9996111497,9996109804,59,1235
docs\inst_test\instancias\n_1000_8,300,10,15,10,0.3000,42,9996111502,9996110095,47,1235
docs\inst_test\instancias\n_1000_8,300,10,15,5,0.2000,123,9996111502,9996110095,61,1235
docs\inst_test\instancias\n_1000_8,300,10,15,20,0.2000,123,9996111497,9996109804,38,1235
docs\inst_test\instancias\n_1000_8,300,10,15,20,0.1000,123,9996111497,9996109804,44,1235
docs\inst_test\instancias\n_1000_8,300,10,15,20,0.3000,42,9996111502,9996110095,38,1235
docs\inst_test\instancias\n_1000_8,300,10,15,20,0.3000,2026,9996111497,9996109804,36,1235
docs\inst_test\instancias\n_1000_8,300,10,15,20,0.2000,42,9996111502,9996110095,43,1235
docs\inst_test\instancias\n_1000_8,300,10,15,20,0.3000,123,9996111497,9996109804,42,1235
docs\inst_test\instancias\n_1000_8,300,10,15,20,0.2000,2026,9996111497,9996109804,49,1235
docs\inst_test\instancias\n_1000_8,300,10,15,20,0.1000,2026,9996111497,9996109804,54,1235
docs\inst_test\instancias\n_1000_8,300,15,7,5,0.1000,42,9996111497,9996109804,50,1235
docs\inst_test\instancias\n_1000_8,300,15,7,10,0.1000,2026,9996111497,9996109804,39,1235
docs\inst_test\instancias\n_1000_8,300,15,7,5,0.3000,123,9996111502,9996110095,45,1235
docs\inst_test\instancias\n_1000_8,300,15,7,5,0.2000,2026,9996111497,9996109804,47,1235
docs\inst_test\instancias\n_1000_8,300,15,7,20,0.1000,42,9996111497,9996109804,36,1235
docs\inst_test\instancias\n_1000_8,300,15,7,10,0.1000,42,9996111497,9996109804,46,1235
docs\inst_test\instancias\n_1000_8,300,15,7,5,0.3000,42,9996111502,9996110095,48,1235
docs\inst_test\instancias\n_1000_8,300,15,7,20,0.2000,123,9996111497,9996109804,29,1235
docs\inst_test\instancias\n_1000_8,300,15,7,10,0.2000,2026,9996111497,9996109804,39,1235
docs\inst_test\instancias\n_1000_8,300,15,7,10,0.3000,2026,9996111497,9996109804,37,1235
docs\inst_test\instancias\n_1000_8,300,15,7,10,0.3000,42,9996111502,9996110095,41,1235
docs\inst_test\instancias\n_1000_8,300,15,7,20,0.1000,2026,9996111497,9996109804,39,1235
docs\inst_test\instancias\n_1000_8,300,15,7,5,0.2000,123,9996111502,9996110095,57,1235
docs\inst_test\instancias\n_1000_8,300,15,7,5,0.1000,123,9996111502,9996110095,63,1235
docs\inst_test\instancias\n_1000_8,300,15,7,5,0.1000,2026,9996111497,9996109804,59,1235
docs\inst_test\instancias\n_1000_8,300,15,7,20,0.2000,42,9996111502,9996110095,39,1235
docs\inst_test\instancias\n_1000_8,300,15,7,20,0.2000,2026,9996111497,9996109804,37,1235
docs\inst_test\instancias\n_1000_8,300,15,7,10,0.2000,42,9996111502,9996110095,48,1235
docs\inst_test\instancias\n_1000_8,300,15,7,20,0.3000,42,9996111502,9996110095,34,1235
docs\inst_test\instancias\n_1000_8,300,15,7,10,0.1000,123,9996111497,9996109804,57,1235
docs\inst_test\instancias\n_1000_8,300,15,7,5,0.3000,2026,9996111497,9996109804,59,1235
docs\inst_test\instancias\n_1000_8,300,15,7,5,0.2000,42,9996111502,9996110095,65,1235
docs\inst_test\instancias\n_1000_8,300,15,7,10,0.2000,123,9996111497,9996109804,61,1235
docs\inst_test\instancias\n_1000_8,300,15,7,10,0.3000,123,9996111497,9996109804,61,1235
docs\inst_test\instancias\n_1000_8,300,15,7,20,0.1000,123,9996111497,9996109804,59,1235
docs\inst_test\instancias\n_1000_8,300,15,10,5,0.1000,42,9996111497,9996109804,43,1235
docs\inst_test\instancias\n_1000_8,300,15,7,20,0.3000,123,9996111497,9996109804,53,1235
docs\inst_test\instancias\n_1000_8,300,15,7,20,0.3000,2026,9996111497,9996109804,55,1235
docs\inst_test\instancias\n_1000_8,300,15,10,10,0.1000,42,9996111497,9996109804,42,1235
docs\inst_test\instancias\n_1000_8,300,15,10,5,0.1000,123,9996111502,9996110095,46,1235
docs\inst_test\instancias\n_1000_8,300,15,10,10,0.3000,2026,9996111497,9996109804,35,1235
docs\inst_test\instancias\n_1000_8,300,15,10,5,0.2000,42,9996111502,9996110095,47,1235
docs\inst_test\instancias\n_1000_8,300,15,10,5,0.2000,123,9996111502,9996110095,46,1235
docs\inst_test\instancias\n_1000_8,300,15,10,5,0.2000,2026,9996111497,9996109804,46,1235
docs\inst_test\instancias\n_1000_8,300,15,10,5,0.3000,42,9996111502,9996110095,48,1235
docs\inst_test\instancias\n_1000_8,300,15,10,20,0.1000,123,9996111497,9996109804,35,1235
docs\inst_test\instancias\n_1000_8,300,15,10,10,0.3000,123,9996111497,9996109804,40,1235
docs\inst_test\instancias\n_1000_8,300,15,10,5,0.3000,123,9996111502,9996110095,49,1235
docs\inst_test\instancias\n_1000_8,300,15,10,20,0.1000,2026,9996111497,9996109804,37,1235
docs\inst_test\instancias\n_1000_8,300,15,10,10,0.2000,123,9996111497,9996109804,45,1235
docs\inst_test\instancias\n_1000_8,300,15,10,20,0.1000,42,9996111497,9996109804,42,1235
docs\inst_test\instancias\n_1000_8,300,15,10,10,0.1000,2026,9996111497,9996109804,46,1235
docs\inst_test\instancias\n_1000_8,300,15,10,10,0.2000,2026,9996111497,9996109804,48,1235
docs\inst_test\instancias\n_1000_8,300,15,10,10,0.1000,123,9996111497,9996109804,51,1235
docs\inst_test\instancias\n_1000_8,300,15,10,10,0.2000,42,9996111502,9996110095,48,1235
docs\inst_test\instancias\n_1000_8,300,15,10,20,0.2000,42,9996111502,9996110095,43,1235
docs\inst_test\instancias\n_1000_8,300,15,10,5,0.1000,2026,9996111497,9996109804,60,1235
docs\inst_test\instancias\n_1000_8,300,15,10,10,0.3000,42,9996111502,9996110095,54,1235
docs\inst_test\instancias\n_1000_8,300,15,10,20,0.2000,123,9996111497,9996109804,42,1235
docs\inst_test\instancias\n_1000_8,300,15,10,20,0.2000,2026,9996111497,9996109804,43,1235
docs\inst_test\instancias\n_1000_8,300,15,10,20,0.3000,42,9996111502,9996110095,43,1235
docs\inst_test\instancias\n_1000_8,300,15,10,5,0.3000,2026,9996111497,9996109804,67,1235
docs\inst_test\instancias\n_1000_8,300,15,10,20,0.3000,123,9996111497,9996109804,39,1235
docs\inst_test\instancias\n_1000_8,300,15,15,5,0.1000,42,9996111497,9996109804,38,1235
docs\inst_test\instancias\n_1000_8,300,15,15,5,0.2000,42,9996111502,9996110095,36,1235
docs\inst_test\instancias\n_1000_8,300,15,15,10,0.1000,2026,9996111497,9996109804,32,1235
docs\inst_test\instancias\n_1000_8,300,15,15,10,0.3000,42,9996111502,9996110095,33,1235
docs\inst_test\instancias\n_1000_8,300,15,10,20,0.3000,2026,9996111497,9996109804,56,1235
docs\inst_test\instancias\n_1000_8,300,15,15,5,0.1000,2026,9996111497,9996109804,48,1235
docs\inst_test\instancias\n_1000_8,300,15,15,10,0.2000,123,9996111497,9996109804,38,1235
docs\inst_test\instancias\n_1000_8,300,15,15,10,0.1000,123,9996111497,9996109804,43,1235
docs\inst_test\instancias\n_1000_8,300,15,15,10,0.2000,42,9996111502,9996110095,40,1235
docs\inst_test\instancias\n_1000_8,300,15,15,20,0.2000,2026,9996111497,9996109804,26,1235
docs\inst_test\instancias\n_1000_8,300,15,15,5,0.3000,123,9996111502,9996110095,47,1235
docs\inst_test\instancias\n_1000_8,300,15,15,10,0.1000,42,9996111497,9996109804,50,1235
docs\inst_test\instancias\n_1000_8,300,15,15,5,0.2000,2026,9996111497,9996109804,52,1235
docs\inst_test\instancias\n_1000_8,300,15,15,5,0.3000,42,9996111502,9996110095,52,1235
docs\inst_test\instancias\n_1000_8,300,15,15,5,0.3000,2026,9996111497,9996109804,51,1235
docs\inst_test\instancias\n_1000_8,300,15,15,20,0.1000,2026,9996111497,9996109804,38,1235
docs\inst_test\instancias\n_1000_8,300,15,15,20,0.1000,123,9996111497,9996109804,42,1235
docs\inst_test\instancias\n_1000_8,300,15,15,20,0.3000,123,9996111497,9996109804,32,1235
docs\inst_test\instancias\n_1000_8,300,15,15,5,0.1000,123,9996111502,9996110095,59,1235
docs\inst_test\instancias\n_1000_8,300,15,15,10,0.2000,2026,9996111497,9996109804,52,1235
docs\inst_test\instancias\n_1000_8,300,15,15,20,0.1000,42,9996111497,9996109804,53,1235
docs\inst_test\instancias\n_1000_8,300,15,15,10,0.3000,123,9996111497,9996109804,58,1235
docs\inst_test\instancias\n_1000_8,300,15,15,20,0.2000,42,9996111502,9996110095,50,1235
docs\inst_test\instancias\n_1000_8,300,15,15,5,0.2000,123,9996111502,9996110095,68,1235
docs\inst_test\instancias\n_1000_8,300,15,15,20,0.3000,2026,9996111497,9996109804,42,1235
docs\inst_test\instancias\n_1000_8,300,15,15,10,0.3000,2026,9996111497,9996109804,63,1235
docs\inst_test\instancias\n_1000_8,300,15,15,20,0.2000,123,9996111497,9996109804,62,1235
docs\inst_test\instancias\n_1000_8,300,15,15,20,0.3000,42,9996111502,9996110095,62,1235
docs\inst_test\instancias\n_1000_8,300,20,7,5,0.1000,123,9996111502,9996110095,46,1235
docs\inst_test\instancias\n_1000_8,300,20,7,5,0.1000,42,9996111497,9996109804,53,1235
docs\inst_test\instancias\n_1000_8,300,20,7,5,0.3000,42,9996111502,9996110095,45,1235
docs\inst_test\instancias\n_1000_8,300,20,7,5,0.2000,42,9996111502,9996110095,48,1235
docs\inst_test\instancias\n_1000_8,300,20,7,10,0.1000,42,9996111497,9996109804,43,1235
docs\inst_test\instancias\n_1000_8,300,20,7,5,0.2000,2026,9996111497,9996109804,47,1235
docs\inst_test\instancias\n_1000_8,300,20,7,10,0.2000,42,9996111502,9996110095,41,1235
docs\inst_test\instancias\n_1000_8,300,20,7,5,0.3000,123,9996111502,9996110095,46,1235
docs\inst_test\instancias\n_1000_8,300,20,7,10,0.2000,2026,9996111497,9996109804,41,1235
docs\inst_test\instancias\n_1000_8,300,20,7,10,0.3000,42,9996111502,9996110095,41,1235
docs\inst_test\instancias\n_1000_8,300,20,7,10,0.1000,123,9996111497,9996109804,43,1235
docs\inst_test\instancias\n_1000_8,300,20,7,5,0.1000,2026,9996111497,9996109804,52,1235
docs\inst_test\instancias\n_1000_8,300,20,7,20,0.1000,42,9996111497,9996109804,38,1235
docs\inst_test\instancias\n_1000_8,300,20,7,5,0.3000,2026,9996111497,9996109804,49,1235
docs\inst_test\instancias\n_1000_8,300,20,7,10,0.3000,123,9996111497,9996109804,41,1235
docs\inst_test\instancias\n_1000_8,300,20,7,10,0.1000,2026,9996111497,9996109804,47,1235
docs\inst_test\instancias\n_1000_8,300,20,7,20,0.2000,123,9996111497,9996109804,31,1235
docs\inst_test\instancias\n_1000_8,300,20,7,10,0.2000,123,9996111497,9996109804,50,1235
docs\inst_test\instancias\n_1000_8,300,20,7,10,0.3000,2026,9996111497,9996109804,47,1235
docs\inst_test\instancias\n_1000_8,300,20,7,20,0.1000,123,9996111497,9996109804,39,1235
docs\inst_test\instancias\n_1000_8,300,20,7,20,0.3000,42,9996111502,9996110095,31,1235
docs\inst_test\instancias\n_1000_8,300,20,7,20,0.2000,42,9996111502,9996110095,36,1235
docs\inst_test\instancias\n_1000_8,300,20,7,5,0.2000,123,9996111502,9996110095,63,1235
docs\inst_test\instancias\n_1000_8,300,20,7,20,0.1000,2026,9996111497,9996109804,51,1235
docs\inst_test\instancias\n_1000_8,300,20,7,20,0.2000,2026,9996111497,9996109804,52,1235
docs\inst_test\instancias\n_1000_8,300,20,7,20,0.3000,123,9996111497,9996109804,48,1235
docs\inst_test\instancias\n_1000_8,300,20,10,10,0.2000,2026,9996111497,9996109804,34,1235
docs\inst_test\instancias\n_1000_8,300,20,10,10,0.2000,123,9996111497,9996109804,34,1235
docs\inst_test\instancias\n_1000_8,300,20,10,5,0.3000,123,9996111502,9996110095,38,1235
docs\inst_test\instancias\n_1000_8,300,20,10,10,0.1000,123,9996111497,9996109804,39,1235
docs\inst_test\instancias\n_1000_8,300,20,10,10,0.1000,42,9996111497,9996109804,42,1235
docs\inst_test\instancias\n_1000_8,300,20,10,5,0.1000,2026,9996111497,9996109804,46,1235
docs\inst_test\instancias\n_1000_8,300,20,10,5,0.1000,42,9996111497,9996109804,54,1235
docs\inst_test\instancias\n_1000_8,300,20,10,20,0.2000,123,9996111497,9996109804,30,1235
docs\inst_test\instancias\n_1000_8,300,20,10,5,0.1000,123,9996111502,9996110095,51,1235
docs\inst_test\instancias\n_1000_8,300,20,10,5,0.3000,42,9996111502,9996110095,46,1235
docs\inst_test\instancias\n_1000_8,300,20,10,5,0.2000,2026,9996111497,9996109804,48,1235
docs\inst_test\instancias\n_1000_8,300,20,10,20,0.1000,123,9996111497,9996109804,36,1235
docs\inst_test\instancias\n_1000_8,300,20,10,10,0.2000,42,9996111502,9996110095,43,1235
docs\inst_test\instancias\n_1000_8,300,20,10,20,0.2000,42,9996111502,9996110095,37,1235
docs\inst_test\instancias\n_1000_8,300,20,7,20,0.3000,2026,9996111497,9996109804,61,1235
docs\inst_test\instancias\n_1000_8,300,20,10,20,0.1000,2026,9996111497,9996109804,40,1235
docs\inst_test\instancias\n_1000_8,300,20,10,10,0.3000,2026,9996111497,9996109804,43,1235
docs\inst_test\instancias\n_1000_8,300,20,10,5,0.2000,42,9996111502,9996110095,57,1235
docs\inst_test\instancias\n_1000_8,300,20,10,5,0.3000,2026,9996111497,9996109804,59,1235
docs\inst_test\instancias\n_1000_8,300,20,10,20,0.1000,42,9996111497,9996109804,52,1235
docs\inst_test\instancias\n_1000_8,300,20,10,5,0.2000,123,9996111502,9996110095,66,1235
docs\inst_test\instancias\n_1000_8,300,20,10,10,0.3000,123,9996111497,9996109804,58,1235
docs\inst_test\instancias\n_1000_8,300,20,10,20,0.3000,42,9996111502,9996110095,36,1235
docs\inst_test\instancias\n_1000_8,300,20,10,10,0.1000,2026,9996111497,9996109804,63,1235
docs\inst_test\instancias\n_1000_8,300,20,10,10,0.3000,42,9996111502,9996110095,63,1235
docs\inst_test\instancias\n_1000_8,300,20,10,20,0.3000,2026,9996111497,9996109804,37,1235
docs\inst_test\instancias\n_1000_8,300,20,10,20,0.2000,2026,9996111497,9996109804,50,1235
docs\inst_test\instancias\n_1000_8,300,20,15,5,0.1000,42,9996111497,9996109804,38,1235
docs\inst_test\instancias\n_1000_8,300,20,10,20,0.3000,123,9996111497,9996109804,41,1235
docs\inst_test\instancias\n_1000_8,300,20,15,5,0.1000,123,9996111502,9996110095,46,1235
docs\inst_test\instancias\n_1000_8,300,20,15,10,0.1000,42,9996111497,9996109804,41,1235
docs\inst_test\instancias\n_1000_8,300,20,15,5,0.1000,2026,9996111497,9996109804,47,1235
docs\inst_test\instancias\n_1000_8,300,20,15,10,0.2000,2026,9996111497,9996109804,37,1235
docs\inst_test\instancias\n_1000_8,300,20,15,10,0.1000,123,9996111497,9996109804,42,1235
docs\inst_test\instancias\n_1000_8,300,20,15,10,0.2000,123,9996111497,9996109804,39,1235
docs\inst_test\instancias\n_1000_8,300,20,15,10,0.2000,42,9996111502,9996110095,42,1235
docs\inst_test\instancias\n_1000_8,300,20,15,5,0.2000,42,9996111502,9996110095,48,1235
docs\inst_test\instancias\n_1000_8,300,20,15,5,0.3000,123,9996111502,9996110095,48,1235
docs\inst_test\instancias\n_1000_8,300,20,15,10,0.3000,42,9996111502,9996110095,45,1235
docs\inst_test\instancias\n_1000_8,300,20,15,5,0.3000,2026,9996111497,9996109804,53,1235
docs\inst_test\instancias\n_1000_8,300,20,15,20,0.1000,42,9996111497,9996109804,36,1235
docs\inst_test\instancias\n_1000_8,300,20,15,5,0.2000,123,9996111502,9996110095,58,1235
docs\inst_test\instancias\n_1000_8,300,20,15,5,0.3000,42,9996111502,9996110095,58,1235
docs\inst_test\instancias\n_1000_8,300,20,15,10,0.3000,123,9996111497,9996109804,47,1235
docs\inst_test\instancias\n_1000_8,300,20,15,20,0.2000,2026,9996111497,9996109804,34,1235
docs\inst_test\instancias\n_1000_8,300,20,15,5,0.2000,2026,9996111497,9996109804,59,1235
docs\inst_test\instancias\n_1000_8,300,20,15,10,0.1000,2026,9996111497,9996109804,56,1235
docs\inst_test\instancias\n_1000_8,300,20,15,20,0.1000,123,9996111497,9996109804,43,1235
docs\inst_test\instancias\n_1000_8,300,20,15,20,0.1000,2026,9996111497,9996109804,45,1235
docs\inst_test\instancias\n_1000_8,300,20,15,20,0.2000,42,9996111502,9996110095,46,1235
docs\inst_test\instancias\n_1000_8,300,20,15,20,0.3000,42,9996111502,9996110095,37,1235
docs\inst_test\instancias\n_1000_8,300,20,15,20,0.3000,123,9996111497,9996109804,38,1235
docs\inst_test\instancias\n_1000_8,300,20,15,10,0.3000,2026,9996111497,9996109804,53,1235
docs\inst_test\instancias\n_1000_8,300,20,15,20,0.2000,123,9996111497,9996109804,53,1235
docs\inst_test\instancias\n_1000_8,300,20,15,20,0.3000,2026,9996111497,9996109804,52,1235
docs\inst_test\instancias\n_1000_8,500,10,7,5,0.1000,123,9996111502,9996110095,74,1235
docs\inst_test\instancias\n_1000_8,500,10,7,10,0.3000,123,9996111502,9996110095,59,1235
docs\inst_test\instancias\n_1000_8,500,10,7,5,0.1000,42,9996111502,9996110095,86,1235
docs\inst_test\instancias\n_1000_8,500,10,7,5,0.3000,42,9996111502,9996110095,75,1235
docs\inst_test\instancias\n_1000_8,500,10,7,10,0.2000,2026,9996111497,9996109804,64,1235
docs\inst_test\instancias\n_1000_8,500,10,7,10,0.2000,42,9996111502,9996110095,69,1235
docs\inst_test\instancias\n_1000_8,500,10,7,5,0.1000,2026,9996111497,9996109804,79,1235
docs\inst_test\instancias\n_1000_8,500,10,7,5,0.3000,2026,9996111497,9996109804,78,1235
docs\inst_test\instancias\n_1000_8,500,10,7,10,0.2000,123,9996111502,9996110095,70,1235
docs\inst_test\instancias\n_1000_8,500,10,7,20,0.2000,42,9996111502,9996110095,60,1235
docs\inst_test\instancias\n_1000_8,500,10,7,5,0.2000,42,9996111502,9996110095,87,1235
docs\inst_test\instancias\n_1000_8,500,10,7,20,0.2000,123,9996111497,9996109804,62,1235
docs\inst_test\instancias\n_1000_8,500,10,7,20,0.1000,123,9996111497,9996109804,69,1235
docs\inst_test\instancias\n_1000_8,500,10,7,20,0.1000,42,9996111497,9996109804,75,1235
docs\inst_test\instancias\n_1000_8,500,10,7,10,0.1000,123,9996111502,9996110095,85,1235
docs\inst_test\instancias\n_1000_8,500,10,7,10,0.1000,42,9996111497,9996109804,89,1235
docs\inst_test\instancias\n_1000_8,500,10,7,5,0.2000,123,9996111502,9996110095,96,1235
docs\inst_test\instancias\n_1000_8,500,10,7,10,0.1000,2026,9996111497,9996109804,86,1235
docs\inst_test\instancias\n_1000_8,500,10,7,5,0.3000,123,9996111502,9996110095,93,1235
docs\inst_test\instancias\n_1000_8,500,10,7,10,0.3000,42,9996111502,9996110095,83,1235
docs\inst_test\instancias\n_1000_8,500,10,7,20,0.2000,2026,9996111497,9996109804,72,1235
docs\inst_test\instancias\n_1000_8,500,10,7,20,0.3000,42,9996111502,9996110095,74,1235
docs\inst_test\instancias\n_1000_8,500,10,7,20,0.3000,2026,9996111497,9996109804,59,1235
docs\inst_test\instancias\n_1000_8,500,10,7,10,0.3000,2026,9996111497,9996109804,86,1235
docs\inst_test\instancias\n_1000_8,500,10,7,5,0.2000,2026,9996111497,9996109804,103,1235
docs\inst_test\instancias\n_1000_8,500,10,7,20,0.3000,123,9996111497,9996109804,75,1235
docs\inst_test\instancias\n_1000_8,500,10,7,20,0.1000,2026,9996111497,9996109804,91,1235
docs\inst_test\instancias\n_1000_8,500,10,10,5,0.1000,2026,9996111497,9996109804,71,1235
docs\inst_test\instancias\n_1000_8,500,10,10,10,0.1000,123,9996111502,9996110095,65,1235
docs\inst_test\instancias\n_1000_8,500,10,10,5,0.2000,123,9996111502,9996110095,74,1235
docs\inst_test\instancias\n_1000_8,500,10,10,5,0.2000,2026,9996111497,9996109804,74,1235
docs\inst_test\instancias\n_1000_8,500,10,10,5,0.2000,42,9996111502,9996110095,78,1235
docs\inst_test\instancias\n_1000_8,500,10,10,10,0.1000,42,9996111497,9996109804,72,1235
docs\inst_test\instancias\n_1000_8,500,10,10,10,0.3000,123,9996111502,9996110095,59,1235
docs\inst_test\instancias\n_1000_8,500,10,10,10,0.2000,2026,9996111497,9996109804,61,1235
docs\inst_test\instancias\n_1000_8,500,10,10,5,0.1000,123,9996111502,9996110095,82,1235
docs\inst_test\instancias\n_1000_8,500,10,10,10,0.2000,42,9996111502,9996110095,73,1235
docs\inst_test\instancias\n_1000_8,500,10,10,5,0.1000,42,9996111502,9996110095,91,1235
docs\inst_test\instancias\n_1000_8,500,10,10,20,0.2000,2026,9996111497,9996109804,63,1235
docs\inst_test\instancias\n_1000_8,500,10,10,20,0.2000,42,9996111502,9996110095,65,1235
docs\inst_test\instancias\n_1000_8,500,10,10,20,0.1000,42,9996111497,9996109804,68,1235
docs\inst_test\instancias\n_1000_8,500,10,10,5,0.3000,123,9996111502,9996110095,83,1235
docs\inst_test\instancias\n_1000_8,500,10,10,5,0.3000,42,9996111502,9996110095,88,1235
docs\inst_test\instancias\n_1000_8,500,10,10,10,0.1000,2026,9996111497,9996109804,83,1235
docs\inst_test\instancias\n_1000_8,500,10,10,20,0.3000,42,9996111502,9996110095,68,1235
docs\inst_test\instancias\n_1000_8,500,10,10,20,0.3000,2026,9996111497,9996109804,60,1235
docs\inst_test\instancias\n_1000_8,500,10,10,20,0.2000,123,9996111497,9996109804,74,1235
docs\inst_test\instancias\n_1000_8,500,10,10,20,0.1000,123,9996111497,9996109804,81,1235
docs\inst_test\instancias\n_1000_8,500,10,10,10,0.3000,42,9996111502,9996110095,83,1235
docs\inst_test\instancias\n_1000_8,500,10,10,10,0.2000,123,9996111502,9996110095,88,1235
docs\inst_test\instancias\n_1000_8,500,10,10,10,0.3000,2026,9996111497,9996109804,88,1235
docs\inst_test\instancias\n_1000_8,500,10,10,5,0.3000,2026,9996111497,9996109804,101,1235
docs\inst_test\instancias\n_1000_8,500,10,10,20,0.1000,2026,9996111497,9996109804,92,1235
docs\inst_test\instancias\n_1000_8,500,10,10,20,0.3000,123,9996111497,9996109804,92,1235
docs\inst_test\instancias\n_1000_8,500,10,15,10,0.1000,42,9996111497,9996109804,62,1235
docs\inst_test\instancias\n_1000_8,500,10,15,5,0.1000,2026,9996111497,9996109804,72,1235
docs\inst_test\instancias\n_1000_8,500,10,15,5,0.2000,42,9996111502,9996110095,75,1235
docs\inst_test\instancias\n_1000_8,500,10,15,10,0.1000,123,9996111502,9996110095,72,1235
docs\inst_test\instancias\n_1000_8,500,10,15,5,0.1000,123,9996111502,9996110095,83,1235
docs\inst_test\instancias\n_1000_8,500,10,15,20,0.1000,42,9996111497,9996109804,64,1235
docs\inst_test\instancias\n_1000_8,500,10,15,10,0.2000,123,9996111502,9996110095,72,1235
docs\inst_test\instancias\n_1000_8,500,10,15,5,0.2000,123,9996111502,9996110095,82,1235
docs\inst_test\instancias\n_1000_8,500,10,15,5,0.3000,2026,9996111497,9996109804,81,1235
docs\inst_test\instancias\n_1000_8,500,10,15,10,0.3000,42,9996111502,9996110095,71,1235
docs\inst_test\instancias\n_1000_8,500,10,15,10,0.3000,2026,9996111497,9996109804,67,1235
docs\inst_test\instancias\n_1000_8,500,10,15,5,0.3000,42,9996111502,9996110095,84,1235
docs\inst_test\instancias\n_1000_8,500,10,15,10,0.3000,123,9996111502,9996110095,70,1235
docs\inst_test\instancias\n_1000_8,500,10,15,5,0.3000,123,9996111502,9996110095,84,1235
docs\inst_test\instancias\n_1000_8,500,10,15,20,0.2000,42,9996111502,9996110095,64,1235
docs\inst_test\instancias\n_1000_8,500,10,15,20,0.1000,123,9996111497,9996109804,68,1235
docs\inst_test\instancias\n_1000_8,500,10,15,10,0.2000,2026,9996111497,9996109804,82,1235
docs\inst_test\instancias\n_1000_8,500,10,15,5,0.1000,42,9996111502,9996110095,100,1235
docs\inst_test\instancias\n_1000_8,500,10,15,10,0.1000,2026,9996111497,9996109804,85,1235
docs\inst_test\instancias\n_1000_8,500,10,15,20,0.2000,123,9996111497,9996109804,71,1235
docs\inst_test\instancias\n_1000_8,500,10,15,20,0.2000,2026,9996111497,9996109804,65,1235
docs\inst_test\instancias\n_1000_8,500,10,15,10,0.2000,42,9996111502,9996110095,89,1235
docs\inst_test\instancias\n_1000_8,500,10,15,5,0.2000,2026,9996111497,9996109804,98,1235
docs\inst_test\instancias\n_1000_8,500,10,15,20,0.3000,2026,9996111497,9996109804,63,1235
docs\inst_test\instancias\n_1000_8,500,10,15,20,0.1000,2026,9996111497,9996109804,84,1235
docs\inst_test\instancias\n_1000_8,500,10,15,20,0.3000,42,9996111502,9996110095,87,1235
docs\inst_test\instancias\n_1000_8,500,10,15,20,0.3000,123,9996111497,9996109804,83,1235
docs\inst_test\instancias\n_1000_8,500,15,7,5,0.1000,123,9996111502,9996110095,75,1235
docs\inst_test\instancias\n_1000_8,500,15,7,5,0.1000,42,9996111502,9996110095,78,1235
docs\inst_test\instancias\n_1000_8,500,15,7,5,0.1000,2026,9996111497,9996109804,75,1235
docs\inst_test\instancias\n_1000_8,500,15,7,20,0.2000,123,9996111497,9996109804,53,1235
docs\inst_test\instancias\n_1000_8,500,15,7,20,0.1000,2026,9996111497,9996109804,59,1235
docs\inst_test\instancias\n_1000_8,500,15,7,10,0.2000,2026,9996111497,9996109804,68,1235
docs\inst_test\instancias\n_1000_8,500,15,7,20,0.1000,123,9996111497,9996109804,63,1235
docs\inst_test\instancias\n_1000_8,500,15,7,5,0.2000,42,9996111502,9996110095,79,1235
docs\inst_test\instancias\n_1000_8,500,15,7,10,0.3000,2026,9996111497,9996109804,66,1235
docs\inst_test\instancias\n_1000_8,500,15,7,20,0.1000,42,9996111497,9996109804,64,1235
docs\inst_test\instancias\n_1000_8,500,15,7,5,0.3000,2026,9996111497,9996109804,76,1235
docs\inst_test\instancias\n_1000_8,500,15,7,10,0.1000,2026,9996111497,9996109804,80,1235
docs\inst_test\instancias\n_1000_8,500,15,7,5,0.2000,123,9996111502,9996110095,85,1235
docs\inst_test\instancias\n_1000_8,500,15,7,10,0.3000,42,9996111502,9996110095,78,1235
docs\inst_test\instancias\n_1000_8,500,15,7,10,0.1000,42,9996111497,9996109804,83,1235
docs\inst_test\instancias\n_1000_8,500,15,7,10,0.1000,123,9996111502,9996110095,84,1235
docs\inst_test\instancias\n_1000_8,500,15,7,10,0.3000,123,9996111502,9996110095,77,1235
docs\inst_test\instancias\n_1000_8,500,15,7,20,0.2000,2026,9996111497,9996109804,66,1235
docs\inst_test\instancias\n_1000_8,500,15,7,5,0.3000,123,9996111502,9996110095,90,1235
docs\inst_test\instancias\n_1000_8,500,15,7,10,0.2000,42,9996111502,9996110095,91,1235
docs\inst_test\instancias\n_1000_8,500,15,7,10,0.2000,123,9996111502,9996110095,92,1235
docs\inst_test\instancias\n_1000_8,500,15,7,20,0.3000,2026,9996111497,9996109804,63,1235
docs\inst_test\instancias\n_1000_8,500,15,7,20,0.2000,42,9996111502,9996110095,83,1235
docs\inst_test\instancias\n_1000_8,500,15,7,5,0.2000,2026,9996111497,9996109804,102,1235
docs\inst_test\instancias\n_1000_8,500,15,7,5,0.3000,42,9996111502,9996110095,102,1235
docs\inst_test\instancias\n_1000_8,500,15,7,20,0.3000,42,9996111502,9996110095,78,1235
docs\inst_test\instancias\n_1000_8,500,15,7,20,0.3000,123,9996111497,9996109804,71,1235
docs\inst_test\instancias\n_1000_8,500,15,10,10,0.1000,123,9996111502,9996110095,65,1235
docs\inst_test\instancias\n_1000_8,500,15,10,5,0.3000,2026,9996111497,9996109804,70,1235
docs\inst_test\instancias\n_1000_8,500,15,10,5,0.3000,123,9996111502,9996110095,71,1235
docs\inst_test\instancias\n_1000_8,500,15,10,5,0.1000,42,9996111502,9996110095,85,1235
docs\inst_test\instancias\n_1000_8,500,15,10,10,0.1000,2026,9996111497,9996109804,66,1235
docs\inst_test\instancias\n_1000_8,500,15,10,5,0.1000,123,9996111502,9996110095,85,1235
docs\inst_test\instancias\n_1000_8,500,15,10,5,0.2000,123,9996111502,9996110095,78,1235
docs\inst_test\instancias\n_1000_8,500,15,10,10,0.2000,42,9996111502,9996110095,68,1235
docs\inst_test\instancias\n_1000_8,500,15,10,10,0.2000,123,9996111502,9996110095,69,1235
docs\inst_test\instancias\n_1000_8,500,15,10,20,0.2000,123,9996111497,9996109804,54,1235
docs\inst_test\instancias\n_1000_8,500,15,10,20,0.1000,123,9996111497,9996109804,59,1235
docs\inst_test\instancias\n_1000_8,500,15,10,10,0.3000,42,9996111502,9996110095,77,1235
docs\inst_test\instancias\n_1000_8,500,15,10,10,0.3000,123,9996111502,9996110095,78,1235
docs\inst_test\instancias\n_1000_8,500,15,10,5,0.2000,42,9996111502,9996110095,95,1235
docs\inst_test\instancias\n_1000_8,500,15,10,5,0.2000,2026,9996111497,9996109804,91,1235
docs\inst_test\instancias\n_1000_8,500,15,10,20,0.3000,123,9996111497,9996109804,62,1235
docs\inst_test\instancias\n_1000_8,500,15,10,5,0.1000,2026,9996111497,9996109804,100,1235
docs\inst_test\instancias\n_1000_8,500,15,10,10,0.1000,42,9996111497,9996109804,90,1235
docs\inst_test\instancias\n_1000_8,500,15,10,20,0.3000,42,9996111502,9996110095,69,1235
docs\inst_test\instancias\n_1000_8,500,15,10,10,0.2000,2026,9996111497,9996109804,87,1235
docs\inst_test\instancias\n_1000_8,500,15,10,20,0.1000,2026,9996111497,9996109804,74,1235
docs\inst_test\instancias\n_1000_8,500,15,10,20,0.1000,42,9996111497,9996109804,84,1235
docs\inst_test\instancias\n_1000_8,500,15,10,20,0.2000,42,9996111502,9996110095,78,1235
docs\inst_test\instancias\n_1000_8,500,15,10,10,0.3000,2026,9996111497,9996109804,87,1235
docs\inst_test\instancias\n_1000_8,500,15,10,20,0.2000,2026,9996111497,9996109804,75,1235
docs\inst_test\instancias\n_1000_8,500,15,10,5,0.3000,42,9996111502,9996110095,103,1235
docs\inst_test\instancias\n_1000_8,500,15,10,20,0.3000,2026,9996111497,9996109804,80,1235
docs\inst_test\instancias\n_1000_8,500,15,15,10,0.1000,123,9996111502,9996110095,55,1235
docs\inst_test\instancias\n_1000_8,500,15,15,5,0.3000,123,9996111502,9996110095,67,1235
docs\inst_test\instancias\n_1000_8,500,15,15,10,0.1000,42,9996111497,9996109804,67,1235
docs\inst_test\instancias\n_1000_8,500,15,15,10,0.1000,2026,9996111497,9996109804,60,1235
docs\inst_test\instancias\n_1000_8,500,15,15,5,0.2000,123,9996111502,9996110095,78,1235
docs\inst_test\instancias\n_1000_8,500,15,15,5,0.2000,42,9996111502,9996110095,79,1235
docs\inst_test\instancias\n_1000_8,500,15,15,20,0.3000,2026,9996111497,9996109804,39,1235
docs\inst_test\instancias\n_1000_8,500,15,15,10,0.2000,123,9996111502,9996110095,66,1235
docs\inst_test\instancias\n_1000_8,500,15,15,5,0.2000,2026,9996111497,9996109804,83,1235
docs\inst_test\instancias\n_1000_8,500,15,15,5,0.1000,42,9996111502,9996110095,91,1235
docs\inst_test\instancias\n_1000_8,500,15,15,20,0.1000,2026,9996111497,9996109804,62,1235
docs\inst_test\instancias\n_1000_8,500,15,15,20,0.1000,42,9996111497,9996109804,65,1235
docs\inst_test\instancias\n_1000_8,500,15,15,5,0.3000,42,9996111502,9996110095,88,1235
docs\inst_test\instancias\n_1000_8,500,15,15,20,0.1000,123,9996111497,9996109804,68,1235
docs\inst_test\instancias\n_1000_8,500,15,15,10,0.3000,2026,9996111497,9996109804,72,1235
docs\inst_test\instancias\n_1000_8,500,15,15,5,0.1000,123,9996111502,9996110095,94,1235
docs\inst_test\instancias\n_1000_8,500,15,15,10,0.2000,42,9996111502,9996110095,79,1235
docs\inst_test\instancias\n_1000_8,500,15,15,10,0.2000,2026,9996111497,9996109804,79,1235
docs\inst_test\instancias\n_1000_8,500,15,15,5,0.3000,2026,9996111497,9996109804,93,1235
docs\inst_test\instancias\n_1000_8,500,15,15,10,0.3000,123,9996111502,9996110095,80,1235
docs\inst_test\instancias\n_1000_8,500,15,15,5,0.1000,2026,9996111497,9996109804,103,1235
docs\inst_test\instancias\n_1000_8,500,15,15,20,0.2000,2026,9996111497,9996109804,73,1235
docs\inst_test\instancias\n_1000_8,500,15,15,20,0.2000,123,9996111497,9996109804,75,1235
docs\inst_test\instancias\n_1000_8,500,15,15,10,0.3000,42,9996111502,9996110095,87,1235
docs\inst_test\instancias\n_1000_8,500,15,15,20,0.3000,42,9996111502,9996110095,76,1235
docs\inst_test\instancias\n_1000_8,500,15,15,20,0.3000,123,9996111497,9996109804,75,1235
docs\inst_test\instancias\n_1000_8,500,15,15,20,0.2000,42,9996111502,9996110095,86,1235
docs\inst_test\instancias\n_1000_8,500,20,7,5,0.1000,42,9996111502,9996110095,80,1235
docs\inst_test\instancias\n_1000_8,500,20,7,5,0.1000,2026,9996111497,9996109804,78,1235
docs\inst_test\instancias\n_1000_8,500,20,7,5,0.3000,123,9996111502,9996110095,70,1235
docs\inst_test\instancias\n_1000_8,500,20,7,5,0.2000,123,9996111502,9996110095,74,1235
docs\inst_test\instancias\n_1000_8,500,20,7,10,0.1000,42,9996111497,9996109804,69,1235
docs\inst_test\instancias\n_1000_8,500,20,7,5,0.2000,42,9996111502,9996110095,80,1235
docs\inst_test\instancias\n_1000_8,500,20,7,10,0.3000,42,9996111502,9996110095,63,1235
docs\inst_test\instancias\n_1000_8,500,20,7,20,0.1000,42,9996111497,9996109804,60,1235
docs\inst_test\instancias\n_1000_8,500,20,7,20,0.1000,2026,9996111497,9996109804,56,1235
docs\inst_test\instancias\n_1000_8,500,20,7,10,0.3000,2026,9996111497,9996109804,63,1235
docs\inst_test\instancias\n_1000_8,500,20,7,5,0.3000,42,9996111502,9996110095,80,1235
docs\inst_test\instancias\n_1000_8,500,20,7,10,0.2000,42,9996111502,9996110095,69,1235
docs\inst_test\instancias\n_1000_8,500,20,7,5,0.3000,2026,9996111497,9996109804,75,1235
docs\inst_test\instancias\n_1000_8,500,20,7,20,0.1000,123,9996111497,9996109804,61,1235
docs\inst_test\instancias\n_1000_8,500,20,7,5,0.1000,123,9996111502,9996110095,91,1235
docs\inst_test\instancias\n_1000_8,500,20,7,10,0.2000,2026,9996111497,9996109804,72,1235
docs\inst_test\instancias\n_1000_8,500,20,7,20,0.3000,42,9996111502,9996110095,59,1235
docs\inst_test\instancias\n_1000_8,500,20,7,5,0.2000,2026,9996111497,9996109804,85,1235
docs\inst_test\instancias\n_1000_8,500,20,7,10,0.1000,2026,9996111497,9996109804,77,1235
docs\inst_test\instancias\n_1000_8,500,20,7,20,0.2000,123,9996111497,9996109804,64,1235
docs\inst_test\instancias\n_1000_8,500,20,7,10,0.2000,123,9996111502,9996110095,79,1235
docs\inst_test\instancias\n_1000_8,500,20,7,10,0.1000,123,9996111502,9996110095,85,1235
docs\inst_test\instancias\n_1000_8,500,20,7,20,0.2000,42,9996111502,9996110095,69,1235
docs\inst_test\instancias\n_1000_8,500,20,7,10,0.3000,123,9996111502,9996110095,77,1235
docs\inst_test\instancias\n_1000_8,500,20,7,20,0.3000,123,9996111497,9996109804,67,1235
docs\inst_test\instancias\n_1000_8,500,20,7,20,0.2000,2026,9996111497,9996109804,71,1235
docs\inst_test\instancias\n_1000_8,500,20,7,20,0.3000,2026,9996111497,9996109804,66,1235
docs\inst_test\instancias\n_1000_8,500,20,10,5,0.1000,42,9996111502,9996110095,72,1235
docs\inst_test\instancias\n_1000_8,500,20,10,10,0.1000,42,9996111497,9996109804,54,1235
docs\inst_test\instancias\n_1000_8,500,20,10,10,0.3000,2026,9996111497,9996109804,52,1235
docs\inst_test\instancias\n_1000_8,500,20,10,20,0.1000,2026,9996111497,9996109804,49,1235
docs\inst_test\instancias\n_1000_8,500,20,10,5,0.1000,2026,9996111497,9996109804,66,1235
docs\inst_test\instancias\n_1000_8,500,20,10,20,0.2000,42,9996111502,9996110095,48,1235
docs\inst_test\instancias\n_1000_8,500,20,10,10,0.2000,123,9996111502,9996110095,60,1235
docs\inst_test\instancias\n_1000_8,500,20,10,5,0.2000,42,9996111502,9996110095,67,1235
docs\inst_test\instancias\n_1000_8,500,20,10,10,0.3000,42,9996111502,9996110095,57,1235
docs\inst_test\instancias\n_1000_8,500,20,10,10,0.2000,42,9996111502,9996110095,61,1235
docs\inst_test\instancias\n_1000_8,500,20,10,20,0.1000,42,9996111497,9996109804,57,1235
docs\inst_test\instancias\n_1000_8,500,20,10,5,0.1000,123,9996111502,9996110095,71,1235
docs\inst_test\instancias\n_1000_8,500,20,10,20,0.1000,123,9996111497,9996109804,54,1235
docs\inst_test\instancias\n_1000_8,500,20,10,10,0.2000,2026,9996111497,9996109804,63,1235
docs\inst_test\instancias\n_1000_8,500,20,10,10,0.1000,2026,9996111497,9996109804,65,1235
docs\inst_test\instancias\n_1000_8,500,20,10,10,0.1000,123,9996111502,9996110095,65,1235
docs\inst_test\instancias\n_1000_8,500,20,10,5,0.2000,123,9996111502,9996110095,71,1235
docs\inst_test\instancias\n_1000_8,500,20,10,5,0.2000,2026,9996111497,9996109804,70,1235
docs\inst_test\instancias\n_1000_8,500,20,10,5,0.3000,2026,9996111497,9996109804,68,1235
docs\inst_test\instancias\n_1000_8,500,20,10,5,0.3000,42,9996111502,9996110095,71,1235
docs\inst_test\instancias\n_1000_8,500,20,10,5,0.3000,123,9996111502,9996110095,71,1235
docs\inst_test\instancias\n_1000_8,500,20,10,20,0.2000,123,9996111497,9996109804,58,1235
docs\inst_test\instancias\n_1000_8,500,20,10,10,0.3000,123,9996111502,9996110095,66,1235
docs\inst_test\instancias\n_1000_8,500,20,10,20,0.2000,2026,9996111497,9996109804,59,1235
docs\inst_test\instancias\n_1000_8,500,20,10,20,0.3000,42,9996111502,9996110095,60,1235
docs\inst_test\instancias\n_1000_8,500,20,10,20,0.3000,123,9996111497,9996109804,59,1235
docs\inst_test\instancias\n_1000_8,500,20,10,20,0.3000,2026,9996111497,9996109804,60,1235
docs\inst_test\instancias\n_1000_8,500,20,15,10,0.2000,123,9996111502,9996110095,52,1235
docs\inst_test\instancias\n_1000_8,500,20,15,5,0.1000,42,9996111502,9996110095,66,1235
docs\inst_test\instancias\n_1000_8,500,20,15,10,0.2000,2026,9996111497,9996109804,54,1235
docs\inst_test\instancias\n_1000_8,500,20,15,10,0.1000,123,9996111502,9996110095,57,1235
docs\inst_test\instancias\n_1000_8,500,20,15,5,0.1000,123,9996111502,9996110095,67,1235
docs\inst_test\instancias\n_1000_8,500,20,15,10,0.3000,42,9996111502,9996110095,56,1235
docs\inst_test\instancias\n_1000_8,500,20,15,10,0.2000,42,9996111502,9996110095,59,1235
docs\inst_test\instancias\n_1000_8,500,20,15,5,0.2000,123,9996111502,9996110095,63,1235
docs\inst_test\instancias\n_1000_8,500,20,15,20,0.1000,42,9996111497,9996109804,56,1235
docs\inst_test\instancias\n_1000_8,500,20,15,20,0.1000,123,9996111497,9996109804,56,1235
docs\inst_test\instancias\n_1000_8,500,20,15,5,0.3000,123,9996111502,9996110095,63,1235
docs\inst_test\instancias\n_1000_8,500,20,15,5,0.2000,2026,9996111497,9996109804,64,1235
docs\inst_test\instancias\n_1000_8,500,20,15,10,0.1000,42,9996111497,9996109804,64,1235
docs\inst_test\instancias\n_1000_8,500,20,15,10,0.1000,2026,9996111497,9996109804,63,1235
docs\inst_test\instancias\n_1000_8,500,20,15,5,0.1000,2026,9996111497,9996109804,70,1235
docs\inst_test\instancias\n_1000_8,500,20,15,20,0.1000,2026,9996111497,9996109804,58,1235
docs\inst_test\instancias\n_1000_8,500,20,15,5,0.2000,42,9996111502,9996110095,68,1235
docs\inst_test\instancias\n_1000_8,500,20,15,5,0.3000,42,9996111502,9996110095,67,1235
docs\inst_test\instancias\n_1000_8,500,20,15,20,0.2000,2026,9996111497,9996109804,56,1235
docs\inst_test\instancias\n_1000_8,500,20,15,20,0.2000,42,9996111502,9996110095,59,1235
docs\inst_test\instancias\n_1000_8,500,20,15,5,0.3000,2026,9996111497,9996109804,68,1235
docs\inst_test\instancias\n_1000_8,500,20,15,20,0.3000,123,9996111497,9996109804,54,1235
docs\inst_test\instancias\n_1000_8,500,20,15,20,0.2000,123,9996111497,9996109804,58,1235
docs\inst_test\instancias\n_1000_8,500,20,15,10,0.3000,123,9996111502,9996110095,63,1235
docs\inst_test\instancias\n_1000_8,500,20,15,10,0.3000,2026,9996111497,9996109804,64,1235
docs\inst_test\instancias\n_1000_8,500,20,15,20,0.3000,42,9996111502,9996110095,57,1235
docs\inst_test\instancias\n_1000_8,500,20,15,20,0.3000,2026,9996111497,9996109804,55,1235
docs\inst_test\instancias\n_1000_9,100,10,7,20,0.3000,42,9980485898,9980481011,19,2480
docs\inst_test\instancias\n_1000_9,100,10,7,5,0.3000,123,9980485898,9980481011,22,2480
docs\inst_test\instancias\n_1000_9,100,10,7,5,0.1000,42,9980485898,9980481011,25,2480
docs\inst_test\instancias\n_1000_9,100,10,7,5,0.3000,42,9980485898,9980481011,24,2480
docs\inst_test\instancias\n_1000_9,100,10,7,10,0.2000,2026,9980485898,9980481011,25,2480
docs\inst_test\instancias\n_1000_9,100,10,7,20,0.2000,2026,9980485898,9980481011,25,2480
docs\inst_test\instancias\n_1000_9,100,10,7,20,0.3000,123,9980485898,9980481011,25,2480
docs\inst_test\instancias\n_1000_9,100,10,7,20,0.2000,42,9980485898,9980481011,25,2480
docs\inst_test\instancias\n_1000_9,100,10,7,10,0.2000,42,9980485898,9980481011,26,2480
docs\inst_test\instancias\n_1000_9,100,10,7,20,0.1000,2026,9980485898,9980481011,27,2480
docs\inst_test\instancias\n_1000_9,100,10,7,10,0.1000,42,9980485898,9980481011,26,2480
docs\inst_test\instancias\n_1000_9,100,10,7,5,0.1000,123,9980485898,9980481011,29,2480
docs\inst_test\instancias\n_1000_9,100,10,7,5,0.3000,2026,9980485898,9980481011,29,2480
docs\inst_test\instancias\n_1000_9,100,10,7,20,0.1000,123,9980485898,9980481011,29,2480
docs\inst_test\instancias\n_1000_9,100,10,7,20,0.1000,42,9980485898,9980481011,31,2480
docs\inst_test\instancias\n_1000_9,100,10,7,10,0.1000,123,9980485898,9980481011,35,2480
docs\inst_test\instancias\n_1000_9,100,10,7,5,0.1000,2026,9980485898,9980481011,36,2480
docs\inst_test\instancias\n_1000_9,100,10,7,10,0.2000,123,9980485898,9980481011,38,2480
docs\inst_test\instancias\n_1000_9,100,10,7,5,0.2000,42,9980485898,9980481011,39,2480
docs\inst_test\instancias\n_1000_9,100,10,7,5,0.2000,2026,9980485898,9980481011,40,2480
docs\inst_test\instancias\n_1000_9,100,10,7,20,0.3000,2026,9980485898,9980481011,39,2480
docs\inst_test\instancias\n_1000_9,100,10,7,10,0.3000,2026,9980485898,9980481011,42,2480
docs\inst_test\instancias\n_1000_9,100,10,7,10,0.1000,2026,9980485898,9980481011,43,2480
docs\inst_test\instancias\n_1000_9,100,10,7,20,0.2000,123,9980485898,9980481011,43,2480
docs\inst_test\instancias\n_1000_9,100,10,7,10,0.3000,42,9980485898,9980481011,43,2480
docs\inst_test\instancias\n_1000_9,100,10,7,10,0.3000,123,9980485898,9980481011,43,2480
docs\inst_test\instancias\n_1000_9,100,10,7,5,0.2000,123,9980485898,9980481011,44,2480
docs\inst_test\instancias\n_1000_9,100,10,10,5,0.1000,123,9980485898,9980481011,22,2480
docs\inst_test\instancias\n_1000_9,100,10,10,5,0.2000,42,9980485898,9980481011,20,2480
docs\inst_test\instancias\n_1000_9,100,10,10,10,0.2000,123,9980485898,9980481011,17,2480
docs\inst_test\instancias\n_1000_9,100,10,10,10,0.1000,123,9980485898,9980481011,22,2480
docs\inst_test\instancias\n_1000_9,100,10,10,5,0.1000,42,9980485898,9980481011,30,2480
docs\inst_test\instancias\n_1000_9,100,10,10,10,0.2000,42,9980485898,9980481011,23,2480
docs\inst_test\instancias\n_1000_9,100,10,10,5,0.2000,123,9980485898,9980481011,29,2480
docs\inst_test\instancias\n_1000_9,100,10,10,5,0.3000,2026,9980485898,9980481011,28,2480
docs\inst_test\instancias\n_1000_9,100,10,10,5,0.3000,123,9980485898,9980481011,28,2480
docs\inst_test\instancias\n_1000_9,100,10,10,5,0.3000,42,9980485898,9980481011,28,2480
docs\inst_test\instancias\n_1000_9,100,10,10,5,0.2000,2026,9980485898,9980481011,28,2480
docs\inst_test\instancias\n_1000_9,100,10,10,10,0.1000,42,9980485898,9980481011,27,2480
docs\inst_test\instancias\n_1000_9,100,10,10,10,0.1000,2026,9980485898,9980481011,27,2480
docs\inst_test\instancias\n_1000_9,100,10,10,5,0.1000,2026,9980485898,9980481011,35,2480
docs\inst_test\instancias\n_1000_9,100,10,10,10,0.2000,2026,9980485898,9980481011,29,2480
docs\inst_test\instancias\n_1000_9,100,10,15,5,0.1000,42,9980485898,9980481011,17,2480
docs\inst_test\instancias\n_1000_9,100,10,10,10,0.3000,42,9980485898,9980481011,32,2480
docs\inst_test\instancias\n_1000_9,100,10,15,5,0.1000,123,9980485898,9980481011,26,2480
docs\inst_test\instancias\n_1000_9,100,10,10,10,0.3000,123,9980485898,9980481011,36,2480
docs\inst_test\instancias\n_1000_9,100,10,15,5,0.1000,2026,9980485898,9980481011,26,2480
docs\inst_test\instancias\n_1000_9,100,10,15,5,0.2000,123,9980485898,9980481011,22,2480
docs\inst_test\instancias\n_1000_9,100,10,10,10,0.3000,2026,9980485898,9980481011,37,2480
docs\inst_test\instancias\n_1000_9,100,10,10,20,0.1000,42,9980485898,9980481011,37,2480
docs\inst_test\instancias\n_1000_9,100,10,15,5,0.3000,123,9980485898,9980481011,22,2480
docs\inst_test\instancias\n_1000_9,100,10,10,20,0.1000,123,9980485898,9980481011,37,2480
docs\inst_test\instancias\n_1000_9,100,10,15,5,0.2000,42,9980485898,9980481011,28,2480
docs\inst_test\instancias\n_1000_9,100,10,10,20,0.2000,123,9980485898,9980481011,35,2480
docs\inst_test\instancias\n_1000_9,100,10,10,20,0.3000,123,9980485898,9980481011,35,2480
docs\inst_test\instancias\n_1000_9,100,10,15,10,0.1000,2026,9980485898,9980481011,26,2480
docs\inst_test\instancias\n_1000_9,100,10,15,5,0.3000,42,9980485898,9980481011,26,2480
docs\inst_test\instancias\n_1000_9,100,10,15,10,0.3000,42,9980485898,9980481011,19,2480
docs\inst_test\instancias\n_1000_9,100,10,15,10,0.1000,123,9980485898,9980481011,27,2480
docs\inst_test\instancias\n_1000_9,100,10,15,10,0.2000,42,9980485898,9980481011,26,2480
docs\inst_test\instancias\n_1000_9,100,10,15,10,0.1000,42,9980485898,9980481011,27,2480
docs\inst_test\instancias\n_1000_9,100,10,15,5,0.3000,2026,9980485898,9980481011,28,2480
docs\inst_test\instancias\n_1000_9,100,10,10,20,0.1000,2026,9980485898,9980481011,43,2480
docs\inst_test\instancias\n_1000_9,100,10,15,5,0.2000,2026,9980485898,9980481011,31,2480
docs\inst_test\instancias\n_1000_9,100,10,10,20,0.2000,2026,9980485898,9980481011,40,2480
docs\inst_test\instancias\n_1000_9,100,10,10,20,0.3000,42,9980485898,9980481011,40,2480
docs\inst_test\instancias\n_1000_9,100,10,10,20,0.3000,2026,9980485898,9980481011,41,2480
docs\inst_test\instancias\n_1000_9,100,10,10,20,0.2000,42,9980485898,9980481011,43,2480
docs\inst_test\instancias\n_1000_9,100,10,15,10,0.2000,2026,9980485898,9980481011,26,2480
docs\inst_test\instancias\n_1000_9,100,10,15,10,0.3000,123,9980485898,9980481011,26,2480
docs\inst_test\instancias\n_1000_9,100,10,15,20,0.1000,2026,9980485898,9980481011,22,2480
docs\inst_test\instancias\n_1000_9,100,10,15,10,0.2000,123,9980485898,9980481011,38,2480
docs\inst_test\instancias\n_1000_9,100,10,15,20,0.1000,123,9980485898,9980481011,26,2480
docs\inst_test\instancias\n_1000_9,100,10,15,20,0.2000,123,9980485898,9980481011,24,2480
docs\inst_test\instancias\n_1000_9,100,10,15,20,0.3000,42,9980485898,9980481011,23,2480
docs\inst_test\instancias\n_1000_9,100,10,15,20,0.1000,42,9980485898,9980481011,31,2480
docs\inst_test\instancias\n_1000_9,100,10,15,20,0.3000,123,9980485898,9980481011,27,2480
docs\inst_test\instancias\n_1000_9,100,15,7,5,0.1000,42,9980485898,9980481011,28,2480
docs\inst_test\instancias\n_1000_9,100,15,7,10,0.2000,123,9980485898,9980481011,22,2480
docs\inst_test\instancias\n_1000_9,100,10,15,20,0.3000,2026,9980485898,9980481011,29,2480
docs\inst_test\instancias\n_1000_9,100,10,15,20,0.2000,42,9980485898,9980481011,33,2480
docs\inst_test\instancias\n_1000_9,100,10,15,10,0.3000,2026,9980485898,9980481011,38,2480
docs\inst_test\instancias\n_1000_9,100,15,7,5,0.3000,123,9980485898,9980481011,27,2480
docs\inst_test\instancias\n_1000_9,100,15,7,5,0.3000,42,9980485898,9980481011,28,2480
docs\inst_test\instancias\n_1000_9,100,15,7,5,0.1000,2026,9980485898,9980481011,28,2480
docs\inst_test\instancias\n_1000_9,100,15,7,10,0.1000,123,9980485898,9980481011,29,2480
docs\inst_test\instancias\n_1000_9,100,15,7,5,0.3000,2026,9980485898,9980481011,30,2480
docs\inst_test\instancias\n_1000_9,100,15,7,5,0.2000,42,9980485898,9980481011,33,2480
docs\inst_test\instancias\n_1000_9,100,15,7,5,0.2000,123,9980485898,9980481011,33,2480
docs\inst_test\instancias\n_1000_9,100,15,7,10,0.2000,2026,9980485898,9980481011,30,2480
docs\inst_test\instancias\n_1000_9,100,10,15,20,0.2000,2026,9980485898,9980481011,40,2480
docs\inst_test\instancias\n_1000_9,100,15,7,5,0.2000,2026,9980485898,9980481011,36,2480
docs\inst_test\instancias\n_1000_9,100,15,7,10,0.2000,42,9980485898,9980481011,32,2480
docs\inst_test\instancias\n_1000_9,100,15,7,10,0.1000,42,9980485898,9980481011,36,2480
docs\inst_test\instancias\n_1000_9,100,15,7,10,0.3000,123,9980485898,9980481011,27,2480
docs\inst_test\instancias\n_1000_9,100,15,7,20,0.3000,42,9980485898,9980481011,16,2480
docs\inst_test\instancias\n_1000_9,100,15,7,5,0.1000,123,9980485898,9980481011,43,2480
docs\inst_test\instancias\n_1000_9,100,15,7,10,0.1000,2026,9980485898,9980481011,41,2480
docs\inst_test\instancias\n_1000_9,100,15,7,20,0.1000,42,9980485898,9980481011,28,2480
docs\inst_test\instancias\n_1000_9,100,15,7,20,0.1000,123,9980485898,9980481011,29,2480
docs\inst_test\instancias\n_1000_9,100,15,7,20,0.1000,2026,9980485898,9980481011,30,2480
docs\inst_test\instancias\n_1000_9,100,15,7,20,0.2000,2026,9980485898,9980481011,24,2480
docs\inst_test\instancias\n_1000_9,100,15,7,10,0.3000,2026,9980485898,9980481011,33,2480
docs\inst_test\instancias\n_1000_9,100,15,7,20,0.2000,123,9980485898,9980481011,27,2480
docs\inst_test\instancias\n_1000_9,100,15,7,20,0.2000,42,9980485898,9980481011,28,2480
docs\inst_test\instancias\n_1000_9,100,15,7,10,0.3000,42,9980485898,9980481011,40,2480
docs\inst_test\instancias\n_1000_9,100,15,7,20,0.3000,2026,9980485898,9980481011,26,2480
docs\inst_test\instancias\n_1000_9,100,15,10,5,0.3000,123,9980485898,9980481011,20,2480
docs\inst_test\instancias\n_1000_9,100,15,10,5,0.1000,2026,9980485898,9980481011,29,2480
docs\inst_test\instancias\n_1000_9,100,15,10,5,0.1000,123,9980485898,9980481011,29,2480
docs\inst_test\instancias\n_1000_9,100,15,10,5,0.2000,2026,9980485898,9980481011,27,2480
docs\inst_test\instancias\n_1000_9,100,15,10,5,0.2000,42,9980485898,9980481011,31,2480
docs\inst_test\instancias\n_1000_9,100,15,10,5,0.2000,123,9980485898,9980481011,29,2480
docs\inst_test\instancias\n_1000_9,100,15,7,20,0.3000,123,9980485898,9980481011,35,2480
docs\inst_test\instancias\n_1000_9,100,15,10,10,0.3000,42,9980485898,9980481011,22,2480
docs\inst_test\instancias\n_1000_9,100,15,10,10,0.1000,2026,9980485898,9980481011,32,2480
docs\inst_test\instancias\n_1000_9,100,15,10,5,0.1000,42,9980485898,9980481011,41,2480
docs\inst_test\instancias\n_1000_9,100,15,10,10,0.2000,42,9980485898,9980481011,31,2480
docs\inst_test\instancias\n_1000_9,100,15,10,10,0.2000,123,9980485898,9980481011,29,2480
docs\inst_test\instancias\n_1000_9,100,15,10,5,0.3000,42,9980485898,9980481011,38,2480
docs\inst_test\instancias\n_1000_9,100,15,10,10,0.3000,123,9980485898,9980481011,29,2480
docs\inst_test\instancias\n_1000_9,100,15,10,20,0.1000,42,9980485898,9980481011,26,2480
docs\inst_test\instancias\n_1000_9,100,15,10,20,0.1000,2026,9980485898,9980481011,25,2480
docs\inst_test\instancias\n_1000_9,100,15,10,5,0.3000,2026,9980485898,9980481011,39,2480
docs\inst_test\instancias\n_1000_9,100,15,10,10,0.1000,42,9980485898,9980481011,39,2480
docs\inst_test\instancias\n_1000_9,100,15,10,20,0.2000,42,9980485898,9980481011,26,2480
docs\inst_test\instancias\n_1000_9,100,15,10,20,0.2000,123,9980485898,9980481011,25,2480
docs\inst_test\instancias\n_1000_9,100,15,10,10,0.3000,2026,9980485898,9980481011,31,2480
docs\inst_test\instancias\n_1000_9,100,15,15,5,0.2000,42,9980485898,9980481011,17,2480
docs\inst_test\instancias\n_1000_9,100,15,10,10,0.1000,123,9980485898,9980481011,41,2480
docs\inst_test\instancias\n_1000_9,100,15,10,20,0.3000,123,9980485898,9980481011,28,2480
docs\inst_test\instancias\n_1000_9,100,15,10,10,0.2000,2026,9980485898,9980481011,41,2480
docs\inst_test\instancias\n_1000_9,100,15,15,5,0.1000,42,9980485898,9980481011,29,2480
docs\inst_test\instancias\n_1000_9,100,15,10,20,0.3000,2026,9980485898,9980481011,32,2480
docs\inst_test\instancias\n_1000_9,100,15,15,5,0.1000,2026,9980485898,9980481011,28,2480
docs\inst_test\instancias\n_1000_9,100,15,15,5,0.2000,123,9980485898,9980481011,28,2480
docs\inst_test\instancias\n_1000_9,100,15,15,5,0.3000,42,9980485898,9980481011,24,2480
docs\inst_test\instancias\n_1000_9,100,15,10,20,0.2000,2026,9980485898,9980481011,40,2480
docs\inst_test\instancias\n_1000_9,100,15,15,10,0.1000,123,9980485898,9980481011,20,2480
docs\inst_test\instancias\n_1000_9,100,15,10,20,0.1000,123,9980485898,9980481011,42,2480
docs\inst_test\instancias\n_1000_9,100,15,15,10,0.1000,2026,9980485898,9980481011,21,2480
docs\inst_test\instancias\n_1000_9,100,15,10,20,0.3000,42,9980485898,9980481011,40,2480
docs\inst_test\instancias\n_1000_9,100,15,15,5,0.1000,123,9980485898,9980481011,35,2480
docs\inst_test\instancias\n_1000_9,100,15,15,5,0.2000,2026,9980485898,9980481011,33,2480
docs\inst_test\instancias\n_1000_9,100,15,15,20,0.1000,2026,9980485898,9980481011,19,2480
docs\inst_test\instancias\n_1000_9,100,15,15,5,0.3000,123,9980485898,9980481011,28,2480
docs\inst_test\instancias\n_1000_9,100,15,15,10,0.1000,42,9980485898,9980481011,27,2480
docs\inst_test\instancias\n_1000_9,100,15,15,10,0.2000,123,9980485898,9980481011,25,2480
docs\inst_test\instancias\n_1000_9,100,15,15,20,0.1000,42,9980485898,9980481011,26,2480
docs\inst_test\instancias\n_1000_9,100,15,15,10,0.3000,2026,9980485898,9980481011,26,2480
docs\inst_test\instancias\n_1000_9,100,15,15,10,0.3000,123,9980485898,9980481011,29,2480
docs\inst_test\instancias\n_1000_9,100,15,15,5,0.3000,2026,9980485898,9980481011,37,2480
docs\inst_test\instancias\n_1000_9,100,15,15,10,0.2000,2026,9980485898,9980481011,32,2480
docs\inst_test\instancias\n_1000_9,100,15,15,10,0.3000,42,9980485898,9980481011,33,2480
docs\inst_test\instancias\n_1000_9,100,15,15,20,0.3000,42,9980485898,9980481011,25,2480
docs\inst_test\instancias\n_1000_9,100,15,15,10,0.2000,42,9980485898,9980481011,39,2480
docs\inst_test\instancias\n_1000_9,100,15,15,20,0.1000,123,9980485898,9980481011,36,2480
docs\inst_test\instancias\n_1000_9,100,15,15,20,0.2000,42,9980485898,9980481011,35,2480
docs\inst_test\instancias\n_1000_9,100,15,15,20,0.2000,123,9980485898,9980481011,34,2480
docs\inst_test\instancias\n_1000_9,100,15,15,20,0.2000,2026,9980485898,9980481011,31,2480
docs\inst_test\instancias\n_1000_9,100,20,7,5,0.1000,42,9980485898,9980481011,27,2480
docs\inst_test\instancias\n_1000_9,100,15,15,20,0.3000,2026,9980485898,9980481011,29,2480
docs\inst_test\instancias\n_1000_9,100,20,7,5,0.3000,42,9980485898,9980481011,24,2480
docs\inst_test\instancias\n_1000_9,100,20,7,5,0.2000,42,9980485898,9980481011,27,2480
docs\inst_test\instancias\n_1000_9,100,20,7,5,0.1000,123,9980485898,9980481011,30,2480
docs\inst_test\instancias\n_1000_9,100,20,7,5,0.1000,2026,9980485898,9980481011,29,2480
docs\inst_test\instancias\n_1000_9,100,20,7,10,0.2000,2026,9980485898,9980481011,19,2480
docs\inst_test\instancias\n_1000_9,100,20,7,5,0.2000,2026,9980485898,9980481011,29,2480
docs\inst_test\instancias\n_1000_9,100,20,7,10,0.2000,123,9980485898,9980481011,21,2480
docs\inst_test\instancias\n_1000_9,100,20,7,10,0.1000,123,9980485898,9980481011,26,2480
docs\inst_test\instancias\n_1000_9,100,20,7,10,0.3000,123,9980485898,9980481011,17,2480
docs\inst_test\instancias\n_1000_9,100,20,7,10,0.1000,2026,9980485898,9980481011,27,2480
docs\inst_test\instancias\n_1000_9,100,15,15,20,0.3000,123,9980485898,9980481011,40,2480
docs\inst_test\instancias\n_1000_9,100,20,7,5,0.2000,123,9980485898,9980481011,36,2480
docs\inst_test\instancias\n_1000_9,100,20,7,5,0.3000,123,9980485898,9980481011,36,2480
docs\inst_test\instancias\n_1000_9,100,20,7,10,0.2000,42,9980485898,9980481011,32,2480
docs\inst_test\instancias\n_1000_9,100,20,7,10,0.3000,2026,9980485898,9980481011,26,2480
docs\inst_test\instancias\n_1000_9,100,20,7,5,0.3000,2026,9980485898,9980481011,41,2480
docs\inst_test\instancias\n_1000_9,100,20,7,20,0.1000,123,9980485898,9980481011,26,2480
docs\inst_test\instancias\n_1000_9,100,20,7,10,0.1000,42,9980485898,9980481011,44,2480
docs\inst_test\instancias\n_1000_9,100,20,7,20,0.2000,123,9980485898,9980481011,26,2480
docs\inst_test\instancias\n_1000_9,100,20,7,10,0.3000,42,9980485898,9980481011,36,2480
docs\inst_test\instancias\n_1000_9,100,20,7,20,0.1000,42,9980485898,9980481011,34,2480
docs\inst_test\instancias\n_1000_9,100,20,10,5,0.3000,42,9980485898,9980481011,18,2480
docs\inst_test\instancias\n_1000_9,100,20,7,20,0.3000,123,9980485898,9980481011,28,2480
docs\inst_test\instancias\n_1000_9,100,20,10,5,0.2000,42,9980485898,9980481011,24,2480
docs\inst_test\instancias\n_1000_9,100,20,10,5,0.1000,123,9980485898,9980481011,27,2480
docs\inst_test\instancias\n_1000_9,100,20,10,5,0.2000,123,9980485898,9980481011,26,2480
docs\inst_test\instancias\n_1000_9,100,20,10,5,0.1000,2026,9980485898,9980481011,28,2480
docs\inst_test\instancias\n_1000_9,100,20,7,20,0.1000,2026,9980485898,9980481011,37,2480
docs\inst_test\instancias\n_1000_9,100,20,10,5,0.2000,2026,9980485898,9980481011,28,2480
docs\inst_test\instancias\n_1000_9,100,20,10,10,0.1000,2026,9980485898,9980481011,22,2480
docs\inst_test\instancias\n_1000_9,100,20,10,5,0.1000,42,9980485898,9980481011,32,2480
docs\inst_test\instancias\n_1000_9,100,20,7,20,0.3000,42,9980485898,9980481011,35,2480
docs\inst_test\instancias\n_1000_9,100,20,10,5,0.3000,123,9980485898,9980481011,28,2480
docs\inst_test\instancias\n_1000_9,100,20,10,10,0.1000,42,9980485898,9980481011,27,2480
docs\inst_test\instancias\n_1000_9,100,20,10,5,0.3000,2026,9980485898,9980481011,31,2480
docs\inst_test\instancias\n_1000_9,100,20,7,20,0.2000,42,9980485898,9980481011,44,2480
docs\inst_test\instancias\n_1000_9,100,20,7,20,0.2000,2026,9980485898,9980481011,43,2480
docs\inst_test\instancias\n_1000_9,100,20,7,20,0.3000,2026,9980485898,9980481011,42,2480
docs\inst_test\instancias\n_1000_9,100,20,10,10,0.2000,42,9980485898,9980481011,30,2480
docs\inst_test\instancias\n_1000_9,100,20,10,10,0.2000,2026,9980485898,9980481011,26,2480
docs\inst_test\instancias\n_1000_9,100,20,10,10,0.1000,123,9980485898,9980481011,34,2480
docs\inst_test\instancias\n_1000_9,100,20,10,20,0.2000,2026,9980485898,9980481011,16,2480
docs\inst_test\instancias\n_1000_9,100,20,10,20,0.1000,2026,9980485898,9980481011,25,2480
docs\inst_test\instancias\n_1000_9,100,20,10,20,0.1000,42,9980485898,9980481011,27,2480
docs\inst_test\instancias\n_1000_9,100,20,10,20,0.3000,123,9980485898,9980481011,20,2480
docs\inst_test\instancias\n_1000_9,100,20,10,10,0.3000,42,9980485898,9980481011,33,2480
docs\inst_test\instancias\n_1000_9,100,20,10,20,0.2000,123,9980485898,9980481011,26,2480
docs\inst_test\instancias\n_1000_9,100,20,10,20,0.3000,42,9980485898,9980481011,26,2480
docs\inst_test\instancias\n_1000_9,100,20,10,10,0.2000,123,9980485898,9980481011,41,2480
docs\inst_test\instancias\n_1000_9,100,20,10,20,0.2000,42,9980485898,9980481011,32,2480
docs\inst_test\instancias\n_1000_9,100,20,15,5,0.1000,2026,9980485898,9980481011,24,2480
docs\inst_test\instancias\n_1000_9,100,20,10,10,0.3000,123,9980485898,9980481011,39,2480
docs\inst_test\instancias\n_1000_9,100,20,15,5,0.1000,42,9980485898,9980481011,28,2480
docs\inst_test\instancias\n_1000_9,100,20,15,5,0.2000,2026,9980485898,9980481011,27,2480
docs\inst_test\instancias\n_1000_9,100,20,15,5,0.1000,123,9980485898,9980481011,29,2480
docs\inst_test\instancias\n_1000_9,100,20,15,5,0.3000,42,9980485898,9980481011,28,2480
docs\inst_test\instancias\n_1000_9,100,20,10,20,0.1000,123,9980485898,9980481011,40,2480
docs\inst_test\instancias\n_1000_9,100,20,10,10,0.3000,2026,9980485898,9980481011,41,2480
docs\inst_test\instancias\n_1000_9,100,20,15,10,0.2000,123,9980485898,9980481011,23,2480
docs\inst_test\instancias\n_1000_9,100,20,15,5,0.3000,123,9980485898,9980481011,29,2480
docs\inst_test\instancias\n_1000_9,100,20,15,5,0.2000,123,9980485898,9980481011,34,2480
docs\inst_test\instancias\n_1000_9,100,20,10,20,0.3000,2026,9980485898,9980481011,39,2480
docs\inst_test\instancias\n_1000_9,100,20,15,10,0.1000,2026,9980485898,9980481011,28,2480
docs\inst_test\instancias\n_1000_9,100,20,15,5,0.3000,2026,9980485898,9980481011,32,2480
docs\inst_test\instancias\n_1000_9,100,20,15,10,0.2000,2026,9980485898,9980481011,28,2480
docs\inst_test\instancias\n_1000_9,100,20,15,20,0.2000,42,9980485898,9980481011,17,2480
docs\inst_test\instancias\n_1000_9,100,20,15,20,0.2000,2026,9980485898,9980481011,16,2480
docs\inst_test\instancias\n_1000_9,100,20,15,5,0.2000,42,9980485898,9980481011,41,2480
docs\inst_test\instancias\n_1000_9,100,20,15,10,0.1000,42,9980485898,9980481011,34,2480
docs\inst_test\instancias\n_1000_9,100,20,15,10,0.2000,42,9980485898,9980481011,33,2480
docs\inst_test\instancias\n_1000_9,100,20,15,10,0.3000,42,9980485898,9980481011,30,2480
docs\inst_test\instancias\n_1000_9,100,20,15,20,0.1000,2026,9980485898,9980481011,25,2480
docs\inst_test\instancias\n_1000_9,100,20,15,20,0.1000,123,9980485898,9980481011,26,2480
docs\inst_test\instancias\n_1000_9,100,20,15,20,0.3000,2026,9980485898,9980481011,20,2480
docs\inst_test\instancias\n_1000_9,100,20,15,10,0.3000,123,9980485898,9980481011,32,2480
docs\inst_test\instancias\n_1000_9,100,20,15,10,0.1000,123,9980485898,9980481011,39,2480
docs\inst_test\instancias\n_1000_9,100,20,15,20,0.3000,123,9980485898,9980481011,24,2480
docs\inst_test\instancias\n_1000_9,100,20,15,10,0.3000,2026,9980485898,9980481011,37,2480
docs\inst_test\instancias\n_1000_9,100,20,15,20,0.2000,123,9980485898,9980481011,34,2480
docs\inst_test\instancias\n_1000_9,100,20,15,20,0.1000,42,9980485898,9980481011,42,2480
docs\inst_test\instancias\n_1000_9,100,20,15,20,0.3000,42,9980485898,9980481011,35,2480
docs\inst_test\instancias\n_1000_9,300,10,7,10,0.1000,2026,9980485898,9980481011,65,2480
docs\inst_test\instancias\n_1000_9,300,10,7,5,0.3000,2026,9980485898,9980481011,79,2480
docs\inst_test\instancias\n_1000_9,300,10,7,10,0.2000,42,9980485898,9980481011,76,2480
docs\inst_test\instancias\n_1000_9,300,10,7,10,0.2000,123,9980485898,9980481011,75,2480
docs\inst_test\instancias\n_1000_9,300,10,7,5,0.2000,123,9980485898,9980481011,84,2480
docs\inst_test\instancias\n_1000_9,300,10,7,5,0.2000,2026,9980485898,9980481011,87,2480
docs\inst_test\instancias\n_1000_9,300,10,7,10,0.3000,2026,9980485898,9980481011,75,2480
docs\inst_test\instancias\n_1000_9,300,10,7,20,0.3000,2026,9980485898,9980481011,59,2480
docs\inst_test\instancias\n_1000_9,300,10,7,5,0.1000,42,9980485898,9980481011,94,2480
docs\inst_test\instancias\n_1000_9,300,10,7,5,0.1000,2026,9980485898,9980481011,100,2480
docs\inst_test\instancias\n_1000_9,300,10,7,20,0.1000,2026,9980485898,9980481011,83,2480
docs\inst_test\instancias\n_1000_9,300,10,7,5,0.3000,42,9980485898,9980481011,97,2480
docs\inst_test\instancias\n_1000_9,300,10,7,5,0.2000,42,9980485898,9980481011,102,2480
docs\inst_test\instancias\n_1000_9,300,10,7,10,0.1000,42,9980485898,9980481011,93,2480
docs\inst_test\instancias\n_1000_9,300,10,7,20,0.2000,123,9980485898,9980481011,84,2480
docs\inst_test\instancias\n_1000_9,300,10,7,10,0.2000,2026,9980485898,9980481011,93,2480
docs\inst_test\instancias\n_1000_9,300,10,7,20,0.3000,123,9980485898,9980481011,75,2480
docs\inst_test\instancias\n_1000_9,300,10,7,5,0.3000,123,9980485898,9980481011,101,2480
docs\inst_test\instancias\n_1000_9,300,10,7,5,0.1000,123,9980485898,9980481011,110,2480
docs\inst_test\instancias\n_1000_9,300,10,7,20,0.2000,2026,9980485898,9980481011,87,2480
docs\inst_test\instancias\n_1000_9,300,10,7,10,0.3000,42,9980485898,9980481011,99,2480
docs\inst_test\instancias\n_1000_9,300,10,7,10,0.1000,123,9980485898,9980481011,105,2480
docs\inst_test\instancias\n_1000_9,300,10,7,10,0.3000,123,9980485898,9980481011,101,2480
docs\inst_test\instancias\n_1000_9,300,10,7,20,0.2000,42,9980485898,9980481011,101,2480
docs\inst_test\instancias\n_1000_9,300,10,7,20,0.3000,42,9980485898,9980481011,96,2480
docs\inst_test\instancias\n_1000_9,300,10,7,20,0.1000,42,9980485898,9980481011,116,2480
docs\inst_test\instancias\n_1000_9,300,10,7,20,0.1000,123,9980485898,9980481011,120,2480
docs\inst_test\instancias\n_1000_9,300,10,10,5,0.1000,123,9980485898,9980481011,74,2480
docs\inst_test\instancias\n_1000_9,300,10,10,10,0.2000,2026,9980485898,9980481011,67,2480
docs\inst_test\instancias\n_1000_9,300,10,10,10,0.1000,123,9980485898,9980481011,75,2480
docs\inst_test\instancias\n_1000_9,300,10,10,5,0.1000,42,9980485898,9980481011,102,2480
docs\inst_test\instancias\n_1000_9,300,10,10,5,0.2000,42,9980485898,9980481011,92,2480
docs\inst_test\instancias\n_1000_9,300,10,10,20,0.1000,42,9980485898,9980481011,70,2480
docs\inst_test\instancias\n_1000_9,300,10,10,10,0.1000,2026,9980485898,9980481011,80,2480
docs\inst_test\instancias\n_1000_9,300,10,10,10,0.2000,42,9980485898,9980481011,82,2480
docs\inst_test\instancias\n_1000_9,300,10,10,10,0.3000,123,9980485898,9980481011,79,2480
docs\inst_test\instancias\n_1000_9,300,10,10,5,0.2000,2026,9980485898,9980481011,99,2480
docs\inst_test\instancias\n_1000_9,300,10,10,20,0.2000,2026,9980485898,9980481011,71,2480
docs\inst_test\instancias\n_1000_9,300,10,10,10,0.3000,42,9980485898,9980481011,86,2480
docs\inst_test\instancias\n_1000_9,300,10,10,20,0.2000,42,9980485898,9980481011,83,2480
docs\inst_test\instancias\n_1000_9,300,10,10,5,0.3000,2026,9980485898,9980481011,105,2480
docs\inst_test\instancias\n_1000_9,300,10,10,20,0.2000,123,9980485898,9980481011,81,2480
docs\inst_test\instancias\n_1000_9,300,10,10,20,0.1000,123,9980485898,9980481011,87,2480
docs\inst_test\instancias\n_1000_9,300,10,10,5,0.3000,42,9980485898,9980481011,107,2480
docs\inst_test\instancias\n_1000_9,300,10,10,10,0.1000,42,9980485898,9980481011,99,2480
docs\inst_test\instancias\n_1000_9,300,10,10,5,0.2000,123,9980485898,9980481011,113,2480
docs\inst_test\instancias\n_1000_9,300,10,10,5,0.1000,2026,9980485898,9980481011,113,2480
docs\inst_test\instancias\n_1000_9,300,10,10,10,0.2000,123,9980485898,9980481011,98,2480
docs\inst_test\instancias\n_1000_9,300,10,10,5,0.3000,123,9980485898,9980481011,113,2480
docs\inst_test\instancias\n_1000_9,300,10,10,20,0.1000,2026,9980485898,9980481011,100,2480
docs\inst_test\instancias\n_1000_9,300,10,10,10,0.3000,2026,9980485898,9980481011,107,2480
docs\inst_test\instancias\n_1000_9,300,10,10,20,0.3000,42,9980485898,9980481011,99,2480
docs\inst_test\instancias\n_1000_9,300,10,10,20,0.3000,123,9980485898,9980481011,93,2480
docs\inst_test\instancias\n_1000_9,300,10,10,20,0.3000,2026,9980485898,9980481011,100,2480
docs\inst_test\instancias\n_1000_9,300,10,15,5,0.1000,42,9980485898,9980481011,84,2480
docs\inst_test\instancias\n_1000_9,300,10,15,20,0.1000,123,9980485898,9980481011,61,2480
docs\inst_test\instancias\n_1000_9,300,10,15,10,0.2000,123,9980485898,9980481011,67,2480
docs\inst_test\instancias\n_1000_9,300,10,15,5,0.2000,2026,9980485898,9980481011,85,2480
docs\inst_test\instancias\n_1000_9,300,10,15,10,0.1000,123,9980485898,9980481011,76,2480
docs\inst_test\instancias\n_1000_9,300,10,15,5,0.3000,2026,9980485898,9980481011,82,2480
docs\inst_test\instancias\n_1000_9,300,10,15,5,0.2000,42,9980485898,9980481011,95,2480
docs\inst_test\instancias\n_1000_9,300,10,15,5,0.2000,123,9980485898,9980481011,95,2480
docs\inst_test\instancias\n_1000_9,300,10,15,5,0.1000,123,9980485898,9980481011,102,2480
docs\inst_test\instancias\n_1000_9,300,10,15,10,0.3000,42,9980485898,9980481011,76,2480
docs\inst_test\instancias\n_1000_9,300,10,15,10,0.1000,2026,9980485898,9980481011,85,2480
docs\inst_test\instancias\n_1000_9,300,10,15,5,0.1000,2026,9980485898,9980481011,101,2480
docs\inst_test\instancias\n_1000_9,300,10,15,10,0.3000,2026,9980485898,9980481011,79,2480
docs\inst_test\instancias\n_1000_9,300,10,15,20,0.1000,42,9980485898,9980481011,78,2480
docs\inst_test\instancias\n_1000_9,300,10,15,5,0.3000,42,9980485898,9980481011,103,2480
docs\inst_test\instancias\n_1000_9,300,10,15,10,0.2000,42,9980485898,9980481011,86,2480
docs\inst_test\instancias\n_1000_9,300,10,15,10,0.1000,42,9980485898,9980481011,96,2480
docs\inst_test\instancias\n_1000_9,300,10,15,20,0.2000,2026,9980485898,9980481011,74,2480
docs\inst_test\instancias\n_1000_9,300,10,15,5,0.3000,123,9980485898,9980481011,106,2480
docs\inst_test\instancias\n_1000_9,300,10,15,20,0.2000,42,9980485898,9980481011,97,2480
docs\inst_test\instancias\n_1000_9,300,10,15,10,0.3000,123,9980485898,9980481011,105,2480
docs\inst_test\instancias\n_1000_9,300,10,15,20,0.1000,2026,9980485898,9980481011,104,2480
docs\inst_test\instancias\n_1000_9,300,10,15,10,0.2000,2026,9980485898,9980481011,110,2480
docs\inst_test\instancias\n_1000_9,300,10,15,20,0.3000,42,9980485898,9980481011,86,2480
docs\inst_test\instancias\n_1000_9,300,10,15,20,0.2000,123,9980485898,9980481011,101,2480
docs\inst_test\instancias\n_1000_9,300,10,15,20,0.3000,123,9980485898,9980481011,95,2480
docs\inst_test\instancias\n_1000_9,300,10,15,20,0.3000,2026,9980485898,9980481011,88,2480
docs\inst_test\instancias\n_1000_9,300,15,7,5,0.1000,42,9980485898,9980481011,92,2480
docs\inst_test\instancias\n_1000_9,300,15,7,5,0.2000,123,9980485898,9980481011,76,2480
docs\inst_test\instancias\n_1000_9,300,15,7,5,0.2000,2026,9980485898,9980481011,79,2480
docs\inst_test\instancias\n_1000_9,300,15,7,5,0.3000,42,9980485898,9980481011,82,2480
docs\inst_test\instancias\n_1000_9,300,15,7,5,0.3000,123,9980485898,9980481011,82,2480
docs\inst_test\instancias\n_1000_9,300,15,7,10,0.2000,123,9980485898,9980481011,81,2480
docs\inst_test\instancias\n_1000_9,300,15,7,10,0.3000,2026,9980485898,9980481011,74,2480
docs\inst_test\instancias\n_1000_9,300,15,7,5,0.1000,2026,9980485898,9980481011,100,2480
docs\inst_test\instancias\n_1000_9,300,15,7,5,0.2000,42,9980485898,9980481011,102,2480
docs\inst_test\instancias\n_1000_9,300,15,7,5,0.1000,123,9980485898,9980481011,108,2480
docs\inst_test\instancias\n_1000_9,300,15,7,10,0.1000,42,9980485898,9980481011,95,2480
docs\inst_test\instancias\n_1000_9,300,15,7,20,0.1000,42,9980485898,9980481011,81,2480
docs\inst_test\instancias\n_1000_9,300,15,7,5,0.3000,2026,9980485898,9980481011,96,2480
docs\inst_test\instancias\n_1000_9,300,15,7,10,0.1000,123,9980485898,9980481011,96,2480
docs\inst_test\instancias\n_1000_9,300,15,7,10,0.3000,42,9980485898,9980481011,91,2480
docs\inst_test\instancias\n_1000_9,300,15,7,10,0.2000,42,9980485898,9980481011,100,2480
docs\inst_test\instancias\n_1000_9,300,15,7,20,0.1000,123,9980485898,9980481011,83,2480
docs\inst_test\instancias\n_1000_9,300,15,7,10,0.3000,123,9980485898,9980481011,101,2480
docs\inst_test\instancias\n_1000_9,300,15,7,10,0.2000,2026,9980485898,9980481011,106,2480
docs\inst_test\instancias\n_1000_9,300,15,7,20,0.3000,42,9980485898,9980481011,84,2480
docs\inst_test\instancias\n_1000_9,300,15,7,10,0.1000,2026,9980485898,9980481011,121,2480
docs\inst_test\instancias\n_1000_9,300,15,7,20,0.3000,2026,9980485898,9980481011,74,2480
docs\inst_test\instancias\n_1000_9,300,15,7,20,0.2000,2026,9980485898,9980481011,98,2480
docs\inst_test\instancias\n_1000_9,300,15,7,20,0.2000,42,9980485898,9980481011,103,2480
docs\inst_test\instancias\n_1000_9,300,15,7,20,0.1000,2026,9980485898,9980481011,105,2480
docs\inst_test\instancias\n_1000_9,300,15,7,20,0.2000,123,9980485898,9980481011,105,2480
docs\inst_test\instancias\n_1000_9,300,15,7,20,0.3000,123,9980485898,9980481011,91,2480
docs\inst_test\instancias\n_1000_9,300,15,10,5,0.1000,123,9980485898,9980481011,89,2480
docs\inst_test\instancias\n_1000_9,300,15,10,5,0.1000,42,9980485898,9980481011,98,2480
docs\inst_test\instancias\n_1000_9,300,15,10,5,0.1000,2026,9980485898,9980481011,89,2480
docs\inst_test\instancias\n_1000_9,300,15,10,5,0.2000,2026,9980485898,9980481011,83,2480
docs\inst_test\instancias\n_1000_9,300,15,10,10,0.2000,42,9980485898,9980481011,74,2480
docs\inst_test\instancias\n_1000_9,300,15,10,5,0.3000,42,9980485898,9980481011,84,2480
docs\inst_test\instancias\n_1000_9,300,15,10,5,0.2000,42,9980485898,9980481011,96,2480
docs\inst_test\instancias\n_1000_9,300,15,10,5,0.3000,123,9980485898,9980481011,87,2480
docs\inst_test\instancias\n_1000_9,300,15,10,10,0.1000,123,9980485898,9980481011,81,2480
docs\inst_test\instancias\n_1000_9,300,15,10,10,0.1000,2026,9980485898,9980481011,81,2480
docs\inst_test\instancias\n_1000_9,300,15,10,10,0.1000,42,9980485898,9980481011,85,2480
docs\inst_test\instancias\n_1000_9,300,15,10,10,0.3000,2026,9980485898,9980481011,70,2480
docs\inst_test\instancias\n_1000_9,300,15,10,5,0.2000,123,9980485898,9980481011,109,2480
docs\inst_test\instancias\n_1000_9,300,15,10,10,0.2000,2026,9980485898,9980481011,92,2480
docs\inst_test\instancias\n_1000_9,300,15,10,10,0.3000,42,9980485898,9980481011,90,2480
docs\inst_test\instancias\n_1000_9,300,15,10,10,0.2000,123,9980485898,9980481011,98,2480
docs\inst_test\instancias\n_1000_9,300,15,10,5,0.3000,2026,9980485898,9980481011,108,2480
docs\inst_test\instancias\n_1000_9,300,15,10,20,0.2000,42,9980485898,9980481011,79,2480
docs\inst_test\instancias\n_1000_9,300,15,10,20,0.3000,42,9980485898,9980481011,77,2480
docs\inst_test\instancias\n_1000_9,300,15,10,20,0.1000,42,9980485898,9980481011,97,2480
docs\inst_test\instancias\n_1000_9,300,15,10,20,0.3000,2026,9980485898,9980481011,75,2480
docs\inst_test\instancias\n_1000_9,300,15,10,10,0.3000,123,9980485898,9980481011,105,2480
docs\inst_test\instancias\n_1000_9,300,15,10,20,0.1000,123,9980485898,9980481011,93,2480
docs\inst_test\instancias\n_1000_9,300,15,10,20,0.2000,2026,9980485898,9980481011,98,2480
docs\inst_test\instancias\n_1000_9,300,15,10,20,0.3000,123,9980485898,9980481011,92,2480
docs\inst_test\instancias\n_1000_9,300,15,10,20,0.1000,2026,9980485898,9980481011,109,2480
docs\inst_test\instancias\n_1000_9,300,15,15,5,0.1000,2026,9980485898,9980481011,81,2480
docs\inst_test\instancias\n_1000_9,300,15,10,20,0.2000,123,9980485898,9980481011,114,2480
docs\inst_test\instancias\n_1000_9,300,15,15,5,0.1000,123,9980485898,9980481011,91,2480
docs\inst_test\instancias\n_1000_9,300,15,15,5,0.3000,123,9980485898,9980481011,76,2480
docs\inst_test\instancias\n_1000_9,300,15,15,5,0.2000,42,9980485898,9980481011,92,2480
docs\inst_test\instancias\n_1000_9,300,15,15,5,0.3000,2026,9980485898,9980481011,83,2480
docs\inst_test\instancias\n_1000_9,300,15,15,10,0.1000,42,9980485898,9980481011,84,2480
docs\inst_test\instancias\n_1000_9,300,15,15,10,0.1000,123,9980485898,9980481011,84,2480
docs\inst_test\instancias\n_1000_9,300,15,15,10,0.1000,2026,9980485898,9980481011,82,2480
docs\inst_test\instancias\n_1000_9,300,15,15,5,0.1000,42,9980485898,9980481011,109,2480
docs\inst_test\instancias\n_1000_9,300,15,15,5,0.2000,2026,9980485898,9980481011,99,2480
docs\inst_test\instancias\n_1000_9,300,15,15,5,0.2000,123,9980485898,9980481011,106,2480
docs\inst_test\instancias\n_1000_9,300,15,15,10,0.2000,42,9980485898,9980481011,88,2480
docs\inst_test\instancias\n_1000_9,300,15,15,5,0.3000,42,9980485898,9980481011,102,2480
docs\inst_test\instancias\n_1000_9,300,15,15,10,0.2000,123,9980485898,9980481011,89,2480
docs\inst_test\instancias\n_1000_9,300,15,15,10,0.3000,123,9980485898,9980481011,86,2480
docs\inst_test\instancias\n_1000_9,300,15,15,10,0.3000,2026,9980485898,9980481011,83,2480
docs\inst_test\instancias\n_1000_9,300,15,15,20,0.1000,42,9980485898,9980481011,82,2480
docs\inst_test\instancias\n_1000_9,300,15,15,10,0.2000,2026,9980485898,9980481011,104,2480
docs\inst_test\instancias\n_1000_9,300,15,15,10,0.3000,42,9980485898,9980481011,106,2480
docs\inst_test\instancias\n_1000_9,300,15,15,20,0.1000,2026,9980485898,9980481011,92,2480
docs\inst_test\instancias\n_1000_9,300,15,15,20,0.2000,123,9980485898,9980481011,91,2480
docs\inst_test\instancias\n_1000_9,300,15,15,20,0.2000,42,9980485898,9980481011,93,2480
docs\inst_test\instancias\n_1000_9,300,15,15,20,0.3000,2026,9980485898,9980481011,68,2480
docs\inst_test\instancias\n_1000_9,300,15,15,20,0.1000,123,9980485898,9980481011,103,2480
docs\inst_test\instancias\n_1000_9,300,15,15,20,0.2000,2026,9980485898,9980481011,88,2480
docs\inst_test\instancias\n_1000_9,300,20,7,5,0.2000,42,9980485898,9980481011,66,2480
docs\inst_test\instancias\n_1000_9,300,15,15,20,0.3000,42,9980485898,9980481011,104,2480
docs\inst_test\instancias\n_1000_9,300,20,7,5,0.2000,123,9980485898,9980481011,80,2480
docs\inst_test\instancias\n_1000_9,300,15,15,20,0.3000,123,9980485898,9980481011,109,2480
docs\inst_test\instancias\n_1000_9,300,20,7,5,0.3000,42,9980485898,9980481011,80,2480
docs\inst_test\instancias\n_1000_9,300,20,7,5,0.2000,2026,9980485898,9980481011,90,2480
docs\inst_test\instancias\n_1000_9,300,20,7,5,0.1000,42,9980485898,9980481011,105,2480
docs\inst_test\instancias\n_1000_9,300,20,7,5,0.3000,123,9980485898,9980481011,90,2480
docs\inst_test\instancias\n_1000_9,300,20,7,5,0.3000,2026,9980485898,9980481011,90,2480
docs\inst_test\instancias\n_1000_9,300,20,7,10,0.1000,2026,9980485898,9980481011,79,2480
docs\inst_test\instancias\n_1000_9,300,20,7,10,0.1000,42,9980485898,9980481011,85,2480
docs\inst_test\instancias\n_1000_9,300,20,7,10,0.1000,123,9980485898,9980481011,90,2480
docs\inst_test\instancias\n_1000_9,300,20,7,5,0.1000,123,9980485898,9980481011,115,2480
docs\inst_test\instancias\n_1000_9,300,20,7,5,0.1000,2026,9980485898,9980481011,114,2480
docs\inst_test\instancias\n_1000_9,300,20,7,10,0.2000,42,9980485898,9980481011,90,2480
docs\inst_test\instancias\n_1000_9,300,20,7,20,0.1000,42,9980485898,9980481011,67,2480
docs\inst_test\instancias\n_1000_9,300,20,7,10,0.3000,42,9980485898,9980481011,85,2480
docs\inst_test\instancias\n_1000_9,300,20,7,20,0.2000,123,9980485898,9980481011,65,2480
docs\inst_test\instancias\n_1000_9,300,20,7,10,0.3000,123,9980485898,9980481011,85,2480
docs\inst_test\instancias\n_1000_9,300,20,7,20,0.2000,2026,9980485898,9980481011,69,2480
docs\inst_test\instancias\n_1000_9,300,20,7,10,0.2000,2026,9980485898,9980481011,99,2480
docs\inst_test\instancias\n_1000_9,300,20,7,10,0.2000,123,9980485898,9980481011,109,2480
docs\inst_test\instancias\n_1000_9,300,20,7,20,0.3000,42,9980485898,9980481011,76,2480
docs\inst_test\instancias\n_1000_9,300,20,7,20,0.1000,123,9980485898,9980481011,99,2480
docs\inst_test\instancias\n_1000_9,300,20,7,10,0.3000,2026,9980485898,9980481011,115,2480
docs\inst_test\instancias\n_1000_9,300,20,7,20,0.2000,42,9980485898,9980481011,105,2480
docs\inst_test\instancias\n_1000_9,300,20,7,20,0.1000,2026,9980485898,9980481011,110,2480
docs\inst_test\instancias\n_1000_9,300,20,7,20,0.3000,2026,9980485898,9980481011,82,2480
docs\inst_test\instancias\n_1000_9,300,20,7,20,0.3000,123,9980485898,9980481011,94,2480
docs\inst_test\instancias\n_1000_9,300,20,10,5,0.1000,2026,9980485898,9980481011,82,2480
docs\inst_test\instancias\n_1000_9,300,20,10,5,0.1000,123,9980485898,9980481011,91,2480
docs\inst_test\instancias\n_1000_9,300,20,10,5,0.1000,42,9980485898,9980481011,94,2480
docs\inst_test\instancias\n_1000_9,300,20,10,10,0.2000,123,9980485898,9980481011,73,2480
docs\inst_test\instancias\n_1000_9,300,20,10,5,0.2000,2026,9980485898,9980481011,89,2480
docs\inst_test\instancias\n_1000_9,300,20,10,10,0.1000,2026,9980485898,9980481011,78,2480
docs\inst_test\instancias\n_1000_9,300,20,10,5,0.3000,2026,9980485898,9980481011,89,2480
docs\inst_test\instancias\n_1000_9,300,20,10,5,0.2000,42,9980485898,9980481011,96,2480
docs\inst_test\instancias\n_1000_9,300,20,10,10,0.2000,2026,9980485898,9980481011,77,2480
docs\inst_test\instancias\n_1000_9,300,20,10,5,0.3000,42,9980485898,9980481011,96,2480
docs\inst_test\instancias\n_1000_9,300,20,10,10,0.3000,42,9980485898,9980481011,79,2480
docs\inst_test\instancias\n_1000_9,300,20,10,10,0.1000,42,9980485898,9980481011,88,2480
docs\inst_test\instancias\n_1000_9,300,20,10,10,0.2000,42,9980485898,9980481011,92,2480
docs\inst_test\instancias\n_1000_9,300,20,10,5,0.2000,123,9980485898,9980481011,110,2480
docs\inst_test\instancias\n_1000_9,300,20,10,10,0.3000,2026,9980485898,9980481011,78,2480
docs\inst_test\instancias\n_1000_9,300,20,10,10,0.1000,123,9980485898,9980481011,96,2480
docs\inst_test\instancias\n_1000_9,300,20,10,5,0.3000,123,9980485898,9980481011,106,2480
docs\inst_test\instancias\n_1000_9,300,20,10,20,0.1000,123,9980485898,9980481011,80,2480
docs\inst_test\instancias\n_1000_9,300,20,10,20,0.2000,42,9980485898,9980481011,78,2480
docs\inst_test\instancias\n_1000_9,300,20,10,10,0.3000,123,9980485898,9980481011,105,2480
docs\inst_test\instancias\n_1000_9,300,20,10,20,0.2000,2026,9980485898,9980481011,76,2480
docs\inst_test\instancias\n_1000_9,300,20,10,20,0.1000,42,9980485898,9980481011,111,2480
docs\inst_test\instancias\n_1000_9,300,20,10,20,0.1000,2026,9980485898,9980481011,102,2480
docs\inst_test\instancias\n_1000_9,300,20,10,20,0.3000,123,9980485898,9980481011,83,2480
docs\inst_test\instancias\n_1000_9,300,20,10,20,0.3000,42,9980485898,9980481011,85,2480
docs\inst_test\instancias\n_1000_9,300,20,10,20,0.2000,123,9980485898,9980481011,91,2480
docs\inst_test\instancias\n_1000_9,300,20,10,20,0.3000,2026,9980485898,9980481011,89,2480
docs\inst_test\instancias\n_1000_9,300,20,15,5,0.2000,2026,9980485898,9980481011,70,2480
docs\inst_test\instancias\n_1000_9,300,20,15,5,0.3000,42,9980485898,9980481011,82,2480
docs\inst_test\instancias\n_1000_9,300,20,15,5,0.3000,123,9980485898,9980481011,82,2480
docs\inst_test\instancias\n_1000_9,300,20,15,5,0.1000,42,9980485898,9980481011,106,2480
docs\inst_test\instancias\n_1000_9,300,20,15,10,0.2000,123,9980485898,9980481011,76,2480
docs\inst_test\instancias\n_1000_9,300,20,15,10,0.1000,123,9980485898,9980481011,84,2480
docs\inst_test\instancias\n_1000_9,300,20,15,10,0.1000,2026,9980485898,9980481011,84,2480
docs\inst_test\instancias\n_1000_9,300,20,15,5,0.3000,2026,9980485898,9980481011,89,2480
docs\inst_test\instancias\n_1000_9,300,20,15,10,0.1000,42,9980485898,9980481011,90,2480
docs\inst_test\instancias\n_1000_9,300,20,15,10,0.3000,42,9980485898,9980481011,82,2480
docs\inst_test\instancias\n_1000_9,300,20,15,5,0.2000,42,9980485898,9980481011,110,2480
docs\inst_test\instancias\n_1000_9,300,20,15,5,0.1000,2026,9980485898,9980481011,118,2480
docs\inst_test\instancias\n_1000_9,300,20,15,10,0.2000,2026,9980485898,9980481011,90,2480
docs\inst_test\instancias\n_1000_9,300,20,15,5,0.1000,123,9980485898,9980481011,121,2480
docs\inst_test\instancias\n_1000_9,300,20,15,10,0.3000,123,9980485898,9980481011,92,2480
docs\inst_test\instancias\n_1000_9,300,20,15,5,0.2000,123,9980485898,9980481011,116,2480
docs\inst_test\instancias\n_1000_9,300,20,15,10,0.3000,2026,9980485898,9980481011,89,2480
docs\inst_test\instancias\n_1000_9,300,20,15,20,0.1000,42,9980485898,9980481011,79,2480
docs\inst_test\instancias\n_1000_9,300,20,15,20,0.1000,2026,9980485898,9980481011,75,2480
docs\inst_test\instancias\n_1000_9,300,20,15,10,0.2000,42,9980485898,9980481011,110,2480
docs\inst_test\instancias\n_1000_9,300,20,15,20,0.2000,123,9980485898,9980481011,83,2480
docs\inst_test\instancias\n_1000_9,300,20,15,20,0.3000,42,9980485898,9980481011,81,2480
docs\inst_test\instancias\n_1000_9,300,20,15,20,0.2000,42,9980485898,9980481011,86,2480
docs\inst_test\instancias\n_1000_9,300,20,15,20,0.1000,123,9980485898,9980481011,108,2480
docs\inst_test\instancias\n_1000_9,300,20,15,20,0.3000,123,9980485898,9980481011,97,2480
docs\inst_test\instancias\n_1000_9,300,20,15,20,0.3000,2026,9980485898,9980481011,93,2480
docs\inst_test\instancias\n_1000_9,300,20,15,20,0.2000,2026,9980485898,9980481011,104,2480
docs\inst_test\instancias\n_1000_9,500,10,7,5,0.1000,42,9980485898,9980481011,150,2480
docs\inst_test\instancias\n_1000_9,500,10,7,10,0.3000,123,9980485898,9980481011,111,2480
docs\inst_test\instancias\n_1000_9,500,10,7,5,0.1000,123,9980485898,9980481011,143,2480
docs\inst_test\instancias\n_1000_9,500,10,7,5,0.2000,42,9980485898,9980481011,148,2480
docs\inst_test\instancias\n_1000_9,500,10,7,5,0.1000,2026,9980485898,9980481011,152,2480
docs\inst_test\instancias\n_1000_9,500,10,7,10,0.1000,2026,9980485898,9980481011,132,2480
docs\inst_test\instancias\n_1000_9,500,10,7,10,0.3000,2026,9980485898,9980481011,125,2480
docs\inst_test\instancias\n_1000_9,500,10,7,5,0.2000,2026,9980485898,9980481011,152,2480
docs\inst_test\instancias\n_1000_9,500,10,7,5,0.3000,123,9980485898,9980481011,155,2480
docs\inst_test\instancias\n_1000_9,500,10,7,10,0.2000,2026,9980485898,9980481011,141,2480
docs\inst_test\instancias\n_1000_9,500,10,7,5,0.2000,123,9980485898,9980481011,161,2480
docs\inst_test\instancias\n_1000_9,500,10,7,10,0.1000,42,9980485898,9980481011,161,2480
docs\inst_test\instancias\n_1000_9,500,10,7,5,0.3000,2026,9980485898,9980481011,163,2480
docs\inst_test\instancias\n_1000_9,500,10,7,10,0.3000,42,9980485898,9980481011,151,2480
docs\inst_test\instancias\n_1000_9,500,10,7,5,0.3000,42,9980485898,9980481011,173,2480
docs\inst_test\instancias\n_1000_9,500,10,7,20,0.2000,123,9980485898,9980481011,131,2480
docs\inst_test\instancias\n_1000_9,500,10,7,20,0.3000,2026,9980485898,9980481011,120,2480
docs\inst_test\instancias\n_1000_9,500,10,7,10,0.2000,42,9980485898,9980481011,175,2480
docs\inst_test\instancias\n_1000_9,500,10,7,20,0.2000,42,9980485898,9980481011,150,2480
docs\inst_test\instancias\n_1000_9,500,10,7,10,0.2000,123,9980485898,9980481011,180,2480
docs\inst_test\instancias\n_1000_9,500,10,7,20,0.1000,123,9980485898,9980481011,165,2480
docs\inst_test\instancias\n_1000_9,500,10,7,20,0.2000,2026,9980485898,9980481011,147,2480
docs\inst_test\instancias\n_1000_9,500,10,7,10,0.1000,123,9980485898,9980481011,186,2480
docs\inst_test\instancias\n_1000_9,500,10,7,20,0.3000,123,9980485898,9980481011,140,2480
docs\inst_test\instancias\n_1000_9,500,10,7,20,0.1000,2026,9980485898,9980481011,171,2480
docs\inst_test\instancias\n_1000_9,500,10,7,20,0.3000,42,9980485898,9980481011,155,2480
docs\inst_test\instancias\n_1000_9,500,10,7,20,0.1000,42,9980485898,9980481011,201,2480
docs\inst_test\instancias\n_1000_9,500,10,10,5,0.1000,2026,9980485898,9980481011,136,2480
docs\inst_test\instancias\n_1000_9,500,10,10,5,0.1000,42,9980485898,9980481011,144,2480
docs\inst_test\instancias\n_1000_9,500,10,10,5,0.2000,42,9980485898,9980481011,131,2480
docs\inst_test\instancias\n_1000_9,500,10,10,5,0.2000,2026,9980485898,9980481011,128,2480
docs\inst_test\instancias\n_1000_9,500,10,10,5,0.2000,123,9980485898,9980481011,143,2480
docs\inst_test\instancias\n_1000_9,500,10,10,10,0.3000,42,9980485898,9980481011,117,2480
docs\inst_test\instancias\n_1000_9,500,10,10,10,0.2000,2026,9980485898,9980481011,130,2480
docs\inst_test\instancias\n_1000_9,500,10,10,10,0.1000,42,9980485898,9980481011,151,2480
docs\inst_test\instancias\n_1000_9,500,10,10,5,0.3000,2026,9980485898,9980481011,155,2480
docs\inst_test\instancias\n_1000_9,500,10,10,5,0.3000,42,9980485898,9980481011,163,2480
docs\inst_test\instancias\n_1000_9,500,10,10,10,0.3000,123,9980485898,9980481011,126,2480
docs\inst_test\instancias\n_1000_9,500,10,10,10,0.1000,2026,9980485898,9980481011,146,2480
docs\inst_test\instancias\n_1000_9,500,10,10,10,0.2000,123,9980485898,9980481011,140,2480
docs\inst_test\instancias\n_1000_9,500,10,10,5,0.1000,123,9980485898,9980481011,184,2480
docs\inst_test\instancias\n_1000_9,500,10,10,10,0.1000,123,9980485898,9980481011,159,2480
docs\inst_test\instancias\n_1000_9,500,10,10,10,0.2000,42,9980485898,9980481011,158,2480
docs\inst_test\instancias\n_1000_9,500,10,10,20,0.2000,123,9980485898,9980481011,131,2480
docs\inst_test\instancias\n_1000_9,500,10,10,5,0.3000,123,9980485898,9980481011,180,2480
docs\inst_test\instancias\n_1000_9,500,10,10,20,0.2000,42,9980485898,9980481011,141,2480
docs\inst_test\instancias\n_1000_9,500,10,10,10,0.3000,2026,9980485898,9980481011,152,2480
docs\inst_test\instancias\n_1000_9,500,10,10,20,0.1000,42,9980485898,9980481011,154,2480
docs\inst_test\instancias\n_1000_9,500,10,10,20,0.3000,2026,9980485898,9980481011,130,2480
docs\inst_test\instancias\n_1000_9,500,10,10,20,0.2000,2026,9980485898,9980481011,153,2480
docs\inst_test\instancias\n_1000_9,500,10,10,20,0.3000,42,9980485898,9980481011,146,2480
docs\inst_test\instancias\n_1000_9,500,10,10,20,0.3000,123,9980485898,9980481011,154,2480
docs\inst_test\instancias\n_1000_9,500,10,10,20,0.1000,2026,9980485898,9980481011,181,2480
docs\inst_test\instancias\n_1000_9,500,10,10,20,0.1000,123,9980485898,9980481011,182,2480
docs\inst_test\instancias\n_1000_9,500,10,15,5,0.2000,123,9980485898,9980481011,146,2480
docs\inst_test\instancias\n_1000_9,500,10,15,5,0.1000,42,9980485898,9980481011,167,2480
docs\inst_test\instancias\n_1000_9,500,10,15,5,0.1000,123,9980485898,9980481011,166,2480
docs\inst_test\instancias\n_1000_9,500,10,15,5,0.1000,2026,9980485898,9980481011,167,2480
docs\inst_test\instancias\n_1000_9,500,10,15,5,0.2000,42,9980485898,9980481011,169,2480
docs\inst_test\instancias\n_1000_9,500,10,15,10,0.3000,123,9980485898,9980481011,113,2480
docs\inst_test\instancias\n_1000_9,500,10,15,10,0.1000,2026,9980485898,9980481011,137,2480
docs\inst_test\instancias\n_1000_9,500,10,15,5,0.2000,2026,9980485898,9980481011,158,2480
docs\inst_test\instancias\n_1000_9,500,10,15,20,0.1000,42,9980485898,9980481011,118,2480
docs\inst_test\instancias\n_1000_9,500,10,15,10,0.1000,42,9980485898,9980481011,152,2480
docs\inst_test\instancias\n_1000_9,500,10,15,10,0.2000,42,9980485898,9980481011,152,2480
docs\inst_test\instancias\n_1000_9,500,10,15,5,0.3000,2026,9980485898,9980481011,156,2480
docs\inst_test\instancias\n_1000_9,500,10,15,10,0.2000,123,9980485898,9980481011,151,2480
docs\inst_test\instancias\n_1000_9,500,10,15,5,0.3000,123,9980485898,9980481011,165,2480
docs\inst_test\instancias\n_1000_9,500,10,15,10,0.3000,42,9980485898,9980481011,148,2480
docs\inst_test\instancias\n_1000_9,500,10,15,10,0.2000,2026,9980485898,9980481011,168,2480
docs\inst_test\instancias\n_1000_9,500,10,15,20,0.2000,2026,9980485898,9980481011,135,2480
docs\inst_test\instancias\n_1000_9,500,10,15,10,0.1000,123,9980485898,9980481011,185,2480
docs\inst_test\instancias\n_1000_9,500,10,15,5,0.3000,42,9980485898,9980481011,194,2480
docs\inst_test\instancias\n_1000_9,500,10,15,20,0.1000,2026,9980485898,9980481011,151,2480
docs\inst_test\instancias\n_1000_9,500,10,15,20,0.2000,123,9980485898,9980481011,146,2480
docs\inst_test\instancias\n_1000_9,500,10,15,20,0.3000,123,9980485898,9980481011,124,2480
docs\inst_test\instancias\n_1000_9,500,10,15,10,0.3000,2026,9980485898,9980481011,179,2480
docs\inst_test\instancias\n_1000_9,500,10,15,20,0.3000,42,9980485898,9980481011,141,2480
docs\inst_test\instancias\n_1000_9,500,10,15,20,0.1000,123,9980485898,9980481011,173,2480
docs\inst_test\instancias\n_1000_9,500,10,15,20,0.2000,42,9980485898,9980481011,163,2480
docs\inst_test\instancias\n_1000_9,500,10,15,20,0.3000,2026,9980485898,9980481011,150,2480
docs\inst_test\instancias\n_1000_9,500,15,7,5,0.1000,123,9980485898,9980481011,143,2480
docs\inst_test\instancias\n_1000_9,500,15,7,5,0.2000,42,9980485898,9980481011,144,2480
docs\inst_test\instancias\n_1000_9,500,15,7,5,0.3000,123,9980485898,9980481011,141,2480
docs\inst_test\instancias\n_1000_9,500,15,7,5,0.3000,42,9980485898,9980481011,144,2480
docs\inst_test\instancias\n_1000_9,500,15,7,5,0.3000,2026,9980485898,9980481011,136,2480
docs\inst_test\instancias\n_1000_9,500,15,7,5,0.2000,2026,9980485898,9980481011,152,2480
docs\inst_test\instancias\n_1000_9,500,15,7,10,0.1000,42,9980485898,9980481011,134,2480
docs\inst_test\instancias\n_1000_9,500,15,7,10,0.2000,2026,9980485898,9980481011,133,2480
docs\inst_test\instancias\n_1000_9,500,15,7,5,0.2000,123,9980485898,9980481011,166,2480
docs\inst_test\instancias\n_1000_9,500,15,7,10,0.1000,2026,9980485898,9980481011,144,2480
docs\inst_test\instancias\n_1000_9,500,15,7,5,0.1000,42,9980485898,9980481011,186,2480
docs\inst_test\instancias\n_1000_9,500,15,7,5,0.1000,2026,9980485898,9980481011,184,2480
docs\inst_test\instancias\n_1000_9,500,15,7,10,0.3000,2026,9980485898,9980481011,124,2480
docs\inst_test\instancias\n_1000_9,500,15,7,10,0.2000,42,9980485898,9980481011,153,2480
docs\inst_test\instancias\n_1000_9,500,15,7,10,0.1000,123,9980485898,9980481011,171,2480
docs\inst_test\instancias\n_1000_9,500,15,7,20,0.2000,42,9980485898,9980481011,138,2480
docs\inst_test\instancias\n_1000_9,500,15,7,20,0.2000,123,9980485898,9980481011,130,2480
docs\inst_test\instancias\n_1000_9,500,15,7,10,0.3000,123,9980485898,9980481011,154,2480
docs\inst_test\instancias\n_1000_9,500,15,7,10,0.2000,123,9980485898,9980481011,177,2480
docs\inst_test\instancias\n_1000_9,500,15,7,20,0.1000,2026,9980485898,9980481011,150,2480
docs\inst_test\instancias\n_1000_9,500,15,7,10,0.3000,42,9980485898,9980481011,169,2480
docs\inst_test\instancias\n_1000_9,500,15,7,20,0.2000,2026,9980485898,9980481011,149,2480
docs\inst_test\instancias\n_1000_9,500,15,7,20,0.1000,42,9980485898,9980481011,165,2480
docs\inst_test\instancias\n_1000_9,500,15,7,20,0.3000,2026,9980485898,9980481011,137,2480
docs\inst_test\instancias\n_1000_9,500,15,7,20,0.1000,123,9980485898,9980481011,166,2480
docs\inst_test\instancias\n_1000_9,500,15,7,20,0.3000,123,9980485898,9980481011,150,2480
docs\inst_test\instancias\n_1000_9,500,15,7,20,0.3000,42,9980485898,9980481011,158,2480
docs\inst_test\instancias\n_1000_9,500,15,10,5,0.1000,123,9980485898,9980481011,119,2480
docs\inst_test\instancias\n_1000_9,500,15,10,5,0.3000,123,9980485898,9980481011,126,2480
docs\inst_test\instancias\n_1000_9,500,15,10,5,0.2000,2026,9980485898,9980481011,143,2480
docs\inst_test\instancias\n_1000_9,500,15,10,5,0.1000,42,9980485898,9980481011,167,2480
docs\inst_test\instancias\n_1000_9,500,15,10,5,0.1000,2026,9980485898,9980481011,163,2480
docs\inst_test\instancias\n_1000_9,500,15,10,5,0.2000,42,9980485898,9980481011,162,2480
docs\inst_test\instancias\n_1000_9,500,15,10,10,0.3000,42,9980485898,9980481011,122,2480
docs\inst_test\instancias\n_1000_9,500,15,10,10,0.3000,123,9980485898,9980481011,125,2480
docs\inst_test\instancias\n_1000_9,500,15,10,10,0.1000,42,9980485898,9980481011,161,2480
docs\inst_test\instancias\n_1000_9,500,15,10,10,0.2000,42,9980485898,9980481011,150,2480
docs\inst_test\instancias\n_1000_9,500,15,10,5,0.2000,123,9980485898,9980481011,180,2480
docs\inst_test\instancias\n_1000_9,500,15,10,10,0.1000,123,9980485898,9980481011,157,2480
docs\inst_test\instancias\n_1000_9,500,15,10,5,0.3000,2026,9980485898,9980481011,167,2480
docs\inst_test\instancias\n_1000_9,500,15,10,5,0.3000,42,9980485898,9980481011,180,2480
docs\inst_test\instancias\n_1000_9,500,15,10,10,0.2000,2026,9980485898,9980481011,145,2480
docs\inst_test\instancias\n_1000_9,500,15,10,10,0.2000,123,9980485898,9980481011,162,2480
docs\inst_test\instancias\n_1000_9,500,15,10,20,0.2000,42,9980485898,9980481011,128,2480
docs\inst_test\instancias\n_1000_9,500,15,10,10,0.1000,2026,9980485898,9980481011,175,2480
docs\inst_test\instancias\n_1000_9,500,15,10,20,0.3000,123,9980485898,9980481011,128,2480
docs\inst_test\instancias\n_1000_9,500,15,10,10,0.3000,2026,9980485898,9980481011,150,2480
docs\inst_test\instancias\n_1000_9,500,15,10,20,0.2000,123,9980485898,9980481011,138,2480
docs\inst_test\instancias\n_1000_9,500,15,10,20,0.1000,2026,9980485898,9980481011,145,2480
docs\inst_test\instancias\n_1000_9,500,15,10,20,0.1000,123,9980485898,9980481011,151,2480
docs\inst_test\instancias\n_1000_9,500,15,10,20,0.2000,2026,9980485898,9980481011,143,2480
docs\inst_test\instancias\n_1000_9,500,15,10,20,0.3000,42,9980485898,9980481011,154,2480
docs\inst_test\instancias\n_1000_9,500,15,10,20,0.1000,42,9980485898,9980481011,170,2480
docs\inst_test\instancias\n_1000_9,500,15,10,20,0.3000,2026,9980485898,9980481011,152,2480
docs\inst_test\instancias\n_1000_9,500,15,15,5,0.1000,42,9980485898,9980481011,162,2480
docs\inst_test\instancias\n_1000_9,500,15,15,5,0.1000,123,9980485898,9980481011,145,2480
docs\inst_test\instancias\n_1000_9,500,15,15,5,0.1000,2026,9980485898,9980481011,158,2480
docs\inst_test\instancias\n_1000_9,500,15,15,5,0.2000,123,9980485898,9980481011,146,2480
docs\inst_test\instancias\n_1000_9,500,15,15,10,0.1000,2026,9980485898,9980481011,130,2480
docs\inst_test\instancias\n_1000_9,500,15,15,5,0.3000,42,9980485898,9980481011,148,2480
docs\inst_test\instancias\n_1000_9,500,15,15,5,0.2000,42,9980485898,9980481011,164,2480
docs\inst_test\instancias\n_1000_9,500,15,15,20,0.2000,123,9980485898,9980481011,113,2480
docs\inst_test\instancias\n_1000_9,500,15,15,10,0.1000,42,9980485898,9980481011,146,2480
docs\inst_test\instancias\n_1000_9,500,15,15,5,0.3000,123,9980485898,9980481011,153,2480
docs\inst_test\instancias\n_1000_9,500,15,15,5,0.2000,2026,9980485898,9980481011,164,2480
docs\inst_test\instancias\n_1000_9,500,15,15,10,0.3000,42,9980485898,9980481011,138,2480
docs\inst_test\instancias\n_1000_9,500,15,15,5,0.3000,2026,9980485898,9980481011,151,2480
docs\inst_test\instancias\n_1000_9,500,15,15,20,0.1000,42,9980485898,9980481011,132,2480
docs\inst_test\instancias\n_1000_9,500,15,15,10,0.2000,2026,9980485898,9980481011,148,2480
docs\inst_test\instancias\n_1000_9,500,15,15,10,0.1000,123,9980485898,9980481011,154,2480
docs\inst_test\instancias\n_1000_9,500,15,15,20,0.2000,2026,9980485898,9980481011,124,2480
docs\inst_test\instancias\n_1000_9,500,15,15,10,0.3000,2026,9980485898,9980481011,148,2480
docs\inst_test\instancias\n_1000_9,500,15,15,20,0.1000,123,9980485898,9980481011,148,2480
docs\inst_test\instancias\n_1000_9,500,15,15,10,0.3000,123,9980485898,9980481011,160,2480
docs\inst_test\instancias\n_1000_9,500,15,15,20,0.2000,42,9980485898,9980481011,149,2480
docs\inst_test\instancias\n_1000_9,500,15,15,20,0.1000,2026,9980485898,9980481011,154,2480
docs\inst_test\instancias\n_1000_9,500,15,15,10,0.2000,123,9980485898,9980481011,178,2480
docs\inst_test\instancias\n_1000_9,500,15,15,20,0.3000,123,9980485898,9980481011,137,2480
docs\inst_test\instancias\n_1000_9,500,15,15,10,0.2000,42,9980485898,9980481011,182,2480
docs\inst_test\instancias\n_1000_9,500,15,15,20,0.3000,42,9980485898,9980481011,162,2480
docs\inst_test\instancias\n_1000_9,500,15,15,20,0.3000,2026,9980485898,9980481011,166,2480
docs\inst_test\instancias\n_1000_9,500,20,7,5,0.1000,42,9980485898,9980481011,172,2480
docs\inst_test\instancias\n_1000_9,500,20,7,5,0.1000,123,9980485898,9980481011,169,2480
docs\inst_test\instancias\n_1000_9,500,20,7,10,0.3000,42,9980485898,9980481011,120,2480
docs\inst_test\instancias\n_1000_9,500,20,7,10,0.3000,123,9980485898,9980481011,120,2480
docs\inst_test\instancias\n_1000_9,500,20,7,5,0.3000,42,9980485898,9980481011,144,2480
docs\inst_test\instancias\n_1000_9,500,20,7,5,0.2000,2026,9980485898,9980481011,148,2480
docs\inst_test\instancias\n_1000_9,500,20,7,5,0.2000,123,9980485898,9980481011,155,2480
docs\inst_test\instancias\n_1000_9,500,20,7,10,0.2000,2026,9980485898,9980481011,137,2480
docs\inst_test\instancias\n_1000_9,500,20,7,5,0.1000,2026,9980485898,9980481011,174,2480
docs\inst_test\instancias\n_1000_9,500,20,7,5,0.2000,42,9980485898,9980481011,173,2480
docs\inst_test\instancias\n_1000_9,500,20,7,5,0.3000,123,9980485898,9980481011,161,2480
docs\inst_test\instancias\n_1000_9,500,20,7,10,0.1000,42,9980485898,9980481011,163,2480
docs\inst_test\instancias\n_1000_9,500,20,7,10,0.1000,123,9980485898,9980481011,162,2480
docs\inst_test\instancias\n_1000_9,500,20,7,20,0.2000,42,9980485898,9980481011,129,2480
docs\inst_test\instancias\n_1000_9,500,20,7,10,0.3000,2026,9980485898,9980481011,147,2480
docs\inst_test\instancias\n_1000_9,500,20,7,10,0.2000,123,9980485898,9980481011,162,2480
docs\inst_test\instancias\n_1000_9,500,20,7,5,0.3000,2026,9980485898,9980481011,175,2480
docs\inst_test\instancias\n_1000_9,500,20,7,20,0.3000,42,9980485898,9980481011,137,2480
docs\inst_test\instancias\n_1000_9,500,20,7,20,0.2000,2026,9980485898,9980481011,140,2480
docs\inst_test\instancias\n_1000_9,500,20,7,20,0.1000,42,9980485898,9980481011,152,2480
docs\inst_test\instancias\n_1000_9,500,20,7,10,0.2000,42,9980485898,9980481011,179,2480
docs\inst_test\instancias\n_1000_9,500,20,7,10,0.1000,2026,9980485898,9980481011,181,2480
docs\inst_test\instancias\n_1000_9,500,20,7,20,0.1000,123,9980485898,9980481011,158,2480
docs\inst_test\instancias\n_1000_9,500,20,7,20,0.3000,2026,9980485898,9980481011,116,2480
docs\inst_test\instancias\n_1000_9,500,20,7,20,0.3000,123,9980485898,9980481011,127,2480
docs\inst_test\instancias\n_1000_9,500,20,7,20,0.2000,123,9980485898,9980481011,154,2480
docs\inst_test\instancias\n_1000_9,500,20,7,20,0.1000,2026,9980485898,9980481011,160,2480
docs\inst_test\instancias\n_1000_9,500,20,10,5,0.1000,42,9980485898,9980481011,141,2480
docs\inst_test\instancias\n_1000_9,500,20,10,5,0.2000,42,9980485898,9980481011,148,2480
docs\inst_test\instancias\n_1000_9,500,20,10,10,0.1000,123,9980485898,9980481011,139,2480
docs\inst_test\instancias\n_1000_9,500,20,10,10,0.2000,2026,9980485898,9980481011,126,2480
docs\inst_test\instancias\n_1000_9,500,20,10,10,0.2000,123,9980485898,9980481011,137,2480
docs\inst_test\instancias\n_1000_9,500,20,10,5,0.3000,42,9980485898,9980481011,159,2480
docs\inst_test\instancias\n_1000_9,500,20,10,10,0.3000,42,9980485898,9980481011,132,2480
docs\inst_test\instancias\n_1000_9,500,20,10,5,0.2000,123,9980485898,9980481011,171,2480
docs\inst_test\instancias\n_1000_9,500,20,10,10,0.3000,2026,9980485898,9980481011,132,2480
docs\inst_test\instancias\n_1000_9,500,20,10,5,0.2000,2026,9980485898,9980481011,171,2480
docs\inst_test\instancias\n_1000_9,500,20,10,10,0.1000,42,9980485898,9980481011,155,2480
docs\inst_test\instancias\n_1000_9,500,20,10,5,0.1000,123,9980485898,9980481011,183,2480
docs\inst_test\instancias\n_1000_9,500,20,10,10,0.2000,42,9980485898,9980481011,150,2480
docs\inst_test\instancias\n_1000_9,500,20,10,10,0.1000,2026,9980485898,9980481011,151,2480
docs\inst_test\instancias\n_1000_9,500,20,10,20,0.3000,42,9980485898,9980481011,126,2480
docs\inst_test\instancias\n_1000_9,500,20,10,20,0.1000,2026,9980485898,9980481011,135,2480
docs\inst_test\instancias\n_1000_9,500,20,10,20,0.1000,123,9980485898,9980481011,139,2480
docs\inst_test\instancias\n_1000_9,500,20,10,5,0.1000,2026,9980485898,9980481011,189,2480
docs\inst_test\instancias\n_1000_9,500,20,10,20,0.3000,123,9980485898,9980481011,133,2480
docs\inst_test\instancias\n_1000_9,500,20,10,5,0.3000,123,9980485898,9980481011,179,2480
docs\inst_test\instancias\n_1000_9,500,20,10,20,0.2000,2026,9980485898,9980481011,140,2480
docs\inst_test\instancias\n_1000_9,500,20,10,10,0.3000,123,9980485898,9980481011,156,2480
docs\inst_test\instancias\n_1000_9,500,20,10,5,0.3000,2026,9980485898,9980481011,177,2480
docs\inst_test\instancias\n_1000_9,500,20,10,20,0.2000,123,9980485898,9980481011,143,2480
docs\inst_test\instancias\n_1000_9,500,20,10,20,0.2000,42,9980485898,9980481011,155,2480
docs\inst_test\instancias\n_1000_9,500,20,10,20,0.3000,2026,9980485898,9980481011,155,2480
docs\inst_test\instancias\n_1000_9,500,20,10,20,0.1000,42,9980485898,9980481011,170,2480
docs\inst_test\instancias\n_1000_9,500,20,15,5,0.1000,42,9980485898,9980481011,153,2480
docs\inst_test\instancias\n_1000_9,500,20,15,10,0.2000,123,9980485898,9980481011,124,2480
docs\inst_test\instancias\n_1000_9,500,20,15,5,0.3000,42,9980485898,9980481011,136,2480
docs\inst_test\instancias\n_1000_9,500,20,15,5,0.3000,123,9980485898,9980481011,141,2480
docs\inst_test\instancias\n_1000_9,500,20,15,5,0.2000,123,9980485898,9980481011,146,2480
docs\inst_test\instancias\n_1000_9,500,20,15,10,0.3000,42,9980485898,9980481011,131,2480
docs\inst_test\instancias\n_1000_9,500,20,15,5,0.2000,42,9980485898,9980481011,155,2480
docs\inst_test\instancias\n_1000_9,500,20,15,5,0.3000,2026,9980485898,9980481011,144,2480
docs\inst_test\instancias\n_1000_9,500,20,15,20,0.1000,123,9980485898,9980481011,130,2480
docs\inst_test\instancias\n_1000_9,500,20,15,10,0.3000,123,9980485898,9980481011,138,2480
docs\inst_test\instancias\n_1000_9,500,20,15,20,0.2000,123,9980485898,9980481011,126,2480
docs\inst_test\instancias\n_1000_9,500,20,15,5,0.1000,123,9980485898,9980481011,176,2480
docs\inst_test\instancias\n_1000_9,500,20,15,20,0.3000,2026,9980485898,9980481011,109,2480
docs\inst_test\instancias\n_1000_9,500,20,15,10,0.3000,2026,9980485898,9980481011,140,2480
docs\inst_test\instancias\n_1000_9,500,20,15,5,0.2000,2026,9980485898,9980481011,160,2480
docs\inst_test\instancias\n_1000_9,500,20,15,10,0.2000,2026,9980485898,9980481011,149,2480
docs\inst_test\instancias\n_1000_9,500,20,15,5,0.1000,2026,9980485898,9980481011,168,2480
docs\inst_test\instancias\n_1000_9,500,20,15,20,0.1000,2026,9980485898,9980481011,137,2480
docs\inst_test\instancias\n_1000_9,500,20,15,20,0.3000,123,9980485898,9980481011,119,2480
docs\inst_test\instancias\n_1000_9,500,20,15,10,0.1000,123,9980485898,9980481011,157,2480
docs\inst_test\instancias\n_1000_9,500,20,15,20,0.1000,42,9980485898,9980481011,145,2480
docs\inst_test\instancias\n_1000_9,500,20,15,10,0.2000,42,9980485898,9980481011,157,2480
docs\inst_test\instancias\n_1000_9,500,20,15,10,0.1000,42,9980485898,9980481011,163,2480
docs\inst_test\instancias\n_1000_9,500,20,15,20,0.2000,2026,9980485898,9980481011,143,2480
docs\inst_test\instancias\n_1000_9,500,20,15,10,0.1000,2026,9980485898,9980481011,166,2480
docs\inst_test\instancias\n_1000_9,500,20,15,20,0.3000,42,9980485898,9980481011,139,2480
docs\inst_test\instancias\n_1000_9,500,20,15,20,0.2000,42,9980485898,9980481011,149,2480
