instance,iterations,tenure_flip,tenure_swap,stall,diversify,seed,best_value,total_weight,elapsed_ms,grid_wallclock_ms
docs\inst_test\instancias\n_1000_1,100,10,7,10,0.3000,42,9988826644,9988822288,241,2722
docs\inst_test\instancias\n_1000_1,100,10,7,10,0.2000,42,9998827374,9998822833,249,2722
docs\inst_test\instancias\n_1000_1,100,10,7,5,0.1000,123,9998827353,9998822863,249,2722
docs\inst_test\instancias\n_1000_1,100,10,7,10,0.1000,42,9999297271,9999292847,250,2722
docs\inst_test\instancias\n_1000_1,100,10,7,5,0.3000,2026,9999886724,9999883437,250,2722
docs\inst_test\instancias\n_1000_1,100,10,7,5,0.2000,2026,9999357279,9999353123,251,2722
docs\inst_test\instancias\n_1000_1,100,10,7,5,0.3000,42,9995356303,9995352910,251,2722
docs\inst_test\instancias\n_1000_1,100,10,7,10,0.1000,123,9998827353,9998822863,251,2722
docs\inst_test\instancias\n_1000_1,100,10,7,5,0.2000,123,9998357185,9998353074,252,2722
docs\inst_test\instancias\n_1000_1,100,10,7,5,0.2000,42,9998827387,9998822899,253,2722
docs\inst_test\instancias\n_1000_1,100,10,7,5,0.1000,42,9999297471,9999292890,254,2722
docs\inst_test\instancias\n_1000_1,100,10,7,10,0.2000,2026,9999357176,9999353151,256,2722
docs\inst_test\instancias\n_1000_1,100,10,7,10,0.2000,123,9998357073,9998353031,256,2722
docs\inst_test\instancias\n_1000_1,100,10,7,10,0.1000,2026,9995297202,9995292594,256,2722
docs\inst_test\instancias\n_1000_1,100,10,7,5,0.3000,123,9997886652,9997883428,257,2722
docs\inst_test\instancias\n_1000_1,100,10,7,5,0.1000,2026,9995297202,9995292594,258,2722
docs\inst_test\instancias\n_1000_1,100,10,7,10,0.3000,2026,9998357180,9998353192,18,2722
docs\inst_test\instancias\n_1000_1,100,10,7,20,0.1000,42,9998297184,9998292639,18,2722
docs\inst_test\instancias\n_1000_1,100,10,7,20,0.2000,123,9996827320,9996822747,17,2722
docs\inst_test\instancias\n_1000_1,100,10,10,5,0.2000,42,9998827387,9998822899,15,2722
docs\inst_test\instancias\n_1000_1,100,10,10,5,0.1000,123,9998827353,9998822863,17,2722
docs\inst_test\instancias\n_1000_1,100,10,10,5,0.2000,123,9998357185,9998353074,16,2722
docs\inst_test\instancias\n_1000_1,100,10,7,20,0.2000,2026,9997827318,9997822780,23,2722
docs\inst_test\instancias\n_1000_1,100,10,7,20,0.1000,123,9998826909,9998822989,26,2722
docs\inst_test\instancias\n_1000_1,100,10,7,10,0.3000,123,9989826827,9989822538,38,2722
docs\inst_test\instancias\n_1000_1,100,10,7,20,0.1000,2026,9995297202,9995292594,34,2722
docs\inst_test\instancias\n_1000_1,100,10,7,20,0.3000,42,9988826429,9988822479,33,2722
docs\inst_test\instancias\n_1000_1,100,10,10,5,0.3000,123,9997886652,9997883428,59,2722
docs\inst_test\instancias\n_1000_1,100,10,7,20,0.3000,123,9989826827,9989822538,75,2722
docs\inst_test\instancias\n_1000_1,100,10,10,5,0.1000,42,9999297471,9999292890,72,2722
docs\inst_test\instancias\n_1000_1,100,10,7,20,0.2000,42,9994297151,9994292470,78,2722
docs\inst_test\instancias\n_1000_1,100,10,10,5,0.1000,2026,9995297202,9995292594,74,2722
docs\inst_test\instancias\n_1000_1,100,10,10,5,0.3000,2026,9999886724,9999883437,59,2722
docs\inst_test\instancias\n_1000_1,100,10,10,10,0.1000,42,9999297271,9999292847,58,2722
docs\inst_test\instancias\n_1000_1,100,10,7,20,0.3000,2026,9998357180,9998353192,77,2722
docs\inst_test\instancias\n_1000_1,100,10,10,10,0.1000,123,9998827353,9998822863,58,2722
docs\inst_test\instancias\n_1000_1,100,10,10,5,0.3000,42,9995356303,9995352910,66,2722
docs\inst_test\instancias\n_1000_1,100,10,10,10,0.1000,2026,9995297202,9995292594,60,2722
docs\inst_test\instancias\n_1000_1,100,10,10,5,0.2000,2026,9999357279,9999353123,69,2722
docs\inst_test\instancias\n_1000_1,100,10,10,10,0.2000,123,9998357073,9998353031,67,2722
docs\inst_test\instancias\n_1000_1,100,10,10,10,0.3000,123,9989826827,9989822538,20,2722
docs\inst_test\instancias\n_1000_1,100,10,10,10,0.3000,42,9988826644,9988822288,62,2722
docs\inst_test\instancias\n_1000_1,100,10,10,20,0.3000,42,9988826429,9988822479,18,2722
docs\inst_test\instancias\n_1000_1,100,10,10,10,0.2000,42,9998827374,9998822833,74,2722
docs\inst_test\instancias\n_1000_1,100,10,10,10,0.2000,2026,9999357176,9999353151,67,2722
docs\inst_test\instancias\n_1000_1,100,10,10,20,0.1000,42,9998297184,9998292639,24,2722
docs\inst_test\instancias\n_1000_1,100,10,10,10,0.3000,2026,9998357180,9998353192,25,2722
docs\inst_test\instancias\n_1000_1,100,10,10,20,0.2000,42,9994297151,9994292470,22,2722
docs\inst_test\instancias\n_1000_1,100,10,10,20,0.2000,2026,9997827318,9997822780,23,2722
docs\inst_test\instancias\n_1000_1,100,10,10,20,0.3000,2026,9998357180,9998353192,21,2722
docs\inst_test\instancias\n_1000_1,100,10,10,20,0.1000,2026,9995297202,9995292594,28,2722
docs\inst_test\instancias\n_1000_1,100,10,15,5,0.1000,123,9998827353,9998822863,15,2722
docs\inst_test\instancias\n_1000_1,100,10,10,20,0.2000,123,9996827320,9996822747,31,2722
docs\inst_test\instancias\n_1000_1,100,10,15,5,0.2000,123,9998357185,9998353074,13,2722
docs\inst_test\instancias\n_1000_1,100,10,10,20,0.1000,123,9998826909,9998822989,39,2722
docs\inst_test\instancias\n_1000_1,100,10,15,5,0.3000,123,9997886652,9997883428,17,2722
docs\inst_test\instancias\n_1000_1,100,10,10,20,0.3000,123,9989826827,9989822538,35,2722
docs\inst_test\instancias\n_1000_1,100,10,15,5,0.1000,42,9999297471,9999292890,32,2722
docs\inst_test\instancias\n_1000_1,100,10,15,10,0.1000,123,9998827353,9998822863,17,2722
docs\inst_test\instancias\n_1000_1,100,10,15,10,0.2000,42,9998827374,9998822833,15,2722
docs\inst_test\instancias\n_1000_1,100,10,15,5,0.3000,2026,9999886724,9999883437,21,2722
docs\inst_test\instancias\n_1000_1,100,10,15,10,0.1000,2026,9995297202,9995292594,20,2722
docs\inst_test\instancias\n_1000_1,100,10,15,10,0.2000,123,9998357073,9998353031,15,2722
docs\inst_test\instancias\n_1000_1,100,10,15,10,0.3000,42,9988826644,9988822288,15,2722
docs\inst_test\instancias\n_1000_1,100,10,15,10,0.1000,42,9999297271,9999292847,25,2722
docs\inst_test\instancias\n_1000_1,100,10,15,5,0.2000,42,9998827387,9998822899,32,2722
docs\inst_test\instancias\n_1000_1,100,10,15,5,0.2000,2026,9999357279,9999353123,32,2722
docs\inst_test\instancias\n_1000_1,100,10,15,10,0.3000,2026,9998357180,9998353192,14,2722
docs\inst_test\instancias\n_1000_1,100,10,15,10,0.3000,123,9989826827,9989822538,15,2722
docs\inst_test\instancias\n_1000_1,100,10,15,5,0.1000,2026,9995297202,9995292594,40,2722
docs\inst_test\instancias\n_1000_1,100,10,15,5,0.3000,42,9995356303,9995352910,36,2722
docs\inst_test\instancias\n_1000_1,100,10,15,20,0.2000,123,9996827320,9996822747,15,2722
docs\inst_test\instancias\n_1000_1,100,10,15,20,0.2000,2026,9997827318,9997822780,14,2722
docs\inst_test\instancias\n_1000_1,100,10,15,20,0.1000,2026,9995297202,9995292594,22,2722
docs\inst_test\instancias\n_1000_1,100,10,15,20,0.3000,123,9989826827,9989822538,15,2722
docs\inst_test\instancias\n_1000_1,100,10,15,20,0.2000,42,9994297151,9994292470,22,2722
docs\inst_test\instancias\n_1000_1,100,10,15,10,0.2000,2026,9999357176,9999353151,34,2722
docs\inst_test\instancias\n_1000_1,100,10,15,20,0.3000,42,9988826429,9988822479,22,2722
docs\inst_test\instancias\n_1000_1,100,10,15,20,0.1000,123,9998826909,9998822989,33,2722
docs\inst_test\instancias\n_1000_1,100,15,7,5,0.2000,42,9998827387,9998822899,18,2722
docs\inst_test\instancias\n_1000_1,100,15,7,5,0.3000,42,9995356303,9995352910,16,2722
docs\inst_test\instancias\n_1000_1,100,15,7,5,0.2000,123,9998357185,9998353074,18,2722
docs\inst_test\instancias\n_1000_1,100,10,15,20,0.1000,42,9998297184,9998292639,37,2722
docs\inst_test\instancias\n_1000_1,100,15,7,5,0.1000,2026,9995297202,9995292594,25,2722
docs\inst_test\instancias\n_1000_1,100,15,7,5,0.2000,2026,9999357279,9999353123,21,2722
docs\inst_test\instancias\n_1000_1,100,15,7,5,0.3000,2026,9999886724,9999883437,17,2722
docs\inst_test\instancias\n_1000_1,100,15,7,5,0.3000,123,9997886652,9997883428,22,2722
docs\inst_test\instancias\n_1000_1,100,15,7,10,0.2000,42,9998827374,9998822833,15,2722
docs\inst_test\instancias\n_1000_1,100,10,15,20,0.3000,2026,9998357180,9998353192,35,2722
docs\inst_test\instancias\n_1000_1,100,15,7,5,0.1000,123,9998827353,9998822863,32,2722
docs\inst_test\instancias\n_1000_1,100,15,7,5,0.1000,42,9999297471,9999292890,36,2722
docs\inst_test\instancias\n_1000_1,100,15,7,10,0.2000,2026,9999357176,9999353151,20,2722
docs\inst_test\instancias\n_1000_1,100,15,7,10,0.3000,42,9988826644,9988822288,17,2722
docs\inst_test\instancias\n_1000_1,100,15,7,10,0.2000,123,9998357073,9998353031,24,2722
docs\inst_test\instancias\n_1000_1,100,15,7,10,0.1000,42,9999297271,9999292847,32,2722
docs\inst_test\instancias\n_1000_1,100,15,7,20,0.1000,123,9998826909,9998822989,17,2722
docs\inst_test\instancias\n_1000_1,100,15,7,20,0.2000,42,9994297151,9994292470,16,2722
docs\inst_test\instancias\n_1000_1,100,15,7,20,0.1000,42,9998297184,9998292639,20,2722
docs\inst_test\instancias\n_1000_1,100,15,7,10,0.3000,123,9989826827,9989822538,26,2722
docs\inst_test\instancias\n_1000_1,100,15,7,20,0.2000,123,9996827320,9996822747,18,2722
docs\inst_test\instancias\n_1000_1,100,15,7,10,0.1000,123,9998827353,9998822863,37,2722
docs\inst_test\instancias\n_1000_1,100,15,7,10,0.1000,2026,9995297202,9995292594,37,2722
docs\inst_test\instancias\n_1000_1,100,15,7,20,0.3000,42,9988826429,9988822479,21,2722
docs\inst_test\instancias\n_1000_1,100,15,7,20,0.1000,2026,9995297202,9995292594,29,2722
docs\inst_test\instancias\n_1000_1,100,15,7,10,0.3000,2026,9998357180,9998353192,34,2722
docs\inst_test\instancias\n_1000_1,100,15,7,20,0.3000,2026,9998357180,9998353192,22,2722
docs\inst_test\instancias\n_1000_1,100,15,10,5,0.1000,123,9998827353,9998822863,20,2722
docs\inst_test\instancias\n_1000_1,100,15,10,5,0.2000,123,9998357185,9998353074,19,2722
docs\inst_test\instancias\n_1000_1,100,15,10,5,0.1000,42,9999297471,9999292890,25,2722
docs\inst_test\instancias\n_1000_1,100,15,10,5,0.2000,2026,9999357279,9999353123,19,2722
docs\inst_test\instancias\n_1000_1,100,15,7,20,0.2000,2026,9997827318,9997822780,35,2722
docs\inst_test\instancias\n_1000_1,100,15,10,5,0.3000,42,9995356303,9995352910,17,2722
docs\inst_test\instancias\n_1000_1,100,15,10,5,0.2000,42,9998827387,9998822899,23,2722
docs\inst_test\instancias\n_1000_1,100,15,7,20,0.3000,123,9989826827,9989822538,35,2722
docs\inst_test\instancias\n_1000_1,100,15,10,5,0.3000,2026,9999886724,9999883437,19,2722
docs\inst_test\instancias\n_1000_1,100,15,10,5,0.1000,2026,9995297202,9995292594,26,2722
docs\inst_test\instancias\n_1000_1,100,15,10,5,0.3000,123,9997886652,9997883428,21,2722
docs\inst_test\instancias\n_1000_1,100,15,10,10,0.1000,123,9998827353,9998822863,21,2722
docs\inst_test\instancias\n_1000_1,100,15,10,10,0.2000,123,9998357073,9998353031,18,2722
docs\inst_test\instancias\n_1000_1,100,15,10,10,0.3000,2026,9998357180,9998353192,14,2722
docs\inst_test\instancias\n_1000_1,100,15,10,10,0.2000,2026,9999357176,9999353151,17,2722
docs\inst_test\instancias\n_1000_1,100,15,10,10,0.2000,42,9998827374,9998822833,23,2722
docs\inst_test\instancias\n_1000_1,100,15,10,20,0.1000,123,9998826909,9998822989,14,2722
docs\inst_test\instancias\n_1000_1,100,15,10,20,0.2000,42,9994297151,9994292470,14,2722
docs\inst_test\instancias\n_1000_1,100,15,10,10,0.1000,42,9999297271,9999292847,35,2722
docs\inst_test\instancias\n_1000_1,100,15,10,20,0.3000,42,9988826429,9988822479,15,2722
docs\inst_test\instancias\n_1000_1,100,15,10,10,0.3000,123,9989826827,9989822538,22,2722
docs\inst_test\instancias\n_1000_1,100,15,10,20,0.2000,123,9996827320,9996822747,19,2722
docs\inst_test\instancias\n_1000_1,100,15,10,20,0.2000,2026,9997827318,9997822780,21,2722
docs\inst_test\instancias\n_1000_1,100,15,10,10,0.1000,2026,9995297202,9995292594,35,2722
docs\inst_test\instancias\n_1000_1,100,15,10,20,0.1000,42,9998297184,9998292639,24,2722
docs\inst_test\instancias\n_1000_1,100,15,10,20,0.1000,2026,9995297202,9995292594,23,2722
docs\inst_test\instancias\n_1000_1,100,15,10,20,0.3000,123,9989826827,9989822538,19,2722
docs\inst_test\instancias\n_1000_1,100,15,10,10,0.3000,42,9988826644,9988822288,34,2722
docs\inst_test\instancias\n_1000_1,100,15,15,5,0.2000,42,9998827387,9998822899,22,2722
docs\inst_test\instancias\n_1000_1,100,15,15,5,0.2000,123,9998357185,9998353074,21,2722
docs\inst_test\instancias\n_1000_1,100,15,15,10,0.2000,42,9998827374,9998822833,15,2722
docs\inst_test\instancias\n_1000_1,100,15,10,20,0.3000,2026,9998357180,9998353192,27,2722
docs\inst_test\instancias\n_1000_1,100,15,15,5,0.3000,42,9995356303,9995352910,21,2722
docs\inst_test\instancias\n_1000_1,100,15,15,10,0.2000,123,9998357073,9998353031,14,2722
docs\inst_test\instancias\n_1000_1,100,15,15,10,0.1000,2026,9995297202,9995292594,17,2722
docs\inst_test\instancias\n_1000_1,100,15,15,5,0.2000,2026,9999357279,9999353123,22,2722
docs\inst_test\instancias\n_1000_1,100,15,15,10,0.1000,42,9999297271,9999292847,17,2722
docs\inst_test\instancias\n_1000_1,100,15,15,5,0.1000,2026,9995297202,9995292594,28,2722
docs\inst_test\instancias\n_1000_1,100,15,15,5,0.1000,123,9998827353,9998822863,31,2722
docs\inst_test\instancias\n_1000_1,100,15,15,5,0.3000,123,9997886652,9997883428,23,2722
docs\inst_test\instancias\n_1000_1,100,15,15,5,0.1000,42,9999297471,9999292890,32,2722
docs\inst_test\instancias\n_1000_1,100,15,15,5,0.3000,2026,9999886724,9999883437,27,2722
docs\inst_test\instancias\n_1000_1,100,15,15,10,0.1000,123,9998827353,9998822863,27,2722
docs\inst_test\instancias\n_1000_1,100,15,15,10,0.3000,123,9989826827,9989822538,14,2722
docs\inst_test\instancias\n_1000_1,100,15,15,10,0.3000,2026,9998357180,9998353192,13,2722
docs\inst_test\instancias\n_1000_1,100,15,15,20,0.2000,123,9996827320,9996822747,17,2722
docs\inst_test\instancias\n_1000_1,100,15,15,20,0.1000,42,9998297184,9998292639,19,2722
docs\inst_test\instancias\n_1000_1,100,15,15,10,0.3000,42,9988826644,9988822288,23,2722
docs\inst_test\instancias\n_1000_1,100,15,15,10,0.2000,2026,9999357176,9999353151,27,2722
docs\inst_test\instancias\n_1000_1,100,15,15,20,0.2000,42,9994297151,9994292470,25,2722
docs\inst_test\instancias\n_1000_1,100,20,7,5,0.1000,42,9999297471,9999292890,21,2722
docs\inst_test\instancias\n_1000_1,100,20,7,5,0.2000,42,9998827387,9998822899,15,2722
docs\inst_test\instancias\n_1000_1,100,15,15,20,0.3000,2026,9998357180,9998353192,24,2722
docs\inst_test\instancias\n_1000_1,100,15,15,20,0.3000,42,9988826429,9988822479,27,2722
docs\inst_test\instancias\n_1000_1,100,15,15,20,0.1000,123,9998826909,9998822989,29,2722
docs\inst_test\instancias\n_1000_1,100,15,15,20,0.1000,2026,9995297202,9995292594,29,2722
docs\inst_test\instancias\n_1000_1,100,20,7,5,0.2000,123,9998357185,9998353074,22,2722
docs\inst_test\instancias\n_1000_1,100,20,7,5,0.3000,42,9995356303,9995352910,15,2722
docs\inst_test\instancias\n_1000_1,100,20,7,5,0.1000,2026,9995297202,9995292594,25,2722
docs\inst_test\instancias\n_1000_1,100,20,7,5,0.3000,123,9997886652,9997883428,16,2722
docs\inst_test\instancias\n_1000_1,100,15,15,20,0.2000,2026,9997827318,9997822780,38,2722
docs\inst_test\instancias\n_1000_1,100,15,15,20,0.3000,123,9989826827,9989822538,36,2722
docs\inst_test\instancias\n_1000_1,100,20,7,10,0.1000,2026,9995297202,9995292594,14,2722
docs\inst_test\instancias\n_1000_1,100,20,7,10,0.2000,42,9998827374,9998822833,14,2722
docs\inst_test\instancias\n_1000_1,100,20,7,10,0.3000,2026,9998357180,9998353192,14,2722
docs\inst_test\instancias\n_1000_1,100,20,7,10,0.2000,2026,9999357176,9999353151,20,2722
docs\inst_test\instancias\n_1000_1,100,20,7,5,0.1000,123,9998827353,9998822863,40,2722
docs\inst_test\instancias\n_1000_1,100,20,7,20,0.1000,42,9998297184,9998292639,15,2722
docs\inst_test\instancias\n_1000_1,100,20,7,5,0.2000,2026,9999357279,9999353123,32,2722
docs\inst_test\instancias\n_1000_1,100,20,7,20,0.1000,123,9998826909,9998822989,17,2722
docs\inst_test\instancias\n_1000_1,100,20,7,10,0.3000,123,9989826827,9989822538,19,2722
docs\inst_test\instancias\n_1000_1,100,20,7,10,0.1000,123,9998827353,9998822863,29,2722
docs\inst_test\instancias\n_1000_1,100,20,7,5,0.3000,2026,9999886724,9999883437,36,2722
docs\inst_test\instancias\n_1000_1,100,20,7,20,0.2000,2026,9997827318,9997822780,13,2722
docs\inst_test\instancias\n_1000_1,100,20,7,10,0.2000,123,9998357073,9998353031,29,2722
docs\inst_test\instancias\n_1000_1,100,20,7,20,0.2000,123,9996827320,9996822747,19,2722
docs\inst_test\instancias\n_1000_1,100,20,7,10,0.1000,42,9999297271,9999292847,37,2722
docs\inst_test\instancias\n_1000_1,100,20,7,20,0.1000,2026,9995297202,9995292594,23,2722
docs\inst_test\instancias\n_1000_1,100,20,7,20,0.2000,42,9994297151,9994292470,25,2722
docs\inst_test\instancias\n_1000_1,100,20,7,10,0.3000,42,9988826644,9988822288,38,2722
docs\inst_test\instancias\n_1000_1,100,20,10,5,0.2000,42,9998827387,9998822899,16,2722
docs\inst_test\instancias\n_1000_1,100,20,10,5,0.1000,2026,9995297202,9995292594,18,2722
docs\inst_test\instancias\n_1000_1,100,20,7,20,0.3000,2026,9998357180,9998353192,23,2722
docs\inst_test\instancias\n_1000_1,100,20,10,5,0.3000,42,9995356303,9995352910,17,2722
docs\inst_test\instancias\n_1000_1,100,20,10,5,0.1000,123,9998827353,9998822863,24,2722
docs\inst_test\instancias\n_1000_1,100,20,10,5,0.2000,2026,9999357279,9999353123,20,2722
docs\inst_test\instancias\n_1000_1,100,20,10,5,0.1000,42,9999297471,9999292890,25,2722
docs\inst_test\instancias\n_1000_1,100,20,7,20,0.3000,42,9988826429,9988822479,28,2722
docs\inst_test\instancias\n_1000_1,100,20,10,5,0.3000,2026,9999886724,9999883437,17,2722
docs\inst_test\instancias\n_1000_1,100,20,7,20,0.3000,123,9989826827,9989822538,29,2722
docs\inst_test\instancias\n_1000_1,100,20,10,10,0.1000,2026,9995297202,9995292594,15,2722
docs\inst_test\instancias\n_1000_1,100,20,10,5,0.3000,123,9997886652,9997883428,25,2722
docs\inst_test\instancias\n_1000_1,100,20,10,10,0.2000,2026,9999357176,9999353151,13,2722
docs\inst_test\instancias\n_1000_1,100,20,10,10,0.3000,42,9988826644,9988822288,14,2722
docs\inst_test\instancias\n_1000_1,100,20,10,10,0.3000,123,9989826827,9989822538,14,2722
docs\inst_test\instancias\n_1000_1,100,20,10,10,0.2000,123,9998357073,9998353031,20,2722
docs\inst_test\instancias\n_1000_1,100,20,10,20,0.2000,42,9994297151,9994292470,14,2722
docs\inst_test\instancias\n_1000_1,100,20,10,5,0.2000,123,9998357185,9998353074,37,2722
docs\inst_test\instancias\n_1000_1,100,20,10,20,0.2000,123,9996827320,9996822747,14,2722
docs\inst_test\instancias\n_1000_1,100,20,10,10,0.1000,42,9999297271,9999292847,29,2722
docs\inst_test\instancias\n_1000_1,100,20,10,20,0.2000,2026,9997827318,9997822780,15,2722
docs\inst_test\instancias\n_1000_1,100,20,10,10,0.3000,2026,9998357180,9998353192,22,2722
docs\inst_test\instancias\n_1000_1,100,20,10,20,0.3000,123,9989826827,9989822538,14,2722
docs\inst_test\instancias\n_1000_1,100,20,10,10,0.1000,123,9998827353,9998822863,36,2722
docs\inst_test\instancias\n_1000_1,100,20,10,10,0.2000,42,9998827374,9998822833,33,2722
docs\inst_test\instancias\n_1000_1,100,20,15,5,0.1000,42,9999297471,9999292890,14,2722
docs\inst_test\instancias\n_1000_1,100,20,10,20,0.3000,2026,9998357180,9998353192,17,2722
docs\inst_test\instancias\n_1000_1,100,20,10,20,0.1000,42,9998297184,9998292639,27,2722
docs\inst_test\instancias\n_1000_1,100,20,15,5,0.2000,2026,9999357279,9999353123,15,2722
docs\inst_test\instancias\n_1000_1,100,20,15,5,0.2000,123,9998357185,9998353074,16,2722
docs\inst_test\instancias\n_1000_1,100,20,10,20,0.1000,123,9998826909,9998822989,32,2722
docs\inst_test\instancias\n_1000_1,100,20,10,20,0.3000,42,9988826429,9988822479,26,2722
docs\inst_test\instancias\n_1000_1,100,20,10,20,0.1000,2026,9995297202,9995292594,33,2722
docs\inst_test\instancias\n_1000_1,100,20,15,5,0.1000,2026,9995297202,9995292594,20,2722
docs\inst_test\instancias\n_1000_1,100,20,15,5,0.3000,123,9997886652,9997883428,20,2722
docs\inst_test\instancias\n_1000_1,100,20,15,5,0.3000,2026,9999886724,9999883437,20,2722
docs\inst_test\instancias\n_1000_1,100,20,15,5,0.2000,42,9998827387,9998822899,27,2722
docs\inst_test\instancias\n_1000_1,100,20,15,5,0.1000,123,9998827353,9998822863,30,2722
docs\inst_test\instancias\n_1000_1,100,20,15,10,0.2000,2026,9999357176,9999353151,15,2722
docs\inst_test\instancias\n_1000_1,100,20,15,10,0.1000,2026,9995297202,9995292594,20,2722
docs\inst_test\instancias\n_1000_1,100,20,15,5,0.3000,42,9995356303,9995352910,27,2722
docs\inst_test\instancias\n_1000_1,100,20,15,10,0.2000,42,9998827374,9998822833,20,2722
docs\inst_test\instancias\n_1000_1,100,20,15,10,0.3000,2026,9998357180,9998353192,15,2722
docs\inst_test\instancias\n_1000_1,100,20,15,10,0.1000,123,9998827353,9998822863,22,2722
docs\inst_test\instancias\n_1000_1,100,20,15,10,0.1000,42,9999297271,9999292847,25,2722
docs\inst_test\instancias\n_1000_1,100,20,15,10,0.3000,42,9988826644,9988822288,21,2722
docs\inst_test\instancias\n_1000_1,100,20,15,20,0.2000,42,9994297151,9994292470,12,2722
docs\inst_test\instancias\n_1000_1,100,20,15,10,0.2000,123,9998357073,9998353031,28,2722
docs\inst_test\instancias\n_1000_1,100,20,15,20,0.1000,42,9998297184,9998292639,21,2722
docs\inst_test\instancias\n_1000_1,100,20,15,10,0.3000,123,9989826827,9989822538,25,2722
docs\inst_test\instancias\n_1000_1,100,20,15,20,0.3000,42,9988826429,9988822479,11,2722
docs\inst_test\instancias\n_1000_1,100,20,15,20,0.1000,2026,9995297202,9995292594,16,2722
docs\inst_test\instancias\n_1000_1,100,20,15,20,0.3000,123,9989826827,9989822538,13,2722
docs\inst_test\instancias\n_1000_1,100,20,15,20,0.1000,123,9998826909,9998822989,28,2722
docs\inst_test\instancias\n_1000_1,100,20,15,20,0.2000,123,9996827320,9996822747,24,2722
docs\inst_test\instancias\n_1000_1,100,20,15,20,0.2000,2026,9997827318,9997822780,24,2722
docs\inst_test\instancias\n_1000_1,100,20,15,20,0.3000,2026,9998357180,9998353192,23,2722
docs\inst_test\instancias\n_1000_1,300,10,7,5,0.2000,123,9998886934,9998883463,51,2722
docs\inst_test\instancias\n_1000_1,300,10,7,5,0.2000,2026,9999357281,9999353085,53,2722
docs\inst_test\instancias\n_1000_1,300,10,7,5,0.2000,42,9999357290,9999353138,58,2722
docs\inst_test\instancias\n_1000_1,300,10,7,5,0.3000,123,9999416581,9999413709,57,2722
docs\inst_test\instancias\n_1000_1,300,10,7,10,0.1000,42,9999297471,9999292890,56,2722
docs\inst_test\instancias\n_1000_1,300,10,7,10,0.2000,123,9998886934,9998883463,48,2722
docs\inst_test\instancias\n_1000_1,300,10,7,10,0.1000,123,9999827379,9999822923,62,2722
docs\inst_test\instancias\n_1000_1,300,10,7,5,0.1000,123,9999827379,9999822923,71,2722
docs\inst_test\instancias\n_1000_1,300,10,7,10,0.2000,2026,9999357281,9999353085,53,2722
docs\inst_test\instancias\n_1000_1,300,10,7,10,0.1000,2026,9999827182,9999823283,67,2722
docs\inst_test\instancias\n_1000_1,300,10,7,10,0.2000,42,9998827387,9998822899,66,2722
docs\inst_test\instancias\n_1000_1,300,10,7,5,0.3000,42,9999887034,9999883351,75,2722
docs\inst_test\instancias\n_1000_1,300,10,7,10,0.3000,42,9999887034,9999883351,63,2722
docs\inst_test\instancias\n_1000_1,300,10,7,5,0.3000,2026,9999887007,9999883468,76,2722
docs\inst_test\instancias\n_1000_1,300,10,7,5,0.1000,42,9999297471,9999292890,89,2722
docs\inst_test\instancias\n_1000_1,300,10,7,5,0.1000,2026,9999827425,9999822843,91,2722
docs\inst_test\instancias\n_1000_1,300,10,7,10,0.3000,123,9999416581,9999413709,36,2722
docs\inst_test\instancias\n_1000_1,300,10,7,20,0.1000,123,9998827353,9998822863,41,2722
docs\inst_test\instancias\n_1000_1,300,10,7,10,0.3000,2026,9999887007,9999883468,52,2722
docs\inst_test\instancias\n_1000_1,300,10,7,20,0.1000,42,9999297471,9999292890,51,2722
docs\inst_test\instancias\n_1000_1,300,10,7,20,0.2000,2026,9999357281,9999353085,45,2722
docs\inst_test\instancias\n_1000_1,300,10,7,20,0.2000,123,9998357187,9998353072,46,2722
docs\inst_test\instancias\n_1000_1,300,10,7,20,0.3000,123,9999416581,9999413709,42,2722
docs\inst_test\instancias\n_1000_1,300,10,7,20,0.1000,2026,9995297202,9995292594,56,2722
docs\inst_test\instancias\n_1000_1,300,10,7,20,0.2000,42,9998827387,9998822899,60,2722
docs\inst_test\instancias\n_1000_1,300,10,10,5,0.2000,2026,9999357281,9999353085,39,2722
docs\inst_test\instancias\n_1000_1,300,10,7,20,0.3000,2026,9999887007,9999883468,52,2722
docs\inst_test\instancias\n_1000_1,300,10,7,20,0.3000,42,9999887034,9999883351,63,2722
docs\inst_test\instancias\n_1000_1,300,10,10,5,0.1000,42,9999297471,9999292890,58,2722
docs\inst_test\instancias\n_1000_1,300,10,10,5,0.2000,42,9999357290,9999353138,56,2722
docs\inst_test\instancias\n_1000_1,300,10,10,5,0.1000,2026,9999827425,9999822843,60,2722
docs\inst_test\instancias\n_1000_1,300,10,10,5,0.3000,123,9999416581,9999413709,37,2722
docs\inst_test\instancias\n_1000_1,300,10,10,5,0.2000,123,9998886934,9998883463,63,2722
docs\inst_test\instancias\n_1000_1,300,10,10,10,0.1000,42,9999297471,9999292890,40,2722
docs\inst_test\instancias\n_1000_1,300,10,10,5,0.3000,2026,9999887007,9999883468,46,2722
docs\inst_test\instancias\n_1000_1,300,10,10,5,0.3000,42,9999887034,9999883351,55,2722
docs\inst_test\instancias\n_1000_1,300,10,10,5,0.1000,123,9999827379,9999822923,77,2722
docs\inst_test\instancias\n_1000_1,300,10,10,10,0.1000,2026,9999827182,9999823283,44,2722
docs\inst_test\instancias\n_1000_1,300,10,10,10,0.2000,2026,9999357281,9999353085,35,2722
docs\inst_test\instancias\n_1000_1,300,10,10,10,0.3000,42,9999887034,9999883351,33,2722
docs\inst_test\instancias\n_1000_1,300,10,10,10,0.3000,2026,9999887007,9999883468,35,2722
docs\inst_test\instancias\n_1000_1,300,10,10,10,0.1000,123,9999827379,9999822923,57,2722
docs\inst_test\instancias\n_1000_1,300,10,10,10,0.3000,123,9999416581,9999413709,44,2722
docs\inst_test\instancias\n_1000_1,300,10,10,10,0.2000,42,9998827387,9998822899,67,2722
docs\inst_test\instancias\n_1000_1,300,10,10,10,0.2000,123,9998886934,9998883463,61,2722
docs\inst_test\instancias\n_1000_1,300,10,10,20,0.1000,123,9998827353,9998822863,50,2722
docs\inst_test\instancias\n_1000_1,300,10,10,20,0.3000,42,9999887034,9999883351,37,2722
docs\inst_test\instancias\n_1000_1,300,10,10,20,0.3000,123,9999416581,9999413709,39,2722
docs\inst_test\instancias\n_1000_1,300,10,10,20,0.1000,42,9999297471,9999292890,62,2722
docs\inst_test\instancias\n_1000_1,300,10,15,5,0.1000,42,9999297471,9999292890,42,2722
docs\inst_test\instancias\n_1000_1,300,10,10,20,0.3000,2026,9999887007,9999883468,49,2722
docs\inst_test\instancias\n_1000_1,300,10,10,20,0.2000,42,9998827387,9998822899,59,2722
docs\inst_test\instancias\n_1000_1,300,10,15,5,0.2000,42,9999357290,9999353138,39,2722
docs\inst_test\instancias\n_1000_1,300,10,15,5,0.1000,2026,9999827425,9999822843,41,2722
docs\inst_test\instancias\n_1000_1,300,10,15,5,0.1000,123,9999827379,9999822923,50,2722
docs\inst_test\instancias\n_1000_1,300,10,10,20,0.1000,2026,9995297202,9995292594,71,2722
docs\inst_test\instancias\n_1000_1,300,10,10,20,0.2000,2026,9999357281,9999353085,68,2722
docs\inst_test\instancias\n_1000_1,300,10,10,20,0.2000,123,9998357187,9998353072,70,2722
docs\inst_test\instancias\n_1000_1,300,10,15,5,0.3000,42,9999887034,9999883351,44,2722
docs\inst_test\instancias\n_1000_1,300,10,15,5,0.3000,123,9999416581,9999413709,41,2722
docs\inst_test\instancias\n_1000_1,300,10,15,5,0.2000,123,9998886934,9998883463,60,2722
docs\inst_test\instancias\n_1000_1,300,10,15,5,0.2000,2026,9999357281,9999353085,56,2722
docs\inst_test\instancias\n_1000_1,300,10,15,10,0.1000,2026,9999827182,9999823283,40,2722
docs\inst_test\instancias\n_1000_1,300,10,15,10,0.3000,123,9999416581,9999413709,31,2722
docs\inst_test\instancias\n_1000_1,300,10,15,10,0.2000,2026,9999357281,9999353085,35,2722
docs\inst_test\instancias\n_1000_1,300,10,15,10,0.3000,42,9999887034,9999883351,34,2722
docs\inst_test\instancias\n_1000_1,300,10,15,10,0.1000,123,9999827379,9999822923,46,2722
docs\inst_test\instancias\n_1000_1,300,10,15,10,0.3000,2026,9999887007,9999883468,41,2722
docs\inst_test\instancias\n_1000_1,300,10,15,5,0.3000,2026,9999887007,9999883468,62,2722
docs\inst_test\instancias\n_1000_1,300,10,15,10,0.2000,123,9998886934,9998883463,49,2722
docs\inst_test\instancias\n_1000_1,300,10,15,20,0.1000,123,9998827353,9998822863,46,2722
docs\inst_test\instancias\n_1000_1,300,10,15,10,0.1000,42,9999297471,9999292890,77,2722
docs\inst_test\instancias\n_1000_1,300,10,15,20,0.2000,42,9998827387,9998822899,42,2722
docs\inst_test\instancias\n_1000_1,300,10,15,20,0.3000,42,9999887034,9999883351,33,2722
docs\inst_test\instancias\n_1000_1,300,10,15,20,0.3000,2026,9999887007,9999883468,32,2722
docs\inst_test\instancias\n_1000_1,300,10,15,10,0.2000,42,9998827387,9998822899,72,2722
docs\inst_test\instancias\n_1000_1,300,10,15,20,0.3000,123,9999416581,9999413709,43,2722
docs\inst_test\instancias\n_1000_1,300,10,15,20,0.2000,123,9998357187,9998353072,53,2722
docs\inst_test\instancias\n_1000_1,300,10,15,20,0.1000,42,9999297471,9999292890,68,2722
docs\inst_test\instancias\n_1000_1,300,15,7,5,0.2000,123,9998886934,9998883463,37,2722
docs\inst_test\instancias\n_1000_1,300,15,7,5,0.1000,42,9999297471,9999292890,52,2722
docs\inst_test\instancias\n_1000_1,300,15,7,5,0.1000,2026,9999827425,9999822843,42,2722
docs\inst_test\instancias\n_1000_1,300,10,15,20,0.1000,2026,9995297202,9995292594,77,2722
docs\inst_test\instancias\n_1000_1,300,15,7,5,0.2000,2026,9999357281,9999353085,39,2722
docs\inst_test\instancias\n_1000_1,300,10,15,20,0.2000,2026,9999357281,9999353085,68,2722
docs\inst_test\instancias\n_1000_1,300,15,7,5,0.3000,42,9999887034,9999883351,38,2722
docs\inst_test\instancias\n_1000_1,300,15,7,5,0.2000,42,9999357290,9999353138,56,2722
docs\inst_test\instancias\n_1000_1,300,15,7,5,0.1000,123,9999827379,9999822923,69,2722
docs\inst_test\instancias\n_1000_1,300,15,7,10,0.1000,42,9999297471,9999292890,43,2722
docs\inst_test\instancias\n_1000_1,300,15,7,5,0.3000,123,9999416581,9999413709,48,2722
docs\inst_test\instancias\n_1000_1,300,15,7,5,0.3000,2026,9999887007,9999883468,51,2722
docs\inst_test\instancias\n_1000_1,300,15,7,10,0.1000,123,9999827379,9999822923,55,2722
docs\inst_test\instancias\n_1000_1,300,15,7,10,0.3000,123,9999416581,9999413709,43,2722
docs\inst_test\instancias\n_1000_1,300,15,7,10,0.2000,42,9998827387,9998822899,52,2722
docs\inst_test\instancias\n_1000_1,300,15,7,10,0.3000,42,9999887034,9999883351,44,2722
docs\inst_test\instancias\n_1000_1,300,15,7,10,0.2000,2026,9999357281,9999353085,49,2722
docs\inst_test\instancias\n_1000_1,300,15,7,10,0.1000,2026,9999827182,9999823283,57,2722
docs\inst_test\instancias\n_1000_1,300,15,7,10,0.2000,123,9998886934,9998883463,57,2722
docs\inst_test\instancias\n_1000_1,300,15,7,20,0.1000,123,9998827353,9998822863,49,2722
docs\inst_test\instancias\n_1000_1,300,15,7,10,0.3000,2026,9999887007,9999883468,52,2722
docs\inst_test\instancias\n_1000_1,300,15,7,20,0.2000,2026,9999357281,9999353085,40,2722
docs\inst_test\instancias\n_1000_1,300,15,7,20,0.1000,42,9999297471,9999292890,61,2722
docs\inst_test\instancias\n_1000_1,300,15,7,20,0.1000,2026,9995297202,9995292594,57,2722
docs\inst_test\instancias\n_1000_1,300,15,7,20,0.3000,2026,9999887007,9999883468,33,2722
docs\inst_test\instancias\n_1000_1,300,15,7,20,0.3000,42,9999887034,9999883351,49,2722
docs\inst_test\instancias\n_1000_1,300,15,7,20,0.2000,42,9998827387,9998822899,59,2722
docs\inst_test\instancias\n_1000_1,300,15,7,20,0.2000,123,9998357187,9998353072,56,2722
docs\inst_test\instancias\n_1000_1,300,15,10,5,0.2000,42,9999357290,9999353138,46,2722
docs\inst_test\instancias\n_1000_1,300,15,7,20,0.3000,123,9999416581,9999413709,63,2722
docs\inst_test\instancias\n_1000_1,300,15,10,5,0.1000,42,9999297471,9999292890,50,2722
docs\inst_test\instancias\n_1000_1,300,15,10,5,0.3000,123,9999416581,9999413709,34,2722
docs\inst_test\instancias\n_1000_1,300,15,10,5,0.2000,2026,9999357281,9999353085,49,2722
docs\inst_test\instancias\n_1000_1,300,15,10,5,0.2000,123,9998886934,9998883463,59,2722
docs\inst_test\instancias\n_1000_1,300,15,10,5,0.1000,2026,9999827425,9999822843,67,2722
docs\inst_test\instancias\n_1000_1,300,15,10,10,0.2000,2026,9999357281,9999353085,36,2722
docs\inst_test\instancias\n_1000_1,300,15,10,5,0.3000,42,9999887034,9999883351,53,2722
docs\inst_test\instancias\n_1000_1,300,15,10,5,0.3000,2026,9999887007,9999883468,56,2722
docs\inst_test\instancias\n_1000_1,300,15,10,5,0.1000,123,9999827379,9999822923,77,2722
docs\inst_test\instancias\n_1000_1,300,15,10,10,0.2000,123,9998886934,9998883463,48,2722
docs\inst_test\instancias\n_1000_1,300,15,10,10,0.1000,42,9999297471,9999292890,53,2722
docs\inst_test\instancias\n_1000_1,300,15,10,10,0.3000,42,9999887034,9999883351,34,2722
docs\inst_test\instancias\n_1000_1,300,15,10,10,0.1000,123,9999827379,9999822923,56,2722
docs\inst_test\instancias\n_1000_1,300,15,10,10,0.3000,2026,9999887007,9999883468,38,2722
docs\inst_test\instancias\n_1000_1,300,15,10,10,0.3000,123,9999416581,9999413709,43,2722
docs\inst_test\instancias\n_1000_1,300,15,10,10,0.2000,42,9998827387,9998822899,65,2722
docs\inst_test\instancias\n_1000_1,300,15,10,10,0.1000,2026,9999827182,9999823283,70,2722
docs\inst_test\instancias\n_1000_1,300,15,10,20,0.2000,123,9998357187,9998353072,33,2722
docs\inst_test\instancias\n_1000_1,300,15,10,20,0.1000,123,9998827353,9998822863,54,2722
docs\inst_test\instancias\n_1000_1,300,15,10,20,0.3000,2026,9999887007,9999883468,33,2722
docs\inst_test\instancias\n_1000_1,300,15,10,20,0.3000,123,9999416581,9999413709,34,2722
docs\inst_test\instancias\n_1000_1,300,15,10,20,0.3000,42,9999887034,9999883351,39,2722
docs\inst_test\instancias\n_1000_1,300,15,10,20,0.1000,42,9999297471,9999292890,64,2722
docs\inst_test\instancias\n_1000_1,300,15,15,5,0.1000,42,9999297471,9999292890,43,2722
docs\inst_test\instancias\n_1000_1,300,15,10,20,0.2000,42,9998827387,9998822899,62,2722
docs\inst_test\instancias\n_1000_1,300,15,15,5,0.3000,123,9999416581,9999413709,33,2722
docs\inst_test\instancias\n_1000_1,300,15,15,5,0.2000,42,9999357290,9999353138,48,2722
docs\inst_test\instancias\n_1000_1,300,15,15,5,0.1000,123,9999827379,9999822923,54,2722
docs\inst_test\instancias\n_1000_1,300,15,10,20,0.1000,2026,9995297202,9995292594,76,2722
docs\inst_test\instancias\n_1000_1,300,15,15,5,0.3000,42,9999887034,9999883351,40,2722
docs\inst_test\instancias\n_1000_1,300,15,10,20,0.2000,2026,9999357281,9999353085,69,2722
docs\inst_test\instancias\n_1000_1,300,15,15,5,0.3000,2026,9999887007,9999883468,36,2722
docs\inst_test\instancias\n_1000_1,300,15,15,5,0.1000,2026,9999827425,9999822843,74,2722
docs\inst_test\instancias\n_1000_1,300,15,15,5,0.2000,2026,9999357281,9999353085,63,2722
docs\inst_test\instancias\n_1000_1,300,15,15,10,0.2000,42,9998827387,9998822899,44,2722
docs\inst_test\instancias\n_1000_1,300,15,15,5,0.2000,123,9998886934,9998883463,69,2722
docs\inst_test\instancias\n_1000_1,300,15,15,10,0.3000,123,9999416581,9999413709,30,2722
docs\inst_test\instancias\n_1000_1,300,15,15,10,0.2000,123,9998886934,9998883463,45,2722
docs\inst_test\instancias\n_1000_1,300,15,15,10,0.3000,42,9999887034,9999883351,34,2722
docs\inst_test\instancias\n_1000_1,300,15,15,10,0.1000,123,9999827379,9999822923,62,2722
docs\inst_test\instancias\n_1000_1,300,15,15,10,0.1000,2026,9999827182,9999823283,60,2722
docs\inst_test\instancias\n_1000_1,300,15,15,10,0.1000,42,9999297471,9999292890,64,2722
docs\inst_test\instancias\n_1000_1,300,15,15,20,0.1000,123,9998827353,9998822863,40,2722
docs\inst_test\instancias\n_1000_1,300,15,15,20,0.2000,42,9998827387,9998822899,36,2722
docs\inst_test\instancias\n_1000_1,300,15,15,10,0.2000,2026,9999357281,9999353085,56,2722
docs\inst_test\instancias\n_1000_1,300,15,15,20,0.1000,42,9999297471,9999292890,48,2722
docs\inst_test\instancias\n_1000_1,300,15,15,10,0.3000,2026,9999887007,9999883468,53,2722
docs\inst_test\instancias\n_1000_1,300,15,15,20,0.2000,123,9998357187,9998353072,34,2722
docs\inst_test\instancias\n_1000_1,300,15,15,20,0.1000,2026,9995297202,9995292594,59,2722
docs\inst_test\instancias\n_1000_1,300,15,15,20,0.3000,2026,9999887007,9999883468,40,2722
docs\inst_test\instancias\n_1000_1,300,15,15,20,0.3000,123,9999416581,9999413709,49,2722
docs\inst_test\instancias\n_1000_1,300,20,7,5,0.1000,123,9999827379,9999822923,48,2722
docs\inst_test\instancias\n_1000_1,300,15,15,20,0.2000,2026,9999357281,9999353085,60,2722
docs\inst_test\instancias\n_1000_1,300,15,15,20,0.3000,42,9999887034,9999883351,61,2722
docs\inst_test\instancias\n_1000_1,300,20,7,5,0.1000,42,9999297471,9999292890,53,2722
docs\inst_test\instancias\n_1000_1,300,20,7,5,0.2000,123,9998886934,9998883463,49,2722
docs\inst_test\instancias\n_1000_1,300,20,7,10,0.1000,123,9999827379,9999822923,37,2722
docs\inst_test\instancias\n_1000_1,300,20,7,5,0.2000,2026,9999357281,9999353085,50,2722
docs\inst_test\instancias\n_1000_1,300,20,7,5,0.3000,2026,9999887007,9999883468,44,2722
docs\inst_test\instancias\n_1000_1,300,20,7,5,0.3000,123,9999416581,9999413709,50,2722
docs\inst_test\instancias\n_1000_1,300,20,7,10,0.1000,42,9999297471,9999292890,46,2722
docs\inst_test\instancias\n_1000_1,300,20,7,10,0.1000,2026,9999827182,9999823283,39,2722
docs\inst_test\instancias\n_1000_1,300,20,7,5,0.3000,42,9999887034,9999883351,59,2722
docs\inst_test\instancias\n_1000_1,300,20,7,5,0.1000,2026,9999827425,9999822843,68,2722
docs\inst_test\instancias\n_1000_1,300,20,7,5,0.2000,42,9999357290,9999353138,70,2722
docs\inst_test\instancias\n_1000_1,300,20,7,10,0.3000,123,9999416581,9999413709,33,2722
docs\inst_test\instancias\n_1000_1,300,20,7,10,0.2000,2026,9999357281,9999353085,39,2722
docs\inst_test\instancias\n_1000_1,300,20,7,10,0.2000,123,9998886934,9998883463,47,2722
docs\inst_test\instancias\n_1000_1,300,20,7,10,0.3000,42,9999887034,9999883351,49,2722
docs\inst_test\instancias\n_1000_1,300,20,7,20,0.3000,42,9999887034,9999883351,32,2722
docs\inst_test\instancias\n_1000_1,300,20,7,20,0.3000,2026,9999887007,9999883468,33,2722
docs\inst_test\instancias\n_1000_1,300,20,7,20,0.2000,123,9998357187,9998353072,39,2722
docs\inst_test\instancias\n_1000_1,300,20,7,20,0.2000,42,9998827387,9998822899,45,2722
docs\inst_test\instancias\n_1000_1,300,20,7,10,0.3000,2026,9999887007,9999883468,56,2722
docs\inst_test\instancias\n_1000_1,300,20,7,10,0.2000,42,9998827387,9998822899,72,2722
docs\inst_test\instancias\n_1000_1,300,20,7,20,0.1000,123,9998827353,9998822863,52,2722
docs\inst_test\instancias\n_1000_1,300,20,7,20,0.3000,123,9999416581,9999413709,57,2722
docs\inst_test\instancias\n_1000_1,300,20,7,20,0.1000,2026,9995297202,9995292594,67,2722
docs\inst_test\instancias\n_1000_1,300,20,7,20,0.1000,42,9999297471,9999292890,76,2722
docs\inst_test\instancias\n_1000_1,300,20,10,5,0.1000,2026,9999827425,9999822843,46,2722
docs\inst_test\instancias\n_1000_1,300,20,7,20,0.2000,2026,9999357281,9999353085,67,2722
docs\inst_test\instancias\n_1000_1,300,20,10,5,0.1000,123,9999827379,9999822923,51,2722
docs\inst_test\instancias\n_1000_1,300,20,10,5,0.2000,123,9998886934,9998883463,36,2722
docs\inst_test\instancias\n_1000_1,300,20,10,5,0.2000,2026,9999357281,9999353085,38,2722
docs\inst_test\instancias\n_1000_1,300,20,10,5,0.1000,42,9999297471,9999292890,76,2722
docs\inst_test\instancias\n_1000_1,300,20,10,5,0.3000,2026,9999887007,9999883468,45,2722
docs\inst_test\instancias\n_1000_1,300,20,10,5,0.3000,42,9999887034,9999883351,47,2722
docs\inst_test\instancias\n_1000_1,300,20,10,5,0.2000,42,9999357290,9999353138,63,2722
docs\inst_test\instancias\n_1000_1,300,20,10,5,0.3000,123,9999416581,9999413709,54,2722
docs\inst_test\instancias\n_1000_1,300,20,10,10,0.2000,123,9998886934,9998883463,35,2722
docs\inst_test\instancias\n_1000_1,300,20,10,10,0.1000,42,9999297471,9999292890,59,2722
docs\inst_test\instancias\n_1000_1,300,20,10,10,0.3000,42,9999887034,9999883351,35,2722
docs\inst_test\instancias\n_1000_1,300,20,10,10,0.1000,123,9999827379,9999822923,58,2722
docs\inst_test\instancias\n_1000_1,300,20,10,10,0.2000,42,9998827387,9998822899,44,2722
docs\inst_test\instancias\n_1000_1,300,20,10,10,0.1000,2026,9999827182,9999823283,65,2722
docs\inst_test\instancias\n_1000_1,300,20,10,10,0.2000,2026,9999357281,9999353085,49,2722
docs\inst_test\instancias\n_1000_1,300,20,10,10,0.3000,123,9999416581,9999413709,52,2722
docs\inst_test\instancias\n_1000_1,300,20,10,20,0.1000,123,9998827353,9998822863,47,2722
docs\inst_test\instancias\n_1000_1,300,20,10,20,0.1000,42,9999297471,9999292890,55,2722
docs\inst_test\instancias\n_1000_1,300,20,10,10,0.3000,2026,9999887007,9999883468,57,2722
docs\inst_test\instancias\n_1000_1,300,20,10,20,0.2000,123,9998357187,9998353072,41,2722
docs\inst_test\instancias\n_1000_1,300,20,10,20,0.3000,123,9999416581,9999413709,34,2722
docs\inst_test\instancias\n_1000_1,300,20,10,20,0.3000,2026,9999887007,9999883468,32,2722
docs\inst_test\instancias\n_1000_1,300,20,10,20,0.3000,42,9999887034,9999883351,51,2722
docs\inst_test\instancias\n_1000_1,300,20,15,5,0.1000,42,9999297471,9999292890,44,2722
docs\inst_test\instancias\n_1000_1,300,20,10,20,0.2000,42,9998827387,9998822899,65,2722
docs\inst_test\instancias\n_1000_1,300,20,10,20,0.2000,2026,9999357281,9999353085,65,2722
docs\inst_test\instancias\n_1000_1,300,20,10,20,0.1000,2026,9995297202,9995292594,71,2722
docs\inst_test\instancias\n_1000_1,300,20,15,5,0.3000,42,9999887034,9999883351,36,2722
docs\inst_test\instancias\n_1000_1,300,20,15,5,0.2000,123,9998886934,9998883463,45,2722
docs\inst_test\instancias\n_1000_1,300,20,15,5,0.3000,2026,9999887007,9999883468,37,2722
docs\inst_test\instancias\n_1000_1,300,20,15,10,0.1000,42,9999297471,9999292890,40,2722
docs\inst_test\instancias\n_1000_1,300,20,15,5,0.2000,42,9999357290,9999353138,58,2722
docs\inst_test\instancias\n_1000_1,300,20,15,5,0.1000,123,9999827379,9999822923,66,2722
docs\inst_test\instancias\n_1000_1,300,20,15,10,0.1000,2026,9999827182,9999823283,39,2722
docs\inst_test\instancias\n_1000_1,300,20,15,5,0.2000,2026,9999357281,9999353085,63,2722
docs\inst_test\instancias\n_1000_1,300,20,15,5,0.1000,2026,9999827425,9999822843,79,2722
docs\inst_test\instancias\n_1000_1,300,20,15,10,0.2000,123,9998886934,9998883463,37,2722
docs\inst_test\instancias\n_1000_1,300,20,15,10,0.2000,2026,9999357281,9999353085,35,2722
docs\inst_test\instancias\n_1000_1,300,20,15,10,0.1000,123,9999827379,9999822923,56,2722
docs\inst_test\instancias\n_1000_1,300,20,15,5,0.3000,123,9999416581,9999413709,63,2722
docs\inst_test\instancias\n_1000_1,300,20,15,10,0.3000,123,9999416581,9999413709,48,2722
docs\inst_test\instancias\n_1000_1,300,20,15,20,0.1000,2026,9995297202,9995292594,38,2722
docs\inst_test\instancias\n_1000_1,300,20,15,10,0.2000,42,9998827387,9998822899,62,2722
docs\inst_test\instancias\n_1000_1,300,20,15,20,0.2000,2026,9999357281,9999353085,35,2722
docs\inst_test\instancias\n_1000_1,300,20,15,20,0.2000,42,9998827387,9998822899,41,2722
docs\inst_test\instancias\n_1000_1,300,20,15,20,0.1000,123,9998827353,9998822863,46,2722
docs\inst_test\instancias\n_1000_1,300,20,15,10,0.3000,2026,9999887007,9999883468,52,2722
docs\inst_test\instancias\n_1000_1,300,20,15,20,0.3000,2026,9999887007,9999883468,34,2722
docs\inst_test\instancias\n_1000_1,300,20,15,10,0.3000,42,9999887034,9999883351,67,2722
docs\inst_test\instancias\n_1000_1,300,20,15,20,0.2000,123,9998357187,9998353072,52,2722
docs\inst_test\instancias\n_1000_1,300,20,15,20,0.3000,123,9999416581,9999413709,39,2722
docs\inst_test\instancias\n_1000_1,300,20,15,20,0.3000,42,9999887034,9999883351,52,2722
docs\inst_test\instancias\n_1000_1,300,20,15,20,0.1000,42,9999297471,9999292890,78,2722
docs\inst_test\instancias\n_1000_1,500,10,7,5,0.1000,123,9999827379,9999822923,80,2722
docs\inst_test\instancias\n_1000_1,500,10,7,5,0.3000,42,9999887034,9999883351,60,2722
docs\inst_test\instancias\n_1000_1,500,10,7,5,0.1000,2026,9999827425,9999822843,81,2722
docs\inst_test\instancias\n_1000_1,500,10,7,5,0.2000,123,9999887035,9999883564,84,2722
docs\inst_test\instancias\n_1000_1,500,10,7,10,0.1000,123,9999827379,9999822923,71,2722
docs\inst_test\instancias\n_1000_1,500,10,7,10,0.3000,42,9999887034,9999883351,57,2722
docs\inst_test\instancias\n_1000_1,500,10,7,10,0.2000,123,9998886934,9998883463,73,2722
docs\inst_test\instancias\n_1000_1,500,10,7,5,0.2000,2026,9999357281,9999353085,92,2722
docs\inst_test\instancias\n_1000_1,500,10,7,5,0.3000,2026,9999887007,9999883468,89,2722
docs\inst_test\instancias\n_1000_1,500,10,7,5,0.1000,42,9999297471,9999292890,121,2722
docs\inst_test\instancias\n_1000_1,500,10,7,10,0.2000,42,9999357290,9999353138,84,2722
docs\inst_test\instancias\n_1000_1,500,10,7,5,0.3000,123,9999416581,9999413709,101,2722
docs\inst_test\instancias\n_1000_1,500,10,7,5,0.2000,42,9999357290,9999353138,111,2722
docs\inst_test\instancias\n_1000_1,500,10,7,10,0.1000,42,9999297471,9999292890,111,2722
docs\inst_test\instancias\n_1000_1,500,10,7,10,0.3000,2026,9999887007,9999883468,59,2722
docs\inst_test\instancias\n_1000_1,500,10,7,10,0.1000,2026,9999827425,9999822843,122,2722
docs\inst_test\instancias\n_1000_1,500,10,7,10,0.2000,2026,9999357281,9999353085,120,2722
docs\inst_test\instancias\n_1000_1,500,10,7,20,0.1000,42,9999297486,9999292958,89,2722
docs\inst_test\instancias\n_1000_1,500,10,7,10,0.3000,123,9999416581,9999413709,98,2722
docs\inst_test\instancias\n_1000_1,500,10,7,20,0.3000,42,9999887034,9999883351,69,2722
docs\inst_test\instancias\n_1000_1,500,10,7,20,0.1000,2026,9995297202,9995292594,83,2722
docs\inst_test\instancias\n_1000_1,500,10,7,20,0.3000,123,9999416581,9999413709,68,2722
docs\inst_test\instancias\n_1000_1,500,10,7,20,0.2000,123,9998886934,9998883463,81,2722
docs\inst_test\instancias\n_1000_1,500,10,7,20,0.2000,42,9998827387,9998822899,84,2722
docs\inst_test\instancias\n_1000_1,500,10,7,20,0.2000,2026,9999357281,9999353085,82,2722
docs\inst_test\instancias\n_1000_1,500,10,7,20,0.1000,123,9999827379,9999822923,94,2722
docs\inst_test\instancias\n_1000_1,500,10,7,20,0.3000,2026,9999887007,9999883468,82,2722
docs\inst_test\instancias\n_1000_1,500,10,10,5,0.2000,42,9999357290,9999353138,73,2722
docs\inst_test\instancias\n_1000_1,500,10,10,5,0.1000,42,9999297471,9999292890,91,2722
docs\inst_test\instancias\n_1000_1,500,10,10,5,0.1000,123,9999827379,9999822923,96,2722
docs\inst_test\instancias\n_1000_1,500,10,10,5,0.3000,123,9999416581,9999413709,55,2722
docs\inst_test\instancias\n_1000_1,500,10,10,5,0.2000,123,9999887035,9999883564,95,2722
docs\inst_test\instancias\n_1000_1,500,10,10,5,0.1000,2026,9999827425,9999822843,120,2722
docs\inst_test\instancias\n_1000_1,500,10,10,10,0.2000,123,9998886934,9998883463,73,2722
docs\inst_test\instancias\n_1000_1,500,10,10,5,0.2000,2026,9999357281,9999353085,102,2722
docs\inst_test\instancias\n_1000_1,500,10,10,10,0.2000,2026,9999357281,9999353085,76,2722
docs\inst_test\instancias\n_1000_1,500,10,10,5,0.3000,42,9999887034,9999883351,103,2722
docs\inst_test\instancias\n_1000_1,500,10,10,10,0.3000,123,9999416581,9999413709,67,2722
docs\inst_test\instancias\n_1000_1,500,10,10,5,0.3000,2026,9999887007,9999883468,100,2722
docs\inst_test\instancias\n_1000_1,500,10,10,10,0.3000,2026,9999887007,9999883468,69,2722
docs\inst_test\instancias\n_1000_1,500,10,10,10,0.1000,123,9999827379,9999822923,97,2722
docs\inst_test\instancias\n_1000_1,500,10,10,10,0.3000,42,9999887034,9999883351,86,2722
docs\inst_test\instancias\n_1000_1,500,10,10,10,0.1000,42,9999297471,9999292890,111,2722
docs\inst_test\instancias\n_1000_1,500,10,10,10,0.2000,42,9999357290,9999353138,106,2722
docs\inst_test\instancias\n_1000_1,500,10,10,20,0.1000,42,9999297486,9999292958,74,2722
docs\inst_test\instancias\n_1000_1,500,10,10,10,0.1000,2026,9999827425,9999822843,113,2722
docs\inst_test\instancias\n_1000_1,500,10,10,20,0.1000,2026,9995297202,9995292594,72,2722
docs\inst_test\instancias\n_1000_1,500,10,10,20,0.1000,123,9999827379,9999822923,99,2722
docs\inst_test\instancias\n_1000_1,500,10,10,20,0.2000,123,9998886934,9998883463,71,2722
docs\inst_test\instancias\n_1000_1,500,10,10,20,0.3000,123,9999416581,9999413709,66,2722
docs\inst_test\instancias\n_1000_1,500,10,10,20,0.2000,2026,9999357281,9999353085,72,2722
docs\inst_test\instancias\n_1000_1,500,10,15,5,0.1000,123,9999827379,9999822923,71,2722
docs\inst_test\instancias\n_1000_1,500,10,10,20,0.2000,42,9998827387,9998822899,106,2722
docs\inst_test\instancias\n_1000_1,500,10,10,20,0.3000,42,9999887034,9999883351,89,2722
docs\inst_test\instancias\n_1000_1,500,10,15,5,0.2000,2026,9999357281,9999353085,69,2722
docs\inst_test\instancias\n_1000_1,500,10,10,20,0.3000,2026,9999887007,9999883468,86,2722
docs\inst_test\instancias\n_1000_1,500,10,15,5,0.2000,42,9999357290,9999353138,83,2722
docs\inst_test\instancias\n_1000_1,500,10,15,5,0.1000,42,9999297471,9999292890,91,2722
docs\inst_test\instancias\n_1000_1,500,10,15,5,0.3000,2026,9999887007,9999883468,61,2722
docs\inst_test\instancias\n_1000_1,500,10,15,5,0.3000,123,9999416581,9999413709,77,2722
docs\inst_test\instancias\n_1000_1,500,10,15,5,0.2000,123,9999887035,9999883564,87,2722
docs\inst_test\instancias\n_1000_1,500,10,15,5,0.3000,42,9999887034,9999883351,97,2722
docs\inst_test\instancias\n_1000_1,500,10,15,5,0.1000,2026,9999827425,9999822843,118,2722
docs\inst_test\instancias\n_1000_1,500,10,15,10,0.1000,42,9999297471,9999292890,81,2722
docs\inst_test\instancias\n_1000_1,500,10,15,10,0.3000,42,9999887034,9999883351,55,2722
docs\inst_test\instancias\n_1000_1,500,10,15,10,0.2000,123,9998886934,9998883463,63,2722
docs\inst_test\instancias\n_1000_1,500,10,15,10,0.2000,2026,9999357281,9999353085,58,2722
docs\inst_test\instancias\n_1000_1,500,10,15,10,0.1000,2026,9999827425,9999822843,90,2722
docs\inst_test\instancias\n_1000_1,500,10,15,20,0.1000,123,9999827379,9999822923,70,2722
docs\inst_test\instancias\n_1000_1,500,10,15,10,0.3000,123,9999416581,9999413709,77,2722
docs\inst_test\instancias\n_1000_1,500,10,15,10,0.1000,123,9999827379,9999822923,110,2722
docs\inst_test\instancias\n_1000_1,500,10,15,20,0.2000,123,9998886934,9998883463,64,2722
docs\inst_test\instancias\n_1000_1,500,10,15,10,0.2000,42,9999357290,9999353138,113,2722
docs\inst_test\instancias\n_1000_1,500,10,15,10,0.3000,2026,9999887007,9999883468,93,2722
docs\inst_test\instancias\n_1000_1,500,10,15,20,0.2000,2026,9999357281,9999353085,69,2722
docs\inst_test\instancias\n_1000_1,500,10,15,20,0.3000,2026,9999887007,9999883468,51,2722
docs\inst_test\instancias\n_1000_1,500,10,15,20,0.1000,2026,9995297202,9995292594,89,2722
docs\inst_test\instancias\n_1000_1,500,10,15,20,0.1000,42,9999297486,9999292958,101,2722
docs\inst_test\instancias\n_1000_1,500,10,15,20,0.3000,42,9999887034,9999883351,70,2722
docs\inst_test\instancias\n_1000_1,500,10,15,20,0.3000,123,9999416581,9999413709,76,2722
docs\inst_test\instancias\n_1000_1,500,10,15,20,0.2000,42,9998827387,9998822899,110,2722
docs\inst_test\instancias\n_1000_1,500,15,7,5,0.1000,123,9999827379,9999822923,84,2722
docs\inst_test\instancias\n_1000_1,500,15,7,5,0.2000,123,9999887035,9999883564,61,2722
docs\inst_test\instancias\n_1000_1,500,15,7,5,0.2000,42,9999357290,9999353138,66,2722
docs\inst_test\instancias\n_1000_1,500,15,7,5,0.1000,42,9999297471,9999292890,103,2722
docs\inst_test\instancias\n_1000_1,500,15,7,10,0.2000,123,9998886934,9998883463,57,2722
docs\inst_test\instancias\n_1000_1,500,15,7,5,0.3000,123,9999416581,9999413709,77,2722
docs\inst_test\instancias\n_1000_1,500,15,7,5,0.1000,2026,9999827425,9999822843,109,2722
docs\inst_test\instancias\n_1000_1,500,15,7,5,0.2000,2026,9999357281,9999353085,97,2722
docs\inst_test\instancias\n_1000_1,500,15,7,5,0.3000,2026,9999887007,9999883468,85,2722
docs\inst_test\instancias\n_1000_1,500,15,7,10,0.1000,123,9999827379,9999822923,80,2722
docs\inst_test\instancias\n_1000_1,500,15,7,5,0.3000,42,9999887034,9999883351,103,2722
docs\inst_test\instancias\n_1000_1,500,15,7,10,0.1000,42,9999297471,9999292890,99,2722
docs\inst_test\instancias\n_1000_1,500,15,7,10,0.3000,42,9999887034,9999883351,75,2722
docs\inst_test\instancias\n_1000_1,500,15,7,10,0.2000,42,9999357290,9999353138,98,2722
docs\inst_test\instancias\n_1000_1,500,15,7,10,0.1000,2026,9999827425,9999822843,99,2722
docs\inst_test\instancias\n_1000_1,500,15,7,10,0.2000,2026,9999357281,9999353085,84,2722
docs\inst_test\instancias\n_1000_1,500,15,7,10,0.3000,2026,9999887007,9999883468,80,2722
docs\inst_test\instancias\n_1000_1,500,15,7,10,0.3000,123,9999416581,9999413709,87,2722
docs\inst_test\instancias\n_1000_1,500,15,7,20,0.1000,123,9999827379,9999822923,72,2722
docs\inst_test\instancias\n_1000_1,500,15,7,20,0.3000,2026,9999887007,9999883468,52,2722
docs\inst_test\instancias\n_1000_1,500,15,7,20,0.2000,123,9998886934,9998883463,69,2722
docs\inst_test\instancias\n_1000_1,500,15,7,20,0.1000,2026,9995297202,9995292594,80,2722
docs\inst_test\instancias\n_1000_1,500,15,7,20,0.1000,42,9999297486,9999292958,111,2722
docs\inst_test\instancias\n_1000_1,500,15,7,20,0.3000,123,9999416581,9999413709,81,2722
docs\inst_test\instancias\n_1000_1,500,15,7,20,0.2000,42,9998827387,9998822899,101,2722
docs\inst_test\instancias\n_1000_1,500,15,7,20,0.3000,42,9999887034,9999883351,94,2722
docs\inst_test\instancias\n_1000_1,500,15,7,20,0.2000,2026,9999357281,9999353085,99,2722
docs\inst_test\instancias\n_1000_1,500,15,10,5,0.1000,123,9999827379,9999822923,82,2722
docs\inst_test\instancias\n_1000_1,500,15,10,5,0.1000,2026,9999827425,9999822843,82,2722
docs\inst_test\instancias\n_1000_1,500,15,10,5,0.3000,123,9999416581,9999413709,66,2722
docs\inst_test\instancias\n_1000_1,500,15,10,5,0.2000,123,9999887035,9999883564,90,2722
docs\inst_test\instancias\n_1000_1,500,15,10,5,0.3000,2026,9999887007,9999883468,64,2722
docs\inst_test\instancias\n_1000_1,500,15,10,5,0.2000,42,9999357290,9999353138,101,2722
docs\inst_test\instancias\n_1000_1,500,15,10,5,0.3000,42,9999887034,9999883351,83,2722
docs\inst_test\instancias\n_1000_1,500,15,10,10,0.1000,123,9999827379,9999822923,64,2722
docs\inst_test\instancias\n_1000_1,500,15,10,5,0.1000,42,9999297471,9999292890,116,2722
docs\inst_test\instancias\n_1000_1,500,15,10,10,0.1000,2026,9999827425,9999822843,77,2722
docs\inst_test\instancias\n_1000_1,500,15,10,5,0.2000,2026,9999357281,9999353085,115,2722
docs\inst_test\instancias\n_1000_1,500,15,10,10,0.1000,42,9999297471,9999292890,93,2722
docs\inst_test\instancias\n_1000_1,500,15,10,10,0.3000,123,9999416581,9999413709,56,2722
docs\inst_test\instancias\n_1000_1,500,15,10,10,0.3000,2026,9999887007,9999883468,53,2722
docs\inst_test\instancias\n_1000_1,500,15,10,20,0.1000,42,9999297486,9999292958,63,2722
docs\inst_test\instancias\n_1000_1,500,15,10,20,0.1000,2026,9995297202,9995292594,63,2722
docs\inst_test\instancias\n_1000_1,500,15,10,10,0.2000,42,9999357290,9999353138,104,2722
docs\inst_test\instancias\n_1000_1,500,15,10,10,0.2000,123,9998886934,9998883463,102,2722
docs\inst_test\instancias\n_1000_1,500,15,10,10,0.3000,42,9999887034,9999883351,94,2722
docs\inst_test\instancias\n_1000_1,500,15,10,10,0.2000,2026,9999357281,9999353085,102,2722
docs\inst_test\instancias\n_1000_1,500,15,10,20,0.2000,2026,9999357281,9999353085,68,2722
docs\inst_test\instancias\n_1000_1,500,15,10,20,0.3000,123,9999416581,9999413709,57,2722
docs\inst_test\instancias\n_1000_1,500,15,10,20,0.3000,42,9999887034,9999883351,73,2722
docs\inst_test\instancias\n_1000_1,500,15,10,20,0.2000,123,9998886934,9998883463,93,2722
docs\inst_test\instancias\n_1000_1,500,15,10,20,0.2000,42,9998827387,9998822899,98,2722
docs\inst_test\instancias\n_1000_1,500,15,10,20,0.1000,123,9999827379,9999822923,113,2722
docs\inst_test\instancias\n_1000_1,500,15,10,20,0.3000,2026,9999887007,9999883468,75,2722
docs\inst_test\instancias\n_1000_1,500,15,15,5,0.2000,42,9999357290,9999353138,67,2722
docs\inst_test\instancias\n_1000_1,500,15,15,5,0.2000,123,9999887035,9999883564,61,2722
docs\inst_test\instancias\n_1000_1,500,15,15,5,0.3000,2026,9999887007,9999883468,60,2722
docs\inst_test\instancias\n_1000_1,500,15,15,5,0.1000,123,9999827379,9999822923,96,2722
docs\inst_test\instancias\n_1000_1,500,15,15,5,0.2000,2026,9999357281,9999353085,77,2722
docs\inst_test\instancias\n_1000_1,500,15,15,5,0.1000,42,9999297471,9999292890,109,2722
docs\inst_test\instancias\n_1000_1,500,15,15,5,0.3000,123,9999416581,9999413709,74,2722
docs\inst_test\instancias\n_1000_1,500,15,15,5,0.1000,2026,9999827425,9999822843,114,2722
docs\inst_test\instancias\n_1000_1,500,15,15,5,0.3000,42,9999887034,9999883351,85,2722
docs\inst_test\instancias\n_1000_1,500,15,15,10,0.1000,42,9999297471,9999292890,95,2722
docs\inst_test\instancias\n_1000_1,500,15,15,10,0.2000,2026,9999357281,9999353085,65,2722
docs\inst_test\instancias\n_1000_1,500,15,15,10,0.3000,2026,9999887007,9999883468,53,2722
docs\inst_test\instancias\n_1000_1,500,15,15,10,0.2000,123,9998886934,9998883463,78,2722
docs\inst_test\instancias\n_1000_1,500,15,15,10,0.3000,42,9999887034,9999883351,73,2722
docs\inst_test\instancias\n_1000_1,500,15,15,10,0.2000,42,9999357290,9999353138,90,2722
docs\inst_test\instancias\n_1000_1,500,15,15,10,0.1000,123,9999827379,9999822923,106,2722
docs\inst_test\instancias\n_1000_1,500,15,15,10,0.1000,2026,9999827425,9999822843,113,2722
docs\inst_test\instancias\n_1000_1,500,15,15,10,0.3000,123,9999416581,9999413709,76,2722
docs\inst_test\instancias\n_1000_1,500,15,15,20,0.2000,2026,9999357281,9999353085,62,2722
docs\inst_test\instancias\n_1000_1,500,15,15,20,0.3000,42,9999887034,9999883351,70,2722
docs\inst_test\instancias\n_1000_1,500,15,15,20,0.1000,123,9999827379,9999822923,94,2722
docs\inst_test\instancias\n_1000_1,500,15,15,20,0.3000,2026,9999887007,9999883468,56,2722
docs\inst_test\instancias\n_1000_1,500,15,15,20,0.2000,42,9998827387,9998822899,95,2722
docs\inst_test\instancias\n_1000_1,500,15,15,20,0.2000,123,9998886934,9998883463,93,2722
docs\inst_test\instancias\n_1000_1,500,15,15,20,0.1000,42,9999297486,9999292958,118,2722
docs\inst_test\instancias\n_1000_1,500,15,15,20,0.1000,2026,9995297202,9995292594,110,2722
docs\inst_test\instancias\n_1000_1,500,20,7,5,0.1000,42,9999297471,9999292890,73,2722
docs\inst_test\instancias\n_1000_1,500,20,7,5,0.2000,123,9999887035,9999883564,69,2722
docs\inst_test\instancias\n_1000_1,500,15,15,20,0.3000,123,9999416581,9999413709,97,2722
docs\inst_test\instancias\n_1000_1,500,20,7,5,0.1000,2026,9999827425,9999822843,90,2722
docs\inst_test\instancias\n_1000_1,500,20,7,5,0.3000,42,9999887034,9999883351,74,2722
docs\inst_test\instancias\n_1000_1,500,20,7,5,0.2000,42,9999357290,9999353138,88,2722
docs\inst_test\instancias\n_1000_1,500,20,7,5,0.1000,123,9999827379,9999822923,101,2722
docs\inst_test\instancias\n_1000_1,500,20,7,5,0.3000,123,9999416581,9999413709,92,2722
docs\inst_test\instancias\n_1000_1,500,20,7,10,0.2000,42,9999357290,9999353138,70,2722
docs\inst_test\instancias\n_1000_1,500,20,7,10,0.3000,123,9999416581,9999413709,50,2722
docs\inst_test\instancias\n_1000_1,500,20,7,5,0.2000,2026,9999357281,9999353085,113,2722
docs\inst_test\instancias\n_1000_1,500,20,7,5,0.3000,2026,9999887007,9999883468,90,2722
docs\inst_test\instancias\n_1000_1,500,20,7,10,0.1000,42,9999297471,9999292890,90,2722
docs\inst_test\instancias\n_1000_1,500,20,7,10,0.2000,123,9998886934,9998883463,67,2722
docs\inst_test\instancias\n_1000_1,500,20,7,10,0.2000,2026,9999357281,9999353085,70,2722
docs\inst_test\instancias\n_1000_1,500,20,7,20,0.1000,123,9999827379,9999822923,60,2722
docs\inst_test\instancias\n_1000_1,500,20,7,10,0.3000,2026,9999887007,9999883468,73,2722
docs\inst_test\instancias\n_1000_1,500,20,7,10,0.1000,2026,9999827425,9999822843,108,2722
docs\inst_test\instancias\n_1000_1,500,20,7,10,0.1000,123,9999827379,9999822923,116,2722
docs\inst_test\instancias\n_1000_1,500,20,7,10,0.3000,42,9999887034,9999883351,96,2722
docs\inst_test\instancias\n_1000_1,500,20,7,20,0.2000,123,9998886934,9998883463,57,2722
docs\inst_test\instancias\n_1000_1,500,20,7,20,0.2000,2026,9999357281,9999353085,55,2722
docs\inst_test\instancias\n_1000_1,500,20,7,20,0.3000,42,9999887034,9999883351,59,2722
docs\inst_test\instancias\n_1000_1,500,20,7,20,0.3000,123,9999416581,9999413709,65,2722
docs\inst_test\instancias\n_1000_1,500,20,7,20,0.1000,42,9999297486,9999292958,109,2722
docs\inst_test\instancias\n_1000_1,500,20,7,20,0.2000,42,9998827387,9998822899,103,2722
docs\inst_test\instancias\n_1000_1,500,20,7,20,0.1000,2026,9995297202,9995292594,107,2722
docs\inst_test\instancias\n_1000_1,500,20,10,5,0.1000,123,9999827379,9999822923,77,2722
docs\inst_test\instancias\n_1000_1,500,20,7,20,0.3000,2026,9999887007,9999883468,82,2722
docs\inst_test\instancias\n_1000_1,500,20,10,5,0.3000,123,9999416581,9999413709,64,2722
docs\inst_test\instancias\n_1000_1,500,20,10,5,0.2000,42,9999357290,9999353138,80,2722
docs\inst_test\instancias\n_1000_1,500,20,10,5,0.1000,2026,9999827425,9999822843,99,2722
docs\inst_test\instancias\n_1000_1,500,20,10,5,0.1000,42,9999297471,9999292890,109,2722
docs\inst_test\instancias\n_1000_1,500,20,10,5,0.3000,42,9999887034,9999883351,82,2722
docs\inst_test\instancias\n_1000_1,500,20,10,5,0.2000,2026,9999357281,9999353085,85,2722
docs\inst_test\instancias\n_1000_1,500,20,10,5,0.3000,2026,9999887007,9999883468,71,2722
docs\inst_test\instancias\n_1000_1,500,20,10,5,0.2000,123,9999887035,9999883564,95,2722
docs\inst_test\instancias\n_1000_1,500,20,10,10,0.3000,123,9999416581,9999413709,56,2722
docs\inst_test\instancias\n_1000_1,500,20,10,10,0.2000,123,9998886934,9998883463,74,2722
docs\inst_test\instancias\n_1000_1,500,20,10,10,0.1000,2026,9999827425,9999822843,83,2722
docs\inst_test\instancias\n_1000_1,500,20,10,10,0.1000,42,9999297471,9999292890,101,2722
docs\inst_test\instancias\n_1000_1,500,20,10,10,0.3000,2026,9999887007,9999883468,60,2722
docs\inst_test\instancias\n_1000_1,500,20,10,10,0.1000,123,9999827379,9999822923,106,2722
docs\inst_test\instancias\n_1000_1,500,20,10,10,0.2000,2026,9999357281,9999353085,93,2722
docs\inst_test\instancias\n_1000_1,500,20,10,10,0.2000,42,9999357290,9999353138,97,2722
docs\inst_test\instancias\n_1000_1,500,20,10,20,0.1000,123,9999827379,9999822923,68,2722
docs\inst_test\instancias\n_1000_1,500,20,10,10,0.3000,42,9999887034,9999883351,93,2722
docs\inst_test\instancias\n_1000_1,500,20,10,20,0.2000,2026,9999357281,9999353085,56,2722
docs\inst_test\instancias\n_1000_1,500,20,10,20,0.2000,42,9998827387,9998822899,69,2722
docs\inst_test\instancias\n_1000_1,500,20,10,20,0.1000,2026,9995297202,9995292594,72,2722
docs\inst_test\instancias\n_1000_1,500,20,10,20,0.3000,123,9999416581,9999413709,49,2722
docs\inst_test\instancias\n_1000_1,500,20,10,20,0.3000,42,9999887034,9999883351,71,2722
docs\inst_test\instancias\n_1000_1,500,20,10,20,0.2000,123,9998886934,9998883463,98,2722
docs\inst_test\instancias\n_1000_1,500,20,10,20,0.1000,42,9999297486,9999292958,117,2722
docs\inst_test\instancias\n_1000_1,500,20,15,5,0.1000,123,9999827379,9999822923,70,2722
docs\inst_test\instancias\n_1000_1,500,20,15,5,0.2000,123,9999887035,9999883564,61,2722
docs\inst_test\instancias\n_1000_1,500,20,10,20,0.3000,2026,9999887007,9999883468,84,2722
docs\inst_test\instancias\n_1000_1,500,20,15,5,0.1000,42,9999297471,9999292890,95,2722
docs\inst_test\instancias\n_1000_1,500,20,15,5,0.2000,42,9999357290,9999353138,89,2722
docs\inst_test\instancias\n_1000_1,500,20,15,5,0.2000,2026,9999357281,9999353085,97,2722
docs\inst_test\instancias\n_1000_1,500,20,15,5,0.3000,42,9999887034,9999883351,87,2722
docs\inst_test\instancias\n_1000_1,500,20,15,5,0.3000,123,9999416581,9999413709,88,2722
docs\inst_test\instancias\n_1000_1,500,20,15,5,0.1000,2026,9999827425,9999822843,107,2722
docs\inst_test\instancias\n_1000_1,500,20,15,10,0.2000,42,9999357290,9999353138,76,2722
docs\inst_test\instancias\n_1000_1,500,20,15,10,0.1000,2026,9999827425,9999822843,88,2722
docs\inst_test\instancias\n_1000_1,500,20,15,5,0.3000,2026,9999887007,9999883468,102,2722
docs\inst_test\instancias\n_1000_1,500,20,15,10,0.1000,42,9999297471,9999292890,98,2722
docs\inst_test\instancias\n_1000_1,500,20,15,10,0.3000,42,9999887034,9999883351,59,2722
docs\inst_test\instancias\n_1000_1,500,20,15,10,0.3000,123,9999416581,9999413709,58,2722
docs\inst_test\instancias\n_1000_1,500,20,15,10,0.1000,123,9999827379,9999822923,108,2722
docs\inst_test\instancias\n_1000_1,500,20,15,10,0.2000,123,9998886934,9998883463,79,2722
docs\inst_test\instancias\n_1000_1,500,20,15,10,0.2000,2026,9999357281,9999353085,86,2722
docs\inst_test\instancias\n_1000_1,500,20,15,10,0.3000,2026,9999887007,9999883468,92,2722
docs\inst_test\instancias\n_1000_1,500,20,15,20,0.3000,42,9999887034,9999883351,53,2722
docs\inst_test\instancias\n_1000_1,500,20,15,20,0.2000,42,9998827387,9998822899,60,2722
docs\inst_test\instancias\n_1000_1,500,20,15,20,0.2000,123,9998886934,9998883463,62,2722
docs\inst_test\instancias\n_1000_1,500,20,15,20,0.1000,123,9999827379,9999822923,76,2722
docs\inst_test\instancias\n_1000_1,500,20,15,20,0.2000,2026,9999357281,9999353085,65,2722
docs\inst_test\instancias\n_1000_1,500,20,15,20,0.1000,42,9999297486,9999292958,88,2722
docs\inst_test\instancias\n_1000_1,500,20,15,20,0.3000,2026,9999887007,9999883468,55,2722
docs\inst_test\instancias\n_1000_1,500,20,15,20,0.3000,123,9999416581,9999413709,59,2722
docs\inst_test\instancias\n_1000_1,500,20,15,20,0.1000,2026,9995297202,9995292594,89,2722
docs\inst_test\instancias\n_1000_10,100,10,7,10,0.1000,123,9980504397,9980493688,15,2813
docs\inst_test\instancias\n_1000_10,100,10,7,5,0.2000,42,9980504397,9980493688,16,2813
docs\inst_test\instancias\n_1000_10,100,10,7,10,0.1000,42,9980504397,9980493688,19,2813
docs\inst_test\instancias\n_1000_10,100,10,7,5,0.1000,123,9980504397,9980493688,19,2813
docs\inst_test\instancias\n_1000_10,100,10,7,10,0.1000,2026,9980504397,9980493688,20,2813
docs\inst_test\instancias\n_1000_10,100,10,7,5,0.2000,123,9980504397,9980493688,23,2813
docs\inst_test\instancias\n_1000_10,100,10,7,10,0.3000,42,9980504397,9980493688,25,2813
docs\inst_test\instancias\n_1000_10,100,10,7,5,0.3000,42,9980504397,9980493688,25,2813
docs\inst_test\instancias\n_1000_10,100,10,7,10,0.2000,42,9980504397,9980493688,24,2813
docs\inst_test\instancias\n_1000_10,100,10,7,10,0.2000,123,9980504397,9980493688,27,2813
docs\inst_test\instancias\n_1000_10,100,10,7,5,0.1000,42,9980504397,9980493688,28,2813
docs\inst_test\instancias\n_1000_10,100,10,7,5,0.3000,2026,9980504397,9980493688,29,2813
docs\inst_test\instancias\n_1000_10,100,10,7,10,0.2000,2026,9980504397,9980493688,28,2813
docs\inst_test\instancias\n_1000_10,100,10,7,10,0.3000,123,9980504397,9980493688,15,2813
docs\inst_test\instancias\n_1000_10,100,10,7,5,0.3000,123,9980504397,9980493688,30,2813
docs\inst_test\instancias\n_1000_10,100,10,7,5,0.1000,2026,9980504397,9980493688,32,2813
docs\inst_test\instancias\n_1000_10,100,10,7,5,0.2000,2026,9980504397,9980493688,34,2813
docs\inst_test\instancias\n_1000_10,100,10,7,20,0.1000,2026,9980504397,9980493688,14,2813
docs\inst_test\instancias\n_1000_10,100,10,7,10,0.3000,2026,9980504397,9980493688,20,2813
docs\inst_test\instancias\n_1000_10,100,10,7,20,0.2000,123,9980504397,9980493688,14,2813
docs\inst_test\instancias\n_1000_10,100,10,7,20,0.1000,42,9980504397,9980493688,24,2813
docs\inst_test\instancias\n_1000_10,100,10,7,20,0.3000,2026,9980504397,9980493688,17,2813
docs\inst_test\instancias\n_1000_10,100,10,10,5,0.1000,123,9980504397,9980493688,17,2813
docs\inst_test\instancias\n_1000_10,100,10,7,20,0.1000,123,9980504397,9980493688,27,2813
docs\inst_test\instancias\n_1000_10,100,10,10,5,0.1000,2026,9980504397,9980493688,16,2813
docs\inst_test\instancias\n_1000_10,100,10,10,5,0.2000,42,9980504397,9980493688,21,2813
docs\inst_test\instancias\n_1000_10,100,10,10,5,0.3000,42,9980504397,9980493688,15,2813
docs\inst_test\instancias\n_1000_10,100,10,7,20,0.3000,123,9980504397,9980493688,26,2813
docs\inst_test\instancias\n_1000_10,100,10,7,20,0.2000,2026,9980504397,9980493688,28,2813
docs\inst_test\instancias\n_1000_10,100,10,7,20,0.2000,42,9980504397,9980493688,31,2813
docs\inst_test\instancias\n_1000_10,100,10,10,5,0.3000,2026,9980504397,9980493688,15,2813
docs\inst_test\instancias\n_1000_10,100,10,7,20,0.3000,42,9980504397,9980493688,32,2813
docs\inst_test\instancias\n_1000_10,100,10,10,5,0.1000,42,9980504397,9980493688,30,2813
docs\inst_test\instancias\n_1000_10,100,10,10,10,0.2000,123,9980504397,9980493688,14,2813
docs\inst_test\instancias\n_1000_10,100,10,10,5,0.2000,123,9980504397,9980493688,30,2813
docs\inst_test\instancias\n_1000_10,100,10,10,10,0.1000,123,9980504397,9980493688,19,2813
docs\inst_test\instancias\n_1000_10,100,10,10,5,0.2000,2026,9980504397,9980493688,29,2813
docs\inst_test\instancias\n_1000_10,100,10,10,10,0.1000,2026,9980504397,9980493688,17,2813
docs\inst_test\instancias\n_1000_10,100,10,10,10,0.1000,42,9980504397,9980493688,21,2813
docs\inst_test\instancias\n_1000_10,100,10,10,5,0.3000,123,9980504397,9980493688,29,2813
docs\inst_test\instancias\n_1000_10,100,10,10,20,0.1000,42,9980504397,9980493688,16,2813
docs\inst_test\instancias\n_1000_10,100,10,10,10,0.3000,42,9980504397,9980493688,19,2813
docs\inst_test\instancias\n_1000_10,100,10,10,10,0.2000,2026,9980504397,9980493688,27,2813
docs\inst_test\instancias\n_1000_10,100,10,10,20,0.2000,123,9980504397,9980493688,17,2813
docs\inst_test\instancias\n_1000_10,100,10,10,20,0.3000,2026,9980504397,9980493688,14,2813
docs\inst_test\instancias\n_1000_10,100,10,10,10,0.3000,123,9980504397,9980493688,27,2813
docs\inst_test\instancias\n_1000_10,100,10,10,10,0.2000,42,9980504397,9980493688,34,2813
docs\inst_test\instancias\n_1000_10,100,10,10,10,0.3000,2026,9980504397,9980493688,27,2813
docs\inst_test\instancias\n_1000_10,100,10,10,20,0.1000,2026,9980504397,9980493688,23,2813
docs\inst_test\instancias\n_1000_10,100,10,15,5,0.1000,42,9980504397,9980493688,16,2813
docs\inst_test\instancias\n_1000_10,100,10,10,20,0.1000,123,9980504397,9980493688,27,2813
docs\inst_test\instancias\n_1000_10,100,10,10,20,0.3000,123,9980504397,9980493688,18,2813
docs\inst_test\instancias\n_1000_10,100,10,10,20,0.2000,42,9980504397,9980493688,27,2813
docs\inst_test\instancias\n_1000_10,100,10,10,20,0.3000,42,9980504397,9980493688,25,2813
docs\inst_test\instancias\n_1000_10,100,10,10,20,0.2000,2026,9980504397,9980493688,29,2813
docs\inst_test\instancias\n_1000_10,100,10,15,5,0.3000,42,9980504397,9980493688,16,2813
docs\inst_test\instancias\n_1000_10,100,10,15,5,0.2000,42,9980504397,9980493688,24,2813
docs\inst_test\instancias\n_1000_10,100,10,15,5,0.1000,2026,9980504397,9980493688,25,2813
docs\inst_test\instancias\n_1000_10,100,10,15,5,0.1000,123,9980504397,9980493688,30,2813
docs\inst_test\instancias\n_1000_10,100,10,15,5,0.2000,2026,9980504397,9980493688,21,2813
docs\inst_test\instancias\n_1000_10,100,10,15,10,0.2000,42,9980504397,9980493688,17,2813
docs\inst_test\instancias\n_1000_10,100,10,15,10,0.3000,42,9980504397,9980493688,15,2813
docs\inst_test\instancias\n_1000_10,100,10,15,10,0.2000,123,9980504397,9980493688,22,2813
docs\inst_test\instancias\n_1000_10,100,10,15,5,0.3000,123,9980504397,9980493688,29,2813
docs\inst_test\instancias\n_1000_10,100,10,15,10,0.1000,42,9980504397,9980493688,29,2813
docs\inst_test\instancias\n_1000_10,100,10,15,10,0.1000,123,9980504397,9980493688,28,2813
docs\inst_test\instancias\n_1000_10,100,10,15,10,0.1000,2026,9980504397,9980493688,29,2813
docs\inst_test\instancias\n_1000_10,100,10,15,20,0.1000,123,9980504397,9980493688,15,2813
docs\inst_test\instancias\n_1000_10,100,10,15,5,0.2000,123,9980504397,9980493688,33,2813
docs\inst_test\instancias\n_1000_10,100,10,15,10,0.3000,2026,9980504397,9980493688,20,2813
docs\inst_test\instancias\n_1000_10,100,10,15,20,0.1000,42,9980504397,9980493688,20,2813
docs\inst_test\instancias\n_1000_10,100,10,15,20,0.2000,42,9980504397,9980493688,14,2813
docs\inst_test\instancias\n_1000_10,100,10,15,10,0.2000,2026,9980504397,9980493688,28,2813
docs\inst_test\instancias\n_1000_10,100,10,15,5,0.3000,2026,9980504397,9980493688,35,2813
docs\inst_test\instancias\n_1000_10,100,10,15,20,0.2000,2026,9980504397,9980493688,14,2813
docs\inst_test\instancias\n_1000_10,100,10,15,10,0.3000,123,9980504397,9980493688,29,2813
docs\inst_test\instancias\n_1000_10,100,10,15,20,0.3000,42,9980504397,9980493688,15,2813
docs\inst_test\instancias\n_1000_10,100,10,15,20,0.1000,2026,9980504397,9980493688,28,2813
docs\inst_test\instancias\n_1000_10,100,10,15,20,0.2000,123,9980504397,9980493688,24,2813
docs\inst_test\instancias\n_1000_10,100,15,7,5,0.1000,2026,9980504397,9980493688,18,2813
docs\inst_test\instancias\n_1000_10,100,15,7,5,0.3000,42,9980504397,9980493688,16,2813
docs\inst_test\instancias\n_1000_10,100,15,7,5,0.3000,2026,9980504397,9980493688,16,2813
docs\inst_test\instancias\n_1000_10,100,10,15,20,0.3000,2026,9980504397,9980493688,27,2813
docs\inst_test\instancias\n_1000_10,100,10,15,20,0.3000,123,9980504397,9980493688,27,2813
docs\inst_test\instancias\n_1000_10,100,15,7,10,0.1000,2026,9980504397,9980493688,17,2813
docs\inst_test\instancias\n_1000_10,100,15,7,5,0.2000,2026,9980504397,9980493688,24,2813
docs\inst_test\instancias\n_1000_10,100,15,7,5,0.2000,42,9980504397,9980493688,28,2813
docs\inst_test\instancias\n_1000_10,100,15,7,5,0.1000,42,9980504397,9980493688,34,2813
docs\inst_test\instancias\n_1000_10,100,15,7,5,0.2000,123,9980504397,9980493688,29,2813
docs\inst_test\instancias\n_1000_10,100,15,7,5,0.3000,123,9980504397,9980493688,28,2813
docs\inst_test\instancias\n_1000_10,100,15,7,10,0.3000,42,9980504397,9980493688,14,2813
docs\inst_test\instancias\n_1000_10,100,15,7,5,0.1000,123,9980504397,9980493688,34,2813
docs\inst_test\instancias\n_1000_10,100,15,7,10,0.1000,42,9980504397,9980493688,25,2813
docs\inst_test\instancias\n_1000_10,100,15,7,10,0.3000,123,9980504397,9980493688,14,2813
docs\inst_test\instancias\n_1000_10,100,15,7,10,0.2000,2026,9980504397,9980493688,20,2813
docs\inst_test\instancias\n_1000_10,100,15,7,10,0.1000,123,9980504397,9980493688,32,2813
docs\inst_test\instancias\n_1000_10,100,15,7,10,0.2000,42,9980504397,9980493688,28,2813
docs\inst_test\instancias\n_1000_10,100,15,7,10,0.2000,123,9980504397,9980493688,28,2813
docs\inst_test\instancias\n_1000_10,100,15,7,20,0.2000,42,9980504397,9980493688,18,2813
docs\inst_test\instancias\n_1000_10,100,15,7,20,0.3000,123,9980504397,9980493688,14,2813
docs\inst_test\instancias\n_1000_10,100,15,7,20,0.2000,2026,9980504397,9980493688,17,2813
docs\inst_test\instancias\n_1000_10,100,15,10,5,0.1000,42,9980504397,9980493688,16,2813
docs\inst_test\instancias\n_1000_10,100,15,10,5,0.1000,123,9980504397,9980493688,16,2813
docs\inst_test\instancias\n_1000_10,100,15,7,10,0.3000,2026,9980504397,9980493688,27,2813
docs\inst_test\instancias\n_1000_10,100,15,7,20,0.1000,42,9980504397,9980493688,28,2813
docs\inst_test\instancias\n_1000_10,100,15,7,20,0.1000,123,9980504397,9980493688,28,2813
docs\inst_test\instancias\n_1000_10,100,15,7,20,0.1000,2026,9980504397,9980493688,27,2813
docs\inst_test\instancias\n_1000_10,100,15,7,20,0.2000,123,9980504397,9980493688,25,2813
docs\inst_test\instancias\n_1000_10,100,15,7,20,0.3000,42,9980504397,9980493688,27,2813
docs\inst_test\instancias\n_1000_10,100,15,7,20,0.3000,2026,9980504397,9980493688,26,2813
docs\inst_test\instancias\n_1000_10,100,15,10,5,0.2000,123,9980504397,9980493688,21,2813
docs\inst_test\instancias\n_1000_10,100,15,10,5,0.1000,2026,9980504397,9980493688,27,2813
docs\inst_test\instancias\n_1000_10,100,15,10,10,0.1000,123,9980504397,9980493688,15,2813
docs\inst_test\instancias\n_1000_10,100,15,10,5,0.3000,42,9980504397,9980493688,22,2813
docs\inst_test\instancias\n_1000_10,100,15,10,5,0.3000,123,9980504397,9980493688,24,2813
docs\inst_test\instancias\n_1000_10,100,15,10,10,0.3000,2026,9980504397,9980493688,15,2813
docs\inst_test\instancias\n_1000_10,100,15,10,10,0.3000,42,9980504397,9980493688,17,2813
docs\inst_test\instancias\n_1000_10,100,15,10,5,0.3000,2026,9980504397,9980493688,25,2813
docs\inst_test\instancias\n_1000_10,100,15,10,5,0.2000,42,9980504397,9980493688,35,2813
docs\inst_test\instancias\n_1000_10,100,15,10,5,0.2000,2026,9980504397,9980493688,35,2813
docs\inst_test\instancias\n_1000_10,100,15,10,20,0.1000,42,9980504397,9980493688,14,2813
docs\inst_test\instancias\n_1000_10,100,15,10,10,0.2000,2026,9980504397,9980493688,22,2813
docs\inst_test\instancias\n_1000_10,100,15,10,10,0.1000,42,9980504397,9980493688,27,2813
docs\inst_test\instancias\n_1000_10,100,15,10,10,0.1000,2026,9980504397,9980493688,28,2813
docs\inst_test\instancias\n_1000_10,100,15,10,20,0.1000,2026,9980504397,9980493688,15,2813
docs\inst_test\instancias\n_1000_10,100,15,10,10,0.2000,123,9980504397,9980493688,27,2813
docs\inst_test\instancias\n_1000_10,100,15,10,10,0.2000,42,9980504397,9980493688,33,2813
docs\inst_test\instancias\n_1000_10,100,15,10,10,0.3000,123,9980504397,9980493688,26,2813
docs\inst_test\instancias\n_1000_10,100,15,10,20,0.1000,123,9980504397,9980493688,22,2813
docs\inst_test\instancias\n_1000_10,100,15,10,20,0.2000,2026,9980504397,9980493688,15,2813
docs\inst_test\instancias\n_1000_10,100,15,15,5,0.1000,123,9980504397,9980493688,16,2813
docs\inst_test\instancias\n_1000_10,100,15,10,20,0.2000,42,9980504397,9980493688,24,2813
docs\inst_test\instancias\n_1000_10,100,15,10,20,0.3000,42,9980504397,9980493688,20,2813
docs\inst_test\instancias\n_1000_10,100,15,10,20,0.3000,123,9980504397,9980493688,23,2813
docs\inst_test\instancias\n_1000_10,100,15,15,5,0.2000,42,9980504397,9980493688,22,2813
docs\inst_test\instancias\n_1000_10,100,15,15,5,0.2000,123,9980504397,9980493688,18,2813
docs\inst_test\instancias\n_1000_10,100,15,10,20,0.2000,123,9980504397,9980493688,28,2813
docs\inst_test\instancias\n_1000_10,100,15,15,5,0.2000,2026,9980504397,9980493688,24,2813
docs\inst_test\instancias\n_1000_10,100,15,15,5,0.3000,123,9980504397,9980493688,20,2813
docs\inst_test\instancias\n_1000_10,100,15,15,5,0.1000,2026,9980504397,9980493688,29,2813
docs\inst_test\instancias\n_1000_10,100,15,10,20,0.3000,2026,9980504397,9980493688,31,2813
docs\inst_test\instancias\n_1000_10,100,15,15,10,0.1000,2026,9980504397,9980493688,15,2813
docs\inst_test\instancias\n_1000_10,100,15,15,5,0.3000,42,9980504397,9980493688,27,2813
docs\inst_test\instancias\n_1000_10,100,15,15,10,0.2000,42,9980504397,9980493688,15,2813
docs\inst_test\instancias\n_1000_10,100,15,15,5,0.1000,42,9980504397,9980493688,35,2813
docs\inst_test\instancias\n_1000_10,100,15,15,10,0.2000,2026,9980504397,9980493688,14,2813
docs\inst_test\instancias\n_1000_10,100,15,15,5,0.3000,2026,9980504397,9980493688,27,2813
docs\inst_test\instancias\n_1000_10,100,15,15,10,0.2000,123,9980504397,9980493688,23,2813
docs\inst_test\instancias\n_1000_10,100,15,15,10,0.1000,42,9980504397,9980493688,34,2813
docs\inst_test\instancias\n_1000_10,100,15,15,20,0.1000,123,9980504397,9980493688,15,2813
docs\inst_test\instancias\n_1000_10,100,15,15,10,0.1000,123,9980504397,9980493688,31,2813
docs\inst_test\instancias\n_1000_10,100,15,15,20,0.2000,42,9980504397,9980493688,15,2813
docs\inst_test\instancias\n_1000_10,100,15,15,10,0.3000,42,9980504397,9980493688,24,2813
docs\inst_test\instancias\n_1000_10,100,15,15,20,0.3000,42,9980504397,9980493688,16,2813
docs\inst_test\instancias\n_1000_10,100,15,15,20,0.2000,2026,9980504397,9980493688,17,2813
docs\inst_test\instancias\n_1000_10,100,15,15,10,0.3000,123,9980504397,9980493688,27,2813
docs\inst_test\instancias\n_1000_10,100,15,15,20,0.3000,2026,9980504397,9980493688,13,2813
docs\inst_test\instancias\n_1000_10,100,15,15,20,0.2000,123,9980504397,9980493688,20,2813
docs\inst_test\instancias\n_1000_10,100,15,15,10,0.3000,2026,9980504397,9980493688,30,2813
docs\inst_test\instancias\n_1000_10,100,15,15,20,0.1000,42,9980504397,9980493688,27,2813
docs\inst_test\instancias\n_1000_10,100,20,7,5,0.1000,42,9980504397,9980493688,21,2813
docs\inst_test\instancias\n_1000_10,100,15,15,20,0.1000,2026,9980504397,9980493688,28,2813
docs\inst_test\instancias\n_1000_10,100,20,7,5,0.1000,2026,9980504397,9980493688,17,2813
docs\inst_test\instancias\n_1000_10,100,20,7,10,0.1000,123,9980504397,9980493688,16,2813
docs\inst_test\instancias\n_1000_10,100,20,7,5,0.3000,2026,9980504397,9980493688,16,2813
docs\inst_test\instancias\n_1000_10,100,20,7,5,0.2000,123,9980504397,9980493688,20,2813
docs\inst_test\instancias\n_1000_10,100,15,15,20,0.3000,123,9980504397,9980493688,32,2813
docs\inst_test\instancias\n_1000_10,100,20,7,5,0.2000,42,9980504397,9980493688,22,2813
docs\inst_test\instancias\n_1000_10,100,20,7,5,0.2000,2026,9980504397,9980493688,22,2813
docs\inst_test\instancias\n_1000_10,100,20,7,5,0.3000,123,9980504397,9980493688,21,2813
docs\inst_test\instancias\n_1000_10,100,20,7,5,0.1000,123,9980504397,9980493688,29,2813
docs\inst_test\instancias\n_1000_10,100,20,7,10,0.2000,2026,9980504397,9980493688,16,2813
docs\inst_test\instancias\n_1000_10,100,20,7,5,0.3000,42,9980504397,9980493688,29,2813
docs\inst_test\instancias\n_1000_10,100,20,7,10,0.2000,123,9980504397,9980493688,21,2813
docs\inst_test\instancias\n_1000_10,100,20,7,10,0.3000,42,9980504397,9980493688,21,2813
docs\inst_test\instancias\n_1000_10,100,20,7,10,0.1000,2026,9980504397,9980493688,28,2813
docs\inst_test\instancias\n_1000_10,100,20,7,10,0.3000,123,9980504397,9980493688,18,2813
docs\inst_test\instancias\n_1000_10,100,20,7,10,0.3000,2026,9980504397,9980493688,15,2813
docs\inst_test\instancias\n_1000_10,100,20,7,20,0.2000,42,9980504397,9980493688,14,2813
docs\inst_test\instancias\n_1000_10,100,20,7,20,0.1000,42,9980504397,9980493688,18,2813
docs\inst_test\instancias\n_1000_10,100,20,7,10,0.2000,42,9980504397,9980493688,31,2813
docs\inst_test\instancias\n_1000_10,100,20,7,10,0.1000,42,9980504397,9980493688,37,2813
docs\inst_test\instancias\n_1000_10,100,20,7,20,0.1000,123,9980504397,9980493688,20,2813
docs\inst_test\instancias\n_1000_10,100,20,7,20,0.1000,2026,9980504397,9980493688,22,2813
docs\inst_test\instancias\n_1000_10,100,20,7,20,0.2000,2026,9980504397,9980493688,25,2813
docs\inst_test\instancias\n_1000_10,100,20,7,20,0.2000,123,9980504397,9980493688,26,2813
docs\inst_test\instancias\n_1000_10,100,20,7,20,0.3000,123,9980504397,9980493688,20,2813
docs\inst_test\instancias\n_1000_10,100,20,10,5,0.2000,123,9980504397,9980493688,16,2813
docs\inst_test\instancias\n_1000_10,100,20,7,20,0.3000,42,9980504397,9980493688,28,2813
docs\inst_test\instancias\n_1000_10,100,20,10,5,0.1000,2026,9980504397,9980493688,20,2813
docs\inst_test\instancias\n_1000_10,100,20,10,5,0.1000,123,9980504397,9980493688,23,2813
docs\inst_test\instancias\n_1000_10,100,20,10,5,0.1000,42,9980504397,9980493688,25,2813
docs\inst_test\instancias\n_1000_10,100,20,7,20,0.3000,2026,9980504397,9980493688,28,2813
docs\inst_test\instancias\n_1000_10,100,20,10,5,0.2000,2026,9980504397,9980493688,24,2813
docs\inst_test\instancias\n_1000_10,100,20,10,10,0.1000,123,9980504397,9980493688,16,2813
docs\inst_test\instancias\n_1000_10,100,20,10,5,0.2000,42,9980504397,9980493688,30,2813
docs\inst_test\instancias\n_1000_10,100,20,10,10,0.1000,42,9980504397,9980493688,24,2813
docs\inst_test\instancias\n_1000_10,100,20,10,10,0.2000,2026,9980504397,9980493688,15,2813
docs\inst_test\instancias\n_1000_10,100,20,10,10,0.1000,2026,9980504397,9980493688,20,2813
docs\inst_test\instancias\n_1000_10,100,20,10,10,0.2000,42,9980504397,9980493688,20,2813
docs\inst_test\instancias\n_1000_10,100,20,10,10,0.3000,42,9980504397,9980493688,16,2813
docs\inst_test\instancias\n_1000_10,100,20,10,5,0.3000,42,9980504397,9980493688,33,2813
docs\inst_test\instancias\n_1000_10,100,20,10,10,0.2000,123,9980504397,9980493688,21,2813
docs\inst_test\instancias\n_1000_10,100,20,10,5,0.3000,123,9980504397,9980493688,35,2813
docs\inst_test\instancias\n_1000_10,100,20,10,5,0.3000,2026,9980504397,9980493688,35,2813
docs\inst_test\instancias\n_1000_10,100,20,10,20,0.1000,42,9980504397,9980493688,20,2813
docs\inst_test\instancias\n_1000_10,100,20,10,10,0.3000,123,9980504397,9980493688,24,2813
docs\inst_test\instancias\n_1000_10,100,20,10,20,0.2000,2026,9980504397,9980493688,14,2813
docs\inst_test\instancias\n_1000_10,100,20,10,20,0.1000,123,9980504397,9980493688,22,2813
docs\inst_test\instancias\n_1000_10,100,20,10,20,0.2000,123,9980504397,9980493688,18,2813
docs\inst_test\instancias\n_1000_10,100,20,10,20,0.1000,2026,9980504397,9980493688,23,2813
docs\inst_test\instancias\n_1000_10,100,20,10,10,0.3000,2026,9980504397,9980493688,27,2813
docs\inst_test\instancias\n_1000_10,100,20,10,20,0.2000,42,9980504397,9980493688,24,2813
docs\inst_test\instancias\n_1000_10,100,20,10,20,0.3000,42,9980504397,9980493688,23,2813
docs\inst_test\instancias\n_1000_10,100,20,15,5,0.2000,123,9980504397,9980493688,18,2813
docs\inst_test\instancias\n_1000_10,100,20,10,20,0.3000,123,9980504397,9980493688,24,2813
docs\inst_test\instancias\n_1000_10,100,20,15,5,0.3000,123,9980504397,9980493688,15,2813
docs\inst_test\instancias\n_1000_10,100,20,10,20,0.3000,2026,9980504397,9980493688,26,2813
docs\inst_test\instancias\n_1000_10,100,20,15,5,0.1000,42,9980504397,9980493688,26,2813
docs\inst_test\instancias\n_1000_10,100,20,15,5,0.3000,2026,9980504397,9980493688,15,2813
docs\inst_test\instancias\n_1000_10,100,20,15,5,0.2000,2026,9980504397,9980493688,18,2813
docs\inst_test\instancias\n_1000_10,100,20,15,10,0.1000,42,9980504397,9980493688,15,2813
docs\inst_test\instancias\n_1000_10,100,20,15,5,0.1000,2026,9980504397,9980493688,30,2813
docs\inst_test\instancias\n_1000_10,100,20,15,5,0.1000,123,9980504397,9980493688,32,2813
docs\inst_test\instancias\n_1000_10,100,20,15,5,0.3000,42,9980504397,9980493688,28,2813
docs\inst_test\instancias\n_1000_10,100,20,15,5,0.2000,42,9980504397,9980493688,32,2813
docs\inst_test\instancias\n_1000_10,100,20,15,10,0.1000,123,9980504397,9980493688,26,2813
docs\inst_test\instancias\n_1000_10,100,20,15,10,0.1000,2026,9980504397,9980493688,25,2813
docs\inst_test\instancias\n_1000_10,100,20,15,10,0.3000,42,9980504397,9980493688,16,2813
docs\inst_test\instancias\n_1000_10,100,20,15,20,0.1000,42,9980504397,9980493688,14,2813
docs\inst_test\instancias\n_1000_10,100,20,15,10,0.2000,123,9980504397,9980493688,23,2813
docs\inst_test\instancias\n_1000_10,100,20,15,10,0.3000,123,9980504397,9980493688,20,2813
docs\inst_test\instancias\n_1000_10,100,20,15,10,0.2000,42,9980504397,9980493688,32,2813
docs\inst_test\instancias\n_1000_10,100,20,15,10,0.2000,2026,9980504397,9980493688,25,2813
docs\inst_test\instancias\n_1000_10,100,20,15,20,0.3000,123,9980504397,9980493688,14,2813
docs\inst_test\instancias\n_1000_10,100,20,15,10,0.3000,2026,9980504397,9980493688,27,2813
docs\inst_test\instancias\n_1000_10,100,20,15,20,0.2000,42,9980504397,9980493688,25,2813
docs\inst_test\instancias\n_1000_10,100,20,15,20,0.3000,2026,9980504397,9980493688,15,2813
docs\inst_test\instancias\n_1000_10,100,20,15,20,0.1000,123,9980504397,9980493688,28,2813
docs\inst_test\instancias\n_1000_10,100,20,15,20,0.1000,2026,9980504397,9980493688,28,2813
docs\inst_test\instancias\n_1000_10,100,20,15,20,0.2000,123,9980504397,9980493688,27,2813
docs\inst_test\instancias\n_1000_10,100,20,15,20,0.2000,2026,9980504397,9980493688,29,2813
docs\inst_test\instancias\n_1000_10,100,20,15,20,0.3000,42,9980504397,9980493688,27,2813
docs\inst_test\instancias\n_1000_10,300,10,7,5,0.1000,42,9980504397,9980493688,59,2813
docs\inst_test\instancias\n_1000_10,300,10,7,5,0.3000,123,9980504397,9980493688,49,2813
docs\inst_test\instancias\n_1000_10,300,10,7,10,0.1000,42,9980504529,9980493829,53,2813
docs\inst_test\instancias\n_1000_10,300,10,7,5,0.1000,123,9980504397,9980493688,73,2813
docs\inst_test\instancias\n_1000_10,300,10,7,5,0.2000,123,9980504397,9980493688,71,2813
docs\inst_test\instancias\n_1000_10,300,10,7,5,0.1000,2026,9980504650,9980493853,79,2813
docs\inst_test\instancias\n_1000_10,300,10,7,5,0.3000,42,9980504397,9980493688,71,2813
docs\inst_test\instancias\n_1000_10,300,10,7,10,0.2000,123,9980504397,9980493688,68,2813
docs\inst_test\instancias\n_1000_10,300,10,7,5,0.3000,2026,9980504397,9980493688,75,2813
docs\inst_test\instancias\n_1000_10,300,10,7,5,0.2000,2026,9980504397,9980493688,88,2813
docs\inst_test\instancias\n_1000_10,300,10,7,5,0.2000,42,9980504397,9980493688,92,2813
docs\inst_test\instancias\n_1000_10,300,10,7,10,0.1000,123,9980504397,9980493688,82,2813
docs\inst_test\instancias\n_1000_10,300,10,7,10,0.2000,42,9980504397,9980493688,84,2813
docs\inst_test\instancias\n_1000_10,300,10,7,10,0.1000,2026,9980504650,9980493853,87,2813
docs\inst_test\instancias\n_1000_10,300,10,7,10,0.3000,42,9980504397,9980493688,81,2813
docs\inst_test\instancias\n_1000_10,300,10,7,10,0.2000,2026,9980504397,9980493688,84,2813
docs\inst_test\instancias\n_1000_10,300,10,7,20,0.1000,42,9980504397,9980493688,49,2813
docs\inst_test\instancias\n_1000_10,300,10,7,10,0.3000,2026,9980504397,9980493688,58,2813
docs\inst_test\instancias\n_1000_10,300,10,7,20,0.1000,123,9980504397,9980493688,45,2813
docs\inst_test\instancias\n_1000_10,300,10,7,10,0.3000,123,9980504397,9980493688,71,2813
docs\inst_test\instancias\n_1000_10,300,10,7,20,0.3000,123,9980504397,9980493688,49,2813
docs\inst_test\instancias\n_1000_10,300,10,10,5,0.1000,123,9980504397,9980493688,56,2813
docs\inst_test\instancias\n_1000_10,300,10,7,20,0.1000,2026,9980504397,9980493688,83,2813
docs\inst_test\instancias\n_1000_10,300,10,10,5,0.1000,42,9980504397,9980493688,62,2813
docs\inst_test\instancias\n_1000_10,300,10,7,20,0.2000,123,9980504397,9980493688,78,2813
docs\inst_test\instancias\n_1000_10,300,10,7,20,0.3000,2026,9980504397,9980493688,64,2813
docs\inst_test\instancias\n_1000_10,300,10,10,5,0.2000,2026,9980504397,9980493688,49,2813
docs\inst_test\instancias\n_1000_10,300,10,7,20,0.3000,42,9980504397,9980493688,79,2813
docs\inst_test\instancias\n_1000_10,300,10,7,20,0.2000,42,9980504397,9980493688,93,2813
docs\inst_test\instancias\n_1000_10,300,10,7,20,0.2000,2026,9980504397,9980493688,87,2813
docs\inst_test\instancias\n_1000_10,300,10,10,5,0.3000,2026,9980504397,9980493688,55,2813
docs\inst_test\instancias\n_1000_10,300,10,10,5,0.2000,42,9980504397,9980493688,84,2813
docs\inst_test\instancias\n_1000_10,300,10,10,5,0.3000,123,9980504397,9980493688,72,2813
docs\inst_test\instancias\n_1000_10,300,10,10,5,0.1000,2026,9980504650,9980493853,93,2813
docs\inst_test\instancias\n_1000_10,300,10,10,5,0.2000,123,9980504397,9980493688,90,2813
docs\inst_test\instancias\n_1000_10,300,10,10,10,0.1000,2026,9980504650,9980493853,52,2813
docs\inst_test\instancias\n_1000_10,300,10,10,5,0.3000,42,9980504397,9980493688,95,2813
docs\inst_test\instancias\n_1000_10,300,10,10,10,0.3000,2026,9980504397,9980493688,43,2813
docs\inst_test\instancias\n_1000_10,300,10,10,10,0.1000,123,9980504397,9980493688,64,2813
docs\inst_test\instancias\n_1000_10,300,10,10,10,0.2000,123,9980504397,9980493688,61,2813
docs\inst_test\instancias\n_1000_10,300,10,10,10,0.2000,42,9980504397,9980493688,68,2813
docs\inst_test\instancias\n_1000_10,300,10,10,20,0.1000,123,9980504397,9980493688,44,2813
docs\inst_test\instancias\n_1000_10,300,10,10,10,0.3000,42,9980504397,9980493688,68,2813
docs\inst_test\instancias\n_1000_10,300,10,10,10,0.2000,2026,9980504397,9980493688,74,2813
docs\inst_test\instancias\n_1000_10,300,10,10,10,0.1000,42,9980504529,9980493829,89,2813
docs\inst_test\instancias\n_1000_10,300,10,10,10,0.3000,123,9980504397,9980493688,80,2813
docs\inst_test\instancias\n_1000_10,300,10,10,20,0.2000,2026,9980504397,9980493688,62,2813
docs\inst_test\instancias\n_1000_10,300,10,10,20,0.1000,42,9980504397,9980493688,85,2813
docs\inst_test\instancias\n_1000_10,300,10,10,20,0.2000,42,9980504397,9980493688,74,2813
docs\inst_test\instancias\n_1000_10,300,10,10,20,0.1000,2026,9980504397,9980493688,85,2813
docs\inst_test\instancias\n_1000_10,300,10,10,20,0.2000,123,9980504397,9980493688,82,2813
docs\inst_test\instancias\n_1000_10,300,10,10,20,0.3000,123,9980504397,9980493688,73,2813
docs\inst_test\instancias\n_1000_10,300,10,10,20,0.3000,2026,9980504397,9980493688,71,2813
docs\inst_test\instancias\n_1000_10,300,10,15,5,0.3000,42,9980504397,9980493688,55,2813
docs\inst_test\instancias\n_1000_10,300,10,10,20,0.3000,42,9980504397,9980493688,79,2813
docs\inst_test\instancias\n_1000_10,300,10,15,5,0.1000,42,9980504397,9980493688,73,2813
docs\inst_test\instancias\n_1000_10,300,10,15,5,0.1000,123,9980504397,9980493688,72,2813
docs\inst_test\instancias\n_1000_10,300,10,15,5,0.2000,2026,9980504397,9980493688,71,2813
docs\inst_test\instancias\n_1000_10,300,10,15,10,0.1000,42,9980504529,9980493829,51,2813
docs\inst_test\instancias\n_1000_10,300,10,15,5,0.1000,2026,9980504650,9980493853,84,2813
docs\inst_test\instancias\n_1000_10,300,10,15,5,0.2000,42,9980504397,9980493688,81,2813
docs\inst_test\instancias\n_1000_10,300,10,15,5,0.3000,123,9980504397,9980493688,67,2813
docs\inst_test\instancias\n_1000_10,300,10,15,5,0.2000,123,9980504397,9980493688,82,2813
docs\inst_test\instancias\n_1000_10,300,10,15,5,0.3000,2026,9980504397,9980493688,58,2813
docs\inst_test\instancias\n_1000_10,300,10,15,10,0.3000,2026,9980504397,9980493688,40,2813
docs\inst_test\instancias\n_1000_10,300,10,15,10,0.1000,123,9980504397,9980493688,69,2813
docs\inst_test\instancias\n_1000_10,300,10,15,10,0.3000,123,9980504397,9980493688,50,2813
docs\inst_test\instancias\n_1000_10,300,10,15,10,0.2000,42,9980504397,9980493688,71,2813
docs\inst_test\instancias\n_1000_10,300,10,15,20,0.1000,42,9980504397,9980493688,57,2813
docs\inst_test\instancias\n_1000_10,300,10,15,20,0.1000,2026,9980504397,9980493688,41,2813
docs\inst_test\instancias\n_1000_10,300,10,15,10,0.2000,123,9980504397,9980493688,64,2813
docs\inst_test\instancias\n_1000_10,300,10,15,10,0.2000,2026,9980504397,9980493688,67,2813
docs\inst_test\instancias\n_1000_10,300,10,15,20,0.3000,123,9980504397,9980493688,38,2813
docs\inst_test\instancias\n_1000_10,300,10,15,20,0.1000,123,9980504397,9980493688,50,2813
docs\inst_test\instancias\n_1000_10,300,10,15,10,0.1000,2026,9980504650,9980493853,86,2813
docs\inst_test\instancias\n_1000_10,300,10,15,10,0.3000,42,9980504397,9980493688,78,2813
docs\inst_test\instancias\n_1000_10,300,10,15,20,0.3000,2026,9980504397,9980493688,40,2813
docs\inst_test\instancias\n_1000_10,300,10,15,20,0.2000,2026,9980504397,9980493688,59,2813
docs\inst_test\instancias\n_1000_10,300,10,15,20,0.2000,123,9980504397,9980493688,68,2813
docs\inst_test\instancias\n_1000_10,300,10,15,20,0.2000,42,9980504397,9980493688,71,2813
docs\inst_test\instancias\n_1000_10,300,10,15,20,0.3000,42,9980504397,9980493688,70,2813
docs\inst_test\instancias\n_1000_10,300,15,7,5,0.1000,123,9980504397,9980493688,52,2813
docs\inst_test\instancias\n_1000_10,300,15,7,5,0.1000,42,9980504397,9980493688,64,2813
docs\inst_test\instancias\n_1000_10,300,15,7,5,0.3000,2026,9980504397,9980493688,45,2813
docs\inst_test\instancias\n_1000_10,300,15,7,10,0.1000,42,9980504529,9980493829,44,2813
docs\inst_test\instancias\n_1000_10,300,15,7,5,0.1000,2026,9980504650,9980493853,56,2813
docs\inst_test\instancias\n_1000_10,300,15,7,5,0.2000,123,9980504397,9980493688,54,2813
docs\inst_test\instancias\n_1000_10,300,15,7,5,0.3000,123,9980504397,9980493688,55,2813
docs\inst_test\instancias\n_1000_10,300,15,7,5,0.2000,42,9980504397,9980493688,71,2813
docs\inst_test\instancias\n_1000_10,300,15,7,5,0.3000,42,9980504397,9980493688,67,2813
docs\inst_test\instancias\n_1000_10,300,15,7,5,0.2000,2026,9980504397,9980493688,75,2813
docs\inst_test\instancias\n_1000_10,300,15,7,10,0.2000,42,9980504397,9980493688,55,2813
docs\inst_test\instancias\n_1000_10,300,15,7,10,0.1000,123,9980504397,9980493688,63,2813
docs\inst_test\instancias\n_1000_10,300,15,7,10,0.2000,123,9980504397,9980493688,52,2813
docs\inst_test\instancias\n_1000_10,300,15,7,10,0.3000,42,9980504397,9980493688,48,2813
docs\inst_test\instancias\n_1000_10,300,15,7,10,0.1000,2026,9980504650,9980493853,67,2813
docs\inst_test\instancias\n_1000_10,300,15,7,10,0.2000,2026,9980504397,9980493688,61,2813
docs\inst_test\instancias\n_1000_10,300,15,7,10,0.3000,123,9980504397,9980493688,51,2813
docs\inst_test\instancias\n_1000_10,300,15,7,20,0.1000,42,9980504397,9980493688,51,2813
docs\inst_test\instancias\n_1000_10,300,15,7,20,0.2000,42,9980504397,9980493688,52,2813
docs\inst_test\instancias\n_1000_10,300,15,7,10,0.3000,2026,9980504397,9980493688,62,2813
docs\inst_test\instancias\n_1000_10,300,15,7,20,0.3000,123,9980504397,9980493688,38,2813
docs\inst_test\instancias\n_1000_10,300,15,7,20,0.3000,2026,9980504397,9980493688,39,2813
docs\inst_test\instancias\n_1000_10,300,15,7,20,0.3000,42,9980504397,9980493688,50,2813
docs\inst_test\instancias\n_1000_10,300,15,7,20,0.1000,123,9980504397,9980493688,76,2813
docs\inst_test\instancias\n_1000_10,300,15,10,5,0.1000,123,9980504397,9980493688,51,2813
docs\inst_test\instancias\n_1000_10,300,15,7,20,0.1000,2026,9980504397,9980493688,79,2813
docs\inst_test\instancias\n_1000_10,300,15,7,20,0.2000,123,9980504397,9980493688,75,2813
docs\inst_test\instancias\n_1000_10,300,15,10,5,0.2000,123,9980504397,9980493688,46,2813
docs\inst_test\instancias\n_1000_10,300,15,10,5,0.1000,2026,9980504650,9980493853,61,2813
docs\inst_test\instancias\n_1000_10,300,15,10,5,0.2000,2026,9980504397,9980493688,52,2813
docs\inst_test\instancias\n_1000_10,300,15,7,20,0.2000,2026,9980504397,9980493688,76,2813
docs\inst_test\instancias\n_1000_10,300,15,10,5,0.1000,42,9980504397,9980493688,75,2813
docs\inst_test\instancias\n_1000_10,300,15,10,5,0.3000,2026,9980504397,9980493688,46,2813
docs\inst_test\instancias\n_1000_10,300,15,10,5,0.2000,42,9980504397,9980493688,71,2813
docs\inst_test\instancias\n_1000_10,300,15,10,5,0.3000,123,9980504397,9980493688,53,2813
docs\inst_test\instancias\n_1000_10,300,15,10,10,0.1000,42,9980504529,9980493829,62,2813
docs\inst_test\instancias\n_1000_10,300,15,10,5,0.3000,42,9980504397,9980493688,74,2813
docs\inst_test\instancias\n_1000_10,300,15,10,10,0.1000,123,9980504397,9980493688,58,2813
docs\inst_test\instancias\n_1000_10,300,15,10,10,0.1000,2026,9980504650,9980493853,58,2813
docs\inst_test\instancias\n_1000_10,300,15,10,10,0.3000,2026,9980504397,9980493688,39,2813
docs\inst_test\instancias\n_1000_10,300,15,10,10,0.2000,2026,9980504397,9980493688,55,2813
docs\inst_test\instancias\n_1000_10,300,15,10,10,0.3000,42,9980504397,9980493688,56,2813
docs\inst_test\instancias\n_1000_10,300,15,10,10,0.3000,123,9980504397,9980493688,52,2813
docs\inst_test\instancias\n_1000_10,300,15,10,20,0.1000,42,9980504397,9980493688,56,2813
docs\inst_test\instancias\n_1000_10,300,15,10,10,0.2000,42,9980504397,9980493688,72,2813
docs\inst_test\instancias\n_1000_10,300,15,10,10,0.2000,123,9980504397,9980493688,76,2813
docs\inst_test\instancias\n_1000_10,300,15,10,20,0.3000,42,9980504397,9980493688,40,2813
docs\inst_test\instancias\n_1000_10,300,15,10,20,0.1000,123,9980504397,9980493688,70,2813
docs\inst_test\instancias\n_1000_10,300,15,10,20,0.1000,2026,9980504397,9980493688,62,2813
docs\inst_test\instancias\n_1000_10,300,15,10,20,0.2000,123,9980504397,9980493688,60,2813
docs\inst_test\instancias\n_1000_10,300,15,10,20,0.2000,42,9980504397,9980493688,66,2813
docs\inst_test\instancias\n_1000_10,300,15,10,20,0.3000,123,9980504397,9980493688,48,2813
docs\inst_test\instancias\n_1000_10,300,15,10,20,0.3000,2026,9980504397,9980493688,47,2813
docs\inst_test\instancias\n_1000_10,300,15,10,20,0.2000,2026,9980504397,9980493688,75,2813
docs\inst_test\instancias\n_1000_10,300,15,15,5,0.1000,42,9980504397,9980493688,56,2813
docs\inst_test\instancias\n_1000_10,300,15,15,5,0.2000,42,9980504397,9980493688,54,2813
docs\inst_test\instancias\n_1000_10,300,15,15,5,0.2000,123,9980504397,9980493688,58,2813
docs\inst_test\instancias\n_1000_10,300,15,15,5,0.1000,2026,9980504650,9980493853,69,2813
docs\inst_test\instancias\n_1000_10,300,15,15,5,0.3000,2026,9980504397,9980493688,44,2813
docs\inst_test\instancias\n_1000_10,300,15,15,5,0.3000,123,9980504397,9980493688,53,2813
docs\inst_test\instancias\n_1000_10,300,15,15,5,0.2000,2026,9980504397,9980493688,63,2813
docs\inst_test\instancias\n_1000_10,300,15,15,5,0.1000,123,9980504397,9980493688,83,2813
docs\inst_test\instancias\n_1000_10,300,15,15,10,0.3000,42,9980504397,9980493688,40,2813
docs\inst_test\instancias\n_1000_10,300,15,15,10,0.2000,123,9980504397,9980493688,50,2813
docs\inst_test\instancias\n_1000_10,300,15,15,10,0.1000,123,9980504397,9980493688,60,2813
docs\inst_test\instancias\n_1000_10,300,15,15,10,0.1000,42,9980504529,9980493829,64,2813
docs\inst_test\instancias\n_1000_10,300,15,15,5,0.3000,42,9980504397,9980493688,77,2813
docs\inst_test\instancias\n_1000_10,300,15,15,10,0.3000,123,9980504397,9980493688,49,2813
docs\inst_test\instancias\n_1000_10,300,15,15,10,0.3000,2026,9980504397,9980493688,40,2813
docs\inst_test\instancias\n_1000_10,300,15,15,10,0.2000,42,9980504397,9980493688,63,2813
docs\inst_test\instancias\n_1000_10,300,15,15,10,0.1000,2026,9980504650,9980493853,73,2813
docs\inst_test\instancias\n_1000_10,300,15,15,20,0.1000,2026,9980504397,9980493688,42,2813
docs\inst_test\instancias\n_1000_10,300,15,15,10,0.2000,2026,9980504397,9980493688,80,2813
docs\inst_test\instancias\n_1000_10,300,15,15,20,0.2000,42,9980504397,9980493688,43,2813
docs\inst_test\instancias\n_1000_10,300,15,15,20,0.1000,42,9980504397,9980493688,73,2813
docs\inst_test\instancias\n_1000_10,300,15,15,20,0.1000,123,9980504397,9980493688,70,2813
docs\inst_test\instancias\n_1000_10,300,15,15,20,0.2000,2026,9980504397,9980493688,61,2813
docs\inst_test\instancias\n_1000_10,300,15,15,20,0.2000,123,9980504397,9980493688,63,2813
docs\inst_test\instancias\n_1000_10,300,15,15,20,0.3000,2026,9980504397,9980493688,53,2813
docs\inst_test\instancias\n_1000_10,300,20,7,5,0.1000,123,9980504397,9980493688,54,2813
docs\inst_test\instancias\n_1000_10,300,20,7,5,0.2000,42,9980504397,9980493688,56,2813
docs\inst_test\instancias\n_1000_10,300,20,7,5,0.1000,42,9980504397,9980493688,62,2813
docs\inst_test\instancias\n_1000_10,300,15,15,20,0.3000,42,9980504397,9980493688,67,2813
docs\inst_test\instancias\n_1000_10,300,15,15,20,0.3000,123,9980504397,9980493688,69,2813
docs\inst_test\instancias\n_1000_10,300,20,7,5,0.3000,123,9980504397,9980493688,45,2813
docs\inst_test\instancias\n_1000_10,300,20,7,5,0.2000,123,9980504397,9980493688,74,2813
docs\inst_test\instancias\n_1000_10,300,20,7,5,0.2000,2026,9980504397,9980493688,72,2813
docs\inst_test\instancias\n_1000_10,300,20,7,5,0.1000,2026,9980504650,9980493853,82,2813
docs\inst_test\instancias\n_1000_10,300,20,7,10,0.2000,42,9980504397,9980493688,42,2813
docs\inst_test\instancias\n_1000_10,300,20,7,10,0.1000,2026,9980504650,9980493853,42,2813
docs\inst_test\instancias\n_1000_10,300,20,7,10,0.1000,123,9980504397,9980493688,43,2813
docs\inst_test\instancias\n_1000_10,300,20,7,10,0.2000,2026,9980504397,9980493688,41,2813
docs\inst_test\instancias\n_1000_10,300,20,7,5,0.3000,2026,9980504397,9980493688,73,2813
docs\inst_test\instancias\n_1000_10,300,20,7,10,0.1000,42,9980504529,9980493829,61,2813
docs\inst_test\instancias\n_1000_10,300,20,7,5,0.3000,42,9980504397,9980493688,83,2813
docs\inst_test\instancias\n_1000_10,300,20,7,20,0.1000,42,9980504397,9980493688,48,2813
docs\inst_test\instancias\n_1000_10,300,20,7,10,0.3000,42,9980504397,9980493688,54,2813
docs\inst_test\instancias\n_1000_10,300,20,7,10,0.3000,123,9980504397,9980493688,56,2813
docs\inst_test\instancias\n_1000_10,300,20,7,20,0.1000,123,9980504397,9980493688,52,2813
docs\inst_test\instancias\n_1000_10,300,20,7,10,0.3000,2026,9980504397,9980493688,62,2813
docs\inst_test\instancias\n_1000_10,300,20,7,20,0.2000,2026,9980504397,9980493688,39,2813
docs\inst_test\instancias\n_1000_10,300,20,7,20,0.2000,123,9980504397,9980493688,43,2813
docs\inst_test\instancias\n_1000_10,300,20,7,10,0.2000,123,9980504397,9980493688,83,2813
docs\inst_test\instancias\n_1000_10,300,20,7,20,0.3000,2026,9980504397,9980493688,37,2813
docs\inst_test\instancias\n_1000_10,300,20,7,20,0.3000,42,9980504397,9980493688,51,2813
docs\inst_test\instancias\n_1000_10,300,20,7,20,0.2000,42,9980504397,9980493688,63,2813
docs\inst_test\instancias\n_1000_10,300,20,7,20,0.1000,2026,9980504397,9980493688,71,2813
docs\inst_test\instancias\n_1000_10,300,20,10,5,0.1000,2026,9980504650,9980493853,55,2813
docs\inst_test\instancias\n_1000_10,300,20,7,20,0.3000,123,9980504397,9980493688,74,2813
docs\inst_test\instancias\n_1000_10,300,20,10,5,0.1000,123,9980504397,9980493688,68,2813
docs\inst_test\instancias\n_1000_10,300,20,10,5,0.2000,123,9980504397,9980493688,57,2813
docs\inst_test\instancias\n_1000_10,300,20,10,5,0.2000,2026,9980504397,9980493688,57,2813
docs\inst_test\instancias\n_1000_10,300,20,10,5,0.3000,42,9980504397,9980493688,55,2813
docs\inst_test\instancias\n_1000_10,300,20,10,5,0.1000,42,9980504397,9980493688,80,2813
docs\inst_test\instancias\n_1000_10,300,20,10,10,0.1000,123,9980504397,9980493688,48,2813
docs\inst_test\instancias\n_1000_10,300,20,10,5,0.3000,2026,9980504397,9980493688,53,2813
docs\inst_test\instancias\n_1000_10,300,20,10,10,0.2000,123,9980504397,9980493688,41,2813
docs\inst_test\instancias\n_1000_10,300,20,10,10,0.1000,42,9980504529,9980493829,60,2813
docs\inst_test\instancias\n_1000_10,300,20,10,5,0.2000,42,9980504397,9980493688,84,2813
docs\inst_test\instancias\n_1000_10,300,20,10,5,0.3000,123,9980504397,9980493688,73,2813
docs\inst_test\instancias\n_1000_10,300,20,10,10,0.1000,2026,9980504650,9980493853,72,2813
docs\inst_test\instancias\n_1000_10,300,20,10,10,0.2000,2026,9980504397,9980493688,54,2813
docs\inst_test\instancias\n_1000_10,300,20,10,10,0.3000,2026,9980504397,9980493688,42,2813
docs\inst_test\instancias\n_1000_10,300,20,10,10,0.3000,123,9980504397,9980493688,50,2813
docs\inst_test\instancias\n_1000_10,300,20,10,20,0.1000,123,9980504397,9980493688,42,2813
docs\inst_test\instancias\n_1000_10,300,20,10,10,0.3000,42,9980504397,9980493688,65,2813
docs\inst_test\instancias\n_1000_10,300,20,10,10,0.2000,42,9980504397,9980493688,83,2813
docs\inst_test\instancias\n_1000_10,300,20,10,20,0.2000,2026,9980504397,9980493688,44,2813
docs\inst_test\instancias\n_1000_10,300,20,10,20,0.3000,42,9980504397,9980493688,44,2813
docs\inst_test\instancias\n_1000_10,300,20,10,20,0.3000,123,9980504397,9980493688,44,2813
docs\inst_test\instancias\n_1000_10,300,20,15,5,0.1000,42,9980504397,9980493688,47,2813
docs\inst_test\instancias\n_1000_10,300,20,10,20,0.3000,2026,9980504397,9980493688,57,2813
docs\inst_test\instancias\n_1000_10,300,20,15,5,0.1000,2026,9980504650,9980493853,48,2813
docs\inst_test\instancias\n_1000_10,300,20,10,20,0.1000,42,9980504397,9980493688,83,2813
docs\inst_test\instancias\n_1000_10,300,20,10,20,0.1000,2026,9980504397,9980493688,80,2813
docs\inst_test\instancias\n_1000_10,300,20,10,20,0.2000,42,9980504397,9980493688,80,2813
docs\inst_test\instancias\n_1000_10,300,20,10,20,0.2000,123,9980504397,9980493688,78,2813
docs\inst_test\instancias\n_1000_10,300,20,15,5,0.1000,123,9980504397,9980493688,57,2813
docs\inst_test\instancias\n_1000_10,300,20,15,5,0.2000,42,9980504397,9980493688,50,2813
docs\inst_test\instancias\n_1000_10,300,20,15,5,0.3000,123,9980504397,9980493688,50,2813
docs\inst_test\instancias\n_1000_10,300,20,15,5,0.3000,2026,9980504397,9980493688,55,2813
docs\inst_test\instancias\n_1000_10,300,20,15,5,0.2000,123,9980504397,9980493688,70,2813
docs\inst_test\instancias\n_1000_10,300,20,15,10,0.1000,123,9980504397,9980493688,51,2813
docs\inst_test\instancias\n_1000_10,300,20,15,10,0.1000,2026,9980504650,9980493853,42,2813
docs\inst_test\instancias\n_1000_10,300,20,15,5,0.2000,2026,9980504397,9980493688,78,2813
docs\inst_test\instancias\n_1000_10,300,20,15,10,0.2000,2026,9980504397,9980493688,41,2813
docs\inst_test\instancias\n_1000_10,300,20,15,10,0.2000,42,9980504397,9980493688,48,2813
docs\inst_test\instancias\n_1000_10,300,20,15,10,0.1000,42,9980504529,9980493829,70,2813
docs\inst_test\instancias\n_1000_10,300,20,15,20,0.1000,42,9980504397,9980493688,41,2813
docs\inst_test\instancias\n_1000_10,300,20,15,5,0.3000,42,9980504397,9980493688,80,2813
docs\inst_test\instancias\n_1000_10,300,20,15,10,0.3000,2026,9980504397,9980493688,47,2813
docs\inst_test\instancias\n_1000_10,300,20,15,10,0.3000,42,9980504397,9980493688,63,2813
docs\inst_test\instancias\n_1000_10,300,20,15,10,0.3000,123,9980504397,9980493688,67,2813
docs\inst_test\instancias\n_1000_10,300,20,15,20,0.3000,42,9980504397,9980493688,40,2813
docs\inst_test\instancias\n_1000_10,300,20,15,20,0.2000,123,9980504397,9980493688,43,2813
docs\inst_test\instancias\n_1000_10,300,20,15,20,0.1000,123,9980504397,9980493688,67,2813
docs\inst_test\instancias\n_1000_10,300,20,15,10,0.2000,123,9980504397,9980493688,79,2813
docs\inst_test\instancias\n_1000_10,300,20,15,20,0.3000,2026,9980504397,9980493688,39,2813
docs\inst_test\instancias\n_1000_10,300,20,15,20,0.1000,2026,9980504397,9980493688,65,2813
docs\inst_test\instancias\n_1000_10,300,20,15,20,0.2000,2026,9980504397,9980493688,55,2813
docs\inst_test\instancias\n_1000_10,300,20,15,20,0.2000,42,9980504397,9980493688,68,2813
docs\inst_test\instancias\n_1000_10,300,20,15,20,0.3000,123,9980504397,9980493688,61,2813
docs\inst_test\instancias\n_1000_10,500,10,7,5,0.1000,42,9980504397,9980493688,92,2813
docs\inst_test\instancias\n_1000_10,500,10,7,5,0.1000,2026,9980504819,9980493916,116,2813
docs\inst_test\instancias\n_1000_10,500,10,7,5,0.1000,123,9980504397,9980493688,118,2813
docs\inst_test\instancias\n_1000_10,500,10,7,5,0.3000,2026,9980504397,9980493688,92,2813
docs\inst_test\instancias\n_1000_10,500,10,7,5,0.3000,42,9980504397,9980493688,97,2813
docs\inst_test\instancias\n_1000_10,500,10,7,5,0.3000,123,9980504397,9980493688,96,2813
docs\inst_test\instancias\n_1000_10,500,10,7,5,0.2000,123,9980504397,9980493688,116,2813
docs\inst_test\instancias\n_1000_10,500,10,7,5,0.2000,2026,9980504397,9980493688,103,2813
docs\inst_test\instancias\n_1000_10,500,10,7,10,0.3000,42,9980504397,9980493688,67,2813
docs\inst_test\instancias\n_1000_10,500,10,7,10,0.1000,42,9980504529,9980493829,96,2813
docs\inst_test\instancias\n_1000_10,500,10,7,10,0.2000,42,9980504397,9980493688,90,2813
docs\inst_test\instancias\n_1000_10,500,10,7,5,0.2000,42,9980504397,9980493688,132,2813
docs\inst_test\instancias\n_1000_10,500,10,7,10,0.2000,123,9980504397,9980493688,104,2813
docs\inst_test\instancias\n_1000_10,500,10,7,10,0.2000,2026,9980504397,9980493688,100,2813
docs\inst_test\instancias\n_1000_10,500,10,7,10,0.1000,123,9980504397,9980493688,121,2813
docs\inst_test\instancias\n_1000_10,500,10,7,10,0.1000,2026,9980504650,9980493853,117,2813
docs\inst_test\instancias\n_1000_10,500,10,7,10,0.3000,123,9980504397,9980493688,74,2813
docs\inst_test\instancias\n_1000_10,500,10,7,10,0.3000,2026,9980504397,9980493688,68,2813
docs\inst_test\instancias\n_1000_10,500,10,7,20,0.2000,42,9980504397,9980493688,68,2813
docs\inst_test\instancias\n_1000_10,500,10,7,20,0.2000,2026,9980504397,9980493688,68,2813
docs\inst_test\instancias\n_1000_10,500,10,10,5,0.1000,42,9980504397,9980493688,78,2813
docs\inst_test\instancias\n_1000_10,500,10,7,20,0.3000,123,9980504397,9980493688,88,2813
docs\inst_test\instancias\n_1000_10,500,10,7,20,0.2000,123,9980504397,9980493688,95,2813
docs\inst_test\instancias\n_1000_10,500,10,7,20,0.1000,2026,9980504650,9980493853,106,2813
docs\inst_test\instancias\n_1000_10,500,10,7,20,0.3000,42,9980504397,9980493688,104,2813
docs\inst_test\instancias\n_1000_10,500,10,7,20,0.1000,123,9980504397,9980493688,112,2813
docs\inst_test\instancias\n_1000_10,500,10,7,20,0.3000,2026,9980504397,9980493688,107,2813
docs\inst_test\instancias\n_1000_10,500,10,7,20,0.1000,42,9980504529,9980493829,124,2813
docs\inst_test\instancias\n_1000_10,500,10,10,5,0.1000,2026,9980504819,9980493916,95,2813
docs\inst_test\instancias\n_1000_10,500,10,10,5,0.2000,123,9980504397,9980493688,92,2813
docs\inst_test\instancias\n_1000_10,500,10,10,5,0.3000,123,9980504397,9980493688,74,2813
docs\inst_test\instancias\n_1000_10,500,10,10,5,0.2000,42,9980504397,9980493688,118,2813
docs\inst_test\instancias\n_1000_10,500,10,10,5,0.1000,123,9980504397,9980493688,128,2813
docs\inst_test\instancias\n_1000_10,500,10,10,5,0.2000,2026,9980504397,9980493688,114,2813
docs\inst_test\instancias\n_1000_10,500,10,10,10,0.2000,42,9980504397,9980493688,74,2813
docs\inst_test\instancias\n_1000_10,500,10,10,5,0.3000,2026,9980504397,9980493688,113,2813
docs\inst_test\instancias\n_1000_10,500,10,10,10,0.1000,42,9980504529,9980493829,92,2813
docs\inst_test\instancias\n_1000_10,500,10,10,5,0.3000,42,9980504397,9980493688,120,2813
docs\inst_test\instancias\n_1000_10,500,10,10,10,0.1000,123,9980504397,9980493688,105,2813
docs\inst_test\instancias\n_1000_10,500,10,10,10,0.3000,2026,9980504397,9980493688,79,2813
docs\inst_test\instancias\n_1000_10,500,10,10,10,0.2000,123,9980504397,9980493688,98,2813
docs\inst_test\instancias\n_1000_10,500,10,10,10,0.1000,2026,9980504650,9980493853,112,2813
docs\inst_test\instancias\n_1000_10,500,10,10,10,0.3000,42,9980504397,9980493688,99,2813
docs\inst_test\instancias\n_1000_10,500,10,10,20,0.1000,123,9980504397,9980493688,73,2813
docs\inst_test\instancias\n_1000_10,500,10,10,20,0.1000,42,9980504529,9980493829,94,2813
docs\inst_test\instancias\n_1000_10,500,10,10,10,0.2000,2026,9980504397,9980493688,116,2813
docs\inst_test\instancias\n_1000_10,500,10,10,20,0.2000,42,9980504397,9980493688,78,2813
docs\inst_test\instancias\n_1000_10,500,10,10,10,0.3000,123,9980504397,9980493688,109,2813
docs\inst_test\instancias\n_1000_10,500,10,10,20,0.3000,42,9980504397,9980493688,63,2813
docs\inst_test\instancias\n_1000_10,500,10,10,20,0.2000,2026,9980504397,9980493688,76,2813
docs\inst_test\instancias\n_1000_10,500,10,10,20,0.2000,123,9980504397,9980493688,100,2813
docs\inst_test\instancias\n_1000_10,500,10,10,20,0.3000,123,9980504397,9980493688,81,2813
docs\inst_test\instancias\n_1000_10,500,10,10,20,0.1000,2026,9980504650,9980493853,119,2813
docs\inst_test\instancias\n_1000_10,500,10,10,20,0.3000,2026,9980504397,9980493688,110,2813
docs\inst_test\instancias\n_1000_10,500,10,15,5,0.1000,2026,9980504819,9980493916,96,2813
docs\inst_test\instancias\n_1000_10,500,10,15,5,0.2000,2026,9980504397,9980493688,84,2813
docs\inst_test\instancias\n_1000_10,500,10,15,10,0.1000,42,9980504529,9980493829,76,2813
docs\inst_test\instancias\n_1000_10,500,10,15,5,0.2000,123,9980504397,9980493688,93,2813
docs\inst_test\instancias\n_1000_10,500,10,15,5,0.1000,42,9980504397,9980493688,112,2813
docs\inst_test\instancias\n_1000_10,500,10,15,10,0.1000,123,9980504397,9980493688,72,2813
docs\inst_test\instancias\n_1000_10,500,10,15,10,0.2000,42,9980504397,9980493688,74,2813
docs\inst_test\instancias\n_1000_10,500,10,15,5,0.3000,42,9980504397,9980493688,115,2813
docs\inst_test\instancias\n_1000_10,500,10,15,5,0.1000,123,9980504397,9980493688,133,2813
docs\inst_test\instancias\n_1000_10,500,10,15,5,0.2000,42,9980504397,9980493688,131,2813
docs\inst_test\instancias\n_1000_10,500,10,15,10,0.2000,123,9980504397,9980493688,82,2813
docs\inst_test\instancias\n_1000_10,500,10,15,10,0.2000,2026,9980504397,9980493688,79,2813
docs\inst_test\instancias\n_1000_10,500,10,15,5,0.3000,2026,9980504397,9980493688,120,2813
docs\inst_test\instancias\n_1000_10,500,10,15,5,0.3000,123,9980504397,9980493688,132,2813
docs\inst_test\instancias\n_1000_10,500,10,15,10,0.1000,2026,9980504650,9980493853,110,2813
docs\inst_test\instancias\n_1000_10,500,10,15,10,0.3000,123,9980504397,9980493688,68,2813
docs\inst_test\instancias\n_1000_10,500,10,15,20,0.1000,123,9980504397,9980493688,71,2813
docs\inst_test\instancias\n_1000_10,500,10,15,10,0.3000,42,9980504397,9980493688,94,2813
docs\inst_test\instancias\n_1000_10,500,10,15,20,0.1000,2026,9980504650,9980493853,81,2813
docs\inst_test\instancias\n_1000_10,500,10,15,20,0.2000,2026,9980504397,9980493688,66,2813
docs\inst_test\instancias\n_1000_10,500,10,15,20,0.2000,42,9980504397,9980493688,91,2813
docs\inst_test\instancias\n_1000_10,500,10,15,20,0.3000,42,9980504397,9980493688,86,2813
docs\inst_test\instancias\n_1000_10,500,10,15,20,0.1000,42,9980504529,9980493829,120,2813
docs\inst_test\instancias\n_1000_10,500,10,15,10,0.3000,2026,9980504397,9980493688,131,2813
docs\inst_test\instancias\n_1000_10,500,15,7,5,0.1000,42,9980504397,9980493688,91,2813
docs\inst_test\instancias\n_1000_10,500,10,15,20,0.3000,123,9980504397,9980493688,100,2813
docs\inst_test\instancias\n_1000_10,500,10,15,20,0.3000,2026,9980504397,9980493688,100,2813
docs\inst_test\instancias\n_1000_10,500,10,15,20,0.2000,123,9980504397,9980493688,121,2813
docs\inst_test\instancias\n_1000_10,500,15,7,5,0.2000,42,9980504397,9980493688,90,2813
docs\inst_test\instancias\n_1000_10,500,15,7,5,0.1000,2026,9980504819,9980493916,103,2813
docs\inst_test\instancias\n_1000_10,500,15,7,5,0.1000,123,9980504397,9980493688,116,2813
docs\inst_test\instancias\n_1000_10,500,15,7,5,0.3000,42,9980504397,9980493688,79,2813
docs\inst_test\instancias\n_1000_10,500,15,7,5,0.3000,2026,9980504397,9980493688,73,2813
docs\inst_test\instancias\n_1000_10,500,15,7,5,0.2000,123,9980504397,9980493688,120,2813
docs\inst_test\instancias\n_1000_10,500,15,7,5,0.2000,2026,9980504397,9980493688,117,2813
docs\inst_test\instancias\n_1000_10,500,15,7,10,0.1000,42,9980504529,9980493829,94,2813
docs\inst_test\instancias\n_1000_10,500,15,7,10,0.2000,123,9980504397,9980493688,71,2813
docs\inst_test\instancias\n_1000_10,500,15,7,5,0.3000,123,9980504397,9980493688,125,2813
docs\inst_test\instancias\n_1000_10,500,15,7,10,0.2000,42,9980504397,9980493688,86,2813
docs\inst_test\instancias\n_1000_10,500,15,7,10,0.1000,123,9980504397,9980493688,113,2813
docs\inst_test\instancias\n_1000_10,500,15,7,10,0.2000,2026,9980504397,9980493688,95,2813
docs\inst_test\instancias\n_1000_10,500,15,7,10,0.3000,123,9980504397,9980493688,83,2813
docs\inst_test\instancias\n_1000_10,500,15,7,10,0.1000,2026,9980504650,9980493853,112,2813
docs\inst_test\instancias\n_1000_10,500,15,7,10,0.3000,2026,9980504397,9980493688,85,2813
docs\inst_test\instancias\n_1000_10,500,15,7,20,0.1000,42,9980504529,9980493829,82,2813
docs\inst_test\instancias\n_1000_10,500,15,7,20,0.2000,2026,9980504397,9980493688,69,2813
docs\inst_test\instancias\n_1000_10,500,15,7,10,0.3000,42,9980504397,9980493688,116,2813
docs\inst_test\instancias\n_1000_10,500,15,7,20,0.2000,123,9980504397,9980493688,85,2813
docs\inst_test\instancias\n_1000_10,500,15,7,20,0.1000,123,9980504397,9980493688,110,2813
docs\inst_test\instancias\n_1000_10,500,15,7,20,0.2000,42,9980504397,9980493688,103,2813
docs\inst_test\instancias\n_1000_10,500,15,7,20,0.3000,42,9980504397,9980493688,73,2813
docs\inst_test\instancias\n_1000_10,500,15,7,20,0.3000,123,9980504397,9980493688,73,2813
docs\inst_test\instancias\n_1000_10,500,15,7,20,0.1000,2026,9980504650,9980493853,123,2813
docs\inst_test\instancias\n_1000_10,500,15,7,20,0.3000,2026,9980504397,9980493688,93,2813
docs\inst_test\instancias\n_1000_10,500,15,10,5,0.2000,42,9980504397,9980493688,89,2813
docs\inst_test\instancias\n_1000_10,500,15,10,5,0.3000,42,9980504397,9980493688,89,2813
docs\inst_test\instancias\n_1000_10,500,15,10,5,0.1000,42,9980504397,9980493688,118,2813
docs\inst_test\instancias\n_1000_10,500,15,10,5,0.1000,123,9980504397,9980493688,104,2813
docs\inst_test\instancias\n_1000_10,500,15,10,5,0.2000,2026,9980504397,9980493688,97,2813
docs\inst_test\instancias\n_1000_10,500,15,10,5,0.3000,2026,9980504397,9980493688,78,2813
docs\inst_test\instancias\n_1000_10,500,15,10,5,0.1000,2026,9980504819,9980493916,110,2813
docs\inst_test\instancias\n_1000_10,500,15,10,10,0.1000,123,9980504397,9980493688,80,2813
docs\inst_test\instancias\n_1000_10,500,15,10,10,0.2000,42,9980504397,9980493688,86,2813
docs\inst_test\instancias\n_1000_10,500,15,10,10,0.2000,123,9980504397,9980493688,81,2813
docs\inst_test\instancias\n_1000_10,500,15,10,10,0.1000,42,9980504529,9980493829,92,2813
docs\inst_test\instancias\n_1000_10,500,15,10,5,0.2000,123,9980504397,9980493688,133,2813
docs\inst_test\instancias\n_1000_10,500,15,10,5,0.3000,123,9980504397,9980493688,109,2813
docs\inst_test\instancias\n_1000_10,500,15,10,10,0.1000,2026,9980504650,9980493853,99,2813
docs\inst_test\instancias\n_1000_10,500,15,10,10,0.2000,2026,9980504397,9980493688,109,2813
docs\inst_test\instancias\n_1000_10,500,15,10,10,0.3000,123,9980504397,9980493688,89,2813
docs\inst_test\instancias\n_1000_10,500,15,10,20,0.1000,123,9980504397,9980493688,84,2813
docs\inst_test\instancias\n_1000_10,500,15,10,10,0.3000,2026,9980504397,9980493688,93,2813
docs\inst_test\instancias\n_1000_10,500,15,10,10,0.3000,42,9980504397,9980493688,117,2813
docs\inst_test\instancias\n_1000_10,500,15,10,20,0.3000,42,9980504397,9980493688,67,2813
docs\inst_test\instancias\n_1000_10,500,15,10,20,0.2000,123,9980504397,9980493688,88,2813
docs\inst_test\instancias\n_1000_10,500,15,10,20,0.1000,42,9980504529,9980493829,101,2813
docs\inst_test\instancias\n_1000_10,500,15,10,20,0.2000,2026,9980504397,9980493688,87,2813
docs\inst_test\instancias\n_1000_10,500,15,10,20,0.1000,2026,9980504650,9980493853,106,2813
docs\inst_test\instancias\n_1000_10,500,15,10,20,0.3000,123,9980504397,9980493688,84,2813
docs\inst_test\instancias\n_1000_10,500,15,10,20,0.2000,42,9980504397,9980493688,106,2813
docs\inst_test\instancias\n_1000_10,500,15,15,5,0.1000,2026,9980504819,9980493916,103,2813
docs\inst_test\instancias\n_1000_10,500,15,15,5,0.1000,42,9980504397,9980493688,105,2813
docs\inst_test\instancias\n_1000_10,500,15,10,20,0.3000,2026,9980504397,9980493688,112,2813
docs\inst_test\instancias\n_1000_10,500,15,15,5,0.1000,123,9980504397,9980493688,129,2813
docs\inst_test\instancias\n_1000_10,500,15,15,10,0.1000,123,9980504397,9980493688,71,2813
docs\inst_test\instancias\n_1000_10,500,15,15,5,0.2000,2026,9980504397,9980493688,91,2813
docs\inst_test\instancias\n_1000_10,500,15,15,5,0.2000,123,9980504397,9980493688,101,2813
docs\inst_test\instancias\n_1000_10,500,15,15,5,0.3000,42,9980504397,9980493688,93,2813
docs\inst_test\instancias\n_1000_10,500,15,15,10,0.1000,2026,9980504650,9980493853,79,2813
docs\inst_test\instancias\n_1000_10,500,15,15,5,0.2000,42,9980504397,9980493688,124,2813
docs\inst_test\instancias\n_1000_10,500,15,15,10,0.2000,42,9980504397,9980493688,88,2813
docs\inst_test\instancias\n_1000_10,500,15,15,5,0.3000,123,9980504397,9980493688,114,2813
docs\inst_test\instancias\n_1000_10,500,15,15,5,0.3000,2026,9980504397,9980493688,116,2813
docs\inst_test\instancias\n_1000_10,500,15,15,10,0.3000,42,9980504397,9980493688,71,2813
docs\inst_test\instancias\n_1000_10,500,15,15,10,0.1000,42,9980504529,9980493829,119,2813
docs\inst_test\instancias\n_1000_10,500,15,15,10,0.2000,123,9980504397,9980493688,109,2813
docs\inst_test\instancias\n_1000_10,500,15,15,10,0.3000,123,9980504397,9980493688,80,2813
docs\inst_test\instancias\n_1000_10,500,15,15,10,0.2000,2026,9980504397,9980493688,112,2813
docs\inst_test\instancias\n_1000_10,500,15,15,10,0.3000,2026,9980504397,9980493688,111,2813
docs\inst_test\instancias\n_1000_10,500,15,15,20,0.1000,2026,9980504650,9980493853,80,2813
docs\inst_test\instancias\n_1000_10,500,15,15,20,0.2000,2026,9980504397,9980493688,77,2813
docs\inst_test\instancias\n_1000_10,500,15,15,20,0.2000,123,9980504397,9980493688,81,2813
docs\inst_test\instancias\n_1000_10,500,15,15,20,0.2000,42,9980504397,9980493688,88,2813
docs\inst_test\instancias\n_1000_10,500,15,15,20,0.1000,123,9980504397,9980493688,97,2813
docs\inst_test\instancias\n_1000_10,500,15,15,20,0.3000,2026,9980504397,9980493688,67,2813
docs\inst_test\instancias\n_1000_10,500,15,15,20,0.1000,42,9980504529,9980493829,108,2813
docs\inst_test\instancias\n_1000_10,500,15,15,20,0.3000,42,9980504397,9980493688,100,2813
docs\inst_test\instancias\n_1000_10,500,20,7,5,0.1000,2026,9980504819,9980493916,79,2813
docs\inst_test\instancias\n_1000_10,500,15,15,20,0.3000,123,9980504397,9980493688,99,2813
docs\inst_test\instancias\n_1000_10,500,20,7,5,0.1000,123,9980504397,9980493688,104,2813
docs\inst_test\instancias\n_1000_10,500,20,7,5,0.2000,42,9980504397,9980493688,108,2813
docs\inst_test\instancias\n_1000_10,500,20,7,5,0.1000,42,9980504397,9980493688,120,2813
docs\inst_test\instancias\n_1000_10,500,20,7,10,0.1000,42,9980504529,9980493829,72,2813
docs\inst_test\instancias\n_1000_10,500,20,7,5,0.2000,123,9980504397,9980493688,123,2813
docs\inst_test\instancias\n_1000_10,500,20,7,5,0.3000,123,9980504397,9980493688,93,2813
docs\inst_test\instancias\n_1000_10,500,20,7,5,0.3000,2026,9980504397,9980493688,98,2813
docs\inst_test\instancias\n_1000_10,500,20,7,5,0.3000,42,9980504397,9980493688,107,2813
docs\inst_test\instancias\n_1000_10,500,20,7,10,0.3000,42,9980504397,9980493688,66,2813
docs\inst_test\instancias\n_1000_10,500,20,7,5,0.2000,2026,9980504397,9980493688,144,2813
docs\inst_test\instancias\n_1000_10,500,20,7,10,0.1000,2026,9980504650,9980493853,105,2813
docs\inst_test\instancias\n_1000_10,500,20,7,10,0.1000,123,9980504397,9980493688,109,2813
docs\inst_test\instancias\n_1000_10,500,20,7,10,0.2000,42,9980504397,9980493688,109,2813
docs\inst_test\instancias\n_1000_10,500,20,7,10,0.3000,2026,9980504397,9980493688,66,2813
docs\inst_test\instancias\n_1000_10,500,20,7,10,0.2000,123,9980504397,9980493688,113,2813
docs\inst_test\instancias\n_1000_10,500,20,7,20,0.1000,42,9980504529,9980493829,68,2813
docs\inst_test\instancias\n_1000_10,500,20,7,20,0.1000,2026,9980504650,9980493853,68,2813
docs\inst_test\instancias\n_1000_10,500,20,7,10,0.2000,2026,9980504397,9980493688,117,2813
docs\inst_test\instancias\n_1000_10,500,20,7,10,0.3000,123,9980504397,9980493688,112,2813
docs\inst_test\instancias\n_1000_10,500,20,7,20,0.3000,123,9980504397,9980493688,63,2813
docs\inst_test\instancias\n_1000_10,500,20,7,20,0.1000,123,9980504397,9980493688,110,2813
docs\inst_test\instancias\n_1000_10,500,20,7,20,0.2000,123,9980504397,9980493688,100,2813
docs\inst_test\instancias\n_1000_10,500,20,7,20,0.3000,2026,9980504397,9980493688,83,2813
docs\inst_test\instancias\n_1000_10,500,20,7,20,0.2000,42,9980504397,9980493688,108,2813
docs\inst_test\instancias\n_1000_10,500,20,7,20,0.2000,2026,9980504397,9980493688,99,2813
docs\inst_test\instancias\n_1000_10,500,20,7,20,0.3000,42,9980504397,9980493688,100,2813
docs\inst_test\instancias\n_1000_10,500,20,10,5,0.1000,42,9980504397,9980493688,110,2813
docs\inst_test\instancias\n_1000_10,500,20,10,5,0.2000,42,9980504397,9980493688,109,2813
docs\inst_test\instancias\n_1000_10,500,20,10,5,0.2000,123,9980504397,9980493688,104,2813
docs\inst_test\instancias\n_1000_10,500,20,10,5,0.1000,123,9980504397,9980493688,118,2813
docs\inst_test\instancias\n_1000_10,500,20,10,5,0.2000,2026,9980504397,9980493688,100,2813
docs\inst_test\instancias\n_1000_10,500,20,10,5,0.3000,123,9980504397,9980493688,99,2813
docs\inst_test\instancias\n_1000_10,500,20,10,5,0.1000,2026,9980504819,9980493916,125,2813
docs\inst_test\instancias\n_1000_10,500,20,10,5,0.3000,42,9980504397,9980493688,111,2813
docs\inst_test\instancias\n_1000_10,500,20,10,5,0.3000,2026,9980504397,9980493688,110,2813
docs\inst_test\instancias\n_1000_10,500,20,10,10,0.1000,42,9980504529,9980493829,105,2813
docs\inst_test\instancias\n_1000_10,500,20,10,10,0.1000,2026,9980504650,9980493853,82,2813
docs\inst_test\instancias\n_1000_10,500,20,10,10,0.2000,42,9980504397,9980493688,87,2813
docs\inst_test\instancias\n_1000_10,500,20,10,10,0.3000,42,9980504397,9980493688,79,2813
docs\inst_test\instancias\n_1000_10,500,20,10,10,0.1000,123,9980504397,9980493688,105,2813
docs\inst_test\instancias\n_1000_10,500,20,10,10,0.2000,2026,9980504397,9980493688,88,2813
docs\inst_test\instancias\n_1000_10,500,20,10,20,0.1000,123,9980504397,9980493688,81,2813
docs\inst_test\instancias\n_1000_10,500,20,10,10,0.3000,2026,9980504397,9980493688,87,2813
docs\inst_test\instancias\n_1000_10,500,20,10,10,0.2000,123,9980504397,9980493688,126,2813
docs\inst_test\instancias\n_1000_10,500,20,10,20,0.1000,42,9980504529,9980493829,89,2813
docs\inst_test\instancias\n_1000_10,500,20,10,20,0.2000,123,9980504397,9980493688,82,2813
docs\inst_test\instancias\n_1000_10,500,20,10,20,0.2000,42,9980504397,9980493688,87,2813
docs\inst_test\instancias\n_1000_10,500,20,10,10,0.3000,123,9980504397,9980493688,110,2813
docs\inst_test\instancias\n_1000_10,500,20,10,20,0.3000,123,9980504397,9980493688,72,2813
docs\inst_test\instancias\n_1000_10,500,20,10,20,0.1000,2026,9980504650,9980493853,110,2813
docs\inst_test\instancias\n_1000_10,500,20,10,20,0.3000,42,9980504397,9980493688,95,2813
docs\inst_test\instancias\n_1000_10,500,20,10,20,0.2000,2026,9980504397,9980493688,105,2813
docs\inst_test\instancias\n_1000_10,500,20,15,5,0.1000,2026,9980504819,9980493916,80,2813
docs\inst_test\instancias\n_1000_10,500,20,10,20,0.3000,2026,9980504397,9980493688,103,2813
docs\inst_test\instancias\n_1000_10,500,20,15,5,0.2000,42,9980504397,9980493688,90,2813
docs\inst_test\instancias\n_1000_10,500,20,15,5,0.1000,42,9980504397,9980493688,131,2813
docs\inst_test\instancias\n_1000_10,500,20,15,10,0.1000,2026,9980504650,9980493853,71,2813
docs\inst_test\instancias\n_1000_10,500,20,15,5,0.3000,123,9980504397,9980493688,92,2813
docs\inst_test\instancias\n_1000_10,500,20,15,5,0.1000,123,9980504397,9980493688,136,2813
docs\inst_test\instancias\n_1000_10,500,20,15,5,0.3000,42,9980504397,9980493688,98,2813
docs\inst_test\instancias\n_1000_10,500,20,15,10,0.1000,123,9980504397,9980493688,89,2813
docs\inst_test\instancias\n_1000_10,500,20,15,5,0.2000,2026,9980504397,9980493688,106,2813
docs\inst_test\instancias\n_1000_10,500,20,15,10,0.2000,42,9980504397,9980493688,78,2813
docs\inst_test\instancias\n_1000_10,500,20,15,5,0.2000,123,9980504397,9980493688,109,2813
docs\inst_test\instancias\n_1000_10,500,20,15,5,0.3000,2026,9980504397,9980493688,112,2813
docs\inst_test\instancias\n_1000_10,500,20,15,10,0.2000,123,9980504397,9980493688,93,2813
docs\inst_test\instancias\n_1000_10,500,20,15,10,0.1000,42,9980504529,9980493829,121,2813
docs\inst_test\instancias\n_1000_10,500,20,15,10,0.2000,2026,9980504397,9980493688,97,2813
docs\inst_test\instancias\n_1000_10,500,20,15,10,0.3000,42,9980504397,9980493688,96,2813
docs\inst_test\instancias\n_1000_10,500,20,15,10,0.3000,123,9980504397,9980493688,89,2813
docs\inst_test\instancias\n_1000_10,500,20,15,20,0.1000,42,9980504529,9980493829,68,2813
docs\inst_test\instancias\n_1000_10,500,20,15,10,0.3000,2026,9980504397,9980493688,109,2813
docs\inst_test\instancias\n_1000_10,500,20,15,20,0.1000,2026,9980504650,9980493853,77,2813
docs\inst_test\instancias\n_1000_10,500,20,15,20,0.2000,42,9980504397,9980493688,79,2813
docs\inst_test\instancias\n_1000_10,500,20,15,20,0.3000,42,9980504397,9980493688,68,2813
docs\inst_test\instancias\n_1000_10,500,20,15,20,0.1000,123,9980504397,9980493688,84,2813
docs\inst_test\instancias\n_1000_10,500,20,15,20,0.2000,123,9980504397,9980493688,79,2813
docs\inst_test\instancias\n_1000_10,500,20,15,20,0.3000,123,9980504397,9980493688,72,2813
docs\inst_test\instancias\n_1000_10,500,20,15,20,0.2000,2026,9980504397,9980493688,80,2813
docs\inst_test\instancias\n_1000_10,500,20,15,20,0.3000,2026,9980504397,9980493688,87,2813
docs\inst_test\instancias\n_1000_2,100,10,7,5,0.1000,123,9996330629,9996316194,14,2615
docs\inst_test\instancias\n_1000_2,100,10,7,5,0.1000,2026,9998331097,9998316398,14,2615
docs\inst_test\instancias\n_1000_2,100,10,7,10,0.2000,42,9999858330,9999844531,16,2615
docs\inst_test\instancias\n_1000_2,100,10,7,10,0.1000,2026,9998331097,9998316398,16,2615
docs\inst_test\instancias\n_1000_2,100,10,7,5,0.2000,42,9999858876,9999845001,17,2615
docs\inst_test\instancias\n_1000_2,100,10,7,5,0.1000,42,9999331207,9999316534,20,2615
docs\inst_test\instancias\n_1000_2,100,10,7,5,0.3000,123,9990856748,9990842853,21,2615
docs\inst_test\instancias\n_1000_2,100,10,7,5,0.2000,123,9994857334,9994843352,24,2615
docs\inst_test\instancias\n_1000_2,100,10,7,10,0.2000,2026,9988328180,9988314918,26,2615
docs\inst_test\instancias\n_1000_2,100,10,7,10,0.3000,123,9990856748,9990842853,13,2615
docs\inst_test\instancias\n_1000_2,100,10,7,5,0.2000,2026,9988329174,9988314581,27,2615
docs\inst_test\instancias\n_1000_2,100,10,7,10,0.2000,123,9990329527,9990314934,27,2615
docs\inst_test\instancias\n_1000_2,100,10,7,5,0.3000,2026,9998911217,9998901079,27,2615
docs\inst_test\instancias\n_1000_2,100,10,7,10,0.3000,2026,9998385415,9998372658,13,2615
docs\inst_test\instancias\n_1000_2,100,10,7,20,0.1000,123,9996330629,9996316194,13,2615
docs\inst_test\instancias\n_1000_2,100,10,7,20,0.1000,2026,9998331097,9998316398,13,2615
docs\inst_test\instancias\n_1000_2,100,10,7,10,0.1000,42,9999331207,9999316534,32,2615
docs\inst_test\instancias\n_1000_2,100,10,7,5,0.3000,42,9993382057,9993372299,33,2615
docs\inst_test\instancias\n_1000_2,100,10,7,10,0.1000,123,9996330629,9996316194,33,2615
docs\inst_test\instancias\n_1000_2,100,10,7,10,0.3000,42,9990329448,9990314935,33,2615
docs\inst_test\instancias\n_1000_2,100,10,7,20,0.2000,123,9987801402,9987786386,13,2615
docs\inst_test\instancias\n_1000_2,100,10,7,20,0.3000,123,9990856664,9990843198,12,2615
docs\inst_test\instancias\n_1000_2,100,10,7,20,0.2000,42,9996330818,9996315713,19,2615
docs\inst_test\instancias\n_1000_2,100,10,10,5,0.1000,2026,9998331097,9998316398,15,2615
docs\inst_test\instancias\n_1000_2,100,10,10,5,0.2000,42,9999858876,9999845001,14,2615
docs\inst_test\instancias\n_1000_2,100,10,7,20,0.3000,2026,9998385388,9998372951,17,2615
docs\inst_test\instancias\n_1000_2,100,10,7,20,0.1000,42,9999331118,9999316242,28,2615
docs\inst_test\instancias\n_1000_2,100,10,10,5,0.1000,123,9996330629,9996316194,18,2615
docs\inst_test\instancias\n_1000_2,100,10,10,10,0.1000,42,9999331207,9999316534,14,2615
docs\inst_test\instancias\n_1000_2,100,10,7,20,0.3000,42,9990329448,9990314935,24,2615
docs\inst_test\instancias\n_1000_2,100,10,7,20,0.2000,2026,9987801402,9987786386,29,2615
docs\inst_test\instancias\n_1000_2,100,10,10,5,0.2000,123,9994857334,9994843352,23,2615
docs\inst_test\instancias\n_1000_2,100,10,10,10,0.1000,123,9996330629,9996316194,14,2615
docs\inst_test\instancias\n_1000_2,100,10,10,5,0.1000,42,9999331207,9999316534,27,2615
docs\inst_test\instancias\n_1000_2,100,10,10,10,0.2000,123,9990329527,9990314934,14,2615
docs\inst_test\instancias\n_1000_2,100,10,10,5,0.3000,123,9990856748,9990842853,25,2615
docs\inst_test\instancias\n_1000_2,100,10,10,10,0.1000,2026,9998331097,9998316398,19,2615
docs\inst_test\instancias\n_1000_2,100,10,10,10,0.2000,2026,9988328180,9988314918,15,2615
docs\inst_test\instancias\n_1000_2,100,10,10,10,0.2000,42,9999858330,9999844531,19,2615
docs\inst_test\instancias\n_1000_2,100,10,10,5,0.3000,42,9993382057,9993372299,29,2615
docs\inst_test\instancias\n_1000_2,100,10,10,10,0.3000,2026,9998385415,9998372658,13,2615
docs\inst_test\instancias\n_1000_2,100,10,10,5,0.2000,2026,9988329174,9988314581,30,2615
docs\inst_test\instancias\n_1000_2,100,10,10,5,0.3000,2026,9998911217,9998901079,30,2615
docs\inst_test\instancias\n_1000_2,100,10,10,20,0.1000,42,9999331118,9999316242,14,2615
docs\inst_test\instancias\n_1000_2,100,10,10,10,0.3000,123,9990856748,9990842853,21,2615
docs\inst_test\instancias\n_1000_2,100,10,10,20,0.2000,2026,9987801402,9987786386,12,2615
docs\inst_test\instancias\n_1000_2,100,10,10,20,0.3000,42,9990329448,9990314935,14,2615
docs\inst_test\instancias\n_1000_2,100,10,10,20,0.3000,2026,9998385388,9998372951,14,2615
docs\inst_test\instancias\n_1000_2,100,10,10,20,0.1000,123,9996330629,9996316194,20,2615
docs\inst_test\instancias\n_1000_2,100,10,10,10,0.3000,42,9990329448,9990314935,30,2615
docs\inst_test\instancias\n_1000_2,100,10,15,5,0.1000,2026,9998331097,9998316398,14,2615
docs\inst_test\instancias\n_1000_2,100,10,10,20,0.1000,2026,9998331097,9998316398,26,2615
docs\inst_test\instancias\n_1000_2,100,10,10,20,0.2000,123,9987801402,9987786386,26,2615
docs\inst_test\instancias\n_1000_2,100,10,10,20,0.3000,123,9990856664,9990843198,25,2615
docs\inst_test\instancias\n_1000_2,100,10,15,5,0.3000,123,9990856748,9990842853,14,2615
docs\inst_test\instancias\n_1000_2,100,10,10,20,0.2000,42,9996330818,9996315713,31,2615
docs\inst_test\instancias\n_1000_2,100,10,15,5,0.3000,2026,9998911217,9998901079,13,2615
docs\inst_test\instancias\n_1000_2,100,10,15,5,0.2000,42,9999858876,9999845001,22,2615
docs\inst_test\instancias\n_1000_2,100,10,15,5,0.3000,42,9993382057,9993372299,21,2615
docs\inst_test\instancias\n_1000_2,100,10,15,5,0.1000,42,9999331207,9999316534,27,2615
docs\inst_test\instancias\n_1000_2,100,10,15,10,0.2000,42,9999858330,9999844531,14,2615
docs\inst_test\instancias\n_1000_2,100,10,15,10,0.1000,123,9996330629,9996316194,17,2615
docs\inst_test\instancias\n_1000_2,100,10,15,5,0.2000,123,9994857334,9994843352,28,2615
docs\inst_test\instancias\n_1000_2,100,10,15,10,0.1000,2026,9998331097,9998316398,18,2615
docs\inst_test\instancias\n_1000_2,100,10,15,5,0.1000,123,9996330629,9996316194,30,2615
docs\inst_test\instancias\n_1000_2,100,10,15,10,0.1000,42,9999331207,9999316534,20,2615
docs\inst_test\instancias\n_1000_2,100,10,15,5,0.2000,2026,9988329174,9988314581,31,2615
docs\inst_test\instancias\n_1000_2,100,10,15,10,0.3000,123,9990856748,9990842853,12,2615
docs\inst_test\instancias\n_1000_2,100,10,15,20,0.1000,42,9999331118,9999316242,13,2615
docs\inst_test\instancias\n_1000_2,100,10,15,10,0.2000,123,9990329527,9990314934,24,2615
docs\inst_test\instancias\n_1000_2,100,10,15,20,0.3000,42,9990329448,9990314935,14,2615
docs\inst_test\instancias\n_1000_2,100,10,15,20,0.2000,123,9987801402,9987786386,15,2615
docs\inst_test\instancias\n_1000_2,100,10,15,20,0.3000,123,9990856664,9990843198,13,2615
docs\inst_test\instancias\n_1000_2,100,10,15,10,0.2000,2026,9988328180,9988314918,28,2615
docs\inst_test\instancias\n_1000_2,100,10,15,20,0.1000,123,9996330629,9996316194,23,2615
docs\inst_test\instancias\n_1000_2,100,10,15,20,0.3000,2026,9998385388,9998372951,16,2615
docs\inst_test\instancias\n_1000_2,100,10,15,10,0.3000,42,9990329448,9990314935,25,2615
docs\inst_test\instancias\n_1000_2,100,15,7,5,0.1000,2026,9998331097,9998316398,14,2615
docs\inst_test\instancias\n_1000_2,100,10,15,10,0.3000,2026,9998385415,9998372658,27,2615
docs\inst_test\instancias\n_1000_2,100,10,15,20,0.2000,42,9996330818,9996315713,26,2615
docs\inst_test\instancias\n_1000_2,100,10,15,20,0.2000,2026,9987801402,9987786386,25,2615
docs\inst_test\instancias\n_1000_2,100,15,7,5,0.2000,123,9994857334,9994843352,14,2615
docs\inst_test\instancias\n_1000_2,100,15,7,5,0.2000,42,9999858876,9999845001,18,2615
docs\inst_test\instancias\n_1000_2,100,15,7,5,0.1000,123,9996330629,9996316194,23,2615
docs\inst_test\instancias\n_1000_2,100,10,15,20,0.1000,2026,9998331097,9998316398,31,2615
docs\inst_test\instancias\n_1000_2,100,15,7,5,0.3000,123,9990856748,9990842853,14,2615
docs\inst_test\instancias\n_1000_2,100,15,7,5,0.1000,42,9999331207,9999316534,29,2615
docs\inst_test\instancias\n_1000_2,100,15,7,10,0.1000,123,9996330629,9996316194,13,2615
docs\inst_test\instancias\n_1000_2,100,15,7,10,0.1000,42,9999331207,9999316534,14,2615
docs\inst_test\instancias\n_1000_2,100,15,7,5,0.3000,42,9993382057,9993372299,21,2615
docs\inst_test\instancias\n_1000_2,100,15,7,10,0.2000,123,9990329527,9990314934,14,2615
docs\inst_test\instancias\n_1000_2,100,15,7,10,0.3000,123,9990856748,9990842853,13,2615
docs\inst_test\instancias\n_1000_2,100,15,7,5,0.3000,2026,9998911217,9998901079,24,2615
docs\inst_test\instancias\n_1000_2,100,15,7,20,0.1000,42,9999331118,9999316242,14,2615
docs\inst_test\instancias\n_1000_2,100,15,7,20,0.1000,2026,9998331097,9998316398,13,2615
docs\inst_test\instancias\n_1000_2,100,15,7,10,0.1000,2026,9998331097,9998316398,24,2615
docs\inst_test\instancias\n_1000_2,100,15,7,10,0.3000,2026,9998385415,9998372658,19,2615
docs\inst_test\instancias\n_1000_2,100,15,7,5,0.2000,2026,9988329174,9988314581,32,2615
docs\inst_test\instancias\n_1000_2,100,15,7,20,0.1000,123,9996330629,9996316194,20,2615
docs\inst_test\instancias\n_1000_2,100,15,7,10,0.2000,42,9999858330,9999844531,28,2615
docs\inst_test\instancias\n_1000_2,100,15,7,20,0.3000,42,9990329448,9990314935,13,2615
docs\inst_test\instancias\n_1000_2,100,15,7,10,0.2000,2026,9988328180,9988314918,28,2615
docs\inst_test\instancias\n_1000_2,100,15,7,20,0.3000,2026,9998385388,9998372951,13,2615
docs\inst_test\instancias\n_1000_2,100,15,7,20,0.2000,123,9987801402,9987786386,22,2615
docs\inst_test\instancias\n_1000_2,100,15,7,20,0.2000,2026,9987801402,9987786386,23,2615
docs\inst_test\instancias\n_1000_2,100,15,10,5,0.1000,2026,9998331097,9998316398,13,2615
docs\inst_test\instancias\n_1000_2,100,15,10,5,0.1000,123,9996330629,9996316194,14,2615
docs\inst_test\instancias\n_1000_2,100,15,7,10,0.3000,42,9990329448,9990314935,32,2615
docs\inst_test\instancias\n_1000_2,100,15,7,20,0.2000,42,9996330818,9996315713,27,2615
docs\inst_test\instancias\n_1000_2,100,15,10,5,0.2000,42,9999858876,9999845001,17,2615
docs\inst_test\instancias\n_1000_2,100,15,7,20,0.3000,123,9990856664,9990843198,29,2615
docs\inst_test\instancias\n_1000_2,100,15,10,5,0.2000,123,9994857334,9994843352,19,2615
docs\inst_test\instancias\n_1000_2,100,15,10,5,0.2000,2026,9988329174,9988314581,21,2615
docs\inst_test\instancias\n_1000_2,100,15,10,5,0.1000,42,9999331207,9999316534,27,2615
docs\inst_test\instancias\n_1000_2,100,15,10,10,0.2000,42,9999858330,9999844531,15,2615
docs\inst_test\instancias\n_1000_2,100,15,10,10,0.2000,2026,9988328180,9988314918,13,2615
docs\inst_test\instancias\n_1000_2,100,15,10,10,0.1000,123,9996330629,9996316194,18,2615
docs\inst_test\instancias\n_1000_2,100,15,10,5,0.3000,2026,9998911217,9998901079,23,2615
docs\inst_test\instancias\n_1000_2,100,15,10,5,0.3000,42,9993382057,9993372299,25,2615
docs\inst_test\instancias\n_1000_2,100,15,10,10,0.2000,123,9990329527,9990314934,16,2615
docs\inst_test\instancias\n_1000_2,100,15,10,10,0.1000,42,9999331207,9999316534,21,2615
docs\inst_test\instancias\n_1000_2,100,15,10,5,0.3000,123,9990856748,9990842853,26,2615
docs\inst_test\instancias\n_1000_2,100,15,10,10,0.1000,2026,9998331097,9998316398,20,2615
docs\inst_test\instancias\n_1000_2,100,15,10,10,0.3000,42,9990329448,9990314935,20,2615
docs\inst_test\instancias\n_1000_2,100,15,10,20,0.3000,42,9990329448,9990314935,14,2615
docs\inst_test\instancias\n_1000_2,100,15,10,10,0.3000,123,9990856748,9990842853,25,2615
docs\inst_test\instancias\n_1000_2,100,15,10,20,0.2000,2026,9987801402,9987786386,14,2615
docs\inst_test\instancias\n_1000_2,100,15,10,10,0.3000,2026,9998385415,9998372658,24,2615
docs\inst_test\instancias\n_1000_2,100,15,10,20,0.3000,123,9990856664,9990843198,14,2615
docs\inst_test\instancias\n_1000_2,100,15,15,5,0.2000,42,9999858876,9999845001,13,2615
docs\inst_test\instancias\n_1000_2,100,15,15,5,0.1000,123,9996330629,9996316194,14,2615
docs\inst_test\instancias\n_1000_2,100,15,10,20,0.1000,123,9996330629,9996316194,26,2615
docs\inst_test\instancias\n_1000_2,100,15,10,20,0.1000,42,9999331118,9999316242,28,2615
docs\inst_test\instancias\n_1000_2,100,15,10,20,0.2000,42,9996330818,9996315713,26,2615
docs\inst_test\instancias\n_1000_2,100,15,10,20,0.1000,2026,9998331097,9998316398,28,2615
docs\inst_test\instancias\n_1000_2,100,15,10,20,0.2000,123,9987801402,9987786386,26,2615
docs\inst_test\instancias\n_1000_2,100,15,15,5,0.3000,123,9990856748,9990842853,13,2615
docs\inst_test\instancias\n_1000_2,100,15,15,5,0.2000,2026,9988329174,9988314581,14,2615
docs\inst_test\instancias\n_1000_2,100,15,15,10,0.1000,42,9999331207,9999316534,14,2615
docs\inst_test\instancias\n_1000_2,100,15,15,10,0.1000,123,9996330629,9996316194,14,2615
docs\inst_test\instancias\n_1000_2,100,15,15,10,0.1000,2026,9998331097,9998316398,14,2615
docs\inst_test\instancias\n_1000_2,100,15,10,20,0.3000,2026,9998385388,9998372951,30,2615
docs\inst_test\instancias\n_1000_2,100,15,15,5,0.2000,123,9994857334,9994843352,26,2615
docs\inst_test\instancias\n_1000_2,100,15,15,5,0.1000,2026,9998331097,9998316398,29,2615
docs\inst_test\instancias\n_1000_2,100,15,15,5,0.3000,42,9993382057,9993372299,21,2615
docs\inst_test\instancias\n_1000_2,100,15,15,5,0.1000,42,9999331207,9999316534,34,2615
docs\inst_test\instancias\n_1000_2,100,15,15,5,0.3000,2026,9998911217,9998901079,24,2615
docs\inst_test\instancias\n_1000_2,100,15,15,10,0.3000,2026,9998385415,9998372658,13,2615
docs\inst_test\instancias\n_1000_2,100,15,15,10,0.2000,42,9999858330,9999844531,19,2615
docs\inst_test\instancias\n_1000_2,100,15,15,20,0.1000,123,9996330629,9996316194,14,2615
docs\inst_test\instancias\n_1000_2,100,15,15,20,0.1000,2026,9998331097,9998316398,13,2615
docs\inst_test\instancias\n_1000_2,100,15,15,20,0.2000,42,9996330818,9996315713,13,2615
docs\inst_test\instancias\n_1000_2,100,15,15,20,0.2000,123,9987801402,9987786386,13,2615
docs\inst_test\instancias\n_1000_2,100,15,15,10,0.3000,123,9990856748,9990842853,23,2615
docs\inst_test\instancias\n_1000_2,100,15,15,20,0.3000,123,9990856664,9990843198,15,2615
docs\inst_test\instancias\n_1000_2,100,15,15,10,0.2000,2026,9988328180,9988314918,26,2615
docs\inst_test\instancias\n_1000_2,100,20,7,5,0.1000,123,9996330629,9996316194,14,2615
docs\inst_test\instancias\n_1000_2,100,15,15,10,0.3000,42,9990329448,9990314935,28,2615
docs\inst_test\instancias\n_1000_2,100,15,15,20,0.3000,2026,9998385388,9998372951,18,2615
docs\inst_test\instancias\n_1000_2,100,15,15,10,0.2000,123,9990329527,9990314934,34,2615
docs\inst_test\instancias\n_1000_2,100,15,15,20,0.1000,42,9999331118,9999316242,29,2615
docs\inst_test\instancias\n_1000_2,100,20,7,5,0.2000,123,9994857334,9994843352,13,2615
docs\inst_test\instancias\n_1000_2,100,20,7,5,0.3000,123,9990856748,9990842853,13,2615
docs\inst_test\instancias\n_1000_2,100,15,15,20,0.2000,2026,9987801402,9987786386,30,2615
docs\inst_test\instancias\n_1000_2,100,20,7,5,0.1000,2026,9998331097,9998316398,22,2615
docs\inst_test\instancias\n_1000_2,100,20,7,5,0.2000,2026,9988329174,9988314581,18,2615
docs\inst_test\instancias\n_1000_2,100,20,7,5,0.1000,42,9999331207,9999316534,27,2615
docs\inst_test\instancias\n_1000_2,100,20,7,5,0.2000,42,9999858876,9999845001,23,2615
docs\inst_test\instancias\n_1000_2,100,20,7,10,0.1000,123,9996330629,9996316194,13,2615
docs\inst_test\instancias\n_1000_2,100,15,15,20,0.3000,42,9990329448,9990314935,34,2615
docs\inst_test\instancias\n_1000_2,100,20,7,5,0.3000,2026,9998911217,9998901079,18,2615
docs\inst_test\instancias\n_1000_2,100,20,7,10,0.2000,123,9990329527,9990314934,13,2615
docs\inst_test\instancias\n_1000_2,100,20,7,10,0.3000,42,9990329448,9990314935,12,2615
docs\inst_test\instancias\n_1000_2,100,20,7,5,0.3000,42,9993382057,9993372299,26,2615
docs\inst_test\instancias\n_1000_2,100,20,7,10,0.2000,42,9999858330,9999844531,20,2615
docs\inst_test\instancias\n_1000_2,100,20,7,10,0.1000,42,9999331207,9999316534,26,2615
docs\inst_test\instancias\n_1000_2,100,20,7,10,0.1000,2026,9998331097,9998316398,26,2615
docs\inst_test\instancias\n_1000_2,100,20,7,20,0.2000,123,9987801402,9987786386,13,2615
docs\inst_test\instancias\n_1000_2,100,20,7,10,0.3000,2026,9998385415,9998372658,20,2615
docs\inst_test\instancias\n_1000_2,100,20,7,10,0.2000,2026,9988328180,9988314918,28,2615
docs\inst_test\instancias\n_1000_2,100,20,7,20,0.3000,123,9990856664,9990843198,17,2615
docs\inst_test\instancias\n_1000_2,100,20,7,10,0.3000,123,9990856748,9990842853,25,2615
docs\inst_test\instancias\n_1000_2,100,20,7,20,0.2000,2026,9987801402,9987786386,20,2615
docs\inst_test\instancias\n_1000_2,100,20,7,20,0.3000,42,9990329448,9990314935,20,2615
docs\inst_test\instancias\n_1000_2,100,20,7,20,0.1000,42,9999331118,9999316242,27,2615
docs\inst_test\instancias\n_1000_2,100,20,7,20,0.1000,2026,9998331097,9998316398,25,2615
docs\inst_test\instancias\n_1000_2,100,20,7,20,0.3000,2026,9998385388,9998372951,20,2615
docs\inst_test\instancias\n_1000_2,100,20,7,20,0.2000,42,9996330818,9996315713,25,2615
docs\inst_test\instancias\n_1000_2,100,20,10,5,0.2000,42,9999858876,9999845001,14,2615
docs\inst_test\instancias\n_1000_2,100,20,10,5,0.2000,123,9994857334,9994843352,14,2615
docs\inst_test\instancias\n_1000_2,100,20,7,20,0.1000,123,9996330629,9996316194,32,2615
docs\inst_test\instancias\n_1000_2,100,20,10,5,0.2000,2026,9988329174,9988314581,14,2615
docs\inst_test\instancias\n_1000_2,100,20,10,5,0.1000,42,9999331207,9999316534,25,2615
docs\inst_test\instancias\n_1000_2,100,20,10,10,0.1000,42,9999331207,9999316534,14,2615
docs\inst_test\instancias\n_1000_2,100,20,10,5,0.1000,2026,9998331097,9998316398,27,2615
docs\inst_test\instancias\n_1000_2,100,20,10,10,0.1000,2026,9998331097,9998316398,16,2615
docs\inst_test\instancias\n_1000_2,100,20,10,5,0.3000,123,9990856748,9990842853,19,2615
docs\inst_test\instancias\n_1000_2,100,20,10,10,0.3000,123,9990856748,9990842853,13,2615
docs\inst_test\instancias\n_1000_2,100,20,10,10,0.3000,42,9990329448,9990314935,15,2615
docs\inst_test\instancias\n_1000_2,100,20,10,5,0.1000,123,9996330629,9996316194,33,2615
docs\inst_test\instancias\n_1000_2,100,20,10,20,0.1000,42,9999331118,9999316242,14,2615
docs\inst_test\instancias\n_1000_2,100,20,10,5,0.3000,42,9993382057,9993372299,27,2615
docs\inst_test\instancias\n_1000_2,100,20,10,20,0.1000,123,9996330629,9996316194,15,2615
docs\inst_test\instancias\n_1000_2,100,20,10,20,0.1000,2026,9998331097,9998316398,13,2615
docs\inst_test\instancias\n_1000_2,100,20,10,5,0.3000,2026,9998911217,9998901079,30,2615
docs\inst_test\instancias\n_1000_2,100,20,10,10,0.1000,123,9996330629,9996316194,28,2615
docs\inst_test\instancias\n_1000_2,100,20,10,10,0.2000,42,9999858330,9999844531,26,2615
docs\inst_test\instancias\n_1000_2,100,20,10,10,0.2000,2026,9988328180,9988314918,27,2615
docs\inst_test\instancias\n_1000_2,100,20,10,10,0.2000,123,9990329527,9990314934,28,2615
docs\inst_test\instancias\n_1000_2,100,20,10,10,0.3000,2026,9998385415,9998372658,24,2615
docs\inst_test\instancias\n_1000_2,100,20,10,20,0.3000,42,9990329448,9990314935,13,2615
docs\inst_test\instancias\n_1000_2,100,20,10,20,0.2000,123,9987801402,9987786386,15,2615
docs\inst_test\instancias\n_1000_2,100,20,10,20,0.3000,123,9990856664,9990843198,13,2615
docs\inst_test\instancias\n_1000_2,100,20,15,5,0.1000,42,9999331207,9999316534,14,2615
docs\inst_test\instancias\n_1000_2,100,20,15,5,0.1000,123,9996330629,9996316194,14,2615
docs\inst_test\instancias\n_1000_2,100,20,10,20,0.2000,42,9996330818,9996315713,26,2615
docs\inst_test\instancias\n_1000_2,100,20,15,10,0.1000,42,9999331207,9999316534,15,2615
docs\inst_test\instancias\n_1000_2,100,20,15,10,0.1000,123,9996330629,9996316194,13,2615
docs\inst_test\instancias\n_1000_2,100,20,15,10,0.2000,42,9999858330,9999844531,13,2615
docs\inst_test\instancias\n_1000_2,100,20,10,20,0.2000,2026,9987801402,9987786386,31,2615
docs\inst_test\instancias\n_1000_2,100,20,15,10,0.1000,2026,9998331097,9998316398,15,2615
docs\inst_test\instancias\n_1000_2,100,20,15,10,0.2000,123,9990329527,9990314934,13,2615
docs\inst_test\instancias\n_1000_2,100,20,15,5,0.1000,2026,9998331097,9998316398,27,2615
docs\inst_test\instancias\n_1000_2,100,20,10,20,0.3000,2026,9998385388,9998372951,31,2615
docs\inst_test\instancias\n_1000_2,100,20,15,10,0.2000,2026,9988328180,9988314918,14,2615
docs\inst_test\instancias\n_1000_2,100,20,15,5,0.2000,42,9999858876,9999845001,27,2615
docs\inst_test\instancias\n_1000_2,100,20,15,5,0.3000,42,9993382057,9993372299,26,2615
docs\inst_test\instancias\n_1000_2,100,20,15,5,0.3000,123,9990856748,9990842853,25,2615
docs\inst_test\instancias\n_1000_2,100,20,15,5,0.3000,2026,9998911217,9998901079,25,2615
docs\inst_test\instancias\n_1000_2,100,20,15,5,0.2000,123,9994857334,9994843352,30,2615
docs\inst_test\instancias\n_1000_2,100,20,15,10,0.3000,2026,9998385415,9998372658,13,2615
docs\inst_test\instancias\n_1000_2,100,20,15,10,0.3000,123,9990856748,9990842853,13,2615
docs\inst_test\instancias\n_1000_2,100,20,15,5,0.2000,2026,9988329174,9988314581,32,2615
docs\inst_test\instancias\n_1000_2,100,20,15,20,0.1000,42,9999331118,9999316242,14,2615
docs\inst_test\instancias\n_1000_2,100,20,15,20,0.1000,2026,9998331097,9998316398,14,2615
docs\inst_test\instancias\n_1000_2,100,20,15,20,0.2000,42,9996330818,9996315713,14,2615
docs\inst_test\instancias\n_1000_2,100,20,15,20,0.3000,42,9990329448,9990314935,13,2615
docs\inst_test\instancias\n_1000_2,100,20,15,10,0.3000,42,9990329448,9990314935,25,2615
docs\inst_test\instancias\n_1000_2,100,20,15,20,0.2000,2026,9987801402,9987786386,24,2615
docs\inst_test\instancias\n_1000_2,100,20,15,20,0.2000,123,9987801402,9987786386,25,2615
docs\inst_test\instancias\n_1000_2,100,20,15,20,0.1000,123,9996330629,9996316194,29,2615
docs\inst_test\instancias\n_1000_2,100,20,15,20,0.3000,2026,9998385388,9998372951,24,2615
docs\inst_test\instancias\n_1000_2,100,20,15,20,0.3000,123,9990856664,9990843198,32,2615
docs\inst_test\instancias\n_1000_2,300,10,7,5,0.2000,42,9999858876,9999845001,43,2615
docs\inst_test\instancias\n_1000_2,300,10,7,5,0.3000,123,9999438622,9999429155,41,2615
docs\inst_test\instancias\n_1000_2,300,10,7,5,0.2000,123,9999912391,9999900751,48,2615
docs\inst_test\instancias\n_1000_2,300,10,7,5,0.2000,2026,9998912519,9998900937,50,2615
docs\inst_test\instancias\n_1000_2,300,10,7,5,0.1000,2026,9998331097,9998316398,53,2615
docs\inst_test\instancias\n_1000_2,300,10,7,10,0.1000,2026,9998331097,9998316398,42,2615
docs\inst_test\instancias\n_1000_2,300,10,7,10,0.2000,2026,9996385206,9996372915,52,2615
docs\inst_test\instancias\n_1000_2,300,10,7,5,0.3000,42,9999964929,9999957495,72,2615
docs\inst_test\instancias\n_1000_2,300,10,7,5,0.1000,123,9997330825,9997316169,78,2615
docs\inst_test\instancias\n_1000_2,300,10,7,5,0.3000,2026,9999438838,9999429166,70,2615
docs\inst_test\instancias\n_1000_2,300,10,7,10,0.3000,123,9996911904,9996900423,36,2615
docs\inst_test\instancias\n_1000_2,300,10,7,10,0.3000,42,9998438516,9998428988,55,2615
docs\inst_test\instancias\n_1000_2,300,10,7,5,0.1000,42,9999331207,9999316534,88,2615
docs\inst_test\instancias\n_1000_2,300,10,7,10,0.1000,42,9999331207,9999316534,79,2615
docs\inst_test\instancias\n_1000_2,300,10,7,10,0.3000,2026,9999438838,9999429166,41,2615
docs\inst_test\instancias\n_1000_2,300,10,7,10,0.1000,123,9996330629,9996316194,82,2615
docs\inst_test\instancias\n_1000_2,300,10,7,10,0.2000,42,9999858876,9999845001,74,2615
docs\inst_test\instancias\n_1000_2,300,10,7,10,0.2000,123,9999912391,9999900751,78,2615
docs\inst_test\instancias\n_1000_2,300,10,7,20,0.2000,42,9999858876,9999845001,39,2615
docs\inst_test\instancias\n_1000_2,300,10,7,20,0.1000,2026,9998331097,9998316398,50,2615
docs\inst_test\instancias\n_1000_2,300,10,7,20,0.3000,42,9994911311,9994900125,36,2615
docs\inst_test\instancias\n_1000_2,300,10,7,20,0.3000,123,9992384096,9992371960,36,2615
docs\inst_test\instancias\n_1000_2,300,10,7,20,0.3000,2026,9998912310,9998901354,34,2615
docs\inst_test\instancias\n_1000_2,300,10,7,20,0.1000,123,9996330629,9996316194,66,2615
docs\inst_test\instancias\n_1000_2,300,10,10,5,0.2000,42,9999858876,9999845001,44,2615
docs\inst_test\instancias\n_1000_2,300,10,10,5,0.3000,123,9999438622,9999429155,38,2615
docs\inst_test\instancias\n_1000_2,300,10,7,20,0.2000,123,9998385547,9998372602,66,2615
docs\inst_test\instancias\n_1000_2,300,10,7,20,0.1000,42,9999331207,9999316534,96,2615
docs\inst_test\instancias\n_1000_2,300,10,7,20,0.2000,2026,9996385206,9996372915,75,2615
docs\inst_test\instancias\n_1000_2,300,10,10,5,0.1000,123,9997330825,9997316169,67,2615
docs\inst_test\instancias\n_1000_2,300,10,10,5,0.3000,42,9999964929,9999957495,60,2615
docs\inst_test\instancias\n_1000_2,300,10,10,10,0.1000,2026,9998331097,9998316398,43,2615
docs\inst_test\instancias\n_1000_2,300,10,10,5,0.2000,123,9999912391,9999900751,74,2615
docs\inst_test\instancias\n_1000_2,300,10,10,10,0.2000,42,9999858876,9999845001,47,2615
docs\inst_test\instancias\n_1000_2,300,10,10,5,0.1000,42,9999331207,9999316534,85,2615
docs\inst_test\instancias\n_1000_2,300,10,10,5,0.1000,2026,9998331097,9998316398,81,2615
docs\inst_test\instancias\n_1000_2,300,10,10,5,0.3000,2026,9999438838,9999429166,67,2615
docs\inst_test\instancias\n_1000_2,300,10,10,5,0.2000,2026,9998912519,9998900937,77,2615
docs\inst_test\instancias\n_1000_2,300,10,10,10,0.2000,2026,9996385206,9996372915,39,2615
docs\inst_test\instancias\n_1000_2,300,10,10,10,0.1000,42,9999331207,9999316534,74,2615
docs\inst_test\instancias\n_1000_2,300,10,10,20,0.1000,42,9999331207,9999316534,42,2615
docs\inst_test\instancias\n_1000_2,300,10,10,10,0.1000,123,9996330629,9996316194,83,2615
docs\inst_test\instancias\n_1000_2,300,10,10,20,0.1000,2026,9998331097,9998316398,41,2615
docs\inst_test\instancias\n_1000_2,300,10,10,10,0.3000,123,9996911904,9996900423,54,2615
docs\inst_test\instancias\n_1000_2,300,10,10,10,0.3000,42,9998438516,9998428988,67,2615
docs\inst_test\instancias\n_1000_2,300,10,10,20,0.2000,42,9999858876,9999845001,40,2615
docs\inst_test\instancias\n_1000_2,300,10,10,10,0.2000,123,9999912391,9999900751,75,2615
docs\inst_test\instancias\n_1000_2,300,10,10,20,0.2000,123,9998385547,9998372602,43,2615
docs\inst_test\instancias\n_1000_2,300,10,10,10,0.3000,2026,9999438838,9999429166,72,2615
docs\inst_test\instancias\n_1000_2,300,10,15,5,0.1000,42,9999331207,9999316534,47,2615
docs\inst_test\instancias\n_1000_2,300,10,10,20,0.1000,123,9996330629,9996316194,75,2615
docs\inst_test\instancias\n_1000_2,300,10,10,20,0.3000,123,9992384096,9992371960,64,2615
docs\inst_test\instancias\n_1000_2,300,10,10,20,0.3000,42,9994911311,9994900125,69,2615
docs\inst_test\instancias\n_1000_2,300,10,15,5,0.2000,123,9999912391,9999900751,39,2615
docs\inst_test\instancias\n_1000_2,300,10,10,20,0.3000,2026,9998912310,9998901354,69,2615
docs\inst_test\instancias\n_1000_2,300,10,10,20,0.2000,2026,9996385206,9996372915,74,2615
docs\inst_test\instancias\n_1000_2,300,10,15,5,0.3000,123,9999438622,9999429155,43,2615
docs\inst_test\instancias\n_1000_2,300,10,15,5,0.3000,42,9999964929,9999957495,54,2615
docs\inst_test\instancias\n_1000_2,300,10,15,5,0.2000,2026,9998912519,9998900937,62,2615
docs\inst_test\instancias\n_1000_2,300,10,15,10,0.1000,42,9999331207,9999316534,60,2615
docs\inst_test\instancias\n_1000_2,300,10,15,5,0.1000,123,9997330825,9997316169,84,2615
docs\inst_test\instancias\n_1000_2,300,10,15,5,0.3000,2026,9999438838,9999429166,68,2615
docs\inst_test\instancias\n_1000_2,300,10,15,10,0.3000,42,9998438516,9998428988,36,2615
docs\inst_test\instancias\n_1000_2,300,10,15,5,0.1000,2026,9998331097,9998316398,84,2615
docs\inst_test\instancias\n_1000_2,300,10,15,5,0.2000,42,9999858876,9999845001,84,2615
docs\inst_test\instancias\n_1000_2,300,10,15,10,0.1000,123,9996330629,9996316194,60,2615
docs\inst_test\instancias\n_1000_2,300,10,15,10,0.1000,2026,9998331097,9998316398,63,2615
docs\inst_test\instancias\n_1000_2,300,10,15,10,0.2000,123,9999912391,9999900751,54,2615
docs\inst_test\instancias\n_1000_2,300,10,15,10,0.3000,123,9996911904,9996900423,56,2615
docs\inst_test\instancias\n_1000_2,300,10,15,20,0.1000,123,9996330629,9996316194,45,2615
docs\inst_test\instancias\n_1000_2,300,10,15,10,0.2000,2026,9996385206,9996372915,69,2615
docs\inst_test\instancias\n_1000_2,300,10,15,10,0.3000,2026,9999438838,9999429166,66,2615
docs\inst_test\instancias\n_1000_2,300,10,15,10,0.2000,42,9999858876,9999845001,75,2615
docs\inst_test\instancias\n_1000_2,300,10,15,20,0.3000,42,9994911311,9994900125,37,2615
docs\inst_test\instancias\n_1000_2,300,10,15,20,0.2000,123,9998385547,9998372602,42,2615
docs\inst_test\instancias\n_1000_2,300,10,15,20,0.1000,2026,9998331097,9998316398,56,2615
docs\inst_test\instancias\n_1000_2,300,15,7,5,0.1000,2026,9998331097,9998316398,46,2615
docs\inst_test\instancias\n_1000_2,300,10,15,20,0.2000,42,9999858876,9999845001,75,2615
docs\inst_test\instancias\n_1000_2,300,10,15,20,0.3000,2026,9998912310,9998901354,66,2615
docs\inst_test\instancias\n_1000_2,300,10,15,20,0.2000,2026,9996385206,9996372915,74,2615
docs\inst_test\instancias\n_1000_2,300,10,15,20,0.1000,42,9999331207,9999316534,101,2615
docs\inst_test\instancias\n_1000_2,300,15,7,5,0.3000,2026,9999438838,9999429166,43,2615
docs\inst_test\instancias\n_1000_2,300,15,7,5,0.2000,2026,9998912519,9998900937,51,2615
docs\inst_test\instancias\n_1000_2,300,10,15,20,0.3000,123,9992384096,9992371960,81,2615
docs\inst_test\instancias\n_1000_2,300,15,7,5,0.2000,42,9999858876,9999845001,68,2615
docs\inst_test\instancias\n_1000_2,300,15,7,5,0.1000,42,9999331207,9999316534,81,2615
docs\inst_test\instancias\n_1000_2,300,15,7,5,0.2000,123,9999912391,9999900751,60,2615
docs\inst_test\instancias\n_1000_2,300,15,7,10,0.1000,123,9996330629,9996316194,50,2615
docs\inst_test\instancias\n_1000_2,300,15,7,5,0.3000,42,9999964929,9999957495,65,2615
docs\inst_test\instancias\n_1000_2,300,15,7,5,0.1000,123,9997330825,9997316169,86,2615
docs\inst_test\instancias\n_1000_2,300,15,7,5,0.3000,123,9999438622,9999429155,72,2615
docs\inst_test\instancias\n_1000_2,300,15,7,10,0.1000,42,9999331207,9999316534,70,2615
docs\inst_test\instancias\n_1000_2,300,15,7,10,0.2000,2026,9996385206,9996372915,39,2615
docs\inst_test\instancias\n_1000_2,300,15,7,10,0.1000,2026,9998331097,9998316398,52,2615
docs\inst_test\instancias\n_1000_2,300,15,7,10,0.3000,2026,9999438838,9999429166,45,2615
docs\inst_test\instancias\n_1000_2,300,15,7,10,0.2000,123,9999912391,9999900751,65,2615
docs\inst_test\instancias\n_1000_2,300,15,7,20,0.1000,2026,9998331097,9998316398,48,2615
docs\inst_test\instancias\n_1000_2,300,15,7,20,0.1000,42,9999331207,9999316534,53,2615
docs\inst_test\instancias\n_1000_2,300,15,7,10,0.3000,42,9998438516,9998428988,70,2615
docs\inst_test\instancias\n_1000_2,300,15,7,10,0.2000,42,9999858876,9999845001,77,2615
docs\inst_test\instancias\n_1000_2,300,15,7,10,0.3000,123,9996911904,9996900423,75,2615
docs\inst_test\instancias\n_1000_2,300,15,7,20,0.2000,42,9999858876,9999845001,64,2615
docs\inst_test\instancias\n_1000_2,300,15,10,5,0.1000,42,9999331207,9999316534,47,2615
docs\inst_test\instancias\n_1000_2,300,15,7,20,0.3000,42,9994911311,9994900125,65,2615
docs\inst_test\instancias\n_1000_2,300,15,7,20,0.2000,123,9998385547,9998372602,71,2615
docs\inst_test\instancias\n_1000_2,300,15,7,20,0.2000,2026,9996385206,9996372915,67,2615
docs\inst_test\instancias\n_1000_2,300,15,7,20,0.1000,123,9996330629,9996316194,78,2615
docs\inst_test\instancias\n_1000_2,300,15,7,20,0.3000,2026,9998912310,9998901354,62,2615
docs\inst_test\instancias\n_1000_2,300,15,7,20,0.3000,123,9992384096,9992371960,75,2615
docs\inst_test\instancias\n_1000_2,300,15,10,5,0.1000,123,9997330825,9997316169,74,2615
docs\inst_test\instancias\n_1000_2,300,15,10,5,0.3000,42,9999964929,9999957495,44,2615
docs\inst_test\instancias\n_1000_2,300,15,10,5,0.2000,123,9999912391,9999900751,55,2615
docs\inst_test\instancias\n_1000_2,300,15,10,5,0.1000,2026,9998331097,9998316398,73,2615
docs\inst_test\instancias\n_1000_2,300,15,10,5,0.2000,42,9999858876,9999845001,65,2615
docs\inst_test\instancias\n_1000_2,300,15,10,5,0.2000,2026,9998912519,9998900937,69,2615
docs\inst_test\instancias\n_1000_2,300,15,10,5,0.3000,2026,9999438838,9999429166,54,2615
docs\inst_test\instancias\n_1000_2,300,15,10,5,0.3000,123,9999438622,9999429155,64,2615
docs\inst_test\instancias\n_1000_2,300,15,10,10,0.1000,2026,9998331097,9998316398,47,2615
docs\inst_test\instancias\n_1000_2,300,15,10,10,0.2000,42,9999858876,9999845001,50,2615
docs\inst_test\instancias\n_1000_2,300,15,10,10,0.2000,123,9999912391,9999900751,55,2615
docs\inst_test\instancias\n_1000_2,300,15,10,10,0.3000,123,9996911904,9996900423,47,2615
docs\inst_test\instancias\n_1000_2,300,15,10,10,0.1000,42,9999331207,9999316534,73,2615
docs\inst_test\instancias\n_1000_2,300,15,10,10,0.1000,123,9996330629,9996316194,71,2615
docs\inst_test\instancias\n_1000_2,300,15,10,10,0.3000,42,9998438516,9998428988,64,2615
docs\inst_test\instancias\n_1000_2,300,15,10,10,0.2000,2026,9996385206,9996372915,75,2615
docs\inst_test\instancias\n_1000_2,300,15,10,20,0.3000,42,9994911311,9994900125,38,2615
docs\inst_test\instancias\n_1000_2,300,15,10,20,0.3000,2026,9998912310,9998901354,35,2615
docs\inst_test\instancias\n_1000_2,300,15,10,10,0.3000,2026,9999438838,9999429166,66,2615
docs\inst_test\instancias\n_1000_2,300,15,10,20,0.2000,123,9998385547,9998372602,56,2615
docs\inst_test\instancias\n_1000_2,300,15,10,20,0.1000,42,9999331207,9999316534,76,2615
docs\inst_test\instancias\n_1000_2,300,15,10,20,0.1000,123,9996330629,9996316194,78,2615
docs\inst_test\instancias\n_1000_2,300,15,10,20,0.1000,2026,9998331097,9998316398,75,2615
docs\inst_test\instancias\n_1000_2,300,15,10,20,0.2000,42,9999858876,9999845001,74,2615
docs\inst_test\instancias\n_1000_2,300,15,10,20,0.3000,123,9992384096,9992371960,70,2615
docs\inst_test\instancias\n_1000_2,300,15,15,5,0.3000,42,9999964929,9999957495,36,2615
docs\inst_test\instancias\n_1000_2,300,15,10,20,0.2000,2026,9996385206,9996372915,77,2615
docs\inst_test\instancias\n_1000_2,300,15,15,5,0.3000,123,9999438622,9999429155,38,2615
docs\inst_test\instancias\n_1000_2,300,15,15,5,0.2000,42,9999858876,9999845001,58,2615
docs\inst_test\instancias\n_1000_2,300,15,15,5,0.2000,2026,9998912519,9998900937,50,2615
docs\inst_test\instancias\n_1000_2,300,15,15,5,0.1000,42,9999331207,9999316534,77,2615
docs\inst_test\instancias\n_1000_2,300,15,15,10,0.1000,42,9999331207,9999316534,46,2615
docs\inst_test\instancias\n_1000_2,300,15,15,5,0.2000,123,9999912391,9999900751,74,2615
docs\inst_test\instancias\n_1000_2,300,15,15,5,0.1000,2026,9998331097,9998316398,87,2615
docs\inst_test\instancias\n_1000_2,300,15,15,5,0.1000,123,9997330825,9997316169,92,2615
docs\inst_test\instancias\n_1000_2,300,15,15,5,0.3000,2026,9999438838,9999429166,68,2615
docs\inst_test\instancias\n_1000_2,300,15,15,10,0.3000,42,9998438516,9998428988,38,2615
docs\inst_test\instancias\n_1000_2,300,15,15,10,0.3000,2026,9999438838,9999429166,44,2615
docs\inst_test\instancias\n_1000_2,300,15,15,10,0.1000,123,9996330629,9996316194,67,2615
docs\inst_test\instancias\n_1000_2,300,15,15,20,0.1000,42,9999331207,9999316534,53,2615
docs\inst_test\instancias\n_1000_2,300,15,15,20,0.1000,2026,9998331097,9998316398,50,2615
docs\inst_test\instancias\n_1000_2,300,15,15,10,0.2000,123,9999912391,9999900751,73,2615
docs\inst_test\instancias\n_1000_2,300,15,15,10,0.3000,123,9996911904,9996900423,64,2615
docs\inst_test\instancias\n_1000_2,300,15,15,10,0.1000,2026,9998331097,9998316398,81,2615
docs\inst_test\instancias\n_1000_2,300,15,15,10,0.2000,2026,9996385206,9996372915,73,2615
docs\inst_test\instancias\n_1000_2,300,15,15,10,0.2000,42,9999858876,9999845001,78,2615
docs\inst_test\instancias\n_1000_2,300,15,15,20,0.2000,2026,9996385206,9996372915,42,2615
docs\inst_test\instancias\n_1000_2,300,15,15,20,0.2000,42,9999858876,9999845001,59,2615
docs\inst_test\instancias\n_1000_2,300,15,15,20,0.1000,123,9996330629,9996316194,78,2615
docs\inst_test\instancias\n_1000_2,300,20,7,5,0.1000,123,9997330825,9997316169,47,2615
docs\inst_test\instancias\n_1000_2,300,15,15,20,0.2000,123,9998385547,9998372602,73,2615
docs\inst_test\instancias\n_1000_2,300,20,7,5,0.1000,42,9999331207,9999316534,50,2615
docs\inst_test\instancias\n_1000_2,300,15,15,20,0.3000,42,9994911311,9994900125,70,2615
docs\inst_test\instancias\n_1000_2,300,15,15,20,0.3000,123,9992384096,9992371960,70,2615
docs\inst_test\instancias\n_1000_2,300,15,15,20,0.3000,2026,9998912310,9998901354,69,2615
docs\inst_test\instancias\n_1000_2,300,20,7,5,0.1000,2026,9998331097,9998316398,62,2615
docs\inst_test\instancias\n_1000_2,300,20,7,5,0.2000,42,9999858876,9999845001,64,2615
docs\inst_test\instancias\n_1000_2,300,20,7,5,0.2000,2026,9998912519,9998900937,63,2615
docs\inst_test\instancias\n_1000_2,300,20,7,5,0.3000,2026,9999438838,9999429166,60,2615
docs\inst_test\instancias\n_1000_2,300,20,7,5,0.3000,123,9999438622,9999429155,61,2615
docs\inst_test\instancias\n_1000_2,300,20,7,5,0.3000,42,9999964929,9999957495,67,2615
docs\inst_test\instancias\n_1000_2,300,20,7,10,0.2000,42,9999858876,9999845001,41,2615
docs\inst_test\instancias\n_1000_2,300,20,7,5,0.2000,123,9999912391,9999900751,74,2615
docs\inst_test\instancias\n_1000_2,300,20,7,10,0.1000,42,9999331207,9999316534,70,2615
docs\inst_test\instancias\n_1000_2,300,20,7,10,0.2000,2026,9996385206,9996372915,48,2615
docs\inst_test\instancias\n_1000_2,300,20,7,10,0.1000,123,9996330629,9996316194,79,2615
docs\inst_test\instancias\n_1000_2,300,20,7,10,0.3000,2026,9999438838,9999429166,56,2615
docs\inst_test\instancias\n_1000_2,300,20,7,20,0.1000,42,9999331207,9999316534,43,2615
docs\inst_test\instancias\n_1000_2,300,20,7,20,0.1000,123,9996330629,9996316194,41,2615
docs\inst_test\instancias\n_1000_2,300,20,7,10,0.1000,2026,9998331097,9998316398,82,2615
docs\inst_test\instancias\n_1000_2,300,20,7,20,0.2000,42,9999858876,9999845001,40,2615
docs\inst_test\instancias\n_1000_2,300,20,7,10,0.3000,123,9996911904,9996900423,63,2615
docs\inst_test\instancias\n_1000_2,300,20,7,10,0.2000,123,9999912391,9999900751,73,2615
docs\inst_test\instancias\n_1000_2,300,20,7,10,0.3000,42,9998438516,9998428988,67,2615
docs\inst_test\instancias\n_1000_2,300,20,7,20,0.3000,42,9994911311,9994900125,37,2615
docs\inst_test\instancias\n_1000_2,300,20,7,20,0.2000,123,9998385547,9998372602,63,2615
docs\inst_test\instancias\n_1000_2,300,20,7,20,0.3000,2026,9998912310,9998901354,56,2615
docs\inst_test\instancias\n_1000_2,300,20,7,20,0.1000,2026,9998331097,9998316398,73,2615
docs\inst_test\instancias\n_1000_2,300,20,7,20,0.2000,2026,9996385206,9996372915,68,2615
docs\inst_test\instancias\n_1000_2,300,20,7,20,0.3000,123,9992384096,9992371960,67,2615
docs\inst_test\instancias\n_1000_2,300,20,10,5,0.3000,42,9999964929,9999957495,37,2615
docs\inst_test\instancias\n_1000_2,300,20,10,5,0.3000,2026,9999438838,9999429166,53,2615
docs\inst_test\instancias\n_1000_2,300,20,10,10,0.1000,123,9996330629,9996316194,51,2615
docs\inst_test\instancias\n_1000_2,300,20,10,5,0.2000,123,9999912391,9999900751,59,2615
docs\inst_test\instancias\n_1000_2,300,20,10,5,0.1000,42,9999331207,9999316534,88,2615
docs\inst_test\instancias\n_1000_2,300,20,10,5,0.2000,42,9999858876,9999845001,72,2615
docs\inst_test\instancias\n_1000_2,300,20,10,5,0.1000,123,9997330825,9997316169,75,2615
docs\inst_test\instancias\n_1000_2,300,20,10,5,0.3000,123,9999438622,9999429155,68,2615
docs\inst_test\instancias\n_1000_2,300,20,10,5,0.1000,2026,9998331097,9998316398,77,2615
docs\inst_test\instancias\n_1000_2,300,20,10,5,0.2000,2026,9998912519,9998900937,76,2615
docs\inst_test\instancias\n_1000_2,300,20,10,10,0.1000,42,9999331207,9999316534,82,2615
docs\inst_test\instancias\n_1000_2,300,20,10,10,0.3000,2026,9999438838,9999429166,36,2615
docs\inst_test\instancias\n_1000_2,300,20,10,10,0.1000,2026,9998331097,9998316398,72,2615
docs\inst_test\instancias\n_1000_2,300,20,10,10,0.3000,123,9996911904,9996900423,58,2615
docs\inst_test\instancias\n_1000_2,300,20,10,10,0.2000,42,9999858876,9999845001,72,2615
docs\inst_test\instancias\n_1000_2,300,20,10,10,0.3000,42,9998438516,9998428988,66,2615
docs\inst_test\instancias\n_1000_2,300,20,10,20,0.1000,42,9999331207,9999316534,51,2615
docs\inst_test\instancias\n_1000_2,300,20,10,10,0.2000,2026,9996385206,9996372915,74,2615
docs\inst_test\instancias\n_1000_2,300,20,10,10,0.2000,123,9999912391,9999900751,80,2615
docs\inst_test\instancias\n_1000_2,300,20,10,20,0.2000,123,9998385547,9998372602,45,2615
docs\inst_test\instancias\n_1000_2,300,20,10,20,0.3000,123,9992384096,9992371960,43,2615
docs\inst_test\instancias\n_1000_2,300,20,10,20,0.1000,2026,9998331097,9998316398,54,2615
docs\inst_test\instancias\n_1000_2,300,20,10,20,0.3000,42,9994911311,9994900125,49,2615
docs\inst_test\instancias\n_1000_2,300,20,10,20,0.3000,2026,9998912310,9998901354,50,2615
docs\inst_test\instancias\n_1000_2,300,20,15,5,0.1000,42,9999331207,9999316534,47,2615
docs\inst_test\instancias\n_1000_2,300,20,10,20,0.2000,42,9999858876,9999845001,72,2615
docs\inst_test\instancias\n_1000_2,300,20,10,20,0.1000,123,9996330629,9996316194,87,2615
docs\inst_test\instancias\n_1000_2,300,20,15,5,0.3000,123,9999438622,9999429155,38,2615
docs\inst_test\instancias\n_1000_2,300,20,10,20,0.2000,2026,9996385206,9996372915,82,2615
docs\inst_test\instancias\n_1000_2,300,20,15,5,0.3000,2026,9999438838,9999429166,37,2615
docs\inst_test\instancias\n_1000_2,300,20,15,5,0.1000,2026,9998331097,9998316398,63,2615
docs\inst_test\instancias\n_1000_2,300,20,15,5,0.1000,123,9997330825,9997316169,76,2615
docs\inst_test\instancias\n_1000_2,300,20,15,10,0.1000,123,9996330629,9996316194,53,2615
docs\inst_test\instancias\n_1000_2,300,20,15,5,0.3000,42,9999964929,9999957495,69,2615
docs\inst_test\instancias\n_1000_2,300,20,15,5,0.2000,2026,9998912519,9998900937,71,2615
docs\inst_test\instancias\n_1000_2,300,20,15,5,0.2000,42,9999858876,9999845001,78,2615
docs\inst_test\instancias\n_1000_2,300,20,15,10,0.3000,42,9998438516,9998428988,36,2615
docs\inst_test\instancias\n_1000_2,300,20,15,5,0.2000,123,9999912391,9999900751,77,2615
docs\inst_test\instancias\n_1000_2,300,20,15,10,0.1000,42,9999331207,9999316534,64,2615
docs\inst_test\instancias\n_1000_2,300,20,15,10,0.3000,123,9996911904,9996900423,37,2615
docs\inst_test\instancias\n_1000_2,300,20,15,10,0.2000,2026,9996385206,9996372915,53,2615
docs\inst_test\instancias\n_1000_2,300,20,15,10,0.2000,123,9999912391,9999900751,56,2615
docs\inst_test\instancias\n_1000_2,300,20,15,20,0.1000,42,9999331207,9999316534,43,2615
docs\inst_test\instancias\n_1000_2,300,20,15,10,0.1000,2026,9998331097,9998316398,80,2615
docs\inst_test\instancias\n_1000_2,300,20,15,10,0.2000,42,9999858876,9999845001,75,2615
docs\inst_test\instancias\n_1000_2,300,20,15,10,0.3000,2026,9999438838,9999429166,59,2615
docs\inst_test\instancias\n_1000_2,300,20,15,20,0.2000,42,9999858876,9999845001,39,2615
docs\inst_test\instancias\n_1000_2,300,20,15,20,0.1000,123,9996330629,9996316194,75,2615
docs\inst_test\instancias\n_1000_2,300,20,15,20,0.1000,2026,9998331097,9998316398,71,2615
docs\inst_test\instancias\n_1000_2,300,20,15,20,0.3000,2026,9998912310,9998901354,65,2615
docs\inst_test\instancias\n_1000_2,300,20,15,20,0.3000,42,9994911311,9994900125,71,2615
docs\inst_test\instancias\n_1000_2,300,20,15,20,0.2000,2026,9996385206,9996372915,77,2615
docs\inst_test\instancias\n_1000_2,300,20,15,20,0.2000,123,9998385547,9998372602,81,2615
docs\inst_test\instancias\n_1000_2,300,20,15,20,0.3000,123,9992384096,9992371960,83,2615
docs\inst_test\instancias\n_1000_2,500,10,7,5,0.2000,2026,9998912519,9998900937,69,2615
docs\inst_test\instancias\n_1000_2,500,10,7,5,0.3000,2026,9999438838,9999429166,63,2615
docs\inst_test\instancias\n_1000_2,500,10,7,5,0.2000,123,9999912391,9999900751,82,2615
docs\inst_test\instancias\n_1000_2,500,10,7,5,0.3000,123,9999438622,9999429155,89,2615
docs\inst_test\instancias\n_1000_2,500,10,7,5,0.1000,42,9999331207,9999316534,120,2615
docs\inst_test\instancias\n_1000_2,500,10,7,5,0.1000,123,9997330834,9997316081,117,2615
docs\inst_test\instancias\n_1000_2,500,10,7,5,0.1000,2026,9998331097,9998316398,117,2615
docs\inst_test\instancias\n_1000_2,500,10,7,5,0.3000,42,9999964929,9999957495,107,2615
docs\inst_test\instancias\n_1000_2,500,10,7,5,0.2000,42,9999858876,9999845001,131,2615
docs\inst_test\instancias\n_1000_2,500,10,7,10,0.3000,123,9999438622,9999429155,68,2615
docs\inst_test\instancias\n_1000_2,500,10,7,10,0.2000,42,9999858876,9999845001,92,2615
docs\inst_test\instancias\n_1000_2,500,10,7,10,0.2000,2026,9998912519,9998900937,87,2615
docs\inst_test\instancias\n_1000_2,500,10,7,10,0.1000,2026,9998331097,9998316398,107,2615
docs\inst_test\instancias\n_1000_2,500,10,7,10,0.3000,42,9999964929,9999957495,92,2615
docs\inst_test\instancias\n_1000_2,500,10,7,10,0.1000,123,9996330629,9996316194,121,2615
docs\inst_test\instancias\n_1000_2,500,10,7,10,0.3000,2026,9999438838,9999429166,94,2615
docs\inst_test\instancias\n_1000_2,500,10,7,20,0.2000,123,9999912391,9999900751,62,2615
docs\inst_test\instancias\n_1000_2,500,10,7,10,0.1000,42,9999331207,9999316534,137,2615
docs\inst_test\instancias\n_1000_2,500,10,7,10,0.2000,123,9999912391,9999900751,124,2615
docs\inst_test\instancias\n_1000_2,500,10,7,20,0.3000,2026,9999438838,9999429166,59,2615
docs\inst_test\instancias\n_1000_2,500,10,7,20,0.3000,123,9996911904,9996900423,65,2615
docs\inst_test\instancias\n_1000_2,500,10,7,20,0.1000,42,9999331207,9999316534,131,2615
docs\inst_test\instancias\n_1000_2,500,10,7,20,0.1000,2026,9998331097,9998316398,120,2615
docs\inst_test\instancias\n_1000_2,500,10,7,20,0.2000,42,9999858876,9999845001,124,2615
docs\inst_test\instancias\n_1000_2,500,10,7,20,0.3000,42,9999964923,9999957651,108,2615
docs\inst_test\instancias\n_1000_2,500,10,7,20,0.2000,2026,9996385206,9996372915,119,2615
docs\inst_test\instancias\n_1000_2,500,10,7,20,0.1000,123,9996330629,9996316194,138,2615
docs\inst_test\instancias\n_1000_2,500,10,10,5,0.1000,42,9999331207,9999316534,104,2615
docs\inst_test\instancias\n_1000_2,500,10,10,5,0.1000,123,9997330834,9997316081,100,2615
docs\inst_test\instancias\n_1000_2,500,10,10,5,0.3000,2026,9999438838,9999429166,63,2615
docs\inst_test\instancias\n_1000_2,500,10,10,5,0.2000,42,9999858876,9999845001,105,2615
docs\inst_test\instancias\n_1000_2,500,10,10,5,0.2000,123,9999912391,9999900751,101,2615
docs\inst_test\instancias\n_1000_2,500,10,10,5,0.1000,2026,9998331097,9998316398,120,2615
docs\inst_test\instancias\n_1000_2,500,10,10,5,0.2000,2026,9998912519,9998900937,108,2615
docs\inst_test\instancias\n_1000_2,500,10,10,5,0.3000,42,9999964929,9999957495,108,2615
docs\inst_test\instancias\n_1000_2,500,10,10,5,0.3000,123,9999438622,9999429155,104,2615
docs\inst_test\instancias\n_1000_2,500,10,10,10,0.1000,123,9996330629,9996316194,89,2615
docs\inst_test\instancias\n_1000_2,500,10,10,10,0.3000,2026,9999438838,9999429166,57,2615
docs\inst_test\instancias\n_1000_2,500,10,10,10,0.1000,2026,9998331097,9998316398,97,2615
docs\inst_test\instancias\n_1000_2,500,10,10,10,0.2000,2026,9998912519,9998900937,100,2615
docs\inst_test\instancias\n_1000_2,500,10,10,10,0.2000,123,9999912391,9999900751,105,2615
docs\inst_test\instancias\n_1000_2,500,10,10,10,0.1000,42,9999331207,9999316534,138,2615
docs\inst_test\instancias\n_1000_2,500,10,10,10,0.3000,42,9999964929,9999957495,106,2615
docs\inst_test\instancias\n_1000_2,500,10,10,10,0.3000,123,9999438622,9999429155,95,2615
docs\inst_test\instancias\n_1000_2,500,10,10,20,0.3000,42,9999964923,9999957651,78,2615
docs\inst_test\instancias\n_1000_2,500,10,10,20,0.1000,2026,9998331097,9998316398,93,2615
docs\inst_test\instancias\n_1000_2,500,10,10,10,0.2000,42,9999858876,9999845001,136,2615
docs\inst_test\instancias\n_1000_2,500,10,10,20,0.3000,2026,9999438838,9999429166,56,2615
docs\inst_test\instancias\n_1000_2,500,10,10,20,0.2000,42,9999858876,9999845001,94,2615
docs\inst_test\instancias\n_1000_2,500,10,10,20,0.1000,123,9996330629,9996316194,107,2615
docs\inst_test\instancias\n_1000_2,500,10,10,20,0.2000,2026,9996385206,9996372915,101,2615
docs\inst_test\instancias\n_1000_2,500,10,10,20,0.1000,42,9999331207,9999316534,120,2615
docs\inst_test\instancias\n_1000_2,500,10,10,20,0.3000,123,9996911904,9996900423,93,2615
docs\inst_test\instancias\n_1000_2,500,10,10,20,0.2000,123,9999912391,9999900751,119,2615
docs\inst_test\instancias\n_1000_2,500,10,15,5,0.3000,42,9999964929,9999957495,66,2615
docs\inst_test\instancias\n_1000_2,500,10,15,5,0.2000,42,9999858876,9999845001,90,2615
docs\inst_test\instancias\n_1000_2,500,10,15,10,0.1000,42,9999331207,9999316534,69,2615
docs\inst_test\instancias\n_1000_2,500,10,15,10,0.1000,123,9996330629,9996316194,71,2615
docs\inst_test\instancias\n_1000_2,500,10,15,5,0.2000,123,9999912391,9999900751,99,2615
docs\inst_test\instancias\n_1000_2,500,10,15,5,0.1000,123,9997330834,9997316081,107,2615
docs\inst_test\instancias\n_1000_2,500,10,15,5,0.3000,2026,9999438838,9999429166,77,2615
docs\inst_test\instancias\n_1000_2,500,10,15,10,0.2000,42,9999858876,9999845001,62,2615
docs\inst_test\instancias\n_1000_2,500,10,15,5,0.2000,2026,9998912519,9998900937,103,2615
docs\inst_test\instancias\n_1000_2,500,10,15,10,0.2000,2026,9998912519,9998900937,59,2615
docs\inst_test\instancias\n_1000_2,500,10,15,5,0.1000,2026,9998331097,9998316398,111,2615
docs\inst_test\instancias\n_1000_2,500,10,15,10,0.2000,123,9999912391,9999900751,73,2615
docs\inst_test\instancias\n_1000_2,500,10,15,5,0.3000,123,9999438622,9999429155,97,2615
docs\inst_test\instancias\n_1000_2,500,10,15,5,0.1000,42,9999331207,9999316534,143,2615
docs\inst_test\instancias\n_1000_2,500,10,15,10,0.1000,2026,9998331097,9998316398,102,2615
docs\inst_test\instancias\n_1000_2,500,10,15,10,0.3000,42,9999964929,9999957495,88,2615
docs\inst_test\instancias\n_1000_2,500,10,15,10,0.3000,2026,9999438838,9999429166,65,2615
docs\inst_test\instancias\n_1000_2,500,10,15,20,0.3000,42,9999964923,9999957651,52,2615
docs\inst_test\instancias\n_1000_2,500,10,15,20,0.3000,2026,9999438838,9999429166,58,2615
docs\inst_test\instancias\n_1000_2,500,10,15,20,0.3000,123,9996911904,9996900423,60,2615
docs\inst_test\instancias\n_1000_2,500,10,15,10,0.3000,123,9999438622,9999429155,81,2615
docs\inst_test\instancias\n_1000_2,500,10,15,20,0.2000,42,9999858876,9999845001,68,2615
docs\inst_test\instancias\n_1000_2,500,10,15,20,0.1000,42,9999331207,9999316534,99,2615
docs\inst_test\instancias\n_1000_2,500,10,15,20,0.1000,2026,9998331097,9998316398,102,2615
docs\inst_test\instancias\n_1000_2,500,15,7,5,0.1000,2026,9998331097,9998316398,81,2615
docs\inst_test\instancias\n_1000_2,500,10,15,20,0.1000,123,9996330629,9996316194,106,2615
docs\inst_test\instancias\n_1000_2,500,10,15,20,0.2000,2026,9996385206,9996372915,104,2615
docs\inst_test\instancias\n_1000_2,500,15,7,5,0.2000,123,9999912391,9999900751,62,2615
docs\inst_test\instancias\n_1000_2,500,10,15,20,0.2000,123,9999912391,9999900751,111,2615
docs\inst_test\instancias\n_1000_2,500,15,7,5,0.1000,42,9999331207,9999316534,98,2615
docs\inst_test\instancias\n_1000_2,500,15,7,5,0.2000,42,9999858876,9999845001,77,2615
docs\inst_test\instancias\n_1000_2,500,15,7,5,0.1000,123,9997330834,9997316081,104,2615
docs\inst_test\instancias\n_1000_2,500,15,7,10,0.1000,123,9996330629,9996316194,66,2615
docs\inst_test\instancias\n_1000_2,500,15,7,5,0.2000,2026,9998912519,9998900937,83,2615
docs\inst_test\instancias\n_1000_2,500,15,7,5,0.3000,42,9999964929,9999957495,87,2615
docs\inst_test\instancias\n_1000_2,500,15,7,5,0.3000,2026,9999438838,9999429166,89,2615
docs\inst_test\instancias\n_1000_2,500,15,7,5,0.3000,123,9999438622,9999429155,95,2615
docs\inst_test\instancias\n_1000_2,500,15,7,10,0.3000,2026,9999438838,9999429166,52,2615
docs\inst_test\instancias\n_1000_2,500,15,7,10,0.2000,42,9999858876,9999845001,69,2615
docs\inst_test\instancias\n_1000_2,500,15,7,20,0.1000,123,9996330629,9996316194,63,2615
docs\inst_test\instancias\n_1000_2,500,15,7,10,0.1000,42,9999331207,9999316534,122,2615
docs\inst_test\instancias\n_1000_2,500,15,7,10,0.2000,123,9999912391,9999900751,91,2615
docs\inst_test\instancias\n_1000_2,500,15,7,10,0.1000,2026,9998331097,9998316398,103,2615
docs\inst_test\instancias\n_1000_2,500,15,7,10,0.3000,42,9999964929,9999957495,91,2615
docs\inst_test\instancias\n_1000_2,500,15,7,10,0.3000,123,9999438622,9999429155,89,2615
docs\inst_test\instancias\n_1000_2,500,15,7,20,0.1000,42,9999331207,9999316534,84,2615
docs\inst_test\instancias\n_1000_2,500,15,7,20,0.2000,123,9999912391,9999900751,65,2615
docs\inst_test\instancias\n_1000_2,500,15,7,20,0.2000,2026,9996385206,9996372915,57,2615
docs\inst_test\instancias\n_1000_2,500,15,7,20,0.3000,42,9999964923,9999957651,55,2615
docs\inst_test\instancias\n_1000_2,500,15,7,10,0.2000,2026,9998912519,9998900937,108,2615
docs\inst_test\instancias\n_1000_2,500,15,7,20,0.3000,123,9996911904,9996900423,66,2615
docs\inst_test\instancias\n_1000_2,500,15,7,20,0.1000,2026,9998331097,9998316398,104,2615
docs\inst_test\instancias\n_1000_2,500,15,7,20,0.2000,42,9999858876,9999845001,110,2615
docs\inst_test\instancias\n_1000_2,500,15,7,20,0.3000,2026,9999438838,9999429166,81,2615
docs\inst_test\instancias\n_1000_2,500,15,10,5,0.1000,123,9997330834,9997316081,73,2615
docs\inst_test\instancias\n_1000_2,500,15,10,5,0.3000,2026,9999438838,9999429166,64,2615
docs\inst_test\instancias\n_1000_2,500,15,10,5,0.3000,42,9999964929,9999957495,79,2615
docs\inst_test\instancias\n_1000_2,500,15,10,10,0.1000,42,9999331207,9999316534,73,2615
docs\inst_test\instancias\n_1000_2,500,15,10,10,0.1000,123,9996330629,9996316194,67,2615
docs\inst_test\instancias\n_1000_2,500,15,10,5,0.2000,42,9999858876,9999845001,89,2615
docs\inst_test\instancias\n_1000_2,500,15,10,5,0.2000,2026,9998912519,9998900937,91,2615
docs\inst_test\instancias\n_1000_2,500,15,10,10,0.2000,42,9999858876,9999845001,63,2615
docs\inst_test\instancias\n_1000_2,500,15,10,5,0.2000,123,9999912391,9999900751,99,2615
docs\inst_test\instancias\n_1000_2,500,15,10,5,0.3000,123,9999438622,9999429155,97,2615
docs\inst_test\instancias\n_1000_2,500,15,10,10,0.2000,123,9999912391,9999900751,73,2615
docs\inst_test\instancias\n_1000_2,500,15,10,10,0.3000,123,9999438622,9999429155,53,2615
docs\inst_test\instancias\n_1000_2,500,15,10,5,0.1000,42,9999331207,9999316534,138,2615
docs\inst_test\instancias\n_1000_2,500,15,10,5,0.1000,2026,9998331097,9998316398,119,2615
docs\inst_test\instancias\n_1000_2,500,15,10,10,0.3000,42,9999964929,9999957495,72,2615
docs\inst_test\instancias\n_1000_2,500,15,10,10,0.1000,2026,9998331097,9998316398,107,2615
docs\inst_test\instancias\n_1000_2,500,15,10,10,0.3000,2026,9999438838,9999429166,67,2615
docs\inst_test\instancias\n_1000_2,500,15,10,10,0.2000,2026,9998912519,9998900937,90,2615
docs\inst_test\instancias\n_1000_2,500,15,10,20,0.1000,2026,9998331097,9998316398,64,2615
docs\inst_test\instancias\n_1000_2,500,15,10,20,0.1000,42,9999331207,9999316534,73,2615
docs\inst_test\instancias\n_1000_2,500,15,10,20,0.2000,123,9999912391,9999900751,68,2615
docs\inst_test\instancias\n_1000_2,500,15,10,20,0.1000,123,9996330629,9996316194,83,2615
docs\inst_test\instancias\n_1000_2,500,15,10,20,0.3000,42,9999964923,9999957651,82,2615
docs\inst_test\instancias\n_1000_2,500,15,15,5,0.1000,42,9999331207,9999316534,74,2615
docs\inst_test\instancias\n_1000_2,500,15,10,20,0.3000,123,9996911904,9996900423,87,2615
docs\inst_test\instancias\n_1000_2,500,15,10,20,0.2000,2026,9996385206,9996372915,97,2615
docs\inst_test\instancias\n_1000_2,500,15,10,20,0.2000,42,9999858876,9999845001,105,2615
docs\inst_test\instancias\n_1000_2,500,15,10,20,0.3000,2026,9999438838,9999429166,93,2615
docs\inst_test\instancias\n_1000_2,500,15,15,5,0.1000,2026,9998331097,9998316398,97,2615
docs\inst_test\instancias\n_1000_2,500,15,15,5,0.2000,2026,9998912519,9998900937,73,2615
docs\inst_test\instancias\n_1000_2,500,15,15,5,0.1000,123,9997330834,9997316081,103,2615
docs\inst_test\instancias\n_1000_2,500,15,15,5,0.2000,123,9999912391,9999900751,95,2615
docs\inst_test\instancias\n_1000_2,500,15,15,5,0.3000,2026,9999438838,9999429166,72,2615
docs\inst_test\instancias\n_1000_2,500,15,15,5,0.3000,123,9999438622,9999429155,79,2615
docs\inst_test\instancias\n_1000_2,500,15,15,5,0.2000,42,9999858876,9999845001,104,2615
docs\inst_test\instancias\n_1000_2,500,15,15,5,0.3000,42,9999964929,9999957495,87,2615
docs\inst_test\instancias\n_1000_2,500,15,15,10,0.3000,42,9999964929,9999957495,54,2615
docs\inst_test\instancias\n_1000_2,500,15,15,10,0.2000,42,9999858876,9999845001,63,2615
docs\inst_test\instancias\n_1000_2,500,15,15,10,0.1000,2026,9998331097,9998316398,66,2615
docs\inst_test\instancias\n_1000_2,500,15,15,10,0.1000,123,9996330629,9996316194,87,2615
docs\inst_test\instancias\n_1000_2,500,15,15,10,0.1000,42,9999331207,9999316534,109,2615
docs\inst_test\instancias\n_1000_2,500,15,15,10,0.3000,123,9999438622,9999429155,71,2615
docs\inst_test\instancias\n_1000_2,500,15,15,10,0.2000,123,9999912391,9999900751,89,2615
docs\inst_test\instancias\n_1000_2,500,15,15,10,0.2000,2026,9998912519,9998900937,93,2615
docs\inst_test\instancias\n_1000_2,500,15,15,10,0.3000,2026,9999438838,9999429166,73,2615
docs\inst_test\instancias\n_1000_2,500,15,15,20,0.2000,2026,9996385206,9996372915,79,2615
docs\inst_test\instancias\n_1000_2,500,15,15,20,0.2000,123,9999912391,9999900751,81,2615
docs\inst_test\instancias\n_1000_2,500,15,15,20,0.2000,42,9999858876,9999845001,84,2615
docs\inst_test\instancias\n_1000_2,500,15,15,20,0.1000,42,9999331207,9999316534,100,2615
docs\inst_test\instancias\n_1000_2,500,15,15,20,0.3000,42,9999964923,9999957651,88,2615
docs\inst_test\instancias\n_1000_2,500,15,15,20,0.3000,2026,9999438838,9999429166,75,2615
docs\inst_test\instancias\n_1000_2,500,15,15,20,0.1000,123,9996330629,9996316194,106,2615
docs\inst_test\instancias\n_1000_2,500,15,15,20,0.1000,2026,9998331097,9998316398,104,2615
docs\inst_test\instancias\n_1000_2,500,20,7,5,0.1000,42,9999331207,9999316534,84,2615
docs\inst_test\instancias\n_1000_2,500,15,15,20,0.3000,123,9996911904,9996900423,88,2615
docs\inst_test\instancias\n_1000_2,500,20,7,5,0.3000,42,9999964929,9999957495,54,2615
docs\inst_test\instancias\n_1000_2,500,20,7,5,0.1000,123,9997330834,9997316081,96,2615
docs\inst_test\instancias\n_1000_2,500,20,7,5,0.1000,2026,9998331097,9998316398,83,2615
docs\inst_test\instancias\n_1000_2,500,20,7,5,0.2000,42,9999858876,9999845001,90,2615
docs\inst_test\instancias\n_1000_2,500,20,7,5,0.3000,123,9999438622,9999429155,57,2615
docs\inst_test\instancias\n_1000_2,500,20,7,5,0.2000,123,9999912391,9999900751,92,2615
docs\inst_test\instancias\n_1000_2,500,20,7,10,0.1000,42,9999331207,9999316534,67,2615
docs\inst_test\instancias\n_1000_2,500,20,7,5,0.2000,2026,9998912519,9998900937,104,2615
docs\inst_test\instancias\n_1000_2,500,20,7,10,0.3000,123,9999438622,9999429155,60,2615
docs\inst_test\instancias\n_1000_2,500,20,7,10,0.2000,2026,9998912519,9998900937,69,2615
docs\inst_test\instancias\n_1000_2,500,20,7,10,0.3000,42,9999964929,9999957495,67,2615
docs\inst_test\instancias\n_1000_2,500,20,7,5,0.3000,2026,9999438838,9999429166,94,2615
docs\inst_test\instancias\n_1000_2,500,20,7,10,0.2000,123,9999912391,9999900751,81,2615
docs\inst_test\instancias\n_1000_2,500,20,7,10,0.2000,42,9999858876,9999845001,102,2615
docs\inst_test\instancias\n_1000_2,500,20,7,10,0.1000,123,9996330629,9996316194,111,2615
docs\inst_test\instancias\n_1000_2,500,20,7,10,0.3000,2026,9999438838,9999429166,90,2615
docs\inst_test\instancias\n_1000_2,500,20,7,20,0.2000,123,9999912391,9999900751,61,2615
docs\inst_test\instancias\n_1000_2,500,20,7,10,0.1000,2026,9998331097,9998316398,116,2615
docs\inst_test\instancias\n_1000_2,500,20,7,20,0.2000,42,9999858876,9999845001,71,2615
docs\inst_test\instancias\n_1000_2,500,20,7,20,0.1000,2026,9998331097,9998316398,75,2615
docs\inst_test\instancias\n_1000_2,500,20,7,20,0.1000,42,9999331207,9999316534,98,2615
docs\inst_test\instancias\n_1000_2,500,20,7,20,0.3000,42,9999964923,9999957651,60,2615
docs\inst_test\instancias\n_1000_2,500,20,7,20,0.2000,2026,9996385206,9996372915,74,2615
docs\inst_test\instancias\n_1000_2,500,20,7,20,0.1000,123,9996330629,9996316194,107,2615
docs\inst_test\instancias\n_1000_2,500,20,7,20,0.3000,123,9996911904,9996900423,69,2615
docs\inst_test\instancias\n_1000_2,500,20,10,5,0.1000,123,9997330834,9997316081,73,2615
docs\inst_test\instancias\n_1000_2,500,20,7,20,0.3000,2026,9999438838,9999429166,81,2615
docs\inst_test\instancias\n_1000_2,500,20,10,5,0.3000,123,9999438622,9999429155,58,2615
docs\inst_test\instancias\n_1000_2,500,20,10,5,0.1000,2026,9998331097,9998316398,87,2615
docs\inst_test\instancias\n_1000_2,500,20,10,5,0.2000,42,9999858876,9999845001,68,2615
docs\inst_test\instancias\n_1000_2,500,20,10,10,0.2000,42,9999858876,9999845001,62,2615
docs\inst_test\instancias\n_1000_2,500,20,10,10,0.2000,123,9999912391,9999900751,58,2615
docs\inst_test\instancias\n_1000_2,500,20,10,5,0.3000,42,9999964929,9999957495,94,2615
docs\inst_test\instancias\n_1000_2,500,20,10,5,0.1000,42,9999331207,9999316534,127,2615
docs\inst_test\instancias\n_1000_2,500,20,10,10,0.3000,42,9999964929,9999957495,51,2615
docs\inst_test\instancias\n_1000_2,500,20,10,5,0.3000,2026,9999438838,9999429166,95,2615
docs\inst_test\instancias\n_1000_2,500,20,10,5,0.2000,2026,9998912519,9998900937,102,2615
docs\inst_test\instancias\n_1000_2,500,20,10,10,0.1000,42,9999331207,9999316534,97,2615
docs\inst_test\instancias\n_1000_2,500,20,10,5,0.2000,123,9999912391,9999900751,113,2615
docs\inst_test\instancias\n_1000_2,500,20,10,20,0.1000,42,9999331207,9999316534,64,2615
docs\inst_test\instancias\n_1000_2,500,20,10,10,0.3000,2026,9999438838,9999429166,64,2615
docs\inst_test\instancias\n_1000_2,500,20,10,10,0.1000,123,9996330629,9996316194,110,2615
docs\inst_test\instancias\n_1000_2,500,20,10,10,0.2000,2026,9998912519,9998900937,94,2615
docs\inst_test\instancias\n_1000_2,500,20,10,10,0.3000,123,9999438622,9999429155,81,2615
docs\inst_test\instancias\n_1000_2,500,20,10,10,0.1000,2026,9998331097,9998316398,111,2615
docs\inst_test\instancias\n_1000_2,500,20,10,20,0.1000,123,9996330629,9996316194,75,2615
docs\inst_test\instancias\n_1000_2,500,20,10,20,0.3000,42,9999964923,9999957651,53,2615
docs\inst_test\instancias\n_1000_2,500,20,10,20,0.2000,2026,9996385206,9996372915,73,2615
docs\inst_test\instancias\n_1000_2,500,20,10,20,0.3000,123,9996911904,9996900423,72,2615
docs\inst_test\instancias\n_1000_2,500,20,10,20,0.2000,42,9999858876,9999845001,85,2615
docs\inst_test\instancias\n_1000_2,500,20,10,20,0.3000,2026,9999438838,9999429166,78,2615
docs\inst_test\instancias\n_1000_2,500,20,10,20,0.2000,123,9999912391,9999900751,92,2615
docs\inst_test\instancias\n_1000_2,500,20,15,5,0.1000,123,9997330834,9997316081,82,2615
docs\inst_test\instancias\n_1000_2,500,20,15,5,0.3000,2026,9999438838,9999429166,59,2615
docs\inst_test\instancias\n_1000_2,500,20,10,20,0.1000,2026,9998331097,9998316398,112,2615
docs\inst_test\instancias\n_1000_2,500,20,15,5,0.1000,42,9999331207,9999316534,97,2615
docs\inst_test\instancias\n_1000_2,500,20,15,5,0.2000,123,9999912391,9999900751,80,2615
docs\inst_test\instancias\n_1000_2,500,20,15,5,0.2000,42,9999858876,9999845001,88,2615
docs\inst_test\instancias\n_1000_2,500,20,15,5,0.2000,2026,9998912519,9998900937,85,2615
docs\inst_test\instancias\n_1000_2,500,20,15,10,0.1000,42,9999331207,9999316534,68,2615
docs\inst_test\instancias\n_1000_2,500,20,15,5,0.1000,2026,9998331097,9998316398,92,2615
docs\inst_test\instancias\n_1000_2,500,20,15,5,0.3000,42,9999964929,9999957495,100,2615
docs\inst_test\instancias\n_1000_2,500,20,15,5,0.3000,123,9999438622,9999429155,104,2615
docs\inst_test\instancias\n_1000_2,500,20,15,10,0.2000,42,9999858876,9999845001,65,2615
docs\inst_test\instancias\n_1000_2,500,20,15,10,0.1000,123,9996330629,9996316194,72,2615
docs\inst_test\instancias\n_1000_2,500,20,15,10,0.3000,123,9999438622,9999429155,62,2615
docs\inst_test\instancias\n_1000_2,500,20,15,10,0.2000,123,9999912391,9999900751,84,2615
docs\inst_test\instancias\n_1000_2,500,20,15,10,0.1000,2026,9998331097,9998316398,94,2615
docs\inst_test\instancias\n_1000_2,500,20,15,20,0.1000,42,9999331207,9999316534,68,2615
docs\inst_test\instancias\n_1000_2,500,20,15,10,0.3000,42,9999964929,9999957495,82,2615
docs\inst_test\instancias\n_1000_2,500,20,15,10,0.2000,2026,9998912519,9998900937,88,2615
docs\inst_test\instancias\n_1000_2,500,20,15,20,0.2000,123,9999912391,9999900751,57,2615
docs\inst_test\instancias\n_1000_2,500,20,15,20,0.2000,2026,9996385206,9996372915,60,2615
docs\inst_test\instancias\n_1000_2,500,20,15,10,0.3000,2026,9999438838,9999429166,81,2615
docs\inst_test\instancias\n_1000_2,500,20,15,20,0.3000,42,9999964923,9999957651,58,2615
docs\inst_test\instancias\n_1000_2,500,20,15,20,0.1000,123,9996330629,9996316194,80,2615
docs\inst_test\instancias\n_1000_2,500,20,15,20,0.2000,42,9999858876,9999845001,76,2615
docs\inst_test\instancias\n_1000_2,500,20,15,20,0.1000,2026,9998331097,9998316398,88,2615
docs\inst_test\instancias\n_1000_2,500,20,15,20,0.3000,2026,9999438838,9999429166,64,2615
docs\inst_test\instancias\n_1000_2,500,20,15,20,0.3000,123,9996911904,9996900423,73,2615
docs\inst_test\instancias\n_1000_3,100,10,7,5,0.3000,42,9996882774,9996881676,10,2070
docs\inst_test\instancias\n_1000_3,100,10,7,10,0.3000,42,9994539122,9994537986,10,2070
docs\inst_test\instancias\n_1000_3,100,10,7,10,0.1000,123,9994541334,9994539114,10,2070
docs\inst_test\instancias\n_1000_3,100,10,7,5,0.2000,42,9999229060,9999226468,11,2070
docs\inst_test\instancias\n_1000_3,100,10,7,5,0.3000,2026,9999226819,9999225611,10,2070
docs\inst_test\instancias\n_1000_3,100,10,7,5,0.1000,2026,9999229050,9999226581,11,2070
docs\inst_test\instancias\n_1000_3,100,10,7,5,0.1000,42,9994541304,9994538911,12,2070
docs\inst_test\instancias\n_1000_3,100,10,7,10,0.2000,2026,9999229022,9999226617,12,2070
docs\inst_test\instancias\n_1000_3,100,10,7,10,0.2000,42,9998448433,9998445626,16,2070
docs\inst_test\instancias\n_1000_3,100,10,7,5,0.1000,123,9994541336,9994539080,16,2070
docs\inst_test\instancias\n_1000_3,100,10,7,10,0.3000,123,9997665784,9997663583,9,2070
docs\inst_test\instancias\n_1000_3,100,10,7,20,0.1000,123,9991416953,9991414346,10,2070
docs\inst_test\instancias\n_1000_3,100,10,7,20,0.1000,42,9989073113,9989070474,10,2070
docs\inst_test\instancias\n_1000_3,100,10,7,20,0.2000,123,9994541384,9994539009,9,2070
docs\inst_test\instancias\n_1000_3,100,10,7,5,0.3000,123,9997665784,9997663583,21,2070
docs\inst_test\instancias\n_1000_3,100,10,7,5,0.2000,123,9997665779,9997663602,21,2070
docs\inst_test\instancias\n_1000_3,100,10,7,10,0.1000,2026,9991416933,9991414310,22,2070
docs\inst_test\instancias\n_1000_3,100,10,7,10,0.2000,123,9994541384,9994539009,23,2070
docs\inst_test\instancias\n_1000_3,100,10,7,10,0.1000,42,9989073113,9989070474,24,2070
docs\inst_test\instancias\n_1000_3,100,10,7,5,0.2000,2026,9999229022,9999226617,24,2070
docs\inst_test\instancias\n_1000_3,100,10,7,20,0.3000,42,9991414767,9991413262,10,2070
docs\inst_test\instancias\n_1000_3,100,10,7,20,0.3000,123,9997665756,9997663599,10,2070
docs\inst_test\instancias\n_1000_3,100,10,7,20,0.3000,2026,9997665743,9997663521,10,2070
docs\inst_test\instancias\n_1000_3,100,10,7,20,0.1000,2026,9991416933,9991414310,18,2070
docs\inst_test\instancias\n_1000_3,100,10,7,20,0.2000,42,9998448433,9998445626,18,2070
docs\inst_test\instancias\n_1000_3,100,10,7,10,0.3000,2026,9997665743,9997663521,20,2070
docs\inst_test\instancias\n_1000_3,100,10,7,20,0.2000,2026,9999229022,9999226617,18,2070
docs\inst_test\instancias\n_1000_3,100,10,10,5,0.1000,42,9994541304,9994538911,11,2070
docs\inst_test\instancias\n_1000_3,100,10,10,5,0.1000,2026,9999229050,9999226581,11,2070
docs\inst_test\instancias\n_1000_3,100,10,10,5,0.1000,123,9994541336,9994539080,14,2070
docs\inst_test\instancias\n_1000_3,100,10,10,10,0.1000,2026,9991416933,9991414310,10,2070
docs\inst_test\instancias\n_1000_3,100,10,10,10,0.1000,123,9994541334,9994539114,13,2070
docs\inst_test\instancias\n_1000_3,100,10,10,5,0.3000,123,9997665784,9997663583,15,2070
docs\inst_test\instancias\n_1000_3,100,10,10,5,0.2000,2026,9999229022,9999226617,18,2070
docs\inst_test\instancias\n_1000_3,100,10,10,10,0.3000,2026,9997665743,9997663521,9,2070
docs\inst_test\instancias\n_1000_3,100,10,10,10,0.3000,123,9997665784,9997663583,10,2070
docs\inst_test\instancias\n_1000_3,100,10,10,10,0.2000,42,9998448433,9998445626,14,2070
docs\inst_test\instancias\n_1000_3,100,10,10,5,0.2000,42,9999229060,9999226468,21,2070
docs\inst_test\instancias\n_1000_3,100,10,10,5,0.2000,123,9997665779,9997663602,21,2070
docs\inst_test\instancias\n_1000_3,100,10,10,5,0.3000,42,9996882774,9996881676,20,2070
docs\inst_test\instancias\n_1000_3,100,10,10,10,0.3000,42,9994539122,9994537986,14,2070
docs\inst_test\instancias\n_1000_3,100,10,10,10,0.2000,2026,9999229022,9999226617,14,2070
docs\inst_test\instancias\n_1000_3,100,10,10,5,0.3000,2026,9999226819,9999225611,21,2070
docs\inst_test\instancias\n_1000_3,100,10,10,10,0.2000,123,9994541384,9994539009,17,2070
docs\inst_test\instancias\n_1000_3,100,10,10,20,0.1000,123,9991416953,9991414346,10,2070
docs\inst_test\instancias\n_1000_3,100,10,10,10,0.1000,42,9989073113,9989070474,22,2070
docs\inst_test\instancias\n_1000_3,100,10,10,20,0.1000,42,9989073113,9989070474,14,2070
docs\inst_test\instancias\n_1000_3,100,10,10,20,0.2000,42,9998448433,9998445626,11,2070
docs\inst_test\instancias\n_1000_3,100,10,10,20,0.2000,2026,9999229022,9999226617,10,2070
docs\inst_test\instancias\n_1000_3,100,10,10,20,0.2000,123,9994541384,9994539009,11,2070
docs\inst_test\instancias\n_1000_3,100,10,10,20,0.3000,42,9991414767,9991413262,10,2070
docs\inst_test\instancias\n_1000_3,100,10,15,5,0.3000,42,9996882774,9996881676,9,2070
docs\inst_test\instancias\n_1000_3,100,10,15,5,0.3000,2026,9999226819,9999225611,11,2070
docs\inst_test\instancias\n_1000_3,100,10,10,20,0.3000,123,9997665756,9997663599,18,2070
docs\inst_test\instancias\n_1000_3,100,10,15,10,0.1000,42,9989073113,9989070474,10,2070
docs\inst_test\instancias\n_1000_3,100,10,10,20,0.1000,2026,9991416933,9991414310,22,2070
docs\inst_test\instancias\n_1000_3,100,10,15,10,0.1000,123,9994541334,9994539114,10,2070
docs\inst_test\instancias\n_1000_3,100,10,15,10,0.1000,2026,9991416933,9991414310,10,2070
docs\inst_test\instancias\n_1000_3,100,10,15,10,0.2000,42,9998448433,9998445626,10,2070
docs\inst_test\instancias\n_1000_3,100,10,15,5,0.2000,2026,9999229022,9999226617,17,2070
docs\inst_test\instancias\n_1000_3,100,10,15,5,0.2000,42,9999229060,9999226468,19,2070
docs\inst_test\instancias\n_1000_3,100,10,15,5,0.1000,2026,9999229050,9999226581,19,2070
docs\inst_test\instancias\n_1000_3,100,10,15,5,0.1000,123,9994541336,9994539080,20,2070
docs\inst_test\instancias\n_1000_3,100,10,15,5,0.1000,42,9994541304,9994538911,22,2070
docs\inst_test\instancias\n_1000_3,100,10,10,20,0.3000,2026,9997665743,9997663521,22,2070
docs\inst_test\instancias\n_1000_3,100,10,15,10,0.2000,123,9994541384,9994539009,10,2070
docs\inst_test\instancias\n_1000_3,100,10,15,5,0.2000,123,9997665779,9997663602,23,2070
docs\inst_test\instancias\n_1000_3,100,10,15,5,0.3000,123,9997665784,9997663583,21,2070
docs\inst_test\instancias\n_1000_3,100,10,15,10,0.3000,123,9997665784,9997663583,10,2070
docs\inst_test\instancias\n_1000_3,100,10,15,20,0.1000,42,9989073113,9989070474,9,2070
docs\inst_test\instancias\n_1000_3,100,10,15,20,0.1000,2026,9991416933,9991414310,9,2070
docs\inst_test\instancias\n_1000_3,100,10,15,20,0.2000,42,9998448433,9998445626,10,2070
docs\inst_test\instancias\n_1000_3,100,10,15,20,0.3000,42,9991414767,9991413262,12,2070
docs\inst_test\instancias\n_1000_3,100,10,15,20,0.1000,123,9991416953,9991414346,16,2070
docs\inst_test\instancias\n_1000_3,100,10,15,10,0.3000,42,9994539122,9994537986,18,2070
docs\inst_test\instancias\n_1000_3,100,10,15,10,0.2000,2026,9999229022,9999226617,19,2070
docs\inst_test\instancias\n_1000_3,100,10,15,20,0.2000,123,9994541384,9994539009,15,2070
docs\inst_test\instancias\n_1000_3,100,15,7,5,0.1000,42,9994541304,9994538911,10,2070
docs\inst_test\instancias\n_1000_3,100,10,15,10,0.3000,2026,9997665743,9997663521,20,2070
docs\inst_test\instancias\n_1000_3,100,15,7,5,0.2000,123,9997665779,9997663602,10,2070
docs\inst_test\instancias\n_1000_3,100,10,15,20,0.2000,2026,9999229022,9999226617,19,2070
docs\inst_test\instancias\n_1000_3,100,15,7,5,0.3000,42,9996882774,9996881676,10,2070
docs\inst_test\instancias\n_1000_3,100,15,7,5,0.3000,123,9997665784,9997663583,10,2070
docs\inst_test\instancias\n_1000_3,100,10,15,20,0.3000,2026,9997665743,9997663521,22,2070
docs\inst_test\instancias\n_1000_3,100,10,15,20,0.3000,123,9997665756,9997663599,22,2070
docs\inst_test\instancias\n_1000_3,100,15,7,5,0.2000,42,9999229060,9999226468,17,2070
docs\inst_test\instancias\n_1000_3,100,15,7,10,0.2000,42,9998448433,9998445626,11,2070
docs\inst_test\instancias\n_1000_3,100,15,7,5,0.2000,2026,9999229022,9999226617,18,2070
docs\inst_test\instancias\n_1000_3,100,15,7,10,0.1000,2026,9991416933,9991414310,11,2070
docs\inst_test\instancias\n_1000_3,100,15,7,5,0.1000,123,9994541336,9994539080,20,2070
docs\inst_test\instancias\n_1000_3,100,15,7,5,0.1000,2026,9999229050,9999226581,20,2070
docs\inst_test\instancias\n_1000_3,100,15,7,10,0.2000,2026,9999229022,9999226617,10,2070
docs\inst_test\instancias\n_1000_3,100,15,7,10,0.1000,123,9994541334,9994539114,16,2070
docs\inst_test\instancias\n_1000_3,100,15,7,10,0.3000,123,9997665784,9997663583,12,2070
docs\inst_test\instancias\n_1000_3,100,15,7,5,0.3000,2026,9999226819,9999225611,18,2070
docs\inst_test\instancias\n_1000_3,100,15,7,10,0.1000,42,9989073113,9989070474,18,2070
docs\inst_test\instancias\n_1000_3,100,15,7,20,0.1000,123,9991416953,9991414346,11,2070
docs\inst_test\instancias\n_1000_3,100,15,7,20,0.2000,42,9998448433,9998445626,9,2070
docs\inst_test\instancias\n_1000_3,100,15,7,10,0.3000,42,9994539122,9994537986,17,2070
docs\inst_test\instancias\n_1000_3,100,15,7,10,0.2000,123,9994541384,9994539009,19,2070
docs\inst_test\instancias\n_1000_3,100,15,7,20,0.3000,2026,9997665743,9997663521,9,2070
docs\inst_test\instancias\n_1000_3,100,15,7,10,0.3000,2026,9997665743,9997663521,15,2070
docs\inst_test\instancias\n_1000_3,100,15,7,20,0.1000,42,9989073113,9989070474,16,2070
docs\inst_test\instancias\n_1000_3,100,15,7,20,0.2000,123,9994541384,9994539009,15,2070
docs\inst_test\instancias\n_1000_3,100,15,7,20,0.2000,2026,9999229022,9999226617,17,2070
docs\inst_test\instancias\n_1000_3,100,15,7,20,0.1000,2026,9991416933,9991414310,18,2070
docs\inst_test\instancias\n_1000_3,100,15,10,5,0.1000,42,9994541304,9994538911,13,2070
docs\inst_test\instancias\n_1000_3,100,15,7,20,0.3000,123,9997665756,9997663599,18,2070
docs\inst_test\instancias\n_1000_3,100,15,7,20,0.3000,42,9991414767,9991413262,20,2070
docs\inst_test\instancias\n_1000_3,100,15,10,5,0.2000,2026,9999229022,9999226617,11,2070
docs\inst_test\instancias\n_1000_3,100,15,10,5,0.3000,2026,9999226819,9999225611,9,2070
docs\inst_test\instancias\n_1000_3,100,15,10,5,0.1000,123,9994541336,9994539080,16,2070
docs\inst_test\instancias\n_1000_3,100,15,10,5,0.1000,2026,9999229050,9999226581,15,2070
docs\inst_test\instancias\n_1000_3,100,15,10,5,0.2000,123,9997665779,9997663602,13,2070
docs\inst_test\instancias\n_1000_3,100,15,10,10,0.1000,2026,9991416933,9991414310,10,2070
docs\inst_test\instancias\n_1000_3,100,15,10,5,0.2000,42,9999229060,9999226468,20,2070
docs\inst_test\instancias\n_1000_3,100,15,10,10,0.2000,42,9998448433,9998445626,10,2070
docs\inst_test\instancias\n_1000_3,100,15,10,5,0.3000,42,9996882774,9996881676,17,2070
docs\inst_test\instancias\n_1000_3,100,15,10,10,0.3000,2026,9997665743,9997663521,9,2070
docs\inst_test\instancias\n_1000_3,100,15,10,20,0.1000,42,9989073113,9989070474,10,2070
docs\inst_test\instancias\n_1000_3,100,15,10,20,0.1000,2026,9991416933,9991414310,10,2070
docs\inst_test\instancias\n_1000_3,100,15,10,5,0.3000,123,9997665784,9997663583,20,2070
docs\inst_test\instancias\n_1000_3,100,15,10,10,0.1000,42,9989073113,9989070474,21,2070
docs\inst_test\instancias\n_1000_3,100,15,10,20,0.2000,42,9998448433,9998445626,12,2070
docs\inst_test\instancias\n_1000_3,100,15,10,10,0.1000,123,9994541334,9994539114,22,2070
docs\inst_test\instancias\n_1000_3,100,15,10,20,0.3000,42,9991414767,9991413262,10,2070
docs\inst_test\instancias\n_1000_3,100,15,10,10,0.3000,42,9994539122,9994537986,18,2070
docs\inst_test\instancias\n_1000_3,100,15,10,20,0.2000,123,9994541384,9994539009,14,2070
docs\inst_test\instancias\n_1000_3,100,15,10,10,0.2000,2026,9999229022,9999226617,21,2070
docs\inst_test\instancias\n_1000_3,100,15,10,20,0.3000,2026,9997665743,9997663521,9,2070
docs\inst_test\instancias\n_1000_3,100,15,10,20,0.1000,123,9991416953,9991414346,18,2070
docs\inst_test\instancias\n_1000_3,100,15,15,5,0.1000,42,9994541304,9994538911,11,2070
docs\inst_test\instancias\n_1000_3,100,15,10,10,0.2000,123,9994541384,9994539009,25,2070
docs\inst_test\instancias\n_1000_3,100,15,15,5,0.1000,2026,9999229050,9999226581,10,2070
docs\inst_test\instancias\n_1000_3,100,15,15,5,0.2000,42,9999229060,9999226468,9,2070
docs\inst_test\instancias\n_1000_3,100,15,10,10,0.3000,123,9997665784,9997663583,24,2070
docs\inst_test\instancias\n_1000_3,100,15,10,20,0.2000,2026,9999229022,9999226617,19,2070
docs\inst_test\instancias\n_1000_3,100,15,10,20,0.3000,123,9997665756,9997663599,19,2070
docs\inst_test\instancias\n_1000_3,100,15,15,10,0.1000,123,9994541334,9994539114,10,2070
docs\inst_test\instancias\n_1000_3,100,15,15,5,0.2000,123,9997665779,9997663602,15,2070
docs\inst_test\instancias\n_1000_3,100,15,15,5,0.3000,42,9996882774,9996881676,14,2070
docs\inst_test\instancias\n_1000_3,100,15,15,10,0.2000,42,9998448433,9998445626,10,2070
docs\inst_test\instancias\n_1000_3,100,15,15,5,0.1000,123,9994541336,9994539080,20,2070
docs\inst_test\instancias\n_1000_3,100,15,15,5,0.3000,123,9997665784,9997663583,15,2070
docs\inst_test\instancias\n_1000_3,100,15,15,10,0.3000,42,9994539122,9994537986,10,2070
docs\inst_test\instancias\n_1000_3,100,15,15,10,0.2000,2026,9999229022,9999226617,10,2070
docs\inst_test\instancias\n_1000_3,100,15,15,5,0.2000,2026,9999229022,9999226617,19,2070
docs\inst_test\instancias\n_1000_3,100,15,15,10,0.1000,42,9989073113,9989070474,19,2070
docs\inst_test\instancias\n_1000_3,100,15,15,20,0.1000,123,9991416953,9991414346,10,2070
docs\inst_test\instancias\n_1000_3,100,15,15,20,0.1000,2026,9991416933,9991414310,10,2070
docs\inst_test\instancias\n_1000_3,100,15,15,5,0.3000,2026,9999226819,9999225611,21,2070
docs\inst_test\instancias\n_1000_3,100,15,15,10,0.1000,2026,9991416933,9991414310,20,2070
docs\inst_test\instancias\n_1000_3,100,15,15,20,0.2000,123,9994541384,9994539009,10,2070
docs\inst_test\instancias\n_1000_3,100,15,15,20,0.3000,42,9991414767,9991413262,10,2070
docs\inst_test\instancias\n_1000_3,100,15,15,20,0.3000,123,9997665756,9997663599,10,2070
docs\inst_test\instancias\n_1000_3,100,15,15,20,0.3000,2026,9997665743,9997663521,10,2070
docs\inst_test\instancias\n_1000_3,100,15,15,10,0.3000,2026,9997665743,9997663521,18,2070
docs\inst_test\instancias\n_1000_3,100,15,15,20,0.1000,42,9989073113,9989070474,18,2070
docs\inst_test\instancias\n_1000_3,100,15,15,10,0.2000,123,9994541384,9994539009,25,2070
docs\inst_test\instancias\n_1000_3,100,15,15,10,0.3000,123,9997665784,9997663583,25,2070
docs\inst_test\instancias\n_1000_3,100,15,15,20,0.2000,42,9998448433,9998445626,19,2070
docs\inst_test\instancias\n_1000_3,100,15,15,20,0.2000,2026,9999229022,9999226617,18,2070
docs\inst_test\instancias\n_1000_3,100,20,7,5,0.1000,42,9994541304,9994538911,15,2070
docs\inst_test\instancias\n_1000_3,100,20,7,5,0.3000,42,9996882774,9996881676,9,2070
docs\inst_test\instancias\n_1000_3,100,20,7,5,0.1000,123,9994541336,9994539080,13,2070
docs\inst_test\instancias\n_1000_3,100,20,7,5,0.2000,2026,9999229022,9999226617,13,2070
docs\inst_test\instancias\n_1000_3,100,20,7,5,0.1000,2026,9999229050,9999226581,15,2070
docs\inst_test\instancias\n_1000_3,100,20,7,5,0.2000,42,9999229060,9999226468,14,2070
docs\inst_test\instancias\n_1000_3,100,20,7,5,0.3000,123,9997665784,9997663583,17,2070
docs\inst_test\instancias\n_1000_3,100,20,7,5,0.3000,2026,9999226819,9999225611,17,2070
docs\inst_test\instancias\n_1000_3,100,20,7,10,0.3000,123,9997665784,9997663583,10,2070
docs\inst_test\instancias\n_1000_3,100,20,7,10,0.3000,2026,9997665743,9997663521,9,2070
docs\inst_test\instancias\n_1000_3,100,20,7,10,0.1000,42,9989073113,9989070474,18,2070
docs\inst_test\instancias\n_1000_3,100,20,7,10,0.1000,123,9994541334,9994539114,19,2070
docs\inst_test\instancias\n_1000_3,100,20,7,10,0.1000,2026,9991416933,9991414310,18,2070
docs\inst_test\instancias\n_1000_3,100,20,7,5,0.2000,123,9997665779,9997663602,24,2070
docs\inst_test\instancias\n_1000_3,100,20,7,20,0.1000,2026,9991416933,9991414310,11,2070
docs\inst_test\instancias\n_1000_3,100,20,7,20,0.1000,123,9991416953,9991414346,13,2070
docs\inst_test\instancias\n_1000_3,100,20,7,20,0.1000,42,9989073113,9989070474,14,2070
docs\inst_test\instancias\n_1000_3,100,20,7,10,0.2000,123,9994541384,9994539009,17,2070
docs\inst_test\instancias\n_1000_3,100,20,7,10,0.3000,42,9994539122,9994537986,17,2070
docs\inst_test\instancias\n_1000_3,100,20,7,10,0.2000,42,9998448433,9998445626,21,2070
docs\inst_test\instancias\n_1000_3,100,20,7,10,0.2000,2026,9999229022,9999226617,19,2070
docs\inst_test\instancias\n_1000_3,100,20,7,20,0.3000,123,9997665756,9997663599,10,2070
docs\inst_test\instancias\n_1000_3,100,20,7,20,0.2000,42,9998448433,9998445626,17,2070
docs\inst_test\instancias\n_1000_3,100,20,7,20,0.2000,123,9994541384,9994539009,12,2070
docs\inst_test\instancias\n_1000_3,100,20,10,5,0.2000,42,9999229060,9999226468,10,2070
docs\inst_test\instancias\n_1000_3,100,20,10,5,0.2000,2026,9999229022,9999226617,11,2070
docs\inst_test\instancias\n_1000_3,100,20,7,20,0.3000,42,9991414767,9991413262,17,2070
docs\inst_test\instancias\n_1000_3,100,20,7,20,0.3000,2026,9997665743,9997663521,18,2070
docs\inst_test\instancias\n_1000_3,100,20,10,10,0.1000,123,9994541334,9994539114,9,2070
docs\inst_test\instancias\n_1000_3,100,20,10,5,0.1000,2026,9999229050,9999226581,17,2070
docs\inst_test\instancias\n_1000_3,100,20,10,10,0.2000,42,9998448433,9998445626,9,2070
docs\inst_test\instancias\n_1000_3,100,20,10,10,0.1000,42,9989073113,9989070474,11,2070
docs\inst_test\instancias\n_1000_3,100,20,7,20,0.2000,2026,9999229022,9999226617,22,2070
docs\inst_test\instancias\n_1000_3,100,20,10,5,0.1000,42,9994541304,9994538911,20,2070
docs\inst_test\instancias\n_1000_3,100,20,10,5,0.1000,123,9994541336,9994539080,20,2070
docs\inst_test\instancias\n_1000_3,100,20,10,10,0.1000,2026,9991416933,9991414310,13,2070
docs\inst_test\instancias\n_1000_3,100,20,10,5,0.2000,123,9997665779,9997663602,18,2070
docs\inst_test\instancias\n_1000_3,100,20,10,10,0.2000,123,9994541384,9994539009,10,2070
docs\inst_test\instancias\n_1000_3,100,20,10,5,0.3000,123,9997665784,9997663583,19,2070
docs\inst_test\instancias\n_1000_3,100,20,10,5,0.3000,42,9996882774,9996881676,20,2070
docs\inst_test\instancias\n_1000_3,100,20,10,5,0.3000,2026,9999226819,9999225611,19,2070
docs\inst_test\instancias\n_1000_3,100,20,10,10,0.3000,2026,9997665743,9997663521,10,2070
docs\inst_test\instancias\n_1000_3,100,20,10,20,0.1000,42,9989073113,9989070474,10,2070
docs\inst_test\instancias\n_1000_3,100,20,10,20,0.1000,123,9991416953,9991414346,10,2070
docs\inst_test\instancias\n_1000_3,100,20,10,20,0.1000,2026,9991416933,9991414310,10,2070
docs\inst_test\instancias\n_1000_3,100,20,10,10,0.3000,42,9994539122,9994537986,17,2070
docs\inst_test\instancias\n_1000_3,100,20,10,20,0.3000,2026,9997665743,9997663521,9,2070
docs\inst_test\instancias\n_1000_3,100,20,10,10,0.2000,2026,9999229022,9999226617,18,2070
docs\inst_test\instancias\n_1000_3,100,20,10,20,0.3000,42,9991414767,9991413262,13,2070
docs\inst_test\instancias\n_1000_3,100,20,10,10,0.3000,123,9997665784,9997663583,20,2070
docs\inst_test\instancias\n_1000_3,100,20,15,5,0.2000,42,9999229060,9999226468,11,2070
docs\inst_test\instancias\n_1000_3,100,20,10,20,0.2000,123,9994541384,9994539009,18,2070
docs\inst_test\instancias\n_1000_3,100,20,15,5,0.3000,42,9996882774,9996881676,10,2070
docs\inst_test\instancias\n_1000_3,100,20,10,20,0.2000,2026,9999229022,9999226617,17,2070
docs\inst_test\instancias\n_1000_3,100,20,10,20,0.3000,123,9997665756,9997663599,17,2070
docs\inst_test\instancias\n_1000_3,100,20,15,5,0.2000,2026,9999229022,9999226617,11,2070
docs\inst_test\instancias\n_1000_3,100,20,15,5,0.1000,2026,9999229050,9999226581,14,2070
docs\inst_test\instancias\n_1000_3,100,20,15,5,0.3000,2026,9999226819,9999225611,10,2070
docs\inst_test\instancias\n_1000_3,100,20,15,5,0.3000,123,9997665784,9997663583,10,2070
docs\inst_test\instancias\n_1000_3,100,20,15,5,0.1000,42,9994541304,9994538911,20,2070
docs\inst_test\instancias\n_1000_3,100,20,10,20,0.2000,42,9998448433,9998445626,25,2070
docs\inst_test\instancias\n_1000_3,100,20,15,5,0.2000,123,9997665779,9997663602,19,2070
docs\inst_test\instancias\n_1000_3,100,20,15,10,0.2000,42,9998448433,9998445626,9,2070
docs\inst_test\instancias\n_1000_3,100,20,15,10,0.1000,123,9994541334,9994539114,16,2070
docs\inst_test\instancias\n_1000_3,100,20,15,10,0.2000,2026,9999229022,9999226617,11,2070
docs\inst_test\instancias\n_1000_3,100,20,15,20,0.1000,42,9989073113,9989070474,10,2070
docs\inst_test\instancias\n_1000_3,100,20,15,5,0.1000,123,9994541336,9994539080,26,2070
docs\inst_test\instancias\n_1000_3,100,20,15,10,0.1000,2026,9991416933,9991414310,13,2070
docs\inst_test\instancias\n_1000_3,100,20,15,10,0.3000,2026,9997665743,9997663521,11,2070
docs\inst_test\instancias\n_1000_3,100,20,15,10,0.1000,42,9989073113,9989070474,20,2070
docs\inst_test\instancias\n_1000_3,100,20,15,10,0.3000,42,9994539122,9994537986,18,2070
docs\inst_test\instancias\n_1000_3,100,20,15,10,0.2000,123,9994541384,9994539009,18,2070
docs\inst_test\instancias\n_1000_3,100,20,15,10,0.3000,123,9997665784,9997663583,19,2070
docs\inst_test\instancias\n_1000_3,100,20,15,20,0.3000,42,9991414767,9991413262,9,2070
docs\inst_test\instancias\n_1000_3,100,20,15,20,0.3000,2026,9997665743,9997663521,9,2070
docs\inst_test\instancias\n_1000_3,100,20,15,20,0.3000,123,9997665756,9997663599,10,2070
docs\inst_test\instancias\n_1000_3,100,20,15,20,0.1000,2026,9991416933,9991414310,19,2070
docs\inst_test\instancias\n_1000_3,100,20,15,20,0.2000,42,9998448433,9998445626,18,2070
docs\inst_test\instancias\n_1000_3,100,20,15,20,0.1000,123,9991416953,9991414346,23,2070
docs\inst_test\instancias\n_1000_3,100,20,15,20,0.2000,123,9994541384,9994539009,26,2070
docs\inst_test\instancias\n_1000_3,100,20,15,20,0.2000,2026,9999229022,9999226617,26,2070
docs\inst_test\instancias\n_1000_3,300,10,7,5,0.1000,2026,9999229056,9999226515,35,2070
docs\inst_test\instancias\n_1000_3,300,10,7,5,0.3000,2026,9999226819,9999225611,31,2070
docs\inst_test\instancias\n_1000_3,300,10,7,10,0.1000,2026,9999229050,9999226581,33,2070
docs\inst_test\instancias\n_1000_3,300,10,7,10,0.2000,42,9999229060,9999226468,38,2070
docs\inst_test\instancias\n_1000_3,300,10,7,5,0.1000,123,9997665742,9997663608,51,2070
docs\inst_test\instancias\n_1000_3,300,10,7,5,0.3000,123,9999226830,9999225390,45,2070
docs\inst_test\instancias\n_1000_3,300,10,7,5,0.1000,42,9997665743,9997663580,55,2070
docs\inst_test\instancias\n_1000_3,300,10,7,10,0.2000,2026,9999229022,9999226617,34,2070
docs\inst_test\instancias\n_1000_3,300,10,7,5,0.2000,42,9999229060,9999226468,58,2070
docs\inst_test\instancias\n_1000_3,300,10,7,5,0.3000,42,9997663476,9997662529,53,2070
docs\inst_test\instancias\n_1000_3,300,10,7,5,0.2000,123,9999226821,9999225587,58,2070
docs\inst_test\instancias\n_1000_3,300,10,7,10,0.3000,123,9999226830,9999225390,28,2070
docs\inst_test\instancias\n_1000_3,300,10,7,10,0.1000,123,9994541361,9994539056,56,2070
docs\inst_test\instancias\n_1000_3,300,10,7,10,0.3000,2026,9999226819,9999225611,28,2070
docs\inst_test\instancias\n_1000_3,300,10,7,5,0.2000,2026,9999229022,9999226617,61,2070
docs\inst_test\instancias\n_1000_3,300,10,7,10,0.1000,42,9995321912,9995319949,59,2070
docs\inst_test\instancias\n_1000_3,300,10,7,20,0.1000,42,9994541353,9994538947,34,2070
docs\inst_test\instancias\n_1000_3,300,10,7,10,0.3000,42,9996882989,9996881818,56,2070
docs\inst_test\instancias\n_1000_3,300,10,7,10,0.2000,123,9998446306,9998444700,69,2070
docs\inst_test\instancias\n_1000_3,300,10,7,20,0.1000,123,9994541336,9994539080,34,2070
docs\inst_test\instancias\n_1000_3,300,10,7,20,0.3000,123,9998446310,9998444536,28,2070
docs\inst_test\instancias\n_1000_3,300,10,7,20,0.2000,42,9999229060,9999226468,42,2070
docs\inst_test\instancias\n_1000_3,300,10,7,20,0.2000,2026,9999229022,9999226617,40,2070
docs\inst_test\instancias\n_1000_3,300,10,10,5,0.1000,2026,9999229056,9999226515,37,2070
docs\inst_test\instancias\n_1000_3,300,10,7,20,0.3000,2026,9999226819,9999225611,43,2070
docs\inst_test\instancias\n_1000_3,300,10,10,5,0.2000,123,9999226821,9999225587,36,2070
docs\inst_test\instancias\n_1000_3,300,10,10,5,0.1000,42,9997665743,9997663580,41,2070
docs\inst_test\instancias\n_1000_3,300,10,7,20,0.1000,2026,9999229050,9999226581,54,2070
docs\inst_test\instancias\n_1000_3,300,10,7,20,0.2000,123,9997665784,9997663639,52,2070
docs\inst_test\instancias\n_1000_3,300,10,7,20,0.3000,42,9996882984,9996881744,51,2070
docs\inst_test\instancias\n_1000_3,300,10,10,5,0.3000,42,9997663476,9997662529,38,2070
docs\inst_test\instancias\n_1000_3,300,10,10,5,0.2000,2026,9999229022,9999226617,45,2070
docs\inst_test\instancias\n_1000_3,300,10,10,5,0.3000,2026,9999226819,9999225611,41,2070
docs\inst_test\instancias\n_1000_3,300,10,10,5,0.1000,123,9997665742,9997663608,61,2070
docs\inst_test\instancias\n_1000_3,300,10,10,10,0.1000,42,9995321912,9995319949,41,2070
docs\inst_test\instancias\n_1000_3,300,10,10,5,0.2000,42,9999229060,9999226468,64,2070
docs\inst_test\instancias\n_1000_3,300,10,10,10,0.2000,42,9999229060,9999226468,33,2070
docs\inst_test\instancias\n_1000_3,300,10,10,10,0.3000,123,9999226830,9999225390,31,2070
docs\inst_test\instancias\n_1000_3,300,10,10,10,0.2000,123,9998446306,9998444700,36,2070
docs\inst_test\instancias\n_1000_3,300,10,10,10,0.3000,42,9996882989,9996881818,40,2070
docs\inst_test\instancias\n_1000_3,300,10,10,20,0.1000,42,9994541353,9994538947,38,2070
docs\inst_test\instancias\n_1000_3,300,10,10,10,0.1000,123,9994541361,9994539065,57,2070
docs\inst_test\instancias\n_1000_3,300,10,10,10,0.2000,2026,9999229022,9999226617,50,2070
docs\inst_test\instancias\n_1000_3,300,10,10,5,0.3000,123,9999226830,9999225390,71,2070
docs\inst_test\instancias\n_1000_3,300,10,10,20,0.2000,42,9999229060,9999226468,35,2070
docs\inst_test\instancias\n_1000_3,300,10,10,10,0.3000,2026,9999226819,9999225611,54,2070
docs\inst_test\instancias\n_1000_3,300,10,10,20,0.3000,2026,9999226819,9999225611,27,2070
docs\inst_test\instancias\n_1000_3,300,10,10,10,0.1000,2026,9999229050,9999226581,71,2070
docs\inst_test\instancias\n_1000_3,300,10,10,20,0.3000,42,9996882984,9996881744,37,2070
docs\inst_test\instancias\n_1000_3,300,10,10,20,0.1000,123,9994541336,9994539080,51,2070
docs\inst_test\instancias\n_1000_3,300,10,10,20,0.1000,2026,9999229050,9999226581,46,2070
docs\inst_test\instancias\n_1000_3,300,10,10,20,0.2000,2026,9999229022,9999226617,47,2070
docs\inst_test\instancias\n_1000_3,300,10,10,20,0.3000,123,9998446310,9998444536,40,2070
docs\inst_test\instancias\n_1000_3,300,10,15,5,0.1000,123,9997665742,9997663608,33,2070
docs\inst_test\instancias\n_1000_3,300,10,10,20,0.2000,123,9997665784,9997663639,53,2070
docs\inst_test\instancias\n_1000_3,300,10,15,5,0.1000,42,9997665743,9997663580,48,2070
docs\inst_test\instancias\n_1000_3,300,10,15,5,0.3000,42,9997663476,9997662529,29,2070
docs\inst_test\instancias\n_1000_3,300,10,15,5,0.3000,2026,9999226819,9999225611,31,2070
docs\inst_test\instancias\n_1000_3,300,10,15,5,0.2000,42,9999229060,9999226468,42,2070
docs\inst_test\instancias\n_1000_3,300,10,15,5,0.2000,123,9999226821,9999225587,45,2070
docs\inst_test\instancias\n_1000_3,300,10,15,10,0.1000,123,9994541361,9994539065,33,2070
docs\inst_test\instancias\n_1000_3,300,10,15,10,0.3000,42,9996882989,9996881818,33,2070
docs\inst_test\instancias\n_1000_3,300,10,15,5,0.1000,2026,9999229056,9999226515,68,2070
docs\inst_test\instancias\n_1000_3,300,10,15,10,0.3000,2026,9999226819,9999225611,29,2070
docs\inst_test\instancias\n_1000_3,300,10,15,10,0.1000,42,9995321912,9995319949,52,2070
docs\inst_test\instancias\n_1000_3,300,10,15,10,0.3000,123,9999226830,9999225390,38,2070
docs\inst_test\instancias\n_1000_3,300,10,15,5,0.2000,2026,9999229022,9999226617,63,2070
docs\inst_test\instancias\n_1000_3,300,10,15,5,0.3000,123,9999226830,9999225390,58,2070
docs\inst_test\instancias\n_1000_3,300,10,15,20,0.1000,42,9994541353,9994538947,30,2070
docs\inst_test\instancias\n_1000_3,300,10,15,10,0.1000,2026,9999229050,9999226581,54,2070
docs\inst_test\instancias\n_1000_3,300,10,15,20,0.1000,123,9994541336,9994539080,29,2070
docs\inst_test\instancias\n_1000_3,300,10,15,10,0.2000,123,9998446306,9998444700,58,2070
docs\inst_test\instancias\n_1000_3,300,10,15,20,0.2000,123,9997665784,9997663639,34,2070
docs\inst_test\instancias\n_1000_3,300,10,15,10,0.2000,2026,9999229022,9999226617,66,2070
docs\inst_test\instancias\n_1000_3,300,10,15,10,0.2000,42,9999229060,9999226468,72,2070
docs\inst_test\instancias\n_1000_3,300,10,15,20,0.3000,123,9998446310,9998444536,27,2070
docs\inst_test\instancias\n_1000_3,300,10,15,20,0.1000,2026,9999229050,9999226581,55,2070
docs\inst_test\instancias\n_1000_3,300,15,7,5,0.1000,42,9997665743,9997663580,34,2070
docs\inst_test\instancias\n_1000_3,300,10,15,20,0.3000,2026,9999226819,9999225611,39,2070
docs\inst_test\instancias\n_1000_3,300,15,7,5,0.2000,2026,9999229022,9999226617,34,2070
docs\inst_test\instancias\n_1000_3,300,10,15,20,0.2000,42,9999229060,9999226468,61,2070
docs\inst_test\instancias\n_1000_3,300,10,15,20,0.2000,2026,9999229022,9999226617,51,2070
docs\inst_test\instancias\n_1000_3,300,15,7,5,0.1000,2026,9999229056,9999226515,44,2070
docs\inst_test\instancias\n_1000_3,300,15,7,5,0.2000,42,9999229060,9999226468,51,2070
docs\inst_test\instancias\n_1000_3,300,15,7,5,0.3000,42,9997663476,9997662529,36,2070
docs\inst_test\instancias\n_1000_3,300,15,7,5,0.3000,123,9999226830,9999225390,37,2070
docs\inst_test\instancias\n_1000_3,300,15,7,5,0.1000,123,9997665742,9997663608,54,2070
docs\inst_test\instancias\n_1000_3,300,15,7,10,0.1000,42,9995321912,9995319949,31,2070
docs\inst_test\instancias\n_1000_3,300,10,15,20,0.3000,42,9996882984,9996881744,59,2070
docs\inst_test\instancias\n_1000_3,300,15,7,5,0.2000,123,9999226821,9999225587,58,2070
docs\inst_test\instancias\n_1000_3,300,15,7,10,0.1000,123,9994541361,9994539056,45,2070
docs\inst_test\instancias\n_1000_3,300,15,7,10,0.2000,42,9999229060,9999226468,41,2070
docs\inst_test\instancias\n_1000_3,300,15,7,10,0.3000,123,9999226830,9999225390,35,2070
docs\inst_test\instancias\n_1000_3,300,15,7,5,0.3000,2026,9999226819,9999225611,56,2070
docs\inst_test\instancias\n_1000_3,300,15,7,20,0.1000,123,9994541336,9994539080,30,2070
docs\inst_test\instancias\n_1000_3,300,15,7,20,0.2000,123,9997665784,9997663639,29,2070
docs\inst_test\instancias\n_1000_3,300,15,7,20,0.1000,2026,9999229050,9999226581,31,2070
docs\inst_test\instancias\n_1000_3,300,15,7,10,0.3000,42,9996882989,9996881818,42,2070
docs\inst_test\instancias\n_1000_3,300,15,7,20,0.2000,2026,9999229022,9999226617,28,2070
docs\inst_test\instancias\n_1000_3,300,15,7,10,0.1000,2026,9999229050,9999226581,60,2070
docs\inst_test\instancias\n_1000_3,300,15,7,10,0.2000,123,9998446306,9998444700,54,2070
docs\inst_test\instancias\n_1000_3,300,15,7,20,0.2000,42,9999229060,9999226468,39,2070
docs\inst_test\instancias\n_1000_3,300,15,7,10,0.2000,2026,9999229022,9999226617,66,2070
docs\inst_test\instancias\n_1000_3,300,15,7,20,0.3000,42,9996882984,9996881744,47,2070
docs\inst_test\instancias\n_1000_3,300,15,7,10,0.3000,2026,9999226819,9999225611,66,2070
docs\inst_test\instancias\n_1000_3,300,15,10,5,0.2000,123,9999226821,9999225587,31,2070
docs\inst_test\instancias\n_1000_3,300,15,10,5,0.1000,2026,9999229056,9999226515,36,2070
docs\inst_test\instancias\n_1000_3,300,15,7,20,0.1000,42,9994541353,9994538947,68,2070
docs\inst_test\instancias\n_1000_3,300,15,10,5,0.3000,42,9997663476,9997662529,37,2070
docs\inst_test\instancias\n_1000_3,300,15,10,5,0.2000,2026,9999229022,9999226617,38,2070
docs\inst_test\instancias\n_1000_3,300,15,7,20,0.3000,2026,9999226819,9999225611,48,2070
docs\inst_test\instancias\n_1000_3,300,15,10,5,0.1000,123,9997665742,9997663608,45,2070
docs\inst_test\instancias\n_1000_3,300,15,10,10,0.1000,42,9995321912,9995319949,32,2070
docs\inst_test\instancias\n_1000_3,300,15,10,5,0.2000,42,9999229060,9999226468,44,2070
docs\inst_test\instancias\n_1000_3,300,15,10,5,0.1000,42,9997665743,9997663580,52,2070
docs\inst_test\instancias\n_1000_3,300,15,7,20,0.3000,123,9998446310,9998444536,67,2070
docs\inst_test\instancias\n_1000_3,300,15,10,5,0.3000,123,9999226830,9999225390,49,2070
docs\inst_test\instancias\n_1000_3,300,15,10,10,0.2000,123,9998446306,9998444700,30,2070
docs\inst_test\instancias\n_1000_3,300,15,10,10,0.2000,2026,9999229022,9999226617,31,2070
docs\inst_test\instancias\n_1000_3,300,15,10,10,0.2000,42,9999229060,9999226468,41,2070
docs\inst_test\instancias\n_1000_3,300,15,10,5,0.3000,2026,9999226819,9999225611,59,2070
docs\inst_test\instancias\n_1000_3,300,15,10,20,0.1000,123,9994541336,9994539080,30,2070
docs\inst_test\instancias\n_1000_3,300,15,10,10,0.1000,2026,9999229050,9999226581,48,2070
docs\inst_test\instancias\n_1000_3,300,15,10,20,0.2000,123,9997665784,9997663639,29,2070
docs\inst_test\instancias\n_1000_3,300,15,10,10,0.3000,123,9999226830,9999225390,39,2070
docs\inst_test\instancias\n_1000_3,300,15,10,10,0.1000,123,9994541361,9994539065,62,2070
docs\inst_test\instancias\n_1000_3,300,15,10,10,0.3000,42,9996882989,9996881818,49,2070
docs\inst_test\instancias\n_1000_3,300,15,10,20,0.2000,42,9999229060,9999226468,43,2070
docs\inst_test\instancias\n_1000_3,300,15,10,20,0.1000,42,9994541353,9994538947,48,2070
docs\inst_test\instancias\n_1000_3,300,15,10,20,0.1000,2026,9999229050,9999226581,48,2070
docs\inst_test\instancias\n_1000_3,300,15,10,10,0.3000,2026,9999226819,9999225611,51,2070
docs\inst_test\instancias\n_1000_3,300,15,10,20,0.3000,123,9998446310,9998444536,30,2070
docs\inst_test\instancias\n_1000_3,300,15,10,20,0.2000,2026,9999229022,9999226617,48,2070
docs\inst_test\instancias\n_1000_3,300,15,10,20,0.3000,2026,9999226819,9999225611,37,2070
docs\inst_test\instancias\n_1000_3,300,15,10,20,0.3000,42,9996882984,9996881744,49,2070
docs\inst_test\instancias\n_1000_3,300,15,15,5,0.1000,2026,9999229056,9999226515,35,2070
docs\inst_test\instancias\n_1000_3,300,15,15,5,0.2000,123,9999226821,9999225587,32,2070
docs\inst_test\instancias\n_1000_3,300,15,15,5,0.3000,42,9997663476,9997662529,33,2070
docs\inst_test\instancias\n_1000_3,300,15,15,5,0.1000,42,9997665743,9997663580,54,2070
docs\inst_test\instancias\n_1000_3,300,15,15,5,0.3000,123,9999226830,9999225390,37,2070
docs\inst_test\instancias\n_1000_3,300,15,15,5,0.2000,2026,9999229022,9999226617,48,2070
docs\inst_test\instancias\n_1000_3,300,15,15,10,0.1000,2026,9999229050,9999226581,38,2070
docs\inst_test\instancias\n_1000_3,300,15,15,5,0.1000,123,9997665742,9997663608,64,2070
docs\inst_test\instancias\n_1000_3,300,15,15,10,0.2000,42,9999229060,9999226468,43,2070
docs\inst_test\instancias\n_1000_3,300,15,15,10,0.1000,123,9994541361,9994539065,48,2070
docs\inst_test\instancias\n_1000_3,300,15,15,10,0.2000,123,9998446306,9998444700,36,2070
docs\inst_test\instancias\n_1000_3,300,15,15,5,0.2000,42,9999229060,9999226468,65,2070
docs\inst_test\instancias\n_1000_3,300,15,15,10,0.1000,42,9995321912,9995319949,57,2070
docs\inst_test\instancias\n_1000_3,300,15,15,10,0.2000,2026,9999229022,9999226617,45,2070
docs\inst_test\instancias\n_1000_3,300,15,15,5,0.3000,2026,9999226819,9999225611,64,2070
docs\inst_test\instancias\n_1000_3,300,15,15,20,0.1000,2026,9999229050,9999226581,30,2070
docs\inst_test\instancias\n_1000_3,300,15,15,10,0.3000,2026,9999226819,9999225611,46,2070
docs\inst_test\instancias\n_1000_3,300,15,15,10,0.3000,42,9996882989,9996881818,51,2070
docs\inst_test\instancias\n_1000_3,300,15,15,20,0.2000,123,9997665784,9997663639,29,2070
docs\inst_test\instancias\n_1000_3,300,15,15,20,0.1000,42,9994541353,9994538947,45,2070
docs\inst_test\instancias\n_1000_3,300,15,15,20,0.2000,42,9999229060,9999226468,37,2070
docs\inst_test\instancias\n_1000_3,300,15,15,10,0.3000,123,9999226830,9999225390,61,2070
docs\inst_test\instancias\n_1000_3,300,15,15,20,0.2000,2026,9999229022,9999226617,41,2070
docs\inst_test\instancias\n_1000_3,300,15,15,20,0.3000,2026,9999226819,9999225611,37,2070
docs\inst_test\instancias\n_1000_3,300,15,15,20,0.1000,123,9994541336,9994539080,55,2070
docs\inst_test\instancias\n_1000_3,300,15,15,20,0.3000,123,9998446310,9998444536,45,2070
docs\inst_test\instancias\n_1000_3,300,20,7,5,0.2000,42,9999229060,9999226468,36,2070
docs\inst_test\instancias\n_1000_3,300,20,7,5,0.3000,123,9999226830,9999225390,30,2070
docs\inst_test\instancias\n_1000_3,300,20,7,5,0.1000,42,9997665743,9997663580,55,2070
docs\inst_test\instancias\n_1000_3,300,15,15,20,0.3000,42,9996882984,9996881744,62,2070
docs\inst_test\instancias\n_1000_3,300,20,7,5,0.3000,2026,9999226819,9999225611,36,2070
docs\inst_test\instancias\n_1000_3,300,20,7,5,0.2000,123,9999226821,9999225587,48,2070
docs\inst_test\instancias\n_1000_3,300,20,7,10,0.1000,42,9995321912,9995319949,40,2070
docs\inst_test\instancias\n_1000_3,300,20,7,5,0.1000,2026,9999229056,9999226515,57,2070
docs\inst_test\instancias\n_1000_3,300,20,7,10,0.1000,2026,9999229050,9999226581,32,2070
docs\inst_test\instancias\n_1000_3,300,20,7,5,0.1000,123,9997665742,9997663608,61,2070
docs\inst_test\instancias\n_1000_3,300,20,7,10,0.2000,123,9998446306,9998444700,29,2070
docs\inst_test\instancias\n_1000_3,300,20,7,5,0.3000,42,9997663476,9997662529,54,2070
docs\inst_test\instancias\n_1000_3,300,20,7,10,0.1000,123,9994541361,9994539056,45,2070
docs\inst_test\instancias\n_1000_3,300,20,7,5,0.2000,2026,9999229022,9999226617,60,2070
docs\inst_test\instancias\n_1000_3,300,20,7,10,0.3000,42,9996882989,9996881818,28,2070
docs\inst_test\instancias\n_1000_3,300,20,7,10,0.3000,123,9999226830,9999225390,29,2070
docs\inst_test\instancias\n_1000_3,300,20,7,10,0.2000,42,9999229060,9999226468,53,2070
docs\inst_test\instancias\n_1000_3,300,20,7,20,0.2000,42,9999229060,9999226468,30,2070
docs\inst_test\instancias\n_1000_3,300,20,7,20,0.2000,123,9997665784,9997663639,29,2070
docs\inst_test\instancias\n_1000_3,300,20,7,20,0.3000,123,9998446310,9998444536,28,2070
docs\inst_test\instancias\n_1000_3,300,20,7,20,0.1000,42,9994541353,9994538947,47,2070
docs\inst_test\instancias\n_1000_3,300,20,7,10,0.2000,2026,9999229022,9999226617,62,2070
docs\inst_test\instancias\n_1000_3,300,20,7,20,0.2000,2026,9999229022,9999226617,43,2070
docs\inst_test\instancias\n_1000_3,300,20,10,5,0.2000,42,9999229060,9999226468,34,2070
docs\inst_test\instancias\n_1000_3,300,20,7,10,0.3000,2026,9999226819,9999225611,60,2070
docs\inst_test\instancias\n_1000_3,300,20,7,20,0.3000,42,9996882984,9996881744,49,2070
docs\inst_test\instancias\n_1000_3,300,20,10,5,0.1000,42,9997665743,9997663580,45,2070
docs\inst_test\instancias\n_1000_3,300,20,7,20,0.1000,123,9994541336,9994539080,60,2070
docs\inst_test\instancias\n_1000_3,300,20,7,20,0.3000,2026,9999226819,9999225611,50,2070
docs\inst_test\instancias\n_1000_3,300,20,10,5,0.3000,123,9999226830,9999225390,30,2070
docs\inst_test\instancias\n_1000_3,300,20,7,20,0.1000,2026,9999229050,9999226581,65,2070
docs\inst_test\instancias\n_1000_3,300,20,10,5,0.1000,123,9997665742,9997663608,57,2070
docs\inst_test\instancias\n_1000_3,300,20,10,5,0.3000,2026,9999226819,9999225611,31,2070
docs\inst_test\instancias\n_1000_3,300,20,10,5,0.2000,2026,9999229022,9999226617,49,2070
docs\inst_test\instancias\n_1000_3,300,20,10,5,0.3000,42,9997663476,9997662529,48,2070
docs\inst_test\instancias\n_1000_3,300,20,10,5,0.2000,123,9999226821,9999225587,52,2070
docs\inst_test\instancias\n_1000_3,300,20,10,5,0.1000,2026,9999229056,9999226515,69,2070
docs\inst_test\instancias\n_1000_3,300,20,10,10,0.1000,2026,9999229050,9999226581,39,2070
docs\inst_test\instancias\n_1000_3,300,20,10,10,0.3000,2026,9999226819,9999225611,28,2070
docs\inst_test\instancias\n_1000_3,300,20,10,10,0.1000,42,9995321912,9995319949,47,2070
docs\inst_test\instancias\n_1000_3,300,20,10,10,0.2000,2026,9999229022,9999226617,39,2070
docs\inst_test\instancias\n_1000_3,300,20,10,10,0.3000,42,9996882989,9996881818,41,2070
docs\inst_test\instancias\n_1000_3,300,20,10,10,0.1000,123,9994541361,9994539065,57,2070
docs\inst_test\instancias\n_1000_3,300,20,10,20,0.1000,2026,9999229050,9999226581,30,2070
docs\inst_test\instancias\n_1000_3,300,20,10,20,0.1000,42,9994541353,9994538947,44,2070
docs\inst_test\instancias\n_1000_3,300,20,10,10,0.2000,123,9998446306,9998444700,56,2070
docs\inst_test\instancias\n_1000_3,300,20,10,10,0.3000,123,9999226830,9999225390,52,2070
docs\inst_test\instancias\n_1000_3,300,20,10,10,0.2000,42,9999229060,9999226468,60,2070
docs\inst_test\instancias\n_1000_3,300,20,10,20,0.3000,2026,9999226819,9999225611,27,2070
docs\inst_test\instancias\n_1000_3,300,20,10,20,0.3000,123,9998446310,9998444536,36,2070
docs\inst_test\instancias\n_1000_3,300,20,10,20,0.3000,42,9996882984,9996881744,41,2070
docs\inst_test\instancias\n_1000_3,300,20,10,20,0.2000,42,9999229060,9999226468,46,2070
docs\inst_test\instancias\n_1000_3,300,20,10,20,0.1000,123,9994541336,9994539080,58,2070
docs\inst_test\instancias\n_1000_3,300,20,15,5,0.1000,42,9997665743,9997663580,36,2070
docs\inst_test\instancias\n_1000_3,300,20,15,5,0.1000,123,9997665742,9997663608,40,2070
docs\inst_test\instancias\n_1000_3,300,20,15,5,0.2000,123,9999226821,9999225587,33,2070
docs\inst_test\instancias\n_1000_3,300,20,10,20,0.2000,123,9997665784,9997663639,57,2070
docs\inst_test\instancias\n_1000_3,300,20,15,5,0.1000,2026,9999229056,9999226515,46,2070
docs\inst_test\instancias\n_1000_3,300,20,10,20,0.2000,2026,9999229022,9999226617,65,2070
docs\inst_test\instancias\n_1000_3,300,20,15,10,0.1000,42,9995321912,9995319949,30,2070
docs\inst_test\instancias\n_1000_3,300,20,15,5,0.3000,2026,9999226819,9999225611,43,2070
docs\inst_test\instancias\n_1000_3,300,20,15,10,0.1000,2026,9999229050,9999226581,32,2070
docs\inst_test\instancias\n_1000_3,300,20,15,10,0.2000,2026,9999229022,9999226617,32,2070
docs\inst_test\instancias\n_1000_3,300,20,15,5,0.3000,42,9997663476,9997662529,54,2070
docs\inst_test\instancias\n_1000_3,300,20,15,10,0.3000,42,9996882989,9996881818,28,2070
docs\inst_test\instancias\n_1000_3,300,20,15,10,0.3000,123,9999226830,9999225390,30,2070
docs\inst_test\instancias\n_1000_3,300,20,15,5,0.3000,123,9999226830,9999225390,56,2070
docs\inst_test\instancias\n_1000_3,300,20,15,10,0.2000,42,9999229060,9999226468,45,2070
docs\inst_test\instancias\n_1000_3,300,20,15,10,0.3000,2026,9999226819,9999225611,34,2070
docs\inst_test\instancias\n_1000_3,300,20,15,5,0.2000,42,9999229060,9999226468,70,2070
docs\inst_test\instancias\n_1000_3,300,20,15,10,0.2000,123,9998446306,9998444700,50,2070
docs\inst_test\instancias\n_1000_3,300,20,15,5,0.2000,2026,9999229022,9999226617,72,2070
docs\inst_test\instancias\n_1000_3,300,20,15,20,0.1000,2026,9999229050,9999226581,33,2070
docs\inst_test\instancias\n_1000_3,300,20,15,10,0.1000,123,9994541361,9994539065,63,2070
docs\inst_test\instancias\n_1000_3,300,20,15,20,0.3000,123,9998446310,9998444536,27,2070
docs\inst_test\instancias\n_1000_3,300,20,15,20,0.1000,42,9994541353,9994538947,47,2070
docs\inst_test\instancias\n_1000_3,300,20,15,20,0.3000,2026,9999226819,9999225611,25,2070
docs\inst_test\instancias\n_1000_3,300,20,15,20,0.1000,123,9994541336,9994539080,51,2070
docs\inst_test\instancias\n_1000_3,300,20,15,20,0.2000,123,9997665784,9997663639,44,2070
docs\inst_test\instancias\n_1000_3,300,20,15,20,0.2000,42,9999229060,9999226468,50,2070
docs\inst_test\instancias\n_1000_3,300,20,15,20,0.3000,42,9996882984,9996881744,49,2070
docs\inst_test\instancias\n_1000_3,300,20,15,20,0.2000,2026,9999229022,9999226617,73,2070
docs\inst_test\instancias\n_1000_3,500,10,7,5,0.1000,2026,9999229056,9999226515,62,2070
docs\inst_test\instancias\n_1000_3,500,10,7,10,0.1000,42,9997665749,9997663600,52,2070
docs\inst_test\instancias\n_1000_3,500,10,7,5,0.1000,42,9997665743,9997663580,80,2070
docs\inst_test\instancias\n_1000_3,500,10,7,5,0.2000,123,9999226829,9999225499,71,2070
docs\inst_test\instancias\n_1000_3,500,10,7,5,0.2000,42,9999229060,9999226468,78,2070
docs\inst_test\instancias\n_1000_3,500,10,7,10,0.2000,42,9999229060,9999226468,53,2070
docs\inst_test\instancias\n_1000_3,500,10,7,5,0.1000,123,9997665789,9997663609,82,2070
docs\inst_test\instancias\n_1000_3,500,10,7,5,0.3000,123,9999226830,9999225390,77,2070
docs\inst_test\instancias\n_1000_3,500,10,7,10,0.1000,123,9994541387,9994538995,77,2070
docs\inst_test\instancias\n_1000_3,500,10,7,5,0.2000,2026,9999229022,9999226617,94,2070
docs\inst_test\instancias\n_1000_3,500,10,7,5,0.3000,42,9998443951,9998443270,95,2070
docs\inst_test\instancias\n_1000_3,500,10,7,10,0.3000,123,9999226830,9999225390,47,2070
docs\inst_test\instancias\n_1000_3,500,10,7,5,0.3000,2026,9999226819,9999225611,92,2070
docs\inst_test\instancias\n_1000_3,500,10,7,10,0.2000,123,9999226823,9999225583,78,2070
docs\inst_test\instancias\n_1000_3,500,10,7,10,0.3000,42,9999226832,9999225525,54,2070
docs\inst_test\instancias\n_1000_3,500,10,7,10,0.1000,2026,9999229056,9999226515,92,2070
docs\inst_test\instancias\n_1000_3,500,10,7,10,0.2000,2026,9999229022,9999226617,83,2070
docs\inst_test\instancias\n_1000_3,500,10,7,20,0.2000,123,9998446310,9998444768,56,2070
docs\inst_test\instancias\n_1000_3,500,10,7,20,0.3000,123,9999226830,9999225390,45,2070
docs\inst_test\instancias\n_1000_3,500,10,7,20,0.2000,42,9999229060,9999226468,68,2070
docs\inst_test\instancias\n_1000_3,500,10,7,10,0.3000,2026,9999226819,9999225611,81,2070
docs\inst_test\instancias\n_1000_3,500,10,7,20,0.1000,123,9994541361,9994539065,87,2070
docs\inst_test\instancias\n_1000_3,500,10,7,20,0.2000,2026,9999229022,9999226617,74,2070
docs\inst_test\instancias\n_1000_3,500,10,7,20,0.1000,42,9995321912,9995319949,94,2070
docs\inst_test\instancias\n_1000_3,500,10,7,20,0.1000,2026,9999229050,9999226581,91,2070
docs\inst_test\instancias\n_1000_3,500,10,10,5,0.2000,42,9999229060,9999226468,59,2070
docs\inst_test\instancias\n_1000_3,500,10,7,20,0.3000,42,9996882985,9996881662,83,2070
docs\inst_test\instancias\n_1000_3,500,10,7,20,0.3000,2026,9999226819,9999225611,82,2070
docs\inst_test\instancias\n_1000_3,500,10,10,5,0.2000,123,9999226829,9999225556,75,2070
docs\inst_test\instancias\n_1000_3,500,10,10,5,0.1000,42,9997665743,9997663580,82,2070
docs\inst_test\instancias\n_1000_3,500,10,10,5,0.1000,2026,9999229056,9999226515,90,2070
docs\inst_test\instancias\n_1000_3,500,10,10,10,0.1000,42,9997665749,9997663600,51,2070
docs\inst_test\instancias\n_1000_3,500,10,10,5,0.2000,2026,9999229022,9999226617,82,2070
docs\inst_test\instancias\n_1000_3,500,10,10,5,0.3000,123,9999226830,9999225390,62,2070
docs\inst_test\instancias\n_1000_3,500,10,10,5,0.1000,123,9997665789,9997663609,105,2070
docs\inst_test\instancias\n_1000_3,500,10,10,10,0.2000,2026,9999229022,9999226617,52,2070
docs\inst_test\instancias\n_1000_3,500,10,10,5,0.3000,42,9998443951,9998443270,96,2070
docs\inst_test\instancias\n_1000_3,500,10,10,10,0.3000,42,9999226832,9999225525,57,2070
docs\inst_test\instancias\n_1000_3,500,10,10,10,0.1000,123,9994541387,9994539004,84,2070
docs\inst_test\instancias\n_1000_3,500,10,10,5,0.3000,2026,9999226819,9999225611,100,2070
docs\inst_test\instancias\n_1000_3,500,10,10,20,0.2000,123,9998446310,9998444768,47,2070
docs\inst_test\instancias\n_1000_3,500,10,10,20,0.2000,42,9999229060,9999226468,53,2070
docs\inst_test\instancias\n_1000_3,500,10,10,10,0.2000,123,9999226823,9999225583,90,2070
docs\inst_test\instancias\n_1000_3,500,10,10,10,0.1000,2026,9999229056,9999226515,96,2070
docs\inst_test\instancias\n_1000_3,500,10,10,10,0.2000,42,9999229060,9999226468,95,2070
docs\inst_test\instancias\n_1000_3,500,10,10,20,0.1000,2026,9999229050,9999226581,61,2070
docs\inst_test\instancias\n_1000_3,500,10,10,10,0.3000,123,9999226830,9999225390,80,2070
docs\inst_test\instancias\n_1000_3,500,10,10,20,0.1000,42,9995321912,9995319949,75,2070
docs\inst_test\instancias\n_1000_3,500,10,10,20,0.3000,42,9996882985,9996881662,42,2070
docs\inst_test\instancias\n_1000_3,500,10,10,10,0.3000,2026,9999226819,9999225611,87,2070
docs\inst_test\instancias\n_1000_3,500,10,10,20,0.1000,123,9994541361,9994539065,81,2070
docs\inst_test\instancias\n_1000_3,500,10,10,20,0.3000,123,9999226830,9999225390,65,2070
docs\inst_test\instancias\n_1000_3,500,10,10,20,0.3000,2026,9999226819,9999225611,68,2070
docs\inst_test\instancias\n_1000_3,500,10,10,20,0.2000,2026,9999229022,9999226617,90,2070
docs\inst_test\instancias\n_1000_3,500,10,15,5,0.1000,123,9997665789,9997663609,66,2070
docs\inst_test\instancias\n_1000_3,500,10,15,10,0.1000,123,9994541387,9994539004,52,2070
docs\inst_test\instancias\n_1000_3,500,10,15,5,0.2000,2026,9999229022,9999226617,70,2070
docs\inst_test\instancias\n_1000_3,500,10,15,10,0.2000,42,9999229060,9999226468,52,2070
docs\inst_test\instancias\n_1000_3,500,10,15,5,0.1000,2026,9999229056,9999226515,79,2070
docs\inst_test\instancias\n_1000_3,500,10,15,5,0.1000,42,9997665743,9997663580,88,2070
docs\inst_test\instancias\n_1000_3,500,10,15,5,0.2000,42,9999229060,9999226468,82,2070
docs\inst_test\instancias\n_1000_3,500,10,15,5,0.2000,123,9999226829,9999225556,85,2070
docs\inst_test\instancias\n_1000_3,500,10,15,5,0.3000,42,9998443951,9998443270,91,2070
docs\inst_test\instancias\n_1000_3,500,10,15,5,0.3000,123,9999226830,9999225390,94,2070
docs\inst_test\instancias\n_1000_3,500,10,15,5,0.3000,2026,9999226819,9999225611,93,2070
docs\inst_test\instancias\n_1000_3,500,10,15,10,0.1000,42,9997665749,9997663600,96,2070
docs\inst_test\instancias\n_1000_3,500,10,15,10,0.3000,123,9999226830,9999225390,48,2070
docs\inst_test\instancias\n_1000_3,500,10,15,10,0.1000,2026,9999229056,9999226515,93,2070
docs\inst_test\instancias\n_1000_3,500,10,15,10,0.3000,2026,9999226819,9999225611,53,2070
docs\inst_test\instancias\n_1000_3,500,10,15,10,0.2000,2026,9999229022,9999226617,75,2070
docs\inst_test\instancias\n_1000_3,500,10,15,20,0.1000,123,9994541361,9994539065,50,2070
docs\inst_test\instancias\n_1000_3,500,10,15,10,0.2000,123,9999226823,9999225583,87,2070
docs\inst_test\instancias\n_1000_3,500,10,15,10,0.3000,42,9999226832,9999225525,82,2070
docs\inst_test\instancias\n_1000_3,500,10,15,20,0.1000,2026,9999229050,9999226581,66,2070
docs\inst_test\instancias\n_1000_3,500,10,15,20,0.2000,2026,9999229022,9999226617,66,2070
docs\inst_test\instancias\n_1000_3,500,10,15,20,0.1000,42,9995321912,9995319949,88,2070
docs\inst_test\instancias\n_1000_3,500,15,7,5,0.1000,42,9997665743,9997663580,60,2070
docs\inst_test\instancias\n_1000_3,500,10,15,20,0.2000,123,9998446310,9998444768,86,2070
docs\inst_test\instancias\n_1000_3,500,10,15,20,0.2000,42,9999229060,9999226468,93,2070
docs\inst_test\instancias\n_1000_3,500,10,15,20,0.3000,42,9996882985,9996881662,77,2070
docs\inst_test\instancias\n_1000_3,500,10,15,20,0.3000,2026,9999226819,9999225611,80,2070
docs\inst_test\instancias\n_1000_3,500,15,7,5,0.2000,2026,9999229022,9999226617,58,2070
docs\inst_test\instancias\n_1000_3,500,10,15,20,0.3000,123,9999226830,9999225390,87,2070
docs\inst_test\instancias\n_1000_3,500,15,7,5,0.3000,42,9998443951,9998443270,74,2070
docs\inst_test\instancias\n_1000_3,500,15,7,5,0.1000,123,9997665789,9997663609,102,2070
docs\inst_test\instancias\n_1000_3,500,15,7,5,0.2000,123,9999226829,9999225499,88,2070
docs\inst_test\instancias\n_1000_3,500,15,7,5,0.2000,42,9999229060,9999226468,97,2070
docs\inst_test\instancias\n_1000_3,500,15,7,5,0.1000,2026,9999229056,9999226515,101,2070
docs\inst_test\instancias\n_1000_3,500,15,7,5,0.3000,123,9999226830,9999225390,88,2070
docs\inst_test\instancias\n_1000_3,500,15,7,10,0.2000,2026,9999229022,9999226617,51,2070
docs\inst_test\instancias\n_1000_3,500,15,7,5,0.3000,2026,9999226819,9999225611,81,2070
docs\inst_test\instancias\n_1000_3,500,15,7,10,0.1000,123,9994541387,9994538995,68,2070
docs\inst_test\instancias\n_1000_3,500,15,7,10,0.1000,42,9997665749,9997663600,80,2070
docs\inst_test\instancias\n_1000_3,500,15,7,10,0.3000,123,9999226830,9999225390,48,2070
docs\inst_test\instancias\n_1000_3,500,15,7,10,0.2000,42,9999229060,9999226468,66,2070
docs\inst_test\instancias\n_1000_3,500,15,7,10,0.3000,42,9999226832,9999225525,53,2070
docs\inst_test\instancias\n_1000_3,500,15,7,10,0.2000,123,9999226823,9999225583,76,2070
docs\inst_test\instancias\n_1000_3,500,15,7,10,0.1000,2026,9999229056,9999226515,94,2070
docs\inst_test\instancias\n_1000_3,500,15,7,20,0.2000,123,9998446310,9998444768,57,2070
docs\inst_test\instancias\n_1000_3,500,15,7,20,0.3000,2026,9999226819,9999225611,44,2070
docs\inst_test\instancias\n_1000_3,500,15,7,10,0.3000,2026,9999226819,9999225611,92,2070
docs\inst_test\instancias\n_1000_3,500,15,7,20,0.1000,123,9994541361,9994539065,74,2070
docs\inst_test\instancias\n_1000_3,500,15,7,20,0.1000,2026,9999229050,9999226581,73,2070
docs\inst_test\instancias\n_1000_3,500,15,10,5,0.1000,123,9997665789,9997663609,57,2070
docs\inst_test\instancias\n_1000_3,500,15,7,20,0.3000,42,9996882985,9996881662,69,2070
docs\inst_test\instancias\n_1000_3,500,15,7,20,0.1000,42,9995321912,9995319949,98,2070
docs\inst_test\instancias\n_1000_3,500,15,7,20,0.2000,2026,9999229022,9999226617,96,2070
docs\inst_test\instancias\n_1000_3,500,15,7,20,0.2000,42,9999229060,9999226468,103,2070
docs\inst_test\instancias\n_1000_3,500,15,10,5,0.2000,2026,9999229022,9999226617,58,2070
docs\inst_test\instancias\n_1000_3,500,15,7,20,0.3000,123,9999226830,9999225390,97,2070
docs\inst_test\instancias\n_1000_3,500,15,10,5,0.2000,42,9999229060,9999226468,87,2070
docs\inst_test\instancias\n_1000_3,500,15,10,5,0.1000,2026,9999229056,9999226515,90,2070
docs\inst_test\instancias\n_1000_3,500,15,10,5,0.3000,123,9999226830,9999225390,53,2070
docs\inst_test\instancias\n_1000_3,500,15,10,5,0.2000,123,9999226829,9999225556,84,2070
docs\inst_test\instancias\n_1000_3,500,15,10,5,0.1000,42,9997665743,9997663580,102,2070
docs\inst_test\instancias\n_1000_3,500,15,10,10,0.1000,2026,9999229056,9999226515,54,2070
docs\inst_test\instancias\n_1000_3,500,15,10,10,0.1000,42,9997665749,9997663600,71,2070
docs\inst_test\instancias\n_1000_3,500,15,10,10,0.1000,123,9994541387,9994539004,74,2070
docs\inst_test\instancias\n_1000_3,500,15,10,10,0.2000,123,9999226823,9999225583,63,2070
docs\inst_test\instancias\n_1000_3,500,15,10,10,0.3000,123,9999226830,9999225390,47,2070
docs\inst_test\instancias\n_1000_3,500,15,10,5,0.3000,42,9998443951,9998443270,97,2070
docs\inst_test\instancias\n_1000_3,500,15,10,5,0.3000,2026,9999226819,9999225611,99,2070
docs\inst_test\instancias\n_1000_3,500,15,10,20,0.1000,123,9994541361,9994539065,58,2070
docs\inst_test\instancias\n_1000_3,500,15,10,10,0.2000,2026,9999229022,9999226617,74,2070
docs\inst_test\instancias\n_1000_3,500,15,10,20,0.1000,42,9995321912,9995319949,65,2070
docs\inst_test\instancias\n_1000_3,500,15,10,10,0.3000,42,9999226832,9999225525,73,2070
docs\inst_test\instancias\n_1000_3,500,15,10,20,0.2000,123,9998446310,9998444768,58,2070
docs\inst_test\instancias\n_1000_3,500,15,10,20,0.2000,2026,9999229022,9999226617,60,2070
docs\inst_test\instancias\n_1000_3,500,15,10,10,0.3000,2026,9999226819,9999225611,84,2070
docs\inst_test\instancias\n_1000_3,500,15,10,20,0.1000,2026,9999229050,9999226581,80,2070
docs\inst_test\instancias\n_1000_3,500,15,10,10,0.2000,42,9999229060,9999226468,116,2070
docs\inst_test\instancias\n_1000_3,500,15,10,20,0.3000,42,9996882985,9996881662,55,2070
docs\inst_test\instancias\n_1000_3,500,15,10,20,0.3000,123,9999226830,9999225390,61,2070
docs\inst_test\instancias\n_1000_3,500,15,10,20,0.3000,2026,9999226819,9999225611,59,2070
docs\inst_test\instancias\n_1000_3,500,15,10,20,0.2000,42,9999229060,9999226468,91,2070
docs\inst_test\instancias\n_1000_3,500,15,15,5,0.1000,42,9997665743,9997663580,69,2070
docs\inst_test\instancias\n_1000_3,500,15,15,5,0.2000,42,9999229060,9999226468,59,2070
docs\inst_test\instancias\n_1000_3,500,15,15,5,0.3000,42,9998443951,9998443270,53,2070
docs\inst_test\instancias\n_1000_3,500,15,15,5,0.3000,2026,9999226819,9999225611,52,2070
docs\inst_test\instancias\n_1000_3,500,15,15,5,0.1000,123,9997665789,9997663609,93,2070
docs\inst_test\instancias\n_1000_3,500,15,15,10,0.1000,42,9997665749,9997663600,59,2070
docs\inst_test\instancias\n_1000_3,500,15,15,10,0.2000,123,9999226823,9999225583,49,2070
docs\inst_test\instancias\n_1000_3,500,15,15,5,0.1000,2026,9999229056,9999226515,94,2070
docs\inst_test\instancias\n_1000_3,500,15,15,10,0.2000,2026,9999229022,9999226617,52,2070
docs\inst_test\instancias\n_1000_3,500,15,15,10,0.3000,42,9999226832,9999225525,53,2070
docs\inst_test\instancias\n_1000_3,500,15,15,5,0.3000,123,9999226830,9999225390,86,2070
docs\inst_test\instancias\n_1000_3,500,15,15,5,0.2000,2026,9999229022,9999226617,100,2070
docs\inst_test\instancias\n_1000_3,500,15,15,5,0.2000,123,9999226829,9999225556,103,2070
docs\inst_test\instancias\n_1000_3,500,15,15,10,0.1000,123,9994541387,9994539004,84,2070
docs\inst_test\instancias\n_1000_3,500,15,15,10,0.2000,42,9999229060,9999226468,96,2070
docs\inst_test\instancias\n_1000_3,500,15,15,10,0.3000,123,9999226830,9999225390,79,2070
docs\inst_test\instancias\n_1000_3,500,15,15,10,0.1000,2026,9999229056,9999226515,109,2070
docs\inst_test\instancias\n_1000_3,500,15,15,20,0.2000,123,9998446310,9998444768,53,2070
docs\inst_test\instancias\n_1000_3,500,15,15,20,0.1000,42,9995321912,9995319949,78,2070
docs\inst_test\instancias\n_1000_3,500,15,15,10,0.3000,2026,9999226819,9999225611,82,2070
docs\inst_test\instancias\n_1000_3,500,15,15,20,0.3000,42,9996882985,9996881662,51,2070
docs\inst_test\instancias\n_1000_3,500,15,15,20,0.1000,2026,9999229050,9999226581,73,2070
docs\inst_test\instancias\n_1000_3,500,15,15,20,0.3000,2026,9999226819,9999225611,57,2070
docs\inst_test\instancias\n_1000_3,500,15,15,20,0.1000,123,9994541361,9994539065,81,2070
docs\inst_test\instancias\n_1000_3,500,15,15,20,0.2000,2026,9999229022,9999226617,66,2070
docs\inst_test\instancias\n_1000_3,500,15,15,20,0.3000,123,9999226830,9999225390,63,2070
docs\inst_test\instancias\n_1000_3,500,20,7,5,0.1000,123,9997665789,9997663609,57,2070
docs\inst_test\instancias\n_1000_3,500,15,15,20,0.2000,42,9999229060,9999226468,84,2070
docs\inst_test\instancias\n_1000_3,500,20,7,5,0.2000,42,9999229060,9999226468,76,2070
docs\inst_test\instancias\n_1000_3,500,20,7,5,0.1000,2026,9999229056,9999226515,95,2070
docs\inst_test\instancias\n_1000_3,500,20,7,10,0.1000,123,9994541387,9994538995,53,2070
docs\inst_test\instancias\n_1000_3,500,20,7,5,0.3000,42,9998443951,9998443270,76,2070
docs\inst_test\instancias\n_1000_3,500,20,7,5,0.1000,42,9997665743,9997663580,109,2070
docs\inst_test\instancias\n_1000_3,500,20,7,10,0.1000,2026,9999229056,9999226515,68,2070
docs\inst_test\instancias\n_1000_3,500,20,7,5,0.3000,123,9999226830,9999225390,86,2070
docs\inst_test\instancias\n_1000_3,500,20,7,5,0.2000,2026,9999229022,9999226617,89,2070
docs\inst_test\instancias\n_1000_3,500,20,7,10,0.1000,42,9997665749,9997663600,84,2070
docs\inst_test\instancias\n_1000_3,500,20,7,5,0.2000,123,9999226829,9999225499,96,2070
docs\inst_test\instancias\n_1000_3,500,20,7,10,0.2000,123,9999226823,9999225583,72,2070
docs\inst_test\instancias\n_1000_3,500,20,7,5,0.3000,2026,9999226819,9999225611,87,2070
docs\inst_test\instancias\n_1000_3,500,20,7,10,0.2000,42,9999229060,9999226468,74,2070
docs\inst_test\instancias\n_1000_3,500,20,7,10,0.3000,42,9999226832,9999225525,71,2070
docs\inst_test\instancias\n_1000_3,500,20,7,10,0.2000,2026,9999229022,9999226617,90,2070
docs\inst_test\instancias\n_1000_3,500,20,7,20,0.1000,42,9995321912,9995319949,49,2070
docs\inst_test\instancias\n_1000_3,500,20,7,10,0.3000,123,9999226830,9999225390,90,2070
docs\inst_test\instancias\n_1000_3,500,20,7,20,0.2000,123,9998446310,9998444768,49,2070
docs\inst_test\instancias\n_1000_3,500,20,7,20,0.1000,123,9994541361,9994539065,67,2070
docs\inst_test\instancias\n_1000_3,500,20,7,10,0.3000,2026,9999226819,9999225611,75,2070
docs\inst_test\instancias\n_1000_3,500,20,7,20,0.1000,2026,9999229050,9999226581,65,2070
docs\inst_test\instancias\n_1000_3,500,20,7,20,0.2000,42,9999229060,9999226468,75,2070
docs\inst_test\instancias\n_1000_3,500,20,7,20,0.3000,2026,9999226819,9999225611,72,2070
docs\inst_test\instancias\n_1000_3,500,20,7,20,0.3000,42,9996882985,9996881662,76,2070
docs\inst_test\instancias\n_1000_3,500,20,10,5,0.1000,42,9997665743,9997663580,74,2070
docs\inst_test\instancias\n_1000_3,500,20,10,5,0.3000,42,9998443951,9998443270,50,2070
docs\inst_test\instancias\n_1000_3,500,20,7,20,0.3000,123,9999226830,9999225390,83,2070
docs\inst_test\instancias\n_1000_3,500,20,7,20,0.2000,2026,9999229022,9999226617,90,2070
docs\inst_test\instancias\n_1000_3,500,20,10,5,0.1000,123,9997665789,9997663609,89,2070
docs\inst_test\instancias\n_1000_3,500,20,10,10,0.1000,123,9994541387,9994539004,51,2070
docs\inst_test\instancias\n_1000_3,500,20,10,10,0.1000,42,9997665749,9997663600,58,2070
docs\inst_test\instancias\n_1000_3,500,20,10,5,0.2000,42,9999229060,9999226468,97,2070
docs\inst_test\instancias\n_1000_3,500,20,10,5,0.1000,2026,9999229056,9999226515,108,2070
docs\inst_test\instancias\n_1000_3,500,20,10,5,0.3000,123,9999226830,9999225390,68,2070
docs\inst_test\instancias\n_1000_3,500,20,10,5,0.2000,2026,9999229022,9999226617,87,2070
docs\inst_test\instancias\n_1000_3,500,20,10,5,0.2000,123,9999226829,9999225556,97,2070
docs\inst_test\instancias\n_1000_3,500,20,10,5,0.3000,2026,9999226819,9999225611,88,2070
docs\inst_test\instancias\n_1000_3,500,20,10,10,0.2000,123,9999226823,9999225583,65,2070
docs\inst_test\instancias\n_1000_3,500,20,10,10,0.3000,42,9999226832,9999225525,60,2070
docs\inst_test\instancias\n_1000_3,500,20,10,20,0.1000,42,9995321912,9995319949,51,2070
docs\inst_test\instancias\n_1000_3,500,20,10,10,0.1000,2026,9999229056,9999226515,85,2070
docs\inst_test\instancias\n_1000_3,500,20,10,20,0.1000,2026,9999229050,9999226581,51,2070
docs\inst_test\instancias\n_1000_3,500,20,10,10,0.3000,2026,9999226819,9999225611,71,2070
docs\inst_test\instancias\n_1000_3,500,20,10,20,0.1000,123,9994541361,9994539065,63,2070
docs\inst_test\instancias\n_1000_3,500,20,10,10,0.2000,42,9999229060,9999226468,97,2070
docs\inst_test\instancias\n_1000_3,500,20,10,10,0.3000,123,9999226830,9999225390,87,2070
docs\inst_test\instancias\n_1000_3,500,20,10,10,0.2000,2026,9999229022,9999226617,93,2070
docs\inst_test\instancias\n_1000_3,500,20,10,20,0.2000,123,9998446310,9998444768,65,2070
docs\inst_test\instancias\n_1000_3,500,20,10,20,0.3000,2026,9999226819,9999225611,46,2070
docs\inst_test\instancias\n_1000_3,500,20,10,20,0.3000,123,9999226830,9999225390,75,2070
docs\inst_test\instancias\n_1000_3,500,20,10,20,0.3000,42,9996882985,9996881662,79,2070
docs\inst_test\instancias\n_1000_3,500,20,10,20,0.2000,2026,9999229022,9999226617,88,2070
docs\inst_test\instancias\n_1000_3,500,20,10,20,0.2000,42,9999229060,9999226468,98,2070
docs\inst_test\instancias\n_1000_3,500,20,15,5,0.2000,123,9999226829,9999225556,52,2070
docs\inst_test\instancias\n_1000_3,500,20,15,5,0.1000,2026,9999229056,9999226515,74,2070
docs\inst_test\instancias\n_1000_3,500,20,15,5,0.2000,42,9999229060,9999226468,69,2070
docs\inst_test\instancias\n_1000_3,500,20,15,5,0.1000,42,9997665743,9997663580,78,2070
docs\inst_test\instancias\n_1000_3,500,20,15,5,0.2000,2026,9999229022,9999226617,67,2070
docs\inst_test\instancias\n_1000_3,500,20,15,5,0.3000,123,9999226830,9999225390,56,2070
docs\inst_test\instancias\n_1000_3,500,20,15,10,0.1000,2026,9999229056,9999226515,49,2070
docs\inst_test\instancias\n_1000_3,500,20,15,10,0.2000,123,9999226823,9999225583,44,2070
docs\inst_test\instancias\n_1000_3,500,20,15,10,0.1000,42,9997665749,9997663600,68,2070
docs\inst_test\instancias\n_1000_3,500,20,15,5,0.1000,123,9997665789,9997663609,101,2070
docs\inst_test\instancias\n_1000_3,500,20,15,5,0.3000,42,9998443951,9998443270,77,2070
docs\inst_test\instancias\n_1000_3,500,20,15,10,0.1000,123,9994541387,9994539004,81,2070
docs\inst_test\instancias\n_1000_3,500,20,15,5,0.3000,2026,9999226819,9999225611,90,2070
docs\inst_test\instancias\n_1000_3,500,20,15,10,0.3000,2026,9999226819,9999225611,44,2070
docs\inst_test\instancias\n_1000_3,500,20,15,20,0.1000,42,9995321912,9995319949,45,2070
docs\inst_test\instancias\n_1000_3,500,20,15,20,0.1000,123,9994541361,9994539065,45,2070
docs\inst_test\instancias\n_1000_3,500,20,15,10,0.2000,42,9999229060,9999226468,71,2070
docs\inst_test\instancias\n_1000_3,500,20,15,10,0.3000,123,9999226830,9999225390,59,2070
docs\inst_test\instancias\n_1000_3,500,20,15,20,0.1000,2026,9999229050,9999226581,45,2070
docs\inst_test\instancias\n_1000_3,500,20,15,20,0.2000,42,9999229060,9999226468,45,2070
docs\inst_test\instancias\n_1000_3,500,20,15,20,0.2000,123,9998446310,9998444768,44,2070
docs\inst_test\instancias\n_1000_3,500,20,15,10,0.3000,42,9999226832,9999225525,71,2070
docs\inst_test\instancias\n_1000_3,500,20,15,20,0.3000,42,9996882985,9996881662,40,2070
docs\inst_test\instancias\n_1000_3,500,20,15,10,0.2000,2026,9999229022,9999226617,79,2070
docs\inst_test\instancias\n_1000_3,500,20,15,20,0.2000,2026,9999229022,9999226617,48,2070
docs\inst_test\instancias\n_1000_3,500,20,15,20,0.3000,123,9999226830,9999225390,52,2070
docs\inst_test\instancias\n_1000_3,500,20,15,20,0.3000,2026,9999226819,9999225611,54,2070
docs\inst_test\instancias\n_1000_4,100,10,7,5,0.3000,42,9996891031,9996886639,9,2122
docs\inst_test\instancias\n_1000_4,100,10,7,5,0.2000,123,9998455663,9998450281,9,2122
docs\inst_test\instancias\n_1000_4,100,10,7,10,0.1000,123,9996895765,9996889366,11,2122
docs\inst_test\instancias\n_1000_4,100,10,7,5,0.1000,42,9999239200,9999233015,11,2122
docs\inst_test\instancias\n_1000_4,100,10,7,5,0.1000,123,9999239604,9999233200,11,2122
docs\inst_test\instancias\n_1000_4,100,10,7,5,0.2000,2026,9999239684,9999233254,12,2122
docs\inst_test\instancias\n_1000_4,100,10,7,5,0.1000,2026,9999239796,9999233069,14,2122
docs\inst_test\instancias\n_1000_4,100,10,7,10,0.1000,2026,9991427953,9991421500,15,2122
docs\inst_test\instancias\n_1000_4,100,10,7,10,0.2000,123,9997675834,9997669777,19,2122
docs\inst_test\instancias\n_1000_4,100,10,7,10,0.3000,123,9997675862,9997669855,10,2122
docs\inst_test\instancias\n_1000_4,100,10,7,5,0.3000,2026,9999235557,9999230837,19,2122
docs\inst_test\instancias\n_1000_4,100,10,7,10,0.1000,42,9993771778,9993764749,19,2122
docs\inst_test\instancias\n_1000_4,100,10,7,10,0.2000,2026,9999239684,9999233254,20,2122
docs\inst_test\instancias\n_1000_4,100,10,7,20,0.1000,42,9993771778,9993764749,10,2122
docs\inst_test\instancias\n_1000_4,100,10,7,20,0.1000,123,9996115758,9996108806,10,2122
docs\inst_test\instancias\n_1000_4,100,10,7,5,0.2000,42,9999239825,9999233397,22,2122
docs\inst_test\instancias\n_1000_4,100,10,7,10,0.3000,42,9994547650,9994542891,21,2122
docs\inst_test\instancias\n_1000_4,100,10,7,5,0.3000,123,9997675862,9997669855,21,2122
docs\inst_test\instancias\n_1000_4,100,10,7,10,0.3000,2026,9997675731,9997669897,16,2122
docs\inst_test\instancias\n_1000_4,100,10,7,10,0.2000,42,9998459677,9998452927,24,2122
docs\inst_test\instancias\n_1000_4,100,10,7,20,0.2000,2026,9999239684,9999233254,9,2122
docs\inst_test\instancias\n_1000_4,100,10,7,20,0.1000,2026,9991427953,9991421500,16,2122
docs\inst_test\instancias\n_1000_4,100,10,7,20,0.2000,42,9998459677,9998452927,16,2122
docs\inst_test\instancias\n_1000_4,100,10,7,20,0.3000,2026,9997675731,9997669897,10,2122
docs\inst_test\instancias\n_1000_4,100,10,7,20,0.3000,123,9997675795,9997669459,10,2122
docs\inst_test\instancias\n_1000_4,100,10,10,5,0.2000,42,9999239825,9999233397,11,2122
docs\inst_test\instancias\n_1000_4,100,10,10,5,0.1000,123,9999239604,9999233200,11,2122
docs\inst_test\instancias\n_1000_4,100,10,7,20,0.2000,123,9989864094,9989857916,20,2122
docs\inst_test\instancias\n_1000_4,100,10,10,5,0.3000,42,9996891031,9996886639,12,2122
docs\inst_test\instancias\n_1000_4,100,10,10,5,0.1000,2026,9999239796,9999233069,15,2122
docs\inst_test\instancias\n_1000_4,100,10,7,20,0.3000,42,9991423917,9991418608,17,2122
docs\inst_test\instancias\n_1000_4,100,10,10,5,0.2000,123,9998455663,9998450281,16,2122
docs\inst_test\instancias\n_1000_4,100,10,10,10,0.1000,42,9993771778,9993764749,14,2122
docs\inst_test\instancias\n_1000_4,100,10,10,10,0.2000,2026,9999239684,9999233254,10,2122
docs\inst_test\instancias\n_1000_4,100,10,10,5,0.1000,42,9999239200,9999233015,22,2122
docs\inst_test\instancias\n_1000_4,100,10,10,5,0.2000,2026,9999239684,9999233254,20,2122
docs\inst_test\instancias\n_1000_4,100,10,10,5,0.3000,123,9997675862,9997669855,18,2122
docs\inst_test\instancias\n_1000_4,100,10,10,10,0.3000,2026,9997675731,9997669897,10,2122
docs\inst_test\instancias\n_1000_4,100,10,10,10,0.1000,123,9996895765,9996889366,19,2122
docs\inst_test\instancias\n_1000_4,100,10,10,5,0.3000,2026,9999235557,9999230837,21,2122
docs\inst_test\instancias\n_1000_4,100,10,10,10,0.2000,123,9997675834,9997669777,17,2122
docs\inst_test\instancias\n_1000_4,100,10,10,10,0.1000,2026,9991427953,9991421500,18,2122
docs\inst_test\instancias\n_1000_4,100,10,10,10,0.2000,42,9998459677,9998452927,17,2122
docs\inst_test\instancias\n_1000_4,100,10,10,20,0.1000,2026,9991427953,9991421500,10,2122
docs\inst_test\instancias\n_1000_4,100,10,10,10,0.3000,42,9994547650,9994542891,18,2122
docs\inst_test\instancias\n_1000_4,100,10,10,20,0.2000,123,9989864094,9989857916,10,2122
docs\inst_test\instancias\n_1000_4,100,10,10,10,0.3000,123,9997675862,9997669855,19,2122
docs\inst_test\instancias\n_1000_4,100,10,10,20,0.2000,42,9998459677,9998452927,13,2122
docs\inst_test\instancias\n_1000_4,100,10,10,20,0.3000,2026,9997675731,9997669897,10,2122
docs\inst_test\instancias\n_1000_4,100,10,10,20,0.2000,2026,9999239684,9999233254,12,2122
docs\inst_test\instancias\n_1000_4,100,10,10,20,0.1000,123,9996115758,9996108806,19,2122
docs\inst_test\instancias\n_1000_4,100,10,10,20,0.1000,42,9993771778,9993764749,20,2122
docs\inst_test\instancias\n_1000_4,100,10,15,5,0.2000,2026,9999239684,9999233254,11,2122
docs\inst_test\instancias\n_1000_4,100,10,10,20,0.3000,42,9991423917,9991418608,17,2122
docs\inst_test\instancias\n_1000_4,100,10,15,5,0.3000,123,9997675862,9997669855,9,2122
docs\inst_test\instancias\n_1000_4,100,10,10,20,0.3000,123,9997675795,9997669459,18,2122
docs\inst_test\instancias\n_1000_4,100,10,15,5,0.2000,123,9998455663,9998450281,17,2122
docs\inst_test\instancias\n_1000_4,100,10,15,10,0.1000,123,9996895765,9996889366,12,2122
docs\inst_test\instancias\n_1000_4,100,10,15,5,0.1000,2026,9999239796,9999233069,19,2122
docs\inst_test\instancias\n_1000_4,100,10,15,5,0.2000,42,9999239825,9999233397,20,2122
docs\inst_test\instancias\n_1000_4,100,10,15,5,0.1000,42,9999239200,9999233015,21,2122
docs\inst_test\instancias\n_1000_4,100,10,15,5,0.3000,42,9996891031,9996886639,17,2122
docs\inst_test\instancias\n_1000_4,100,10,15,10,0.1000,2026,9991427953,9991421500,13,2122
docs\inst_test\instancias\n_1000_4,100,10,15,5,0.1000,123,9999239604,9999233200,23,2122
docs\inst_test\instancias\n_1000_4,100,10,15,10,0.1000,42,9993771778,9993764749,16,2122
docs\inst_test\instancias\n_1000_4,100,10,15,10,0.3000,123,9997675862,9997669855,10,2122
docs\inst_test\instancias\n_1000_4,100,10,15,5,0.3000,2026,9999235557,9999230837,18,2122
docs\inst_test\instancias\n_1000_4,100,10,15,20,0.1000,42,9993771778,9993764749,10,2122
docs\inst_test\instancias\n_1000_4,100,10,15,10,0.2000,42,9998459677,9998452927,20,2122
docs\inst_test\instancias\n_1000_4,100,10,15,10,0.2000,2026,9999239684,9999233254,16,2122
docs\inst_test\instancias\n_1000_4,100,10,15,10,0.3000,42,9994547650,9994542891,17,2122
docs\inst_test\instancias\n_1000_4,100,10,15,10,0.2000,123,9997675834,9997669777,23,2122
docs\inst_test\instancias\n_1000_4,100,10,15,20,0.3000,2026,9997675731,9997669897,10,2122
docs\inst_test\instancias\n_1000_4,100,10,15,10,0.3000,2026,9997675731,9997669897,18,2122
docs\inst_test\instancias\n_1000_4,100,10,15,20,0.1000,123,9996115758,9996108806,15,2122
docs\inst_test\instancias\n_1000_4,100,10,15,20,0.2000,123,9989864094,9989857916,14,2122
docs\inst_test\instancias\n_1000_4,100,15,7,5,0.1000,42,9999239200,9999233015,11,2122
docs\inst_test\instancias\n_1000_4,100,10,15,20,0.1000,2026,9991427953,9991421500,19,2122
docs\inst_test\instancias\n_1000_4,100,10,15,20,0.2000,2026,9999239684,9999233254,18,2122
docs\inst_test\instancias\n_1000_4,100,10,15,20,0.3000,42,9991423917,9991418608,18,2122
docs\inst_test\instancias\n_1000_4,100,10,15,20,0.3000,123,9997675795,9997669459,17,2122
docs\inst_test\instancias\n_1000_4,100,10,15,20,0.2000,42,9998459677,9998452927,20,2122
docs\inst_test\instancias\n_1000_4,100,15,7,5,0.2000,2026,9999239684,9999233254,11,2122
docs\inst_test\instancias\n_1000_4,100,15,7,5,0.1000,123,9999239604,9999233200,17,2122
docs\inst_test\instancias\n_1000_4,100,15,7,5,0.3000,123,9997675862,9997669855,10,2122
docs\inst_test\instancias\n_1000_4,100,15,7,5,0.1000,2026,9999239796,9999233069,18,2122
docs\inst_test\instancias\n_1000_4,100,15,7,10,0.1000,2026,9991427953,9991421500,11,2122
docs\inst_test\instancias\n_1000_4,100,15,7,5,0.2000,123,9998455663,9998450281,17,2122
docs\inst_test\instancias\n_1000_4,100,15,7,10,0.1000,42,9993771778,9993764749,12,2122
docs\inst_test\instancias\n_1000_4,100,15,7,5,0.2000,42,9999239825,9999233397,19,2122
docs\inst_test\instancias\n_1000_4,100,15,7,5,0.3000,2026,9999235557,9999230837,18,2122
docs\inst_test\instancias\n_1000_4,100,15,7,5,0.3000,42,9996891031,9996886639,19,2122
docs\inst_test\instancias\n_1000_4,100,15,7,10,0.3000,42,9994547650,9994542891,12,2122
docs\inst_test\instancias\n_1000_4,100,15,7,10,0.2000,2026,9999239684,9999233254,12,2122
docs\inst_test\instancias\n_1000_4,100,15,7,10,0.1000,123,9996895765,9996889366,17,2122
docs\inst_test\instancias\n_1000_4,100,15,7,10,0.3000,123,9997675862,9997669855,15,2122
docs\inst_test\instancias\n_1000_4,100,15,7,20,0.1000,42,9993771778,9993764749,16,2122
docs\inst_test\instancias\n_1000_4,100,15,7,10,0.2000,42,9998459677,9998452927,19,2122
docs\inst_test\instancias\n_1000_4,100,15,7,10,0.2000,123,9997675834,9997669777,18,2122
docs\inst_test\instancias\n_1000_4,100,15,7,20,0.1000,123,9996115758,9996108806,17,2122
docs\inst_test\instancias\n_1000_4,100,15,7,20,0.2000,123,9989864094,9989857916,14,2122
docs\inst_test\instancias\n_1000_4,100,15,7,20,0.1000,2026,9991427953,9991421500,15,2122
docs\inst_test\instancias\n_1000_4,100,15,7,10,0.3000,2026,9997675731,9997669897,22,2122
docs\inst_test\instancias\n_1000_4,100,15,10,5,0.1000,123,9999239604,9999233200,11,2122
docs\inst_test\instancias\n_1000_4,100,15,7,20,0.2000,42,9998459677,9998452927,18,2122
docs\inst_test\instancias\n_1000_4,100,15,7,20,0.2000,2026,9999239684,9999233254,18,2122
docs\inst_test\instancias\n_1000_4,100,15,7,20,0.3000,123,9997675795,9997669459,14,2122
docs\inst_test\instancias\n_1000_4,100,15,7,20,0.3000,42,9991423917,9991418608,17,2122
docs\inst_test\instancias\n_1000_4,100,15,10,5,0.2000,42,9999239825,9999233397,15,2122
docs\inst_test\instancias\n_1000_4,100,15,10,5,0.1000,2026,9999239796,9999233069,20,2122
docs\inst_test\instancias\n_1000_4,100,15,10,5,0.1000,42,9999239200,9999233015,21,2122
docs\inst_test\instancias\n_1000_4,100,15,7,20,0.3000,2026,9997675731,9997669897,21,2122
docs\inst_test\instancias\n_1000_4,100,15,10,5,0.3000,2026,9999235557,9999230837,13,2122
docs\inst_test\instancias\n_1000_4,100,15,10,10,0.1000,2026,9991427953,9991421500,11,2122
docs\inst_test\instancias\n_1000_4,100,15,10,10,0.1000,42,9993771778,9993764749,13,2122
docs\inst_test\instancias\n_1000_4,100,15,10,5,0.3000,42,9996891031,9996886639,18,2122
docs\inst_test\instancias\n_1000_4,100,15,10,5,0.2000,123,9998455663,9998450281,19,2122
docs\inst_test\instancias\n_1000_4,100,15,10,5,0.2000,2026,9999239684,9999233254,20,2122
docs\inst_test\instancias\n_1000_4,100,15,10,5,0.3000,123,9997675862,9997669855,18,2122
docs\inst_test\instancias\n_1000_4,100,15,10,10,0.2000,2026,9999239684,9999233254,12,2122
docs\inst_test\instancias\n_1000_4,100,15,10,10,0.2000,123,9997675834,9997669777,16,2122
docs\inst_test\instancias\n_1000_4,100,15,10,20,0.1000,123,9996115758,9996108806,10,2122
docs\inst_test\instancias\n_1000_4,100,15,10,10,0.3000,42,9994547650,9994542891,18,2122
docs\inst_test\instancias\n_1000_4,100,15,10,10,0.1000,123,9996895765,9996889366,21,2122
docs\inst_test\instancias\n_1000_4,100,15,10,20,0.2000,123,9989864094,9989857916,10,2122
docs\inst_test\instancias\n_1000_4,100,15,10,10,0.2000,42,9998459677,9998452927,20,2122
docs\inst_test\instancias\n_1000_4,100,15,10,20,0.1000,2026,9991427953,9991421500,14,2122
docs\inst_test\instancias\n_1000_4,100,15,10,10,0.3000,123,9997675862,9997669855,18,2122
docs\inst_test\instancias\n_1000_4,100,15,15,5,0.1000,42,9999239200,9999233015,11,2122
docs\inst_test\instancias\n_1000_4,100,15,10,10,0.3000,2026,9997675731,9997669897,18,2122
docs\inst_test\instancias\n_1000_4,100,15,10,20,0.2000,42,9998459677,9998452927,17,2122
docs\inst_test\instancias\n_1000_4,100,15,10,20,0.1000,42,9993771778,9993764749,18,2122
docs\inst_test\instancias\n_1000_4,100,15,10,20,0.2000,2026,9999239684,9999233254,17,2122
docs\inst_test\instancias\n_1000_4,100,15,15,5,0.1000,2026,9999239796,9999233069,11,2122
docs\inst_test\instancias\n_1000_4,100,15,10,20,0.3000,2026,9997675731,9997669897,18,2122
docs\inst_test\instancias\n_1000_4,100,15,10,20,0.3000,42,9991423917,9991418608,19,2122
docs\inst_test\instancias\n_1000_4,100,15,15,5,0.2000,2026,9999239684,9999233254,11,2122
docs\inst_test\instancias\n_1000_4,100,15,10,20,0.3000,123,9997675795,9997669459,18,2122
docs\inst_test\instancias\n_1000_4,100,15,15,5,0.3000,123,9997675862,9997669855,10,2122
docs\inst_test\instancias\n_1000_4,100,15,15,5,0.2000,123,9998455663,9998450281,16,2122
docs\inst_test\instancias\n_1000_4,100,15,15,5,0.3000,42,9996891031,9996886639,18,2122
docs\inst_test\instancias\n_1000_4,100,15,15,10,0.2000,2026,9999239684,9999233254,10,2122
docs\inst_test\instancias\n_1000_4,100,15,15,5,0.2000,42,9999239825,9999233397,20,2122
docs\inst_test\instancias\n_1000_4,100,15,15,5,0.1000,123,9999239604,9999233200,22,2122
docs\inst_test\instancias\n_1000_4,100,15,15,10,0.3000,2026,9997675731,9997669897,10,2122
docs\inst_test\instancias\n_1000_4,100,15,15,5,0.3000,2026,9999235557,9999230837,17,2122
docs\inst_test\instancias\n_1000_4,100,15,15,10,0.1000,42,9993771778,9993764749,17,2122
docs\inst_test\instancias\n_1000_4,100,15,15,20,0.1000,123,9996115758,9996108806,10,2122
docs\inst_test\instancias\n_1000_4,100,15,15,10,0.1000,123,9996895765,9996889366,19,2122
docs\inst_test\instancias\n_1000_4,100,15,15,20,0.1000,2026,9991427953,9991421500,10,2122
docs\inst_test\instancias\n_1000_4,100,15,15,10,0.2000,42,9998459677,9998452927,19,2122
docs\inst_test\instancias\n_1000_4,100,15,15,10,0.2000,123,9997675834,9997669777,19,2122
docs\inst_test\instancias\n_1000_4,100,15,15,10,0.3000,42,9994547650,9994542891,17,2122
docs\inst_test\instancias\n_1000_4,100,15,15,10,0.1000,2026,9991427953,9991421500,23,2122
docs\inst_test\instancias\n_1000_4,100,15,15,10,0.3000,123,9997675862,9997669855,19,2122
docs\inst_test\instancias\n_1000_4,100,15,15,20,0.1000,42,9993771778,9993764749,19,2122
docs\inst_test\instancias\n_1000_4,100,15,15,20,0.2000,123,9989864094,9989857916,10,2122
docs\inst_test\instancias\n_1000_4,100,15,15,20,0.3000,123,9997675795,9997669459,10,2122
docs\inst_test\instancias\n_1000_4,100,15,15,20,0.2000,2026,9999239684,9999233254,11,2122
docs\inst_test\instancias\n_1000_4,100,20,7,5,0.1000,123,9999239604,9999233200,11,2122
docs\inst_test\instancias\n_1000_4,100,15,15,20,0.2000,42,9998459677,9998452927,18,2122
docs\inst_test\instancias\n_1000_4,100,20,7,5,0.2000,42,9999239825,9999233397,11,2122
docs\inst_test\instancias\n_1000_4,100,15,15,20,0.3000,2026,9997675731,9997669897,17,2122
docs\inst_test\instancias\n_1000_4,100,20,7,5,0.1000,2026,9999239796,9999233069,14,2122
docs\inst_test\instancias\n_1000_4,100,20,7,10,0.1000,123,9996895765,9996889366,10,2122
docs\inst_test\instancias\n_1000_4,100,20,7,10,0.2000,42,9998459677,9998452927,11,2122
docs\inst_test\instancias\n_1000_4,100,15,15,20,0.3000,42,9991423917,9991418608,22,2122
docs\inst_test\instancias\n_1000_4,100,20,7,10,0.1000,2026,9991427953,9991421500,12,2122
docs\inst_test\instancias\n_1000_4,100,20,7,5,0.1000,42,9999239200,9999233015,21,2122
docs\inst_test\instancias\n_1000_4,100,20,7,10,0.2000,123,9997675834,9997669777,10,2122
docs\inst_test\instancias\n_1000_4,100,20,7,5,0.3000,123,9997675862,9997669855,16,2122
docs\inst_test\instancias\n_1000_4,100,20,7,5,0.3000,42,9996891031,9996886639,18,2122
docs\inst_test\instancias\n_1000_4,100,20,7,10,0.3000,42,9994547650,9994542891,10,2122
docs\inst_test\instancias\n_1000_4,100,20,7,5,0.2000,123,9998455663,9998450281,21,2122
docs\inst_test\instancias\n_1000_4,100,20,7,5,0.2000,2026,9999239684,9999233254,20,2122
docs\inst_test\instancias\n_1000_4,100,20,7,10,0.1000,42,9993771778,9993764749,19,2122
docs\inst_test\instancias\n_1000_4,100,20,7,5,0.3000,2026,9999235557,9999230837,19,2122
docs\inst_test\instancias\n_1000_4,100,20,7,20,0.1000,42,9993771778,9993764749,10,2122
docs\inst_test\instancias\n_1000_4,100,20,7,20,0.1000,123,9996115758,9996108806,10,2122
docs\inst_test\instancias\n_1000_4,100,20,7,20,0.2000,2026,9999239684,9999233254,9,2122
docs\inst_test\instancias\n_1000_4,100,20,7,20,0.3000,42,9991423917,9991418608,10,2122
docs\inst_test\instancias\n_1000_4,100,20,7,10,0.2000,2026,9999239684,9999233254,19,2122
docs\inst_test\instancias\n_1000_4,100,20,7,20,0.3000,2026,9997675731,9997669897,10,2122
docs\inst_test\instancias\n_1000_4,100,20,7,10,0.3000,2026,9997675731,9997669897,18,2122
docs\inst_test\instancias\n_1000_4,100,20,10,5,0.2000,123,9998455663,9998450281,10,2122
docs\inst_test\instancias\n_1000_4,100,20,7,10,0.3000,123,9997675862,9997669855,22,2122
docs\inst_test\instancias\n_1000_4,100,20,7,20,0.1000,2026,9991427953,9991421500,19,2122
docs\inst_test\instancias\n_1000_4,100,20,7,20,0.2000,42,9998459677,9998452927,21,2122
docs\inst_test\instancias\n_1000_4,100,20,10,5,0.3000,42,9996891031,9996886639,11,2122
docs\inst_test\instancias\n_1000_4,100,20,7,20,0.3000,123,9997675795,9997669459,18,2122
docs\inst_test\instancias\n_1000_4,100,20,10,5,0.1000,42,9999239200,9999233015,18,2122
docs\inst_test\instancias\n_1000_4,100,20,10,5,0.2000,2026,9999239684,9999233254,13,2122
docs\inst_test\instancias\n_1000_4,100,20,10,5,0.3000,123,9997675862,9997669855,9,2122
docs\inst_test\instancias\n_1000_4,100,20,7,20,0.2000,123,9989864094,9989857916,24,2122
docs\inst_test\instancias\n_1000_4,100,20,10,10,0.1000,42,9993771778,9993764749,10,2122
docs\inst_test\instancias\n_1000_4,100,20,10,5,0.1000,123,9999239604,9999233200,19,2122
docs\inst_test\instancias\n_1000_4,100,20,10,5,0.1000,2026,9999239796,9999233069,18,2122
docs\inst_test\instancias\n_1000_4,100,20,10,5,0.2000,42,9999239825,9999233397,20,2122
docs\inst_test\instancias\n_1000_4,100,20,10,10,0.1000,2026,9991427953,9991421500,11,2122
docs\inst_test\instancias\n_1000_4,100,20,10,5,0.3000,2026,9999235557,9999230837,18,2122
docs\inst_test\instancias\n_1000_4,100,20,10,10,0.1000,123,9996895765,9996889366,18,2122
docs\inst_test\instancias\n_1000_4,100,20,10,10,0.3000,2026,9997675731,9997669897,10,2122
docs\inst_test\instancias\n_1000_4,100,20,10,20,0.1000,123,9996115758,9996108806,10,2122
docs\inst_test\instancias\n_1000_4,100,20,10,10,0.3000,42,9994547650,9994542891,11,2122
docs\inst_test\instancias\n_1000_4,100,20,10,20,0.1000,42,9993771778,9993764749,13,2122
docs\inst_test\instancias\n_1000_4,100,20,10,20,0.3000,42,9991423917,9991418608,11,2122
docs\inst_test\instancias\n_1000_4,100,20,10,20,0.3000,123,9997675795,9997669459,10,2122
docs\inst_test\instancias\n_1000_4,100,20,10,10,0.2000,123,9997675834,9997669777,19,2122
docs\inst_test\instancias\n_1000_4,100,20,10,20,0.2000,42,9998459677,9998452927,15,2122
docs\inst_test\instancias\n_1000_4,100,20,10,10,0.3000,123,9997675862,9997669855,17,2122
docs\inst_test\instancias\n_1000_4,100,20,10,20,0.2000,123,9989864094,9989857916,18,2122
docs\inst_test\instancias\n_1000_4,100,20,10,20,0.2000,2026,9999239684,9999233254,18,2122
docs\inst_test\instancias\n_1000_4,100,20,10,10,0.2000,42,9998459677,9998452927,27,2122
docs\inst_test\instancias\n_1000_4,100,20,15,5,0.1000,123,9999239604,9999233200,11,2122
docs\inst_test\instancias\n_1000_4,100,20,15,5,0.1000,2026,9999239796,9999233069,11,2122
docs\inst_test\instancias\n_1000_4,100,20,10,10,0.2000,2026,9999239684,9999233254,24,2122
docs\inst_test\instancias\n_1000_4,100,20,15,5,0.3000,42,9996891031,9996886639,9,2122
docs\inst_test\instancias\n_1000_4,100,20,15,5,0.2000,2026,9999239684,9999233254,11,2122
docs\inst_test\instancias\n_1000_4,100,20,10,20,0.3000,2026,9997675731,9997669897,17,2122
docs\inst_test\instancias\n_1000_4,100,20,15,5,0.2000,123,9998455663,9998450281,12,2122
docs\inst_test\instancias\n_1000_4,100,20,10,20,0.1000,2026,9991427953,9991421500,24,2122
docs\inst_test\instancias\n_1000_4,100,20,15,5,0.3000,2026,9999235557,9999230837,11,2122
docs\inst_test\instancias\n_1000_4,100,20,15,5,0.1000,42,9999239200,9999233015,20,2122
docs\inst_test\instancias\n_1000_4,100,20,15,10,0.2000,42,9998459677,9998452927,10,2122
docs\inst_test\instancias\n_1000_4,100,20,15,5,0.3000,123,9997675862,9997669855,16,2122
docs\inst_test\instancias\n_1000_4,100,20,15,5,0.2000,42,9999239825,9999233397,20,2122
docs\inst_test\instancias\n_1000_4,100,20,15,10,0.2000,2026,9999239684,9999233254,12,2122
docs\inst_test\instancias\n_1000_4,100,20,15,10,0.3000,123,9997675862,9997669855,10,2122
docs\inst_test\instancias\n_1000_4,100,20,15,10,0.3000,2026,9997675731,9997669897,9,2122
docs\inst_test\instancias\n_1000_4,100,20,15,10,0.1000,42,9993771778,9993764749,20,2122
docs\inst_test\instancias\n_1000_4,100,20,15,20,0.1000,2026,9991427953,9991421500,12,2122
docs\inst_test\instancias\n_1000_4,100,20,15,10,0.2000,123,9997675834,9997669777,17,2122
docs\inst_test\instancias\n_1000_4,100,20,15,10,0.1000,123,9996895765,9996889366,19,2122
docs\inst_test\instancias\n_1000_4,100,20,15,10,0.1000,2026,9991427953,9991421500,20,2122
docs\inst_test\instancias\n_1000_4,100,20,15,10,0.3000,42,9994547650,9994542891,19,2122
docs\inst_test\instancias\n_1000_4,100,20,15,20,0.3000,2026,9997675731,9997669897,9,2122
docs\inst_test\instancias\n_1000_4,100,20,15,20,0.1000,42,9993771778,9993764749,19,2122
docs\inst_test\instancias\n_1000_4,100,20,15,20,0.2000,2026,9999239684,9999233254,13,2122
docs\inst_test\instancias\n_1000_4,100,20,15,20,0.3000,123,9997675795,9997669459,13,2122
docs\inst_test\instancias\n_1000_4,100,20,15,20,0.1000,123,9996115758,9996108806,24,2122
docs\inst_test\instancias\n_1000_4,100,20,15,20,0.3000,42,9991423917,9991418608,18,2122
docs\inst_test\instancias\n_1000_4,100,20,15,20,0.2000,123,9989864094,9989857916,22,2122
docs\inst_test\instancias\n_1000_4,100,20,15,20,0.2000,42,9998459677,9998452927,24,2122
docs\inst_test\instancias\n_1000_4,300,10,7,5,0.1000,123,9999239785,9999233462,35,2122
docs\inst_test\instancias\n_1000_4,300,10,7,5,0.1000,42,9999239542,9999233154,35,2122
docs\inst_test\instancias\n_1000_4,300,10,7,5,0.3000,2026,9999235557,9999230837,35,2122
docs\inst_test\instancias\n_1000_4,300,10,7,10,0.2000,123,9999235551,9999230682,30,2122
docs\inst_test\instancias\n_1000_4,300,10,7,10,0.1000,2026,9999239825,9999233057,39,2122
docs\inst_test\instancias\n_1000_4,300,10,7,5,0.2000,123,9999235551,9999230682,47,2122
docs\inst_test\instancias\n_1000_4,300,10,7,10,0.1000,123,9999239785,9999233462,44,2122
docs\inst_test\instancias\n_1000_4,300,10,7,5,0.2000,42,9999239825,9999233397,51,2122
docs\inst_test\instancias\n_1000_4,300,10,7,5,0.3000,123,9999235496,9999230899,48,2122
docs\inst_test\instancias\n_1000_4,300,10,7,5,0.3000,42,9999235607,9999230590,54,2122
docs\inst_test\instancias\n_1000_4,300,10,7,5,0.1000,2026,9999239796,9999233069,59,2122
docs\inst_test\instancias\n_1000_4,300,10,7,10,0.3000,2026,9999235579,9999230674,28,2122
docs\inst_test\instancias\n_1000_4,300,10,7,5,0.2000,2026,9999239684,9999233254,62,2122
docs\inst_test\instancias\n_1000_4,300,10,7,10,0.1000,42,9999239542,9999233154,57,2122
docs\inst_test\instancias\n_1000_4,300,10,7,10,0.2000,2026,9999239684,9999233254,59,2122
docs\inst_test\instancias\n_1000_4,300,10,7,10,0.2000,42,9999239825,9999233397,63,2122
docs\inst_test\instancias\n_1000_4,300,10,7,20,0.1000,2026,9999239796,9999233069,30,2122
docs\inst_test\instancias\n_1000_4,300,10,7,20,0.3000,42,9999235596,9999230749,27,2122
docs\inst_test\instancias\n_1000_4,300,10,7,10,0.3000,42,9999235601,9999230748,64,2122
docs\inst_test\instancias\n_1000_4,300,10,7,20,0.1000,123,9999239604,9999233200,39,2122
docs\inst_test\instancias\n_1000_4,300,10,7,20,0.2000,123,9999235551,9999230682,30,2122
docs\inst_test\instancias\n_1000_4,300,10,7,20,0.2000,42,9999239825,9999233397,42,2122
docs\inst_test\instancias\n_1000_4,300,10,7,10,0.3000,123,9998455718,9998450407,61,2122
docs\inst_test\instancias\n_1000_4,300,10,7,20,0.1000,42,9999239542,9999233154,57,2122
docs\inst_test\instancias\n_1000_4,300,10,7,20,0.2000,2026,9999239684,9999233254,52,2122
docs\inst_test\instancias\n_1000_4,300,10,7,20,0.3000,2026,9999235557,9999230837,46,2122
docs\inst_test\instancias\n_1000_4,300,10,7,20,0.3000,123,9997675862,9997669855,51,2122
docs\inst_test\instancias\n_1000_4,300,10,10,5,0.2000,2026,9999239684,9999233254,35,2122
docs\inst_test\instancias\n_1000_4,300,10,10,5,0.2000,123,9999235551,9999230682,39,2122
docs\inst_test\instancias\n_1000_4,300,10,10,5,0.1000,42,9999239542,9999233154,61,2122
docs\inst_test\instancias\n_1000_4,300,10,10,5,0.1000,2026,9999239796,9999233069,58,2122
docs\inst_test\instancias\n_1000_4,300,10,10,5,0.3000,42,9999235607,9999230590,44,2122
docs\inst_test\instancias\n_1000_4,300,10,10,5,0.2000,42,9999239825,9999233397,51,2122
docs\inst_test\instancias\n_1000_4,300,10,10,10,0.1000,2026,9999239825,9999233057,32,2122
docs\inst_test\instancias\n_1000_4,300,10,10,10,0.1000,42,9999239542,9999233154,43,2122
docs\inst_test\instancias\n_1000_4,300,10,10,5,0.3000,2026,9999235557,9999230837,45,2122
docs\inst_test\instancias\n_1000_4,300,10,10,5,0.1000,123,9999239785,9999233462,63,2122
docs\inst_test\instancias\n_1000_4,300,10,10,5,0.3000,123,9999235496,9999230899,53,2122
docs\inst_test\instancias\n_1000_4,300,10,10,10,0.2000,2026,9999239684,9999233254,32,2122
docs\inst_test\instancias\n_1000_4,300,10,10,10,0.3000,123,9998455718,9998450407,29,2122
docs\inst_test\instancias\n_1000_4,300,10,10,10,0.2000,42,9999239825,9999233397,49,2122
docs\inst_test\instancias\n_1000_4,300,10,10,10,0.1000,123,9999239785,9999233462,57,2122
docs\inst_test\instancias\n_1000_4,300,10,10,10,0.2000,123,9999235551,9999230682,48,2122
docs\inst_test\instancias\n_1000_4,300,10,10,20,0.2000,123,9999235551,9999230682,29,2122
docs\inst_test\instancias\n_1000_4,300,10,10,10,0.3000,2026,9999235579,9999230674,42,2122
docs\inst_test\instancias\n_1000_4,300,10,10,20,0.1000,123,9999239604,9999233200,33,2122
docs\inst_test\instancias\n_1000_4,300,10,10,10,0.3000,42,9999235601,9999230837,50,2122
docs\inst_test\instancias\n_1000_4,300,10,15,5,0.1000,42,9999239542,9999233154,35,2122
docs\inst_test\instancias\n_1000_4,300,10,10,20,0.1000,42,9999239542,9999233154,55,2122
docs\inst_test\instancias\n_1000_4,300,10,10,20,0.3000,42,9999235596,9999230749,51,2122
docs\inst_test\instancias\n_1000_4,300,10,10,20,0.2000,2026,9999239684,9999233254,53,2122
docs\inst_test\instancias\n_1000_4,300,10,10,20,0.1000,2026,9999239796,9999233069,55,2122
docs\inst_test\instancias\n_1000_4,300,10,10,20,0.3000,123,9997675862,9997669855,52,2122
docs\inst_test\instancias\n_1000_4,300,10,10,20,0.2000,42,9999239825,9999233397,62,2122
docs\inst_test\instancias\n_1000_4,300,10,10,20,0.3000,2026,9999235557,9999230837,55,2122
docs\inst_test\instancias\n_1000_4,300,10,15,5,0.1000,2026,9999239796,9999233069,45,2122
docs\inst_test\instancias\n_1000_4,300,10,15,5,0.2000,2026,9999239684,9999233254,37,2122
docs\inst_test\instancias\n_1000_4,300,10,15,5,0.2000,42,9999239825,9999233397,50,2122
docs\inst_test\instancias\n_1000_4,300,10,15,5,0.3000,123,9999235496,9999230899,41,2122
docs\inst_test\instancias\n_1000_4,300,10,15,5,0.2000,123,9999235551,9999230682,46,2122
docs\inst_test\instancias\n_1000_4,300,10,15,5,0.3000,42,9999235607,9999230590,45,2122
docs\inst_test\instancias\n_1000_4,300,10,15,10,0.1000,42,9999239542,9999233154,32,2122
docs\inst_test\instancias\n_1000_4,300,10,15,10,0.3000,42,9999235601,9999230748,27,2122
docs\inst_test\instancias\n_1000_4,300,10,15,5,0.1000,123,9999239785,9999233462,74,2122
docs\inst_test\instancias\n_1000_4,300,10,15,5,0.3000,2026,9999235557,9999230837,57,2122
docs\inst_test\instancias\n_1000_4,300,10,15,10,0.2000,42,9999239825,9999233397,40,2122
docs\inst_test\instancias\n_1000_4,300,10,15,10,0.2000,123,9999235551,9999230682,41,2122
docs\inst_test\instancias\n_1000_4,300,10,15,20,0.2000,123,9999235551,9999230682,28,2122
docs\inst_test\instancias\n_1000_4,300,10,15,20,0.1000,123,9999239604,9999233200,35,2122
docs\inst_test\instancias\n_1000_4,300,10,15,10,0.3000,2026,9999235579,9999230674,41,2122
docs\inst_test\instancias\n_1000_4,300,10,15,20,0.2000,2026,9999239684,9999233254,29,2122
docs\inst_test\instancias\n_1000_4,300,10,15,20,0.1000,42,9999239542,9999233154,44,2122
docs\inst_test\instancias\n_1000_4,300,10,15,10,0.2000,2026,9999239684,9999233254,56,2122
docs\inst_test\instancias\n_1000_4,300,10,15,20,0.3000,42,9999235596,9999230749,26,2122
docs\inst_test\instancias\n_1000_4,300,10,15,10,0.1000,2026,9999239825,9999233057,62,2122
docs\inst_test\instancias\n_1000_4,300,10,15,10,0.3000,123,9998455718,9998450407,53,2122
docs\inst_test\instancias\n_1000_4,300,10,15,20,0.2000,42,9999239825,9999233397,50,2122
docs\inst_test\instancias\n_1000_4,300,10,15,10,0.1000,123,9999239785,9999233462,74,2122
docs\inst_test\instancias\n_1000_4,300,10,15,20,0.3000,123,9997675862,9997669855,43,2122
docs\inst_test\instancias\n_1000_4,300,10,15,20,0.3000,2026,9999235557,9999230837,44,2122
docs\inst_test\instancias\n_1000_4,300,15,7,5,0.3000,42,9999235607,9999230590,30,2122
docs\inst_test\instancias\n_1000_4,300,10,15,20,0.1000,2026,9999239796,9999233069,70,2122
docs\inst_test\instancias\n_1000_4,300,15,7,5,0.1000,123,9999239785,9999233462,49,2122
docs\inst_test\instancias\n_1000_4,300,15,7,5,0.1000,42,9999239542,9999233154,53,2122
docs\inst_test\instancias\n_1000_4,300,15,7,5,0.2000,2026,9999239684,9999233254,39,2122
docs\inst_test\instancias\n_1000_4,300,15,7,5,0.1000,2026,9999239796,9999233069,47,2122
docs\inst_test\instancias\n_1000_4,300,15,7,5,0.2000,123,9999235551,9999230682,47,2122
docs\inst_test\instancias\n_1000_4,300,15,7,5,0.2000,42,9999239825,9999233397,50,2122
docs\inst_test\instancias\n_1000_4,300,15,7,5,0.3000,2026,9999235557,9999230837,46,2122
docs\inst_test\instancias\n_1000_4,300,15,7,10,0.2000,123,9999235551,9999230682,29,2122
docs\inst_test\instancias\n_1000_4,300,15,7,10,0.2000,2026,9999239684,9999233254,30,2122
docs\inst_test\instancias\n_1000_4,300,15,7,10,0.1000,2026,9999239825,9999233057,42,2122
docs\inst_test\instancias\n_1000_4,300,15,7,10,0.3000,42,9999235601,9999230748,28,2122
docs\inst_test\instancias\n_1000_4,300,15,7,5,0.3000,123,9999235496,9999230899,62,2122
docs\inst_test\instancias\n_1000_4,300,15,7,10,0.1000,123,9999239785,9999233462,58,2122
docs\inst_test\instancias\n_1000_4,300,15,7,20,0.1000,2026,9999239796,9999233069,30,2122
docs\inst_test\instancias\n_1000_4,300,15,7,10,0.2000,42,9999239825,9999233397,56,2122
docs\inst_test\instancias\n_1000_4,300,15,7,20,0.1000,42,9999239542,9999233154,36,2122
docs\inst_test\instancias\n_1000_4,300,15,7,10,0.3000,2026,9999235579,9999230674,42,2122
docs\inst_test\instancias\n_1000_4,300,15,7,10,0.1000,42,9999239542,9999233154,72,2122
docs\inst_test\instancias\n_1000_4,300,15,7,20,0.3000,42,9999235596,9999230749,27,2122
docs\inst_test\instancias\n_1000_4,300,15,7,20,0.3000,2026,9999235557,9999230837,26,2122
docs\inst_test\instancias\n_1000_4,300,15,7,10,0.3000,123,9998455718,9998450407,54,2122
docs\inst_test\instancias\n_1000_4,300,15,7,20,0.3000,123,9997675862,9997669855,39,2122
docs\inst_test\instancias\n_1000_4,300,15,7,20,0.2000,42,9999239825,9999233397,51,2122
docs\inst_test\instancias\n_1000_4,300,15,10,5,0.1000,2026,9999239796,9999233069,34,2122
docs\inst_test\instancias\n_1000_4,300,15,7,20,0.2000,2026,9999239684,9999233254,50,2122
docs\inst_test\instancias\n_1000_4,300,15,7,20,0.2000,123,9999235551,9999230682,56,2122
docs\inst_test\instancias\n_1000_4,300,15,7,20,0.1000,123,9999239604,9999233200,70,2122
docs\inst_test\instancias\n_1000_4,300,15,10,5,0.2000,2026,9999239684,9999233254,36,2122
docs\inst_test\instancias\n_1000_4,300,15,10,5,0.2000,42,9999239825,9999233397,43,2122
docs\inst_test\instancias\n_1000_4,300,15,10,5,0.3000,123,9999235496,9999230899,42,2122
docs\inst_test\instancias\n_1000_4,300,15,10,5,0.3000,42,9999235607,9999230590,45,2122
docs\inst_test\instancias\n_1000_4,300,15,10,5,0.1000,123,9999239785,9999233462,59,2122
docs\inst_test\instancias\n_1000_4,300,15,10,5,0.1000,42,9999239542,9999233154,66,2122
docs\inst_test\instancias\n_1000_4,300,15,10,5,0.2000,123,9999235551,9999230682,54,2122
docs\inst_test\instancias\n_1000_4,300,15,10,10,0.2000,123,9999235551,9999230682,29,2122
docs\inst_test\instancias\n_1000_4,300,15,10,10,0.1000,42,9999239542,9999233154,49,2122
docs\inst_test\instancias\n_1000_4,300,15,10,10,0.2000,42,9999239825,9999233397,36,2122
docs\inst_test\instancias\n_1000_4,300,15,10,10,0.1000,2026,9999239825,9999233057,41,2122
docs\inst_test\instancias\n_1000_4,300,15,10,10,0.1000,123,9999239785,9999233462,52,2122
docs\inst_test\instancias\n_1000_4,300,15,10,10,0.3000,42,9999235601,9999230837,37,2122
docs\inst_test\instancias\n_1000_4,300,15,10,5,0.3000,2026,9999235557,9999230837,60,2122
docs\inst_test\instancias\n_1000_4,300,15,10,10,0.3000,2026,9999235579,9999230674,32,2122
docs\inst_test\instancias\n_1000_4,300,15,10,10,0.2000,2026,9999239684,9999233254,49,2122
docs\inst_test\instancias\n_1000_4,300,15,10,20,0.3000,42,9999235596,9999230749,25,2122
docs\inst_test\instancias\n_1000_4,300,15,10,10,0.3000,123,9998455718,9998450407,49,2122
docs\inst_test\instancias\n_1000_4,300,15,10,20,0.2000,123,9999235551,9999230682,40,2122
docs\inst_test\instancias\n_1000_4,300,15,10,20,0.2000,42,9999239825,9999233397,45,2122
docs\inst_test\instancias\n_1000_4,300,15,10,20,0.3000,2026,9999235557,9999230837,40,2122
docs\inst_test\instancias\n_1000_4,300,15,10,20,0.1000,42,9999239542,9999233154,57,2122
docs\inst_test\instancias\n_1000_4,300,15,15,5,0.1000,123,9999239785,9999233462,35,2122
docs\inst_test\instancias\n_1000_4,300,15,15,5,0.1000,2026,9999239796,9999233069,35,2122
docs\inst_test\instancias\n_1000_4,300,15,10,20,0.1000,123,9999239604,9999233200,59,2122
docs\inst_test\instancias\n_1000_4,300,15,10,20,0.1000,2026,9999239796,9999233069,57,2122
docs\inst_test\instancias\n_1000_4,300,15,10,20,0.2000,2026,9999239684,9999233254,55,2122
docs\inst_test\instancias\n_1000_4,300,15,15,5,0.3000,42,9999235607,9999230590,31,2122
docs\inst_test\instancias\n_1000_4,300,15,15,5,0.2000,123,9999235551,9999230682,49,2122
docs\inst_test\instancias\n_1000_4,300,15,15,5,0.2000,42,9999239825,9999233397,51,2122
docs\inst_test\instancias\n_1000_4,300,15,10,20,0.3000,123,9997675862,9997669855,67,2122
docs\inst_test\instancias\n_1000_4,300,15,15,5,0.1000,42,9999239542,9999233154,63,2122
docs\inst_test\instancias\n_1000_4,300,15,15,5,0.3000,2026,9999235557,9999230837,37,2122
docs\inst_test\instancias\n_1000_4,300,15,15,10,0.2000,123,9999235551,9999230682,28,2122
docs\inst_test\instancias\n_1000_4,300,15,15,10,0.3000,2026,9999235579,9999230674,27,2122
docs\inst_test\instancias\n_1000_4,300,15,15,5,0.2000,2026,9999239684,9999233254,61,2122
docs\inst_test\instancias\n_1000_4,300,15,15,10,0.1000,123,9999239785,9999233462,45,2122
docs\inst_test\instancias\n_1000_4,300,15,15,5,0.3000,123,9999235496,9999230899,59,2122
docs\inst_test\instancias\n_1000_4,300,15,15,10,0.1000,42,9999239542,9999233154,49,2122
docs\inst_test\instancias\n_1000_4,300,15,15,10,0.2000,42,9999239825,9999233397,44,2122
docs\inst_test\instancias\n_1000_4,300,15,15,10,0.1000,2026,9999239825,9999233057,47,2122
docs\inst_test\instancias\n_1000_4,300,15,15,20,0.1000,42,9999239542,9999233154,30,2122
docs\inst_test\instancias\n_1000_4,300,15,15,20,0.1000,123,9999239604,9999233200,38,2122
docs\inst_test\instancias\n_1000_4,300,15,15,10,0.2000,2026,9999239684,9999233254,53,2122
docs\inst_test\instancias\n_1000_4,300,15,15,10,0.3000,42,9999235601,9999230748,55,2122
docs\inst_test\instancias\n_1000_4,300,15,15,10,0.3000,123,9998455718,9998450407,56,2122
docs\inst_test\instancias\n_1000_4,300,15,15,20,0.3000,42,9999235596,9999230749,27,2122
docs\inst_test\instancias\n_1000_4,300,15,15,20,0.2000,2026,9999239684,9999233254,38,2122
docs\inst_test\instancias\n_1000_4,300,15,15,20,0.2000,123,9999235551,9999230682,40,2122
docs\inst_test\instancias\n_1000_4,300,15,15,20,0.2000,42,9999239825,9999233397,48,2122
docs\inst_test\instancias\n_1000_4,300,15,15,20,0.1000,2026,9999239796,9999233069,49,2122
docs\inst_test\instancias\n_1000_4,300,15,15,20,0.3000,123,9997675862,9997669855,41,2122
docs\inst_test\instancias\n_1000_4,300,20,7,5,0.2000,42,9999239825,9999233397,35,2122
docs\inst_test\instancias\n_1000_4,300,20,7,5,0.1000,42,9999239542,9999233154,45,2122
docs\inst_test\instancias\n_1000_4,300,20,7,10,0.1000,42,9999239542,9999233154,31,2122
docs\inst_test\instancias\n_1000_4,300,20,7,5,0.2000,123,9999235551,9999230682,48,2122
docs\inst_test\instancias\n_1000_4,300,15,15,20,0.3000,2026,9999235557,9999230837,56,2122
docs\inst_test\instancias\n_1000_4,300,20,7,5,0.1000,2026,9999239796,9999233069,56,2122
docs\inst_test\instancias\n_1000_4,300,20,7,5,0.1000,123,9999239785,9999233462,62,2122
docs\inst_test\instancias\n_1000_4,300,20,7,5,0.2000,2026,9999239684,9999233254,50,2122
docs\inst_test\instancias\n_1000_4,300,20,7,10,0.2000,2026,9999239684,9999233254,31,2122
docs\inst_test\instancias\n_1000_4,300,20,7,5,0.3000,2026,9999235557,9999230837,48,2122
docs\inst_test\instancias\n_1000_4,300,20,7,10,0.2000,42,9999239825,9999233397,39,2122
docs\inst_test\instancias\n_1000_4,300,20,7,10,0.1000,2026,9999239825,9999233057,46,2122
docs\inst_test\instancias\n_1000_4,300,20,7,10,0.2000,123,9999235551,9999230682,40,2122
docs\inst_test\instancias\n_1000_4,300,20,7,10,0.1000,123,9999239785,9999233462,49,2122
docs\inst_test\instancias\n_1000_4,300,20,7,10,0.3000,123,9998455718,9998450407,29,2122
docs\inst_test\instancias\n_1000_4,300,20,7,5,0.3000,42,9999235607,9999230590,61,2122
docs\inst_test\instancias\n_1000_4,300,20,7,10,0.3000,42,9999235601,9999230748,40,2122
docs\inst_test\instancias\n_1000_4,300,20,7,10,0.3000,2026,9999235579,9999230674,27,2122
docs\inst_test\instancias\n_1000_4,300,20,7,5,0.3000,123,9999235496,9999230899,64,2122
docs\inst_test\instancias\n_1000_4,300,20,7,20,0.1000,42,9999239542,9999233154,40,2122
docs\inst_test\instancias\n_1000_4,300,20,7,20,0.1000,2026,9999239796,9999233069,38,2122
docs\inst_test\instancias\n_1000_4,300,20,7,20,0.2000,42,9999239825,9999233397,34,2122
docs\inst_test\instancias\n_1000_4,300,20,7,20,0.2000,2026,9999239684,9999233254,30,2122
docs\inst_test\instancias\n_1000_4,300,20,7,20,0.1000,123,9999239604,9999233200,52,2122
docs\inst_test\instancias\n_1000_4,300,20,10,5,0.1000,123,9999239785,9999233462,34,2122
docs\inst_test\instancias\n_1000_4,300,20,10,5,0.2000,2026,9999239684,9999233254,35,2122
docs\inst_test\instancias\n_1000_4,300,20,7,20,0.2000,123,9999235551,9999230682,52,2122
docs\inst_test\instancias\n_1000_4,300,20,10,5,0.2000,42,9999239825,9999233397,45,2122
docs\inst_test\instancias\n_1000_4,300,20,7,20,0.3000,123,9997675862,9997669855,53,2122
docs\inst_test\instancias\n_1000_4,300,20,10,5,0.1000,42,9999239542,9999233154,54,2122
docs\inst_test\instancias\n_1000_4,300,20,7,20,0.3000,2026,9999235557,9999230837,56,2122
docs\inst_test\instancias\n_1000_4,300,20,10,5,0.2000,123,9999235551,9999230682,51,2122
docs\inst_test\instancias\n_1000_4,300,20,7,20,0.3000,42,9999235596,9999230749,60,2122
docs\inst_test\instancias\n_1000_4,300,20,10,5,0.3000,42,9999235607,9999230590,49,2122
docs\inst_test\instancias\n_1000_4,300,20,10,10,0.1000,123,9999239785,9999233462,33,2122
docs\inst_test\instancias\n_1000_4,300,20,10,5,0.3000,123,9999235496,9999230899,40,2122
docs\inst_test\instancias\n_1000_4,300,20,10,5,0.1000,2026,9999239796,9999233069,64,2122
docs\inst_test\instancias\n_1000_4,300,20,10,5,0.3000,2026,9999235557,9999230837,45,2122
docs\inst_test\instancias\n_1000_4,300,20,10,10,0.2000,123,9999235551,9999230682,28,2122
docs\inst_test\instancias\n_1000_4,300,20,10,10,0.2000,42,9999239825,9999233397,35,2122
docs\inst_test\instancias\n_1000_4,300,20,10,10,0.1000,2026,9999239825,9999233057,45,2122
docs\inst_test\instancias\n_1000_4,300,20,10,20,0.2000,42,9999239825,9999233397,31,2122
docs\inst_test\instancias\n_1000_4,300,20,10,20,0.2000,2026,9999239684,9999233254,29,2122
docs\inst_test\instancias\n_1000_4,300,20,10,10,0.3000,2026,9999235579,9999230674,38,2122
docs\inst_test\instancias\n_1000_4,300,20,10,20,0.2000,123,9999235551,9999230682,32,2122
docs\inst_test\instancias\n_1000_4,300,20,10,10,0.1000,42,9999239542,9999233154,71,2122
docs\inst_test\instancias\n_1000_4,300,20,10,20,0.1000,42,9999239542,9999233154,40,2122
docs\inst_test\instancias\n_1000_4,300,20,10,10,0.3000,42,9999235601,9999230837,47,2122
docs\inst_test\instancias\n_1000_4,300,20,10,10,0.2000,2026,9999239684,9999233254,53,2122
docs\inst_test\instancias\n_1000_4,300,20,10,20,0.3000,2026,9999235557,9999230837,27,2122
docs\inst_test\instancias\n_1000_4,300,20,10,20,0.1000,123,9999239604,9999233200,43,2122
docs\inst_test\instancias\n_1000_4,300,20,10,10,0.3000,123,9998455718,9998450407,59,2122
docs\inst_test\instancias\n_1000_4,300,20,10,20,0.1000,2026,9999239796,9999233069,59,2122
docs\inst_test\instancias\n_1000_4,300,20,15,5,0.1000,123,9999239785,9999233462,34,2122
docs\inst_test\instancias\n_1000_4,300,20,10,20,0.3000,42,9999235596,9999230749,50,2122
docs\inst_test\instancias\n_1000_4,300,20,10,20,0.3000,123,9997675862,9997669855,52,2122
docs\inst_test\instancias\n_1000_4,300,20,15,5,0.1000,42,9999239542,9999233154,52,2122
docs\inst_test\instancias\n_1000_4,300,20,15,5,0.3000,42,9999235607,9999230590,32,2122
docs\inst_test\instancias\n_1000_4,300,20,15,5,0.2000,2026,9999239684,9999233254,41,2122
docs\inst_test\instancias\n_1000_4,300,20,15,5,0.2000,42,9999239825,9999233397,43,2122
docs\inst_test\instancias\n_1000_4,300,20,15,5,0.2000,123,9999235551,9999230682,45,2122
docs\inst_test\instancias\n_1000_4,300,20,15,5,0.1000,2026,9999239796,9999233069,53,2122
docs\inst_test\instancias\n_1000_4,300,20,15,10,0.1000,42,9999239542,9999233154,50,2122
docs\inst_test\instancias\n_1000_4,300,20,15,10,0.1000,123,9999239785,9999233462,51,2122
docs\inst_test\instancias\n_1000_4,300,20,15,10,0.3000,123,9998455718,9998450407,30,2122
docs\inst_test\instancias\n_1000_4,300,20,15,5,0.3000,2026,9999235557,9999230837,55,2122
docs\inst_test\instancias\n_1000_4,300,20,15,10,0.2000,42,9999239825,9999233397,44,2122
docs\inst_test\instancias\n_1000_4,300,20,15,10,0.3000,42,9999235601,9999230748,36,2122
docs\inst_test\instancias\n_1000_4,300,20,15,5,0.3000,123,9999235496,9999230899,60,2122
docs\inst_test\instancias\n_1000_4,300,20,15,10,0.3000,2026,9999235579,9999230674,32,2122
docs\inst_test\instancias\n_1000_4,300,20,15,20,0.1000,42,9999239542,9999233154,30,2122
docs\inst_test\instancias\n_1000_4,300,20,15,10,0.1000,2026,9999239825,9999233057,59,2122
docs\inst_test\instancias\n_1000_4,300,20,15,10,0.2000,123,9999235551,9999230682,53,2122
docs\inst_test\instancias\n_1000_4,300,20,15,10,0.2000,2026,9999239684,9999233254,62,2122
docs\inst_test\instancias\n_1000_4,300,20,15,20,0.3000,123,9997675862,9997669855,28,2122
docs\inst_test\instancias\n_1000_4,300,20,15,20,0.1000,123,9999239604,9999233200,47,2122
docs\inst_test\instancias\n_1000_4,300,20,15,20,0.1000,2026,9999239796,9999233069,54,2122
docs\inst_test\instancias\n_1000_4,300,20,15,20,0.2000,123,9999235551,9999230682,46,2122
docs\inst_test\instancias\n_1000_4,300,20,15,20,0.2000,42,9999239825,9999233397,52,2122
docs\inst_test\instancias\n_1000_4,300,20,15,20,0.2000,2026,9999239684,9999233254,45,2122
docs\inst_test\instancias\n_1000_4,300,20,15,20,0.3000,2026,9999235557,9999230837,44,2122
docs\inst_test\instancias\n_1000_4,300,20,15,20,0.3000,42,9999235596,9999230749,46,2122
docs\inst_test\instancias\n_1000_4,500,10,7,5,0.2000,123,9999235556,9999230719,52,2122
docs\inst_test\instancias\n_1000_4,500,10,7,5,0.2000,42,9999239825,9999233397,70,2122
docs\inst_test\instancias\n_1000_4,500,10,7,5,0.1000,2026,9999239804,9999233206,72,2122
docs\inst_test\instancias\n_1000_4,500,10,7,10,0.1000,2026,9999239825,9999233057,51,2122
docs\inst_test\instancias\n_1000_4,500,10,7,10,0.3000,42,9999235603,9999230785,46,2122
docs\inst_test\instancias\n_1000_4,500,10,7,5,0.3000,123,9999235496,9999230899,66,2122
docs\inst_test\instancias\n_1000_4,500,10,7,10,0.1000,123,9999239785,9999233462,61,2122
docs\inst_test\instancias\n_1000_4,500,10,7,10,0.1000,42,9999239542,9999233154,73,2122
docs\inst_test\instancias\n_1000_4,500,10,7,5,0.3000,42,9999235607,9999230590,87,2122
docs\inst_test\instancias\n_1000_4,500,10,7,5,0.1000,123,9999239847,9999233470,105,2122
docs\inst_test\instancias\n_1000_4,500,10,7,5,0.3000,2026,9999235557,9999230837,80,2122
docs\inst_test\instancias\n_1000_4,500,10,7,5,0.1000,42,9999239587,9999233145,106,2122
docs\inst_test\instancias\n_1000_4,500,10,7,5,0.2000,2026,9999239684,9999233254,114,2122
docs\inst_test\instancias\n_1000_4,500,10,7,10,0.3000,2026,9999235579,9999230674,49,2122
docs\inst_test\instancias\n_1000_4,500,10,7,10,0.2000,42,9999239827,9999233233,90,2122
docs\inst_test\instancias\n_1000_4,500,10,7,10,0.2000,123,9999235551,9999230682,92,2122
docs\inst_test\instancias\n_1000_4,500,10,7,10,0.2000,2026,9999239684,9999233254,90,2122
docs\inst_test\instancias\n_1000_4,500,10,7,20,0.1000,2026,9999239825,9999233057,50,2122
docs\inst_test\instancias\n_1000_4,500,10,7,20,0.1000,123,9999239604,9999233200,54,2122
docs\inst_test\instancias\n_1000_4,500,10,7,20,0.2000,42,9999239825,9999233397,49,2122
docs\inst_test\instancias\n_1000_4,500,10,7,10,0.3000,123,9999235496,9999230899,97,2122
docs\inst_test\instancias\n_1000_4,500,10,7,20,0.2000,123,9999235551,9999230682,59,2122
docs\inst_test\instancias\n_1000_4,500,10,7,20,0.3000,123,9998455718,9998450407,50,2122
docs\inst_test\instancias\n_1000_4,500,10,7,20,0.1000,42,9999239542,9999233154,97,2122
docs\inst_test\instancias\n_1000_4,500,10,7,20,0.3000,2026,9999235569,9999230761,68,2122
docs\inst_test\instancias\n_1000_4,500,10,10,5,0.1000,42,9999239587,9999233145,68,2122
docs\inst_test\instancias\n_1000_4,500,10,7,20,0.3000,42,9999235601,9999230748,84,2122
docs\inst_test\instancias\n_1000_4,500,10,10,5,0.2000,123,9999235556,9999230719,59,2122
docs\inst_test\instancias\n_1000_4,500,10,10,5,0.3000,2026,9999235557,9999230837,53,2122
docs\inst_test\instancias\n_1000_4,500,10,7,20,0.2000,2026,9999239684,9999233254,94,2122
docs\inst_test\instancias\n_1000_4,500,10,10,10,0.1000,42,9999239542,9999233154,69,2122
docs\inst_test\instancias\n_1000_4,500,10,10,5,0.1000,2026,9999239804,9999233206,99,2122
docs\inst_test\instancias\n_1000_4,500,10,10,5,0.1000,123,9999239847,9999233470,102,2122
docs\inst_test\instancias\n_1000_4,500,10,10,5,0.3000,42,9999235607,9999230590,85,2122
docs\inst_test\instancias\n_1000_4,500,10,10,5,0.3000,123,9999235496,9999230899,88,2122
docs\inst_test\instancias\n_1000_4,500,10,10,10,0.1000,123,9999239785,9999233462,74,2122
docs\inst_test\instancias\n_1000_4,500,10,10,5,0.2000,42,9999239825,9999233397,111,2122
docs\inst_test\instancias\n_1000_4,500,10,10,10,0.3000,2026,9999235579,9999230674,45,2122
docs\inst_test\instancias\n_1000_4,500,10,10,10,0.1000,2026,9999239825,9999233057,84,2122
docs\inst_test\instancias\n_1000_4,500,10,10,5,0.2000,2026,9999239684,9999233254,114,2122
docs\inst_test\instancias\n_1000_4,500,10,10,10,0.3000,42,9999235601,9999230837,68,2122
docs\inst_test\instancias\n_1000_4,500,10,10,10,0.2000,42,9999239827,9999233233,87,2122
docs\inst_test\instancias\n_1000_4,500,10,10,10,0.2000,2026,9999239684,9999233254,87,2122
docs\inst_test\instancias\n_1000_4,500,10,10,20,0.1000,42,9999239542,9999233154,74,2122
docs\inst_test\instancias\n_1000_4,500,10,10,10,0.2000,123,9999235551,9999230682,94,2122
docs\inst_test\instancias\n_1000_4,500,10,10,10,0.3000,123,9999235496,9999230899,81,2122
docs\inst_test\instancias\n_1000_4,500,10,10,20,0.1000,2026,9999239825,9999233057,50,2122
docs\inst_test\instancias\n_1000_4,500,10,10,20,0.3000,42,9999235601,9999230748,51,2122
docs\inst_test\instancias\n_1000_4,500,10,10,20,0.1000,123,9999239604,9999233200,65,2122
docs\inst_test\instancias\n_1000_4,500,10,10,20,0.3000,2026,9999235569,9999230761,65,2122
docs\inst_test\instancias\n_1000_4,500,10,10,20,0.2000,123,9999235551,9999230682,85,2122
docs\inst_test\instancias\n_1000_4,500,10,10,20,0.3000,123,9998455718,9998450407,72,2122
docs\inst_test\instancias\n_1000_4,500,10,15,5,0.1000,2026,9999239804,9999233206,59,2122
docs\inst_test\instancias\n_1000_4,500,10,10,20,0.2000,42,9999239825,9999233397,92,2122
docs\inst_test\instancias\n_1000_4,500,10,15,5,0.1000,123,9999239847,9999233470,83,2122
docs\inst_test\instancias\n_1000_4,500,10,15,5,0.2000,123,9999235556,9999230719,71,2122
docs\inst_test\instancias\n_1000_4,500,10,10,20,0.2000,2026,9999239684,9999233254,106,2122
docs\inst_test\instancias\n_1000_4,500,10,15,5,0.1000,42,9999239587,9999233145,95,2122
docs\inst_test\instancias\n_1000_4,500,10,15,10,0.1000,123,9999239785,9999233462,53,2122
docs\inst_test\instancias\n_1000_4,500,10,15,5,0.3000,123,9999235496,9999230899,69,2122
docs\inst_test\instancias\n_1000_4,500,10,15,5,0.3000,2026,9999235557,9999230837,77,2122
docs\inst_test\instancias\n_1000_4,500,10,15,5,0.3000,42,9999235607,9999230590,86,2122
docs\inst_test\instancias\n_1000_4,500,10,15,5,0.2000,42,9999239825,9999233397,107,2122
docs\inst_test\instancias\n_1000_4,500,10,15,10,0.1000,42,9999239542,9999233154,85,2122
docs\inst_test\instancias\n_1000_4,500,10,15,10,0.2000,2026,9999239684,9999233254,51,2122
docs\inst_test\instancias\n_1000_4,500,10,15,5,0.2000,2026,9999239684,9999233254,109,2122
docs\inst_test\instancias\n_1000_4,500,10,15,10,0.2000,123,9999235551,9999230682,74,2122
docs\inst_test\instancias\n_1000_4,500,10,15,10,0.1000,2026,9999239825,9999233057,83,2122
docs\inst_test\instancias\n_1000_4,500,10,15,20,0.1000,2026,9999239825,9999233057,51,2122
docs\inst_test\instancias\n_1000_4,500,10,15,10,0.3000,2026,9999235579,9999230674,62,2122
docs\inst_test\instancias\n_1000_4,500,10,15,10,0.3000,42,9999235603,9999230785,83,2122
docs\inst_test\instancias\n_1000_4,500,10,15,10,0.2000,42,9999239827,9999233233,94,2122
docs\inst_test\instancias\n_1000_4,500,10,15,10,0.3000,123,9999235496,9999230899,78,2122
docs\inst_test\instancias\n_1000_4,500,10,15,20,0.3000,2026,9999235569,9999230761,44,2122
docs\inst_test\instancias\n_1000_4,500,10,15,20,0.2000,123,9999235551,9999230682,62,2122
docs\inst_test\instancias\n_1000_4,500,10,15,20,0.2000,2026,9999239684,9999233254,69,2122
docs\inst_test\instancias\n_1000_4,500,10,15,20,0.3000,42,9999235601,9999230748,59,2122
docs\inst_test\instancias\n_1000_4,500,10,15,20,0.1000,123,9999239604,9999233200,91,2122
docs\inst_test\instancias\n_1000_4,500,10,15,20,0.3000,123,9998455718,9998450407,61,2122
docs\inst_test\instancias\n_1000_4,500,10,15,20,0.2000,42,9999239825,9999233397,93,2122
docs\inst_test\instancias\n_1000_4,500,10,15,20,0.1000,42,9999239542,9999233154,103,2122
docs\inst_test\instancias\n_1000_4,500,15,7,5,0.2000,42,9999239825,9999233397,66,2122
docs\inst_test\instancias\n_1000_4,500,15,7,5,0.1000,123,9999239847,9999233470,78,2122
docs\inst_test\instancias\n_1000_4,500,15,7,5,0.3000,2026,9999235557,9999230837,53,2122
docs\inst_test\instancias\n_1000_4,500,15,7,5,0.3000,42,9999235607,9999230590,75,2122
docs\inst_test\instancias\n_1000_4,500,15,7,5,0.1000,42,9999239587,9999233145,102,2122
docs\inst_test\instancias\n_1000_4,500,15,7,5,0.1000,2026,9999239804,9999233206,95,2122
docs\inst_test\instancias\n_1000_4,500,15,7,5,0.2000,2026,9999239684,9999233254,89,2122
docs\inst_test\instancias\n_1000_4,500,15,7,10,0.1000,42,9999239542,9999233154,81,2122
docs\inst_test\instancias\n_1000_4,500,15,7,5,0.2000,123,9999235556,9999230719,101,2122
docs\inst_test\instancias\n_1000_4,500,15,7,10,0.2000,42,9999239827,9999233233,71,2122
docs\inst_test\instancias\n_1000_4,500,15,7,5,0.3000,123,9999235496,9999230899,90,2122
docs\inst_test\instancias\n_1000_4,500,15,7,10,0.1000,2026,9999239825,9999233057,74,2122
docs\inst_test\instancias\n_1000_4,500,15,7,10,0.1000,123,9999239785,9999233462,78,2122
docs\inst_test\instancias\n_1000_4,500,15,7,10,0.2000,123,9999235551,9999230682,84,2122
docs\inst_test\instancias\n_1000_4,500,15,7,10,0.3000,42,9999235603,9999230785,75,2122
docs\inst_test\instancias\n_1000_4,500,15,7,10,0.2000,2026,9999239684,9999233254,86,2122
docs\inst_test\instancias\n_1000_4,500,15,7,20,0.2000,123,9999235551,9999230682,47,2122
docs\inst_test\instancias\n_1000_4,500,15,7,20,0.1000,2026,9999239825,9999233057,57,2122
docs\inst_test\instancias\n_1000_4,500,15,7,20,0.1000,42,9999239542,9999233154,74,2122
docs\inst_test\instancias\n_1000_4,500,15,7,10,0.3000,2026,9999235579,9999230674,76,2122
docs\inst_test\instancias\n_1000_4,500,15,7,10,0.3000,123,9999235496,9999230899,89,2122
docs\inst_test\instancias\n_1000_4,500,15,7,20,0.3000,123,9998455718,9998450407,59,2122
docs\inst_test\instancias\n_1000_4,500,15,7,20,0.3000,42,9999235601,9999230748,67,2122
docs\inst_test\instancias\n_1000_4,500,15,7,20,0.2000,42,9999239825,9999233397,81,2122
docs\inst_test\instancias\n_1000_4,500,15,7,20,0.2000,2026,9999239684,9999233254,71,2122
docs\inst_test\instancias\n_1000_4,500,15,7,20,0.3000,2026,9999235569,9999230761,72,2122
docs\inst_test\instancias\n_1000_4,500,15,10,5,0.1000,2026,9999239804,9999233206,60,2122
docs\inst_test\instancias\n_1000_4,500,15,10,5,0.1000,42,9999239587,9999233145,73,2122
docs\inst_test\instancias\n_1000_4,500,15,7,20,0.1000,123,9999239604,9999233200,103,2122
docs\inst_test\instancias\n_1000_4,500,15,10,5,0.3000,42,9999235607,9999230590,57,2122
docs\inst_test\instancias\n_1000_4,500,15,10,5,0.1000,123,9999239847,9999233470,103,2122
docs\inst_test\instancias\n_1000_4,500,15,10,5,0.2000,123,9999235556,9999230719,87,2122
docs\inst_test\instancias\n_1000_4,500,15,10,10,0.2000,123,9999235551,9999230682,47,2122
docs\inst_test\instancias\n_1000_4,500,15,10,5,0.3000,2026,9999235557,9999230837,79,2122
docs\inst_test\instancias\n_1000_4,500,15,10,10,0.3000,42,9999235601,9999230837,47,2122
docs\inst_test\instancias\n_1000_4,500,15,10,5,0.2000,42,9999239825,9999233397,107,2122
docs\inst_test\instancias\n_1000_4,500,15,10,10,0.3000,2026,9999235579,9999230674,49,2122
docs\inst_test\instancias\n_1000_4,500,15,10,5,0.2000,2026,9999239684,9999233254,95,2122
docs\inst_test\instancias\n_1000_4,500,15,10,5,0.3000,123,9999235496,9999230899,94,2122
docs\inst_test\instancias\n_1000_4,500,15,10,10,0.3000,123,9999235496,9999230899,60,2122
docs\inst_test\instancias\n_1000_4,500,15,10,10,0.1000,42,9999239542,9999233154,87,2122
docs\inst_test\instancias\n_1000_4,500,15,10,10,0.2000,42,9999239827,9999233233,73,2122
docs\inst_test\instancias\n_1000_4,500,15,10,10,0.1000,2026,9999239825,9999233057,80,2122
docs\inst_test\instancias\n_1000_4,500,15,10,10,0.1000,123,9999239785,9999233462,99,2122
docs\inst_test\instancias\n_1000_4,500,15,10,10,0.2000,2026,9999239684,9999233254,96,2122
docs\inst_test\instancias\n_1000_4,500,15,10,20,0.1000,42,9999239542,9999233154,77,2122
docs\inst_test\instancias\n_1000_4,500,15,10,20,0.3000,2026,9999235569,9999230761,45,2122
docs\inst_test\instancias\n_1000_4,500,15,10,20,0.1000,123,9999239604,9999233200,82,2122
docs\inst_test\instancias\n_1000_4,500,15,10,20,0.2000,42,9999239825,9999233397,78,2122
docs\inst_test\instancias\n_1000_4,500,15,15,5,0.1000,2026,9999239804,9999233206,65,2122
docs\inst_test\instancias\n_1000_4,500,15,10,20,0.1000,2026,9999239825,9999233057,92,2122
docs\inst_test\instancias\n_1000_4,500,15,15,5,0.2000,123,9999235556,9999230719,57,2122
docs\inst_test\instancias\n_1000_4,500,15,10,20,0.3000,42,9999235601,9999230748,82,2122
docs\inst_test\instancias\n_1000_4,500,15,10,20,0.2000,2026,9999239684,9999233254,84,2122
docs\inst_test\instancias\n_1000_4,500,15,15,5,0.1000,42,9999239587,9999233145,73,2122
docs\inst_test\instancias\n_1000_4,500,15,10,20,0.2000,123,9999235551,9999230682,95,2122
docs\inst_test\instancias\n_1000_4,500,15,15,5,0.2000,2026,9999239684,9999233254,59,2122
docs\inst_test\instancias\n_1000_4,500,15,10,20,0.3000,123,9998455718,9998450407,86,2122
docs\inst_test\instancias\n_1000_4,500,15,15,5,0.1000,123,9999239847,9999233470,100,2122
docs\inst_test\instancias\n_1000_4,500,15,15,5,0.3000,2026,9999235557,9999230837,58,2122
docs\inst_test\instancias\n_1000_4,500,15,15,5,0.2000,42,9999239825,9999233397,98,2122
docs\inst_test\instancias\n_1000_4,500,15,15,10,0.1000,2026,9999239825,9999233057,53,2122
docs\inst_test\instancias\n_1000_4,500,15,15,10,0.2000,123,9999235551,9999230682,54,2122
docs\inst_test\instancias\n_1000_4,500,15,15,5,0.3000,123,9999235496,9999230899,91,2122
docs\inst_test\instancias\n_1000_4,500,15,15,5,0.3000,42,9999235607,9999230590,95,2122
docs\inst_test\instancias\n_1000_4,500,15,15,20,0.1000,42,9999239542,9999233154,50,2122
docs\inst_test\instancias\n_1000_4,500,15,15,10,0.1000,123,9999239785,9999233462,88,2122
docs\inst_test\instancias\n_1000_4,500,15,15,10,0.3000,2026,9999235579,9999230674,65,2122
docs\inst_test\instancias\n_1000_4,500,15,15,20,0.1000,123,9999239604,9999233200,63,2122
docs\inst_test\instancias\n_1000_4,500,15,15,10,0.1000,42,9999239542,9999233154,94,2122
docs\inst_test\instancias\n_1000_4,500,15,15,10,0.2000,2026,9999239684,9999233254,80,2122
docs\inst_test\instancias\n_1000_4,500,15,15,10,0.3000,42,9999235603,9999230785,82,2122
docs\inst_test\instancias\n_1000_4,500,15,15,20,0.2000,123,9999235551,9999230682,49,2122
docs\inst_test\instancias\n_1000_4,500,15,15,10,0.3000,123,9999235496,9999230899,88,2122
docs\inst_test\instancias\n_1000_4,500,15,15,10,0.2000,42,9999239827,9999233233,100,2122
docs\inst_test\instancias\n_1000_4,500,15,15,20,0.2000,2026,9999239684,9999233254,58,2122
docs\inst_test\instancias\n_1000_4,500,15,15,20,0.1000,2026,9999239825,9999233057,83,2122
docs\inst_test\instancias\n_1000_4,500,15,15,20,0.2000,42,9999239825,9999233397,85,2122
docs\inst_test\instancias\n_1000_4,500,20,7,5,0.3000,123,9999235496,9999230899,52,2122
docs\inst_test\instancias\n_1000_4,500,20,7,5,0.2000,42,9999239825,9999233397,60,2122
docs\inst_test\instancias\n_1000_4,500,15,15,20,0.3000,42,9999235601,9999230748,87,2122
docs\inst_test\instancias\n_1000_4,500,20,7,5,0.2000,2026,9999239684,9999233254,59,2122
docs\inst_test\instancias\n_1000_4,500,20,7,5,0.1000,42,9999239587,9999233145,93,2122
docs\inst_test\instancias\n_1000_4,500,20,7,5,0.2000,123,9999235556,9999230719,77,2122
docs\inst_test\instancias\n_1000_4,500,20,7,10,0.1000,42,9999239542,9999233154,60,2122
docs\inst_test\instancias\n_1000_4,500,15,15,20,0.3000,2026,9999235569,9999230761,99,2122
docs\inst_test\instancias\n_1000_4,500,15,15,20,0.3000,123,9998455718,9998450407,101,2122
docs\inst_test\instancias\n_1000_4,500,20,7,5,0.1000,123,9999239847,9999233470,87,2122
docs\inst_test\instancias\n_1000_4,500,20,7,10,0.1000,2026,9999239825,9999233057,55,2122
docs\inst_test\instancias\n_1000_4,500,20,7,5,0.3000,42,9999235607,9999230590,90,2122
docs\inst_test\instancias\n_1000_4,500,20,7,5,0.3000,2026,9999235557,9999230837,92,2122
docs\inst_test\instancias\n_1000_4,500,20,7,10,0.2000,123,9999235551,9999230682,53,2122
docs\inst_test\instancias\n_1000_4,500,20,7,5,0.1000,2026,9999239804,9999233206,114,2122
docs\inst_test\instancias\n_1000_4,500,20,7,10,0.2000,2026,9999239684,9999233254,52,2122
docs\inst_test\instancias\n_1000_4,500,20,7,10,0.2000,42,9999239827,9999233233,78,2122
docs\inst_test\instancias\n_1000_4,500,20,7,10,0.1000,123,9999239785,9999233462,93,2122
docs\inst_test\instancias\n_1000_4,500,20,7,20,0.2000,123,9999235551,9999230682,46,2122
docs\inst_test\instancias\n_1000_4,500,20,7,10,0.3000,123,9999235496,9999230899,71,2122
docs\inst_test\instancias\n_1000_4,500,20,7,20,0.1000,42,9999239542,9999233154,60,2122
docs\inst_test\instancias\n_1000_4,500,20,7,20,0.2000,2026,9999239684,9999233254,60,2122
docs\inst_test\instancias\n_1000_4,500,20,7,10,0.3000,42,9999235603,9999230785,93,2122
docs\inst_test\instancias\n_1000_4,500,20,7,10,0.3000,2026,9999235579,9999230674,83,2122
docs\inst_test\instancias\n_1000_4,500,20,7,20,0.2000,42,9999239825,9999233397,79,2122
docs\inst_test\instancias\n_1000_4,500,20,7,20,0.1000,123,9999239604,9999233200,89,2122
docs\inst_test\instancias\n_1000_4,500,20,7,20,0.1000,2026,9999239825,9999233057,88,2122
docs\inst_test\instancias\n_1000_4,500,20,10,5,0.1000,123,9999239847,9999233470,58,2122
docs\inst_test\instancias\n_1000_4,500,20,7,20,0.3000,42,9999235601,9999230748,81,2122
docs\inst_test\instancias\n_1000_4,500,20,10,5,0.1000,2026,9999239804,9999233206,59,2122
docs\inst_test\instancias\n_1000_4,500,20,10,5,0.3000,42,9999235607,9999230590,52,2122
docs\inst_test\instancias\n_1000_4,500,20,7,20,0.3000,2026,9999235569,9999230761,81,2122
docs\inst_test\instancias\n_1000_4,500,20,7,20,0.3000,123,9998455718,9998450407,90,2122
docs\inst_test\instancias\n_1000_4,500,20,10,5,0.3000,123,9999235496,9999230899,58,2122
docs\inst_test\instancias\n_1000_4,500,20,10,5,0.2000,123,9999235556,9999230719,80,2122
docs\inst_test\instancias\n_1000_4,500,20,10,10,0.2000,123,9999235551,9999230682,46,2122
docs\inst_test\instancias\n_1000_4,500,20,10,5,0.1000,42,9999239587,9999233145,110,2122
docs\inst_test\instancias\n_1000_4,500,20,10,5,0.2000,42,9999239825,9999233397,100,2122
docs\inst_test\instancias\n_1000_4,500,20,10,10,0.3000,42,9999235601,9999230837,47,2122
docs\inst_test\instancias\n_1000_4,500,20,10,5,0.3000,2026,9999235557,9999230837,80,2122
docs\inst_test\instancias\n_1000_4,500,20,10,5,0.2000,2026,9999239684,9999233254,105,2122
docs\inst_test\instancias\n_1000_4,500,20,10,10,0.2000,2026,9999239684,9999233254,71,2122
docs\inst_test\instancias\n_1000_4,500,20,10,10,0.3000,2026,9999235579,9999230674,56,2122
docs\inst_test\instancias\n_1000_4,500,20,10,10,0.1000,2026,9999239825,9999233057,85,2122
docs\inst_test\instancias\n_1000_4,500,20,10,10,0.1000,42,9999239542,9999233154,95,2122
docs\inst_test\instancias\n_1000_4,500,20,10,10,0.1000,123,9999239785,9999233462,97,2122
docs\inst_test\instancias\n_1000_4,500,20,10,10,0.2000,42,9999239827,9999233233,90,2122
docs\inst_test\instancias\n_1000_4,500,20,10,20,0.2000,42,9999239825,9999233397,49,2122
docs\inst_test\instancias\n_1000_4,500,20,10,20,0.3000,42,9999235601,9999230748,44,2122
docs\inst_test\instancias\n_1000_4,500,20,10,10,0.3000,123,9999235496,9999230899,79,2122
docs\inst_test\instancias\n_1000_4,500,20,10,20,0.1000,123,9999239604,9999233200,69,2122
docs\inst_test\instancias\n_1000_4,500,20,10,20,0.1000,42,9999239542,9999233154,84,2122
docs\inst_test\instancias\n_1000_4,500,20,10,20,0.1000,2026,9999239825,9999233057,78,2122
docs\inst_test\instancias\n_1000_4,500,20,10,20,0.2000,2026,9999239684,9999233254,66,2122
docs\inst_test\instancias\n_1000_4,500,20,10,20,0.2000,123,9999235551,9999230682,83,2122
docs\inst_test\instancias\n_1000_4,500,20,10,20,0.3000,2026,9999235569,9999230761,70,2122
docs\inst_test\instancias\n_1000_4,500,20,10,20,0.3000,123,9998455718,9998450407,82,2122
docs\inst_test\instancias\n_1000_4,500,20,15,5,0.3000,42,9999235607,9999230590,52,2122
docs\inst_test\instancias\n_1000_4,500,20,15,5,0.3000,123,9999235496,9999230899,60,2122
docs\inst_test\instancias\n_1000_4,500,20,15,5,0.1000,2026,9999239804,9999233206,82,2122
docs\inst_test\instancias\n_1000_4,500,20,15,5,0.1000,42,9999239587,9999233145,91,2122
docs\inst_test\instancias\n_1000_4,500,20,15,5,0.2000,123,9999235556,9999230719,81,2122
docs\inst_test\instancias\n_1000_4,500,20,15,10,0.1000,123,9999239785,9999233462,69,2122
docs\inst_test\instancias\n_1000_4,500,20,15,5,0.3000,2026,9999235557,9999230837,79,2122
docs\inst_test\instancias\n_1000_4,500,20,15,5,0.1000,123,9999239847,9999233470,105,2122
docs\inst_test\instancias\n_1000_4,500,20,15,5,0.2000,2026,9999239684,9999233254,100,2122
docs\inst_test\instancias\n_1000_4,500,20,15,5,0.2000,42,9999239825,9999233397,107,2122
docs\inst_test\instancias\n_1000_4,500,20,15,10,0.2000,42,9999239827,9999233233,76,2122
docs\inst_test\instancias\n_1000_4,500,20,15,10,0.3000,123,9999235496,9999230899,46,2122
docs\inst_test\instancias\n_1000_4,500,20,15,10,0.1000,42,9999239542,9999233154,96,2122
docs\inst_test\instancias\n_1000_4,500,20,15,10,0.1000,2026,9999239825,9999233057,88,2122
docs\inst_test\instancias\n_1000_4,500,20,15,10,0.2000,2026,9999239684,9999233254,69,2122
docs\inst_test\instancias\n_1000_4,500,20,15,10,0.2000,123,9999235551,9999230682,74,2122
docs\inst_test\instancias\n_1000_4,500,20,15,10,0.3000,42,9999235603,9999230785,65,2122
docs\inst_test\instancias\n_1000_4,500,20,15,20,0.1000,42,9999239542,9999233154,57,2122
docs\inst_test\instancias\n_1000_4,500,20,15,10,0.3000,2026,9999235579,9999230674,66,2122
docs\inst_test\instancias\n_1000_4,500,20,15,20,0.2000,42,9999239825,9999233397,51,2122
docs\inst_test\instancias\n_1000_4,500,20,15,20,0.3000,42,9999235601,9999230748,47,2122
docs\inst_test\instancias\n_1000_4,500,20,15,20,0.2000,123,9999235551,9999230682,58,2122
docs\inst_test\instancias\n_1000_4,500,20,15,20,0.3000,2026,9999235569,9999230761,44,2122
docs\inst_test\instancias\n_1000_4,500,20,15,20,0.2000,2026,9999239684,9999233254,61,2122
docs\inst_test\instancias\n_1000_4,500,20,15,20,0.1000,123,9999239604,9999233200,76,2122
docs\inst_test\instancias\n_1000_4,500,20,15,20,0.1000,2026,9999239825,9999233057,77,2122
docs\inst_test\instancias\n_1000_4,500,20,15,20,0.3000,123,9998455718,9998450407,63,2122
docs\inst_test\instancias\n_1000_5,100,10,7,10,0.2000,2026,9999251723,9999242588,9,1888
docs\inst_test\instancias\n_1000_5,100,10,7,10,0.2000,42,9999251619,9999242724,9,1888
docs\inst_test\instancias\n_1000_5,100,10,7,5,0.3000,42,9999251530,9999242508,11,1888
docs\inst_test\instancias\n_1000_5,100,10,7,10,0.1000,2026,9999251619,9999242724,11,1888
docs\inst_test\instancias\n_1000_5,100,10,7,5,0.1000,2026,9999251619,9999242724,12,1888
docs\inst_test\instancias\n_1000_5,100,10,7,10,0.1000,123,9996907622,9996899019,12,1888
docs\inst_test\instancias\n_1000_5,100,10,7,5,0.1000,123,9996907622,9996899019,13,1888
docs\inst_test\instancias\n_1000_5,100,10,7,10,0.3000,42,9999251530,9999242508,15,1888
docs\inst_test\instancias\n_1000_5,100,10,7,5,0.2000,123,9998466245,9998459419,17,1888
docs\inst_test\instancias\n_1000_5,100,10,7,5,0.1000,42,9999251614,9999242439,17,1888
docs\inst_test\instancias\n_1000_5,100,10,7,10,0.3000,2026,9999245262,9999239035,10,1888
docs\inst_test\instancias\n_1000_5,100,10,7,10,0.3000,123,9996122058,9996115441,10,1888
docs\inst_test\instancias\n_1000_5,100,10,7,5,0.2000,2026,9999251723,9999242588,20,1888
docs\inst_test\instancias\n_1000_5,100,10,7,5,0.2000,42,9999251619,9999242724,21,1888
docs\inst_test\instancias\n_1000_5,100,10,7,20,0.1000,2026,9999251619,9999242724,10,1888
docs\inst_test\instancias\n_1000_5,100,10,7,5,0.3000,2026,9999245335,9999239334,23,1888
docs\inst_test\instancias\n_1000_5,100,10,7,10,0.2000,123,9997687010,9997678758,22,1888
docs\inst_test\instancias\n_1000_5,100,10,7,5,0.3000,123,9996122058,9996115441,23,1888
docs\inst_test\instancias\n_1000_5,100,10,7,20,0.2000,123,9997687010,9997678758,10,1888
docs\inst_test\instancias\n_1000_5,100,10,7,10,0.1000,42,9996907656,9996898605,24,1888
docs\inst_test\instancias\n_1000_5,100,10,7,20,0.1000,42,9996907656,9996898605,14,1888
docs\inst_test\instancias\n_1000_5,100,10,7,20,0.3000,42,9999251530,9999242508,10,1888
docs\inst_test\instancias\n_1000_5,100,10,7,20,0.3000,123,9989875677,9989866999,10,1888
docs\inst_test\instancias\n_1000_5,100,10,7,20,0.1000,123,9996907587,9996898632,16,1888
docs\inst_test\instancias\n_1000_5,100,10,7,20,0.3000,2026,9990654953,9990647154,9,1888
docs\inst_test\instancias\n_1000_5,100,10,10,5,0.1000,42,9999251614,9999242439,11,1888
docs\inst_test\instancias\n_1000_5,100,10,7,20,0.2000,42,9999251619,9999242724,22,1888
docs\inst_test\instancias\n_1000_5,100,10,7,20,0.2000,2026,9999251705,9999242656,18,1888
docs\inst_test\instancias\n_1000_5,100,10,10,5,0.3000,123,9996122058,9996115441,11,1888
docs\inst_test\instancias\n_1000_5,100,10,10,5,0.2000,42,9999251619,9999242724,13,1888
docs\inst_test\instancias\n_1000_5,100,10,10,10,0.1000,123,9996907622,9996899019,10,1888
docs\inst_test\instancias\n_1000_5,100,10,10,5,0.1000,123,9996907622,9996899019,17,1888
docs\inst_test\instancias\n_1000_5,100,10,10,5,0.3000,2026,9999245335,9999239334,14,1888
docs\inst_test\instancias\n_1000_5,100,10,10,10,0.2000,123,9997687010,9997678758,10,1888
docs\inst_test\instancias\n_1000_5,100,10,10,10,0.1000,42,9996907656,9996898605,15,1888
docs\inst_test\instancias\n_1000_5,100,10,10,5,0.3000,42,9999251530,9999242508,17,1888
docs\inst_test\instancias\n_1000_5,100,10,10,5,0.2000,2026,9999251723,9999242588,18,1888
docs\inst_test\instancias\n_1000_5,100,10,10,10,0.1000,2026,9999251619,9999242724,14,1888
docs\inst_test\instancias\n_1000_5,100,10,10,5,0.1000,2026,9999251619,9999242724,23,1888
docs\inst_test\instancias\n_1000_5,100,10,10,10,0.3000,2026,9999245262,9999239035,10,1888
docs\inst_test\instancias\n_1000_5,100,10,10,5,0.2000,123,9998466245,9998459419,24,1888
docs\inst_test\instancias\n_1000_5,100,10,10,10,0.2000,2026,9999251723,9999242588,16,1888
docs\inst_test\instancias\n_1000_5,100,10,10,20,0.1000,2026,9999251619,9999242724,11,1888
docs\inst_test\instancias\n_1000_5,100,10,10,20,0.2000,123,9997687010,9997678758,9,1888
docs\inst_test\instancias\n_1000_5,100,10,10,20,0.2000,42,9999251619,9999242724,11,1888
docs\inst_test\instancias\n_1000_5,100,10,10,20,0.3000,42,9999251530,9999242508,10,1888
docs\inst_test\instancias\n_1000_5,100,10,10,10,0.2000,42,9999251619,9999242724,23,1888
docs\inst_test\instancias\n_1000_5,100,10,10,20,0.2000,2026,9999251705,9999242656,10,1888
docs\inst_test\instancias\n_1000_5,100,10,10,20,0.3000,123,9989875677,9989866999,10,1888
docs\inst_test\instancias\n_1000_5,100,10,10,20,0.3000,2026,9990654953,9990647154,12,1888
docs\inst_test\instancias\n_1000_5,100,10,10,20,0.1000,123,9996907587,9996898632,17,1888
docs\inst_test\instancias\n_1000_5,100,10,10,10,0.3000,42,9999251530,9999242508,21,1888
docs\inst_test\instancias\n_1000_5,100,10,15,5,0.1000,42,9999251614,9999242439,12,1888
docs\inst_test\instancias\n_1000_5,100,10,10,10,0.3000,123,9996122058,9996115441,22,1888
docs\inst_test\instancias\n_1000_5,100,10,15,5,0.2000,123,9998466245,9998459419,10,1888
docs\inst_test\instancias\n_1000_5,100,10,15,5,0.2000,2026,9999251723,9999242588,11,1888
docs\inst_test\instancias\n_1000_5,100,10,15,5,0.3000,123,9996122058,9996115441,10,1888
docs\inst_test\instancias\n_1000_5,100,10,15,5,0.1000,123,9996907622,9996899019,16,1888
docs\inst_test\instancias\n_1000_5,100,10,15,10,0.1000,42,9996907656,9996898605,10,1888
docs\inst_test\instancias\n_1000_5,100,10,15,10,0.1000,123,9996907622,9996899019,10,1888
docs\inst_test\instancias\n_1000_5,100,10,10,20,0.1000,42,9996907656,9996898605,26,1888
docs\inst_test\instancias\n_1000_5,100,10,15,10,0.1000,2026,9999251619,9999242724,11,1888
docs\inst_test\instancias\n_1000_5,100,10,15,5,0.3000,42,9999251530,9999242508,18,1888
docs\inst_test\instancias\n_1000_5,100,10,15,5,0.2000,42,9999251619,9999242724,20,1888
docs\inst_test\instancias\n_1000_5,100,10,15,5,0.1000,2026,9999251619,9999242724,21,1888
docs\inst_test\instancias\n_1000_5,100,10,15,10,0.2000,2026,9999251723,9999242588,12,1888
docs\inst_test\instancias\n_1000_5,100,10,15,10,0.3000,2026,9999245262,9999239035,9,1888
docs\inst_test\instancias\n_1000_5,100,10,15,10,0.3000,42,9999251530,9999242508,13,1888
docs\inst_test\instancias\n_1000_5,100,10,15,20,0.2000,42,9999251619,9999242724,9,1888
docs\inst_test\instancias\n_1000_5,100,10,15,20,0.1000,2026,9999251619,9999242724,11,1888
docs\inst_test\instancias\n_1000_5,100,10,15,20,0.1000,42,9996907656,9996898605,12,1888
docs\inst_test\instancias\n_1000_5,100,10,15,10,0.3000,123,9996122058,9996115441,14,1888
docs\inst_test\instancias\n_1000_5,100,10,15,10,0.2000,42,9999251619,9999242724,18,1888
docs\inst_test\instancias\n_1000_5,100,10,15,5,0.3000,2026,9999245335,9999239334,23,1888
docs\inst_test\instancias\n_1000_5,100,10,15,20,0.2000,123,9997687010,9997678758,14,1888
docs\inst_test\instancias\n_1000_5,100,10,15,10,0.2000,123,9997687010,9997678758,21,1888
docs\inst_test\instancias\n_1000_5,100,10,15,20,0.2000,2026,9999251705,9999242656,14,1888
docs\inst_test\instancias\n_1000_5,100,10,15,20,0.3000,123,9989875677,9989866999,12,1888
docs\inst_test\instancias\n_1000_5,100,10,15,20,0.1000,123,9996907587,9996898632,21,1888
docs\inst_test\instancias\n_1000_5,100,15,7,5,0.2000,42,9999251619,9999242724,10,1888
docs\inst_test\instancias\n_1000_5,100,15,7,5,0.2000,2026,9999251723,9999242588,11,1888
docs\inst_test\instancias\n_1000_5,100,10,15,20,0.3000,2026,9990654953,9990647154,15,1888
docs\inst_test\instancias\n_1000_5,100,15,7,5,0.1000,123,9996907622,9996899019,17,1888
docs\inst_test\instancias\n_1000_5,100,15,7,10,0.1000,42,9996907656,9996898605,10,1888
docs\inst_test\instancias\n_1000_5,100,15,7,10,0.1000,123,9996907622,9996899019,10,1888
docs\inst_test\instancias\n_1000_5,100,15,7,5,0.3000,123,9996122058,9996115441,14,1888
docs\inst_test\instancias\n_1000_5,100,10,15,20,0.3000,42,9999251530,9999242508,21,1888
docs\inst_test\instancias\n_1000_5,100,15,7,5,0.1000,2026,9999251619,9999242724,18,1888
docs\inst_test\instancias\n_1000_5,100,15,7,10,0.2000,42,9999251619,9999242724,10,1888
docs\inst_test\instancias\n_1000_5,100,15,7,5,0.2000,123,9998466245,9998459419,18,1888
docs\inst_test\instancias\n_1000_5,100,15,7,10,0.2000,2026,9999251723,9999242588,10,1888
docs\inst_test\instancias\n_1000_5,100,15,7,5,0.1000,42,9999251614,9999242439,23,1888
docs\inst_test\instancias\n_1000_5,100,15,7,5,0.3000,42,9999251530,9999242508,20,1888
docs\inst_test\instancias\n_1000_5,100,15,7,10,0.3000,42,9999251530,9999242508,10,1888
docs\inst_test\instancias\n_1000_5,100,15,7,5,0.3000,2026,9999245335,9999239334,21,1888
docs\inst_test\instancias\n_1000_5,100,15,7,10,0.3000,2026,9999245262,9999239035,9,1888
docs\inst_test\instancias\n_1000_5,100,15,7,20,0.1000,123,9996907587,9996898632,10,1888
docs\inst_test\instancias\n_1000_5,100,15,7,20,0.1000,42,9996907656,9996898605,10,1888
docs\inst_test\instancias\n_1000_5,100,15,7,10,0.1000,2026,9999251619,9999242724,18,1888
docs\inst_test\instancias\n_1000_5,100,15,7,20,0.2000,2026,9999251705,9999242656,11,1888
docs\inst_test\instancias\n_1000_5,100,15,7,20,0.2000,42,9999251619,9999242724,13,1888
docs\inst_test\instancias\n_1000_5,100,15,7,20,0.3000,123,9989875677,9989866999,9,1888
docs\inst_test\instancias\n_1000_5,100,15,7,10,0.3000,123,9996122058,9996115441,18,1888
docs\inst_test\instancias\n_1000_5,100,15,7,10,0.2000,123,9997687010,9997678758,22,1888
docs\inst_test\instancias\n_1000_5,100,15,7,20,0.1000,2026,9999251619,9999242724,17,1888
docs\inst_test\instancias\n_1000_5,100,15,10,5,0.2000,123,9998466245,9998459419,10,1888
docs\inst_test\instancias\n_1000_5,100,15,10,5,0.2000,2026,9999251723,9999242588,10,1888
docs\inst_test\instancias\n_1000_5,100,15,10,5,0.2000,42,9999251619,9999242724,12,1888
docs\inst_test\instancias\n_1000_5,100,15,7,20,0.3000,42,9999251530,9999242508,18,1888
docs\inst_test\instancias\n_1000_5,100,15,7,20,0.2000,123,9997687010,9997678758,21,1888
docs\inst_test\instancias\n_1000_5,100,15,10,5,0.3000,123,9996122058,9996115441,11,1888
docs\inst_test\instancias\n_1000_5,100,15,10,5,0.3000,2026,9999245335,9999239334,9,1888
docs\inst_test\instancias\n_1000_5,100,15,10,10,0.1000,123,9996907622,9996899019,9,1888
docs\inst_test\instancias\n_1000_5,100,15,7,20,0.3000,2026,9990654953,9990647154,20,1888
docs\inst_test\instancias\n_1000_5,100,15,10,5,0.1000,42,9999251614,9999242439,20,1888
docs\inst_test\instancias\n_1000_5,100,15,10,5,0.1000,123,9996907622,9996899019,20,1888
docs\inst_test\instancias\n_1000_5,100,15,10,10,0.2000,2026,9999251723,9999242588,10,1888
docs\inst_test\instancias\n_1000_5,100,15,10,10,0.2000,123,9997687010,9997678758,11,1888
docs\inst_test\instancias\n_1000_5,100,15,10,5,0.3000,42,9999251530,9999242508,21,1888
docs\inst_test\instancias\n_1000_5,100,15,10,5,0.1000,2026,9999251619,9999242724,24,1888
docs\inst_test\instancias\n_1000_5,100,15,10,10,0.1000,42,9996907656,9996898605,18,1888
docs\inst_test\instancias\n_1000_5,100,15,10,20,0.1000,42,9996907656,9996898605,10,1888
docs\inst_test\instancias\n_1000_5,100,15,10,20,0.1000,2026,9999251619,9999242724,10,1888
docs\inst_test\instancias\n_1000_5,100,15,10,20,0.2000,42,9999251619,9999242724,10,1888
docs\inst_test\instancias\n_1000_5,100,15,10,10,0.3000,42,9999251530,9999242508,16,1888
docs\inst_test\instancias\n_1000_5,100,15,10,10,0.2000,42,9999251619,9999242724,19,1888
docs\inst_test\instancias\n_1000_5,100,15,10,10,0.1000,2026,9999251619,9999242724,22,1888
docs\inst_test\instancias\n_1000_5,100,15,10,20,0.3000,42,9999251530,9999242508,10,1888
docs\inst_test\instancias\n_1000_5,100,15,10,10,0.3000,123,9996122058,9996115441,18,1888
docs\inst_test\instancias\n_1000_5,100,15,10,10,0.3000,2026,9999245262,9999239035,19,1888
docs\inst_test\instancias\n_1000_5,100,15,10,20,0.1000,123,9996907587,9996898632,19,1888
docs\inst_test\instancias\n_1000_5,100,15,10,20,0.2000,2026,9999251705,9999242656,17,1888
docs\inst_test\instancias\n_1000_5,100,15,10,20,0.2000,123,9997687010,9997678758,18,1888
docs\inst_test\instancias\n_1000_5,100,15,15,5,0.1000,42,9999251614,9999242439,12,1888
docs\inst_test\instancias\n_1000_5,100,15,15,5,0.1000,2026,9999251619,9999242724,11,1888
docs\inst_test\instancias\n_1000_5,100,15,15,5,0.2000,123,9998466245,9998459419,10,1888
docs\inst_test\instancias\n_1000_5,100,15,10,20,0.3000,123,9989875677,9989866999,18,1888
docs\inst_test\instancias\n_1000_5,100,15,15,5,0.3000,2026,9999245335,9999239334,9,1888
docs\inst_test\instancias\n_1000_5,100,15,10,20,0.3000,2026,9990654953,9990647154,21,1888
docs\inst_test\instancias\n_1000_5,100,15,15,5,0.2000,2026,9999251723,9999242588,15,1888
docs\inst_test\instancias\n_1000_5,100,15,15,5,0.2000,42,9999251619,9999242724,16,1888
docs\inst_test\instancias\n_1000_5,100,15,15,5,0.1000,123,9996907622,9996899019,20,1888
docs\inst_test\instancias\n_1000_5,100,15,15,10,0.2000,2026,9999251723,9999242588,10,1888
docs\inst_test\instancias\n_1000_5,100,15,15,10,0.2000,42,9999251619,9999242724,10,1888
docs\inst_test\instancias\n_1000_5,100,15,15,10,0.3000,123,9996122058,9996115441,10,1888
docs\inst_test\instancias\n_1000_5,100,15,15,10,0.3000,42,9999251530,9999242508,10,1888
docs\inst_test\instancias\n_1000_5,100,15,15,5,0.3000,123,9996122058,9996115441,19,1888
docs\inst_test\instancias\n_1000_5,100,15,15,10,0.1000,42,9996907656,9996898605,19,1888
docs\inst_test\instancias\n_1000_5,100,15,15,5,0.3000,42,9999251530,9999242508,21,1888
docs\inst_test\instancias\n_1000_5,100,15,15,20,0.1000,42,9996907656,9996898605,10,1888
docs\inst_test\instancias\n_1000_5,100,15,15,10,0.1000,2026,9999251619,9999242724,17,1888
docs\inst_test\instancias\n_1000_5,100,15,15,20,0.1000,2026,9999251619,9999242724,10,1888
docs\inst_test\instancias\n_1000_5,100,15,15,10,0.1000,123,9996907622,9996899019,22,1888
docs\inst_test\instancias\n_1000_5,100,15,15,10,0.2000,123,9997687010,9997678758,19,1888
docs\inst_test\instancias\n_1000_5,100,15,15,20,0.2000,2026,9999251705,9999242656,10,1888
docs\inst_test\instancias\n_1000_5,100,15,15,20,0.3000,2026,9990654953,9990647154,10,1888
docs\inst_test\instancias\n_1000_5,100,15,15,10,0.3000,2026,9999245262,9999239035,19,1888
docs\inst_test\instancias\n_1000_5,100,15,15,20,0.2000,42,9999251619,9999242724,19,1888
docs\inst_test\instancias\n_1000_5,100,20,7,5,0.2000,42,9999251619,9999242724,11,1888
docs\inst_test\instancias\n_1000_5,100,15,15,20,0.1000,123,9996907587,9996898632,19,1888
docs\inst_test\instancias\n_1000_5,100,15,15,20,0.2000,123,9997687010,9997678758,17,1888
docs\inst_test\instancias\n_1000_5,100,20,7,5,0.2000,123,9998466245,9998459419,11,1888
docs\inst_test\instancias\n_1000_5,100,15,15,20,0.3000,42,9999251530,9999242508,17,1888
docs\inst_test\instancias\n_1000_5,100,15,15,20,0.3000,123,9989875677,9989866999,17,1888
docs\inst_test\instancias\n_1000_5,100,20,7,5,0.3000,2026,9999245335,9999239334,9,1888
docs\inst_test\instancias\n_1000_5,100,20,7,5,0.1000,42,9999251614,9999242439,16,1888
docs\inst_test\instancias\n_1000_5,100,20,7,10,0.1000,42,9996907656,9996898605,10,1888
docs\inst_test\instancias\n_1000_5,100,20,7,5,0.2000,2026,9999251723,9999242588,17,1888
docs\inst_test\instancias\n_1000_5,100,20,7,5,0.3000,123,9996122058,9996115441,16,1888
docs\inst_test\instancias\n_1000_5,100,20,7,5,0.1000,123,9996907622,9996899019,21,1888
docs\inst_test\instancias\n_1000_5,100,20,7,5,0.3000,42,9999251530,9999242508,17,1888
docs\inst_test\instancias\n_1000_5,100,20,7,10,0.1000,2026,9999251619,9999242724,10,1888
docs\inst_test\instancias\n_1000_5,100,20,7,10,0.3000,123,9996122058,9996115441,10,1888
docs\inst_test\instancias\n_1000_5,100,20,7,5,0.1000,2026,9999251619,9999242724,23,1888
docs\inst_test\instancias\n_1000_5,100,20,7,10,0.3000,42,9999251530,9999242508,10,1888
docs\inst_test\instancias\n_1000_5,100,20,7,10,0.3000,2026,9999245262,9999239035,9,1888
docs\inst_test\instancias\n_1000_5,100,20,7,10,0.2000,2026,9999251723,9999242588,12,1888
docs\inst_test\instancias\n_1000_5,100,20,7,20,0.1000,2026,9999251619,9999242724,9,1888
docs\inst_test\instancias\n_1000_5,100,20,7,20,0.2000,123,9997687010,9997678758,8,1888
docs\inst_test\instancias\n_1000_5,100,20,7,20,0.3000,42,9999251530,9999242508,9,1888
docs\inst_test\instancias\n_1000_5,100,20,7,20,0.3000,123,9989875677,9989866999,9,1888
docs\inst_test\instancias\n_1000_5,100,20,7,20,0.3000,2026,9990654953,9990647154,9,1888
docs\inst_test\instancias\n_1000_5,100,20,7,10,0.1000,123,9996907622,9996899019,24,1888
docs\inst_test\instancias\n_1000_5,100,20,10,5,0.1000,2026,9999251619,9999242724,11,1888
docs\inst_test\instancias\n_1000_5,100,20,7,10,0.2000,123,9997687010,9997678758,23,1888
docs\inst_test\instancias\n_1000_5,100,20,7,10,0.2000,42,9999251619,9999242724,23,1888
docs\inst_test\instancias\n_1000_5,100,20,7,20,0.1000,42,9996907656,9996898605,21,1888
docs\inst_test\instancias\n_1000_5,100,20,10,5,0.2000,123,9998466245,9998459419,10,1888
docs\inst_test\instancias\n_1000_5,100,20,10,5,0.1000,123,9996907622,9996899019,13,1888
docs\inst_test\instancias\n_1000_5,100,20,7,20,0.1000,123,9996907587,9996898632,22,1888
docs\inst_test\instancias\n_1000_5,100,20,7,20,0.2000,2026,9999251705,9999242656,18,1888
docs\inst_test\instancias\n_1000_5,100,20,10,5,0.3000,123,9996122058,9996115441,10,1888
docs\inst_test\instancias\n_1000_5,100,20,10,5,0.3000,42,9999251530,9999242508,11,1888
docs\inst_test\instancias\n_1000_5,100,20,10,5,0.3000,2026,9999245335,9999239334,10,1888
docs\inst_test\instancias\n_1000_5,100,20,10,5,0.2000,42,9999251619,9999242724,17,1888
docs\inst_test\instancias\n_1000_5,100,20,10,5,0.1000,42,9999251614,9999242439,20,1888
docs\inst_test\instancias\n_1000_5,100,20,10,5,0.2000,2026,9999251723,9999242588,14,1888
docs\inst_test\instancias\n_1000_5,100,20,7,20,0.2000,42,9999251619,9999242724,25,1888
docs\inst_test\instancias\n_1000_5,100,20,10,10,0.1000,123,9996907622,9996899019,10,1888
docs\inst_test\instancias\n_1000_5,100,20,10,10,0.1000,2026,9999251619,9999242724,12,1888
docs\inst_test\instancias\n_1000_5,100,20,10,10,0.2000,123,9997687010,9997678758,12,1888
docs\inst_test\instancias\n_1000_5,100,20,10,10,0.2000,2026,9999251723,9999242588,11,1888
docs\inst_test\instancias\n_1000_5,100,20,10,10,0.3000,2026,9999245262,9999239035,12,1888
docs\inst_test\instancias\n_1000_5,100,20,10,20,0.1000,123,9996907587,9996898632,10,1888
docs\inst_test\instancias\n_1000_5,100,20,10,20,0.1000,2026,9999251619,9999242724,10,1888
docs\inst_test\instancias\n_1000_5,100,20,10,20,0.2000,2026,9999251705,9999242656,10,1888
docs\inst_test\instancias\n_1000_5,100,20,10,20,0.3000,123,9989875677,9989866999,10,1888
docs\inst_test\instancias\n_1000_5,100,20,10,20,0.3000,2026,9990654953,9990647154,9,1888
docs\inst_test\instancias\n_1000_5,100,20,10,10,0.1000,42,9996907656,9996898605,24,1888
docs\inst_test\instancias\n_1000_5,100,20,10,10,0.3000,123,9996122058,9996115441,21,1888
docs\inst_test\instancias\n_1000_5,100,20,10,10,0.3000,42,9999251530,9999242508,22,1888
docs\inst_test\instancias\n_1000_5,100,20,15,5,0.1000,42,9999251614,9999242439,11,1888
docs\inst_test\instancias\n_1000_5,100,20,10,10,0.2000,42,9999251619,9999242724,24,1888
docs\inst_test\instancias\n_1000_5,100,20,10,20,0.1000,42,9996907656,9996898605,20,1888
docs\inst_test\instancias\n_1000_5,100,20,10,20,0.2000,42,9999251619,9999242724,18,1888
docs\inst_test\instancias\n_1000_5,100,20,10,20,0.2000,123,9997687010,9997678758,17,1888
docs\inst_test\instancias\n_1000_5,100,20,15,5,0.2000,42,9999251619,9999242724,11,1888
docs\inst_test\instancias\n_1000_5,100,20,15,5,0.1000,2026,9999251619,9999242724,12,1888
docs\inst_test\instancias\n_1000_5,100,20,10,20,0.3000,42,9999251530,9999242508,21,1888
docs\inst_test\instancias\n_1000_5,100,20,15,5,0.3000,42,9999251530,9999242508,11,1888
docs\inst_test\instancias\n_1000_5,100,20,15,5,0.3000,123,9996122058,9996115441,10,1888
docs\inst_test\instancias\n_1000_5,100,20,15,5,0.3000,2026,9999245335,9999239334,10,1888
docs\inst_test\instancias\n_1000_5,100,20,15,5,0.2000,123,9998466245,9998459419,16,1888
docs\inst_test\instancias\n_1000_5,100,20,15,10,0.2000,123,9997687010,9997678758,10,1888
docs\inst_test\instancias\n_1000_5,100,20,15,10,0.1000,2026,9999251619,9999242724,12,1888
docs\inst_test\instancias\n_1000_5,100,20,15,10,0.3000,42,9999251530,9999242508,11,1888
docs\inst_test\instancias\n_1000_5,100,20,15,10,0.3000,123,9996122058,9996115441,9,1888
docs\inst_test\instancias\n_1000_5,100,20,15,5,0.2000,2026,9999251723,9999242588,18,1888
docs\inst_test\instancias\n_1000_5,100,20,15,10,0.3000,2026,9999245262,9999239035,9,1888
docs\inst_test\instancias\n_1000_5,100,20,15,5,0.1000,123,9996907622,9996899019,26,1888
docs\inst_test\instancias\n_1000_5,100,20,15,20,0.1000,123,9996907587,9996898632,10,1888
docs\inst_test\instancias\n_1000_5,100,20,15,20,0.1000,2026,9999251619,9999242724,9,1888
docs\inst_test\instancias\n_1000_5,100,20,15,10,0.1000,123,9996907622,9996899019,18,1888
docs\inst_test\instancias\n_1000_5,100,20,15,10,0.1000,42,9996907656,9996898605,20,1888
docs\inst_test\instancias\n_1000_5,100,20,15,20,0.2000,42,9999251619,9999242724,13,1888
docs\inst_test\instancias\n_1000_5,100,20,15,20,0.3000,2026,9990654953,9990647154,9,1888
docs\inst_test\instancias\n_1000_5,100,20,15,10,0.2000,42,9999251619,9999242724,23,1888
docs\inst_test\instancias\n_1000_5,100,20,15,20,0.2000,2026,9999251705,9999242656,12,1888
docs\inst_test\instancias\n_1000_5,100,20,15,20,0.3000,123,9989875677,9989866999,11,1888
docs\inst_test\instancias\n_1000_5,100,20,15,10,0.2000,2026,9999251723,9999242588,24,1888
docs\inst_test\instancias\n_1000_5,100,20,15,20,0.1000,42,9996907656,9996898605,20,1888
docs\inst_test\instancias\n_1000_5,100,20,15,20,0.3000,42,9999251530,9999242508,14,1888
docs\inst_test\instancias\n_1000_5,100,20,15,20,0.2000,123,9997687010,9997678758,23,1888
docs\inst_test\instancias\n_1000_5,300,10,7,5,0.2000,2026,9999251723,9999242588,35,1888
docs\inst_test\instancias\n_1000_5,300,10,7,5,0.3000,42,9999251530,9999242508,35,1888
docs\inst_test\instancias\n_1000_5,300,10,7,5,0.2000,123,9999245304,9999239283,39,1888
docs\inst_test\instancias\n_1000_5,300,10,7,5,0.3000,2026,9999245335,9999239334,36,1888
docs\inst_test\instancias\n_1000_5,300,10,7,5,0.1000,42,9999251670,9999242490,47,1888
docs\inst_test\instancias\n_1000_5,300,10,7,5,0.3000,123,9999245167,9999239325,46,1888
docs\inst_test\instancias\n_1000_5,300,10,7,10,0.2000,2026,9999251733,9999242669,43,1888
docs\inst_test\instancias\n_1000_5,300,10,7,10,0.1000,42,9999251670,9999242490,49,1888
docs\inst_test\instancias\n_1000_5,300,10,7,10,0.1000,123,9999251790,9999242930,50,1888
docs\inst_test\instancias\n_1000_5,300,10,7,5,0.1000,123,9999251790,9999242930,61,1888
docs\inst_test\instancias\n_1000_5,300,10,7,10,0.1000,2026,9999251638,9999242702,50,1888
docs\inst_test\instancias\n_1000_5,300,10,7,5,0.2000,42,9999251619,9999242724,59,1888
docs\inst_test\instancias\n_1000_5,300,10,7,5,0.1000,2026,9999251703,9999243177,63,1888
docs\inst_test\instancias\n_1000_5,300,10,7,10,0.2000,42,9999251619,9999242724,58,1888
docs\inst_test\instancias\n_1000_5,300,10,7,10,0.3000,42,9999251530,9999242508,53,1888
docs\inst_test\instancias\n_1000_5,300,10,7,20,0.1000,42,9999251614,9999242439,30,1888
docs\inst_test\instancias\n_1000_5,300,10,7,10,0.2000,123,9999245304,9999239283,63,1888
docs\inst_test\instancias\n_1000_5,300,10,7,20,0.1000,2026,9999251619,9999242724,31,1888
docs\inst_test\instancias\n_1000_5,300,10,7,10,0.3000,123,9998466074,9998459193,42,1888
docs\inst_test\instancias\n_1000_5,300,10,7,20,0.2000,123,9999245304,9999239283,31,1888
docs\inst_test\instancias\n_1000_5,300,10,7,10,0.3000,2026,9999245335,9999239334,47,1888
docs\inst_test\instancias\n_1000_5,300,10,7,20,0.3000,2026,9999245335,9999239334,33,1888
docs\inst_test\instancias\n_1000_5,300,10,7,20,0.3000,123,9996122058,9996115441,37,1888
docs\inst_test\instancias\n_1000_5,300,10,7,20,0.2000,2026,9999251723,9999242588,41,1888
docs\inst_test\instancias\n_1000_5,300,10,10,5,0.2000,123,9999245304,9999239283,32,1888
docs\inst_test\instancias\n_1000_5,300,10,7,20,0.3000,42,9999251530,9999242508,50,1888
docs\inst_test\instancias\n_1000_5,300,10,7,20,0.2000,42,9999251619,9999242724,55,1888
docs\inst_test\instancias\n_1000_5,300,10,10,5,0.2000,2026,9999251723,9999242588,35,1888
docs\inst_test\instancias\n_1000_5,300,10,10,5,0.3000,42,9999251530,9999242508,34,1888
docs\inst_test\instancias\n_1000_5,300,10,10,5,0.1000,42,9999251670,9999242490,54,1888
docs\inst_test\instancias\n_1000_5,300,10,7,20,0.1000,123,9999251790,9999242930,73,1888
docs\inst_test\instancias\n_1000_5,300,10,10,5,0.3000,2026,9999245335,9999239334,36,1888
docs\inst_test\instancias\n_1000_5,300,10,10,5,0.1000,123,9999251790,9999242930,62,1888
docs\inst_test\instancias\n_1000_5,300,10,10,10,0.1000,123,9999251790,9999242930,32,1888
docs\inst_test\instancias\n_1000_5,300,10,10,10,0.2000,123,9999245304,9999239283,28,1888
docs\inst_test\instancias\n_1000_5,300,10,10,5,0.1000,2026,9999251703,9999243177,64,1888
docs\inst_test\instancias\n_1000_5,300,10,10,10,0.3000,2026,9999245335,9999239334,28,1888
docs\inst_test\instancias\n_1000_5,300,10,10,10,0.2000,2026,9999251733,9999242669,31,1888
docs\inst_test\instancias\n_1000_5,300,10,10,10,0.2000,42,9999251619,9999242724,42,1888
docs\inst_test\instancias\n_1000_5,300,10,10,5,0.3000,123,9999245167,9999239325,62,1888
docs\inst_test\instancias\n_1000_5,300,10,10,10,0.1000,42,9999251670,9999242490,57,1888
docs\inst_test\instancias\n_1000_5,300,10,10,10,0.1000,2026,9999251638,9999242702,50,1888
docs\inst_test\instancias\n_1000_5,300,10,10,5,0.2000,42,9999251619,9999242724,77,1888
docs\inst_test\instancias\n_1000_5,300,10,10,20,0.1000,123,9999251790,9999242930,32,1888
docs\inst_test\instancias\n_1000_5,300,10,10,10,0.3000,42,9999251530,9999242508,46,1888
docs\inst_test\instancias\n_1000_5,300,10,10,20,0.2000,2026,9999251723,9999242588,29,1888
docs\inst_test\instancias\n_1000_5,300,10,10,10,0.3000,123,9998466074,9998459193,52,1888
docs\inst_test\instancias\n_1000_5,300,10,10,20,0.3000,123,9996122058,9996115441,27,1888
docs\inst_test\instancias\n_1000_5,300,10,10,20,0.3000,2026,9999245335,9999239334,27,1888
docs\inst_test\instancias\n_1000_5,300,10,10,20,0.2000,42,9999251619,9999242724,44,1888
docs\inst_test\instancias\n_1000_5,300,10,10,20,0.1000,42,9999251614,9999242439,61,1888
docs\inst_test\instancias\n_1000_5,300,10,15,5,0.2000,123,9999245304,9999239283,37,1888
docs\inst_test\instancias\n_1000_5,300,10,10,20,0.2000,123,9999245304,9999239283,61,1888
docs\inst_test\instancias\n_1000_5,300,10,15,5,0.1000,123,9999251790,9999242930,43,1888
docs\inst_test\instancias\n_1000_5,300,10,10,20,0.3000,42,9999251530,9999242508,55,1888
docs\inst_test\instancias\n_1000_5,300,10,10,20,0.1000,2026,9999251619,9999242724,65,1888
docs\inst_test\instancias\n_1000_5,300,10,15,5,0.3000,123,9999245167,9999239325,32,1888
docs\inst_test\instancias\n_1000_5,300,10,15,5,0.2000,2026,9999251723,9999242588,45,1888
docs\inst_test\instancias\n_1000_5,300,10,15,5,0.2000,42,9999251619,9999242724,49,1888
docs\inst_test\instancias\n_1000_5,300,10,15,10,0.1000,42,9999251670,9999242490,31,1888
docs\inst_test\instancias\n_1000_5,300,10,15,5,0.1000,42,9999251670,9999242490,65,1888
docs\inst_test\instancias\n_1000_5,300,10,15,5,0.3000,2026,9999245335,9999239334,47,1888
docs\inst_test\instancias\n_1000_5,300,10,15,10,0.1000,2026,9999251638,9999242702,41,1888
docs\inst_test\instancias\n_1000_5,300,10,15,5,0.1000,2026,9999251703,9999243177,73,1888
docs\inst_test\instancias\n_1000_5,300,10,15,10,0.1000,123,9999251790,9999242930,51,1888
docs\inst_test\instancias\n_1000_5,300,10,15,5,0.3000,42,9999251530,9999242508,66,1888
docs\inst_test\instancias\n_1000_5,300,10,15,20,0.1000,42,9999251614,9999242439,29,1888
docs\inst_test\instancias\n_1000_5,300,10,15,10,0.3000,42,9999251530,9999242508,35,1888
docs\inst_test\instancias\n_1000_5,300,10,15,10,0.2000,123,9999245304,9999239283,37,1888
docs\inst_test\instancias\n_1000_5,300,10,15,10,0.2000,2026,9999251733,9999242669,41,1888
docs\inst_test\instancias\n_1000_5,300,10,15,20,0.1000,123,9999251790,9999242930,33,1888
docs\inst_test\instancias\n_1000_5,300,10,15,10,0.3000,2026,9999245335,9999239334,43,1888
docs\inst_test\instancias\n_1000_5,300,10,15,10,0.2000,42,9999251619,9999242724,56,1888
docs\inst_test\instancias\n_1000_5,300,10,15,10,0.3000,123,9998466074,9998459193,50,1888
docs\inst_test\instancias\n_1000_5,300,10,15,20,0.2000,42,9999251619,9999242724,42,1888
docs\inst_test\instancias\n_1000_5,300,10,15,20,0.3000,123,9996122058,9996115441,28,1888
docs\inst_test\instancias\n_1000_5,300,10,15,20,0.2000,2026,9999251723,9999242588,37,1888
docs\inst_test\instancias\n_1000_5,300,10,15,20,0.1000,2026,9999251619,9999242724,55,1888
docs\inst_test\instancias\n_1000_5,300,15,7,5,0.1000,123,9999251790,9999242930,36,1888
docs\inst_test\instancias\n_1000_5,300,10,15,20,0.2000,123,9999245304,9999239283,51,1888
docs\inst_test\instancias\n_1000_5,300,15,7,5,0.1000,2026,9999251703,9999243177,39,1888
docs\inst_test\instancias\n_1000_5,300,15,7,5,0.2000,42,9999251619,9999242724,38,1888
docs\inst_test\instancias\n_1000_5,300,10,15,20,0.3000,42,9999251530,9999242508,56,1888
docs\inst_test\instancias\n_1000_5,300,10,15,20,0.3000,2026,9999245335,9999239334,51,1888
docs\inst_test\instancias\n_1000_5,300,15,7,5,0.1000,42,9999251670,9999242490,52,1888
docs\inst_test\instancias\n_1000_5,300,15,7,10,0.1000,2026,9999251638,9999242702,31,1888
docs\inst_test\instancias\n_1000_5,300,15,7,5,0.2000,2026,9999251723,9999242588,54,1888
docs\inst_test\instancias\n_1000_5,300,15,7,10,0.2000,42,9999251619,9999242724,34,1888
docs\inst_test\instancias\n_1000_5,300,15,7,10,0.1000,123,9999251790,9999242930,40,1888
docs\inst_test\instancias\n_1000_5,300,15,7,10,0.3000,123,9998466074,9998459193,29,1888
docs\inst_test\instancias\n_1000_5,300,15,7,5,0.3000,123,9999245167,9999239325,58,1888
docs\inst_test\instancias\n_1000_5,300,15,7,5,0.2000,123,9999245304,9999239283,64,1888
docs\inst_test\instancias\n_1000_5,300,15,7,10,0.2000,123,9999245304,9999239283,37,1888
docs\inst_test\instancias\n_1000_5,300,15,7,10,0.3000,42,9999251530,9999242508,37,1888
docs\inst_test\instancias\n_1000_5,300,15,7,5,0.3000,2026,9999245335,9999239334,65,1888
docs\inst_test\instancias\n_1000_5,300,15,7,10,0.3000,2026,9999245335,9999239334,36,1888
docs\inst_test\instancias\n_1000_5,300,15,7,10,0.1000,42,9999251670,9999242490,67,1888
docs\inst_test\instancias\n_1000_5,300,15,7,5,0.3000,42,9999251530,9999242508,76,1888
docs\inst_test\instancias\n_1000_5,300,15,7,20,0.1000,2026,9999251619,9999242724,34,1888
docs\inst_test\instancias\n_1000_5,300,15,7,10,0.2000,2026,9999251733,9999242669,57,1888
docs\inst_test\instancias\n_1000_5,300,15,7,20,0.1000,123,9999251790,9999242930,42,1888
docs\inst_test\instancias\n_1000_5,300,15,7,20,0.3000,42,9999251530,9999242508,29,1888
docs\inst_test\instancias\n_1000_5,300,15,7,20,0.3000,2026,9999245335,9999239334,29,1888
docs\inst_test\instancias\n_1000_5,300,15,7,20,0.2000,123,9999245304,9999239283,37,1888
docs\inst_test\instancias\n_1000_5,300,15,7,20,0.1000,42,9999251614,9999242439,54,1888
docs\inst_test\instancias\n_1000_5,300,15,7,20,0.2000,42,9999251619,9999242724,47,1888
docs\inst_test\instancias\n_1000_5,300,15,7,20,0.3000,123,9996122058,9996115441,44,1888
docs\inst_test\instancias\n_1000_5,300,15,10,5,0.2000,123,9999245304,9999239283,31,1888
docs\inst_test\instancias\n_1000_5,300,15,10,5,0.2000,2026,9999251723,9999242588,37,1888
docs\inst_test\instancias\n_1000_5,300,15,7,20,0.2000,2026,9999251723,9999242588,62,1888
docs\inst_test\instancias\n_1000_5,300,15,10,10,0.1000,42,9999251670,9999242490,32,1888
docs\inst_test\instancias\n_1000_5,300,15,10,5,0.1000,2026,9999251703,9999243177,50,1888
docs\inst_test\instancias\n_1000_5,300,15,10,5,0.1000,42,9999251670,9999242490,59,1888
docs\inst_test\instancias\n_1000_5,300,15,10,10,0.2000,123,9999245304,9999239283,29,1888
docs\inst_test\instancias\n_1000_5,300,15,10,5,0.3000,42,9999251530,9999242508,48,1888
docs\inst_test\instancias\n_1000_5,300,15,10,5,0.1000,123,9999251790,9999242930,61,1888
docs\inst_test\instancias\n_1000_5,300,15,10,5,0.2000,42,9999251619,9999242724,58,1888
docs\inst_test\instancias\n_1000_5,300,15,10,5,0.3000,2026,9999245335,9999239334,47,1888
docs\inst_test\instancias\n_1000_5,300,15,10,5,0.3000,123,9999245167,9999239325,47,1888
docs\inst_test\instancias\n_1000_5,300,15,10,10,0.1000,2026,9999251638,9999242702,45,1888
docs\inst_test\instancias\n_1000_5,300,15,10,10,0.2000,2026,9999251733,9999242669,40,1888
docs\inst_test\instancias\n_1000_5,300,15,10,10,0.3000,123,9998466074,9998459193,30,1888
docs\inst_test\instancias\n_1000_5,300,15,10,10,0.1000,123,9999251790,9999242930,55,1888
docs\inst_test\instancias\n_1000_5,300,15,10,10,0.3000,2026,9999245335,9999239334,28,1888
docs\inst_test\instancias\n_1000_5,300,15,10,10,0.3000,42,9999251530,9999242508,43,1888
docs\inst_test\instancias\n_1000_5,300,15,10,20,0.1000,2026,9999251619,9999242724,28,1888
docs\inst_test\instancias\n_1000_5,300,15,10,10,0.2000,42,9999251619,9999242724,59,1888
docs\inst_test\instancias\n_1000_5,300,15,10,20,0.2000,42,9999251619,9999242724,27,1888
docs\inst_test\instancias\n_1000_5,300,15,10,20,0.2000,2026,9999251723,9999242588,26,1888
docs\inst_test\instancias\n_1000_5,300,15,10,20,0.3000,2026,9999245335,9999239334,25,1888
docs\inst_test\instancias\n_1000_5,300,15,10,20,0.1000,42,9999251614,9999242439,43,1888
docs\inst_test\instancias\n_1000_5,300,15,15,5,0.1000,42,9999251670,9999242490,32,1888
docs\inst_test\instancias\n_1000_5,300,15,10,20,0.3000,123,9996122058,9996115441,41,1888
docs\inst_test\instancias\n_1000_5,300,15,10,20,0.1000,123,9999251790,9999242930,56,1888
docs\inst_test\instancias\n_1000_5,300,15,10,20,0.3000,42,9999251530,9999242508,50,1888
docs\inst_test\instancias\n_1000_5,300,15,10,20,0.2000,123,9999245304,9999239283,52,1888
docs\inst_test\instancias\n_1000_5,300,15,15,10,0.1000,42,9999251670,9999242490,29,1888
docs\inst_test\instancias\n_1000_5,300,15,15,5,0.1000,123,9999251790,9999242930,40,1888
docs\inst_test\instancias\n_1000_5,300,15,15,5,0.1000,2026,9999251703,9999243177,42,1888
docs\inst_test\instancias\n_1000_5,300,15,15,5,0.3000,2026,9999245335,9999239334,32,1888
docs\inst_test\instancias\n_1000_5,300,15,15,5,0.3000,123,9999245167,9999239325,35,1888
docs\inst_test\instancias\n_1000_5,300,15,15,10,0.1000,123,9999251790,9999242930,33,1888
docs\inst_test\instancias\n_1000_5,300,15,15,5,0.3000,42,9999251530,9999242508,39,1888
docs\inst_test\instancias\n_1000_5,300,15,15,10,0.1000,2026,9999251638,9999242702,30,1888
docs\inst_test\instancias\n_1000_5,300,15,15,5,0.2000,123,9999245304,9999239283,50,1888
docs\inst_test\instancias\n_1000_5,300,15,15,10,0.2000,123,9999245304,9999239283,26,1888
docs\inst_test\instancias\n_1000_5,300,15,15,5,0.2000,42,9999251619,9999242724,57,1888
docs\inst_test\instancias\n_1000_5,300,15,15,10,0.2000,42,9999251619,9999242724,35,1888
docs\inst_test\instancias\n_1000_5,300,15,15,5,0.2000,2026,9999251723,9999242588,59,1888
docs\inst_test\instancias\n_1000_5,300,15,15,10,0.3000,2026,9999245335,9999239334,26,1888
docs\inst_test\instancias\n_1000_5,300,15,15,20,0.1000,42,9999251614,9999242439,27,1888
docs\inst_test\instancias\n_1000_5,300,15,15,10,0.3000,123,9998466074,9998459193,33,1888
docs\inst_test\instancias\n_1000_5,300,15,15,20,0.2000,42,9999251619,9999242724,32,1888
docs\inst_test\instancias\n_1000_5,300,15,15,10,0.2000,2026,9999251733,9999242669,43,1888
docs\inst_test\instancias\n_1000_5,300,15,15,20,0.2000,2026,9999251723,9999242588,31,1888
docs\inst_test\instancias\n_1000_5,300,15,15,10,0.3000,42,9999251530,9999242508,43,1888
docs\inst_test\instancias\n_1000_5,300,15,15,20,0.1000,2026,9999251619,9999242724,38,1888
docs\inst_test\instancias\n_1000_5,300,15,15,20,0.3000,2026,9999245335,9999239334,25,1888
docs\inst_test\instancias\n_1000_5,300,15,15,20,0.3000,123,9996122058,9996115441,33,1888
docs\inst_test\instancias\n_1000_5,300,15,15,20,0.3000,42,9999251530,9999242508,37,1888
docs\inst_test\instancias\n_1000_5,300,15,15,20,0.1000,123,9999251790,9999242930,46,1888
docs\inst_test\instancias\n_1000_5,300,15,15,20,0.2000,123,9999245304,9999239283,50,1888
docs\inst_test\instancias\n_1000_5,300,20,7,5,0.2000,42,9999251619,9999242724,32,1888
docs\inst_test\instancias\n_1000_5,300,20,7,5,0.1000,123,9999251790,9999242930,43,1888
docs\inst_test\instancias\n_1000_5,300,20,7,5,0.2000,123,9999245304,9999239283,36,1888
docs\inst_test\instancias\n_1000_5,300,20,7,5,0.3000,123,9999245167,9999239325,29,1888
docs\inst_test\instancias\n_1000_5,300,20,7,10,0.1000,42,9999251670,9999242490,30,1888
docs\inst_test\instancias\n_1000_5,300,20,7,5,0.2000,2026,9999251723,9999242588,41,1888
docs\inst_test\instancias\n_1000_5,300,20,7,5,0.1000,42,9999251670,9999242490,55,1888
docs\inst_test\instancias\n_1000_5,300,20,7,5,0.3000,2026,9999245335,9999239334,38,1888
docs\inst_test\instancias\n_1000_5,300,20,7,10,0.2000,42,9999251619,9999242724,34,1888
docs\inst_test\instancias\n_1000_5,300,20,7,5,0.3000,42,9999251530,9999242508,44,1888
docs\inst_test\instancias\n_1000_5,300,20,7,5,0.1000,2026,9999251703,9999243177,56,1888
docs\inst_test\instancias\n_1000_5,300,20,7,10,0.1000,123,9999251790,9999242930,41,1888
docs\inst_test\instancias\n_1000_5,300,20,7,10,0.3000,123,9998466074,9998459193,26,1888
docs\inst_test\instancias\n_1000_5,300,20,7,10,0.2000,2026,9999251733,9999242669,41,1888
docs\inst_test\instancias\n_1000_5,300,20,7,10,0.3000,42,9999251530,9999242508,39,1888
docs\inst_test\instancias\n_1000_5,300,20,7,20,0.1000,2026,9999251619,9999242724,27,1888
docs\inst_test\instancias\n_1000_5,300,20,7,10,0.1000,2026,9999251638,9999242702,56,1888
docs\inst_test\instancias\n_1000_5,300,20,7,10,0.3000,2026,9999245335,9999239334,34,1888
docs\inst_test\instancias\n_1000_5,300,20,7,10,0.2000,123,9999245304,9999239283,51,1888
docs\inst_test\instancias\n_1000_5,300,20,7,20,0.2000,123,9999245304,9999239283,26,1888
docs\inst_test\instancias\n_1000_5,300,20,7,20,0.2000,2026,9999251723,9999242588,28,1888
docs\inst_test\instancias\n_1000_5,300,20,7,20,0.1000,42,9999251614,9999242439,42,1888
docs\inst_test\instancias\n_1000_5,300,20,7,20,0.3000,123,9996122058,9996115441,25,1888
docs\inst_test\instancias\n_1000_5,300,20,7,20,0.1000,123,9999251790,9999242930,43,1888
docs\inst_test\instancias\n_1000_5,300,20,7,20,0.3000,2026,9999245335,9999239334,34,1888
docs\inst_test\instancias\n_1000_5,300,20,10,5,0.1000,123,9999251790,9999242930,31,1888
docs\inst_test\instancias\n_1000_5,300,20,7,20,0.2000,42,9999251619,9999242724,53,1888
docs\inst_test\instancias\n_1000_5,300,20,10,5,0.3000,2026,9999245335,9999239334,28,1888
docs\inst_test\instancias\n_1000_5,300,20,7,20,0.3000,42,9999251530,9999242508,52,1888
docs\inst_test\instancias\n_1000_5,300,20,10,10,0.1000,42,9999251670,9999242490,29,1888
docs\inst_test\instancias\n_1000_5,300,20,10,5,0.2000,2026,9999251723,9999242588,38,1888
docs\inst_test\instancias\n_1000_5,300,20,10,10,0.1000,2026,9999251638,9999242702,29,1888
docs\inst_test\instancias\n_1000_5,300,20,10,5,0.2000,123,9999245304,9999239283,41,1888
docs\inst_test\instancias\n_1000_5,300,20,10,10,0.1000,123,9999251790,9999242930,35,1888
docs\inst_test\instancias\n_1000_5,300,20,10,5,0.1000,42,9999251670,9999242490,60,1888
docs\inst_test\instancias\n_1000_5,300,20,10,5,0.3000,123,9999245167,9999239325,45,1888
docs\inst_test\instancias\n_1000_5,300,20,10,5,0.2000,42,9999251619,9999242724,48,1888
docs\inst_test\instancias\n_1000_5,300,20,10,10,0.2000,2026,9999251733,9999242669,29,1888
docs\inst_test\instancias\n_1000_5,300,20,10,5,0.3000,42,9999251530,9999242508,48,1888
docs\inst_test\instancias\n_1000_5,300,20,10,5,0.1000,2026,9999251703,9999243177,58,1888
docs\inst_test\instancias\n_1000_5,300,20,10,10,0.2000,42,9999251619,9999242724,42,1888
docs\inst_test\instancias\n_1000_5,300,20,10,10,0.3000,123,9998466074,9998459193,27,1888
docs\inst_test\instancias\n_1000_5,300,20,10,10,0.2000,123,9999245304,9999239283,41,1888
docs\inst_test\instancias\n_1000_5,300,20,10,20,0.1000,42,9999251614,9999242439,27,1888
docs\inst_test\instancias\n_1000_5,300,20,10,20,0.1000,123,9999251790,9999242930,27,1888
docs\inst_test\instancias\n_1000_5,300,20,10,20,0.1000,2026,9999251619,9999242724,27,1888
docs\inst_test\instancias\n_1000_5,300,20,10,20,0.2000,123,9999245304,9999239283,25,1888
docs\inst_test\instancias\n_1000_5,300,20,10,10,0.3000,2026,9999245335,9999239334,35,1888
docs\inst_test\instancias\n_1000_5,300,20,10,20,0.2000,42,9999251619,9999242724,28,1888
docs\inst_test\instancias\n_1000_5,300,20,10,20,0.3000,2026,9999245335,9999239334,36,1888
docs\inst_test\instancias\n_1000_5,300,20,10,10,0.3000,42,9999251530,9999242508,56,1888
docs\inst_test\instancias\n_1000_5,300,20,10,20,0.3000,123,9996122058,9996115441,39,1888
docs\inst_test\instancias\n_1000_5,300,20,10,20,0.3000,42,9999251530,9999242508,40,1888
docs\inst_test\instancias\n_1000_5,300,20,15,5,0.2000,42,9999251619,9999242724,32,1888
docs\inst_test\instancias\n_1000_5,300,20,15,5,0.2000,2026,9999251723,9999242588,32,1888
docs\inst_test\instancias\n_1000_5,300,20,15,10,0.1000,42,9999251670,9999242490,28,1888
docs\inst_test\instancias\n_1000_5,300,20,10,20,0.2000,2026,9999251723,9999242588,54,1888
docs\inst_test\instancias\n_1000_5,300,20,15,5,0.1000,2026,9999251703,9999243177,44,1888
docs\inst_test\instancias\n_1000_5,300,20,15,10,0.1000,123,9999251790,9999242930,32,1888
docs\inst_test\instancias\n_1000_5,300,20,15,5,0.3000,123,9999245167,9999239325,36,1888
docs\inst_test\instancias\n_1000_5,300,20,15,5,0.1000,42,9999251670,9999242490,55,1888
docs\inst_test\instancias\n_1000_5,300,20,15,5,0.3000,42,9999251530,9999242508,37,1888
docs\inst_test\instancias\n_1000_5,300,20,15,5,0.2000,123,9999245304,9999239283,45,1888
docs\inst_test\instancias\n_1000_5,300,20,15,5,0.1000,123,9999251790,9999242930,56,1888
docs\inst_test\instancias\n_1000_5,300,20,15,5,0.3000,2026,9999245335,9999239334,43,1888
docs\inst_test\instancias\n_1000_5,300,20,15,10,0.2000,42,9999251619,9999242724,35,1888
docs\inst_test\instancias\n_1000_5,300,20,15,10,0.2000,123,9999245304,9999239283,35,1888
docs\inst_test\instancias\n_1000_5,300,20,15,10,0.3000,123,9998466074,9998459193,27,1888
docs\inst_test\instancias\n_1000_5,300,20,15,10,0.3000,2026,9999245335,9999239334,26,1888
docs\inst_test\instancias\n_1000_5,300,20,15,20,0.1000,42,9999251614,9999242439,27,1888
docs\inst_test\instancias\n_1000_5,300,20,15,10,0.1000,2026,9999251638,9999242702,44,1888
docs\inst_test\instancias\n_1000_5,300,20,15,10,0.3000,42,9999251530,9999242508,41,1888
docs\inst_test\instancias\n_1000_5,300,20,15,20,0.1000,2026,9999251619,9999242724,29,1888
docs\inst_test\instancias\n_1000_5,300,20,15,10,0.2000,2026,9999251733,9999242669,48,1888
docs\inst_test\instancias\n_1000_5,300,20,15,20,0.3000,2026,9999245335,9999239334,24,1888
docs\inst_test\instancias\n_1000_5,300,20,15,20,0.3000,123,9996122058,9996115441,37,1888
docs\inst_test\instancias\n_1000_5,300,20,15,20,0.1000,123,9999251790,9999242930,45,1888
docs\inst_test\instancias\n_1000_5,300,20,15,20,0.2000,123,9999245304,9999239283,44,1888
docs\inst_test\instancias\n_1000_5,300,20,15,20,0.2000,42,9999251619,9999242724,49,1888
docs\inst_test\instancias\n_1000_5,300,20,15,20,0.3000,42,9999251530,9999242508,52,1888
docs\inst_test\instancias\n_1000_5,300,20,15,20,0.2000,2026,9999251723,9999242588,53,1888
docs\inst_test\instancias\n_1000_5,500,10,7,5,0.1000,123,9999251790,9999242930,57,1888
docs\inst_test\instancias\n_1000_5,500,10,7,5,0.1000,2026,9999251726,9999242716,56,1888
docs\inst_test\instancias\n_1000_5,500,10,7,10,0.1000,42,9999251670,9999242490,48,1888
docs\inst_test\instancias\n_1000_5,500,10,7,10,0.1000,123,9999251790,9999242930,48,1888
docs\inst_test\instancias\n_1000_5,500,10,7,10,0.2000,42,9999251619,9999242724,47,1888
docs\inst_test\instancias\n_1000_5,500,10,7,5,0.3000,2026,9999245335,9999239334,60,1888
docs\inst_test\instancias\n_1000_5,500,10,7,10,0.1000,2026,9999251638,9999242702,51,1888
docs\inst_test\instancias\n_1000_5,500,10,7,5,0.3000,42,9999251530,9999242508,70,1888
docs\inst_test\instancias\n_1000_5,500,10,7,5,0.3000,123,9999245167,9999239325,71,1888
docs\inst_test\instancias\n_1000_5,500,10,7,5,0.2000,123,9999245324,9999239313,76,1888
docs\inst_test\instancias\n_1000_5,500,10,7,5,0.2000,42,9999251619,9999242724,81,1888
docs\inst_test\instancias\n_1000_5,500,10,7,10,0.2000,123,9999245319,9999239307,64,1888
docs\inst_test\instancias\n_1000_5,500,10,7,5,0.1000,42,9999251670,9999242490,98,1888
docs\inst_test\instancias\n_1000_5,500,10,7,10,0.3000,42,9999251530,9999242508,63,1888
docs\inst_test\instancias\n_1000_5,500,10,7,10,0.3000,123,9999245197,9999239289,44,1888
docs\inst_test\instancias\n_1000_5,500,10,7,5,0.2000,2026,9999251723,9999242588,94,1888
docs\inst_test\instancias\n_1000_5,500,10,7,20,0.1000,42,9999251614,9999242439,45,1888
docs\inst_test\instancias\n_1000_5,500,10,7,10,0.2000,2026,9999251733,9999242669,82,1888
docs\inst_test\instancias\n_1000_5,500,10,7,20,0.1000,2026,9999251638,9999242702,55,1888
docs\inst_test\instancias\n_1000_5,500,10,7,20,0.2000,42,9999251619,9999242724,59,1888
docs\inst_test\instancias\n_1000_5,500,10,7,10,0.3000,2026,9999245335,9999239334,75,1888
docs\inst_test\instancias\n_1000_5,500,10,7,20,0.3000,123,9996122079,9996115351,53,1888
docs\inst_test\instancias\n_1000_5,500,10,7,20,0.1000,123,9999251790,9999242930,65,1888
docs\inst_test\instancias\n_1000_5,500,10,7,20,0.2000,2026,9999251733,9999242669,60,1888
docs\inst_test\instancias\n_1000_5,500,10,7,20,0.2000,123,9999245304,9999239283,65,1888
docs\inst_test\instancias\n_1000_5,500,10,7,20,0.3000,2026,9999245335,9999239334,62,1888
docs\inst_test\instancias\n_1000_5,500,10,10,5,0.1000,42,9999251670,9999242490,55,1888
docs\inst_test\instancias\n_1000_5,500,10,10,5,0.2000,42,9999251619,9999242724,54,1888
docs\inst_test\instancias\n_1000_5,500,10,7,20,0.3000,42,9999251530,9999242508,74,1888
docs\inst_test\instancias\n_1000_5,500,10,10,5,0.2000,123,9999245324,9999239313,59,1888
docs\inst_test\instancias\n_1000_5,500,10,10,5,0.2000,2026,9999251723,9999242588,55,1888
docs\inst_test\instancias\n_1000_5,500,10,10,5,0.1000,123,9999251790,9999242930,83,1888
docs\inst_test\instancias\n_1000_5,500,10,10,5,0.1000,2026,9999251726,9999242716,94,1888
docs\inst_test\instancias\n_1000_5,500,10,10,5,0.3000,123,9999245167,9999239325,64,1888
docs\inst_test\instancias\n_1000_5,500,10,10,5,0.3000,42,9999251530,9999242508,76,1888
docs\inst_test\instancias\n_1000_5,500,10,10,5,0.3000,2026,9999245335,9999239334,62,1888
docs\inst_test\instancias\n_1000_5,500,10,10,10,0.1000,42,9999251670,9999242490,64,1888
docs\inst_test\instancias\n_1000_5,500,10,10,10,0.3000,2026,9999245335,9999239334,48,1888
docs\inst_test\instancias\n_1000_5,500,10,10,20,0.1000,123,9999251790,9999242930,45,1888
docs\inst_test\instancias\n_1000_5,500,10,10,10,0.1000,2026,9999251638,9999242702,77,1888
docs\inst_test\instancias\n_1000_5,500,10,10,20,0.1000,42,9999251614,9999242439,54,1888
docs\inst_test\instancias\n_1000_5,500,10,10,10,0.2000,2026,9999251733,9999242669,71,1888
docs\inst_test\instancias\n_1000_5,500,10,10,10,0.3000,123,9999245197,9999239289,66,1888
docs\inst_test\instancias\n_1000_5,500,10,10,10,0.1000,123,9999251790,9999242930,90,1888
docs\inst_test\instancias\n_1000_5,500,10,10,10,0.2000,123,9999245319,9999239307,84,1888
docs\inst_test\instancias\n_1000_5,500,10,10,20,0.1000,2026,9999251638,9999242702,46,1888
docs\inst_test\instancias\n_1000_5,500,10,10,10,0.2000,42,9999251619,9999242724,87,1888
docs\inst_test\instancias\n_1000_5,500,10,10,10,0.3000,42,9999251530,9999242508,81,1888
docs\inst_test\instancias\n_1000_5,500,10,10,20,0.3000,2026,9999245335,9999239334,42,1888
docs\inst_test\instancias\n_1000_5,500,10,10,20,0.2000,123,9999245304,9999239283,59,1888
docs\inst_test\instancias\n_1000_5,500,10,10,20,0.3000,42,9999251530,9999242508,61,1888
docs\inst_test\instancias\n_1000_5,500,10,10,20,0.2000,2026,9999251733,9999242669,64,1888
docs\inst_test\instancias\n_1000_5,500,10,10,20,0.2000,42,9999251619,9999242724,66,1888
docs\inst_test\instancias\n_1000_5,500,10,10,20,0.3000,123,9996122079,9996115351,72,1888
docs\inst_test\instancias\n_1000_5,500,10,15,5,0.3000,123,9999245167,9999239325,49,1888
docs\inst_test\instancias\n_1000_5,500,10,15,10,0.1000,42,9999251670,9999242490,52,1888
docs\inst_test\instancias\n_1000_5,500,10,15,5,0.3000,2026,9999245335,9999239334,56,1888
docs\inst_test\instancias\n_1000_5,500,10,15,5,0.1000,123,9999251790,9999242930,72,1888
docs\inst_test\instancias\n_1000_5,500,10,15,5,0.1000,42,9999251670,9999242490,80,1888
docs\inst_test\instancias\n_1000_5,500,10,15,10,0.1000,123,9999251790,9999242930,51,1888
docs\inst_test\instancias\n_1000_5,500,10,15,5,0.1000,2026,9999251726,9999242716,81,1888
docs\inst_test\instancias\n_1000_5,500,10,15,5,0.2000,42,9999251619,9999242724,80,1888
docs\inst_test\instancias\n_1000_5,500,10,15,10,0.1000,2026,9999251638,9999242702,48,1888
docs\inst_test\instancias\n_1000_5,500,10,15,5,0.2000,123,9999245324,9999239313,80,1888
docs\inst_test\instancias\n_1000_5,500,10,15,5,0.3000,42,9999251530,9999242508,91,1888
docs\inst_test\instancias\n_1000_5,500,10,15,10,0.3000,123,9999245197,9999239289,44,1888
docs\inst_test\instancias\n_1000_5,500,10,15,5,0.2000,2026,9999251723,9999242588,98,1888
docs\inst_test\instancias\n_1000_5,500,10,15,10,0.3000,2026,9999245335,9999239334,43,1888
docs\inst_test\instancias\n_1000_5,500,10,15,20,0.1000,42,9999251614,9999242439,46,1888
docs\inst_test\instancias\n_1000_5,500,10,15,10,0.2000,2026,9999251733,9999242669,72,1888
docs\inst_test\instancias\n_1000_5,500,10,15,10,0.3000,42,9999251530,9999242508,62,1888
docs\inst_test\instancias\n_1000_5,500,10,15,10,0.2000,123,9999245319,9999239307,78,1888
docs\inst_test\instancias\n_1000_5,500,10,15,10,0.2000,42,9999251619,9999242724,85,1888
docs\inst_test\instancias\n_1000_5,500,10,15,20,0.2000,2026,9999251733,9999242669,54,1888
docs\inst_test\instancias\n_1000_5,500,10,15,20,0.2000,42,9999251619,9999242724,58,1888
docs\inst_test\instancias\n_1000_5,500,10,15,20,0.3000,2026,9999245335,9999239334,41,1888
docs\inst_test\instancias\n_1000_5,500,10,15,20,0.1000,2026,9999251638,9999242702,70,1888
docs\inst_test\instancias\n_1000_5,500,10,15,20,0.3000,123,9996122079,9996115351,62,1888
docs\inst_test\instancias\n_1000_5,500,10,15,20,0.2000,123,9999245304,9999239283,78,1888
docs\inst_test\instancias\n_1000_5,500,10,15,20,0.1000,123,9999251790,9999242930,90,1888
docs\inst_test\instancias\n_1000_5,500,15,7,5,0.2000,123,9999245324,9999239313,49,1888
docs\inst_test\instancias\n_1000_5,500,10,15,20,0.3000,42,9999251530,9999242508,80,1888
docs\inst_test\instancias\n_1000_5,500,15,7,5,0.2000,42,9999251619,9999242724,54,1888
docs\inst_test\instancias\n_1000_5,500,15,7,5,0.1000,42,9999251670,9999242490,67,1888
docs\inst_test\instancias\n_1000_5,500,15,7,5,0.2000,2026,9999251723,9999242588,54,1888
docs\inst_test\instancias\n_1000_5,500,15,7,5,0.3000,42,9999251530,9999242508,54,1888
docs\inst_test\instancias\n_1000_5,500,15,7,5,0.1000,123,9999251790,9999242930,77,1888
docs\inst_test\instancias\n_1000_5,500,15,7,5,0.3000,2026,9999245335,9999239334,54,1888
docs\inst_test\instancias\n_1000_5,500,15,7,5,0.3000,123,9999245167,9999239325,71,1888
docs\inst_test\instancias\n_1000_5,500,15,7,10,0.1000,123,9999251790,9999242930,59,1888
docs\inst_test\instancias\n_1000_5,500,15,7,10,0.2000,42,9999251619,9999242724,56,1888
docs\inst_test\instancias\n_1000_5,500,15,7,5,0.1000,2026,9999251726,9999242716,94,1888
docs\inst_test\instancias\n_1000_5,500,15,7,10,0.1000,42,9999251670,9999242490,68,1888
docs\inst_test\instancias\n_1000_5,500,15,7,10,0.1000,2026,9999251638,9999242702,73,1888
docs\inst_test\instancias\n_1000_5,500,15,7,10,0.3000,2026,9999245335,9999239334,56,1888
docs\inst_test\instancias\n_1000_5,500,15,7,10,0.2000,123,9999245319,9999239307,67,1888
docs\inst_test\instancias\n_1000_5,500,15,7,10,0.3000,42,9999251530,9999242508,63,1888
docs\inst_test\instancias\n_1000_5,500,15,7,20,0.2000,123,9999245304,9999239283,40,1888
docs\inst_test\instancias\n_1000_5,500,15,7,10,0.3000,123,9999245197,9999239289,68,1888
docs\inst_test\instancias\n_1000_5,500,15,7,10,0.2000,2026,9999251733,9999242669,75,1888
docs\inst_test\instancias\n_1000_5,500,15,7,20,0.2000,42,9999251619,9999242724,57,1888
docs\inst_test\instancias\n_1000_5,500,15,7,20,0.1000,2026,9999251638,9999242702,70,1888
docs\inst_test\instancias\n_1000_5,500,15,7,20,0.1000,123,9999251790,9999242930,78,1888
docs\inst_test\instancias\n_1000_5,500,15,7,20,0.3000,123,9996122079,9996115351,49,1888
docs\inst_test\instancias\n_1000_5,500,15,7,20,0.1000,42,9999251614,9999242439,84,1888
docs\inst_test\instancias\n_1000_5,500,15,7,20,0.2000,2026,9999251733,9999242669,62,1888
docs\inst_test\instancias\n_1000_5,500,15,7,20,0.3000,2026,9999245335,9999239334,59,1888
docs\inst_test\instancias\n_1000_5,500,15,10,5,0.1000,123,9999251790,9999242930,58,1888
docs\inst_test\instancias\n_1000_5,500,15,7,20,0.3000,42,9999251530,9999242508,78,1888
docs\inst_test\instancias\n_1000_5,500,15,10,5,0.2000,2026,9999251723,9999242588,54,1888
docs\inst_test\instancias\n_1000_5,500,15,10,5,0.2000,123,9999245324,9999239313,61,1888
docs\inst_test\instancias\n_1000_5,500,15,10,5,0.1000,42,9999251670,9999242490,84,1888
docs\inst_test\instancias\n_1000_5,500,15,10,5,0.1000,2026,9999251726,9999242716,71,1888
docs\inst_test\instancias\n_1000_5,500,15,10,5,0.3000,2026,9999245335,9999239334,60,1888
docs\inst_test\instancias\n_1000_5,500,15,10,5,0.3000,123,9999245167,9999239325,69,1888
docs\inst_test\instancias\n_1000_5,500,15,10,5,0.3000,42,9999251530,9999242508,74,1888
docs\inst_test\instancias\n_1000_5,500,15,10,5,0.2000,42,9999251619,9999242724,83,1888
docs\inst_test\instancias\n_1000_5,500,15,10,10,0.1000,123,9999251790,9999242930,59,1888
docs\inst_test\instancias\n_1000_5,500,15,10,10,0.2000,42,9999251619,9999242724,57,1888
docs\inst_test\instancias\n_1000_5,500,15,10,10,0.3000,42,9999251530,9999242508,47,1888
docs\inst_test\instancias\n_1000_5,500,15,10,10,0.3000,123,9999245197,9999239289,43,1888
docs\inst_test\instancias\n_1000_5,500,15,10,10,0.2000,123,9999245319,9999239307,68,1888
docs\inst_test\instancias\n_1000_5,500,15,10,10,0.1000,2026,9999251638,9999242702,76,1888
docs\inst_test\instancias\n_1000_5,500,15,10,10,0.1000,42,9999251670,9999242490,86,1888
docs\inst_test\instancias\n_1000_5,500,15,10,10,0.3000,2026,9999245335,9999239334,51,1888
docs\inst_test\instancias\n_1000_5,500,15,10,10,0.2000,2026,9999251733,9999242669,73,1888
docs\inst_test\instancias\n_1000_5,500,15,10,20,0.1000,2026,9999251638,9999242702,45,1888
docs\inst_test\instancias\n_1000_5,500,15,10,20,0.1000,123,9999251790,9999242930,60,1888
docs\inst_test\instancias\n_1000_5,500,15,10,20,0.2000,2026,9999251733,9999242669,48,1888
docs\inst_test\instancias\n_1000_5,500,15,10,20,0.2000,123,9999245304,9999239283,53,1888
docs\inst_test\instancias\n_1000_5,500,15,10,20,0.3000,123,9996122079,9996115351,56,1888
docs\inst_test\instancias\n_1000_5,500,15,10,20,0.1000,42,9999251614,9999242439,83,1888
docs\inst_test\instancias\n_1000_5,500,15,10,20,0.2000,42,9999251619,9999242724,72,1888
docs\inst_test\instancias\n_1000_5,500,15,10,20,0.3000,2026,9999245335,9999239334,64,1888
docs\inst_test\instancias\n_1000_5,500,15,15,5,0.1000,123,9999251790,9999242930,55,1888
docs\inst_test\instancias\n_1000_5,500,15,10,20,0.3000,42,9999251530,9999242508,75,1888
docs\inst_test\instancias\n_1000_5,500,15,15,5,0.2000,123,9999245324,9999239313,59,1888
docs\inst_test\instancias\n_1000_5,500,15,15,5,0.3000,123,9999245167,9999239325,56,1888
docs\inst_test\instancias\n_1000_5,500,15,15,5,0.3000,2026,9999245335,9999239334,49,1888
docs\inst_test\instancias\n_1000_5,500,15,15,5,0.2000,42,9999251619,9999242724,74,1888
docs\inst_test\instancias\n_1000_5,500,15,15,5,0.1000,2026,9999251726,9999242716,78,1888
docs\inst_test\instancias\n_1000_5,500,15,15,5,0.3000,42,9999251530,9999242508,67,1888
docs\inst_test\instancias\n_1000_5,500,15,15,5,0.1000,42,9999251670,9999242490,87,1888
docs\inst_test\instancias\n_1000_5,500,15,15,10,0.2000,123,9999245319,9999239307,51,1888
docs\inst_test\instancias\n_1000_5,500,15,15,10,0.1000,123,9999251790,9999242930,68,1888
docs\inst_test\instancias\n_1000_5,500,15,15,10,0.1000,42,9999251670,9999242490,77,1888
docs\inst_test\instancias\n_1000_5,500,15,15,5,0.2000,2026,9999251723,9999242588,99,1888
docs\inst_test\instancias\n_1000_5,500,15,15,10,0.3000,2026,9999245335,9999239334,47,1888
docs\inst_test\instancias\n_1000_5,500,15,15,10,0.1000,2026,9999251638,9999242702,75,1888
docs\inst_test\instancias\n_1000_5,500,15,15,20,0.1000,42,9999251614,9999242439,46,1888
docs\inst_test\instancias\n_1000_5,500,15,15,20,0.1000,123,9999251790,9999242930,44,1888
docs\inst_test\instancias\n_1000_5,500,15,15,20,0.2000,123,9999245304,9999239283,42,1888
docs\inst_test\instancias\n_1000_5,500,15,15,10,0.3000,42,9999251530,9999242508,70,1888
docs\inst_test\instancias\n_1000_5,500,15,15,10,0.2000,42,9999251619,9999242724,79,1888
docs\inst_test\instancias\n_1000_5,500,15,15,20,0.1000,2026,9999251638,9999242702,54,1888
docs\inst_test\instancias\n_1000_5,500,15,15,10,0.2000,2026,9999251733,9999242669,85,1888
docs\inst_test\instancias\n_1000_5,500,15,15,10,0.3000,123,9999245197,9999239289,78,1888
docs\inst_test\instancias\n_1000_5,500,15,15,20,0.2000,2026,9999251733,9999242669,60,1888
docs\inst_test\instancias\n_1000_5,500,15,15,20,0.2000,42,9999251619,9999242724,67,1888
docs\inst_test\instancias\n_1000_5,500,15,15,20,0.3000,123,9996122079,9996115351,63,1888
docs\inst_test\instancias\n_1000_5,500,15,15,20,0.3000,42,9999251530,9999242508,64,1888
docs\inst_test\instancias\n_1000_5,500,15,15,20,0.3000,2026,9999245335,9999239334,59,1888
docs\inst_test\instancias\n_1000_5,500,20,7,5,0.1000,123,9999251790,9999242930,54,1888
docs\inst_test\instancias\n_1000_5,500,20,7,5,0.3000,2026,9999245335,9999239334,49,1888
docs\inst_test\instancias\n_1000_5,500,20,7,5,0.2000,42,9999251619,9999242724,64,1888
docs\inst_test\instancias\n_1000_5,500,20,7,5,0.2000,123,9999245324,9999239313,64,1888
docs\inst_test\instancias\n_1000_5,500,20,7,5,0.1000,42,9999251670,9999242490,73,1888
docs\inst_test\instancias\n_1000_5,500,20,7,10,0.1000,123,9999251790,9999242930,59,1888
docs\inst_test\instancias\n_1000_5,500,20,7,5,0.3000,123,9999245167,9999239325,69,1888
docs\inst_test\instancias\n_1000_5,500,20,7,5,0.1000,2026,9999251726,9999242716,90,1888
docs\inst_test\instancias\n_1000_5,500,20,7,10,0.2000,123,9999245319,9999239307,43,1888
docs\inst_test\instancias\n_1000_5,500,20,7,5,0.2000,2026,9999251723,9999242588,86,1888
docs\inst_test\instancias\n_1000_5,500,20,7,5,0.3000,42,9999251530,9999242508,86,1888
docs\inst_test\instancias\n_1000_5,500,20,7,10,0.3000,123,9999245197,9999239289,43,1888
docs\inst_test\instancias\n_1000_5,500,20,7,10,0.1000,42,9999251670,9999242490,83,1888
docs\inst_test\instancias\n_1000_5,500,20,7,10,0.3000,2026,9999245335,9999239334,42,1888
docs\inst_test\instancias\n_1000_5,500,20,7,20,0.1000,2026,9999251638,9999242702,46,1888
docs\inst_test\instancias\n_1000_5,500,20,7,10,0.1000,2026,9999251638,9999242702,84,1888
docs\inst_test\instancias\n_1000_5,500,20,7,10,0.2000,42,9999251619,9999242724,86,1888
docs\inst_test\instancias\n_1000_5,500,20,7,20,0.1000,123,9999251790,9999242930,50,1888
docs\inst_test\instancias\n_1000_5,500,20,7,10,0.3000,42,9999251530,9999242508,75,1888
docs\inst_test\instancias\n_1000_5,500,20,7,10,0.2000,2026,9999251733,9999242669,78,1888
docs\inst_test\instancias\n_1000_5,500,20,7,20,0.3000,42,9999251530,9999242508,46,1888
docs\inst_test\instancias\n_1000_5,500,20,7,20,0.1000,42,9999251614,9999242439,76,1888
docs\inst_test\instancias\n_1000_5,500,20,7,20,0.2000,42,9999251619,9999242724,63,1888
docs\inst_test\instancias\n_1000_5,500,20,7,20,0.3000,123,9996122079,9996115351,52,1888
docs\inst_test\instancias\n_1000_5,500,20,7,20,0.2000,2026,9999251733,9999242669,60,1888
docs\inst_test\instancias\n_1000_5,500,20,7,20,0.2000,123,9999245304,9999239283,78,1888
docs\inst_test\instancias\n_1000_5,500,20,10,5,0.1000,123,9999251790,9999242930,62,1888
docs\inst_test\instancias\n_1000_5,500,20,7,20,0.3000,2026,9999245335,9999239334,72,1888
docs\inst_test\instancias\n_1000_5,500,20,10,5,0.2000,42,9999251619,9999242724,60,1888
docs\inst_test\instancias\n_1000_5,500,20,10,5,0.1000,42,9999251670,9999242490,86,1888
docs\inst_test\instancias\n_1000_5,500,20,10,5,0.2000,2026,9999251723,9999242588,65,1888
docs\inst_test\instancias\n_1000_5,500,20,10,5,0.3000,2026,9999245335,9999239334,67,1888
docs\inst_test\instancias\n_1000_5,500,20,10,5,0.3000,123,9999245167,9999239325,73,1888
docs\inst_test\instancias\n_1000_5,500,20,10,5,0.2000,123,9999245324,9999239313,88,1888
docs\inst_test\instancias\n_1000_5,500,20,10,5,0.1000,2026,9999251726,9999242716,94,1888
docs\inst_test\instancias\n_1000_5,500,20,10,10,0.1000,123,9999251790,9999242930,62,1888
docs\inst_test\instancias\n_1000_5,500,20,10,5,0.3000,42,9999251530,9999242508,89,1888
docs\inst_test\instancias\n_1000_5,500,20,10,10,0.2000,42,9999251619,9999242724,62,1888
docs\inst_test\instancias\n_1000_5,500,20,10,10,0.2000,123,9999245319,9999239307,60,1888
docs\inst_test\instancias\n_1000_5,500,20,10,10,0.1000,2026,9999251638,9999242702,68,1888
docs\inst_test\instancias\n_1000_5,500,20,10,10,0.1000,42,9999251670,9999242490,79,1888
docs\inst_test\instancias\n_1000_5,500,20,10,10,0.3000,2026,9999245335,9999239334,44,1888
docs\inst_test\instancias\n_1000_5,500,20,10,10,0.3000,42,9999251530,9999242508,64,1888
docs\inst_test\instancias\n_1000_5,500,20,10,10,0.2000,2026,9999251733,9999242669,72,1888
docs\inst_test\instancias\n_1000_5,500,20,10,10,0.3000,123,9999245197,9999239289,79,1888
docs\inst_test\instancias\n_1000_5,500,20,10,20,0.3000,42,9999251530,9999242508,45,1888
docs\inst_test\instancias\n_1000_5,500,20,10,20,0.1000,123,9999251790,9999242930,70,1888
docs\inst_test\instancias\n_1000_5,500,20,10,20,0.2000,123,9999245304,9999239283,52,1888
docs\inst_test\instancias\n_1000_5,500,20,10,20,0.1000,42,9999251614,9999242439,78,1888
docs\inst_test\instancias\n_1000_5,500,20,10,20,0.2000,2026,9999251733,9999242669,58,1888
docs\inst_test\instancias\n_1000_5,500,20,10,20,0.2000,42,9999251619,9999242724,64,1888
docs\inst_test\instancias\n_1000_5,500,20,10,20,0.1000,2026,9999251638,9999242702,77,1888
docs\inst_test\instancias\n_1000_5,500,20,15,5,0.2000,42,9999251619,9999242724,54,1888
docs\inst_test\instancias\n_1000_5,500,20,10,20,0.3000,123,9996122079,9996115351,66,1888
docs\inst_test\instancias\n_1000_5,500,20,10,20,0.3000,2026,9999245335,9999239334,72,1888
docs\inst_test\instancias\n_1000_5,500,20,15,5,0.1000,42,9999251670,9999242490,71,1888
docs\inst_test\instancias\n_1000_5,500,20,15,5,0.1000,2026,9999251726,9999242716,68,1888
docs\inst_test\instancias\n_1000_5,500,20,15,5,0.2000,123,9999245324,9999239313,65,1888
docs\inst_test\instancias\n_1000_5,500,20,15,5,0.1000,123,9999251790,9999242930,85,1888
docs\inst_test\instancias\n_1000_5,500,20,15,5,0.3000,123,9999245167,9999239325,49,1888
docs\inst_test\instancias\n_1000_5,500,20,15,10,0.1000,42,9999251670,9999242490,49,1888
docs\inst_test\instancias\n_1000_5,500,20,15,5,0.2000,2026,9999251723,9999242588,76,1888
docs\inst_test\instancias\n_1000_5,500,20,15,5,0.3000,2026,9999245335,9999239334,65,1888
docs\inst_test\instancias\n_1000_5,500,20,15,10,0.3000,123,9999245197,9999239289,43,1888
docs\inst_test\instancias\n_1000_5,500,20,15,10,0.2000,2026,9999251733,9999242669,56,1888
docs\inst_test\instancias\n_1000_5,500,20,15,10,0.1000,123,9999251790,9999242930,73,1888
docs\inst_test\instancias\n_1000_5,500,20,15,10,0.2000,42,9999251619,9999242724,71,1888
docs\inst_test\instancias\n_1000_5,500,20,15,10,0.1000,2026,9999251638,9999242702,75,1888
docs\inst_test\instancias\n_1000_5,500,20,15,5,0.3000,42,9999251530,9999242508,94,1888
docs\inst_test\instancias\n_1000_5,500,20,15,10,0.2000,123,9999245319,9999239307,69,1888
docs\inst_test\instancias\n_1000_5,500,20,15,10,0.3000,42,9999251530,9999242508,68,1888
docs\inst_test\instancias\n_1000_5,500,20,15,20,0.2000,42,9999251619,9999242724,45,1888
docs\inst_test\instancias\n_1000_5,500,20,15,10,0.3000,2026,9999245335,9999239334,69,1888
docs\inst_test\instancias\n_1000_5,500,20,15,20,0.1000,123,9999251790,9999242930,56,1888
docs\inst_test\instancias\n_1000_5,500,20,15,20,0.1000,42,9999251614,9999242439,69,1888
docs\inst_test\instancias\n_1000_5,500,20,15,20,0.2000,123,9999245304,9999239283,56,1888
docs\inst_test\instancias\n_1000_5,500,20,15,20,0.1000,2026,9999251638,9999242702,62,1888
docs\inst_test\instancias\n_1000_5,500,20,15,20,0.3000,123,9996122079,9996115351,40,1888
docs\inst_test\instancias\n_1000_5,500,20,15,20,0.2000,2026,9999251733,9999242669,58,1888
docs\inst_test\instancias\n_1000_5,500,20,15,20,0.3000,42,9999251530,9999242508,56,1888
docs\inst_test\instancias\n_1000_5,500,20,15,20,0.3000,2026,9999245335,9999239334,48,1888
docs\inst_test\instancias\n_1000_6,100,10,7,5,0.2000,42,9996100340,9996100107,8,1471
docs\inst_test\instancias\n_1000_6,100,10,7,5,0.1000,2026,9996100338,9996100114,8,1471
docs\inst_test\instancias\n_1000_6,100,10,7,5,0.1000,42,9996100338,9996100114,8,1471
docs\inst_test\instancias\n_1000_6,100,10,7,10,0.3000,42,9996100342,9996100137,9,1471
docs\inst_test\instancias\n_1000_6,100,10,7,10,0.2000,2026,9996100338,9996100114,8,1471
docs\inst_test\instancias\n_1000_6,100,10,7,5,0.2000,2026,9996100338,9996100114,10,1471
docs\inst_test\instancias\n_1000_6,100,10,7,5,0.3000,123,9996100338,9996100114,12,1471
docs\inst_test\instancias\n_1000_6,100,10,7,10,0.1000,42,9996100338,9996100114,11,1471
docs\inst_test\instancias\n_1000_6,100,10,7,10,0.2000,42,9996100340,9996100107,13,1471
docs\inst_test\instancias\n_1000_6,100,10,7,10,0.1000,2026,9996100338,9996100114,15,1471
docs\inst_test\instancias\n_1000_6,100,10,7,5,0.2000,123,9996100338,9996100114,13,1471
docs\inst_test\instancias\n_1000_6,100,10,7,10,0.1000,123,9996100338,9996100114,14,1471
docs\inst_test\instancias\n_1000_6,100,10,7,10,0.2000,123,9996100338,9996100114,14,1471
docs\inst_test\instancias\n_1000_6,100,10,7,5,0.1000,123,9996100338,9996100114,15,1471
docs\inst_test\instancias\n_1000_6,100,10,7,20,0.1000,42,9996100338,9996100114,6,1471
docs\inst_test\instancias\n_1000_6,100,10,7,10,0.3000,123,9996100338,9996100114,8,1471
docs\inst_test\instancias\n_1000_6,100,10,7,5,0.3000,2026,9996100344,9996100131,16,1471
docs\inst_test\instancias\n_1000_6,100,10,7,20,0.1000,2026,9996100338,9996100114,7,1471
docs\inst_test\instancias\n_1000_6,100,10,7,5,0.3000,42,9996100342,9996100137,16,1471
docs\inst_test\instancias\n_1000_6,100,10,7,10,0.3000,2026,9996100338,9996100114,13,1471
docs\inst_test\instancias\n_1000_6,100,10,7,20,0.2000,42,9996100338,9996100114,11,1471
docs\inst_test\instancias\n_1000_6,100,10,7,20,0.1000,123,9996100338,9996100114,12,1471
docs\inst_test\instancias\n_1000_6,100,10,7,20,0.3000,2026,9996100338,9996100114,7,1471
docs\inst_test\instancias\n_1000_6,100,10,7,20,0.2000,123,9996100338,9996100114,11,1471
docs\inst_test\instancias\n_1000_6,100,10,7,20,0.2000,2026,9996100338,9996100114,12,1471
docs\inst_test\instancias\n_1000_6,100,10,10,5,0.2000,123,9996100338,9996100114,9,1471
docs\inst_test\instancias\n_1000_6,100,10,10,5,0.3000,42,9996100342,9996100137,9,1471
docs\inst_test\instancias\n_1000_6,100,10,10,5,0.2000,42,9996100340,9996100107,11,1471
docs\inst_test\instancias\n_1000_6,100,10,10,5,0.3000,123,9996100338,9996100114,9,1471
docs\inst_test\instancias\n_1000_6,100,10,7,20,0.3000,42,9996100338,9996100114,12,1471
docs\inst_test\instancias\n_1000_6,100,10,7,20,0.3000,123,9996100338,9996100114,14,1471
docs\inst_test\instancias\n_1000_6,100,10,10,10,0.1000,42,9996100338,9996100114,8,1471
docs\inst_test\instancias\n_1000_6,100,10,10,10,0.1000,2026,9996100338,9996100114,7,1471
docs\inst_test\instancias\n_1000_6,100,10,10,5,0.1000,42,9996100338,9996100114,16,1471
docs\inst_test\instancias\n_1000_6,100,10,10,5,0.1000,123,9996100338,9996100114,16,1471
docs\inst_test\instancias\n_1000_6,100,10,10,5,0.2000,2026,9996100338,9996100114,14,1471
docs\inst_test\instancias\n_1000_6,100,10,10,5,0.1000,2026,9996100338,9996100114,17,1471
docs\inst_test\instancias\n_1000_6,100,10,10,10,0.2000,2026,9996100338,9996100114,7,1471
docs\inst_test\instancias\n_1000_6,100,10,10,10,0.3000,42,9996100342,9996100137,7,1471
docs\inst_test\instancias\n_1000_6,100,10,10,10,0.3000,2026,9996100338,9996100114,7,1471
docs\inst_test\instancias\n_1000_6,100,10,10,10,0.1000,123,9996100338,9996100114,13,1471
docs\inst_test\instancias\n_1000_6,100,10,10,20,0.1000,2026,9996100338,9996100114,6,1471
docs\inst_test\instancias\n_1000_6,100,10,10,20,0.2000,42,9996100338,9996100114,7,1471
docs\inst_test\instancias\n_1000_6,100,10,10,10,0.2000,42,9996100340,9996100107,14,1471
docs\inst_test\instancias\n_1000_6,100,10,10,5,0.3000,2026,9996100344,9996100131,16,1471
docs\inst_test\instancias\n_1000_6,100,10,10,10,0.2000,123,9996100338,9996100114,14,1471
docs\inst_test\instancias\n_1000_6,100,10,10,20,0.1000,42,9996100338,9996100114,12,1471
docs\inst_test\instancias\n_1000_6,100,10,10,10,0.3000,123,9996100338,9996100114,13,1471
docs\inst_test\instancias\n_1000_6,100,10,10,20,0.3000,2026,9996100338,9996100114,6,1471
docs\inst_test\instancias\n_1000_6,100,10,10,20,0.1000,123,9996100338,9996100114,11,1471
docs\inst_test\instancias\n_1000_6,100,10,10,20,0.2000,123,9996100338,9996100114,12,1471
docs\inst_test\instancias\n_1000_6,100,10,10,20,0.2000,2026,9996100338,9996100114,12,1471
docs\inst_test\instancias\n_1000_6,100,10,10,20,0.3000,42,9996100338,9996100114,13,1471
docs\inst_test\instancias\n_1000_6,100,10,15,5,0.2000,42,9996100340,9996100107,9,1471
docs\inst_test\instancias\n_1000_6,100,10,15,5,0.1000,42,9996100338,9996100114,13,1471
docs\inst_test\instancias\n_1000_6,100,10,10,20,0.3000,123,9996100338,9996100114,14,1471
docs\inst_test\instancias\n_1000_6,100,10,15,10,0.1000,42,9996100338,9996100114,6,1471
docs\inst_test\instancias\n_1000_6,100,10,15,10,0.1000,123,9996100338,9996100114,8,1471
docs\inst_test\instancias\n_1000_6,100,10,15,5,0.3000,42,9996100342,9996100137,10,1471
docs\inst_test\instancias\n_1000_6,100,10,15,5,0.3000,2026,9996100344,9996100131,10,1471
docs\inst_test\instancias\n_1000_6,100,10,15,5,0.1000,123,9996100338,9996100114,14,1471
docs\inst_test\instancias\n_1000_6,100,10,15,10,0.1000,2026,9996100338,9996100114,9,1471
docs\inst_test\instancias\n_1000_6,100,10,15,5,0.2000,123,9996100338,9996100114,12,1471
docs\inst_test\instancias\n_1000_6,100,10,15,5,0.1000,2026,9996100338,9996100114,16,1471
docs\inst_test\instancias\n_1000_6,100,10,15,10,0.3000,42,9996100342,9996100137,7,1471
docs\inst_test\instancias\n_1000_6,100,10,15,20,0.1000,42,9996100338,9996100114,7,1471
docs\inst_test\instancias\n_1000_6,100,10,15,20,0.1000,123,9996100338,9996100114,7,1471
docs\inst_test\instancias\n_1000_6,100,10,15,5,0.3000,123,9996100338,9996100114,16,1471
docs\inst_test\instancias\n_1000_6,100,10,15,5,0.2000,2026,9996100338,9996100114,18,1471
docs\inst_test\instancias\n_1000_6,100,10,15,10,0.2000,2026,9996100338,9996100114,12,1471
docs\inst_test\instancias\n_1000_6,100,10,15,20,0.3000,42,9996100338,9996100114,7,1471
docs\inst_test\instancias\n_1000_6,100,10,15,10,0.2000,42,9996100340,9996100107,13,1471
docs\inst_test\instancias\n_1000_6,100,10,15,10,0.3000,123,9996100338,9996100114,11,1471
docs\inst_test\instancias\n_1000_6,100,10,15,10,0.2000,123,9996100338,9996100114,14,1471
docs\inst_test\instancias\n_1000_6,100,10,15,20,0.2000,123,9996100338,9996100114,10,1471
docs\inst_test\instancias\n_1000_6,100,10,15,10,0.3000,2026,9996100338,9996100114,13,1471
docs\inst_test\instancias\n_1000_6,100,10,15,20,0.2000,42,9996100338,9996100114,12,1471
docs\inst_test\instancias\n_1000_6,100,10,15,20,0.1000,2026,9996100338,9996100114,15,1471
docs\inst_test\instancias\n_1000_6,100,15,7,5,0.1000,42,9996100338,9996100114,9,1471
docs\inst_test\instancias\n_1000_6,100,15,7,5,0.1000,123,9996100338,9996100114,8,1471
docs\inst_test\instancias\n_1000_6,100,10,15,20,0.3000,123,9996100338,9996100114,12,1471
docs\inst_test\instancias\n_1000_6,100,10,15,20,0.2000,2026,9996100338,9996100114,14,1471
docs\inst_test\instancias\n_1000_6,100,15,7,5,0.2000,123,9996100338,9996100114,8,1471
docs\inst_test\instancias\n_1000_6,100,10,15,20,0.3000,2026,9996100338,9996100114,11,1471
docs\inst_test\instancias\n_1000_6,100,15,7,5,0.2000,2026,9996100338,9996100114,8,1471
docs\inst_test\instancias\n_1000_6,100,15,7,10,0.1000,42,9996100338,9996100114,7,1471
docs\inst_test\instancias\n_1000_6,100,15,7,5,0.2000,42,9996100340,9996100107,15,1471
docs\inst_test\instancias\n_1000_6,100,15,7,10,0.2000,123,9996100338,9996100114,7,1471
docs\inst_test\instancias\n_1000_6,100,15,7,5,0.1000,2026,9996100338,9996100114,16,1471
docs\inst_test\instancias\n_1000_6,100,15,7,10,0.2000,2026,9996100338,9996100114,7,1471
docs\inst_test\instancias\n_1000_6,100,15,7,5,0.3000,42,9996100342,9996100137,15,1471
docs\inst_test\instancias\n_1000_6,100,15,7,5,0.3000,2026,9996100344,9996100131,13,1471
docs\inst_test\instancias\n_1000_6,100,15,7,10,0.3000,2026,9996100338,9996100114,7,1471
docs\inst_test\instancias\n_1000_6,100,15,7,5,0.3000,123,9996100338,9996100114,15,1471
docs\inst_test\instancias\n_1000_6,100,15,7,10,0.1000,123,9996100338,9996100114,15,1471
docs\inst_test\instancias\n_1000_6,100,15,7,20,0.1000,123,9996100338,9996100114,9,1471
docs\inst_test\instancias\n_1000_6,100,15,7,10,0.1000,2026,9996100338,9996100114,13,1471
docs\inst_test\instancias\n_1000_6,100,15,7,10,0.3000,42,9996100342,9996100137,10,1471
docs\inst_test\instancias\n_1000_6,100,15,7,20,0.1000,2026,9996100338,9996100114,8,1471
docs\inst_test\instancias\n_1000_6,100,15,7,20,0.2000,123,9996100338,9996100114,7,1471
docs\inst_test\instancias\n_1000_6,100,15,7,20,0.3000,42,9996100338,9996100114,7,1471
docs\inst_test\instancias\n_1000_6,100,15,7,20,0.1000,42,9996100338,9996100114,13,1471
docs\inst_test\instancias\n_1000_6,100,15,7,20,0.3000,2026,9996100338,9996100114,8,1471
docs\inst_test\instancias\n_1000_6,100,15,7,10,0.2000,42,9996100340,9996100107,16,1471
docs\inst_test\instancias\n_1000_6,100,15,7,10,0.3000,123,9996100338,9996100114,16,1471
docs\inst_test\instancias\n_1000_6,100,15,10,5,0.1000,42,9996100338,9996100114,10,1471
docs\inst_test\instancias\n_1000_6,100,15,7,20,0.2000,2026,9996100338,9996100114,13,1471
docs\inst_test\instancias\n_1000_6,100,15,10,5,0.3000,42,9996100342,9996100137,9,1471
docs\inst_test\instancias\n_1000_6,100,15,7,20,0.3000,123,9996100338,9996100114,13,1471
docs\inst_test\instancias\n_1000_6,100,15,7,20,0.2000,42,9996100338,9996100114,14,1471
docs\inst_test\instancias\n_1000_6,100,15,10,5,0.3000,123,9996100338,9996100114,9,1471
docs\inst_test\instancias\n_1000_6,100,15,10,5,0.3000,2026,9996100344,9996100131,8,1471
docs\inst_test\instancias\n_1000_6,100,15,10,5,0.1000,2026,9996100338,9996100114,12,1471
docs\inst_test\instancias\n_1000_6,100,15,10,10,0.1000,123,9996100338,9996100114,8,1471
docs\inst_test\instancias\n_1000_6,100,15,10,5,0.2000,2026,9996100338,9996100114,13,1471
docs\inst_test\instancias\n_1000_6,100,15,10,5,0.2000,42,9996100340,9996100107,13,1471
docs\inst_test\instancias\n_1000_6,100,15,10,5,0.1000,123,9996100338,9996100114,16,1471
docs\inst_test\instancias\n_1000_6,100,15,10,5,0.2000,123,9996100338,9996100114,15,1471
docs\inst_test\instancias\n_1000_6,100,15,10,10,0.1000,2026,9996100338,9996100114,10,1471
docs\inst_test\instancias\n_1000_6,100,15,10,10,0.1000,42,9996100338,9996100114,15,1471
docs\inst_test\instancias\n_1000_6,100,15,10,20,0.1000,42,9996100338,9996100114,6,1471
docs\inst_test\instancias\n_1000_6,100,15,10,20,0.1000,123,9996100338,9996100114,7,1471
docs\inst_test\instancias\n_1000_6,100,15,10,20,0.2000,2026,9996100338,9996100114,7,1471
docs\inst_test\instancias\n_1000_6,100,15,10,10,0.3000,42,9996100342,9996100137,11,1471
docs\inst_test\instancias\n_1000_6,100,15,10,10,0.3000,2026,9996100338,9996100114,12,1471
docs\inst_test\instancias\n_1000_6,100,15,10,10,0.2000,42,9996100340,9996100107,16,1471
docs\inst_test\instancias\n_1000_6,100,15,10,10,0.2000,123,9996100338,9996100114,14,1471
docs\inst_test\instancias\n_1000_6,100,15,10,10,0.2000,2026,9996100338,9996100114,14,1471
docs\inst_test\instancias\n_1000_6,100,15,10,10,0.3000,123,9996100338,9996100114,13,1471
docs\inst_test\instancias\n_1000_6,100,15,10,20,0.1000,2026,9996100338,9996100114,13,1471
docs\inst_test\instancias\n_1000_6,100,15,10,20,0.2000,123,9996100338,9996100114,12,1471
docs\inst_test\instancias\n_1000_6,100,15,10,20,0.2000,42,9996100338,9996100114,13,1471
docs\inst_test\instancias\n_1000_6,100,15,10,20,0.3000,42,9996100338,9996100114,13,1471
docs\inst_test\instancias\n_1000_6,100,15,15,5,0.1000,2026,9996100338,9996100114,8,1471
docs\inst_test\instancias\n_1000_6,100,15,15,5,0.1000,123,9996100338,9996100114,9,1471
docs\inst_test\instancias\n_1000_6,100,15,10,20,0.3000,123,9996100338,9996100114,12,1471
docs\inst_test\instancias\n_1000_6,100,15,10,20,0.3000,2026,9996100338,9996100114,13,1471
docs\inst_test\instancias\n_1000_6,100,15,15,5,0.2000,42,9996100340,9996100107,8,1471
docs\inst_test\instancias\n_1000_6,100,15,15,10,0.1000,123,9996100338,9996100114,8,1471
docs\inst_test\instancias\n_1000_6,100,15,15,5,0.2000,2026,9996100338,9996100114,11,1471
docs\inst_test\instancias\n_1000_6,100,15,15,5,0.3000,42,9996100342,9996100137,11,1471
docs\inst_test\instancias\n_1000_6,100,15,15,5,0.1000,42,9996100338,9996100114,16,1471
docs\inst_test\instancias\n_1000_6,100,15,15,10,0.2000,2026,9996100338,9996100114,7,1471
docs\inst_test\instancias\n_1000_6,100,15,15,20,0.1000,42,9996100338,9996100114,7,1471
docs\inst_test\instancias\n_1000_6,100,15,15,5,0.2000,123,9996100338,9996100114,16,1471
docs\inst_test\instancias\n_1000_6,100,15,15,10,0.1000,42,9996100338,9996100114,13,1471
docs\inst_test\instancias\n_1000_6,100,15,15,5,0.3000,123,9996100338,9996100114,17,1471
docs\inst_test\instancias\n_1000_6,100,15,15,5,0.3000,2026,9996100344,9996100131,16,1471
docs\inst_test\instancias\n_1000_6,100,15,15,10,0.1000,2026,9996100338,9996100114,13,1471
docs\inst_test\instancias\n_1000_6,100,15,15,10,0.2000,42,9996100340,9996100107,14,1471
docs\inst_test\instancias\n_1000_6,100,15,15,20,0.1000,123,9996100338,9996100114,7,1471
docs\inst_test\instancias\n_1000_6,100,15,15,20,0.2000,42,9996100338,9996100114,7,1471
docs\inst_test\instancias\n_1000_6,100,15,15,10,0.3000,42,9996100342,9996100137,13,1471
docs\inst_test\instancias\n_1000_6,100,15,15,10,0.3000,123,9996100338,9996100114,14,1471
docs\inst_test\instancias\n_1000_6,100,15,15,10,0.2000,123,9996100338,9996100114,14,1471
docs\inst_test\instancias\n_1000_6,100,15,15,10,0.3000,2026,9996100338,9996100114,13,1471
docs\inst_test\instancias\n_1000_6,100,15,15,20,0.2000,2026,9996100338,9996100114,6,1471
docs\inst_test\instancias\n_1000_6,100,15,15,20,0.2000,123,9996100338,9996100114,9,1471
docs\inst_test\instancias\n_1000_6,100,15,15,20,0.1000,2026,9996100338,9996100114,12,1471
docs\inst_test\instancias\n_1000_6,100,15,15,20,0.3000,42,9996100338,9996100114,11,1471
docs\inst_test\instancias\n_1000_6,100,20,7,5,0.2000,123,9996100338,9996100114,8,1471
docs\inst_test\instancias\n_1000_6,100,15,15,20,0.3000,2026,9996100338,9996100114,13,1471
docs\inst_test\instancias\n_1000_6,100,20,7,5,0.1000,42,9996100338,9996100114,10,1471
docs\inst_test\instancias\n_1000_6,100,20,7,10,0.1000,123,9996100338,9996100114,8,1471
docs\inst_test\instancias\n_1000_6,100,20,7,5,0.2000,2026,9996100338,9996100114,9,1471
docs\inst_test\instancias\n_1000_6,100,15,15,20,0.3000,123,9996100338,9996100114,14,1471
docs\inst_test\instancias\n_1000_6,100,20,7,10,0.1000,2026,9996100338,9996100114,7,1471
docs\inst_test\instancias\n_1000_6,100,20,7,5,0.1000,2026,9996100338,9996100114,15,1471
docs\inst_test\instancias\n_1000_6,100,20,7,5,0.1000,123,9996100338,9996100114,16,1471
docs\inst_test\instancias\n_1000_6,100,20,7,10,0.1000,42,9996100338,9996100114,13,1471
docs\inst_test\instancias\n_1000_6,100,20,7,5,0.2000,42,9996100340,9996100107,16,1471
docs\inst_test\instancias\n_1000_6,100,20,7,5,0.3000,42,9996100342,9996100137,15,1471
docs\inst_test\instancias\n_1000_6,100,20,7,10,0.2000,2026,9996100338,9996100114,8,1471
docs\inst_test\instancias\n_1000_6,100,20,7,10,0.3000,123,9996100338,9996100114,7,1471
docs\inst_test\instancias\n_1000_6,100,20,7,20,0.1000,42,9996100338,9996100114,7,1471
docs\inst_test\instancias\n_1000_6,100,20,7,5,0.3000,123,9996100338,9996100114,15,1471
docs\inst_test\instancias\n_1000_6,100,20,7,10,0.3000,2026,9996100338,9996100114,7,1471
docs\inst_test\instancias\n_1000_6,100,20,7,20,0.1000,2026,9996100338,9996100114,8,1471
docs\inst_test\instancias\n_1000_6,100,20,7,5,0.3000,2026,9996100344,9996100131,16,1471
docs\inst_test\instancias\n_1000_6,100,20,7,10,0.2000,42,9996100340,9996100107,13,1471
docs\inst_test\instancias\n_1000_6,100,20,7,10,0.2000,123,9996100338,9996100114,13,1471
docs\inst_test\instancias\n_1000_6,100,20,7,10,0.3000,42,9996100342,9996100137,13,1471
docs\inst_test\instancias\n_1000_6,100,20,7,20,0.3000,42,9996100338,9996100114,8,1471
docs\inst_test\instancias\n_1000_6,100,20,7,20,0.1000,123,9996100338,9996100114,14,1471
docs\inst_test\instancias\n_1000_6,100,20,10,5,0.1000,42,9996100338,9996100114,8,1471
docs\inst_test\instancias\n_1000_6,100,20,10,5,0.2000,42,9996100340,9996100107,8,1471
docs\inst_test\instancias\n_1000_6,100,20,10,5,0.2000,123,9996100338,9996100114,8,1471
docs\inst_test\instancias\n_1000_6,100,20,7,20,0.2000,42,9996100338,9996100114,12,1471
docs\inst_test\instancias\n_1000_6,100,20,7,20,0.2000,2026,9996100338,9996100114,12,1471
docs\inst_test\instancias\n_1000_6,100,20,7,20,0.3000,2026,9996100338,9996100114,11,1471
docs\inst_test\instancias\n_1000_6,100,20,7,20,0.3000,123,9996100338,9996100114,12,1471
docs\inst_test\instancias\n_1000_6,100,20,7,20,0.2000,123,9996100338,9996100114,14,1471
docs\inst_test\instancias\n_1000_6,100,20,10,5,0.1000,123,9996100338,9996100114,14,1471
docs\inst_test\instancias\n_1000_6,100,20,10,10,0.1000,42,9996100338,9996100114,8,1471
docs\inst_test\instancias\n_1000_6,100,20,10,5,0.1000,2026,9996100338,9996100114,15,1471
docs\inst_test\instancias\n_1000_6,100,20,10,10,0.2000,42,9996100340,9996100107,8,1471
docs\inst_test\instancias\n_1000_6,100,20,10,5,0.2000,2026,9996100338,9996100114,15,1471
docs\inst_test\instancias\n_1000_6,100,20,10,5,0.3000,42,9996100342,9996100137,15,1471
docs\inst_test\instancias\n_1000_6,100,20,10,10,0.1000,2026,9996100338,9996100114,8,1471
docs\inst_test\instancias\n_1000_6,100,20,10,10,0.2000,123,9996100338,9996100114,8,1471
docs\inst_test\instancias\n_1000_6,100,20,10,5,0.3000,123,9996100338,9996100114,15,1471
docs\inst_test\instancias\n_1000_6,100,20,10,5,0.3000,2026,9996100344,9996100131,15,1471
docs\inst_test\instancias\n_1000_6,100,20,10,10,0.3000,2026,9996100338,9996100114,10,1471
docs\inst_test\instancias\n_1000_6,100,20,10,20,0.1000,2026,9996100338,9996100114,7,1471
docs\inst_test\instancias\n_1000_6,100,20,10,10,0.1000,123,9996100338,9996100114,15,1471
docs\inst_test\instancias\n_1000_6,100,20,10,20,0.2000,123,9996100338,9996100114,7,1471
docs\inst_test\instancias\n_1000_6,100,20,10,10,0.2000,2026,9996100338,9996100114,14,1471
docs\inst_test\instancias\n_1000_6,100,20,10,20,0.3000,42,9996100338,9996100114,7,1471
docs\inst_test\instancias\n_1000_6,100,20,10,10,0.3000,42,9996100342,9996100137,14,1471
docs\inst_test\instancias\n_1000_6,100,20,10,20,0.3000,2026,9996100338,9996100114,7,1471
docs\inst_test\instancias\n_1000_6,100,20,10,20,0.1000,123,9996100338,9996100114,12,1471
docs\inst_test\instancias\n_1000_6,100,20,10,10,0.3000,123,9996100338,9996100114,15,1471
docs\inst_test\instancias\n_1000_6,100,20,10,20,0.1000,42,9996100338,9996100114,14,1471
docs\inst_test\instancias\n_1000_6,100,20,10,20,0.2000,42,9996100338,9996100114,12,1471
docs\inst_test\instancias\n_1000_6,100,20,10,20,0.2000,2026,9996100338,9996100114,13,1471
docs\inst_test\instancias\n_1000_6,100,20,10,20,0.3000,123,9996100338,9996100114,13,1471
docs\inst_test\instancias\n_1000_6,100,20,15,5,0.1000,2026,9996100338,9996100114,9,1471
docs\inst_test\instancias\n_1000_6,100,20,15,5,0.2000,42,9996100340,9996100107,8,1471
docs\inst_test\instancias\n_1000_6,100,20,15,10,0.1000,42,9996100338,9996100114,7,1471
docs\inst_test\instancias\n_1000_6,100,20,15,5,0.2000,2026,9996100338,9996100114,8,1471
docs\inst_test\instancias\n_1000_6,100,20,15,5,0.3000,123,9996100338,9996100114,9,1471
docs\inst_test\instancias\n_1000_6,100,20,15,5,0.1000,123,9996100338,9996100114,14,1471
docs\inst_test\instancias\n_1000_6,100,20,15,5,0.1000,42,9996100338,9996100114,17,1471
docs\inst_test\instancias\n_1000_6,100,20,15,5,0.3000,42,9996100342,9996100137,13,1471
docs\inst_test\instancias\n_1000_6,100,20,15,10,0.3000,123,9996100338,9996100114,7,1471
docs\inst_test\instancias\n_1000_6,100,20,15,10,0.3000,2026,9996100338,9996100114,7,1471
docs\inst_test\instancias\n_1000_6,100,20,15,20,0.1000,42,9996100338,9996100114,6,1471
docs\inst_test\instancias\n_1000_6,100,20,15,20,0.1000,123,9996100338,9996100114,7,1471
docs\inst_test\instancias\n_1000_6,100,20,15,5,0.2000,123,9996100338,9996100114,16,1471
docs\inst_test\instancias\n_1000_6,100,20,15,10,0.1000,123,9996100338,9996100114,13,1471
docs\inst_test\instancias\n_1000_6,100,20,15,5,0.3000,2026,9996100344,9996100131,15,1471
docs\inst_test\instancias\n_1000_6,100,20,15,20,0.2000,42,9996100338,9996100114,7,1471
docs\inst_test\instancias\n_1000_6,100,20,15,10,0.2000,123,9996100338,9996100114,13,1471
docs\inst_test\instancias\n_1000_6,100,20,15,20,0.2000,2026,9996100338,9996100114,6,1471
docs\inst_test\instancias\n_1000_6,100,20,15,10,0.2000,2026,9996100338,9996100114,13,1471
docs\inst_test\instancias\n_1000_6,100,20,15,10,0.3000,42,9996100342,9996100137,13,1471
docs\inst_test\instancias\n_1000_6,100,20,15,10,0.1000,2026,9996100338,9996100114,16,1471
docs\inst_test\instancias\n_1000_6,100,20,15,10,0.2000,42,9996100340,9996100107,17,1471
docs\inst_test\instancias\n_1000_6,100,20,15,20,0.3000,42,9996100338,9996100114,6,1471
docs\inst_test\instancias\n_1000_6,100,20,15,20,0.3000,123,9996100338,9996100114,6,1471
docs\inst_test\instancias\n_1000_6,100,20,15,20,0.3000,2026,9996100338,9996100114,7,1471
docs\inst_test\instancias\n_1000_6,100,20,15,20,0.2000,123,9996100338,9996100114,15,1471
docs\inst_test\instancias\n_1000_6,100,20,15,20,0.1000,2026,9996100338,9996100114,17,1471
docs\inst_test\instancias\n_1000_6,300,10,7,5,0.1000,42,9996100340,9996100161,26,1471
docs\inst_test\instancias\n_1000_6,300,10,7,10,0.2000,123,9996100344,9996100077,22,1471
docs\inst_test\instancias\n_1000_6,300,10,7,5,0.2000,123,9996100344,9996100077,30,1471
docs\inst_test\instancias\n_1000_6,300,10,7,5,0.3000,123,9996100344,9996100077,29,1471
docs\inst_test\instancias\n_1000_6,300,10,7,5,0.3000,42,9996100342,9996100137,31,1471
docs\inst_test\instancias\n_1000_6,300,10,7,10,0.1000,2026,9996100340,9996100161,30,1471
docs\inst_test\instancias\n_1000_6,300,10,7,10,0.2000,2026,9996100340,9996100107,32,1471
docs\inst_test\instancias\n_1000_6,300,10,7,5,0.1000,2026,9996100340,9996100161,44,1471
docs\inst_test\instancias\n_1000_6,300,10,7,10,0.2000,42,9996100341,9996100155,39,1471
docs\inst_test\instancias\n_1000_6,300,10,7,5,0.2000,42,9996100342,9996100137,46,1471
docs\inst_test\instancias\n_1000_6,300,10,7,5,0.1000,123,9996100344,9996100077,46,1471
docs\inst_test\instancias\n_1000_6,300,10,7,5,0.2000,2026,9996100340,9996100107,46,1471
docs\inst_test\instancias\n_1000_6,300,10,7,10,0.1000,123,9996100344,9996100077,45,1471
docs\inst_test\instancias\n_1000_6,300,10,7,10,0.3000,2026,9996100344,9996100131,22,1471
docs\inst_test\instancias\n_1000_6,300,10,7,5,0.3000,2026,9996100344,9996100131,48,1471
docs\inst_test\instancias\n_1000_6,300,10,7,10,0.1000,42,9996100340,9996100161,49,1471
docs\inst_test\instancias\n_1000_6,300,10,7,20,0.2000,42,9996100341,9996100155,20,1471
docs\inst_test\instancias\n_1000_6,300,10,7,10,0.3000,42,9996100342,9996100137,49,1471
docs\inst_test\instancias\n_1000_6,300,10,7,10,0.3000,123,9996100344,9996100077,34,1471
docs\inst_test\instancias\n_1000_6,300,10,7,20,0.1000,123,9996100338,9996100114,33,1471
docs\inst_test\instancias\n_1000_6,300,10,7,20,0.2000,2026,9996100338,9996100114,22,1471
docs\inst_test\instancias\n_1000_6,300,10,7,20,0.1000,42,9996100338,9996100114,38,1471
docs\inst_test\instancias\n_1000_6,300,10,7,20,0.1000,2026,9996100338,9996100114,38,1471
docs\inst_test\instancias\n_1000_6,300,10,7,20,0.2000,123,9996100338,9996100114,32,1471
docs\inst_test\instancias\n_1000_6,300,10,7,20,0.3000,2026,9996100344,9996100131,32,1471
docs\inst_test\instancias\n_1000_6,300,10,10,5,0.1000,2026,9996100340,9996100161,30,1471
docs\inst_test\instancias\n_1000_6,300,10,7,20,0.3000,42,9996100342,9996100137,37,1471
docs\inst_test\instancias\n_1000_6,300,10,7,20,0.3000,123,9996100338,9996100114,38,1471
docs\inst_test\instancias\n_1000_6,300,10,10,5,0.2000,123,9996100344,9996100077,31,1471
docs\inst_test\instancias\n_1000_6,300,10,10,10,0.1000,42,9996100340,9996100161,23,1471
docs\inst_test\instancias\n_1000_6,300,10,10,5,0.2000,2026,9996100340,9996100107,38,1471
docs\inst_test\instancias\n_1000_6,300,10,10,5,0.3000,42,9996100342,9996100137,34,1471
docs\inst_test\instancias\n_1000_6,300,10,10,5,0.1000,42,9996100340,9996100161,47,1471
docs\inst_test\instancias\n_1000_6,300,10,10,5,0.1000,123,9996100344,9996100077,45,1471
docs\inst_test\instancias\n_1000_6,300,10,10,5,0.2000,42,9996100342,9996100137,47,1471
docs\inst_test\instancias\n_1000_6,300,10,10,10,0.2000,2026,9996100340,9996100107,25,1471
docs\inst_test\instancias\n_1000_6,300,10,10,10,0.1000,123,9996100344,9996100077,41,1471
docs\inst_test\instancias\n_1000_6,300,10,10,20,0.1000,42,9996100338,9996100114,21,1471
docs\inst_test\instancias\n_1000_6,300,10,10,10,0.2000,123,9996100344,9996100077,34,1471
docs\inst_test\instancias\n_1000_6,300,10,10,5,0.3000,2026,9996100344,9996100131,47,1471
docs\inst_test\instancias\n_1000_6,300,10,10,10,0.1000,2026,9996100340,9996100161,42,1471
docs\inst_test\instancias\n_1000_6,300,10,10,20,0.1000,2026,9996100338,9996100114,21,1471
docs\inst_test\instancias\n_1000_6,300,10,10,5,0.3000,123,9996100344,9996100077,58,1471
docs\inst_test\instancias\n_1000_6,300,10,10,10,0.3000,42,9996100342,9996100137,42,1471
docs\inst_test\instancias\n_1000_6,300,10,10,10,0.3000,123,9996100344,9996100077,41,1471
docs\inst_test\instancias\n_1000_6,300,10,10,10,0.2000,42,9996100341,9996100155,52,1471
docs\inst_test\instancias\n_1000_6,300,10,10,20,0.3000,42,9996100342,9996100137,20,1471
docs\inst_test\instancias\n_1000_6,300,10,10,20,0.1000,123,9996100338,9996100114,38,1471
docs\inst_test\instancias\n_1000_6,300,10,10,20,0.2000,123,9996100338,9996100114,37,1471
docs\inst_test\instancias\n_1000_6,300,10,10,20,0.2000,42,9996100341,9996100155,38,1471
docs\inst_test\instancias\n_1000_6,300,10,10,10,0.3000,2026,9996100344,9996100131,50,1471
docs\inst_test\instancias\n_1000_6,300,10,10,20,0.2000,2026,9996100338,9996100114,38,1471
docs\inst_test\instancias\n_1000_6,300,10,15,5,0.1000,42,9996100340,9996100161,26,1471
docs\inst_test\instancias\n_1000_6,300,10,10,20,0.3000,2026,9996100344,9996100131,31,1471
docs\inst_test\instancias\n_1000_6,300,10,15,5,0.2000,42,9996100342,9996100137,27,1471
docs\inst_test\instancias\n_1000_6,300,10,10,20,0.3000,123,9996100338,9996100114,37,1471
docs\inst_test\instancias\n_1000_6,300,10,15,5,0.2000,123,9996100344,9996100077,33,1471
docs\inst_test\instancias\n_1000_6,300,10,15,5,0.1000,123,9996100344,9996100077,43,1471
docs\inst_test\instancias\n_1000_6,300,10,15,5,0.3000,2026,9996100344,9996100131,34,1471
docs\inst_test\instancias\n_1000_6,300,10,15,5,0.3000,123,9996100344,9996100077,34,1471
docs\inst_test\instancias\n_1000_6,300,10,15,5,0.1000,2026,9996100340,9996100161,47,1471
docs\inst_test\instancias\n_1000_6,300,10,15,10,0.3000,123,9996100344,9996100077,22,1471
docs\inst_test\instancias\n_1000_6,300,10,15,10,0.1000,42,9996100340,9996100161,34,1471
docs\inst_test\instancias\n_1000_6,300,10,15,10,0.2000,2026,9996100340,9996100107,30,1471
docs\inst_test\instancias\n_1000_6,300,10,15,5,0.2000,2026,9996100340,9996100107,48,1471
docs\inst_test\instancias\n_1000_6,300,10,15,5,0.3000,42,9996100342,9996100137,47,1471
docs\inst_test\instancias\n_1000_6,300,10,15,10,0.1000,123,9996100344,9996100077,40,1471
docs\inst_test\instancias\n_1000_6,300,10,15,10,0.1000,2026,9996100340,9996100161,40,1471
docs\inst_test\instancias\n_1000_6,300,10,15,10,0.2000,42,9996100341,9996100155,39,1471
docs\inst_test\instancias\n_1000_6,300,10,15,10,0.2000,123,9996100344,9996100077,39,1471
docs\inst_test\instancias\n_1000_6,300,10,15,10,0.3000,42,9996100342,9996100137,40,1471
docs\inst_test\instancias\n_1000_6,300,10,15,20,0.1000,2026,9996100338,9996100114,21,1471
docs\inst_test\instancias\n_1000_6,300,10,15,20,0.2000,42,9996100341,9996100155,21,1471
docs\inst_test\instancias\n_1000_6,300,10,15,20,0.2000,2026,9996100338,9996100114,21,1471
docs\inst_test\instancias\n_1000_6,300,10,15,10,0.3000,2026,9996100344,9996100131,41,1471
docs\inst_test\instancias\n_1000_6,300,10,15,20,0.1000,42,9996100338,9996100114,38,1471
docs\inst_test\instancias\n_1000_6,300,10,15,20,0.3000,123,9996100338,9996100114,21,1471
docs\inst_test\instancias\n_1000_6,300,10,15,20,0.1000,123,9996100338,9996100114,37,1471
docs\inst_test\instancias\n_1000_6,300,10,15,20,0.2000,123,9996100338,9996100114,39,1471
docs\inst_test\instancias\n_1000_6,300,15,7,5,0.1000,42,9996100340,9996100161,31,1471
docs\inst_test\instancias\n_1000_6,300,15,7,5,0.1000,123,9996100344,9996100077,30,1471
docs\inst_test\instancias\n_1000_6,300,15,7,5,0.3000,123,9996100344,9996100077,26,1471
docs\inst_test\instancias\n_1000_6,300,10,15,20,0.3000,2026,9996100344,9996100131,39,1471
docs\inst_test\instancias\n_1000_6,300,15,7,5,0.2000,123,9996100344,9996100077,36,1471
docs\inst_test\instancias\n_1000_6,300,15,7,5,0.1000,2026,9996100340,9996100161,39,1471
docs\inst_test\instancias\n_1000_6,300,10,15,20,0.3000,42,9996100342,9996100137,49,1471
docs\inst_test\instancias\n_1000_6,300,15,7,5,0.2000,2026,9996100340,9996100107,34,1471
docs\inst_test\instancias\n_1000_6,300,15,7,5,0.3000,42,9996100342,9996100137,35,1471
docs\inst_test\instancias\n_1000_6,300,15,7,10,0.1000,2026,9996100340,9996100161,30,1471
docs\inst_test\instancias\n_1000_6,300,15,7,5,0.3000,2026,9996100344,9996100131,34,1471
docs\inst_test\instancias\n_1000_6,300,15,7,5,0.2000,42,9996100342,9996100137,51,1471
docs\inst_test\instancias\n_1000_6,300,15,7,10,0.2000,2026,9996100340,9996100107,22,1471
docs\inst_test\instancias\n_1000_6,300,15,7,10,0.1000,42,9996100340,9996100161,37,1471
docs\inst_test\instancias\n_1000_6,300,15,7,10,0.3000,123,9996100344,9996100077,23,1471
docs\inst_test\instancias\n_1000_6,300,15,7,10,0.1000,123,9996100344,9996100077,45,1471
docs\inst_test\instancias\n_1000_6,300,15,7,10,0.3000,2026,9996100344,9996100131,23,1471
docs\inst_test\instancias\n_1000_6,300,15,7,20,0.1000,2026,9996100338,9996100114,23,1471
docs\inst_test\instancias\n_1000_6,300,15,7,10,0.2000,123,9996100344,9996100077,36,1471
docs\inst_test\instancias\n_1000_6,300,15,7,10,0.2000,42,9996100341,9996100155,49,1471
docs\inst_test\instancias\n_1000_6,300,15,7,20,0.2000,2026,9996100338,9996100114,22,1471
docs\inst_test\instancias\n_1000_6,300,15,7,10,0.3000,42,9996100342,9996100137,40,1471
docs\inst_test\instancias\n_1000_6,300,15,7,20,0.3000,2026,9996100344,9996100131,21,1471
docs\inst_test\instancias\n_1000_6,300,15,7,20,0.1000,42,9996100338,9996100114,37,1471
docs\inst_test\instancias\n_1000_6,300,15,7,20,0.2000,42,9996100341,9996100155,35,1471
docs\inst_test\instancias\n_1000_6,300,15,7,20,0.2000,123,9996100338,9996100114,34,1471
docs\inst_test\instancias\n_1000_6,300,15,7,20,0.1000,123,9996100338,9996100114,39,1471
docs\inst_test\instancias\n_1000_6,300,15,7,20,0.3000,42,9996100342,9996100137,38,1471
docs\inst_test\instancias\n_1000_6,300,15,10,5,0.1000,42,9996100340,9996100161,33,1471
docs\inst_test\instancias\n_1000_6,300,15,10,5,0.2000,42,9996100342,9996100137,30,1471
docs\inst_test\instancias\n_1000_6,300,15,10,5,0.3000,123,9996100344,9996100077,27,1471
docs\inst_test\instancias\n_1000_6,300,15,7,20,0.3000,123,9996100338,9996100114,46,1471
docs\inst_test\instancias\n_1000_6,300,15,10,10,0.1000,42,9996100340,9996100161,28,1471
docs\inst_test\instancias\n_1000_6,300,15,10,5,0.3000,42,9996100342,9996100137,35,1471
docs\inst_test\instancias\n_1000_6,300,15,10,10,0.1000,123,9996100344,9996100077,28,1471
docs\inst_test\instancias\n_1000_6,300,15,10,5,0.2000,2026,9996100340,9996100107,41,1471
docs\inst_test\instancias\n_1000_6,300,15,10,5,0.1000,2026,9996100340,9996100161,45,1471
docs\inst_test\instancias\n_1000_6,300,15,10,5,0.1000,123,9996100344,9996100077,47,1471
docs\inst_test\instancias\n_1000_6,300,15,10,5,0.2000,123,9996100344,9996100077,43,1471
docs\inst_test\instancias\n_1000_6,300,15,10,10,0.1000,2026,9996100340,9996100161,33,1471
docs\inst_test\instancias\n_1000_6,300,15,10,10,0.3000,42,9996100342,9996100137,28,1471
docs\inst_test\instancias\n_1000_6,300,15,10,10,0.3000,123,9996100344,9996100077,23,1471
docs\inst_test\instancias\n_1000_6,300,15,10,5,0.3000,2026,9996100344,9996100131,47,1471
docs\inst_test\instancias\n_1000_6,300,15,10,10,0.3000,2026,9996100344,9996100131,23,1471
docs\inst_test\instancias\n_1000_6,300,15,10,10,0.2000,123,9996100344,9996100077,43,1471
docs\inst_test\instancias\n_1000_6,300,15,10,20,0.1000,123,9996100338,9996100114,22,1471
docs\inst_test\instancias\n_1000_6,300,15,10,10,0.2000,2026,9996100340,9996100107,40,1471
docs\inst_test\instancias\n_1000_6,300,15,10,10,0.2000,42,9996100341,9996100155,47,1471
docs\inst_test\instancias\n_1000_6,300,15,10,20,0.3000,2026,9996100344,9996100131,21,1471
docs\inst_test\instancias\n_1000_6,300,15,10,20,0.2000,42,9996100341,9996100155,28,1471
docs\inst_test\instancias\n_1000_6,300,15,10,20,0.1000,42,9996100338,9996100114,39,1471
docs\inst_test\instancias\n_1000_6,300,15,10,20,0.3000,123,9996100338,9996100114,30,1471
docs\inst_test\instancias\n_1000_6,300,15,10,20,0.2000,2026,9996100338,9996100114,37,1471
docs\inst_test\instancias\n_1000_6,300,15,10,20,0.1000,2026,9996100338,9996100114,39,1471
docs\inst_test\instancias\n_1000_6,300,15,10,20,0.3000,42,9996100342,9996100137,37,1471
docs\inst_test\instancias\n_1000_6,300,15,15,5,0.2000,42,9996100342,9996100137,26,1471
docs\inst_test\instancias\n_1000_6,300,15,10,20,0.2000,123,9996100338,9996100114,39,1471
docs\inst_test\instancias\n_1000_6,300,15,15,5,0.2000,2026,9996100340,9996100107,27,1471
docs\inst_test\instancias\n_1000_6,300,15,15,5,0.1000,42,9996100340,9996100161,37,1471
docs\inst_test\instancias\n_1000_6,300,15,15,5,0.1000,123,9996100344,9996100077,42,1471
docs\inst_test\instancias\n_1000_6,300,15,15,5,0.3000,2026,9996100344,9996100131,27,1471
docs\inst_test\instancias\n_1000_6,300,15,15,5,0.1000,2026,9996100340,9996100161,47,1471
docs\inst_test\instancias\n_1000_6,300,15,15,5,0.2000,123,9996100344,9996100077,46,1471
docs\inst_test\instancias\n_1000_6,300,15,15,10,0.3000,42,9996100342,9996100137,23,1471
docs\inst_test\instancias\n_1000_6,300,15,15,5,0.3000,123,9996100344,9996100077,43,1471
docs\inst_test\instancias\n_1000_6,300,15,15,10,0.1000,123,9996100344,9996100077,33,1471
docs\inst_test\instancias\n_1000_6,300,15,15,5,0.3000,42,9996100342,9996100137,49,1471
docs\inst_test\instancias\n_1000_6,300,15,15,10,0.1000,42,9996100340,9996100161,40,1471
docs\inst_test\instancias\n_1000_6,300,15,15,10,0.2000,42,9996100341,9996100155,34,1471
docs\inst_test\instancias\n_1000_6,300,15,15,10,0.1000,2026,9996100340,9996100161,41,1471
docs\inst_test\instancias\n_1000_6,300,15,15,20,0.1000,2026,9996100338,9996100114,21,1471
docs\inst_test\instancias\n_1000_6,300,15,15,10,0.3000,2026,9996100344,9996100131,28,1471
docs\inst_test\instancias\n_1000_6,300,15,15,10,0.3000,123,9996100344,9996100077,34,1471
docs\inst_test\instancias\n_1000_6,300,15,15,10,0.2000,123,9996100344,9996100077,41,1471
docs\inst_test\instancias\n_1000_6,300,15,15,10,0.2000,2026,9996100340,9996100107,42,1471
docs\inst_test\instancias\n_1000_6,300,15,15,20,0.2000,2026,9996100338,9996100114,20,1471
docs\inst_test\instancias\n_1000_6,300,15,15,20,0.1000,123,9996100338,9996100114,37,1471
docs\inst_test\instancias\n_1000_6,300,15,15,20,0.1000,42,9996100338,9996100114,43,1471
docs\inst_test\instancias\n_1000_6,300,15,15,20,0.3000,123,9996100338,9996100114,31,1471
docs\inst_test\instancias\n_1000_6,300,15,15,20,0.3000,2026,9996100344,9996100131,28,1471
docs\inst_test\instancias\n_1000_6,300,15,15,20,0.2000,42,9996100341,9996100155,37,1471
docs\inst_test\instancias\n_1000_6,300,15,15,20,0.3000,42,9996100342,9996100137,33,1471
docs\inst_test\instancias\n_1000_6,300,15,15,20,0.2000,123,9996100338,9996100114,36,1471
docs\inst_test\instancias\n_1000_6,300,20,7,5,0.2000,42,9996100342,9996100137,26,1471
docs\inst_test\instancias\n_1000_6,300,20,7,5,0.2000,2026,9996100340,9996100107,28,1471
docs\inst_test\instancias\n_1000_6,300,20,7,5,0.1000,42,9996100340,9996100161,44,1471
docs\inst_test\instancias\n_1000_6,300,20,7,5,0.3000,123,9996100344,9996100077,36,1471
docs\inst_test\instancias\n_1000_6,300,20,7,10,0.1000,123,9996100344,9996100077,29,1471
docs\inst_test\instancias\n_1000_6,300,20,7,5,0.1000,123,9996100344,9996100077,47,1471
docs\inst_test\instancias\n_1000_6,300,20,7,5,0.3000,2026,9996100344,9996100131,35,1471
docs\inst_test\instancias\n_1000_6,300,20,7,10,0.1000,42,9996100340,9996100161,33,1471
docs\inst_test\instancias\n_1000_6,300,20,7,5,0.2000,123,9996100344,9996100077,47,1471
docs\inst_test\instancias\n_1000_6,300,20,7,10,0.2000,42,9996100341,9996100155,28,1471
docs\inst_test\instancias\n_1000_6,300,20,7,10,0.3000,123,9996100344,9996100077,23,1471
docs\inst_test\instancias\n_1000_6,300,20,7,5,0.1000,2026,9996100340,9996100161,53,1471
docs\inst_test\instancias\n_1000_6,300,20,7,10,0.2000,123,9996100344,9996100077,35,1471
docs\inst_test\instancias\n_1000_6,300,20,7,5,0.3000,42,9996100342,9996100137,52,1471
docs\inst_test\instancias\n_1000_6,300,20,7,20,0.1000,42,9996100338,9996100114,21,1471
docs\inst_test\instancias\n_1000_6,300,20,7,10,0.2000,2026,9996100340,9996100107,40,1471
docs\inst_test\instancias\n_1000_6,300,20,7,20,0.1000,123,9996100338,9996100114,20,1471
docs\inst_test\instancias\n_1000_6,300,20,7,20,0.1000,2026,9996100338,9996100114,20,1471
docs\inst_test\instancias\n_1000_6,300,20,7,10,0.3000,42,9996100342,9996100137,41,1471
docs\inst_test\instancias\n_1000_6,300,20,7,10,0.1000,2026,9996100340,9996100161,43,1471
docs\inst_test\instancias\n_1000_6,300,20,7,20,0.2000,123,9996100338,9996100114,21,1471
docs\inst_test\instancias\n_1000_6,300,20,7,20,0.3000,2026,9996100344,9996100131,21,1471
docs\inst_test\instancias\n_1000_6,300,20,7,10,0.3000,2026,9996100344,9996100131,44,1471
docs\inst_test\instancias\n_1000_6,300,20,7,20,0.2000,42,9996100341,9996100155,38,1471
docs\inst_test\instancias\n_1000_6,300,20,10,5,0.1000,123,9996100344,9996100077,26,1471
docs\inst_test\instancias\n_1000_6,300,20,7,20,0.2000,2026,9996100338,9996100114,37,1471
docs\inst_test\instancias\n_1000_6,300,20,7,20,0.3000,42,9996100342,9996100137,38,1471
docs\inst_test\instancias\n_1000_6,300,20,10,5,0.2000,2026,9996100340,9996100107,26,1471
docs\inst_test\instancias\n_1000_6,300,20,7,20,0.3000,123,9996100338,9996100114,38,1471
docs\inst_test\instancias\n_1000_6,300,20,10,5,0.2000,42,9996100342,9996100137,31,1471
docs\inst_test\instancias\n_1000_6,300,20,10,5,0.3000,42,9996100342,9996100137,26,1471
docs\inst_test\instancias\n_1000_6,300,20,10,10,0.1000,123,9996100344,9996100077,22,1471
docs\inst_test\instancias\n_1000_6,300,20,10,5,0.1000,2026,9996100340,9996100161,39,1471
docs\inst_test\instancias\n_1000_6,300,20,10,10,0.1000,42,9996100340,9996100161,32,1471
docs\inst_test\instancias\n_1000_6,300,20,10,5,0.1000,42,9996100340,9996100161,46,1471
docs\inst_test\instancias\n_1000_6,300,20,10,10,0.1000,2026,9996100340,9996100161,36,1471
docs\inst_test\instancias\n_1000_6,300,20,10,10,0.3000,42,9996100342,9996100137,26,1471
docs\inst_test\instancias\n_1000_6,300,20,10,20,0.1000,123,9996100338,9996100114,21,1471
docs\inst_test\instancias\n_1000_6,300,20,10,10,0.3000,123,9996100344,9996100077,23,1471
docs\inst_test\instancias\n_1000_6,300,20,10,5,0.3000,123,9996100344,9996100077,48,1471
docs\inst_test\instancias\n_1000_6,300,20,10,10,0.2000,123,9996100344,9996100077,31,1471
docs\inst_test\instancias\n_1000_6,300,20,10,20,0.1000,2026,9996100338,9996100114,21,1471
docs\inst_test\instancias\n_1000_6,300,20,10,5,0.2000,123,9996100344,9996100077,54,1471
docs\inst_test\instancias\n_1000_6,300,20,10,20,0.2000,42,9996100341,9996100155,21,1471
docs\inst_test\instancias\n_1000_6,300,20,10,5,0.3000,2026,9996100344,9996100131,52,1471
docs\inst_test\instancias\n_1000_6,300,20,10,10,0.2000,2026,9996100340,9996100107,33,1471
docs\inst_test\instancias\n_1000_6,300,20,10,10,0.2000,42,9996100341,9996100155,40,1471
docs\inst_test\instancias\n_1000_6,300,20,10,20,0.2000,2026,9996100338,9996100114,26,1471
docs\inst_test\instancias\n_1000_6,300,20,10,20,0.3000,2026,9996100344,9996100131,20,1471
docs\inst_test\instancias\n_1000_6,300,20,10,20,0.3000,123,9996100338,9996100114,21,1471
docs\inst_test\instancias\n_1000_6,300,20,10,20,0.2000,123,9996100338,9996100114,35,1471
docs\inst_test\instancias\n_1000_6,300,20,10,10,0.3000,2026,9996100344,9996100131,48,1471
docs\inst_test\instancias\n_1000_6,300,20,15,5,0.1000,42,9996100340,9996100161,26,1471
docs\inst_test\instancias\n_1000_6,300,20,10,20,0.1000,42,9996100338,9996100114,51,1471
docs\inst_test\instancias\n_1000_6,300,20,15,5,0.2000,42,9996100342,9996100137,27,1471
docs\inst_test\instancias\n_1000_6,300,20,15,5,0.2000,2026,9996100340,9996100107,27,1471
docs\inst_test\instancias\n_1000_6,300,20,10,20,0.3000,42,9996100342,9996100137,39,1471
docs\inst_test\instancias\n_1000_6,300,20,15,10,0.1000,123,9996100344,9996100077,23,1471
docs\inst_test\instancias\n_1000_6,300,20,15,10,0.1000,2026,9996100340,9996100161,22,1471
docs\inst_test\instancias\n_1000_6,300,20,15,10,0.2000,42,9996100341,9996100155,24,1471
docs\inst_test\instancias\n_1000_6,300,20,15,5,0.2000,123,9996100344,9996100077,42,1471
docs\inst_test\instancias\n_1000_6,300,20,15,5,0.1000,123,9996100344,9996100077,46,1471
docs\inst_test\instancias\n_1000_6,300,20,15,10,0.2000,2026,9996100340,9996100107,22,1471
docs\inst_test\instancias\n_1000_6,300,20,15,5,0.1000,2026,9996100340,9996100161,48,1471
docs\inst_test\instancias\n_1000_6,300,20,15,10,0.1000,42,9996100340,9996100161,39,1471
docs\inst_test\instancias\n_1000_6,300,20,15,5,0.3000,123,9996100344,9996100077,47,1471
docs\inst_test\instancias\n_1000_6,300,20,15,10,0.3000,123,9996100344,9996100077,22,1471
docs\inst_test\instancias\n_1000_6,300,20,15,5,0.3000,2026,9996100344,9996100131,48,1471
docs\inst_test\instancias\n_1000_6,300,20,15,20,0.1000,42,9996100338,9996100114,25,1471
docs\inst_test\instancias\n_1000_6,300,20,15,20,0.1000,123,9996100338,9996100114,20,1471
docs\inst_test\instancias\n_1000_6,300,20,15,5,0.3000,42,9996100342,9996100137,59,1471
docs\inst_test\instancias\n_1000_6,300,20,15,10,0.3000,2026,9996100344,9996100131,33,1471
docs\inst_test\instancias\n_1000_6,300,20,15,20,0.3000,42,9996100342,9996100137,21,1471
docs\inst_test\instancias\n_1000_6,300,20,15,10,0.3000,42,9996100342,9996100137,43,1471
docs\inst_test\instancias\n_1000_6,300,20,15,10,0.2000,123,9996100344,9996100077,47,1471
docs\inst_test\instancias\n_1000_6,300,20,15,20,0.2000,42,9996100341,9996100155,28,1471
docs\inst_test\instancias\n_1000_6,300,20,15,20,0.1000,2026,9996100338,9996100114,35,1471
docs\inst_test\instancias\n_1000_6,300,20,15,20,0.2000,2026,9996100338,9996100114,34,1471
docs\inst_test\instancias\n_1000_6,300,20,15,20,0.3000,123,9996100338,9996100114,33,1471
docs\inst_test\instancias\n_1000_6,300,20,15,20,0.3000,2026,9996100344,9996100131,32,1471
docs\inst_test\instancias\n_1000_6,300,20,15,20,0.2000,123,9996100338,9996100114,41,1471
docs\inst_test\instancias\n_1000_6,500,10,7,5,0.1000,123,9996100344,9996100077,60,1471
docs\inst_test\instancias\n_1000_6,500,10,7,5,0.3000,123,9996100344,9996100077,45,1471
docs\inst_test\instancias\n_1000_6,500,10,7,5,0.3000,2026,9996100344,9996100131,44,1471
docs\inst_test\instancias\n_1000_6,500,10,7,10,0.1000,123,9996100344,9996100077,44,1471
docs\inst_test\instancias\n_1000_6,500,10,7,5,0.1000,42,9996100340,9996100161,66,1471
docs\inst_test\instancias\n_1000_6,500,10,7,10,0.2000,123,9996100344,9996100077,38,1471
docs\inst_test\instancias\n_1000_6,500,10,7,5,0.1000,2026,9996100340,9996100161,66,1471
docs\inst_test\instancias\n_1000_6,500,10,7,10,0.2000,42,9996100341,9996100155,49,1471
docs\inst_test\instancias\n_1000_6,500,10,7,5,0.2000,123,9996100344,9996100077,70,1471
docs\inst_test\instancias\n_1000_6,500,10,7,10,0.1000,42,9996100340,9996100161,67,1471
docs\inst_test\instancias\n_1000_6,500,10,7,5,0.2000,2026,9996100340,9996100107,75,1471
docs\inst_test\instancias\n_1000_6,500,10,7,5,0.2000,42,9996100344,9996100110,83,1471
docs\inst_test\instancias\n_1000_6,500,10,7,10,0.3000,42,9996100342,9996100137,58,1471
docs\inst_test\instancias\n_1000_6,500,10,7,10,0.1000,2026,9996100340,9996100161,67,1471
docs\inst_test\instancias\n_1000_6,500,10,7,5,0.3000,42,9996100344,9996100110,86,1471
docs\inst_test\instancias\n_1000_6,500,10,7,20,0.1000,42,9996100338,9996100114,35,1471
docs\inst_test\instancias\n_1000_6,500,10,7,10,0.3000,2026,9996100344,9996100131,38,1471
docs\inst_test\instancias\n_1000_6,500,10,7,10,0.2000,2026,9996100340,9996100107,72,1471
docs\inst_test\instancias\n_1000_6,500,10,7,20,0.2000,42,9996100341,9996100155,42,1471
docs\inst_test\instancias\n_1000_6,500,10,7,20,0.2000,2026,9996100340,9996100107,35,1471
docs\inst_test\instancias\n_1000_6,500,10,7,20,0.2000,123,9996100338,9996100114,51,1471
docs\inst_test\instancias\n_1000_6,500,10,7,10,0.3000,123,9996100344,9996100077,64,1471
docs\inst_test\instancias\n_1000_6,500,10,7,20,0.1000,123,9996100338,9996100114,60,1471
docs\inst_test\instancias\n_1000_6,500,10,7,20,0.1000,2026,9996100340,9996100161,65,1471
docs\inst_test\instancias\n_1000_6,500,10,7,20,0.3000,123,9996100338,9996100114,50,1471
docs\inst_test\instancias\n_1000_6,500,10,7,20,0.3000,2026,9996100344,9996100131,54,1471
docs\inst_test\instancias\n_1000_6,500,10,10,5,0.2000,2026,9996100340,9996100107,43,1471
docs\inst_test\instancias\n_1000_6,500,10,7,20,0.3000,42,9996100342,9996100137,62,1471
docs\inst_test\instancias\n_1000_6,500,10,10,5,0.1000,2026,9996100340,9996100161,57,1471
docs\inst_test\instancias\n_1000_6,500,10,10,5,0.1000,42,9996100340,9996100161,62,1471
docs\inst_test\instancias\n_1000_6,500,10,10,5,0.3000,42,9996100344,9996100110,53,1471
docs\inst_test\instancias\n_1000_6,500,10,10,5,0.3000,2026,9996100344,9996100131,43,1471
docs\inst_test\instancias\n_1000_6,500,10,10,5,0.2000,123,9996100344,9996100077,58,1471
docs\inst_test\instancias\n_1000_6,500,10,10,5,0.2000,42,9996100344,9996100110,61,1471
docs\inst_test\instancias\n_1000_6,500,10,10,5,0.1000,123,9996100344,9996100077,68,1471
docs\inst_test\instancias\n_1000_6,500,10,10,10,0.1000,42,9996100340,9996100161,39,1471
docs\inst_test\instancias\n_1000_6,500,10,10,10,0.2000,42,9996100341,9996100155,40,1471
docs\inst_test\instancias\n_1000_6,500,10,10,5,0.3000,123,9996100344,9996100077,62,1471
docs\inst_test\instancias\n_1000_6,500,10,10,10,0.1000,2026,9996100340,9996100161,53,1471
docs\inst_test\instancias\n_1000_6,500,10,10,10,0.3000,42,9996100342,9996100137,36,1471
docs\inst_test\instancias\n_1000_6,500,10,10,10,0.3000,123,9996100344,9996100077,37,1471
docs\inst_test\instancias\n_1000_6,500,10,10,10,0.1000,123,9996100344,9996100077,57,1471
docs\inst_test\instancias\n_1000_6,500,10,10,10,0.2000,123,9996100344,9996100077,49,1471
docs\inst_test\instancias\n_1000_6,500,10,10,20,0.1000,2026,9996100340,9996100161,31,1471
docs\inst_test\instancias\n_1000_6,500,10,10,20,0.1000,123,9996100338,9996100114,32,1471
docs\inst_test\instancias\n_1000_6,500,10,10,10,0.2000,2026,9996100340,9996100107,51,1471
docs\inst_test\instancias\n_1000_6,500,10,10,20,0.3000,42,9996100342,9996100137,29,1471
docs\inst_test\instancias\n_1000_6,500,10,10,20,0.3000,123,9996100338,9996100114,32,1471
docs\inst_test\instancias\n_1000_6,500,10,10,20,0.2000,2026,9996100340,9996100107,47,1471
docs\inst_test\instancias\n_1000_6,500,10,10,20,0.1000,42,9996100338,9996100114,59,1471
docs\inst_test\instancias\n_1000_6,500,10,10,10,0.3000,2026,9996100344,9996100131,65,1471
docs\inst_test\instancias\n_1000_6,500,10,10,20,0.2000,42,9996100341,9996100155,58,1471
docs\inst_test\instancias\n_1000_6,500,10,10,20,0.2000,123,9996100338,9996100114,60,1471
docs\inst_test\instancias\n_1000_6,500,10,10,20,0.3000,2026,9996100344,9996100131,51,1471
docs\inst_test\instancias\n_1000_6,500,10,15,5,0.1000,2026,9996100340,9996100161,47,1471
docs\inst_test\instancias\n_1000_6,500,10,15,5,0.1000,42,9996100340,9996100161,50,1471
docs\inst_test\instancias\n_1000_6,500,10,15,5,0.1000,123,9996100344,9996100077,50,1471
docs\inst_test\instancias\n_1000_6,500,10,15,5,0.2000,2026,9996100340,9996100107,50,1471
docs\inst_test\instancias\n_1000_6,500,10,15,5,0.3000,2026,9996100344,9996100131,48,1471
docs\inst_test\instancias\n_1000_6,500,10,15,5,0.2000,42,9996100344,9996100110,59,1471
docs\inst_test\instancias\n_1000_6,500,10,15,5,0.3000,42,9996100344,9996100110,54,1471
docs\inst_test\instancias\n_1000_6,500,10,15,10,0.1000,123,9996100344,9996100077,34,1471
docs\inst_test\instancias\n_1000_6,500,10,15,5,0.3000,123,9996100344,9996100077,53,1471
docs\inst_test\instancias\n_1000_6,500,10,15,10,0.1000,2026,9996100340,9996100161,34,1471
docs\inst_test\instancias\n_1000_6,500,10,15,5,0.2000,123,9996100344,9996100077,71,1471
docs\inst_test\instancias\n_1000_6,500,10,15,10,0.1000,42,9996100340,9996100161,56,1471
docs\inst_test\instancias\n_1000_6,500,10,15,20,0.1000,42,9996100338,9996100114,31,1471
docs\inst_test\instancias\n_1000_6,500,10,15,10,0.3000,123,9996100344,9996100077,35,1471
docs\inst_test\instancias\n_1000_6,500,10,15,20,0.1000,123,9996100338,9996100114,30,1471
docs\inst_test\instancias\n_1000_6,500,10,15,10,0.2000,42,9996100341,9996100155,59,1471
docs\inst_test\instancias\n_1000_6,500,10,15,10,0.3000,42,9996100342,9996100137,52,1471
docs\inst_test\instancias\n_1000_6,500,10,15,10,0.2000,123,9996100344,9996100077,61,1471
docs\inst_test\instancias\n_1000_6,500,10,15,20,0.3000,42,9996100342,9996100137,32,1471
docs\inst_test\instancias\n_1000_6,500,10,15,20,0.3000,123,9996100338,9996100114,31,1471
docs\inst_test\instancias\n_1000_6,500,10,15,10,0.2000,2026,9996100340,9996100107,57,1471
docs\inst_test\instancias\n_1000_6,500,10,15,10,0.3000,2026,9996100344,9996100131,55,1471
docs\inst_test\instancias\n_1000_6,500,10,15,20,0.1000,2026,9996100340,9996100161,43,1471
docs\inst_test\instancias\n_1000_6,500,10,15,20,0.2000,2026,9996100340,9996100107,45,1471
docs\inst_test\instancias\n_1000_6,500,10,15,20,0.2000,123,9996100338,9996100114,58,1471
docs\inst_test\instancias\n_1000_6,500,10,15,20,0.2000,42,9996100341,9996100155,61,1471
docs\inst_test\instancias\n_1000_6,500,15,7,5,0.1000,123,9996100344,9996100077,42,1471
docs\inst_test\instancias\n_1000_6,500,15,7,5,0.1000,2026,9996100340,9996100161,43,1471
docs\inst_test\instancias\n_1000_6,500,10,15,20,0.3000,2026,9996100344,9996100131,56,1471
docs\inst_test\instancias\n_1000_6,500,15,7,5,0.1000,42,9996100340,9996100161,57,1471
docs\inst_test\instancias\n_1000_6,500,15,7,10,0.1000,123,9996100344,9996100077,34,1471
docs\inst_test\instancias\n_1000_6,500,15,7,5,0.3000,123,9996100344,9996100077,41,1471
docs\inst_test\instancias\n_1000_6,500,15,7,5,0.2000,123,9996100344,9996100077,44,1471
docs\inst_test\instancias\n_1000_6,500,15,7,5,0.2000,42,9996100344,9996100110,54,1471
docs\inst_test\instancias\n_1000_6,500,15,7,10,0.2000,42,9996100341,9996100155,36,1471
docs\inst_test\instancias\n_1000_6,500,15,7,10,0.1000,42,9996100340,9996100161,49,1471
docs\inst_test\instancias\n_1000_6,500,15,7,5,0.3000,2026,9996100344,9996100131,50,1471
docs\inst_test\instancias\n_1000_6,500,15,7,5,0.3000,42,9996100344,9996100110,54,1471
docs\inst_test\instancias\n_1000_6,500,15,7,10,0.2000,123,9996100344,9996100077,34,1471
docs\inst_test\instancias\n_1000_6,500,15,7,5,0.2000,2026,9996100340,9996100107,67,1471
docs\inst_test\instancias\n_1000_6,500,15,7,10,0.1000,2026,9996100340,9996100161,63,1471
docs\inst_test\instancias\n_1000_6,500,15,7,20,0.1000,123,9996100338,9996100114,33,1471
docs\inst_test\instancias\n_1000_6,500,15,7,10,0.2000,2026,9996100340,9996100107,49,1471
docs\inst_test\instancias\n_1000_6,500,15,7,20,0.2000,123,9996100338,9996100114,32,1471
docs\inst_test\instancias\n_1000_6,500,15,7,10,0.3000,123,9996100344,9996100077,51,1471
docs\inst_test\instancias\n_1000_6,500,15,7,10,0.3000,42,9996100342,9996100137,58,1471
docs\inst_test\instancias\n_1000_6,500,15,7,20,0.3000,42,9996100342,9996100137,33,1471
docs\inst_test\instancias\n_1000_6,500,15,7,20,0.2000,42,9996100341,9996100155,44,1471
docs\inst_test\instancias\n_1000_6,500,15,7,20,0.1000,42,9996100338,9996100114,46,1471
docs\inst_test\instancias\n_1000_6,500,15,7,20,0.1000,2026,9996100340,9996100161,53,1471
docs\inst_test\instancias\n_1000_6,500,15,7,10,0.3000,2026,9996100344,9996100131,60,1471
docs\inst_test\instancias\n_1000_6,500,15,7,20,0.3000,2026,9996100344,9996100131,44,1471
docs\inst_test\instancias\n_1000_6,500,15,10,5,0.1000,42,9996100340,9996100161,44,1471
docs\inst_test\instancias\n_1000_6,500,15,7,20,0.2000,2026,9996100340,9996100107,59,1471
docs\inst_test\instancias\n_1000_6,500,15,7,20,0.3000,123,9996100338,9996100114,56,1471
docs\inst_test\instancias\n_1000_6,500,15,10,5,0.2000,123,9996100344,9996100077,41,1471
docs\inst_test\instancias\n_1000_6,500,15,10,5,0.2000,2026,9996100340,9996100107,41,1471
docs\inst_test\instancias\n_1000_6,500,15,10,5,0.1000,123,9996100344,9996100077,56,1471
docs\inst_test\instancias\n_1000_6,500,15,10,5,0.1000,2026,9996100340,9996100161,60,1471
docs\inst_test\instancias\n_1000_6,500,15,10,10,0.1000,123,9996100344,9996100077,50,1471
docs\inst_test\instancias\n_1000_6,500,15,10,5,0.3000,2026,9996100344,9996100131,52,1471
docs\inst_test\instancias\n_1000_6,500,15,10,5,0.3000,123,9996100344,9996100077,52,1471
docs\inst_test\instancias\n_1000_6,500,15,10,10,0.1000,42,9996100340,9996100161,50,1471
docs\inst_test\instancias\n_1000_6,500,15,10,5,0.2000,42,9996100344,9996100110,66,1471
docs\inst_test\instancias\n_1000_6,500,15,10,5,0.3000,42,9996100344,9996100110,62,1471
docs\inst_test\instancias\n_1000_6,500,15,10,10,0.2000,123,9996100344,9996100077,46,1471
docs\inst_test\instancias\n_1000_6,500,15,10,10,0.3000,123,9996100344,9996100077,37,1471
docs\inst_test\instancias\n_1000_6,500,15,10,10,0.3000,2026,9996100344,9996100131,34,1471
docs\inst_test\instancias\n_1000_6,500,15,10,10,0.2000,42,9996100341,9996100155,54,1471
docs\inst_test\instancias\n_1000_6,500,15,10,10,0.2000,2026,9996100340,9996100107,49,1471
docs\inst_test\instancias\n_1000_6,500,15,10,10,0.3000,42,9996100342,9996100137,48,1471
docs\inst_test\instancias\n_1000_6,500,15,10,10,0.1000,2026,9996100340,9996100161,61,1471
docs\inst_test\instancias\n_1000_6,500,15,10,20,0.2000,2026,9996100340,9996100107,40,1471
docs\inst_test\instancias\n_1000_6,500,15,10,20,0.3000,42,9996100342,9996100137,41,1471
docs\inst_test\instancias\n_1000_6,500,15,10,20,0.2000,123,9996100338,9996100114,41,1471
docs\inst_test\instancias\n_1000_6,500,15,10,20,0.2000,42,9996100341,9996100155,41,1471
docs\inst_test\instancias\n_1000_6,500,15,10,20,0.1000,123,9996100338,9996100114,56,1471
docs\inst_test\instancias\n_1000_6,500,15,10,20,0.3000,2026,9996100344,9996100131,38,1471
docs\inst_test\instancias\n_1000_6,500,15,10,20,0.1000,42,9996100338,9996100114,61,1471
docs\inst_test\instancias\n_1000_6,500,15,10,20,0.3000,123,9996100338,9996100114,45,1471
docs\inst_test\instancias\n_1000_6,500,15,15,5,0.1000,42,9996100340,9996100161,44,1471
docs\inst_test\instancias\n_1000_6,500,15,10,20,0.1000,2026,9996100340,9996100161,59,1471
docs\inst_test\instancias\n_1000_6,500,15,15,5,0.2000,2026,9996100340,9996100107,48,1471
docs\inst_test\instancias\n_1000_6,500,15,15,5,0.1000,2026,9996100340,9996100161,52,1471
docs\inst_test\instancias\n_1000_6,500,15,15,5,0.2000,42,9996100344,9996100110,53,1471
docs\inst_test\instancias\n_1000_6,500,15,15,5,0.1000,123,9996100344,9996100077,61,1471
docs\inst_test\instancias\n_1000_6,500,15,15,5,0.2000,123,9996100344,9996100077,57,1471
docs\inst_test\instancias\n_1000_6,500,15,15,5,0.3000,42,9996100344,9996100110,54,1471
docs\inst_test\instancias\n_1000_6,500,15,15,10,0.1000,42,9996100340,9996100161,34,1471
docs\inst_test\instancias\n_1000_6,500,15,15,10,0.1000,2026,9996100340,9996100161,35,1471
docs\inst_test\instancias\n_1000_6,500,15,15,10,0.2000,42,9996100341,9996100155,35,1471
docs\inst_test\instancias\n_1000_6,500,15,15,10,0.2000,2026,9996100340,9996100107,34,1471
docs\inst_test\instancias\n_1000_6,500,15,15,5,0.3000,123,9996100344,9996100077,49,1471
docs\inst_test\instancias\n_1000_6,500,15,15,10,0.3000,123,9996100344,9996100077,46,1471
docs\inst_test\instancias\n_1000_6,500,15,15,10,0.2000,123,9996100344,9996100077,55,1471
docs\inst_test\instancias\n_1000_6,500,15,15,10,0.3000,42,9996100342,9996100137,49,1471
docs\inst_test\instancias\n_1000_6,500,15,15,10,0.1000,123,9996100344,9996100077,63,1471
docs\inst_test\instancias\n_1000_6,500,15,15,20,0.2000,123,9996100338,9996100114,31,1471
docs\inst_test\instancias\n_1000_6,500,15,15,20,0.2000,2026,9996100340,9996100107,31,1471
docs\inst_test\instancias\n_1000_6,500,15,15,20,0.3000,42,9996100342,9996100137,31,1471
docs\inst_test\instancias\n_1000_6,500,15,15,20,0.3000,123,9996100338,9996100114,31,1471
docs\inst_test\instancias\n_1000_6,500,15,15,5,0.3000,2026,9996100344,9996100131,71,1471
docs\inst_test\instancias\n_1000_6,500,15,15,20,0.1000,42,9996100338,9996100114,46,1471
docs\inst_test\instancias\n_1000_6,500,15,15,20,0.1000,123,9996100338,9996100114,55,1471
docs\inst_test\instancias\n_1000_6,500,15,15,20,0.3000,2026,9996100344,9996100131,44,1471
docs\inst_test\instancias\n_1000_6,500,15,15,20,0.2000,42,9996100341,9996100155,56,1471
docs\inst_test\instancias\n_1000_6,500,15,15,10,0.3000,2026,9996100344,9996100131,63,1471
docs\inst_test\instancias\n_1000_6,500,15,15,20,0.1000,2026,9996100340,9996100161,61,1471
docs\inst_test\instancias\n_1000_6,500,20,7,5,0.1000,42,9996100340,9996100161,51,1471
docs\inst_test\instancias\n_1000_6,500,20,7,5,0.1000,123,9996100344,9996100077,42,1471
docs\inst_test\instancias\n_1000_6,500,20,7,5,0.3000,42,9996100344,9996100110,41,1471
docs\inst_test\instancias\n_1000_6,500,20,7,5,0.3000,123,9996100344,9996100077,40,1471
docs\inst_test\instancias\n_1000_6,500,20,7,5,0.2000,42,9996100344,9996100110,51,1471
docs\inst_test\instancias\n_1000_6,500,20,7,5,0.2000,123,9996100344,9996100077,50,1471
docs\inst_test\instancias\n_1000_6,500,20,7,5,0.2000,2026,9996100340,9996100107,50,1471
docs\inst_test\instancias\n_1000_6,500,20,7,5,0.3000,2026,9996100344,9996100131,49,1471
docs\inst_test\instancias\n_1000_6,500,20,7,10,0.1000,42,9996100340,9996100161,47,1471
docs\inst_test\instancias\n_1000_6,500,20,7,5,0.1000,2026,9996100340,9996100161,66,1471
docs\inst_test\instancias\n_1000_6,500,20,7,10,0.1000,2026,9996100340,9996100161,44,1471
docs\inst_test\instancias\n_1000_6,500,20,7,10,0.2000,42,9996100341,9996100155,46,1471
docs\inst_test\instancias\n_1000_6,500,20,7,10,0.3000,42,9996100342,9996100137,42,1471
docs\inst_test\instancias\n_1000_6,500,20,7,10,0.1000,123,9996100344,9996100077,63,1471
docs\inst_test\instancias\n_1000_6,500,20,7,20,0.1000,42,9996100338,9996100114,31,1471
docs\inst_test\instancias\n_1000_6,500,20,7,20,0.1000,123,9996100338,9996100114,30,1471
docs\inst_test\instancias\n_1000_6,500,20,7,10,0.2000,2026,9996100340,9996100107,55,1471
docs\inst_test\instancias\n_1000_6,500,20,7,20,0.2000,42,9996100341,9996100155,32,1471
docs\inst_test\instancias\n_1000_6,500,20,7,10,0.3000,2026,9996100344,9996100131,50,1471
docs\inst_test\instancias\n_1000_6,500,20,7,10,0.2000,123,9996100344,9996100077,62,1471
docs\inst_test\instancias\n_1000_6,500,20,7,20,0.3000,2026,9996100344,9996100131,32,1471
docs\inst_test\instancias\n_1000_6,500,20,7,20,0.3000,42,9996100342,9996100137,39,1471
docs\inst_test\instancias\n_1000_6,500,20,7,10,0.3000,123,9996100344,9996100077,61,1471
docs\inst_test\instancias\n_1000_6,500,20,7,20,0.3000,123,9996100338,9996100114,35,1471
docs\inst_test\instancias\n_1000_6,500,20,7,20,0.1000,2026,9996100340,9996100161,61,1471
docs\inst_test\instancias\n_1000_6,500,20,10,5,0.1000,42,9996100340,9996100161,41,1471
docs\inst_test\instancias\n_1000_6,500,20,10,5,0.1000,123,9996100344,9996100077,41,1471
docs\inst_test\instancias\n_1000_6,500,20,7,20,0.2000,123,9996100338,9996100114,62,1471
docs\inst_test\instancias\n_1000_6,500,20,7,20,0.2000,2026,9996100340,9996100107,60,1471
docs\inst_test\instancias\n_1000_6,500,20,10,5,0.2000,42,9996100344,9996100110,41,1471
docs\inst_test\instancias\n_1000_6,500,20,10,5,0.2000,123,9996100344,9996100077,42,1471
docs\inst_test\instancias\n_1000_6,500,20,10,10,0.1000,123,9996100344,9996100077,34,1471
docs\inst_test\instancias\n_1000_6,500,20,10,5,0.1000,2026,9996100340,9996100161,61,1471
docs\inst_test\instancias\n_1000_6,500,20,10,5,0.3000,123,9996100344,9996100077,44,1471
docs\inst_test\instancias\n_1000_6,500,20,10,10,0.2000,42,9996100341,9996100155,42,1471
docs\inst_test\instancias\n_1000_6,500,20,10,10,0.1000,42,9996100340,9996100161,44,1471
docs\inst_test\instancias\n_1000_6,500,20,10,10,0.2000,123,9996100344,9996100077,36,1471
docs\inst_test\instancias\n_1000_6,500,20,10,20,0.1000,123,9996100338,9996100114,30,1471
docs\inst_test\instancias\n_1000_6,500,20,10,5,0.2000,2026,9996100340,9996100107,67,1471
docs\inst_test\instancias\n_1000_6,500,20,10,20,0.1000,42,9996100338,9996100114,31,1471
docs\inst_test\instancias\n_1000_6,500,20,10,5,0.3000,42,9996100344,9996100110,67,1471
docs\inst_test\instancias\n_1000_6,500,20,10,5,0.3000,2026,9996100344,9996100131,65,1471
docs\inst_test\instancias\n_1000_6,500,20,10,10,0.1000,2026,9996100340,9996100161,57,1471
docs\inst_test\instancias\n_1000_6,500,20,10,10,0.3000,42,9996100342,9996100137,47,1471
docs\inst_test\instancias\n_1000_6,500,20,10,10,0.3000,123,9996100344,9996100077,48,1471
docs\inst_test\instancias\n_1000_6,500,20,10,20,0.1000,2026,9996100340,9996100161,32,1471
docs\inst_test\instancias\n_1000_6,500,20,10,10,0.3000,2026,9996100344,9996100131,49,1471
docs\inst_test\instancias\n_1000_6,500,20,10,10,0.2000,2026,9996100340,9996100107,58,1471
docs\inst_test\instancias\n_1000_6,500,20,10,20,0.2000,42,9996100341,9996100155,36,1471
docs\inst_test\instancias\n_1000_6,500,20,10,20,0.3000,2026,9996100344,9996100131,31,1471
docs\inst_test\instancias\n_1000_6,500,20,10,20,0.2000,2026,9996100340,9996100107,40,1471
docs\inst_test\instancias\n_1000_6,500,20,10,20,0.3000,123,9996100338,9996100114,42,1471
docs\inst_test\instancias\n_1000_6,500,20,10,20,0.2000,123,9996100338,9996100114,58,1471
docs\inst_test\instancias\n_1000_6,500,20,15,5,0.2000,42,9996100344,9996100110,41,1471
docs\inst_test\instancias\n_1000_6,500,20,10,20,0.3000,42,9996100342,9996100137,59,1471
docs\inst_test\instancias\n_1000_6,500,20,15,10,0.1000,123,9996100344,9996100077,34,1471
docs\inst_test\instancias\n_1000_6,500,20,15,5,0.1000,2026,9996100340,9996100161,53,1471
docs\inst_test\instancias\n_1000_6,500,20,15,5,0.2000,123,9996100344,9996100077,50,1471
docs\inst_test\instancias\n_1000_6,500,20,15,5,0.1000,123,9996100344,9996100077,60,1471
docs\inst_test\instancias\n_1000_6,500,20,15,5,0.3000,123,9996100344,9996100077,49,1471
docs\inst_test\instancias\n_1000_6,500,20,15,10,0.1000,2026,9996100340,9996100161,33,1471
docs\inst_test\instancias\n_1000_6,500,20,15,10,0.1000,42,9996100340,9996100161,46,1471
docs\inst_test\instancias\n_1000_6,500,20,15,5,0.1000,42,9996100340,9996100161,69,1471
docs\inst_test\instancias\n_1000_6,500,20,15,10,0.2000,42,9996100341,9996100155,37,1471
docs\inst_test\instancias\n_1000_6,500,20,15,5,0.3000,42,9996100344,9996100110,56,1471
docs\inst_test\instancias\n_1000_6,500,20,15,5,0.2000,2026,9996100340,9996100107,68,1471
docs\inst_test\instancias\n_1000_6,500,20,15,10,0.3000,42,9996100342,9996100137,34,1471
docs\inst_test\instancias\n_1000_6,500,20,15,5,0.3000,2026,9996100344,9996100131,70,1471
docs\inst_test\instancias\n_1000_6,500,20,15,10,0.3000,2026,9996100344,9996100131,35,1471
docs\inst_test\instancias\n_1000_6,500,20,15,10,0.3000,123,9996100344,9996100077,42,1471
docs\inst_test\instancias\n_1000_6,500,20,15,20,0.1000,42,9996100338,9996100114,38,1471
docs\inst_test\instancias\n_1000_6,500,20,15,10,0.2000,2026,9996100340,9996100107,51,1471
docs\inst_test\instancias\n_1000_6,500,20,15,20,0.2000,42,9996100341,9996100155,32,1471
docs\inst_test\instancias\n_1000_6,500,20,15,20,0.2000,123,9996100338,9996100114,31,1471
docs\inst_test\instancias\n_1000_6,500,20,15,10,0.2000,123,9996100344,9996100077,60,1471
docs\inst_test\instancias\n_1000_6,500,20,15,20,0.1000,123,9996100338,9996100114,44,1471
docs\inst_test\instancias\n_1000_6,500,20,15,20,0.3000,42,9996100342,9996100137,33,1471
docs\inst_test\instancias\n_1000_6,500,20,15,20,0.2000,2026,9996100340,9996100107,36,1471
docs\inst_test\instancias\n_1000_6,500,20,15,20,0.3000,2026,9996100344,9996100131,38,1471
docs\inst_test\instancias\n_1000_6,500,20,15,20,0.1000,2026,9996100340,9996100161,47,1471
docs\inst_test\instancias\n_1000_6,500,20,15,20,0.3000,123,9996100338,9996100114,43,1471
docs\inst_test\instancias\n_1000_7,100,10,7,10,0.1000,123,9996105257,9996103798,7,1524
docs\inst_test\instancias\n_1000_7,100,10,7,10,0.1000,42,9996105257,9996103798,8,1524
docs\inst_test\instancias\n_1000_7,100,10,7,5,0.1000,123,9996105257,9996103798,9,1524
docs\inst_test\instancias\n_1000_7,100,10,7,5,0.1000,2026,9996105257,9996103798,10,1524
docs\inst_test\instancias\n_1000_7,100,10,7,10,0.2000,2026,9996105257,9996103798,8,1524
docs\inst_test\instancias\n_1000_7,100,10,7,10,0.1000,2026,9996105257,9996103798,11,1524
docs\inst_test\instancias\n_1000_7,100,10,7,10,0.2000,42,9996105257,9996103798,14,1524
docs\inst_test\instancias\n_1000_7,100,10,7,5,0.2000,42,9996105257,9996103798,15,1524
docs\inst_test\instancias\n_1000_7,100,10,7,5,0.1000,42,9996105257,9996103798,16,1524
docs\inst_test\instancias\n_1000_7,100,10,7,20,0.1000,2026,9996105257,9996103798,7,1524
docs\inst_test\instancias\n_1000_7,100,10,7,5,0.3000,2026,9996105257,9996103798,17,1524
docs\inst_test\instancias\n_1000_7,100,10,7,10,0.2000,123,9996105257,9996103798,17,1524
docs\inst_test\instancias\n_1000_7,100,10,7,20,0.1000,42,9996105257,9996103798,8,1524
docs\inst_test\instancias\n_1000_7,100,10,7,10,0.3000,123,9996105257,9996103798,10,1524
docs\inst_test\instancias\n_1000_7,100,10,7,5,0.3000,42,9996105257,9996103798,18,1524
docs\inst_test\instancias\n_1000_7,100,10,7,10,0.3000,2026,9996105257,9996103798,9,1524
docs\inst_test\instancias\n_1000_7,100,10,7,10,0.3000,42,9996105257,9996103798,17,1524
docs\inst_test\instancias\n_1000_7,100,10,7,5,0.3000,123,9996105257,9996103798,18,1524
docs\inst_test\instancias\n_1000_7,100,10,7,5,0.2000,123,9996105257,9996103798,19,1524
docs\inst_test\instancias\n_1000_7,100,10,7,5,0.2000,2026,9996105257,9996103798,19,1524
docs\inst_test\instancias\n_1000_7,100,10,7,20,0.1000,123,9996105257,9996103798,9,1524
docs\inst_test\instancias\n_1000_7,100,10,7,20,0.2000,123,9996105257,9996103798,7,1524
docs\inst_test\instancias\n_1000_7,100,10,7,20,0.3000,42,9996105257,9996103798,7,1524
docs\inst_test\instancias\n_1000_7,100,10,7,20,0.3000,123,9996105257,9996103798,7,1524
docs\inst_test\instancias\n_1000_7,100,10,7,20,0.3000,2026,9996105257,9996103798,7,1524
docs\inst_test\instancias\n_1000_7,100,10,7,20,0.2000,42,9996105257,9996103798,13,1524
docs\inst_test\instancias\n_1000_7,100,10,10,10,0.1000,123,9996105257,9996103798,8,1524
docs\inst_test\instancias\n_1000_7,100,10,7,20,0.2000,2026,9996105257,9996103798,15,1524
docs\inst_test\instancias\n_1000_7,100,10,10,10,0.1000,2026,9996105257,9996103798,7,1524
docs\inst_test\instancias\n_1000_7,100,10,10,5,0.2000,123,9996105257,9996103798,12,1524
docs\inst_test\instancias\n_1000_7,100,10,10,10,0.2000,42,9996105257,9996103798,7,1524
docs\inst_test\instancias\n_1000_7,100,10,10,10,0.2000,123,9996105257,9996103798,8,1524
docs\inst_test\instancias\n_1000_7,100,10,10,5,0.1000,123,9996105257,9996103798,16,1524
docs\inst_test\instancias\n_1000_7,100,10,10,5,0.1000,2026,9996105257,9996103798,15,1524
docs\inst_test\instancias\n_1000_7,100,10,10,10,0.1000,42,9996105257,9996103798,15,1524
docs\inst_test\instancias\n_1000_7,100,10,10,5,0.3000,2026,9996105257,9996103798,15,1524
docs\inst_test\instancias\n_1000_7,100,10,10,5,0.3000,42,9996105257,9996103798,17,1524
docs\inst_test\instancias\n_1000_7,100,10,10,5,0.2000,2026,9996105257,9996103798,17,1524
docs\inst_test\instancias\n_1000_7,100,10,10,5,0.1000,42,9996105257,9996103798,20,1524
docs\inst_test\instancias\n_1000_7,100,10,10,10,0.3000,42,9996105257,9996103798,8,1524
docs\inst_test\instancias\n_1000_7,100,10,10,5,0.2000,42,9996105257,9996103798,19,1524
docs\inst_test\instancias\n_1000_7,100,10,10,20,0.1000,42,9996105257,9996103798,8,1524
docs\inst_test\instancias\n_1000_7,100,10,10,10,0.3000,2026,9996105257,9996103798,8,1524
docs\inst_test\instancias\n_1000_7,100,10,10,5,0.3000,123,9996105257,9996103798,19,1524
docs\inst_test\instancias\n_1000_7,100,10,10,20,0.1000,123,9996105257,9996103798,8,1524
docs\inst_test\instancias\n_1000_7,100,10,10,10,0.2000,2026,9996105257,9996103798,14,1524
docs\inst_test\instancias\n_1000_7,100,10,10,20,0.1000,2026,9996105257,9996103798,7,1524
docs\inst_test\instancias\n_1000_7,100,10,10,20,0.3000,42,9996105257,9996103798,7,1524
docs\inst_test\instancias\n_1000_7,100,10,10,20,0.2000,42,9996105257,9996103798,12,1524
docs\inst_test\instancias\n_1000_7,100,10,10,10,0.3000,123,9996105257,9996103798,15,1524
docs\inst_test\instancias\n_1000_7,100,10,15,5,0.3000,42,9996105257,9996103798,8,1524
docs\inst_test\instancias\n_1000_7,100,10,15,5,0.2000,42,9996105257,9996103798,9,1524
docs\inst_test\instancias\n_1000_7,100,10,10,20,0.2000,123,9996105257,9996103798,14,1524
docs\inst_test\instancias\n_1000_7,100,10,15,5,0.3000,2026,9996105257,9996103798,9,1524
docs\inst_test\instancias\n_1000_7,100,10,10,20,0.2000,2026,9996105257,9996103798,15,1524
docs\inst_test\instancias\n_1000_7,100,10,10,20,0.3000,123,9996105257,9996103798,14,1524
docs\inst_test\instancias\n_1000_7,100,10,15,5,0.2000,123,9996105257,9996103798,11,1524
docs\inst_test\instancias\n_1000_7,100,10,15,5,0.1000,123,9996105257,9996103798,12,1524
docs\inst_test\instancias\n_1000_7,100,10,15,5,0.3000,123,9996105257,9996103798,11,1524
docs\inst_test\instancias\n_1000_7,100,10,10,20,0.3000,2026,9996105257,9996103798,15,1524
docs\inst_test\instancias\n_1000_7,100,10,15,10,0.1000,123,9996105257,9996103798,7,1524
docs\inst_test\instancias\n_1000_7,100,10,15,10,0.1000,42,9996105257,9996103798,11,1524
docs\inst_test\instancias\n_1000_7,100,10,15,10,0.2000,42,9996105257,9996103798,7,1524
docs\inst_test\instancias\n_1000_7,100,10,15,10,0.2000,123,9996105257,9996103798,7,1524
docs\inst_test\instancias\n_1000_7,100,10,15,10,0.3000,42,9996105257,9996103798,7,1524
docs\inst_test\instancias\n_1000_7,100,10,15,5,0.1000,42,9996105257,9996103798,20,1524
docs\inst_test\instancias\n_1000_7,100,10,15,20,0.1000,2026,9996105257,9996103798,6,1524
docs\inst_test\instancias\n_1000_7,100,10,15,5,0.1000,2026,9996105257,9996103798,20,1524
docs\inst_test\instancias\n_1000_7,100,10,15,5,0.2000,2026,9996105257,9996103798,20,1524
docs\inst_test\instancias\n_1000_7,100,10,15,10,0.1000,2026,9996105257,9996103798,13,1524
docs\inst_test\instancias\n_1000_7,100,10,15,20,0.2000,123,9996105257,9996103798,7,1524
docs\inst_test\instancias\n_1000_7,100,10,15,10,0.2000,2026,9996105257,9996103798,14,1524
docs\inst_test\instancias\n_1000_7,100,10,15,20,0.3000,42,9996105257,9996103798,7,1524
docs\inst_test\instancias\n_1000_7,100,10,15,20,0.1000,42,9996105257,9996103798,13,1524
docs\inst_test\instancias\n_1000_7,100,10,15,20,0.3000,123,9996105257,9996103798,7,1524
docs\inst_test\instancias\n_1000_7,100,10,15,20,0.3000,2026,9996105257,9996103798,7,1524
docs\inst_test\instancias\n_1000_7,100,10,15,20,0.1000,123,9996105257,9996103798,15,1524
docs\inst_test\instancias\n_1000_7,100,10,15,10,0.3000,123,9996105257,9996103798,15,1524
docs\inst_test\instancias\n_1000_7,100,10,15,20,0.2000,42,9996105257,9996103798,14,1524
docs\inst_test\instancias\n_1000_7,100,10,15,10,0.3000,2026,9996105257,9996103798,15,1524
docs\inst_test\instancias\n_1000_7,100,10,15,20,0.2000,2026,9996105257,9996103798,14,1524
docs\inst_test\instancias\n_1000_7,100,15,7,10,0.1000,123,9996105257,9996103798,8,1524
docs\inst_test\instancias\n_1000_7,100,15,7,5,0.1000,123,9996105257,9996103798,14,1524
docs\inst_test\instancias\n_1000_7,100,15,7,5,0.3000,123,9996105257,9996103798,9,1524
docs\inst_test\instancias\n_1000_7,100,15,7,5,0.3000,2026,9996105257,9996103798,9,1524
docs\inst_test\instancias\n_1000_7,100,15,7,10,0.1000,42,9996105257,9996103798,9,1524
docs\inst_test\instancias\n_1000_7,100,15,7,10,0.2000,2026,9996105257,9996103798,10,1524
docs\inst_test\instancias\n_1000_7,100,15,7,5,0.2000,2026,9996105257,9996103798,16,1524
docs\inst_test\instancias\n_1000_7,100,15,7,5,0.2000,123,9996105257,9996103798,17,1524
docs\inst_test\instancias\n_1000_7,100,15,7,5,0.1000,42,9996105257,9996103798,19,1524
docs\inst_test\instancias\n_1000_7,100,15,7,5,0.1000,2026,9996105257,9996103798,20,1524
docs\inst_test\instancias\n_1000_7,100,15,7,5,0.2000,42,9996105257,9996103798,20,1524
docs\inst_test\instancias\n_1000_7,100,15,7,10,0.2000,123,9996105257,9996103798,13,1524
docs\inst_test\instancias\n_1000_7,100,15,7,5,0.3000,42,9996105257,9996103798,17,1524
docs\inst_test\instancias\n_1000_7,100,15,7,20,0.1000,42,9996105257,9996103798,8,1524
docs\inst_test\instancias\n_1000_7,100,15,7,10,0.1000,2026,9996105257,9996103798,14,1524
docs\inst_test\instancias\n_1000_7,100,15,7,10,0.3000,42,9996105257,9996103798,13,1524
docs\inst_test\instancias\n_1000_7,100,15,7,10,0.2000,42,9996105257,9996103798,16,1524
docs\inst_test\instancias\n_1000_7,100,15,7,20,0.1000,2026,9996105257,9996103798,8,1524
docs\inst_test\instancias\n_1000_7,100,15,7,10,0.3000,123,9996105257,9996103798,10,1524
docs\inst_test\instancias\n_1000_7,100,15,7,20,0.2000,2026,9996105257,9996103798,8,1524
docs\inst_test\instancias\n_1000_7,100,15,7,20,0.1000,123,9996105257,9996103798,13,1524
docs\inst_test\instancias\n_1000_7,100,15,7,10,0.3000,2026,9996105257,9996103798,14,1524
docs\inst_test\instancias\n_1000_7,100,15,7,20,0.3000,123,9996105257,9996103798,8,1524
docs\inst_test\instancias\n_1000_7,100,15,7,20,0.3000,2026,9996105257,9996103798,9,1524
docs\inst_test\instancias\n_1000_7,100,15,10,5,0.1000,42,9996105257,9996103798,9,1524
docs\inst_test\instancias\n_1000_7,100,15,7,20,0.2000,42,9996105257,9996103798,12,1524
docs\inst_test\instancias\n_1000_7,100,15,7,20,0.2000,123,9996105257,9996103798,13,1524
docs\inst_test\instancias\n_1000_7,100,15,7,20,0.3000,42,9996105257,9996103798,14,1524
docs\inst_test\instancias\n_1000_7,100,15,10,5,0.1000,2026,9996105257,9996103798,11,1524
docs\inst_test\instancias\n_1000_7,100,15,10,5,0.3000,42,9996105257,9996103798,9,1524
docs\inst_test\instancias\n_1000_7,100,15,10,10,0.2000,42,9996105257,9996103798,7,1524
docs\inst_test\instancias\n_1000_7,100,15,10,5,0.2000,2026,9996105257,9996103798,13,1524
docs\inst_test\instancias\n_1000_7,100,15,10,10,0.2000,123,9996105257,9996103798,8,1524
docs\inst_test\instancias\n_1000_7,100,15,10,5,0.3000,123,9996105257,9996103798,14,1524
docs\inst_test\instancias\n_1000_7,100,15,10,5,0.3000,2026,9996105257,9996103798,11,1524
docs\inst_test\instancias\n_1000_7,100,15,10,5,0.2000,42,9996105257,9996103798,16,1524
docs\inst_test\instancias\n_1000_7,100,15,10,5,0.1000,123,9996105257,9996103798,16,1524
docs\inst_test\instancias\n_1000_7,100,15,10,5,0.2000,123,9996105257,9996103798,17,1524
docs\inst_test\instancias\n_1000_7,100,15,10,10,0.1000,2026,9996105257,9996103798,13,1524
docs\inst_test\instancias\n_1000_7,100,15,10,10,0.3000,2026,9996105257,9996103798,8,1524
docs\inst_test\instancias\n_1000_7,100,15,10,10,0.1000,123,9996105257,9996103798,14,1524
docs\inst_test\instancias\n_1000_7,100,15,10,10,0.1000,42,9996105257,9996103798,15,1524
docs\inst_test\instancias\n_1000_7,100,15,10,10,0.3000,123,9996105257,9996103798,11,1524
docs\inst_test\instancias\n_1000_7,100,15,10,20,0.1000,42,9996105257,9996103798,11,1524
docs\inst_test\instancias\n_1000_7,100,15,10,20,0.1000,123,9996105257,9996103798,7,1524
docs\inst_test\instancias\n_1000_7,100,15,10,20,0.1000,2026,9996105257,9996103798,7,1524
docs\inst_test\instancias\n_1000_7,100,15,10,20,0.2000,42,9996105257,9996103798,7,1524
docs\inst_test\instancias\n_1000_7,100,15,10,10,0.2000,2026,9996105257,9996103798,15,1524
docs\inst_test\instancias\n_1000_7,100,15,10,20,0.2000,123,9996105257,9996103798,7,1524
docs\inst_test\instancias\n_1000_7,100,15,10,10,0.3000,42,9996105257,9996103798,14,1524
docs\inst_test\instancias\n_1000_7,100,15,10,20,0.2000,2026,9996105257,9996103798,9,1524
docs\inst_test\instancias\n_1000_7,100,15,15,5,0.1000,123,9996105257,9996103798,8,1524
docs\inst_test\instancias\n_1000_7,100,15,10,20,0.3000,123,9996105257,9996103798,14,1524
docs\inst_test\instancias\n_1000_7,100,15,15,10,0.1000,123,9996105257,9996103798,7,1524
docs\inst_test\instancias\n_1000_7,100,15,15,5,0.2000,123,9996105257,9996103798,8,1524
docs\inst_test\instancias\n_1000_7,100,15,10,20,0.3000,42,9996105257,9996103798,15,1524
docs\inst_test\instancias\n_1000_7,100,15,15,5,0.3000,123,9996105257,9996103798,9,1524
docs\inst_test\instancias\n_1000_7,100,15,15,5,0.3000,2026,9996105257,9996103798,8,1524
docs\inst_test\instancias\n_1000_7,100,15,10,20,0.3000,2026,9996105257,9996103798,14,1524
docs\inst_test\instancias\n_1000_7,100,15,15,10,0.2000,42,9996105257,9996103798,7,1524
docs\inst_test\instancias\n_1000_7,100,15,15,5,0.3000,42,9996105257,9996103798,12,1524
docs\inst_test\instancias\n_1000_7,100,15,15,10,0.2000,123,9996105257,9996103798,7,1524
docs\inst_test\instancias\n_1000_7,100,15,15,5,0.1000,42,9996105257,9996103798,16,1524
docs\inst_test\instancias\n_1000_7,100,15,15,5,0.1000,2026,9996105257,9996103798,16,1524
docs\inst_test\instancias\n_1000_7,100,15,15,10,0.1000,42,9996105257,9996103798,14,1524
docs\inst_test\instancias\n_1000_7,100,15,15,10,0.1000,2026,9996105257,9996103798,13,1524
docs\inst_test\instancias\n_1000_7,100,15,15,5,0.2000,42,9996105257,9996103798,17,1524
docs\inst_test\instancias\n_1000_7,100,15,15,10,0.3000,42,9996105257,9996103798,7,1524
docs\inst_test\instancias\n_1000_7,100,15,15,20,0.1000,123,9996105257,9996103798,6,1524
docs\inst_test\instancias\n_1000_7,100,15,15,20,0.1000,42,9996105257,9996103798,6,1524
docs\inst_test\instancias\n_1000_7,100,15,15,10,0.3000,123,9996105257,9996103798,7,1524
docs\inst_test\instancias\n_1000_7,100,15,15,5,0.2000,2026,9996105257,9996103798,17,1524
docs\inst_test\instancias\n_1000_7,100,15,15,20,0.2000,42,9996105257,9996103798,8,1524
docs\inst_test\instancias\n_1000_7,100,15,15,20,0.2000,2026,9996105257,9996103798,8,1524
docs\inst_test\instancias\n_1000_7,100,15,15,10,0.3000,2026,9996105257,9996103798,13,1524
docs\inst_test\instancias\n_1000_7,100,15,15,20,0.2000,123,9996105257,9996103798,11,1524
docs\inst_test\instancias\n_1000_7,100,15,15,20,0.1000,2026,9996105257,9996103798,13,1524
docs\inst_test\instancias\n_1000_7,100,15,15,10,0.2000,2026,9996105257,9996103798,15,1524
docs\inst_test\instancias\n_1000_7,100,15,15,20,0.3000,42,9996105257,9996103798,12,1524
docs\inst_test\instancias\n_1000_7,100,20,7,5,0.2000,42,9996105257,9996103798,9,1524
docs\inst_test\instancias\n_1000_7,100,20,7,5,0.1000,2026,9996105257,9996103798,9,1524
docs\inst_test\instancias\n_1000_7,100,20,7,5,0.2000,2026,9996105257,9996103798,9,1524
docs\inst_test\instancias\n_1000_7,100,15,15,20,0.3000,123,9996105257,9996103798,12,1524
docs\inst_test\instancias\n_1000_7,100,15,15,20,0.3000,2026,9996105257,9996103798,13,1524
docs\inst_test\instancias\n_1000_7,100,20,7,5,0.2000,123,9996105257,9996103798,13,1524
docs\inst_test\instancias\n_1000_7,100,20,7,10,0.1000,123,9996105257,9996103798,8,1524
docs\inst_test\instancias\n_1000_7,100,20,7,5,0.1000,42,9996105257,9996103798,16,1524
docs\inst_test\instancias\n_1000_7,100,20,7,10,0.1000,2026,9996105257,9996103798,8,1524
docs\inst_test\instancias\n_1000_7,100,20,7,5,0.3000,42,9996105257,9996103798,15,1524
docs\inst_test\instancias\n_1000_7,100,20,7,5,0.3000,123,9996105257,9996103798,13,1524
docs\inst_test\instancias\n_1000_7,100,20,7,5,0.1000,123,9996105257,9996103798,17,1524
docs\inst_test\instancias\n_1000_7,100,20,7,10,0.2000,2026,9996105257,9996103798,8,1524
docs\inst_test\instancias\n_1000_7,100,20,7,10,0.2000,123,9996105257,9996103798,8,1524
docs\inst_test\instancias\n_1000_7,100,20,7,10,0.3000,123,9996105257,9996103798,8,1524
docs\inst_test\instancias\n_1000_7,100,20,7,10,0.3000,42,9996105257,9996103798,8,1524
docs\inst_test\instancias\n_1000_7,100,20,7,5,0.3000,2026,9996105257,9996103798,14,1524
docs\inst_test\instancias\n_1000_7,100,20,7,10,0.1000,42,9996105257,9996103798,13,1524
docs\inst_test\instancias\n_1000_7,100,20,7,20,0.1000,2026,9996105257,9996103798,7,1524
docs\inst_test\instancias\n_1000_7,100,20,7,20,0.2000,123,9996105257,9996103798,6,1524
docs\inst_test\instancias\n_1000_7,100,20,7,20,0.3000,2026,9996105257,9996103798,6,1524
docs\inst_test\instancias\n_1000_7,100,20,7,10,0.2000,42,9996105257,9996103798,15,1524
docs\inst_test\instancias\n_1000_7,100,20,7,10,0.3000,2026,9996105257,9996103798,13,1524
docs\inst_test\instancias\n_1000_7,100,20,10,5,0.1000,42,9996105257,9996103798,9,1524
docs\inst_test\instancias\n_1000_7,100,20,10,5,0.1000,2026,9996105257,9996103798,9,1524
docs\inst_test\instancias\n_1000_7,100,20,10,5,0.1000,123,9996105257,9996103798,9,1524
docs\inst_test\instancias\n_1000_7,100,20,7,20,0.1000,42,9996105257,9996103798,15,1524
docs\inst_test\instancias\n_1000_7,100,20,7,20,0.2000,42,9996105257,9996103798,12,1524
docs\inst_test\instancias\n_1000_7,100,20,7,20,0.3000,42,9996105257,9996103798,12,1524
docs\inst_test\instancias\n_1000_7,100,20,7,20,0.1000,123,9996105257,9996103798,15,1524
docs\inst_test\instancias\n_1000_7,100,20,10,5,0.2000,2026,9996105257,9996103798,8,1524
docs\inst_test\instancias\n_1000_7,100,20,7,20,0.3000,123,9996105257,9996103798,14,1524
docs\inst_test\instancias\n_1000_7,100,20,10,5,0.3000,42,9996105257,9996103798,9,1524
docs\inst_test\instancias\n_1000_7,100,20,7,20,0.2000,2026,9996105257,9996103798,15,1524
docs\inst_test\instancias\n_1000_7,100,20,10,5,0.3000,123,9996105257,9996103798,9,1524
docs\inst_test\instancias\n_1000_7,100,20,10,10,0.1000,2026,9996105257,9996103798,7,1524
docs\inst_test\instancias\n_1000_7,100,20,10,10,0.1000,123,9996105257,9996103798,7,1524
docs\inst_test\instancias\n_1000_7,100,20,10,10,0.2000,42,9996105257,9996103798,7,1524
docs\inst_test\instancias\n_1000_7,100,20,10,5,0.2000,42,9996105257,9996103798,15,1524
docs\inst_test\instancias\n_1000_7,100,20,10,5,0.2000,123,9996105257,9996103798,16,1524
docs\inst_test\instancias\n_1000_7,100,20,10,20,0.1000,123,9996105257,9996103798,7,1524
docs\inst_test\instancias\n_1000_7,100,20,10,20,0.2000,42,9996105257,9996103798,7,1524
docs\inst_test\instancias\n_1000_7,100,20,10,5,0.3000,2026,9996105257,9996103798,15,1524
docs\inst_test\instancias\n_1000_7,100,20,10,20,0.2000,123,9996105257,9996103798,6,1524
docs\inst_test\instancias\n_1000_7,100,20,10,20,0.2000,2026,9996105257,9996103798,6,1524
docs\inst_test\instancias\n_1000_7,100,20,10,20,0.3000,42,9996105257,9996103798,7,1524
docs\inst_test\instancias\n_1000_7,100,20,10,10,0.2000,2026,9996105257,9996103798,14,1524
docs\inst_test\instancias\n_1000_7,100,20,10,10,0.3000,2026,9996105257,9996103798,11,1524
docs\inst_test\instancias\n_1000_7,100,20,10,10,0.3000,42,9996105257,9996103798,14,1524
docs\inst_test\instancias\n_1000_7,100,20,10,10,0.1000,42,9996105257,9996103798,18,1524
docs\inst_test\instancias\n_1000_7,100,20,10,20,0.3000,2026,9996105257,9996103798,7,1524
docs\inst_test\instancias\n_1000_7,100,20,10,10,0.2000,123,9996105257,9996103798,16,1524
docs\inst_test\instancias\n_1000_7,100,20,10,20,0.1000,42,9996105257,9996103798,13,1524
docs\inst_test\instancias\n_1000_7,100,20,10,10,0.3000,123,9996105257,9996103798,19,1524
docs\inst_test\instancias\n_1000_7,100,20,15,5,0.1000,42,9996105257,9996103798,8,1524
docs\inst_test\instancias\n_1000_7,100,20,10,20,0.3000,123,9996105257,9996103798,13,1524
docs\inst_test\instancias\n_1000_7,100,20,15,5,0.1000,123,9996105257,9996103798,8,1524
docs\inst_test\instancias\n_1000_7,100,20,15,5,0.2000,42,9996105257,9996103798,9,1524
docs\inst_test\instancias\n_1000_7,100,20,15,5,0.2000,123,9996105257,9996103798,9,1524
docs\inst_test\instancias\n_1000_7,100,20,10,20,0.1000,2026,9996105257,9996103798,18,1524
docs\inst_test\instancias\n_1000_7,100,20,15,10,0.1000,123,9996105257,9996103798,7,1524
docs\inst_test\instancias\n_1000_7,100,20,15,10,0.2000,42,9996105257,9996103798,8,1524
docs\inst_test\instancias\n_1000_7,100,20,15,5,0.2000,2026,9996105257,9996103798,12,1524
docs\inst_test\instancias\n_1000_7,100,20,15,5,0.1000,2026,9996105257,9996103798,15,1524
docs\inst_test\instancias\n_1000_7,100,20,15,10,0.2000,2026,9996105257,9996103798,8,1524
docs\inst_test\instancias\n_1000_7,100,20,15,5,0.3000,2026,9996105257,9996103798,13,1524
docs\inst_test\instancias\n_1000_7,100,20,15,10,0.3000,123,9996105257,9996103798,7,1524
docs\inst_test\instancias\n_1000_7,100,20,15,10,0.3000,2026,9996105257,9996103798,7,1524
docs\inst_test\instancias\n_1000_7,100,20,15,5,0.3000,42,9996105257,9996103798,15,1524
docs\inst_test\instancias\n_1000_7,100,20,15,10,0.3000,42,9996105257,9996103798,10,1524
docs\inst_test\instancias\n_1000_7,100,20,15,10,0.1000,42,9996105257,9996103798,15,1524
docs\inst_test\instancias\n_1000_7,100,20,15,5,0.3000,123,9996105257,9996103798,17,1524
docs\inst_test\instancias\n_1000_7,100,20,15,10,0.1000,2026,9996105257,9996103798,15,1524
docs\inst_test\instancias\n_1000_7,100,20,15,20,0.1000,42,9996105257,9996103798,11,1524
docs\inst_test\instancias\n_1000_7,100,20,15,20,0.1000,2026,9996105257,9996103798,12,1524
docs\inst_test\instancias\n_1000_7,100,20,15,20,0.3000,2026,9996105257,9996103798,6,1524
docs\inst_test\instancias\n_1000_7,100,20,15,20,0.3000,123,9996105257,9996103798,7,1524
docs\inst_test\instancias\n_1000_7,100,20,15,10,0.2000,123,9996105257,9996103798,17,1524
docs\inst_test\instancias\n_1000_7,100,20,15,20,0.1000,123,9996105257,9996103798,15,1524
docs\inst_test\instancias\n_1000_7,100,20,15,20,0.2000,42,9996105257,9996103798,13,1524
docs\inst_test\instancias\n_1000_7,100,20,15,20,0.2000,2026,9996105257,9996103798,13,1524
docs\inst_test\instancias\n_1000_7,100,20,15,20,0.2000,123,9996105257,9996103798,14,1524
docs\inst_test\instancias\n_1000_7,100,20,15,20,0.3000,42,9996105257,9996103798,16,1524
docs\inst_test\instancias\n_1000_7,300,10,7,5,0.1000,42,9996105257,9996103798,26,1524
docs\inst_test\instancias\n_1000_7,300,10,7,5,0.1000,2026,9996105257,9996103798,27,1524
docs\inst_test\instancias\n_1000_7,300,10,7,10,0.1000,42,9996105257,9996103798,22,1524
docs\inst_test\instancias\n_1000_7,300,10,7,5,0.2000,42,9996105264,9996103875,28,1524
docs\inst_test\instancias\n_1000_7,300,10,7,10,0.1000,2026,9996105257,9996103798,22,1524
docs\inst_test\instancias\n_1000_7,300,10,7,10,0.2000,42,9996105257,9996103798,29,1524
docs\inst_test\instancias\n_1000_7,300,10,7,10,0.2000,2026,9996105257,9996103798,30,1524
docs\inst_test\instancias\n_1000_7,300,10,7,10,0.1000,123,9996105266,9996103835,38,1524
docs\inst_test\instancias\n_1000_7,300,10,7,5,0.1000,123,9996105266,9996103835,47,1524
docs\inst_test\instancias\n_1000_7,300,10,7,5,0.2000,2026,9996105257,9996103798,45,1524
docs\inst_test\instancias\n_1000_7,300,10,7,5,0.3000,42,9996105257,9996103798,47,1524
docs\inst_test\instancias\n_1000_7,300,10,7,10,0.2000,123,9996105266,9996103835,40,1524
docs\inst_test\instancias\n_1000_7,300,10,7,5,0.3000,123,9996105266,9996103835,47,1524
docs\inst_test\instancias\n_1000_7,300,10,7,5,0.3000,2026,9996105257,9996103798,47,1524
docs\inst_test\instancias\n_1000_7,300,10,7,20,0.1000,2026,9996105257,9996103798,23,1524
docs\inst_test\instancias\n_1000_7,300,10,7,20,0.1000,123,9996105257,9996103798,26,1524
docs\inst_test\instancias\n_1000_7,300,10,7,20,0.1000,42,9996105257,9996103798,28,1524
docs\inst_test\instancias\n_1000_7,300,10,7,10,0.3000,123,9996105266,9996103835,32,1524
docs\inst_test\instancias\n_1000_7,300,10,7,5,0.2000,123,9996105266,9996103835,57,1524
docs\inst_test\instancias\n_1000_7,300,10,7,20,0.2000,42,9996105257,9996103798,21,1524
docs\inst_test\instancias\n_1000_7,300,10,7,20,0.2000,2026,9996105257,9996103798,20,1524
docs\inst_test\instancias\n_1000_7,300,10,7,10,0.3000,42,9996105257,9996103798,52,1524
docs\inst_test\instancias\n_1000_7,300,10,7,20,0.3000,42,9996105257,9996103798,24,1524
docs\inst_test\instancias\n_1000_7,300,10,7,10,0.3000,2026,9996105257,9996103798,46,1524
docs\inst_test\instancias\n_1000_7,300,10,7,20,0.2000,123,9996105257,9996103798,35,1524
docs\inst_test\instancias\n_1000_7,300,10,7,20,0.3000,123,9996105257,9996103798,28,1524
docs\inst_test\instancias\n_1000_7,300,10,10,5,0.2000,42,9996105264,9996103875,26,1524
docs\inst_test\instancias\n_1000_7,300,10,10,5,0.3000,2026,9996105257,9996103798,28,1524
docs\inst_test\instancias\n_1000_7,300,10,7,20,0.3000,2026,9996105257,9996103798,37,1524
docs\inst_test\instancias\n_1000_7,300,10,10,10,0.1000,42,9996105257,9996103798,22,1524
docs\inst_test\instancias\n_1000_7,300,10,10,5,0.1000,2026,9996105257,9996103798,42,1524
docs\inst_test\instancias\n_1000_7,300,10,10,5,0.1000,42,9996105257,9996103798,47,1524
docs\inst_test\instancias\n_1000_7,300,10,10,10,0.2000,123,9996105266,9996103835,24,1524
docs\inst_test\instancias\n_1000_7,300,10,10,5,0.3000,123,9996105266,9996103835,40,1524
docs\inst_test\instancias\n_1000_7,300,10,10,5,0.1000,123,9996105266,9996103835,49,1524
docs\inst_test\instancias\n_1000_7,300,10,10,5,0.3000,42,9996105257,9996103798,43,1524
docs\inst_test\instancias\n_1000_7,300,10,10,10,0.1000,2026,9996105257,9996103798,31,1524
docs\inst_test\instancias\n_1000_7,300,10,10,5,0.2000,123,9996105266,9996103835,48,1524
docs\inst_test\instancias\n_1000_7,300,10,10,5,0.2000,2026,9996105257,9996103798,48,1524
docs\inst_test\instancias\n_1000_7,300,10,10,10,0.2000,2026,9996105257,9996103798,32,1524
docs\inst_test\instancias\n_1000_7,300,10,10,10,0.3000,2026,9996105257,9996103798,24,1524
docs\inst_test\instancias\n_1000_7,300,10,10,10,0.1000,123,9996105266,9996103835,45,1524
docs\inst_test\instancias\n_1000_7,300,10,10,10,0.3000,42,9996105257,9996103798,34,1524
docs\inst_test\instancias\n_1000_7,300,10,10,10,0.2000,42,9996105257,9996103798,41,1524
docs\inst_test\instancias\n_1000_7,300,10,10,20,0.2000,42,9996105257,9996103798,21,1524
docs\inst_test\instancias\n_1000_7,300,10,10,20,0.3000,42,9996105257,9996103798,21,1524
docs\inst_test\instancias\n_1000_7,300,10,10,20,0.2000,123,9996105257,9996103798,23,1524
docs\inst_test\instancias\n_1000_7,300,10,10,10,0.3000,123,9996105266,9996103835,37,1524
docs\inst_test\instancias\n_1000_7,300,10,10,20,0.1000,42,9996105257,9996103798,44,1524
docs\inst_test\instancias\n_1000_7,300,10,10,20,0.3000,2026,9996105257,9996103798,33,1524
docs\inst_test\instancias\n_1000_7,300,10,10,20,0.1000,123,9996105257,9996103798,45,1524
docs\inst_test\instancias\n_1000_7,300,10,15,5,0.1000,2026,9996105257,9996103798,30,1524
docs\inst_test\instancias\n_1000_7,300,10,10,20,0.2000,2026,9996105257,9996103798,41,1524
docs\inst_test\instancias\n_1000_7,300,10,10,20,0.1000,2026,9996105257,9996103798,45,1524
docs\inst_test\instancias\n_1000_7,300,10,15,5,0.3000,42,9996105257,9996103798,27,1524
docs\inst_test\instancias\n_1000_7,300,10,15,10,0.1000,42,9996105257,9996103798,24,1524
docs\inst_test\instancias\n_1000_7,300,10,10,20,0.3000,123,9996105257,9996103798,47,1524
docs\inst_test\instancias\n_1000_7,300,10,15,5,0.1000,123,9996105266,9996103835,41,1524
docs\inst_test\instancias\n_1000_7,300,10,15,5,0.3000,123,9996105266,9996103835,27,1524
docs\inst_test\instancias\n_1000_7,300,10,15,5,0.1000,42,9996105257,9996103798,47,1524
docs\inst_test\instancias\n_1000_7,300,10,15,5,0.3000,2026,9996105257,9996103798,31,1524
docs\inst_test\instancias\n_1000_7,300,10,15,5,0.2000,42,9996105264,9996103875,47,1524
docs\inst_test\instancias\n_1000_7,300,10,15,10,0.1000,2026,9996105257,9996103798,22,1524
docs\inst_test\instancias\n_1000_7,300,10,15,5,0.2000,123,9996105266,9996103835,47,1524
docs\inst_test\instancias\n_1000_7,300,10,15,5,0.2000,2026,9996105257,9996103798,47,1524
docs\inst_test\instancias\n_1000_7,300,10,15,10,0.1000,123,9996105266,9996103835,34,1524
docs\inst_test\instancias\n_1000_7,300,10,15,20,0.1000,42,9996105257,9996103798,21,1524
docs\inst_test\instancias\n_1000_7,300,10,15,10,0.3000,123,9996105266,9996103835,22,1524
docs\inst_test\instancias\n_1000_7,300,10,15,10,0.2000,42,9996105257,9996103798,41,1524
docs\inst_test\instancias\n_1000_7,300,10,15,20,0.2000,123,9996105257,9996103798,26,1524
docs\inst_test\instancias\n_1000_7,300,10,15,10,0.3000,42,9996105257,9996103798,39,1524
docs\inst_test\instancias\n_1000_7,300,10,15,10,0.2000,123,9996105266,9996103835,41,1524
docs\inst_test\instancias\n_1000_7,300,10,15,20,0.1000,123,9996105257,9996103798,39,1524
docs\inst_test\instancias\n_1000_7,300,10,15,20,0.2000,42,9996105257,9996103798,39,1524
docs\inst_test\instancias\n_1000_7,300,10,15,20,0.1000,2026,9996105257,9996103798,41,1524
docs\inst_test\instancias\n_1000_7,300,10,15,20,0.3000,123,9996105257,9996103798,30,1524
docs\inst_test\instancias\n_1000_7,300,10,15,20,0.3000,2026,9996105257,9996103798,30,1524
docs\inst_test\instancias\n_1000_7,300,10,15,10,0.2000,2026,9996105257,9996103798,49,1524
docs\inst_test\instancias\n_1000_7,300,10,15,10,0.3000,2026,9996105257,9996103798,42,1524
docs\inst_test\instancias\n_1000_7,300,10,15,20,0.3000,42,9996105257,9996103798,34,1524
docs\inst_test\instancias\n_1000_7,300,15,7,5,0.1000,123,9996105266,9996103835,26,1524
docs\inst_test\instancias\n_1000_7,300,10,15,20,0.2000,2026,9996105257,9996103798,39,1524
docs\inst_test\instancias\n_1000_7,300,15,7,5,0.1000,2026,9996105257,9996103798,33,1524
docs\inst_test\instancias\n_1000_7,300,15,7,5,0.1000,42,9996105257,9996103798,45,1524
docs\inst_test\instancias\n_1000_7,300,15,7,5,0.2000,123,9996105266,9996103835,35,1524
docs\inst_test\instancias\n_1000_7,300,15,7,10,0.1000,123,9996105266,9996103835,24,1524
docs\inst_test\instancias\n_1000_7,300,15,7,10,0.1000,2026,9996105257,9996103798,25,1524
docs\inst_test\instancias\n_1000_7,300,15,7,5,0.2000,2026,9996105257,9996103798,38,1524
docs\inst_test\instancias\n_1000_7,300,15,7,10,0.3000,42,9996105257,9996103798,23,1524
docs\inst_test\instancias\n_1000_7,300,15,7,5,0.2000,42,9996105264,9996103875,40,1524
docs\inst_test\instancias\n_1000_7,300,15,7,10,0.2000,2026,9996105257,9996103798,31,1524
docs\inst_test\instancias\n_1000_7,300,15,7,10,0.2000,123,9996105266,9996103835,37,1524
docs\inst_test\instancias\n_1000_7,300,15,7,5,0.3000,42,9996105257,9996103798,47,1524
docs\inst_test\instancias\n_1000_7,300,15,7,20,0.1000,42,9996105257,9996103798,22,1524
docs\inst_test\instancias\n_1000_7,300,15,7,5,0.3000,123,9996105266,9996103835,47,1524
docs\inst_test\instancias\n_1000_7,300,15,7,10,0.2000,42,9996105257,9996103798,45,1524
docs\inst_test\instancias\n_1000_7,300,15,7,10,0.1000,42,9996105257,9996103798,47,1524
docs\inst_test\instancias\n_1000_7,300,15,7,5,0.3000,2026,9996105257,9996103798,47,1524
docs\inst_test\instancias\n_1000_7,300,15,7,10,0.3000,123,9996105266,9996103835,40,1524
docs\inst_test\instancias\n_1000_7,300,15,7,10,0.3000,2026,9996105257,9996103798,40,1524
docs\inst_test\instancias\n_1000_7,300,15,7,20,0.1000,2026,9996105257,9996103798,33,1524
docs\inst_test\instancias\n_1000_7,300,15,7,20,0.3000,42,9996105257,9996103798,29,1524
docs\inst_test\instancias\n_1000_7,300,15,7,20,0.2000,2026,9996105257,9996103798,33,1524
docs\inst_test\instancias\n_1000_7,300,15,7,20,0.2000,42,9996105257,9996103798,38,1524
docs\inst_test\instancias\n_1000_7,300,15,7,20,0.1000,123,9996105257,9996103798,40,1524
docs\inst_test\instancias\n_1000_7,300,15,7,20,0.3000,2026,9996105257,9996103798,27,1524
docs\inst_test\instancias\n_1000_7,300,15,10,5,0.1000,123,9996105266,9996103835,27,1524
docs\inst_test\instancias\n_1000_7,300,15,7,20,0.3000,123,9996105257,9996103798,37,1524
docs\inst_test\instancias\n_1000_7,300,15,7,20,0.2000,123,9996105257,9996103798,43,1524
docs\inst_test\instancias\n_1000_7,300,15,10,5,0.3000,123,9996105266,9996103835,27,1524
docs\inst_test\instancias\n_1000_7,300,15,10,10,0.1000,42,9996105257,9996103798,23,1524
docs\inst_test\instancias\n_1000_7,300,15,10,5,0.2000,42,9996105264,9996103875,36,1524
docs\inst_test\instancias\n_1000_7,300,15,10,5,0.1000,42,9996105257,9996103798,46,1524
docs\inst_test\instancias\n_1000_7,300,15,10,10,0.1000,2026,9996105257,9996103798,25,1524
docs\inst_test\instancias\n_1000_7,300,15,10,5,0.1000,2026,9996105257,9996103798,47,1524
docs\inst_test\instancias\n_1000_7,300,15,10,5,0.2000,2026,9996105257,9996103798,46,1524
docs\inst_test\instancias\n_1000_7,300,15,10,5,0.3000,42,9996105257,9996103798,47,1524
docs\inst_test\instancias\n_1000_7,300,15,10,10,0.3000,123,9996105266,9996103835,23,1524
docs\inst_test\instancias\n_1000_7,300,15,10,5,0.2000,123,9996105266,9996103835,49,1524
docs\inst_test\instancias\n_1000_7,300,15,10,5,0.3000,2026,9996105257,9996103798,44,1524
docs\inst_test\instancias\n_1000_7,300,15,10,20,0.1000,42,9996105257,9996103798,21,1524
docs\inst_test\instancias\n_1000_7,300,15,10,10,0.1000,123,9996105266,9996103835,41,1524
docs\inst_test\instancias\n_1000_7,300,15,10,10,0.2000,123,9996105266,9996103835,40,1524
docs\inst_test\instancias\n_1000_7,300,15,10,10,0.3000,2026,9996105257,9996103798,26,1524
docs\inst_test\instancias\n_1000_7,300,15,10,10,0.2000,2026,9996105257,9996103798,40,1524
docs\inst_test\instancias\n_1000_7,300,15,10,10,0.2000,42,9996105257,9996103798,47,1524
docs\inst_test\instancias\n_1000_7,300,15,10,20,0.1000,2026,9996105257,9996103798,27,1524
docs\inst_test\instancias\n_1000_7,300,15,10,10,0.3000,42,9996105257,9996103798,42,1524
docs\inst_test\instancias\n_1000_7,300,15,10,20,0.2000,42,9996105257,9996103798,26,1524
docs\inst_test\instancias\n_1000_7,300,15,10,20,0.3000,2026,9996105257,9996103798,21,1524
docs\inst_test\instancias\n_1000_7,300,15,10,20,0.1000,123,9996105257,9996103798,38,1524
docs\inst_test\instancias\n_1000_7,300,15,10,20,0.3000,123,9996105257,9996103798,30,1524
docs\inst_test\instancias\n_1000_7,300,15,10,20,0.2000,123,9996105257,9996103798,39,1524
docs\inst_test\instancias\n_1000_7,300,15,10,20,0.2000,2026,9996105257,9996103798,38,1524
docs\inst_test\instancias\n_1000_7,300,15,10,20,0.3000,42,9996105257,9996103798,39,1524
docs\inst_test\instancias\n_1000_7,300,15,15,5,0.2000,123,9996105266,9996103835,28,1524
docs\inst_test\instancias\n_1000_7,300,15,15,10,0.1000,42,9996105257,9996103798,23,1524
docs\inst_test\instancias\n_1000_7,300,15,15,5,0.2000,42,9996105264,9996103875,35,1524
docs\inst_test\instancias\n_1000_7,300,15,15,10,0.1000,123,9996105266,9996103835,22,1524
docs\inst_test\instancias\n_1000_7,300,15,15,5,0.1000,123,9996105266,9996103835,40,1524
docs\inst_test\instancias\n_1000_7,300,15,15,5,0.1000,2026,9996105257,9996103798,40,1524
docs\inst_test\instancias\n_1000_7,300,15,15,10,0.1000,2026,9996105257,9996103798,31,1524
docs\inst_test\instancias\n_1000_7,300,15,15,5,0.1000,42,9996105257,9996103798,50,1524
docs\inst_test\instancias\n_1000_7,300,15,15,5,0.3000,123,9996105266,9996103835,41,1524
docs\inst_test\instancias\n_1000_7,300,15,15,5,0.2000,2026,9996105257,9996103798,47,1524
docs\inst_test\instancias\n_1000_7,300,15,15,10,0.3000,123,9996105266,9996103835,24,1524
docs\inst_test\instancias\n_1000_7,300,15,15,5,0.3000,42,9996105257,9996103798,49,1524
docs\inst_test\instancias\n_1000_7,300,15,15,20,0.1000,123,9996105257,9996103798,20,1524
docs\inst_test\instancias\n_1000_7,300,15,15,5,0.3000,2026,9996105257,9996103798,50,1524
docs\inst_test\instancias\n_1000_7,300,15,15,20,0.1000,2026,9996105257,9996103798,20,1524
docs\inst_test\instancias\n_1000_7,300,15,15,10,0.2000,123,9996105266,9996103835,33,1524
docs\inst_test\instancias\n_1000_7,300,15,15,10,0.2000,42,9996105257,9996103798,47,1524
docs\inst_test\instancias\n_1000_7,300,15,15,10,0.2000,2026,9996105257,9996103798,42,1524
docs\inst_test\instancias\n_1000_7,300,15,15,20,0.3000,42,9996105257,9996103798,21,1524
docs\inst_test\instancias\n_1000_7,300,15,15,10,0.3000,42,9996105257,9996103798,41,1524
docs\inst_test\instancias\n_1000_7,300,15,15,10,0.3000,2026,9996105257,9996103798,40,1524
docs\inst_test\instancias\n_1000_7,300,15,15,20,0.3000,2026,9996105257,9996103798,21,1524
docs\inst_test\instancias\n_1000_7,300,15,15,20,0.1000,42,9996105257,9996103798,39,1524
docs\inst_test\instancias\n_1000_7,300,15,15,20,0.2000,42,9996105257,9996103798,39,1524
docs\inst_test\instancias\n_1000_7,300,15,15,20,0.3000,123,9996105257,9996103798,31,1524
docs\inst_test\instancias\n_1000_7,300,20,7,5,0.1000,123,9996105266,9996103835,27,1524
docs\inst_test\instancias\n_1000_7,300,15,15,20,0.2000,123,9996105257,9996103798,38,1524
docs\inst_test\instancias\n_1000_7,300,15,15,20,0.2000,2026,9996105257,9996103798,40,1524
docs\inst_test\instancias\n_1000_7,300,20,7,5,0.2000,42,9996105264,9996103875,27,1524
docs\inst_test\instancias\n_1000_7,300,20,7,5,0.3000,123,9996105266,9996103835,33,1524
docs\inst_test\instancias\n_1000_7,300,20,7,10,0.2000,2026,9996105257,9996103798,23,1524
docs\inst_test\instancias\n_1000_7,300,20,7,5,0.1000,42,9996105257,9996103798,52,1524
docs\inst_test\instancias\n_1000_7,300,20,7,5,0.2000,123,9996105266,9996103835,47,1524
docs\inst_test\instancias\n_1000_7,300,20,7,5,0.1000,2026,9996105257,9996103798,51,1524
docs\inst_test\instancias\n_1000_7,300,20,7,10,0.2000,123,9996105266,9996103835,26,1524
docs\inst_test\instancias\n_1000_7,300,20,7,10,0.3000,2026,9996105257,9996103798,23,1524
docs\inst_test\instancias\n_1000_7,300,20,7,10,0.1000,123,9996105266,9996103835,35,1524
docs\inst_test\instancias\n_1000_7,300,20,7,5,0.2000,2026,9996105257,9996103798,46,1524
docs\inst_test\instancias\n_1000_7,300,20,7,10,0.1000,42,9996105257,9996103798,40,1524
docs\inst_test\instancias\n_1000_7,300,20,7,5,0.3000,42,9996105257,9996103798,46,1524
docs\inst_test\instancias\n_1000_7,300,20,7,5,0.3000,2026,9996105257,9996103798,46,1524
docs\inst_test\instancias\n_1000_7,300,20,7,10,0.1000,2026,9996105257,9996103798,42,1524
docs\inst_test\instancias\n_1000_7,300,20,7,10,0.2000,42,9996105257,9996103798,41,1524
docs\inst_test\instancias\n_1000_7,300,20,7,10,0.3000,42,9996105257,9996103798,41,1524
docs\inst_test\instancias\n_1000_7,300,20,7,20,0.1000,123,9996105257,9996103798,20,1524
docs\inst_test\instancias\n_1000_7,300,20,7,10,0.3000,123,9996105266,9996103835,42,1524
docs\inst_test\instancias\n_1000_7,300,20,7,20,0.2000,42,9996105257,9996103798,21,1524
docs\inst_test\instancias\n_1000_7,300,20,7,20,0.3000,42,9996105257,9996103798,21,1524
docs\inst_test\instancias\n_1000_7,300,20,7,20,0.3000,123,9996105257,9996103798,25,1524
docs\inst_test\instancias\n_1000_7,300,20,7,20,0.2000,123,9996105257,9996103798,29,1524
docs\inst_test\instancias\n_1000_7,300,20,7,20,0.1000,42,9996105257,9996103798,37,1524
docs\inst_test\instancias\n_1000_7,300,20,10,5,0.1000,42,9996105257,9996103798,36,1524
docs\inst_test\instancias\n_1000_7,300,20,7,20,0.2000,2026,9996105257,9996103798,41,1524
docs\inst_test\instancias\n_1000_7,300,20,7,20,0.1000,2026,9996105257,9996103798,45,1524
docs\inst_test\instancias\n_1000_7,300,20,10,5,0.3000,42,9996105257,9996103798,27,1524
docs\inst_test\instancias\n_1000_7,300,20,7,20,0.3000,2026,9996105257,9996103798,39,1524
docs\inst_test\instancias\n_1000_7,300,20,10,5,0.2000,42,9996105264,9996103875,38,1524
docs\inst_test\instancias\n_1000_7,300,20,10,5,0.2000,123,9996105266,9996103835,39,1524
docs\inst_test\instancias\n_1000_7,300,20,10,5,0.1000,2026,9996105257,9996103798,45,1524
docs\inst_test\instancias\n_1000_7,300,20,10,5,0.1000,123,9996105266,9996103835,46,1524
docs\inst_test\instancias\n_1000_7,300,20,10,10,0.1000,42,9996105257,9996103798,32,1524
docs\inst_test\instancias\n_1000_7,300,20,10,5,0.2000,2026,9996105257,9996103798,39,1524
docs\inst_test\instancias\n_1000_7,300,20,10,10,0.2000,42,9996105257,9996103798,25,1524
docs\inst_test\instancias\n_1000_7,300,20,10,5,0.3000,123,9996105266,9996103835,37,1524
docs\inst_test\instancias\n_1000_7,300,20,10,10,0.1000,2026,9996105257,9996103798,31,1524
docs\inst_test\instancias\n_1000_7,300,20,10,10,0.1000,123,9996105266,9996103835,40,1524
docs\inst_test\instancias\n_1000_7,300,20,10,20,0.1000,42,9996105257,9996103798,20,1524
docs\inst_test\instancias\n_1000_7,300,20,10,10,0.3000,123,9996105266,9996103835,22,1524
docs\inst_test\instancias\n_1000_7,300,20,10,5,0.3000,2026,9996105257,9996103798,50,1524
docs\inst_test\instancias\n_1000_7,300,20,10,10,0.3000,2026,9996105257,9996103798,31,1524
docs\inst_test\instancias\n_1000_7,300,20,10,20,0.2000,123,9996105257,9996103798,24,1524
docs\inst_test\instancias\n_1000_7,300,20,10,20,0.3000,42,9996105257,9996103798,22,1524
docs\inst_test\instancias\n_1000_7,300,20,10,10,0.2000,123,9996105266,9996103835,41,1524
docs\inst_test\instancias\n_1000_7,300,20,10,10,0.3000,42,9996105257,9996103798,39,1524
docs\inst_test\instancias\n_1000_7,300,20,10,20,0.2000,2026,9996105257,9996103798,30,1524
docs\inst_test\instancias\n_1000_7,300,20,10,20,0.1000,123,9996105257,9996103798,37,1524
docs\inst_test\instancias\n_1000_7,300,20,10,20,0.1000,2026,9996105257,9996103798,35,1524
docs\inst_test\instancias\n_1000_7,300,20,10,10,0.2000,2026,9996105257,9996103798,50,1524
docs\inst_test\instancias\n_1000_7,300,20,10,20,0.3000,123,9996105257,9996103798,37,1524
docs\inst_test\instancias\n_1000_7,300,20,15,5,0.1000,42,9996105257,9996103798,26,1524
docs\inst_test\instancias\n_1000_7,300,20,15,5,0.1000,2026,9996105257,9996103798,26,1524
docs\inst_test\instancias\n_1000_7,300,20,10,20,0.2000,42,9996105257,9996103798,42,1524
docs\inst_test\instancias\n_1000_7,300,20,10,20,0.3000,2026,9996105257,9996103798,37,1524
docs\inst_test\instancias\n_1000_7,300,20,15,5,0.2000,2026,9996105257,9996103798,26,1524
docs\inst_test\instancias\n_1000_7,300,20,15,5,0.3000,42,9996105257,9996103798,28,1524
docs\inst_test\instancias\n_1000_7,300,20,15,5,0.1000,123,9996105266,9996103835,42,1524
docs\inst_test\instancias\n_1000_7,300,20,15,10,0.2000,2026,9996105257,9996103798,23,1524
docs\inst_test\instancias\n_1000_7,300,20,15,10,0.3000,42,9996105257,9996103798,23,1524
docs\inst_test\instancias\n_1000_7,300,20,15,5,0.2000,123,9996105266,9996103835,43,1524
docs\inst_test\instancias\n_1000_7,300,20,15,5,0.2000,42,9996105264,9996103875,50,1524
docs\inst_test\instancias\n_1000_7,300,20,15,10,0.1000,42,9996105257,9996103798,38,1524
docs\inst_test\instancias\n_1000_7,300,20,15,10,0.2000,123,9996105266,9996103835,34,1524
docs\inst_test\instancias\n_1000_7,300,20,15,10,0.1000,123,9996105266,9996103835,42,1524
docs\inst_test\instancias\n_1000_7,300,20,15,5,0.3000,123,9996105266,9996103835,46,1524
docs\inst_test\instancias\n_1000_7,300,20,15,20,0.1000,123,9996105257,9996103798,23,1524
docs\inst_test\instancias\n_1000_7,300,20,15,5,0.3000,2026,9996105257,9996103798,47,1524
docs\inst_test\instancias\n_1000_7,300,20,15,20,0.1000,42,9996105257,9996103798,27,1524
docs\inst_test\instancias\n_1000_7,300,20,15,10,0.3000,123,9996105266,9996103835,36,1524
docs\inst_test\instancias\n_1000_7,300,20,15,10,0.3000,2026,9996105257,9996103798,35,1524
docs\inst_test\instancias\n_1000_7,300,20,15,20,0.1000,2026,9996105257,9996103798,24,1524
docs\inst_test\instancias\n_1000_7,300,20,15,10,0.1000,2026,9996105257,9996103798,50,1524
docs\inst_test\instancias\n_1000_7,300,20,15,20,0.2000,123,9996105257,9996103798,23,1524
docs\inst_test\instancias\n_1000_7,300,20,15,20,0.2000,42,9996105257,9996103798,23,1524
docs\inst_test\instancias\n_1000_7,300,20,15,20,0.3000,42,9996105257,9996103798,21,1524
docs\inst_test\instancias\n_1000_7,300,20,15,10,0.2000,42,9996105257,9996103798,50,1524
docs\inst_test\instancias\n_1000_7,300,20,15,20,0.2000,2026,9996105257,9996103798,27,1524
docs\inst_test\instancias\n_1000_7,300,20,15,20,0.3000,123,9996105257,9996103798,35,1524
docs\inst_test\instancias\n_1000_7,300,20,15,20,0.3000,2026,9996105257,9996103798,38,1524
docs\inst_test\instancias\n_1000_7,500,10,7,5,0.3000,2026,9996105257,9996103798,45,1524
docs\inst_test\instancias\n_1000_7,500,10,7,10,0.1000,2026,9996105257,9996103798,42,1524
docs\inst_test\instancias\n_1000_7,500,10,7,10,0.1000,123,9996105266,9996103835,49,1524
docs\inst_test\instancias\n_1000_7,500,10,7,10,0.2000,123,9996105266,9996103835,44,1524
docs\inst_test\instancias\n_1000_7,500,10,7,5,0.2000,123,9996105266,9996103835,67,1524
docs\inst_test\instancias\n_1000_7,500,10,7,5,0.1000,2026,9996105264,9996103875,68,1524
docs\inst_test\instancias\n_1000_7,500,10,7,5,0.3000,123,9996105266,9996103835,65,1524
docs\inst_test\instancias\n_1000_7,500,10,7,10,0.2000,42,9996105257,9996103798,57,1524
docs\inst_test\instancias\n_1000_7,500,10,7,5,0.1000,123,9996105266,9996103835,75,1524
docs\inst_test\instancias\n_1000_7,500,10,7,10,0.1000,42,9996105257,9996103798,67,1524
docs\inst_test\instancias\n_1000_7,500,10,7,5,0.1000,42,9996105257,9996103798,79,1524
docs\inst_test\instancias\n_1000_7,500,10,7,5,0.2000,42,9996105264,9996103875,79,1524
docs\inst_test\instancias\n_1000_7,500,10,7,5,0.3000,42,9996105257,9996103798,78,1524
docs\inst_test\instancias\n_1000_7,500,10,7,10,0.2000,2026,9996105257,9996103798,51,1524
docs\inst_test\instancias\n_1000_7,500,10,7,5,0.2000,2026,9996105264,9996103875,81,1524
docs\inst_test\instancias\n_1000_7,500,10,7,20,0.1000,123,9996105257,9996103798,36,1524
docs\inst_test\instancias\n_1000_7,500,10,7,10,0.3000,2026,9996105257,9996103798,45,1524
docs\inst_test\instancias\n_1000_7,500,10,7,10,0.3000,42,9996105257,9996103798,66,1524
docs\inst_test\instancias\n_1000_7,500,10,7,20,0.1000,42,9996105257,9996103798,50,1524
docs\inst_test\instancias\n_1000_7,500,10,7,20,0.3000,42,9996105257,9996103798,35,1524
docs\inst_test\instancias\n_1000_7,500,10,7,20,0.1000,2026,9996105257,9996103798,45,1524
docs\inst_test\instancias\n_1000_7,500,10,7,20,0.2000,123,9996105257,9996103798,45,1524
docs\inst_test\instancias\n_1000_7,500,10,7,10,0.3000,123,9996105266,9996103835,63,1524
docs\inst_test\instancias\n_1000_7,500,10,10,5,0.1000,2026,9996105264,9996103875,46,1524
docs\inst_test\instancias\n_1000_7,500,10,7,20,0.2000,2026,9996105257,9996103798,58,1524
docs\inst_test\instancias\n_1000_7,500,10,7,20,0.3000,123,9996105257,9996103798,51,1524
docs\inst_test\instancias\n_1000_7,500,10,7,20,0.3000,2026,9996105257,9996103798,51,1524
docs\inst_test\instancias\n_1000_7,500,10,7,20,0.2000,42,9996105257,9996103798,71,1524
docs\inst_test\instancias\n_1000_7,500,10,10,5,0.1000,42,9996105257,9996103798,61,1524
docs\inst_test\instancias\n_1000_7,500,10,10,5,0.1000,123,9996105266,9996103835,65,1524
docs\inst_test\instancias\n_1000_7,500,10,10,5,0.2000,42,9996105264,9996103875,67,1524
docs\inst_test\instancias\n_1000_7,500,10,10,10,0.1000,123,9996105266,9996103835,37,1524
docs\inst_test\instancias\n_1000_7,500,10,10,5,0.3000,2026,9996105257,9996103798,50,1524
docs\inst_test\instancias\n_1000_7,500,10,10,10,0.2000,42,9996105257,9996103798,44,1524
docs\inst_test\instancias\n_1000_7,500,10,10,5,0.2000,123,9996105266,9996103835,75,1524
docs\inst_test\instancias\n_1000_7,500,10,10,10,0.1000,42,9996105257,9996103798,65,1524
docs\inst_test\instancias\n_1000_7,500,10,10,5,0.3000,123,9996105266,9996103835,71,1524
docs\inst_test\instancias\n_1000_7,500,10,10,5,0.2000,2026,9996105264,9996103875,82,1524
docs\inst_test\instancias\n_1000_7,500,10,10,5,0.3000,42,9996105257,9996103798,79,1524
docs\inst_test\instancias\n_1000_7,500,10,10,10,0.2000,123,9996105266,9996103835,54,1524
docs\inst_test\instancias\n_1000_7,500,10,10,20,0.1000,123,9996105257,9996103798,34,1524
docs\inst_test\instancias\n_1000_7,500,10,10,10,0.1000,2026,9996105257,9996103798,71,1524
docs\inst_test\instancias\n_1000_7,500,10,10,20,0.1000,2026,9996105257,9996103798,35,1524
docs\inst_test\instancias\n_1000_7,500,10,10,10,0.3000,2026,9996105257,9996103798,47,1524
docs\inst_test\instancias\n_1000_7,500,10,10,10,0.3000,123,9996105266,9996103835,53,1524
docs\inst_test\instancias\n_1000_7,500,10,10,10,0.2000,2026,9996105257,9996103798,67,1524
docs\inst_test\instancias\n_1000_7,500,10,10,10,0.3000,42,9996105257,9996103798,70,1524
docs\inst_test\instancias\n_1000_7,500,10,10,20,0.1000,42,9996105257,9996103798,59,1524
docs\inst_test\instancias\n_1000_7,500,10,10,20,0.2000,42,9996105257,9996103798,51,1524
docs\inst_test\instancias\n_1000_7,500,10,15,5,0.1000,123,9996105266,9996103835,44,1524
docs\inst_test\instancias\n_1000_7,500,10,15,5,0.1000,2026,9996105264,9996103875,44,1524
docs\inst_test\instancias\n_1000_7,500,10,10,20,0.3000,123,9996105257,9996103798,53,1524
docs\inst_test\instancias\n_1000_7,500,10,10,20,0.2000,2026,9996105257,9996103798,64,1524
docs\inst_test\instancias\n_1000_7,500,10,10,20,0.2000,123,9996105257,9996103798,68,1524
docs\inst_test\instancias\n_1000_7,500,10,15,5,0.2000,2026,9996105264,9996103875,53,1524
docs\inst_test\instancias\n_1000_7,500,10,15,10,0.1000,42,9996105257,9996103798,38,1524
docs\inst_test\instancias\n_1000_7,500,10,10,20,0.3000,42,9996105257,9996103798,67,1524
docs\inst_test\instancias\n_1000_7,500,10,15,10,0.1000,123,9996105266,9996103835,38,1524
docs\inst_test\instancias\n_1000_7,500,10,15,5,0.2000,123,9996105266,9996103835,63,1524
docs\inst_test\instancias\n_1000_7,500,10,15,5,0.1000,42,9996105257,9996103798,72,1524
docs\inst_test\instancias\n_1000_7,500,10,10,20,0.3000,2026,9996105257,9996103798,74,1524
docs\inst_test\instancias\n_1000_7,500,10,15,5,0.3000,42,9996105257,9996103798,72,1524
docs\inst_test\instancias\n_1000_7,500,10,15,5,0.2000,42,9996105264,9996103875,79,1524
docs\inst_test\instancias\n_1000_7,500,10,15,10,0.2000,42,9996105257,9996103798,38,1524
docs\inst_test\instancias\n_1000_7,500,10,15,5,0.3000,123,9996105266,9996103835,77,1524
docs\inst_test\instancias\n_1000_7,500,10,15,10,0.1000,2026,9996105257,9996103798,50,1524
docs\inst_test\instancias\n_1000_7,500,10,15,5,0.3000,2026,9996105257,9996103798,79,1524
docs\inst_test\instancias\n_1000_7,500,10,15,10,0.2000,123,9996105266,9996103835,48,1524
docs\inst_test\instancias\n_1000_7,500,10,15,20,0.1000,123,9996105257,9996103798,34,1524
docs\inst_test\instancias\n_1000_7,500,10,15,20,0.2000,42,9996105257,9996103798,35,1524
docs\inst_test\instancias\n_1000_7,500,10,15,20,0.2000,123,9996105257,9996103798,35,1524
docs\inst_test\instancias\n_1000_7,500,10,15,20,0.1000,42,9996105257,9996103798,55,1524
docs\inst_test\instancias\n_1000_7,500,10,15,10,0.3000,123,9996105266,9996103835,59,1524
docs\inst_test\instancias\n_1000_7,500,10,15,20,0.3000,123,9996105257,9996103798,35,1524
docs\inst_test\instancias\n_1000_7,500,10,15,10,0.2000,2026,9996105257,9996103798,69,1524
docs\inst_test\instancias\n_1000_7,500,10,15,10,0.3000,2026,9996105257,9996103798,64,1524
docs\inst_test\instancias\n_1000_7,500,10,15,20,0.2000,2026,9996105257,9996103798,44,1524
docs\inst_test\instancias\n_1000_7,500,10,15,10,0.3000,42,9996105257,9996103798,75,1524
docs\inst_test\instancias\n_1000_7,500,10,15,20,0.3000,2026,9996105257,9996103798,43,1524
docs\inst_test\instancias\n_1000_7,500,10,15,20,0.1000,2026,9996105257,9996103798,79,1524
docs\inst_test\instancias\n_1000_7,500,10,15,20,0.3000,42,9996105257,9996103798,63,1524
docs\inst_test\instancias\n_1000_7,500,15,7,5,0.2000,123,9996105266,9996103835,45,1524
docs\inst_test\instancias\n_1000_7,500,15,7,5,0.2000,2026,9996105264,9996103875,44,1524
docs\inst_test\instancias\n_1000_7,500,15,7,5,0.1000,123,9996105266,9996103835,64,1524
docs\inst_test\instancias\n_1000_7,500,15,7,5,0.3000,2026,9996105257,9996103798,45,1524
docs\inst_test\instancias\n_1000_7,500,15,7,10,0.1000,123,9996105266,9996103835,44,1524
docs\inst_test\instancias\n_1000_7,500,15,7,5,0.1000,2026,9996105264,9996103875,70,1524
docs\inst_test\instancias\n_1000_7,500,15,7,5,0.1000,42,9996105257,9996103798,77,1524
docs\inst_test\instancias\n_1000_7,500,15,7,5,0.3000,123,9996105266,9996103835,54,1524
docs\inst_test\instancias\n_1000_7,500,15,7,5,0.2000,42,9996105264,9996103875,71,1524
docs\inst_test\instancias\n_1000_7,500,15,7,10,0.1000,2026,9996105257,9996103798,51,1524
docs\inst_test\instancias\n_1000_7,500,15,7,10,0.1000,42,9996105257,9996103798,60,1524
docs\inst_test\instancias\n_1000_7,500,15,7,5,0.3000,42,9996105257,9996103798,68,1524
docs\inst_test\instancias\n_1000_7,500,15,7,10,0.3000,123,9996105266,9996103835,47,1524
docs\inst_test\instancias\n_1000_7,500,15,7,10,0.2000,123,9996105266,9996103835,66,1524
docs\inst_test\instancias\n_1000_7,500,15,7,20,0.1000,123,9996105257,9996103798,35,1524
docs\inst_test\instancias\n_1000_7,500,15,7,10,0.2000,42,9996105257,9996103798,72,1524
docs\inst_test\instancias\n_1000_7,500,15,7,10,0.3000,42,9996105257,9996103798,56,1524
docs\inst_test\instancias\n_1000_7,500,15,7,20,0.1000,2026,9996105257,9996103798,37,1524
docs\inst_test\instancias\n_1000_7,500,15,7,20,0.1000,42,9996105257,9996103798,54,1524
docs\inst_test\instancias\n_1000_7,500,15,7,10,0.2000,2026,9996105257,9996103798,71,1524
docs\inst_test\instancias\n_1000_7,500,15,7,20,0.3000,123,9996105257,9996103798,48,1524
docs\inst_test\instancias\n_1000_7,500,15,7,20,0.2000,2026,9996105257,9996103798,53,1524
docs\inst_test\instancias\n_1000_7,500,15,7,20,0.2000,123,9996105257,9996103798,55,1524
docs\inst_test\instancias\n_1000_7,500,15,7,20,0.3000,42,9996105257,9996103798,55,1524
docs\inst_test\instancias\n_1000_7,500,15,7,10,0.3000,2026,9996105257,9996103798,77,1524
docs\inst_test\instancias\n_1000_7,500,15,7,20,0.3000,2026,9996105257,9996103798,55,1524
docs\inst_test\instancias\n_1000_7,500,15,7,20,0.2000,42,9996105257,9996103798,67,1524
docs\inst_test\instancias\n_1000_7,500,15,10,5,0.1000,123,9996105266,9996103835,48,1524
docs\inst_test\instancias\n_1000_7,500,15,10,5,0.3000,42,9996105257,9996103798,44,1524
docs\inst_test\instancias\n_1000_7,500,15,10,5,0.2000,2026,9996105264,9996103875,46,1524
docs\inst_test\instancias\n_1000_7,500,15,10,5,0.1000,42,9996105257,9996103798,63,1524
docs\inst_test\instancias\n_1000_7,500,15,10,5,0.3000,123,9996105266,9996103835,44,1524
docs\inst_test\instancias\n_1000_7,500,15,10,5,0.1000,2026,9996105264,9996103875,65,1524
docs\inst_test\instancias\n_1000_7,500,15,10,10,0.1000,123,9996105266,9996103835,40,1524
docs\inst_test\instancias\n_1000_7,500,15,10,5,0.3000,2026,9996105257,9996103798,49,1524
docs\inst_test\instancias\n_1000_7,500,15,10,5,0.2000,123,9996105266,9996103835,67,1524
docs\inst_test\instancias\n_1000_7,500,15,10,5,0.2000,42,9996105264,9996103875,72,1524
docs\inst_test\instancias\n_1000_7,500,15,10,10,0.1000,42,9996105257,9996103798,49,1524
docs\inst_test\instancias\n_1000_7,500,15,10,10,0.1000,2026,9996105257,9996103798,49,1524
docs\inst_test\instancias\n_1000_7,500,15,10,10,0.3000,123,9996105266,9996103835,35,1524
docs\inst_test\instancias\n_1000_7,500,15,10,10,0.2000,123,9996105266,9996103835,53,1524
docs\inst_test\instancias\n_1000_7,500,15,10,10,0.3000,42,9996105257,9996103798,48,1524
docs\inst_test\instancias\n_1000_7,500,15,10,10,0.3000,2026,9996105257,9996103798,37,1524
docs\inst_test\instancias\n_1000_7,500,15,10,10,0.2000,42,9996105257,9996103798,60,1524
docs\inst_test\instancias\n_1000_7,500,15,10,20,0.1000,2026,9996105257,9996103798,31,1524
docs\inst_test\instancias\n_1000_7,500,15,10,20,0.2000,42,9996105257,9996103798,31,1524
docs\inst_test\instancias\n_1000_7,500,15,10,10,0.2000,2026,9996105257,9996103798,60,1524
docs\inst_test\instancias\n_1000_7,500,15,10,20,0.1000,123,9996105257,9996103798,54,1524
docs\inst_test\instancias\n_1000_7,500,15,10,20,0.3000,2026,9996105257,9996103798,31,1524
docs\inst_test\instancias\n_1000_7,500,15,10,20,0.1000,42,9996105257,9996103798,60,1524
docs\inst_test\instancias\n_1000_7,500,15,10,20,0.2000,123,9996105257,9996103798,46,1524
docs\inst_test\instancias\n_1000_7,500,15,10,20,0.3000,123,9996105257,9996103798,44,1524
docs\inst_test\instancias\n_1000_7,500,15,10,20,0.3000,42,9996105257,9996103798,49,1524
docs\inst_test\instancias\n_1000_7,500,15,15,5,0.1000,42,9996105257,9996103798,51,1524
docs\inst_test\instancias\n_1000_7,500,15,10,20,0.2000,2026,9996105257,9996103798,62,1524
docs\inst_test\instancias\n_1000_7,500,15,15,5,0.3000,42,9996105257,9996103798,42,1524
docs\inst_test\instancias\n_1000_7,500,15,15,5,0.1000,2026,9996105264,9996103875,50,1524
docs\inst_test\instancias\n_1000_7,500,15,15,10,0.1000,42,9996105257,9996103798,34,1524
docs\inst_test\instancias\n_1000_7,500,15,15,10,0.1000,123,9996105266,9996103835,35,1524
docs\inst_test\instancias\n_1000_7,500,15,15,5,0.3000,2026,9996105257,9996103798,45,1524
docs\inst_test\instancias\n_1000_7,500,15,15,5,0.1000,123,9996105266,9996103835,60,1524
docs\inst_test\instancias\n_1000_7,500,15,15,5,0.2000,2026,9996105264,9996103875,56,1524
docs\inst_test\instancias\n_1000_7,500,15,15,5,0.2000,123,9996105266,9996103835,58,1524
docs\inst_test\instancias\n_1000_7,500,15,15,5,0.2000,42,9996105264,9996103875,62,1524
docs\inst_test\instancias\n_1000_7,500,15,15,5,0.3000,123,9996105266,9996103835,61,1524
docs\inst_test\instancias\n_1000_7,500,15,15,10,0.3000,42,9996105257,9996103798,35,1524
docs\inst_test\instancias\n_1000_7,500,15,15,10,0.3000,2026,9996105257,9996103798,34,1524
docs\inst_test\instancias\n_1000_7,500,15,15,10,0.3000,123,9996105266,9996103835,39,1524
docs\inst_test\instancias\n_1000_7,500,15,15,10,0.2000,2026,9996105257,9996103798,49,1524
docs\inst_test\instancias\n_1000_7,500,15,15,20,0.1000,123,9996105257,9996103798,32,1524
docs\inst_test\instancias\n_1000_7,500,15,15,10,0.2000,42,9996105257,9996103798,61,1524
docs\inst_test\instancias\n_1000_7,500,15,15,20,0.2000,42,9996105257,9996103798,30,1524
docs\inst_test\instancias\n_1000_7,500,15,15,10,0.1000,2026,9996105257,9996103798,64,1524
docs\inst_test\instancias\n_1000_7,500,15,15,20,0.2000,123,9996105257,9996103798,31,1524
docs\inst_test\instancias\n_1000_7,500,15,15,20,0.1000,42,9996105257,9996103798,43,1524
docs\inst_test\instancias\n_1000_7,500,15,15,10,0.2000,123,9996105266,9996103835,62,1524
docs\inst_test\instancias\n_1000_7,500,15,15,20,0.2000,2026,9996105257,9996103798,39,1524
docs\inst_test\instancias\n_1000_7,500,15,15,20,0.3000,123,9996105257,9996103798,49,1524
docs\inst_test\instancias\n_1000_7,500,15,15,20,0.3000,42,9996105257,9996103798,52,1524
docs\inst_test\instancias\n_1000_7,500,15,15,20,0.1000,2026,9996105257,9996103798,59,1524
docs\inst_test\instancias\n_1000_7,500,20,7,5,0.1000,42,9996105257,9996103798,41,1524
docs\inst_test\instancias\n_1000_7,500,20,7,5,0.2000,123,9996105266,9996103835,41,1524
docs\inst_test\instancias\n_1000_7,500,20,7,5,0.3000,2026,9996105257,9996103798,41,1524
docs\inst_test\instancias\n_1000_7,500,15,15,20,0.3000,2026,9996105257,9996103798,59,1524
docs\inst_test\instancias\n_1000_7,500,20,7,10,0.1000,2026,9996105257,9996103798,35,1524
docs\inst_test\instancias\n_1000_7,500,20,7,5,0.1000,123,9996105266,9996103835,56,1524
docs\inst_test\instancias\n_1000_7,500,20,7,5,0.1000,2026,9996105264,9996103875,54,1524
docs\inst_test\instancias\n_1000_7,500,20,7,5,0.3000,123,9996105266,9996103835,55,1524
docs\inst_test\instancias\n_1000_7,500,20,7,10,0.1000,123,9996105266,9996103835,51,1524
docs\inst_test\instancias\n_1000_7,500,20,7,10,0.2000,42,9996105257,9996103798,34,1524
docs\inst_test\instancias\n_1000_7,500,20,7,10,0.2000,123,9996105266,9996103835,35,1524
docs\inst_test\instancias\n_1000_7,500,20,7,5,0.2000,42,9996105264,9996103875,66,1524
docs\inst_test\instancias\n_1000_7,500,20,7,10,0.1000,42,9996105257,9996103798,59,1524
docs\inst_test\instancias\n_1000_7,500,20,7,5,0.2000,2026,9996105264,9996103875,66,1524
docs\inst_test\instancias\n_1000_7,500,20,7,5,0.3000,42,9996105257,9996103798,70,1524
docs\inst_test\instancias\n_1000_7,500,20,7,10,0.3000,42,9996105257,9996103798,46,1524
docs\inst_test\instancias\n_1000_7,500,20,7,20,0.2000,42,9996105257,9996103798,33,1524
docs\inst_test\instancias\n_1000_7,500,20,7,10,0.2000,2026,9996105257,9996103798,57,1524
docs\inst_test\instancias\n_1000_7,500,20,7,20,0.1000,123,9996105257,9996103798,40,1524
docs\inst_test\instancias\n_1000_7,500,20,7,10,0.3000,123,9996105266,9996103835,51,1524
docs\inst_test\instancias\n_1000_7,500,20,7,20,0.3000,123,9996105257,9996103798,31,1524
docs\inst_test\instancias\n_1000_7,500,20,7,10,0.3000,2026,9996105257,9996103798,49,1524
docs\inst_test\instancias\n_1000_7,500,20,7,20,0.3000,2026,9996105257,9996103798,30,1524
docs\inst_test\instancias\n_1000_7,500,20,7,20,0.1000,42,9996105257,9996103798,51,1524
docs\inst_test\instancias\n_1000_7,500,20,7,20,0.2000,123,9996105257,9996103798,45,1524
docs\inst_test\instancias\n_1000_7,500,20,7,20,0.3000,42,9996105257,9996103798,47,1524
docs\inst_test\instancias\n_1000_7,500,20,10,5,0.1000,42,9996105257,9996103798,45,1524
docs\inst_test\instancias\n_1000_7,500,20,7,20,0.2000,2026,9996105257,9996103798,50,1524
docs\inst_test\instancias\n_1000_7,500,20,7,20,0.1000,2026,9996105257,9996103798,59,1524
docs\inst_test\instancias\n_1000_7,500,20,10,5,0.1000,123,9996105266,9996103835,42,1524
docs\inst_test\instancias\n_1000_7,500,20,10,5,0.3000,42,9996105257,9996103798,42,1524
docs\inst_test\instancias\n_1000_7,500,20,10,5,0.1000,2026,9996105264,9996103875,58,1524
docs\inst_test\instancias\n_1000_7,500,20,10,5,0.3000,2026,9996105257,9996103798,41,1524
docs\inst_test\instancias\n_1000_7,500,20,10,5,0.2000,42,9996105264,9996103875,58,1524
docs\inst_test\instancias\n_1000_7,500,20,10,5,0.2000,123,9996105266,9996103835,52,1524
docs\inst_test\instancias\n_1000_7,500,20,10,10,0.2000,42,9996105257,9996103798,39,1524
docs\inst_test\instancias\n_1000_7,500,20,10,10,0.3000,123,9996105266,9996103835,34,1524
docs\inst_test\instancias\n_1000_7,500,20,10,10,0.1000,2026,9996105257,9996103798,49,1524
docs\inst_test\instancias\n_1000_7,500,20,10,10,0.1000,123,9996105266,9996103835,51,1524
docs\inst_test\instancias\n_1000_7,500,20,10,5,0.3000,123,9996105266,9996103835,56,1524
docs\inst_test\instancias\n_1000_7,500,20,10,5,0.2000,2026,9996105264,9996103875,66,1524
docs\inst_test\instancias\n_1000_7,500,20,10,10,0.2000,2026,9996105257,9996103798,47,1524
docs\inst_test\instancias\n_1000_7,500,20,10,10,0.1000,42,9996105257,9996103798,64,1524
docs\inst_test\instancias\n_1000_7,500,20,10,10,0.2000,123,9996105266,9996103835,51,1524
docs\inst_test\instancias\n_1000_7,500,20,10,10,0.3000,2026,9996105257,9996103798,47,1524
docs\inst_test\instancias\n_1000_7,500,20,10,20,0.1000,42,9996105257,9996103798,31,1524
docs\inst_test\instancias\n_1000_7,500,20,10,20,0.1000,123,9996105257,9996103798,34,1524
docs\inst_test\instancias\n_1000_7,500,20,10,20,0.1000,2026,9996105257,9996103798,31,1524
docs\inst_test\instancias\n_1000_7,500,20,10,20,0.2000,2026,9996105257,9996103798,31,1524
docs\inst_test\instancias\n_1000_7,500,20,10,10,0.3000,42,9996105257,9996103798,66,1524
docs\inst_test\instancias\n_1000_7,500,20,10,20,0.2000,123,9996105257,9996103798,42,1524
docs\inst_test\instancias\n_1000_7,500,20,10,20,0.2000,42,9996105257,9996103798,53,1524
docs\inst_test\instancias\n_1000_7,500,20,10,20,0.3000,42,9996105257,9996103798,45,1524
docs\inst_test\instancias\n_1000_7,500,20,10,20,0.3000,123,9996105257,9996103798,46,1524
docs\inst_test\instancias\n_1000_7,500,20,10,20,0.3000,2026,9996105257,9996103798,52,1524
docs\inst_test\instancias\n_1000_7,500,20,15,5,0.1000,42,9996105257,9996103798,53,1524
docs\inst_test\instancias\n_1000_7,500,20,15,5,0.3000,42,9996105257,9996103798,41,1524
docs\inst_test\instancias\n_1000_7,500,20,15,5,0.1000,2026,9996105264,9996103875,50,1524
docs\inst_test\instancias\n_1000_7,500,20,15,5,0.3000,2026,9996105257,9996103798,41,1524
docs\inst_test\instancias\n_1000_7,500,20,15,5,0.1000,123,9996105266,9996103835,56,1524
docs\inst_test\instancias\n_1000_7,500,20,15,5,0.2000,42,9996105264,9996103875,54,1524
docs\inst_test\instancias\n_1000_7,500,20,15,10,0.1000,42,9996105257,9996103798,39,1524
docs\inst_test\instancias\n_1000_7,500,20,15,5,0.3000,123,9996105266,9996103835,51,1524
docs\inst_test\instancias\n_1000_7,500,20,15,10,0.1000,123,9996105266,9996103835,42,1524
docs\inst_test\instancias\n_1000_7,500,20,15,5,0.2000,123,9996105266,9996103835,62,1524
docs\inst_test\instancias\n_1000_7,500,20,15,5,0.2000,2026,9996105264,9996103875,66,1524
docs\inst_test\instancias\n_1000_7,500,20,15,10,0.2000,123,9996105266,9996103835,35,1524
docs\inst_test\instancias\n_1000_7,500,20,15,20,0.1000,123,9996105257,9996103798,32,1524
docs\inst_test\instancias\n_1000_7,500,20,15,10,0.1000,2026,9996105257,9996103798,64,1524
docs\inst_test\instancias\n_1000_7,500,20,15,20,0.2000,123,9996105257,9996103798,34,1524
docs\inst_test\instancias\n_1000_7,500,20,15,20,0.2000,2026,9996105257,9996103798,31,1524
docs\inst_test\instancias\n_1000_7,500,20,15,10,0.3000,123,9996105266,9996103835,48,1524
docs\inst_test\instancias\n_1000_7,500,20,15,10,0.2000,2026,9996105257,9996103798,56,1524
docs\inst_test\instancias\n_1000_7,500,20,15,20,0.3000,42,9996105257,9996103798,32,1524
docs\inst_test\instancias\n_1000_7,500,20,15,10,0.3000,42,9996105257,9996103798,52,1524
docs\inst_test\instancias\n_1000_7,500,20,15,10,0.2000,42,9996105257,9996103798,61,1524
docs\inst_test\instancias\n_1000_7,500,20,15,20,0.1000,42,9996105257,9996103798,46,1524
docs\inst_test\instancias\n_1000_7,500,20,15,10,0.3000,2026,9996105257,9996103798,53,1524
docs\inst_test\instancias\n_1000_7,500,20,15,20,0.2000,42,9996105257,9996103798,43,1524
docs\inst_test\instancias\n_1000_7,500,20,15,20,0.3000,2026,9996105257,9996103798,32,1524
docs\inst_test\instancias\n_1000_7,500,20,15,20,0.3000,123,9996105257,9996103798,37,1524
docs\inst_test\instancias\n_1000_7,500,20,15,20,0.1000,2026,9996105257,9996103798,50,1524
docs\inst_test\instancias\n_1000_8,100,10,7,5,0.1000,42,9996111497,9996109804,8,1540
docs\inst_test\instancias\n_1000_8,100,10,7,5,0.2000,2026,9996111497,9996109804,9,1540
docs\inst_test\instancias\n_1000_8,100,10,7,10,0.3000,42,9996111497,9996109804,11,1540
docs\inst_test\instancias\n_1000_8,100,10,7,5,0.3000,42,9996111502,9996110095,15,1540
docs\inst_test\instancias\n_1000_8,100,10,7,5,0.1000,2026,9996111497,9996109804,15,1540
docs\inst_test\instancias\n_1000_8,100,10,7,5,0.3000,2026,9996111497,9996109804,14,1540
docs\inst_test\instancias\n_1000_8,100,10,7,10,0.1000,123,9996111497,9996109804,15,1540
docs\inst_test\instancias\n_1000_8,100,10,7,5,0.1000,123,9996111497,9996109804,15,1540
docs\inst_test\instancias\n_1000_8,100,10,7,10,0.1000,42,9996111497,9996109804,15,1540
docs\inst_test\instancias\n_1000_8,100,10,7,10,0.2000,42,9996111497,9996109804,15,1540
docs\inst_test\instancias\n_1000_8,100,10,7,10,0.3000,123,9996111497,9996109804,7,1540
docs\inst_test\instancias\n_1000_8,100,10,7,10,0.2000,123,9996111497,9996109804,17,1540
docs\inst_test\instancias\n_1000_8,100,10,7,10,0.2000,2026,9996111497,9996109804,16,1540
docs\inst_test\instancias\n_1000_8,100,10,7,5,0.3000,123,9996111497,9996109804,18,1540
docs\inst_test\instancias\n_1000_8,100,10,7,10,0.1000,2026,9996111497,9996109804,18,1540
docs\inst_test\instancias\n_1000_8,100,10,7,5,0.2000,42,9996111502,9996110095,17,1540
docs\inst_test\instancias\n_1000_8,100,10,7,10,0.3000,2026,9996111497,9996109804,10,1540
docs\inst_test\instancias\n_1000_8,100,10,7,5,0.2000,123,9996111497,9996109804,20,1540
docs\inst_test\instancias\n_1000_8,100,10,7,20,0.1000,123,9996111497,9996109804,7,1540
docs\inst_test\instancias\n_1000_8,100,10,7,20,0.3000,2026,9996111497,9996109804,7,1540
docs\inst_test\instancias\n_1000_8,100,10,7,20,0.1000,42,9996111497,9996109804,11,1540
docs\inst_test\instancias\n_1000_8,100,10,7,20,0.2000,42,9996111497,9996109804,11,1540
docs\inst_test\instancias\n_1000_8,100,10,7,20,0.2000,2026,9996111497,9996109804,13,1540
docs\inst_test\instancias\n_1000_8,100,10,7,20,0.3000,42,9996111497,9996109804,12,1540
docs\inst_test\instancias\n_1000_8,100,10,10,5,0.2000,123,9996111497,9996109804,10,1540
docs\inst_test\instancias\n_1000_8,100,10,10,5,0.3000,123,9996111497,9996109804,9,1540
docs\inst_test\instancias\n_1000_8,100,10,7,20,0.3000,123,9996111497,9996109804,15,1540
docs\inst_test\instancias\n_1000_8,100,10,7,20,0.1000,2026,9996111497,9996109804,16,1540
docs\inst_test\instancias\n_1000_8,100,10,10,10,0.1000,42,9996111497,9996109804,7,1540
docs\inst_test\instancias\n_1000_8,100,10,10,5,0.3000,2026,9996111497,9996109804,8,1540
docs\inst_test\instancias\n_1000_8,100,10,10,5,0.1000,42,9996111497,9996109804,16,1540
docs\inst_test\instancias\n_1000_8,100,10,7,20,0.2000,123,9996111497,9996109804,18,1540
docs\inst_test\instancias\n_1000_8,100,10,10,10,0.1000,123,9996111497,9996109804,8,1540
docs\inst_test\instancias\n_1000_8,100,10,10,5,0.1000,123,9996111497,9996109804,17,1540
docs\inst_test\instancias\n_1000_8,100,10,10,10,0.1000,2026,9996111497,9996109804,6,1540
docs\inst_test\instancias\n_1000_8,100,10,10,10,0.2000,42,9996111497,9996109804,8,1540
docs\inst_test\instancias\n_1000_8,100,10,10,5,0.2000,2026,9996111497,9996109804,17,1540
docs\inst_test\instancias\n_1000_8,100,10,10,10,0.2000,123,9996111497,9996109804,7,1540
docs\inst_test\instancias\n_1000_8,100,10,10,5,0.3000,42,9996111502,9996110095,17,1540
docs\inst_test\instancias\n_1000_8,100,10,10,5,0.1000,2026,9996111497,9996109804,20,1540
docs\inst_test\instancias\n_1000_8,100,10,10,10,0.2000,2026,9996111497,9996109804,9,1540
docs\inst_test\instancias\n_1000_8,100,10,10,5,0.2000,42,9996111502,9996110095,21,1540
docs\inst_test\instancias\n_1000_8,100,10,10,20,0.1000,42,9996111497,9996109804,9,1540
docs\inst_test\instancias\n_1000_8,100,10,10,20,0.2000,2026,9996111497,9996109804,7,1540
docs\inst_test\instancias\n_1000_8,100,10,10,10,0.3000,2026,9996111497,9996109804,12,1540
docs\inst_test\instancias\n_1000_8,100,10,10,20,0.3000,42,9996111497,9996109804,8,1540
docs\inst_test\instancias\n_1000_8,100,10,10,20,0.2000,42,9996111497,9996109804,10,1540
docs\inst_test\instancias\n_1000_8,100,10,10,20,0.3000,2026,9996111497,9996109804,7,1540
docs\inst_test\instancias\n_1000_8,100,10,15,5,0.1000,123,9996111497,9996109804,9,1540
docs\inst_test\instancias\n_1000_8,100,10,10,10,0.3000,123,9996111497,9996109804,17,1540
docs\inst_test\instancias\n_1000_8,100,10,10,10,0.3000,42,9996111497,9996109804,18,1540
docs\inst_test\instancias\n_1000_8,100,10,10,20,0.1000,123,9996111497,9996109804,16,1540
docs\inst_test\instancias\n_1000_8,100,10,15,5,0.2000,2026,9996111497,9996109804,9,1540
docs\inst_test\instancias\n_1000_8,100,10,10,20,0.1000,2026,9996111497,9996109804,19,1540
docs\inst_test\instancias\n_1000_8,100,10,15,10,0.1000,42,9996111497,9996109804,8,1540
docs\inst_test\instancias\n_1000_8,100,10,10,20,0.3000,123,9996111497,9996109804,15,1540
docs\inst_test\instancias\n_1000_8,100,10,10,20,0.2000,123,9996111497,9996109804,18,1540
docs\inst_test\instancias\n_1000_8,100,10,15,5,0.3000,123,9996111497,9996109804,9,1540
docs\inst_test\instancias\n_1000_8,100,10,15,10,0.1000,123,9996111497,9996109804,8,1540
docs\inst_test\instancias\n_1000_8,100,10,15,5,0.1000,2026,9996111497,9996109804,16,1540
docs\inst_test\instancias\n_1000_8,100,10,15,5,0.2000,123,9996111497,9996109804,17,1540
docs\inst_test\instancias\n_1000_8,100,10,15,5,0.1000,42,9996111497,9996109804,21,1540
docs\inst_test\instancias\n_1000_8,100,10,15,5,0.2000,42,9996111502,9996110095,19,1540
docs\inst_test\instancias\n_1000_8,100,10,15,5,0.3000,2026,9996111497,9996109804,15,1540
docs\inst_test\instancias\n_1000_8,100,10,15,10,0.3000,42,9996111497,9996109804,7,1540
docs\inst_test\instancias\n_1000_8,100,10,15,10,0.3000,123,9996111497,9996109804,7,1540
docs\inst_test\instancias\n_1000_8,100,10,15,20,0.1000,123,9996111497,9996109804,7,1540
docs\inst_test\instancias\n_1000_8,100,10,15,10,0.1000,2026,9996111497,9996109804,12,1540
docs\inst_test\instancias\n_1000_8,100,10,15,5,0.3000,42,9996111502,9996110095,18,1540
docs\inst_test\instancias\n_1000_8,100,10,15,20,0.1000,2026,9996111497,9996109804,7,1540
docs\inst_test\instancias\n_1000_8,100,10,15,10,0.2000,123,9996111497,9996109804,16,1540
docs\inst_test\instancias\n_1000_8,100,10,15,20,0.3000,2026,9996111497,9996109804,7,1540
docs\inst_test\instancias\n_1000_8,100,10,15,10,0.2000,42,9996111497,9996109804,18,1540
docs\inst_test\instancias\n_1000_8,100,15,7,5,0.1000,42,9996111497,9996109804,9,1540
docs\inst_test\instancias\n_1000_8,100,10,15,20,0.2000,42,9996111497,9996109804,12,1540
docs\inst_test\instancias\n_1000_8,100,15,7,5,0.1000,123,9996111497,9996109804,8,1540
docs\inst_test\instancias\n_1000_8,100,10,15,10,0.2000,2026,9996111497,9996109804,18,1540
docs\inst_test\instancias\n_1000_8,100,10,15,20,0.1000,42,9996111497,9996109804,18,1540
docs\inst_test\instancias\n_1000_8,100,15,7,5,0.1000,2026,9996111497,9996109804,10,1540
docs\inst_test\instancias\n_1000_8,100,10,15,10,0.3000,2026,9996111497,9996109804,18,1540
docs\inst_test\instancias\n_1000_8,100,10,15,20,0.2000,2026,9996111497,9996109804,11,1540
docs\inst_test\instancias\n_1000_8,100,10,15,20,0.2000,123,9996111497,9996109804,14,1540
docs\inst_test\instancias\n_1000_8,100,10,15,20,0.3000,123,9996111497,9996109804,13,1540
docs\inst_test\instancias\n_1000_8,100,10,15,20,0.3000,42,9996111497,9996109804,13,1540
docs\inst_test\instancias\n_1000_8,100,15,7,5,0.2000,123,9996111497,9996109804,12,1540
docs\inst_test\instancias\n_1000_8,100,15,7,5,0.3000,42,9996111502,9996110095,8,1540
docs\inst_test\instancias\n_1000_8,100,15,7,10,0.1000,123,9996111497,9996109804,7,1540
docs\inst_test\instancias\n_1000_8,100,15,7,5,0.3000,2026,9996111497,9996109804,8,1540
docs\inst_test\instancias\n_1000_8,100,15,7,10,0.3000,42,9996111497,9996109804,8,1540
docs\inst_test\instancias\n_1000_8,100,15,7,5,0.2000,42,9996111502,9996110095,18,1540
docs\inst_test\instancias\n_1000_8,100,15,7,5,0.2000,2026,9996111497,9996109804,15,1540
docs\inst_test\instancias\n_1000_8,100,15,7,10,0.1000,42,9996111497,9996109804,14,1540
docs\inst_test\instancias\n_1000_8,100,15,7,20,0.1000,42,9996111497,9996109804,12,1540
docs\inst_test\instancias\n_1000_8,100,15,7,10,0.2000,123,9996111497,9996109804,14,1540
docs\inst_test\instancias\n_1000_8,100,15,7,20,0.2000,42,9996111497,9996109804,8,1540
docs\inst_test\instancias\n_1000_8,100,15,7,20,0.2000,2026,9996111497,9996109804,7,1540
docs\inst_test\instancias\n_1000_8,100,15,7,20,0.2000,123,9996111497,9996109804,9,1540
docs\inst_test\instancias\n_1000_8,100,15,7,20,0.1000,2026,9996111497,9996109804,11,1540
docs\inst_test\instancias\n_1000_8,100,15,7,10,0.3000,123,9996111497,9996109804,13,1540
docs\inst_test\instancias\n_1000_8,100,15,7,10,0.1000,2026,9996111497,9996109804,17,1540
docs\inst_test\instancias\n_1000_8,100,15,7,10,0.3000,2026,9996111497,9996109804,14,1540
docs\inst_test\instancias\n_1000_8,100,15,7,20,0.3000,42,9996111497,9996109804,7,1540
docs\inst_test\instancias\n_1000_8,100,15,7,20,0.3000,123,9996111497,9996109804,6,1540
docs\inst_test\instancias\n_1000_8,100,15,7,10,0.2000,2026,9996111497,9996109804,17,1540
docs\inst_test\instancias\n_1000_8,100,15,7,5,0.3000,123,9996111497,9996109804,20,1540
docs\inst_test\instancias\n_1000_8,100,15,7,10,0.2000,42,9996111497,9996109804,17,1540
docs\inst_test\instancias\n_1000_8,100,15,7,20,0.1000,123,9996111497,9996109804,17,1540
docs\inst_test\instancias\n_1000_8,100,15,10,5,0.1000,42,9996111497,9996109804,8,1540
docs\inst_test\instancias\n_1000_8,100,15,10,10,0.1000,42,9996111497,9996109804,7,1540
docs\inst_test\instancias\n_1000_8,100,15,10,10,0.1000,123,9996111497,9996109804,8,1540
docs\inst_test\instancias\n_1000_8,100,15,7,20,0.3000,2026,9996111497,9996109804,12,1540
docs\inst_test\instancias\n_1000_8,100,15,10,10,0.2000,123,9996111497,9996109804,8,1540
docs\inst_test\instancias\n_1000_8,100,15,10,5,0.2000,2026,9996111497,9996109804,11,1540
docs\inst_test\instancias\n_1000_8,100,15,10,5,0.1000,123,9996111497,9996109804,15,1540
docs\inst_test\instancias\n_1000_8,100,15,10,5,0.1000,2026,9996111497,9996109804,15,1540
docs\inst_test\instancias\n_1000_8,100,15,10,5,0.3000,42,9996111502,9996110095,14,1540
docs\inst_test\instancias\n_1000_8,100,15,10,5,0.2000,123,9996111497,9996109804,15,1540
docs\inst_test\instancias\n_1000_8,100,15,10,5,0.2000,42,9996111502,9996110095,16,1540
docs\inst_test\instancias\n_1000_8,100,15,10,10,0.3000,2026,9996111497,9996109804,7,1540
docs\inst_test\instancias\n_1000_8,100,15,10,5,0.3000,2026,9996111497,9996109804,15,1540
docs\inst_test\instancias\n_1000_8,100,15,10,20,0.1000,123,9996111497,9996109804,6,1540
docs\inst_test\instancias\n_1000_8,100,15,10,10,0.3000,42,9996111497,9996109804,10,1540
docs\inst_test\instancias\n_1000_8,100,15,10,10,0.1000,2026,9996111497,9996109804,15,1540
docs\inst_test\instancias\n_1000_8,100,15,10,10,0.2000,2026,9996111497,9996109804,11,1540
docs\inst_test\instancias\n_1000_8,100,15,10,20,0.1000,2026,9996111497,9996109804,7,1540
docs\inst_test\instancias\n_1000_8,100,15,10,5,0.3000,123,9996111497,9996109804,17,1540
docs\inst_test\instancias\n_1000_8,100,15,10,10,0.2000,42,9996111497,9996109804,16,1540
docs\inst_test\instancias\n_1000_8,100,15,10,10,0.3000,123,9996111497,9996109804,13,1540
docs\inst_test\instancias\n_1000_8,100,15,10,20,0.2000,123,9996111497,9996109804,7,1540
docs\inst_test\instancias\n_1000_8,100,15,10,20,0.2000,2026,9996111497,9996109804,6,1540
docs\inst_test\instancias\n_1000_8,100,15,10,20,0.1000,42,9996111497,9996109804,13,1540
docs\inst_test\instancias\n_1000_8,100,15,10,20,0.3000,2026,9996111497,9996109804,6,1540
docs\inst_test\instancias\n_1000_8,100,15,10,20,0.2000,42,9996111497,9996109804,10,1540
docs\inst_test\instancias\n_1000_8,100,15,15,5,0.1000,123,9996111497,9996109804,9,1540
docs\inst_test\instancias\n_1000_8,100,15,15,5,0.2000,42,9996111502,9996110095,9,1540
docs\inst_test\instancias\n_1000_8,100,15,15,5,0.2000,2026,9996111497,9996109804,8,1540
docs\inst_test\instancias\n_1000_8,100,15,15,10,0.1000,42,9996111497,9996109804,7,1540
docs\inst_test\instancias\n_1000_8,100,15,15,10,0.1000,123,9996111497,9996109804,7,1540
docs\inst_test\instancias\n_1000_8,100,15,15,5,0.3000,123,9996111497,9996109804,11,1540
docs\inst_test\instancias\n_1000_8,100,15,10,20,0.3000,42,9996111497,9996109804,15,1540
docs\inst_test\instancias\n_1000_8,100,15,15,5,0.2000,123,9996111497,9996109804,13,1540
docs\inst_test\instancias\n_1000_8,100,15,15,10,0.2000,42,9996111497,9996109804,8,1540
docs\inst_test\instancias\n_1000_8,100,15,10,20,0.3000,123,9996111497,9996109804,14,1540
docs\inst_test\instancias\n_1000_8,100,15,15,5,0.1000,2026,9996111497,9996109804,14,1540
docs\inst_test\instancias\n_1000_8,100,15,15,5,0.1000,42,9996111497,9996109804,15,1540
docs\inst_test\instancias\n_1000_8,100,15,15,10,0.2000,2026,9996111497,9996109804,8,1540
docs\inst_test\instancias\n_1000_8,100,15,15,10,0.2000,123,9996111497,9996109804,9,1540
docs\inst_test\instancias\n_1000_8,100,15,15,5,0.3000,42,9996111502,9996110095,16,1540
docs\inst_test\instancias\n_1000_8,100,15,15,10,0.1000,2026,9996111497,9996109804,13,1540
docs\inst_test\instancias\n_1000_8,100,15,15,20,0.1000,42,9996111497,9996109804,8,1540
docs\inst_test\instancias\n_1000_8,100,15,15,20,0.1000,123,9996111497,9996109804,6,1540
docs\inst_test\instancias\n_1000_8,100,15,15,10,0.3000,2026,9996111497,9996109804,9,1540
docs\inst_test\instancias\n_1000_8,100,15,15,5,0.3000,2026,9996111497,9996109804,16,1540
docs\inst_test\instancias\n_1000_8,100,15,15,20,0.2000,123,9996111497,9996109804,7,1540
docs\inst_test\instancias\n_1000_8,100,15,15,10,0.3000,42,9996111497,9996109804,12,1540
docs\inst_test\instancias\n_1000_8,100,15,15,10,0.3000,123,9996111497,9996109804,12,1540
docs\inst_test\instancias\n_1000_8,100,15,15,20,0.3000,2026,9996111497,9996109804,6,1540
docs\inst_test\instancias\n_1000_8,100,20,7,5,0.1000,42,9996111497,9996109804,8,1540
docs\inst_test\instancias\n_1000_8,100,15,15,20,0.3000,42,9996111497,9996109804,12,1540
docs\inst_test\instancias\n_1000_8,100,15,15,20,0.3000,123,9996111497,9996109804,13,1540
docs\inst_test\instancias\n_1000_8,100,20,7,5,0.2000,123,9996111497,9996109804,9,1540
docs\inst_test\instancias\n_1000_8,100,20,7,5,0.2000,42,9996111502,9996110095,9,1540
docs\inst_test\instancias\n_1000_8,100,20,7,5,0.2000,2026,9996111497,9996109804,9,1540
docs\inst_test\instancias\n_1000_8,100,20,7,5,0.3000,123,9996111497,9996109804,8,1540
docs\inst_test\instancias\n_1000_8,100,20,7,10,0.1000,123,9996111497,9996109804,8,1540
docs\inst_test\instancias\n_1000_8,100,20,7,5,0.1000,2026,9996111497,9996109804,13,1540
docs\inst_test\instancias\n_1000_8,100,15,15,20,0.1000,2026,9996111497,9996109804,18,1540
docs\inst_test\instancias\n_1000_8,100,15,15,20,0.2000,42,9996111497,9996109804,18,1540
docs\inst_test\instancias\n_1000_8,100,15,15,20,0.2000,2026,9996111497,9996109804,19,1540
docs\inst_test\instancias\n_1000_8,100,20,7,5,0.1000,123,9996111497,9996109804,16,1540
docs\inst_test\instancias\n_1000_8,100,20,7,10,0.2000,42,9996111497,9996109804,7,1540
docs\inst_test\instancias\n_1000_8,100,20,7,10,0.1000,42,9996111497,9996109804,14,1540
docs\inst_test\instancias\n_1000_8,100,20,7,5,0.3000,42,9996111502,9996110095,16,1540
docs\inst_test\instancias\n_1000_8,100,20,7,10,0.2000,2026,9996111497,9996109804,7,1540
docs\inst_test\instancias\n_1000_8,100,20,7,20,0.1000,42,9996111497,9996109804,6,1540
docs\inst_test\instancias\n_1000_8,100,20,7,5,0.3000,2026,9996111497,9996109804,16,1540
docs\inst_test\instancias\n_1000_8,100,20,7,10,0.3000,123,9996111497,9996109804,7,1540
docs\inst_test\instancias\n_1000_8,100,20,7,10,0.1000,2026,9996111497,9996109804,12,1540
docs\inst_test\instancias\n_1000_8,100,20,7,20,0.1000,123,9996111497,9996109804,6,1540
docs\inst_test\instancias\n_1000_8,100,20,7,10,0.3000,2026,9996111497,9996109804,8,1540
docs\inst_test\instancias\n_1000_8,100,20,7,10,0.2000,123,9996111497,9996109804,14,1540
docs\inst_test\instancias\n_1000_8,100,20,7,20,0.3000,42,9996111497,9996109804,7,1540
docs\inst_test\instancias\n_1000_8,100,20,7,20,0.2000,2026,9996111497,9996109804,8,1540
docs\inst_test\instancias\n_1000_8,100,20,7,10,0.3000,42,9996111497,9996109804,14,1540
docs\inst_test\instancias\n_1000_8,100,20,10,5,0.1000,42,9996111497,9996109804,8,1540
docs\inst_test\instancias\n_1000_8,100,20,7,20,0.3000,2026,9996111497,9996109804,10,1540
docs\inst_test\instancias\n_1000_8,100,20,10,5,0.1000,123,9996111497,9996109804,9,1540
docs\inst_test\instancias\n_1000_8,100,20,10,5,0.2000,42,9996111502,9996110095,10,1540
docs\inst_test\instancias\n_1000_8,100,20,10,5,0.2000,2026,9996111497,9996109804,9,1540
docs\inst_test\instancias\n_1000_8,100,20,7,20,0.3000,123,9996111497,9996109804,13,1540
docs\inst_test\instancias\n_1000_8,100,20,10,5,0.3000,42,9996111502,9996110095,11,1540
docs\inst_test\instancias\n_1000_8,100,20,7,20,0.1000,2026,9996111497,9996109804,18,1540
docs\inst_test\instancias\n_1000_8,100,20,7,20,0.2000,42,9996111497,9996109804,18,1540
docs\inst_test\instancias\n_1000_8,100,20,7,20,0.2000,123,9996111497,9996109804,17,1540
docs\inst_test\instancias\n_1000_8,100,20,10,10,0.1000,2026,9996111497,9996109804,8,1540
docs\inst_test\instancias\n_1000_8,100,20,10,5,0.1000,2026,9996111497,9996109804,15,1540
docs\inst_test\instancias\n_1000_8,100,20,10,5,0.2000,123,9996111497,9996109804,16,1540
docs\inst_test\instancias\n_1000_8,100,20,10,10,0.2000,42,9996111497,9996109804,7,1540
docs\inst_test\instancias\n_1000_8,100,20,10,10,0.2000,123,9996111497,9996109804,7,1540
docs\inst_test\instancias\n_1000_8,100,20,10,10,0.3000,42,9996111497,9996109804,7,1540
docs\inst_test\instancias\n_1000_8,100,20,10,10,0.2000,2026,9996111497,9996109804,7,1540
docs\inst_test\instancias\n_1000_8,100,20,10,10,0.1000,42,9996111497,9996109804,14,1540
docs\inst_test\instancias\n_1000_8,100,20,10,10,0.3000,2026,9996111497,9996109804,7,1540
docs\inst_test\instancias\n_1000_8,100,20,10,10,0.1000,123,9996111497,9996109804,14,1540
docs\inst_test\instancias\n_1000_8,100,20,10,5,0.3000,2026,9996111497,9996109804,16,1540
docs\inst_test\instancias\n_1000_8,100,20,10,5,0.3000,123,9996111497,9996109804,16,1540
docs\inst_test\instancias\n_1000_8,100,20,10,20,0.2000,42,9996111497,9996109804,6,1540
docs\inst_test\instancias\n_1000_8,100,20,10,20,0.3000,123,9996111497,9996109804,7,1540
docs\inst_test\instancias\n_1000_8,100,20,10,20,0.3000,2026,9996111497,9996109804,7,1540
docs\inst_test\instancias\n_1000_8,100,20,10,10,0.3000,123,9996111497,9996109804,13,1540
docs\inst_test\instancias\n_1000_8,100,20,10,20,0.3000,42,9996111497,9996109804,9,1540
docs\inst_test\instancias\n_1000_8,100,20,10,20,0.1000,42,9996111497,9996109804,12,1540
docs\inst_test\instancias\n_1000_8,100,20,10,20,0.1000,123,9996111497,9996109804,12,1540
docs\inst_test\instancias\n_1000_8,100,20,10,20,0.2000,2026,9996111497,9996109804,10,1540
docs\inst_test\instancias\n_1000_8,100,20,15,5,0.1000,2026,9996111497,9996109804,8,1540
docs\inst_test\instancias\n_1000_8,100,20,10,20,0.2000,123,9996111497,9996109804,12,1540
docs\inst_test\instancias\n_1000_8,100,20,10,20,0.1000,2026,9996111497,9996109804,16,1540
docs\inst_test\instancias\n_1000_8,100,20,15,5,0.3000,42,9996111502,9996110095,9,1540
docs\inst_test\instancias\n_1000_8,100,20,15,5,0.1000,42,9996111497,9996109804,14,1540
docs\inst_test\instancias\n_1000_8,100,20,15,5,0.3000,123,9996111497,9996109804,8,1540
docs\inst_test\instancias\n_1000_8,100,20,15,10,0.2000,42,9996111497,9996109804,7,1540
docs\inst_test\instancias\n_1000_8,100,20,15,5,0.3000,2026,9996111497,9996109804,9,1540
docs\inst_test\instancias\n_1000_8,100,20,15,10,0.1000,2026,9996111497,9996109804,8,1540
docs\inst_test\instancias\n_1000_8,100,20,15,10,0.2000,123,9996111497,9996109804,7,1540
docs\inst_test\instancias\n_1000_8,100,20,15,5,0.1000,123,9996111497,9996109804,15,1540
docs\inst_test\instancias\n_1000_8,100,20,15,10,0.2000,2026,9996111497,9996109804,7,1540
docs\inst_test\instancias\n_1000_8,100,20,15,5,0.2000,42,9996111502,9996110095,16,1540
docs\inst_test\instancias\n_1000_8,100,20,15,5,0.2000,123,9996111497,9996109804,17,1540
docs\inst_test\instancias\n_1000_8,100,20,15,5,0.2000,2026,9996111497,9996109804,17,1540
docs\inst_test\instancias\n_1000_8,100,20,15,10,0.3000,2026,9996111497,9996109804,7,1540
docs\inst_test\instancias\n_1000_8,100,20,15,10,0.1000,42,9996111497,9996109804,13,1540
docs\inst_test\instancias\n_1000_8,100,20,15,20,0.1000,2026,9996111497,9996109804,7,1540
docs\inst_test\instancias\n_1000_8,100,20,15,10,0.3000,123,9996111497,9996109804,11,1540
docs\inst_test\instancias\n_1000_8,100,20,15,20,0.2000,42,9996111497,9996109804,7,1540
docs\inst_test\instancias\n_1000_8,100,20,15,20,0.2000,2026,9996111497,9996109804,7,1540
docs\inst_test\instancias\n_1000_8,100,20,15,10,0.1000,123,9996111497,9996109804,15,1540
docs\inst_test\instancias\n_1000_8,100,20,15,20,0.1000,123,9996111497,9996109804,9,1540
docs\inst_test\instancias\n_1000_8,100,20,15,20,0.2000,123,9996111497,9996109804,7,1540
docs\inst_test\instancias\n_1000_8,100,20,15,10,0.3000,42,9996111497,9996109804,14,1540
docs\inst_test\instancias\n_1000_8,100,20,15,20,0.1000,42,9996111497,9996109804,14,1540
docs\inst_test\instancias\n_1000_8,100,20,15,20,0.3000,123,9996111497,9996109804,12,1540
docs\inst_test\instancias\n_1000_8,100,20,15,20,0.3000,42,9996111497,9996109804,15,1540
docs\inst_test\instancias\n_1000_8,100,20,15,20,0.3000,2026,9996111497,9996109804,15,1540
docs\inst_test\instancias\n_1000_8,300,10,7,10,0.1000,123,9996111497,9996109804,23,1540
docs\inst_test\instancias\n_1000_8,300,10,7,5,0.1000,2026,9996111497,9996109804,26,1540
docs\inst_test\instancias\n_1000_8,300,10,7,5,0.2000,123,9996111502,9996110095,26,1540
docs\inst_test\instancias\n_1000_8,300,10,7,5,0.2000,2026,9996111497,9996109804,27,1540
docs\inst_test\instancias\n_1000_8,300,10,7,5,0.3000,123,9996111502,9996110095,26,1540
docs\inst_test\instancias\n_1000_8,300,10,7,10,0.1000,2026,9996111497,9996109804,30,1540
docs\inst_test\instancias\n_1000_8,300,10,7,10,0.2000,42,9996111502,9996110095,27,1540
docs\inst_test\instancias\n_1000_8,300,10,7,10,0.2000,2026,9996111497,9996109804,29,1540
docs\inst_test\instancias\n_1000_8,300,10,7,10,0.1000,42,9996111497,9996109804,38,1540
docs\inst_test\instancias\n_1000_8,300,10,7,5,0.3000,2026,9996111497,9996109804,41,1540
docs\inst_test\instancias\n_1000_8,300,10,7,5,0.3000,42,9996111502,9996110095,41,1540
docs\inst_test\instancias\n_1000_8,300,10,7,20,0.1000,42,9996111497,9996109804,21,1540
docs\inst_test\instancias\n_1000_8,300,10,7,10,0.3000,2026,9996111497,9996109804,23,1540
docs\inst_test\instancias\n_1000_8,300,10,7,5,0.1000,123,9996111502,9996110095,49,1540
docs\inst_test\instancias\n_1000_8,300,10,7,20,0.1000,123,9996111497,9996109804,20,1540
docs\inst_test\instancias\n_1000_8,300,10,7,5,0.2000,42,9996111502,9996110095,50,1540
docs\inst_test\instancias\n_1000_8,300,10,7,5,0.1000,42,9996111497,9996109804,52,1540
docs\inst_test\instancias\n_1000_8,300,10,7,10,0.2000,123,9996111497,9996109804,48,1540
docs\inst_test\instancias\n_1000_8,300,10,7,10,0.3000,42,9996111502,9996110095,46,1540
docs\inst_test\instancias\n_1000_8,300,10,7,20,0.2000,123,9996111497,9996109804,24,1540
docs\inst_test\instancias\n_1000_8,300,10,7,20,0.2000,42,9996111502,9996110095,28,1540
docs\inst_test\instancias\n_1000_8,300,10,7,10,0.3000,123,9996111497,9996109804,41,1540
docs\inst_test\instancias\n_1000_8,300,10,7,20,0.2000,2026,9996111497,9996109804,30,1540
docs\inst_test\instancias\n_1000_8,300,10,7,20,0.3000,42,9996111502,9996110095,33,1540
docs\inst_test\instancias\n_1000_8,300,10,10,5,0.1000,123,9996111502,9996110095,26,1540
docs\inst_test\instancias\n_1000_8,300,10,10,5,0.1000,42,9996111497,9996109804,26,1540
docs\inst_test\instancias\n_1000_8,300,10,10,5,0.2000,123,9996111502,9996110095,27,1540
docs\inst_test\instancias\n_1000_8,300,10,7,20,0.3000,123,9996111497,9996109804,34,1540
docs\inst_test\instancias\n_1000_8,300,10,10,5,0.2000,2026,9996111497,9996109804,30,1540
docs\inst_test\instancias\n_1000_8,300,10,7,20,0.1000,2026,9996111497,9996109804,52,1540
docs\inst_test\instancias\n_1000_8,300,10,10,10,0.1000,42,9996111497,9996109804,22,1540
docs\inst_test\instancias\n_1000_8,300,10,7,20,0.3000,2026,9996111497,9996109804,42,1540
docs\inst_test\instancias\n_1000_8,300,10,10,5,0.1000,2026,9996111497,9996109804,48,1540
docs\inst_test\instancias\n_1000_8,300,10,10,5,0.2000,42,9996111502,9996110095,48,1540
docs\inst_test\instancias\n_1000_8,300,10,10,10,0.2000,123,9996111497,9996109804,22,1540
docs\inst_test\instancias\n_1000_8,300,10,10,10,0.2000,2026,9996111497,9996109804,22,1540
docs\inst_test\instancias\n_1000_8,300,10,10,5,0.3000,123,9996111502,9996110095,44,1540
docs\inst_test\instancias\n_1000_8,300,10,10,10,0.3000,2026,9996111497,9996109804,22,1540
docs\inst_test\instancias\n_1000_8,300,10,10,5,0.3000,42,9996111502,9996110095,47,1540
docs\inst_test\instancias\n_1000_8,300,10,10,5,0.3000,2026,9996111497,9996109804,45,1540
docs\inst_test\instancias\n_1000_8,300,10,10,10,0.1000,2026,9996111497,9996109804,35,1540
docs\inst_test\instancias\n_1000_8,300,10,10,10,0.2000,42,9996111502,9996110095,32,1540
docs\inst_test\instancias\n_1000_8,300,10,10,20,0.1000,123,9996111497,9996109804,23,1540
docs\inst_test\instancias\n_1000_8,300,10,10,20,0.1000,2026,9996111497,9996109804,21,1540
docs\inst_test\instancias\n_1000_8,300,10,10,10,0.1000,123,9996111497,9996109804,46,1540
docs\inst_test\instancias\n_1000_8,300,10,10,10,0.3000,42,9996111502,9996110095,40,1540
docs\inst_test\instancias\n_1000_8,300,10,10,20,0.2000,2026,9996111497,9996109804,20,1540
docs\inst_test\instancias\n_1000_8,300,10,10,20,0.3000,42,9996111502,9996110095,20,1540
docs\inst_test\instancias\n_1000_8,300,10,10,20,0.1000,42,9996111497,9996109804,42,1540
docs\inst_test\instancias\n_1000_8,300,10,10,20,0.3000,2026,9996111497,9996109804,21,1540
docs\inst_test\instancias\n_1000_8,300,10,10,10,0.3000,123,9996111497,9996109804,52,1540
docs\inst_test\instancias\n_1000_8,300,10,15,5,0.1000,42,9996111497,9996109804,26,1540
docs\inst_test\instancias\n_1000_8,300,10,10,20,0.2000,123,9996111497,9996109804,34,1540
docs\inst_test\instancias\n_1000_8,300,10,10,20,0.3000,123,9996111497,9996109804,30,1540
docs\inst_test\instancias\n_1000_8,300,10,10,20,0.2000,42,9996111502,9996110095,42,1540
docs\inst_test\instancias\n_1000_8,300,10,15,5,0.1000,2026,9996111497,9996109804,35,1540
docs\inst_test\instancias\n_1000_8,300,10,15,5,0.2000,123,9996111502,9996110095,33,1540
docs\inst_test\instancias\n_1000_8,300,10,15,5,0.2000,2026,9996111497,9996109804,38,1540
docs\inst_test\instancias\n_1000_8,300,10,15,5,0.3000,2026,9996111497,9996109804,27,1540
docs\inst_test\instancias\n_1000_8,300,10,15,10,0.1000,123,9996111497,9996109804,23,1540
docs\inst_test\instancias\n_1000_8,300,10,15,5,0.2000,42,9996111502,9996110095,41,1540
docs\inst_test\instancias\n_1000_8,300,10,15,5,0.1000,123,9996111502,9996110095,46,1540
docs\inst_test\instancias\n_1000_8,300,10,15,10,0.2000,123,9996111497,9996109804,23,1540
docs\inst_test\instancias\n_1000_8,300,10,15,10,0.3000,42,9996111502,9996110095,23,1540
docs\inst_test\instancias\n_1000_8,300,10,15,5,0.3000,123,9996111502,9996110095,40,1540
docs\inst_test\instancias\n_1000_8,300,10,15,10,0.1000,2026,9996111497,9996109804,36,1540
docs\inst_test\instancias\n_1000_8,300,10,15,10,0.2000,42,9996111502,9996110095,31,1540
docs\inst_test\instancias\n_1000_8,300,10,15,10,0.1000,42,9996111497,9996109804,45,1540
docs\inst_test\instancias\n_1000_8,300,10,15,20,0.1000,2026,9996111497,9996109804,20,1540
docs\inst_test\instancias\n_1000_8,300,10,15,20,0.2000,42,9996111502,9996110095,20,1540
docs\inst_test\instancias\n_1000_8,300,10,15,10,0.2000,2026,9996111497,9996109804,37,1540
docs\inst_test\instancias\n_1000_8,300,10,15,20,0.1000,42,9996111497,9996109804,29,1540
docs\inst_test\instancias\n_1000_8,300,10,15,5,0.3000,42,9996111502,9996110095,58,1540
docs\inst_test\instancias\n_1000_8,300,10,15,20,0.2000,123,9996111497,9996109804,26,1540
docs\inst_test\instancias\n_1000_8,300,10,15,20,0.3000,42,9996111502,9996110095,21,1540
docs\inst_test\instancias\n_1000_8,300,10,15,10,0.3000,123,9996111497,9996109804,36,1540
docs\inst_test\instancias\n_1000_8,300,10,15,20,0.1000,123,9996111497,9996109804,34,1540
docs\inst_test\instancias\n_1000_8,300,10,15,10,0.3000,2026,9996111497,9996109804,40,1540
docs\inst_test\instancias\n_1000_8,300,10,15,20,0.3000,2026,9996111497,9996109804,25,1540
docs\inst_test\instancias\n_1000_8,300,15,7,5,0.2000,42,9996111502,9996110095,26,1540
docs\inst_test\instancias\n_1000_8,300,10,15,20,0.2000,2026,9996111497,9996109804,41,1540
docs\inst_test\instancias\n_1000_8,300,15,7,5,0.2000,123,9996111502,9996110095,27,1540
docs\inst_test\instancias\n_1000_8,300,10,15,20,0.3000,123,9996111497,9996109804,39,1540
docs\inst_test\instancias\n_1000_8,300,15,7,5,0.1000,123,9996111502,9996110095,34,1540
docs\inst_test\instancias\n_1000_8,300,15,7,10,0.1000,42,9996111497,9996109804,22,1540
docs\inst_test\instancias\n_1000_8,300,15,7,5,0.2000,2026,9996111497,9996109804,35,1540
docs\inst_test\instancias\n_1000_8,300,15,7,5,0.1000,2026,9996111497,9996109804,41,1540
docs\inst_test\instancias\n_1000_8,300,15,7,10,0.1000,123,9996111497,9996109804,32,1540
docs\inst_test\instancias\n_1000_8,300,15,7,5,0.3000,42,9996111502,9996110095,42,1540
docs\inst_test\instancias\n_1000_8,300,15,7,5,0.1000,42,9996111497,9996109804,51,1540
docs\inst_test\instancias\n_1000_8,300,15,7,10,0.1000,2026,9996111497,9996109804,33,1540
docs\inst_test\instancias\n_1000_8,300,15,7,10,0.2000,2026,9996111497,9996109804,23,1540
docs\inst_test\instancias\n_1000_8,300,15,7,10,0.3000,42,9996111502,9996110095,23,1540
docs\inst_test\instancias\n_1000_8,300,15,7,20,0.1000,42,9996111497,9996109804,21,1540
docs\inst_test\instancias\n_1000_8,300,15,7,5,0.3000,2026,9996111497,9996109804,43,1540
docs\inst_test\instancias\n_1000_8,300,15,7,10,0.3000,123,9996111497,9996109804,23,1540
docs\inst_test\instancias\n_1000_8,300,15,7,5,0.3000,123,9996111502,9996110095,46,1540
docs\inst_test\instancias\n_1000_8,300,15,7,20,0.1000,123,9996111497,9996109804,24,1540
docs\inst_test\instancias\n_1000_8,300,15,7,10,0.2000,42,9996111502,9996110095,46,1540
docs\inst_test\instancias\n_1000_8,300,15,7,10,0.2000,123,9996111497,9996109804,45,1540
docs\inst_test\instancias\n_1000_8,300,15,7,20,0.1000,2026,9996111497,9996109804,24,1540
docs\inst_test\instancias\n_1000_8,300,15,7,10,0.3000,2026,9996111497,9996109804,33,1540
docs\inst_test\instancias\n_1000_8,300,15,7,20,0.3000,2026,9996111497,9996109804,21,1540
docs\inst_test\instancias\n_1000_8,300,15,10,5,0.1000,42,9996111497,9996109804,27,1540
docs\inst_test\instancias\n_1000_8,300,15,7,20,0.3000,123,9996111497,9996109804,31,1540
docs\inst_test\instancias\n_1000_8,300,15,7,20,0.3000,42,9996111502,9996110095,34,1540
docs\inst_test\instancias\n_1000_8,300,15,10,5,0.1000,123,9996111502,9996110095,31,1540
docs\inst_test\instancias\n_1000_8,300,15,10,5,0.2000,42,9996111502,9996110095,32,1540
docs\inst_test\instancias\n_1000_8,300,15,10,5,0.1000,2026,9996111497,9996109804,33,1540
docs\inst_test\instancias\n_1000_8,300,15,10,5,0.2000,123,9996111502,9996110095,34,1540
docs\inst_test\instancias\n_1000_8,300,15,10,10,0.1000,42,9996111497,9996109804,24,1540
docs\inst_test\instancias\n_1000_8,300,15,10,5,0.2000,2026,9996111497,9996109804,32,1540
docs\inst_test\instancias\n_1000_8,300,15,7,20,0.2000,42,9996111502,9996110095,53,1540
docs\inst_test\instancias\n_1000_8,300,15,7,20,0.2000,2026,9996111497,9996109804,47,1540
docs\inst_test\instancias\n_1000_8,300,15,10,10,0.1000,123,9996111497,9996109804,22,1540
docs\inst_test\instancias\n_1000_8,300,15,7,20,0.2000,123,9996111497,9996109804,52,1540
docs\inst_test\instancias\n_1000_8,300,15,10,10,0.1000,2026,9996111497,9996109804,22,1540
docs\inst_test\instancias\n_1000_8,300,15,10,10,0.2000,42,9996111502,9996110095,22,1540
docs\inst_test\instancias\n_1000_8,300,15,10,10,0.2000,123,9996111497,9996109804,23,1540
docs\inst_test\instancias\n_1000_8,300,15,10,5,0.3000,42,9996111502,9996110095,48,1540
docs\inst_test\instancias\n_1000_8,300,15,10,10,0.2000,2026,9996111497,9996109804,26,1540
docs\inst_test\instancias\n_1000_8,300,15,10,10,0.3000,123,9996111497,9996109804,29,1540
docs\inst_test\instancias\n_1000_8,300,15,10,5,0.3000,2026,9996111497,9996109804,51,1540
docs\inst_test\instancias\n_1000_8,300,15,10,20,0.1000,42,9996111497,9996109804,28,1540
docs\inst_test\instancias\n_1000_8,300,15,10,20,0.2000,123,9996111497,9996109804,23,1540
docs\inst_test\instancias\n_1000_8,300,15,10,20,0.1000,123,9996111497,9996109804,28,1540
docs\inst_test\instancias\n_1000_8,300,15,10,20,0.2000,42,9996111502,9996110095,24,1540
docs\inst_test\instancias\n_1000_8,300,15,10,10,0.3000,2026,9996111497,9996109804,32,1540
docs\inst_test\instancias\n_1000_8,300,15,10,5,0.3000,123,9996111502,9996110095,56,1540
docs\inst_test\instancias\n_1000_8,300,15,10,20,0.3000,123,9996111497,9996109804,21,1540
docs\inst_test\instancias\n_1000_8,300,15,10,20,0.1000,2026,9996111497,9996109804,30,1540
docs\inst_test\instancias\n_1000_8,300,15,10,20,0.3000,42,9996111502,9996110095,29,1540
docs\inst_test\instancias\n_1000_8,300,15,10,10,0.3000,42,9996111502,9996110095,47,1540
docs\inst_test\instancias\n_1000_8,300,15,15,5,0.1000,42,9996111497,9996109804,26,1540
docs\inst_test\instancias\n_1000_8,300,15,10,20,0.3000,2026,9996111497,9996109804,32,1540
docs\inst_test\instancias\n_1000_8,300,15,10,20,0.2000,2026,9996111497,9996109804,44,1540
docs\inst_test\instancias\n_1000_8,300,15,15,10,0.1000,42,9996111497,9996109804,24,1540
docs\inst_test\instancias\n_1000_8,300,15,15,5,0.3000,123,9996111502,9996110095,27,1540
docs\inst_test\instancias\n_1000_8,300,15,15,10,0.1000,123,9996111497,9996109804,22,1540
docs\inst_test\instancias\n_1000_8,300,15,15,10,0.1000,2026,9996111497,9996109804,23,1540
docs\inst_test\instancias\n_1000_8,300,15,15,5,0.2000,2026,9996111497,9996109804,31,1540
docs\inst_test\instancias\n_1000_8,300,15,15,10,0.2000,42,9996111502,9996110095,23,1540
docs\inst_test\instancias\n_1000_8,300,15,15,5,0.1000,2026,9996111497,9996109804,37,1540
docs\inst_test\instancias\n_1000_8,300,15,15,10,0.2000,2026,9996111497,9996109804,22,1540
docs\inst_test\instancias\n_1000_8,300,15,15,5,0.2000,123,9996111502,9996110095,43,1540
docs\inst_test\instancias\n_1000_8,300,15,15,5,0.1000,123,9996111502,9996110095,51,1540
docs\inst_test\instancias\n_1000_8,300,15,15,10,0.3000,42,9996111502,9996110095,25,1540
docs\inst_test\instancias\n_1000_8,300,15,15,5,0.3000,42,9996111502,9996110095,47,1540
docs\inst_test\instancias\n_1000_8,300,15,15,20,0.1000,42,9996111497,9996109804,21,1540
docs\inst_test\instancias\n_1000_8,300,15,15,5,0.2000,42,9996111502,9996110095,51,1540
docs\inst_test\instancias\n_1000_8,300,15,15,20,0.1000,123,9996111497,9996109804,21,1540
docs\inst_test\instancias\n_1000_8,300,15,15,20,0.1000,2026,9996111497,9996109804,20,1540
docs\inst_test\instancias\n_1000_8,300,15,15,10,0.2000,123,9996111497,9996109804,35,1540
docs\inst_test\instancias\n_1000_8,300,15,15,10,0.3000,123,9996111497,9996109804,30,1540
docs\inst_test\instancias\n_1000_8,300,15,15,5,0.3000,2026,9996111497,9996109804,52,1540
docs\inst_test\instancias\n_1000_8,300,15,15,20,0.2000,123,9996111497,9996109804,27,1540
docs\inst_test\instancias\n_1000_8,300,15,15,10,0.3000,2026,9996111497,9996109804,36,1540
docs\inst_test\instancias\n_1000_8,300,15,15,20,0.2000,42,9996111502,9996110095,41,1540
docs\inst_test\instancias\n_1000_8,300,20,7,5,0.1000,2026,9996111497,9996109804,26,1540
docs\inst_test\instancias\n_1000_8,300,20,7,5,0.2000,42,9996111502,9996110095,27,1540
docs\inst_test\instancias\n_1000_8,300,20,7,5,0.2000,2026,9996111497,9996109804,26,1540
docs\inst_test\instancias\n_1000_8,300,15,15,20,0.3000,123,9996111497,9996109804,34,1540
docs\inst_test\instancias\n_1000_8,300,15,15,20,0.3000,2026,9996111497,9996109804,34,1540
docs\inst_test\instancias\n_1000_8,300,20,7,5,0.1000,42,9996111497,9996109804,35,1540
docs\inst_test\instancias\n_1000_8,300,15,15,20,0.2000,2026,9996111497,9996109804,47,1540
docs\inst_test\instancias\n_1000_8,300,20,7,5,0.3000,2026,9996111497,9996109804,29,1540
docs\inst_test\instancias\n_1000_8,300,20,7,5,0.1000,123,9996111502,9996110095,38,1540
docs\inst_test\instancias\n_1000_8,300,20,7,5,0.3000,123,9996111502,9996110095,37,1540
docs\inst_test\instancias\n_1000_8,300,15,15,20,0.3000,42,9996111502,9996110095,48,1540
docs\inst_test\instancias\n_1000_8,300,20,7,5,0.2000,123,9996111502,9996110095,43,1540
docs\inst_test\instancias\n_1000_8,300,20,7,10,0.2000,42,9996111502,9996110095,23,1540
docs\inst_test\instancias\n_1000_8,300,20,7,10,0.2000,123,9996111497,9996109804,23,1540
docs\inst_test\instancias\n_1000_8,300,20,7,5,0.3000,42,9996111502,9996110095,47,1540
docs\inst_test\instancias\n_1000_8,300,20,7,10,0.2000,2026,9996111497,9996109804,23,1540
docs\inst_test\instancias\n_1000_8,300,20,7,10,0.1000,123,9996111497,9996109804,39,1540
docs\inst_test\instancias\n_1000_8,300,20,7,20,0.1000,42,9996111497,9996109804,22,1540
docs\inst_test\instancias\n_1000_8,300,20,7,20,0.1000,123,9996111497,9996109804,20,1540
docs\inst_test\instancias\n_1000_8,300,20,7,10,0.1000,42,9996111497,9996109804,46,1540
docs\inst_test\instancias\n_1000_8,300,20,7,10,0.3000,2026,9996111497,9996109804,29,1540
docs\inst_test\instancias\n_1000_8,300,20,7,10,0.1000,2026,9996111497,9996109804,43,1540
docs\inst_test\instancias\n_1000_8,300,20,7,10,0.3000,42,9996111502,9996110095,41,1540
docs\inst_test\instancias\n_1000_8,300,20,7,20,0.1000,2026,9996111497,9996109804,32,1540
docs\inst_test\instancias\n_1000_8,300,20,7,20,0.3000,123,9996111497,9996109804,21,1540
docs\inst_test\instancias\n_1000_8,300,20,7,20,0.3000,42,9996111502,9996110095,23,1540
docs\inst_test\instancias\n_1000_8,300,20,10,5,0.1000,42,9996111497,9996109804,29,1540
docs\inst_test\instancias\n_1000_8,300,20,7,10,0.3000,123,9996111497,9996109804,51,1540
docs\inst_test\instancias\n_1000_8,300,20,7,20,0.2000,2026,9996111497,9996109804,37,1540
docs\inst_test\instancias\n_1000_8,300,20,7,20,0.2000,123,9996111497,9996109804,45,1540
docs\inst_test\instancias\n_1000_8,300,20,10,5,0.1000,123,9996111502,9996110095,36,1540
docs\inst_test\instancias\n_1000_8,300,20,10,5,0.2000,42,9996111502,9996110095,38,1540
docs\inst_test\instancias\n_1000_8,300,20,10,10,0.1000,42,9996111497,9996109804,22,1540
docs\inst_test\instancias\n_1000_8,300,20,10,5,0.3000,2026,9996111497,9996109804,26,1540
docs\inst_test\instancias\n_1000_8,300,20,10,5,0.2000,123,9996111502,9996110095,37,1540
docs\inst_test\instancias\n_1000_8,300,20,10,5,0.1000,2026,9996111497,9996109804,42,1540
docs\inst_test\instancias\n_1000_8,300,20,7,20,0.2000,42,9996111502,9996110095,57,1540
docs\inst_test\instancias\n_1000_8,300,20,10,5,0.3000,42,9996111502,9996110095,32,1540
docs\inst_test\instancias\n_1000_8,300,20,10,10,0.1000,123,9996111497,9996109804,29,1540
docs\inst_test\instancias\n_1000_8,300,20,10,5,0.2000,2026,9996111497,9996109804,42,1540
docs\inst_test\instancias\n_1000_8,300,20,10,10,0.1000,2026,9996111497,9996109804,23,1540
docs\inst_test\instancias\n_1000_8,300,20,7,20,0.3000,2026,9996111497,9996109804,53,1540
docs\inst_test\instancias\n_1000_8,300,20,10,20,0.1000,42,9996111497,9996109804,21,1540
docs\inst_test\instancias\n_1000_8,300,20,10,10,0.3000,2026,9996111497,9996109804,23,1540
docs\inst_test\instancias\n_1000_8,300,20,10,5,0.3000,123,9996111502,9996110095,47,1540
docs\inst_test\instancias\n_1000_8,300,20,10,20,0.1000,123,9996111497,9996109804,20,1540
docs\inst_test\instancias\n_1000_8,300,20,10,10,0.3000,42,9996111502,9996110095,28,1540
docs\inst_test\instancias\n_1000_8,300,20,10,10,0.2000,123,9996111497,9996109804,41,1540
docs\inst_test\instancias\n_1000_8,300,20,10,10,0.2000,2026,9996111497,9996109804,35,1540
docs\inst_test\instancias\n_1000_8,300,20,10,20,0.3000,123,9996111497,9996109804,20,1540
docs\inst_test\instancias\n_1000_8,300,20,10,20,0.3000,42,9996111502,9996110095,24,1540
docs\inst_test\instancias\n_1000_8,300,20,10,20,0.2000,123,9996111497,9996109804,33,1540
docs\inst_test\instancias\n_1000_8,300,20,10,20,0.2000,42,9996111502,9996110095,34,1540
docs\inst_test\instancias\n_1000_8,300,20,10,10,0.3000,123,9996111497,9996109804,39,1540
docs\inst_test\instancias\n_1000_8,300,20,10,10,0.2000,42,9996111502,9996110095,57,1540
docs\inst_test\instancias\n_1000_8,300,20,10,20,0.2000,2026,9996111497,9996109804,36,1540
docs\inst_test\instancias\n_1000_8,300,20,10,20,0.1000,2026,9996111497,9996109804,43,1540
docs\inst_test\instancias\n_1000_8,300,20,15,5,0.1000,42,9996111497,9996109804,26,1540
docs\inst_test\instancias\n_1000_8,300,20,15,5,0.1000,123,9996111502,9996110095,26,1540
docs\inst_test\instancias\n_1000_8,300,20,15,5,0.2000,42,9996111502,9996110095,26,1540
docs\inst_test\instancias\n_1000_8,300,20,10,20,0.3000,2026,9996111497,9996109804,45,1540
docs\inst_test\instancias\n_1000_8,300,20,15,5,0.3000,42,9996111502,9996110095,36,1540
docs\inst_test\instancias\n_1000_8,300,20,15,5,0.2000,123,9996111502,9996110095,41,1540
docs\inst_test\instancias\n_1000_8,300,20,15,10,0.1000,2026,9996111497,9996109804,29,1540
docs\inst_test\instancias\n_1000_8,300,20,15,5,0.1000,2026,9996111497,9996109804,46,1540
docs\inst_test\instancias\n_1000_8,300,20,15,10,0.3000,2026,9996111497,9996109804,23,1540
docs\inst_test\instancias\n_1000_8,300,20,15,5,0.2000,2026,9996111497,9996109804,46,1540
docs\inst_test\instancias\n_1000_8,300,20,15,10,0.3000,123,9996111497,9996109804,23,1540
docs\inst_test\instancias\n_1000_8,300,20,15,5,0.3000,2026,9996111497,9996109804,41,1540
docs\inst_test\instancias\n_1000_8,300,20,15,10,0.1000,42,9996111497,9996109804,37,1540
docs\inst_test\instancias\n_1000_8,300,20,15,10,0.1000,123,9996111497,9996109804,40,1540
docs\inst_test\instancias\n_1000_8,300,20,15,5,0.3000,123,9996111502,9996110095,48,1540
docs\inst_test\instancias\n_1000_8,300,20,15,10,0.3000,42,9996111502,9996110095,30,1540
docs\inst_test\instancias\n_1000_8,300,20,15,10,0.2000,2026,9996111497,9996109804,36,1540
docs\inst_test\instancias\n_1000_8,300,20,15,10,0.2000,42,9996111502,9996110095,40,1540
docs\inst_test\instancias\n_1000_8,300,20,15,20,0.1000,123,9996111497,9996109804,22,1540
docs\inst_test\instancias\n_1000_8,300,20,15,10,0.2000,123,9996111497,9996109804,42,1540
docs\inst_test\instancias\n_1000_8,300,20,15,20,0.1000,42,9996111497,9996109804,33,1540
docs\inst_test\instancias\n_1000_8,300,20,15,20,0.1000,2026,9996111497,9996109804,26,1540
docs\inst_test\instancias\n_1000_8,300,20,15,20,0.2000,2026,9996111497,9996109804,20,1540
docs\inst_test\instancias\n_1000_8,300,20,15,20,0.3000,123,9996111497,9996109804,20,1540
docs\inst_test\instancias\n_1000_8,300,20,15,20,0.2000,123,9996111497,9996109804,38,1540
docs\inst_test\instancias\n_1000_8,300,20,15,20,0.2000,42,9996111502,9996110095,41,1540
docs\inst_test\instancias\n_1000_8,300,20,15,20,0.3000,42,9996111502,9996110095,37,1540
docs\inst_test\instancias\n_1000_8,500,10,7,5,0.1000,42,9996111502,9996110095,44,1540
docs\inst_test\instancias\n_1000_8,300,20,15,20,0.3000,2026,9996111497,9996109804,48,1540
docs\inst_test\instancias\n_1000_8,500,10,7,5,0.3000,42,9996111502,9996110095,45,1540
docs\inst_test\instancias\n_1000_8,500,10,7,10,0.1000,123,9996111502,9996110095,37,1540
docs\inst_test\instancias\n_1000_8,500,10,7,10,0.1000,2026,9996111497,9996109804,38,1540
docs\inst_test\instancias\n_1000_8,500,10,7,5,0.1000,123,9996111502,9996110095,57,1540
docs\inst_test\instancias\n_1000_8,500,10,7,10,0.1000,42,9996111497,9996109804,53,1540
docs\inst_test\instancias\n_1000_8,500,10,7,5,0.2000,42,9996111502,9996110095,66,1540
docs\inst_test\instancias\n_1000_8,500,10,7,5,0.3000,2026,9996111497,9996109804,62,1540
docs\inst_test\instancias\n_1000_8,500,10,7,5,0.1000,2026,9996111497,9996109804,82,1540
docs\inst_test\instancias\n_1000_8,500,10,7,5,0.3000,123,9996111502,9996110095,77,1540
docs\inst_test\instancias\n_1000_8,500,10,7,5,0.2000,123,9996111502,9996110095,81,1540
docs\inst_test\instancias\n_1000_8,500,10,7,20,0.1000,42,9996111497,9996109804,34,1540
docs\inst_test\instancias\n_1000_8,500,10,7,20,0.1000,123,9996111497,9996109804,34,1540
docs\inst_test\instancias\n_1000_8,500,10,7,5,0.2000,2026,9996111497,9996109804,82,1540
docs\inst_test\instancias\n_1000_8,500,10,7,10,0.3000,123,9996111502,9996110095,46,1540
docs\inst_test\instancias\n_1000_8,500,10,7,20,0.1000,2026,9996111497,9996109804,34,1540
docs\inst_test\instancias\n_1000_8,500,10,7,10,0.2000,42,9996111502,9996110095,62,1540
docs\inst_test\instancias\n_1000_8,500,10,7,10,0.2000,2026,9996111497,9996109804,61,1540
docs\inst_test\instancias\n_1000_8,500,10,7,10,0.3000,42,9996111502,9996110095,57,1540
docs\inst_test\instancias\n_1000_8,500,10,7,10,0.2000,123,9996111502,9996110095,69,1540
docs\inst_test\instancias\n_1000_8,500,10,7,20,0.2000,123,9996111497,9996109804,52,1540
docs\inst_test\instancias\n_1000_8,500,10,7,10,0.3000,2026,9996111497,9996109804,75,1540
docs\inst_test\instancias\n_1000_8,500,10,7,20,0.2000,42,9996111502,9996110095,60,1540
docs\inst_test\instancias\n_1000_8,500,10,10,5,0.1000,123,9996111502,9996110095,44,1540
docs\inst_test\instancias\n_1000_8,500,10,7,20,0.3000,42,9996111502,9996110095,52,1540
docs\inst_test\instancias\n_1000_8,500,10,10,5,0.2000,123,9996111502,9996110095,44,1540
docs\inst_test\instancias\n_1000_8,500,10,10,5,0.2000,42,9996111502,9996110095,44,1540
docs\inst_test\instancias\n_1000_8,500,10,10,5,0.1000,2026,9996111497,9996109804,49,1540
docs\inst_test\instancias\n_1000_8,500,10,7,20,0.3000,123,9996111497,9996109804,53,1540
docs\inst_test\instancias\n_1000_8,500,10,7,20,0.2000,2026,9996111497,9996109804,67,1540
docs\inst_test\instancias\n_1000_8,500,10,10,5,0.1000,42,9996111502,9996110095,55,1540
docs\inst_test\instancias\n_1000_8,500,10,7,20,0.3000,2026,9996111497,9996109804,57,1540
docs\inst_test\instancias\n_1000_8,500,10,10,5,0.3000,2026,9996111497,9996109804,62,1540
docs\inst_test\instancias\n_1000_8,500,10,10,5,0.3000,123,9996111502,9996110095,71,1540
docs\inst_test\instancias\n_1000_8,500,10,10,5,0.3000,42,9996111502,9996110095,77,1540
docs\inst_test\instancias\n_1000_8,500,10,10,10,0.1000,42,9996111497,9996109804,52,1540
docs\inst_test\instancias\n_1000_8,500,10,10,10,0.1000,123,9996111502,9996110095,47,1540
docs\inst_test\instancias\n_1000_8,500,10,10,5,0.2000,2026,9996111497,9996109804,82,1540
docs\inst_test\instancias\n_1000_8,500,10,10,20,0.1000,42,9996111497,9996109804,39,1540
docs\inst_test\instancias\n_1000_8,500,10,10,10,0.3000,42,9996111502,9996110095,46,1540
docs\inst_test\instancias\n_1000_8,500,10,10,10,0.2000,42,9996111502,9996110095,52,1540
docs\inst_test\instancias\n_1000_8,500,10,10,10,0.1000,2026,9996111497,9996109804,56,1540
docs\inst_test\instancias\n_1000_8,500,10,10,20,0.1000,2026,9996111497,9996109804,42,1540
docs\inst_test\instancias\n_1000_8,500,10,10,20,0.1000,123,9996111497,9996109804,46,1540
docs\inst_test\instancias\n_1000_8,500,10,10,10,0.3000,2026,9996111497,9996109804,61,1540
docs\inst_test\instancias\n_1000_8,500,10,10,10,0.3000,123,9996111502,9996110095,68,1540
docs\inst_test\instancias\n_1000_8,500,10,10,20,0.3000,2026,9996111497,9996109804,35,1540
docs\inst_test\instancias\n_1000_8,500,10,10,20,0.3000,42,9996111502,9996110095,38,1540
docs\inst_test\instancias\n_1000_8,500,10,10,10,0.2000,123,9996111502,9996110095,75,1540
docs\inst_test\instancias\n_1000_8,500,10,10,20,0.2000,2026,9996111497,9996109804,47,1540
docs\inst_test\instancias\n_1000_8,500,10,10,10,0.2000,2026,9996111497,9996109804,82,1540
docs\inst_test\instancias\n_1000_8,500,10,10,20,0.3000,123,9996111497,9996109804,50,1540
docs\inst_test\instancias\n_1000_8,500,10,10,20,0.2000,42,9996111502,9996110095,65,1540
docs\inst_test\instancias\n_1000_8,500,10,15,5,0.2000,123,9996111502,9996110095,44,1540
docs\inst_test\instancias\n_1000_8,500,10,10,20,0.2000,123,9996111497,9996109804,63,1540
docs\inst_test\instancias\n_1000_8,500,10,15,5,0.2000,2026,9996111497,9996109804,45,1540
docs\inst_test\instancias\n_1000_8,500,10,15,5,0.1000,123,9996111502,9996110095,54,1540
docs\inst_test\instancias\n_1000_8,500,10,15,5,0.2000,42,9996111502,9996110095,59,1540
docs\inst_test\instancias\n_1000_8,500,10,15,5,0.1000,42,9996111502,9996110095,70,1540
docs\inst_test\instancias\n_1000_8,500,10,15,5,0.1000,2026,9996111497,9996109804,66,1540
docs\inst_test\instancias\n_1000_8,500,10,15,5,0.3000,2026,9996111497,9996109804,44,1540
docs\inst_test\instancias\n_1000_8,500,10,15,10,0.1000,2026,9996111497,9996109804,40,1540
docs\inst_test\instancias\n_1000_8,500,10,15,5,0.3000,123,9996111502,9996110095,56,1540
docs\inst_test\instancias\n_1000_8,500,10,15,10,0.3000,2026,9996111497,9996109804,38,1540
docs\inst_test\instancias\n_1000_8,500,10,15,20,0.1000,123,9996111497,9996109804,34,1540
docs\inst_test\instancias\n_1000_8,500,10,15,10,0.3000,123,9996111502,9996110095,46,1540
docs\inst_test\instancias\n_1000_8,500,10,15,10,0.1000,123,9996111502,9996110095,72,1540
docs\inst_test\instancias\n_1000_8,500,10,15,20,0.2000,42,9996111502,9996110095,34,1540
docs\inst_test\instancias\n_1000_8,500,10,15,10,0.2000,2026,9996111497,9996109804,58,1540
docs\inst_test\instancias\n_1000_8,500,10,15,5,0.3000,42,9996111502,9996110095,86,1540
docs\inst_test\instancias\n_1000_8,500,10,15,20,0.2000,123,9996111497,9996109804,35,1540
docs\inst_test\instancias\n_1000_8,500,10,15,10,0.2000,42,9996111502,9996110095,73,1540
docs\inst_test\instancias\n_1000_8,500,10,15,10,0.3000,42,9996111502,9996110095,61,1540
docs\inst_test\instancias\n_1000_8,500,10,15,20,0.2000,2026,9996111497,9996109804,34,1540
docs\inst_test\instancias\n_1000_8,500,10,15,10,0.1000,42,9996111497,9996109804,84,1540
docs\inst_test\instancias\n_1000_8,500,10,15,10,0.2000,123,9996111502,9996110095,74,1540
docs\inst_test\instancias\n_1000_8,500,10,15,20,0.1000,42,9996111497,9996109804,63,1540
docs\inst_test\instancias\n_1000_8,500,10,15,20,0.1000,2026,9996111497,9996109804,52,1540
docs\inst_test\instancias\n_1000_8,500,10,15,20,0.3000,42,9996111502,9996110095,60,1540
docs\inst_test\instancias\n_1000_8,500,10,15,20,0.3000,2026,9996111497,9996109804,49,1540
docs\inst_test\instancias\n_1000_8,500,10,15,20,0.3000,123,9996111497,9996109804,57,1540
docs\inst_test\instancias\n_1000_8,500,15,7,5,0.2000,2026,9996111497,9996109804,45,1540
docs\inst_test\instancias\n_1000_8,500,15,7,10,0.1000,123,9996111502,9996110095,37,1540
docs\inst_test\instancias\n_1000_8,500,15,7,10,0.2000,42,9996111502,9996110095,38,1540
docs\inst_test\instancias\n_1000_8,500,15,7,5,0.1000,123,9996111502,9996110095,67,1540
docs\inst_test\instancias\n_1000_8,500,15,7,5,0.1000,2026,9996111497,9996109804,66,1540
docs\inst_test\instancias\n_1000_8,500,15,7,5,0.3000,42,9996111502,9996110095,60,1540
docs\inst_test\instancias\n_1000_8,500,15,7,5,0.2000,123,9996111502,9996110095,68,1540
docs\inst_test\instancias\n_1000_8,500,15,7,5,0.1000,42,9996111502,9996110095,80,1540
docs\inst_test\instancias\n_1000_8,500,15,7,10,0.1000,42,9996111497,9996109804,66,1540
docs\inst_test\instancias\n_1000_8,500,15,7,10,0.2000,123,9996111502,9996110095,41,1540
docs\inst_test\instancias\n_1000_8,500,15,7,5,0.2000,42,9996111502,9996110095,81,1540
docs\inst_test\instancias\n_1000_8,500,15,7,5,0.3000,2026,9996111497,9996109804,77,1540
docs\inst_test\instancias\n_1000_8,500,15,7,10,0.3000,123,9996111502,9996110095,38,1540
docs\inst_test\instancias\n_1000_8,500,15,7,10,0.2000,2026,9996111497,9996109804,46,1540
docs\inst_test\instancias\n_1000_8,500,15,7,20,0.1000,42,9996111497,9996109804,33,1540
docs\inst_test\instancias\n_1000_8,500,15,7,5,0.3000,123,9996111502,9996110095,83,1540
docs\inst_test\instancias\n_1000_8,500,15,7,10,0.1000,2026,9996111497,9996109804,77,1540
docs\inst_test\instancias\n_1000_8,500,15,7,20,0.1000,123,9996111497,9996109804,35,1540
docs\inst_test\instancias\n_1000_8,500,15,7,10,0.3000,2026,9996111497,9996109804,51,1540
docs\inst_test\instancias\n_1000_8,500,15,7,20,0.2000,42,9996111502,9996110095,45,1540
docs\inst_test\instancias\n_1000_8,500,15,7,10,0.3000,42,9996111502,9996110095,68,1540
docs\inst_test\instancias\n_1000_8,500,15,7,20,0.3000,2026,9996111497,9996109804,40,1540
docs\inst_test\instancias\n_1000_8,500,15,10,5,0.1000,123,9996111502,9996110095,45,1540
docs\inst_test\instancias\n_1000_8,500,15,10,5,0.1000,42,9996111502,9996110095,47,1540
docs\inst_test\instancias\n_1000_8,500,15,7,20,0.1000,2026,9996111497,9996109804,66,1540
docs\inst_test\instancias\n_1000_8,500,15,7,20,0.2000,123,9996111497,9996109804,64,1540
docs\inst_test\instancias\n_1000_8,500,15,7,20,0.3000,123,9996111497,9996109804,57,1540
docs\inst_test\instancias\n_1000_8,500,15,7,20,0.3000,42,9996111502,9996110095,65,1540
docs\inst_test\instancias\n_1000_8,500,15,7,20,0.2000,2026,9996111497,9996109804,68,1540
docs\inst_test\instancias\n_1000_8,500,15,10,5,0.2000,123,9996111502,9996110095,53,1540
docs\inst_test\instancias\n_1000_8,500,15,10,5,0.3000,42,9996111502,9996110095,44,1540
docs\inst_test\instancias\n_1000_8,500,15,10,5,0.2000,42,9996111502,9996110095,62,1540
docs\inst_test\instancias\n_1000_8,500,15,10,5,0.1000,2026,9996111497,9996109804,72,1540
docs\inst_test\instancias\n_1000_8,500,15,10,10,0.1000,123,9996111502,9996110095,38,1540
docs\inst_test\instancias\n_1000_8,500,15,10,5,0.2000,2026,9996111497,9996109804,69,1540
docs\inst_test\instancias\n_1000_8,500,15,10,10,0.1000,42,9996111497,9996109804,53,1540
docs\inst_test\instancias\n_1000_8,500,15,10,5,0.3000,2026,9996111497,9996109804,64,1540
docs\inst_test\instancias\n_1000_8,500,15,10,5,0.3000,123,9996111502,9996110095,75,1540
docs\inst_test\instancias\n_1000_8,500,15,10,20,0.1000,123,9996111497,9996109804,34,1540
docs\inst_test\instancias\n_1000_8,500,15,10,10,0.3000,42,9996111502,9996110095,44,1540
docs\inst_test\instancias\n_1000_8,500,15,10,20,0.2000,123,9996111497,9996109804,35,1540
docs\inst_test\instancias\n_1000_8,500,15,10,10,0.1000,2026,9996111497,9996109804,67,1540
docs\inst_test\instancias\n_1000_8,500,15,10,10,0.3000,2026,9996111497,9996109804,58,1540
docs\inst_test\instancias\n_1000_8,500,15,10,10,0.2000,42,9996111502,9996110095,68,1540
docs\inst_test\instancias\n_1000_8,500,15,10,10,0.2000,123,9996111502,9996110095,69,1540
docs\inst_test\instancias\n_1000_8,500,15,10,10,0.2000,2026,9996111497,9996109804,67,1540
docs\inst_test\instancias\n_1000_8,500,15,10,20,0.3000,42,9996111502,9996110095,37,1540
docs\inst_test\instancias\n_1000_8,500,15,10,20,0.1000,42,9996111497,9996109804,59,1540
docs\inst_test\instancias\n_1000_8,500,15,10,20,0.1000,2026,9996111497,9996109804,57,1540
docs\inst_test\instancias\n_1000_8,500,15,10,10,0.3000,123,9996111502,9996110095,68,1540
docs\inst_test\instancias\n_1000_8,500,15,10,20,0.3000,2026,9996111497,9996109804,34,1540
docs\inst_test\instancias\n_1000_8,500,15,10,20,0.2000,42,9996111502,9996110095,55,1540
docs\inst_test\instancias\n_1000_8,500,15,10,20,0.2000,2026,9996111497,9996109804,59,1540
docs\inst_test\instancias\n_1000_8,500,15,10,20,0.3000,123,9996111497,9996109804,60,1540
docs\inst_test\instancias\n_1000_8,500,15,15,5,0.1000,2026,9996111497,9996109804,44,1540
docs\inst_test\instancias\n_1000_8,500,15,15,10,0.1000,123,9996111502,9996110095,38,1540
docs\inst_test\instancias\n_1000_8,500,15,15,10,0.2000,42,9996111502,9996110095,38,1540
docs\inst_test\instancias\n_1000_8,500,15,15,5,0.1000,42,9996111502,9996110095,76,1540
docs\inst_test\instancias\n_1000_8,500,15,15,10,0.1000,2026,9996111497,9996109804,48,1540
docs\inst_test\instancias\n_1000_8,500,15,15,5,0.2000,42,9996111502,9996110095,60,1540
docs\inst_test\instancias\n_1000_8,500,15,15,5,0.1000,123,9996111502,9996110095,79,1540
docs\inst_test\instancias\n_1000_8,500,15,15,5,0.2000,2026,9996111497,9996109804,63,1540
docs\inst_test\instancias\n_1000_8,500,15,15,5,0.3000,123,9996111502,9996110095,65,1540
docs\inst_test\instancias\n_1000_8,500,15,15,5,0.3000,2026,9996111497,9996109804,64,1540
docs\inst_test\instancias\n_1000_8,500,15,15,10,0.1000,42,9996111497,9996109804,65,1540
docs\inst_test\instancias\n_1000_8,500,15,15,5,0.3000,42,9996111502,9996110095,67,1540
docs\inst_test\instancias\n_1000_8,500,15,15,10,0.2000,2026,9996111497,9996109804,52,1540
docs\inst_test\instancias\n_1000_8,500,15,15,10,0.3000,123,9996111502,9996110095,37,1540
docs\inst_test\instancias\n_1000_8,500,15,15,10,0.3000,2026,9996111497,9996109804,43,1540
docs\inst_test\instancias\n_1000_8,500,15,15,5,0.2000,123,9996111502,9996110095,90,1540
docs\inst_test\instancias\n_1000_8,500,15,15,10,0.2000,123,9996111502,9996110095,75,1540
docs\inst_test\instancias\n_1000_8,500,15,15,10,0.3000,42,9996111502,9996110095,63,1540
docs\inst_test\instancias\n_1000_8,500,15,15,20,0.2000,42,9996111502,9996110095,41,1540
docs\inst_test\instancias\n_1000_8,500,15,15,20,0.2000,123,9996111497,9996109804,43,1540
docs\inst_test\instancias\n_1000_8,500,15,15,20,0.1000,2026,9996111497,9996109804,45,1540
docs\inst_test\instancias\n_1000_8,500,15,15,20,0.1000,123,9996111497,9996109804,50,1540
docs\inst_test\instancias\n_1000_8,500,15,15,20,0.1000,42,9996111497,9996109804,60,1540
docs\inst_test\instancias\n_1000_8,500,15,15,20,0.3000,2026,9996111497,9996109804,46,1540
docs\inst_test\instancias\n_1000_8,500,15,15,20,0.3000,42,9996111502,9996110095,51,1540
docs\inst_test\instancias\n_1000_8,500,15,15,20,0.3000,123,9996111497,9996109804,55,1540
docs\inst_test\instancias\n_1000_8,500,20,7,5,0.1000,42,9996111502,9996110095,55,1540
docs\inst_test\instancias\n_1000_8,500,15,15,20,0.2000,2026,9996111497,9996109804,63,1540
docs\inst_test\instancias\n_1000_8,500,20,7,10,0.1000,123,9996111502,9996110095,37,1540
docs\inst_test\instancias\n_1000_8,500,20,7,5,0.1000,2026,9996111497,9996109804,67,1540
docs\inst_test\instancias\n_1000_8,500,20,7,5,0.1000,123,9996111502,9996110095,73,1540
docs\inst_test\instancias\n_1000_8,500,20,7,10,0.1000,42,9996111497,9996109804,44,1540
docs\inst_test\instancias\n_1000_8,500,20,7,5,0.3000,123,9996111502,9996110095,54,1540
docs\inst_test\instancias\n_1000_8,500,20,7,10,0.2000,123,9996111502,9996110095,41,1540
docs\inst_test\instancias\n_1000_8,500,20,7,5,0.2000,2026,9996111497,9996109804,68,1540
docs\inst_test\instancias\n_1000_8,500,20,7,5,0.3000,2026,9996111497,9996109804,60,1540
docs\inst_test\instancias\n_1000_8,500,20,7,10,0.2000,42,9996111502,9996110095,51,1540
docs\inst_test\instancias\n_1000_8,500,20,7,5,0.2000,123,9996111502,9996110095,77,1540
docs\inst_test\instancias\n_1000_8,500,20,7,5,0.2000,42,9996111502,9996110095,81,1540
docs\inst_test\instancias\n_1000_8,500,20,7,5,0.3000,42,9996111502,9996110095,74,1540
docs\inst_test\instancias\n_1000_8,500,20,7,10,0.1000,2026,9996111497,9996109804,66,1540
docs\inst_test\instancias\n_1000_8,500,20,7,10,0.3000,42,9996111502,9996110095,54,1540
docs\inst_test\instancias\n_1000_8,500,20,7,20,0.1000,123,9996111497,9996109804,39,1540
docs\inst_test\instancias\n_1000_8,500,20,7,10,0.2000,2026,9996111497,9996109804,64,1540
docs\inst_test\instancias\n_1000_8,500,20,7,20,0.1000,2026,9996111497,9996109804,43,1540
docs\inst_test\instancias\n_1000_8,500,20,7,20,0.1000,42,9996111497,9996109804,45,1540
docs\inst_test\instancias\n_1000_8,500,20,7,10,0.3000,123,9996111502,9996110095,65,1540
docs\inst_test\instancias\n_1000_8,500,20,7,10,0.3000,2026,9996111497,9996109804,51,1540
docs\inst_test\instancias\n_1000_8,500,20,7,20,0.2000,2026,9996111497,9996109804,41,1540
docs\inst_test\instancias\n_1000_8,500,20,7,20,0.2000,123,9996111497,9996109804,43,1540
docs\inst_test\instancias\n_1000_8,500,20,7,20,0.3000,2026,9996111497,9996109804,48,1540
docs\inst_test\instancias\n_1000_8,500,20,7,20,0.3000,42,9996111502,9996110095,54,1540
docs\inst_test\instancias\n_1000_8,500,20,7,20,0.2000,42,9996111502,9996110095,67,1540
docs\inst_test\instancias\n_1000_8,500,20,10,5,0.1000,123,9996111502,9996110095,52,1540
docs\inst_test\instancias\n_1000_8,500,20,10,5,0.2000,123,9996111502,9996110095,41,1540
docs\inst_test\instancias\n_1000_8,500,20,10,5,0.1000,42,9996111502,9996110095,59,1540
docs\inst_test\instancias\n_1000_8,500,20,10,5,0.3000,42,9996111502,9996110095,41,1540
docs\inst_test\instancias\n_1000_8,500,20,7,20,0.3000,123,9996111497,9996109804,64,1540
docs\inst_test\instancias\n_1000_8,500,20,10,5,0.3000,2026,9996111497,9996109804,40,1540
docs\inst_test\instancias\n_1000_8,500,20,10,10,0.1000,42,9996111497,9996109804,43,1540
docs\inst_test\instancias\n_1000_8,500,20,10,5,0.1000,2026,9996111497,9996109804,61,1540
docs\inst_test\instancias\n_1000_8,500,20,10,5,0.2000,2026,9996111497,9996109804,52,1540
docs\inst_test\instancias\n_1000_8,500,20,10,5,0.2000,42,9996111502,9996110095,62,1540
docs\inst_test\instancias\n_1000_8,500,20,10,5,0.3000,123,9996111502,9996110095,53,1540
docs\inst_test\instancias\n_1000_8,500,20,10,10,0.1000,123,9996111502,9996110095,60,1540
docs\inst_test\instancias\n_1000_8,500,20,10,20,0.1000,42,9996111497,9996109804,31,1540
docs\inst_test\instancias\n_1000_8,500,20,10,10,0.3000,123,9996111502,9996110095,35,1540
docs\inst_test\instancias\n_1000_8,500,20,10,20,0.1000,2026,9996111497,9996109804,31,1540
docs\inst_test\instancias\n_1000_8,500,20,10,10,0.1000,2026,9996111497,9996109804,63,1540
docs\inst_test\instancias\n_1000_8,500,20,10,10,0.2000,42,9996111502,9996110095,50,1540
docs\inst_test\instancias\n_1000_8,500,20,10,10,0.2000,123,9996111502,9996110095,50,1540
docs\inst_test\instancias\n_1000_8,500,20,10,20,0.2000,123,9996111497,9996109804,31,1540
docs\inst_test\instancias\n_1000_8,500,20,10,20,0.1000,123,9996111497,9996109804,39,1540
docs\inst_test\instancias\n_1000_8,500,20,10,20,0.2000,2026,9996111497,9996109804,37,1540
docs\inst_test\instancias\n_1000_8,500,20,10,10,0.2000,2026,9996111497,9996109804,56,1540
docs\inst_test\instancias\n_1000_8,500,20,10,10,0.3000,2026,9996111497,9996109804,57,1540
docs\inst_test\instancias\n_1000_8,500,20,10,10,0.3000,42,9996111502,9996110095,64,1540
docs\inst_test\instancias\n_1000_8,500,20,10,20,0.3000,123,9996111497,9996109804,52,1540
docs\inst_test\instancias\n_1000_8,500,20,10,20,0.2000,42,9996111502,9996110095,60,1540
docs\inst_test\instancias\n_1000_8,500,20,10,20,0.3000,42,9996111502,9996110095,60,1540
docs\inst_test\instancias\n_1000_8,500,20,15,5,0.1000,123,9996111502,9996110095,42,1540
docs\inst_test\instancias\n_1000_8,500,20,15,5,0.1000,42,9996111502,9996110095,42,1540
docs\inst_test\instancias\n_1000_8,500,20,15,5,0.1000,2026,9996111497,9996109804,40,1540
docs\inst_test\instancias\n_1000_8,500,20,10,20,0.3000,2026,9996111497,9996109804,47,1540
docs\inst_test\instancias\n_1000_8,500,20,15,10,0.1000,42,9996111497,9996109804,33,1540
docs\inst_test\instancias\n_1000_8,500,20,15,5,0.2000,2026,9996111497,9996109804,55,1540
docs\inst_test\instancias\n_1000_8,500,20,15,5,0.2000,42,9996111502,9996110095,57,1540
docs\inst_test\instancias\n_1000_8,500,20,15,10,0.1000,123,9996111502,9996110095,43,1540
docs\inst_test\instancias\n_1000_8,500,20,15,5,0.2000,123,9996111502,9996110095,63,1540
docs\inst_test\instancias\n_1000_8,500,20,15,5,0.3000,123,9996111502,9996110095,59,1540
docs\inst_test\instancias\n_1000_8,500,20,15,5,0.3000,42,9996111502,9996110095,60,1540
docs\inst_test\instancias\n_1000_8,500,20,15,10,0.1000,2026,9996111497,9996109804,45,1540
docs\inst_test\instancias\n_1000_8,500,20,15,20,0.1000,42,9996111497,9996109804,31,1540
docs\inst_test\instancias\n_1000_8,500,20,15,10,0.3000,2026,9996111497,9996109804,35,1540
docs\inst_test\instancias\n_1000_8,500,20,15,5,0.3000,2026,9996111497,9996109804,65,1540
docs\inst_test\instancias\n_1000_8,500,20,15,20,0.1000,123,9996111497,9996109804,31,1540
docs\inst_test\instancias\n_1000_8,500,20,15,10,0.3000,42,9996111502,9996110095,41,1540
docs\inst_test\instancias\n_1000_8,500,20,15,10,0.2000,42,9996111502,9996110095,54,1540
docs\inst_test\instancias\n_1000_8,500,20,15,10,0.2000,123,9996111502,9996110095,55,1540
docs\inst_test\instancias\n_1000_8,500,20,15,10,0.2000,2026,9996111497,9996109804,52,1540
docs\inst_test\instancias\n_1000_8,500,20,15,10,0.3000,123,9996111502,9996110095,50,1540
docs\inst_test\instancias\n_1000_8,500,20,15,20,0.2000,42,9996111502,9996110095,31,1540
docs\inst_test\instancias\n_1000_8,500,20,15,20,0.1000,2026,9996111497,9996109804,33,1540
docs\inst_test\instancias\n_1000_8,500,20,15,20,0.2000,2026,9996111497,9996109804,35,1540
docs\inst_test\instancias\n_1000_8,500,20,15,20,0.2000,123,9996111497,9996109804,38,1540
docs\inst_test\instancias\n_1000_8,500,20,15,20,0.3000,123,9996111497,9996109804,38,1540
docs\inst_test\instancias\n_1000_8,500,20,15,20,0.3000,2026,9996111497,9996109804,36,1540
docs\inst_test\instancias\n_1000_8,500,20,15,20,0.3000,42,9996111502,9996110095,43,1540
docs\inst_test\instancias\n_1000_9,100,10,7,5,0.1000,2026,9980485898,9980481011,15,3076
docs\inst_test\instancias\n_1000_9,100,10,7,10,0.3000,42,9980485898,9980481011,15,3076
docs\inst_test\instancias\n_1000_9,100,10,7,5,0.1000,42,9980485898,9980481011,18,3076
docs\inst_test\instancias\n_1000_9,100,10,7,10,0.2000,2026,9980485898,9980481011,18,3076
docs\inst_test\instancias\n_1000_9,100,10,7,10,0.1000,42,9980485898,9980481011,20,3076
docs\inst_test\instancias\n_1000_9,100,10,7,5,0.3000,2026,9980485898,9980481011,21,3076
docs\inst_test\instancias\n_1000_9,100,10,7,5,0.2000,42,9980485898,9980481011,25,3076
docs\inst_test\instancias\n_1000_9,100,10,7,5,0.1000,123,9980485898,9980481011,26,3076
docs\inst_test\instancias\n_1000_9,100,10,7,5,0.3000,123,9980485898,9980481011,27,3076
docs\inst_test\instancias\n_1000_9,100,10,7,10,0.1000,123,9980485898,9980481011,28,3076
docs\inst_test\instancias\n_1000_9,100,10,7,5,0.2000,123,9980485898,9980481011,28,3076
docs\inst_test\instancias\n_1000_9,100,10,7,10,0.3000,123,9980485898,9980481011,14,3076
docs\inst_test\instancias\n_1000_9,100,10,7,5,0.2000,2026,9980485898,9980481011,30,3076
docs\inst_test\instancias\n_1000_9,100,10,7,10,0.2000,123,9980485898,9980481011,30,3076
docs\inst_test\instancias\n_1000_9,100,10,7,10,0.3000,2026,9980485898,9980481011,14,3076
docs\inst_test\instancias\n_1000_9,100,10,7,10,0.1000,2026,9980485898,9980481011,32,3076
docs\inst_test\instancias\n_1000_9,100,10,7,10,0.2000,42,9980485898,9980481011,33,3076
docs\inst_test\instancias\n_1000_9,100,10,7,20,0.2000,42,9980485898,9980481011,14,3076
docs\inst_test\instancias\n_1000_9,100,10,7,20,0.1000,2026,9980485898,9980481011,15,3076
docs\inst_test\instancias\n_1000_9,100,10,7,5,0.3000,42,9980485898,9980481011,35,3076
docs\inst_test\instancias\n_1000_9,100,10,7,20,0.1000,42,9980485898,9980481011,18,3076
docs\inst_test\instancias\n_1000_9,100,10,7,20,0.1000,123,9980485898,9980481011,20,3076
docs\inst_test\instancias\n_1000_9,100,10,10,5,0.1000,42,9980485898,9980481011,16,3076
docs\inst_test\instancias\n_1000_9,100,10,10,5,0.1000,123,9980485898,9980481011,15,3076
docs\inst_test\instancias\n_1000_9,100,10,10,5,0.2000,42,9980485898,9980481011,15,3076
docs\inst_test\instancias\n_1000_9,100,10,10,5,0.1000,2026,9980485898,9980481011,18,3076
docs\inst_test\instancias\n_1000_9,100,10,10,5,0.3000,42,9980485898,9980481011,14,3076
docs\inst_test\instancias\n_1000_9,100,10,7,20,0.2000,2026,9980485898,9980481011,26,3076
docs\inst_test\instancias\n_1000_9,100,10,10,10,0.1000,42,9980485898,9980481011,15,3076
docs\inst_test\instancias\n_1000_9,100,10,7,20,0.3000,2026,9980485898,9980481011,24,3076
docs\inst_test\instancias\n_1000_9,100,10,7,20,0.3000,42,9980485898,9980481011,26,3076
docs\inst_test\instancias\n_1000_9,100,10,7,20,0.2000,123,9980485898,9980481011,31,3076
docs\inst_test\instancias\n_1000_9,100,10,7,20,0.3000,123,9980485898,9980481011,30,3076
docs\inst_test\instancias\n_1000_9,100,10,10,10,0.1000,2026,9980485898,9980481011,14,3076
docs\inst_test\instancias\n_1000_9,100,10,10,10,0.2000,123,9980485898,9980481011,15,3076
docs\inst_test\instancias\n_1000_9,100,10,10,10,0.2000,42,9980485898,9980481011,15,3076
docs\inst_test\instancias\n_1000_9,100,10,10,5,0.3000,123,9980485898,9980481011,27,3076
docs\inst_test\instancias\n_1000_9,100,10,10,10,0.3000,42,9980485898,9980481011,15,3076
docs\inst_test\instancias\n_1000_9,100,10,10,5,0.3000,2026,9980485898,9980481011,29,3076
docs\inst_test\instancias\n_1000_9,100,10,10,5,0.2000,123,9980485898,9980481011,33,3076
docs\inst_test\instancias\n_1000_9,100,10,10,10,0.3000,2026,9980485898,9980481011,13,3076
docs\inst_test\instancias\n_1000_9,100,10,10,10,0.3000,123,9980485898,9980481011,13,3076
docs\inst_test\instancias\n_1000_9,100,10,10,20,0.1000,42,9980485898,9980481011,15,3076
docs\inst_test\instancias\n_1000_9,100,10,10,10,0.1000,123,9980485898,9980481011,29,3076
docs\inst_test\instancias\n_1000_9,100,10,10,5,0.2000,2026,9980485898,9980481011,37,3076
docs\inst_test\instancias\n_1000_9,100,10,10,20,0.2000,123,9980485898,9980481011,14,3076
docs\inst_test\instancias\n_1000_9,100,10,10,20,0.1000,123,9980485898,9980481011,20,3076
docs\inst_test\instancias\n_1000_9,100,10,10,20,0.3000,123,9980485898,9980481011,15,3076
docs\inst_test\instancias\n_1000_9,100,10,10,20,0.3000,2026,9980485898,9980481011,17,3076
docs\inst_test\instancias\n_1000_9,100,10,15,5,0.2000,42,9980485898,9980481011,15,3076
docs\inst_test\instancias\n_1000_9,100,10,10,20,0.2000,2026,9980485898,9980481011,21,3076
docs\inst_test\instancias\n_1000_9,100,10,10,20,0.3000,42,9980485898,9980481011,21,3076
docs\inst_test\instancias\n_1000_9,100,10,15,5,0.1000,2026,9980485898,9980481011,15,3076
docs\inst_test\instancias\n_1000_9,100,10,10,10,0.2000,2026,9980485898,9980481011,34,3076
docs\inst_test\instancias\n_1000_9,100,10,15,5,0.3000,123,9980485898,9980481011,15,3076
docs\inst_test\instancias\n_1000_9,100,10,10,20,0.2000,42,9980485898,9980481011,30,3076
docs\inst_test\instancias\n_1000_9,100,10,15,5,0.3000,42,9980485898,9980481011,19,3076
docs\inst_test\instancias\n_1000_9,100,10,10,20,0.1000,2026,9980485898,9980481011,36,3076
docs\inst_test\instancias\n_1000_9,100,10,15,5,0.3000,2026,9980485898,9980481011,21,3076
docs\inst_test\instancias\n_1000_9,100,10,15,5,0.1000,123,9980485898,9980481011,29,3076
docs\inst_test\instancias\n_1000_9,100,10,15,10,0.1000,2026,9980485898,9980481011,15,3076
docs\inst_test\instancias\n_1000_9,100,10,15,10,0.2000,2026,9980485898,9980481011,15,3076
docs\inst_test\instancias\n_1000_9,100,10,15,5,0.1000,42,9980485898,9980481011,32,3076
docs\inst_test\instancias\n_1000_9,100,10,15,5,0.2000,2026,9980485898,9980481011,27,3076
docs\inst_test\instancias\n_1000_9,100,10,15,10,0.1000,123,9980485898,9980481011,16,3076
docs\inst_test\instancias\n_1000_9,100,10,15,5,0.2000,123,9980485898,9980481011,29,3076
docs\inst_test\instancias\n_1000_9,100,10,15,10,0.1000,42,9980485898,9980481011,22,3076
docs\inst_test\instancias\n_1000_9,100,10,15,10,0.3000,123,9980485898,9980481011,13,3076
docs\inst_test\instancias\n_1000_9,100,10,15,10,0.2000,123,9980485898,9980481011,22,3076
docs\inst_test\instancias\n_1000_9,100,10,15,20,0.1000,42,9980485898,9980481011,14,3076
docs\inst_test\instancias\n_1000_9,100,10,15,10,0.2000,42,9980485898,9980481011,27,3076
docs\inst_test\instancias\n_1000_9,100,10,15,20,0.2000,2026,9980485898,9980481011,14,3076
docs\inst_test\instancias\n_1000_9,100,10,15,20,0.1000,2026,9980485898,9980481011,16,3076
docs\inst_test\instancias\n_1000_9,100,10,15,20,0.3000,2026,9980485898,9980481011,15,3076
docs\inst_test\instancias\n_1000_9,100,15,7,5,0.1000,123,9980485898,9980481011,15,3076
docs\inst_test\instancias\n_1000_9,100,10,15,10,0.3000,42,9980485898,9980481011,34,3076
docs\inst_test\instancias\n_1000_9,100,10,15,10,0.3000,2026,9980485898,9980481011,29,3076
docs\inst_test\instancias\n_1000_9,100,10,15,20,0.2000,42,9980485898,9980481011,24,3076
docs\inst_test\instancias\n_1000_9,100,15,7,5,0.2000,123,9980485898,9980481011,16,3076
docs\inst_test\instancias\n_1000_9,100,10,15,20,0.3000,42,9980485898,9980481011,23,3076
docs\inst_test\instancias\n_1000_9,100,15,7,5,0.2000,42,9980485898,9980481011,16,3076
docs\inst_test\instancias\n_1000_9,100,10,15,20,0.1000,123,9980485898,9980481011,28,3076
docs\inst_test\instancias\n_1000_9,100,15,7,5,0.1000,2026,9980485898,9980481011,18,3076
docs\inst_test\instancias\n_1000_9,100,10,15,20,0.2000,123,9980485898,9980481011,26,3076
docs\inst_test\instancias\n_1000_9,100,10,15,20,0.3000,123,9980485898,9980481011,26,3076
docs\inst_test\instancias\n_1000_9,100,15,7,5,0.3000,123,9980485898,9980481011,15,3076
docs\inst_test\instancias\n_1000_9,100,15,7,5,0.3000,42,9980485898,9980481011,15,3076
docs\inst_test\instancias\n_1000_9,100,15,7,10,0.1000,42,9980485898,9980481011,14,3076
docs\inst_test\instancias\n_1000_9,100,15,7,5,0.1000,42,9980485898,9980481011,36,3076
docs\inst_test\instancias\n_1000_9,100,15,7,10,0.2000,123,9980485898,9980481011,14,3076
docs\inst_test\instancias\n_1000_9,100,15,7,10,0.3000,123,9980485898,9980481011,13,3076
docs\inst_test\instancias\n_1000_9,100,15,7,10,0.1000,2026,9980485898,9980481011,18,3076
docs\inst_test\instancias\n_1000_9,100,15,7,5,0.2000,2026,9980485898,9980481011,29,3076
docs\inst_test\instancias\n_1000_9,100,15,7,10,0.2000,42,9980485898,9980481011,18,3076
docs\inst_test\instancias\n_1000_9,100,15,7,5,0.3000,2026,9980485898,9980481011,26,3076
docs\inst_test\instancias\n_1000_9,100,15,7,20,0.1000,2026,9980485898,9980481011,14,3076
docs\inst_test\instancias\n_1000_9,100,15,7,10,0.3000,42,9980485898,9980481011,20,3076
docs\inst_test\instancias\n_1000_9,100,15,7,10,0.1000,123,9980485898,9980481011,27,3076
docs\inst_test\instancias\n_1000_9,100,15,7,20,0.3000,42,9980485898,9980481011,13,3076
docs\inst_test\instancias\n_1000_9,100,15,7,20,0.3000,123,9980485898,9980481011,13,3076
docs\inst_test\instancias\n_1000_9,100,15,7,10,0.2000,2026,9980485898,9980481011,29,3076
docs\inst_test\instancias\n_1000_9,100,15,7,20,0.1000,123,9980485898,9980481011,26,3076
docs\inst_test\instancias\n_1000_9,100,15,7,10,0.3000,2026,9980485898,9980481011,29,3076
docs\inst_test\instancias\n_1000_9,100,15,7,20,0.3000,2026,9980485898,9980481011,13,3076
docs\inst_test\instancias\n_1000_9,100,15,10,5,0.1000,2026,9980485898,9980481011,16,3076
docs\inst_test\instancias\n_1000_9,100,15,7,20,0.1000,42,9980485898,9980481011,31,3076
docs\inst_test\instancias\n_1000_9,100,15,7,20,0.2000,42,9980485898,9980481011,30,3076
docs\inst_test\instancias\n_1000_9,100,15,7,20,0.2000,123,9980485898,9980481011,26,3076
docs\inst_test\instancias\n_1000_9,100,15,10,5,0.1000,123,9980485898,9980481011,21,3076
docs\inst_test\instancias\n_1000_9,100,15,10,5,0.3000,42,9980485898,9980481011,14,3076
docs\inst_test\instancias\n_1000_9,100,15,10,5,0.2000,123,9980485898,9980481011,23,3076
docs\inst_test\instancias\n_1000_9,100,15,10,5,0.3000,123,9980485898,9980481011,15,3076
docs\inst_test\instancias\n_1000_9,100,15,10,10,0.1000,2026,9980485898,9980481011,14,3076
docs\inst_test\instancias\n_1000_9,100,15,10,5,0.1000,42,9980485898,9980481011,29,3076
docs\inst_test\instancias\n_1000_9,100,15,10,10,0.2000,42,9980485898,9980481011,14,3076
docs\inst_test\instancias\n_1000_9,100,15,7,20,0.2000,2026,9980485898,9980481011,37,3076
docs\inst_test\instancias\n_1000_9,100,15,10,5,0.2000,2026,9980485898,9980481011,27,3076
docs\inst_test\instancias\n_1000_9,100,15,10,10,0.2000,2026,9980485898,9980481011,19,3076
docs\inst_test\instancias\n_1000_9,100,15,10,10,0.1000,42,9980485898,9980481011,27,3076
docs\inst_test\instancias\n_1000_9,100,15,10,10,0.3000,2026,9980485898,9980481011,14,3076
docs\inst_test\instancias\n_1000_9,100,15,10,10,0.1000,123,9980485898,9980481011,27,3076
docs\inst_test\instancias\n_1000_9,100,15,10,5,0.3000,2026,9980485898,9980481011,28,3076
docs\inst_test\instancias\n_1000_9,100,15,10,5,0.2000,42,9980485898,9980481011,37,3076
docs\inst_test\instancias\n_1000_9,100,15,10,20,0.1000,42,9980485898,9980481011,13,3076
docs\inst_test\instancias\n_1000_9,100,15,10,20,0.1000,123,9980485898,9980481011,13,3076
docs\inst_test\instancias\n_1000_9,100,15,10,10,0.3000,42,9980485898,9980481011,22,3076
docs\inst_test\instancias\n_1000_9,100,15,10,20,0.2000,123,9980485898,9980481011,14,3076
docs\inst_test\instancias\n_1000_9,100,15,10,10,0.2000,123,9980485898,9980481011,32,3076
docs\inst_test\instancias\n_1000_9,100,15,10,20,0.1000,2026,9980485898,9980481011,24,3076
docs\inst_test\instancias\n_1000_9,100,15,10,10,0.3000,123,9980485898,9980481011,29,3076
docs\inst_test\instancias\n_1000_9,100,15,15,5,0.1000,42,9980485898,9980481011,15,3076
docs\inst_test\instancias\n_1000_9,100,15,15,5,0.2000,2026,9980485898,9980481011,15,3076
docs\inst_test\instancias\n_1000_9,100,15,15,5,0.2000,123,9980485898,9980481011,15,3076
docs\inst_test\instancias\n_1000_9,100,15,10,20,0.2000,42,9980485898,9980481011,26,3076
docs\inst_test\instancias\n_1000_9,100,15,15,5,0.3000,42,9980485898,9980481011,15,3076
docs\inst_test\instancias\n_1000_9,100,15,10,20,0.3000,42,9980485898,9980481011,26,3076
docs\inst_test\instancias\n_1000_9,100,15,15,5,0.3000,123,9980485898,9980481011,15,3076
docs\inst_test\instancias\n_1000_9,100,15,10,20,0.3000,123,9980485898,9980481011,26,3076
docs\inst_test\instancias\n_1000_9,100,15,15,5,0.1000,123,9980485898,9980481011,24,3076
docs\inst_test\instancias\n_1000_9,100,15,10,20,0.3000,2026,9980485898,9980481011,26,3076
docs\inst_test\instancias\n_1000_9,100,15,10,20,0.2000,2026,9980485898,9980481011,32,3076
docs\inst_test\instancias\n_1000_9,100,15,15,5,0.1000,2026,9980485898,9980481011,25,3076
docs\inst_test\instancias\n_1000_9,100,15,15,10,0.1000,42,9980485898,9980481011,16,3076
docs\inst_test\instancias\n_1000_9,100,15,15,10,0.1000,2026,9980485898,9980481011,14,3076
docs\inst_test\instancias\n_1000_9,100,15,15,10,0.2000,42,9980485898,9980481011,14,3076
docs\inst_test\instancias\n_1000_9,100,15,15,10,0.2000,123,9980485898,9980481011,15,3076
docs\inst_test\instancias\n_1000_9,100,15,15,10,0.3000,42,9980485898,9980481011,14,3076
docs\inst_test\instancias\n_1000_9,100,15,15,5,0.2000,42,9980485898,9980481011,32,3076
docs\inst_test\instancias\n_1000_9,100,15,15,5,0.3000,2026,9980485898,9980481011,23,3076
docs\inst_test\instancias\n_1000_9,100,15,15,10,0.3000,2026,9980485898,9980481011,15,3076
docs\inst_test\instancias\n_1000_9,100,15,15,20,0.2000,123,9980485898,9980481011,17,3076
docs\inst_test\instancias\n_1000_9,100,15,15,20,0.3000,42,9980485898,9980481011,13,3076
docs\inst_test\instancias\n_1000_9,100,15,15,20,0.3000,123,9980485898,9980481011,13,3076
docs\inst_test\instancias\n_1000_9,100,15,15,20,0.3000,2026,9980485898,9980481011,13,3076
docs\inst_test\instancias\n_1000_9,100,15,15,10,0.2000,2026,9980485898,9980481011,28,3076
docs\inst_test\instancias\n_1000_9,100,15,15,20,0.1000,123,9980485898,9980481011,21,3076
docs\inst_test\instancias\n_1000_9,100,20,7,5,0.1000,42,9980485898,9980481011,14,3076
docs\inst_test\instancias\n_1000_9,100,15,15,10,0.1000,123,9980485898,9980481011,35,3076
docs\inst_test\instancias\n_1000_9,100,15,15,10,0.3000,123,9980485898,9980481011,28,3076
docs\inst_test\instancias\n_1000_9,100,20,7,5,0.2000,42,9980485898,9980481011,15,3076
docs\inst_test\instancias\n_1000_9,100,15,15,20,0.1000,2026,9980485898,9980481011,26,3076
docs\inst_test\instancias\n_1000_9,100,15,15,20,0.2000,2026,9980485898,9980481011,25,3076
docs\inst_test\instancias\n_1000_9,100,20,7,5,0.1000,123,9980485898,9980481011,24,3076
docs\inst_test\instancias\n_1000_9,100,15,15,20,0.2000,42,9980485898,9980481011,31,3076
docs\inst_test\instancias\n_1000_9,100,20,7,5,0.3000,42,9980485898,9980481011,15,3076
docs\inst_test\instancias\n_1000_9,100,20,7,5,0.2000,2026,9980485898,9980481011,15,3076
docs\inst_test\instancias\n_1000_9,100,20,7,5,0.3000,123,9980485898,9980481011,15,3076
docs\inst_test\instancias\n_1000_9,100,15,15,20,0.1000,42,9980485898,9980481011,37,3076
docs\inst_test\instancias\n_1000_9,100,20,7,10,0.1000,123,9980485898,9980481011,15,3076
docs\inst_test\instancias\n_1000_9,100,20,7,10,0.2000,123,9980485898,9980481011,17,3076
docs\inst_test\instancias\n_1000_9,100,20,7,5,0.2000,123,9980485898,9980481011,26,3076
docs\inst_test\instancias\n_1000_9,100,20,7,10,0.1000,2026,9980485898,9980481011,21,3076
docs\inst_test\instancias\n_1000_9,100,20,7,10,0.3000,123,9980485898,9980481011,14,3076
docs\inst_test\instancias\n_1000_9,100,20,7,5,0.3000,2026,9980485898,9980481011,28,3076
docs\inst_test\instancias\n_1000_9,100,20,7,20,0.1000,42,9980485898,9980481011,13,3076
docs\inst_test\instancias\n_1000_9,100,20,7,5,0.1000,2026,9980485898,9980481011,39,3076
docs\inst_test\instancias\n_1000_9,100,20,7,10,0.1000,42,9980485898,9980481011,27,3076
docs\inst_test\instancias\n_1000_9,100,20,7,10,0.3000,2026,9980485898,9980481011,17,3076
docs\inst_test\instancias\n_1000_9,100,20,7,20,0.2000,123,9980485898,9980481011,13,3076
docs\inst_test\instancias\n_1000_9,100,20,7,10,0.2000,2026,9980485898,9980481011,27,3076
docs\inst_test\instancias\n_1000_9,100,20,7,10,0.3000,42,9980485898,9980481011,26,3076
docs\inst_test\instancias\n_1000_9,100,20,7,20,0.1000,123,9980485898,9980481011,25,3076
docs\inst_test\instancias\n_1000_9,100,20,7,20,0.1000,2026,9980485898,9980481011,24,3076
docs\inst_test\instancias\n_1000_9,100,20,7,20,0.3000,123,9980485898,9980481011,14,3076
docs\inst_test\instancias\n_1000_9,100,20,7,20,0.3000,2026,9980485898,9980481011,15,3076
docs\inst_test\instancias\n_1000_9,100,20,7,10,0.2000,42,9980485898,9980481011,38,3076
docs\inst_test\instancias\n_1000_9,100,20,10,5,0.1000,123,9980485898,9980481011,17,3076
docs\inst_test\instancias\n_1000_9,100,20,7,20,0.2000,42,9980485898,9980481011,28,3076
docs\inst_test\instancias\n_1000_9,100,20,10,5,0.2000,2026,9980485898,9980481011,16,3076
docs\inst_test\instancias\n_1000_9,100,20,7,20,0.2000,2026,9980485898,9980481011,27,3076
docs\inst_test\instancias\n_1000_9,100,20,7,20,0.3000,42,9980485898,9980481011,27,3076
docs\inst_test\instancias\n_1000_9,100,20,10,5,0.2000,123,9980485898,9980481011,22,3076
docs\inst_test\instancias\n_1000_9,100,20,10,5,0.1000,2026,9980485898,9980481011,26,3076
docs\inst_test\instancias\n_1000_9,100,20,10,5,0.1000,42,9980485898,9980481011,29,3076
docs\inst_test\instancias\n_1000_9,100,20,10,5,0.2000,42,9980485898,9980481011,28,3076
docs\inst_test\instancias\n_1000_9,100,20,10,10,0.2000,123,9980485898,9980481011,14,3076
docs\inst_test\instancias\n_1000_9,100,20,10,10,0.1000,123,9980485898,9980481011,21,3076
docs\inst_test\instancias\n_1000_9,100,20,10,5,0.3000,42,9980485898,9980481011,27,3076
docs\inst_test\instancias\n_1000_9,100,20,10,10,0.1000,2026,9980485898,9980481011,20,3076
docs\inst_test\instancias\n_1000_9,100,20,10,10,0.2000,42,9980485898,9980481011,20,3076
docs\inst_test\instancias\n_1000_9,100,20,10,5,0.3000,123,9980485898,9980481011,28,3076
docs\inst_test\instancias\n_1000_9,100,20,10,10,0.1000,42,9980485898,9980481011,26,3076
docs\inst_test\instancias\n_1000_9,100,20,10,5,0.3000,2026,9980485898,9980481011,27,3076
docs\inst_test\instancias\n_1000_9,100,20,10,10,0.3000,42,9980485898,9980481011,21,3076
docs\inst_test\instancias\n_1000_9,100,20,10,20,0.1000,123,9980485898,9980481011,14,3076
docs\inst_test\instancias\n_1000_9,100,20,10,10,0.2000,2026,9980485898,9980481011,25,3076
docs\inst_test\instancias\n_1000_9,100,20,10,20,0.2000,123,9980485898,9980481011,12,3076
docs\inst_test\instancias\n_1000_9,100,20,10,20,0.2000,42,9980485898,9980481011,20,3076
docs\inst_test\instancias\n_1000_9,100,20,10,10,0.3000,123,9980485898,9980481011,27,3076
docs\inst_test\instancias\n_1000_9,100,20,10,10,0.3000,2026,9980485898,9980481011,27,3076
docs\inst_test\instancias\n_1000_9,100,20,10,20,0.3000,2026,9980485898,9980481011,18,3076
docs\inst_test\instancias\n_1000_9,100,20,10,20,0.3000,42,9980485898,9980481011,19,3076
docs\inst_test\instancias\n_1000_9,100,20,15,5,0.1000,123,9980485898,9980481011,16,3076
docs\inst_test\instancias\n_1000_9,100,20,15,5,0.2000,42,9980485898,9980481011,15,3076
docs\inst_test\instancias\n_1000_9,100,20,10,20,0.1000,42,9980485898,9980481011,32,3076
docs\inst_test\instancias\n_1000_9,100,20,10,20,0.3000,123,9980485898,9980481011,22,3076
docs\inst_test\instancias\n_1000_9,100,20,15,5,0.2000,123,9980485898,9980481011,16,3076
docs\inst_test\instancias\n_1000_9,100,20,10,20,0.1000,2026,9980485898,9980481011,28,3076
docs\inst_test\instancias\n_1000_9,100,20,15,5,0.3000,42,9980485898,9980481011,15,3076
docs\inst_test\instancias\n_1000_9,100,20,15,5,0.1000,42,9980485898,9980481011,26,3076
docs\inst_test\instancias\n_1000_9,100,20,10,20,0.2000,2026,9980485898,9980481011,32,3076
docs\inst_test\instancias\n_1000_9,100,20,15,5,0.1000,2026,9980485898,9980481011,28,3076
docs\inst_test\instancias\n_1000_9,100,20,15,10,0.1000,2026,9980485898,9980481011,14,3076
docs\inst_test\instancias\n_1000_9,100,20,15,5,0.3000,2026,9980485898,9980481011,17,3076
docs\inst_test\instancias\n_1000_9,100,20,15,10,0.1000,123,9980485898,9980481011,15,3076
docs\inst_test\instancias\n_1000_9,100,20,15,5,0.3000,123,9980485898,9980481011,23,3076
docs\inst_test\instancias\n_1000_9,100,20,15,20,0.1000,42,9980485898,9980481011,14,3076
docs\inst_test\instancias\n_1000_9,100,20,15,10,0.3000,42,9980485898,9980481011,20,3076
docs\inst_test\instancias\n_1000_9,100,20,15,5,0.2000,2026,9980485898,9980481011,36,3076
docs\inst_test\instancias\n_1000_9,100,20,15,10,0.2000,42,9980485898,9980481011,25,3076
docs\inst_test\instancias\n_1000_9,100,20,15,10,0.1000,42,9980485898,9980481011,27,3076
docs\inst_test\instancias\n_1000_9,100,20,15,10,0.2000,123,9980485898,9980481011,26,3076
docs\inst_test\instancias\n_1000_9,100,20,15,20,0.1000,2026,9980485898,9980481011,18,3076
docs\inst_test\instancias\n_1000_9,100,20,15,10,0.3000,123,9980485898,9980481011,26,3076
docs\inst_test\instancias\n_1000_9,100,20,15,10,0.3000,2026,9980485898,9980481011,26,3076
docs\inst_test\instancias\n_1000_9,100,20,15,20,0.3000,123,9980485898,9980481011,13,3076
docs\inst_test\instancias\n_1000_9,100,20,15,20,0.3000,2026,9980485898,9980481011,13,3076
docs\inst_test\instancias\n_1000_9,100,20,15,10,0.2000,2026,9980485898,9980481011,32,3076
docs\inst_test\instancias\n_1000_9,100,20,15,20,0.1000,123,9980485898,9980481011,28,3076
docs\inst_test\instancias\n_1000_9,100,20,15,20,0.2000,123,9980485898,9980481011,23,3076
docs\inst_test\instancias\n_1000_9,100,20,15,20,0.2000,2026,9980485898,9980481011,24,3076
docs\inst_test\instancias\n_1000_9,100,20,15,20,0.2000,42,9980485898,9980481011,26,3076
docs\inst_test\instancias\n_1000_9,100,20,15,20,0.3000,42,9980485898,9980481011,25,3076
docs\inst_test\instancias\n_1000_9,300,10,7,10,0.1000,42,9980485898,9980481011,44,3076
docs\inst_test\instancias\n_1000_9,300,10,7,5,0.1000,42,9980485898,9980481011,57,3076
docs\inst_test\instancias\n_1000_9,300,10,7,5,0.1000,2026,9980485898,9980481011,70,3076
docs\inst_test\instancias\n_1000_9,300,10,7,10,0.2000,42,9980485898,9980481011,61,3076
docs\inst_test\instancias\n_1000_9,300,10,7,5,0.2000,2026,9980485898,9980481011,71,3076
docs\inst_test\instancias\n_1000_9,300,10,7,5,0.1000,123,9980485898,9980481011,81,3076
docs\inst_test\instancias\n_1000_9,300,10,7,10,0.1000,2026,9980485898,9980481011,70,3076
docs\inst_test\instancias\n_1000_9,300,10,7,10,0.3000,42,9980485898,9980481011,68,3076
docs\inst_test\instancias\n_1000_9,300,10,7,5,0.3000,123,9980485898,9980481011,79,3076
docs\inst_test\instancias\n_1000_9,300,10,7,5,0.3000,42,9980485898,9980481011,80,3076
docs\inst_test\instancias\n_1000_9,300,10,7,10,0.1000,123,9980485898,9980481011,77,3076
docs\inst_test\instancias\n_1000_9,300,10,7,5,0.2000,42,9980485898,9980481011,88,3076
docs\inst_test\instancias\n_1000_9,300,10,7,5,0.3000,2026,9980485898,9980481011,85,3076
docs\inst_test\instancias\n_1000_9,300,10,7,10,0.2000,123,9980485898,9980481011,80,3076
docs\inst_test\instancias\n_1000_9,300,10,7,10,0.2000,2026,9980485898,9980481011,80,3076
docs\inst_test\instancias\n_1000_9,300,10,7,10,0.3000,2026,9980485898,9980481011,43,3076
docs\inst_test\instancias\n_1000_9,300,10,7,5,0.2000,123,9980485898,9980481011,95,3076
docs\inst_test\instancias\n_1000_9,300,10,7,10,0.3000,123,9980485898,9980481011,65,3076
docs\inst_test\instancias\n_1000_9,300,10,7,20,0.2000,2026,9980485898,9980481011,49,3076
docs\inst_test\instancias\n_1000_9,300,10,7,20,0.2000,42,9980485898,9980481011,53,3076
docs\inst_test\instancias\n_1000_9,300,10,7,20,0.2000,123,9980485898,9980481011,60,3076
docs\inst_test\instancias\n_1000_9,300,10,7,20,0.1000,42,9980485898,9980481011,74,3076
docs\inst_test\instancias\n_1000_9,300,10,7,20,0.1000,123,9980485898,9980481011,81,3076
docs\inst_test\instancias\n_1000_9,300,10,7,20,0.1000,2026,9980485898,9980481011,80,3076
docs\inst_test\instancias\n_1000_9,300,10,10,5,0.2000,123,9980485898,9980481011,59,3076
docs\inst_test\instancias\n_1000_9,300,10,7,20,0.3000,123,9980485898,9980481011,73,3076
docs\inst_test\instancias\n_1000_9,300,10,7,20,0.3000,2026,9980485898,9980481011,77,3076
docs\inst_test\instancias\n_1000_9,300,10,7,20,0.3000,42,9980485898,9980481011,84,3076
docs\inst_test\instancias\n_1000_9,300,10,10,5,0.1000,42,9980485898,9980481011,89,3076
docs\inst_test\instancias\n_1000_9,300,10,10,5,0.2000,2026,9980485898,9980481011,82,3076
docs\inst_test\instancias\n_1000_9,300,10,10,5,0.1000,123,9980485898,9980481011,89,3076
docs\inst_test\instancias\n_1000_9,300,10,10,5,0.2000,42,9980485898,9980481011,86,3076
docs\inst_test\instancias\n_1000_9,300,10,10,5,0.3000,123,9980485898,9980481011,50,3076
docs\inst_test\instancias\n_1000_9,300,10,10,5,0.1000,2026,9980485898,9980481011,89,3076
docs\inst_test\instancias\n_1000_9,300,10,10,5,0.3000,2026,9980485898,9980481011,69,3076
docs\inst_test\instancias\n_1000_9,300,10,10,5,0.3000,42,9980485898,9980481011,84,3076
docs\inst_test\instancias\n_1000_9,300,10,10,10,0.1000,123,9980485898,9980481011,62,3076
docs\inst_test\instancias\n_1000_9,300,10,10,10,0.1000,42,9980485898,9980481011,71,3076
docs\inst_test\instancias\n_1000_9,300,10,10,10,0.2000,123,9980485898,9980481011,57,3076
docs\inst_test\instancias\n_1000_9,300,10,10,10,0.3000,42,9980485898,9980481011,59,3076
docs\inst_test\instancias\n_1000_9,300,10,10,10,0.2000,2026,9980485898,9980481011,66,3076
docs\inst_test\instancias\n_1000_9,300,10,10,10,0.3000,123,9980485898,9980481011,59,3076
docs\inst_test\instancias\n_1000_9,300,10,10,10,0.1000,2026,9980485898,9980481011,74,3076
docs\inst_test\instancias\n_1000_9,300,10,10,10,0.2000,42,9980485898,9980481011,81,3076
docs\inst_test\instancias\n_1000_9,300,10,10,10,0.3000,2026,9980485898,9980481011,72,3076
docs\inst_test\instancias\n_1000_9,300,10,10,20,0.1000,2026,9980485898,9980481011,73,3076
docs\inst_test\instancias\n_1000_9,300,10,10,20,0.2000,42,9980485898,9980481011,72,3076
docs\inst_test\instancias\n_1000_9,300,10,10,20,0.2000,123,9980485898,9980481011,74,3076
docs\inst_test\instancias\n_1000_9,300,10,10,20,0.1000,123,9980485898,9980481011,82,3076
docs\inst_test\instancias\n_1000_9,300,10,10,20,0.1000,42,9980485898,9980481011,83,3076
docs\inst_test\instancias\n_1000_9,300,10,15,5,0.1000,42,9980485898,9980481011,49,3076
docs\inst_test\instancias\n_1000_9,300,10,15,5,0.2000,42,9980485898,9980481011,49,3076
docs\inst_test\instancias\n_1000_9,300,10,15,5,0.2000,123,9980485898,9980481011,50,3076
docs\inst_test\instancias\n_1000_9,300,10,10,20,0.3000,42,9980485898,9980481011,76,3076
docs\inst_test\instancias\n_1000_9,300,10,10,20,0.2000,2026,9980485898,9980481011,80,3076
docs\inst_test\instancias\n_1000_9,300,10,10,20,0.3000,123,9980485898,9980481011,77,3076
docs\inst_test\instancias\n_1000_9,300,10,10,20,0.3000,2026,9980485898,9980481011,74,3076
docs\inst_test\instancias\n_1000_9,300,10,15,5,0.1000,123,9980485898,9980481011,70,3076
docs\inst_test\instancias\n_1000_9,300,10,15,5,0.1000,2026,9980485898,9980481011,70,3076
docs\inst_test\instancias\n_1000_9,300,10,15,10,0.1000,2026,9980485898,9980481011,47,3076
docs\inst_test\instancias\n_1000_9,300,10,15,10,0.1000,123,9980485898,9980481011,56,3076
docs\inst_test\instancias\n_1000_9,300,10,15,5,0.3000,2026,9980485898,9980481011,68,3076
docs\inst_test\instancias\n_1000_9,300,10,15,5,0.3000,123,9980485898,9980481011,69,3076
docs\inst_test\instancias\n_1000_9,300,10,15,5,0.2000,2026,9980485898,9980481011,88,3076
docs\inst_test\instancias\n_1000_9,300,10,15,10,0.2000,42,9980485898,9980481011,61,3076
docs\inst_test\instancias\n_1000_9,300,10,15,10,0.1000,42,9980485898,9980481011,68,3076
docs\inst_test\instancias\n_1000_9,300,10,15,10,0.2000,123,9980485898,9980481011,53,3076
docs\inst_test\instancias\n_1000_9,300,10,15,20,0.1000,123,9980485898,9980481011,44,3076
docs\inst_test\instancias\n_1000_9,300,10,15,5,0.3000,42,9980485898,9980481011,95,3076
docs\inst_test\instancias\n_1000_9,300,10,15,20,0.1000,42,9980485898,9980481011,63,3076
docs\inst_test\instancias\n_1000_9,300,10,15,10,0.3000,123,9980485898,9980481011,67,3076
docs\inst_test\instancias\n_1000_9,300,10,15,20,0.2000,42,9980485898,9980481011,42,3076
docs\inst_test\instancias\n_1000_9,300,10,15,10,0.2000,2026,9980485898,9980481011,75,3076
docs\inst_test\instancias\n_1000_9,300,10,15,10,0.3000,42,9980485898,9980481011,78,3076
docs\inst_test\instancias\n_1000_9,300,10,15,10,0.3000,2026,9980485898,9980481011,73,3076
docs\inst_test\instancias\n_1000_9,300,10,15,20,0.3000,2026,9980485898,9980481011,41,3076
docs\inst_test\instancias\n_1000_9,300,10,15,20,0.1000,2026,9980485898,9980481011,72,3076
docs\inst_test\instancias\n_1000_9,300,15,7,5,0.1000,123,9980485898,9980481011,53,3076
docs\inst_test\instancias\n_1000_9,300,10,15,20,0.2000,123,9980485898,9980481011,64,3076
docs\inst_test\instancias\n_1000_9,300,10,15,20,0.2000,2026,9980485898,9980481011,63,3076
docs\inst_test\instancias\n_1000_9,300,15,7,5,0.3000,42,9980485898,9980481011,46,3076
docs\inst_test\instancias\n_1000_9,300,10,15,20,0.3000,42,9980485898,9980481011,75,3076
docs\inst_test\instancias\n_1000_9,300,15,7,5,0.1000,2026,9980485898,9980481011,63,3076
docs\inst_test\instancias\n_1000_9,300,10,15,20,0.3000,123,9980485898,9980481011,78,3076
docs\inst_test\instancias\n_1000_9,300,15,7,5,0.1000,42,9980485898,9980481011,83,3076
docs\inst_test\instancias\n_1000_9,300,15,7,10,0.1000,123,9980485898,9980481011,45,3076
docs\inst_test\instancias\n_1000_9,300,15,7,5,0.2000,42,9980485898,9980481011,69,3076
docs\inst_test\instancias\n_1000_9,300,15,7,5,0.3000,123,9980485898,9980481011,65,3076
docs\inst_test\instancias\n_1000_9,300,15,7,5,0.2000,123,9980485898,9980481011,84,3076
docs\inst_test\instancias\n_1000_9,300,15,7,5,0.2000,2026,9980485898,9980481011,89,3076
docs\inst_test\instancias\n_1000_9,300,15,7,10,0.3000,42,9980485898,9980481011,41,3076
docs\inst_test\instancias\n_1000_9,300,15,7,5,0.3000,2026,9980485898,9980481011,84,3076
docs\inst_test\instancias\n_1000_9,300,15,7,10,0.2000,123,9980485898,9980481011,61,3076
docs\inst_test\instancias\n_1000_9,300,15,7,10,0.1000,2026,9980485898,9980481011,81,3076
docs\inst_test\instancias\n_1000_9,300,15,7,20,0.1000,2026,9980485898,9980481011,43,3076
docs\inst_test\instancias\n_1000_9,300,15,7,20,0.1000,42,9980485898,9980481011,52,3076
docs\inst_test\instancias\n_1000_9,300,15,7,10,0.2000,2026,9980485898,9980481011,72,3076
docs\inst_test\instancias\n_1000_9,300,15,7,10,0.1000,42,9980485898,9980481011,100,3076
docs\inst_test\instancias\n_1000_9,300,15,7,10,0.3000,123,9980485898,9980481011,66,3076
docs\inst_test\instancias\n_1000_9,300,15,7,20,0.1000,123,9980485898,9980481011,57,3076
docs\inst_test\instancias\n_1000_9,300,15,7,10,0.2000,42,9980485898,9980481011,84,3076
docs\inst_test\instancias\n_1000_9,300,15,7,20,0.2000,42,9980485898,9980481011,58,3076
docs\inst_test\instancias\n_1000_9,300,15,7,20,0.3000,123,9980485898,9980481011,41,3076
docs\inst_test\instancias\n_1000_9,300,15,7,10,0.3000,2026,9980485898,9980481011,84,3076
docs\inst_test\instancias\n_1000_9,300,15,7,20,0.3000,42,9980485898,9980481011,53,3076
docs\inst_test\instancias\n_1000_9,300,15,7,20,0.3000,2026,9980485898,9980481011,51,3076
docs\inst_test\instancias\n_1000_9,300,15,7,20,0.2000,123,9980485898,9980481011,79,3076
docs\inst_test\instancias\n_1000_9,300,15,10,5,0.1000,123,9980485898,9980481011,66,3076
docs\inst_test\instancias\n_1000_9,300,15,7,20,0.2000,2026,9980485898,9980481011,80,3076
docs\inst_test\instancias\n_1000_9,300,15,10,5,0.1000,2026,9980485898,9980481011,66,3076
docs\inst_test\instancias\n_1000_9,300,15,10,5,0.2000,42,9980485898,9980481011,68,3076
docs\inst_test\instancias\n_1000_9,300,15,10,5,0.3000,42,9980485898,9980481011,60,3076
docs\inst_test\instancias\n_1000_9,300,15,10,10,0.1000,123,9980485898,9980481011,45,3076
docs\inst_test\instancias\n_1000_9,300,15,10,5,0.1000,42,9980485898,9980481011,89,3076
docs\inst_test\instancias\n_1000_9,300,15,10,5,0.2000,123,9980485898,9980481011,76,3076
docs\inst_test\instancias\n_1000_9,300,15,10,10,0.2000,42,9980485898,9980481011,44,3076
docs\inst_test\instancias\n_1000_9,300,15,10,5,0.2000,2026,9980485898,9980481011,87,3076
docs\inst_test\instancias\n_1000_9,300,15,10,5,0.3000,2026,9980485898,9980481011,88,3076
docs\inst_test\instancias\n_1000_9,300,15,10,10,0.3000,42,9980485898,9980481011,42,3076
docs\inst_test\instancias\n_1000_9,300,15,10,5,0.3000,123,9980485898,9980481011,90,3076
docs\inst_test\instancias\n_1000_9,300,15,10,10,0.1000,42,9980485898,9980481011,87,3076
docs\inst_test\instancias\n_1000_9,300,15,10,10,0.2000,123,9980485898,9980481011,71,3076
docs\inst_test\instancias\n_1000_9,300,15,10,20,0.1000,2026,9980485898,9980481011,43,3076
docs\inst_test\instancias\n_1000_9,300,15,10,20,0.1000,123,9980485898,9980481011,43,3076
docs\inst_test\instancias\n_1000_9,300,15,10,10,0.1000,2026,9980485898,9980481011,93,3076
docs\inst_test\instancias\n_1000_9,300,15,10,20,0.2000,42,9980485898,9980481011,45,3076
docs\inst_test\instancias\n_1000_9,300,15,10,10,0.2000,2026,9980485898,9980481011,82,3076
docs\inst_test\instancias\n_1000_9,300,15,10,20,0.2000,123,9980485898,9980481011,48,3076
docs\inst_test\instancias\n_1000_9,300,15,10,10,0.3000,123,9980485898,9980481011,71,3076
docs\inst_test\instancias\n_1000_9,300,15,10,10,0.3000,2026,9980485898,9980481011,66,3076
docs\inst_test\instancias\n_1000_9,300,15,10,20,0.1000,42,9980485898,9980481011,71,3076
docs\inst_test\instancias\n_1000_9,300,15,10,20,0.3000,2026,9980485898,9980481011,41,3076
docs\inst_test\instancias\n_1000_9,300,15,10,20,0.2000,2026,9980485898,9980481011,64,3076
docs\inst_test\instancias\n_1000_9,300,15,10,20,0.3000,42,9980485898,9980481011,59,3076
docs\inst_test\instancias\n_1000_9,300,15,15,5,0.2000,42,9980485898,9980481011,48,3076
docs\inst_test\instancias\n_1000_9,300,15,15,5,0.2000,123,9980485898,9980481011,64,3076
docs\inst_test\instancias\n_1000_9,300,15,15,5,0.1000,42,9980485898,9980481011,80,3076
docs\inst_test\instancias\n_1000_9,300,15,15,10,0.2000,42,9980485898,9980481011,44,3076
docs\inst_test\instancias\n_1000_9,300,15,10,20,0.3000,123,9980485898,9980481011,86,3076
docs\inst_test\instancias\n_1000_9,300,15,15,5,0.3000,42,9980485898,9980481011,68,3076
docs\inst_test\instancias\n_1000_9,300,15,15,10,0.1000,123,9980485898,9980481011,60,3076
docs\inst_test\instancias\n_1000_9,300,15,15,5,0.1000,2026,9980485898,9980481011,85,3076
docs\inst_test\instancias\n_1000_9,300,15,15,5,0.1000,123,9980485898,9980481011,92,3076
docs\inst_test\instancias\n_1000_9,300,15,15,10,0.1000,42,9980485898,9980481011,68,3076
docs\inst_test\instancias\n_1000_9,300,15,15,5,0.3000,123,9980485898,9980481011,79,3076
docs\inst_test\instancias\n_1000_9,300,15,15,10,0.3000,42,9980485898,9980481011,42,3076
docs\inst_test\instancias\n_1000_9,300,15,15,5,0.2000,2026,9980485898,9980481011,82,3076
docs\inst_test\instancias\n_1000_9,300,15,15,5,0.3000,2026,9980485898,9980481011,85,3076
docs\inst_test\instancias\n_1000_9,300,15,15,10,0.2000,123,9980485898,9980481011,69,3076
docs\inst_test\instancias\n_1000_9,300,15,15,10,0.2000,2026,9980485898,9980481011,70,3076
docs\inst_test\instancias\n_1000_9,300,15,15,10,0.1000,2026,9980485898,9980481011,79,3076
docs\inst_test\instancias\n_1000_9,300,15,15,20,0.2000,42,9980485898,9980481011,51,3076
docs\inst_test\instancias\n_1000_9,300,15,15,20,0.3000,2026,9980485898,9980481011,40,3076
docs\inst_test\instancias\n_1000_9,300,15,15,20,0.1000,42,9980485898,9980481011,60,3076
docs\inst_test\instancias\n_1000_9,300,15,15,20,0.3000,123,9980485898,9980481011,42,3076
docs\inst_test\instancias\n_1000_9,300,15,15,20,0.2000,2026,9980485898,9980481011,50,3076
docs\inst_test\instancias\n_1000_9,300,15,15,20,0.1000,2026,9980485898,9980481011,60,3076
docs\inst_test\instancias\n_1000_9,300,15,15,10,0.3000,123,9980485898,9980481011,74,3076
docs\inst_test\instancias\n_1000_9,300,15,15,10,0.3000,2026,9980485898,9980481011,77,3076
docs\inst_test\instancias\n_1000_9,300,15,15,20,0.2000,123,9980485898,9980481011,69,3076
docs\inst_test\instancias\n_1000_9,300,15,15,20,0.1000,123,9980485898,9980481011,89,3076
docs\inst_test\instancias\n_1000_9,300,20,7,5,0.2000,123,9980485898,9980481011,59,3076
docs\inst_test\instancias\n_1000_9,300,20,7,5,0.1000,2026,9980485898,9980481011,66,3076
docs\inst_test\instancias\n_1000_9,300,15,15,20,0.3000,42,9980485898,9980481011,90,3076
docs\inst_test\instancias\n_1000_9,300,20,7,5,0.1000,42,9980485898,9980481011,91,3076
docs\inst_test\instancias\n_1000_9,300,20,7,10,0.1000,123,9980485898,9980481011,45,3076
docs\inst_test\instancias\n_1000_9,300,20,7,5,0.3000,2026,9980485898,9980481011,50,3076
docs\inst_test\instancias\n_1000_9,300,20,7,10,0.1000,42,9980485898,9980481011,51,3076
docs\inst_test\instancias\n_1000_9,300,20,7,5,0.1000,123,9980485898,9980481011,92,3076
docs\inst_test\instancias\n_1000_9,300,20,7,10,0.1000,2026,9980485898,9980481011,54,3076
docs\inst_test\instancias\n_1000_9,300,20,7,5,0.2000,42,9980485898,9980481011,91,3076
docs\inst_test\instancias\n_1000_9,300,20,7,5,0.3000,123,9980485898,9980481011,67,3076
docs\inst_test\instancias\n_1000_9,300,20,7,5,0.2000,2026,9980485898,9980481011,72,3076
docs\inst_test\instancias\n_1000_9,300,20,7,10,0.3000,42,9980485898,9980481011,43,3076
docs\inst_test\instancias\n_1000_9,300,20,7,10,0.2000,2026,9980485898,9980481011,59,3076
docs\inst_test\instancias\n_1000_9,300,20,7,10,0.2000,123,9980485898,9980481011,73,3076
docs\inst_test\instancias\n_1000_9,300,20,7,20,0.1000,123,9980485898,9980481011,43,3076
docs\inst_test\instancias\n_1000_9,300,20,7,20,0.1000,2026,9980485898,9980481011,44,3076
docs\inst_test\instancias\n_1000_9,300,20,7,5,0.3000,42,9980485898,9980481011,97,3076
docs\inst_test\instancias\n_1000_9,300,20,7,10,0.2000,42,9980485898,9980481011,87,3076
docs\inst_test\instancias\n_1000_9,300,20,7,20,0.1000,42,9980485898,9980481011,53,3076
docs\inst_test\instancias\n_1000_9,300,20,7,20,0.2000,42,9980485898,9980481011,55,3076
docs\inst_test\instancias\n_1000_9,300,20,7,20,0.3000,42,9980485898,9980481011,44,3076
docs\inst_test\instancias\n_1000_9,300,20,7,20,0.3000,123,9980485898,9980481011,42,3076
docs\inst_test\instancias\n_1000_9,300,20,7,10,0.3000,123,9980485898,9980481011,81,3076
docs\inst_test\instancias\n_1000_9,300,20,7,10,0.3000,2026,9980485898,9980481011,85,3076
docs\inst_test\instancias\n_1000_9,300,20,7,20,0.2000,123,9980485898,9980481011,77,3076
docs\inst_test\instancias\n_1000_9,300,20,10,5,0.2000,42,9980485898,9980481011,47,3076
docs\inst_test\instancias\n_1000_9,300,20,7,20,0.3000,2026,9980485898,9980481011,75,3076
docs\inst_test\instancias\n_1000_9,300,20,7,20,0.2000,2026,9980485898,9980481011,86,3076
docs\inst_test\instancias\n_1000_9,300,20,10,5,0.1000,2026,9980485898,9980481011,61,3076
docs\inst_test\instancias\n_1000_9,300,20,10,5,0.1000,42,9980485898,9980481011,78,3076
docs\inst_test\instancias\n_1000_9,300,20,10,10,0.1000,42,9980485898,9980481011,45,3076
docs\inst_test\instancias\n_1000_9,300,20,10,5,0.3000,42,9980485898,9980481011,55,3076
docs\inst_test\instancias\n_1000_9,300,20,10,5,0.2000,2026,9980485898,9980481011,64,3076
docs\inst_test\instancias\n_1000_9,300,20,10,10,0.1000,123,9980485898,9980481011,52,3076
docs\inst_test\instancias\n_1000_9,300,20,10,5,0.3000,123,9980485898,9980481011,59,3076
docs\inst_test\instancias\n_1000_9,300,20,10,5,0.2000,123,9980485898,9980481011,73,3076
docs\inst_test\instancias\n_1000_9,300,20,10,10,0.1000,2026,9980485898,9980481011,64,3076
docs\inst_test\instancias\n_1000_9,300,20,10,5,0.1000,123,9980485898,9980481011,91,3076
docs\inst_test\instancias\n_1000_9,300,20,10,10,0.2000,2026,9980485898,9980481011,58,3076
docs\inst_test\instancias\n_1000_9,300,20,10,5,0.3000,2026,9980485898,9980481011,95,3076
docs\inst_test\instancias\n_1000_9,300,20,10,20,0.1000,42,9980485898,9980481011,47,3076
docs\inst_test\instancias\n_1000_9,300,20,10,10,0.2000,42,9980485898,9980481011,74,3076
docs\inst_test\instancias\n_1000_9,300,20,10,20,0.2000,42,9980485898,9980481011,44,3076
docs\inst_test\instancias\n_1000_9,300,20,10,20,0.2000,2026,9980485898,9980481011,42,3076
docs\inst_test\instancias\n_1000_9,300,20,10,20,0.1000,123,9980485898,9980481011,56,3076
docs\inst_test\instancias\n_1000_9,300,20,10,10,0.2000,123,9980485898,9980481011,76,3076
docs\inst_test\instancias\n_1000_9,300,20,10,10,0.3000,42,9980485898,9980481011,68,3076
docs\inst_test\instancias\n_1000_9,300,20,10,20,0.1000,2026,9980485898,9980481011,59,3076
docs\inst_test\instancias\n_1000_9,300,20,10,20,0.3000,123,9980485898,9980481011,41,3076
docs\inst_test\instancias\n_1000_9,300,20,10,10,0.3000,123,9980485898,9980481011,74,3076
docs\inst_test\instancias\n_1000_9,300,20,10,10,0.3000,2026,9980485898,9980481011,79,3076
docs\inst_test\instancias\n_1000_9,300,20,10,20,0.2000,123,9980485898,9980481011,70,3076
docs\inst_test\instancias\n_1000_9,300,20,10,20,0.3000,42,9980485898,9980481011,80,3076
docs\inst_test\instancias\n_1000_9,300,20,15,5,0.2000,42,9980485898,9980481011,48,3076
docs\inst_test\instancias\n_1000_9,300,20,15,5,0.2000,2026,9980485898,9980481011,52,3076
docs\inst_test\instancias\n_1000_9,300,20,15,5,0.1000,123,9980485898,9980481011,63,3076
docs\inst_test\instancias\n_1000_9,300,20,15,5,0.1000,42,9980485898,9980481011,65,3076
docs\inst_test\instancias\n_1000_9,300,20,15,10,0.1000,123,9980485898,9980481011,45,3076
docs\inst_test\instancias\n_1000_9,300,20,15,10,0.1000,2026,9980485898,9980481011,46,3076
docs\inst_test\instancias\n_1000_9,300,20,10,20,0.3000,2026,9980485898,9980481011,88,3076
docs\inst_test\instancias\n_1000_9,300,20,15,10,0.1000,42,9980485898,9980481011,62,3076
docs\inst_test\instancias\n_1000_9,300,20,15,5,0.3000,42,9980485898,9980481011,70,3076
docs\inst_test\instancias\n_1000_9,300,20,15,5,0.2000,123,9980485898,9980481011,78,3076
docs\inst_test\instancias\n_1000_9,300,20,15,5,0.1000,2026,9980485898,9980481011,90,3076
docs\inst_test\instancias\n_1000_9,300,20,15,5,0.3000,2026,9980485898,9980481011,83,3076
docs\inst_test\instancias\n_1000_9,300,20,15,5,0.3000,123,9980485898,9980481011,85,3076
docs\inst_test\instancias\n_1000_9,300,20,15,10,0.2000,42,9980485898,9980481011,67,3076
docs\inst_test\instancias\n_1000_9,300,20,15,10,0.2000,123,9980485898,9980481011,77,3076
docs\inst_test\instancias\n_1000_9,300,20,15,20,0.1000,123,9980485898,9980481011,44,3076
docs\inst_test\instancias\n_1000_9,300,20,15,10,0.3000,42,9980485898,9980481011,61,3076
docs\inst_test\instancias\n_1000_9,300,20,15,10,0.3000,123,9980485898,9980481011,63,3076
docs\inst_test\instancias\n_1000_9,300,20,15,20,0.2000,42,9980485898,9980481011,52,3076
docs\inst_test\instancias\n_1000_9,300,20,15,20,0.1000,42,9980485898,9980481011,59,3076
docs\inst_test\instancias\n_1000_9,300,20,15,20,0.2000,2026,9980485898,9980481011,49,3076
docs\inst_test\instancias\n_1000_9,300,20,15,10,0.2000,2026,9980485898,9980481011,83,3076
docs\inst_test\instancias\n_1000_9,300,20,15,20,0.3000,42,9980485898,9980481011,54,3076
docs\inst_test\instancias\n_1000_9,300,20,15,20,0.1000,2026,9980485898,9980481011,69,3076
docs\inst_test\instancias\n_1000_9,300,20,15,10,0.3000,2026,9980485898,9980481011,76,3076
docs\inst_test\instancias\n_1000_9,300,20,15,20,0.2000,123,9980485898,9980481011,77,3076
docs\inst_test\instancias\n_1000_9,300,20,15,20,0.3000,123,9980485898,9980481011,67,3076
docs\inst_test\instancias\n_1000_9,300,20,15,20,0.3000,2026,9980485898,9980481011,65,3076
docs\inst_test\instancias\n_1000_9,500,10,7,5,0.1000,42,9980485898,9980481011,97,3076
docs\inst_test\instancias\n_1000_9,500,10,7,10,0.1000,42,9980485898,9980481011,80,3076
docs\inst_test\instancias\n_1000_9,500,10,7,5,0.3000,42,9980485898,9980481011,100,3076
docs\inst_test\instancias\n_1000_9,500,10,7,5,0.2000,123,9980485898,9980481011,118,3076
docs\inst_test\instancias\n_1000_9,500,10,7,5,0.1000,123,9980485898,9980481011,134,3076
docs\inst_test\instancias\n_1000_9,500,10,7,10,0.3000,42,9980485898,9980481011,73,3076
docs\inst_test\instancias\n_1000_9,500,10,7,10,0.1000,2026,9980485898,9980481011,96,3076
docs\inst_test\instancias\n_1000_9,500,10,7,5,0.2000,42,9980485898,9980481011,129,3076
docs\inst_test\instancias\n_1000_9,500,10,7,5,0.3000,123,9980485898,9980481011,117,3076
docs\inst_test\instancias\n_1000_9,500,10,7,5,0.1000,2026,9980485898,9980481011,133,3076
docs\inst_test\instancias\n_1000_9,500,10,7,5,0.3000,2026,9980485898,9980481011,121,3076
docs\inst_test\instancias\n_1000_9,500,10,7,10,0.1000,123,9980485898,9980481011,120,3076
docs\inst_test\instancias\n_1000_9,500,10,7,10,0.2000,123,9980485898,9980481011,110,3076
docs\inst_test\instancias\n_1000_9,500,10,7,10,0.2000,42,9980485898,9980481011,129,3076
docs\inst_test\instancias\n_1000_9,500,10,7,5,0.2000,2026,9980485898,9980481011,156,3076
docs\inst_test\instancias\n_1000_9,500,10,7,10,0.2000,2026,9980485898,9980481011,132,3076
docs\inst_test\instancias\n_1000_9,500,10,7,10,0.3000,123,9980485898,9980481011,107,3076
docs\inst_test\instancias\n_1000_9,500,10,7,20,0.1000,42,9980485898,9980481011,82,3076
docs\inst_test\instancias\n_1000_9,500,10,7,20,0.1000,2026,9980485898,9980481011,72,3076
docs\inst_test\instancias\n_1000_9,500,10,7,20,0.3000,42,9980485898,9980481011,71,3076
docs\inst_test\instancias\n_1000_9,500,10,7,20,0.2000,123,9980485898,9980481011,87,3076
docs\inst_test\instancias\n_1000_9,500,10,7,10,0.3000,2026,9980485898,9980481011,120,3076
docs\inst_test\instancias\n_1000_9,500,10,7,20,0.2000,42,9980485898,9980481011,110,3076
docs\inst_test\instancias\n_1000_9,500,10,7,20,0.3000,2026,9980485898,9980481011,94,3076
docs\inst_test\instancias\n_1000_9,500,10,7,20,0.1000,123,9980485898,9980481011,131,3076
docs\inst_test\instancias\n_1000_9,500,10,7,20,0.2000,2026,9980485898,9980481011,122,3076
docs\inst_test\instancias\n_1000_9,500,10,7,20,0.3000,123,9980485898,9980481011,122,3076
docs\inst_test\instancias\n_1000_9,500,10,10,5,0.1000,123,9980485898,9980481011,106,3076
docs\inst_test\instancias\n_1000_9,500,10,10,5,0.1000,42,9980485898,9980481011,118,3076
docs\inst_test\instancias\n_1000_9,500,10,10,5,0.2000,42,9980485898,9980481011,115,3076
docs\inst_test\instancias\n_1000_9,500,10,10,5,0.3000,123,9980485898,9980481011,101,3076
docs\inst_test\instancias\n_1000_9,500,10,10,5,0.3000,2026,9980485898,9980481011,108,3076
docs\inst_test\instancias\n_1000_9,500,10,10,5,0.2000,2026,9980485898,9980481011,121,3076
docs\inst_test\instancias\n_1000_9,500,10,10,5,0.1000,2026,9980485898,9980481011,158,3076
docs\inst_test\instancias\n_1000_9,500,10,10,5,0.2000,123,9980485898,9980481011,147,3076
docs\inst_test\instancias\n_1000_9,500,10,10,10,0.3000,42,9980485898,9980481011,75,3076
docs\inst_test\instancias\n_1000_9,500,10,10,5,0.3000,42,9980485898,9980481011,137,3076
docs\inst_test\instancias\n_1000_9,500,10,10,10,0.1000,123,9980485898,9980481011,112,3076
docs\inst_test\instancias\n_1000_9,500,10,10,10,0.1000,42,9980485898,9980481011,128,3076
docs\inst_test\instancias\n_1000_9,500,10,10,10,0.2000,42,9980485898,9980481011,105,3076
docs\inst_test\instancias\n_1000_9,500,10,10,10,0.2000,2026,9980485898,9980481011,89,3076
docs\inst_test\instancias\n_1000_9,500,10,10,10,0.3000,2026,9980485898,9980481011,89,3076
docs\inst_test\instancias\n_1000_9,500,10,10,10,0.1000,2026,9980485898,9980481011,125,3076
docs\inst_test\instancias\n_1000_9,500,10,10,10,0.2000,123,9980485898,9980481011,111,3076
docs\inst_test\instancias\n_1000_9,500,10,10,10,0.3000,123,9980485898,9980481011,114,3076
docs\inst_test\instancias\n_1000_9,500,10,10,20,0.1000,2026,9980485898,9980481011,86,3076
docs\inst_test\instancias\n_1000_9,500,10,10,20,0.3000,42,9980485898,9980481011,67,3076
docs\inst_test\instancias\n_1000_9,500,10,10,20,0.1000,123,9980485898,9980481011,111,3076
docs\inst_test\instancias\n_1000_9,500,10,10,20,0.1000,42,9980485898,9980481011,129,3076
docs\inst_test\instancias\n_1000_9,500,10,10,20,0.2000,42,9980485898,9980481011,99,3076
docs\inst_test\instancias\n_1000_9,500,10,10,20,0.3000,123,9980485898,9980481011,86,3076
docs\inst_test\instancias\n_1000_9,500,10,10,20,0.2000,2026,9980485898,9980481011,90,3076
docs\inst_test\instancias\n_1000_9,500,10,15,5,0.1000,123,9980485898,9980481011,104,3076
docs\inst_test\instancias\n_1000_9,500,10,15,5,0.2000,123,9980485898,9980481011,95,3076
docs\inst_test\instancias\n_1000_9,500,10,10,20,0.2000,123,9980485898,9980481011,138,3076
docs\inst_test\instancias\n_1000_9,500,10,10,20,0.3000,2026,9980485898,9980481011,122,3076
docs\inst_test\instancias\n_1000_9,500,10,15,5,0.1000,42,9980485898,9980481011,126,3076
docs\inst_test\instancias\n_1000_9,500,10,15,5,0.1000,2026,9980485898,9980481011,137,3076
docs\inst_test\instancias\n_1000_9,500,10,15,5,0.2000,42,9980485898,9980481011,134,3076
docs\inst_test\instancias\n_1000_9,500,10,15,10,0.1000,123,9980485898,9980481011,86,3076
docs\inst_test\instancias\n_1000_9,500,10,15,10,0.1000,2026,9980485898,9980481011,90,3076
docs\inst_test\instancias\n_1000_9,500,10,15,5,0.3000,42,9980485898,9980481011,129,3076
docs\inst_test\instancias\n_1000_9,500,10,15,10,0.2000,123,9980485898,9980481011,86,3076
docs\inst_test\instancias\n_1000_9,500,10,15,5,0.2000,2026,9980485898,9980481011,144,3076
docs\inst_test\instancias\n_1000_9,500,10,15,5,0.3000,2026,9980485898,9980481011,120,3076
docs\inst_test\instancias\n_1000_9,500,10,15,10,0.3000,123,9980485898,9980481011,71,3076
docs\inst_test\instancias\n_1000_9,500,10,15,10,0.3000,2026,9980485898,9980481011,71,3076
docs\inst_test\instancias\n_1000_9,500,10,15,10,0.2000,42,9980485898,9980481011,119,3076
docs\inst_test\instancias\n_1000_9,500,10,15,5,0.3000,123,9980485898,9980481011,139,3076
docs\inst_test\instancias\n_1000_9,500,10,15,10,0.3000,42,9980485898,9980481011,97,3076
docs\inst_test\instancias\n_1000_9,500,10,15,10,0.1000,42,9980485898,9980481011,152,3076
docs\inst_test\instancias\n_1000_9,500,10,15,20,0.2000,42,9980485898,9980481011,74,3076
docs\inst_test\instancias\n_1000_9,500,10,15,20,0.1000,42,9980485898,9980481011,116,3076
docs\inst_test\instancias\n_1000_9,500,10,15,20,0.3000,123,9980485898,9980481011,76,3076
docs\inst_test\instancias\n_1000_9,500,10,15,10,0.2000,2026,9980485898,9980481011,141,3076
docs\inst_test\instancias\n_1000_9,500,10,15,20,0.2000,123,9980485898,9980481011,86,3076
docs\inst_test\instancias\n_1000_9,500,10,15,20,0.1000,123,9980485898,9980481011,116,3076
docs\inst_test\instancias\n_1000_9,500,15,7,5,0.1000,123,9980485898,9980481011,89,3076
docs\inst_test\instancias\n_1000_9,500,10,15,20,0.1000,2026,9980485898,9980481011,132,3076
docs\inst_test\instancias\n_1000_9,500,10,15,20,0.2000,2026,9980485898,9980481011,128,3076
docs\inst_test\instancias\n_1000_9,500,15,7,5,0.1000,42,9980485898,9980481011,107,3076
docs\inst_test\instancias\n_1000_9,500,10,15,20,0.3000,42,9980485898,9980481011,132,3076
docs\inst_test\instancias\n_1000_9,500,10,15,20,0.3000,2026,9980485898,9980481011,135,3076
docs\inst_test\instancias\n_1000_9,500,15,7,5,0.3000,42,9980485898,9980481011,80,3076
docs\inst_test\instancias\n_1000_9,500,15,7,5,0.2000,42,9980485898,9980481011,116,3076
docs\inst_test\instancias\n_1000_9,500,15,7,10,0.1000,123,9980485898,9980481011,85,3076
docs\inst_test\instancias\n_1000_9,500,15,7,5,0.1000,2026,9980485898,9980481011,139,3076
docs\inst_test\instancias\n_1000_9,500,15,7,5,0.2000,2026,9980485898,9980481011,121,3076
docs\inst_test\instancias\n_1000_9,500,15,7,5,0.3000,123,9980485898,9980481011,102,3076
docs\inst_test\instancias\n_1000_9,500,15,7,5,0.2000,123,9980485898,9980481011,146,3076
docs\inst_test\instancias\n_1000_9,500,15,7,10,0.1000,42,9980485898,9980481011,115,3076
docs\inst_test\instancias\n_1000_9,500,15,7,5,0.3000,2026,9980485898,9980481011,121,3076
docs\inst_test\instancias\n_1000_9,500,15,7,10,0.3000,123,9980485898,9980481011,82,3076
docs\inst_test\instancias\n_1000_9,500,15,7,10,0.3000,42,9980485898,9980481011,100,3076
docs\inst_test\instancias\n_1000_9,500,15,7,10,0.2000,2026,9980485898,9980481011,107,3076
docs\inst_test\instancias\n_1000_9,500,15,7,20,0.1000,123,9980485898,9980481011,88,3076
docs\inst_test\instancias\n_1000_9,500,15,7,10,0.3000,2026,9980485898,9980481011,88,3076
docs\inst_test\instancias\n_1000_9,500,15,7,10,0.1000,2026,9980485898,9980481011,147,3076
docs\inst_test\instancias\n_1000_9,500,15,7,10,0.2000,42,9980485898,9980481011,128,3076
docs\inst_test\instancias\n_1000_9,500,15,7,20,0.1000,42,9980485898,9980481011,108,3076
docs\inst_test\instancias\n_1000_9,500,15,7,10,0.2000,123,9980485898,9980481011,150,3076
docs\inst_test\instancias\n_1000_9,500,15,7,20,0.1000,2026,9980485898,9980481011,103,3076
docs\inst_test\instancias\n_1000_9,500,15,7,20,0.2000,42,9980485898,9980481011,110,3076
docs\inst_test\instancias\n_1000_9,500,15,7,20,0.3000,2026,9980485898,9980481011,95,3076
docs\inst_test\instancias\n_1000_9,500,15,7,20,0.3000,123,9980485898,9980481011,107,3076
docs\inst_test\instancias\n_1000_9,500,15,7,20,0.2000,2026,9980485898,9980481011,127,3076
docs\inst_test\instancias\n_1000_9,500,15,7,20,0.2000,123,9980485898,9980481011,131,3076
docs\inst_test\instancias\n_1000_9,500,15,7,20,0.3000,42,9980485898,9980481011,114,3076
docs\inst_test\instancias\n_1000_9,500,15,10,5,0.2000,123,9980485898,9980481011,81,3076
docs\inst_test\instancias\n_1000_9,500,15,10,5,0.1000,2026,9980485898,9980481011,97,3076
docs\inst_test\instancias\n_1000_9,500,15,10,5,0.3000,123,9980485898,9980481011,77,3076
docs\inst_test\instancias\n_1000_9,500,15,10,5,0.1000,42,9980485898,9980481011,152,3076
docs\inst_test\instancias\n_1000_9,500,15,10,5,0.3000,42,9980485898,9980481011,128,3076
docs\inst_test\instancias\n_1000_9,500,15,10,5,0.2000,2026,9980485898,9980481011,132,3076
docs\inst_test\instancias\n_1000_9,500,15,10,5,0.2000,42,9980485898,9980481011,145,3076
docs\inst_test\instancias\n_1000_9,500,15,10,10,0.1000,42,9980485898,9980481011,113,3076
docs\inst_test\instancias\n_1000_9,500,15,10,5,0.1000,123,9980485898,9980481011,160,3076
docs\inst_test\instancias\n_1000_9,500,15,10,10,0.3000,123,9980485898,9980481011,78,3076
docs\inst_test\instancias\n_1000_9,500,15,10,10,0.2000,42,9980485898,9980481011,92,3076
docs\inst_test\instancias\n_1000_9,500,15,10,10,0.1000,123,9980485898,9980481011,117,3076
docs\inst_test\instancias\n_1000_9,500,15,10,10,0.2000,123,9980485898,9980481011,99,3076
docs\inst_test\instancias\n_1000_9,500,15,10,20,0.1000,42,9980485898,9980481011,72,3076
docs\inst_test\instancias\n_1000_9,500,15,10,5,0.3000,2026,9980485898,9980481011,144,3076
docs\inst_test\instancias\n_1000_9,500,15,10,10,0.1000,2026,9980485898,9980481011,127,3076
docs\inst_test\instancias\n_1000_9,500,15,10,10,0.3000,2026,9980485898,9980481011,96,3076
docs\inst_test\instancias\n_1000_9,500,15,10,10,0.3000,42,9980485898,9980481011,128,3076
docs\inst_test\instancias\n_1000_9,500,15,10,20,0.1000,2026,9980485898,9980481011,82,3076
docs\inst_test\instancias\n_1000_9,500,15,10,10,0.2000,2026,9980485898,9980481011,154,3076
docs\inst_test\instancias\n_1000_9,500,15,10,20,0.2000,42,9980485898,9980481011,106,3076
docs\inst_test\instancias\n_1000_9,500,15,10,20,0.3000,42,9980485898,9980481011,86,3076
docs\inst_test\instancias\n_1000_9,500,15,10,20,0.1000,123,9980485898,9980481011,110,3076
docs\inst_test\instancias\n_1000_9,500,15,10,20,0.3000,123,9980485898,9980481011,84,3076
docs\inst_test\instancias\n_1000_9,500,15,15,5,0.1000,2026,9980485898,9980481011,82,3076
docs\inst_test\instancias\n_1000_9,500,15,10,20,0.3000,2026,9980485898,9980481011,102,3076
docs\inst_test\instancias\n_1000_9,500,15,10,20,0.2000,123,9980485898,9980481011,119,3076
docs\inst_test\instancias\n_1000_9,500,15,10,20,0.2000,2026,9980485898,9980481011,118,3076
docs\inst_test\instancias\n_1000_9,500,15,15,5,0.2000,123,9980485898,9980481011,94,3076
docs\inst_test\instancias\n_1000_9,500,15,15,5,0.1000,123,9980485898,9980481011,129,3076
docs\inst_test\instancias\n_1000_9,500,15,15,5,0.2000,42,9980485898,9980481011,139,3076
docs\inst_test\instancias\n_1000_9,500,15,15,10,0.1000,42,9980485898,9980481011,76,3076
docs\inst_test\instancias\n_1000_9,500,15,15,5,0.3000,2026,9980485898,9980481011,91,3076
docs\inst_test\instancias\n_1000_9,500,15,15,5,0.1000,42,9980485898,9980481011,153,3076
docs\inst_test\instancias\n_1000_9,500,15,15,5,0.3000,123,9980485898,9980481011,104,3076
docs\inst_test\instancias\n_1000_9,500,15,15,10,0.2000,123,9980485898,9980481011,76,3076
docs\inst_test\instancias\n_1000_9,500,15,15,5,0.2000,2026,9980485898,9980481011,141,3076
docs\inst_test\instancias\n_1000_9,500,15,15,5,0.3000,42,9980485898,9980481011,138,3076
docs\inst_test\instancias\n_1000_9,500,15,15,10,0.1000,123,9980485898,9980481011,110,3076
docs\inst_test\instancias\n_1000_9,500,15,15,10,0.2000,42,9980485898,9980481011,107,3076
docs\inst_test\instancias\n_1000_9,500,15,15,10,0.1000,2026,9980485898,9980481011,122,3076
docs\inst_test\instancias\n_1000_9,500,15,15,10,0.3000,42,9980485898,9980481011,122,3076
docs\inst_test\instancias\n_1000_9,500,15,15,10,0.3000,123,9980485898,9980481011,123,3076
docs\inst_test\instancias\n_1000_9,500,15,15,10,0.2000,2026,9980485898,9980481011,127,3076
docs\inst_test\instancias\n_1000_9,500,15,15,20,0.1000,123,9980485898,9980481011,82,3076
docs\inst_test\instancias\n_1000_9,500,15,15,10,0.3000,2026,9980485898,9980481011,138,3076
docs\inst_test\instancias\n_1000_9,500,15,15,20,0.1000,42,9980485898,9980481011,123,3076
docs\inst_test\instancias\n_1000_9,500,15,15,20,0.2000,42,9980485898,9980481011,110,3076
docs\inst_test\instancias\n_1000_9,500,15,15,20,0.3000,2026,9980485898,9980481011,89,3076
docs\inst_test\instancias\n_1000_9,500,15,15,20,0.3000,42,9980485898,9980481011,99,3076
docs\inst_test\instancias\n_1000_9,500,15,15,20,0.1000,2026,9980485898,9980481011,112,3076
docs\inst_test\instancias\n_1000_9,500,20,7,5,0.1000,123,9980485898,9980481011,83,3076
docs\inst_test\instancias\n_1000_9,500,15,15,20,0.2000,2026,9980485898,9980481011,114,3076
docs\inst_test\instancias\n_1000_9,500,15,15,20,0.2000,123,9980485898,9980481011,119,3076
docs\inst_test\instancias\n_1000_9,500,15,15,20,0.3000,123,9980485898,9980481011,117,3076
docs\inst_test\instancias\n_1000_9,500,20,7,5,0.1000,42,9980485898,9980481011,139,3076
docs\inst_test\instancias\n_1000_9,500,20,7,5,0.1000,2026,9980485898,9980481011,137,3076
docs\inst_test\instancias\n_1000_9,500,20,7,5,0.2000,123,9980485898,9980481011,109,3076
docs\inst_test\instancias\n_1000_9,500,20,7,10,0.1000,123,9980485898,9980481011,75,3076
docs\inst_test\instancias\n_1000_9,500,20,7,5,0.2000,2026,9980485898,9980481011,122,3076
docs\inst_test\instancias\n_1000_9,500,20,7,5,0.3000,42,9980485898,9980481011,121,3076
docs\inst_test\instancias\n_1000_9,500,20,7,10,0.2000,2026,9980485898,9980481011,87,3076
docs\inst_test\instancias\n_1000_9,500,20,7,5,0.2000,42,9980485898,9980481011,142,3076
docs\inst_test\instancias\n_1000_9,500,20,7,10,0.1000,2026,9980485898,9980481011,102,3076
docs\inst_test\instancias\n_1000_9,500,20,7,5,0.3000,2026,9980485898,9980481011,117,3076
docs\inst_test\instancias\n_1000_9,500,20,7,10,0.2000,42,9980485898,9980481011,118,3076
docs\inst_test\instancias\n_1000_9,500,20,7,10,0.3000,42,9980485898,9980481011,111,3076
docs\inst_test\instancias\n_1000_9,500,20,7,10,0.2000,123,9980485898,9980481011,114,3076
docs\inst_test\instancias\n_1000_9,500,20,7,5,0.3000,123,9980485898,9980481011,142,3076
docs\inst_test\instancias\n_1000_9,500,20,7,10,0.1000,42,9980485898,9980481011,141,3076
docs\inst_test\instancias\n_1000_9,500,20,7,10,0.3000,123,9980485898,9980481011,131,3076
docs\inst_test\instancias\n_1000_9,500,20,7,20,0.1000,123,9980485898,9980481011,98,3076
docs\inst_test\instancias\n_1000_9,500,20,7,20,0.1000,42,9980485898,9980481011,105,3076
docs\inst_test\instancias\n_1000_9,500,20,7,20,0.3000,2026,9980485898,9980481011,68,3076
docs\inst_test\instancias\n_1000_9,500,20,7,20,0.3000,123,9980485898,9980481011,78,3076
docs\inst_test\instancias\n_1000_9,500,20,7,20,0.2000,42,9980485898,9980481011,97,3076
docs\inst_test\instancias\n_1000_9,500,20,7,10,0.3000,2026,9980485898,9980481011,125,3076
docs\inst_test\instancias\n_1000_9,500,20,7,20,0.2000,123,9980485898,9980481011,100,3076
docs\inst_test\instancias\n_1000_9,500,20,7,20,0.1000,2026,9980485898,9980481011,120,3076
docs\inst_test\instancias\n_1000_9,500,20,7,20,0.2000,2026,9980485898,9980481011,110,3076
docs\inst_test\instancias\n_1000_9,500,20,10,5,0.1000,2026,9980485898,9980481011,114,3076
docs\inst_test\instancias\n_1000_9,500,20,7,20,0.3000,42,9980485898,9980481011,139,3076
docs\inst_test\instancias\n_1000_9,500,20,10,5,0.1000,42,9980485898,9980481011,123,3076
docs\inst_test\instancias\n_1000_9,500,20,10,5,0.1000,123,9980485898,9980481011,133,3076
docs\inst_test\instancias\n_1000_9,500,20,10,5,0.2000,2026,9980485898,9980481011,108,3076
docs\inst_test\instancias\n_1000_9,500,20,10,5,0.2000,42,9980485898,9980481011,134,3076
docs\inst_test\instancias\n_1000_9,500,20,10,10,0.2000,123,9980485898,9980481011,73,3076
docs\inst_test\instancias\n_1000_9,500,20,10,5,0.3000,123,9980485898,9980481011,94,3076
docs\inst_test\instancias\n_1000_9,500,20,10,5,0.2000,123,9980485898,9980481011,132,3076
docs\inst_test\instancias\n_1000_9,500,20,10,10,0.2000,2026,9980485898,9980481011,73,3076
docs\inst_test\instancias\n_1000_9,500,20,10,5,0.3000,42,9980485898,9980481011,107,3076
docs\inst_test\instancias\n_1000_9,500,20,10,5,0.3000,2026,9980485898,9980481011,102,3076
docs\inst_test\instancias\n_1000_9,500,20,10,10,0.1000,123,9980485898,9980481011,109,3076
docs\inst_test\instancias\n_1000_9,500,20,10,10,0.1000,42,9980485898,9980481011,118,3076
docs\inst_test\instancias\n_1000_9,500,20,10,10,0.3000,42,9980485898,9980481011,85,3076
docs\inst_test\instancias\n_1000_9,500,20,10,10,0.2000,42,9980485898,9980481011,144,3076
docs\inst_test\instancias\n_1000_9,500,20,10,10,0.1000,2026,9980485898,9980481011,149,3076
docs\inst_test\instancias\n_1000_9,500,20,10,20,0.2000,42,9980485898,9980481011,71,3076
docs\inst_test\instancias\n_1000_9,500,20,10,20,0.1000,123,9980485898,9980481011,81,3076
docs\inst_test\instancias\n_1000_9,500,20,10,20,0.3000,42,9980485898,9980481011,67,3076
docs\inst_test\instancias\n_1000_9,500,20,10,10,0.3000,123,9980485898,9980481011,116,3076
docs\inst_test\instancias\n_1000_9,500,20,10,20,0.1000,2026,9980485898,9980481011,95,3076
docs\inst_test\instancias\n_1000_9,500,20,10,10,0.3000,2026,9980485898,9980481011,126,3076
docs\inst_test\instancias\n_1000_9,500,20,10,20,0.2000,123,9980485898,9980481011,98,3076
docs\inst_test\instancias\n_1000_9,500,20,10,20,0.3000,123,9980485898,9980481011,109,3076
docs\inst_test\instancias\n_1000_9,500,20,10,20,0.1000,42,9980485898,9980481011,136,3076
docs\inst_test\instancias\n_1000_9,500,20,10,20,0.3000,2026,9980485898,9980481011,121,3076
docs\inst_test\instancias\n_1000_9,500,20,15,5,0.1000,42,9980485898,9980481011,125,3076
docs\inst_test\instancias\n_1000_9,500,20,15,5,0.2000,2026,9980485898,9980481011,88,3076
docs\inst_test\instancias\n_1000_9,500,20,10,20,0.2000,2026,9980485898,9980481011,155,3076
docs\inst_test\instancias\n_1000_9,500,20,15,5,0.1000,123,9980485898,9980481011,134,3076
docs\inst_test\instancias\n_1000_9,500,20,15,5,0.1000,2026,9980485898,9980481011,122,3076
docs\inst_test\instancias\n_1000_9,500,20,15,5,0.3000,42,9980485898,9980481011,103,3076
docs\inst_test\instancias\n_1000_9,500,20,15,5,0.2000,123,9980485898,9980481011,115,3076
docs\inst_test\instancias\n_1000_9,500,20,15,5,0.3000,2026,9980485898,9980481011,95,3076
docs\inst_test\instancias\n_1000_9,500,20,15,5,0.3000,123,9980485898,9980481011,124,3076
docs\inst_test\instancias\n_1000_9,500,20,15,10,0.2000,42,9980485898,9980481011,81,3076
docs\inst_test\instancias\n_1000_9,500,20,15,10,0.1000,2026,9980485898,9980481011,101,3076
docs\inst_test\instancias\n_1000_9,500,20,15,10,0.1000,42,9980485898,9980481011,112,3076
docs\inst_test\instancias\n_1000_9,500,20,15,5,0.2000,42,9980485898,9980481011,154,3076
docs\inst_test\instancias\n_1000_9,500,20,15,10,0.2000,2026,9980485898,9980481011,87,3076
docs\inst_test\instancias\n_1000_9,500,20,15,20,0.1000,123,9980485898,9980481011,73,3076
docs\inst_test\instancias\n_1000_9,500,20,15,10,0.2000,123,9980485898,9980481011,126,3076
docs\inst_test\instancias\n_1000_9,500,20,15,10,0.1000,123,9980485898,9980481011,149,3076
docs\inst_test\instancias\n_1000_9,500,20,15,10,0.3000,42,9980485898,9980481011,110,3076
docs\inst_test\instancias\n_1000_9,500,20,15,20,0.2000,42,9980485898,9980481011,79,3076
docs\inst_test\instancias\n_1000_9,500,20,15,20,0.1000,42,9980485898,9980481011,99,3076
docs\inst_test\instancias\n_1000_9,500,20,15,10,0.3000,123,9980485898,9980481011,105,3076
docs\inst_test\instancias\n_1000_9,500,20,15,20,0.1000,2026,9980485898,9980481011,90,3076
docs\inst_test\instancias\n_1000_9,500,20,15,10,0.3000,2026,9980485898,9980481011,109,3076
docs\inst_test\instancias\n_1000_9,500,20,15,20,0.2000,2026,9980485898,9980481011,77,3076
docs\inst_test\instancias\n_1000_9,500,20,15,20,0.2000,123,9980485898,9980481011,94,3076
docs\inst_test\instancias\n_1000_9,500,20,15,20,0.3000,42,9980485898,9980481011,81,3076
docs\inst_test\instancias\n_1000_9,500,20,15,20,0.3000,2026,9980485898,9980481011,83,3076
docs\inst_test\instancias\n_1000_9,500,20,15,20,0.3000,123,9980485898,9980481011,93,3076
