instance,iterations,tenure_flip,tenure_swap,stall,diversify,seed,best_value,total_weight,elapsed_ms
docs/inst_test/instancias/n_1000_1,1000,10,7,50,0.3000,123,9999416581,9999413709,379
docs/inst_test/instancias/n_1000_1,1000,10,7,50,0.3000,42,9999887078,9999883475,401
docs/inst_test/instancias/n_1000_1,1000,10,7,50,0.2000,2026,9999357281,9999353085,405
docs/inst_test/instancias/n_1000_1,1000,10,7,50,0.2000,123,9998886934,9998883463,419
docs/inst_test/instancias/n_1000_1,1000,10,7,50,0.1000,42,9999297486,9999292958,431
docs/inst_test/instancias/n_1000_1,1000,10,7,50,0.1000,2026,9995297202,9995292594,433
docs/inst_test/instancias/n_1000_1,1000,10,7,50,0.1000,123,9998827353,9998822863,437
docs/inst_test/instancias/n_1000_1,1000,10,7,50,0.2000,42,9998827387,9998822899,460
docs/inst_test/instancias/n_1000_1,1000,10,7,50,0.3000,2026,9999887007,9999883468,276
docs/inst_test/instancias/n_1000_1,1000,10,7,100,0.1000,123,9998827353,9998822863,283
docs/inst_test/instancias/n_1000_1,1000,10,7,100,0.2000,2026,9999357281,9999353085,255
docs/inst_test/instancias/n_1000_1,1000,10,7,100,0.2000,42,9998827387,9998822899,280
docs/inst_test/instancias/n_1000_1,1000,10,7,100,0.2000,123,9998357187,9998353072,278
docs/inst_test/instancias/n_1000_1,1000,10,7,100,0.3000,42,9999887034,9999883351,256
docs/inst_test/instancias/n_1000_1,1000,10,7,100,0.1000,42,9999297471,9999292890,317
docs/inst_test/instancias/n_1000_1,1000,10,7,100,0.1000,2026,9995297202,9995292594,323
docs/inst_test/instancias/n_1000_1,1000,10,7,100,0.3000,123,9999416581,9999413709,235
docs/inst_test/instancias/n_1000_1,1000,10,7,100,0.3000,2026,9999887007,9999883468,296
docs/inst_test/instancias/n_1000_1,1000,10,7,200,0.2000,123,9998357187,9998353072,280
docs/inst_test/instancias/n_1000_1,1000,10,7,200,0.2000,42,9998827387,9998822899,292
docs/inst_test/instancias/n_1000_1,1000,10,7,200,0.1000,123,9998827353,9998822863,300
docs/inst_test/instancias/n_1000_1,1000,10,7,200,0.1000,42,9999297471,9999292890,339
docs/inst_test/instancias/n_1000_1,1000,10,7,200,0.1000,2026,9995297202,9995292594,334
docs/inst_test/instancias/n_1000_1,1000,10,7,200,0.2000,2026,9999357281,9999353085,313
docs/inst_test/instancias/n_1000_1,1000,10,7,200,0.3000,42,9995356890,9995352989,323
docs/inst_test/instancias/n_1000_1,1000,10,7,200,0.3000,123,9999416581,9999413709,261
docs/inst_test/instancias/n_1000_1,1000,10,7,200,0.3000,2026,9999887007,9999883468,296
docs/inst_test/instancias/n_1000_1,1000,10,10,50,0.1000,123,9998827353,9998822863,284
docs/inst_test/instancias/n_1000_1,1000,10,10,50,0.2000,123,9998886934,9998883463,265
docs/inst_test/instancias/n_1000_1,1000,10,10,50,0.1000,42,9999297486,9999292958,318
docs/inst_test/instancias/n_1000_1,1000,10,10,50,0.1000,2026,9995297202,9995292594,300
docs/inst_test/instancias/n_1000_1,1000,10,10,50,0.2000,42,9998827387,9998822899,286
docs/inst_test/instancias/n_1000_1,1000,10,10,50,0.2000,2026,9999357281,9999353085,283
docs/inst_test/instancias/n_1000_1,1000,10,10,50,0.3000,123,9999416581,9999413709,242
docs/inst_test/instancias/n_1000_1,1000,10,10,50,0.3000,42,9999887078,9999883475,292
docs/inst_test/instancias/n_1000_1,1000,10,10,50,0.3000,2026,9999887007,9999883468,252
docs/inst_test/instancias/n_1000_1,1000,10,10,100,0.1000,2026,9995297202,9995292594,257
docs/inst_test/instancias/n_1000_1,1000,10,10,100,0.2000,42,9998827387,9998822899,268
docs/inst_test/instancias/n_1000_1,1000,10,10,100,0.1000,42,9999297471,9999292890,285
docs/inst_test/instancias/n_1000_1,1000,10,10,100,0.1000,123,9998827353,9998822863,282
docs/inst_test/instancias/n_1000_1,1000,10,10,100,0.2000,2026,9999357281,9999353085,222
docs/inst_test/instancias/n_1000_1,1000,10,10,100,0.2000,123,9998357187,9998353072,268
docs/inst_test/instancias/n_1000_1,1000,10,10,100,0.3000,123,9999416581,9999413709,224
docs/inst_test/instancias/n_1000_1,1000,10,10,100,0.3000,42,9999887034,9999883351,236
docs/inst_test/instancias/n_1000_1,1000,10,10,100,0.3000,2026,9999887007,9999883468,196
docs/inst_test/instancias/n_1000_1,1000,10,10,200,0.1000,123,9998827353,9998822863,255
docs/inst_test/instancias/n_1000_1,1000,10,10,200,0.1000,42,9999297471,9999292890,275
docs/inst_test/instancias/n_1000_1,1000,10,10,200,0.1000,2026,9995297202,9995292594,271
docs/inst_test/instancias/n_1000_1,1000,10,10,200,0.2000,42,9998827387,9998822899,223
docs/inst_test/instancias/n_1000_1,1000,10,10,200,0.3000,123,9999416581,9999413709,225
docs/inst_test/instancias/n_1000_1,1000,10,10,200,0.2000,123,9998357187,9998353072,249
docs/inst_test/instancias/n_1000_1,1000,10,10,200,0.2000,2026,9999357281,9999353085,252
docs/inst_test/instancias/n_1000_1,1000,10,10,200,0.3000,42,9995356890,9995352989,289
docs/inst_test/instancias/n_1000_1,1000,10,10,200,0.3000,2026,9999887007,9999883468,208
docs/inst_test/instancias/n_1000_1,1000,10,15,50,0.1000,42,9999297486,9999292958,266
docs/inst_test/instancias/n_1000_1,1000,10,15,50,0.1000,2026,9995297202,9995292594,235
docs/inst_test/instancias/n_1000_1,1000,10,15,50,0.3000,123,9999416581,9999413709,165
docs/inst_test/instancias/n_1000_1,1000,10,15,50,0.2000,123,9998886934,9998883463,244
docs/inst_test/instancias/n_1000_1,1000,10,15,50,0.2000,42,9998827387,9998822899,255
docs/inst_test/instancias/n_1000_1,1000,10,15,50,0.1000,123,9998827353,9998822863,392
docs/inst_test/instancias/n_1000_1,1000,10,15,50,0.3000,42,9999887078,9999883475,222
docs/inst_test/instancias/n_1000_1,1000,10,15,50,0.2000,2026,9999357281,9999353085,271
docs/inst_test/instancias/n_1000_1,1000,10,15,50,0.3000,2026,9999887007,9999883468,231
docs/inst_test/instancias/n_1000_1,1000,10,15,100,0.1000,123,9998827353,9998822863,252
docs/inst_test/instancias/n_1000_1,1000,10,15,100,0.1000,42,9999297471,9999292890,281
docs/inst_test/instancias/n_1000_1,1000,10,15,100,0.1000,2026,9995297202,9995292594,244
docs/inst_test/instancias/n_1000_1,1000,10,15,100,0.2000,123,9998357187,9998353072,235
docs/inst_test/instancias/n_1000_1,1000,10,15,100,0.2000,42,9998827387,9998822899,255
docs/inst_test/instancias/n_1000_1,1000,10,15,100,0.2000,2026,9999357281,9999353085,254
docs/inst_test/instancias/n_1000_1,1000,10,15,100,0.3000,42,9999887034,9999883351,276
docs/inst_test/instancias/n_1000_1,1000,10,15,100,0.3000,123,9999416581,9999413709,228
docs/inst_test/instancias/n_1000_1,1000,10,15,100,0.3000,2026,9999887007,9999883468,237
docs/inst_test/instancias/n_1000_1,1000,10,15,200,0.1000,42,9999297471,9999292890,252
docs/inst_test/instancias/n_1000_1,1000,10,15,200,0.2000,42,9998827387,9998822899,247
docs/inst_test/instancias/n_1000_1,1000,10,15,200,0.2000,123,9998357187,9998353072,247
docs/inst_test/instancias/n_1000_1,1000,10,15,200,0.1000,123,9998827353,9998822863,295
docs/inst_test/instancias/n_1000_1,1000,10,15,200,0.1000,2026,9995297202,9995292594,302
docs/inst_test/instancias/n_1000_1,1000,10,15,200,0.2000,2026,9999357281,9999353085,264
docs/inst_test/instancias/n_1000_1,1000,10,15,200,0.3000,42,9995356890,9995352989,244
docs/inst_test/instancias/n_1000_1,1000,10,15,200,0.3000,123,9999416581,9999413709,236
docs/inst_test/instancias/n_1000_1,1000,10,15,200,0.3000,2026,9999887007,9999883468,219
docs/inst_test/instancias/n_1000_1,1000,15,7,50,0.1000,42,9999297486,9999292958,267
docs/inst_test/instancias/n_1000_1,1000,15,7,50,0.1000,123,9998827353,9998822863,302
docs/inst_test/instancias/n_1000_1,1000,15,7,50,0.2000,42,9998827387,9998822899,325
docs/inst_test/instancias/n_1000_1,1000,15,7,50,0.2000,123,9998886934,9998883463,298
docs/inst_test/instancias/n_1000_1,1000,15,7,50,0.1000,2026,9995297202,9995292594,337
docs/inst_test/instancias/n_1000_1,1000,15,7,50,0.2000,2026,9999357281,9999353085,353
docs/inst_test/instancias/n_1000_1,1000,15,7,50,0.3000,42,9999887078,9999883475,284
docs/inst_test/instancias/n_1000_1,1000,15,7,50,0.3000,123,9999416581,9999413709,282
docs/inst_test/instancias/n_1000_1,1000,15,7,50,0.3000,2026,9999887007,9999883468,301
docs/inst_test/instancias/n_1000_1,1000,15,7,100,0.2000,42,9998827387,9998822899,250
docs/inst_test/instancias/n_1000_1,1000,15,7,100,0.1000,42,9999297471,9999292890,296
docs/inst_test/instancias/n_1000_1,1000,15,7,100,0.1000,2026,9995297202,9995292594,264
docs/inst_test/instancias/n_1000_1,1000,15,7,100,0.1000,123,9998827353,9998822863,276
docs/inst_test/instancias/n_1000_1,1000,15,7,100,0.2000,123,9998357187,9998353072,265
docs/inst_test/instancias/n_1000_1,1000,15,7,100,0.3000,42,9999887034,9999883351,244
docs/inst_test/instancias/n_1000_1,1000,15,7,100,0.2000,2026,9999357281,9999353085,273
docs/inst_test/instancias/n_1000_1,1000,15,7,100,0.3000,123,9999416581,9999413709,253
docs/inst_test/instancias/n_1000_1,1000,15,7,100,0.3000,2026,9999887007,9999883468,237
docs/inst_test/instancias/n_1000_1,1000,15,7,200,0.1000,123,9998827353,9998822863,249
docs/inst_test/instancias/n_1000_1,1000,15,7,200,0.1000,2026,9995297202,9995292594,270
docs/inst_test/instancias/n_1000_1,1000,15,7,200,0.1000,42,9999297471,9999292890,296
docs/inst_test/instancias/n_1000_1,1000,15,7,200,0.2000,42,9998827387,9998822899,289
docs/inst_test/instancias/n_1000_1,1000,15,7,200,0.2000,123,9998357187,9998353072,262
docs/inst_test/instancias/n_1000_1,1000,15,7,200,0.2000,2026,9999357281,9999353085,255
docs/inst_test/instancias/n_1000_1,1000,15,7,200,0.3000,2026,9999887007,9999883468,183
docs/inst_test/instancias/n_1000_1,1000,15,7,200,0.3000,123,9999416581,9999413709,225
docs/inst_test/instancias/n_1000_1,1000,15,7,200,0.3000,42,9995356890,9995352989,267
docs/inst_test/instancias/n_1000_1,1000,15,10,50,0.1000,42,9999297486,9999292958,234
docs/inst_test/instancias/n_1000_1,1000,15,10,50,0.1000,123,9998827353,9998822863,267
docs/inst_test/instancias/n_1000_1,1000,15,10,50,0.2000,42,9998827387,9998822899,232
docs/inst_test/instancias/n_1000_1,1000,15,10,50,0.2000,123,9998886934,9998883463,259
docs/inst_test/instancias/n_1000_1,1000,15,10,50,0.2000,2026,9999357281,9999353085,210
docs/inst_test/instancias/n_1000_1,1000,15,10,50,0.3000,42,9999887078,9999883475,210
docs/inst_test/instancias/n_1000_1,1000,15,10,50,0.3000,123,9999416581,9999413709,208
docs/inst_test/instancias/n_1000_1,1000,15,10,50,0.3000,2026,9999887007,9999883468,215
docs/inst_test/instancias/n_1000_1,1000,15,10,50,0.1000,2026,9995297202,9995292594,417
docs/inst_test/instancias/n_1000_1,1000,15,10,100,0.1000,42,9999297471,9999292890,284
docs/inst_test/instancias/n_1000_1,1000,15,10,100,0.1000,123,9998827353,9998822863,255
docs/inst_test/instancias/n_1000_1,1000,15,10,100,0.2000,123,9998357187,9998353072,197
docs/inst_test/instancias/n_1000_1,1000,15,10,100,0.2000,42,9998827387,9998822899,243
docs/inst_test/instancias/n_1000_1,1000,15,10,100,0.3000,42,9999887034,9999883351,192
docs/inst_test/instancias/n_1000_1,1000,15,10,100,0.2000,2026,9999357281,9999353085,258
docs/inst_test/instancias/n_1000_1,1000,15,10,100,0.1000,2026,9995297202,9995292594,301
docs/inst_test/instancias/n_1000_1,1000,15,10,100,0.3000,123,9999416581,9999413709,204
docs/inst_test/instancias/n_1000_1,1000,15,10,100,0.3000,2026,9999887007,9999883468,211
docs/inst_test/instancias/n_1000_1,1000,15,10,200,0.1000,123,9998827353,9998822863,223
docs/inst_test/instancias/n_1000_1,1000,15,10,200,0.1000,2026,9995297202,9995292594,255
docs/inst_test/instancias/n_1000_1,1000,15,10,200,0.2000,123,9998357187,9998353072,248
docs/inst_test/instancias/n_1000_1,1000,15,10,200,0.2000,42,9998827387,9998822899,256
docs/inst_test/instancias/n_1000_1,1000,15,10,200,0.2000,2026,9999357281,9999353085,264
docs/inst_test/instancias/n_1000_1,1000,15,10,200,0.1000,42,9999297471,9999292890,366
docs/inst_test/instancias/n_1000_1,1000,15,10,200,0.3000,42,9995356890,9995352989,248
docs/inst_test/instancias/n_1000_1,1000,15,10,200,0.3000,123,9999416581,9999413709,260
docs/inst_test/instancias/n_1000_1,1000,15,10,200,0.3000,2026,9999887007,9999883468,249
docs/inst_test/instancias/n_1000_1,1000,15,15,50,0.1000,2026,9995297202,9995292594,256
docs/inst_test/instancias/n_1000_1,1000,15,15,50,0.1000,42,9999297486,9999292958,304
docs/inst_test/instancias/n_1000_1,1000,15,15,50,0.1000,123,9998827353,9998822863,286
docs/inst_test/instancias/n_1000_1,1000,15,15,50,0.2000,123,9998886934,9998883463,254
docs/inst_test/instancias/n_1000_1,1000,15,15,50,0.2000,42,9998827387,9998822899,285
docs/inst_test/instancias/n_1000_1,1000,15,15,50,0.2000,2026,9999357281,9999353085,267
docs/inst_test/instancias/n_1000_1,1000,15,15,50,0.3000,42,9999887078,9999883475,211
docs/inst_test/instancias/n_1000_1,1000,15,15,50,0.3000,123,9999416581,9999413709,240
docs/inst_test/instancias/n_1000_1,1000,15,15,50,0.3000,2026,9999887007,9999883468,229
docs/inst_test/instancias/n_1000_1,1000,15,15,100,0.1000,2026,9995297202,9995292594,256
docs/inst_test/instancias/n_1000_1,1000,15,15,100,0.1000,42,9999297471,9999292890,285
docs/inst_test/instancias/n_1000_1,1000,15,15,100,0.2000,2026,9999357281,9999353085,211
docs/inst_test/instancias/n_1000_1,1000,15,15,100,0.2000,123,9998357187,9998353072,247
docs/inst_test/instancias/n_1000_1,1000,15,15,100,0.1000,123,9998827353,9998822863,288
docs/inst_test/instancias/n_1000_1,1000,15,15,100,0.2000,42,9998827387,9998822899,270
docs/inst_test/instancias/n_1000_1,1000,15,15,100,0.3000,42,9999887034,9999883351,261
docs/inst_test/instancias/n_1000_1,1000,15,15,100,0.3000,123,9999416581,9999413709,250
docs/inst_test/instancias/n_1000_1,1000,15,15,200,0.1000,123,9998827353,9998822863,212
docs/inst_test/instancias/n_1000_1,1000,15,15,100,0.3000,2026,9999887007,9999883468,270
docs/inst_test/instancias/n_1000_1,1000,15,15,200,0.1000,42,9999297471,9999292890,277
docs/inst_test/instancias/n_1000_1,1000,15,15,200,0.2000,123,9998357187,9998353072,262
docs/inst_test/instancias/n_1000_1,1000,15,15,200,0.2000,42,9998827387,9998822899,278
docs/inst_test/instancias/n_1000_1,1000,15,15,200,0.1000,2026,9995297202,9995292594,304
docs/inst_test/instancias/n_1000_1,1000,15,15,200,0.2000,2026,9999357281,9999353085,262
docs/inst_test/instancias/n_1000_1,1000,15,15,200,0.3000,123,9999416581,9999413709,257
docs/inst_test/instancias/n_1000_1,1000,15,15,200,0.3000,2026,9999887007,9999883468,230
docs/inst_test/instancias/n_1000_1,1000,20,7,50,0.1000,123,9998827353,9998822863,242
docs/inst_test/instancias/n_1000_1,1000,20,7,50,0.1000,42,9999297486,9999292958,275
docs/inst_test/instancias/n_1000_1,1000,15,15,200,0.3000,42,9995356890,9995352989,366
docs/inst_test/instancias/n_1000_1,1000,20,7,50,0.2000,42,9998827387,9998822899,239
docs/inst_test/instancias/n_1000_1,1000,20,7,50,0.1000,2026,9995297202,9995292594,278
docs/inst_test/instancias/n_1000_1,1000,20,7,50,0.2000,123,9998886934,9998883463,222
docs/inst_test/instancias/n_1000_1,1000,20,7,50,0.2000,2026,9999357281,9999353085,225
docs/inst_test/instancias/n_1000_1,1000,20,7,50,0.3000,123,9999416581,9999413709,204
docs/inst_test/instancias/n_1000_1,1000,20,7,50,0.3000,42,9999887078,9999883475,309
docs/inst_test/instancias/n_1000_1,1000,20,7,50,0.3000,2026,9999887007,9999883468,305
docs/inst_test/instancias/n_1000_1,1000,20,7,100,0.1000,123,9998827353,9998822863,329
docs/inst_test/instancias/n_1000_1,1000,20,7,100,0.2000,42,9998827387,9998822899,326
docs/inst_test/instancias/n_1000_1,1000,20,7,100,0.1000,42,9999297471,9999292890,373
docs/inst_test/instancias/n_1000_1,1000,20,7,100,0.1000,2026,9995297202,9995292594,353
docs/inst_test/instancias/n_1000_1,1000,20,7,100,0.2000,123,9998357187,9998353072,359
docs/inst_test/instancias/n_1000_1,1000,20,7,100,0.2000,2026,9999357281,9999353085,330
docs/inst_test/instancias/n_1000_1,1000,20,7,100,0.3000,42,9999887034,9999883351,257
docs/inst_test/instancias/n_1000_1,1000,20,7,100,0.3000,123,9999416581,9999413709,236
docs/inst_test/instancias/n_1000_1,1000,20,7,100,0.3000,2026,9999887007,9999883468,258
docs/inst_test/instancias/n_1000_1,1000,20,7,200,0.1000,123,9998827353,9998822863,255
docs/inst_test/instancias/n_1000_1,1000,20,7,200,0.1000,42,9999297471,9999292890,294
docs/inst_test/instancias/n_1000_1,1000,20,7,200,0.1000,2026,9995297202,9995292594,283
docs/inst_test/instancias/n_1000_1,1000,20,7,200,0.2000,2026,9999357281,9999353085,246
docs/inst_test/instancias/n_1000_1,1000,20,7,200,0.3000,42,9995356890,9995352989,223
docs/inst_test/instancias/n_1000_1,1000,20,7,200,0.2000,123,9998357187,9998353072,256
docs/inst_test/instancias/n_1000_1,1000,20,7,200,0.2000,42,9998827387,9998822899,288
docs/inst_test/instancias/n_1000_1,1000,20,7,200,0.3000,123,9999416581,9999413709,242
docs/inst_test/instancias/n_1000_1,1000,20,7,200,0.3000,2026,9999887007,9999883468,224
docs/inst_test/instancias/n_1000_1,1000,20,10,50,0.1000,42,9999297486,9999292958,241
docs/inst_test/instancias/n_1000_1,1000,20,10,50,0.1000,123,9998827353,9998822863,264
docs/inst_test/instancias/n_1000_1,1000,20,10,50,0.2000,2026,9999357281,9999353085,213
docs/inst_test/instancias/n_1000_1,1000,20,10,50,0.2000,42,9998827387,9998822899,243
docs/inst_test/instancias/n_1000_1,1000,20,10,50,0.3000,42,9999887078,9999883475,187
docs/inst_test/instancias/n_1000_1,1000,20,10,50,0.3000,123,9999416581,9999413709,191
docs/inst_test/instancias/n_1000_1,1000,20,10,50,0.3000,2026,9999887007,9999883468,193
docs/inst_test/instancias/n_1000_1,1000,20,10,50,0.2000,123,9998886934,9998883463,358
docs/inst_test/instancias/n_1000_1,1000,20,10,50,0.1000,2026,9995297202,9995292594,376
docs/inst_test/instancias/n_1000_1,1000,20,10,100,0.1000,42,9999297471,9999292890,233
docs/inst_test/instancias/n_1000_1,1000,20,10,100,0.1000,2026,9995297202,9995292594,224
docs/inst_test/instancias/n_1000_1,1000,20,10,100,0.2000,42,9998827387,9998822899,231
docs/inst_test/instancias/n_1000_1,1000,20,10,100,0.2000,123,9998357187,9998353072,249
docs/inst_test/instancias/n_1000_1,1000,20,10,100,0.2000,2026,9999357281,9999353085,221
docs/inst_test/instancias/n_1000_1,1000,20,10,100,0.3000,2026,9999887007,9999883468,187
docs/inst_test/instancias/n_1000_1,1000,20,10,100,0.3000,42,9999887034,9999883351,226
docs/inst_test/instancias/n_1000_1,1000,20,10,100,0.3000,123,9999416581,9999413709,225
docs/inst_test/instancias/n_1000_1,1000,20,10,100,0.1000,123,9998827353,9998822863,360
docs/inst_test/instancias/n_1000_1,1000,20,10,200,0.1000,42,9999297471,9999292890,239
docs/inst_test/instancias/n_1000_1,1000,20,10,200,0.1000,2026,9995297202,9995292594,233
docs/inst_test/instancias/n_1000_1,1000,20,10,200,0.1000,123,9998827353,9998822863,289
docs/inst_test/instancias/n_1000_1,1000,20,10,200,0.2000,123,9998357187,9998353072,199
docs/inst_test/instancias/n_1000_1,1000,20,10,200,0.2000,42,9998827387,9998822899,277
docs/inst_test/instancias/n_1000_1,1000,20,10,200,0.3000,123,9999416581,9999413709,267
docs/inst_test/instancias/n_1000_1,1000,20,10,200,0.3000,42,9995356890,9995352989,288
docs/inst_test/instancias/n_1000_1,1000,20,10,200,0.2000,2026,9999357281,9999353085,304
docs/inst_test/instancias/n_1000_1,1000,20,10,200,0.3000,2026,9999887007,9999883468,257
docs/inst_test/instancias/n_1000_1,1000,20,15,50,0.1000,42,9999297486,9999292958,214
docs/inst_test/instancias/n_1000_1,1000,20,15,50,0.1000,2026,9995297202,9995292594,210
docs/inst_test/instancias/n_1000_1,1000,20,15,50,0.1000,123,9998827353,9998822863,271
docs/inst_test/instancias/n_1000_1,1000,20,15,50,0.2000,42,9998827387,9998822899,286
docs/inst_test/instancias/n_1000_1,1000,20,15,50,0.2000,2026,9999357281,9999353085,252
docs/inst_test/instancias/n_1000_1,1000,20,15,50,0.3000,42,9999887078,9999883475,250
docs/inst_test/instancias/n_1000_1,1000,20,15,50,0.2000,123,9998886934,9998883463,287
docs/inst_test/instancias/n_1000_1,1000,20,15,50,0.3000,2026,9999887007,9999883468,218
docs/inst_test/instancias/n_1000_1,1000,20,15,100,0.1000,42,9999297471,9999292890,243
docs/inst_test/instancias/n_1000_1,1000,20,15,100,0.1000,123,9998827353,9998822863,265
docs/inst_test/instancias/n_1000_1,1000,20,15,50,0.3000,123,9999416581,9999413709,365
docs/inst_test/instancias/n_1000_1,1000,20,15,100,0.2000,2026,9999357281,9999353085,192
docs/inst_test/instancias/n_1000_1,1000,20,15,100,0.2000,123,9998357187,9998353072,222
docs/inst_test/instancias/n_1000_1,1000,20,15,100,0.1000,2026,9995297202,9995292594,275
docs/inst_test/instancias/n_1000_1,1000,20,15,100,0.2000,42,9998827387,9998822899,293
docs/inst_test/instancias/n_1000_1,1000,20,15,100,0.3000,42,9999887034,9999883351,256
docs/inst_test/instancias/n_1000_1,1000,20,15,100,0.3000,123,9999416581,9999413709,232
docs/inst_test/instancias/n_1000_1,1000,20,15,100,0.3000,2026,9999887007,9999883468,229
docs/inst_test/instancias/n_1000_1,1000,20,15,200,0.1000,123,9998827353,9998822863,195
docs/inst_test/instancias/n_1000_1,1000,20,15,200,0.1000,42,9999297471,9999292890,298
docs/inst_test/instancias/n_1000_1,1000,20,15,200,0.1000,2026,9995297202,9995292594,275
docs/inst_test/instancias/n_1000_1,1000,20,15,200,0.2000,42,9998827387,9998822899,257
docs/inst_test/instancias/n_1000_1,1000,20,15,200,0.2000,123,9998357187,9998353072,258
docs/inst_test/instancias/n_1000_1,1000,20,15,200,0.3000,42,9995356890,9995352989,259
docs/inst_test/instancias/n_1000_1,1000,20,15,200,0.2000,2026,9999357281,9999353085,308
docs/inst_test/instancias/n_1000_1,1000,20,15,200,0.3000,123,9999416581,9999413709,225
docs/inst_test/instancias/n_1000_1,1000,20,15,200,0.3000,2026,9999887007,9999883468,223
docs/inst_test/instancias/n_1000_1,3000,10,7,50,0.2000,123,9999887035,9999883564,603
docs/inst_test/instancias/n_1000_1,3000,10,7,50,0.1000,123,9999827385,9999822878,716
docs/inst_test/instancias/n_1000_1,3000,10,7,50,0.1000,42,9999297486,9999292958,732
docs/inst_test/instancias/n_1000_1,3000,10,7,50,0.3000,123,9999416683,9999413583,594
docs/inst_test/instancias/n_1000_1,3000,10,7,50,0.1000,2026,9999827439,9999822879,734
docs/inst_test/instancias/n_1000_1,3000,10,7,50,0.3000,42,9999887078,9999883475,654
docs/inst_test/instancias/n_1000_1,3000,10,7,50,0.2000,42,9999357290,9999353138,829
docs/inst_test/instancias/n_1000_1,3000,10,7,50,0.2000,2026,9999357281,9999353085,781
docs/inst_test/instancias/n_1000_1,3000,10,7,50,0.3000,2026,9999887007,9999883468,607
docs/inst_test/instancias/n_1000_1,3000,10,7,100,0.2000,42,9999357284,9999353073,696
docs/inst_test/instancias/n_1000_1,3000,10,7,100,0.1000,123,9999827379,9999822923,714
docs/inst_test/instancias/n_1000_1,3000,10,7,100,0.2000,123,9998886934,9998883463,672
docs/inst_test/instancias/n_1000_1,3000,10,7,100,0.1000,2026,9999827425,9999822843,789
docs/inst_test/instancias/n_1000_1,3000,10,7,100,0.1000,42,9999297486,9999292958,810
docs/inst_test/instancias/n_1000_1,3000,10,7,100,0.3000,42,9999887078,9999883475,724
docs/inst_test/instancias/n_1000_1,3000,10,7,100,0.2000,2026,9999357281,9999353085,756
docs/inst_test/instancias/n_1000_1,3000,10,7,100,0.3000,123,9999416651,9999413507,690
docs/inst_test/instancias/n_1000_1,3000,10,7,100,0.3000,2026,9999887007,9999883468,693
docs/inst_test/instancias/n_1000_1,3000,10,7,200,0.1000,123,9998827353,9998822863,782
docs/inst_test/instancias/n_1000_1,3000,10,7,200,0.1000,42,9999297471,9999292890,816
docs/inst_test/instancias/n_1000_1,3000,10,7,200,0.2000,42,9998827387,9998822899,766
docs/inst_test/instancias/n_1000_1,3000,10,7,200,0.2000,123,9998357187,9998353072,688
docs/inst_test/instancias/n_1000_1,3000,10,7,200,0.1000,2026,9995297202,9995292594,800
docs/inst_test/instancias/n_1000_1,3000,10,7,200,0.2000,2026,9999357281,9999353085,749
docs/inst_test/instancias/n_1000_1,3000,10,7,200,0.3000,42,9999887078,9999883475,647
docs/inst_test/instancias/n_1000_1,3000,10,7,200,0.3000,123,9999416581,9999413709,586
docs/inst_test/instancias/n_1000_1,3000,10,7,200,0.3000,2026,9999887007,9999883468,675
docs/inst_test/instancias/n_1000_1,3000,10,10,50,0.1000,123,9999827385,9999822878,760
docs/inst_test/instancias/n_1000_1,3000,10,10,50,0.2000,123,9999887035,9999883564,674
docs/inst_test/instancias/n_1000_1,3000,10,10,50,0.2000,42,9999357290,9999353138,744
docs/inst_test/instancias/n_1000_1,3000,10,10,50,0.1000,42,9999297486,9999292958,859
docs/inst_test/instancias/n_1000_1,3000,10,10,50,0.1000,2026,9999827439,9999822879,802
docs/inst_test/instancias/n_1000_1,3000,10,10,50,0.2000,2026,9999357281,9999353085,728
docs/inst_test/instancias/n_1000_1,3000,10,10,50,0.3000,42,9999887078,9999883475,741
docs/inst_test/instancias/n_1000_1,3000,10,10,50,0.3000,123,9999416683,9999413583,668
docs/inst_test/instancias/n_1000_1,3000,10,10,50,0.3000,2026,9999887007,9999883468,724
docs/inst_test/instancias/n_1000_1,3000,10,10,100,0.1000,123,9999827379,9999822923,756
docs/inst_test/instancias/n_1000_1,3000,10,10,100,0.2000,42,9999357284,9999353073,787
docs/inst_test/instancias/n_1000_1,3000,10,10,100,0.1000,42,9999297486,9999292958,911
docs/inst_test/instancias/n_1000_1,3000,10,10,100,0.1000,2026,9999827425,9999822843,874
docs/inst_test/instancias/n_1000_1,3000,10,10,100,0.2000,123,9998886934,9998883463,776
docs/inst_test/instancias/n_1000_1,3000,10,10,100,0.3000,42,9999887078,9999883475,778
docs/inst_test/instancias/n_1000_1,3000,10,10,100,0.2000,2026,9999357281,9999353085,942
docs/inst_test/instancias/n_1000_1,3000,10,10,100,0.3000,123,9999416651,9999413507,692
docs/inst_test/instancias/n_1000_1,3000,10,10,100,0.3000,2026,9999887007,9999883468,770
docs/inst_test/instancias/n_1000_1,3000,10,10,200,0.1000,123,9998827353,9998822863,924
docs/inst_test/instancias/n_1000_1,3000,10,10,200,0.1000,42,9999297471,9999292890,1060
docs/inst_test/instancias/n_1000_1,3000,10,10,200,0.1000,2026,9995297202,9995292594,989
docs/inst_test/instancias/n_1000_1,3000,10,10,200,0.2000,42,9998827387,9998822899,850
docs/inst_test/instancias/n_1000_1,3000,10,10,200,0.2000,123,9998357187,9998353072,855
docs/inst_test/instancias/n_1000_1,3000,10,10,200,0.2000,2026,9999357281,9999353085,845
docs/inst_test/instancias/n_1000_1,3000,10,10,200,0.3000,42,9999887078,9999883475,794
docs/inst_test/instancias/n_1000_1,3000,10,10,200,0.3000,123,9999416581,9999413709,702
docs/inst_test/instancias/n_1000_1,3000,10,10,200,0.3000,2026,9999887007,9999883468,707
docs/inst_test/instancias/n_1000_1,3000,10,15,50,0.1000,123,9999827385,9999822878,858
docs/inst_test/instancias/n_1000_1,3000,10,15,50,0.1000,42,9999297486,9999292958,880
docs/inst_test/instancias/n_1000_1,3000,10,15,50,0.1000,2026,9999827439,9999822879,947
docs/inst_test/instancias/n_1000_1,3000,10,15,50,0.2000,42,9999357290,9999353138,727
docs/inst_test/instancias/n_1000_1,3000,10,15,50,0.2000,123,9999887035,9999883564,718
docs/inst_test/instancias/n_1000_1,3000,10,15,50,0.3000,42,9999887078,9999883475,686
docs/inst_test/instancias/n_1000_1,3000,10,15,50,0.2000,2026,9999357281,9999353085,780
docs/inst_test/instancias/n_1000_1,3000,10,15,50,0.3000,123,9999416683,9999413583,657
docs/inst_test/instancias/n_1000_1,3000,10,15,50,0.3000,2026,9999887007,9999883468,724
docs/inst_test/instancias/n_1000_1,3000,10,15,100,0.2000,123,9998886934,9998883463,723
docs/inst_test/instancias/n_1000_1,3000,10,15,100,0.1000,123,9999827379,9999822923,800
docs/inst_test/instancias/n_1000_1,3000,10,15,100,0.2000,42,9999357284,9999353073,782
docs/inst_test/instancias/n_1000_1,3000,10,15,100,0.1000,42,9999297486,9999292958,905
docs/inst_test/instancias/n_1000_1,3000,10,15,100,0.2000,2026,9999357281,9999353085,759
docs/inst_test/instancias/n_1000_1,3000,10,15,100,0.1000,2026,9999827425,9999822843,897
docs/inst_test/instancias/n_1000_1,3000,10,15,100,0.3000,42,9999887078,9999883475,702
docs/inst_test/instancias/n_1000_1,3000,10,15,100,0.3000,123,9999416651,9999413507,617
docs/inst_test/instancias/n_1000_1,3000,10,15,100,0.3000,2026,9999887007,9999883468,577
docs/inst_test/instancias/n_1000_1,3000,10,15,200,0.1000,123,9998827353,9998822863,729
docs/inst_test/instancias/n_1000_1,3000,10,15,200,0.2000,42,9998827387,9998822899,712
docs/inst_test/instancias/n_1000_1,3000,10,15,200,0.1000,42,9999297471,9999292890,841
docs/inst_test/instancias/n_1000_1,3000,10,15,200,0.1000,2026,9995297202,9995292594,867
docs/inst_test/instancias/n_1000_1,3000,10,15,200,0.2000,123,9998357187,9998353072,815
docs/inst_test/instancias/n_1000_1,3000,10,15,200,0.2000,2026,9999357281,9999353085,847
docs/inst_test/instancias/n_1000_1,3000,10,15,200,0.3000,42,9999887078,9999883475,697
docs/inst_test/instancias/n_1000_1,3000,10,15,200,0.3000,123,9999416581,9999413709,659
docs/inst_test/instancias/n_1000_1,3000,10,15,200,0.3000,2026,9999887007,9999883468,738
docs/inst_test/instancias/n_1000_1,3000,15,7,50,0.1000,123,9999827385,9999822878,798
docs/inst_test/instancias/n_1000_1,3000,15,7,50,0.1000,42,9999297486,9999292958,903
docs/inst_test/instancias/n_1000_1,3000,15,7,50,0.1000,2026,9999827439,9999822879,820
docs/inst_test/instancias/n_1000_1,3000,15,7,50,0.2000,42,9999357290,9999353138,833
docs/inst_test/instancias/n_1000_1,3000,15,7,50,0.2000,123,9999887035,9999883564,704
docs/inst_test/instancias/n_1000_1,3000,15,7,50,0.2000,2026,9999357281,9999353085,732
docs/inst_test/instancias/n_1000_1,3000,15,7,50,0.3000,42,9999887078,9999883475,705
docs/inst_test/instancias/n_1000_1,3000,15,7,50,0.3000,123,9999416683,9999413583,635
docs/inst_test/instancias/n_1000_1,3000,15,7,50,0.3000,2026,9999887007,9999883468,712
docs/inst_test/instancias/n_1000_1,3000,15,7,100,0.1000,123,9999827379,9999822923,919
docs/inst_test/instancias/n_1000_1,3000,15,7,100,0.1000,42,9999297486,9999292958,1100
docs/inst_test/instancias/n_1000_1,3000,15,7,100,0.2000,42,9999357284,9999353073,1099
docs/inst_test/instancias/n_1000_1,3000,15,7,100,0.2000,123,9998886934,9998883463,1057
docs/inst_test/instancias/n_1000_1,3000,15,7,100,0.1000,2026,9999827425,9999822843,1189
docs/inst_test/instancias/n_1000_1,3000,15,7,100,0.2000,2026,9999357281,9999353085,1077
docs/inst_test/instancias/n_1000_1,3000,15,7,100,0.3000,42,9999887078,9999883475,1161
docs/inst_test/instancias/n_1000_1,3000,15,7,100,0.3000,123,9999416651,9999413507,947
docs/inst_test/instancias/n_1000_1,3000,15,7,100,0.3000,2026,9999887007,9999883468,883
docs/inst_test/instancias/n_1000_1,3000,15,7,200,0.2000,123,9998357187,9998353072,700
docs/inst_test/instancias/n_1000_1,3000,15,7,200,0.2000,42,9998827387,9998822899,748
docs/inst_test/instancias/n_1000_1,3000,15,7,200,0.1000,2026,9995297202,9995292594,765
docs/inst_test/instancias/n_1000_1,3000,15,7,200,0.1000,42,9999297471,9999292890,920
docs/inst_test/instancias/n_1000_1,3000,15,7,200,0.1000,123,9998827353,9998822863,839
docs/inst_test/instancias/n_1000_1,3000,15,7,200,0.2000,2026,9999357281,9999353085,818
docs/inst_test/instancias/n_1000_1,3000,15,7,200,0.3000,42,9999887078,9999883475,820
docs/inst_test/instancias/n_1000_1,3000,15,7,200,0.3000,123,9999416581,9999413709,744
docs/inst_test/instancias/n_1000_1,3000,15,10,50,0.2000,42,9999357290,9999353138,739
docs/inst_test/instancias/n_1000_1,3000,15,7,200,0.3000,2026,9999887007,9999883468,814
docs/inst_test/instancias/n_1000_1,3000,15,10,50,0.1000,123,9999827385,9999822878,912
docs/inst_test/instancias/n_1000_1,3000,15,10,50,0.1000,42,9999297486,9999292958,966
docs/inst_test/instancias/n_1000_1,3000,15,10,50,0.1000,2026,9999827439,9999822879,956
docs/inst_test/instancias/n_1000_1,3000,15,10,50,0.2000,123,9999887035,9999883564,706
docs/inst_test/instancias/n_1000_1,3000,15,10,50,0.2000,2026,9999357281,9999353085,766
docs/inst_test/instancias/n_1000_1,3000,15,10,50,0.3000,42,9999887078,9999883475,754
docs/inst_test/instancias/n_1000_1,3000,15,10,50,0.3000,123,9999416683,9999413583,734
docs/inst_test/instancias/n_1000_1,3000,15,10,50,0.3000,2026,9999887007,9999883468,755
docs/inst_test/instancias/n_1000_1,3000,15,10,100,0.1000,42,9999297486,9999292958,913
docs/inst_test/instancias/n_1000_1,3000,15,10,100,0.1000,123,9999827379,9999822923,915
docs/inst_test/instancias/n_1000_1,3000,15,10,100,0.1000,2026,9999827425,9999822843,914
docs/inst_test/instancias/n_1000_1,3000,15,10,100,0.2000,123,9998886934,9998883463,755
docs/inst_test/instancias/n_1000_1,3000,15,10,100,0.2000,42,9999357284,9999353073,884
docs/inst_test/instancias/n_1000_1,3000,15,10,100,0.2000,2026,9999357281,9999353085,761
docs/inst_test/instancias/n_1000_1,3000,15,10,100,0.3000,42,9999887078,9999883475,699
docs/inst_test/instancias/n_1000_1,3000,15,10,100,0.3000,123,9999416651,9999413507,715
docs/inst_test/instancias/n_1000_1,3000,15,10,100,0.3000,2026,9999887007,9999883468,666
docs/inst_test/instancias/n_1000_1,3000,15,10,200,0.1000,42,9999297471,9999292890,910
docs/inst_test/instancias/n_1000_1,3000,15,10,200,0.1000,123,9998827353,9998822863,927
docs/inst_test/instancias/n_1000_1,3000,15,10,200,0.2000,42,9998827387,9998822899,878
docs/inst_test/instancias/n_1000_1,3000,15,10,200,0.1000,2026,9995297202,9995292594,941
docs/inst_test/instancias/n_1000_1,3000,15,10,200,0.2000,123,9998357187,9998353072,880
docs/inst_test/instancias/n_1000_1,3000,15,10,200,0.2000,2026,9999357281,9999353085,847
docs/inst_test/instancias/n_1000_1,3000,15,10,200,0.3000,42,9999887078,9999883475,830
docs/inst_test/instancias/n_1000_1,3000,15,10,200,0.3000,123,9999416581,9999413709,763
docs/inst_test/instancias/n_1000_1,3000,15,10,200,0.3000,2026,9999887007,9999883468,719
docs/inst_test/instancias/n_1000_1,3000,15,15,50,0.1000,123,9999827385,9999822878,798
docs/inst_test/instancias/n_1000_1,3000,15,15,50,0.2000,123,9999887035,9999883564,676
docs/inst_test/instancias/n_1000_1,3000,15,15,50,0.2000,42,9999357290,9999353138,792
docs/inst_test/instancias/n_1000_1,3000,15,15,50,0.1000,42,9999297486,9999292958,1004
docs/inst_test/instancias/n_1000_1,3000,15,15,50,0.1000,2026,9999827439,9999822879,979
docs/inst_test/instancias/n_1000_1,3000,15,15,50,0.3000,42,9999887078,9999883475,717
docs/inst_test/instancias/n_1000_1,3000,15,15,50,0.2000,2026,9999357281,9999353085,943
docs/inst_test/instancias/n_1000_1,3000,15,15,50,0.3000,123,9999416683,9999413583,644
docs/inst_test/instancias/n_1000_1,3000,15,15,50,0.3000,2026,9999887007,9999883468,674
docs/inst_test/instancias/n_1000_1,3000,15,15,100,0.1000,42,9999297486,9999292958,809
docs/inst_test/instancias/n_1000_1,3000,15,15,100,0.1000,123,9999827379,9999822923,806
docs/inst_test/instancias/n_1000_1,3000,15,15,100,0.2000,42,9999357284,9999353073,707
docs/inst_test/instancias/n_1000_1,3000,15,15,100,0.2000,123,9998886934,9998883463,699
docs/inst_test/instancias/n_1000_1,3000,15,15,100,0.1000,2026,9999827425,9999822843,875
docs/inst_test/instancias/n_1000_1,3000,15,15,100,0.2000,2026,9999357281,9999353085,706
docs/inst_test/instancias/n_1000_1,3000,15,15,100,0.3000,42,9999887078,9999883475,636
docs/inst_test/instancias/n_1000_1,3000,15,15,100,0.3000,123,9999416651,9999413507,577
docs/inst_test/instancias/n_1000_1,3000,15,15,100,0.3000,2026,9999887007,9999883468,680
docs/inst_test/instancias/n_1000_1,3000,15,15,200,0.1000,42,9999297471,9999292890,795
docs/inst_test/instancias/n_1000_1,3000,15,15,200,0.1000,123,9998827353,9998822863,787
docs/inst_test/instancias/n_1000_1,3000,15,15,200,0.1000,2026,9995297202,9995292594,724
docs/inst_test/instancias/n_1000_1,3000,15,15,200,0.2000,123,9998357187,9998353072,705
docs/inst_test/instancias/n_1000_1,3000,15,15,200,0.2000,42,9998827387,9998822899,796
docs/inst_test/instancias/n_1000_1,3000,15,15,200,0.2000,2026,9999357281,9999353085,721
docs/inst_test/instancias/n_1000_1,3000,15,15,200,0.3000,42,9999887078,9999883475,709
docs/inst_test/instancias/n_1000_1,3000,15,15,200,0.3000,123,9999416581,9999413709,530
docs/inst_test/instancias/n_1000_1,3000,15,15,200,0.3000,2026,9999887007,9999883468,718
docs/inst_test/instancias/n_1000_1,3000,20,7,50,0.1000,123,9999827385,9999822878,767
docs/inst_test/instancias/n_1000_1,3000,20,7,50,0.1000,42,9999297486,9999292958,811
docs/inst_test/instancias/n_1000_1,3000,20,7,50,0.2000,123,9999887035,9999883564,675
docs/inst_test/instancias/n_1000_1,3000,20,7,50,0.2000,42,9999357290,9999353138,731
docs/inst_test/instancias/n_1000_1,3000,20,7,50,0.1000,2026,9999827439,9999822879,792
docs/inst_test/instancias/n_1000_1,3000,20,7,50,0.2000,2026,9999357281,9999353085,718
docs/inst_test/instancias/n_1000_1,3000,20,7,50,0.3000,42,9999887078,9999883475,629
docs/inst_test/instancias/n_1000_1,3000,20,7,50,0.3000,123,9999416683,9999413583,641
docs/inst_test/instancias/n_1000_1,3000,20,7,50,0.3000,2026,9999887007,9999883468,638
docs/inst_test/instancias/n_1000_1,3000,20,7,100,0.2000,42,9999357284,9999353073,660
docs/inst_test/instancias/n_1000_1,3000,20,7,100,0.1000,42,9999297486,9999292958,799
docs/inst_test/instancias/n_1000_1,3000,20,7,100,0.1000,123,9999827379,9999822923,804
docs/inst_test/instancias/n_1000_1,3000,20,7,100,0.2000,123,9998886934,9998883463,691
docs/inst_test/instancias/n_1000_1,3000,20,7,100,0.1000,2026,9999827425,9999822843,816
docs/inst_test/instancias/n_1000_1,3000,20,7,100,0.2000,2026,9999357281,9999353085,713
docs/inst_test/instancias/n_1000_1,3000,20,7,100,0.3000,42,9999887078,9999883475,737
docs/inst_test/instancias/n_1000_1,3000,20,7,100,0.3000,123,9999416651,9999413507,736
docs/inst_test/instancias/n_1000_1,3000,20,7,100,0.3000,2026,9999887007,9999883468,696
docs/inst_test/instancias/n_1000_1,3000,20,7,200,0.2000,123,9998357187,9998353072,778
docs/inst_test/instancias/n_1000_1,3000,20,7,200,0.1000,42,9999297471,9999292890,929
docs/inst_test/instancias/n_1000_1,3000,20,7,200,0.1000,123,9998827353,9998822863,947
docs/inst_test/instancias/n_1000_1,3000,20,7,200,0.2000,42,9998827387,9998822899,912
docs/inst_test/instancias/n_1000_1,3000,20,7,200,0.1000,2026,9995297202,9995292594,951
docs/inst_test/instancias/n_1000_1,3000,20,7,200,0.2000,2026,9999357281,9999353085,763
docs/inst_test/instancias/n_1000_1,3000,20,7,200,0.3000,123,9999416581,9999413709,643
docs/inst_test/instancias/n_1000_1,3000,20,7,200,0.3000,42,9999887078,9999883475,753
docs/inst_test/instancias/n_1000_1,3000,20,7,200,0.3000,2026,9999887007,9999883468,709
docs/inst_test/instancias/n_1000_1,3000,20,10,50,0.1000,2026,9999827439,9999822879,740
docs/inst_test/instancias/n_1000_1,3000,20,10,50,0.1000,123,9999827385,9999822878,789
docs/inst_test/instancias/n_1000_1,3000,20,10,50,0.2000,42,9999357290,9999353138,760
docs/inst_test/instancias/n_1000_1,3000,20,10,50,0.1000,42,9999297486,9999292958,876
docs/inst_test/instancias/n_1000_1,3000,20,10,50,0.2000,123,9999887035,9999883564,694
docs/inst_test/instancias/n_1000_1,3000,20,10,50,0.2000,2026,9999357281,9999353085,728
docs/inst_test/instancias/n_1000_1,3000,20,10,50,0.3000,42,9999887078,9999883475,695
docs/inst_test/instancias/n_1000_1,3000,20,10,50,0.3000,123,9999416683,9999413583,704
docs/inst_test/instancias/n_1000_1,3000,20,10,50,0.3000,2026,9999887007,9999883468,686
docs/inst_test/instancias/n_1000_1,3000,20,10,100,0.1000,2026,9999827425,9999822843,746
docs/inst_test/instancias/n_1000_1,3000,20,10,100,0.1000,123,9999827379,9999822923,812
docs/inst_test/instancias/n_1000_1,3000,20,10,100,0.1000,42,9999297486,9999292958,842
docs/inst_test/instancias/n_1000_1,3000,20,10,100,0.2000,42,9999357284,9999353073,815
docs/inst_test/instancias/n_1000_1,3000,20,10,100,0.2000,123,9998886934,9998883463,753
docs/inst_test/instancias/n_1000_1,3000,20,10,100,0.2000,2026,9999357281,9999353085,779
docs/inst_test/instancias/n_1000_1,3000,20,10,100,0.3000,42,9999887078,9999883475,747
docs/inst_test/instancias/n_1000_1,3000,20,10,100,0.3000,123,9999416651,9999413507,720
docs/inst_test/instancias/n_1000_1,3000,20,10,100,0.3000,2026,9999887007,9999883468,1160
docs/inst_test/instancias/n_1000_1,3000,20,10,200,0.1000,42,9999297471,9999292890,1207
docs/inst_test/instancias/n_1000_1,3000,20,10,200,0.1000,123,9998827353,9998822863,1248
docs/inst_test/instancias/n_1000_1,3000,20,10,200,0.2000,42,9998827387,9998822899,1137
docs/inst_test/instancias/n_1000_1,3000,20,10,200,0.2000,123,9998357187,9998353072,1182
docs/inst_test/instancias/n_1000_1,3000,20,10,200,0.1000,2026,9995297202,9995292594,1258
docs/inst_test/instancias/n_1000_1,3000,20,10,200,0.3000,42,9999887078,9999883475,1032
docs/inst_test/instancias/n_1000_1,3000,20,10,200,0.2000,2026,9999357281,9999353085,1148
docs/inst_test/instancias/n_1000_1,3000,20,10,200,0.3000,123,9999416581,9999413709,796
docs/inst_test/instancias/n_1000_1,3000,20,10,200,0.3000,2026,9999887007,9999883468,783
docs/inst_test/instancias/n_1000_1,3000,20,15,50,0.1000,123,9999827385,9999822878,806
docs/inst_test/instancias/n_1000_1,3000,20,15,50,0.1000,42,9999297486,9999292958,932
docs/inst_test/instancias/n_1000_1,3000,20,15,50,0.2000,42,9999357290,9999353138,792
docs/inst_test/instancias/n_1000_1,3000,20,15,50,0.2000,123,9999887035,9999883564,692
docs/inst_test/instancias/n_1000_1,3000,20,15,50,0.2000,2026,9999357281,9999353085,749
docs/inst_test/instancias/n_1000_1,3000,20,15,50,0.1000,2026,9999827439,9999822879,1001
docs/inst_test/instancias/n_1000_1,3000,20,15,50,0.3000,123,9999416683,9999413583,619
docs/inst_test/instancias/n_1000_1,3000,20,15,50,0.3000,42,9999887078,9999883475,689
docs/inst_test/instancias/n_1000_1,3000,20,15,50,0.3000,2026,9999887007,9999883468,661
docs/inst_test/instancias/n_1000_1,3000,20,15,100,0.1000,42,9999297486,9999292958,780
docs/inst_test/instancias/n_1000_1,3000,20,15,100,0.1000,123,9999827379,9999822923,768
docs/inst_test/instancias/n_1000_1,3000,20,15,100,0.2000,123,9998886934,9998883463,681
docs/inst_test/instancias/n_1000_1,3000,20,15,100,0.1000,2026,9999827425,9999822843,815
docs/inst_test/instancias/n_1000_1,3000,20,15,100,0.2000,42,9999357284,9999353073,762
docs/inst_test/instancias/n_1000_1,3000,20,15,100,0.2000,2026,9999357281,9999353085,810
docs/inst_test/instancias/n_1000_1,3000,20,15,100,0.3000,42,9999887078,9999883475,809
docs/inst_test/instancias/n_1000_1,3000,20,15,100,0.3000,123,9999416651,9999413507,820
docs/inst_test/instancias/n_1000_1,3000,20,15,100,0.3000,2026,9999887007,9999883468,895
docs/inst_test/instancias/n_1000_1,3000,20,15,200,0.1000,2026,9995297202,9995292594,935
docs/inst_test/instancias/n_1000_1,3000,20,15,200,0.1000,42,9999297471,9999292890,1062
docs/inst_test/instancias/n_1000_1,3000,20,15,200,0.1000,123,9998827353,9998822863,993
docs/inst_test/instancias/n_1000_1,3000,20,15,200,0.2000,42,9998827387,9998822899,959
docs/inst_test/instancias/n_1000_1,3000,20,15,200,0.3000,42,9999887078,9999883475,680
docs/inst_test/instancias/n_1000_1,3000,20,15,200,0.2000,2026,9999357281,9999353085,864
docs/inst_test/instancias/n_1000_1,3000,20,15,200,0.2000,123,9998357187,9998353072,873
docs/inst_test/instancias/n_1000_1,3000,20,15,200,0.3000,123,9999416581,9999413709,595
docs/inst_test/instancias/n_1000_1,3000,20,15,200,0.3000,2026,9999887007,9999883468,829
docs/inst_test/instancias/n_1000_1,5000,10,7,50,0.1000,2026,9999827456,9999822874,1521
docs/inst_test/instancias/n_1000_1,5000,10,7,50,0.1000,123,9999827385,9999822878,1578
docs/inst_test/instancias/n_1000_1,5000,10,7,50,0.1000,42,9999297486,9999292958,1613
docs/inst_test/instancias/n_1000_1,5000,10,7,50,0.2000,123,9999887037,9999883551,1368
docs/inst_test/instancias/n_1000_1,5000,10,7,50,0.2000,42,9999357290,9999353138,1380
docs/inst_test/instancias/n_1000_1,5000,10,7,50,0.2000,2026,9999357281,9999353085,1375
docs/inst_test/instancias/n_1000_1,5000,10,7,50,0.3000,42,9999887108,9999883411,1291
docs/inst_test/instancias/n_1000_1,5000,10,7,50,0.3000,123,9999416683,9999413583,1089
docs/inst_test/instancias/n_1000_1,5000,10,7,50,0.3000,2026,9999887095,9999883355,1256
docs/inst_test/instancias/n_1000_1,5000,10,7,100,0.2000,42,9999357290,9999353138,1225
docs/inst_test/instancias/n_1000_1,5000,10,7,100,0.2000,123,9998886934,9998883463,1280
docs/inst_test/instancias/n_1000_1,5000,10,7,100,0.2000,2026,9999357281,9999353085,1359
docs/inst_test/instancias/n_1000_1,5000,10,7,100,0.1000,2026,9999827425,9999822843,1694
docs/inst_test/instancias/n_1000_1,5000,10,7,100,0.1000,123,9999827385,9999822878,1714
docs/inst_test/instancias/n_1000_1,5000,10,7,100,0.1000,42,9999297486,9999292958,1729
docs/inst_test/instancias/n_1000_1,5000,10,7,100,0.3000,42,9999887078,9999883475,1519
docs/inst_test/instancias/n_1000_1,5000,10,7,100,0.3000,123,9999416683,9999413583,1304
docs/inst_test/instancias/n_1000_1,5000,10,7,100,0.3000,2026,9999887007,9999883468,1418
docs/inst_test/instancias/n_1000_1,5000,10,7,200,0.1000,123,9999827379,9999822923,1395
docs/inst_test/instancias/n_1000_1,5000,10,7,200,0.1000,42,9999297486,9999292958,1662
docs/inst_test/instancias/n_1000_1,5000,10,7,200,0.2000,123,9998886934,9998883463,1239
docs/inst_test/instancias/n_1000_1,5000,10,7,200,0.2000,42,9998827387,9998822899,1307
docs/inst_test/instancias/n_1000_1,5000,10,7,200,0.2000,2026,9999357281,9999353085,1249
docs/inst_test/instancias/n_1000_1,5000,10,7,200,0.1000,2026,9999827425,9999822843,1370
docs/inst_test/instancias/n_1000_1,5000,10,7,200,0.3000,42,9999887078,9999883475,1029
docs/inst_test/instancias/n_1000_1,5000,10,7,200,0.3000,123,9999416651,9999413507,1069
docs/inst_test/instancias/n_1000_1,5000,10,7,200,0.3000,2026,9999887007,9999883468,1249
docs/inst_test/instancias/n_1000_1,5000,10,10,50,0.1000,123,9999827385,9999822878,1238
docs/inst_test/instancias/n_1000_1,5000,10,10,50,0.2000,123,9999887037,9999883551,1299
docs/inst_test/instancias/n_1000_1,5000,10,10,50,0.2000,42,9999357290,9999353138,1357
docs/inst_test/instancias/n_1000_1,5000,10,10,50,0.1000,42,9999297486,9999292958,1510
docs/inst_test/instancias/n_1000_1,5000,10,10,50,0.1000,2026,9999827456,9999822874,1640
docs/inst_test/instancias/n_1000_1,5000,10,10,50,0.2000,2026,9999357281,9999353085,1232
docs/inst_test/instancias/n_1000_1,5000,10,10,50,0.3000,42,9999887108,9999883411,1116
docs/inst_test/instancias/n_1000_1,5000,10,10,50,0.3000,123,9999416683,9999413583,1392
docs/inst_test/instancias/n_1000_1,5000,10,10,50,0.3000,2026,9999887095,9999883355,1439
docs/inst_test/instancias/n_1000_1,5000,10,10,100,0.1000,123,9999827385,9999822878,1535
docs/inst_test/instancias/n_1000_1,5000,10,10,100,0.1000,42,9999297486,9999292958,1637
docs/inst_test/instancias/n_1000_1,5000,10,10,100,0.1000,2026,9999827425,9999822843,1589
docs/inst_test/instancias/n_1000_1,5000,10,10,100,0.2000,123,9998886934,9998883463,1369
docs/inst_test/instancias/n_1000_1,5000,10,10,100,0.2000,42,9999357290,9999353138,1574
docs/inst_test/instancias/n_1000_1,5000,10,10,100,0.2000,2026,9999357281,9999353085,1459
docs/inst_test/instancias/n_1000_1,5000,10,10,100,0.3000,42,9999887078,9999883475,1149
docs/inst_test/instancias/n_1000_1,5000,10,10,100,0.3000,123,9999416683,9999413583,1216
docs/inst_test/instancias/n_1000_1,5000,10,10,100,0.3000,2026,9999887007,9999883468,1246
docs/inst_test/instancias/n_1000_1,5000,10,10,200,0.1000,123,9999827379,9999822923,1412
docs/inst_test/instancias/n_1000_1,5000,10,10,200,0.1000,42,9999297486,9999292958,1575
docs/inst_test/instancias/n_1000_1,5000,10,10,200,0.1000,2026,9999827425,9999822843,1545
docs/inst_test/instancias/n_1000_1,5000,10,10,200,0.2000,42,9998827387,9998822899,1501
docs/inst_test/instancias/n_1000_1,5000,10,10,200,0.2000,123,9998886934,9998883463,1528
docs/inst_test/instancias/n_1000_1,5000,10,10,200,0.2000,2026,9999357281,9999353085,1322
docs/inst_test/instancias/n_1000_1,5000,10,10,200,0.3000,42,9999887078,9999883475,1186
docs/inst_test/instancias/n_1000_1,5000,10,10,200,0.3000,123,9999416651,9999413507,1218
docs/inst_test/instancias/n_1000_1,5000,10,10,200,0.3000,2026,9999887007,9999883468,1279
docs/inst_test/instancias/n_1000_1,5000,10,15,50,0.1000,42,9999297486,9999292958,1441
docs/inst_test/instancias/n_1000_1,5000,10,15,50,0.2000,42,9999357290,9999353138,1247
docs/inst_test/instancias/n_1000_1,5000,10,15,50,0.1000,123,9999827385,9999822878,1485
docs/inst_test/instancias/n_1000_1,5000,10,15,50,0.1000,2026,9999827456,9999822874,1514
docs/inst_test/instancias/n_1000_1,5000,10,15,50,0.2000,123,9999887037,9999883551,1297
docs/inst_test/instancias/n_1000_1,5000,10,15,50,0.3000,42,9999887108,9999883411,1179
docs/inst_test/instancias/n_1000_1,5000,10,15,50,0.2000,2026,9999357281,9999353085,1629
docs/inst_test/instancias/n_1000_1,5000,10,15,50,0.3000,123,9999416683,9999413583,1116
docs/inst_test/instancias/n_1000_1,5000,10,15,50,0.3000,2026,9999887095,9999883355,1229
docs/inst_test/instancias/n_1000_1,5000,10,15,100,0.1000,123,9999827385,9999822878,1393
docs/inst_test/instancias/n_1000_1,5000,10,15,100,0.1000,2026,9999827425,9999822843,1446
docs/inst_test/instancias/n_1000_1,5000,10,15,100,0.1000,42,9999297486,9999292958,1645
docs/inst_test/instancias/n_1000_1,5000,10,15,100,0.2000,42,9999357290,9999353138,1485
docs/inst_test/instancias/n_1000_1,5000,10,15,100,0.2000,123,9998886934,9998883463,1224
docs/inst_test/instancias/n_1000_1,5000,10,15,100,0.2000,2026,9999357281,9999353085,1356
docs/inst_test/instancias/n_1000_1,5000,10,15,100,0.3000,42,9999887078,9999883475,1336
docs/inst_test/instancias/n_1000_1,5000,10,15,100,0.3000,123,9999416683,9999413583,997
docs/inst_test/instancias/n_1000_1,5000,10,15,100,0.3000,2026,9999887007,9999883468,1245
docs/inst_test/instancias/n_1000_1,5000,10,15,200,0.1000,2026,9999827425,9999822843,1353
docs/inst_test/instancias/n_1000_1,5000,10,15,200,0.1000,42,9999297486,9999292958,1486
docs/inst_test/instancias/n_1000_1,5000,10,15,200,0.2000,42,9998827387,9998822899,1389
docs/inst_test/instancias/n_1000_1,5000,10,15,200,0.1000,123,9999827379,9999822923,1576
docs/inst_test/instancias/n_1000_1,5000,10,15,200,0.2000,123,9998886934,9998883463,1342
docs/inst_test/instancias/n_1000_1,5000,10,15,200,0.3000,42,9999887078,9999883475,1225
docs/inst_test/instancias/n_1000_1,5000,10,15,200,0.2000,2026,9999357281,9999353085,1371
docs/inst_test/instancias/n_1000_1,5000,10,15,200,0.3000,123,9999416651,9999413507,1107
docs/inst_test/instancias/n_1000_1,5000,10,15,200,0.3000,2026,9999887007,9999883468,1182
docs/inst_test/instancias/n_1000_1,5000,15,7,50,0.1000,123,9999827385,9999822878,1464
docs/inst_test/instancias/n_1000_1,5000,15,7,50,0.2000,123,9999887037,9999883551,1205
docs/inst_test/instancias/n_1000_1,5000,15,7,50,0.1000,42,9999297486,9999292958,1499
docs/inst_test/instancias/n_1000_1,5000,15,7,50,0.1000,2026,9999827456,9999822874,1402
docs/inst_test/instancias/n_1000_1,5000,15,7,50,0.2000,42,9999357290,9999353138,1346
docs/inst_test/instancias/n_1000_1,5000,15,7,50,0.2000,2026,9999357281,9999353085,1358
docs/inst_test/instancias/n_1000_1,5000,15,7,50,0.3000,42,9999887108,9999883411,1284
docs/inst_test/instancias/n_1000_1,5000,15,7,50,0.3000,123,9999416683,9999413583,1255
docs/inst_test/instancias/n_1000_1,5000,15,7,50,0.3000,2026,9999887095,9999883355,1269
docs/inst_test/instancias/n_1000_1,5000,15,7,100,0.1000,2026,9999827425,9999822843,1374
docs/inst_test/instancias/n_1000_1,5000,15,7,100,0.2000,42,9999357290,9999353138,1386
docs/inst_test/instancias/n_1000_1,5000,15,7,100,0.1000,123,9999827385,9999822878,1446
docs/inst_test/instancias/n_1000_1,5000,15,7,100,0.2000,123,9998886934,9998883463,1279
docs/inst_test/instancias/n_1000_1,5000,15,7,100,0.1000,42,9999297486,9999292958,1671
docs/inst_test/instancias/n_1000_1,5000,15,7,100,0.2000,2026,9999357281,9999353085,1233
docs/inst_test/instancias/n_1000_1,5000,15,7,100,0.3000,42,9999887078,9999883475,1131
docs/inst_test/instancias/n_1000_1,5000,15,7,100,0.3000,123,9999416683,9999413583,1093
docs/inst_test/instancias/n_1000_1,5000,15,7,100,0.3000,2026,9999887007,9999883468,1160
docs/inst_test/instancias/n_1000_1,5000,15,7,200,0.1000,123,9999827379,9999822923,1216
docs/inst_test/instancias/n_1000_1,5000,15,7,200,0.1000,42,9999297486,9999292958,1381
docs/inst_test/instancias/n_1000_1,5000,15,7,200,0.1000,2026,9999827425,9999822843,1346
docs/inst_test/instancias/n_1000_1,5000,15,7,200,0.2000,123,9998886934,9998883463,1121
docs/inst_test/instancias/n_1000_1,5000,15,7,200,0.2000,42,9998827387,9998822899,1240
docs/inst_test/instancias/n_1000_1,5000,15,7,200,0.2000,2026,9999357281,9999353085,1194
docs/inst_test/instancias/n_1000_1,5000,15,7,200,0.3000,42,9999887078,9999883475,1173
docs/inst_test/instancias/n_1000_1,5000,15,7,200,0.3000,123,9999416651,9999413507,988
docs/inst_test/instancias/n_1000_1,5000,15,7,200,0.3000,2026,9999887007,9999883468,1146
docs/inst_test/instancias/n_1000_1,5000,15,10,50,0.1000,42,9999297486,9999292958,1443
docs/inst_test/instancias/n_1000_1,5000,15,10,50,0.1000,123,9999827385,9999822878,1372
docs/inst_test/instancias/n_1000_1,5000,15,10,50,0.1000,2026,9999827456,9999822874,1388
docs/inst_test/instancias/n_1000_1,5000,15,10,50,0.2000,42,9999357290,9999353138,1358
docs/inst_test/instancias/n_1000_1,5000,15,10,50,0.2000,123,9999887037,9999883551,1177
docs/inst_test/instancias/n_1000_1,5000,15,10,50,0.3000,42,9999887108,9999883411,1136
docs/inst_test/instancias/n_1000_1,5000,15,10,50,0.2000,2026,9999357281,9999353085,1227
docs/inst_test/instancias/n_1000_1,5000,15,10,50,0.3000,123,9999416683,9999413583,1082
docs/inst_test/instancias/n_1000_1,5000,15,10,50,0.3000,2026,9999887095,9999883355,1222
docs/inst_test/instancias/n_1000_1,5000,15,10,100,0.1000,123,9999827385,9999822878,1436
docs/inst_test/instancias/n_1000_1,5000,15,10,100,0.2000,42,9999357290,9999353138,1356
docs/inst_test/instancias/n_1000_1,5000,15,10,100,0.1000,2026,9999827425,9999822843,1450
docs/inst_test/instancias/n_1000_1,5000,15,10,100,0.1000,42,9999297486,9999292958,1559
docs/inst_test/instancias/n_1000_1,5000,15,10,100,0.2000,123,9998886934,9998883463,1298
docs/inst_test/instancias/n_1000_1,5000,15,10,100,0.2000,2026,9999357281,9999353085,1374
docs/inst_test/instancias/n_1000_1,5000,15,10,100,0.3000,42,9999887078,9999883475,1252
docs/inst_test/instancias/n_1000_1,5000,15,10,100,0.3000,123,9999416683,9999413583,1158
docs/inst_test/instancias/n_1000_1,5000,15,10,100,0.3000,2026,9999887007,9999883468,1214
docs/inst_test/instancias/n_1000_1,5000,15,10,200,0.1000,123,9999827379,9999822923,1405
docs/inst_test/instancias/n_1000_1,5000,15,10,200,0.1000,42,9999297486,9999292958,1463
docs/inst_test/instancias/n_1000_1,5000,15,10,200,0.2000,42,9998827387,9998822899,1209
docs/inst_test/instancias/n_1000_1,5000,15,10,200,0.1000,2026,9999827425,9999822843,1505
docs/inst_test/instancias/n_1000_1,5000,15,10,200,0.2000,123,9998886934,9998883463,1213
docs/inst_test/instancias/n_1000_1,5000,15,10,200,0.2000,2026,9999357281,9999353085,1267
docs/inst_test/instancias/n_1000_1,5000,15,10,200,0.3000,42,9999887078,9999883475,1153
docs/inst_test/instancias/n_1000_1,5000,15,10,200,0.3000,123,9999416651,9999413507,1024
docs/inst_test/instancias/n_1000_1,5000,15,10,200,0.3000,2026,9999887007,9999883468,1176
docs/inst_test/instancias/n_1000_1,5000,15,15,50,0.1000,123,9999827385,9999822878,1287
docs/inst_test/instancias/n_1000_1,5000,15,15,50,0.2000,42,9999357290,9999353138,1217
docs/inst_test/instancias/n_1000_1,5000,15,15,50,0.2000,123,9999887037,9999883551,1152
docs/inst_test/instancias/n_1000_1,5000,15,15,50,0.1000,42,9999297486,9999292958,1454
docs/inst_test/instancias/n_1000_1,5000,15,15,50,0.1000,2026,9999827456,9999822874,1520
docs/inst_test/instancias/n_1000_1,5000,15,15,50,0.2000,2026,9999357281,9999353085,1131
docs/inst_test/instancias/n_1000_1,5000,15,15,50,0.3000,42,9999887108,9999883411,1123
docs/inst_test/instancias/n_1000_1,5000,15,15,50,0.3000,123,9999416683,9999413583,1076
docs/inst_test/instancias/n_1000_1,5000,15,15,50,0.3000,2026,9999887095,9999883355,1063
docs/inst_test/instancias/n_1000_1,5000,15,15,100,0.1000,123,9999827385,9999822878,1290
docs/inst_test/instancias/n_1000_1,5000,15,15,100,0.1000,42,9999297486,9999292958,1404
docs/inst_test/instancias/n_1000_1,5000,15,15,100,0.1000,2026,9999827425,9999822843,1409
docs/inst_test/instancias/n_1000_1,5000,15,15,100,0.2000,42,9999357290,9999353138,1251
docs/inst_test/instancias/n_1000_1,5000,15,15,100,0.2000,123,9998886934,9998883463,1196
docs/inst_test/instancias/n_1000_1,5000,15,15,100,0.2000,2026,9999357281,9999353085,1200
docs/inst_test/instancias/n_1000_1,5000,15,15,100,0.3000,42,9999887078,9999883475,1100
docs/inst_test/instancias/n_1000_1,5000,15,15,100,0.3000,123,9999416683,9999413583,1075
docs/inst_test/instancias/n_1000_1,5000,15,15,100,0.3000,2026,9999887007,9999883468,1180
docs/inst_test/instancias/n_1000_1,5000,15,15,200,0.1000,123,9999827379,9999822923,1186
docs/inst_test/instancias/n_1000_1,5000,15,15,200,0.1000,42,9999297486,9999292958,1401
docs/inst_test/instancias/n_1000_1,5000,15,15,200,0.2000,123,9998886934,9998883463,1203
docs/inst_test/instancias/n_1000_1,5000,15,15,200,0.1000,2026,9999827425,9999822843,1398
docs/inst_test/instancias/n_1000_1,5000,15,15,200,0.2000,42,9998827387,9998822899,1417
docs/inst_test/instancias/n_1000_1,5000,15,15,200,0.3000,42,9999887078,9999883475,1092
docs/inst_test/instancias/n_1000_1,5000,15,15,200,0.2000,2026,9999357281,9999353085,1244
docs/inst_test/instancias/n_1000_1,5000,15,15,200,0.3000,123,9999416651,9999413507,1106
docs/inst_test/instancias/n_1000_1,5000,15,15,200,0.3000,2026,9999887007,9999883468,1261
docs/inst_test/instancias/n_1000_1,5000,20,7,50,0.1000,42,9999297486,9999292958,1507
docs/inst_test/instancias/n_1000_1,5000,20,7,50,0.2000,42,9999357290,9999353138,1369
docs/inst_test/instancias/n_1000_1,5000,20,7,50,0.1000,123,9999827385,9999822878,1457
docs/inst_test/instancias/n_1000_1,5000,20,7,50,0.1000,2026,9999827456,9999822874,1511
docs/inst_test/instancias/n_1000_1,5000,20,7,50,0.2000,123,9999887037,9999883551,1292
docs/inst_test/instancias/n_1000_1,5000,20,7,50,0.2000,2026,9999357281,9999353085,1405
docs/inst_test/instancias/n_1000_1,5000,20,7,50,0.3000,42,9999887108,9999883411,1229
docs/inst_test/instancias/n_1000_1,5000,20,7,50,0.3000,123,9999416683,9999413583,1225
docs/inst_test/instancias/n_1000_1,5000,20,7,50,0.3000,2026,9999887095,9999883355,1299
docs/inst_test/instancias/n_1000_1,5000,20,7,100,0.2000,42,9999357290,9999353138,1330
docs/inst_test/instancias/n_1000_1,5000,20,7,100,0.1000,123,9999827385,9999822878,1487
docs/inst_test/instancias/n_1000_1,5000,20,7,100,0.1000,42,9999297486,9999292958,1574
docs/inst_test/instancias/n_1000_1,5000,20,7,100,0.2000,123,9998886934,9998883463,1370
docs/inst_test/instancias/n_1000_1,5000,20,7,100,0.1000,2026,9999827425,9999822843,1543
docs/inst_test/instancias/n_1000_1,5000,20,7,100,0.2000,2026,9999357281,9999353085,1444
docs/inst_test/instancias/n_1000_1,5000,20,7,100,0.3000,42,9999887078,9999883475,1340
docs/inst_test/instancias/n_1000_1,5000,20,7,100,0.3000,123,9999416683,9999413583,1174
docs/inst_test/instancias/n_1000_1,5000,20,7,100,0.3000,2026,9999887007,9999883468,1222
docs/inst_test/instancias/n_1000_1,5000,20,7,200,0.1000,123,9999827379,9999822923,1294
docs/inst_test/instancias/n_1000_1,5000,20,7,200,0.2000,42,9998827387,9998822899,1397
docs/inst_test/instancias/n_1000_1,5000,20,7,200,0.1000,42,9999297486,9999292958,1526
docs/inst_test/instancias/n_1000_1,5000,20,7,200,0.1000,2026,9999827425,9999822843,1450
docs/inst_test/instancias/n_1000_1,5000,20,7,200,0.2000,123,9998886934,9998883463,1381
docs/inst_test/instancias/n_1000_1,5000,20,7,200,0.2000,2026,9999357281,9999353085,1306
docs/inst_test/instancias/n_1000_1,5000,20,7,200,0.3000,42,9999887078,9999883475,1126
docs/inst_test/instancias/n_1000_1,5000,20,7,200,0.3000,123,9999416651,9999413507,1282
docs/inst_test/instancias/n_1000_1,5000,20,7,200,0.3000,2026,9999887007,9999883468,1129
docs/inst_test/instancias/n_1000_1,5000,20,10,50,0.1000,123,9999827385,9999822878,1313
docs/inst_test/instancias/n_1000_1,5000,20,10,50,0.1000,2026,9999827456,9999822874,1349
docs/inst_test/instancias/n_1000_1,5000,20,10,50,0.1000,42,9999297486,9999292958,1400
docs/inst_test/instancias/n_1000_1,5000,20,10,50,0.2000,123,9999887037,9999883551,1134
docs/inst_test/instancias/n_1000_1,5000,20,10,50,0.2000,42,9999357290,9999353138,1387
docs/inst_test/instancias/n_1000_1,5000,20,10,50,0.2000,2026,9999357281,9999353085,1603
docs/inst_test/instancias/n_1000_1,5000,20,10,50,0.3000,123,9999416683,9999413583,1527
docs/inst_test/instancias/n_1000_1,5000,20,10,50,0.3000,42,9999887108,9999883411,1692
docs/inst_test/instancias/n_1000_1,5000,20,10,50,0.3000,2026,9999887095,9999883355,1719
docs/inst_test/instancias/n_1000_1,5000,20,10,100,0.1000,123,9999827385,9999822878,1775
docs/inst_test/instancias/n_1000_1,5000,20,10,100,0.1000,42,9999297486,9999292958,2015
docs/inst_test/instancias/n_1000_1,5000,20,10,100,0.2000,42,9999357290,9999353138,1815
docs/inst_test/instancias/n_1000_1,5000,20,10,100,0.2000,123,9998886934,9998883463,1389
docs/inst_test/instancias/n_1000_1,5000,20,10,100,0.1000,2026,9999827425,9999822843,2052
docs/inst_test/instancias/n_1000_1,5000,20,10,100,0.2000,2026,9999357281,9999353085,1191
docs/inst_test/instancias/n_1000_1,5000,20,10,100,0.3000,42,9999887078,9999883475,1131
docs/inst_test/instancias/n_1000_1,5000,20,10,100,0.3000,123,9999416683,9999413583,1015
docs/inst_test/instancias/n_1000_1,5000,20,10,100,0.3000,2026,9999887007,9999883468,1139
docs/inst_test/instancias/n_1000_1,5000,20,10,200,0.1000,123,9999827379,9999822923,1325
docs/inst_test/instancias/n_1000_1,5000,20,10,200,0.1000,42,9999297486,9999292958,1445
docs/inst_test/instancias/n_1000_1,5000,20,10,200,0.2000,123,9998886934,9998883463,1218
docs/inst_test/instancias/n_1000_1,5000,20,10,200,0.2000,42,9998827387,9998822899,1350
docs/inst_test/instancias/n_1000_1,5000,20,10,200,0.1000,2026,9999827425,9999822843,1482
docs/inst_test/instancias/n_1000_1,5000,20,10,200,0.2000,2026,9999357281,9999353085,1303
docs/inst_test/instancias/n_1000_1,5000,20,10,200,0.3000,42,9999887078,9999883475,1148
docs/inst_test/instancias/n_1000_1,5000,20,10,200,0.3000,123,9999416651,9999413507,983
docs/inst_test/instancias/n_1000_1,5000,20,10,200,0.3000,2026,9999887007,9999883468,1111
docs/inst_test/instancias/n_1000_1,5000,20,15,50,0.2000,123,9999887037,9999883551,1122
docs/inst_test/instancias/n_1000_1,5000,20,15,50,0.1000,42,9999297486,9999292958,1375
docs/inst_test/instancias/n_1000_1,5000,20,15,50,0.1000,123,9999827385,9999822878,1384
docs/inst_test/instancias/n_1000_1,5000,20,15,50,0.1000,2026,9999827456,9999822874,1411
docs/inst_test/instancias/n_1000_1,5000,20,15,50,0.2000,42,9999357290,9999353138,1410
docs/inst_test/instancias/n_1000_1,5000,20,15,50,0.2000,2026,9999357281,9999353085,1222
docs/inst_test/instancias/n_1000_1,5000,20,15,50,0.3000,42,9999887108,9999883411,1200
docs/inst_test/instancias/n_1000_1,5000,20,15,50,0.3000,123,9999416683,9999413583,1232
docs/inst_test/instancias/n_1000_1,5000,20,15,50,0.3000,2026,9999887095,9999883355,1233
docs/inst_test/instancias/n_1000_1,5000,20,15,100,0.2000,123,9998886934,9998883463,1233
docs/inst_test/instancias/n_1000_1,5000,20,15,100,0.1000,123,9999827385,9999822878,1375
docs/inst_test/instancias/n_1000_1,5000,20,15,100,0.2000,42,9999357290,9999353138,1250
docs/inst_test/instancias/n_1000_1,5000,20,15,100,0.1000,42,9999297486,9999292958,1465
docs/inst_test/instancias/n_1000_1,5000,20,15,100,0.2000,2026,9999357281,9999353085,1431
docs/inst_test/instancias/n_1000_1,5000,20,15,100,0.1000,2026,9999827425,9999822843,1588
docs/inst_test/instancias/n_1000_1,5000,20,15,100,0.3000,123,9999416683,9999413583,1200
docs/inst_test/instancias/n_1000_1,5000,20,15,100,0.3000,42,9999887078,9999883475,1473
docs/inst_test/instancias/n_1000_1,5000,20,15,100,0.3000,2026,9999887007,9999883468,1297
docs/inst_test/instancias/n_1000_1,5000,20,15,200,0.1000,123,9999827379,9999822923,1494
docs/inst_test/instancias/n_1000_1,5000,20,15,200,0.1000,42,9999297486,9999292958,1561
docs/inst_test/instancias/n_1000_1,5000,20,15,200,0.2000,42,9998827387,9998822899,1378
docs/inst_test/instancias/n_1000_1,5000,20,15,200,0.2000,123,9998886934,9998883463,1356
docs/inst_test/instancias/n_1000_1,5000,20,15,200,0.1000,2026,9999827425,9999822843,1773
docs/inst_test/instancias/n_1000_10,1000,10,7,50,0.1000,42,9980504397,9980493688,272
docs/inst_test/instancias/n_1000_10,1000,10,7,50,0.1000,123,9980504397,9980493688,281
docs/inst_test/instancias/n_1000_10,1000,10,7,50,0.1000,2026,9980504650,9980493853,265
docs/inst_test/instancias/n_1000_10,1000,10,7,50,0.2000,42,9980504397,9980493688,254
docs/inst_test/instancias/n_1000_1,5000,20,15,200,0.3000,42,9999887078,9999883475,1124
docs/inst_test/instancias/n_1000_10,1000,10,7,50,0.2000,123,9980504397,9980493688,296
docs/inst_test/instancias/n_1000_10,1000,10,7,50,0.3000,42,9980504397,9980493688,279
docs/inst_test/instancias/n_1000_1,5000,20,15,200,0.2000,2026,9999357281,9999353085,1312
docs/inst_test/instancias/n_1000_10,1000,10,7,50,0.2000,2026,9980504397,9980493688,311
docs/inst_test/instancias/n_1000_1,5000,20,15,200,0.3000,123,9999416651,9999413507,967
docs/inst_test/instancias/n_1000_10,1000,10,7,50,0.3000,123,9980504397,9980493688,232
docs/inst_test/instancias/n_1000_10,1000,10,7,50,0.3000,2026,9980504397,9980493688,300
docs/inst_test/instancias/n_1000_10,1000,10,7,100,0.1000,42,9980504397,9980493688,309
docs/inst_test/instancias/n_1000_10,1000,10,7,100,0.1000,123,9980504397,9980493688,291
docs/inst_test/instancias/n_1000_10,1000,10,7,100,0.1000,2026,9980504397,9980493688,293
docs/inst_test/instancias/n_1000_10,1000,10,7,100,0.2000,123,9980504397,9980493688,273
docs/inst_test/instancias/n_1000_10,1000,10,7,100,0.2000,2026,9980504397,9980493688,287
docs/inst_test/instancias/n_1000_10,1000,10,7,100,0.2000,42,9980504397,9980493688,339
docs/inst_test/instancias/n_1000_1,5000,20,15,200,0.3000,2026,9999887007,9999883468,1147
docs/inst_test/instancias/n_1000_10,1000,10,7,100,0.3000,42,9980504397,9980493688,297
docs/inst_test/instancias/n_1000_10,1000,10,7,100,0.3000,123,9980504397,9980493688,287
docs/inst_test/instancias/n_1000_10,1000,10,7,100,0.3000,2026,9980504397,9980493688,288
docs/inst_test/instancias/n_1000_10,1000,10,7,200,0.1000,42,9980504397,9980493688,307
docs/inst_test/instancias/n_1000_10,1000,10,7,200,0.1000,123,9980504397,9980493688,344
docs/inst_test/instancias/n_1000_10,1000,10,7,200,0.1000,2026,9980504397,9980493688,336
docs/inst_test/instancias/n_1000_10,1000,10,7,200,0.2000,42,9980504397,9980493688,318
docs/inst_test/instancias/n_1000_10,1000,10,7,200,0.2000,123,9980504397,9980493688,292
docs/inst_test/instancias/n_1000_10,1000,10,7,200,0.3000,42,9980504397,9980493688,255
docs/inst_test/instancias/n_1000_10,1000,10,7,200,0.2000,2026,9980504397,9980493688,310
docs/inst_test/instancias/n_1000_10,1000,10,7,200,0.3000,123,9980504397,9980493688,252
docs/inst_test/instancias/n_1000_10,1000,10,7,200,0.3000,2026,9980504397,9980493688,287
docs/inst_test/instancias/n_1000_10,1000,10,10,50,0.1000,42,9980504397,9980493688,291
docs/inst_test/instancias/n_1000_10,1000,10,10,50,0.1000,123,9980504397,9980493688,295
docs/inst_test/instancias/n_1000_10,1000,10,10,50,0.1000,2026,9980504650,9980493853,295
docs/inst_test/instancias/n_1000_10,1000,10,10,50,0.2000,123,9980504397,9980493688,242
docs/inst_test/instancias/n_1000_10,1000,10,10,50,0.3000,42,9980504397,9980493688,220
docs/inst_test/instancias/n_1000_10,1000,10,10,50,0.2000,2026,9980504397,9980493688,291
docs/inst_test/instancias/n_1000_10,1000,10,10,50,0.2000,42,9980504397,9980493688,433
docs/inst_test/instancias/n_1000_10,1000,10,10,50,0.3000,123,9980504397,9980493688,275
docs/inst_test/instancias/n_1000_10,1000,10,10,50,0.3000,2026,9980504397,9980493688,276
docs/inst_test/instancias/n_1000_10,1000,10,10,100,0.1000,42,9980504397,9980493688,291
docs/inst_test/instancias/n_1000_10,1000,10,10,100,0.1000,123,9980504397,9980493688,300
docs/inst_test/instancias/n_1000_10,1000,10,10,100,0.1000,2026,9980504397,9980493688,290
docs/inst_test/instancias/n_1000_10,1000,10,10,100,0.2000,42,9980504397,9980493688,268
docs/inst_test/instancias/n_1000_10,1000,10,10,100,0.2000,123,9980504397,9980493688,292
docs/inst_test/instancias/n_1000_10,1000,10,10,100,0.2000,2026,9980504397,9980493688,298
docs/inst_test/instancias/n_1000_10,1000,10,10,100,0.3000,42,9980504397,9980493688,271
docs/inst_test/instancias/n_1000_10,1000,10,10,100,0.3000,123,9980504397,9980493688,275
docs/inst_test/instancias/n_1000_10,1000,10,10,100,0.3000,2026,9980504397,9980493688,269
docs/inst_test/instancias/n_1000_10,1000,10,10,200,0.1000,42,9980504397,9980493688,292
docs/inst_test/instancias/n_1000_10,1000,10,10,200,0.1000,123,9980504397,9980493688,278
docs/inst_test/instancias/n_1000_10,1000,10,10,200,0.1000,2026,9980504397,9980493688,319
docs/inst_test/instancias/n_1000_10,1000,10,10,200,0.2000,42,9980504397,9980493688,316
docs/inst_test/instancias/n_1000_10,1000,10,10,200,0.2000,123,9980504397,9980493688,309
docs/inst_test/instancias/n_1000_10,1000,10,10,200,0.2000,2026,9980504397,9980493688,315
docs/inst_test/instancias/n_1000_10,1000,10,10,200,0.3000,42,9980504397,9980493688,281
docs/inst_test/instancias/n_1000_10,1000,10,10,200,0.3000,123,9980504397,9980493688,275
docs/inst_test/instancias/n_1000_10,1000,10,10,200,0.3000,2026,9980504397,9980493688,285
docs/inst_test/instancias/n_1000_10,1000,10,15,50,0.1000,42,9980504397,9980493688,334
docs/inst_test/instancias/n_1000_10,1000,10,15,50,0.1000,123,9980504397,9980493688,322
docs/inst_test/instancias/n_1000_10,1000,10,15,50,0.1000,2026,9980504650,9980493853,307
docs/inst_test/instancias/n_1000_10,1000,10,15,50,0.2000,42,9980504397,9980493688,298
docs/inst_test/instancias/n_1000_10,1000,10,15,50,0.2000,123,9980504397,9980493688,293
docs/inst_test/instancias/n_1000_10,1000,10,15,50,0.2000,2026,9980504397,9980493688,316
docs/inst_test/instancias/n_1000_10,1000,10,15,50,0.3000,42,9980504397,9980493688,313
docs/inst_test/instancias/n_1000_10,1000,10,15,50,0.3000,123,9980504397,9980493688,281
docs/inst_test/instancias/n_1000_10,1000,10,15,50,0.3000,2026,9980504397,9980493688,293
docs/inst_test/instancias/n_1000_10,1000,10,15,100,0.1000,42,9980504397,9980493688,270
docs/inst_test/instancias/n_1000_10,1000,10,15,100,0.1000,123,9980504397,9980493688,295
docs/inst_test/instancias/n_1000_10,1000,10,15,100,0.1000,2026,9980504397,9980493688,317
docs/inst_test/instancias/n_1000_10,1000,10,15,100,0.2000,123,9980504397,9980493688,292
docs/inst_test/instancias/n_1000_10,1000,10,15,100,0.2000,42,9980504397,9980493688,333
docs/inst_test/instancias/n_1000_10,1000,10,15,100,0.2000,2026,9980504397,9980493688,299
docs/inst_test/instancias/n_1000_10,1000,10,15,100,0.3000,42,9980504397,9980493688,309
docs/inst_test/instancias/n_1000_10,1000,10,15,100,0.3000,2026,9980504397,9980493688,263
docs/inst_test/instancias/n_1000_10,1000,10,15,100,0.3000,123,9980504397,9980493688,308
docs/inst_test/instancias/n_1000_10,1000,10,15,200,0.1000,42,9980504397,9980493688,347
docs/inst_test/instancias/n_1000_10,1000,10,15,200,0.1000,123,9980504397,9980493688,299
docs/inst_test/instancias/n_1000_10,1000,10,15,200,0.1000,2026,9980504397,9980493688,295
docs/inst_test/instancias/n_1000_10,1000,10,15,200,0.2000,42,9980504397,9980493688,302
docs/inst_test/instancias/n_1000_10,1000,10,15,200,0.2000,2026,9980504397,9980493688,277
docs/inst_test/instancias/n_1000_10,1000,10,15,200,0.2000,123,9980504397,9980493688,306
docs/inst_test/instancias/n_1000_10,1000,10,15,200,0.3000,42,9980504397,9980493688,264
docs/inst_test/instancias/n_1000_10,1000,10,15,200,0.3000,123,9980504397,9980493688,258
docs/inst_test/instancias/n_1000_10,1000,10,15,200,0.3000,2026,9980504397,9980493688,271
docs/inst_test/instancias/n_1000_10,1000,15,7,50,0.1000,42,9980504397,9980493688,292
docs/inst_test/instancias/n_1000_10,1000,15,7,50,0.1000,123,9980504397,9980493688,289
docs/inst_test/instancias/n_1000_10,1000,15,7,50,0.2000,42,9980504397,9980493688,269
docs/inst_test/instancias/n_1000_10,1000,15,7,50,0.2000,123,9980504397,9980493688,324
docs/inst_test/instancias/n_1000_10,1000,15,7,50,0.1000,2026,9980504650,9980493853,362
docs/inst_test/instancias/n_1000_10,1000,15,7,50,0.3000,42,9980504397,9980493688,317
docs/inst_test/instancias/n_1000_10,1000,15,7,50,0.2000,2026,9980504397,9980493688,332
docs/inst_test/instancias/n_1000_10,1000,15,7,100,0.1000,123,9980504397,9980493688,222
docs/inst_test/instancias/n_1000_10,1000,15,7,50,0.3000,123,9980504397,9980493688,354
docs/inst_test/instancias/n_1000_10,1000,15,7,50,0.3000,2026,9980504397,9980493688,323
docs/inst_test/instancias/n_1000_10,1000,15,7,100,0.1000,42,9980504397,9980493688,361
docs/inst_test/instancias/n_1000_10,1000,15,7,100,0.1000,2026,9980504397,9980493688,316
docs/inst_test/instancias/n_1000_10,1000,15,7,100,0.2000,123,9980504397,9980493688,318
docs/inst_test/instancias/n_1000_10,1000,15,7,100,0.2000,42,9980504397,9980493688,345
docs/inst_test/instancias/n_1000_10,1000,15,7,100,0.2000,2026,9980504397,9980493688,334
docs/inst_test/instancias/n_1000_10,1000,15,7,100,0.3000,42,9980504397,9980493688,321
docs/inst_test/instancias/n_1000_10,1000,15,7,100,0.3000,123,9980504397,9980493688,328
docs/inst_test/instancias/n_1000_10,1000,15,7,100,0.3000,2026,9980504397,9980493688,285
docs/inst_test/instancias/n_1000_10,1000,15,7,200,0.1000,42,9980504397,9980493688,298
docs/inst_test/instancias/n_1000_10,1000,15,7,200,0.1000,123,9980504397,9980493688,306
docs/inst_test/instancias/n_1000_10,1000,15,7,200,0.1000,2026,9980504397,9980493688,295
docs/inst_test/instancias/n_1000_10,1000,15,7,200,0.2000,123,9980504397,9980493688,297
docs/inst_test/instancias/n_1000_10,1000,15,7,200,0.2000,42,9980504397,9980493688,312
docs/inst_test/instancias/n_1000_10,1000,15,7,200,0.2000,2026,9980504397,9980493688,284
docs/inst_test/instancias/n_1000_10,1000,15,7,200,0.3000,123,9980504397,9980493688,260
docs/inst_test/instancias/n_1000_10,1000,15,7,200,0.3000,42,9980504397,9980493688,298
docs/inst_test/instancias/n_1000_10,1000,15,7,200,0.3000,2026,9980504397,9980493688,267
docs/inst_test/instancias/n_1000_10,1000,15,10,50,0.1000,42,9980504397,9980493688,269
docs/inst_test/instancias/n_1000_10,1000,15,10,50,0.1000,2026,9980504650,9980493853,277
docs/inst_test/instancias/n_1000_10,1000,15,10,50,0.2000,42,9980504397,9980493688,283
docs/inst_test/instancias/n_1000_10,1000,15,10,50,0.1000,123,9980504397,9980493688,311
docs/inst_test/instancias/n_1000_10,1000,15,10,50,0.2000,2026,9980504397,9980493688,266
docs/inst_test/instancias/n_1000_10,1000,15,10,50,0.3000,42,9980504397,9980493688,279
docs/inst_test/instancias/n_1000_10,1000,15,10,50,0.3000,123,9980504397,9980493688,292
docs/inst_test/instancias/n_1000_10,1000,15,10,50,0.3000,2026,9980504397,9980493688,255
docs/inst_test/instancias/n_1000_10,1000,15,10,50,0.2000,123,9980504397,9980493688,410
docs/inst_test/instancias/n_1000_10,1000,15,10,100,0.1000,42,9980504397,9980493688,283
docs/inst_test/instancias/n_1000_10,1000,15,10,100,0.1000,123,9980504397,9980493688,280
docs/inst_test/instancias/n_1000_10,1000,15,10,100,0.1000,2026,9980504397,9980493688,295
docs/inst_test/instancias/n_1000_10,1000,15,10,100,0.2000,42,9980504397,9980493688,261
docs/inst_test/instancias/n_1000_10,1000,15,10,100,0.2000,123,9980504397,9980493688,286
docs/inst_test/instancias/n_1000_10,1000,15,10,100,0.2000,2026,9980504397,9980493688,274
docs/inst_test/instancias/n_1000_10,1000,15,10,100,0.3000,42,9980504397,9980493688,277
docs/inst_test/instancias/n_1000_10,1000,15,10,100,0.3000,123,9980504397,9980493688,292
docs/inst_test/instancias/n_1000_10,1000,15,10,100,0.3000,2026,9980504397,9980493688,277
docs/inst_test/instancias/n_1000_10,1000,15,10,200,0.1000,123,9980504397,9980493688,278
docs/inst_test/instancias/n_1000_10,1000,15,10,200,0.1000,42,9980504397,9980493688,319
docs/inst_test/instancias/n_1000_10,1000,15,10,200,0.1000,2026,9980504397,9980493688,280
docs/inst_test/instancias/n_1000_10,1000,15,10,200,0.2000,42,9980504397,9980493688,292
docs/inst_test/instancias/n_1000_10,1000,15,10,200,0.2000,123,9980504397,9980493688,268
docs/inst_test/instancias/n_1000_10,1000,15,10,200,0.2000,2026,9980504397,9980493688,292
docs/inst_test/instancias/n_1000_10,1000,15,10,200,0.3000,42,9980504397,9980493688,285
docs/inst_test/instancias/n_1000_10,1000,15,10,200,0.3000,123,9980504397,9980493688,296
docs/inst_test/instancias/n_1000_10,1000,15,10,200,0.3000,2026,9980504397,9980493688,283
docs/inst_test/instancias/n_1000_10,1000,15,15,50,0.1000,42,9980504397,9980493688,414
docs/inst_test/instancias/n_1000_10,1000,15,15,50,0.1000,123,9980504397,9980493688,420
docs/inst_test/instancias/n_1000_10,1000,15,15,50,0.1000,2026,9980504650,9980493853,435
docs/inst_test/instancias/n_1000_10,1000,15,15,50,0.2000,42,9980504397,9980493688,429
docs/inst_test/instancias/n_1000_10,1000,15,15,50,0.2000,123,9980504397,9980493688,425
docs/inst_test/instancias/n_1000_10,1000,15,15,50,0.2000,2026,9980504397,9980493688,424
docs/inst_test/instancias/n_1000_10,1000,15,15,50,0.3000,123,9980504397,9980493688,411
docs/inst_test/instancias/n_1000_10,1000,15,15,50,0.3000,2026,9980504397,9980493688,275
docs/inst_test/instancias/n_1000_10,1000,15,15,50,0.3000,42,9980504397,9980493688,457
docs/inst_test/instancias/n_1000_10,1000,15,15,100,0.1000,42,9980504397,9980493688,314
docs/inst_test/instancias/n_1000_10,1000,15,15,100,0.1000,123,9980504397,9980493688,303
docs/inst_test/instancias/n_1000_10,1000,15,15,100,0.1000,2026,9980504397,9980493688,301
docs/inst_test/instancias/n_1000_10,1000,15,15,100,0.2000,42,9980504397,9980493688,308
docs/inst_test/instancias/n_1000_10,1000,15,15,100,0.2000,123,9980504397,9980493688,277
docs/inst_test/instancias/n_1000_10,1000,15,15,100,0.2000,2026,9980504397,9980493688,307
docs/inst_test/instancias/n_1000_10,1000,15,15,100,0.3000,42,9980504397,9980493688,309
docs/inst_test/instancias/n_1000_10,1000,15,15,100,0.3000,123,9980504397,9980493688,335
docs/inst_test/instancias/n_1000_10,1000,15,15,100,0.3000,2026,9980504397,9980493688,278
docs/inst_test/instancias/n_1000_10,1000,15,15,200,0.1000,123,9980504397,9980493688,279
docs/inst_test/instancias/n_1000_10,1000,15,15,200,0.1000,2026,9980504397,9980493688,280
docs/inst_test/instancias/n_1000_10,1000,15,15,200,0.2000,42,9980504397,9980493688,286
docs/inst_test/instancias/n_1000_10,1000,15,15,200,0.1000,42,9980504397,9980493688,329
docs/inst_test/instancias/n_1000_10,1000,15,15,200,0.2000,123,9980504397,9980493688,286
docs/inst_test/instancias/n_1000_10,1000,15,15,200,0.2000,2026,9980504397,9980493688,302
docs/inst_test/instancias/n_1000_10,1000,15,15,200,0.3000,42,9980504397,9980493688,285
docs/inst_test/instancias/n_1000_10,1000,15,15,200,0.3000,123,9980504397,9980493688,293
docs/inst_test/instancias/n_1000_10,1000,15,15,200,0.3000,2026,9980504397,9980493688,290
docs/inst_test/instancias/n_1000_10,1000,20,7,50,0.1000,2026,9980504650,9980493853,304
docs/inst_test/instancias/n_1000_10,1000,20,7,50,0.1000,42,9980504397,9980493688,319
docs/inst_test/instancias/n_1000_10,1000,20,7,50,0.1000,123,9980504397,9980493688,307
docs/inst_test/instancias/n_1000_10,1000,20,7,50,0.2000,42,9980504397,9980493688,286
docs/inst_test/instancias/n_1000_10,1000,20,7,50,0.2000,2026,9980504397,9980493688,293
docs/inst_test/instancias/n_1000_10,1000,20,7,50,0.2000,123,9980504397,9980493688,317
docs/inst_test/instancias/n_1000_10,1000,20,7,50,0.3000,42,9980504397,9980493688,299
docs/inst_test/instancias/n_1000_10,1000,20,7,50,0.3000,123,9980504397,9980493688,281
docs/inst_test/instancias/n_1000_10,1000,20,7,50,0.3000,2026,9980504397,9980493688,280
docs/inst_test/instancias/n_1000_10,1000,20,7,100,0.1000,123,9980504397,9980493688,284
docs/inst_test/instancias/n_1000_10,1000,20,7,100,0.1000,42,9980504397,9980493688,299
docs/inst_test/instancias/n_1000_10,1000,20,7,100,0.1000,2026,9980504397,9980493688,294
docs/inst_test/instancias/n_1000_10,1000,20,7,100,0.2000,123,9980504397,9980493688,303
docs/inst_test/instancias/n_1000_10,1000,20,7,100,0.2000,42,9980504397,9980493688,306
docs/inst_test/instancias/n_1000_10,1000,20,7,100,0.2000,2026,9980504397,9980493688,291
docs/inst_test/instancias/n_1000_10,1000,20,7,100,0.3000,42,9980504397,9980493688,260
docs/inst_test/instancias/n_1000_10,1000,20,7,100,0.3000,123,9980504397,9980493688,270
docs/inst_test/instancias/n_1000_10,1000,20,7,200,0.1000,42,9980504397,9980493688,301
docs/inst_test/instancias/n_1000_10,1000,20,7,100,0.3000,2026,9980504397,9980493688,342
docs/inst_test/instancias/n_1000_10,1000,20,7,200,0.1000,123,9980504397,9980493688,314
docs/inst_test/instancias/n_1000_10,1000,20,7,200,0.2000,42,9980504397,9980493688,322
docs/inst_test/instancias/n_1000_10,1000,20,7,200,0.1000,2026,9980504397,9980493688,339
docs/inst_test/instancias/n_1000_10,1000,20,7,200,0.2000,123,9980504397,9980493688,358
docs/inst_test/instancias/n_1000_10,1000,20,7,200,0.3000,42,9980504397,9980493688,264
docs/inst_test/instancias/n_1000_10,1000,20,7,200,0.2000,2026,9980504397,9980493688,365
docs/inst_test/instancias/n_1000_10,1000,20,7,200,0.3000,123,9980504397,9980493688,356
docs/inst_test/instancias/n_1000_10,1000,20,7,200,0.3000,2026,9980504397,9980493688,346
docs/inst_test/instancias/n_1000_10,1000,20,10,50,0.1000,42,9980504397,9980493688,337
docs/inst_test/instancias/n_1000_10,1000,20,10,50,0.2000,123,9980504397,9980493688,279
docs/inst_test/instancias/n_1000_10,1000,20,10,50,0.2000,42,9980504397,9980493688,291
docs/inst_test/instancias/n_1000_10,1000,20,10,50,0.1000,2026,9980504650,9980493853,338
docs/inst_test/instancias/n_1000_10,1000,20,10,50,0.1000,123,9980504397,9980493688,367
docs/inst_test/instancias/n_1000_10,1000,20,10,50,0.2000,2026,9980504397,9980493688,345
docs/inst_test/instancias/n_1000_10,1000,20,10,50,0.3000,42,9980504397,9980493688,313
docs/inst_test/instancias/n_1000_10,1000,20,10,50,0.3000,2026,9980504397,9980493688,278
docs/inst_test/instancias/n_1000_10,1000,20,10,50,0.3000,123,9980504397,9980493688,313
docs/inst_test/instancias/n_1000_10,1000,20,10,100,0.1000,42,9980504397,9980493688,331
docs/inst_test/instancias/n_1000_10,1000,20,10,100,0.1000,123,9980504397,9980493688,330
docs/inst_test/instancias/n_1000_10,1000,20,10,100,0.1000,2026,9980504397,9980493688,324
docs/inst_test/instancias/n_1000_10,1000,20,10,100,0.2000,42,9980504397,9980493688,313
docs/inst_test/instancias/n_1000_10,1000,20,10,100,0.2000,123,9980504397,9980493688,300
docs/inst_test/instancias/n_1000_10,1000,20,10,100,0.2000,2026,9980504397,9980493688,294
docs/inst_test/instancias/n_1000_10,1000,20,10,100,0.3000,42,9980504397,9980493688,281
docs/inst_test/instancias/n_1000_10,1000,20,10,100,0.3000,123,9980504397,9980493688,303
docs/inst_test/instancias/n_1000_10,1000,20,10,100,0.3000,2026,9980504397,9980493688,243
docs/inst_test/instancias/n_1000_10,1000,20,10,200,0.1000,123,9980504397,9980493688,291
docs/inst_test/instancias/n_1000_10,1000,20,10,200,0.1000,42,9980504397,9980493688,314
docs/inst_test/instancias/n_1000_10,1000,20,10,200,0.1000,2026,9980504397,9980493688,326
docs/inst_test/instancias/n_1000_10,1000,20,10,200,0.2000,42,9980504397,9980493688,301
docs/inst_test/instancias/n_1000_10,1000,20,10,200,0.3000,123,9980504397,9980493688,225
docs/inst_test/instancias/n_1000_10,1000,20,10,200,0.2000,2026,9980504397,9980493688,335
docs/inst_test/instancias/n_1000_10,1000,20,10,200,0.2000,123,9980504397,9980493688,340
docs/inst_test/instancias/n_1000_10,1000,20,10,200,0.3000,42,9980504397,9980493688,329
docs/inst_test/instancias/n_1000_10,1000,20,10,200,0.3000,2026,9980504397,9980493688,325
docs/inst_test/instancias/n_1000_10,1000,20,15,50,0.1000,42,9980504397,9980493688,332
docs/inst_test/instancias/n_1000_10,1000,20,15,50,0.1000,123,9980504397,9980493688,338
docs/inst_test/instancias/n_1000_10,1000,20,15,50,0.2000,42,9980504397,9980493688,361
docs/inst_test/instancias/n_1000_10,1000,20,15,50,0.1000,2026,9980504650,9980493853,496
docs/inst_test/instancias/n_1000_10,1000,20,15,50,0.3000,42,9980504397,9980493688,388
docs/inst_test/instancias/n_1000_10,1000,20,15,50,0.2000,123,9980504397,9980493688,417
docs/inst_test/instancias/n_1000_10,1000,20,15,50,0.2000,2026,9980504397,9980493688,454
docs/inst_test/instancias/n_1000_10,1000,20,15,50,0.3000,2026,9980504397,9980493688,402
docs/inst_test/instancias/n_1000_10,1000,20,15,50,0.3000,123,9980504397,9980493688,441
docs/inst_test/instancias/n_1000_10,1000,20,15,100,0.1000,42,9980504397,9980493688,451
docs/inst_test/instancias/n_1000_10,1000,20,15,100,0.1000,123,9980504397,9980493688,328
docs/inst_test/instancias/n_1000_10,1000,20,15,100,0.1000,2026,9980504397,9980493688,295
docs/inst_test/instancias/n_1000_10,1000,20,15,100,0.2000,123,9980504397,9980493688,305
docs/inst_test/instancias/n_1000_10,1000,20,15,100,0.2000,42,9980504397,9980493688,331
docs/inst_test/instancias/n_1000_10,1000,20,15,100,0.2000,2026,9980504397,9980493688,298
docs/inst_test/instancias/n_1000_10,1000,20,15,100,0.3000,42,9980504397,9980493688,285
docs/inst_test/instancias/n_1000_10,1000,20,15,100,0.3000,123,9980504397,9980493688,297
docs/inst_test/instancias/n_1000_10,1000,20,15,100,0.3000,2026,9980504397,9980493688,262
docs/inst_test/instancias/n_1000_10,1000,20,15,200,0.1000,123,9980504397,9980493688,289
docs/inst_test/instancias/n_1000_10,1000,20,15,200,0.1000,42,9980504397,9980493688,316
docs/inst_test/instancias/n_1000_10,1000,20,15,200,0.1000,2026,9980504397,9980493688,283
docs/inst_test/instancias/n_1000_10,1000,20,15,200,0.2000,123,9980504397,9980493688,266
docs/inst_test/instancias/n_1000_10,1000,20,15,200,0.2000,42,9980504397,9980493688,303
docs/inst_test/instancias/n_1000_10,1000,20,15,200,0.2000,2026,9980504397,9980493688,366
docs/inst_test/instancias/n_1000_10,1000,20,15,200,0.3000,42,9980504397,9980493688,362
docs/inst_test/instancias/n_1000_10,1000,20,15,200,0.3000,123,9980504397,9980493688,354
docs/inst_test/instancias/n_1000_10,1000,20,15,200,0.3000,2026,9980504397,9980493688,375
docs/inst_test/instancias/n_1000_10,3000,10,7,50,0.2000,42,9980504397,9980493688,895
docs/inst_test/instancias/n_1000_10,3000,10,7,50,0.1000,42,9980504529,9980493829,980
docs/inst_test/instancias/n_1000_10,3000,10,7,50,0.1000,123,9980504397,9980493688,987
docs/inst_test/instancias/n_1000_10,3000,10,7,50,0.1000,2026,9980504819,9980493916,1001
docs/inst_test/instancias/n_1000_10,3000,10,7,50,0.3000,42,9980504397,9980493688,789
docs/inst_test/instancias/n_1000_10,3000,10,7,50,0.2000,2026,9980504397,9980493688,823
docs/inst_test/instancias/n_1000_10,3000,10,7,50,0.2000,123,9980504397,9980493688,853
docs/inst_test/instancias/n_1000_10,3000,10,7,50,0.3000,123,9980504397,9980493688,798
docs/inst_test/instancias/n_1000_10,3000,10,7,50,0.3000,2026,9980504397,9980493688,718
docs/inst_test/instancias/n_1000_10,3000,10,7,100,0.2000,123,9980504397,9980493688,728
docs/inst_test/instancias/n_1000_10,3000,10,7,100,0.1000,42,9980504529,9980493829,881
docs/inst_test/instancias/n_1000_10,3000,10,7,100,0.1000,123,9980504397,9980493688,882
docs/inst_test/instancias/n_1000_10,3000,10,7,100,0.1000,2026,9980504650,9980493853,895
docs/inst_test/instancias/n_1000_10,3000,10,7,100,0.3000,42,9980504397,9980493688,801
docs/inst_test/instancias/n_1000_10,3000,10,7,100,0.2000,42,9980504397,9980493688,899
docs/inst_test/instancias/n_1000_10,3000,10,7,100,0.2000,2026,9980504397,9980493688,882
docs/inst_test/instancias/n_1000_10,3000,10,7,100,0.3000,123,9980504397,9980493688,868
docs/inst_test/instancias/n_1000_10,3000,10,7,100,0.3000,2026,9980504397,9980493688,887
docs/inst_test/instancias/n_1000_10,3000,10,7,200,0.1000,123,9980504397,9980493688,857
docs/inst_test/instancias/n_1000_10,3000,10,7,200,0.2000,2026,9980504397,9980493688,838
docs/inst_test/instancias/n_1000_10,3000,10,7,200,0.1000,42,9980504397,9980493688,983
docs/inst_test/instancias/n_1000_10,3000,10,7,200,0.1000,2026,9980504397,9980493688,965
docs/inst_test/instancias/n_1000_10,3000,10,7,200,0.2000,42,9980504397,9980493688,949
docs/inst_test/instancias/n_1000_10,3000,10,7,200,0.2000,123,9980504397,9980493688,955
docs/inst_test/instancias/n_1000_10,3000,10,7,200,0.3000,42,9980504397,9980493688,745
docs/inst_test/instancias/n_1000_10,3000,10,7,200,0.3000,2026,9980504397,9980493688,710
docs/inst_test/instancias/n_1000_10,3000,10,7,200,0.3000,123,9980504397,9980493688,812
docs/inst_test/instancias/n_1000_10,3000,10,10,50,0.1000,42,9980504529,9980493829,862
docs/inst_test/instancias/n_1000_10,3000,10,10,50,0.1000,123,9980504397,9980493688,823
docs/inst_test/instancias/n_1000_10,3000,10,10,50,0.2000,123,9980504397,9980493688,795
docs/inst_test/instancias/n_1000_10,3000,10,10,50,0.2000,42,9980504397,9980493688,818
docs/inst_test/instancias/n_1000_10,3000,10,10,50,0.1000,2026,9980504819,9980493916,1009
docs/inst_test/instancias/n_1000_10,3000,10,10,50,0.2000,2026,9980504397,9980493688,857
docs/inst_test/instancias/n_1000_10,3000,10,10,50,0.3000,42,9980504397,9980493688,799
docs/inst_test/instancias/n_1000_10,3000,10,10,50,0.3000,123,9980504397,9980493688,919
docs/inst_test/instancias/n_1000_10,3000,10,10,50,0.3000,2026,9980504397,9980493688,825
docs/inst_test/instancias/n_1000_10,3000,10,10,100,0.1000,42,9980504529,9980493829,881
docs/inst_test/instancias/n_1000_10,3000,10,10,100,0.1000,123,9980504397,9980493688,851
docs/inst_test/instancias/n_1000_10,3000,10,10,100,0.1000,2026,9980504650,9980493853,882
docs/inst_test/instancias/n_1000_10,3000,10,10,100,0.2000,42,9980504397,9980493688,842
docs/inst_test/instancias/n_1000_10,3000,10,10,100,0.2000,123,9980504397,9980493688,864
docs/inst_test/instancias/n_1000_10,3000,10,10,100,0.2000,2026,9980504397,9980493688,911
docs/inst_test/instancias/n_1000_10,3000,10,10,100,0.3000,42,9980504397,9980493688,821
docs/inst_test/instancias/n_1000_10,3000,10,10,100,0.3000,123,9980504397,9980493688,763
docs/inst_test/instancias/n_1000_10,3000,10,10,100,0.3000,2026,9980504397,9980493688,761
docs/inst_test/instancias/n_1000_10,3000,10,10,200,0.1000,42,9980504397,9980493688,892
docs/inst_test/instancias/n_1000_10,3000,10,10,200,0.1000,123,9980504397,9980493688,874
docs/inst_test/instancias/n_1000_10,3000,10,10,200,0.1000,2026,9980504397,9980493688,856
docs/inst_test/instancias/n_1000_10,3000,10,10,200,0.2000,42,9980504397,9980493688,826
docs/inst_test/instancias/n_1000_10,3000,10,10,200,0.2000,123,9980504397,9980493688,866
docs/inst_test/instancias/n_1000_10,3000,10,10,200,0.3000,42,9980504397,9980493688,788
docs/inst_test/instancias/n_1000_10,3000,10,10,200,0.2000,2026,9980504397,9980493688,824
docs/inst_test/instancias/n_1000_10,3000,10,10,200,0.3000,123,9980504397,9980493688,794
docs/inst_test/instancias/n_1000_10,3000,10,10,200,0.3000,2026,9980504397,9980493688,777
docs/inst_test/instancias/n_1000_10,3000,10,15,50,0.1000,42,9980504529,9980493829,847
docs/inst_test/instancias/n_1000_10,3000,10,15,50,0.1000,123,9980504397,9980493688,816
docs/inst_test/instancias/n_1000_10,3000,10,15,50,0.1000,2026,9980504819,9980493916,835
docs/inst_test/instancias/n_1000_10,3000,10,15,50,0.2000,123,9980504397,9980493688,749
docs/inst_test/instancias/n_1000_10,3000,10,15,50,0.3000,42,9980504397,9980493688,719
docs/inst_test/instancias/n_1000_10,3000,10,15,50,0.2000,42,9980504397,9980493688,825
docs/inst_test/instancias/n_1000_10,3000,10,15,50,0.3000,123,9980504397,9980493688,768
docs/inst_test/instancias/n_1000_10,3000,10,15,50,0.2000,2026,9980504397,9980493688,961
docs/inst_test/instancias/n_1000_10,3000,10,15,50,0.3000,2026,9980504397,9980493688,889
docs/inst_test/instancias/n_1000_10,3000,10,15,100,0.1000,42,9980504529,9980493829,858
docs/inst_test/instancias/n_1000_10,3000,10,15,100,0.1000,123,9980504397,9980493688,925
docs/inst_test/instancias/n_1000_10,3000,10,15,100,0.2000,42,9980504397,9980493688,763
docs/inst_test/instancias/n_1000_10,3000,10,15,100,0.2000,123,9980504397,9980493688,801
docs/inst_test/instancias/n_1000_10,3000,10,15,100,0.1000,2026,9980504650,9980493853,948
docs/inst_test/instancias/n_1000_10,3000,10,15,100,0.3000,42,9980504397,9980493688,720
docs/inst_test/instancias/n_1000_10,3000,10,15,100,0.2000,2026,9980504397,9980493688,776
docs/inst_test/instancias/n_1000_10,3000,10,15,100,0.3000,123,9980504397,9980493688,756
docs/inst_test/instancias/n_1000_10,3000,10,15,100,0.3000,2026,9980504397,9980493688,791
docs/inst_test/instancias/n_1000_10,3000,10,15,200,0.1000,123,9980504397,9980493688,840
docs/inst_test/instancias/n_1000_10,3000,10,15,200,0.1000,2026,9980504397,9980493688,843
docs/inst_test/instancias/n_1000_10,3000,10,15,200,0.1000,42,9980504397,9980493688,925
docs/inst_test/instancias/n_1000_10,3000,10,15,200,0.2000,2026,9980504397,9980493688,814
docs/inst_test/instancias/n_1000_10,3000,10,15,200,0.2000,123,9980504397,9980493688,873
docs/inst_test/instancias/n_1000_10,3000,10,15,200,0.2000,42,9980504397,9980493688,902
docs/inst_test/instancias/n_1000_10,3000,10,15,200,0.3000,42,9980504397,9980493688,712
docs/inst_test/instancias/n_1000_10,3000,10,15,200,0.3000,123,9980504397,9980493688,958
docs/inst_test/instancias/n_1000_10,3000,10,15,200,0.3000,2026,9980504397,9980493688,824
docs/inst_test/instancias/n_1000_10,3000,15,7,50,0.1000,123,9980504397,9980493688,844
docs/inst_test/instancias/n_1000_10,3000,15,7,50,0.1000,42,9980504529,9980493829,898
docs/inst_test/instancias/n_1000_10,3000,15,7,50,0.2000,42,9980504397,9980493688,786
docs/inst_test/instancias/n_1000_10,3000,15,7,50,0.1000,2026,9980504819,9980493916,911
docs/inst_test/instancias/n_1000_10,3000,15,7,50,0.2000,123,9980504397,9980493688,873
docs/inst_test/instancias/n_1000_10,3000,15,7,50,0.2000,2026,9980504397,9980493688,848
docs/inst_test/instancias/n_1000_10,3000,15,7,50,0.3000,42,9980504397,9980493688,776
docs/inst_test/instancias/n_1000_10,3000,15,7,50,0.3000,2026,9980504397,9980493688,767
docs/inst_test/instancias/n_1000_10,3000,15,7,50,0.3000,123,9980504397,9980493688,915
docs/inst_test/instancias/n_1000_10,3000,15,7,100,0.1000,42,9980504529,9980493829,833
docs/inst_test/instancias/n_1000_10,3000,15,7,100,0.1000,123,9980504397,9980493688,844
docs/inst_test/instancias/n_1000_10,3000,15,7,100,0.2000,123,9980504397,9980493688,788
docs/inst_test/instancias/n_1000_10,3000,15,7,100,0.1000,2026,9980504650,9980493853,861
docs/inst_test/instancias/n_1000_10,3000,15,7,100,0.2000,42,9980504397,9980493688,849
docs/inst_test/instancias/n_1000_10,3000,15,7,100,0.2000,2026,9980504397,9980493688,846
docs/inst_test/instancias/n_1000_10,3000,15,7,100,0.3000,42,9980504397,9980493688,835
docs/inst_test/instancias/n_1000_10,3000,15,7,100,0.3000,123,9980504397,9980493688,816
docs/inst_test/instancias/n_1000_10,3000,15,7,100,0.3000,2026,9980504397,9980493688,836
docs/inst_test/instancias/n_1000_10,3000,15,7,200,0.1000,42,9980504397,9980493688,895
docs/inst_test/instancias/n_1000_10,3000,15,7,200,0.2000,42,9980504397,9980493688,861
docs/inst_test/instancias/n_1000_10,3000,15,7,200,0.1000,2026,9980504397,9980493688,877
docs/inst_test/instancias/n_1000_10,3000,15,7,200,0.1000,123,9980504397,9980493688,931
docs/inst_test/instancias/n_1000_10,3000,15,7,200,0.2000,123,9980504397,9980493688,842
docs/inst_test/instancias/n_1000_10,3000,15,7,200,0.3000,42,9980504397,9980493688,792
docs/inst_test/instancias/n_1000_10,3000,15,7,200,0.3000,123,9980504397,9980493688,767
docs/inst_test/instancias/n_1000_10,3000,15,7,200,0.3000,2026,9980504397,9980493688,705
docs/inst_test/instancias/n_1000_10,3000,15,7,200,0.2000,2026,9980504397,9980493688,991
docs/inst_test/instancias/n_1000_10,3000,15,10,50,0.1000,42,9980504529,9980493829,867
docs/inst_test/instancias/n_1000_10,3000,15,10,50,0.1000,123,9980504397,9980493688,875
docs/inst_test/instancias/n_1000_10,3000,15,10,50,0.1000,2026,9980504819,9980493916,880
docs/inst_test/instancias/n_1000_10,3000,15,10,50,0.2000,42,9980504397,9980493688,827
docs/inst_test/instancias/n_1000_10,3000,15,10,50,0.3000,42,9980504397,9980493688,806
docs/inst_test/instancias/n_1000_10,3000,15,10,50,0.2000,123,9980504397,9980493688,885
docs/inst_test/instancias/n_1000_10,3000,15,10,50,0.2000,2026,9980504397,9980493688,836
docs/inst_test/instancias/n_1000_10,3000,15,10,50,0.3000,123,9980504397,9980493688,814
docs/inst_test/instancias/n_1000_10,3000,15,10,50,0.3000,2026,9980504397,9980493688,867
docs/inst_test/instancias/n_1000_10,3000,15,10,100,0.1000,42,9980504529,9980493829,886
docs/inst_test/instancias/n_1000_10,3000,15,10,100,0.1000,123,9980504397,9980493688,884
docs/inst_test/instancias/n_1000_10,3000,15,10,100,0.1000,2026,9980504650,9980493853,884
docs/inst_test/instancias/n_1000_10,3000,15,10,100,0.2000,123,9980504397,9980493688,815
docs/inst_test/instancias/n_1000_10,3000,15,10,100,0.2000,42,9980504397,9980493688,841
docs/inst_test/instancias/n_1000_10,3000,15,10,100,0.3000,42,9980504397,9980493688,814
docs/inst_test/instancias/n_1000_10,3000,15,10,100,0.2000,2026,9980504397,9980493688,974
docs/inst_test/instancias/n_1000_10,3000,15,10,200,0.1000,42,9980504397,9980493688,711
docs/inst_test/instancias/n_1000_10,3000,15,10,100,0.3000,123,9980504397,9980493688,772
docs/inst_test/instancias/n_1000_10,3000,15,10,100,0.3000,2026,9980504397,9980493688,795
docs/inst_test/instancias/n_1000_10,3000,15,10,200,0.1000,123,9980504397,9980493688,858
docs/inst_test/instancias/n_1000_10,3000,15,10,200,0.1000,2026,9980504397,9980493688,860
docs/inst_test/instancias/n_1000_10,3000,15,10,200,0.2000,42,9980504397,9980493688,855
docs/inst_test/instancias/n_1000_10,3000,15,10,200,0.2000,123,9980504397,9980493688,822
docs/inst_test/instancias/n_1000_10,3000,15,10,200,0.2000,2026,9980504397,9980493688,874
docs/inst_test/instancias/n_1000_10,3000,15,10,200,0.3000,42,9980504397,9980493688,814
docs/inst_test/instancias/n_1000_10,3000,15,10,200,0.3000,123,9980504397,9980493688,807
docs/inst_test/instancias/n_1000_10,3000,15,10,200,0.3000,2026,9980504397,9980493688,821
docs/inst_test/instancias/n_1000_10,3000,15,15,50,0.1000,42,9980504529,9980493829,842
docs/inst_test/instancias/n_1000_10,3000,15,15,50,0.1000,123,9980504397,9980493688,989
docs/inst_test/instancias/n_1000_10,3000,15,15,50,0.2000,42,9980504397,9980493688,946
docs/inst_test/instancias/n_1000_10,3000,15,15,50,0.1000,2026,9980504819,9980493916,996
docs/inst_test/instancias/n_1000_10,3000,15,15,50,0.3000,42,9980504397,9980493688,913
docs/inst_test/instancias/n_1000_10,3000,15,15,50,0.2000,123,9980504397,9980493688,952
docs/inst_test/instancias/n_1000_10,3000,15,15,50,0.2000,2026,9980504397,9980493688,1000
docs/inst_test/instancias/n_1000_10,3000,15,15,50,0.3000,123,9980504397,9980493688,957
docs/inst_test/instancias/n_1000_10,3000,15,15,50,0.3000,2026,9980504397,9980493688,931
docs/inst_test/instancias/n_1000_10,3000,15,15,100,0.1000,2026,9980504650,9980493853,778
docs/inst_test/instancias/n_1000_10,3000,15,15,100,0.1000,42,9980504529,9980493829,860
docs/inst_test/instancias/n_1000_10,3000,15,15,100,0.1000,123,9980504397,9980493688,876
docs/inst_test/instancias/n_1000_10,3000,15,15,100,0.2000,42,9980504397,9980493688,835
docs/inst_test/instancias/n_1000_10,3000,15,15,100,0.2000,123,9980504397,9980493688,847
docs/inst_test/instancias/n_1000_10,3000,15,15,100,0.2000,2026,9980504397,9980493688,803
docs/inst_test/instancias/n_1000_10,3000,15,15,100,0.3000,42,9980504397,9980493688,806
docs/inst_test/instancias/n_1000_10,3000,15,15,100,0.3000,123,9980504397,9980493688,843
docs/inst_test/instancias/n_1000_10,3000,15,15,100,0.3000,2026,9980504397,9980493688,775
docs/inst_test/instancias/n_1000_10,3000,15,15,200,0.1000,42,9980504397,9980493688,890
docs/inst_test/instancias/n_1000_10,3000,15,15,200,0.1000,123,9980504397,9980493688,884
docs/inst_test/instancias/n_1000_10,3000,15,15,200,0.1000,2026,9980504397,9980493688,822
docs/inst_test/instancias/n_1000_10,3000,15,15,200,0.2000,123,9980504397,9980493688,775
docs/inst_test/instancias/n_1000_10,3000,15,15,200,0.2000,42,9980504397,9980493688,831
docs/inst_test/instancias/n_1000_10,3000,15,15,200,0.2000,2026,9980504397,9980493688,862
docs/inst_test/instancias/n_1000_10,3000,15,15,200,0.3000,42,9980504397,9980493688,839
docs/inst_test/instancias/n_1000_10,3000,15,15,200,0.3000,123,9980504397,9980493688,769
docs/inst_test/instancias/n_1000_10,3000,15,15,200,0.3000,2026,9980504397,9980493688,766
docs/inst_test/instancias/n_1000_10,3000,20,7,50,0.2000,42,9980504397,9980493688,762
docs/inst_test/instancias/n_1000_10,3000,20,7,50,0.1000,123,9980504397,9980493688,798
docs/inst_test/instancias/n_1000_10,3000,20,7,50,0.1000,2026,9980504819,9980493916,869
docs/inst_test/instancias/n_1000_10,3000,20,7,50,0.1000,42,9980504529,9980493829,933
docs/inst_test/instancias/n_1000_10,3000,20,7,50,0.2000,123,9980504397,9980493688,821
docs/inst_test/instancias/n_1000_10,3000,20,7,50,0.2000,2026,9980504397,9980493688,877
docs/inst_test/instancias/n_1000_10,3000,20,7,50,0.3000,42,9980504397,9980493688,781
docs/inst_test/instancias/n_1000_10,3000,20,7,50,0.3000,2026,9980504397,9980493688,660
docs/inst_test/instancias/n_1000_10,3000,20,7,50,0.3000,123,9980504397,9980493688,809
docs/inst_test/instancias/n_1000_10,3000,20,7,100,0.1000,42,9980504529,9980493829,869
docs/inst_test/instancias/n_1000_10,3000,20,7,100,0.1000,2026,9980504650,9980493853,812
docs/inst_test/instancias/n_1000_10,3000,20,7,100,0.1000,123,9980504397,9980493688,870
docs/inst_test/instancias/n_1000_10,3000,20,7,100,0.2000,42,9980504397,9980493688,814
docs/inst_test/instancias/n_1000_10,3000,20,7,100,0.2000,2026,9980504397,9980493688,789
docs/inst_test/instancias/n_1000_10,3000,20,7,100,0.3000,42,9980504397,9980493688,778
docs/inst_test/instancias/n_1000_10,3000,20,7,100,0.2000,123,9980504397,9980493688,1057
docs/inst_test/instancias/n_1000_10,3000,20,7,100,0.3000,123,9980504397,9980493688,816
docs/inst_test/instancias/n_1000_10,3000,20,7,100,0.3000,2026,9980504397,9980493688,815
docs/inst_test/instancias/n_1000_10,3000,20,7,200,0.1000,42,9980504397,9980493688,845
docs/inst_test/instancias/n_1000_10,3000,20,7,200,0.1000,2026,9980504397,9980493688,833
docs/inst_test/instancias/n_1000_10,3000,20,7,200,0.1000,123,9980504397,9980493688,886
docs/inst_test/instancias/n_1000_10,3000,20,7,200,0.2000,42,9980504397,9980493688,794
docs/inst_test/instancias/n_1000_10,3000,20,7,200,0.3000,42,9980504397,9980493688,715
docs/inst_test/instancias/n_1000_10,3000,20,7,200,0.2000,123,9980504397,9980493688,842
docs/inst_test/instancias/n_1000_10,3000,20,7,200,0.2000,2026,9980504397,9980493688,823
docs/inst_test/instancias/n_1000_10,3000,20,7,200,0.3000,123,9980504397,9980493688,904
docs/inst_test/instancias/n_1000_10,3000,20,10,50,0.1000,123,9980504397,9980493688,776
docs/inst_test/instancias/n_1000_10,3000,20,7,200,0.3000,2026,9980504397,9980493688,895
docs/inst_test/instancias/n_1000_10,3000,20,10,50,0.1000,42,9980504529,9980493829,942
docs/inst_test/instancias/n_1000_10,3000,20,10,50,0.1000,2026,9980504819,9980493916,874
docs/inst_test/instancias/n_1000_10,3000,20,10,50,0.2000,123,9980504397,9980493688,793
docs/inst_test/instancias/n_1000_10,3000,20,10,50,0.2000,42,9980504397,9980493688,820
docs/inst_test/instancias/n_1000_10,3000,20,10,50,0.2000,2026,9980504397,9980493688,828
docs/inst_test/instancias/n_1000_10,3000,20,10,50,0.3000,123,9980504397,9980493688,730
docs/inst_test/instancias/n_1000_10,3000,20,10,50,0.3000,2026,9980504397,9980493688,738
docs/inst_test/instancias/n_1000_10,3000,20,10,50,0.3000,42,9980504397,9980493688,969
docs/inst_test/instancias/n_1000_10,3000,20,10,100,0.1000,42,9980504529,9980493829,875
docs/inst_test/instancias/n_1000_10,3000,20,10,100,0.1000,2026,9980504650,9980493853,788
docs/inst_test/instancias/n_1000_10,3000,20,10,100,0.1000,123,9980504397,9980493688,879
docs/inst_test/instancias/n_1000_10,3000,20,10,100,0.2000,42,9980504397,9980493688,821
docs/inst_test/instancias/n_1000_10,3000,20,10,100,0.2000,123,9980504397,9980493688,767
docs/inst_test/instancias/n_1000_10,3000,20,10,100,0.2000,2026,9980504397,9980493688,954
docs/inst_test/instancias/n_1000_10,3000,20,10,100,0.3000,42,9980504397,9980493688,930
docs/inst_test/instancias/n_1000_10,3000,20,10,100,0.3000,123,9980504397,9980493688,980
docs/inst_test/instancias/n_1000_10,3000,20,10,100,0.3000,2026,9980504397,9980493688,938
docs/inst_test/instancias/n_1000_10,3000,20,10,200,0.1000,2026,9980504397,9980493688,837
docs/inst_test/instancias/n_1000_10,3000,20,10,200,0.1000,42,9980504397,9980493688,1002
docs/inst_test/instancias/n_1000_10,3000,20,10,200,0.1000,123,9980504397,9980493688,1066
docs/inst_test/instancias/n_1000_10,3000,20,10,200,0.2000,42,9980504397,9980493688,1029
docs/inst_test/instancias/n_1000_10,3000,20,10,200,0.2000,123,9980504397,9980493688,867
docs/inst_test/instancias/n_1000_10,3000,20,10,200,0.2000,2026,9980504397,9980493688,861
docs/inst_test/instancias/n_1000_10,3000,20,10,200,0.3000,42,9980504397,9980493688,794
docs/inst_test/instancias/n_1000_10,3000,20,10,200,0.3000,123,9980504397,9980493688,836
docs/inst_test/instancias/n_1000_10,3000,20,10,200,0.3000,2026,9980504397,9980493688,781
docs/inst_test/instancias/n_1000_10,3000,20,15,50,0.1000,42,9980504529,9980493829,834
docs/inst_test/instancias/n_1000_10,3000,20,15,50,0.1000,123,9980504397,9980493688,854
docs/inst_test/instancias/n_1000_10,3000,20,15,50,0.1000,2026,9980504819,9980493916,873
docs/inst_test/instancias/n_1000_10,3000,20,15,50,0.2000,42,9980504397,9980493688,878
docs/inst_test/instancias/n_1000_10,3000,20,15,50,0.2000,123,9980504397,9980493688,916
docs/inst_test/instancias/n_1000_10,3000,20,15,50,0.2000,2026,9980504397,9980493688,875
docs/inst_test/instancias/n_1000_10,3000,20,15,50,0.3000,42,9980504397,9980493688,843
docs/inst_test/instancias/n_1000_10,3000,20,15,50,0.3000,123,9980504397,9980493688,814
docs/inst_test/instancias/n_1000_10,3000,20,15,50,0.3000,2026,9980504397,9980493688,833
docs/inst_test/instancias/n_1000_10,3000,20,15,100,0.1000,42,9980504529,9980493829,920
docs/inst_test/instancias/n_1000_10,3000,20,15,100,0.1000,123,9980504397,9980493688,897
docs/inst_test/instancias/n_1000_10,3000,20,15,100,0.1000,2026,9980504650,9980493853,894
docs/inst_test/instancias/n_1000_10,3000,20,15,100,0.2000,42,9980504397,9980493688,886
docs/inst_test/instancias/n_1000_10,3000,20,15,100,0.2000,123,9980504397,9980493688,866
docs/inst_test/instancias/n_1000_10,3000,20,15,100,0.2000,2026,9980504397,9980493688,865
docs/inst_test/instancias/n_1000_10,3000,20,15,100,0.3000,42,9980504397,9980493688,814
docs/inst_test/instancias/n_1000_10,3000,20,15,100,0.3000,123,9980504397,9980493688,799
docs/inst_test/instancias/n_1000_10,3000,20,15,100,0.3000,2026,9980504397,9980493688,854
docs/inst_test/instancias/n_1000_10,3000,20,15,200,0.1000,42,9980504397,9980493688,944
docs/inst_test/instancias/n_1000_10,3000,20,15,200,0.1000,123,9980504397,9980493688,824
docs/inst_test/instancias/n_1000_10,3000,20,15,200,0.1000,2026,9980504397,9980493688,852
docs/inst_test/instancias/n_1000_10,3000,20,15,200,0.2000,42,9980504397,9980493688,819
docs/inst_test/instancias/n_1000_10,3000,20,15,200,0.2000,123,9980504397,9980493688,796
docs/inst_test/instancias/n_1000_10,3000,20,15,200,0.2000,2026,9980504397,9980493688,853
docs/inst_test/instancias/n_1000_10,3000,20,15,200,0.3000,42,9980504397,9980493688,791
docs/inst_test/instancias/n_1000_10,3000,20,15,200,0.3000,123,9980504397,9980493688,921
docs/inst_test/instancias/n_1000_10,3000,20,15,200,0.3000,2026,9980504397,9980493688,967
docs/inst_test/instancias/n_1000_10,5000,10,7,50,0.1000,42,9980504529,9980493829,1512
docs/inst_test/instancias/n_1000_10,5000,10,7,50,0.1000,123,9980504552,9980493938,1443
docs/inst_test/instancias/n_1000_10,5000,10,7,50,0.2000,42,9980504397,9980493688,1422
docs/inst_test/instancias/n_1000_10,5000,10,7,50,0.2000,123,9980504397,9980493688,1442
docs/inst_test/instancias/n_1000_10,5000,10,7,50,0.1000,2026,9980504819,9980493916,1626
docs/inst_test/instancias/n_1000_10,5000,10,7,50,0.2000,2026,9980504397,9980493688,1579
docs/inst_test/instancias/n_1000_10,5000,10,7,50,0.3000,42,9980504397,9980493688,1242
docs/inst_test/instancias/n_1000_10,5000,10,7,50,0.3000,123,9980504397,9980493688,1629
docs/inst_test/instancias/n_1000_10,5000,10,7,50,0.3000,2026,9980504397,9980493688,1531
docs/inst_test/instancias/n_1000_10,5000,10,7,100,0.1000,42,9980504529,9980493829,1763
docs/inst_test/instancias/n_1000_10,5000,10,7,100,0.1000,123,9980504397,9980493688,1754
docs/inst_test/instancias/n_1000_10,5000,10,7,100,0.2000,42,9980504397,9980493688,1680
docs/inst_test/instancias/n_1000_10,5000,10,7,100,0.1000,2026,9980504650,9980493853,1745
docs/inst_test/instancias/n_1000_10,5000,10,7,100,0.2000,123,9980504397,9980493688,1654
docs/inst_test/instancias/n_1000_10,5000,10,7,100,0.2000,2026,9980504397,9980493688,1828
docs/inst_test/instancias/n_1000_10,5000,10,7,100,0.3000,42,9980504397,9980493688,1351
docs/inst_test/instancias/n_1000_10,5000,10,7,100,0.3000,123,9980504397,9980493688,1280
docs/inst_test/instancias/n_1000_10,5000,10,7,100,0.3000,2026,9980504397,9980493688,1297
docs/inst_test/instancias/n_1000_10,5000,10,7,200,0.1000,42,9980504529,9980493829,1465
docs/inst_test/instancias/n_1000_10,5000,10,7,200,0.1000,2026,9980504650,9980493853,1417
docs/inst_test/instancias/n_1000_10,5000,10,7,200,0.1000,123,9980504397,9980493688,1426
docs/inst_test/instancias/n_1000_10,5000,10,7,200,0.2000,42,9980504397,9980493688,1435
docs/inst_test/instancias/n_1000_10,5000,10,7,200,0.2000,123,9980504397,9980493688,1313
docs/inst_test/instancias/n_1000_10,5000,10,7,200,0.2000,2026,9980504397,9980493688,1376
docs/inst_test/instancias/n_1000_10,5000,10,7,200,0.3000,42,9980504397,9980493688,1435
docs/inst_test/instancias/n_1000_10,5000,10,7,200,0.3000,123,9980504397,9980493688,1266
docs/inst_test/instancias/n_1000_10,5000,10,7,200,0.3000,2026,9980504397,9980493688,1215
docs/inst_test/instancias/n_1000_10,5000,10,10,50,0.1000,42,9980504529,9980493829,1398
docs/inst_test/instancias/n_1000_10,5000,10,10,50,0.1000,123,9980504552,9980493938,1480
docs/inst_test/instancias/n_1000_10,5000,10,10,50,0.2000,42,9980504397,9980493688,1400
docs/inst_test/instancias/n_1000_10,5000,10,10,50,0.1000,2026,9980504819,9980493916,1534
docs/inst_test/instancias/n_1000_10,5000,10,10,50,0.2000,123,9980504397,9980493688,1350
docs/inst_test/instancias/n_1000_10,5000,10,10,50,0.2000,2026,9980504397,9980493688,1428
docs/inst_test/instancias/n_1000_10,5000,10,10,50,0.3000,42,9980504397,9980493688,1328
docs/inst_test/instancias/n_1000_10,5000,10,10,50,0.3000,123,9980504397,9980493688,1341
docs/inst_test/instancias/n_1000_10,5000,10,10,50,0.3000,2026,9980504397,9980493688,1551
docs/inst_test/instancias/n_1000_10,5000,10,10,100,0.1000,42,9980504529,9980493829,1471
docs/inst_test/instancias/n_1000_10,5000,10,10,100,0.1000,2026,9980504650,9980493853,1353
docs/inst_test/instancias/n_1000_10,5000,10,10,100,0.1000,123,9980504397,9980493688,1505
docs/inst_test/instancias/n_1000_10,5000,10,10,100,0.2000,42,9980504397,9980493688,1468
docs/inst_test/instancias/n_1000_10,5000,10,10,100,0.2000,123,9980504397,9980493688,1387
docs/inst_test/instancias/n_1000_10,5000,10,10,100,0.3000,42,9980504397,9980493688,1299
docs/inst_test/instancias/n_1000_10,5000,10,10,100,0.2000,2026,9980504397,9980493688,1544
docs/inst_test/instancias/n_1000_10,5000,10,10,100,0.3000,2026,9980504397,9980493688,1350
docs/inst_test/instancias/n_1000_10,5000,10,10,100,0.3000,123,9980504397,9980493688,1397
docs/inst_test/instancias/n_1000_10,5000,10,10,200,0.1000,42,9980504529,9980493829,1330
docs/inst_test/instancias/n_1000_10,5000,10,10,200,0.1000,123,9980504397,9980493688,1457
docs/inst_test/instancias/n_1000_10,5000,10,10,200,0.1000,2026,9980504650,9980493853,1472
docs/inst_test/instancias/n_1000_10,5000,10,10,200,0.2000,42,9980504397,9980493688,1356
docs/inst_test/instancias/n_1000_10,5000,10,10,200,0.2000,123,9980504397,9980493688,1383
docs/inst_test/instancias/n_1000_10,5000,10,10,200,0.2000,2026,9980504397,9980493688,1287
docs/inst_test/instancias/n_1000_10,5000,10,10,200,0.3000,42,9980504397,9980493688,1333
docs/inst_test/instancias/n_1000_10,5000,10,10,200,0.3000,2026,9980504397,9980493688,1356
docs/inst_test/instancias/n_1000_10,5000,10,10,200,0.3000,123,9980504397,9980493688,1439
docs/inst_test/instancias/n_1000_10,5000,10,15,50,0.1000,42,9980504529,9980493829,1417
docs/inst_test/instancias/n_1000_10,5000,10,15,50,0.1000,123,9980504552,9980493938,1425
docs/inst_test/instancias/n_1000_10,5000,10,15,50,0.2000,42,9980504397,9980493688,1290
docs/inst_test/instancias/n_1000_10,5000,10,15,50,0.1000,2026,9980504819,9980493916,1503
docs/inst_test/instancias/n_1000_10,5000,10,15,50,0.2000,123,9980504397,9980493688,1497
docs/inst_test/instancias/n_1000_10,5000,10,15,50,0.3000,42,9980504397,9980493688,1321
docs/inst_test/instancias/n_1000_10,5000,10,15,50,0.3000,123,9980504397,9980493688,1322
docs/inst_test/instancias/n_1000_10,5000,10,15,50,0.2000,2026,9980504397,9980493688,1482
docs/inst_test/instancias/n_1000_10,5000,10,15,50,0.3000,2026,9980504397,9980493688,1317
docs/inst_test/instancias/n_1000_10,5000,10,15,100,0.1000,42,9980504529,9980493829,1604
docs/inst_test/instancias/n_1000_10,5000,10,15,100,0.1000,123,9980504397,9980493688,1479
docs/inst_test/instancias/n_1000_10,5000,10,15,100,0.2000,42,9980504397,9980493688,1310
docs/inst_test/instancias/n_1000_10,5000,10,15,100,0.1000,2026,9980504650,9980493853,1466
docs/inst_test/instancias/n_1000_10,5000,10,15,100,0.2000,123,9980504397,9980493688,1320
docs/inst_test/instancias/n_1000_10,5000,10,15,100,0.3000,42,9980504397,9980493688,1286
docs/inst_test/instancias/n_1000_10,5000,10,15,100,0.2000,2026,9980504397,9980493688,1314
docs/inst_test/instancias/n_1000_10,5000,10,15,100,0.3000,123,9980504397,9980493688,1312
docs/inst_test/instancias/n_1000_10,5000,10,15,100,0.3000,2026,9980504397,9980493688,1273
docs/inst_test/instancias/n_1000_10,5000,10,15,200,0.1000,42,9980504529,9980493829,1379
docs/inst_test/instancias/n_1000_10,5000,10,15,200,0.1000,123,9980504397,9980493688,1407
docs/inst_test/instancias/n_1000_10,5000,10,15,200,0.1000,2026,9980504650,9980493853,1426
docs/inst_test/instancias/n_1000_10,5000,10,15,200,0.2000,42,9980504397,9980493688,1373
docs/inst_test/instancias/n_1000_10,5000,10,15,200,0.2000,123,9980504397,9980493688,1348
docs/inst_test/instancias/n_1000_10,5000,10,15,200,0.3000,42,9980504397,9980493688,1224
docs/inst_test/instancias/n_1000_10,5000,10,15,200,0.2000,2026,9980504397,9980493688,1537
docs/inst_test/instancias/n_1000_10,5000,10,15,200,0.3000,123,9980504397,9980493688,1295
docs/inst_test/instancias/n_1000_10,5000,10,15,200,0.3000,2026,9980504397,9980493688,1288
docs/inst_test/instancias/n_1000_10,5000,15,7,50,0.1000,42,9980504529,9980493829,1430
docs/inst_test/instancias/n_1000_10,5000,15,7,50,0.1000,123,9980504552,9980493938,1538
docs/inst_test/instancias/n_1000_10,5000,15,7,50,0.2000,42,9980504397,9980493688,1327
docs/inst_test/instancias/n_1000_10,5000,15,7,50,0.1000,2026,9980504819,9980493916,1477
docs/inst_test/instancias/n_1000_10,5000,15,7,50,0.2000,123,9980504397,9980493688,1359
docs/inst_test/instancias/n_1000_10,5000,15,7,50,0.2000,2026,9980504397,9980493688,1345
docs/inst_test/instancias/n_1000_10,5000,15,7,50,0.3000,42,9980504397,9980493688,1351
docs/inst_test/instancias/n_1000_10,5000,15,7,50,0.3000,123,9980504397,9980493688,1349
docs/inst_test/instancias/n_1000_10,5000,15,7,50,0.3000,2026,9980504397,9980493688,1234
docs/inst_test/instancias/n_1000_10,5000,15,7,100,0.1000,42,9980504529,9980493829,1324
docs/inst_test/instancias/n_1000_10,5000,15,7,100,0.1000,123,9980504397,9980493688,1443
docs/inst_test/instancias/n_1000_10,5000,15,7,100,0.2000,42,9980504397,9980493688,1368
docs/inst_test/instancias/n_1000_10,5000,15,7,100,0.1000,2026,9980504650,9980493853,1454
docs/inst_test/instancias/n_1000_10,5000,15,7,100,0.2000,123,9980504397,9980493688,1493
docs/inst_test/instancias/n_1000_10,5000,15,7,100,0.2000,2026,9980504397,9980493688,1504
docs/inst_test/instancias/n_1000_10,5000,15,7,100,0.3000,42,9980504397,9980493688,1366
docs/inst_test/instancias/n_1000_10,5000,15,7,100,0.3000,123,9980504397,9980493688,1402
docs/inst_test/instancias/n_1000_10,5000,15,7,100,0.3000,2026,9980504397,9980493688,1408
docs/inst_test/instancias/n_1000_10,5000,15,7,200,0.1000,42,9980504529,9980493829,1404
docs/inst_test/instancias/n_1000_10,5000,15,7,200,0.1000,123,9980504397,9980493688,1461
docs/inst_test/instancias/n_1000_10,5000,15,7,200,0.1000,2026,9980504650,9980493853,1498
docs/inst_test/instancias/n_1000_10,5000,15,7,200,0.2000,42,9980504397,9980493688,1487
docs/inst_test/instancias/n_1000_10,5000,15,7,200,0.2000,123,9980504397,9980493688,1486
docs/inst_test/instancias/n_1000_10,5000,15,7,200,0.2000,2026,9980504397,9980493688,1417
docs/inst_test/instancias/n_1000_10,5000,15,7,200,0.3000,42,9980504397,9980493688,1344
docs/inst_test/instancias/n_1000_10,5000,15,7,200,0.3000,123,9980504397,9980493688,1270
docs/inst_test/instancias/n_1000_10,5000,15,7,200,0.3000,2026,9980504397,9980493688,1371
docs/inst_test/instancias/n_1000_10,5000,15,10,50,0.1000,123,9980504552,9980493938,1360
docs/inst_test/instancias/n_1000_10,5000,15,10,50,0.1000,42,9980504529,9980493829,1559
docs/inst_test/instancias/n_1000_10,5000,15,10,50,0.1000,2026,9980504819,9980493916,1443
docs/inst_test/instancias/n_1000_10,5000,15,10,50,0.2000,42,9980504397,9980493688,1277
docs/inst_test/instancias/n_1000_10,5000,15,10,50,0.2000,123,9980504397,9980493688,1344
docs/inst_test/instancias/n_1000_10,5000,15,10,50,0.2000,2026,9980504397,9980493688,1333
docs/inst_test/instancias/n_1000_10,5000,15,10,50,0.3000,42,9980504397,9980493688,1265
docs/inst_test/instancias/n_1000_10,5000,15,10,50,0.3000,123,9980504397,9980493688,1339
docs/inst_test/instancias/n_1000_10,5000,15,10,50,0.3000,2026,9980504397,9980493688,1348
docs/inst_test/instancias/n_1000_10,5000,15,10,100,0.1000,42,9980504529,9980493829,1420
docs/inst_test/instancias/n_1000_10,5000,15,10,100,0.1000,123,9980504397,9980493688,1340
docs/inst_test/instancias/n_1000_10,5000,15,10,100,0.1000,2026,9980504650,9980493853,1522
docs/inst_test/instancias/n_1000_10,5000,15,10,100,0.2000,42,9980504397,9980493688,1535
docs/inst_test/instancias/n_1000_10,5000,15,10,100,0.2000,123,9980504397,9980493688,1516
docs/inst_test/instancias/n_1000_10,5000,15,10,100,0.2000,2026,9980504397,9980493688,1639
docs/inst_test/instancias/n_1000_10,5000,15,10,100,0.3000,42,9980504397,9980493688,1400
docs/inst_test/instancias/n_1000_10,5000,15,10,100,0.3000,123,9980504397,9980493688,1552
docs/inst_test/instancias/n_1000_10,5000,15,10,100,0.3000,2026,9980504397,9980493688,1607
docs/inst_test/instancias/n_1000_10,5000,15,10,200,0.1000,42,9980504529,9980493829,1602
docs/inst_test/instancias/n_1000_10,5000,15,10,200,0.1000,123,9980504397,9980493688,1409
docs/inst_test/instancias/n_1000_10,5000,15,10,200,0.2000,42,9980504397,9980493688,1371
docs/inst_test/instancias/n_1000_10,5000,15,10,200,0.1000,2026,9980504650,9980493853,1446
docs/inst_test/instancias/n_1000_10,5000,15,10,200,0.2000,2026,9980504397,9980493688,1265
docs/inst_test/instancias/n_1000_10,5000,15,10,200,0.2000,123,9980504397,9980493688,1550
docs/inst_test/instancias/n_1000_10,5000,15,10,200,0.3000,42,9980504397,9980493688,1193
docs/inst_test/instancias/n_1000_10,5000,15,10,200,0.3000,123,9980504397,9980493688,1350
docs/inst_test/instancias/n_1000_10,5000,15,10,200,0.3000,2026,9980504397,9980493688,1351
docs/inst_test/instancias/n_1000_10,5000,15,15,50,0.1000,42,9980504529,9980493829,1396
docs/inst_test/instancias/n_1000_10,5000,15,15,50,0.1000,2026,9980504819,9980493916,1397
docs/inst_test/instancias/n_1000_10,5000,15,15,50,0.1000,123,9980504552,9980493938,1466
docs/inst_test/instancias/n_1000_10,5000,15,15,50,0.2000,42,9980504397,9980493688,1409
docs/inst_test/instancias/n_1000_10,5000,15,15,50,0.2000,2026,9980504397,9980493688,1279
docs/inst_test/instancias/n_1000_10,5000,15,15,50,0.2000,123,9980504397,9980493688,1572
docs/inst_test/instancias/n_1000_10,5000,15,15,50,0.3000,42,9980504397,9980493688,1184
docs/inst_test/instancias/n_1000_10,5000,15,15,50,0.3000,123,9980504397,9980493688,1385
docs/inst_test/instancias/n_1000_10,5000,15,15,50,0.3000,2026,9980504397,9980493688,1279
docs/inst_test/instancias/n_1000_10,5000,15,15,100,0.1000,42,9980504529,9980493829,1322
docs/inst_test/instancias/n_1000_10,5000,15,15,100,0.1000,123,9980504397,9980493688,1396
docs/inst_test/instancias/n_1000_10,5000,15,15,100,0.1000,2026,9980504650,9980493853,1390
docs/inst_test/instancias/n_1000_10,5000,15,15,100,0.2000,42,9980504397,9980493688,1423
docs/inst_test/instancias/n_1000_10,5000,15,15,100,0.2000,123,9980504397,9980493688,1380
docs/inst_test/instancias/n_1000_10,5000,15,15,100,0.2000,2026,9980504397,9980493688,1346
docs/inst_test/instancias/n_1000_10,5000,15,15,100,0.3000,42,9980504397,9980493688,1287
docs/inst_test/instancias/n_1000_10,5000,15,15,100,0.3000,123,9980504397,9980493688,1297
docs/inst_test/instancias/n_1000_10,5000,15,15,100,0.3000,2026,9980504397,9980493688,1293
docs/inst_test/instancias/n_1000_10,5000,15,15,200,0.1000,42,9980504529,9980493829,1330
docs/inst_test/instancias/n_1000_10,5000,15,15,200,0.1000,123,9980504397,9980493688,1427
docs/inst_test/instancias/n_1000_10,5000,15,15,200,0.2000,42,9980504397,9980493688,1501
docs/inst_test/instancias/n_1000_10,5000,15,15,200,0.1000,2026,9980504650,9980493853,1640
docs/inst_test/instancias/n_1000_10,5000,15,15,200,0.2000,123,9980504397,9980493688,1477
docs/inst_test/instancias/n_1000_10,5000,15,15,200,0.2000,2026,9980504397,9980493688,1468
docs/inst_test/instancias/n_1000_10,5000,15,15,200,0.3000,42,9980504397,9980493688,1356
docs/inst_test/instancias/n_1000_10,5000,15,15,200,0.3000,123,9980504397,9980493688,1395
docs/inst_test/instancias/n_1000_10,5000,15,15,200,0.3000,2026,9980504397,9980493688,1444
docs/inst_test/instancias/n_1000_10,5000,20,7,50,0.1000,42,9980504529,9980493829,1527
docs/inst_test/instancias/n_1000_10,5000,20,7,50,0.1000,123,9980504552,9980493938,1370
docs/inst_test/instancias/n_1000_10,5000,20,7,50,0.2000,42,9980504397,9980493688,1395
docs/inst_test/instancias/n_1000_10,5000,20,7,50,0.1000,2026,9980504819,9980493916,1487
docs/inst_test/instancias/n_1000_10,5000,20,7,50,0.2000,123,9980504397,9980493688,1384
docs/inst_test/instancias/n_1000_10,5000,20,7,50,0.2000,2026,9980504397,9980493688,1391
docs/inst_test/instancias/n_1000_10,5000,20,7,50,0.3000,42,9980504397,9980493688,1261
docs/inst_test/instancias/n_1000_10,5000,20,7,50,0.3000,123,9980504397,9980493688,1214
docs/inst_test/instancias/n_1000_10,5000,20,7,50,0.3000,2026,9980504397,9980493688,1357
docs/inst_test/instancias/n_1000_10,5000,20,7,100,0.1000,42,9980504529,9980493829,1412
docs/inst_test/instancias/n_1000_10,5000,20,7,100,0.2000,123,9980504397,9980493688,1278
docs/inst_test/instancias/n_1000_10,5000,20,7,100,0.1000,2026,9980504650,9980493853,1369
docs/inst_test/instancias/n_1000_10,5000,20,7,100,0.1000,123,9980504397,9980493688,1504
docs/inst_test/instancias/n_1000_10,5000,20,7,100,0.2000,42,9980504397,9980493688,1397
docs/inst_test/instancias/n_1000_10,5000,20,7,100,0.2000,2026,9980504397,9980493688,1295
docs/inst_test/instancias/n_1000_10,5000,20,7,100,0.3000,42,9980504397,9980493688,1411
docs/inst_test/instancias/n_1000_10,5000,20,7,100,0.3000,123,9980504397,9980493688,1559
docs/inst_test/instancias/n_1000_10,5000,20,7,100,0.3000,2026,9980504397,9980493688,1491
docs/inst_test/instancias/n_1000_10,5000,20,7,200,0.2000,42,9980504397,9980493688,1541
docs/inst_test/instancias/n_1000_10,5000,20,7,200,0.1000,42,9980504529,9980493829,1677
docs/inst_test/instancias/n_1000_10,5000,20,7,200,0.1000,2026,9980504650,9980493853,1594
docs/inst_test/instancias/n_1000_10,5000,20,7,200,0.1000,123,9980504397,9980493688,1773
docs/inst_test/instancias/n_1000_10,5000,20,7,200,0.2000,123,9980504397,9980493688,1645
docs/inst_test/instancias/n_1000_10,5000,20,7,200,0.2000,2026,9980504397,9980493688,1478
docs/inst_test/instancias/n_1000_10,5000,20,7,200,0.3000,42,9980504397,9980493688,1291
docs/inst_test/instancias/n_1000_10,5000,20,7,200,0.3000,123,9980504397,9980493688,1398
docs/inst_test/instancias/n_1000_10,5000,20,7,200,0.3000,2026,9980504397,9980493688,1323
docs/inst_test/instancias/n_1000_10,5000,20,10,50,0.1000,123,9980504552,9980493938,1409
docs/inst_test/instancias/n_1000_10,5000,20,10,50,0.1000,42,9980504529,9980493829,1448
docs/inst_test/instancias/n_1000_10,5000,20,10,50,0.1000,2026,9980504819,9980493916,1403
docs/inst_test/instancias/n_1000_10,5000,20,10,50,0.2000,42,9980504397,9980493688,1374
docs/inst_test/instancias/n_1000_10,5000,20,10,50,0.2000,123,9980504397,9980493688,1368
docs/inst_test/instancias/n_1000_10,5000,20,10,50,0.2000,2026,9980504397,9980493688,1454
docs/inst_test/instancias/n_1000_10,5000,20,10,50,0.3000,42,9980504397,9980493688,1437
docs/inst_test/instancias/n_1000_10,5000,20,10,50,0.3000,123,9980504397,9980493688,1291
docs/inst_test/instancias/n_1000_10,5000,20,10,50,0.3000,2026,9980504397,9980493688,1239
docs/inst_test/instancias/n_1000_10,5000,20,10,100,0.1000,42,9980504529,9980493829,1453
docs/inst_test/instancias/n_1000_10,5000,20,10,100,0.1000,123,9980504397,9980493688,1449
docs/inst_test/instancias/n_1000_10,5000,20,10,100,0.1000,2026,9980504650,9980493853,1472
docs/inst_test/instancias/n_1000_10,5000,20,10,100,0.2000,42,9980504397,9980493688,1466
docs/inst_test/instancias/n_1000_10,5000,20,10,100,0.2000,123,9980504397,9980493688,1288
docs/inst_test/instancias/n_1000_10,5000,20,10,100,0.3000,42,9980504397,9980493688,1261
docs/inst_test/instancias/n_1000_10,5000,20,10,100,0.2000,2026,9980504397,9980493688,1412
docs/inst_test/instancias/n_1000_10,5000,20,10,100,0.3000,123,9980504397,9980493688,1266
docs/inst_test/instancias/n_1000_10,5000,20,10,100,0.3000,2026,9980504397,9980493688,1268
docs/inst_test/instancias/n_1000_10,5000,20,10,200,0.1000,42,9980504529,9980493829,1418
docs/inst_test/instancias/n_1000_10,5000,20,10,200,0.1000,123,9980504397,9980493688,1504
docs/inst_test/instancias/n_1000_10,5000,20,10,200,0.1000,2026,9980504650,9980493853,1428
docs/inst_test/instancias/n_1000_10,5000,20,10,200,0.2000,42,9980504397,9980493688,1393
docs/inst_test/instancias/n_1000_10,5000,20,10,200,0.2000,123,9980504397,9980493688,1447
docs/inst_test/instancias/n_1000_10,5000,20,10,200,0.2000,2026,9980504397,9980493688,1388
docs/inst_test/instancias/n_1000_10,5000,20,10,200,0.3000,42,9980504397,9980493688,1403
docs/inst_test/instancias/n_1000_10,5000,20,10,200,0.3000,123,9980504397,9980493688,1300
docs/inst_test/instancias/n_1000_10,5000,20,10,200,0.3000,2026,9980504397,9980493688,1350
docs/inst_test/instancias/n_1000_10,5000,20,15,50,0.1000,42,9980504529,9980493829,1436
docs/inst_test/instancias/n_1000_10,5000,20,15,50,0.1000,123,9980504552,9980493938,1432
docs/inst_test/instancias/n_1000_10,5000,20,15,50,0.1000,2026,9980504819,9980493916,1437
docs/inst_test/instancias/n_1000_10,5000,20,15,50,0.2000,2026,9980504397,9980493688,1236
docs/inst_test/instancias/n_1000_10,5000,20,15,50,0.2000,42,9980504397,9980493688,1364
docs/inst_test/instancias/n_1000_10,5000,20,15,50,0.2000,123,9980504397,9980493688,1428
docs/inst_test/instancias/n_1000_10,5000,20,15,50,0.3000,42,9980504397,9980493688,1303
docs/inst_test/instancias/n_1000_10,5000,20,15,50,0.3000,123,9980504397,9980493688,1419
docs/inst_test/instancias/n_1000_10,5000,20,15,50,0.3000,2026,9980504397,9980493688,1370
docs/inst_test/instancias/n_1000_10,5000,20,15,100,0.1000,42,9980504529,9980493829,1387
docs/inst_test/instancias/n_1000_10,5000,20,15,100,0.1000,123,9980504397,9980493688,1415
docs/inst_test/instancias/n_1000_10,5000,20,15,100,0.1000,2026,9980504650,9980493853,1379
docs/inst_test/instancias/n_1000_10,5000,20,15,100,0.2000,42,9980504397,9980493688,1355
docs/inst_test/instancias/n_1000_10,5000,20,15,100,0.2000,123,9980504397,9980493688,1345
docs/inst_test/instancias/n_1000_10,5000,20,15,100,0.2000,2026,9980504397,9980493688,1440
docs/inst_test/instancias/n_1000_10,5000,20,15,100,0.3000,42,9980504397,9980493688,1307
docs/inst_test/instancias/n_1000_10,5000,20,15,100,0.3000,2026,9980504397,9980493688,1299
docs/inst_test/instancias/n_1000_10,5000,20,15,100,0.3000,123,9980504397,9980493688,1392
docs/inst_test/instancias/n_1000_10,5000,20,15,200,0.1000,42,9980504529,9980493829,1384
docs/inst_test/instancias/n_1000_10,5000,20,15,200,0.1000,123,9980504397,9980493688,1446
docs/inst_test/instancias/n_1000_10,5000,20,15,200,0.1000,2026,9980504650,9980493853,1475
docs/inst_test/instancias/n_1000_10,5000,20,15,200,0.2000,42,9980504397,9980493688,1414
docs/inst_test/instancias/n_1000_10,5000,20,15,200,0.2000,123,9980504397,9980493688,1420
docs/inst_test/instancias/n_1000_2,1000,10,7,50,0.1000,42,9999331207,9999316534,266
docs/inst_test/instancias/n_1000_2,1000,10,7,50,0.1000,2026,9998331097,9998316398,247
docs/inst_test/instancias/n_1000_2,1000,10,7,50,0.1000,123,9996330629,9996316194,294
docs/inst_test/instancias/n_1000_10,5000,20,15,200,0.2000,2026,9980504397,9980493688,1356
docs/inst_test/instancias/n_1000_2,1000,10,7,50,0.2000,42,9999858876,9999845001,261
docs/inst_test/instancias/n_1000_2,1000,10,7,50,0.2000,123,9999912391,9999900751,272
docs/inst_test/instancias/n_1000_10,5000,20,15,200,0.3000,42,9980504397,9980493688,1346
docs/inst_test/instancias/n_1000_2,1000,10,7,50,0.3000,42,9999964760,9999957474,230
docs/inst_test/instancias/n_1000_2,1000,10,7,50,0.2000,2026,9996385206,9996372915,278
docs/inst_test/instancias/n_1000_2,1000,10,7,50,0.3000,123,9996911904,9996900423,239
docs/inst_test/instancias/n_1000_10,5000,20,15,200,0.3000,123,9980504397,9980493688,1371
docs/inst_test/instancias/n_1000_2,1000,10,7,50,0.3000,2026,9999438838,9999429166,224
docs/inst_test/instancias/n_1000_2,1000,10,7,100,0.1000,42,9999331207,9999316534,291
docs/inst_test/instancias/n_1000_2,1000,10,7,100,0.1000,123,9996330629,9996316194,268
docs/inst_test/instancias/n_1000_2,1000,10,7,100,0.2000,42,9999858876,9999845001,260
docs/inst_test/instancias/n_1000_2,1000,10,7,100,0.1000,2026,9998331097,9998316398,270
docs/inst_test/instancias/n_1000_2,1000,10,7,100,0.2000,123,9998385547,9998372602,284
docs/inst_test/instancias/n_1000_2,1000,10,7,100,0.2000,2026,9996385206,9996372915,267
docs/inst_test/instancias/n_1000_2,1000,10,7,100,0.3000,42,9994911311,9994900125,266
docs/inst_test/instancias/n_1000_10,5000,20,15,200,0.3000,2026,9980504397,9980493688,1291
docs/inst_test/instancias/n_1000_2,1000,10,7,100,0.3000,123,9992384096,9992371960,255
docs/inst_test/instancias/n_1000_2,1000,10,7,100,0.3000,2026,9998912310,9998901354,238
docs/inst_test/instancias/n_1000_2,1000,10,7,200,0.1000,42,9999331207,9999316534,274
docs/inst_test/instancias/n_1000_2,1000,10,7,200,0.1000,123,9996330629,9996316194,283
docs/inst_test/instancias/n_1000_2,1000,10,7,200,0.1000,2026,9998331097,9998316398,251
docs/inst_test/instancias/n_1000_2,1000,10,7,200,0.2000,42,9999858876,9999845001,289
docs/inst_test/instancias/n_1000_2,1000,10,7,200,0.2000,2026,9988329174,9988314581,233
docs/inst_test/instancias/n_1000_2,1000,10,7,200,0.2000,123,9994857808,9994843942,303
docs/inst_test/instancias/n_1000_2,1000,10,7,200,0.3000,42,9990329448,9990314935,279
docs/inst_test/instancias/n_1000_2,1000,10,7,200,0.3000,123,9990856748,9990842853,284
docs/inst_test/instancias/n_1000_2,1000,10,7,200,0.3000,2026,9998912310,9998901354,265
docs/inst_test/instancias/n_1000_2,1000,10,10,50,0.1000,42,9999331207,9999316534,328
docs/inst_test/instancias/n_1000_2,1000,10,10,50,0.2000,42,9999858876,9999845001,257
docs/inst_test/instancias/n_1000_2,1000,10,10,50,0.1000,2026,9998331097,9998316398,290
docs/inst_test/instancias/n_1000_2,1000,10,10,50,0.1000,123,9996330629,9996316194,345
docs/inst_test/instancias/n_1000_2,1000,10,10,50,0.2000,123,9999912391,9999900751,254
docs/inst_test/instancias/n_1000_2,1000,10,10,50,0.3000,42,9999964760,9999957474,196
docs/inst_test/instancias/n_1000_2,1000,10,10,50,0.2000,2026,9996385206,9996372915,284
docs/inst_test/instancias/n_1000_2,1000,10,10,50,0.3000,123,9996911904,9996900423,248
docs/inst_test/instancias/n_1000_2,1000,10,10,50,0.3000,2026,9999438838,9999429166,235
docs/inst_test/instancias/n_1000_2,1000,10,10,100,0.1000,2026,9998331097,9998316398,248
docs/inst_test/instancias/n_1000_2,1000,10,10,100,0.1000,42,9999331207,9999316534,291
docs/inst_test/instancias/n_1000_2,1000,10,10,100,0.1000,123,9996330629,9996316194,292
docs/inst_test/instancias/n_1000_2,1000,10,10,100,0.2000,123,9998385547,9998372602,264
docs/inst_test/instancias/n_1000_2,1000,10,10,100,0.2000,42,9999858876,9999845001,315
docs/inst_test/instancias/n_1000_2,1000,10,10,100,0.3000,42,9994911311,9994900125,230
docs/inst_test/instancias/n_1000_2,1000,10,10,100,0.2000,2026,9996385206,9996372915,281
docs/inst_test/instancias/n_1000_2,1000,10,10,100,0.3000,123,9992384096,9992371960,272
docs/inst_test/instancias/n_1000_2,1000,10,10,100,0.3000,2026,9998912310,9998901354,237
docs/inst_test/instancias/n_1000_2,1000,10,10,200,0.1000,123,9996330629,9996316194,274
docs/inst_test/instancias/n_1000_2,1000,10,10,200,0.1000,2026,9998331097,9998316398,256
docs/inst_test/instancias/n_1000_2,1000,10,10,200,0.1000,42,9999331207,9999316534,316
docs/inst_test/instancias/n_1000_2,1000,10,10,200,0.2000,123,9994857808,9994843942,249
docs/inst_test/instancias/n_1000_2,1000,10,10,200,0.2000,42,9999858876,9999845001,293
docs/inst_test/instancias/n_1000_2,1000,10,10,200,0.2000,2026,9988329174,9988314581,244
docs/inst_test/instancias/n_1000_2,1000,10,10,200,0.3000,42,9990329448,9990314935,247
docs/inst_test/instancias/n_1000_2,1000,10,10,200,0.3000,123,9990856748,9990842853,274
docs/inst_test/instancias/n_1000_2,1000,10,10,200,0.3000,2026,9998912310,9998901354,233
docs/inst_test/instancias/n_1000_2,1000,10,15,50,0.1000,42,9999331207,9999316534,275
docs/inst_test/instancias/n_1000_2,1000,10,15,50,0.1000,2026,9998331097,9998316398,250
docs/inst_test/instancias/n_1000_2,1000,10,15,50,0.1000,123,9996330629,9996316194,297
docs/inst_test/instancias/n_1000_2,1000,10,15,50,0.2000,42,9999858876,9999845001,257
docs/inst_test/instancias/n_1000_2,1000,10,15,50,0.2000,123,9999912391,9999900751,277
docs/inst_test/instancias/n_1000_2,1000,10,15,50,0.2000,2026,9996385206,9996372915,268
docs/inst_test/instancias/n_1000_2,1000,10,15,50,0.3000,42,9999964760,9999957474,247
docs/inst_test/instancias/n_1000_2,1000,10,15,50,0.3000,123,9996911904,9996900423,229
docs/inst_test/instancias/n_1000_2,1000,10,15,50,0.3000,2026,9999438838,9999429166,226
docs/inst_test/instancias/n_1000_2,1000,10,15,100,0.1000,123,9996330629,9996316194,243
docs/inst_test/instancias/n_1000_2,1000,10,15,100,0.1000,42,9999331207,9999316534,260
docs/inst_test/instancias/n_1000_2,1000,10,15,100,0.1000,2026,9998331097,9998316398,264
docs/inst_test/instancias/n_1000_2,1000,10,15,100,0.2000,42,9999858876,9999845001,262
docs/inst_test/instancias/n_1000_2,1000,10,15,100,0.2000,2026,9996385206,9996372915,247
docs/inst_test/instancias/n_1000_2,1000,10,15,100,0.2000,123,9998385547,9998372602,263
docs/inst_test/instancias/n_1000_2,1000,10,15,100,0.3000,42,9994911311,9994900125,258
docs/inst_test/instancias/n_1000_2,1000,10,15,100,0.3000,123,9992384096,9992371960,252
docs/inst_test/instancias/n_1000_2,1000,10,15,100,0.3000,2026,9998912310,9998901354,233
docs/inst_test/instancias/n_1000_2,1000,10,15,200,0.1000,42,9999331207,9999316534,251
docs/inst_test/instancias/n_1000_2,1000,10,15,200,0.1000,123,9996330629,9996316194,256
docs/inst_test/instancias/n_1000_2,1000,10,15,200,0.1000,2026,9998331097,9998316398,273
docs/inst_test/instancias/n_1000_2,1000,10,15,200,0.2000,123,9994857808,9994843942,249
docs/inst_test/instancias/n_1000_2,1000,10,15,200,0.2000,2026,9988329174,9988314581,244
docs/inst_test/instancias/n_1000_2,1000,10,15,200,0.3000,42,9990329448,9990314935,249
docs/inst_test/instancias/n_1000_2,1000,10,15,200,0.3000,2026,9998912310,9998901354,212
docs/inst_test/instancias/n_1000_2,1000,10,15,200,0.3000,123,9990856748,9990842853,248
docs/inst_test/instancias/n_1000_2,1000,10,15,200,0.2000,42,9999858876,9999845001,375
docs/inst_test/instancias/n_1000_2,1000,15,7,50,0.1000,42,9999331207,9999316534,286
docs/inst_test/instancias/n_1000_2,1000,15,7,50,0.1000,123,9996330629,9996316194,269
docs/inst_test/instancias/n_1000_2,1000,15,7,50,0.1000,2026,9998331097,9998316398,282
docs/inst_test/instancias/n_1000_2,1000,15,7,50,0.2000,42,9999858876,9999845001,267
docs/inst_test/instancias/n_1000_2,1000,15,7,50,0.2000,123,9999912391,9999900751,229
docs/inst_test/instancias/n_1000_2,1000,15,7,50,0.2000,2026,9996385206,9996372915,222
docs/inst_test/instancias/n_1000_2,1000,15,7,50,0.3000,123,9996911904,9996900423,209
docs/inst_test/instancias/n_1000_2,1000,15,7,50,0.3000,42,9999964760,9999957474,252
docs/inst_test/instancias/n_1000_2,1000,15,7,50,0.3000,2026,9999438838,9999429166,232
docs/inst_test/instancias/n_1000_2,1000,15,7,100,0.1000,42,9999331207,9999316534,281
docs/inst_test/instancias/n_1000_2,1000,15,7,100,0.1000,123,9996330629,9996316194,272
docs/inst_test/instancias/n_1000_2,1000,15,7,100,0.2000,42,9999858876,9999845001,317
docs/inst_test/instancias/n_1000_2,1000,15,7,100,0.1000,2026,9998331097,9998316398,326
docs/inst_test/instancias/n_1000_2,1000,15,7,100,0.2000,123,9998385547,9998372602,303
docs/inst_test/instancias/n_1000_2,1000,15,7,100,0.2000,2026,9996385206,9996372915,290
docs/inst_test/instancias/n_1000_2,1000,15,7,100,0.3000,42,9994911311,9994900125,290
docs/inst_test/instancias/n_1000_2,1000,15,7,100,0.3000,123,9992384096,9992371960,267
docs/inst_test/instancias/n_1000_2,1000,15,7,100,0.3000,2026,9998912310,9998901354,215
docs/inst_test/instancias/n_1000_2,1000,15,7,200,0.1000,42,9999331207,9999316534,302
docs/inst_test/instancias/n_1000_2,1000,15,7,200,0.1000,123,9996330629,9996316194,252
docs/inst_test/instancias/n_1000_2,1000,15,7,200,0.2000,42,9999858876,9999845001,266
docs/inst_test/instancias/n_1000_2,1000,15,7,200,0.2000,123,9994857808,9994843942,268
docs/inst_test/instancias/n_1000_2,1000,15,7,200,0.2000,2026,9988329174,9988314581,248
docs/inst_test/instancias/n_1000_2,1000,15,7,200,0.1000,2026,9998331097,9998316398,291
docs/inst_test/instancias/n_1000_2,1000,15,7,200,0.3000,42,9990329448,9990314935,254
docs/inst_test/instancias/n_1000_2,1000,15,7,200,0.3000,123,9990856748,9990842853,256
docs/inst_test/instancias/n_1000_2,1000,15,10,50,0.1000,42,9999331207,9999316534,240
docs/inst_test/instancias/n_1000_2,1000,15,7,200,0.3000,2026,9998912310,9998901354,250
docs/inst_test/instancias/n_1000_2,1000,15,10,50,0.2000,42,9999858876,9999845001,251
docs/inst_test/instancias/n_1000_2,1000,15,10,50,0.2000,123,9999912391,9999900751,247
docs/inst_test/instancias/n_1000_2,1000,15,10,50,0.1000,123,9996330629,9996316194,291
docs/inst_test/instancias/n_1000_2,1000,15,10,50,0.1000,2026,9998331097,9998316398,291
docs/inst_test/instancias/n_1000_2,1000,15,10,50,0.2000,2026,9996385206,9996372915,249
docs/inst_test/instancias/n_1000_2,1000,15,10,50,0.3000,42,9999964760,9999957474,249
docs/inst_test/instancias/n_1000_2,1000,15,10,50,0.3000,123,9996911904,9996900423,203
docs/inst_test/instancias/n_1000_2,1000,15,10,50,0.3000,2026,9999438838,9999429166,239
docs/inst_test/instancias/n_1000_2,1000,15,10,100,0.1000,42,9999331207,9999316534,232
docs/inst_test/instancias/n_1000_2,1000,15,10,100,0.1000,123,9996330629,9996316194,285
docs/inst_test/instancias/n_1000_2,1000,15,10,100,0.2000,42,9999858876,9999845001,257
docs/inst_test/instancias/n_1000_2,1000,15,10,100,0.2000,123,9998385547,9998372602,262
docs/inst_test/instancias/n_1000_2,1000,15,10,100,0.1000,2026,9998331097,9998316398,294
docs/inst_test/instancias/n_1000_2,1000,15,10,100,0.2000,2026,9996385206,9996372915,269
docs/inst_test/instancias/n_1000_2,1000,15,10,100,0.3000,42,9994911311,9994900125,255
docs/inst_test/instancias/n_1000_2,1000,15,10,100,0.3000,2026,9998912310,9998901354,199
docs/inst_test/instancias/n_1000_2,1000,15,10,100,0.3000,123,9992384096,9992371960,250
docs/inst_test/instancias/n_1000_2,1000,15,10,200,0.1000,42,9999331207,9999316534,263
docs/inst_test/instancias/n_1000_2,1000,15,10,200,0.1000,2026,9998331097,9998316398,250
docs/inst_test/instancias/n_1000_2,1000,15,10,200,0.1000,123,9996330629,9996316194,275
docs/inst_test/instancias/n_1000_2,1000,15,10,200,0.2000,123,9994857808,9994843942,250
docs/inst_test/instancias/n_1000_2,1000,15,10,200,0.2000,2026,9988329174,9988314581,247
docs/inst_test/instancias/n_1000_2,1000,15,10,200,0.2000,42,9999858876,9999845001,350
docs/inst_test/instancias/n_1000_2,1000,15,10,200,0.3000,42,9990329448,9990314935,257
docs/inst_test/instancias/n_1000_2,1000,15,10,200,0.3000,123,9990856748,9990842853,251
docs/inst_test/instancias/n_1000_2,1000,15,10,200,0.3000,2026,9998912310,9998901354,223
docs/inst_test/instancias/n_1000_2,1000,15,15,50,0.1000,42,9999331207,9999316534,259
docs/inst_test/instancias/n_1000_2,1000,15,15,50,0.1000,123,9996330629,9996316194,275
docs/inst_test/instancias/n_1000_2,1000,15,15,50,0.1000,2026,9998331097,9998316398,256
docs/inst_test/instancias/n_1000_2,1000,15,15,50,0.2000,42,9999858876,9999845001,254
docs/inst_test/instancias/n_1000_2,1000,15,15,50,0.3000,42,9999964760,9999957474,228
docs/inst_test/instancias/n_1000_2,1000,15,15,50,0.2000,123,9999912391,9999900751,262
docs/inst_test/instancias/n_1000_2,1000,15,15,50,0.2000,2026,9996385206,9996372915,256
docs/inst_test/instancias/n_1000_2,1000,15,15,50,0.3000,123,9996911904,9996900423,220
docs/inst_test/instancias/n_1000_2,1000,15,15,50,0.3000,2026,9999438838,9999429166,235
docs/inst_test/instancias/n_1000_2,1000,15,15,100,0.1000,42,9999331207,9999316534,254
docs/inst_test/instancias/n_1000_2,1000,15,15,100,0.1000,123,9996330629,9996316194,282
docs/inst_test/instancias/n_1000_2,1000,15,15,100,0.1000,2026,9998331097,9998316398,251
docs/inst_test/instancias/n_1000_2,1000,15,15,100,0.2000,42,9999858876,9999845001,253
docs/inst_test/instancias/n_1000_2,1000,15,15,100,0.2000,2026,9996385206,9996372915,249
docs/inst_test/instancias/n_1000_2,1000,15,15,100,0.3000,42,9994911311,9994900125,229
docs/inst_test/instancias/n_1000_2,1000,15,15,100,0.2000,123,9998385547,9998372602,290
docs/inst_test/instancias/n_1000_2,1000,15,15,100,0.3000,123,9992384096,9992371960,232
docs/inst_test/instancias/n_1000_2,1000,15,15,100,0.3000,2026,9998912310,9998901354,232
docs/inst_test/instancias/n_1000_2,1000,15,15,200,0.1000,42,9999331207,9999316534,272
docs/inst_test/instancias/n_1000_2,1000,15,15,200,0.2000,42,9999858876,9999845001,291
docs/inst_test/instancias/n_1000_2,1000,15,15,200,0.1000,2026,9998331097,9998316398,323
docs/inst_test/instancias/n_1000_2,1000,15,15,200,0.2000,123,9994857808,9994843942,301
docs/inst_test/instancias/n_1000_2,1000,15,15,200,0.1000,123,9996330629,9996316194,369
docs/inst_test/instancias/n_1000_2,1000,15,15,200,0.2000,2026,9988329174,9988314581,316
docs/inst_test/instancias/n_1000_2,1000,15,15,200,0.3000,42,9990329448,9990314935,314
docs/inst_test/instancias/n_1000_2,1000,15,15,200,0.3000,123,9990856748,9990842853,279
docs/inst_test/instancias/n_1000_2,1000,15,15,200,0.3000,2026,9998912310,9998901354,277
docs/inst_test/instancias/n_1000_2,1000,20,7,50,0.1000,42,9999331207,9999316534,274
docs/inst_test/instancias/n_1000_2,1000,20,7,50,0.2000,123,9999912391,9999900751,231
docs/inst_test/instancias/n_1000_2,1000,20,7,50,0.2000,42,9999858876,9999845001,243
docs/inst_test/instancias/n_1000_2,1000,20,7,50,0.1000,123,9996330629,9996316194,281
docs/inst_test/instancias/n_1000_2,1000,20,7,50,0.1000,2026,9998331097,9998316398,266
docs/inst_test/instancias/n_1000_2,1000,20,7,50,0.3000,42,9999964760,9999957474,241
docs/inst_test/instancias/n_1000_2,1000,20,7,50,0.2000,2026,9996385206,9996372915,259
docs/inst_test/instancias/n_1000_2,1000,20,7,50,0.3000,123,9996911904,9996900423,205
docs/inst_test/instancias/n_1000_2,1000,20,7,100,0.1000,42,9999331207,9999316534,216
docs/inst_test/instancias/n_1000_2,1000,20,7,100,0.2000,42,9999858876,9999845001,215
docs/inst_test/instancias/n_1000_2,1000,20,7,50,0.3000,2026,9999438838,9999429166,260
docs/inst_test/instancias/n_1000_2,1000,20,7,100,0.3000,42,9994911311,9994900125,201
docs/inst_test/instancias/n_1000_2,1000,20,7,100,0.1000,2026,9998331097,9998316398,311
docs/inst_test/instancias/n_1000_2,1000,20,7,100,0.1000,123,9996330629,9996316194,337
docs/inst_test/instancias/n_1000_2,1000,20,7,100,0.2000,2026,9996385206,9996372915,272
docs/inst_test/instancias/n_1000_2,1000,20,7,100,0.2000,123,9998385547,9998372602,299
docs/inst_test/instancias/n_1000_2,1000,20,7,100,0.3000,2026,9998912310,9998901354,205
docs/inst_test/instancias/n_1000_2,1000,20,7,100,0.3000,123,9992384096,9992371960,233
docs/inst_test/instancias/n_1000_2,1000,20,7,200,0.1000,2026,9998331097,9998316398,226
docs/inst_test/instancias/n_1000_2,1000,20,7,200,0.1000,42,9999331207,9999316534,306
docs/inst_test/instancias/n_1000_2,1000,20,7,200,0.1000,123,9996330629,9996316194,261
docs/inst_test/instancias/n_1000_2,1000,20,7,200,0.2000,2026,9988329174,9988314581,205
docs/inst_test/instancias/n_1000_2,1000,20,7,200,0.2000,42,9999858876,9999845001,289
docs/inst_test/instancias/n_1000_2,1000,20,7,200,0.2000,123,9994857808,9994843942,307
docs/inst_test/instancias/n_1000_2,1000,20,7,200,0.3000,123,9990856748,9990842853,279
docs/inst_test/instancias/n_1000_2,1000,20,7,200,0.3000,42,9990329448,9990314935,293
docs/inst_test/instancias/n_1000_2,1000,20,7,200,0.3000,2026,9998912310,9998901354,192
docs/inst_test/instancias/n_1000_2,1000,20,10,50,0.1000,2026,9998331097,9998316398,244
docs/inst_test/instancias/n_1000_2,1000,20,10,50,0.1000,123,9996330629,9996316194,292
docs/inst_test/instancias/n_1000_2,1000,20,10,50,0.1000,42,9999331207,9999316534,313
docs/inst_test/instancias/n_1000_2,1000,20,10,50,0.2000,42,9999858876,9999845001,269
docs/inst_test/instancias/n_1000_2,1000,20,10,50,0.2000,123,9999912391,9999900751,245
docs/inst_test/instancias/n_1000_2,1000,20,10,50,0.3000,123,9996911904,9996900423,202
docs/inst_test/instancias/n_1000_2,1000,20,10,50,0.3000,42,9999964760,9999957474,220
docs/inst_test/instancias/n_1000_2,1000,20,10,50,0.3000,2026,9999438838,9999429166,215
docs/inst_test/instancias/n_1000_2,1000,20,10,50,0.2000,2026,9996385206,9996372915,363
docs/inst_test/instancias/n_1000_2,1000,20,10,100,0.1000,42,9999331207,9999316534,249
docs/inst_test/instancias/n_1000_2,1000,20,10,100,0.1000,123,9996330629,9996316194,250
docs/inst_test/instancias/n_1000_2,1000,20,10,100,0.2000,42,9999858876,9999845001,248
docs/inst_test/instancias/n_1000_2,1000,20,10,100,0.2000,123,9998385547,9998372602,234
docs/inst_test/instancias/n_1000_2,1000,20,10,100,0.2000,2026,9996385206,9996372915,243
docs/inst_test/instancias/n_1000_2,1000,20,10,100,0.3000,42,9994911311,9994900125,231
docs/inst_test/instancias/n_1000_2,1000,20,10,100,0.1000,2026,9998331097,9998316398,377
docs/inst_test/instancias/n_1000_2,1000,20,10,100,0.3000,2026,9998912310,9998901354,204
docs/inst_test/instancias/n_1000_2,1000,20,10,100,0.3000,123,9992384096,9992371960,247
docs/inst_test/instancias/n_1000_2,1000,20,10,200,0.1000,42,9999331207,9999316534,270
docs/inst_test/instancias/n_1000_2,1000,20,10,200,0.1000,123,9996330629,9996316194,270
docs/inst_test/instancias/n_1000_2,1000,20,10,200,0.1000,2026,9998331097,9998316398,261
docs/inst_test/instancias/n_1000_2,1000,20,10,200,0.2000,42,9999858876,9999845001,261
docs/inst_test/instancias/n_1000_2,1000,20,10,200,0.2000,2026,9988329174,9988314581,255
docs/inst_test/instancias/n_1000_2,1000,20,10,200,0.2000,123,9994857808,9994843942,287
docs/inst_test/instancias/n_1000_2,1000,20,10,200,0.3000,42,9990329448,9990314935,277
docs/inst_test/instancias/n_1000_2,1000,20,10,200,0.3000,123,9990856748,9990842853,259
docs/inst_test/instancias/n_1000_2,1000,20,10,200,0.3000,2026,9998912310,9998901354,242
docs/inst_test/instancias/n_1000_2,1000,20,15,50,0.1000,42,9999331207,9999316534,274
docs/inst_test/instancias/n_1000_2,1000,20,15,50,0.1000,123,9996330629,9996316194,287
docs/inst_test/instancias/n_1000_2,1000,20,15,50,0.1000,2026,9998331097,9998316398,281
docs/inst_test/instancias/n_1000_2,1000,20,15,50,0.2000,42,9999858876,9999845001,269
docs/inst_test/instancias/n_1000_2,1000,20,15,50,0.2000,123,9999912391,9999900751,283
docs/inst_test/instancias/n_1000_2,1000,20,15,50,0.3000,42,9999964760,9999957474,258
docs/inst_test/instancias/n_1000_2,1000,20,15,50,0.2000,2026,9996385206,9996372915,271
docs/inst_test/instancias/n_1000_2,1000,20,15,50,0.3000,123,9996911904,9996900423,273
docs/inst_test/instancias/n_1000_2,1000,20,15,50,0.3000,2026,9999438838,9999429166,213
docs/inst_test/instancias/n_1000_2,1000,20,15,100,0.1000,123,9996330629,9996316194,276
docs/inst_test/instancias/n_1000_2,1000,20,15,100,0.1000,2026,9998331097,9998316398,270
docs/inst_test/instancias/n_1000_2,1000,20,15,100,0.1000,42,9999331207,9999316534,349
docs/inst_test/instancias/n_1000_2,1000,20,15,100,0.2000,123,9998385547,9998372602,249
docs/inst_test/instancias/n_1000_2,1000,20,15,100,0.2000,2026,9996385206,9996372915,247
docs/inst_test/instancias/n_1000_2,1000,20,15,100,0.3000,42,9994911311,9994900125,228
docs/inst_test/instancias/n_1000_2,1000,20,15,100,0.2000,42,9999858876,9999845001,293
docs/inst_test/instancias/n_1000_2,1000,20,15,100,0.3000,123,9992384096,9992371960,241
docs/inst_test/instancias/n_1000_2,1000,20,15,100,0.3000,2026,9998912310,9998901354,183
docs/inst_test/instancias/n_1000_2,1000,20,15,200,0.2000,42,9999858876,9999845001,235
docs/inst_test/instancias/n_1000_2,1000,20,15,200,0.1000,42,9999331207,9999316534,285
docs/inst_test/instancias/n_1000_2,1000,20,15,200,0.1000,2026,9998331097,9998316398,256
docs/inst_test/instancias/n_1000_2,1000,20,15,200,0.3000,42,9990329448,9990314935,229
docs/inst_test/instancias/n_1000_2,1000,20,15,200,0.2000,2026,9988329174,9988314581,250
docs/inst_test/instancias/n_1000_2,1000,20,15,200,0.2000,123,9994857808,9994843942,258
docs/inst_test/instancias/n_1000_2,1000,20,15,200,0.1000,123,9996330629,9996316194,335
docs/inst_test/instancias/n_1000_2,1000,20,15,200,0.3000,123,9990856748,9990842853,253
docs/inst_test/instancias/n_1000_2,1000,20,15,200,0.3000,2026,9998912310,9998901354,226
docs/inst_test/instancias/n_1000_2,3000,10,7,50,0.2000,123,9999912687,9999900712,630
docs/inst_test/instancias/n_1000_2,3000,10,7,50,0.3000,42,9999964955,9999957055,571
docs/inst_test/instancias/n_1000_2,3000,10,7,50,0.2000,2026,9998912519,9998900937,653
docs/inst_test/instancias/n_1000_2,3000,10,7,50,0.1000,2026,9998331097,9998316398,742
docs/inst_test/instancias/n_1000_2,3000,10,7,50,0.2000,42,9999858876,9999845001,752
docs/inst_test/instancias/n_1000_2,3000,10,7,50,0.1000,123,9997330896,9997315998,816
docs/inst_test/instancias/n_1000_2,3000,10,7,50,0.3000,123,9999438622,9999429155,634
docs/inst_test/instancias/n_1000_2,3000,10,7,50,0.1000,42,9999331207,9999316534,903
docs/inst_test/instancias/n_1000_2,3000,10,7,50,0.3000,2026,9999438838,9999429166,638
docs/inst_test/instancias/n_1000_2,3000,10,7,100,0.3000,42,9999964929,9999957495,518
docs/inst_test/instancias/n_1000_2,3000,10,7,100,0.1000,2026,9998331097,9998316398,724
docs/inst_test/instancias/n_1000_2,3000,10,7,100,0.1000,42,9999331207,9999316534,872
docs/inst_test/instancias/n_1000_2,3000,10,7,100,0.1000,123,9996330629,9996316194,862
docs/inst_test/instancias/n_1000_2,3000,10,7,100,0.2000,123,9999912391,9999900751,752
docs/inst_test/instancias/n_1000_2,3000,10,7,100,0.2000,42,9999858876,9999845001,795
docs/inst_test/instancias/n_1000_2,3000,10,7,100,0.2000,2026,9998912519,9998900937,733
docs/inst_test/instancias/n_1000_2,3000,10,7,100,0.3000,123,9999438622,9999429155,677
docs/inst_test/instancias/n_1000_2,3000,10,7,100,0.3000,2026,9999438838,9999429166,565
docs/inst_test/instancias/n_1000_2,3000,10,7,200,0.2000,123,9998385547,9998372602,672
docs/inst_test/instancias/n_1000_2,3000,10,7,200,0.2000,2026,9996385206,9996372915,747
docs/inst_test/instancias/n_1000_2,3000,10,7,200,0.1000,42,9999331207,9999316534,852
docs/inst_test/instancias/n_1000_2,3000,10,7,200,0.1000,123,9996330629,9996316194,809
docs/inst_test/instancias/n_1000_2,3000,10,7,200,0.2000,42,9999858876,9999845001,838
docs/inst_test/instancias/n_1000_2,3000,10,7,200,0.1000,2026,9998331097,9998316398,843
docs/inst_test/instancias/n_1000_2,3000,10,7,200,0.3000,123,9996911904,9996900423,725
docs/inst_test/instancias/n_1000_2,3000,10,7,200,0.3000,42,9998438516,9998428988,740
docs/inst_test/instancias/n_1000_2,3000,10,7,200,0.3000,2026,9998912310,9998901354,571
docs/inst_test/instancias/n_1000_2,3000,10,10,50,0.2000,123,9999912687,9999900712,688
docs/inst_test/instancias/n_1000_2,3000,10,10,50,0.1000,123,9997330896,9997315998,784
docs/inst_test/instancias/n_1000_2,3000,10,10,50,0.2000,42,9999858876,9999845001,762
docs/inst_test/instancias/n_1000_2,3000,10,10,50,0.1000,42,9999331207,9999316534,845
docs/inst_test/instancias/n_1000_2,3000,10,10,50,0.1000,2026,9998331097,9998316398,864
docs/inst_test/instancias/n_1000_2,3000,10,10,50,0.3000,42,9999964955,9999957055,563
docs/inst_test/instancias/n_1000_2,3000,10,10,50,0.3000,123,9999438622,9999429155,568
docs/inst_test/instancias/n_1000_2,3000,10,10,50,0.2000,2026,9998912519,9998900937,715
docs/inst_test/instancias/n_1000_2,3000,10,10,50,0.3000,2026,9999438838,9999429166,607
docs/inst_test/instancias/n_1000_2,3000,10,10,100,0.1000,42,9999331207,9999316534,733
docs/inst_test/instancias/n_1000_2,3000,10,10,100,0.1000,123,9996330629,9996316194,787
docs/inst_test/instancias/n_1000_2,3000,10,10,100,0.1000,2026,9998331097,9998316398,812
docs/inst_test/instancias/n_1000_2,3000,10,10,100,0.2000,123,9999912391,9999900751,749
docs/inst_test/instancias/n_1000_2,3000,10,10,100,0.3000,42,9999964929,9999957495,618
docs/inst_test/instancias/n_1000_2,3000,10,10,100,0.2000,42,9999858876,9999845001,835
docs/inst_test/instancias/n_1000_2,3000,10,10,100,0.2000,2026,9998912519,9998900937,708
docs/inst_test/instancias/n_1000_2,3000,10,10,100,0.3000,123,9999438622,9999429155,655
docs/inst_test/instancias/n_1000_2,3000,10,10,100,0.3000,2026,9999438838,9999429166,548
docs/inst_test/instancias/n_1000_2,3000,10,10,200,0.1000,42,9999331207,9999316534,742
docs/inst_test/instancias/n_1000_2,3000,10,10,200,0.2000,42,9999858876,9999845001,714
docs/inst_test/instancias/n_1000_2,3000,10,10,200,0.1000,2026,9998331097,9998316398,734
docs/inst_test/instancias/n_1000_2,3000,10,10,200,0.2000,123,9998385547,9998372602,747
docs/inst_test/instancias/n_1000_2,3000,10,10,200,0.1000,123,9996330629,9996316194,933
docs/inst_test/instancias/n_1000_2,3000,10,10,200,0.2000,2026,9996385206,9996372915,888
docs/inst_test/instancias/n_1000_2,3000,10,10,200,0.3000,42,9998438516,9998428988,663
docs/inst_test/instancias/n_1000_2,3000,10,10,200,0.3000,123,9996911904,9996900423,629
docs/inst_test/instancias/n_1000_2,3000,10,10,200,0.3000,2026,9998912310,9998901354,648
docs/inst_test/instancias/n_1000_2,3000,10,15,50,0.1000,123,9997330896,9997315998,767
docs/inst_test/instancias/n_1000_2,3000,10,15,50,0.1000,2026,9998331097,9998316398,757
docs/inst_test/instancias/n_1000_2,3000,10,15,50,0.1000,42,9999331207,9999316534,880
docs/inst_test/instancias/n_1000_2,3000,10,15,50,0.2000,2026,9998912519,9998900937,621
docs/inst_test/instancias/n_1000_2,3000,10,15,50,0.3000,42,9999964955,9999957055,628
docs/inst_test/instancias/n_1000_2,3000,10,15,50,0.2000,42,9999858876,9999845001,775
docs/inst_test/instancias/n_1000_2,3000,10,15,50,0.2000,123,9999912687,9999900712,736
docs/inst_test/instancias/n_1000_2,3000,10,15,50,0.3000,123,9999438622,9999429155,655
docs/inst_test/instancias/n_1000_2,3000,10,15,50,0.3000,2026,9999438838,9999429166,552
docs/inst_test/instancias/n_1000_2,3000,10,15,100,0.1000,42,9999331207,9999316534,775
docs/inst_test/instancias/n_1000_2,3000,10,15,100,0.2000,123,9999912391,9999900751,699
docs/inst_test/instancias/n_1000_2,3000,10,15,100,0.2000,42,9999858876,9999845001,758
docs/inst_test/instancias/n_1000_2,3000,10,15,100,0.2000,2026,9998912519,9998900937,705
docs/inst_test/instancias/n_1000_2,3000,10,15,100,0.1000,123,9996330629,9996316194,803
docs/inst_test/instancias/n_1000_2,3000,10,15,100,0.1000,2026,9998331097,9998316398,812
docs/inst_test/instancias/n_1000_2,3000,10,15,100,0.3000,42,9999964929,9999957495,615
docs/inst_test/instancias/n_1000_2,3000,10,15,100,0.3000,123,9999438622,9999429155,593
docs/inst_test/instancias/n_1000_2,3000,10,15,100,0.3000,2026,9999438838,9999429166,659
docs/inst_test/instancias/n_1000_2,3000,10,15,200,0.2000,42,9999858876,9999845001,686
docs/inst_test/instancias/n_1000_2,3000,10,15,200,0.1000,2026,9998331097,9998316398,778
docs/inst_test/instancias/n_1000_2,3000,10,15,200,0.1000,42,9999331207,9999316534,821
docs/inst_test/instancias/n_1000_2,3000,10,15,200,0.2000,123,9998385547,9998372602,764
docs/inst_test/instancias/n_1000_2,3000,10,15,200,0.2000,2026,9996385206,9996372915,692
docs/inst_test/instancias/n_1000_2,3000,10,15,200,0.1000,123,9996330629,9996316194,944
docs/inst_test/instancias/n_1000_2,3000,10,15,200,0.3000,42,9998438516,9998428988,718
docs/inst_test/instancias/n_1000_2,3000,10,15,200,0.3000,123,9996911904,9996900423,665
docs/inst_test/instancias/n_1000_2,3000,10,15,200,0.3000,2026,9998912310,9998901354,692
docs/inst_test/instancias/n_1000_2,3000,15,7,50,0.1000,123,9997330896,9997315998,796
docs/inst_test/instancias/n_1000_2,3000,15,7,50,0.2000,42,9999858876,9999845001,724
docs/inst_test/instancias/n_1000_2,3000,15,7,50,0.1000,42,9999331207,9999316534,849
docs/inst_test/instancias/n_1000_2,3000,15,7,50,0.1000,2026,9998331097,9998316398,840
docs/inst_test/instancias/n_1000_2,3000,15,7,50,0.2000,2026,9998912519,9998900937,677
docs/inst_test/instancias/n_1000_2,3000,15,7,50,0.2000,123,9999912687,9999900712,728
docs/inst_test/instancias/n_1000_2,3000,15,7,50,0.3000,42,9999964955,9999957055,553
docs/inst_test/instancias/n_1000_2,3000,15,7,50,0.3000,123,9999438622,9999429155,665
docs/inst_test/instancias/n_1000_2,3000,15,7,50,0.3000,2026,9999438838,9999429166,560
docs/inst_test/instancias/n_1000_2,3000,15,7,100,0.2000,123,9999912391,9999900751,690
docs/inst_test/instancias/n_1000_2,3000,15,7,100,0.2000,42,9999858876,9999845001,729
docs/inst_test/instancias/n_1000_2,3000,15,7,100,0.1000,42,9999331207,9999316534,818
docs/inst_test/instancias/n_1000_2,3000,15,7,100,0.1000,123,9996330629,9996316194,824
docs/inst_test/instancias/n_1000_2,3000,15,7,100,0.1000,2026,9998331097,9998316398,817
docs/inst_test/instancias/n_1000_2,3000,15,7,100,0.2000,2026,9998912519,9998900937,725
docs/inst_test/instancias/n_1000_2,3000,15,7,100,0.3000,42,9999964929,9999957495,647
docs/inst_test/instancias/n_1000_2,3000,15,7,100,0.3000,123,9999438622,9999429155,689
docs/inst_test/instancias/n_1000_2,3000,15,7,100,0.3000,2026,9999438838,9999429166,615
docs/inst_test/instancias/n_1000_2,3000,15,7,200,0.1000,42,9999331207,9999316534,794
docs/inst_test/instancias/n_1000_2,3000,15,7,200,0.1000,123,9996330629,9996316194,753
docs/inst_test/instancias/n_1000_2,3000,15,7,200,0.2000,42,9999858876,9999845001,750
docs/inst_test/instancias/n_1000_2,3000,15,7,200,0.2000,123,9998385547,9998372602,723
docs/inst_test/instancias/n_1000_2,3000,15,7,200,0.1000,2026,9998331097,9998316398,816
docs/inst_test/instancias/n_1000_2,3000,15,7,200,0.2000,2026,9996385206,9996372915,764
docs/inst_test/instancias/n_1000_2,3000,15,7,200,0.3000,42,9998438516,9998428988,687
docs/inst_test/instancias/n_1000_2,3000,15,7,200,0.3000,123,9996911904,9996900423,678
docs/inst_test/instancias/n_1000_2,3000,15,7,200,0.3000,2026,9998912310,9998901354,704
docs/inst_test/instancias/n_1000_2,3000,15,10,50,0.2000,42,9999858876,9999845001,744
docs/inst_test/instancias/n_1000_2,3000,15,10,50,0.1000,123,9997330896,9997315998,835
docs/inst_test/instancias/n_1000_2,3000,15,10,50,0.1000,42,9999331207,9999316534,891
docs/inst_test/instancias/n_1000_2,3000,15,10,50,0.1000,2026,9998331097,9998316398,850
docs/inst_test/instancias/n_1000_2,3000,15,10,50,0.2000,123,9999912687,9999900712,694
docs/inst_test/instancias/n_1000_2,3000,15,10,50,0.3000,42,9999964955,9999957055,540
docs/inst_test/instancias/n_1000_2,3000,15,10,50,0.2000,2026,9998912519,9998900937,691
docs/inst_test/instancias/n_1000_2,3000,15,10,50,0.3000,123,9999438622,9999429155,659
docs/inst_test/instancias/n_1000_2,3000,15,10,50,0.3000,2026,9999438838,9999429166,573
docs/inst_test/instancias/n_1000_2,3000,15,10,100,0.1000,42,9999331207,9999316534,803
docs/inst_test/instancias/n_1000_2,3000,15,10,100,0.1000,123,9996330629,9996316194,796
docs/inst_test/instancias/n_1000_2,3000,15,10,100,0.2000,42,9999858876,9999845001,705
docs/inst_test/instancias/n_1000_2,3000,15,10,100,0.1000,2026,9998331097,9998316398,796
docs/inst_test/instancias/n_1000_2,3000,15,10,100,0.2000,2026,9998912519,9998900937,681
docs/inst_test/instancias/n_1000_2,3000,15,10,100,0.2000,123,9999912391,9999900751,835
docs/inst_test/instancias/n_1000_2,3000,15,10,100,0.3000,42,9999964929,9999957495,590
docs/inst_test/instancias/n_1000_2,3000,15,10,100,0.3000,123,9999438622,9999429155,696
docs/inst_test/instancias/n_1000_2,3000,15,10,100,0.3000,2026,9999438838,9999429166,695
docs/inst_test/instancias/n_1000_2,3000,15,10,200,0.1000,123,9996330629,9996316194,772
docs/inst_test/instancias/n_1000_2,3000,15,10,200,0.1000,42,9999331207,9999316534,796
docs/inst_test/instancias/n_1000_2,3000,15,10,200,0.2000,42,9999858876,9999845001,778
docs/inst_test/instancias/n_1000_2,3000,15,10,200,0.1000,2026,9998331097,9998316398,844
docs/inst_test/instancias/n_1000_2,3000,15,10,200,0.2000,123,9998385547,9998372602,834
docs/inst_test/instancias/n_1000_2,3000,15,10,200,0.2000,2026,9996385206,9996372915,806
docs/inst_test/instancias/n_1000_2,3000,15,10,200,0.3000,42,9998438516,9998428988,673
docs/inst_test/instancias/n_1000_2,3000,15,10,200,0.3000,123,9996911904,9996900423,724
docs/inst_test/instancias/n_1000_2,3000,15,10,200,0.3000,2026,9998912310,9998901354,663
docs/inst_test/instancias/n_1000_2,3000,15,15,50,0.1000,123,9997330896,9997315998,795
docs/inst_test/instancias/n_1000_2,3000,15,15,50,0.1000,42,9999331207,9999316534,842
docs/inst_test/instancias/n_1000_2,3000,15,15,50,0.2000,123,9999912687,9999900712,631
docs/inst_test/instancias/n_1000_2,3000,15,15,50,0.2000,42,9999858876,9999845001,698
docs/inst_test/instancias/n_1000_2,3000,15,15,50,0.1000,2026,9998331097,9998316398,866
docs/inst_test/instancias/n_1000_2,3000,15,15,50,0.2000,2026,9998912519,9998900937,761
docs/inst_test/instancias/n_1000_2,3000,15,15,50,0.3000,123,9999438622,9999429155,638
docs/inst_test/instancias/n_1000_2,3000,15,15,50,0.3000,42,9999964955,9999957055,733
docs/inst_test/instancias/n_1000_2,3000,15,15,50,0.3000,2026,9999438838,9999429166,567
docs/inst_test/instancias/n_1000_2,3000,15,15,100,0.1000,42,9999331207,9999316534,712
docs/inst_test/instancias/n_1000_2,3000,15,15,100,0.2000,42,9999858876,9999845001,708
docs/inst_test/instancias/n_1000_2,3000,15,15,100,0.1000,2026,9998331097,9998316398,798
docs/inst_test/instancias/n_1000_2,3000,15,15,100,0.1000,123,9996330629,9996316194,934
docs/inst_test/instancias/n_1000_2,3000,15,15,100,0.2000,123,9999912391,9999900751,780
docs/inst_test/instancias/n_1000_2,3000,15,15,100,0.2000,2026,9998912519,9998900937,723
docs/inst_test/instancias/n_1000_2,3000,15,15,100,0.3000,42,9999964929,9999957495,678
docs/inst_test/instancias/n_1000_2,3000,15,15,100,0.3000,123,9999438622,9999429155,748
docs/inst_test/instancias/n_1000_2,3000,15,15,100,0.3000,2026,9999438838,9999429166,668
docs/inst_test/instancias/n_1000_2,3000,15,15,200,0.1000,42,9999331207,9999316534,875
docs/inst_test/instancias/n_1000_2,3000,15,15,200,0.2000,42,9999858876,9999845001,740
docs/inst_test/instancias/n_1000_2,3000,15,15,200,0.1000,2026,9998331097,9998316398,799
docs/inst_test/instancias/n_1000_2,3000,15,15,200,0.1000,123,9996330629,9996316194,982
docs/inst_test/instancias/n_1000_2,3000,15,15,200,0.2000,2026,9996385206,9996372915,722
docs/inst_test/instancias/n_1000_2,3000,15,15,200,0.2000,123,9998385547,9998372602,730
docs/inst_test/instancias/n_1000_2,3000,15,15,200,0.3000,42,9998438516,9998428988,641
docs/inst_test/instancias/n_1000_2,3000,15,15,200,0.3000,123,9996911904,9996900423,609
docs/inst_test/instancias/n_1000_2,3000,15,15,200,0.3000,2026,9998912310,9998901354,699
docs/inst_test/instancias/n_1000_2,3000,20,7,50,0.1000,42,9999331207,9999316534,834
docs/inst_test/instancias/n_1000_2,3000,20,7,50,0.2000,2026,9998912519,9998900937,660
docs/inst_test/instancias/n_1000_2,3000,20,7,50,0.3000,42,9999964955,9999957055,605
docs/inst_test/instancias/n_1000_2,3000,20,7,50,0.2000,123,9999912687,9999900712,740
docs/inst_test/instancias/n_1000_2,3000,20,7,50,0.1000,123,9997330896,9997315998,862
docs/inst_test/instancias/n_1000_2,3000,20,7,50,0.2000,42,9999858876,9999845001,784
docs/inst_test/instancias/n_1000_2,3000,20,7,50,0.1000,2026,9998331097,9998316398,896
docs/inst_test/instancias/n_1000_2,3000,20,7,50,0.3000,123,9999438622,9999429155,669
docs/inst_test/instancias/n_1000_2,3000,20,7,50,0.3000,2026,9999438838,9999429166,646
docs/inst_test/instancias/n_1000_2,3000,20,7,100,0.1000,123,9996330629,9996316194,772
docs/inst_test/instancias/n_1000_2,3000,20,7,100,0.1000,42,9999331207,9999316534,793
docs/inst_test/instancias/n_1000_2,3000,20,7,100,0.2000,123,9999912391,9999900751,716
docs/inst_test/instancias/n_1000_2,3000,20,7,100,0.1000,2026,9998331097,9998316398,782
docs/inst_test/instancias/n_1000_2,3000,20,7,100,0.2000,42,9999858876,9999845001,782
docs/inst_test/instancias/n_1000_2,3000,20,7,100,0.2000,2026,9998912519,9998900937,721
docs/inst_test/instancias/n_1000_2,3000,20,7,100,0.3000,42,9999964929,9999957495,606
docs/inst_test/instancias/n_1000_2,3000,20,7,100,0.3000,123,9999438622,9999429155,615
docs/inst_test/instancias/n_1000_2,3000,20,7,100,0.3000,2026,9999438838,9999429166,601
docs/inst_test/instancias/n_1000_2,3000,20,7,200,0.1000,123,9996330629,9996316194,751
docs/inst_test/instancias/n_1000_2,3000,20,7,200,0.1000,42,9999331207,9999316534,778
docs/inst_test/instancias/n_1000_2,3000,20,7,200,0.2000,123,9998385547,9998372602,730
docs/inst_test/instancias/n_1000_2,3000,20,7,200,0.1000,2026,9998331097,9998316398,776
docs/inst_test/instancias/n_1000_2,3000,20,7,200,0.2000,42,9999858876,9999845001,776
docs/inst_test/instancias/n_1000_2,3000,20,7,200,0.2000,2026,9996385206,9996372915,774
docs/inst_test/instancias/n_1000_2,3000,20,7,200,0.3000,42,9998438516,9998428988,709
docs/inst_test/instancias/n_1000_2,3000,20,7,200,0.3000,123,9996911904,9996900423,685
docs/inst_test/instancias/n_1000_2,3000,20,7,200,0.3000,2026,9998912310,9998901354,737
docs/inst_test/instancias/n_1000_2,3000,20,10,50,0.1000,42,9999331207,9999316534,834
docs/inst_test/instancias/n_1000_2,3000,20,10,50,0.2000,42,9999858876,9999845001,780
docs/inst_test/instancias/n_1000_2,3000,20,10,50,0.1000,123,9997330896,9997315998,806
docs/inst_test/instancias/n_1000_2,3000,20,10,50,0.2000,123,9999912687,9999900712,644
docs/inst_test/instancias/n_1000_2,3000,20,10,50,0.1000,2026,9998331097,9998316398,885
docs/inst_test/instancias/n_1000_2,3000,20,10,50,0.3000,42,9999964955,9999957055,615
docs/inst_test/instancias/n_1000_2,3000,20,10,50,0.2000,2026,9998912519,9998900937,843
docs/inst_test/instancias/n_1000_2,3000,20,10,50,0.3000,123,9999438622,9999429155,596
docs/inst_test/instancias/n_1000_2,3000,20,10,50,0.3000,2026,9999438838,9999429166,664
docs/inst_test/instancias/n_1000_2,3000,20,10,100,0.1000,42,9999331207,9999316534,736
docs/inst_test/instancias/n_1000_2,3000,20,10,100,0.2000,42,9999858876,9999845001,808
docs/inst_test/instancias/n_1000_2,3000,20,10,100,0.1000,123,9996330629,9996316194,895
docs/inst_test/instancias/n_1000_2,3000,20,10,100,0.1000,2026,9998331097,9998316398,852
docs/inst_test/instancias/n_1000_2,3000,20,10,100,0.2000,123,9999912391,9999900751,673
docs/inst_test/instancias/n_1000_2,3000,20,10,100,0.3000,42,9999964929,9999957495,622
docs/inst_test/instancias/n_1000_2,3000,20,10,100,0.2000,2026,9998912519,9998900937,720
docs/inst_test/instancias/n_1000_2,3000,20,10,100,0.3000,2026,9999438838,9999429166,536
docs/inst_test/instancias/n_1000_2,3000,20,10,100,0.3000,123,9999438622,9999429155,656
docs/inst_test/instancias/n_1000_2,3000,20,10,200,0.1000,2026,9998331097,9998316398,731
docs/inst_test/instancias/n_1000_2,3000,20,10,200,0.2000,42,9999858876,9999845001,742
docs/inst_test/instancias/n_1000_2,3000,20,10,200,0.1000,42,9999331207,9999316534,815
docs/inst_test/instancias/n_1000_2,3000,20,10,200,0.1000,123,9996330629,9996316194,837
docs/inst_test/instancias/n_1000_2,3000,20,10,200,0.2000,123,9998385547,9998372602,741
docs/inst_test/instancias/n_1000_2,3000,20,10,200,0.2000,2026,9996385206,9996372915,790
docs/inst_test/instancias/n_1000_2,3000,20,10,200,0.3000,123,9996911904,9996900423,596
docs/inst_test/instancias/n_1000_2,3000,20,10,200,0.3000,42,9998438516,9998428988,677
docs/inst_test/instancias/n_1000_2,3000,20,10,200,0.3000,2026,9998912310,9998901354,634
docs/inst_test/instancias/n_1000_2,3000,20,15,50,0.1000,2026,9998331097,9998316398,738
docs/inst_test/instancias/n_1000_2,3000,20,15,50,0.1000,42,9999331207,9999316534,825
docs/inst_test/instancias/n_1000_2,3000,20,15,50,0.1000,123,9997330896,9997315998,820
docs/inst_test/instancias/n_1000_2,3000,20,15,50,0.2000,42,9999858876,9999845001,703
docs/inst_test/instancias/n_1000_2,3000,20,15,50,0.2000,2026,9998912519,9998900937,680
docs/inst_test/instancias/n_1000_2,3000,20,15,50,0.3000,42,9999964955,9999957055,694
docs/inst_test/instancias/n_1000_2,3000,20,15,50,0.2000,123,9999912687,9999900712,816
docs/inst_test/instancias/n_1000_2,3000,20,15,50,0.3000,123,9999438622,9999429155,608
docs/inst_test/instancias/n_1000_2,3000,20,15,50,0.3000,2026,9999438838,9999429166,596
docs/inst_test/instancias/n_1000_2,3000,20,15,100,0.1000,123,9996330629,9996316194,760
docs/inst_test/instancias/n_1000_2,3000,20,15,100,0.1000,2026,9998331097,9998316398,745
docs/inst_test/instancias/n_1000_2,3000,20,15,100,0.1000,42,9999331207,9999316534,784
docs/inst_test/instancias/n_1000_2,3000,20,15,100,0.2000,42,9999858876,9999845001,731
docs/inst_test/instancias/n_1000_2,3000,20,15,100,0.2000,123,9999912391,9999900751,754
docs/inst_test/instancias/n_1000_2,3000,20,15,100,0.2000,2026,9998912519,9998900937,723
docs/inst_test/instancias/n_1000_2,3000,20,15,100,0.3000,42,9999964929,9999957495,606
docs/inst_test/instancias/n_1000_2,3000,20,15,100,0.3000,123,9999438622,9999429155,689
docs/inst_test/instancias/n_1000_2,3000,20,15,100,0.3000,2026,9999438838,9999429166,643
docs/inst_test/instancias/n_1000_2,3000,20,15,200,0.1000,2026,9998331097,9998316398,690
docs/inst_test/instancias/n_1000_2,3000,20,15,200,0.1000,123,9996330629,9996316194,777
docs/inst_test/instancias/n_1000_2,3000,20,15,200,0.1000,42,9999331207,9999316534,842
docs/inst_test/instancias/n_1000_2,3000,20,15,200,0.2000,42,9999858876,9999845001,749
docs/inst_test/instancias/n_1000_2,3000,20,15,200,0.2000,2026,9996385206,9996372915,705
docs/inst_test/instancias/n_1000_2,3000,20,15,200,0.2000,123,9998385547,9998372602,795
docs/inst_test/instancias/n_1000_2,3000,20,15,200,0.3000,42,9998438516,9998428988,689
docs/inst_test/instancias/n_1000_2,3000,20,15,200,0.3000,123,9996911904,9996900423,736
docs/inst_test/instancias/n_1000_2,3000,20,15,200,0.3000,2026,9998912310,9998901354,686
docs/inst_test/instancias/n_1000_2,5000,10,7,50,0.2000,123,9999912760,9999900822,1107
docs/inst_test/instancias/n_1000_2,5000,10,7,50,0.1000,42,9999331207,9999316534,1369
docs/inst_test/instancias/n_1000_2,5000,10,7,50,0.1000,2026,9998331097,9998316398,1355
docs/inst_test/instancias/n_1000_2,5000,10,7,50,0.1000,123,9997330896,9997315998,1377
docs/inst_test/instancias/n_1000_2,5000,10,7,50,0.2000,2026,9998912527,9998900919,1083
docs/inst_test/instancias/n_1000_2,5000,10,7,50,0.3000,42,9999964955,9999957055,924
docs/inst_test/instancias/n_1000_2,5000,10,7,50,0.2000,42,9999858876,9999845001,1443
docs/inst_test/instancias/n_1000_2,5000,10,7,50,0.3000,123,9999438903,9999429514,1030
docs/inst_test/instancias/n_1000_2,5000,10,7,50,0.3000,2026,9999438839,9999429356,924
docs/inst_test/instancias/n_1000_2,5000,10,7,100,0.2000,123,9999912682,9999900949,1091
docs/inst_test/instancias/n_1000_2,5000,10,7,100,0.3000,42,9999964955,9999957055,1003
docs/inst_test/instancias/n_1000_2,5000,10,7,100,0.2000,42,9999858876,9999845001,1232
docs/inst_test/instancias/n_1000_2,5000,10,7,100,0.2000,2026,9998912519,9998900937,1183
docs/inst_test/instancias/n_1000_2,5000,10,7,100,0.1000,42,9999331207,9999316534,1379
docs/inst_test/instancias/n_1000_2,5000,10,7,100,0.1000,123,9997330834,9997316081,1341
docs/inst_test/instancias/n_1000_2,5000,10,7,100,0.1000,2026,9998331097,9998316398,1357
docs/inst_test/instancias/n_1000_2,5000,10,7,100,0.3000,123,9999438622,9999429155,1004
docs/inst_test/instancias/n_1000_2,5000,10,7,100,0.3000,2026,9999438838,9999429166,978
docs/inst_test/instancias/n_1000_2,5000,10,7,200,0.1000,123,9996330629,9996316194,1177
docs/inst_test/instancias/n_1000_2,5000,10,7,200,0.2000,42,9999858876,9999845001,1216
docs/inst_test/instancias/n_1000_2,5000,10,7,200,0.2000,123,9999912391,9999900751,1238
docs/inst_test/instancias/n_1000_2,5000,10,7,200,0.2000,2026,9996385206,9996372915,1235
docs/inst_test/instancias/n_1000_2,5000,10,7,200,0.1000,42,9999331207,9999316534,1411
docs/inst_test/instancias/n_1000_2,5000,10,7,200,0.1000,2026,9998331097,9998316398,1329
docs/inst_test/instancias/n_1000_2,5000,10,7,200,0.3000,42,9999964929,9999957495,1025
docs/inst_test/instancias/n_1000_2,5000,10,7,200,0.3000,123,9996911904,9996900423,1067
docs/inst_test/instancias/n_1000_2,5000,10,7,200,0.3000,2026,9999438838,9999429166,1067
docs/inst_test/instancias/n_1000_2,5000,10,10,50,0.2000,123,9999912760,9999900822,1117
docs/inst_test/instancias/n_1000_2,5000,10,10,50,0.1000,42,9999331207,9999316534,1253
docs/inst_test/instancias/n_1000_2,5000,10,10,50,0.2000,2026,9998912527,9998900919,1084
docs/inst_test/instancias/n_1000_2,5000,10,10,50,0.2000,42,9999858876,9999845001,1309
docs/inst_test/instancias/n_1000_2,5000,10,10,50,0.1000,123,9997330896,9997315998,1418
docs/inst_test/instancias/n_1000_2,5000,10,10,50,0.1000,2026,9998331097,9998316398,1504
docs/inst_test/instancias/n_1000_2,5000,10,10,50,0.3000,42,9999964955,9999957055,990
docs/inst_test/instancias/n_1000_2,5000,10,10,50,0.3000,123,9999438903,9999429514,1017
docs/inst_test/instancias/n_1000_2,5000,10,10,50,0.3000,2026,9999438839,9999429356,994
docs/inst_test/instancias/n_1000_2,5000,10,10,100,0.1000,42,9999331207,9999316534,1238
docs/inst_test/instancias/n_1000_2,5000,10,10,100,0.2000,123,9999912682,9999900949,1059
docs/inst_test/instancias/n_1000_2,5000,10,10,100,0.2000,42,9999858876,9999845001,1291
docs/inst_test/instancias/n_1000_2,5000,10,10,100,0.1000,2026,9998331097,9998316398,1357
docs/inst_test/instancias/n_1000_2,5000,10,10,100,0.1000,123,9997330834,9997316081,1504
docs/inst_test/instancias/n_1000_2,5000,10,10,100,0.2000,2026,9998912519,9998900937,1168
docs/inst_test/instancias/n_1000_2,5000,10,10,100,0.3000,42,9999964955,9999957055,939
docs/inst_test/instancias/n_1000_2,5000,10,10,100,0.3000,123,9999438622,9999429155,1177
docs/inst_test/instancias/n_1000_2,5000,10,10,100,0.3000,2026,9999438838,9999429166,1037
docs/inst_test/instancias/n_1000_2,5000,10,10,200,0.1000,42,9999331207,9999316534,1251
docs/inst_test/instancias/n_1000_2,5000,10,10,200,0.2000,123,9999912391,9999900751,1188
docs/inst_test/instancias/n_1000_2,5000,10,10,200,0.2000,2026,9996385206,9996372915,1121
docs/inst_test/instancias/n_1000_2,5000,10,10,200,0.1000,123,9996330629,9996316194,1293
docs/inst_test/instancias/n_1000_2,5000,10,10,200,0.2000,42,9999858876,9999845001,1245
docs/inst_test/instancias/n_1000_2,5000,10,10,200,0.1000,2026,9998331097,9998316398,1322
docs/inst_test/instancias/n_1000_2,5000,10,10,200,0.3000,42,9999964929,9999957495,1032
docs/inst_test/instancias/n_1000_2,5000,10,10,200,0.3000,123,9996911904,9996900423,1130
docs/inst_test/instancias/n_1000_2,5000,10,10,200,0.3000,2026,9999438838,9999429166,1062
docs/inst_test/instancias/n_1000_2,5000,10,15,50,0.2000,123,9999912760,9999900822,1200
docs/inst_test/instancias/n_1000_2,5000,10,15,50,0.2000,42,9999858876,9999845001,1284
docs/inst_test/instancias/n_1000_2,5000,10,15,50,0.1000,42,9999331207,9999316534,1418
docs/inst_test/instancias/n_1000_2,5000,10,15,50,0.1000,123,9997330896,9997315998,1433
docs/inst_test/instancias/n_1000_2,5000,10,15,50,0.1000,2026,9998331097,9998316398,1450
docs/inst_test/instancias/n_1000_2,5000,10,15,50,0.2000,2026,9998912527,9998900919,1212
docs/inst_test/instancias/n_1000_2,5000,10,15,50,0.3000,42,9999964955,9999957055,1022
docs/inst_test/instancias/n_1000_2,5000,10,15,50,0.3000,123,9999438903,9999429514,1025
docs/inst_test/instancias/n_1000_2,5000,10,15,50,0.3000,2026,9999438839,9999429356,1010
docs/inst_test/instancias/n_1000_2,5000,10,15,100,0.2000,42,9999858876,9999845001,1228
docs/inst_test/instancias/n_1000_2,5000,10,15,100,0.1000,42,9999331207,9999316534,1393
docs/inst_test/instancias/n_1000_2,5000,10,15,100,0.1000,123,9997330834,9997316081,1365
docs/inst_test/instancias/n_1000_2,5000,10,15,100,0.2000,123,9999912682,9999900949,1176
docs/inst_test/instancias/n_1000_2,5000,10,15,100,0.1000,2026,9998331097,9998316398,1418
docs/inst_test/instancias/n_1000_2,5000,10,15,100,0.2000,2026,9998912519,9998900937,1244
docs/inst_test/instancias/n_1000_2,5000,10,15,100,0.3000,42,9999964955,9999957055,1010
docs/inst_test/instancias/n_1000_2,5000,10,15,100,0.3000,123,9999438622,9999429155,1003
docs/inst_test/instancias/n_1000_2,5000,10,15,100,0.3000,2026,9999438838,9999429166,1007
docs/inst_test/instancias/n_1000_2,5000,10,15,200,0.2000,123,9999912391,9999900751,1143
docs/inst_test/instancias/n_1000_2,5000,10,15,200,0.1000,42,9999331207,9999316534,1337
docs/inst_test/instancias/n_1000_2,5000,10,15,200,0.1000,2026,9998331097,9998316398,1285
docs/inst_test/instancias/n_1000_2,5000,10,15,200,0.1000,123,9996330629,9996316194,1309
docs/inst_test/instancias/n_1000_2,5000,10,15,200,0.2000,2026,9996385206,9996372915,1154
docs/inst_test/instancias/n_1000_2,5000,10,15,200,0.2000,42,9999858876,9999845001,1276
docs/inst_test/instancias/n_1000_2,5000,10,15,200,0.3000,42,9999964929,9999957495,1083
docs/inst_test/instancias/n_1000_2,5000,10,15,200,0.3000,123,9996911904,9996900423,1054
docs/inst_test/instancias/n_1000_2,5000,10,15,200,0.3000,2026,9999438838,9999429166,1084
docs/inst_test/instancias/n_1000_2,5000,15,7,50,0.2000,42,9999858876,9999845001,1182
docs/inst_test/instancias/n_1000_2,5000,15,7,50,0.2000,123,9999912760,9999900822,1207
docs/inst_test/instancias/n_1000_2,5000,15,7,50,0.1000,42,9999331207,9999316534,1304
docs/inst_test/instancias/n_1000_2,5000,15,7,50,0.1000,2026,9998331097,9998316398,1296
docs/inst_test/instancias/n_1000_2,5000,15,7,50,0.1000,123,9997330896,9997315998,1329
docs/inst_test/instancias/n_1000_2,5000,15,7,50,0.2000,2026,9998912527,9998900919,1212
docs/inst_test/instancias/n_1000_2,5000,15,7,50,0.3000,42,9999964955,9999957055,953
docs/inst_test/instancias/n_1000_2,5000,15,7,50,0.3000,123,9999438903,9999429514,1008
docs/inst_test/instancias/n_1000_2,5000,15,7,50,0.3000,2026,9999438839,9999429356,1008
docs/inst_test/instancias/n_1000_2,5000,15,7,100,0.1000,42,9999331207,9999316534,1254
docs/inst_test/instancias/n_1000_2,5000,15,7,100,0.2000,42,9999858876,9999845001,1241
docs/inst_test/instancias/n_1000_2,5000,15,7,100,0.2000,123,9999912682,9999900949,1118
docs/inst_test/instancias/n_1000_2,5000,15,7,100,0.1000,123,9997330834,9997316081,1319
docs/inst_test/instancias/n_1000_2,5000,15,7,100,0.1000,2026,9998331097,9998316398,1313
docs/inst_test/instancias/n_1000_2,5000,15,7,100,0.2000,2026,9998912519,9998900937,1136
docs/inst_test/instancias/n_1000_2,5000,15,7,100,0.3000,42,9999964955,9999957055,923
docs/inst_test/instancias/n_1000_2,5000,15,7,100,0.3000,123,9999438622,9999429155,976
docs/inst_test/instancias/n_1000_2,5000,15,7,100,0.3000,2026,9999438838,9999429166,1141
docs/inst_test/instancias/n_1000_2,5000,15,7,200,0.2000,42,9999858876,9999845001,1246
docs/inst_test/instancias/n_1000_2,5000,15,7,200,0.1000,42,9999331207,9999316534,1344
docs/inst_test/instancias/n_1000_2,5000,15,7,200,0.2000,123,9999912391,9999900751,1159
docs/inst_test/instancias/n_1000_2,5000,15,7,200,0.1000,123,9996330629,9996316194,1331
docs/inst_test/instancias/n_1000_2,5000,15,7,200,0.1000,2026,9998331097,9998316398,1410
docs/inst_test/instancias/n_1000_2,5000,15,7,200,0.2000,2026,9996385206,9996372915,1175
docs/inst_test/instancias/n_1000_2,5000,15,7,200,0.3000,42,9999964929,9999957495,1012
docs/inst_test/instancias/n_1000_2,5000,15,7,200,0.3000,123,9996911904,9996900423,1025
docs/inst_test/instancias/n_1000_2,5000,15,7,200,0.3000,2026,9999438838,9999429166,1090
docs/inst_test/instancias/n_1000_2,5000,15,10,50,0.2000,42,9999858876,9999845001,1190
docs/inst_test/instancias/n_1000_2,5000,15,10,50,0.1000,2026,9998331097,9998316398,1291
docs/inst_test/instancias/n_1000_2,5000,15,10,50,0.1000,123,9997330896,9997315998,1324
docs/inst_test/instancias/n_1000_2,5000,15,10,50,0.2000,123,9999912760,9999900822,1120
docs/inst_test/instancias/n_1000_2,5000,15,10,50,0.2000,2026,9998912527,9998900919,1090
docs/inst_test/instancias/n_1000_2,5000,15,10,50,0.1000,42,9999331207,9999316534,1457
docs/inst_test/instancias/n_1000_2,5000,15,10,50,0.3000,42,9999964955,9999957055,917
docs/inst_test/instancias/n_1000_2,5000,15,10,50,0.3000,123,9999438903,9999429514,1001
docs/inst_test/instancias/n_1000_2,5000,15,10,50,0.3000,2026,9999438839,9999429356,1004
docs/inst_test/instancias/n_1000_2,5000,15,10,100,0.1000,123,9997330834,9997316081,1296
docs/inst_test/instancias/n_1000_2,5000,15,10,100,0.2000,123,9999912682,9999900949,1201
docs/inst_test/instancias/n_1000_2,5000,15,10,100,0.2000,42,9999858876,9999845001,1299
docs/inst_test/instancias/n_1000_2,5000,15,10,100,0.1000,2026,9998331097,9998316398,1320
docs/inst_test/instancias/n_1000_2,5000,15,10,100,0.1000,42,9999331207,9999316534,1365
docs/inst_test/instancias/n_1000_2,5000,15,10,100,0.2000,2026,9998912519,9998900937,1113
docs/inst_test/instancias/n_1000_2,5000,15,10,100,0.3000,42,9999964955,9999957055,942
docs/inst_test/instancias/n_1000_2,5000,15,10,100,0.3000,123,9999438622,9999429155,993
docs/inst_test/instancias/n_1000_2,5000,15,10,100,0.3000,2026,9999438838,9999429166,1000
docs/inst_test/instancias/n_1000_2,5000,15,10,200,0.1000,123,9996330629,9996316194,1253
docs/inst_test/instancias/n_1000_2,5000,15,10,200,0.1000,42,9999331207,9999316534,1291
docs/inst_test/instancias/n_1000_2,5000,15,10,200,0.1000,2026,9998331097,9998316398,1319
docs/inst_test/instancias/n_1000_2,5000,15,10,200,0.2000,42,9999858876,9999845001,1327
docs/inst_test/instancias/n_1000_2,5000,15,10,200,0.2000,123,9999912391,9999900751,1229
docs/inst_test/instancias/n_1000_2,5000,15,10,200,0.2000,2026,9996385206,9996372915,1187
docs/inst_test/instancias/n_1000_2,5000,15,10,200,0.3000,42,9999964929,9999957495,1017
docs/inst_test/instancias/n_1000_2,5000,15,10,200,0.3000,123,9996911904,9996900423,1090
docs/inst_test/instancias/n_1000_2,5000,15,10,200,0.3000,2026,9999438838,9999429166,1198
docs/inst_test/instancias/n_1000_2,5000,15,15,50,0.2000,42,9999858876,9999845001,1146
docs/inst_test/instancias/n_1000_2,5000,15,15,50,0.1000,42,9999331207,9999316534,1305
docs/inst_test/instancias/n_1000_2,5000,15,15,50,0.2000,123,9999912760,9999900822,1079
docs/inst_test/instancias/n_1000_2,5000,15,15,50,0.1000,2026,9998331097,9998316398,1297
docs/inst_test/instancias/n_1000_2,5000,15,15,50,0.2000,2026,9998912527,9998900919,1114
docs/inst_test/instancias/n_1000_2,5000,15,15,50,0.1000,123,9997330896,9997315998,1488
docs/inst_test/instancias/n_1000_2,5000,15,15,50,0.3000,42,9999964955,9999957055,1043
docs/inst_test/instancias/n_1000_2,5000,15,15,50,0.3000,123,9999438903,9999429514,1031
docs/inst_test/instancias/n_1000_2,5000,15,15,50,0.3000,2026,9999438839,9999429356,1047
docs/inst_test/instancias/n_1000_2,5000,15,15,100,0.1000,2026,9998331097,9998316398,1206
docs/inst_test/instancias/n_1000_2,5000,15,15,100,0.1000,123,9997330834,9997316081,1296
docs/inst_test/instancias/n_1000_2,5000,15,15,100,0.1000,42,9999331207,9999316534,1363
docs/inst_test/instancias/n_1000_2,5000,15,15,100,0.2000,123,9999912682,9999900949,1154
docs/inst_test/instancias/n_1000_2,5000,15,15,100,0.2000,42,9999858876,9999845001,1226
docs/inst_test/instancias/n_1000_2,5000,15,15,100,0.2000,2026,9998912519,9998900937,1311
docs/inst_test/instancias/n_1000_2,5000,15,15,100,0.3000,42,9999964955,9999957055,958
docs/inst_test/instancias/n_1000_2,5000,15,15,100,0.3000,123,9999438622,9999429155,1028
docs/inst_test/instancias/n_1000_2,5000,15,15,100,0.3000,2026,9999438838,9999429166,974
docs/inst_test/instancias/n_1000_2,5000,15,15,200,0.1000,42,9999331207,9999316534,1149
docs/inst_test/instancias/n_1000_2,5000,15,15,200,0.1000,123,9996330629,9996316194,1276
docs/inst_test/instancias/n_1000_2,5000,15,15,200,0.2000,42,9999858876,9999845001,1259
docs/inst_test/instancias/n_1000_2,5000,15,15,200,0.1000,2026,9998331097,9998316398,1328
docs/inst_test/instancias/n_1000_2,5000,15,15,200,0.2000,123,9999912391,9999900751,1193
docs/inst_test/instancias/n_1000_2,5000,15,15,200,0.2000,2026,9996385206,9996372915,1187
docs/inst_test/instancias/n_1000_2,5000,15,15,200,0.3000,42,9999964929,9999957495,1168
docs/inst_test/instancias/n_1000_2,5000,15,15,200,0.3000,123,9996911904,9996900423,1102
docs/inst_test/instancias/n_1000_2,5000,15,15,200,0.3000,2026,9999438838,9999429166,1034
docs/inst_test/instancias/n_1000_2,5000,20,7,50,0.1000,42,9999331207,9999316534,1242
docs/inst_test/instancias/n_1000_2,5000,20,7,50,0.1000,123,9997330896,9997315998,1279
docs/inst_test/instancias/n_1000_2,5000,20,7,50,0.1000,2026,9998331097,9998316398,1371
docs/inst_test/instancias/n_1000_2,5000,20,7,50,0.2000,123,9999912760,9999900822,1191
docs/inst_test/instancias/n_1000_2,5000,20,7,50,0.2000,42,9999858876,9999845001,1279
docs/inst_test/instancias/n_1000_2,5000,20,7,50,0.3000,42,9999964955,9999957055,1033
docs/inst_test/instancias/n_1000_2,5000,20,7,50,0.2000,2026,9998912527,9998900919,1219
docs/inst_test/instancias/n_1000_2,5000,20,7,50,0.3000,123,9999438903,9999429514,1075
docs/inst_test/instancias/n_1000_2,5000,20,7,50,0.3000,2026,9999438839,9999429356,961
docs/inst_test/instancias/n_1000_2,5000,20,7,100,0.1000,42,9999331207,9999316534,1378
docs/inst_test/instancias/n_1000_2,5000,20,7,100,0.1000,123,9997330834,9997316081,1281
docs/inst_test/instancias/n_1000_2,5000,20,7,100,0.2000,123,9999912682,9999900949,1077
docs/inst_test/instancias/n_1000_2,5000,20,7,100,0.2000,42,9999858876,9999845001,1185
docs/inst_test/instancias/n_1000_2,5000,20,7,100,0.3000,42,9999964955,9999957055,1024
docs/inst_test/instancias/n_1000_2,5000,20,7,100,0.1000,2026,9998331097,9998316398,1342
docs/inst_test/instancias/n_1000_2,5000,20,7,100,0.2000,2026,9998912519,9998900937,1299
docs/inst_test/instancias/n_1000_2,5000,20,7,100,0.3000,123,9999438622,9999429155,1010
docs/inst_test/instancias/n_1000_2,5000,20,7,100,0.3000,2026,9999438838,9999429166,1057
docs/inst_test/instancias/n_1000_2,5000,20,7,200,0.1000,42,9999331207,9999316534,1359
docs/inst_test/instancias/n_1000_2,5000,20,7,200,0.1000,123,9996330629,9996316194,1354
docs/inst_test/instancias/n_1000_2,5000,20,7,200,0.2000,123,9999912391,9999900751,1217
docs/inst_test/instancias/n_1000_2,5000,20,7,200,0.2000,42,9999858876,9999845001,1262
docs/inst_test/instancias/n_1000_2,5000,20,7,200,0.2000,2026,9996385206,9996372915,1175
docs/inst_test/instancias/n_1000_2,5000,20,7,200,0.3000,42,9999964929,9999957495,1033
docs/inst_test/instancias/n_1000_2,5000,20,7,200,0.1000,2026,9998331097,9998316398,1416
docs/inst_test/instancias/n_1000_2,5000,20,7,200,0.3000,123,9996911904,9996900423,1079
docs/inst_test/instancias/n_1000_2,5000,20,7,200,0.3000,2026,9999438838,9999429166,1135
docs/inst_test/instancias/n_1000_2,5000,20,10,50,0.2000,123,9999912760,9999900822,1002
docs/inst_test/instancias/n_1000_2,5000,20,10,50,0.2000,2026,9998912527,9998900919,1074
docs/inst_test/instancias/n_1000_2,5000,20,10,50,0.1000,123,9997330896,9997315998,1233
docs/inst_test/instancias/n_1000_2,5000,20,10,50,0.2000,42,9999858876,9999845001,1268
docs/inst_test/instancias/n_1000_2,5000,20,10,50,0.1000,42,9999331207,9999316534,1367
docs/inst_test/instancias/n_1000_2,5000,20,10,50,0.1000,2026,9998331097,9998316398,1384
docs/inst_test/instancias/n_1000_2,5000,20,10,50,0.3000,42,9999964955,9999957055,945
docs/inst_test/instancias/n_1000_2,5000,20,10,50,0.3000,2026,9999438839,9999429356,985
docs/inst_test/instancias/n_1000_2,5000,20,10,50,0.3000,123,9999438903,9999429514,1014
docs/inst_test/instancias/n_1000_2,5000,20,10,100,0.1000,42,9999331207,9999316534,1299
docs/inst_test/instancias/n_1000_2,5000,20,10,100,0.2000,123,9999912682,9999900949,1097
docs/inst_test/instancias/n_1000_2,5000,20,10,100,0.1000,123,9997330834,9997316081,1403
docs/inst_test/instancias/n_1000_2,5000,20,10,100,0.2000,42,9999858876,9999845001,1327
docs/inst_test/instancias/n_1000_2,5000,20,10,100,0.1000,2026,9998331097,9998316398,1430
docs/inst_test/instancias/n_1000_2,5000,20,10,100,0.2000,2026,9998912519,9998900937,1198
docs/inst_test/instancias/n_1000_2,5000,20,10,100,0.3000,42,9999964955,9999957055,939
docs/inst_test/instancias/n_1000_2,5000,20,10,100,0.3000,123,9999438622,9999429155,1042
docs/inst_test/instancias/n_1000_2,5000,20,10,100,0.3000,2026,9999438838,9999429166,1148
docs/inst_test/instancias/n_1000_2,5000,20,10,200,0.1000,42,9999331207,9999316534,1294
docs/inst_test/instancias/n_1000_2,5000,20,10,200,0.1000,123,9996330629,9996316194,1247
docs/inst_test/instancias/n_1000_2,5000,20,10,200,0.2000,123,9999912391,9999900751,1199
docs/inst_test/instancias/n_1000_2,5000,20,10,200,0.2000,42,9999858876,9999845001,1246
docs/inst_test/instancias/n_1000_2,5000,20,10,200,0.1000,2026,9998331097,9998316398,1318
docs/inst_test/instancias/n_1000_2,5000,20,10,200,0.3000,42,9999964929,9999957495,1081
docs/inst_test/instancias/n_1000_2,5000,20,10,200,0.2000,2026,9996385206,9996372915,1264
docs/inst_test/instancias/n_1000_2,5000,20,10,200,0.3000,123,9996911904,9996900423,1104
docs/inst_test/instancias/n_1000_2,5000,20,10,200,0.3000,2026,9999438838,9999429166,1113
docs/inst_test/instancias/n_1000_2,5000,20,15,50,0.2000,42,9999858876,9999845001,1196
docs/inst_test/instancias/n_1000_2,5000,20,15,50,0.2000,123,9999912760,9999900822,1031
docs/inst_test/instancias/n_1000_2,5000,20,15,50,0.1000,42,9999331207,9999316534,1409
docs/inst_test/instancias/n_1000_2,5000,20,15,50,0.1000,2026,9998331097,9998316398,1322
docs/inst_test/instancias/n_1000_2,5000,20,15,50,0.2000,2026,9998912527,9998900919,1088
docs/inst_test/instancias/n_1000_2,5000,20,15,50,0.1000,123,9997330896,9997315998,1439
docs/inst_test/instancias/n_1000_2,5000,20,15,50,0.3000,42,9999964955,9999957055,863
docs/inst_test/instancias/n_1000_2,5000,20,15,50,0.3000,123,9999438903,9999429514,943
docs/inst_test/instancias/n_1000_2,5000,20,15,50,0.3000,2026,9999438839,9999429356,986
docs/inst_test/instancias/n_1000_2,5000,20,15,100,0.2000,42,9999858876,9999845001,1167
docs/inst_test/instancias/n_1000_2,5000,20,15,100,0.1000,42,9999331207,9999316534,1330
docs/inst_test/instancias/n_1000_2,5000,20,15,100,0.2000,123,9999912682,9999900949,1136
docs/inst_test/instancias/n_1000_2,5000,20,15,100,0.1000,123,9997330834,9997316081,1295
docs/inst_test/instancias/n_1000_2,5000,20,15,100,0.1000,2026,9998331097,9998316398,1302
docs/inst_test/instancias/n_1000_2,5000,20,15,100,0.2000,2026,9998912519,9998900937,1222
docs/inst_test/instancias/n_1000_2,5000,20,15,100,0.3000,42,9999964955,9999957055,973
docs/inst_test/instancias/n_1000_2,5000,20,15,100,0.3000,123,9999438622,9999429155,1060
docs/inst_test/instancias/n_1000_2,5000,20,15,100,0.3000,2026,9999438838,9999429166,1034
docs/inst_test/instancias/n_1000_2,5000,20,15,200,0.2000,42,9999858876,9999845001,1218
docs/inst_test/instancias/n_1000_2,5000,20,15,200,0.1000,123,9996330629,9996316194,1333
docs/inst_test/instancias/n_1000_2,5000,20,15,200,0.1000,2026,9998331097,9998316398,1325
docs/inst_test/instancias/n_1000_2,5000,20,15,200,0.2000,123,9999912391,9999900751,1159
docs/inst_test/instancias/n_1000_2,5000,20,15,200,0.2000,2026,9996385206,9996372915,1176
docs/inst_test/instancias/n_1000_2,5000,20,15,200,0.1000,42,9999331207,9999316534,1499
docs/inst_test/instancias/n_1000_3,1000,10,7,50,0.1000,42,9995321912,9995319949,176
docs/inst_test/instancias/n_1000_3,1000,10,7,50,0.1000,123,9994541361,9994539065,178
docs/inst_test/instancias/n_1000_3,1000,10,7,50,0.1000,2026,9999229050,9999226581,176
docs/inst_test/instancias/n_1000_3,1000,10,7,50,0.2000,123,9998446310,9998444768,165
docs/inst_test/instancias/n_1000_3,1000,10,7,50,0.2000,42,9999229060,9999226468,221
docs/inst_test/instancias/n_1000_3,1000,10,7,50,0.2000,2026,9999229022,9999226617,178
docs/inst_test/instancias/n_1000_3,1000,10,7,50,0.3000,42,9996882985,9996881662,171
docs/inst_test/instancias/n_1000_2,5000,20,15,200,0.3000,42,9999964929,9999957495,1025
docs/inst_test/instancias/n_1000_3,1000,10,7,50,0.3000,123,9999226830,9999225390,199
docs/inst_test/instancias/n_1000_3,1000,10,7,50,0.3000,2026,9999226819,9999225611,206
docs/inst_test/instancias/n_1000_3,1000,10,7,100,0.2000,42,9999229060,9999226468,184
docs/inst_test/instancias/n_1000_3,1000,10,7,100,0.1000,42,9989073113,9989070474,219
docs/inst_test/instancias/n_1000_3,1000,10,7,100,0.1000,2026,9999229050,9999226581,203
docs/inst_test/instancias/n_1000_3,1000,10,7,100,0.1000,123,9994541336,9994539080,213
docs/inst_test/instancias/n_1000_3,1000,10,7,100,0.2000,123,9997665784,9997663639,199
docs/inst_test/instancias/n_1000_3,1000,10,7,100,0.2000,2026,9999229022,9999226617,180
docs/inst_test/instancias/n_1000_3,1000,10,7,100,0.3000,42,9996882981,9996881743,175
docs/inst_test/instancias/n_1000_3,1000,10,7,100,0.3000,2026,9999226819,9999225611,179
docs/inst_test/instancias/n_1000_3,1000,10,7,100,0.3000,123,9998446310,9998444536,184
docs/inst_test/instancias/n_1000_2,5000,20,15,200,0.3000,123,9996911904,9996900423,1087
docs/inst_test/instancias/n_1000_3,1000,10,7,200,0.1000,42,9989073113,9989070474,208
docs/inst_test/instancias/n_1000_3,1000,10,7,200,0.1000,123,9991416953,9991414346,183
docs/inst_test/instancias/n_1000_3,1000,10,7,200,0.1000,2026,9991416933,9991414310,177
docs/inst_test/instancias/n_1000_3,1000,10,7,200,0.2000,42,9998448433,9998445626,189
docs/inst_test/instancias/n_1000_3,1000,10,7,200,0.2000,2026,9999229022,9999226617,180
docs/inst_test/instancias/n_1000_3,1000,10,7,200,0.3000,42,9994539122,9994537986,181
docs/inst_test/instancias/n_1000_3,1000,10,7,200,0.2000,123,9994541384,9994539009,197
docs/inst_test/instancias/n_1000_3,1000,10,7,200,0.3000,123,9997665784,9997663583,185
docs/inst_test/instancias/n_1000_3,1000,10,7,200,0.3000,2026,9997665743,9997663521,164
docs/inst_test/instancias/n_1000_2,5000,20,15,200,0.3000,2026,9999438838,9999429166,1059
docs/inst_test/instancias/n_1000_3,1000,10,10,50,0.1000,42,9995321912,9995319949,176
docs/inst_test/instancias/n_1000_3,1000,10,10,50,0.1000,123,9994541361,9994539065,163
docs/inst_test/instancias/n_1000_3,1000,10,10,50,0.2000,123,9998446310,9998444768,170
docs/inst_test/instancias/n_1000_3,1000,10,10,50,0.1000,2026,9999229050,9999226581,186
docs/inst_test/instancias/n_1000_3,1000,10,10,50,0.3000,42,9996882985,9996881662,155
docs/inst_test/instancias/n_1000_3,1000,10,10,50,0.2000,2026,9999229022,9999226617,177
docs/inst_test/instancias/n_1000_3,1000,10,10,50,0.3000,123,9999226830,9999225390,156
docs/inst_test/instancias/n_1000_3,1000,10,10,50,0.3000,2026,9999226819,9999225611,166
docs/inst_test/instancias/n_1000_3,1000,10,10,50,0.2000,42,9999229060,9999226468,325
docs/inst_test/instancias/n_1000_3,1000,10,10,100,0.1000,42,9989073113,9989070474,177
docs/inst_test/instancias/n_1000_3,1000,10,10,100,0.1000,2026,9999229050,9999226581,163
docs/inst_test/instancias/n_1000_3,1000,10,10,100,0.2000,42,9999229060,9999226468,171
docs/inst_test/instancias/n_1000_3,1000,10,10,100,0.2000,2026,9999229022,9999226617,156
docs/inst_test/instancias/n_1000_3,1000,10,10,100,0.2000,123,9997665784,9997663639,185
docs/inst_test/instancias/n_1000_3,1000,10,10,100,0.1000,123,9994541336,9994539080,272
docs/inst_test/instancias/n_1000_3,1000,10,10,100,0.3000,42,9996882981,9996881743,171
docs/inst_test/instancias/n_1000_3,1000,10,10,100,0.3000,2026,9999226819,9999225611,173
docs/inst_test/instancias/n_1000_3,1000,10,10,100,0.3000,123,9998446310,9998444536,184
docs/inst_test/instancias/n_1000_3,1000,10,10,200,0.1000,42,9989073113,9989070474,186
docs/inst_test/instancias/n_1000_3,1000,10,10,200,0.1000,123,9991416953,9991414346,167
docs/inst_test/instancias/n_1000_3,1000,10,10,200,0.1000,2026,9991416933,9991414310,181
docs/inst_test/instancias/n_1000_3,1000,10,10,200,0.2000,42,9998448433,9998445626,213
docs/inst_test/instancias/n_1000_3,1000,10,10,200,0.2000,2026,9999229022,9999226617,166
docs/inst_test/instancias/n_1000_3,1000,10,10,200,0.2000,123,9994541384,9994539009,225
docs/inst_test/instancias/n_1000_3,1000,10,10,200,0.3000,42,9994539122,9994537986,176
docs/inst_test/instancias/n_1000_3,1000,10,10,200,0.3000,123,9997665784,9997663583,189
docs/inst_test/instancias/n_1000_3,1000,10,10,200,0.3000,2026,9997665743,9997663521,244
docs/inst_test/instancias/n_1000_3,1000,10,15,50,0.1000,123,9994541361,9994539065,233
docs/inst_test/instancias/n_1000_3,1000,10,15,50,0.1000,42,9995321912,9995319949,283
docs/inst_test/instancias/n_1000_3,1000,10,15,50,0.1000,2026,9999229050,9999226581,252
docs/inst_test/instancias/n_1000_3,1000,10,15,50,0.2000,42,9999229060,9999226468,286
docs/inst_test/instancias/n_1000_3,1000,10,15,50,0.3000,42,9996882985,9996881662,238
docs/inst_test/instancias/n_1000_3,1000,10,15,50,0.2000,123,9998446310,9998444768,269
docs/inst_test/instancias/n_1000_3,1000,10,15,50,0.3000,123,9999226830,9999225390,169
docs/inst_test/instancias/n_1000_3,1000,10,15,50,0.2000,2026,9999229022,9999226617,280
docs/inst_test/instancias/n_1000_3,1000,10,15,50,0.3000,2026,9999226819,9999225611,168
docs/inst_test/instancias/n_1000_3,1000,10,15,100,0.1000,42,9989073113,9989070474,208
docs/inst_test/instancias/n_1000_3,1000,10,15,100,0.1000,123,9994541336,9994539080,193
docs/inst_test/instancias/n_1000_3,1000,10,15,100,0.2000,123,9997665784,9997663639,150
docs/inst_test/instancias/n_1000_3,1000,10,15,100,0.2000,42,9999229060,9999226468,175
docs/inst_test/instancias/n_1000_3,1000,10,15,100,0.1000,2026,9999229050,9999226581,196
docs/inst_test/instancias/n_1000_3,1000,10,15,100,0.2000,2026,9999229022,9999226617,182
docs/inst_test/instancias/n_1000_3,1000,10,15,100,0.3000,42,9996882981,9996881743,187
docs/inst_test/instancias/n_1000_3,1000,10,15,100,0.3000,123,9998446310,9998444536,185
docs/inst_test/instancias/n_1000_3,1000,10,15,100,0.3000,2026,9999226819,9999225611,179
docs/inst_test/instancias/n_1000_3,1000,10,15,200,0.1000,42,9989073113,9989070474,189
docs/inst_test/instancias/n_1000_3,1000,10,15,200,0.1000,123,9991416953,9991414346,198
docs/inst_test/instancias/n_1000_3,1000,10,15,200,0.2000,42,9998448433,9998445626,193
docs/inst_test/instancias/n_1000_3,1000,10,15,200,0.1000,2026,9991416933,9991414310,200
docs/inst_test/instancias/n_1000_3,1000,10,15,200,0.3000,42,9994539122,9994537986,166
docs/inst_test/instancias/n_1000_3,1000,10,15,200,0.2000,123,9994541384,9994539009,200
docs/inst_test/instancias/n_1000_3,1000,10,15,200,0.2000,2026,9999229022,9999226617,186
docs/inst_test/instancias/n_1000_3,1000,10,15,200,0.3000,123,9997665784,9997663583,193
docs/inst_test/instancias/n_1000_3,1000,10,15,200,0.3000,2026,9997665743,9997663521,190
docs/inst_test/instancias/n_1000_3,1000,15,7,50,0.1000,42,9995321912,9995319949,185
docs/inst_test/instancias/n_1000_3,1000,15,7,50,0.2000,42,9999229060,9999226468,168
docs/inst_test/instancias/n_1000_3,1000,15,7,50,0.1000,123,9994541361,9994539065,194
docs/inst_test/instancias/n_1000_3,1000,15,7,50,0.2000,123,9998446310,9998444768,178
docs/inst_test/instancias/n_1000_3,1000,15,7,50,0.1000,2026,9999229050,9999226581,209
docs/inst_test/instancias/n_1000_3,1000,15,7,50,0.2000,2026,9999229022,9999226617,195
docs/inst_test/instancias/n_1000_3,1000,15,7,50,0.3000,42,9996882985,9996881662,165
docs/inst_test/instancias/n_1000_3,1000,15,7,50,0.3000,123,9999226830,9999225390,165
docs/inst_test/instancias/n_1000_3,1000,15,7,50,0.3000,2026,9999226819,9999225611,168
docs/inst_test/instancias/n_1000_3,1000,15,7,100,0.1000,42,9989073113,9989070474,196
docs/inst_test/instancias/n_1000_3,1000,15,7,100,0.1000,2026,9999229050,9999226581,186
docs/inst_test/instancias/n_1000_3,1000,15,7,100,0.1000,123,9994541336,9994539080,204
docs/inst_test/instancias/n_1000_3,1000,15,7,100,0.2000,42,9999229060,9999226468,189
docs/inst_test/instancias/n_1000_3,1000,15,7,100,0.2000,123,9997665784,9997663639,188
docs/inst_test/instancias/n_1000_3,1000,15,7,100,0.2000,2026,9999229022,9999226617,185
docs/inst_test/instancias/n_1000_3,1000,15,7,100,0.3000,42,9996882981,9996881743,174
docs/inst_test/instancias/n_1000_3,1000,15,7,100,0.3000,123,9998446310,9998444536,191
docs/inst_test/instancias/n_1000_3,1000,15,7,100,0.3000,2026,9999226819,9999225611,162
docs/inst_test/instancias/n_1000_3,1000,15,7,200,0.1000,123,9991416953,9991414346,179
docs/inst_test/instancias/n_1000_3,1000,15,7,200,0.1000,2026,9991416933,9991414310,204
docs/inst_test/instancias/n_1000_3,1000,15,7,200,0.2000,42,9998448433,9998445626,196
docs/inst_test/instancias/n_1000_3,1000,15,7,200,0.2000,2026,9999229022,9999226617,153
docs/inst_test/instancias/n_1000_3,1000,15,7,200,0.2000,123,9994541384,9994539009,194
docs/inst_test/instancias/n_1000_3,1000,15,7,200,0.1000,42,9989073113,9989070474,285
docs/inst_test/instancias/n_1000_3,1000,15,7,200,0.3000,42,9994539122,9994537986,159
docs/inst_test/instancias/n_1000_3,1000,15,7,200,0.3000,123,9997665784,9997663583,158
docs/inst_test/instancias/n_1000_3,1000,15,7,200,0.3000,2026,9997665743,9997663521,160
docs/inst_test/instancias/n_1000_3,1000,15,10,50,0.1000,123,9994541361,9994539065,184
docs/inst_test/instancias/n_1000_3,1000,15,10,50,0.1000,42,9995321912,9995319949,206
docs/inst_test/instancias/n_1000_3,1000,15,10,50,0.1000,2026,9999229050,9999226581,200
docs/inst_test/instancias/n_1000_3,1000,15,10,50,0.2000,42,9999229060,9999226468,184
docs/inst_test/instancias/n_1000_3,1000,15,10,50,0.3000,42,9996882985,9996881662,152
docs/inst_test/instancias/n_1000_3,1000,15,10,50,0.2000,2026,9999229022,9999226617,159
docs/inst_test/instancias/n_1000_3,1000,15,10,50,0.2000,123,9998446310,9998444768,220
docs/inst_test/instancias/n_1000_3,1000,15,10,50,0.3000,123,9999226830,9999225390,176
docs/inst_test/instancias/n_1000_3,1000,15,10,50,0.3000,2026,9999226819,9999225611,194
docs/inst_test/instancias/n_1000_3,1000,15,10,100,0.1000,123,9994541336,9994539080,181
docs/inst_test/instancias/n_1000_3,1000,15,10,100,0.2000,42,9999229060,9999226468,162
docs/inst_test/instancias/n_1000_3,1000,15,10,100,0.1000,2026,9999229050,9999226581,196
docs/inst_test/instancias/n_1000_3,1000,15,10,100,0.2000,123,9997665784,9997663639,183
docs/inst_test/instancias/n_1000_3,1000,15,10,100,0.1000,42,9989073113,9989070474,223
docs/inst_test/instancias/n_1000_3,1000,15,10,100,0.2000,2026,9999229022,9999226617,191
docs/inst_test/instancias/n_1000_3,1000,15,10,100,0.3000,42,9996882981,9996881743,176
docs/inst_test/instancias/n_1000_3,1000,15,10,200,0.1000,42,9989073113,9989070474,161
docs/inst_test/instancias/n_1000_3,1000,15,10,100,0.3000,123,9998446310,9998444536,189
docs/inst_test/instancias/n_1000_3,1000,15,10,200,0.2000,42,9998448433,9998445626,173
docs/inst_test/instancias/n_1000_3,1000,15,10,100,0.3000,2026,9999226819,9999225611,212
docs/inst_test/instancias/n_1000_3,1000,15,10,200,0.1000,123,9991416953,9991414346,187
docs/inst_test/instancias/n_1000_3,1000,15,10,200,0.1000,2026,9991416933,9991414310,187
docs/inst_test/instancias/n_1000_3,1000,15,10,200,0.2000,2026,9999229022,9999226617,172
docs/inst_test/instancias/n_1000_3,1000,15,10,200,0.2000,123,9994541384,9994539009,196
docs/inst_test/instancias/n_1000_3,1000,15,10,200,0.3000,42,9994539122,9994537986,154
docs/inst_test/instancias/n_1000_3,1000,15,10,200,0.3000,123,9997665784,9997663583,166
docs/inst_test/instancias/n_1000_3,1000,15,10,200,0.3000,2026,9997665743,9997663521,167
docs/inst_test/instancias/n_1000_3,1000,15,15,50,0.1000,2026,9999229050,9999226581,187
docs/inst_test/instancias/n_1000_3,1000,15,15,50,0.1000,123,9994541361,9994539065,198
docs/inst_test/instancias/n_1000_3,1000,15,15,50,0.2000,42,9999229060,9999226468,182
docs/inst_test/instancias/n_1000_3,1000,15,15,50,0.2000,123,9998446310,9998444768,185
docs/inst_test/instancias/n_1000_3,1000,15,15,50,0.1000,42,9995321912,9995319949,269
docs/inst_test/instancias/n_1000_3,1000,15,15,50,0.3000,42,9996882985,9996881662,162
docs/inst_test/instancias/n_1000_3,1000,15,15,50,0.2000,2026,9999229022,9999226617,213
docs/inst_test/instancias/n_1000_3,1000,15,15,50,0.3000,123,9999226830,9999225390,197
docs/inst_test/instancias/n_1000_3,1000,15,15,50,0.3000,2026,9999226819,9999225611,173
docs/inst_test/instancias/n_1000_3,1000,15,15,100,0.1000,42,9989073113,9989070474,205
docs/inst_test/instancias/n_1000_3,1000,15,15,100,0.1000,123,9994541336,9994539080,208
docs/inst_test/instancias/n_1000_3,1000,15,15,100,0.1000,2026,9999229050,9999226581,224
docs/inst_test/instancias/n_1000_3,1000,15,15,100,0.2000,42,9999229060,9999226468,223
docs/inst_test/instancias/n_1000_3,1000,15,15,100,0.2000,123,9997665784,9997663639,199
docs/inst_test/instancias/n_1000_3,1000,15,15,100,0.2000,2026,9999229022,9999226617,200
docs/inst_test/instancias/n_1000_3,1000,15,15,100,0.3000,42,9996882981,9996881743,168
docs/inst_test/instancias/n_1000_3,1000,15,15,100,0.3000,123,9998446310,9998444536,184
docs/inst_test/instancias/n_1000_3,1000,15,15,100,0.3000,2026,9999226819,9999225611,168
docs/inst_test/instancias/n_1000_3,1000,15,15,200,0.1000,123,9991416953,9991414346,170
docs/inst_test/instancias/n_1000_3,1000,15,15,200,0.2000,42,9998448433,9998445626,180
docs/inst_test/instancias/n_1000_3,1000,15,15,200,0.2000,2026,9999229022,9999226617,158
docs/inst_test/instancias/n_1000_3,1000,15,15,200,0.1000,2026,9991416933,9991414310,200
docs/inst_test/instancias/n_1000_3,1000,15,15,200,0.2000,123,9994541384,9994539009,173
docs/inst_test/instancias/n_1000_3,1000,15,15,200,0.3000,42,9994539122,9994537986,166
docs/inst_test/instancias/n_1000_3,1000,15,15,200,0.1000,42,9989073113,9989070474,295
docs/inst_test/instancias/n_1000_3,1000,15,15,200,0.3000,123,9997665784,9997663583,187
docs/inst_test/instancias/n_1000_3,1000,15,15,200,0.3000,2026,9997665743,9997663521,188
docs/inst_test/instancias/n_1000_3,1000,20,7,50,0.1000,42,9995321912,9995319949,215
docs/inst_test/instancias/n_1000_3,1000,20,7,50,0.1000,123,9994541361,9994539065,203
docs/inst_test/instancias/n_1000_3,1000,20,7,50,0.1000,2026,9999229050,9999226581,206
docs/inst_test/instancias/n_1000_3,1000,20,7,50,0.2000,42,9999229060,9999226468,216
docs/inst_test/instancias/n_1000_3,1000,20,7,50,0.2000,123,9998446310,9998444768,211
docs/inst_test/instancias/n_1000_3,1000,20,7,50,0.3000,42,9996882985,9996881662,182
docs/inst_test/instancias/n_1000_3,1000,20,7,50,0.2000,2026,9999229022,9999226617,237
docs/inst_test/instancias/n_1000_3,1000,20,7,50,0.3000,123,9999226830,9999225390,186
docs/inst_test/instancias/n_1000_3,1000,20,7,50,0.3000,2026,9999226819,9999225611,180
docs/inst_test/instancias/n_1000_3,1000,20,7,100,0.1000,42,9989073113,9989070474,180
docs/inst_test/instancias/n_1000_3,1000,20,7,100,0.1000,123,9994541336,9994539080,199
docs/inst_test/instancias/n_1000_3,1000,20,7,100,0.2000,123,9997665784,9997663639,175
docs/inst_test/instancias/n_1000_3,1000,20,7,100,0.1000,2026,9999229050,9999226581,205
docs/inst_test/instancias/n_1000_3,1000,20,7,100,0.2000,42,9999229060,9999226468,195
docs/inst_test/instancias/n_1000_3,1000,20,7,100,0.2000,2026,9999229022,9999226617,197
docs/inst_test/instancias/n_1000_3,1000,20,7,100,0.3000,42,9996882981,9996881743,179
docs/inst_test/instancias/n_1000_3,1000,20,7,100,0.3000,2026,9999226819,9999225611,169
docs/inst_test/instancias/n_1000_3,1000,20,7,100,0.3000,123,9998446310,9998444536,198
docs/inst_test/instancias/n_1000_3,1000,20,7,200,0.1000,42,9989073113,9989070474,177
docs/inst_test/instancias/n_1000_3,1000,20,7,200,0.1000,2026,9991416933,9991414310,184
docs/inst_test/instancias/n_1000_3,1000,20,7,200,0.1000,123,9991416953,9991414346,213
docs/inst_test/instancias/n_1000_3,1000,20,7,200,0.2000,42,9998448433,9998445626,208
docs/inst_test/instancias/n_1000_3,1000,20,7,200,0.2000,123,9994541384,9994539009,184
docs/inst_test/instancias/n_1000_3,1000,20,7,200,0.2000,2026,9999229022,9999226617,202
docs/inst_test/instancias/n_1000_3,1000,20,7,200,0.3000,2026,9997665743,9997663521,135
docs/inst_test/instancias/n_1000_3,1000,20,7,200,0.3000,42,9994539122,9994537986,178
docs/inst_test/instancias/n_1000_3,1000,20,7,200,0.3000,123,9997665784,9997663583,187
docs/inst_test/instancias/n_1000_3,1000,20,10,50,0.1000,42,9995321912,9995319949,190
docs/inst_test/instancias/n_1000_3,1000,20,10,50,0.1000,123,9994541361,9994539065,187
docs/inst_test/instancias/n_1000_3,1000,20,10,50,0.1000,2026,9999229050,9999226581,191
docs/inst_test/instancias/n_1000_3,1000,20,10,50,0.2000,42,9999229060,9999226468,184
docs/inst_test/instancias/n_1000_3,1000,20,10,50,0.3000,42,9996882985,9996881662,169
docs/inst_test/instancias/n_1000_3,1000,20,10,50,0.2000,2026,9999229022,9999226617,181
docs/inst_test/instancias/n_1000_3,1000,20,10,50,0.2000,123,9998446310,9998444768,209
docs/inst_test/instancias/n_1000_3,1000,20,10,50,0.3000,123,9999226830,9999225390,189
docs/inst_test/instancias/n_1000_3,1000,20,10,50,0.3000,2026,9999226819,9999225611,176
docs/inst_test/instancias/n_1000_3,1000,20,10,100,0.1000,42,9989073113,9989070474,187
docs/inst_test/instancias/n_1000_3,1000,20,10,100,0.1000,123,9994541336,9994539080,196
docs/inst_test/instancias/n_1000_3,1000,20,10,100,0.1000,2026,9999229050,9999226581,198
docs/inst_test/instancias/n_1000_3,1000,20,10,100,0.2000,123,9997665784,9997663639,180
docs/inst_test/instancias/n_1000_3,1000,20,10,100,0.2000,42,9999229060,9999226468,193
docs/inst_test/instancias/n_1000_3,1000,20,10,100,0.2000,2026,9999229022,9999226617,185
docs/inst_test/instancias/n_1000_3,1000,20,10,100,0.3000,42,9996882981,9996881743,201
docs/inst_test/instancias/n_1000_3,1000,20,10,100,0.3000,123,9998446310,9998444536,174
docs/inst_test/instancias/n_1000_3,1000,20,10,100,0.3000,2026,9999226819,9999225611,169
docs/inst_test/instancias/n_1000_3,1000,20,10,200,0.1000,42,9989073113,9989070474,189
docs/inst_test/instancias/n_1000_3,1000,20,10,200,0.2000,42,9998448433,9998445626,141
docs/inst_test/instancias/n_1000_3,1000,20,10,200,0.1000,123,9991416953,9991414346,197
docs/inst_test/instancias/n_1000_3,1000,20,10,200,0.1000,2026,9991416933,9991414310,193
docs/inst_test/instancias/n_1000_3,1000,20,10,200,0.2000,123,9994541384,9994539009,208
docs/inst_test/instancias/n_1000_3,1000,20,10,200,0.3000,42,9994539122,9994537986,189
docs/inst_test/instancias/n_1000_3,1000,20,10,200,0.2000,2026,9999229022,9999226617,219
docs/inst_test/instancias/n_1000_3,1000,20,15,50,0.1000,42,9995321912,9995319949,153
docs/inst_test/instancias/n_1000_3,1000,20,10,200,0.3000,123,9997665784,9997663583,203
docs/inst_test/instancias/n_1000_3,1000,20,10,200,0.3000,2026,9997665743,9997663521,186
docs/inst_test/instancias/n_1000_3,1000,20,15,50,0.1000,123,9994541361,9994539065,215
docs/inst_test/instancias/n_1000_3,1000,20,15,50,0.1000,2026,9999229050,9999226581,205
docs/inst_test/instancias/n_1000_3,1000,20,15,50,0.2000,42,9999229060,9999226468,202
docs/inst_test/instancias/n_1000_3,1000,20,15,50,0.2000,123,9998446310,9998444768,190
docs/inst_test/instancias/n_1000_3,1000,20,15,50,0.3000,42,9996882985,9996881662,160
docs/inst_test/instancias/n_1000_3,1000,20,15,50,0.3000,123,9999226830,9999225390,161
docs/inst_test/instancias/n_1000_3,1000,20,15,50,0.2000,2026,9999229022,9999226617,198
docs/inst_test/instancias/n_1000_3,1000,20,15,50,0.3000,2026,9999226819,9999225611,192
docs/inst_test/instancias/n_1000_3,1000,20,15,100,0.1000,42,9989073113,9989070474,190
docs/inst_test/instancias/n_1000_3,1000,20,15,100,0.1000,123,9994541336,9994539080,199
docs/inst_test/instancias/n_1000_3,1000,20,15,100,0.2000,2026,9999229022,9999226617,179
docs/inst_test/instancias/n_1000_3,1000,20,15,100,0.2000,123,9997665784,9997663639,191
docs/inst_test/instancias/n_1000_3,1000,20,15,100,0.1000,2026,9999229050,9999226581,233
docs/inst_test/instancias/n_1000_3,1000,20,15,100,0.2000,42,9999229060,9999226468,240
docs/inst_test/instancias/n_1000_3,1000,20,15,100,0.3000,42,9996882981,9996881743,237
docs/inst_test/instancias/n_1000_3,1000,20,15,100,0.3000,123,9998446310,9998444536,238
docs/inst_test/instancias/n_1000_3,1000,20,15,100,0.3000,2026,9999226819,9999225611,221
docs/inst_test/instancias/n_1000_3,1000,20,15,200,0.1000,42,9989073113,9989070474,276
docs/inst_test/instancias/n_1000_3,1000,20,15,200,0.1000,123,9991416953,9991414346,252
docs/inst_test/instancias/n_1000_3,1000,20,15,200,0.2000,42,9998448433,9998445626,241
docs/inst_test/instancias/n_1000_3,1000,20,15,200,0.1000,2026,9991416933,9991414310,256
docs/inst_test/instancias/n_1000_3,1000,20,15,200,0.2000,123,9994541384,9994539009,248
docs/inst_test/instancias/n_1000_3,1000,20,15,200,0.2000,2026,9999229022,9999226617,215
docs/inst_test/instancias/n_1000_3,1000,20,15,200,0.3000,42,9994539122,9994537986,195
docs/inst_test/instancias/n_1000_3,1000,20,15,200,0.3000,123,9997665784,9997663583,199
docs/inst_test/instancias/n_1000_3,1000,20,15,200,0.3000,2026,9997665743,9997663521,168
docs/inst_test/instancias/n_1000_3,3000,10,7,50,0.1000,42,9997665749,9997663600,530
docs/inst_test/instancias/n_1000_3,3000,10,7,50,0.2000,123,9999226833,9999225604,505
docs/inst_test/instancias/n_1000_3,3000,10,7,50,0.1000,2026,9999229056,9999226515,551
docs/inst_test/instancias/n_1000_3,3000,10,7,50,0.3000,42,9997663479,9997662436,489
docs/inst_test/instancias/n_1000_3,3000,10,7,50,0.1000,123,9999229058,9999226654,578
docs/inst_test/instancias/n_1000_3,3000,10,7,50,0.2000,42,9999229060,9999226468,549
docs/inst_test/instancias/n_1000_3,3000,10,7,50,0.3000,123,9999226837,9999225528,546
docs/inst_test/instancias/n_1000_3,3000,10,7,50,0.2000,2026,9999229022,9999226617,700
docs/inst_test/instancias/n_1000_3,3000,10,7,50,0.3000,2026,9999226829,9999225552,588
docs/inst_test/instancias/n_1000_3,3000,10,7,100,0.1000,42,9995321912,9995319949,590
docs/inst_test/instancias/n_1000_3,3000,10,7,100,0.2000,42,9999229060,9999226468,560
docs/inst_test/instancias/n_1000_3,3000,10,7,100,0.2000,123,9999226833,9999225604,563
docs/inst_test/instancias/n_1000_3,3000,10,7,100,0.1000,2026,9999229056,9999226515,619
docs/inst_test/instancias/n_1000_3,3000,10,7,100,0.3000,42,9997663479,9997662436,472
docs/inst_test/instancias/n_1000_3,3000,10,7,100,0.2000,2026,9999229022,9999226617,539
docs/inst_test/instancias/n_1000_3,3000,10,7,100,0.1000,123,9994541361,9994539065,736
docs/inst_test/instancias/n_1000_3,3000,10,7,100,0.3000,123,9999226837,9999225528,582
docs/inst_test/instancias/n_1000_3,3000,10,7,100,0.3000,2026,9999226819,9999225611,573
docs/inst_test/instancias/n_1000_3,3000,10,7,200,0.1000,123,9994541361,9994539065,619
docs/inst_test/instancias/n_1000_3,3000,10,7,200,0.1000,42,9994541353,9994538947,639
docs/inst_test/instancias/n_1000_3,3000,10,7,200,0.2000,123,9997665784,9997663639,604
docs/inst_test/instancias/n_1000_3,3000,10,7,200,0.2000,42,9999229060,9999226468,657
docs/inst_test/instancias/n_1000_3,3000,10,7,200,0.2000,2026,9999229022,9999226617,622
docs/inst_test/instancias/n_1000_3,3000,10,7,200,0.1000,2026,9999229050,9999226581,742
docs/inst_test/instancias/n_1000_3,3000,10,7,200,0.3000,42,9996882984,9996881744,531
docs/inst_test/instancias/n_1000_3,3000,10,7,200,0.3000,123,9999226830,9999225390,538
docs/inst_test/instancias/n_1000_3,3000,10,7,200,0.3000,2026,9999226819,9999225611,527
docs/inst_test/instancias/n_1000_3,3000,10,10,50,0.1000,123,9999229058,9999226654,539
docs/inst_test/instancias/n_1000_3,3000,10,10,50,0.1000,42,9997665749,9997663600,588
docs/inst_test/instancias/n_1000_3,3000,10,10,50,0.1000,2026,9999229056,9999226515,513
docs/inst_test/instancias/n_1000_3,3000,10,10,50,0.2000,42,9999229060,9999226468,558
docs/inst_test/instancias/n_1000_3,3000,10,10,50,0.2000,123,9999226833,9999225604,563
docs/inst_test/instancias/n_1000_3,3000,10,10,50,0.2000,2026,9999229022,9999226617,521
docs/inst_test/instancias/n_1000_3,3000,10,10,50,0.3000,42,9997663479,9997662436,529
docs/inst_test/instancias/n_1000_3,3000,10,10,50,0.3000,123,9999226837,9999225528,518
docs/inst_test/instancias/n_1000_3,3000,10,10,50,0.3000,2026,9999226829,9999225552,500
docs/inst_test/instancias/n_1000_3,3000,10,10,100,0.1000,42,9995321912,9995319949,571
docs/inst_test/instancias/n_1000_3,3000,10,10,100,0.1000,123,9994541361,9994539065,569
docs/inst_test/instancias/n_1000_3,3000,10,10,100,0.1000,2026,9999229056,9999226515,557
docs/inst_test/instancias/n_1000_3,3000,10,10,100,0.2000,42,9999229060,9999226468,563
docs/inst_test/instancias/n_1000_3,3000,10,10,100,0.2000,123,9999226833,9999225604,565
docs/inst_test/instancias/n_1000_3,3000,10,10,100,0.2000,2026,9999229022,9999226617,562
docs/inst_test/instancias/n_1000_3,3000,10,10,100,0.3000,42,9997663479,9997662436,524
docs/inst_test/instancias/n_1000_3,3000,10,10,100,0.3000,123,9999226837,9999225528,510
docs/inst_test/instancias/n_1000_3,3000,10,10,100,0.3000,2026,9999226819,9999225611,515
docs/inst_test/instancias/n_1000_3,3000,10,10,200,0.1000,42,9994541353,9994538947,566
docs/inst_test/instancias/n_1000_3,3000,10,10,200,0.1000,2026,9999229050,9999226581,547
docs/inst_test/instancias/n_1000_3,3000,10,10,200,0.1000,123,9994541361,9994539065,579
docs/inst_test/instancias/n_1000_3,3000,10,10,200,0.2000,42,9999229060,9999226468,496
docs/inst_test/instancias/n_1000_3,3000,10,10,200,0.3000,42,9996882984,9996881744,518
docs/inst_test/instancias/n_1000_3,3000,10,10,200,0.2000,2026,9999229022,9999226617,588
docs/inst_test/instancias/n_1000_3,3000,10,10,200,0.3000,123,9999226830,9999225390,524
docs/inst_test/instancias/n_1000_3,3000,10,10,200,0.2000,123,9997665784,9997663639,676
docs/inst_test/instancias/n_1000_3,3000,10,10,200,0.3000,2026,9999226819,9999225611,509
docs/inst_test/instancias/n_1000_3,3000,10,15,50,0.1000,42,9997665749,9997663600,564
docs/inst_test/instancias/n_1000_3,3000,10,15,50,0.1000,123,9999229058,9999226654,566
docs/inst_test/instancias/n_1000_3,3000,10,15,50,0.1000,2026,9999229056,9999226515,550
docs/inst_test/instancias/n_1000_3,3000,10,15,50,0.2000,123,9999226833,9999225604,558
docs/inst_test/instancias/n_1000_3,3000,10,15,50,0.3000,42,9997663479,9997662436,479
docs/inst_test/instancias/n_1000_3,3000,10,15,50,0.3000,123,9999226837,9999225528,459
docs/inst_test/instancias/n_1000_3,3000,10,15,50,0.2000,42,9999229060,9999226468,608
docs/inst_test/instancias/n_1000_3,3000,10,15,50,0.2000,2026,9999229022,9999226617,560
docs/inst_test/instancias/n_1000_3,3000,10,15,50,0.3000,2026,9999226829,9999225552,540
docs/inst_test/instancias/n_1000_3,3000,10,15,100,0.1000,42,9995321912,9995319949,597
docs/inst_test/instancias/n_1000_3,3000,10,15,100,0.1000,123,9994541361,9994539065,545
docs/inst_test/instancias/n_1000_3,3000,10,15,100,0.2000,123,9999226833,9999225604,457
docs/inst_test/instancias/n_1000_3,3000,10,15,100,0.2000,42,9999229060,9999226468,528
docs/inst_test/instancias/n_1000_3,3000,10,15,100,0.1000,2026,9999229056,9999226515,549
docs/inst_test/instancias/n_1000_3,3000,10,15,100,0.3000,42,9997663479,9997662436,513
docs/inst_test/instancias/n_1000_3,3000,10,15,100,0.2000,2026,9999229022,9999226617,590
docs/inst_test/instancias/n_1000_3,3000,10,15,100,0.3000,2026,9999226819,9999225611,439
docs/inst_test/instancias/n_1000_3,3000,10,15,100,0.3000,123,9999226837,9999225528,614
docs/inst_test/instancias/n_1000_3,3000,10,15,200,0.1000,42,9994541353,9994538947,577
docs/inst_test/instancias/n_1000_3,3000,10,15,200,0.1000,123,9994541361,9994539065,568
docs/inst_test/instancias/n_1000_3,3000,10,15,200,0.2000,123,9997665784,9997663639,554
docs/inst_test/instancias/n_1000_3,3000,10,15,200,0.1000,2026,9999229050,9999226581,595
docs/inst_test/instancias/n_1000_3,3000,10,15,200,0.2000,42,9999229060,9999226468,597
docs/inst_test/instancias/n_1000_3,3000,10,15,200,0.2000,2026,9999229022,9999226617,580
docs/inst_test/instancias/n_1000_3,3000,10,15,200,0.3000,42,9996882984,9996881744,472
docs/inst_test/instancias/n_1000_3,3000,10,15,200,0.3000,123,9999226830,9999225390,526
docs/inst_test/instancias/n_1000_3,3000,10,15,200,0.3000,2026,9999226819,9999225611,520
docs/inst_test/instancias/n_1000_3,3000,15,7,50,0.1000,42,9997665749,9997663600,614
docs/inst_test/instancias/n_1000_3,3000,15,7,50,0.2000,42,9999229060,9999226468,517
docs/inst_test/instancias/n_1000_3,3000,15,7,50,0.1000,2026,9999229056,9999226515,551
docs/inst_test/instancias/n_1000_3,3000,15,7,50,0.2000,2026,9999229022,9999226617,505
docs/inst_test/instancias/n_1000_3,3000,15,7,50,0.2000,123,9999226833,9999225604,539
docs/inst_test/instancias/n_1000_3,3000,15,7,50,0.1000,123,9999229058,9999226654,707
docs/inst_test/instancias/n_1000_3,3000,15,7,50,0.3000,42,9997663479,9997662436,467
docs/inst_test/instancias/n_1000_3,3000,15,7,50,0.3000,123,9999226837,9999225528,505
docs/inst_test/instancias/n_1000_3,3000,15,7,100,0.1000,42,9995321912,9995319949,496
docs/inst_test/instancias/n_1000_3,3000,15,7,50,0.3000,2026,9999226829,9999225552,538
docs/inst_test/instancias/n_1000_3,3000,15,7,100,0.1000,123,9994541361,9994539065,528
docs/inst_test/instancias/n_1000_3,3000,15,7,100,0.1000,2026,9999229056,9999226515,547
docs/inst_test/instancias/n_1000_3,3000,15,7,100,0.2000,42,9999229060,9999226468,560
docs/inst_test/instancias/n_1000_3,3000,15,7,100,0.2000,123,9999226833,9999225604,535
docs/inst_test/instancias/n_1000_3,3000,15,7,100,0.2000,2026,9999229022,9999226617,566
docs/inst_test/instancias/n_1000_3,3000,15,7,100,0.3000,42,9997663479,9997662436,499
docs/inst_test/instancias/n_1000_3,3000,15,7,100,0.3000,123,9999226837,9999225528,500
docs/inst_test/instancias/n_1000_3,3000,15,7,100,0.3000,2026,9999226819,9999225611,544
docs/inst_test/instancias/n_1000_3,3000,15,7,200,0.1000,123,9994541361,9994539065,509
docs/inst_test/instancias/n_1000_3,3000,15,7,200,0.1000,42,9994541353,9994538947,554
docs/inst_test/instancias/n_1000_3,3000,15,7,200,0.1000,2026,9999229050,9999226581,571
docs/inst_test/instancias/n_1000_3,3000,15,7,200,0.2000,42,9999229060,9999226468,548
docs/inst_test/instancias/n_1000_3,3000,15,7,200,0.2000,123,9997665784,9997663639,513
docs/inst_test/instancias/n_1000_3,3000,15,7,200,0.2000,2026,9999229022,9999226617,558
docs/inst_test/instancias/n_1000_3,3000,15,7,200,0.3000,42,9996882984,9996881744,522
docs/inst_test/instancias/n_1000_3,3000,15,7,200,0.3000,2026,9999226819,9999225611,473
docs/inst_test/instancias/n_1000_3,3000,15,7,200,0.3000,123,9999226830,9999225390,558
docs/inst_test/instancias/n_1000_3,3000,15,10,50,0.1000,42,9997665749,9997663600,577
docs/inst_test/instancias/n_1000_3,3000,15,10,50,0.2000,42,9999229060,9999226468,556
docs/inst_test/instancias/n_1000_3,3000,15,10,50,0.1000,123,9999229058,9999226654,629
docs/inst_test/instancias/n_1000_3,3000,15,10,50,0.1000,2026,9999229056,9999226515,574
docs/inst_test/instancias/n_1000_3,3000,15,10,50,0.2000,123,9999226833,9999225604,543
docs/inst_test/instancias/n_1000_3,3000,15,10,50,0.3000,42,9997663479,9997662436,417
docs/inst_test/instancias/n_1000_3,3000,15,10,50,0.2000,2026,9999229022,9999226617,597
docs/inst_test/instancias/n_1000_3,3000,15,10,50,0.3000,123,9999226837,9999225528,562
docs/inst_test/instancias/n_1000_3,3000,15,10,50,0.3000,2026,9999226829,9999225552,545
docs/inst_test/instancias/n_1000_3,3000,15,10,100,0.1000,123,9994541361,9994539065,590
docs/inst_test/instancias/n_1000_3,3000,15,10,100,0.1000,2026,9999229056,9999226515,594
docs/inst_test/instancias/n_1000_3,3000,15,10,100,0.1000,42,9995321912,9995319949,611
docs/inst_test/instancias/n_1000_3,3000,15,10,100,0.2000,123,9999226833,9999225604,554
docs/inst_test/instancias/n_1000_3,3000,15,10,100,0.2000,2026,9999229022,9999226617,546
docs/inst_test/instancias/n_1000_3,3000,15,10,100,0.3000,42,9997663479,9997662436,482
docs/inst_test/instancias/n_1000_3,3000,15,10,100,0.2000,42,9999229060,9999226468,728
docs/inst_test/instancias/n_1000_3,3000,15,10,100,0.3000,123,9999226837,9999225528,536
docs/inst_test/instancias/n_1000_3,3000,15,10,100,0.3000,2026,9999226819,9999225611,503
docs/inst_test/instancias/n_1000_3,3000,15,10,200,0.1000,42,9994541353,9994538947,544
docs/inst_test/instancias/n_1000_3,3000,15,10,200,0.1000,123,9994541361,9994539065,565
docs/inst_test/instancias/n_1000_3,3000,15,10,200,0.1000,2026,9999229050,9999226581,537
docs/inst_test/instancias/n_1000_3,3000,15,10,200,0.2000,123,9997665784,9997663639,535
docs/inst_test/instancias/n_1000_3,3000,15,10,200,0.2000,42,9999229060,9999226468,561
docs/inst_test/instancias/n_1000_3,3000,15,10,200,0.2000,2026,9999229022,9999226617,569
docs/inst_test/instancias/n_1000_3,3000,15,10,200,0.3000,42,9996882984,9996881744,503
docs/inst_test/instancias/n_1000_3,3000,15,10,200,0.3000,2026,9999226819,9999225611,486
docs/inst_test/instancias/n_1000_3,3000,15,10,200,0.3000,123,9999226830,9999225390,637
docs/inst_test/instancias/n_1000_3,3000,15,15,50,0.1000,42,9997665749,9997663600,586
docs/inst_test/instancias/n_1000_3,3000,15,15,50,0.1000,123,9999229058,9999226654,555
docs/inst_test/instancias/n_1000_3,3000,15,15,50,0.1000,2026,9999229056,9999226515,524
docs/inst_test/instancias/n_1000_3,3000,15,15,50,0.2000,123,9999226833,9999225604,529
docs/inst_test/instancias/n_1000_3,3000,15,15,50,0.2000,42,9999229060,9999226468,559
docs/inst_test/instancias/n_1000_3,3000,15,15,50,0.2000,2026,9999229022,9999226617,558
docs/inst_test/instancias/n_1000_3,3000,15,15,50,0.3000,42,9997663479,9997662436,540
docs/inst_test/instancias/n_1000_3,3000,15,15,50,0.3000,2026,9999226829,9999225552,533
docs/inst_test/instancias/n_1000_3,3000,15,15,50,0.3000,123,9999226837,9999225528,607
docs/inst_test/instancias/n_1000_3,3000,15,15,100,0.1000,42,9995321912,9995319949,614
docs/inst_test/instancias/n_1000_3,3000,15,15,100,0.1000,123,9994541361,9994539065,583
docs/inst_test/instancias/n_1000_3,3000,15,15,100,0.1000,2026,9999229056,9999226515,577
docs/inst_test/instancias/n_1000_3,3000,15,15,100,0.2000,123,9999226833,9999225604,569
docs/inst_test/instancias/n_1000_3,3000,15,15,100,0.2000,42,9999229060,9999226468,687
docs/inst_test/instancias/n_1000_3,3000,15,15,100,0.2000,2026,9999229022,9999226617,587
docs/inst_test/instancias/n_1000_3,3000,15,15,100,0.3000,42,9997663479,9997662436,527
docs/inst_test/instancias/n_1000_3,3000,15,15,100,0.3000,123,9999226837,9999225528,542
docs/inst_test/instancias/n_1000_3,3000,15,15,100,0.3000,2026,9999226819,9999225611,470
docs/inst_test/instancias/n_1000_3,3000,15,15,200,0.1000,42,9994541353,9994538947,533
docs/inst_test/instancias/n_1000_3,3000,15,15,200,0.1000,2026,9999229050,9999226581,540
docs/inst_test/instancias/n_1000_3,3000,15,15,200,0.1000,123,9994541361,9994539065,577
docs/inst_test/instancias/n_1000_3,3000,15,15,200,0.2000,42,9999229060,9999226468,524
docs/inst_test/instancias/n_1000_3,3000,15,15,200,0.2000,123,9997665784,9997663639,535
docs/inst_test/instancias/n_1000_3,3000,15,15,200,0.2000,2026,9999229022,9999226617,528
docs/inst_test/instancias/n_1000_3,3000,15,15,200,0.3000,123,9999226830,9999225390,519
docs/inst_test/instancias/n_1000_3,3000,15,15,200,0.3000,42,9996882984,9996881744,620
docs/inst_test/instancias/n_1000_3,3000,15,15,200,0.3000,2026,9999226819,9999225611,494
docs/inst_test/instancias/n_1000_3,3000,20,7,50,0.1000,42,9997665749,9997663600,551
docs/inst_test/instancias/n_1000_3,3000,20,7,50,0.1000,123,9999229058,9999226654,579
docs/inst_test/instancias/n_1000_3,3000,20,7,50,0.1000,2026,9999229056,9999226515,565
docs/inst_test/instancias/n_1000_3,3000,20,7,50,0.2000,42,9999229060,9999226468,529
docs/inst_test/instancias/n_1000_3,3000,20,7,50,0.2000,123,9999226833,9999225604,529
docs/inst_test/instancias/n_1000_3,3000,20,7,50,0.2000,2026,9999229022,9999226617,537
docs/inst_test/instancias/n_1000_3,3000,20,7,50,0.3000,42,9997663479,9997662436,494
docs/inst_test/instancias/n_1000_3,3000,20,7,50,0.3000,123,9999226837,9999225528,503
docs/inst_test/instancias/n_1000_3,3000,20,7,50,0.3000,2026,9999226829,9999225552,478
docs/inst_test/instancias/n_1000_3,3000,20,7,100,0.1000,42,9995321912,9995319949,559
docs/inst_test/instancias/n_1000_3,3000,20,7,100,0.1000,123,9994541361,9994539065,575
docs/inst_test/instancias/n_1000_3,3000,20,7,100,0.1000,2026,9999229056,9999226515,537
docs/inst_test/instancias/n_1000_3,3000,20,7,100,0.2000,42,9999229060,9999226468,514
docs/inst_test/instancias/n_1000_3,3000,20,7,100,0.3000,42,9997663479,9997662436,470
docs/inst_test/instancias/n_1000_3,3000,20,7,100,0.2000,123,9999226833,9999225604,564
docs/inst_test/instancias/n_1000_3,3000,20,7,100,0.2000,2026,9999229022,9999226617,537
docs/inst_test/instancias/n_1000_3,3000,20,7,100,0.3000,123,9999226837,9999225528,540
docs/inst_test/instancias/n_1000_3,3000,20,7,100,0.3000,2026,9999226819,9999225611,579
docs/inst_test/instancias/n_1000_3,3000,20,7,200,0.1000,42,9994541353,9994538947,602
docs/inst_test/instancias/n_1000_3,3000,20,7,200,0.1000,123,9994541361,9994539065,591
docs/inst_test/instancias/n_1000_3,3000,20,7,200,0.1000,2026,9999229050,9999226581,581
docs/inst_test/instancias/n_1000_3,3000,20,7,200,0.2000,42,9999229060,9999226468,587
docs/inst_test/instancias/n_1000_3,3000,20,7,200,0.2000,2026,9999229022,9999226617,572
docs/inst_test/instancias/n_1000_3,3000,20,7,200,0.2000,123,9997665784,9997663639,585
docs/inst_test/instancias/n_1000_3,3000,20,7,200,0.3000,42,9996882984,9996881744,531
docs/inst_test/instancias/n_1000_3,3000,20,7,200,0.3000,123,9999226830,9999225390,593
docs/inst_test/instancias/n_1000_3,3000,20,7,200,0.3000,2026,9999226819,9999225611,574
docs/inst_test/instancias/n_1000_3,3000,20,10,50,0.1000,42,9997665749,9997663600,632
docs/inst_test/instancias/n_1000_3,3000,20,10,50,0.1000,123,9999229058,9999226654,639
docs/inst_test/instancias/n_1000_3,3000,20,10,50,0.2000,123,9999226833,9999225604,590
docs/inst_test/instancias/n_1000_3,3000,20,10,50,0.1000,2026,9999229056,9999226515,637
docs/inst_test/instancias/n_1000_3,3000,20,10,50,0.2000,42,9999229060,9999226468,639
docs/inst_test/instancias/n_1000_3,3000,20,10,50,0.2000,2026,9999229022,9999226617,596
docs/inst_test/instancias/n_1000_3,3000,20,10,50,0.3000,42,9997663479,9997662436,546
docs/inst_test/instancias/n_1000_3,3000,20,10,50,0.3000,123,9999226837,9999225528,498
docs/inst_test/instancias/n_1000_3,3000,20,10,50,0.3000,2026,9999226829,9999225552,554
docs/inst_test/instancias/n_1000_3,3000,20,10,100,0.1000,42,9995321912,9995319949,555
docs/inst_test/instancias/n_1000_3,3000,20,10,100,0.1000,2026,9999229056,9999226515,530
docs/inst_test/instancias/n_1000_3,3000,20,10,100,0.1000,123,9994541361,9994539065,576
docs/inst_test/instancias/n_1000_3,3000,20,10,100,0.2000,42,9999229060,9999226468,538
docs/inst_test/instancias/n_1000_3,3000,20,10,100,0.2000,123,9999226833,9999225604,514
docs/inst_test/instancias/n_1000_3,3000,20,10,100,0.3000,42,9997663479,9997662436,491
docs/inst_test/instancias/n_1000_3,3000,20,10,100,0.3000,2026,9999226819,9999225611,425
docs/inst_test/instancias/n_1000_3,3000,20,10,100,0.2000,2026,9999229022,9999226617,673
docs/inst_test/instancias/n_1000_3,3000,20,10,100,0.3000,123,9999226837,9999225528,558
docs/inst_test/instancias/n_1000_3,3000,20,10,200,0.1000,42,9994541353,9994538947,587
docs/inst_test/instancias/n_1000_3,3000,20,10,200,0.1000,123,9994541361,9994539065,589
docs/inst_test/instancias/n_1000_3,3000,20,10,200,0.2000,42,9999229060,9999226468,564
docs/inst_test/instancias/n_1000_3,3000,20,10,200,0.1000,2026,9999229050,9999226581,685
docs/inst_test/instancias/n_1000_3,3000,20,10,200,0.2000,123,9997665784,9997663639,586
docs/inst_test/instancias/n_1000_3,3000,20,10,200,0.2000,2026,9999229022,9999226617,553
docs/inst_test/instancias/n_1000_3,3000,20,10,200,0.3000,42,9996882984,9996881744,508
docs/inst_test/instancias/n_1000_3,3000,20,10,200,0.3000,123,9999226830,9999225390,559
docs/inst_test/instancias/n_1000_3,3000,20,10,200,0.3000,2026,9999226819,9999225611,479
docs/inst_test/instancias/n_1000_3,3000,20,15,50,0.1000,42,9997665749,9997663600,548
docs/inst_test/instancias/n_1000_3,3000,20,15,50,0.1000,123,9999229058,9999226654,644
docs/inst_test/instancias/n_1000_3,3000,20,15,50,0.1000,2026,9999229056,9999226515,566
docs/inst_test/instancias/n_1000_3,3000,20,15,50,0.2000,42,9999229060,9999226468,556
docs/inst_test/instancias/n_1000_3,3000,20,15,50,0.2000,2026,9999229022,9999226617,576
docs/inst_test/instancias/n_1000_3,3000,20,15,50,0.2000,123,9999226833,9999225604,622
docs/inst_test/instancias/n_1000_3,3000,20,15,50,0.3000,42,9997663479,9997662436,561
docs/inst_test/instancias/n_1000_3,3000,20,15,50,0.3000,123,9999226837,9999225528,569
docs/inst_test/instancias/n_1000_3,3000,20,15,50,0.3000,2026,9999226829,9999225552,569
docs/inst_test/instancias/n_1000_3,3000,20,15,100,0.1000,42,9995321912,9995319949,622
docs/inst_test/instancias/n_1000_3,3000,20,15,100,0.1000,123,9994541361,9994539065,648
docs/inst_test/instancias/n_1000_3,3000,20,15,100,0.2000,42,9999229060,9999226468,495
docs/inst_test/instancias/n_1000_3,3000,20,15,100,0.1000,2026,9999229056,9999226515,605
docs/inst_test/instancias/n_1000_3,3000,20,15,100,0.2000,123,9999226833,9999225604,556
docs/inst_test/instancias/n_1000_3,3000,20,15,100,0.2000,2026,9999229022,9999226617,555
docs/inst_test/instancias/n_1000_3,3000,20,15,100,0.3000,42,9997663479,9997662436,508
docs/inst_test/instancias/n_1000_3,3000,20,15,100,0.3000,123,9999226837,9999225528,544
docs/inst_test/instancias/n_1000_3,3000,20,15,100,0.3000,2026,9999226819,9999225611,507
docs/inst_test/instancias/n_1000_3,3000,20,15,200,0.1000,42,9994541353,9994538947,525
docs/inst_test/instancias/n_1000_3,3000,20,15,200,0.1000,2026,9999229050,9999226581,510
docs/inst_test/instancias/n_1000_3,3000,20,15,200,0.1000,123,9994541361,9994539065,540
docs/inst_test/instancias/n_1000_3,3000,20,15,200,0.2000,42,9999229060,9999226468,538
docs/inst_test/instancias/n_1000_3,3000,20,15,200,0.2000,2026,9999229022,9999226617,539
docs/inst_test/instancias/n_1000_3,3000,20,15,200,0.2000,123,9997665784,9997663639,624
docs/inst_test/instancias/n_1000_3,3000,20,15,200,0.3000,42,9996882984,9996881744,511
docs/inst_test/instancias/n_1000_3,3000,20,15,200,0.3000,123,9999226830,9999225390,480
docs/inst_test/instancias/n_1000_3,3000,20,15,200,0.3000,2026,9999226819,9999225611,526
docs/inst_test/instancias/n_1000_3,5000,10,7,50,0.1000,42,9997665779,9997663694,946
docs/inst_test/instancias/n_1000_3,5000,10,7,50,0.1000,123,9999229058,9999226654,944
docs/inst_test/instancias/n_1000_3,5000,10,7,50,0.2000,42,9999229060,9999226468,843
docs/inst_test/instancias/n_1000_3,5000,10,7,50,0.1000,2026,9999229073,9999226465,978
docs/inst_test/instancias/n_1000_3,5000,10,7,50,0.2000,123,9999226839,9999225521,958
docs/inst_test/instancias/n_1000_3,5000,10,7,50,0.2000,2026,9999229024,9999226717,920
docs/inst_test/instancias/n_1000_3,5000,10,7,50,0.3000,42,9997663485,9997662455,815
docs/inst_test/instancias/n_1000_3,5000,10,7,50,0.3000,123,9999226837,9999225528,954
docs/inst_test/instancias/n_1000_3,5000,10,7,50,0.3000,2026,9999226841,9999225562,825
docs/inst_test/instancias/n_1000_3,5000,10,7,100,0.1000,42,9997665749,9997663600,864
docs/inst_test/instancias/n_1000_3,5000,10,7,100,0.1000,123,9999229041,9999226730,967
docs/inst_test/instancias/n_1000_3,5000,10,7,100,0.1000,2026,9999229056,9999226515,936
docs/inst_test/instancias/n_1000_3,5000,10,7,100,0.2000,123,9999226833,9999225604,874
docs/inst_test/instancias/n_1000_3,5000,10,7,100,0.2000,2026,9999229022,9999226617,934
docs/inst_test/instancias/n_1000_3,5000,10,7,100,0.3000,42,9997663479,9997662436,777
docs/inst_test/instancias/n_1000_3,5000,10,7,100,0.2000,42,9999229060,9999226468,1014
docs/inst_test/instancias/n_1000_3,5000,10,7,100,0.3000,2026,9999226819,9999225611,829
docs/inst_test/instancias/n_1000_3,5000,10,7,100,0.3000,123,9999226837,9999225528,923
docs/inst_test/instancias/n_1000_3,5000,10,7,200,0.1000,123,9994541361,9994539065,913
docs/inst_test/instancias/n_1000_3,5000,10,7,200,0.1000,42,9995321912,9995319949,956
docs/inst_test/instancias/n_1000_3,5000,10,7,200,0.1000,2026,9999229050,9999226581,947
docs/inst_test/instancias/n_1000_3,5000,10,7,200,0.2000,2026,9999229022,9999226617,882
docs/inst_test/instancias/n_1000_3,5000,10,7,200,0.2000,123,9999226825,9999225599,897
docs/inst_test/instancias/n_1000_3,5000,10,7,200,0.2000,42,9999229060,9999226468,1025
docs/inst_test/instancias/n_1000_3,5000,10,7,200,0.3000,123,9999226830,9999225390,804
docs/inst_test/instancias/n_1000_3,5000,10,7,200,0.3000,42,9997663479,9997662436,849
docs/inst_test/instancias/n_1000_3,5000,10,7,200,0.3000,2026,9999226819,9999225611,841
docs/inst_test/instancias/n_1000_3,5000,10,10,50,0.1000,42,9997665779,9997663694,861
docs/inst_test/instancias/n_1000_3,5000,10,10,50,0.1000,123,9999229058,9999226654,972
docs/inst_test/instancias/n_1000_3,5000,10,10,50,0.2000,42,9999229060,9999226468,943
docs/inst_test/instancias/n_1000_3,5000,10,10,50,0.1000,2026,9999229073,9999226465,983
docs/inst_test/instancias/n_1000_3,5000,10,10,50,0.2000,123,9999226839,9999225521,936
docs/inst_test/instancias/n_1000_3,5000,10,10,50,0.3000,42,9997663485,9997662455,816
docs/inst_test/instancias/n_1000_3,5000,10,10,50,0.2000,2026,9999229024,9999226717,942
docs/inst_test/instancias/n_1000_3,5000,10,10,50,0.3000,123,9999226837,9999225528,905
docs/inst_test/instancias/n_1000_3,5000,10,10,50,0.3000,2026,9999226841,9999225562,895
docs/inst_test/instancias/n_1000_3,5000,10,10,100,0.1000,42,9997665749,9997663600,904
docs/inst_test/instancias/n_1000_3,5000,10,10,100,0.1000,123,9999229041,9999226730,903
docs/inst_test/instancias/n_1000_3,5000,10,10,100,0.1000,2026,9999229056,9999226515,935
docs/inst_test/instancias/n_1000_3,5000,10,10,100,0.2000,42,9999229060,9999226468,934
docs/inst_test/instancias/n_1000_3,5000,10,10,100,0.2000,123,9999226833,9999225604,892
docs/inst_test/instancias/n_1000_3,5000,10,10,100,0.2000,2026,9999229022,9999226617,872
docs/inst_test/instancias/n_1000_3,5000,10,10,100,0.3000,123,9999226837,9999225528,824
docs/inst_test/instancias/n_1000_3,5000,10,10,100,0.3000,42,9997663479,9997662436,850
docs/inst_test/instancias/n_1000_3,5000,10,10,100,0.3000,2026,9999226819,9999225611,823
docs/inst_test/instancias/n_1000_3,5000,10,10,200,0.1000,42,9995321912,9995319949,957
docs/inst_test/instancias/n_1000_3,5000,10,10,200,0.1000,123,9994541361,9994539065,902
docs/inst_test/instancias/n_1000_3,5000,10,10,200,0.1000,2026,9999229050,9999226581,959
docs/inst_test/instancias/n_1000_3,5000,10,10,200,0.2000,42,9999229060,9999226468,879
docs/inst_test/instancias/n_1000_3,5000,10,10,200,0.2000,123,9999226825,9999225599,884
docs/inst_test/instancias/n_1000_3,5000,10,10,200,0.3000,42,9997663479,9997662436,853
docs/inst_test/instancias/n_1000_3,5000,10,10,200,0.2000,2026,9999229022,9999226617,914
docs/inst_test/instancias/n_1000_3,5000,10,10,200,0.3000,123,9999226830,9999225390,911
docs/inst_test/instancias/n_1000_3,5000,10,10,200,0.3000,2026,9999226819,9999225611,891
docs/inst_test/instancias/n_1000_3,5000,10,15,50,0.1000,42,9997665779,9997663694,947
docs/inst_test/instancias/n_1000_3,5000,10,15,50,0.1000,123,9999229058,9999226654,1046
docs/inst_test/instancias/n_1000_3,5000,10,15,50,0.1000,2026,9999229073,9999226465,1008
docs/inst_test/instancias/n_1000_3,5000,10,15,50,0.2000,42,9999229060,9999226468,948
docs/inst_test/instancias/n_1000_3,5000,10,15,50,0.2000,123,9999226839,9999225521,935
docs/inst_test/instancias/n_1000_3,5000,10,15,50,0.2000,2026,9999229024,9999226717,973
docs/inst_test/instancias/n_1000_3,5000,10,15,50,0.3000,42,9997663485,9997662455,872
docs/inst_test/instancias/n_1000_3,5000,10,15,50,0.3000,2026,9999226841,9999225562,794
docs/inst_test/instancias/n_1000_3,5000,10,15,50,0.3000,123,9999226837,9999225528,893
docs/inst_test/instancias/n_1000_3,5000,10,15,100,0.1000,42,9997665749,9997663600,934
docs/inst_test/instancias/n_1000_3,5000,10,15,100,0.1000,123,9999229041,9999226730,942
docs/inst_test/instancias/n_1000_3,5000,10,15,100,0.1000,2026,9999229056,9999226515,941
docs/inst_test/instancias/n_1000_3,5000,10,15,100,0.2000,123,9999226833,9999225604,819
docs/inst_test/instancias/n_1000_3,5000,10,15,100,0.2000,42,9999229060,9999226468,996
docs/inst_test/instancias/n_1000_3,5000,10,15,100,0.3000,42,9997663479,9997662436,879
docs/inst_test/instancias/n_1000_3,5000,10,15,100,0.2000,2026,9999229022,9999226617,1046
docs/inst_test/instancias/n_1000_3,5000,10,15,100,0.3000,123,9999226837,9999225528,980
docs/inst_test/instancias/n_1000_3,5000,10,15,100,0.3000,2026,9999226819,9999225611,919
docs/inst_test/instancias/n_1000_3,5000,10,15,200,0.1000,42,9995321912,9995319949,1021
docs/inst_test/instancias/n_1000_3,5000,10,15,200,0.1000,123,9994541361,9994539065,1029
docs/inst_test/instancias/n_1000_3,5000,10,15,200,0.2000,42,9999229060,9999226468,983
docs/inst_test/instancias/n_1000_3,5000,10,15,200,0.1000,2026,9999229050,9999226581,1083
docs/inst_test/instancias/n_1000_3,5000,10,15,200,0.2000,123,9999226825,9999225599,876
docs/inst_test/instancias/n_1000_3,5000,10,15,200,0.3000,42,9997663479,9997662436,824
docs/inst_test/instancias/n_1000_3,5000,10,15,200,0.2000,2026,9999229022,9999226617,947
docs/inst_test/instancias/n_1000_3,5000,10,15,200,0.3000,123,9999226830,9999225390,884
docs/inst_test/instancias/n_1000_3,5000,10,15,200,0.3000,2026,9999226819,9999225611,852
docs/inst_test/instancias/n_1000_3,5000,15,7,50,0.1000,42,9997665779,9997663694,939
docs/inst_test/instancias/n_1000_3,5000,15,7,50,0.1000,2026,9999229073,9999226465,996
docs/inst_test/instancias/n_1000_3,5000,15,7,50,0.1000,123,9999229058,9999226654,1038
docs/inst_test/instancias/n_1000_3,5000,15,7,50,0.2000,123,9999226839,9999225521,872
docs/inst_test/instancias/n_1000_3,5000,15,7,50,0.2000,42,9999229060,9999226468,1039
docs/inst_test/instancias/n_1000_3,5000,15,7,50,0.2000,2026,9999229024,9999226717,1039
docs/inst_test/instancias/n_1000_3,5000,15,7,50,0.3000,42,9997663485,9997662455,914
docs/inst_test/instancias/n_1000_3,5000,15,7,50,0.3000,123,9999226837,9999225528,963
docs/inst_test/instancias/n_1000_3,5000,15,7,50,0.3000,2026,9999226841,9999225562,918
docs/inst_test/instancias/n_1000_3,5000,15,7,100,0.1000,42,9997665749,9997663600,918
docs/inst_test/instancias/n_1000_3,5000,15,7,100,0.1000,123,9999229041,9999226730,971
docs/inst_test/instancias/n_1000_3,5000,15,7,100,0.1000,2026,9999229056,9999226515,948
docs/inst_test/instancias/n_1000_3,5000,15,7,100,0.2000,42,9999229060,9999226468,897
docs/inst_test/instancias/n_1000_3,5000,15,7,100,0.2000,123,9999226833,9999225604,959
docs/inst_test/instancias/n_1000_3,5000,15,7,100,0.2000,2026,9999229022,9999226617,977
docs/inst_test/instancias/n_1000_3,5000,15,7,100,0.3000,42,9997663479,9997662436,805
docs/inst_test/instancias/n_1000_3,5000,15,7,100,0.3000,123,9999226837,9999225528,908
docs/inst_test/instancias/n_1000_3,5000,15,7,100,0.3000,2026,9999226819,9999225611,892
docs/inst_test/instancias/n_1000_3,5000,15,7,200,0.1000,42,9995321912,9995319949,940
docs/inst_test/instancias/n_1000_3,5000,15,7,200,0.1000,123,9994541361,9994539065,973
docs/inst_test/instancias/n_1000_3,5000,15,7,200,0.1000,2026,9999229050,9999226581,975
docs/inst_test/instancias/n_1000_3,5000,15,7,200,0.2000,42,9999229060,9999226468,925
docs/inst_test/instancias/n_1000_3,5000,15,7,200,0.2000,123,9999226825,9999225599,803
docs/inst_test/instancias/n_1000_3,5000,15,7,200,0.2000,2026,9999229022,9999226617,925
docs/inst_test/instancias/n_1000_3,5000,15,7,200,0.3000,42,9997663479,9997662436,814
docs/inst_test/instancias/n_1000_3,5000,15,7,200,0.3000,123,9999226830,9999225390,914
docs/inst_test/instancias/n_1000_3,5000,15,7,200,0.3000,2026,9999226819,9999225611,803
docs/inst_test/instancias/n_1000_3,5000,15,10,50,0.1000,123,9999229058,9999226654,918
docs/inst_test/instancias/n_1000_3,5000,15,10,50,0.1000,42,9997665779,9997663694,963
docs/inst_test/instancias/n_1000_3,5000,15,10,50,0.2000,42,9999229060,9999226468,905
docs/inst_test/instancias/n_1000_3,5000,15,10,50,0.1000,2026,9999229073,9999226465,957
docs/inst_test/instancias/n_1000_3,5000,15,10,50,0.2000,123,9999226839,9999225521,841
docs/inst_test/instancias/n_1000_3,5000,15,10,50,0.2000,2026,9999229024,9999226717,963
docs/inst_test/instancias/n_1000_3,5000,15,10,50,0.3000,42,9997663485,9997662455,793
docs/inst_test/instancias/n_1000_3,5000,15,10,50,0.3000,123,9999226837,9999225528,878
docs/inst_test/instancias/n_1000_3,5000,15,10,50,0.3000,2026,9999226841,9999225562,826
docs/inst_test/instancias/n_1000_3,5000,15,10,100,0.1000,42,9997665749,9997663600,979
docs/inst_test/instancias/n_1000_3,5000,15,10,100,0.1000,123,9999229041,9999226730,914
docs/inst_test/instancias/n_1000_3,5000,15,10,100,0.2000,42,9999229060,9999226468,863
docs/inst_test/instancias/n_1000_3,5000,15,10,100,0.1000,2026,9999229056,9999226515,942
docs/inst_test/instancias/n_1000_3,5000,15,10,100,0.2000,123,9999226833,9999225604,873
docs/inst_test/instancias/n_1000_3,5000,15,10,100,0.2000,2026,9999229022,9999226617,893
docs/inst_test/instancias/n_1000_3,5000,15,10,100,0.3000,42,9997663479,9997662436,812
docs/inst_test/instancias/n_1000_3,5000,15,10,100,0.3000,123,9999226837,9999225528,868
docs/inst_test/instancias/n_1000_3,5000,15,10,100,0.3000,2026,9999226819,9999225611,885
docs/inst_test/instancias/n_1000_3,5000,15,10,200,0.1000,42,9995321912,9995319949,882
docs/inst_test/instancias/n_1000_3,5000,15,10,200,0.1000,2026,9999229050,9999226581,867
docs/inst_test/instancias/n_1000_3,5000,15,10,200,0.1000,123,9994541361,9994539065,936
docs/inst_test/instancias/n_1000_3,5000,15,10,200,0.2000,42,9999229060,9999226468,935
docs/inst_test/instancias/n_1000_3,5000,15,10,200,0.2000,123,9999226825,9999225599,869
docs/inst_test/instancias/n_1000_3,5000,15,10,200,0.3000,42,9997663479,9997662436,803
docs/inst_test/instancias/n_1000_3,5000,15,10,200,0.2000,2026,9999229022,9999226617,1029
docs/inst_test/instancias/n_1000_3,5000,15,10,200,0.3000,2026,9999226819,9999225611,800
docs/inst_test/instancias/n_1000_3,5000,15,10,200,0.3000,123,9999226830,9999225390,864
docs/inst_test/instancias/n_1000_3,5000,15,15,50,0.1000,42,9997665779,9997663694,950
docs/inst_test/instancias/n_1000_3,5000,15,15,50,0.1000,123,9999229058,9999226654,925
docs/inst_test/instancias/n_1000_3,5000,15,15,50,0.1000,2026,9999229073,9999226465,951
docs/inst_test/instancias/n_1000_3,5000,15,15,50,0.2000,42,9999229060,9999226468,975
docs/inst_test/instancias/n_1000_3,5000,15,15,50,0.2000,123,9999226839,9999225521,940
docs/inst_test/instancias/n_1000_3,5000,15,15,50,0.2000,2026,9999229024,9999226717,918
docs/inst_test/instancias/n_1000_3,5000,15,15,50,0.3000,42,9997663485,9997662455,763
docs/inst_test/instancias/n_1000_3,5000,15,15,50,0.3000,123,9999226837,9999225528,894
docs/inst_test/instancias/n_1000_3,5000,15,15,100,0.1000,42,9997665749,9997663600,884
docs/inst_test/instancias/n_1000_3,5000,15,15,50,0.3000,2026,9999226841,9999225562,926
docs/inst_test/instancias/n_1000_3,5000,15,15,100,0.1000,123,9999229041,9999226730,842
docs/inst_test/instancias/n_1000_3,5000,15,15,100,0.1000,2026,9999229056,9999226515,937
docs/inst_test/instancias/n_1000_3,5000,15,15,100,0.2000,123,9999226833,9999225604,856
docs/inst_test/instancias/n_1000_3,5000,15,15,100,0.2000,42,9999229060,9999226468,928
docs/inst_test/instancias/n_1000_3,5000,15,15,100,0.2000,2026,9999229022,9999226617,922
docs/inst_test/instancias/n_1000_3,5000,15,15,100,0.3000,42,9997663479,9997662436,810
docs/inst_test/instancias/n_1000_3,5000,15,15,100,0.3000,123,9999226837,9999225528,834
docs/inst_test/instancias/n_1000_3,5000,15,15,100,0.3000,2026,9999226819,9999225611,842
docs/inst_test/instancias/n_1000_3,5000,15,15,200,0.1000,42,9995321912,9995319949,898
docs/inst_test/instancias/n_1000_3,5000,15,15,200,0.2000,42,9999229060,9999226468,857
docs/inst_test/instancias/n_1000_3,5000,15,15,200,0.1000,2026,9999229050,9999226581,940
docs/inst_test/instancias/n_1000_3,5000,15,15,200,0.2000,123,9999226825,9999225599,878
docs/inst_test/instancias/n_1000_3,5000,15,15,200,0.1000,123,9994541361,9994539065,1052
docs/inst_test/instancias/n_1000_3,5000,15,15,200,0.2000,2026,9999229022,9999226617,877
docs/inst_test/instancias/n_1000_3,5000,15,15,200,0.3000,42,9997663479,9997662436,781
docs/inst_test/instancias/n_1000_3,5000,15,15,200,0.3000,123,9999226830,9999225390,842
docs/inst_test/instancias/n_1000_3,5000,15,15,200,0.3000,2026,9999226819,9999225611,830
docs/inst_test/instancias/n_1000_3,5000,20,7,50,0.2000,123,9999226839,9999225521,823
docs/inst_test/instancias/n_1000_3,5000,20,7,50,0.1000,42,9997665779,9997663694,990
docs/inst_test/instancias/n_1000_3,5000,20,7,50,0.1000,123,9999229058,9999226654,992
docs/inst_test/instancias/n_1000_3,5000,20,7,50,0.1000,2026,9999229073,9999226465,1016
docs/inst_test/instancias/n_1000_3,5000,20,7,50,0.2000,42,9999229060,9999226468,1014
docs/inst_test/instancias/n_1000_3,5000,20,7,50,0.3000,42,9997663485,9997662455,873
docs/inst_test/instancias/n_1000_3,5000,20,7,50,0.2000,2026,9999229024,9999226717,999
docs/inst_test/instancias/n_1000_3,5000,20,7,50,0.3000,123,9999226837,9999225528,913
docs/inst_test/instancias/n_1000_3,5000,20,7,50,0.3000,2026,9999226841,9999225562,880
docs/inst_test/instancias/n_1000_3,5000,20,7,100,0.1000,42,9997665749,9997663600,939
docs/inst_test/instancias/n_1000_3,5000,20,7,100,0.1000,123,9999229041,9999226730,1008
docs/inst_test/instancias/n_1000_3,5000,20,7,100,0.1000,2026,9999229056,9999226515,977
docs/inst_test/instancias/n_1000_3,5000,20,7,100,0.2000,123,9999226833,9999225604,910
docs/inst_test/instancias/n_1000_3,5000,20,7,100,0.2000,42,9999229060,9999226468,1016
docs/inst_test/instancias/n_1000_3,5000,20,7,100,0.2000,2026,9999229022,9999226617,934
docs/inst_test/instancias/n_1000_3,5000,20,7,100,0.3000,42,9997663479,9997662436,839
docs/inst_test/instancias/n_1000_3,5000,20,7,100,0.3000,123,9999226837,9999225528,875
docs/inst_test/instancias/n_1000_3,5000,20,7,100,0.3000,2026,9999226819,9999225611,813
docs/inst_test/instancias/n_1000_3,5000,20,7,200,0.1000,42,9995321912,9995319949,943
docs/inst_test/instancias/n_1000_3,5000,20,7,200,0.1000,2026,9999229050,9999226581,893
docs/inst_test/instancias/n_1000_3,5000,20,7,200,0.1000,123,9994541361,9994539065,906
docs/inst_test/instancias/n_1000_3,5000,20,7,200,0.2000,42,9999229060,9999226468,903
docs/inst_test/instancias/n_1000_3,5000,20,7,200,0.2000,123,9999226825,9999225599,902
docs/inst_test/instancias/n_1000_3,5000,20,7,200,0.2000,2026,9999229022,9999226617,872
docs/inst_test/instancias/n_1000_3,5000,20,7,200,0.3000,123,9999226830,9999225390,806
docs/inst_test/instancias/n_1000_3,5000,20,7,200,0.3000,42,9997663479,9997662436,872
docs/inst_test/instancias/n_1000_3,5000,20,7,200,0.3000,2026,9999226819,9999225611,871
docs/inst_test/instancias/n_1000_3,5000,20,10,50,0.1000,42,9997665779,9997663694,920
docs/inst_test/instancias/n_1000_3,5000,20,10,50,0.1000,123,9999229058,9999226654,949
docs/inst_test/instancias/n_1000_3,5000,20,10,50,0.2000,123,9999226839,9999225521,826
docs/inst_test/instancias/n_1000_3,5000,20,10,50,0.1000,2026,9999229073,9999226465,961
docs/inst_test/instancias/n_1000_3,5000,20,10,50,0.2000,42,9999229060,9999226468,1035
docs/inst_test/instancias/n_1000_3,5000,20,10,50,0.3000,42,9997663485,9997662455,812
docs/inst_test/instancias/n_1000_3,5000,20,10,50,0.2000,2026,9999229024,9999226717,878
docs/inst_test/instancias/n_1000_3,5000,20,10,50,0.3000,123,9999226837,9999225528,888
docs/inst_test/instancias/n_1000_3,5000,20,10,50,0.3000,2026,9999226841,9999225562,839
docs/inst_test/instancias/n_1000_3,5000,20,10,100,0.1000,42,9997665749,9997663600,922
docs/inst_test/instancias/n_1000_3,5000,20,10,100,0.1000,123,9999229041,9999226730,901
docs/inst_test/instancias/n_1000_3,5000,20,10,100,0.1000,2026,9999229056,9999226515,919
docs/inst_test/instancias/n_1000_3,5000,20,10,100,0.2000,42,9999229060,9999226468,953
docs/inst_test/instancias/n_1000_3,5000,20,10,100,0.2000,123,9999226833,9999225604,853
docs/inst_test/instancias/n_1000_3,5000,20,10,100,0.2000,2026,9999229022,9999226617,908
docs/inst_test/instancias/n_1000_3,5000,20,10,100,0.3000,123,9999226837,9999225528,824
docs/inst_test/instancias/n_1000_3,5000,20,10,100,0.3000,42,9997663479,9997662436,865
docs/inst_test/instancias/n_1000_3,5000,20,10,100,0.3000,2026,9999226819,9999225611,832
docs/inst_test/instancias/n_1000_3,5000,20,10,200,0.1000,123,9994541361,9994539065,867
docs/inst_test/instancias/n_1000_3,5000,20,10,200,0.1000,42,9995321912,9995319949,954
docs/inst_test/instancias/n_1000_3,5000,20,10,200,0.1000,2026,9999229050,9999226581,955
docs/inst_test/instancias/n_1000_3,5000,20,10,200,0.2000,42,9999229060,9999226468,940
docs/inst_test/instancias/n_1000_3,5000,20,10,200,0.2000,123,9999226825,9999225599,991
docs/inst_test/instancias/n_1000_3,5000,20,10,200,0.3000,42,9997663479,9997662436,809
docs/inst_test/instancias/n_1000_3,5000,20,10,200,0.3000,123,9999226830,9999225390,856
docs/inst_test/instancias/n_1000_3,5000,20,10,200,0.3000,2026,9999226819,9999225611,785
docs/inst_test/instancias/n_1000_3,5000,20,10,200,0.2000,2026,9999229022,9999226617,1060
docs/inst_test/instancias/n_1000_3,5000,20,15,50,0.1000,42,9997665779,9997663694,931
docs/inst_test/instancias/n_1000_3,5000,20,15,50,0.1000,123,9999229058,9999226654,890
docs/inst_test/instancias/n_1000_3,5000,20,15,50,0.1000,2026,9999229073,9999226465,902
docs/inst_test/instancias/n_1000_3,5000,20,15,50,0.2000,42,9999229060,9999226468,923
docs/inst_test/instancias/n_1000_3,5000,20,15,50,0.2000,123,9999226839,9999225521,892
docs/inst_test/instancias/n_1000_3,5000,20,15,50,0.3000,42,9997663485,9997662455,825
docs/inst_test/instancias/n_1000_3,5000,20,15,50,0.2000,2026,9999229024,9999226717,861
docs/inst_test/instancias/n_1000_3,5000,20,15,50,0.3000,123,9999226837,9999225528,895
docs/inst_test/instancias/n_1000_3,5000,20,15,50,0.3000,2026,9999226841,9999225562,792
docs/inst_test/instancias/n_1000_3,5000,20,15,100,0.1000,42,9997665749,9997663600,866
docs/inst_test/instancias/n_1000_3,5000,20,15,100,0.1000,123,9999229041,9999226730,896
docs/inst_test/instancias/n_1000_3,5000,20,15,100,0.1000,2026,9999229056,9999226515,911
docs/inst_test/instancias/n_1000_3,5000,20,15,100,0.2000,42,9999229060,9999226468,928
docs/inst_test/instancias/n_1000_3,5000,20,15,100,0.3000,123,9999226837,9999225528,768
docs/inst_test/instancias/n_1000_3,5000,20,15,100,0.2000,123,9999226833,9999225604,954
docs/inst_test/instancias/n_1000_3,5000,20,15,100,0.2000,2026,9999229022,9999226617,946
docs/inst_test/instancias/n_1000_3,5000,20,15,100,0.3000,42,9997663479,9997662436,902
docs/inst_test/instancias/n_1000_3,5000,20,15,100,0.3000,2026,9999226819,9999225611,886
docs/inst_test/instancias/n_1000_3,5000,20,15,200,0.1000,42,9995321912,9995319949,970
docs/inst_test/instancias/n_1000_3,5000,20,15,200,0.1000,123,9994541361,9994539065,864
docs/inst_test/instancias/n_1000_3,5000,20,15,200,0.1000,2026,9999229050,9999226581,839
docs/inst_test/instancias/n_1000_3,5000,20,15,200,0.2000,123,9999226825,9999225599,836
docs/inst_test/instancias/n_1000_4,1000,10,7,50,0.1000,42,9999239542,9999233154,193
docs/inst_test/instancias/n_1000_3,5000,20,15,200,0.2000,42,9999229060,9999226468,942
docs/inst_test/instancias/n_1000_4,1000,10,7,50,0.1000,123,9999239604,9999233200,221
docs/inst_test/instancias/n_1000_3,5000,20,15,200,0.2000,2026,9999229022,9999226617,957
docs/inst_test/instancias/n_1000_3,5000,20,15,200,0.3000,42,9997663479,9997662436,921
docs/inst_test/instancias/n_1000_4,1000,10,7,50,0.1000,2026,9999239825,9999233057,190
docs/inst_test/instancias/n_1000_4,1000,10,7,50,0.2000,42,9999239825,9999233397,185
docs/inst_test/instancias/n_1000_4,1000,10,7,50,0.2000,123,9999235551,9999230682,182
docs/inst_test/instancias/n_1000_4,1000,10,7,50,0.3000,42,9999235601,9999230748,163
docs/inst_test/instancias/n_1000_4,1000,10,7,50,0.3000,123,9998455718,9998450407,168
docs/inst_test/instancias/n_1000_4,1000,10,7,50,0.2000,2026,9999239684,9999233254,221
docs/inst_test/instancias/n_1000_4,1000,10,7,50,0.3000,2026,9999235557,9999230837,162
docs/inst_test/instancias/n_1000_4,1000,10,7,100,0.1000,42,9993771778,9993764749,193
docs/inst_test/instancias/n_1000_4,1000,10,7,100,0.1000,123,9999239604,9999233200,202
docs/inst_test/instancias/n_1000_4,1000,10,7,100,0.1000,2026,9999239796,9999233069,174
docs/inst_test/instancias/n_1000_3,5000,20,15,200,0.3000,123,9999226830,9999225390,1013
docs/inst_test/instancias/n_1000_4,1000,10,7,100,0.2000,123,9998455733,9998450025,175
docs/inst_test/instancias/n_1000_4,1000,10,7,100,0.2000,2026,9999239684,9999233254,175
docs/inst_test/instancias/n_1000_4,1000,10,7,100,0.2000,42,9999239825,9999233397,207
docs/inst_test/instancias/n_1000_4,1000,10,7,100,0.3000,42,9999235573,9999230615,163
docs/inst_test/instancias/n_1000_3,5000,20,15,200,0.3000,2026,9999226819,9999225611,866
docs/inst_test/instancias/n_1000_4,1000,10,7,100,0.3000,123,9997675862,9997669855,178
docs/inst_test/instancias/n_1000_4,1000,10,7,100,0.3000,2026,9999235557,9999230837,181
docs/inst_test/instancias/n_1000_4,1000,10,7,200,0.1000,42,9993771778,9993764749,186
docs/inst_test/instancias/n_1000_4,1000,10,7,200,0.1000,123,9996115758,9996108806,203
docs/inst_test/instancias/n_1000_4,1000,10,7,200,0.1000,2026,9991427953,9991421500,192
docs/inst_test/instancias/n_1000_4,1000,10,7,200,0.2000,42,9998459677,9998452927,188
docs/inst_test/instancias/n_1000_4,1000,10,7,200,0.2000,123,9997675885,9997669894,193
docs/inst_test/instancias/n_1000_4,1000,10,7,200,0.2000,2026,9999239684,9999233254,163
docs/inst_test/instancias/n_1000_4,1000,10,7,200,0.3000,42,9994547650,9994542891,174
docs/inst_test/instancias/n_1000_4,1000,10,7,200,0.3000,123,9997675862,9997669855,172
docs/inst_test/instancias/n_1000_4,1000,10,7,200,0.3000,2026,9997675731,9997669897,177
docs/inst_test/instancias/n_1000_4,1000,10,10,50,0.1000,123,9999239604,9999233200,188
docs/inst_test/instancias/n_1000_4,1000,10,10,50,0.1000,42,9999239542,9999233154,203
docs/inst_test/instancias/n_1000_4,1000,10,10,50,0.1000,2026,9999239825,9999233057,190
docs/inst_test/instancias/n_1000_4,1000,10,10,50,0.2000,123,9999235551,9999230682,185
docs/inst_test/instancias/n_1000_4,1000,10,10,50,0.3000,42,9999235601,9999230748,156
docs/inst_test/instancias/n_1000_4,1000,10,10,50,0.2000,42,9999239825,9999233397,210
docs/inst_test/instancias/n_1000_4,1000,10,10,50,0.2000,2026,9999239684,9999233254,187
docs/inst_test/instancias/n_1000_4,1000,10,10,50,0.3000,123,9998455718,9998450407,174
docs/inst_test/instancias/n_1000_4,1000,10,10,50,0.3000,2026,9999235557,9999230837,164
docs/inst_test/instancias/n_1000_4,1000,10,10,100,0.1000,42,9993771778,9993764749,188
docs/inst_test/instancias/n_1000_4,1000,10,10,100,0.1000,123,9999239604,9999233200,195
docs/inst_test/instancias/n_1000_4,1000,10,10,100,0.2000,123,9998455733,9998450025,160
docs/inst_test/instancias/n_1000_4,1000,10,10,100,0.1000,2026,9999239796,9999233069,193
docs/inst_test/instancias/n_1000_4,1000,10,10,100,0.2000,42,9999239825,9999233397,194
docs/inst_test/instancias/n_1000_4,1000,10,10,100,0.3000,42,9999235573,9999230615,179
docs/inst_test/instancias/n_1000_4,1000,10,10,100,0.3000,2026,9999235557,9999230837,157
docs/inst_test/instancias/n_1000_4,1000,10,10,100,0.2000,2026,9999239684,9999233254,256
docs/inst_test/instancias/n_1000_4,1000,10,10,200,0.1000,42,9993771778,9993764749,164
docs/inst_test/instancias/n_1000_4,1000,10,10,100,0.3000,123,9997675862,9997669855,239
docs/inst_test/instancias/n_1000_4,1000,10,10,200,0.1000,2026,9991427953,9991421500,160
docs/inst_test/instancias/n_1000_4,1000,10,10,200,0.2000,42,9998459677,9998452927,155
docs/inst_test/instancias/n_1000_4,1000,10,10,200,0.1000,123,9996115758,9996108806,173
docs/inst_test/instancias/n_1000_4,1000,10,10,200,0.2000,123,9997675885,9997669894,167
docs/inst_test/instancias/n_1000_4,1000,10,10,200,0.3000,123,9997675862,9997669855,139
docs/inst_test/instancias/n_1000_4,1000,10,10,200,0.2000,2026,9999239684,9999233254,170
docs/inst_test/instancias/n_1000_4,1000,10,10,200,0.3000,42,9994547650,9994542891,235
docs/inst_test/instancias/n_1000_4,1000,10,10,200,0.3000,2026,9997675731,9997669897,202
docs/inst_test/instancias/n_1000_4,1000,10,15,50,0.1000,2026,9999239825,9999233057,188
docs/inst_test/instancias/n_1000_4,1000,10,15,50,0.1000,123,9999239604,9999233200,195
docs/inst_test/instancias/n_1000_4,1000,10,15,50,0.1000,42,9999239542,9999233154,205
docs/inst_test/instancias/n_1000_4,1000,10,15,50,0.2000,42,9999239825,9999233397,182
docs/inst_test/instancias/n_1000_4,1000,10,15,50,0.2000,123,9999235551,9999230682,162
docs/inst_test/instancias/n_1000_4,1000,10,15,50,0.2000,2026,9999239684,9999233254,201
docs/inst_test/instancias/n_1000_4,1000,10,15,50,0.3000,42,9999235601,9999230748,186
docs/inst_test/instancias/n_1000_4,1000,10,15,50,0.3000,2026,9999235557,9999230837,176
docs/inst_test/instancias/n_1000_4,1000,10,15,50,0.3000,123,9998455718,9998450407,184
docs/inst_test/instancias/n_1000_4,1000,10,15,100,0.1000,123,9999239604,9999233200,179
docs/inst_test/instancias/n_1000_4,1000,10,15,100,0.1000,42,9993771778,9993764749,196
docs/inst_test/instancias/n_1000_4,1000,10,15,100,0.1000,2026,9999239796,9999233069,189
docs/inst_test/instancias/n_1000_4,1000,10,15,100,0.2000,42,9999239825,9999233397,166
docs/inst_test/instancias/n_1000_4,1000,10,15,100,0.2000,123,9998455733,9998450025,190
docs/inst_test/instancias/n_1000_4,1000,10,15,100,0.2000,2026,9999239684,9999233254,181
docs/inst_test/instancias/n_1000_4,1000,10,15,100,0.3000,42,9999235573,9999230615,172
docs/inst_test/instancias/n_1000_4,1000,10,15,100,0.3000,123,9997675862,9997669855,179
docs/inst_test/instancias/n_1000_4,1000,10,15,100,0.3000,2026,9999235557,9999230837,170
docs/inst_test/instancias/n_1000_4,1000,10,15,200,0.1000,42,9993771778,9993764749,189
docs/inst_test/instancias/n_1000_4,1000,10,15,200,0.1000,2026,9991427953,9991421500,198
docs/inst_test/instancias/n_1000_4,1000,10,15,200,0.1000,123,9996115758,9996108806,216
docs/inst_test/instancias/n_1000_4,1000,10,15,200,0.2000,42,9998459677,9998452927,184
docs/inst_test/instancias/n_1000_4,1000,10,15,200,0.3000,42,9994547650,9994542891,171
docs/inst_test/instancias/n_1000_4,1000,10,15,200,0.2000,2026,9999239684,9999233254,185
docs/inst_test/instancias/n_1000_4,1000,10,15,200,0.2000,123,9997675885,9997669894,201
docs/inst_test/instancias/n_1000_4,1000,10,15,200,0.3000,123,9997675862,9997669855,186
docs/inst_test/instancias/n_1000_4,1000,10,15,200,0.3000,2026,9997675731,9997669897,248
docs/inst_test/instancias/n_1000_4,1000,15,7,50,0.1000,123,9999239604,9999233200,237
docs/inst_test/instancias/n_1000_4,1000,15,7,50,0.1000,42,9999239542,9999233154,256
docs/inst_test/instancias/n_1000_4,1000,15,7,50,0.1000,2026,9999239825,9999233057,271
docs/inst_test/instancias/n_1000_4,1000,15,7,50,0.2000,2026,9999239684,9999233254,243
docs/inst_test/instancias/n_1000_4,1000,15,7,50,0.2000,123,9999235551,9999230682,256
docs/inst_test/instancias/n_1000_4,1000,15,7,50,0.3000,42,9999235601,9999230748,251
docs/inst_test/instancias/n_1000_4,1000,15,7,50,0.2000,42,9999239825,9999233397,278
docs/inst_test/instancias/n_1000_4,1000,15,7,50,0.3000,123,9998455718,9998450407,202
docs/inst_test/instancias/n_1000_4,1000,15,7,50,0.3000,2026,9999235557,9999230837,201
docs/inst_test/instancias/n_1000_4,1000,15,7,100,0.1000,42,9993771778,9993764749,216
docs/inst_test/instancias/n_1000_4,1000,15,7,100,0.1000,123,9999239604,9999233200,187
docs/inst_test/instancias/n_1000_4,1000,15,7,100,0.1000,2026,9999239796,9999233069,182
docs/inst_test/instancias/n_1000_4,1000,15,7,100,0.2000,2026,9999239684,9999233254,178
docs/inst_test/instancias/n_1000_4,1000,15,7,100,0.3000,42,9999235573,9999230615,149
docs/inst_test/instancias/n_1000_4,1000,15,7,100,0.3000,123,9997675862,9997669855,154
docs/inst_test/instancias/n_1000_4,1000,15,7,100,0.2000,123,9998455733,9998450025,241
docs/inst_test/instancias/n_1000_4,1000,15,7,100,0.3000,2026,9999235557,9999230837,159
docs/inst_test/instancias/n_1000_4,1000,15,7,100,0.2000,42,9999239825,9999233397,281
docs/inst_test/instancias/n_1000_4,1000,15,7,200,0.1000,42,9993771778,9993764749,155
docs/inst_test/instancias/n_1000_4,1000,15,7,200,0.1000,123,9996115758,9996108806,180
docs/inst_test/instancias/n_1000_4,1000,15,7,200,0.1000,2026,9991427953,9991421500,168
docs/inst_test/instancias/n_1000_4,1000,15,7,200,0.2000,42,9998459677,9998452927,171
docs/inst_test/instancias/n_1000_4,1000,15,7,200,0.2000,123,9997675885,9997669894,166
docs/inst_test/instancias/n_1000_4,1000,15,7,200,0.3000,42,9994547650,9994542891,183
docs/inst_test/instancias/n_1000_4,1000,15,7,200,0.2000,2026,9999239684,9999233254,193
docs/inst_test/instancias/n_1000_4,1000,15,7,200,0.3000,2026,9997675731,9997669897,168
docs/inst_test/instancias/n_1000_4,1000,15,7,200,0.3000,123,9997675862,9997669855,207
docs/inst_test/instancias/n_1000_4,1000,15,10,50,0.1000,42,9999239542,9999233154,198
docs/inst_test/instancias/n_1000_4,1000,15,10,50,0.1000,2026,9999239825,9999233057,198
docs/inst_test/instancias/n_1000_4,1000,15,10,50,0.1000,123,9999239604,9999233200,205
docs/inst_test/instancias/n_1000_4,1000,15,10,50,0.2000,42,9999239825,9999233397,189
docs/inst_test/instancias/n_1000_4,1000,15,10,50,0.3000,42,9999235601,9999230748,142
docs/inst_test/instancias/n_1000_4,1000,15,10,50,0.2000,123,9999235551,9999230682,176
docs/inst_test/instancias/n_1000_4,1000,15,10,50,0.2000,2026,9999239684,9999233254,200
docs/inst_test/instancias/n_1000_4,1000,15,10,50,0.3000,123,9998455718,9998450407,194
docs/inst_test/instancias/n_1000_4,1000,15,10,50,0.3000,2026,9999235557,9999230837,170
docs/inst_test/instancias/n_1000_4,1000,15,10,100,0.1000,2026,9999239796,9999233069,177
docs/inst_test/instancias/n_1000_4,1000,15,10,100,0.1000,42,9993771778,9993764749,201
docs/inst_test/instancias/n_1000_4,1000,15,10,100,0.2000,123,9998455733,9998450025,159
docs/inst_test/instancias/n_1000_4,1000,15,10,100,0.1000,123,9999239604,9999233200,212
docs/inst_test/instancias/n_1000_4,1000,15,10,100,0.2000,42,9999239825,9999233397,189
docs/inst_test/instancias/n_1000_4,1000,15,10,100,0.2000,2026,9999239684,9999233254,177
docs/inst_test/instancias/n_1000_4,1000,15,10,100,0.3000,42,9999235573,9999230615,195
docs/inst_test/instancias/n_1000_4,1000,15,10,100,0.3000,123,9997675862,9997669855,197
docs/inst_test/instancias/n_1000_4,1000,15,10,100,0.3000,2026,9999235557,9999230837,184
docs/inst_test/instancias/n_1000_4,1000,15,10,200,0.1000,2026,9991427953,9991421500,190
docs/inst_test/instancias/n_1000_4,1000,15,10,200,0.1000,123,9996115758,9996108806,191
docs/inst_test/instancias/n_1000_4,1000,15,10,200,0.2000,42,9998459677,9998452927,171
docs/inst_test/instancias/n_1000_4,1000,15,10,200,0.1000,42,9993771778,9993764749,210
docs/inst_test/instancias/n_1000_4,1000,15,10,200,0.2000,123,9997675885,9997669894,183
docs/inst_test/instancias/n_1000_4,1000,15,10,200,0.2000,2026,9999239684,9999233254,172
docs/inst_test/instancias/n_1000_4,1000,15,10,200,0.3000,42,9994547650,9994542891,164
docs/inst_test/instancias/n_1000_4,1000,15,10,200,0.3000,123,9997675862,9997669855,188
docs/inst_test/instancias/n_1000_4,1000,15,10,200,0.3000,2026,9997675731,9997669897,181
docs/inst_test/instancias/n_1000_4,1000,15,15,50,0.1000,42,9999239542,9999233154,188
docs/inst_test/instancias/n_1000_4,1000,15,15,50,0.2000,42,9999239825,9999233397,160
docs/inst_test/instancias/n_1000_4,1000,15,15,50,0.1000,2026,9999239825,9999233057,204
docs/inst_test/instancias/n_1000_4,1000,15,15,50,0.2000,123,9999235551,9999230682,178
docs/inst_test/instancias/n_1000_4,1000,15,15,50,0.2000,2026,9999239684,9999233254,166
docs/inst_test/instancias/n_1000_4,1000,15,15,50,0.1000,123,9999239604,9999233200,284
docs/inst_test/instancias/n_1000_4,1000,15,15,50,0.3000,42,9999235601,9999230748,147
docs/inst_test/instancias/n_1000_4,1000,15,15,50,0.3000,123,9998455718,9998450407,170
docs/inst_test/instancias/n_1000_4,1000,15,15,50,0.3000,2026,9999235557,9999230837,172
docs/inst_test/instancias/n_1000_4,1000,15,15,100,0.1000,123,9999239604,9999233200,164
docs/inst_test/instancias/n_1000_4,1000,15,15,100,0.1000,42,9993771778,9993764749,210
docs/inst_test/instancias/n_1000_4,1000,15,15,100,0.1000,2026,9999239796,9999233069,154
docs/inst_test/instancias/n_1000_4,1000,15,15,100,0.2000,123,9998455733,9998450025,196
docs/inst_test/instancias/n_1000_4,1000,15,15,100,0.2000,42,9999239825,9999233397,200
docs/inst_test/instancias/n_1000_4,1000,15,15,100,0.2000,2026,9999239684,9999233254,204
docs/inst_test/instancias/n_1000_4,1000,15,15,100,0.3000,2026,9999235557,9999230837,169
docs/inst_test/instancias/n_1000_4,1000,15,15,100,0.3000,42,9999235573,9999230615,194
docs/inst_test/instancias/n_1000_4,1000,15,15,100,0.3000,123,9997675862,9997669855,198
docs/inst_test/instancias/n_1000_4,1000,15,15,200,0.1000,42,9993771778,9993764749,206
docs/inst_test/instancias/n_1000_4,1000,15,15,200,0.1000,123,9996115758,9996108806,221
docs/inst_test/instancias/n_1000_4,1000,15,15,200,0.1000,2026,9991427953,9991421500,212
docs/inst_test/instancias/n_1000_4,1000,15,15,200,0.2000,42,9998459677,9998452927,216
docs/inst_test/instancias/n_1000_4,1000,15,15,200,0.2000,123,9997675885,9997669894,203
docs/inst_test/instancias/n_1000_4,1000,15,15,200,0.3000,42,9994547650,9994542891,180
docs/inst_test/instancias/n_1000_4,1000,15,15,200,0.2000,2026,9999239684,9999233254,199
docs/inst_test/instancias/n_1000_4,1000,15,15,200,0.3000,123,9997675862,9997669855,188
docs/inst_test/instancias/n_1000_4,1000,15,15,200,0.3000,2026,9997675731,9997669897,201
docs/inst_test/instancias/n_1000_4,1000,20,7,50,0.1000,42,9999239542,9999233154,198
docs/inst_test/instancias/n_1000_4,1000,20,7,50,0.1000,123,9999239604,9999233200,186
docs/inst_test/instancias/n_1000_4,1000,20,7,50,0.1000,2026,9999239825,9999233057,183
docs/inst_test/instancias/n_1000_4,1000,20,7,50,0.2000,42,9999239825,9999233397,181
docs/inst_test/instancias/n_1000_4,1000,20,7,50,0.2000,123,9999235551,9999230682,187
docs/inst_test/instancias/n_1000_4,1000,20,7,50,0.2000,2026,9999239684,9999233254,187
docs/inst_test/instancias/n_1000_4,1000,20,7,50,0.3000,42,9999235601,9999230748,184
docs/inst_test/instancias/n_1000_4,1000,20,7,50,0.3000,123,9998455718,9998450407,154
docs/inst_test/instancias/n_1000_4,1000,20,7,50,0.3000,2026,9999235557,9999230837,169
docs/inst_test/instancias/n_1000_4,1000,20,7,100,0.1000,2026,9999239796,9999233069,167
docs/inst_test/instancias/n_1000_4,1000,20,7,100,0.1000,42,9993771778,9993764749,186
docs/inst_test/instancias/n_1000_4,1000,20,7,100,0.2000,42,9999239825,9999233397,182
docs/inst_test/instancias/n_1000_4,1000,20,7,100,0.2000,2026,9999239684,9999233254,169
docs/inst_test/instancias/n_1000_4,1000,20,7,100,0.2000,123,9998455733,9998450025,187
docs/inst_test/instancias/n_1000_4,1000,20,7,100,0.3000,42,9999235573,9999230615,164
docs/inst_test/instancias/n_1000_4,1000,20,7,100,0.3000,123,9997675862,9997669855,173
docs/inst_test/instancias/n_1000_4,1000,20,7,100,0.1000,123,9999239604,9999233200,309
docs/inst_test/instancias/n_1000_4,1000,20,7,200,0.1000,42,9993771778,9993764749,145
docs/inst_test/instancias/n_1000_4,1000,20,7,100,0.3000,2026,9999235557,9999230837,177
docs/inst_test/instancias/n_1000_4,1000,20,7,200,0.1000,123,9996115758,9996108806,188
docs/inst_test/instancias/n_1000_4,1000,20,7,200,0.2000,42,9998459677,9998452927,189
docs/inst_test/instancias/n_1000_4,1000,20,7,200,0.2000,123,9997675885,9997669894,181
docs/inst_test/instancias/n_1000_4,1000,20,7,200,0.1000,2026,9991427953,9991421500,254
docs/inst_test/instancias/n_1000_4,1000,20,7,200,0.2000,2026,9999239684,9999233254,194
docs/inst_test/instancias/n_1000_4,1000,20,7,200,0.3000,42,9994547650,9994542891,173
docs/inst_test/instancias/n_1000_4,1000,20,7,200,0.3000,123,9997675862,9997669855,170
docs/inst_test/instancias/n_1000_4,1000,20,7,200,0.3000,2026,9997675731,9997669897,170
docs/inst_test/instancias/n_1000_4,1000,20,10,50,0.1000,42,9999239542,9999233154,185
docs/inst_test/instancias/n_1000_4,1000,20,10,50,0.1000,123,9999239604,9999233200,177
docs/inst_test/instancias/n_1000_4,1000,20,10,50,0.1000,2026,9999239825,9999233057,196
docs/inst_test/instancias/n_1000_4,1000,20,10,50,0.2000,123,9999235551,9999230682,165
docs/inst_test/instancias/n_1000_4,1000,20,10,50,0.3000,42,9999235601,9999230748,147
docs/inst_test/instancias/n_1000_4,1000,20,10,50,0.2000,2026,9999239684,9999233254,176
docs/inst_test/instancias/n_1000_4,1000,20,10,50,0.2000,42,9999239825,9999233397,240
docs/inst_test/instancias/n_1000_4,1000,20,10,50,0.3000,123,9998455718,9998450407,198
docs/inst_test/instancias/n_1000_4,1000,20,10,50,0.3000,2026,9999235557,9999230837,166
docs/inst_test/instancias/n_1000_4,1000,20,10,100,0.1000,42,9993771778,9993764749,186
docs/inst_test/instancias/n_1000_4,1000,20,10,100,0.2000,42,9999239825,9999233397,175
docs/inst_test/instancias/n_1000_4,1000,20,10,100,0.1000,2026,9999239796,9999233069,180
docs/inst_test/instancias/n_1000_4,1000,20,10,100,0.1000,123,9999239604,9999233200,204
docs/inst_test/instancias/n_1000_4,1000,20,10,100,0.2000,123,9998455733,9998450025,176
docs/inst_test/instancias/n_1000_4,1000,20,10,100,0.3000,42,9999235573,9999230615,189
docs/inst_test/instancias/n_1000_4,1000,20,10,100,0.2000,2026,9999239684,9999233254,206
docs/inst_test/instancias/n_1000_4,1000,20,10,100,0.3000,123,9997675862,9997669855,204
docs/inst_test/instancias/n_1000_4,1000,20,10,100,0.3000,2026,9999235557,9999230837,186
docs/inst_test/instancias/n_1000_4,1000,20,10,200,0.1000,2026,9991427953,9991421500,164
docs/inst_test/instancias/n_1000_4,1000,20,10,200,0.1000,42,9993771778,9993764749,192
docs/inst_test/instancias/n_1000_4,1000,20,10,200,0.1000,123,9996115758,9996108806,195
docs/inst_test/instancias/n_1000_4,1000,20,10,200,0.2000,42,9998459677,9998452927,204
docs/inst_test/instancias/n_1000_4,1000,20,10,200,0.2000,2026,9999239684,9999233254,176
docs/inst_test/instancias/n_1000_4,1000,20,10,200,0.3000,42,9994547650,9994542891,160
docs/inst_test/instancias/n_1000_4,1000,20,10,200,0.3000,123,9997675862,9997669855,190
docs/inst_test/instancias/n_1000_4,1000,20,10,200,0.3000,2026,9997675731,9997669897,175
docs/inst_test/instancias/n_1000_4,1000,20,15,50,0.1000,42,9999239542,9999233154,185
docs/inst_test/instancias/n_1000_4,1000,20,10,200,0.2000,123,9997675885,9997669894,299
docs/inst_test/instancias/n_1000_4,1000,20,15,50,0.1000,123,9999239604,9999233200,190
docs/inst_test/instancias/n_1000_4,1000,20,15,50,0.1000,2026,9999239825,9999233057,194
docs/inst_test/instancias/n_1000_4,1000,20,15,50,0.2000,42,9999239825,9999233397,183
docs/inst_test/instancias/n_1000_4,1000,20,15,50,0.2000,123,9999235551,9999230682,186
docs/inst_test/instancias/n_1000_4,1000,20,15,50,0.3000,42,9999235601,9999230748,184
docs/inst_test/instancias/n_1000_4,1000,20,15,50,0.2000,2026,9999239684,9999233254,212
docs/inst_test/instancias/n_1000_4,1000,20,15,50,0.3000,2026,9999235557,9999230837,187
docs/inst_test/instancias/n_1000_4,1000,20,15,100,0.1000,123,9999239604,9999233200,172
docs/inst_test/instancias/n_1000_4,1000,20,15,100,0.1000,42,9993771778,9993764749,196
docs/inst_test/instancias/n_1000_4,1000,20,15,50,0.3000,123,9998455718,9998450407,208
docs/inst_test/instancias/n_1000_4,1000,20,15,100,0.1000,2026,9999239796,9999233069,194
docs/inst_test/instancias/n_1000_4,1000,20,15,100,0.2000,42,9999239825,9999233397,190
docs/inst_test/instancias/n_1000_4,1000,20,15,100,0.2000,123,9998455733,9998450025,174
docs/inst_test/instancias/n_1000_4,1000,20,15,100,0.3000,42,9999235573,9999230615,152
docs/inst_test/instancias/n_1000_4,1000,20,15,100,0.2000,2026,9999239684,9999233254,185
docs/inst_test/instancias/n_1000_4,1000,20,15,100,0.3000,2026,9999235557,9999230837,172
docs/inst_test/instancias/n_1000_4,1000,20,15,100,0.3000,123,9997675862,9997669855,208
docs/inst_test/instancias/n_1000_4,1000,20,15,200,0.1000,42,9993771778,9993764749,208
docs/inst_test/instancias/n_1000_4,1000,20,15,200,0.1000,123,9996115758,9996108806,186
docs/inst_test/instancias/n_1000_4,1000,20,15,200,0.1000,2026,9991427953,9991421500,187
docs/inst_test/instancias/n_1000_4,1000,20,15,200,0.2000,42,9998459677,9998452927,180
docs/inst_test/instancias/n_1000_4,1000,20,15,200,0.2000,2026,9999239684,9999233254,172
docs/inst_test/instancias/n_1000_4,1000,20,15,200,0.3000,42,9994547650,9994542891,163
docs/inst_test/instancias/n_1000_4,1000,20,15,200,0.2000,123,9997675885,9997669894,221
docs/inst_test/instancias/n_1000_4,1000,20,15,200,0.3000,123,9997675862,9997669855,229
docs/inst_test/instancias/n_1000_4,1000,20,15,200,0.3000,2026,9997675731,9997669897,251
docs/inst_test/instancias/n_1000_4,3000,10,7,50,0.1000,42,9999239542,9999233154,651
docs/inst_test/instancias/n_1000_4,3000,10,7,50,0.1000,123,9999239785,9999233462,629
docs/inst_test/instancias/n_1000_4,3000,10,7,50,0.1000,2026,9999239847,9999233112,626
docs/inst_test/instancias/n_1000_4,3000,10,7,50,0.2000,123,9999235587,9999230587,603
docs/inst_test/instancias/n_1000_4,3000,10,7,50,0.2000,42,9999239827,9999233233,632
docs/inst_test/instancias/n_1000_4,3000,10,7,50,0.2000,2026,9999239684,9999233254,595
docs/inst_test/instancias/n_1000_4,3000,10,7,50,0.3000,42,9999235615,9999230822,591
docs/inst_test/instancias/n_1000_4,3000,10,7,50,0.3000,123,9999235524,9999230785,600
docs/inst_test/instancias/n_1000_4,3000,10,7,100,0.2000,123,9999235551,9999230682,460
docs/inst_test/instancias/n_1000_4,3000,10,7,50,0.3000,2026,9999235579,9999230790,529
docs/inst_test/instancias/n_1000_4,3000,10,7,100,0.2000,42,9999239825,9999233397,518
docs/inst_test/instancias/n_1000_4,3000,10,7,100,0.1000,123,9999239785,9999233462,563
docs/inst_test/instancias/n_1000_4,3000,10,7,100,0.1000,2026,9999239825,9999233057,599
docs/inst_test/instancias/n_1000_4,3000,10,7,100,0.2000,2026,9999239684,9999233254,586
docs/inst_test/instancias/n_1000_4,3000,10,7,100,0.3000,42,9999235603,9999230785,556
docs/inst_test/instancias/n_1000_4,3000,10,7,100,0.1000,42,9999239542,9999233154,719
docs/inst_test/instancias/n_1000_4,3000,10,7,200,0.1000,42,9999239542,9999233154,477
docs/inst_test/instancias/n_1000_4,3000,10,7,100,0.3000,123,9999235496,9999230899,533
docs/inst_test/instancias/n_1000_4,3000,10,7,100,0.3000,2026,9999235579,9999230790,561
docs/inst_test/instancias/n_1000_4,3000,10,7,200,0.1000,123,9999239604,9999233200,555
docs/inst_test/instancias/n_1000_4,3000,10,7,200,0.1000,2026,9999239825,9999233057,574
docs/inst_test/instancias/n_1000_4,3000,10,7,200,0.2000,123,9999235551,9999230682,528
docs/inst_test/instancias/n_1000_4,3000,10,7,200,0.2000,2026,9999239684,9999233254,565
docs/inst_test/instancias/n_1000_4,3000,10,7,200,0.2000,42,9999239825,9999233397,577
docs/inst_test/instancias/n_1000_4,3000,10,7,200,0.3000,42,9999235601,9999230748,453
docs/inst_test/instancias/n_1000_4,3000,10,7,200,0.3000,2026,9999235557,9999230837,528
docs/inst_test/instancias/n_1000_4,3000,10,7,200,0.3000,123,9997675862,9997669855,586
docs/inst_test/instancias/n_1000_4,3000,10,10,50,0.1000,42,9999239542,9999233154,579
docs/inst_test/instancias/n_1000_4,3000,10,10,50,0.1000,2026,9999239847,9999233112,514
docs/inst_test/instancias/n_1000_4,3000,10,10,50,0.2000,123,9999235587,9999230587,520
docs/inst_test/instancias/n_1000_4,3000,10,10,50,0.2000,42,9999239827,9999233233,537
docs/inst_test/instancias/n_1000_4,3000,10,10,50,0.1000,123,9999239785,9999233462,623
docs/inst_test/instancias/n_1000_4,3000,10,10,50,0.2000,2026,9999239684,9999233254,507
docs/inst_test/instancias/n_1000_4,3000,10,10,50,0.3000,42,9999235615,9999230822,516
docs/inst_test/instancias/n_1000_4,3000,10,10,50,0.3000,123,9999235524,9999230785,511
docs/inst_test/instancias/n_1000_4,3000,10,10,50,0.3000,2026,9999235579,9999230790,520
docs/inst_test/instancias/n_1000_4,3000,10,10,100,0.1000,42,9999239542,9999233154,617
docs/inst_test/instancias/n_1000_4,3000,10,10,100,0.2000,42,9999239825,9999233397,544
docs/inst_test/instancias/n_1000_4,3000,10,10,100,0.1000,123,9999239785,9999233462,654
docs/inst_test/instancias/n_1000_4,3000,10,10,100,0.1000,2026,9999239825,9999233057,660
docs/inst_test/instancias/n_1000_4,3000,10,10,100,0.2000,123,9999235551,9999230682,567
docs/inst_test/instancias/n_1000_4,3000,10,10,100,0.2000,2026,9999239684,9999233254,496
docs/inst_test/instancias/n_1000_4,3000,10,10,100,0.3000,123,9999235496,9999230899,456
docs/inst_test/instancias/n_1000_4,3000,10,10,100,0.3000,42,9999235603,9999230785,621
docs/inst_test/instancias/n_1000_4,3000,10,10,200,0.1000,42,9999239542,9999233154,490
docs/inst_test/instancias/n_1000_4,3000,10,10,100,0.3000,2026,9999235579,9999230790,618
docs/inst_test/instancias/n_1000_4,3000,10,10,200,0.1000,2026,9999239825,9999233057,550
docs/inst_test/instancias/n_1000_4,3000,10,10,200,0.1000,123,9999239604,9999233200,598
docs/inst_test/instancias/n_1000_4,3000,10,10,200,0.2000,42,9999239825,9999233397,549
docs/inst_test/instancias/n_1000_4,3000,10,10,200,0.2000,123,9999235551,9999230682,517
docs/inst_test/instancias/n_1000_4,3000,10,10,200,0.2000,2026,9999239684,9999233254,525
docs/inst_test/instancias/n_1000_4,3000,10,10,200,0.3000,42,9999235601,9999230748,503
docs/inst_test/instancias/n_1000_4,3000,10,10,200,0.3000,123,9997675862,9997669855,552
docs/inst_test/instancias/n_1000_4,3000,10,10,200,0.3000,2026,9999235557,9999230837,485
docs/inst_test/instancias/n_1000_4,3000,10,15,50,0.1000,42,9999239542,9999233154,497
docs/inst_test/instancias/n_1000_4,3000,10,15,50,0.1000,123,9999239785,9999233462,610
docs/inst_test/instancias/n_1000_4,3000,10,15,50,0.1000,2026,9999239847,9999233112,546
docs/inst_test/instancias/n_1000_4,3000,10,15,50,0.2000,123,9999235587,9999230587,497
docs/inst_test/instancias/n_1000_4,3000,10,15,50,0.2000,42,9999239827,9999233233,618
docs/inst_test/instancias/n_1000_4,3000,10,15,50,0.2000,2026,9999239684,9999233254,521
docs/inst_test/instancias/n_1000_4,3000,10,15,50,0.3000,123,9999235524,9999230785,535
docs/inst_test/instancias/n_1000_4,3000,10,15,50,0.3000,2026,9999235579,9999230790,493
docs/inst_test/instancias/n_1000_4,3000,10,15,50,0.3000,42,9999235615,9999230822,612
docs/inst_test/instancias/n_1000_4,3000,10,15,100,0.1000,123,9999239785,9999233462,522
docs/inst_test/instancias/n_1000_4,3000,10,15,100,0.1000,42,9999239542,9999233154,539
docs/inst_test/instancias/n_1000_4,3000,10,15,100,0.1000,2026,9999239825,9999233057,513
docs/inst_test/instancias/n_1000_4,3000,10,15,100,0.2000,42,9999239825,9999233397,529
docs/inst_test/instancias/n_1000_4,3000,10,15,100,0.2000,123,9999235551,9999230682,529
docs/inst_test/instancias/n_1000_4,3000,10,15,100,0.3000,42,9999235603,9999230785,561
docs/inst_test/instancias/n_1000_4,3000,10,15,100,0.3000,123,9999235496,9999230899,548
docs/inst_test/instancias/n_1000_4,3000,10,15,100,0.2000,2026,9999239684,9999233254,600
docs/inst_test/instancias/n_1000_4,3000,10,15,100,0.3000,2026,9999235579,9999230790,557
docs/inst_test/instancias/n_1000_4,3000,10,15,200,0.1000,123,9999239604,9999233200,551
docs/inst_test/instancias/n_1000_4,3000,10,15,200,0.1000,42,9999239542,9999233154,584
docs/inst_test/instancias/n_1000_4,3000,10,15,200,0.2000,42,9999239825,9999233397,599
docs/inst_test/instancias/n_1000_4,3000,10,15,200,0.1000,2026,9999239825,9999233057,659
docs/inst_test/instancias/n_1000_4,3000,10,15,200,0.2000,123,9999235551,9999230682,520
docs/inst_test/instancias/n_1000_4,3000,10,15,200,0.3000,42,9999235601,9999230748,488
docs/inst_test/instancias/n_1000_4,3000,10,15,200,0.2000,2026,9999239684,9999233254,542
docs/inst_test/instancias/n_1000_4,3000,10,15,200,0.3000,2026,9999235557,9999230837,480
docs/inst_test/instancias/n_1000_4,3000,10,15,200,0.3000,123,9997675862,9997669855,540
docs/inst_test/instancias/n_1000_4,3000,15,7,50,0.1000,42,9999239542,9999233154,546
docs/inst_test/instancias/n_1000_4,3000,15,7,50,0.1000,2026,9999239847,9999233112,538
docs/inst_test/instancias/n_1000_4,3000,15,7,50,0.1000,123,9999239785,9999233462,569
docs/inst_test/instancias/n_1000_4,3000,15,7,50,0.2000,123,9999235587,9999230587,506
docs/inst_test/instancias/n_1000_4,3000,15,7,50,0.2000,42,9999239827,9999233233,559
docs/inst_test/instancias/n_1000_4,3000,15,7,50,0.2000,2026,9999239684,9999233254,538
docs/inst_test/instancias/n_1000_4,3000,15,7,50,0.3000,123,9999235524,9999230785,556
docs/inst_test/instancias/n_1000_4,3000,15,7,50,0.3000,42,9999235615,9999230822,614
docs/inst_test/instancias/n_1000_4,3000,15,7,50,0.3000,2026,9999235579,9999230790,580
docs/inst_test/instancias/n_1000_4,3000,15,7,100,0.1000,123,9999239785,9999233462,581
docs/inst_test/instancias/n_1000_4,3000,15,7,100,0.1000,42,9999239542,9999233154,632
docs/inst_test/instancias/n_1000_4,3000,15,7,100,0.1000,2026,9999239825,9999233057,611
docs/inst_test/instancias/n_1000_4,3000,15,7,100,0.2000,42,9999239825,9999233397,580
docs/inst_test/instancias/n_1000_4,3000,15,7,100,0.2000,123,9999235551,9999230682,585
docs/inst_test/instancias/n_1000_4,3000,15,7,100,0.3000,42,9999235603,9999230785,514
docs/inst_test/instancias/n_1000_4,3000,15,7,100,0.2000,2026,9999239684,9999233254,557
docs/inst_test/instancias/n_1000_4,3000,15,7,100,0.3000,123,9999235496,9999230899,604
docs/inst_test/instancias/n_1000_4,3000,15,7,100,0.3000,2026,9999235579,9999230790,536
docs/inst_test/instancias/n_1000_4,3000,15,7,200,0.1000,42,9999239542,9999233154,606
docs/inst_test/instancias/n_1000_4,3000,15,7,200,0.1000,123,9999239604,9999233200,594
docs/inst_test/instancias/n_1000_4,3000,15,7,200,0.1000,2026,9999239825,9999233057,586
docs/inst_test/instancias/n_1000_4,3000,15,7,200,0.2000,42,9999239825,9999233397,579
docs/inst_test/instancias/n_1000_4,3000,15,7,200,0.2000,123,9999235551,9999230682,552
docs/inst_test/instancias/n_1000_4,3000,15,7,200,0.2000,2026,9999239684,9999233254,625
docs/inst_test/instancias/n_1000_4,3000,15,7,200,0.3000,42,9999235601,9999230748,507
docs/inst_test/instancias/n_1000_4,3000,15,7,200,0.3000,123,9997675862,9997669855,525
docs/inst_test/instancias/n_1000_4,3000,15,7,200,0.3000,2026,9999235557,9999230837,510
docs/inst_test/instancias/n_1000_4,3000,15,10,50,0.1000,42,9999239542,9999233154,561
docs/inst_test/instancias/n_1000_4,3000,15,10,50,0.1000,2026,9999239847,9999233112,591
docs/inst_test/instancias/n_1000_4,3000,15,10,50,0.1000,123,9999239785,9999233462,596
docs/inst_test/instancias/n_1000_4,3000,15,10,50,0.2000,42,9999239827,9999233233,590
docs/inst_test/instancias/n_1000_4,3000,15,10,50,0.2000,123,9999235587,9999230587,509
docs/inst_test/instancias/n_1000_4,3000,15,10,50,0.3000,42,9999235615,9999230822,496
docs/inst_test/instancias/n_1000_4,3000,15,10,50,0.2000,2026,9999239684,9999233254,657
docs/inst_test/instancias/n_1000_4,3000,15,10,50,0.3000,123,9999235524,9999230785,546
docs/inst_test/instancias/n_1000_4,3000,15,10,50,0.3000,2026,9999235579,9999230790,502
docs/inst_test/instancias/n_1000_4,3000,15,10,100,0.1000,42,9999239542,9999233154,550
docs/inst_test/instancias/n_1000_4,3000,15,10,100,0.1000,123,9999239785,9999233462,577
docs/inst_test/instancias/n_1000_4,3000,15,10,100,0.1000,2026,9999239825,9999233057,553
docs/inst_test/instancias/n_1000_4,3000,15,10,100,0.2000,42,9999239825,9999233397,561
docs/inst_test/instancias/n_1000_4,3000,15,10,100,0.2000,123,9999235551,9999230682,512
docs/inst_test/instancias/n_1000_4,3000,15,10,100,0.2000,2026,9999239684,9999233254,546
docs/inst_test/instancias/n_1000_4,3000,15,10,100,0.3000,42,9999235603,9999230785,503
docs/inst_test/instancias/n_1000_4,3000,15,10,100,0.3000,123,9999235496,9999230899,493
docs/inst_test/instancias/n_1000_4,3000,15,10,100,0.3000,2026,9999235579,9999230790,505
docs/inst_test/instancias/n_1000_4,3000,15,10,200,0.1000,42,9999239542,9999233154,564
docs/inst_test/instancias/n_1000_4,3000,15,10,200,0.1000,2026,9999239825,9999233057,544
docs/inst_test/instancias/n_1000_4,3000,15,10,200,0.1000,123,9999239604,9999233200,561
docs/inst_test/instancias/n_1000_4,3000,15,10,200,0.2000,42,9999239825,9999233397,534
docs/inst_test/instancias/n_1000_4,3000,15,10,200,0.2000,123,9999235551,9999230682,532
docs/inst_test/instancias/n_1000_4,3000,15,10,200,0.2000,2026,9999239684,9999233254,530
docs/inst_test/instancias/n_1000_4,3000,15,10,200,0.3000,42,9999235601,9999230748,553
docs/inst_test/instancias/n_1000_4,3000,15,10,200,0.3000,123,9997675862,9997669855,542
docs/inst_test/instancias/n_1000_4,3000,15,10,200,0.3000,2026,9999235557,9999230837,505
docs/inst_test/instancias/n_1000_4,3000,15,15,50,0.1000,123,9999239785,9999233462,554
docs/inst_test/instancias/n_1000_4,3000,15,15,50,0.1000,42,9999239542,9999233154,584
docs/inst_test/instancias/n_1000_4,3000,15,15,50,0.1000,2026,9999239847,9999233112,610
docs/inst_test/instancias/n_1000_4,3000,15,15,50,0.2000,42,9999239827,9999233233,535
docs/inst_test/instancias/n_1000_4,3000,15,15,50,0.2000,123,9999235587,9999230587,557
docs/inst_test/instancias/n_1000_4,3000,15,15,50,0.3000,42,9999235615,9999230822,477
docs/inst_test/instancias/n_1000_4,3000,15,15,50,0.2000,2026,9999239684,9999233254,593
docs/inst_test/instancias/n_1000_4,3000,15,15,50,0.3000,123,9999235524,9999230785,501
docs/inst_test/instancias/n_1000_4,3000,15,15,50,0.3000,2026,9999235579,9999230790,497
docs/inst_test/instancias/n_1000_4,3000,15,15,100,0.1000,42,9999239542,9999233154,569
docs/inst_test/instancias/n_1000_4,3000,15,15,100,0.1000,123,9999239785,9999233462,558
docs/inst_test/instancias/n_1000_4,3000,15,15,100,0.1000,2026,9999239825,9999233057,560
docs/inst_test/instancias/n_1000_4,3000,15,15,100,0.2000,42,9999239825,9999233397,595
docs/inst_test/instancias/n_1000_4,3000,15,15,100,0.2000,123,9999235551,9999230682,512
docs/inst_test/instancias/n_1000_4,3000,15,15,100,0.2000,2026,9999239684,9999233254,517
docs/inst_test/instancias/n_1000_4,3000,15,15,100,0.3000,42,9999235603,9999230785,495
docs/inst_test/instancias/n_1000_4,3000,15,15,100,0.3000,123,9999235496,9999230899,525
docs/inst_test/instancias/n_1000_4,3000,15,15,100,0.3000,2026,9999235579,9999230790,507
docs/inst_test/instancias/n_1000_4,3000,15,15,200,0.1000,42,9999239542,9999233154,567
docs/inst_test/instancias/n_1000_4,3000,15,15,200,0.1000,123,9999239604,9999233200,549
docs/inst_test/instancias/n_1000_4,3000,15,15,200,0.1000,2026,9999239825,9999233057,553
docs/inst_test/instancias/n_1000_4,3000,15,15,200,0.2000,123,9999235551,9999230682,527
docs/inst_test/instancias/n_1000_4,3000,15,15,200,0.2000,42,9999239825,9999233397,564
docs/inst_test/instancias/n_1000_4,3000,15,15,200,0.2000,2026,9999239684,9999233254,551
docs/inst_test/instancias/n_1000_4,3000,15,15,200,0.3000,42,9999235601,9999230748,523
docs/inst_test/instancias/n_1000_4,3000,15,15,200,0.3000,123,9997675862,9997669855,599
docs/inst_test/instancias/n_1000_4,3000,15,15,200,0.3000,2026,9999235557,9999230837,496
docs/inst_test/instancias/n_1000_4,3000,20,7,50,0.1000,42,9999239542,9999233154,532
docs/inst_test/instancias/n_1000_4,3000,20,7,50,0.1000,123,9999239785,9999233462,524
docs/inst_test/instancias/n_1000_4,3000,20,7,50,0.2000,42,9999239827,9999233233,499
docs/inst_test/instancias/n_1000_4,3000,20,7,50,0.2000,123,9999235587,9999230587,457
docs/inst_test/instancias/n_1000_4,3000,20,7,50,0.1000,2026,9999239847,9999233112,581
docs/inst_test/instancias/n_1000_4,3000,20,7,50,0.2000,2026,9999239684,9999233254,510
docs/inst_test/instancias/n_1000_4,3000,20,7,50,0.3000,123,9999235524,9999230785,512
docs/inst_test/instancias/n_1000_4,3000,20,7,50,0.3000,2026,9999235579,9999230790,509
docs/inst_test/instancias/n_1000_4,3000,20,7,50,0.3000,42,9999235615,9999230822,578
docs/inst_test/instancias/n_1000_4,3000,20,7,100,0.1000,123,9999239785,9999233462,564
docs/inst_test/instancias/n_1000_4,3000,20,7,100,0.1000,2026,9999239825,9999233057,573
docs/inst_test/instancias/n_1000_4,3000,20,7,100,0.1000,42,9999239542,9999233154,606
docs/inst_test/instancias/n_1000_4,3000,20,7,100,0.2000,42,9999239825,9999233397,584
docs/inst_test/instancias/n_1000_4,3000,20,7,100,0.2000,123,9999235551,9999230682,544
docs/inst_test/instancias/n_1000_4,3000,20,7,100,0.2000,2026,9999239684,9999233254,509
docs/inst_test/instancias/n_1000_4,3000,20,7,100,0.3000,42,9999235603,9999230785,514
docs/inst_test/instancias/n_1000_4,3000,20,7,100,0.3000,123,9999235496,9999230899,499
docs/inst_test/instancias/n_1000_4,3000,20,7,100,0.3000,2026,9999235579,9999230790,484
docs/inst_test/instancias/n_1000_4,3000,20,7,200,0.1000,123,9999239604,9999233200,537
docs/inst_test/instancias/n_1000_4,3000,20,7,200,0.1000,42,9999239542,9999233154,562
docs/inst_test/instancias/n_1000_4,3000,20,7,200,0.1000,2026,9999239825,9999233057,536
docs/inst_test/instancias/n_1000_4,3000,20,7,200,0.2000,42,9999239825,9999233397,573
docs/inst_test/instancias/n_1000_4,3000,20,7,200,0.3000,42,9999235601,9999230748,461
docs/inst_test/instancias/n_1000_4,3000,20,7,200,0.2000,123,9999235551,9999230682,535
docs/inst_test/instancias/n_1000_4,3000,20,7,200,0.2000,2026,9999239684,9999233254,557
docs/inst_test/instancias/n_1000_4,3000,20,7,200,0.3000,123,9997675862,9997669855,569
docs/inst_test/instancias/n_1000_4,3000,20,7,200,0.3000,2026,9999235557,9999230837,540
docs/inst_test/instancias/n_1000_4,3000,20,10,50,0.1000,42,9999239542,9999233154,613
docs/inst_test/instancias/n_1000_4,3000,20,10,50,0.1000,123,9999239785,9999233462,607
docs/inst_test/instancias/n_1000_4,3000,20,10,50,0.1000,2026,9999239847,9999233112,592
docs/inst_test/instancias/n_1000_4,3000,20,10,50,0.2000,123,9999235587,9999230587,519
docs/inst_test/instancias/n_1000_4,3000,20,10,50,0.2000,42,9999239827,9999233233,570
docs/inst_test/instancias/n_1000_4,3000,20,10,50,0.2000,2026,9999239684,9999233254,494
docs/inst_test/instancias/n_1000_4,3000,20,10,50,0.3000,42,9999235615,9999230822,479
docs/inst_test/instancias/n_1000_4,3000,20,10,50,0.3000,123,9999235524,9999230785,515
docs/inst_test/instancias/n_1000_4,3000,20,10,50,0.3000,2026,9999235579,9999230790,495
docs/inst_test/instancias/n_1000_4,3000,20,10,100,0.1000,42,9999239542,9999233154,562
docs/inst_test/instancias/n_1000_4,3000,20,10,100,0.2000,123,9999235551,9999230682,472
docs/inst_test/instancias/n_1000_4,3000,20,10,100,0.1000,123,9999239785,9999233462,526
docs/inst_test/instancias/n_1000_4,3000,20,10,100,0.2000,42,9999239825,9999233397,546
docs/inst_test/instancias/n_1000_4,3000,20,10,100,0.1000,2026,9999239825,9999233057,627
docs/inst_test/instancias/n_1000_4,3000,20,10,100,0.2000,2026,9999239684,9999233254,583
docs/inst_test/instancias/n_1000_4,3000,20,10,100,0.3000,42,9999235603,9999230785,545
docs/inst_test/instancias/n_1000_4,3000,20,10,100,0.3000,123,9999235496,9999230899,594
docs/inst_test/instancias/n_1000_4,3000,20,10,100,0.3000,2026,9999235579,9999230790,521
docs/inst_test/instancias/n_1000_4,3000,20,10,200,0.1000,123,9999239604,9999233200,573
docs/inst_test/instancias/n_1000_4,3000,20,10,200,0.1000,42,9999239542,9999233154,621
docs/inst_test/instancias/n_1000_4,3000,20,10,200,0.1000,2026,9999239825,9999233057,614
docs/inst_test/instancias/n_1000_4,3000,20,10,200,0.2000,42,9999239825,9999233397,632
docs/inst_test/instancias/n_1000_4,3000,20,10,200,0.2000,123,9999235551,9999230682,542
docs/inst_test/instancias/n_1000_4,3000,20,10,200,0.2000,2026,9999239684,9999233254,567
docs/inst_test/instancias/n_1000_4,3000,20,10,200,0.3000,42,9999235601,9999230748,535
docs/inst_test/instancias/n_1000_4,3000,20,10,200,0.3000,123,9997675862,9997669855,506
docs/inst_test/instancias/n_1000_4,3000,20,10,200,0.3000,2026,9999235557,9999230837,438
docs/inst_test/instancias/n_1000_4,3000,20,15,50,0.1000,42,9999239542,9999233154,554
docs/inst_test/instancias/n_1000_4,3000,20,15,50,0.1000,123,9999239785,9999233462,547
docs/inst_test/instancias/n_1000_4,3000,20,15,50,0.1000,2026,9999239847,9999233112,596
docs/inst_test/instancias/n_1000_4,3000,20,15,50,0.2000,123,9999235587,9999230587,514
docs/inst_test/instancias/n_1000_4,3000,20,15,50,0.2000,42,9999239827,9999233233,615
docs/inst_test/instancias/n_1000_4,3000,20,15,50,0.3000,123,9999235524,9999230785,471
docs/inst_test/instancias/n_1000_4,3000,20,15,50,0.2000,2026,9999239684,9999233254,579
docs/inst_test/instancias/n_1000_4,3000,20,15,50,0.3000,42,9999235615,9999230822,586
docs/inst_test/instancias/n_1000_4,3000,20,15,50,0.3000,2026,9999235579,9999230790,619
docs/inst_test/instancias/n_1000_4,3000,20,15,100,0.1000,42,9999239542,9999233154,658
docs/inst_test/instancias/n_1000_4,3000,20,15,100,0.2000,42,9999239825,9999233397,493
docs/inst_test/instancias/n_1000_4,3000,20,15,100,0.2000,123,9999235551,9999230682,435
docs/inst_test/instancias/n_1000_4,3000,20,15,100,0.1000,123,9999239785,9999233462,611
docs/inst_test/instancias/n_1000_4,3000,20,15,100,0.1000,2026,9999239825,9999233057,640
docs/inst_test/instancias/n_1000_4,3000,20,15,100,0.2000,2026,9999239684,9999233254,502
docs/inst_test/instancias/n_1000_4,3000,20,15,100,0.3000,42,9999235603,9999230785,547
docs/inst_test/instancias/n_1000_4,3000,20,15,100,0.3000,2026,9999235579,9999230790,481
docs/inst_test/instancias/n_1000_4,3000,20,15,100,0.3000,123,9999235496,9999230899,587
docs/inst_test/instancias/n_1000_4,3000,20,15,200,0.1000,42,9999239542,9999233154,588
docs/inst_test/instancias/n_1000_4,3000,20,15,200,0.1000,123,9999239604,9999233200,582
docs/inst_test/instancias/n_1000_4,3000,20,15,200,0.2000,42,9999239825,9999233397,495
docs/inst_test/instancias/n_1000_4,3000,20,15,200,0.1000,2026,9999239825,9999233057,571
docs/inst_test/instancias/n_1000_4,3000,20,15,200,0.2000,123,9999235551,9999230682,494
docs/inst_test/instancias/n_1000_4,3000,20,15,200,0.2000,2026,9999239684,9999233254,569
docs/inst_test/instancias/n_1000_4,3000,20,15,200,0.3000,42,9999235601,9999230748,499
docs/inst_test/instancias/n_1000_4,3000,20,15,200,0.3000,123,9997675862,9997669855,523
docs/inst_test/instancias/n_1000_4,3000,20,15,200,0.3000,2026,9999235557,9999230837,491
docs/inst_test/instancias/n_1000_4,5000,10,7,50,0.1000,123,9999239847,9999233470,879
docs/inst_test/instancias/n_1000_4,5000,10,7,50,0.1000,42,9999239621,9999233213,924
docs/inst_test/instancias/n_1000_4,5000,10,7,50,0.2000,123,9999235587,9999230587,787
docs/inst_test/instancias/n_1000_4,5000,10,7,50,0.1000,2026,9999239876,9999233247,931
docs/inst_test/instancias/n_1000_4,5000,10,7,50,0.2000,42,9999239827,9999233233,939
docs/inst_test/instancias/n_1000_4,5000,10,7,50,0.3000,42,9999235615,9999230822,862
docs/inst_test/instancias/n_1000_4,5000,10,7,50,0.2000,2026,9999239684,9999233254,975
docs/inst_test/instancias/n_1000_4,5000,10,7,50,0.3000,123,9999235564,9999230649,905
docs/inst_test/instancias/n_1000_4,5000,10,7,50,0.3000,2026,9999235620,9999230874,852
docs/inst_test/instancias/n_1000_4,5000,10,7,100,0.1000,123,9999239785,9999233462,945
docs/inst_test/instancias/n_1000_4,5000,10,7,100,0.1000,42,9999239542,9999233154,979
docs/inst_test/instancias/n_1000_4,5000,10,7,100,0.1000,2026,9999239847,9999233112,952
docs/inst_test/instancias/n_1000_4,5000,10,7,100,0.2000,42,9999239827,9999233233,944
docs/inst_test/instancias/n_1000_4,5000,10,7,100,0.2000,123,9999235587,9999230587,881
docs/inst_test/instancias/n_1000_4,5000,10,7,100,0.2000,2026,9999239684,9999233254,912
docs/inst_test/instancias/n_1000_4,5000,10,7,100,0.3000,42,9999235615,9999230822,901
docs/inst_test/instancias/n_1000_4,5000,10,7,100,0.3000,123,9999235524,9999230785,817
docs/inst_test/instancias/n_1000_4,5000,10,7,100,0.3000,2026,9999235579,9999230790,751
docs/inst_test/instancias/n_1000_4,5000,10,7,200,0.1000,42,9999239542,9999233154,943
docs/inst_test/instancias/n_1000_4,5000,10,7,200,0.1000,2026,9999239825,9999233057,937
docs/inst_test/instancias/n_1000_4,5000,10,7,200,0.1000,123,9999239785,9999233462,981
docs/inst_test/instancias/n_1000_4,5000,10,7,200,0.2000,123,9999235551,9999230682,800
docs/inst_test/instancias/n_1000_4,5000,10,7,200,0.2000,42,9999239825,9999233397,948
docs/inst_test/instancias/n_1000_4,5000,10,7,200,0.2000,2026,9999239684,9999233254,867
docs/inst_test/instancias/n_1000_4,5000,10,7,200,0.3000,42,9999235603,9999230785,833
docs/inst_test/instancias/n_1000_4,5000,10,7,200,0.3000,123,9998455718,9998450407,824
docs/inst_test/instancias/n_1000_4,5000,10,7,200,0.3000,2026,9999235579,9999230790,830
docs/inst_test/instancias/n_1000_4,5000,10,10,50,0.1000,42,9999239621,9999233213,961
docs/inst_test/instancias/n_1000_4,5000,10,10,50,0.1000,2026,9999239876,9999233247,904
docs/inst_test/instancias/n_1000_4,5000,10,10,50,0.1000,123,9999239847,9999233470,1075
docs/inst_test/instancias/n_1000_4,5000,10,10,50,0.2000,42,9999239827,9999233233,926
docs/inst_test/instancias/n_1000_4,5000,10,10,50,0.2000,123,9999235587,9999230587,903
docs/inst_test/instancias/n_1000_4,5000,10,10,50,0.3000,42,9999235615,9999230822,747
docs/inst_test/instancias/n_1000_4,5000,10,10,50,0.2000,2026,9999239684,9999233254,907
docs/inst_test/instancias/n_1000_4,5000,10,10,50,0.3000,123,9999235564,9999230649,825
docs/inst_test/instancias/n_1000_4,5000,10,10,50,0.3000,2026,9999235620,9999230874,959
docs/inst_test/instancias/n_1000_4,5000,10,10,100,0.1000,42,9999239542,9999233154,942
docs/inst_test/instancias/n_1000_4,5000,10,10,100,0.1000,123,9999239785,9999233462,943
docs/inst_test/instancias/n_1000_4,5000,10,10,100,0.1000,2026,9999239847,9999233112,929
docs/inst_test/instancias/n_1000_4,5000,10,10,100,0.2000,42,9999239827,9999233233,948
docs/inst_test/instancias/n_1000_4,5000,10,10,100,0.2000,123,9999235587,9999230587,849
docs/inst_test/instancias/n_1000_4,5000,10,10,100,0.2000,2026,9999239684,9999233254,845
docs/inst_test/instancias/n_1000_4,5000,10,10,100,0.3000,42,9999235615,9999230822,833
docs/inst_test/instancias/n_1000_4,5000,10,10,100,0.3000,123,9999235524,9999230785,860
docs/inst_test/instancias/n_1000_4,5000,10,10,100,0.3000,2026,9999235579,9999230790,840
docs/inst_test/instancias/n_1000_4,5000,10,10,200,0.1000,123,9999239785,9999233462,886
docs/inst_test/instancias/n_1000_4,5000,10,10,200,0.1000,42,9999239542,9999233154,1008
docs/inst_test/instancias/n_1000_4,5000,10,10,200,0.1000,2026,9999239825,9999233057,914
docs/inst_test/instancias/n_1000_4,5000,10,10,200,0.2000,42,9999239825,9999233397,891
docs/inst_test/instancias/n_1000_4,5000,10,10,200,0.2000,123,9999235551,9999230682,854
docs/inst_test/instancias/n_1000_4,5000,10,10,200,0.2000,2026,9999239684,9999233254,896
docs/inst_test/instancias/n_1000_4,5000,10,10,200,0.3000,42,9999235603,9999230785,878
docs/inst_test/instancias/n_1000_4,5000,10,10,200,0.3000,123,9998455718,9998450407,906
docs/inst_test/instancias/n_1000_4,5000,10,10,200,0.3000,2026,9999235579,9999230790,874
docs/inst_test/instancias/n_1000_4,5000,10,15,50,0.1000,123,9999239847,9999233470,950
docs/inst_test/instancias/n_1000_4,5000,10,15,50,0.1000,42,9999239621,9999233213,958
docs/inst_test/instancias/n_1000_4,5000,10,15,50,0.1000,2026,9999239876,9999233247,1012
docs/inst_test/instancias/n_1000_4,5000,10,15,50,0.2000,42,9999239827,9999233233,977
docs/inst_test/instancias/n_1000_4,5000,10,15,50,0.2000,123,9999235587,9999230587,811
docs/inst_test/instancias/n_1000_4,5000,10,15,50,0.2000,2026,9999239684,9999233254,943
docs/inst_test/instancias/n_1000_4,5000,10,15,50,0.3000,42,9999235615,9999230822,826
docs/inst_test/instancias/n_1000_4,5000,10,15,50,0.3000,123,9999235564,9999230649,875
docs/inst_test/instancias/n_1000_4,5000,10,15,50,0.3000,2026,9999235620,9999230874,811
docs/inst_test/instancias/n_1000_4,5000,10,15,100,0.1000,42,9999239542,9999233154,969
docs/inst_test/instancias/n_1000_4,5000,10,15,100,0.1000,2026,9999239847,9999233112,892
docs/inst_test/instancias/n_1000_4,5000,10,15,100,0.1000,123,9999239785,9999233462,904
docs/inst_test/instancias/n_1000_4,5000,10,15,100,0.2000,42,9999239827,9999233233,972
docs/inst_test/instancias/n_1000_4,5000,10,15,100,0.2000,2026,9999239684,9999233254,844
docs/inst_test/instancias/n_1000_4,5000,10,15,100,0.2000,123,9999235587,9999230587,906
docs/inst_test/instancias/n_1000_4,5000,10,15,100,0.3000,42,9999235615,9999230822,866
docs/inst_test/instancias/n_1000_4,5000,10,15,100,0.3000,123,9999235524,9999230785,838
docs/inst_test/instancias/n_1000_4,5000,10,15,100,0.3000,2026,9999235579,9999230790,879
docs/inst_test/instancias/n_1000_4,5000,10,15,200,0.1000,42,9999239542,9999233154,959
docs/inst_test/instancias/n_1000_4,5000,10,15,200,0.1000,123,9999239785,9999233462,977
docs/inst_test/instancias/n_1000_4,5000,10,15,200,0.1000,2026,9999239825,9999233057,923
docs/inst_test/instancias/n_1000_4,5000,10,15,200,0.2000,123,9999235551,9999230682,873
docs/inst_test/instancias/n_1000_4,5000,10,15,200,0.2000,42,9999239825,9999233397,924
docs/inst_test/instancias/n_1000_4,5000,10,15,200,0.3000,42,9999235603,9999230785,796
docs/inst_test/instancias/n_1000_4,5000,10,15,200,0.2000,2026,9999239684,9999233254,876
docs/inst_test/instancias/n_1000_4,5000,10,15,200,0.3000,123,9998455718,9998450407,876
docs/inst_test/instancias/n_1000_4,5000,10,15,200,0.3000,2026,9999235579,9999230790,797
docs/inst_test/instancias/n_1000_4,5000,15,7,50,0.1000,123,9999239847,9999233470,846
docs/inst_test/instancias/n_1000_4,5000,15,7,50,0.1000,42,9999239621,9999233213,950
docs/inst_test/instancias/n_1000_4,5000,15,7,50,0.2000,42,9999239827,9999233233,867
docs/inst_test/instancias/n_1000_4,5000,15,7,50,0.2000,123,9999235587,9999230587,815
docs/inst_test/instancias/n_1000_4,5000,15,7,50,0.1000,2026,9999239876,9999233247,1020
docs/inst_test/instancias/n_1000_4,5000,15,7,50,0.2000,2026,9999239684,9999233254,965
docs/inst_test/instancias/n_1000_4,5000,15,7,50,0.3000,123,9999235564,9999230649,774
docs/inst_test/instancias/n_1000_4,5000,15,7,50,0.3000,42,9999235615,9999230822,876
docs/inst_test/instancias/n_1000_4,5000,15,7,50,0.3000,2026,9999235620,9999230874,872
docs/inst_test/instancias/n_1000_4,5000,15,7,100,0.1000,42,9999239542,9999233154,940
docs/inst_test/instancias/n_1000_4,5000,15,7,100,0.1000,123,9999239785,9999233462,966
docs/inst_test/instancias/n_1000_4,5000,15,7,100,0.2000,123,9999235587,9999230587,789
docs/inst_test/instancias/n_1000_4,5000,15,7,100,0.1000,2026,9999239847,9999233112,1016
docs/inst_test/instancias/n_1000_4,5000,15,7,100,0.2000,42,9999239827,9999233233,916
docs/inst_test/instancias/n_1000_4,5000,15,7,100,0.2000,2026,9999239684,9999233254,882
docs/inst_test/instancias/n_1000_4,5000,15,7,100,0.3000,42,9999235615,9999230822,825
docs/inst_test/instancias/n_1000_4,5000,15,7,100,0.3000,123,9999235524,9999230785,845
docs/inst_test/instancias/n_1000_4,5000,15,7,100,0.3000,2026,9999235579,9999230790,891
docs/inst_test/instancias/n_1000_4,5000,15,7,200,0.1000,123,9999239785,9999233462,939
docs/inst_test/instancias/n_1000_4,5000,15,7,200,0.2000,42,9999239825,9999233397,884
docs/inst_test/instancias/n_1000_4,5000,15,7,200,0.1000,2026,9999239825,9999233057,918
docs/inst_test/instancias/n_1000_4,5000,15,7,200,0.1000,42,9999239542,9999233154,995
docs/inst_test/instancias/n_1000_4,5000,15,7,200,0.2000,123,9999235551,9999230682,898
docs/inst_test/instancias/n_1000_4,5000,15,7,200,0.2000,2026,9999239684,9999233254,884
docs/inst_test/instancias/n_1000_4,5000,15,7,200,0.3000,42,9999235603,9999230785,837
docs/inst_test/instancias/n_1000_4,5000,15,7,200,0.3000,123,9998455718,9998450407,882
docs/inst_test/instancias/n_1000_4,5000,15,7,200,0.3000,2026,9999235579,9999230790,841
docs/inst_test/instancias/n_1000_4,5000,15,10,50,0.1000,123,9999239847,9999233470,929
docs/inst_test/instancias/n_1000_4,5000,15,10,50,0.1000,42,9999239621,9999233213,975
docs/inst_test/instancias/n_1000_4,5000,15,10,50,0.1000,2026,9999239876,9999233247,960
docs/inst_test/instancias/n_1000_4,5000,15,10,50,0.2000,123,9999235587,9999230587,897
docs/inst_test/instancias/n_1000_4,5000,15,10,50,0.2000,42,9999239827,9999233233,934
docs/inst_test/instancias/n_1000_4,5000,15,10,50,0.2000,2026,9999239684,9999233254,962
docs/inst_test/instancias/n_1000_4,5000,15,10,50,0.3000,42,9999235615,9999230822,808
docs/inst_test/instancias/n_1000_4,5000,15,10,50,0.3000,123,9999235564,9999230649,810
docs/inst_test/instancias/n_1000_4,5000,15,10,50,0.3000,2026,9999235620,9999230874,772
docs/inst_test/instancias/n_1000_4,5000,15,10,100,0.1000,123,9999239785,9999233462,903
docs/inst_test/instancias/n_1000_4,5000,15,10,100,0.1000,2026,9999239847,9999233112,911
docs/inst_test/instancias/n_1000_4,5000,15,10,100,0.2000,42,9999239827,9999233233,891
docs/inst_test/instancias/n_1000_4,5000,15,10,100,0.1000,42,9999239542,9999233154,1046
docs/inst_test/instancias/n_1000_4,5000,15,10,100,0.2000,123,9999235587,9999230587,890
docs/inst_test/instancias/n_1000_4,5000,15,10,100,0.2000,2026,9999239684,9999233254,941
docs/inst_test/instancias/n_1000_4,5000,15,10,100,0.3000,42,9999235615,9999230822,829
docs/inst_test/instancias/n_1000_4,5000,15,10,100,0.3000,123,9999235524,9999230785,869
docs/inst_test/instancias/n_1000_4,5000,15,10,100,0.3000,2026,9999235579,9999230790,817
docs/inst_test/instancias/n_1000_4,5000,15,10,200,0.1000,42,9999239542,9999233154,960
docs/inst_test/instancias/n_1000_4,5000,15,10,200,0.1000,123,9999239785,9999233462,968
docs/inst_test/instancias/n_1000_4,5000,15,10,200,0.1000,2026,9999239825,9999233057,1053
docs/inst_test/instancias/n_1000_4,5000,15,10,200,0.2000,123,9999235551,9999230682,892
docs/inst_test/instancias/n_1000_4,5000,15,10,200,0.2000,42,9999239825,9999233397,976
docs/inst_test/instancias/n_1000_4,5000,15,10,200,0.2000,2026,9999239684,9999233254,876
docs/inst_test/instancias/n_1000_4,5000,15,10,200,0.3000,42,9999235603,9999230785,949
docs/inst_test/instancias/n_1000_4,5000,15,10,200,0.3000,123,9998455718,9998450407,972
docs/inst_test/instancias/n_1000_4,5000,15,10,200,0.3000,2026,9999235579,9999230790,834
docs/inst_test/instancias/n_1000_4,5000,15,15,50,0.1000,42,9999239621,9999233213,913
docs/inst_test/instancias/n_1000_4,5000,15,15,50,0.1000,123,9999239847,9999233470,931
docs/inst_test/instancias/n_1000_4,5000,15,15,50,0.1000,2026,9999239876,9999233247,957
docs/inst_test/instancias/n_1000_4,5000,15,15,50,0.2000,123,9999235587,9999230587,838
docs/inst_test/instancias/n_1000_4,5000,15,15,50,0.2000,42,9999239827,9999233233,1094
docs/inst_test/instancias/n_1000_4,5000,15,15,50,0.2000,2026,9999239684,9999233254,917
docs/inst_test/instancias/n_1000_4,5000,15,15,50,0.3000,123,9999235564,9999230649,818
docs/inst_test/instancias/n_1000_4,5000,15,15,50,0.3000,42,9999235615,9999230822,885
docs/inst_test/instancias/n_1000_4,5000,15,15,50,0.3000,2026,9999235620,9999230874,858
docs/inst_test/instancias/n_1000_4,5000,15,15,100,0.1000,42,9999239542,9999233154,967
docs/inst_test/instancias/n_1000_4,5000,15,15,100,0.1000,123,9999239785,9999233462,979
docs/inst_test/instancias/n_1000_4,5000,15,15,100,0.2000,42,9999239827,9999233233,977
docs/inst_test/instancias/n_1000_4,5000,15,15,100,0.1000,2026,9999239847,9999233112,1027
docs/inst_test/instancias/n_1000_4,5000,15,15,100,0.2000,123,9999235587,9999230587,856
docs/inst_test/instancias/n_1000_4,5000,15,15,100,0.3000,42,9999235615,9999230822,896
docs/inst_test/instancias/n_1000_4,5000,15,15,100,0.2000,2026,9999239684,9999233254,913
docs/inst_test/instancias/n_1000_4,5000,15,15,100,0.3000,123,9999235524,9999230785,811
docs/inst_test/instancias/n_1000_4,5000,15,15,100,0.3000,2026,9999235579,9999230790,816
docs/inst_test/instancias/n_1000_4,5000,15,15,200,0.1000,42,9999239542,9999233154,808
docs/inst_test/instancias/n_1000_4,5000,15,15,200,0.1000,123,9999239785,9999233462,934
docs/inst_test/instancias/n_1000_4,5000,15,15,200,0.1000,2026,9999239825,9999233057,998
docs/inst_test/instancias/n_1000_4,5000,15,15,200,0.2000,42,9999239825,9999233397,882
docs/inst_test/instancias/n_1000_4,5000,15,15,200,0.2000,123,9999235551,9999230682,815
docs/inst_test/instancias/n_1000_4,5000,15,15,200,0.3000,42,9999235603,9999230785,907
docs/inst_test/instancias/n_1000_4,5000,15,15,200,0.2000,2026,9999239684,9999233254,973
docs/inst_test/instancias/n_1000_4,5000,15,15,200,0.3000,123,9998455718,9998450407,857
docs/inst_test/instancias/n_1000_4,5000,15,15,200,0.3000,2026,9999235579,9999230790,846
docs/inst_test/instancias/n_1000_4,5000,20,7,50,0.1000,42,9999239621,9999233213,877
docs/inst_test/instancias/n_1000_4,5000,20,7,50,0.1000,123,9999239847,9999233470,925
docs/inst_test/instancias/n_1000_4,5000,20,7,50,0.2000,42,9999239827,9999233233,871
docs/inst_test/instancias/n_1000_4,5000,20,7,50,0.1000,2026,9999239876,9999233247,989
docs/inst_test/instancias/n_1000_4,5000,20,7,50,0.2000,123,9999235587,9999230587,854
docs/inst_test/instancias/n_1000_4,5000,20,7,50,0.2000,2026,9999239684,9999233254,896
docs/inst_test/instancias/n_1000_4,5000,20,7,50,0.3000,42,9999235615,9999230822,877
docs/inst_test/instancias/n_1000_4,5000,20,7,50,0.3000,123,9999235564,9999230649,880
docs/inst_test/instancias/n_1000_4,5000,20,7,50,0.3000,2026,9999235620,9999230874,903
docs/inst_test/instancias/n_1000_4,5000,20,7,100,0.1000,42,9999239542,9999233154,938
docs/inst_test/instancias/n_1000_4,5000,20,7,100,0.1000,123,9999239785,9999233462,985
docs/inst_test/instancias/n_1000_4,5000,20,7,100,0.1000,2026,9999239847,9999233112,1013
docs/inst_test/instancias/n_1000_4,5000,20,7,100,0.2000,42,9999239827,9999233233,982
docs/inst_test/instancias/n_1000_4,5000,20,7,100,0.2000,123,9999235587,9999230587,952
docs/inst_test/instancias/n_1000_4,5000,20,7,100,0.2000,2026,9999239684,9999233254,1004
docs/inst_test/instancias/n_1000_4,5000,20,7,100,0.3000,42,9999235615,9999230822,967
docs/inst_test/instancias/n_1000_4,5000,20,7,100,0.3000,2026,9999235579,9999230790,825
docs/inst_test/instancias/n_1000_4,5000,20,7,100,0.3000,123,9999235524,9999230785,1055
docs/inst_test/instancias/n_1000_4,5000,20,7,200,0.1000,42,9999239542,9999233154,1037
docs/inst_test/instancias/n_1000_4,5000,20,7,200,0.1000,123,9999239785,9999233462,1021
docs/inst_test/instancias/n_1000_4,5000,20,7,200,0.1000,2026,9999239825,9999233057,976
docs/inst_test/instancias/n_1000_4,5000,20,7,200,0.2000,42,9999239825,9999233397,1021
docs/inst_test/instancias/n_1000_4,5000,20,7,200,0.2000,123,9999235551,9999230682,972
docs/inst_test/instancias/n_1000_4,5000,20,7,200,0.2000,2026,9999239684,9999233254,1032
docs/inst_test/instancias/n_1000_4,5000,20,7,200,0.3000,42,9999235603,9999230785,883
docs/inst_test/instancias/n_1000_4,5000,20,7,200,0.3000,123,9998455718,9998450407,813
docs/inst_test/instancias/n_1000_4,5000,20,7,200,0.3000,2026,9999235579,9999230790,878
docs/inst_test/instancias/n_1000_4,5000,20,10,50,0.1000,123,9999239847,9999233470,931
docs/inst_test/instancias/n_1000_4,5000,20,10,50,0.1000,42,9999239621,9999233213,949
docs/inst_test/instancias/n_1000_4,5000,20,10,50,0.1000,2026,9999239876,9999233247,916
docs/inst_test/instancias/n_1000_4,5000,20,10,50,0.2000,123,9999235587,9999230587,839
docs/inst_test/instancias/n_1000_4,5000,20,10,50,0.2000,42,9999239827,9999233233,926
docs/inst_test/instancias/n_1000_4,5000,20,10,50,0.3000,42,9999235615,9999230822,847
docs/inst_test/instancias/n_1000_4,5000,20,10,50,0.2000,2026,9999239684,9999233254,1081
docs/inst_test/instancias/n_1000_4,5000,20,10,50,0.3000,123,9999235564,9999230649,871
docs/inst_test/instancias/n_1000_4,5000,20,10,50,0.3000,2026,9999235620,9999230874,819
docs/inst_test/instancias/n_1000_4,5000,20,10,100,0.1000,42,9999239542,9999233154,848
docs/inst_test/instancias/n_1000_4,5000,20,10,100,0.1000,123,9999239785,9999233462,934
docs/inst_test/instancias/n_1000_4,5000,20,10,100,0.1000,2026,9999239847,9999233112,950
docs/inst_test/instancias/n_1000_4,5000,20,10,100,0.2000,42,9999239827,9999233233,955
docs/inst_test/instancias/n_1000_4,5000,20,10,100,0.2000,123,9999235587,9999230587,818
docs/inst_test/instancias/n_1000_4,5000,20,10,100,0.3000,123,9999235524,9999230785,782
docs/inst_test/instancias/n_1000_4,5000,20,10,100,0.3000,2026,9999235579,9999230790,790
docs/inst_test/instancias/n_1000_4,5000,20,10,100,0.3000,42,9999235615,9999230822,922
docs/inst_test/instancias/n_1000_4,5000,20,10,100,0.2000,2026,9999239684,9999233254,1018
docs/inst_test/instancias/n_1000_4,5000,20,10,200,0.1000,42,9999239542,9999233154,923
docs/inst_test/instancias/n_1000_4,5000,20,10,200,0.1000,123,9999239785,9999233462,897
docs/inst_test/instancias/n_1000_4,5000,20,10,200,0.1000,2026,9999239825,9999233057,899
docs/inst_test/instancias/n_1000_4,5000,20,10,200,0.2000,42,9999239825,9999233397,847
docs/inst_test/instancias/n_1000_4,5000,20,10,200,0.2000,123,9999235551,9999230682,879
docs/inst_test/instancias/n_1000_4,5000,20,10,200,0.3000,42,9999235603,9999230785,815
docs/inst_test/instancias/n_1000_4,5000,20,10,200,0.3000,123,9998455718,9998450407,835
docs/inst_test/instancias/n_1000_4,5000,20,10,200,0.2000,2026,9999239684,9999233254,965
docs/inst_test/instancias/n_1000_4,5000,20,10,200,0.3000,2026,9999235579,9999230790,860
docs/inst_test/instancias/n_1000_4,5000,20,15,50,0.1000,42,9999239621,9999233213,997
docs/inst_test/instancias/n_1000_4,5000,20,15,50,0.1000,123,9999239847,9999233470,996
docs/inst_test/instancias/n_1000_4,5000,20,15,50,0.1000,2026,9999239876,9999233247,1009
docs/inst_test/instancias/n_1000_4,5000,20,15,50,0.2000,2026,9999239684,9999233254,844
docs/inst_test/instancias/n_1000_4,5000,20,15,50,0.2000,123,9999235587,9999230587,906
docs/inst_test/instancias/n_1000_4,5000,20,15,50,0.2000,42,9999239827,9999233233,919
docs/inst_test/instancias/n_1000_4,5000,20,15,50,0.3000,42,9999235615,9999230822,881
docs/inst_test/instancias/n_1000_4,5000,20,15,50,0.3000,123,9999235564,9999230649,818
docs/inst_test/instancias/n_1000_4,5000,20,15,50,0.3000,2026,9999235620,9999230874,817
docs/inst_test/instancias/n_1000_4,5000,20,15,100,0.1000,123,9999239785,9999233462,860
docs/inst_test/instancias/n_1000_4,5000,20,15,100,0.1000,42,9999239542,9999233154,924
docs/inst_test/instancias/n_1000_4,5000,20,15,100,0.2000,123,9999235587,9999230587,797
docs/inst_test/instancias/n_1000_4,5000,20,15,100,0.1000,2026,9999239847,9999233112,950
docs/inst_test/instancias/n_1000_4,5000,20,15,100,0.2000,2026,9999239684,9999233254,919
docs/inst_test/instancias/n_1000_4,5000,20,15,100,0.2000,42,9999239827,9999233233,1032
docs/inst_test/instancias/n_1000_4,5000,20,15,100,0.3000,42,9999235615,9999230822,992
docs/inst_test/instancias/n_1000_4,5000,20,15,100,0.3000,2026,9999235579,9999230790,833
docs/inst_test/instancias/n_1000_4,5000,20,15,100,0.3000,123,9999235524,9999230785,909
docs/inst_test/instancias/n_1000_4,5000,20,15,200,0.1000,42,9999239542,9999233154,899
docs/inst_test/instancias/n_1000_4,5000,20,15,200,0.1000,123,9999239785,9999233462,898
docs/inst_test/instancias/n_1000_5,1000,10,7,50,0.1000,42,9999251614,9999242439,178
docs/inst_test/instancias/n_1000_4,5000,20,15,200,0.1000,2026,9999239825,9999233057,983
docs/inst_test/instancias/n_1000_4,5000,20,15,200,0.2000,42,9999239825,9999233397,906
docs/inst_test/instancias/n_1000_4,5000,20,15,200,0.2000,123,9999235551,9999230682,989
docs/inst_test/instancias/n_1000_5,1000,10,7,50,0.1000,123,9999251790,9999242930,205
docs/inst_test/instancias/n_1000_5,1000,10,7,50,0.1000,2026,9999251638,9999242702,203
docs/inst_test/instancias/n_1000_5,1000,10,7,50,0.2000,42,9999251619,9999242724,200
docs/inst_test/instancias/n_1000_4,5000,20,15,200,0.2000,2026,9999239684,9999233254,969
docs/inst_test/instancias/n_1000_5,1000,10,7,50,0.2000,123,9999245304,9999239283,168
docs/inst_test/instancias/n_1000_4,5000,20,15,200,0.3000,42,9999235603,9999230785,828
docs/inst_test/instancias/n_1000_5,1000,10,7,50,0.2000,2026,9999251733,9999242669,192
docs/inst_test/instancias/n_1000_5,1000,10,7,50,0.3000,42,9999251530,9999242508,174
docs/inst_test/instancias/n_1000_5,1000,10,7,50,0.3000,123,9996122079,9996115351,191
docs/inst_test/instancias/n_1000_5,1000,10,7,50,0.3000,2026,9999245335,9999239334,165
docs/inst_test/instancias/n_1000_4,5000,20,15,200,0.3000,2026,9999235579,9999230790,821
docs/inst_test/instancias/n_1000_5,1000,10,7,100,0.1000,42,9999251614,9999242439,185
docs/inst_test/instancias/n_1000_4,5000,20,15,200,0.3000,123,9998455718,9998450407,944
docs/inst_test/instancias/n_1000_5,1000,10,7,100,0.1000,2026,9999251619,9999242724,179
docs/inst_test/instancias/n_1000_5,1000,10,7,100,0.1000,123,9996907622,9996899019,195
docs/inst_test/instancias/n_1000_5,1000,10,7,100,0.2000,123,9998466245,9998459419,169
docs/inst_test/instancias/n_1000_5,1000,10,7,100,0.2000,42,9999251619,9999242724,195
docs/inst_test/instancias/n_1000_5,1000,10,7,100,0.2000,2026,9999251723,9999242588,194
docs/inst_test/instancias/n_1000_5,1000,10,7,100,0.3000,42,9999251530,9999242508,176
docs/inst_test/instancias/n_1000_5,1000,10,7,100,0.3000,2026,9999245335,9999239334,185
docs/inst_test/instancias/n_1000_5,1000,10,7,100,0.3000,123,9996122058,9996115441,193
docs/inst_test/instancias/n_1000_5,1000,10,7,200,0.1000,42,9996907656,9996898605,184
docs/inst_test/instancias/n_1000_5,1000,10,7,200,0.2000,42,9999251619,9999242724,170
docs/inst_test/instancias/n_1000_5,1000,10,7,200,0.1000,123,9996907622,9996899019,207
docs/inst_test/instancias/n_1000_5,1000,10,7,200,0.1000,2026,9999251619,9999242724,202
docs/inst_test/instancias/n_1000_5,1000,10,7,200,0.2000,123,9997687010,9997678758,194
docs/inst_test/instancias/n_1000_5,1000,10,7,200,0.2000,2026,9999251723,9999242588,190
docs/inst_test/instancias/n_1000_5,1000,10,7,200,0.3000,42,9999251530,9999242508,179
docs/inst_test/instancias/n_1000_5,1000,10,7,200,0.3000,123,9996122058,9996115441,182
docs/inst_test/instancias/n_1000_5,1000,10,7,200,0.3000,2026,9999245335,9999239334,182
docs/inst_test/instancias/n_1000_5,1000,10,10,50,0.1000,123,9999251790,9999242930,176
docs/inst_test/instancias/n_1000_5,1000,10,10,50,0.1000,42,9999251614,9999242439,186
docs/inst_test/instancias/n_1000_5,1000,10,10,50,0.2000,123,9999245304,9999239283,159
docs/inst_test/instancias/n_1000_5,1000,10,10,50,0.2000,2026,9999251733,9999242669,169
docs/inst_test/instancias/n_1000_5,1000,10,10,50,0.2000,42,9999251619,9999242724,192
docs/inst_test/instancias/n_1000_5,1000,10,10,50,0.3000,42,9999251530,9999242508,180
docs/inst_test/instancias/n_1000_5,1000,10,10,50,0.3000,123,9996122079,9996115351,175
docs/inst_test/instancias/n_1000_5,1000,10,10,50,0.1000,2026,9999251638,9999242702,314
docs/inst_test/instancias/n_1000_5,1000,10,10,50,0.3000,2026,9999245335,9999239334,163
docs/inst_test/instancias/n_1000_5,1000,10,10,100,0.1000,42,9999251614,9999242439,189
docs/inst_test/instancias/n_1000_5,1000,10,10,100,0.1000,123,9996907622,9996899019,186
docs/inst_test/instancias/n_1000_5,1000,10,10,100,0.2000,42,9999251619,9999242724,171
docs/inst_test/instancias/n_1000_5,1000,10,10,100,0.1000,2026,9999251619,9999242724,194
docs/inst_test/instancias/n_1000_5,1000,10,10,100,0.2000,123,9998466245,9998459419,184
docs/inst_test/instancias/n_1000_5,1000,10,10,100,0.3000,123,9996122058,9996115441,175
docs/inst_test/instancias/n_1000_5,1000,10,10,100,0.3000,42,9999251530,9999242508,203
docs/inst_test/instancias/n_1000_5,1000,10,10,100,0.2000,2026,9999251723,9999242588,206
docs/inst_test/instancias/n_1000_5,1000,10,10,200,0.1000,42,9996907656,9996898605,148
docs/inst_test/instancias/n_1000_5,1000,10,10,200,0.1000,123,9996907622,9996899019,176
docs/inst_test/instancias/n_1000_5,1000,10,10,100,0.3000,2026,9999245335,9999239334,233
docs/inst_test/instancias/n_1000_5,1000,10,10,200,0.1000,2026,9999251619,9999242724,174
docs/inst_test/instancias/n_1000_5,1000,10,10,200,0.2000,42,9999251619,9999242724,173
docs/inst_test/instancias/n_1000_5,1000,10,10,200,0.2000,123,9997687010,9997678758,179
docs/inst_test/instancias/n_1000_5,1000,10,10,200,0.3000,42,9999251530,9999242508,171
docs/inst_test/instancias/n_1000_5,1000,10,10,200,0.2000,2026,9999251723,9999242588,179
docs/inst_test/instancias/n_1000_5,1000,10,10,200,0.3000,123,9996122058,9996115441,185
docs/inst_test/instancias/n_1000_5,1000,10,10,200,0.3000,2026,9999245335,9999239334,181
docs/inst_test/instancias/n_1000_5,1000,10,15,50,0.1000,2026,9999251638,9999242702,198
docs/inst_test/instancias/n_1000_5,1000,10,15,50,0.1000,123,9999251790,9999242930,220
docs/inst_test/instancias/n_1000_5,1000,10,15,50,0.1000,42,9999251614,9999242439,250
docs/inst_test/instancias/n_1000_5,1000,10,15,50,0.2000,42,9999251619,9999242724,231
docs/inst_test/instancias/n_1000_5,1000,10,15,50,0.2000,123,9999245304,9999239283,222
docs/inst_test/instancias/n_1000_5,1000,10,15,50,0.2000,2026,9999251733,9999242669,225
docs/inst_test/instancias/n_1000_5,1000,10,15,50,0.3000,42,9999251530,9999242508,194
docs/inst_test/instancias/n_1000_5,1000,10,15,100,0.1000,123,9996907622,9996899019,148
docs/inst_test/instancias/n_1000_5,1000,10,15,50,0.3000,123,9996122079,9996115351,228
docs/inst_test/instancias/n_1000_5,1000,10,15,50,0.3000,2026,9999245335,9999239334,224
docs/inst_test/instancias/n_1000_5,1000,10,15,100,0.1000,42,9999251614,9999242439,216
docs/inst_test/instancias/n_1000_5,1000,10,15,100,0.1000,2026,9999251619,9999242724,185
docs/inst_test/instancias/n_1000_5,1000,10,15,100,0.2000,2026,9999251723,9999242588,189
docs/inst_test/instancias/n_1000_5,1000,10,15,100,0.2000,123,9998466245,9998459419,190
docs/inst_test/instancias/n_1000_5,1000,10,15,100,0.2000,42,9999251619,9999242724,216
docs/inst_test/instancias/n_1000_5,1000,10,15,100,0.3000,42,9999251530,9999242508,155
docs/inst_test/instancias/n_1000_5,1000,10,15,100,0.3000,123,9996122058,9996115441,191
docs/inst_test/instancias/n_1000_5,1000,10,15,100,0.3000,2026,9999245335,9999239334,186
docs/inst_test/instancias/n_1000_5,1000,10,15,200,0.1000,42,9996907656,9996898605,190
docs/inst_test/instancias/n_1000_5,1000,10,15,200,0.1000,123,9996907622,9996899019,189
docs/inst_test/instancias/n_1000_5,1000,10,15,200,0.2000,42,9999251619,9999242724,177
docs/inst_test/instancias/n_1000_5,1000,10,15,200,0.2000,123,9997687010,9997678758,161
docs/inst_test/instancias/n_1000_5,1000,10,15,200,0.1000,2026,9999251619,9999242724,201
docs/inst_test/instancias/n_1000_5,1000,10,15,200,0.3000,42,9999251530,9999242508,184
docs/inst_test/instancias/n_1000_5,1000,10,15,200,0.2000,2026,9999251723,9999242588,249
docs/inst_test/instancias/n_1000_5,1000,10,15,200,0.3000,2026,9999245335,9999239334,168
docs/inst_test/instancias/n_1000_5,1000,10,15,200,0.3000,123,9996122058,9996115441,192
docs/inst_test/instancias/n_1000_5,1000,15,7,50,0.1000,42,9999251614,9999242439,184
docs/inst_test/instancias/n_1000_5,1000,15,7,50,0.1000,2026,9999251638,9999242702,177
docs/inst_test/instancias/n_1000_5,1000,15,7,50,0.1000,123,9999251790,9999242930,179
docs/inst_test/instancias/n_1000_5,1000,15,7,50,0.2000,42,9999251619,9999242724,195
docs/inst_test/instancias/n_1000_5,1000,15,7,50,0.2000,123,9999245304,9999239283,160
docs/inst_test/instancias/n_1000_5,1000,15,7,50,0.3000,42,9999251530,9999242508,188
docs/inst_test/instancias/n_1000_5,1000,15,7,50,0.3000,123,9996122079,9996115351,182
docs/inst_test/instancias/n_1000_5,1000,15,7,50,0.2000,2026,9999251733,9999242669,218
docs/inst_test/instancias/n_1000_5,1000,15,7,50,0.3000,2026,9999245335,9999239334,166
docs/inst_test/instancias/n_1000_5,1000,15,7,100,0.1000,42,9999251614,9999242439,183
docs/inst_test/instancias/n_1000_5,1000,15,7,100,0.1000,123,9996907622,9996899019,191
docs/inst_test/instancias/n_1000_5,1000,15,7,100,0.1000,2026,9999251619,9999242724,188
docs/inst_test/instancias/n_1000_5,1000,15,7,100,0.2000,42,9999251619,9999242724,174
docs/inst_test/instancias/n_1000_5,1000,15,7,100,0.2000,123,9998466245,9998459419,181
docs/inst_test/instancias/n_1000_5,1000,15,7,100,0.2000,2026,9999251723,9999242588,188
docs/inst_test/instancias/n_1000_5,1000,15,7,100,0.3000,42,9999251530,9999242508,190
docs/inst_test/instancias/n_1000_5,1000,15,7,100,0.3000,2026,9999245335,9999239334,166
docs/inst_test/instancias/n_1000_5,1000,15,7,100,0.3000,123,9996122058,9996115441,196
docs/inst_test/instancias/n_1000_5,1000,15,7,200,0.1000,123,9996907622,9996899019,166
docs/inst_test/instancias/n_1000_5,1000,15,7,200,0.1000,42,9996907656,9996898605,210
docs/inst_test/instancias/n_1000_5,1000,15,7,200,0.1000,2026,9999251619,9999242724,203
docs/inst_test/instancias/n_1000_5,1000,15,7,200,0.2000,42,9999251619,9999242724,193
docs/inst_test/instancias/n_1000_5,1000,15,7,200,0.2000,123,9997687010,9997678758,191
docs/inst_test/instancias/n_1000_5,1000,15,7,200,0.2000,2026,9999251723,9999242588,184
docs/inst_test/instancias/n_1000_5,1000,15,7,200,0.3000,42,9999251530,9999242508,187
docs/inst_test/instancias/n_1000_5,1000,15,7,200,0.3000,123,9996122058,9996115441,186
docs/inst_test/instancias/n_1000_5,1000,15,7,200,0.3000,2026,9999245335,9999239334,190
docs/inst_test/instancias/n_1000_5,1000,15,10,50,0.1000,42,9999251614,9999242439,208
docs/inst_test/instancias/n_1000_5,1000,15,10,50,0.1000,123,9999251790,9999242930,194
docs/inst_test/instancias/n_1000_5,1000,15,10,50,0.1000,2026,9999251638,9999242702,185
docs/inst_test/instancias/n_1000_5,1000,15,10,50,0.2000,123,9999245304,9999239283,166
docs/inst_test/instancias/n_1000_5,1000,15,10,50,0.2000,42,9999251619,9999242724,197
docs/inst_test/instancias/n_1000_5,1000,15,10,50,0.2000,2026,9999251733,9999242669,172
docs/inst_test/instancias/n_1000_5,1000,15,10,50,0.3000,42,9999251530,9999242508,179
docs/inst_test/instancias/n_1000_5,1000,15,10,50,0.3000,2026,9999245335,9999239334,152
docs/inst_test/instancias/n_1000_5,1000,15,10,100,0.1000,123,9996907622,9996899019,158
docs/inst_test/instancias/n_1000_5,1000,15,10,100,0.1000,2026,9999251619,9999242724,160
docs/inst_test/instancias/n_1000_5,1000,15,10,50,0.3000,123,9996122079,9996115351,264
docs/inst_test/instancias/n_1000_5,1000,15,10,100,0.2000,123,9998466245,9998459419,153
docs/inst_test/instancias/n_1000_5,1000,15,10,100,0.2000,42,9999251619,9999242724,186
docs/inst_test/instancias/n_1000_5,1000,15,10,100,0.2000,2026,9999251723,9999242588,170
docs/inst_test/instancias/n_1000_5,1000,15,10,100,0.1000,42,9999251614,9999242439,267
docs/inst_test/instancias/n_1000_5,1000,15,10,100,0.3000,42,9999251530,9999242508,169
docs/inst_test/instancias/n_1000_5,1000,15,10,100,0.3000,123,9996122058,9996115441,174
docs/inst_test/instancias/n_1000_5,1000,15,10,100,0.3000,2026,9999245335,9999239334,181
docs/inst_test/instancias/n_1000_5,1000,15,10,200,0.1000,123,9996907622,9996899019,174
docs/inst_test/instancias/n_1000_5,1000,15,10,200,0.1000,2026,9999251619,9999242724,184
docs/inst_test/instancias/n_1000_5,1000,15,10,200,0.1000,42,9996907656,9996898605,227
docs/inst_test/instancias/n_1000_5,1000,15,10,200,0.2000,42,9999251619,9999242724,187
docs/inst_test/instancias/n_1000_5,1000,15,10,200,0.2000,123,9997687010,9997678758,218
docs/inst_test/instancias/n_1000_5,1000,15,10,200,0.2000,2026,9999251723,9999242588,182
docs/inst_test/instancias/n_1000_5,1000,15,10,200,0.3000,42,9999251530,9999242508,187
docs/inst_test/instancias/n_1000_5,1000,15,10,200,0.3000,2026,9999245335,9999239334,171
docs/inst_test/instancias/n_1000_5,1000,15,10,200,0.3000,123,9996122058,9996115441,195
docs/inst_test/instancias/n_1000_5,1000,15,15,50,0.1000,42,9999251614,9999242439,185
docs/inst_test/instancias/n_1000_5,1000,15,15,50,0.1000,123,9999251790,9999242930,183
docs/inst_test/instancias/n_1000_5,1000,15,15,50,0.1000,2026,9999251638,9999242702,199
docs/inst_test/instancias/n_1000_5,1000,15,15,50,0.2000,123,9999245304,9999239283,178
docs/inst_test/instancias/n_1000_5,1000,15,15,50,0.2000,42,9999251619,9999242724,187
docs/inst_test/instancias/n_1000_5,1000,15,15,50,0.3000,123,9996122079,9996115351,158
docs/inst_test/instancias/n_1000_5,1000,15,15,50,0.2000,2026,9999251733,9999242669,188
docs/inst_test/instancias/n_1000_5,1000,15,15,50,0.3000,42,9999251530,9999242508,200
docs/inst_test/instancias/n_1000_5,1000,15,15,50,0.3000,2026,9999245335,9999239334,179
docs/inst_test/instancias/n_1000_5,1000,15,15,100,0.1000,42,9999251614,9999242439,212
docs/inst_test/instancias/n_1000_5,1000,15,15,100,0.1000,123,9996907622,9996899019,200
docs/inst_test/instancias/n_1000_5,1000,15,15,100,0.2000,42,9999251619,9999242724,222
docs/inst_test/instancias/n_1000_5,1000,15,15,100,0.1000,2026,9999251619,9999242724,234
docs/inst_test/instancias/n_1000_5,1000,15,15,100,0.2000,2026,9999251723,9999242588,185
docs/inst_test/instancias/n_1000_5,1000,15,15,100,0.2000,123,9998466245,9998459419,217
docs/inst_test/instancias/n_1000_5,1000,15,15,100,0.3000,2026,9999245335,9999239334,139
docs/inst_test/instancias/n_1000_5,1000,15,15,100,0.3000,42,9999251530,9999242508,231
docs/inst_test/instancias/n_1000_5,1000,15,15,100,0.3000,123,9996122058,9996115441,218
docs/inst_test/instancias/n_1000_5,1000,15,15,200,0.1000,42,9996907656,9996898605,241
docs/inst_test/instancias/n_1000_5,1000,15,15,200,0.1000,123,9996907622,9996899019,218
docs/inst_test/instancias/n_1000_5,1000,15,15,200,0.1000,2026,9999251619,9999242724,214
docs/inst_test/instancias/n_1000_5,1000,15,15,200,0.2000,2026,9999251723,9999242588,157
docs/inst_test/instancias/n_1000_5,1000,15,15,200,0.2000,123,9997687010,9997678758,198
docs/inst_test/instancias/n_1000_5,1000,15,15,200,0.2000,42,9999251619,9999242724,227
docs/inst_test/instancias/n_1000_5,1000,15,15,200,0.3000,42,9999251530,9999242508,197
docs/inst_test/instancias/n_1000_5,1000,15,15,200,0.3000,123,9996122058,9996115441,186
docs/inst_test/instancias/n_1000_5,1000,15,15,200,0.3000,2026,9999245335,9999239334,160
docs/inst_test/instancias/n_1000_5,1000,20,7,50,0.1000,123,9999251790,9999242930,198
docs/inst_test/instancias/n_1000_5,1000,20,7,50,0.1000,2026,9999251638,9999242702,177
docs/inst_test/instancias/n_1000_5,1000,20,7,50,0.1000,42,9999251614,9999242439,203
docs/inst_test/instancias/n_1000_5,1000,20,7,50,0.2000,123,9999245304,9999239283,171
docs/inst_test/instancias/n_1000_5,1000,20,7,50,0.2000,42,9999251619,9999242724,191
docs/inst_test/instancias/n_1000_5,1000,20,7,50,0.2000,2026,9999251733,9999242669,182
docs/inst_test/instancias/n_1000_5,1000,20,7,50,0.3000,42,9999251530,9999242508,190
docs/inst_test/instancias/n_1000_5,1000,20,7,50,0.3000,123,9996122079,9996115351,191
docs/inst_test/instancias/n_1000_5,1000,20,7,50,0.3000,2026,9999245335,9999239334,172
docs/inst_test/instancias/n_1000_5,1000,20,7,100,0.1000,42,9999251614,9999242439,182
docs/inst_test/instancias/n_1000_5,1000,20,7,100,0.1000,2026,9999251619,9999242724,184
docs/inst_test/instancias/n_1000_5,1000,20,7,100,0.1000,123,9996907622,9996899019,202
docs/inst_test/instancias/n_1000_5,1000,20,7,100,0.2000,42,9999251619,9999242724,190
docs/inst_test/instancias/n_1000_5,1000,20,7,100,0.2000,2026,9999251723,9999242588,177
docs/inst_test/instancias/n_1000_5,1000,20,7,100,0.2000,123,9998466245,9998459419,198
docs/inst_test/instancias/n_1000_5,1000,20,7,100,0.3000,42,9999251530,9999242508,205
docs/inst_test/instancias/n_1000_5,1000,20,7,100,0.3000,2026,9999245335,9999239334,150
docs/inst_test/instancias/n_1000_5,1000,20,7,100,0.3000,123,9996122058,9996115441,189
docs/inst_test/instancias/n_1000_5,1000,20,7,200,0.1000,42,9996907656,9996898605,187
docs/inst_test/instancias/n_1000_5,1000,20,7,200,0.1000,123,9996907622,9996899019,197
docs/inst_test/instancias/n_1000_5,1000,20,7,200,0.1000,2026,9999251619,9999242724,201
docs/inst_test/instancias/n_1000_5,1000,20,7,200,0.2000,42,9999251619,9999242724,174
docs/inst_test/instancias/n_1000_5,1000,20,7,200,0.2000,123,9997687010,9997678758,203
docs/inst_test/instancias/n_1000_5,1000,20,7,200,0.3000,42,9999251530,9999242508,155
docs/inst_test/instancias/n_1000_5,1000,20,7,200,0.2000,2026,9999251723,9999242588,193
docs/inst_test/instancias/n_1000_5,1000,20,10,50,0.1000,42,9999251614,9999242439,163
docs/inst_test/instancias/n_1000_5,1000,20,7,200,0.3000,2026,9999245335,9999239334,190
docs/inst_test/instancias/n_1000_5,1000,20,10,50,0.1000,123,9999251790,9999242930,177
docs/inst_test/instancias/n_1000_5,1000,20,10,50,0.1000,2026,9999251638,9999242702,189
docs/inst_test/instancias/n_1000_5,1000,20,7,200,0.3000,123,9996122058,9996115441,280
docs/inst_test/instancias/n_1000_5,1000,20,10,50,0.2000,42,9999251619,9999242724,171
docs/inst_test/instancias/n_1000_5,1000,20,10,50,0.2000,123,9999245304,9999239283,162
docs/inst_test/instancias/n_1000_5,1000,20,10,50,0.2000,2026,9999251733,9999242669,183
docs/inst_test/instancias/n_1000_5,1000,20,10,50,0.3000,123,9996122079,9996115351,159
docs/inst_test/instancias/n_1000_5,1000,20,10,50,0.3000,42,9999251530,9999242508,178
docs/inst_test/instancias/n_1000_5,1000,20,10,50,0.3000,2026,9999245335,9999239334,170
docs/inst_test/instancias/n_1000_5,1000,20,10,100,0.1000,42,9999251614,9999242439,186
docs/inst_test/instancias/n_1000_5,1000,20,10,100,0.2000,42,9999251619,9999242724,184
docs/inst_test/instancias/n_1000_5,1000,20,10,100,0.1000,2026,9999251619,9999242724,202
docs/inst_test/instancias/n_1000_5,1000,20,10,100,0.1000,123,9996907622,9996899019,236
docs/inst_test/instancias/n_1000_5,1000,20,10,100,0.2000,123,9998466245,9998459419,193
docs/inst_test/instancias/n_1000_5,1000,20,10,100,0.3000,42,9999251530,9999242508,164
docs/inst_test/instancias/n_1000_5,1000,20,10,100,0.2000,2026,9999251723,9999242588,200
docs/inst_test/instancias/n_1000_5,1000,20,10,100,0.3000,123,9996122058,9996115441,192
docs/inst_test/instancias/n_1000_5,1000,20,10,200,0.1000,42,9996907656,9996898605,186
docs/inst_test/instancias/n_1000_5,1000,20,10,100,0.3000,2026,9999245335,9999239334,215
docs/inst_test/instancias/n_1000_5,1000,20,10,200,0.1000,2026,9999251619,9999242724,164
docs/inst_test/instancias/n_1000_5,1000,20,10,200,0.1000,123,9996907622,9996899019,199
docs/inst_test/instancias/n_1000_5,1000,20,10,200,0.2000,123,9997687010,9997678758,174
docs/inst_test/instancias/n_1000_5,1000,20,10,200,0.2000,42,9999251619,9999242724,181
docs/inst_test/instancias/n_1000_5,1000,20,10,200,0.2000,2026,9999251723,9999242588,192
docs/inst_test/instancias/n_1000_5,1000,20,10,200,0.3000,42,9999251530,9999242508,204
docs/inst_test/instancias/n_1000_5,1000,20,10,200,0.3000,2026,9999245335,9999239334,173
docs/inst_test/instancias/n_1000_5,1000,20,10,200,0.3000,123,9996122058,9996115441,182
docs/inst_test/instancias/n_1000_5,1000,20,15,50,0.1000,42,9999251614,9999242439,184
docs/inst_test/instancias/n_1000_5,1000,20,15,50,0.1000,123,9999251790,9999242930,184
docs/inst_test/instancias/n_1000_5,1000,20,15,50,0.2000,42,9999251619,9999242724,185
docs/inst_test/instancias/n_1000_5,1000,20,15,50,0.1000,2026,9999251638,9999242702,218
docs/inst_test/instancias/n_1000_5,1000,20,15,50,0.2000,123,9999245304,9999239283,186
docs/inst_test/instancias/n_1000_5,1000,20,15,50,0.2000,2026,9999251733,9999242669,168
docs/inst_test/instancias/n_1000_5,1000,20,15,50,0.3000,123,9996122079,9996115351,154
docs/inst_test/instancias/n_1000_5,1000,20,15,50,0.3000,2026,9999245335,9999239334,177
docs/inst_test/instancias/n_1000_5,1000,20,15,100,0.1000,42,9999251614,9999242439,195
docs/inst_test/instancias/n_1000_5,1000,20,15,50,0.3000,42,9999251530,9999242508,231
docs/inst_test/instancias/n_1000_5,1000,20,15,100,0.1000,123,9996907622,9996899019,180
docs/inst_test/instancias/n_1000_5,1000,20,15,100,0.1000,2026,9999251619,9999242724,166
docs/inst_test/instancias/n_1000_5,1000,20,15,100,0.2000,123,9998466245,9998459419,166
docs/inst_test/instancias/n_1000_5,1000,20,15,100,0.2000,42,9999251619,9999242724,190
docs/inst_test/instancias/n_1000_5,1000,20,15,100,0.2000,2026,9999251723,9999242588,195
docs/inst_test/instancias/n_1000_5,1000,20,15,100,0.3000,42,9999251530,9999242508,184
docs/inst_test/instancias/n_1000_5,1000,20,15,100,0.3000,2026,9999245335,9999239334,169
docs/inst_test/instancias/n_1000_5,1000,20,15,200,0.1000,42,9996907656,9996898605,187
docs/inst_test/instancias/n_1000_5,1000,20,15,100,0.3000,123,9996122058,9996115441,209
docs/inst_test/instancias/n_1000_5,1000,20,15,200,0.1000,123,9996907622,9996899019,182
docs/inst_test/instancias/n_1000_5,1000,20,15,200,0.1000,2026,9999251619,9999242724,172
docs/inst_test/instancias/n_1000_5,1000,20,15,200,0.2000,42,9999251619,9999242724,181
docs/inst_test/instancias/n_1000_5,1000,20,15,200,0.2000,123,9997687010,9997678758,190
docs/inst_test/instancias/n_1000_5,1000,20,15,200,0.2000,2026,9999251723,9999242588,184
docs/inst_test/instancias/n_1000_5,1000,20,15,200,0.3000,2026,9999245335,9999239334,168
docs/inst_test/instancias/n_1000_5,1000,20,15,200,0.3000,42,9999251530,9999242508,205
docs/inst_test/instancias/n_1000_5,1000,20,15,200,0.3000,123,9996122058,9996115441,174
docs/inst_test/instancias/n_1000_5,3000,10,7,50,0.1000,42,9999251670,9999242490,558
docs/inst_test/instancias/n_1000_5,3000,10,7,50,0.1000,2026,9999251709,9999242878,557
docs/inst_test/instancias/n_1000_5,3000,10,7,50,0.1000,123,9999251790,9999242930,574
docs/inst_test/instancias/n_1000_5,3000,10,7,50,0.2000,42,9999251619,9999242724,545
docs/inst_test/instancias/n_1000_5,3000,10,7,50,0.2000,123,9999245348,9999239464,526
docs/inst_test/instancias/n_1000_5,3000,10,7,50,0.3000,123,9999245329,9999239062,531
docs/inst_test/instancias/n_1000_5,3000,10,7,50,0.2000,2026,9999251733,9999242669,559
docs/inst_test/instancias/n_1000_5,3000,10,7,50,0.3000,42,9999251530,9999242508,703
docs/inst_test/instancias/n_1000_5,3000,10,7,50,0.3000,2026,9999245350,9999238993,468
docs/inst_test/instancias/n_1000_5,3000,10,7,100,0.1000,123,9999251790,9999242930,525
docs/inst_test/instancias/n_1000_5,3000,10,7,100,0.1000,42,9999251670,9999242490,562
docs/inst_test/instancias/n_1000_5,3000,10,7,100,0.2000,42,9999251619,9999242724,522
docs/inst_test/instancias/n_1000_5,3000,10,7,100,0.2000,123,9999245304,9999239283,515
docs/inst_test/instancias/n_1000_5,3000,10,7,100,0.1000,2026,9999251638,9999242702,581
docs/inst_test/instancias/n_1000_5,3000,10,7,100,0.2000,2026,9999251733,9999242669,567
docs/inst_test/instancias/n_1000_5,3000,10,7,100,0.3000,42,9999251530,9999242508,537
docs/inst_test/instancias/n_1000_5,3000,10,7,100,0.3000,123,9999245167,9999239325,529
docs/inst_test/instancias/n_1000_5,3000,10,7,100,0.3000,2026,9999245335,9999239334,478
docs/inst_test/instancias/n_1000_5,3000,10,7,200,0.1000,42,9999251614,9999242439,533
docs/inst_test/instancias/n_1000_5,3000,10,7,200,0.1000,123,9999251790,9999242930,557
docs/inst_test/instancias/n_1000_5,3000,10,7,200,0.2000,42,9999251619,9999242724,549
docs/inst_test/instancias/n_1000_5,3000,10,7,200,0.1000,2026,9999251619,9999242724,573
docs/inst_test/instancias/n_1000_5,3000,10,7,200,0.2000,123,9999245304,9999239283,549
docs/inst_test/instancias/n_1000_5,3000,10,7,200,0.2000,2026,9999251723,9999242588,527
docs/inst_test/instancias/n_1000_5,3000,10,7,200,0.3000,42,9999251530,9999242508,513
docs/inst_test/instancias/n_1000_5,3000,10,7,200,0.3000,123,9996122058,9996115441,505
docs/inst_test/instancias/n_1000_5,3000,10,7,200,0.3000,2026,9999245335,9999239334,508
docs/inst_test/instancias/n_1000_5,3000,10,10,50,0.1000,2026,9999251709,9999242878,512
docs/inst_test/instancias/n_1000_5,3000,10,10,50,0.1000,42,9999251670,9999242490,566
docs/inst_test/instancias/n_1000_5,3000,10,10,50,0.1000,123,9999251790,9999242930,616
docs/inst_test/instancias/n_1000_5,3000,10,10,50,0.2000,42,9999251619,9999242724,559
docs/inst_test/instancias/n_1000_5,3000,10,10,50,0.2000,123,9999245348,9999239464,548
docs/inst_test/instancias/n_1000_5,3000,10,10,50,0.2000,2026,9999251733,9999242669,496
docs/inst_test/instancias/n_1000_5,3000,10,10,50,0.3000,42,9999251530,9999242508,604
docs/inst_test/instancias/n_1000_5,3000,10,10,50,0.3000,2026,9999245350,9999238993,442
docs/inst_test/instancias/n_1000_5,3000,10,10,50,0.3000,123,9999245329,9999239062,571
docs/inst_test/instancias/n_1000_5,3000,10,10,100,0.1000,42,9999251670,9999242490,585
docs/inst_test/instancias/n_1000_5,3000,10,10,100,0.1000,123,9999251790,9999242930,542
docs/inst_test/instancias/n_1000_5,3000,10,10,100,0.1000,2026,9999251638,9999242702,618
docs/inst_test/instancias/n_1000_5,3000,10,10,100,0.2000,42,9999251619,9999242724,561
docs/inst_test/instancias/n_1000_5,3000,10,10,100,0.2000,123,9999245304,9999239283,681
docs/inst_test/instancias/n_1000_5,3000,10,10,100,0.3000,123,9999245167,9999239325,512
docs/inst_test/instancias/n_1000_5,3000,10,10,100,0.2000,2026,9999251733,9999242669,575
docs/inst_test/instancias/n_1000_5,3000,10,10,100,0.3000,42,9999251530,9999242508,595
docs/inst_test/instancias/n_1000_5,3000,10,10,100,0.3000,2026,9999245335,9999239334,492
docs/inst_test/instancias/n_1000_5,3000,10,10,200,0.1000,42,9999251614,9999242439,532
docs/inst_test/instancias/n_1000_5,3000,10,10,200,0.1000,123,9999251790,9999242930,602
docs/inst_test/instancias/n_1000_5,3000,10,10,200,0.1000,2026,9999251619,9999242724,641
docs/inst_test/instancias/n_1000_5,3000,10,10,200,0.2000,42,9999251619,9999242724,521
docs/inst_test/instancias/n_1000_5,3000,10,10,200,0.2000,123,9999245304,9999239283,540
docs/inst_test/instancias/n_1000_5,3000,10,10,200,0.2000,2026,9999251723,9999242588,541
docs/inst_test/instancias/n_1000_5,3000,10,10,200,0.3000,123,9996122058,9996115441,475
docs/inst_test/instancias/n_1000_5,3000,10,10,200,0.3000,42,9999251530,9999242508,517
docs/inst_test/instancias/n_1000_5,3000,10,10,200,0.3000,2026,9999245335,9999239334,480
docs/inst_test/instancias/n_1000_5,3000,10,15,50,0.1000,42,9999251670,9999242490,592
docs/inst_test/instancias/n_1000_5,3000,10,15,50,0.1000,123,9999251790,9999242930,629
docs/inst_test/instancias/n_1000_5,3000,10,15,50,0.1000,2026,9999251709,9999242878,551
docs/inst_test/instancias/n_1000_5,3000,10,15,50,0.3000,42,9999251530,9999242508,526
docs/inst_test/instancias/n_1000_5,3000,10,15,50,0.2000,42,9999251619,9999242724,548
docs/inst_test/instancias/n_1000_5,3000,10,15,50,0.2000,2026,9999251733,9999242669,535
docs/inst_test/instancias/n_1000_5,3000,10,15,50,0.2000,123,9999245348,9999239464,554
docs/inst_test/instancias/n_1000_5,3000,10,15,50,0.3000,123,9999245329,9999239062,490
docs/inst_test/instancias/n_1000_5,3000,10,15,50,0.3000,2026,9999245350,9999238993,517
docs/inst_test/instancias/n_1000_5,3000,10,15,100,0.1000,123,9999251790,9999242930,557
docs/inst_test/instancias/n_1000_5,3000,10,15,100,0.1000,42,9999251670,9999242490,580
docs/inst_test/instancias/n_1000_5,3000,10,15,100,0.2000,123,9999245304,9999239283,519
docs/inst_test/instancias/n_1000_5,3000,10,15,100,0.1000,2026,9999251638,9999242702,553
docs/inst_test/instancias/n_1000_5,3000,10,15,100,0.3000,42,9999251530,9999242508,510
docs/inst_test/instancias/n_1000_5,3000,10,15,100,0.2000,2026,9999251733,9999242669,568
docs/inst_test/instancias/n_1000_5,3000,10,15,100,0.2000,42,9999251619,9999242724,608
docs/inst_test/instancias/n_1000_5,3000,10,15,100,0.3000,123,9999245167,9999239325,538
docs/inst_test/instancias/n_1000_5,3000,10,15,100,0.3000,2026,9999245335,9999239334,473
docs/inst_test/instancias/n_1000_5,3000,10,15,200,0.1000,42,9999251614,9999242439,552
docs/inst_test/instancias/n_1000_5,3000,10,15,200,0.1000,123,9999251790,9999242930,556
docs/inst_test/instancias/n_1000_5,3000,10,15,200,0.1000,2026,9999251619,9999242724,553
docs/inst_test/instancias/n_1000_5,3000,10,15,200,0.2000,123,9999245304,9999239283,535
docs/inst_test/instancias/n_1000_5,3000,10,15,200,0.2000,42,9999251619,9999242724,580
docs/inst_test/instancias/n_1000_5,3000,10,15,200,0.2000,2026,9999251723,9999242588,549
docs/inst_test/instancias/n_1000_5,3000,10,15,200,0.3000,42,9999251530,9999242508,526
docs/inst_test/instancias/n_1000_5,3000,10,15,200,0.3000,123,9996122058,9996115441,565
docs/inst_test/instancias/n_1000_5,3000,10,15,200,0.3000,2026,9999245335,9999239334,508
docs/inst_test/instancias/n_1000_5,3000,15,7,50,0.1000,42,9999251670,9999242490,556
docs/inst_test/instancias/n_1000_5,3000,15,7,50,0.1000,123,9999251790,9999242930,539
docs/inst_test/instancias/n_1000_5,3000,15,7,50,0.1000,2026,9999251709,9999242878,549
docs/inst_test/instancias/n_1000_5,3000,15,7,50,0.2000,123,9999245348,9999239464,549
docs/inst_test/instancias/n_1000_5,3000,15,7,50,0.2000,42,9999251619,9999242724,559
docs/inst_test/instancias/n_1000_5,3000,15,7,50,0.2000,2026,9999251733,9999242669,583
docs/inst_test/instancias/n_1000_5,3000,15,7,50,0.3000,123,9999245329,9999239062,502
docs/inst_test/instancias/n_1000_5,3000,15,7,50,0.3000,2026,9999245350,9999238993,471
docs/inst_test/instancias/n_1000_5,3000,15,7,100,0.1000,123,9999251790,9999242930,480
docs/inst_test/instancias/n_1000_5,3000,15,7,50,0.3000,42,9999251530,9999242508,633
docs/inst_test/instancias/n_1000_5,3000,15,7,100,0.1000,42,9999251670,9999242490,575
docs/inst_test/instancias/n_1000_5,3000,15,7,100,0.1000,2026,9999251638,9999242702,526
docs/inst_test/instancias/n_1000_5,3000,15,7,100,0.2000,42,9999251619,9999242724,539
docs/inst_test/instancias/n_1000_5,3000,15,7,100,0.2000,123,9999245304,9999239283,549
docs/inst_test/instancias/n_1000_5,3000,15,7,100,0.2000,2026,9999251733,9999242669,546
docs/inst_test/instancias/n_1000_5,3000,15,7,100,0.3000,42,9999251530,9999242508,535
docs/inst_test/instancias/n_1000_5,3000,15,7,100,0.3000,123,9999245167,9999239325,523
docs/inst_test/instancias/n_1000_5,3000,15,7,100,0.3000,2026,9999245335,9999239334,515
docs/inst_test/instancias/n_1000_5,3000,15,7,200,0.1000,42,9999251614,9999242439,580
docs/inst_test/instancias/n_1000_5,3000,15,7,200,0.1000,123,9999251790,9999242930,579
docs/inst_test/instancias/n_1000_5,3000,15,7,200,0.1000,2026,9999251619,9999242724,602
docs/inst_test/instancias/n_1000_5,3000,15,7,200,0.2000,123,9999245304,9999239283,429
docs/inst_test/instancias/n_1000_5,3000,15,7,200,0.2000,42,9999251619,9999242724,522
docs/inst_test/instancias/n_1000_5,3000,15,7,200,0.3000,42,9999251530,9999242508,539
docs/inst_test/instancias/n_1000_5,3000,15,7,200,0.3000,123,9996122058,9996115441,538
docs/inst_test/instancias/n_1000_5,3000,15,7,200,0.2000,2026,9999251723,9999242588,608
docs/inst_test/instancias/n_1000_5,3000,15,7,200,0.3000,2026,9999245335,9999239334,530
docs/inst_test/instancias/n_1000_5,3000,15,10,50,0.1000,42,9999251670,9999242490,559
docs/inst_test/instancias/n_1000_5,3000,15,10,50,0.1000,123,9999251790,9999242930,538
docs/inst_test/instancias/n_1000_5,3000,15,10,50,0.1000,2026,9999251709,9999242878,615
docs/inst_test/instancias/n_1000_5,3000,15,10,50,0.2000,42,9999251619,9999242724,659
docs/inst_test/instancias/n_1000_5,3000,15,10,50,0.2000,123,9999245348,9999239464,589
docs/inst_test/instancias/n_1000_5,3000,15,10,50,0.2000,2026,9999251733,9999242669,615
docs/inst_test/instancias/n_1000_5,3000,15,10,50,0.3000,123,9999245329,9999239062,555
docs/inst_test/instancias/n_1000_5,3000,15,10,50,0.3000,42,9999251530,9999242508,635
docs/inst_test/instancias/n_1000_5,3000,15,10,50,0.3000,2026,9999245350,9999238993,545
docs/inst_test/instancias/n_1000_5,3000,15,10,100,0.1000,42,9999251670,9999242490,669
docs/inst_test/instancias/n_1000_5,3000,15,10,100,0.1000,123,9999251790,9999242930,528
docs/inst_test/instancias/n_1000_5,3000,15,10,100,0.2000,42,9999251619,9999242724,545
docs/inst_test/instancias/n_1000_5,3000,15,10,100,0.2000,123,9999245304,9999239283,509
docs/inst_test/instancias/n_1000_5,3000,15,10,100,0.1000,2026,9999251638,9999242702,670
docs/inst_test/instancias/n_1000_5,3000,15,10,100,0.3000,42,9999251530,9999242508,528
docs/inst_test/instancias/n_1000_5,3000,15,10,100,0.3000,123,9999245167,9999239325,509
docs/inst_test/instancias/n_1000_5,3000,15,10,100,0.2000,2026,9999251733,9999242669,550
docs/inst_test/instancias/n_1000_5,3000,15,10,100,0.3000,2026,9999245335,9999239334,481
docs/inst_test/instancias/n_1000_5,3000,15,10,200,0.1000,42,9999251614,9999242439,514
docs/inst_test/instancias/n_1000_5,3000,15,10,200,0.2000,123,9999245304,9999239283,512
docs/inst_test/instancias/n_1000_5,3000,15,10,200,0.1000,2026,9999251619,9999242724,577
docs/inst_test/instancias/n_1000_5,3000,15,10,200,0.1000,123,9999251790,9999242930,609
docs/inst_test/instancias/n_1000_5,3000,15,10,200,0.2000,42,9999251619,9999242724,572
docs/inst_test/instancias/n_1000_5,3000,15,10,200,0.2000,2026,9999251723,9999242588,583
docs/inst_test/instancias/n_1000_5,3000,15,10,200,0.3000,42,9999251530,9999242508,693
docs/inst_test/instancias/n_1000_5,3000,15,10,200,0.3000,123,9996122058,9996115441,648
docs/inst_test/instancias/n_1000_5,3000,15,10,200,0.3000,2026,9999245335,9999239334,492
docs/inst_test/instancias/n_1000_5,3000,15,15,50,0.1000,42,9999251670,9999242490,508
docs/inst_test/instancias/n_1000_5,3000,15,15,50,0.1000,2026,9999251709,9999242878,513
docs/inst_test/instancias/n_1000_5,3000,15,15,50,0.1000,123,9999251790,9999242930,597
docs/inst_test/instancias/n_1000_5,3000,15,15,50,0.2000,123,9999245348,9999239464,517
docs/inst_test/instancias/n_1000_5,3000,15,15,50,0.2000,42,9999251619,9999242724,665
docs/inst_test/instancias/n_1000_5,3000,15,15,50,0.2000,2026,9999251733,9999242669,546
docs/inst_test/instancias/n_1000_5,3000,15,15,50,0.3000,42,9999251530,9999242508,497
docs/inst_test/instancias/n_1000_5,3000,15,15,50,0.3000,123,9999245329,9999239062,495
docs/inst_test/instancias/n_1000_5,3000,15,15,100,0.1000,42,9999251670,9999242490,531
docs/inst_test/instancias/n_1000_5,3000,15,15,50,0.3000,2026,9999245350,9999238993,644
docs/inst_test/instancias/n_1000_5,3000,15,15,100,0.1000,2026,9999251638,9999242702,553
docs/inst_test/instancias/n_1000_5,3000,15,15,100,0.1000,123,9999251790,9999242930,580
docs/inst_test/instancias/n_1000_5,3000,15,15,100,0.2000,42,9999251619,9999242724,514
docs/inst_test/instancias/n_1000_5,3000,15,15,100,0.2000,2026,9999251733,9999242669,519
docs/inst_test/instancias/n_1000_5,3000,15,15,100,0.2000,123,9999245304,9999239283,538
docs/inst_test/instancias/n_1000_5,3000,15,15,100,0.3000,42,9999251530,9999242508,533
docs/inst_test/instancias/n_1000_5,3000,15,15,100,0.3000,123,9999245167,9999239325,495
docs/inst_test/instancias/n_1000_5,3000,15,15,100,0.3000,2026,9999245335,9999239334,483
docs/inst_test/instancias/n_1000_5,3000,15,15,200,0.1000,123,9999251790,9999242930,555
docs/inst_test/instancias/n_1000_5,3000,15,15,200,0.1000,42,9999251614,9999242439,601
docs/inst_test/instancias/n_1000_5,3000,15,15,200,0.1000,2026,9999251619,9999242724,583
docs/inst_test/instancias/n_1000_5,3000,15,15,200,0.2000,123,9999245304,9999239283,526
docs/inst_test/instancias/n_1000_5,3000,15,15,200,0.2000,42,9999251619,9999242724,543
docs/inst_test/instancias/n_1000_5,3000,15,15,200,0.2000,2026,9999251723,9999242588,559
docs/inst_test/instancias/n_1000_5,3000,15,15,200,0.3000,42,9999251530,9999242508,543
docs/inst_test/instancias/n_1000_5,3000,15,15,200,0.3000,123,9996122058,9996115441,504
docs/inst_test/instancias/n_1000_5,3000,15,15,200,0.3000,2026,9999245335,9999239334,559
docs/inst_test/instancias/n_1000_5,3000,20,7,50,0.1000,42,9999251670,9999242490,613
docs/inst_test/instancias/n_1000_5,3000,20,7,50,0.1000,2026,9999251709,9999242878,609
docs/inst_test/instancias/n_1000_5,3000,20,7,50,0.2000,42,9999251619,9999242724,609
docs/inst_test/instancias/n_1000_5,3000,20,7,50,0.1000,123,9999251790,9999242930,630
docs/inst_test/instancias/n_1000_5,3000,20,7,50,0.2000,123,9999245348,9999239464,661
docs/inst_test/instancias/n_1000_5,3000,20,7,50,0.2000,2026,9999251733,9999242669,604
docs/inst_test/instancias/n_1000_5,3000,20,7,50,0.3000,42,9999251530,9999242508,602
docs/inst_test/instancias/n_1000_5,3000,20,7,50,0.3000,123,9999245329,9999239062,511
docs/inst_test/instancias/n_1000_5,3000,20,7,50,0.3000,2026,9999245350,9999238993,624
docs/inst_test/instancias/n_1000_5,3000,20,7,100,0.1000,123,9999251790,9999242930,628
docs/inst_test/instancias/n_1000_5,3000,20,7,100,0.1000,42,9999251670,9999242490,640
docs/inst_test/instancias/n_1000_5,3000,20,7,100,0.1000,2026,9999251638,9999242702,681
docs/inst_test/instancias/n_1000_5,3000,20,7,100,0.2000,42,9999251619,9999242724,610
docs/inst_test/instancias/n_1000_5,3000,20,7,100,0.2000,123,9999245304,9999239283,547
docs/inst_test/instancias/n_1000_5,3000,20,7,100,0.2000,2026,9999251733,9999242669,595
docs/inst_test/instancias/n_1000_5,3000,20,7,100,0.3000,42,9999251530,9999242508,554
docs/inst_test/instancias/n_1000_5,3000,20,7,100,0.3000,2026,9999245335,9999239334,476
docs/inst_test/instancias/n_1000_5,3000,20,7,200,0.1000,42,9999251614,9999242439,540
docs/inst_test/instancias/n_1000_5,3000,20,7,100,0.3000,123,9999245167,9999239325,627
docs/inst_test/instancias/n_1000_5,3000,20,7,200,0.1000,123,9999251790,9999242930,544
docs/inst_test/instancias/n_1000_5,3000,20,7,200,0.1000,2026,9999251619,9999242724,544
docs/inst_test/instancias/n_1000_5,3000,20,7,200,0.2000,42,9999251619,9999242724,604
docs/inst_test/instancias/n_1000_5,3000,20,7,200,0.2000,123,9999245304,9999239283,533
docs/inst_test/instancias/n_1000_5,3000,20,7,200,0.2000,2026,9999251723,9999242588,561
docs/inst_test/instancias/n_1000_5,3000,20,7,200,0.3000,42,9999251530,9999242508,477
docs/inst_test/instancias/n_1000_5,3000,20,7,200,0.3000,123,9996122058,9996115441,578
docs/inst_test/instancias/n_1000_5,3000,20,7,200,0.3000,2026,9999245335,9999239334,668
docs/inst_test/instancias/n_1000_5,3000,20,10,50,0.1000,123,9999251790,9999242930,615
docs/inst_test/instancias/n_1000_5,3000,20,10,50,0.1000,42,9999251670,9999242490,633
docs/inst_test/instancias/n_1000_5,3000,20,10,50,0.1000,2026,9999251709,9999242878,559
docs/inst_test/instancias/n_1000_5,3000,20,10,50,0.2000,42,9999251619,9999242724,583
docs/inst_test/instancias/n_1000_5,3000,20,10,50,0.2000,123,9999245348,9999239464,545
docs/inst_test/instancias/n_1000_5,3000,20,10,50,0.2000,2026,9999251733,9999242669,546
docs/inst_test/instancias/n_1000_5,3000,20,10,50,0.3000,42,9999251530,9999242508,537
docs/inst_test/instancias/n_1000_5,3000,20,10,50,0.3000,2026,9999245350,9999238993,480
docs/inst_test/instancias/n_1000_5,3000,20,10,50,0.3000,123,9999245329,9999239062,558
docs/inst_test/instancias/n_1000_5,3000,20,10,100,0.1000,42,9999251670,9999242490,595
docs/inst_test/instancias/n_1000_5,3000,20,10,100,0.1000,123,9999251790,9999242930,568
docs/inst_test/instancias/n_1000_5,3000,20,10,100,0.1000,2026,9999251638,9999242702,555
docs/inst_test/instancias/n_1000_5,3000,20,10,100,0.2000,42,9999251619,9999242724,570
docs/inst_test/instancias/n_1000_5,3000,20,10,100,0.2000,123,9999245304,9999239283,503
docs/inst_test/instancias/n_1000_5,3000,20,10,100,0.2000,2026,9999251733,9999242669,571
docs/inst_test/instancias/n_1000_5,3000,20,10,100,0.3000,42,9999251530,9999242508,548
docs/inst_test/instancias/n_1000_5,3000,20,10,100,0.3000,123,9999245167,9999239325,517
docs/inst_test/instancias/n_1000_5,3000,20,10,100,0.3000,2026,9999245335,9999239334,491
docs/inst_test/instancias/n_1000_5,3000,20,10,200,0.1000,42,9999251614,9999242439,526
docs/inst_test/instancias/n_1000_5,3000,20,10,200,0.2000,42,9999251619,9999242724,496
docs/inst_test/instancias/n_1000_5,3000,20,10,200,0.1000,123,9999251790,9999242930,554
docs/inst_test/instancias/n_1000_5,3000,20,10,200,0.1000,2026,9999251619,9999242724,557
docs/inst_test/instancias/n_1000_5,3000,20,10,200,0.2000,123,9999245304,9999239283,493
docs/inst_test/instancias/n_1000_5,3000,20,10,200,0.2000,2026,9999251723,9999242588,528
docs/inst_test/instancias/n_1000_5,3000,20,10,200,0.3000,123,9996122058,9996115441,555
docs/inst_test/instancias/n_1000_5,3000,20,10,200,0.3000,42,9999251530,9999242508,575
docs/inst_test/instancias/n_1000_5,3000,20,10,200,0.3000,2026,9999245335,9999239334,481
docs/inst_test/instancias/n_1000_5,3000,20,15,50,0.1000,42,9999251670,9999242490,576
docs/inst_test/instancias/n_1000_5,3000,20,15,50,0.1000,123,9999251790,9999242930,582
docs/inst_test/instancias/n_1000_5,3000,20,15,50,0.1000,2026,9999251709,9999242878,619
docs/inst_test/instancias/n_1000_5,3000,20,15,50,0.2000,123,9999245348,9999239464,476
docs/inst_test/instancias/n_1000_5,3000,20,15,50,0.2000,42,9999251619,9999242724,570
docs/inst_test/instancias/n_1000_5,3000,20,15,50,0.3000,42,9999251530,9999242508,531
docs/inst_test/instancias/n_1000_5,3000,20,15,50,0.2000,2026,9999251733,9999242669,577
docs/inst_test/instancias/n_1000_5,3000,20,15,50,0.3000,123,9999245329,9999239062,522
docs/inst_test/instancias/n_1000_5,3000,20,15,50,0.3000,2026,9999245350,9999238993,516
docs/inst_test/instancias/n_1000_5,3000,20,15,100,0.1000,42,9999251670,9999242490,590
docs/inst_test/instancias/n_1000_5,3000,20,15,100,0.1000,123,9999251790,9999242930,570
docs/inst_test/instancias/n_1000_5,3000,20,15,100,0.1000,2026,9999251638,9999242702,495
docs/inst_test/instancias/n_1000_5,3000,20,15,100,0.2000,123,9999245304,9999239283,504
docs/inst_test/instancias/n_1000_5,3000,20,15,100,0.2000,42,9999251619,9999242724,686
docs/inst_test/instancias/n_1000_5,3000,20,15,100,0.2000,2026,9999251733,9999242669,539
docs/inst_test/instancias/n_1000_5,3000,20,15,100,0.3000,42,9999251530,9999242508,531
docs/inst_test/instancias/n_1000_5,3000,20,15,100,0.3000,123,9999245167,9999239325,494
docs/inst_test/instancias/n_1000_5,3000,20,15,100,0.3000,2026,9999245335,9999239334,492
docs/inst_test/instancias/n_1000_5,3000,20,15,200,0.1000,42,9999251614,9999242439,559
docs/inst_test/instancias/n_1000_5,3000,20,15,200,0.1000,123,9999251790,9999242930,560
docs/inst_test/instancias/n_1000_5,3000,20,15,200,0.1000,2026,9999251619,9999242724,535
docs/inst_test/instancias/n_1000_5,3000,20,15,200,0.2000,2026,9999251723,9999242588,510
docs/inst_test/instancias/n_1000_5,3000,20,15,200,0.2000,42,9999251619,9999242724,526
docs/inst_test/instancias/n_1000_5,3000,20,15,200,0.2000,123,9999245304,9999239283,517
docs/inst_test/instancias/n_1000_5,3000,20,15,200,0.3000,42,9999251530,9999242508,533
docs/inst_test/instancias/n_1000_5,3000,20,15,200,0.3000,123,9996122058,9996115441,511
docs/inst_test/instancias/n_1000_5,3000,20,15,200,0.3000,2026,9999245335,9999239334,506
docs/inst_test/instancias/n_1000_5,5000,10,7,50,0.1000,42,9999251786,9999243119,979
docs/inst_test/instancias/n_1000_5,5000,10,7,50,0.1000,123,9999251796,9999243221,884
docs/inst_test/instancias/n_1000_5,5000,10,7,50,0.2000,123,9999245348,9999239464,911
docs/inst_test/instancias/n_1000_5,5000,10,7,50,0.1000,2026,9999251777,9999242762,957
docs/inst_test/instancias/n_1000_5,5000,10,7,50,0.2000,42,9999251666,9999243117,970
docs/inst_test/instancias/n_1000_5,5000,10,7,50,0.2000,2026,9999251733,9999242669,920
docs/inst_test/instancias/n_1000_5,5000,10,7,50,0.3000,42,9999251530,9999242508,940
docs/inst_test/instancias/n_1000_5,5000,10,7,50,0.3000,123,9999245364,9999238912,913
docs/inst_test/instancias/n_1000_5,5000,10,7,50,0.3000,2026,9999245350,9999238993,876
docs/inst_test/instancias/n_1000_5,5000,10,7,100,0.1000,42,9999251670,9999242490,919
docs/inst_test/instancias/n_1000_5,5000,10,7,100,0.1000,2026,9999251638,9999242702,914
docs/inst_test/instancias/n_1000_5,5000,10,7,100,0.1000,123,9999251790,9999242930,995
docs/inst_test/instancias/n_1000_5,5000,10,7,100,0.2000,123,9999245319,9999239307,898
docs/inst_test/instancias/n_1000_5,5000,10,7,100,0.2000,2026,9999251733,9999242669,867
docs/inst_test/instancias/n_1000_5,5000,10,7,100,0.2000,42,9999251619,9999242724,1075
docs/inst_test/instancias/n_1000_5,5000,10,7,100,0.3000,42,9999251530,9999242508,932
docs/inst_test/instancias/n_1000_5,5000,10,7,100,0.3000,123,9999245167,9999239325,831
docs/inst_test/instancias/n_1000_5,5000,10,7,100,0.3000,2026,9999245335,9999239334,845
docs/inst_test/instancias/n_1000_5,5000,10,7,200,0.1000,2026,9999251638,9999242702,854
docs/inst_test/instancias/n_1000_5,5000,10,7,200,0.1000,42,9999251670,9999242490,941
docs/inst_test/instancias/n_1000_5,5000,10,7,200,0.1000,123,9999251790,9999242930,963
docs/inst_test/instancias/n_1000_5,5000,10,7,200,0.2000,123,9999245304,9999239283,876
docs/inst_test/instancias/n_1000_5,5000,10,7,200,0.2000,42,9999251619,9999242724,972
docs/inst_test/instancias/n_1000_5,5000,10,7,200,0.2000,2026,9999251733,9999242669,933
docs/inst_test/instancias/n_1000_5,5000,10,7,200,0.3000,42,9999251530,9999242508,916
docs/inst_test/instancias/n_1000_5,5000,10,7,200,0.3000,123,9999245167,9999239325,846
docs/inst_test/instancias/n_1000_5,5000,10,7,200,0.3000,2026,9999245335,9999239334,877
docs/inst_test/instancias/n_1000_5,5000,10,10,50,0.1000,42,9999251786,9999243119,937
docs/inst_test/instancias/n_1000_5,5000,10,10,50,0.1000,2026,9999251777,9999242762,890
docs/inst_test/instancias/n_1000_5,5000,10,10,50,0.2000,123,9999245348,9999239464,801
docs/inst_test/instancias/n_1000_5,5000,10,10,50,0.1000,123,9999251796,9999243221,1005
docs/inst_test/instancias/n_1000_5,5000,10,10,50,0.2000,42,9999251666,9999243117,965
docs/inst_test/instancias/n_1000_5,5000,10,10,50,0.2000,2026,9999251733,9999242669,904
docs/inst_test/instancias/n_1000_5,5000,10,10,50,0.3000,42,9999251530,9999242508,913
docs/inst_test/instancias/n_1000_5,5000,10,10,50,0.3000,123,9999245364,9999238912,868
docs/inst_test/instancias/n_1000_5,5000,10,10,50,0.3000,2026,9999245350,9999238993,793
docs/inst_test/instancias/n_1000_5,5000,10,10,100,0.1000,42,9999251670,9999242490,923
docs/inst_test/instancias/n_1000_5,5000,10,10,100,0.1000,2026,9999251638,9999242702,872
docs/inst_test/instancias/n_1000_5,5000,10,10,100,0.1000,123,9999251790,9999242930,1070
docs/inst_test/instancias/n_1000_5,5000,10,10,100,0.2000,42,9999251619,9999242724,1040
docs/inst_test/instancias/n_1000_5,5000,10,10,100,0.2000,123,9999245319,9999239307,902
docs/inst_test/instancias/n_1000_5,5000,10,10,100,0.2000,2026,9999251733,9999242669,1003
docs/inst_test/instancias/n_1000_5,5000,10,10,100,0.3000,123,9999245167,9999239325,912
docs/inst_test/instancias/n_1000_5,5000,10,10,100,0.3000,42,9999251530,9999242508,1026
docs/inst_test/instancias/n_1000_5,5000,10,10,200,0.1000,42,9999251670,9999242490,983
docs/inst_test/instancias/n_1000_5,5000,10,10,100,0.3000,2026,9999245335,9999239334,1052
docs/inst_test/instancias/n_1000_5,5000,10,10,200,0.1000,123,9999251790,9999242930,938
docs/inst_test/instancias/n_1000_5,5000,10,10,200,0.1000,2026,9999251638,9999242702,930
docs/inst_test/instancias/n_1000_5,5000,10,10,200,0.2000,42,9999251619,9999242724,890
docs/inst_test/instancias/n_1000_5,5000,10,10,200,0.2000,123,9999245304,9999239283,850
docs/inst_test/instancias/n_1000_5,5000,10,10,200,0.3000,42,9999251530,9999242508,857
docs/inst_test/instancias/n_1000_5,5000,10,10,200,0.2000,2026,9999251733,9999242669,1088
docs/inst_test/instancias/n_1000_5,5000,10,10,200,0.3000,123,9999245167,9999239325,888
docs/inst_test/instancias/n_1000_5,5000,10,10,200,0.3000,2026,9999245335,9999239334,912
docs/inst_test/instancias/n_1000_5,5000,10,15,50,0.1000,123,9999251796,9999243221,973
docs/inst_test/instancias/n_1000_5,5000,10,15,50,0.1000,42,9999251786,9999243119,1026
docs/inst_test/instancias/n_1000_5,5000,10,15,50,0.1000,2026,9999251777,9999242762,986
docs/inst_test/instancias/n_1000_5,5000,10,15,50,0.2000,42,9999251666,9999243117,1002
docs/inst_test/instancias/n_1000_5,5000,10,15,50,0.2000,123,9999245348,9999239464,909
docs/inst_test/instancias/n_1000_5,5000,10,15,50,0.2000,2026,9999251733,9999242669,925
docs/inst_test/instancias/n_1000_5,5000,10,15,50,0.3000,123,9999245364,9999238912,834
docs/inst_test/instancias/n_1000_5,5000,10,15,50,0.3000,42,9999251530,9999242508,952
docs/inst_test/instancias/n_1000_5,5000,10,15,50,0.3000,2026,9999245350,9999238993,957
docs/inst_test/instancias/n_1000_5,5000,10,15,100,0.1000,42,9999251670,9999242490,932
docs/inst_test/instancias/n_1000_5,5000,10,15,100,0.1000,123,9999251790,9999242930,965
docs/inst_test/instancias/n_1000_5,5000,10,15,100,0.1000,2026,9999251638,9999242702,921
docs/inst_test/instancias/n_1000_5,5000,10,15,100,0.2000,42,9999251619,9999242724,980
docs/inst_test/instancias/n_1000_5,5000,10,15,100,0.2000,123,9999245319,9999239307,843
docs/inst_test/instancias/n_1000_5,5000,10,15,100,0.2000,2026,9999251733,9999242669,854
docs/inst_test/instancias/n_1000_5,5000,10,15,100,0.3000,42,9999251530,9999242508,861
docs/inst_test/instancias/n_1000_5,5000,10,15,100,0.3000,2026,9999245335,9999239334,794
docs/inst_test/instancias/n_1000_5,5000,10,15,100,0.3000,123,9999245167,9999239325,869
docs/inst_test/instancias/n_1000_5,5000,10,15,200,0.1000,42,9999251670,9999242490,974
docs/inst_test/instancias/n_1000_5,5000,10,15,200,0.1000,123,9999251790,9999242930,989
docs/inst_test/instancias/n_1000_5,5000,10,15,200,0.1000,2026,9999251638,9999242702,917
docs/inst_test/instancias/n_1000_5,5000,10,15,200,0.2000,123,9999245304,9999239283,864
docs/inst_test/instancias/n_1000_5,5000,10,15,200,0.2000,42,9999251619,9999242724,993
docs/inst_test/instancias/n_1000_5,5000,10,15,200,0.2000,2026,9999251733,9999242669,889
docs/inst_test/instancias/n_1000_5,5000,10,15,200,0.3000,42,9999251530,9999242508,847
docs/inst_test/instancias/n_1000_5,5000,10,15,200,0.3000,123,9999245167,9999239325,855
docs/inst_test/instancias/n_1000_5,5000,10,15,200,0.3000,2026,9999245335,9999239334,909
docs/inst_test/instancias/n_1000_5,5000,15,7,50,0.1000,42,9999251786,9999243119,919
docs/inst_test/instancias/n_1000_5,5000,15,7,50,0.1000,123,9999251796,9999243221,867
docs/inst_test/instancias/n_1000_5,5000,15,7,50,0.1000,2026,9999251777,9999242762,916
docs/inst_test/instancias/n_1000_5,5000,15,7,50,0.2000,42,9999251666,9999243117,898
docs/inst_test/instancias/n_1000_5,5000,15,7,50,0.2000,123,9999245348,9999239464,880
docs/inst_test/instancias/n_1000_5,5000,15,7,50,0.3000,42,9999251530,9999242508,904
docs/inst_test/instancias/n_1000_5,5000,15,7,50,0.2000,2026,9999251733,9999242669,1024
docs/inst_test/instancias/n_1000_5,5000,15,7,50,0.3000,123,9999245364,9999238912,869
docs/inst_test/instancias/n_1000_5,5000,15,7,50,0.3000,2026,9999245350,9999238993,786
docs/inst_test/instancias/n_1000_5,5000,15,7,100,0.1000,42,9999251670,9999242490,915
docs/inst_test/instancias/n_1000_5,5000,15,7,100,0.1000,123,9999251790,9999242930,879
docs/inst_test/instancias/n_1000_5,5000,15,7,100,0.1000,2026,9999251638,9999242702,927
docs/inst_test/instancias/n_1000_5,5000,15,7,100,0.2000,42,9999251619,9999242724,931
docs/inst_test/instancias/n_1000_5,5000,15,7,100,0.2000,123,9999245319,9999239307,925
docs/inst_test/instancias/n_1000_5,5000,15,7,100,0.2000,2026,9999251733,9999242669,963
docs/inst_test/instancias/n_1000_5,5000,15,7,100,0.3000,123,9999245167,9999239325,887
docs/inst_test/instancias/n_1000_5,5000,15,7,100,0.3000,42,9999251530,9999242508,971
docs/inst_test/instancias/n_1000_5,5000,15,7,100,0.3000,2026,9999245335,9999239334,817
docs/inst_test/instancias/n_1000_5,5000,15,7,200,0.1000,123,9999251790,9999242930,914
docs/inst_test/instancias/n_1000_5,5000,15,7,200,0.1000,42,9999251670,9999242490,1017
docs/inst_test/instancias/n_1000_5,5000,15,7,200,0.1000,2026,9999251638,9999242702,993
docs/inst_test/instancias/n_1000_5,5000,15,7,200,0.2000,42,9999251619,9999242724,884
docs/inst_test/instancias/n_1000_5,5000,15,7,200,0.2000,123,9999245304,9999239283,827
docs/inst_test/instancias/n_1000_5,5000,15,7,200,0.3000,123,9999245167,9999239325,838
docs/inst_test/instancias/n_1000_5,5000,15,7,200,0.2000,2026,9999251733,9999242669,966
docs/inst_test/instancias/n_1000_5,5000,15,7,200,0.3000,42,9999251530,9999242508,926
docs/inst_test/instancias/n_1000_5,5000,15,10,50,0.1000,42,9999251786,9999243119,924
docs/inst_test/instancias/n_1000_5,5000,15,10,50,0.1000,123,9999251796,9999243221,890
docs/inst_test/instancias/n_1000_5,5000,15,7,200,0.3000,2026,9999245335,9999239334,979
docs/inst_test/instancias/n_1000_5,5000,15,10,50,0.1000,2026,9999251777,9999242762,874
docs/inst_test/instancias/n_1000_5,5000,15,10,50,0.2000,42,9999251666,9999243117,887
docs/inst_test/instancias/n_1000_5,5000,15,10,50,0.2000,123,9999245348,9999239464,948
docs/inst_test/instancias/n_1000_5,5000,15,10,50,0.3000,42,9999251530,9999242508,918
docs/inst_test/instancias/n_1000_5,5000,15,10,50,0.2000,2026,9999251733,9999242669,1023
docs/inst_test/instancias/n_1000_5,5000,15,10,50,0.3000,123,9999245364,9999238912,786
docs/inst_test/instancias/n_1000_5,5000,15,10,50,0.3000,2026,9999245350,9999238993,823
docs/inst_test/instancias/n_1000_5,5000,15,10,100,0.1000,42,9999251670,9999242490,1014
docs/inst_test/instancias/n_1000_5,5000,15,10,100,0.1000,123,9999251790,9999242930,931
docs/inst_test/instancias/n_1000_5,5000,15,10,100,0.1000,2026,9999251638,9999242702,897
docs/inst_test/instancias/n_1000_5,5000,15,10,100,0.2000,123,9999245319,9999239307,837
docs/inst_test/instancias/n_1000_5,5000,15,10,100,0.2000,42,9999251619,9999242724,927
docs/inst_test/instancias/n_1000_5,5000,15,10,100,0.2000,2026,9999251733,9999242669,949
docs/inst_test/instancias/n_1000_5,5000,15,10,100,0.3000,123,9999245167,9999239325,826
docs/inst_test/instancias/n_1000_5,5000,15,10,100,0.3000,42,9999251530,9999242508,905
docs/inst_test/instancias/n_1000_5,5000,15,10,100,0.3000,2026,9999245335,9999239334,874
docs/inst_test/instancias/n_1000_5,5000,15,10,200,0.1000,42,9999251670,9999242490,860
docs/inst_test/instancias/n_1000_5,5000,15,10,200,0.1000,123,9999251790,9999242930,921
docs/inst_test/instancias/n_1000_5,5000,15,10,200,0.2000,42,9999251619,9999242724,876
docs/inst_test/instancias/n_1000_5,5000,15,10,200,0.1000,2026,9999251638,9999242702,954
docs/inst_test/instancias/n_1000_5,5000,15,10,200,0.2000,123,9999245304,9999239283,867
docs/inst_test/instancias/n_1000_5,5000,15,10,200,0.2000,2026,9999251733,9999242669,898
docs/inst_test/instancias/n_1000_5,5000,15,10,200,0.3000,42,9999251530,9999242508,922
docs/inst_test/instancias/n_1000_5,5000,15,10,200,0.3000,123,9999245167,9999239325,802
docs/inst_test/instancias/n_1000_5,5000,15,10,200,0.3000,2026,9999245335,9999239334,846
docs/inst_test/instancias/n_1000_5,5000,15,15,50,0.1000,42,9999251786,9999243119,1083
docs/inst_test/instancias/n_1000_5,5000,15,15,50,0.1000,2026,9999251777,9999242762,936
docs/inst_test/instancias/n_1000_5,5000,15,15,50,0.1000,123,9999251796,9999243221,955
docs/inst_test/instancias/n_1000_5,5000,15,15,50,0.2000,123,9999245348,9999239464,861
docs/inst_test/instancias/n_1000_5,5000,15,15,50,0.2000,42,9999251666,9999243117,959
docs/inst_test/instancias/n_1000_5,5000,15,15,50,0.2000,2026,9999251733,9999242669,883
docs/inst_test/instancias/n_1000_5,5000,15,15,50,0.3000,42,9999251530,9999242508,883
docs/inst_test/instancias/n_1000_5,5000,15,15,50,0.3000,123,9999245364,9999238912,874
docs/inst_test/instancias/n_1000_5,5000,15,15,50,0.3000,2026,9999245350,9999238993,864
docs/inst_test/instancias/n_1000_5,5000,15,15,100,0.1000,123,9999251790,9999242930,883
docs/inst_test/instancias/n_1000_5,5000,15,15,100,0.1000,42,9999251670,9999242490,945
docs/inst_test/instancias/n_1000_5,5000,15,15,100,0.2000,123,9999245319,9999239307,837
docs/inst_test/instancias/n_1000_5,5000,15,15,100,0.1000,2026,9999251638,9999242702,970
docs/inst_test/instancias/n_1000_5,5000,15,15,100,0.2000,42,9999251619,9999242724,938
docs/inst_test/instancias/n_1000_5,5000,15,15,100,0.3000,42,9999251530,9999242508,947
docs/inst_test/instancias/n_1000_5,5000,15,15,100,0.2000,2026,9999251733,9999242669,1026
docs/inst_test/instancias/n_1000_5,5000,15,15,100,0.3000,123,9999245167,9999239325,838
docs/inst_test/instancias/n_1000_5,5000,15,15,100,0.3000,2026,9999245335,9999239334,905
docs/inst_test/instancias/n_1000_5,5000,15,15,200,0.1000,42,9999251670,9999242490,898
docs/inst_test/instancias/n_1000_5,5000,15,15,200,0.1000,123,9999251790,9999242930,918
docs/inst_test/instancias/n_1000_5,5000,15,15,200,0.2000,42,9999251619,9999242724,830
docs/inst_test/instancias/n_1000_5,5000,15,15,200,0.2000,123,9999245304,9999239283,841
docs/inst_test/instancias/n_1000_5,5000,15,15,200,0.1000,2026,9999251638,9999242702,1080
docs/inst_test/instancias/n_1000_5,5000,15,15,200,0.2000,2026,9999251733,9999242669,905
docs/inst_test/instancias/n_1000_5,5000,15,15,200,0.3000,42,9999251530,9999242508,912
docs/inst_test/instancias/n_1000_5,5000,15,15,200,0.3000,123,9999245167,9999239325,844
docs/inst_test/instancias/n_1000_5,5000,15,15,200,0.3000,2026,9999245335,9999239334,798
docs/inst_test/instancias/n_1000_5,5000,20,7,50,0.1000,42,9999251786,9999243119,974
docs/inst_test/instancias/n_1000_5,5000,20,7,50,0.1000,123,9999251796,9999243221,970
docs/inst_test/instancias/n_1000_5,5000,20,7,50,0.1000,2026,9999251777,9999242762,841
docs/inst_test/instancias/n_1000_5,5000,20,7,50,0.2000,123,9999245348,9999239464,866
docs/inst_test/instancias/n_1000_5,5000,20,7,50,0.2000,42,9999251666,9999243117,958
docs/inst_test/instancias/n_1000_5,5000,20,7,50,0.2000,2026,9999251733,9999242669,883
docs/inst_test/instancias/n_1000_5,5000,20,7,50,0.3000,123,9999245364,9999238912,826
docs/inst_test/instancias/n_1000_5,5000,20,7,50,0.3000,42,9999251530,9999242508,889
docs/inst_test/instancias/n_1000_5,5000,20,7,100,0.1000,42,9999251670,9999242490,806
docs/inst_test/instancias/n_1000_5,5000,20,7,50,0.3000,2026,9999245350,9999238993,841
docs/inst_test/instancias/n_1000_5,5000,20,7,100,0.1000,123,9999251790,9999242930,950
docs/inst_test/instancias/n_1000_5,5000,20,7,100,0.2000,42,9999251619,9999242724,878
docs/inst_test/instancias/n_1000_5,5000,20,7,100,0.1000,2026,9999251638,9999242702,924
docs/inst_test/instancias/n_1000_5,5000,20,7,100,0.2000,123,9999245319,9999239307,910
docs/inst_test/instancias/n_1000_5,5000,20,7,100,0.2000,2026,9999251733,9999242669,948
docs/inst_test/instancias/n_1000_5,5000,20,7,100,0.3000,42,9999251530,9999242508,899
docs/inst_test/instancias/n_1000_5,5000,20,7,100,0.3000,123,9999245167,9999239325,862
docs/inst_test/instancias/n_1000_5,5000,20,7,100,0.3000,2026,9999245335,9999239334,875
docs/inst_test/instancias/n_1000_5,5000,20,7,200,0.1000,123,9999251790,9999242930,884
docs/inst_test/instancias/n_1000_5,5000,20,7,200,0.1000,42,9999251670,9999242490,981
docs/inst_test/instancias/n_1000_5,5000,20,7,200,0.1000,2026,9999251638,9999242702,953
docs/inst_test/instancias/n_1000_5,5000,20,7,200,0.2000,42,9999251619,9999242724,913
docs/inst_test/instancias/n_1000_5,5000,20,7,200,0.2000,123,9999245304,9999239283,879
docs/inst_test/instancias/n_1000_5,5000,20,7,200,0.2000,2026,9999251733,9999242669,879
docs/inst_test/instancias/n_1000_5,5000,20,7,200,0.3000,123,9999245167,9999239325,842
docs/inst_test/instancias/n_1000_5,5000,20,7,200,0.3000,42,9999251530,9999242508,979
docs/inst_test/instancias/n_1000_5,5000,20,7,200,0.3000,2026,9999245335,9999239334,990
docs/inst_test/instancias/n_1000_5,5000,20,10,50,0.1000,42,9999251786,9999243119,1081
docs/inst_test/instancias/n_1000_5,5000,20,10,50,0.1000,123,9999251796,9999243221,1118
docs/inst_test/instancias/n_1000_5,5000,20,10,50,0.1000,2026,9999251777,9999242762,1105
docs/inst_test/instancias/n_1000_5,5000,20,10,50,0.2000,123,9999245348,9999239464,995
docs/inst_test/instancias/n_1000_5,5000,20,10,50,0.2000,2026,9999251733,9999242669,1045
docs/inst_test/instancias/n_1000_5,5000,20,10,50,0.2000,42,9999251666,9999243117,1206
docs/inst_test/instancias/n_1000_5,5000,20,10,50,0.3000,42,9999251530,9999242508,1048
docs/inst_test/instancias/n_1000_5,5000,20,10,50,0.3000,123,9999245364,9999238912,815
docs/inst_test/instancias/n_1000_5,5000,20,10,50,0.3000,2026,9999245350,9999238993,915
docs/inst_test/instancias/n_1000_5,5000,20,10,100,0.1000,42,9999251670,9999242490,865
docs/inst_test/instancias/n_1000_5,5000,20,10,100,0.1000,123,9999251790,9999242930,858
docs/inst_test/instancias/n_1000_5,5000,20,10,100,0.1000,2026,9999251638,9999242702,924
docs/inst_test/instancias/n_1000_5,5000,20,10,100,0.2000,123,9999245319,9999239307,840
docs/inst_test/instancias/n_1000_5,5000,20,10,100,0.2000,42,9999251619,9999242724,896
docs/inst_test/instancias/n_1000_5,5000,20,10,100,0.3000,42,9999251530,9999242508,889
docs/inst_test/instancias/n_1000_5,5000,20,10,100,0.2000,2026,9999251733,9999242669,979
docs/inst_test/instancias/n_1000_5,5000,20,10,100,0.3000,2026,9999245335,9999239334,723
docs/inst_test/instancias/n_1000_5,5000,20,10,100,0.3000,123,9999245167,9999239325,840
docs/inst_test/instancias/n_1000_5,5000,20,10,200,0.1000,42,9999251670,9999242490,887
docs/inst_test/instancias/n_1000_5,5000,20,10,200,0.1000,123,9999251790,9999242930,951
docs/inst_test/instancias/n_1000_5,5000,20,10,200,0.1000,2026,9999251638,9999242702,929
docs/inst_test/instancias/n_1000_5,5000,20,10,200,0.2000,42,9999251619,9999242724,937
docs/inst_test/instancias/n_1000_5,5000,20,10,200,0.2000,123,9999245304,9999239283,820
docs/inst_test/instancias/n_1000_5,5000,20,10,200,0.2000,2026,9999251733,9999242669,884
docs/inst_test/instancias/n_1000_5,5000,20,10,200,0.3000,123,9999245167,9999239325,840
docs/inst_test/instancias/n_1000_5,5000,20,10,200,0.3000,42,9999251530,9999242508,923
docs/inst_test/instancias/n_1000_5,5000,20,10,200,0.3000,2026,9999245335,9999239334,833
docs/inst_test/instancias/n_1000_5,5000,20,15,50,0.1000,42,9999251786,9999243119,932
docs/inst_test/instancias/n_1000_5,5000,20,15,50,0.1000,123,9999251796,9999243221,932
docs/inst_test/instancias/n_1000_5,5000,20,15,50,0.1000,2026,9999251777,9999242762,948
docs/inst_test/instancias/n_1000_5,5000,20,15,50,0.2000,42,9999251666,9999243117,923
docs/inst_test/instancias/n_1000_5,5000,20,15,50,0.2000,123,9999245348,9999239464,865
docs/inst_test/instancias/n_1000_5,5000,20,15,50,0.3000,42,9999251530,9999242508,894
docs/inst_test/instancias/n_1000_5,5000,20,15,50,0.2000,2026,9999251733,9999242669,911
docs/inst_test/instancias/n_1000_5,5000,20,15,50,0.3000,123,9999245364,9999238912,881
docs/inst_test/instancias/n_1000_5,5000,20,15,50,0.3000,2026,9999245350,9999238993,828
docs/inst_test/instancias/n_1000_5,5000,20,15,100,0.2000,42,9999251619,9999242724,893
docs/inst_test/instancias/n_1000_5,5000,20,15,100,0.1000,42,9999251670,9999242490,990
docs/inst_test/instancias/n_1000_5,5000,20,15,100,0.1000,2026,9999251638,9999242702,925
docs/inst_test/instancias/n_1000_5,5000,20,15,100,0.2000,123,9999245319,9999239307,817
docs/inst_test/instancias/n_1000_5,5000,20,15,100,0.2000,2026,9999251733,9999242669,936
docs/inst_test/instancias/n_1000_5,5000,20,15,100,0.1000,123,9999251790,9999242930,1177
docs/inst_test/instancias/n_1000_5,5000,20,15,100,0.3000,42,9999251530,9999242508,935
docs/inst_test/instancias/n_1000_5,5000,20,15,100,0.3000,123,9999245167,9999239325,820
docs/inst_test/instancias/n_1000_5,5000,20,15,100,0.3000,2026,9999245335,9999239334,788
docs/inst_test/instancias/n_1000_5,5000,20,15,200,0.1000,42,9999251670,9999242490,915
docs/inst_test/instancias/n_1000_5,5000,20,15,200,0.1000,2026,9999251638,9999242702,888
docs/inst_test/instancias/n_1000_5,5000,20,15,200,0.1000,123,9999251790,9999242930,969
docs/inst_test/instancias/n_1000_5,5000,20,15,200,0.2000,123,9999245304,9999239283,832
docs/inst_test/instancias/n_1000_6,1000,10,7,50,0.1000,42,9996100338,9996100114,128
docs/inst_test/instancias/n_1000_5,5000,20,15,200,0.2000,42,9999251619,9999242724,904
docs/inst_test/instancias/n_1000_6,1000,10,7,50,0.1000,123,9996100338,9996100114,143
docs/inst_test/instancias/n_1000_6,1000,10,7,50,0.1000,2026,9996100338,9996100114,125
docs/inst_test/instancias/n_1000_6,1000,10,7,50,0.2000,42,9996100341,9996100155,124
docs/inst_test/instancias/n_1000_6,1000,10,7,50,0.2000,123,9996100338,9996100114,123
docs/inst_test/instancias/n_1000_5,5000,20,15,200,0.2000,2026,9999251733,9999242669,901
docs/inst_test/instancias/n_1000_6,1000,10,7,50,0.2000,2026,9996100340,9996100107,149
docs/inst_test/instancias/n_1000_6,1000,10,7,50,0.3000,42,9996100342,9996100137,125
docs/inst_test/instancias/n_1000_6,1000,10,7,50,0.3000,123,9996100338,9996100114,134
docs/inst_test/instancias/n_1000_6,1000,10,7,50,0.3000,2026,9996100344,9996100131,145
docs/inst_test/instancias/n_1000_6,1000,10,7,100,0.1000,42,9996100338,9996100114,133
docs/inst_test/instancias/n_1000_6,1000,10,7,100,0.1000,123,9996100338,9996100114,131
docs/inst_test/instancias/n_1000_6,1000,10,7,100,0.1000,2026,9996100338,9996100114,121
docs/inst_test/instancias/n_1000_6,1000,10,7,100,0.2000,42,9996100341,9996100155,110
docs/inst_test/instancias/n_1000_6,1000,10,7,100,0.2000,123,9996100338,9996100114,117
docs/inst_test/instancias/n_1000_6,1000,10,7,100,0.2000,2026,9996100338,9996100114,128
docs/inst_test/instancias/n_1000_5,5000,20,15,200,0.3000,42,9999251530,9999242508,955
docs/inst_test/instancias/n_1000_6,1000,10,7,100,0.3000,2026,9996100338,9996100114,102
docs/inst_test/instancias/n_1000_6,1000,10,7,100,0.3000,123,9996100338,9996100114,118
docs/inst_test/instancias/n_1000_6,1000,10,7,100,0.3000,42,9996100342,9996100137,153
docs/inst_test/instancias/n_1000_5,5000,20,15,200,0.3000,123,9999245167,9999239325,810
docs/inst_test/instancias/n_1000_6,1000,10,7,200,0.1000,42,9996100338,9996100114,133
docs/inst_test/instancias/n_1000_6,1000,10,7,200,0.1000,123,9996100338,9996100114,122
docs/inst_test/instancias/n_1000_6,1000,10,7,200,0.1000,2026,9996100338,9996100114,122
docs/inst_test/instancias/n_1000_6,1000,10,7,200,0.2000,123,9996100338,9996100114,106
docs/inst_test/instancias/n_1000_6,1000,10,7,200,0.2000,42,9996100338,9996100114,111
docs/inst_test/instancias/n_1000_6,1000,10,7,200,0.2000,2026,9996100338,9996100114,149
docs/inst_test/instancias/n_1000_6,1000,10,7,200,0.3000,42,9996100338,9996100114,125
docs/inst_test/instancias/n_1000_6,1000,10,7,200,0.3000,123,9996100338,9996100114,132
docs/inst_test/instancias/n_1000_6,1000,10,7,200,0.3000,2026,9996100338,9996100114,127
docs/inst_test/instancias/n_1000_5,5000,20,15,200,0.3000,2026,9999245335,9999239334,837
docs/inst_test/instancias/n_1000_6,1000,10,10,50,0.1000,2026,9996100338,9996100114,109
docs/inst_test/instancias/n_1000_6,1000,10,10,50,0.1000,42,9996100338,9996100114,129
docs/inst_test/instancias/n_1000_6,1000,10,10,50,0.1000,123,9996100338,9996100114,145
docs/inst_test/instancias/n_1000_6,1000,10,10,50,0.2000,123,9996100338,9996100114,142
docs/inst_test/instancias/n_1000_6,1000,10,10,50,0.2000,42,9996100341,9996100155,145
docs/inst_test/instancias/n_1000_6,1000,10,10,50,0.3000,42,9996100342,9996100137,97
docs/inst_test/instancias/n_1000_6,1000,10,10,50,0.2000,2026,9996100340,9996100107,130
docs/inst_test/instancias/n_1000_6,1000,10,10,50,0.3000,2026,9996100344,9996100131,112
docs/inst_test/instancias/n_1000_6,1000,10,10,100,0.1000,42,9996100338,9996100114,117
docs/inst_test/instancias/n_1000_6,1000,10,10,50,0.3000,123,9996100338,9996100114,153
docs/inst_test/instancias/n_1000_6,1000,10,10,100,0.1000,123,9996100338,9996100114,127
docs/inst_test/instancias/n_1000_6,1000,10,10,100,0.1000,2026,9996100338,9996100114,112
docs/inst_test/instancias/n_1000_6,1000,10,10,100,0.2000,42,9996100341,9996100155,123
docs/inst_test/instancias/n_1000_6,1000,10,10,100,0.2000,123,9996100338,9996100114,135
docs/inst_test/instancias/n_1000_6,1000,10,10,100,0.2000,2026,9996100338,9996100114,149
docs/inst_test/instancias/n_1000_6,1000,10,10,100,0.3000,123,9996100338,9996100114,127
docs/inst_test/instancias/n_1000_6,1000,10,10,100,0.3000,2026,9996100338,9996100114,117
docs/inst_test/instancias/n_1000_6,1000,10,10,100,0.3000,42,9996100342,9996100137,149
docs/inst_test/instancias/n_1000_6,1000,10,10,200,0.1000,42,9996100338,9996100114,111
docs/inst_test/instancias/n_1000_6,1000,10,10,200,0.2000,42,9996100338,9996100114,98
docs/inst_test/instancias/n_1000_6,1000,10,10,200,0.1000,2026,9996100338,9996100114,127
docs/inst_test/instancias/n_1000_6,1000,10,10,200,0.1000,123,9996100338,9996100114,155
docs/inst_test/instancias/n_1000_6,1000,10,10,200,0.2000,2026,9996100338,9996100114,116
docs/inst_test/instancias/n_1000_6,1000,10,10,200,0.3000,123,9996100338,9996100114,112
docs/inst_test/instancias/n_1000_6,1000,10,10,200,0.3000,2026,9996100338,9996100114,105
docs/inst_test/instancias/n_1000_6,1000,10,10,200,0.2000,123,9996100338,9996100114,133
docs/inst_test/instancias/n_1000_6,1000,10,10,200,0.3000,42,9996100338,9996100114,129
docs/inst_test/instancias/n_1000_6,1000,10,15,50,0.1000,42,9996100338,9996100114,110
docs/inst_test/instancias/n_1000_6,1000,10,15,50,0.1000,123,9996100338,9996100114,139
docs/inst_test/instancias/n_1000_6,1000,10,15,50,0.2000,42,9996100341,9996100155,146
docs/inst_test/instancias/n_1000_6,1000,10,15,50,0.2000,123,9996100338,9996100114,144
docs/inst_test/instancias/n_1000_6,1000,10,15,50,0.3000,42,9996100342,9996100137,147
docs/inst_test/instancias/n_1000_6,1000,10,15,50,0.2000,2026,9996100340,9996100107,159
docs/inst_test/instancias/n_1000_6,1000,10,15,50,0.3000,123,9996100338,9996100114,157
docs/inst_test/instancias/n_1000_6,1000,10,15,50,0.3000,2026,9996100344,9996100131,260
docs/inst_test/instancias/n_1000_6,1000,10,15,50,0.1000,2026,9996100338,9996100114,369
docs/inst_test/instancias/n_1000_6,1000,10,15,100,0.1000,42,9996100338,9996100114,292
docs/inst_test/instancias/n_1000_6,1000,10,15,100,0.1000,123,9996100338,9996100114,280
docs/inst_test/instancias/n_1000_6,1000,10,15,100,0.2000,123,9996100338,9996100114,271
docs/inst_test/instancias/n_1000_6,1000,10,15,100,0.2000,42,9996100341,9996100155,280
docs/inst_test/instancias/n_1000_6,1000,10,15,100,0.1000,2026,9996100338,9996100114,302
docs/inst_test/instancias/n_1000_6,1000,10,15,100,0.2000,2026,9996100338,9996100114,283
docs/inst_test/instancias/n_1000_6,1000,10,15,100,0.3000,42,9996100342,9996100137,190
docs/inst_test/instancias/n_1000_6,1000,10,15,100,0.3000,2026,9996100338,9996100114,121
docs/inst_test/instancias/n_1000_6,1000,10,15,100,0.3000,123,9996100338,9996100114,183
docs/inst_test/instancias/n_1000_6,1000,10,15,200,0.1000,42,9996100338,9996100114,132
docs/inst_test/instancias/n_1000_6,1000,10,15,200,0.1000,2026,9996100338,9996100114,135
docs/inst_test/instancias/n_1000_6,1000,10,15,200,0.2000,123,9996100338,9996100114,116
docs/inst_test/instancias/n_1000_6,1000,10,15,200,0.1000,123,9996100338,9996100114,142
docs/inst_test/instancias/n_1000_6,1000,10,15,200,0.2000,42,9996100338,9996100114,137
docs/inst_test/instancias/n_1000_6,1000,10,15,200,0.3000,42,9996100338,9996100114,120
docs/inst_test/instancias/n_1000_6,1000,10,15,200,0.2000,2026,9996100338,9996100114,139
docs/inst_test/instancias/n_1000_6,1000,10,15,200,0.3000,123,9996100338,9996100114,130
docs/inst_test/instancias/n_1000_6,1000,10,15,200,0.3000,2026,9996100338,9996100114,125
docs/inst_test/instancias/n_1000_6,1000,15,7,50,0.1000,123,9996100338,9996100114,119
docs/inst_test/instancias/n_1000_6,1000,15,7,50,0.1000,42,9996100338,9996100114,131
docs/inst_test/instancias/n_1000_6,1000,15,7,50,0.2000,42,9996100341,9996100155,130
docs/inst_test/instancias/n_1000_6,1000,15,7,50,0.1000,2026,9996100338,9996100114,141
docs/inst_test/instancias/n_1000_6,1000,15,7,50,0.2000,123,9996100338,9996100114,110
docs/inst_test/instancias/n_1000_6,1000,15,7,50,0.2000,2026,9996100340,9996100107,136
docs/inst_test/instancias/n_1000_6,1000,15,7,50,0.3000,42,9996100342,9996100137,140
docs/inst_test/instancias/n_1000_6,1000,15,7,50,0.3000,123,9996100338,9996100114,136
docs/inst_test/instancias/n_1000_6,1000,15,7,50,0.3000,2026,9996100344,9996100131,128
docs/inst_test/instancias/n_1000_6,1000,15,7,100,0.1000,42,9996100338,9996100114,132
docs/inst_test/instancias/n_1000_6,1000,15,7,100,0.1000,123,9996100338,9996100114,124
docs/inst_test/instancias/n_1000_6,1000,15,7,100,0.2000,42,9996100341,9996100155,107
docs/inst_test/instancias/n_1000_6,1000,15,7,100,0.1000,2026,9996100338,9996100114,135
docs/inst_test/instancias/n_1000_6,1000,15,7,100,0.2000,123,9996100338,9996100114,128
docs/inst_test/instancias/n_1000_6,1000,15,7,100,0.2000,2026,9996100338,9996100114,130
docs/inst_test/instancias/n_1000_6,1000,15,7,100,0.3000,42,9996100342,9996100137,116
docs/inst_test/instancias/n_1000_6,1000,15,7,100,0.3000,123,9996100338,9996100114,112
docs/inst_test/instancias/n_1000_6,1000,15,7,200,0.1000,42,9996100338,9996100114,116
docs/inst_test/instancias/n_1000_6,1000,15,7,200,0.1000,123,9996100338,9996100114,121
docs/inst_test/instancias/n_1000_6,1000,15,7,100,0.3000,2026,9996100338,9996100114,148
docs/inst_test/instancias/n_1000_6,1000,15,7,200,0.1000,2026,9996100338,9996100114,148
docs/inst_test/instancias/n_1000_6,1000,15,7,200,0.2000,42,9996100338,9996100114,121
docs/inst_test/instancias/n_1000_6,1000,15,7,200,0.2000,2026,9996100338,9996100114,112
docs/inst_test/instancias/n_1000_6,1000,15,7,200,0.3000,42,9996100338,9996100114,112
docs/inst_test/instancias/n_1000_6,1000,15,7,200,0.2000,123,9996100338,9996100114,122
docs/inst_test/instancias/n_1000_6,1000,15,7,200,0.3000,123,9996100338,9996100114,127
docs/inst_test/instancias/n_1000_6,1000,15,7,200,0.3000,2026,9996100338,9996100114,128
docs/inst_test/instancias/n_1000_6,1000,15,10,50,0.1000,42,9996100338,9996100114,118
docs/inst_test/instancias/n_1000_6,1000,15,10,50,0.1000,123,9996100338,9996100114,147
docs/inst_test/instancias/n_1000_6,1000,15,10,50,0.1000,2026,9996100338,9996100114,142
docs/inst_test/instancias/n_1000_6,1000,15,10,50,0.2000,2026,9996100340,9996100107,144
docs/inst_test/instancias/n_1000_6,1000,15,10,50,0.2000,42,9996100341,9996100155,154
docs/inst_test/instancias/n_1000_6,1000,15,10,50,0.2000,123,9996100338,9996100114,159
docs/inst_test/instancias/n_1000_6,1000,15,10,50,0.3000,42,9996100342,9996100137,158
docs/inst_test/instancias/n_1000_6,1000,15,10,50,0.3000,2026,9996100344,9996100131,149
docs/inst_test/instancias/n_1000_6,1000,15,10,50,0.3000,123,9996100338,9996100114,154
docs/inst_test/instancias/n_1000_6,1000,15,10,100,0.1000,123,9996100338,9996100114,122
docs/inst_test/instancias/n_1000_6,1000,15,10,100,0.2000,42,9996100341,9996100155,113
docs/inst_test/instancias/n_1000_6,1000,15,10,100,0.1000,42,9996100338,9996100114,172
docs/inst_test/instancias/n_1000_6,1000,15,10,100,0.2000,123,9996100338,9996100114,123
docs/inst_test/instancias/n_1000_6,1000,15,10,100,0.1000,2026,9996100338,9996100114,137
docs/inst_test/instancias/n_1000_6,1000,15,10,100,0.3000,42,9996100342,9996100137,118
docs/inst_test/instancias/n_1000_6,1000,15,10,100,0.3000,123,9996100338,9996100114,119
docs/inst_test/instancias/n_1000_6,1000,15,10,100,0.2000,2026,9996100338,9996100114,134
docs/inst_test/instancias/n_1000_6,1000,15,10,100,0.3000,2026,9996100338,9996100114,125
docs/inst_test/instancias/n_1000_6,1000,15,10,200,0.1000,42,9996100338,9996100114,118
docs/inst_test/instancias/n_1000_6,1000,15,10,200,0.2000,42,9996100338,9996100114,120
docs/inst_test/instancias/n_1000_6,1000,15,10,200,0.1000,123,9996100338,9996100114,137
docs/inst_test/instancias/n_1000_6,1000,15,10,200,0.1000,2026,9996100338,9996100114,135
docs/inst_test/instancias/n_1000_6,1000,15,10,200,0.3000,42,9996100338,9996100114,105
docs/inst_test/instancias/n_1000_6,1000,15,10,200,0.2000,123,9996100338,9996100114,118
docs/inst_test/instancias/n_1000_6,1000,15,10,200,0.2000,2026,9996100338,9996100114,138
docs/inst_test/instancias/n_1000_6,1000,15,10,200,0.3000,123,9996100338,9996100114,116
docs/inst_test/instancias/n_1000_6,1000,15,10,200,0.3000,2026,9996100338,9996100114,125
docs/inst_test/instancias/n_1000_6,1000,15,15,50,0.1000,42,9996100338,9996100114,124
docs/inst_test/instancias/n_1000_6,1000,15,15,50,0.1000,2026,9996100338,9996100114,121
docs/inst_test/instancias/n_1000_6,1000,15,15,50,0.1000,123,9996100338,9996100114,138
docs/inst_test/instancias/n_1000_6,1000,15,15,50,0.2000,123,9996100338,9996100114,117
docs/inst_test/instancias/n_1000_6,1000,15,15,50,0.2000,42,9996100341,9996100155,123
docs/inst_test/instancias/n_1000_6,1000,15,15,50,0.2000,2026,9996100340,9996100107,142
docs/inst_test/instancias/n_1000_6,1000,15,15,50,0.3000,42,9996100342,9996100137,125
docs/inst_test/instancias/n_1000_6,1000,15,15,50,0.3000,123,9996100338,9996100114,146
docs/inst_test/instancias/n_1000_6,1000,15,15,50,0.3000,2026,9996100344,9996100131,140
docs/inst_test/instancias/n_1000_6,1000,15,15,100,0.1000,123,9996100338,9996100114,127
docs/inst_test/instancias/n_1000_6,1000,15,15,100,0.2000,42,9996100341,9996100155,125
docs/inst_test/instancias/n_1000_6,1000,15,15,100,0.1000,42,9996100338,9996100114,150
docs/inst_test/instancias/n_1000_6,1000,15,15,100,0.1000,2026,9996100338,9996100114,133
docs/inst_test/instancias/n_1000_6,1000,15,15,100,0.2000,123,9996100338,9996100114,125
docs/inst_test/instancias/n_1000_6,1000,15,15,100,0.2000,2026,9996100338,9996100114,124
docs/inst_test/instancias/n_1000_6,1000,15,15,100,0.3000,2026,9996100338,9996100114,235
docs/inst_test/instancias/n_1000_6,1000,15,15,100,0.3000,123,9996100338,9996100114,255
docs/inst_test/instancias/n_1000_6,1000,15,15,200,0.1000,123,9996100338,9996100114,244
docs/inst_test/instancias/n_1000_6,1000,15,15,200,0.1000,42,9996100338,9996100114,249
docs/inst_test/instancias/n_1000_6,1000,15,15,100,0.3000,42,9996100342,9996100137,282
docs/inst_test/instancias/n_1000_6,1000,15,15,200,0.1000,2026,9996100338,9996100114,277
docs/inst_test/instancias/n_1000_6,1000,15,15,200,0.2000,42,9996100338,9996100114,243
docs/inst_test/instancias/n_1000_6,1000,15,15,200,0.2000,123,9996100338,9996100114,267
docs/inst_test/instancias/n_1000_6,1000,15,15,200,0.2000,2026,9996100338,9996100114,114
docs/inst_test/instancias/n_1000_6,1000,15,15,200,0.3000,42,9996100338,9996100114,123
docs/inst_test/instancias/n_1000_6,1000,15,15,200,0.3000,123,9996100338,9996100114,117
docs/inst_test/instancias/n_1000_6,1000,20,7,50,0.1000,42,9996100338,9996100114,124
docs/inst_test/instancias/n_1000_6,1000,15,15,200,0.3000,2026,9996100338,9996100114,145
docs/inst_test/instancias/n_1000_6,1000,20,7,50,0.1000,123,9996100338,9996100114,135
docs/inst_test/instancias/n_1000_6,1000,20,7,50,0.1000,2026,9996100338,9996100114,137
docs/inst_test/instancias/n_1000_6,1000,20,7,50,0.2000,42,9996100341,9996100155,139
docs/inst_test/instancias/n_1000_6,1000,20,7,50,0.3000,42,9996100342,9996100137,95
docs/inst_test/instancias/n_1000_6,1000,20,7,50,0.2000,123,9996100338,9996100114,137
docs/inst_test/instancias/n_1000_6,1000,20,7,50,0.2000,2026,9996100340,9996100107,127
docs/inst_test/instancias/n_1000_6,1000,20,7,50,0.3000,123,9996100338,9996100114,136
docs/inst_test/instancias/n_1000_6,1000,20,7,100,0.1000,42,9996100338,9996100114,110
docs/inst_test/instancias/n_1000_6,1000,20,7,100,0.1000,123,9996100338,9996100114,130
docs/inst_test/instancias/n_1000_6,1000,20,7,100,0.2000,42,9996100341,9996100155,100
docs/inst_test/instancias/n_1000_6,1000,20,7,100,0.1000,2026,9996100338,9996100114,110
docs/inst_test/instancias/n_1000_6,1000,20,7,50,0.3000,2026,9996100344,9996100131,181
docs/inst_test/instancias/n_1000_6,1000,20,7,100,0.2000,123,9996100338,9996100114,97
docs/inst_test/instancias/n_1000_6,1000,20,7,100,0.2000,2026,9996100338,9996100114,107
docs/inst_test/instancias/n_1000_6,1000,20,7,100,0.3000,123,9996100338,9996100114,110
docs/inst_test/instancias/n_1000_6,1000,20,7,200,0.1000,42,9996100338,9996100114,101
docs/inst_test/instancias/n_1000_6,1000,20,7,100,0.3000,2026,9996100338,9996100114,127
docs/inst_test/instancias/n_1000_6,1000,20,7,100,0.3000,42,9996100342,9996100137,186
docs/inst_test/instancias/n_1000_6,1000,20,7,200,0.1000,123,9996100338,9996100114,125
docs/inst_test/instancias/n_1000_6,1000,20,7,200,0.1000,2026,9996100338,9996100114,121
docs/inst_test/instancias/n_1000_6,1000,20,7,200,0.2000,123,9996100338,9996100114,103
docs/inst_test/instancias/n_1000_6,1000,20,7,200,0.2000,42,9996100338,9996100114,141
docs/inst_test/instancias/n_1000_6,1000,20,7,200,0.3000,42,9996100338,9996100114,115
docs/inst_test/instancias/n_1000_6,1000,20,7,200,0.2000,2026,9996100338,9996100114,149
docs/inst_test/instancias/n_1000_6,1000,20,7,200,0.3000,123,9996100338,9996100114,111
docs/inst_test/instancias/n_1000_6,1000,20,10,50,0.1000,2026,9996100338,9996100114,131
docs/inst_test/instancias/n_1000_6,1000,20,10,50,0.1000,42,9996100338,9996100114,150
docs/inst_test/instancias/n_1000_6,1000,20,7,200,0.3000,2026,9996100338,9996100114,164
docs/inst_test/instancias/n_1000_6,1000,20,10,50,0.1000,123,9996100338,9996100114,166
docs/inst_test/instancias/n_1000_6,1000,20,10,50,0.2000,42,9996100341,9996100155,162
docs/inst_test/instancias/n_1000_6,1000,20,10,50,0.2000,123,9996100338,9996100114,125
docs/inst_test/instancias/n_1000_6,1000,20,10,50,0.2000,2026,9996100340,9996100107,140
docs/inst_test/instancias/n_1000_6,1000,20,10,50,0.3000,123,9996100338,9996100114,115
docs/inst_test/instancias/n_1000_6,1000,20,10,50,0.3000,42,9996100342,9996100137,167
docs/inst_test/instancias/n_1000_6,1000,20,10,50,0.3000,2026,9996100344,9996100131,132
docs/inst_test/instancias/n_1000_6,1000,20,10,100,0.1000,42,9996100338,9996100114,131
docs/inst_test/instancias/n_1000_6,1000,20,10,100,0.1000,123,9996100338,9996100114,128
docs/inst_test/instancias/n_1000_6,1000,20,10,100,0.2000,42,9996100341,9996100155,123
docs/inst_test/instancias/n_1000_6,1000,20,10,100,0.1000,2026,9996100338,9996100114,151
docs/inst_test/instancias/n_1000_6,1000,20,10,100,0.2000,123,9996100338,9996100114,110
docs/inst_test/instancias/n_1000_6,1000,20,10,100,0.2000,2026,9996100338,9996100114,112
docs/inst_test/instancias/n_1000_6,1000,20,10,100,0.3000,123,9996100338,9996100114,112
docs/inst_test/instancias/n_1000_6,1000,20,10,100,0.3000,2026,9996100338,9996100114,109
docs/inst_test/instancias/n_1000_6,1000,20,10,200,0.1000,42,9996100338,9996100114,116
docs/inst_test/instancias/n_1000_6,1000,20,10,200,0.1000,123,9996100338,9996100114,93
docs/inst_test/instancias/n_1000_6,1000,20,10,100,0.3000,42,9996100342,9996100137,186
docs/inst_test/instancias/n_1000_6,1000,20,10,200,0.2000,42,9996100338,9996100114,111
docs/inst_test/instancias/n_1000_6,1000,20,10,200,0.2000,123,9996100338,9996100114,117
docs/inst_test/instancias/n_1000_6,1000,20,10,200,0.1000,2026,9996100338,9996100114,157
docs/inst_test/instancias/n_1000_6,1000,20,10,200,0.2000,2026,9996100338,9996100114,126
docs/inst_test/instancias/n_1000_6,1000,20,10,200,0.3000,2026,9996100338,9996100114,107
docs/inst_test/instancias/n_1000_6,1000,20,10,200,0.3000,42,9996100338,9996100114,133
docs/inst_test/instancias/n_1000_6,1000,20,10,200,0.3000,123,9996100338,9996100114,125
docs/inst_test/instancias/n_1000_6,1000,20,15,50,0.1000,123,9996100338,9996100114,122
docs/inst_test/instancias/n_1000_6,1000,20,15,50,0.1000,42,9996100338,9996100114,148
docs/inst_test/instancias/n_1000_6,1000,20,15,50,0.1000,2026,9996100338,9996100114,140
docs/inst_test/instancias/n_1000_6,1000,20,15,50,0.2000,2026,9996100340,9996100107,109
docs/inst_test/instancias/n_1000_6,1000,20,15,50,0.2000,123,9996100338,9996100114,124
docs/inst_test/instancias/n_1000_6,1000,20,15,50,0.3000,42,9996100342,9996100137,114
docs/inst_test/instancias/n_1000_6,1000,20,15,50,0.2000,42,9996100341,9996100155,161
docs/inst_test/instancias/n_1000_6,1000,20,15,50,0.3000,123,9996100338,9996100114,122
docs/inst_test/instancias/n_1000_6,1000,20,15,50,0.3000,2026,9996100344,9996100131,113
docs/inst_test/instancias/n_1000_6,1000,20,15,100,0.1000,42,9996100338,9996100114,136
docs/inst_test/instancias/n_1000_6,1000,20,15,100,0.2000,42,9996100341,9996100155,109
docs/inst_test/instancias/n_1000_6,1000,20,15,100,0.1000,2026,9996100338,9996100114,121
docs/inst_test/instancias/n_1000_6,1000,20,15,100,0.2000,2026,9996100338,9996100114,114
docs/inst_test/instancias/n_1000_6,1000,20,15,100,0.2000,123,9996100338,9996100114,124
docs/inst_test/instancias/n_1000_6,1000,20,15,100,0.1000,123,9996100338,9996100114,153
docs/inst_test/instancias/n_1000_6,1000,20,15,100,0.3000,42,9996100342,9996100137,135
docs/inst_test/instancias/n_1000_6,1000,20,15,100,0.3000,123,9996100338,9996100114,115
docs/inst_test/instancias/n_1000_6,1000,20,15,100,0.3000,2026,9996100338,9996100114,123
docs/inst_test/instancias/n_1000_6,1000,20,15,200,0.1000,42,9996100338,9996100114,114
docs/inst_test/instancias/n_1000_6,1000,20,15,200,0.1000,2026,9996100338,9996100114,110
docs/inst_test/instancias/n_1000_6,1000,20,15,200,0.2000,42,9996100338,9996100114,119
docs/inst_test/instancias/n_1000_6,1000,20,15,200,0.1000,123,9996100338,9996100114,137
docs/inst_test/instancias/n_1000_6,1000,20,15,200,0.2000,123,9996100338,9996100114,121
docs/inst_test/instancias/n_1000_6,1000,20,15,200,0.2000,2026,9996100338,9996100114,123
docs/inst_test/instancias/n_1000_6,1000,20,15,200,0.3000,42,9996100338,9996100114,147
docs/inst_test/instancias/n_1000_6,1000,20,15,200,0.3000,123,9996100338,9996100114,114
docs/inst_test/instancias/n_1000_6,1000,20,15,200,0.3000,2026,9996100338,9996100114,138
docs/inst_test/instancias/n_1000_6,3000,10,7,50,0.1000,123,9996100344,9996100077,355
docs/inst_test/instancias/n_1000_6,3000,10,7,50,0.2000,42,9996100341,9996100155,362
docs/inst_test/instancias/n_1000_6,3000,10,7,50,0.1000,42,9996100340,9996100161,386
docs/inst_test/instancias/n_1000_6,3000,10,7,50,0.1000,2026,9996100340,9996100161,368
docs/inst_test/instancias/n_1000_6,3000,10,7,50,0.2000,2026,9996100340,9996100107,347
docs/inst_test/instancias/n_1000_6,3000,10,7,50,0.3000,42,9996100342,9996100137,347
docs/inst_test/instancias/n_1000_6,3000,10,7,50,0.3000,123,9996100344,9996100077,388
docs/inst_test/instancias/n_1000_6,3000,10,7,50,0.2000,123,9996100344,9996100077,506
docs/inst_test/instancias/n_1000_6,3000,10,7,50,0.3000,2026,9996100344,9996100131,356
docs/inst_test/instancias/n_1000_6,3000,10,7,100,0.1000,42,9996100340,9996100161,346
docs/inst_test/instancias/n_1000_6,3000,10,7,100,0.2000,42,9996100341,9996100155,326
docs/inst_test/instancias/n_1000_6,3000,10,7,100,0.1000,123,9996100344,9996100077,372
docs/inst_test/instancias/n_1000_6,3000,10,7,100,0.2000,123,9996100344,9996100077,338
docs/inst_test/instancias/n_1000_6,3000,10,7,100,0.1000,2026,9996100340,9996100161,442
docs/inst_test/instancias/n_1000_6,3000,10,7,100,0.2000,2026,9996100340,9996100107,344
docs/inst_test/instancias/n_1000_6,3000,10,7,100,0.3000,42,9996100342,9996100137,466
docs/inst_test/instancias/n_1000_6,3000,10,7,100,0.3000,123,9996100344,9996100077,334
docs/inst_test/instancias/n_1000_6,3000,10,7,100,0.3000,2026,9996100344,9996100131,353
docs/inst_test/instancias/n_1000_6,3000,10,7,200,0.1000,42,9996100338,9996100114,339
docs/inst_test/instancias/n_1000_6,3000,10,7,200,0.1000,123,9996100338,9996100114,340
docs/inst_test/instancias/n_1000_6,3000,10,7,200,0.1000,2026,9996100338,9996100114,369
docs/inst_test/instancias/n_1000_6,3000,10,7,200,0.2000,123,9996100338,9996100114,326
docs/inst_test/instancias/n_1000_6,3000,10,7,200,0.2000,42,9996100341,9996100155,486
docs/inst_test/instancias/n_1000_6,3000,10,7,200,0.2000,2026,9996100338,9996100114,321
docs/inst_test/instancias/n_1000_6,3000,10,7,200,0.3000,2026,9996100344,9996100131,334
docs/inst_test/instancias/n_1000_6,3000,10,7,200,0.3000,123,9996100338,9996100114,348
docs/inst_test/instancias/n_1000_6,3000,10,7,200,0.3000,42,9996100342,9996100137,371
docs/inst_test/instancias/n_1000_6,3000,10,10,50,0.1000,123,9996100344,9996100077,350
docs/inst_test/instancias/n_1000_6,3000,10,10,50,0.1000,2026,9996100340,9996100161,321
docs/inst_test/instancias/n_1000_6,3000,10,10,50,0.1000,42,9996100340,9996100161,452
docs/inst_test/instancias/n_1000_6,3000,10,10,50,0.2000,123,9996100344,9996100077,342
docs/inst_test/instancias/n_1000_6,3000,10,10,50,0.2000,42,9996100341,9996100155,409
docs/inst_test/instancias/n_1000_6,3000,10,10,50,0.2000,2026,9996100340,9996100107,364
docs/inst_test/instancias/n_1000_6,3000,10,10,100,0.1000,42,9996100340,9996100161,329
docs/inst_test/instancias/n_1000_6,3000,10,10,50,0.3000,123,9996100344,9996100077,407
docs/inst_test/instancias/n_1000_6,3000,10,10,50,0.3000,2026,9996100344,9996100131,403
docs/inst_test/instancias/n_1000_6,3000,10,10,50,0.3000,42,9996100342,9996100137,483
docs/inst_test/instancias/n_1000_6,3000,10,10,100,0.1000,123,9996100344,9996100077,381
docs/inst_test/instancias/n_1000_6,3000,10,10,100,0.1000,2026,9996100340,9996100161,348
docs/inst_test/instancias/n_1000_6,3000,10,10,100,0.2000,123,9996100344,9996100077,309
docs/inst_test/instancias/n_1000_6,3000,10,10,100,0.2000,42,9996100341,9996100155,402
docs/inst_test/instancias/n_1000_6,3000,10,10,100,0.3000,42,9996100342,9996100137,367
docs/inst_test/instancias/n_1000_6,3000,10,10,100,0.2000,2026,9996100340,9996100107,398
docs/inst_test/instancias/n_1000_6,3000,10,10,100,0.3000,123,9996100344,9996100077,378
docs/inst_test/instancias/n_1000_6,3000,10,10,100,0.3000,2026,9996100344,9996100131,390
docs/inst_test/instancias/n_1000_6,3000,10,10,200,0.1000,42,9996100338,9996100114,400
docs/inst_test/instancias/n_1000_6,3000,10,10,200,0.1000,123,9996100338,9996100114,318
docs/inst_test/instancias/n_1000_6,3000,10,10,200,0.1000,2026,9996100338,9996100114,368
docs/inst_test/instancias/n_1000_6,3000,10,10,200,0.2000,42,9996100341,9996100155,341
docs/inst_test/instancias/n_1000_6,3000,10,10,200,0.2000,123,9996100338,9996100114,329
docs/inst_test/instancias/n_1000_6,3000,10,10,200,0.2000,2026,9996100338,9996100114,395
docs/inst_test/instancias/n_1000_6,3000,10,10,200,0.3000,42,9996100342,9996100137,364
docs/inst_test/instancias/n_1000_6,3000,10,10,200,0.3000,123,9996100338,9996100114,361
docs/inst_test/instancias/n_1000_6,3000,10,15,50,0.1000,42,9996100340,9996100161,374
docs/inst_test/instancias/n_1000_6,3000,10,10,200,0.3000,2026,9996100344,9996100131,405
docs/inst_test/instancias/n_1000_6,3000,10,15,50,0.1000,2026,9996100340,9996100161,362
docs/inst_test/instancias/n_1000_6,3000,10,15,50,0.1000,123,9996100344,9996100077,400
docs/inst_test/instancias/n_1000_6,3000,10,15,50,0.2000,42,9996100341,9996100155,329
docs/inst_test/instancias/n_1000_6,3000,10,15,50,0.2000,2026,9996100340,9996100107,376
docs/inst_test/instancias/n_1000_6,3000,10,15,50,0.2000,123,9996100344,9996100077,413
docs/inst_test/instancias/n_1000_6,3000,10,15,50,0.3000,42,9996100342,9996100137,391
docs/inst_test/instancias/n_1000_6,3000,10,15,50,0.3000,2026,9996100344,9996100131,347
docs/inst_test/instancias/n_1000_6,3000,10,15,50,0.3000,123,9996100344,9996100077,383
docs/inst_test/instancias/n_1000_6,3000,10,15,100,0.1000,42,9996100340,9996100161,342
docs/inst_test/instancias/n_1000_6,3000,10,15,100,0.1000,2026,9996100340,9996100161,352
docs/inst_test/instancias/n_1000_6,3000,10,15,100,0.1000,123,9996100344,9996100077,361
docs/inst_test/instancias/n_1000_6,3000,10,15,100,0.2000,42,9996100341,9996100155,366
docs/inst_test/instancias/n_1000_6,3000,10,15,100,0.2000,123,9996100344,9996100077,352
docs/inst_test/instancias/n_1000_6,3000,10,15,100,0.2000,2026,9996100340,9996100107,364
docs/inst_test/instancias/n_1000_6,3000,10,15,100,0.3000,42,9996100342,9996100137,356
docs/inst_test/instancias/n_1000_6,3000,10,15,100,0.3000,123,9996100344,9996100077,357
docs/inst_test/instancias/n_1000_6,3000,10,15,100,0.3000,2026,9996100344,9996100131,382
docs/inst_test/instancias/n_1000_6,3000,10,15,200,0.1000,42,9996100338,9996100114,363
docs/inst_test/instancias/n_1000_6,3000,10,15,200,0.1000,123,9996100338,9996100114,378
docs/inst_test/instancias/n_1000_6,3000,10,15,200,0.1000,2026,9996100338,9996100114,371
docs/inst_test/instancias/n_1000_6,3000,10,15,200,0.2000,42,9996100341,9996100155,389
docs/inst_test/instancias/n_1000_6,3000,10,15,200,0.2000,123,9996100338,9996100114,366
docs/inst_test/instancias/n_1000_6,3000,10,15,200,0.2000,2026,9996100338,9996100114,357
docs/inst_test/instancias/n_1000_6,3000,10,15,200,0.3000,42,9996100342,9996100137,350
docs/inst_test/instancias/n_1000_6,3000,10,15,200,0.3000,123,9996100338,9996100114,351
docs/inst_test/instancias/n_1000_6,3000,10,15,200,0.3000,2026,9996100344,9996100131,349
docs/inst_test/instancias/n_1000_6,3000,15,7,50,0.1000,42,9996100340,9996100161,385
docs/inst_test/instancias/n_1000_6,3000,15,7,50,0.1000,123,9996100344,9996100077,386
docs/inst_test/instancias/n_1000_6,3000,15,7,50,0.2000,42,9996100341,9996100155,375
docs/inst_test/instancias/n_1000_6,3000,15,7,50,0.1000,2026,9996100340,9996100161,376
docs/inst_test/instancias/n_1000_6,3000,15,7,50,0.2000,123,9996100344,9996100077,389
docs/inst_test/instancias/n_1000_6,3000,15,7,50,0.2000,2026,9996100340,9996100107,380
docs/inst_test/instancias/n_1000_6,3000,15,7,50,0.3000,42,9996100342,9996100137,411
docs/inst_test/instancias/n_1000_6,3000,15,7,50,0.3000,123,9996100344,9996100077,422
docs/inst_test/instancias/n_1000_6,3000,15,7,50,0.3000,2026,9996100344,9996100131,412
docs/inst_test/instancias/n_1000_6,3000,15,7,100,0.1000,123,9996100344,9996100077,347
docs/inst_test/instancias/n_1000_6,3000,15,7,100,0.1000,42,9996100340,9996100161,376
docs/inst_test/instancias/n_1000_6,3000,15,7,100,0.1000,2026,9996100340,9996100161,394
docs/inst_test/instancias/n_1000_6,3000,15,7,100,0.2000,42,9996100341,9996100155,374
docs/inst_test/instancias/n_1000_6,3000,15,7,100,0.2000,123,9996100344,9996100077,375
docs/inst_test/instancias/n_1000_6,3000,15,7,100,0.2000,2026,9996100340,9996100107,387
docs/inst_test/instancias/n_1000_6,3000,15,7,100,0.3000,123,9996100344,9996100077,331
docs/inst_test/instancias/n_1000_6,3000,15,7,100,0.3000,42,9996100342,9996100137,398
docs/inst_test/instancias/n_1000_6,3000,15,7,200,0.1000,2026,9996100338,9996100114,286
docs/inst_test/instancias/n_1000_6,3000,15,7,100,0.3000,2026,9996100344,9996100131,368
docs/inst_test/instancias/n_1000_6,3000,15,7,200,0.2000,42,9996100341,9996100155,315
docs/inst_test/instancias/n_1000_6,3000,15,7,200,0.1000,42,9996100338,9996100114,385
docs/inst_test/instancias/n_1000_6,3000,15,7,200,0.1000,123,9996100338,9996100114,393
docs/inst_test/instancias/n_1000_6,3000,15,7,200,0.2000,2026,9996100338,9996100114,308
docs/inst_test/instancias/n_1000_6,3000,15,7,200,0.2000,123,9996100338,9996100114,449
docs/inst_test/instancias/n_1000_6,3000,15,7,200,0.3000,42,9996100342,9996100137,432
docs/inst_test/instancias/n_1000_6,3000,15,7,200,0.3000,2026,9996100344,9996100131,328
docs/inst_test/instancias/n_1000_6,3000,15,7,200,0.3000,123,9996100338,9996100114,385
docs/inst_test/instancias/n_1000_6,3000,15,10,50,0.1000,42,9996100340,9996100161,385
docs/inst_test/instancias/n_1000_6,3000,15,10,50,0.1000,2026,9996100340,9996100161,403
docs/inst_test/instancias/n_1000_6,3000,15,10,50,0.1000,123,9996100344,9996100077,448
docs/inst_test/instancias/n_1000_6,3000,15,10,50,0.2000,42,9996100341,9996100155,398
docs/inst_test/instancias/n_1000_6,3000,15,10,50,0.2000,123,9996100344,9996100077,392
docs/inst_test/instancias/n_1000_6,3000,15,10,50,0.2000,2026,9996100340,9996100107,364
docs/inst_test/instancias/n_1000_6,3000,15,10,50,0.3000,42,9996100342,9996100137,376
docs/inst_test/instancias/n_1000_6,3000,15,10,50,0.3000,123,9996100344,9996100077,375
docs/inst_test/instancias/n_1000_6,3000,15,10,50,0.3000,2026,9996100344,9996100131,382
docs/inst_test/instancias/n_1000_6,3000,15,10,100,0.1000,42,9996100340,9996100161,352
docs/inst_test/instancias/n_1000_6,3000,15,10,100,0.1000,123,9996100344,9996100077,368
docs/inst_test/instancias/n_1000_6,3000,15,10,100,0.1000,2026,9996100340,9996100161,352
docs/inst_test/instancias/n_1000_6,3000,15,10,100,0.2000,42,9996100341,9996100155,381
docs/inst_test/instancias/n_1000_6,3000,15,10,100,0.2000,123,9996100344,9996100077,382
docs/inst_test/instancias/n_1000_6,3000,15,10,100,0.2000,2026,9996100340,9996100107,395
docs/inst_test/instancias/n_1000_6,3000,15,10,100,0.3000,42,9996100342,9996100137,386
docs/inst_test/instancias/n_1000_6,3000,15,10,100,0.3000,123,9996100344,9996100077,376
docs/inst_test/instancias/n_1000_6,3000,15,10,100,0.3000,2026,9996100344,9996100131,369
docs/inst_test/instancias/n_1000_6,3000,15,10,200,0.1000,42,9996100338,9996100114,357
docs/inst_test/instancias/n_1000_6,3000,15,10,200,0.1000,123,9996100338,9996100114,371
docs/inst_test/instancias/n_1000_6,3000,15,10,200,0.1000,2026,9996100338,9996100114,371
docs/inst_test/instancias/n_1000_6,3000,15,10,200,0.2000,42,9996100341,9996100155,378
docs/inst_test/instancias/n_1000_6,3000,15,10,200,0.2000,123,9996100338,9996100114,359
docs/inst_test/instancias/n_1000_6,3000,15,10,200,0.2000,2026,9996100338,9996100114,379
docs/inst_test/instancias/n_1000_6,3000,15,10,200,0.3000,42,9996100342,9996100137,397
docs/inst_test/instancias/n_1000_6,3000,15,10,200,0.3000,2026,9996100344,9996100131,391
docs/inst_test/instancias/n_1000_6,3000,15,10,200,0.3000,123,9996100338,9996100114,413
docs/inst_test/instancias/n_1000_6,3000,15,15,50,0.1000,42,9996100340,9996100161,534
docs/inst_test/instancias/n_1000_6,3000,15,15,50,0.1000,123,9996100344,9996100077,409
docs/inst_test/instancias/n_1000_6,3000,15,15,50,0.1000,2026,9996100340,9996100161,442
docs/inst_test/instancias/n_1000_6,3000,15,15,50,0.2000,42,9996100341,9996100155,426
docs/inst_test/instancias/n_1000_6,3000,15,15,50,0.2000,123,9996100344,9996100077,417
docs/inst_test/instancias/n_1000_6,3000,15,15,50,0.2000,2026,9996100340,9996100107,390
docs/inst_test/instancias/n_1000_6,3000,15,15,50,0.3000,42,9996100342,9996100137,391
docs/inst_test/instancias/n_1000_6,3000,15,15,50,0.3000,123,9996100344,9996100077,396
docs/inst_test/instancias/n_1000_6,3000,15,15,100,0.1000,42,9996100340,9996100161,409
docs/inst_test/instancias/n_1000_6,3000,15,15,50,0.3000,2026,9996100344,9996100131,423
docs/inst_test/instancias/n_1000_6,3000,15,15,100,0.1000,2026,9996100340,9996100161,403
docs/inst_test/instancias/n_1000_6,3000,15,15,100,0.1000,123,9996100344,9996100077,420
docs/inst_test/instancias/n_1000_6,3000,15,15,100,0.2000,42,9996100341,9996100155,383
docs/inst_test/instancias/n_1000_6,3000,15,15,100,0.2000,123,9996100344,9996100077,398
docs/inst_test/instancias/n_1000_6,3000,15,15,100,0.3000,42,9996100342,9996100137,363
docs/inst_test/instancias/n_1000_6,3000,15,15,100,0.2000,2026,9996100340,9996100107,397
docs/inst_test/instancias/n_1000_6,3000,15,15,100,0.3000,2026,9996100344,9996100131,370
docs/inst_test/instancias/n_1000_6,3000,15,15,100,0.3000,123,9996100344,9996100077,383
docs/inst_test/instancias/n_1000_6,3000,15,15,200,0.1000,2026,9996100338,9996100114,326
docs/inst_test/instancias/n_1000_6,3000,15,15,200,0.1000,123,9996100338,9996100114,375
docs/inst_test/instancias/n_1000_6,3000,15,15,200,0.2000,42,9996100341,9996100155,349
docs/inst_test/instancias/n_1000_6,3000,15,15,200,0.1000,42,9996100338,9996100114,418
docs/inst_test/instancias/n_1000_6,3000,15,15,200,0.2000,123,9996100338,9996100114,344
docs/inst_test/instancias/n_1000_6,3000,15,15,200,0.2000,2026,9996100338,9996100114,368
docs/inst_test/instancias/n_1000_6,3000,15,15,200,0.3000,42,9996100342,9996100137,325
docs/inst_test/instancias/n_1000_6,3000,15,15,200,0.3000,123,9996100338,9996100114,352
docs/inst_test/instancias/n_1000_6,3000,15,15,200,0.3000,2026,9996100344,9996100131,369
docs/inst_test/instancias/n_1000_6,3000,20,7,50,0.1000,42,9996100340,9996100161,352
docs/inst_test/instancias/n_1000_6,3000,20,7,50,0.1000,123,9996100344,9996100077,384
docs/inst_test/instancias/n_1000_6,3000,20,7,50,0.2000,42,9996100341,9996100155,366
docs/inst_test/instancias/n_1000_6,3000,20,7,50,0.1000,2026,9996100340,9996100161,384
docs/inst_test/instancias/n_1000_6,3000,20,7,50,0.2000,123,9996100344,9996100077,399
docs/inst_test/instancias/n_1000_6,3000,20,7,50,0.2000,2026,9996100340,9996100107,402
docs/inst_test/instancias/n_1000_6,3000,20,7,50,0.3000,123,9996100344,9996100077,431
docs/inst_test/instancias/n_1000_6,3000,20,7,50,0.3000,42,9996100342,9996100137,455
docs/inst_test/instancias/n_1000_6,3000,20,7,100,0.1000,123,9996100344,9996100077,352
docs/inst_test/instancias/n_1000_6,3000,20,7,50,0.3000,2026,9996100344,9996100131,464
docs/inst_test/instancias/n_1000_6,3000,20,7,100,0.1000,2026,9996100340,9996100161,407
docs/inst_test/instancias/n_1000_6,3000,20,7,100,0.1000,42,9996100340,9996100161,476
docs/inst_test/instancias/n_1000_6,3000,20,7,100,0.2000,42,9996100341,9996100155,426
docs/inst_test/instancias/n_1000_6,3000,20,7,100,0.2000,2026,9996100340,9996100107,362
docs/inst_test/instancias/n_1000_6,3000,20,7,100,0.3000,123,9996100344,9996100077,365
docs/inst_test/instancias/n_1000_6,3000,20,7,100,0.3000,42,9996100342,9996100137,370
docs/inst_test/instancias/n_1000_6,3000,20,7,200,0.1000,42,9996100338,9996100114,304
docs/inst_test/instancias/n_1000_6,3000,20,7,100,0.3000,2026,9996100344,9996100131,326
docs/inst_test/instancias/n_1000_6,3000,20,7,100,0.2000,123,9996100344,9996100077,501
docs/inst_test/instancias/n_1000_6,3000,20,7,200,0.1000,123,9996100338,9996100114,349
docs/inst_test/instancias/n_1000_6,3000,20,7,200,0.1000,2026,9996100338,9996100114,340
docs/inst_test/instancias/n_1000_6,3000,20,7,200,0.3000,42,9996100342,9996100137,318
docs/inst_test/instancias/n_1000_6,3000,20,7,200,0.2000,2026,9996100338,9996100114,334
docs/inst_test/instancias/n_1000_6,3000,20,7,200,0.3000,123,9996100338,9996100114,340
docs/inst_test/instancias/n_1000_6,3000,20,7,200,0.2000,42,9996100341,9996100155,390
docs/inst_test/instancias/n_1000_6,3000,20,7,200,0.2000,123,9996100338,9996100114,389
docs/inst_test/instancias/n_1000_6,3000,20,7,200,0.3000,2026,9996100344,9996100131,387
docs/inst_test/instancias/n_1000_6,3000,20,10,50,0.1000,42,9996100340,9996100161,392
docs/inst_test/instancias/n_1000_6,3000,20,10,50,0.1000,123,9996100344,9996100077,404
docs/inst_test/instancias/n_1000_6,3000,20,10,50,0.1000,2026,9996100340,9996100161,386
docs/inst_test/instancias/n_1000_6,3000,20,10,50,0.2000,123,9996100344,9996100077,377
docs/inst_test/instancias/n_1000_6,3000,20,10,50,0.2000,42,9996100341,9996100155,408
docs/inst_test/instancias/n_1000_6,3000,20,10,50,0.3000,42,9996100342,9996100137,386
docs/inst_test/instancias/n_1000_6,3000,20,10,50,0.2000,2026,9996100340,9996100107,412
docs/inst_test/instancias/n_1000_6,3000,20,10,50,0.3000,123,9996100344,9996100077,383
docs/inst_test/instancias/n_1000_6,3000,20,10,50,0.3000,2026,9996100344,9996100131,370
docs/inst_test/instancias/n_1000_6,3000,20,10,100,0.1000,42,9996100340,9996100161,374
docs/inst_test/instancias/n_1000_6,3000,20,10,100,0.1000,123,9996100344,9996100077,342
docs/inst_test/instancias/n_1000_6,3000,20,10,100,0.2000,42,9996100341,9996100155,335
docs/inst_test/instancias/n_1000_6,3000,20,10,100,0.1000,2026,9996100340,9996100161,359
docs/inst_test/instancias/n_1000_6,3000,20,10,100,0.2000,123,9996100344,9996100077,364
docs/inst_test/instancias/n_1000_6,3000,20,10,100,0.3000,42,9996100342,9996100137,339
docs/inst_test/instancias/n_1000_6,3000,20,10,100,0.3000,123,9996100344,9996100077,342
docs/inst_test/instancias/n_1000_6,3000,20,10,100,0.2000,2026,9996100340,9996100107,453
docs/inst_test/instancias/n_1000_6,3000,20,10,100,0.3000,2026,9996100344,9996100131,369
docs/inst_test/instancias/n_1000_6,3000,20,10,200,0.1000,42,9996100338,9996100114,355
docs/inst_test/instancias/n_1000_6,3000,20,10,200,0.1000,2026,9996100338,9996100114,326
docs/inst_test/instancias/n_1000_6,3000,20,10,200,0.1000,123,9996100338,9996100114,364
docs/inst_test/instancias/n_1000_6,3000,20,10,200,0.2000,123,9996100338,9996100114,357
docs/inst_test/instancias/n_1000_6,3000,20,10,200,0.2000,42,9996100341,9996100155,377
docs/inst_test/instancias/n_1000_6,3000,20,10,200,0.2000,2026,9996100338,9996100114,377
docs/inst_test/instancias/n_1000_6,3000,20,10,200,0.3000,42,9996100342,9996100137,377
docs/inst_test/instancias/n_1000_6,3000,20,10,200,0.3000,123,9996100338,9996100114,361
docs/inst_test/instancias/n_1000_6,3000,20,10,200,0.3000,2026,9996100344,9996100131,373
docs/inst_test/instancias/n_1000_6,3000,20,15,50,0.1000,42,9996100340,9996100161,384
docs/inst_test/instancias/n_1000_6,3000,20,15,50,0.1000,123,9996100344,9996100077,388
docs/inst_test/instancias/n_1000_6,3000,20,15,50,0.1000,2026,9996100340,9996100161,377
docs/inst_test/instancias/n_1000_6,3000,20,15,50,0.2000,42,9996100341,9996100155,385
docs/inst_test/instancias/n_1000_6,3000,20,15,50,0.2000,123,9996100344,9996100077,369
docs/inst_test/instancias/n_1000_6,3000,20,15,50,0.2000,2026,9996100340,9996100107,375
docs/inst_test/instancias/n_1000_6,3000,20,15,50,0.3000,42,9996100342,9996100137,383
docs/inst_test/instancias/n_1000_6,3000,20,15,50,0.3000,123,9996100344,9996100077,355
docs/inst_test/instancias/n_1000_6,3000,20,15,100,0.1000,42,9996100340,9996100161,330
docs/inst_test/instancias/n_1000_6,3000,20,15,50,0.3000,2026,9996100344,9996100131,370
docs/inst_test/instancias/n_1000_6,3000,20,15,100,0.1000,123,9996100344,9996100077,363
docs/inst_test/instancias/n_1000_6,3000,20,15,100,0.1000,2026,9996100340,9996100161,407
docs/inst_test/instancias/n_1000_6,3000,20,15,100,0.2000,123,9996100344,9996100077,363
docs/inst_test/instancias/n_1000_6,3000,20,15,100,0.2000,42,9996100341,9996100155,421
docs/inst_test/instancias/n_1000_6,3000,20,15,100,0.2000,2026,9996100340,9996100107,374
docs/inst_test/instancias/n_1000_6,3000,20,15,100,0.3000,123,9996100344,9996100077,291
docs/inst_test/instancias/n_1000_6,3000,20,15,100,0.3000,42,9996100342,9996100137,352
docs/inst_test/instancias/n_1000_6,3000,20,15,100,0.3000,2026,9996100344,9996100131,365
docs/inst_test/instancias/n_1000_6,3000,20,15,200,0.1000,42,9996100338,9996100114,329
docs/inst_test/instancias/n_1000_6,3000,20,15,200,0.1000,123,9996100338,9996100114,327
docs/inst_test/instancias/n_1000_6,3000,20,15,200,0.1000,2026,9996100338,9996100114,343
docs/inst_test/instancias/n_1000_6,3000,20,15,200,0.2000,123,9996100338,9996100114,320
docs/inst_test/instancias/n_1000_6,3000,20,15,200,0.2000,2026,9996100338,9996100114,332
docs/inst_test/instancias/n_1000_6,3000,20,15,200,0.3000,123,9996100338,9996100114,332
docs/inst_test/instancias/n_1000_6,3000,20,15,200,0.2000,42,9996100341,9996100155,516
docs/inst_test/instancias/n_1000_6,3000,20,15,200,0.3000,42,9996100342,9996100137,426
docs/inst_test/instancias/n_1000_6,3000,20,15,200,0.3000,2026,9996100344,9996100131,369
docs/inst_test/instancias/n_1000_6,5000,10,7,50,0.1000,2026,9996100340,9996100161,518
docs/inst_test/instancias/n_1000_6,5000,10,7,50,0.1000,123,9996100344,9996100077,551
docs/inst_test/instancias/n_1000_6,5000,10,7,50,0.1000,42,9996100341,9996100155,738
docs/inst_test/instancias/n_1000_6,5000,10,7,50,0.2000,42,9996100341,9996100155,661
docs/inst_test/instancias/n_1000_6,5000,10,7,50,0.2000,2026,9996100341,9996100155,606
docs/inst_test/instancias/n_1000_6,5000,10,7,50,0.2000,123,9996100344,9996100077,668
docs/inst_test/instancias/n_1000_6,5000,10,7,50,0.3000,123,9996100344,9996100077,632
docs/inst_test/instancias/n_1000_6,5000,10,7,50,0.3000,42,9996100344,9996100110,721
docs/inst_test/instancias/n_1000_6,5000,10,7,50,0.3000,2026,9996100344,9996100131,591
docs/inst_test/instancias/n_1000_6,5000,10,7,100,0.1000,42,9996100340,9996100161,628
docs/inst_test/instancias/n_1000_6,5000,10,7,100,0.1000,123,9996100344,9996100077,612
docs/inst_test/instancias/n_1000_6,5000,10,7,100,0.1000,2026,9996100340,9996100161,637
docs/inst_test/instancias/n_1000_6,5000,10,7,100,0.2000,42,9996100341,9996100155,626
docs/inst_test/instancias/n_1000_6,5000,10,7,100,0.2000,123,9996100344,9996100077,605
docs/inst_test/instancias/n_1000_6,5000,10,7,100,0.2000,2026,9996100340,9996100107,620
docs/inst_test/instancias/n_1000_6,5000,10,7,100,0.3000,42,9996100342,9996100137,592
docs/inst_test/instancias/n_1000_6,5000,10,7,100,0.3000,123,9996100344,9996100077,597
docs/inst_test/instancias/n_1000_6,5000,10,7,200,0.1000,42,9996100338,9996100114,602
docs/inst_test/instancias/n_1000_6,5000,10,7,100,0.3000,2026,9996100344,9996100131,790
docs/inst_test/instancias/n_1000_6,5000,10,7,200,0.2000,42,9996100341,9996100155,535
docs/inst_test/instancias/n_1000_6,5000,10,7,200,0.1000,123,9996100338,9996100114,611
docs/inst_test/instancias/n_1000_6,5000,10,7,200,0.1000,2026,9996100340,9996100161,621
docs/inst_test/instancias/n_1000_6,5000,10,7,200,0.2000,2026,9996100340,9996100107,590
docs/inst_test/instancias/n_1000_6,5000,10,7,200,0.2000,123,9996100338,9996100114,665
docs/inst_test/instancias/n_1000_6,5000,10,7,200,0.3000,42,9996100342,9996100137,595
docs/inst_test/instancias/n_1000_6,5000,10,7,200,0.3000,123,9996100338,9996100114,512
docs/inst_test/instancias/n_1000_6,5000,10,7,200,0.3000,2026,9996100344,9996100131,593
docs/inst_test/instancias/n_1000_6,5000,10,10,50,0.1000,42,9996100341,9996100155,611
docs/inst_test/instancias/n_1000_6,5000,10,10,50,0.1000,123,9996100344,9996100077,641
docs/inst_test/instancias/n_1000_6,5000,10,10,50,0.1000,2026,9996100340,9996100161,629
docs/inst_test/instancias/n_1000_6,5000,10,10,50,0.2000,42,9996100341,9996100155,608
docs/inst_test/instancias/n_1000_6,5000,10,10,50,0.2000,123,9996100344,9996100077,593
docs/inst_test/instancias/n_1000_6,5000,10,10,50,0.2000,2026,9996100341,9996100155,657
docs/inst_test/instancias/n_1000_6,5000,10,10,50,0.3000,42,9996100344,9996100110,669
docs/inst_test/instancias/n_1000_6,5000,10,10,50,0.3000,2026,9996100344,9996100131,620
docs/inst_test/instancias/n_1000_6,5000,10,10,50,0.3000,123,9996100344,9996100077,648
docs/inst_test/instancias/n_1000_6,5000,10,10,100,0.1000,42,9996100340,9996100161,619
docs/inst_test/instancias/n_1000_6,5000,10,10,100,0.1000,123,9996100344,9996100077,678
docs/inst_test/instancias/n_1000_6,5000,10,10,100,0.2000,42,9996100341,9996100155,595
docs/inst_test/instancias/n_1000_6,5000,10,10,100,0.1000,2026,9996100340,9996100161,652
docs/inst_test/instancias/n_1000_6,5000,10,10,100,0.2000,123,9996100344,9996100077,591
docs/inst_test/instancias/n_1000_6,5000,10,10,100,0.2000,2026,9996100340,9996100107,584
docs/inst_test/instancias/n_1000_6,5000,10,10,100,0.3000,123,9996100344,9996100077,577
docs/inst_test/instancias/n_1000_6,5000,10,10,100,0.3000,2026,9996100344,9996100131,621
docs/inst_test/instancias/n_1000_6,5000,10,10,200,0.1000,123,9996100338,9996100114,542
docs/inst_test/instancias/n_1000_6,5000,10,10,200,0.1000,42,9996100338,9996100114,564
docs/inst_test/instancias/n_1000_6,5000,10,10,100,0.3000,42,9996100342,9996100137,742
docs/inst_test/instancias/n_1000_6,5000,10,10,200,0.1000,2026,9996100340,9996100161,626
docs/inst_test/instancias/n_1000_6,5000,10,10,200,0.2000,42,9996100341,9996100155,594
docs/inst_test/instancias/n_1000_6,5000,10,10,200,0.2000,123,9996100338,9996100114,598
docs/inst_test/instancias/n_1000_6,5000,10,10,200,0.2000,2026,9996100340,9996100107,597
docs/inst_test/instancias/n_1000_6,5000,10,10,200,0.3000,123,9996100338,9996100114,544
docs/inst_test/instancias/n_1000_6,5000,10,10,200,0.3000,42,9996100342,9996100137,634
docs/inst_test/instancias/n_1000_6,5000,10,15,50,0.1000,42,9996100341,9996100155,566
docs/inst_test/instancias/n_1000_6,5000,10,10,200,0.3000,2026,9996100344,9996100131,734
docs/inst_test/instancias/n_1000_6,5000,10,15,50,0.1000,2026,9996100340,9996100161,560
docs/inst_test/instancias/n_1000_6,5000,10,15,50,0.1000,123,9996100344,9996100077,726
docs/inst_test/instancias/n_1000_6,5000,10,15,50,0.2000,42,9996100341,9996100155,606
docs/inst_test/instancias/n_1000_6,5000,10,15,50,0.2000,123,9996100344,9996100077,590
docs/inst_test/instancias/n_1000_6,5000,10,15,50,0.2000,2026,9996100341,9996100155,569
docs/inst_test/instancias/n_1000_6,5000,10,15,50,0.3000,42,9996100344,9996100110,602
docs/inst_test/instancias/n_1000_6,5000,10,15,50,0.3000,123,9996100344,9996100077,644
docs/inst_test/instancias/n_1000_6,5000,10,15,50,0.3000,2026,9996100344,9996100131,651
docs/inst_test/instancias/n_1000_6,5000,10,15,100,0.1000,42,9996100340,9996100161,644
docs/inst_test/instancias/n_1000_6,5000,10,15,100,0.1000,123,9996100344,9996100077,651
docs/inst_test/instancias/n_1000_6,5000,10,15,100,0.1000,2026,9996100340,9996100161,673
docs/inst_test/instancias/n_1000_6,5000,10,15,100,0.2000,123,9996100344,9996100077,573
docs/inst_test/instancias/n_1000_6,5000,10,15,100,0.2000,42,9996100341,9996100155,616
docs/inst_test/instancias/n_1000_6,5000,10,15,100,0.2000,2026,9996100340,9996100107,579
docs/inst_test/instancias/n_1000_6,5000,10,15,100,0.3000,123,9996100344,9996100077,584
docs/inst_test/instancias/n_1000_6,5000,10,15,100,0.3000,42,9996100342,9996100137,743
docs/inst_test/instancias/n_1000_6,5000,10,15,100,0.3000,2026,9996100344,9996100131,574
docs/inst_test/instancias/n_1000_6,5000,10,15,200,0.1000,42,9996100338,9996100114,590
docs/inst_test/instancias/n_1000_6,5000,10,15,200,0.1000,123,9996100338,9996100114,637
docs/inst_test/instancias/n_1000_6,5000,10,15,200,0.1000,2026,9996100340,9996100161,625
docs/inst_test/instancias/n_1000_6,5000,10,15,200,0.2000,123,9996100338,9996100114,550
docs/inst_test/instancias/n_1000_6,5000,10,15,200,0.2000,42,9996100341,9996100155,664
docs/inst_test/instancias/n_1000_6,5000,10,15,200,0.3000,123,9996100338,9996100114,599
docs/inst_test/instancias/n_1000_6,5000,10,15,200,0.3000,42,9996100342,9996100137,628
docs/inst_test/instancias/n_1000_6,5000,10,15,200,0.3000,2026,9996100344,9996100131,635
docs/inst_test/instancias/n_1000_6,5000,10,15,200,0.2000,2026,9996100340,9996100107,770
docs/inst_test/instancias/n_1000_6,5000,15,7,50,0.1000,42,9996100341,9996100155,630
docs/inst_test/instancias/n_1000_6,5000,15,7,50,0.1000,2026,9996100340,9996100161,590
docs/inst_test/instancias/n_1000_6,5000,15,7,50,0.1000,123,9996100344,9996100077,627
docs/inst_test/instancias/n_1000_6,5000,15,7,50,0.2000,42,9996100341,9996100155,587
docs/inst_test/instancias/n_1000_6,5000,15,7,50,0.2000,2026,9996100341,9996100155,566
docs/inst_test/instancias/n_1000_6,5000,15,7,50,0.2000,123,9996100344,9996100077,621
docs/inst_test/instancias/n_1000_6,5000,15,7,50,0.3000,42,9996100344,9996100110,620
docs/inst_test/instancias/n_1000_6,5000,15,7,50,0.3000,123,9996100344,9996100077,605
docs/inst_test/instancias/n_1000_6,5000,15,7,100,0.1000,123,9996100344,9996100077,586
docs/inst_test/instancias/n_1000_6,5000,15,7,50,0.3000,2026,9996100344,9996100131,645
docs/inst_test/instancias/n_1000_6,5000,15,7,100,0.1000,2026,9996100340,9996100161,601
docs/inst_test/instancias/n_1000_6,5000,15,7,100,0.1000,42,9996100340,9996100161,623
docs/inst_test/instancias/n_1000_6,5000,15,7,100,0.2000,42,9996100341,9996100155,630
docs/inst_test/instancias/n_1000_6,5000,15,7,100,0.2000,123,9996100344,9996100077,602
docs/inst_test/instancias/n_1000_6,5000,15,7,100,0.3000,42,9996100342,9996100137,586
docs/inst_test/instancias/n_1000_6,5000,15,7,100,0.2000,2026,9996100340,9996100107,651
docs/inst_test/instancias/n_1000_6,5000,15,7,100,0.3000,123,9996100344,9996100077,603
docs/inst_test/instancias/n_1000_6,5000,15,7,200,0.1000,42,9996100338,9996100114,616
docs/inst_test/instancias/n_1000_6,5000,15,7,200,0.1000,123,9996100338,9996100114,619
docs/inst_test/instancias/n_1000_6,5000,15,7,100,0.3000,2026,9996100344,9996100131,661
docs/inst_test/instancias/n_1000_6,5000,15,7,200,0.1000,2026,9996100340,9996100161,602
docs/inst_test/instancias/n_1000_6,5000,15,7,200,0.2000,42,9996100341,9996100155,608
docs/inst_test/instancias/n_1000_6,5000,15,7,200,0.2000,123,9996100338,9996100114,631
docs/inst_test/instancias/n_1000_6,5000,15,7,200,0.2000,2026,9996100340,9996100107,653
docs/inst_test/instancias/n_1000_6,5000,15,7,200,0.3000,42,9996100342,9996100137,608
docs/inst_test/instancias/n_1000_6,5000,15,7,200,0.3000,2026,9996100344,9996100131,571
docs/inst_test/instancias/n_1000_6,5000,15,7,200,0.3000,123,9996100338,9996100114,669
docs/inst_test/instancias/n_1000_6,5000,15,10,50,0.1000,42,9996100341,9996100155,664
docs/inst_test/instancias/n_1000_6,5000,15,10,50,0.1000,123,9996100344,9996100077,681
docs/inst_test/instancias/n_1000_6,5000,15,10,50,0.1000,2026,9996100340,9996100161,662
docs/inst_test/instancias/n_1000_6,5000,15,10,50,0.2000,2026,9996100341,9996100155,518
docs/inst_test/instancias/n_1000_6,5000,15,10,50,0.2000,42,9996100341,9996100155,710
docs/inst_test/instancias/n_1000_6,5000,15,10,50,0.2000,123,9996100344,9996100077,672
docs/inst_test/instancias/n_1000_6,5000,15,10,50,0.3000,42,9996100344,9996100110,612
docs/inst_test/instancias/n_1000_6,5000,15,10,50,0.3000,123,9996100344,9996100077,724
docs/inst_test/instancias/n_1000_6,5000,15,10,50,0.3000,2026,9996100344,9996100131,716
docs/inst_test/instancias/n_1000_6,5000,15,10,100,0.1000,123,9996100344,9996100077,679
docs/inst_test/instancias/n_1000_6,5000,15,10,100,0.1000,42,9996100340,9996100161,698
docs/inst_test/instancias/n_1000_6,5000,15,10,100,0.1000,2026,9996100340,9996100161,670
docs/inst_test/instancias/n_1000_6,5000,15,10,100,0.2000,42,9996100341,9996100155,713
docs/inst_test/instancias/n_1000_6,5000,15,10,100,0.2000,123,9996100344,9996100077,716
docs/inst_test/instancias/n_1000_6,5000,15,10,100,0.2000,2026,9996100340,9996100107,668
docs/inst_test/instancias/n_1000_6,5000,15,10,100,0.3000,42,9996100342,9996100137,612
docs/inst_test/instancias/n_1000_6,5000,15,10,100,0.3000,123,9996100344,9996100077,596
docs/inst_test/instancias/n_1000_6,5000,15,10,200,0.1000,42,9996100338,9996100114,598
docs/inst_test/instancias/n_1000_6,5000,15,10,100,0.3000,2026,9996100344,9996100131,619
docs/inst_test/instancias/n_1000_6,5000,15,10,200,0.1000,123,9996100338,9996100114,592
docs/inst_test/instancias/n_1000_6,5000,15,10,200,0.2000,42,9996100341,9996100155,605
docs/inst_test/instancias/n_1000_6,5000,15,10,200,0.2000,123,9996100338,9996100114,612
docs/inst_test/instancias/n_1000_6,5000,15,10,200,0.1000,2026,9996100340,9996100161,679
docs/inst_test/instancias/n_1000_6,5000,15,10,200,0.2000,2026,9996100340,9996100107,568
docs/inst_test/instancias/n_1000_6,5000,15,10,200,0.3000,42,9996100342,9996100137,634
docs/inst_test/instancias/n_1000_6,5000,15,10,200,0.3000,2026,9996100344,9996100131,615
docs/inst_test/instancias/n_1000_6,5000,15,10,200,0.3000,123,9996100338,9996100114,640
docs/inst_test/instancias/n_1000_6,5000,15,15,50,0.1000,42,9996100341,9996100155,561
docs/inst_test/instancias/n_1000_6,5000,15,15,50,0.1000,123,9996100344,9996100077,621
docs/inst_test/instancias/n_1000_6,5000,15,15,50,0.2000,42,9996100341,9996100155,614
docs/inst_test/instancias/n_1000_6,5000,15,15,50,0.1000,2026,9996100340,9996100161,707
docs/inst_test/instancias/n_1000_6,5000,15,15,50,0.2000,123,9996100344,9996100077,622
docs/inst_test/instancias/n_1000_6,5000,15,15,50,0.2000,2026,9996100341,9996100155,577
docs/inst_test/instancias/n_1000_6,5000,15,15,50,0.3000,42,9996100344,9996100110,633
docs/inst_test/instancias/n_1000_6,5000,15,15,50,0.3000,123,9996100344,9996100077,644
docs/inst_test/instancias/n_1000_6,5000,15,15,50,0.3000,2026,9996100344,9996100131,647
docs/inst_test/instancias/n_1000_6,5000,15,15,100,0.1000,42,9996100340,9996100161,587
docs/inst_test/instancias/n_1000_6,5000,15,15,100,0.1000,123,9996100344,9996100077,592
docs/inst_test/instancias/n_1000_6,5000,15,15,100,0.1000,2026,9996100340,9996100161,655
docs/inst_test/instancias/n_1000_6,5000,15,15,100,0.2000,123,9996100344,9996100077,643
docs/inst_test/instancias/n_1000_6,5000,15,15,100,0.2000,42,9996100341,9996100155,747
docs/inst_test/instancias/n_1000_6,5000,15,15,100,0.3000,123,9996100344,9996100077,554
docs/inst_test/instancias/n_1000_6,5000,15,15,100,0.2000,2026,9996100340,9996100107,674
docs/inst_test/instancias/n_1000_6,5000,15,15,100,0.3000,2026,9996100344,9996100131,520
docs/inst_test/instancias/n_1000_6,5000,15,15,100,0.3000,42,9996100342,9996100137,702
docs/inst_test/instancias/n_1000_6,5000,15,15,200,0.1000,123,9996100338,9996100114,522
docs/inst_test/instancias/n_1000_6,5000,15,15,200,0.1000,42,9996100338,9996100114,732
docs/inst_test/instancias/n_1000_6,5000,15,15,200,0.1000,2026,9996100340,9996100161,597
docs/inst_test/instancias/n_1000_6,5000,15,15,200,0.2000,42,9996100341,9996100155,574
docs/inst_test/instancias/n_1000_6,5000,15,15,200,0.2000,123,9996100338,9996100114,565
docs/inst_test/instancias/n_1000_6,5000,15,15,200,0.3000,42,9996100342,9996100137,597
docs/inst_test/instancias/n_1000_6,5000,15,15,200,0.2000,2026,9996100340,9996100107,650
docs/inst_test/instancias/n_1000_6,5000,15,15,200,0.3000,123,9996100338,9996100114,606
docs/inst_test/instancias/n_1000_6,5000,15,15,200,0.3000,2026,9996100344,9996100131,651
docs/inst_test/instancias/n_1000_6,5000,20,7,50,0.1000,123,9996100344,9996100077,649
docs/inst_test/instancias/n_1000_6,5000,20,7,50,0.1000,42,9996100341,9996100155,693
docs/inst_test/instancias/n_1000_6,5000,20,7,50,0.1000,2026,9996100340,9996100161,644
docs/inst_test/instancias/n_1000_6,5000,20,7,50,0.2000,42,9996100341,9996100155,621
docs/inst_test/instancias/n_1000_6,5000,20,7,50,0.2000,123,9996100344,9996100077,545
docs/inst_test/instancias/n_1000_6,5000,20,7,50,0.3000,42,9996100344,9996100110,598
docs/inst_test/instancias/n_1000_6,5000,20,7,50,0.2000,2026,9996100341,9996100155,627
docs/inst_test/instancias/n_1000_6,5000,20,7,50,0.3000,123,9996100344,9996100077,586
docs/inst_test/instancias/n_1000_6,5000,20,7,50,0.3000,2026,9996100344,9996100131,623
docs/inst_test/instancias/n_1000_6,5000,20,7,100,0.1000,42,9996100340,9996100161,605
docs/inst_test/instancias/n_1000_6,5000,20,7,100,0.1000,123,9996100344,9996100077,624
docs/inst_test/instancias/n_1000_6,5000,20,7,100,0.1000,2026,9996100340,9996100161,643
docs/inst_test/instancias/n_1000_6,5000,20,7,100,0.2000,42,9996100341,9996100155,618
docs/inst_test/instancias/n_1000_6,5000,20,7,100,0.2000,2026,9996100340,9996100107,610
docs/inst_test/instancias/n_1000_6,5000,20,7,100,0.2000,123,9996100344,9996100077,633
docs/inst_test/instancias/n_1000_6,5000,20,7,100,0.3000,42,9996100342,9996100137,580
docs/inst_test/instancias/n_1000_6,5000,20,7,100,0.3000,123,9996100344,9996100077,605
docs/inst_test/instancias/n_1000_6,5000,20,7,100,0.3000,2026,9996100344,9996100131,611
docs/inst_test/instancias/n_1000_6,5000,20,7,200,0.1000,42,9996100338,9996100114,617
docs/inst_test/instancias/n_1000_6,5000,20,7,200,0.1000,2026,9996100340,9996100161,603
docs/inst_test/instancias/n_1000_6,5000,20,7,200,0.1000,123,9996100338,9996100114,619
docs/inst_test/instancias/n_1000_6,5000,20,7,200,0.2000,42,9996100341,9996100155,599
docs/inst_test/instancias/n_1000_6,5000,20,7,200,0.2000,123,9996100338,9996100114,619
docs/inst_test/instancias/n_1000_6,5000,20,7,200,0.2000,2026,9996100340,9996100107,521
docs/inst_test/instancias/n_1000_6,5000,20,7,200,0.3000,123,9996100338,9996100114,520
docs/inst_test/instancias/n_1000_6,5000,20,7,200,0.3000,42,9996100342,9996100137,625
docs/inst_test/instancias/n_1000_6,5000,20,7,200,0.3000,2026,9996100344,9996100131,642
docs/inst_test/instancias/n_1000_6,5000,20,10,50,0.1000,123,9996100344,9996100077,662
docs/inst_test/instancias/n_1000_6,5000,20,10,50,0.1000,2026,9996100340,9996100161,619
docs/inst_test/instancias/n_1000_6,5000,20,10,50,0.2000,42,9996100341,9996100155,638
docs/inst_test/instancias/n_1000_6,5000,20,10,50,0.1000,42,9996100341,9996100155,782
docs/inst_test/instancias/n_1000_6,5000,20,10,50,0.2000,123,9996100344,9996100077,640
docs/inst_test/instancias/n_1000_6,5000,20,10,50,0.2000,2026,9996100341,9996100155,631
docs/inst_test/instancias/n_1000_6,5000,20,10,50,0.3000,42,9996100344,9996100110,610
docs/inst_test/instancias/n_1000_6,5000,20,10,50,0.3000,123,9996100344,9996100077,572
docs/inst_test/instancias/n_1000_6,5000,20,10,50,0.3000,2026,9996100344,9996100131,691
docs/inst_test/instancias/n_1000_6,5000,20,10,100,0.1000,42,9996100340,9996100161,714
docs/inst_test/instancias/n_1000_6,5000,20,10,100,0.1000,2026,9996100340,9996100161,666
docs/inst_test/instancias/n_1000_6,5000,20,10,100,0.2000,42,9996100341,9996100155,660
docs/inst_test/instancias/n_1000_6,5000,20,10,100,0.1000,123,9996100344,9996100077,690
docs/inst_test/instancias/n_1000_6,5000,20,10,100,0.2000,2026,9996100340,9996100107,698
docs/inst_test/instancias/n_1000_6,5000,20,10,100,0.2000,123,9996100344,9996100077,781
docs/inst_test/instancias/n_1000_6,5000,20,10,100,0.3000,42,9996100342,9996100137,729
docs/inst_test/instancias/n_1000_6,5000,20,10,100,0.3000,123,9996100344,9996100077,692
docs/inst_test/instancias/n_1000_6,5000,20,10,200,0.1000,42,9996100338,9996100114,626
docs/inst_test/instancias/n_1000_6,5000,20,10,200,0.1000,2026,9996100340,9996100161,623
docs/inst_test/instancias/n_1000_6,5000,20,10,200,0.1000,123,9996100338,9996100114,663
docs/inst_test/instancias/n_1000_6,5000,20,10,100,0.3000,2026,9996100344,9996100131,684
docs/inst_test/instancias/n_1000_6,5000,20,10,200,0.2000,123,9996100338,9996100114,554
docs/inst_test/instancias/n_1000_6,5000,20,10,200,0.2000,42,9996100341,9996100155,587
docs/inst_test/instancias/n_1000_6,5000,20,10,200,0.2000,2026,9996100340,9996100107,579
docs/inst_test/instancias/n_1000_6,5000,20,10,200,0.3000,42,9996100342,9996100137,622
docs/inst_test/instancias/n_1000_6,5000,20,10,200,0.3000,2026,9996100344,9996100131,594
docs/inst_test/instancias/n_1000_6,5000,20,10,200,0.3000,123,9996100338,9996100114,612
docs/inst_test/instancias/n_1000_6,5000,20,15,50,0.1000,42,9996100341,9996100155,629
docs/inst_test/instancias/n_1000_6,5000,20,15,50,0.1000,123,9996100344,9996100077,698
docs/inst_test/instancias/n_1000_6,5000,20,15,50,0.1000,2026,9996100340,9996100161,600
docs/inst_test/instancias/n_1000_6,5000,20,15,50,0.2000,42,9996100341,9996100155,675
docs/inst_test/instancias/n_1000_6,5000,20,15,50,0.2000,123,9996100344,9996100077,646
docs/inst_test/instancias/n_1000_6,5000,20,15,50,0.3000,123,9996100344,9996100077,627
docs/inst_test/instancias/n_1000_6,5000,20,15,50,0.2000,2026,9996100341,9996100155,633
docs/inst_test/instancias/n_1000_6,5000,20,15,50,0.3000,42,9996100344,9996100110,647
docs/inst_test/instancias/n_1000_6,5000,20,15,50,0.3000,2026,9996100344,9996100131,607
docs/inst_test/instancias/n_1000_6,5000,20,15,100,0.1000,42,9996100340,9996100161,646
docs/inst_test/instancias/n_1000_6,5000,20,15,100,0.1000,123,9996100344,9996100077,623
docs/inst_test/instancias/n_1000_6,5000,20,15,100,0.1000,2026,9996100340,9996100161,642
docs/inst_test/instancias/n_1000_6,5000,20,15,100,0.2000,42,9996100341,9996100155,691
docs/inst_test/instancias/n_1000_6,5000,20,15,100,0.2000,123,9996100344,9996100077,598
docs/inst_test/instancias/n_1000_6,5000,20,15,100,0.3000,123,9996100344,9996100077,572
docs/inst_test/instancias/n_1000_6,5000,20,15,100,0.2000,2026,9996100340,9996100107,620
docs/inst_test/instancias/n_1000_6,5000,20,15,100,0.3000,42,9996100342,9996100137,714
docs/inst_test/instancias/n_1000_6,5000,20,15,200,0.1000,42,9996100338,9996100114,559
docs/inst_test/instancias/n_1000_6,5000,20,15,100,0.3000,2026,9996100344,9996100131,690
docs/inst_test/instancias/n_1000_6,5000,20,15,200,0.1000,2026,9996100340,9996100161,541
docs/inst_test/instancias/n_1000_6,5000,20,15,200,0.1000,123,9996100338,9996100114,708
docs/inst_test/instancias/n_1000_7,1000,10,7,50,0.1000,42,9996105257,9996103798,151
docs/inst_test/instancias/n_1000_7,1000,10,7,50,0.1000,123,9996105257,9996103798,124
docs/inst_test/instancias/n_1000_6,5000,20,15,200,0.2000,123,9996100338,9996100114,552
docs/inst_test/instancias/n_1000_6,5000,20,15,200,0.2000,42,9996100341,9996100155,614
docs/inst_test/instancias/n_1000_6,5000,20,15,200,0.2000,2026,9996100340,9996100107,600
docs/inst_test/instancias/n_1000_7,1000,10,7,50,0.1000,2026,9996105257,9996103798,139
docs/inst_test/instancias/n_1000_7,1000,10,7,50,0.2000,42,9996105257,9996103798,132
docs/inst_test/instancias/n_1000_7,1000,10,7,50,0.2000,123,9996105257,9996103798,155
docs/inst_test/instancias/n_1000_6,5000,20,15,200,0.3000,42,9996100342,9996100137,597
docs/inst_test/instancias/n_1000_6,5000,20,15,200,0.3000,123,9996100338,9996100114,577
docs/inst_test/instancias/n_1000_7,1000,10,7,50,0.3000,42,9996105257,9996103798,136
docs/inst_test/instancias/n_1000_7,1000,10,7,50,0.3000,123,9996105257,9996103798,134
docs/inst_test/instancias/n_1000_7,1000,10,7,50,0.2000,2026,9996105257,9996103798,184
docs/inst_test/instancias/n_1000_7,1000,10,7,50,0.3000,2026,9996105257,9996103798,145
docs/inst_test/instancias/n_1000_7,1000,10,7,100,0.1000,123,9996105257,9996103798,116
docs/inst_test/instancias/n_1000_7,1000,10,7,100,0.1000,42,9996105257,9996103798,131
docs/inst_test/instancias/n_1000_7,1000,10,7,100,0.1000,2026,9996105257,9996103798,131
docs/inst_test/instancias/n_1000_6,5000,20,15,200,0.3000,2026,9996100344,9996100131,618
docs/inst_test/instancias/n_1000_7,1000,10,7,100,0.2000,123,9996105257,9996103798,133
docs/inst_test/instancias/n_1000_7,1000,10,7,100,0.2000,42,9996105257,9996103798,152
docs/inst_test/instancias/n_1000_7,1000,10,7,100,0.2000,2026,9996105257,9996103798,122
docs/inst_test/instancias/n_1000_7,1000,10,7,100,0.3000,123,9996105257,9996103798,108
docs/inst_test/instancias/n_1000_7,1000,10,7,100,0.3000,42,9996105257,9996103798,131
docs/inst_test/instancias/n_1000_7,1000,10,7,100,0.3000,2026,9996105257,9996103798,137
docs/inst_test/instancias/n_1000_7,1000,10,7,200,0.1000,123,9996105257,9996103798,120
docs/inst_test/instancias/n_1000_7,1000,10,7,200,0.1000,42,9996105257,9996103798,127
docs/inst_test/instancias/n_1000_7,1000,10,7,200,0.1000,2026,9996105257,9996103798,141
docs/inst_test/instancias/n_1000_7,1000,10,7,200,0.2000,123,9996105257,9996103798,131
docs/inst_test/instancias/n_1000_7,1000,10,7,200,0.2000,42,9996105257,9996103798,141
docs/inst_test/instancias/n_1000_7,1000,10,7,200,0.2000,2026,9996105257,9996103798,108
docs/inst_test/instancias/n_1000_7,1000,10,7,200,0.3000,42,9996105257,9996103798,118
docs/inst_test/instancias/n_1000_7,1000,10,7,200,0.3000,123,9996105257,9996103798,118
docs/inst_test/instancias/n_1000_7,1000,10,7,200,0.3000,2026,9996105257,9996103798,116
docs/inst_test/instancias/n_1000_7,1000,10,10,50,0.1000,42,9996105257,9996103798,149
docs/inst_test/instancias/n_1000_7,1000,10,10,50,0.1000,123,9996105257,9996103798,116
docs/inst_test/instancias/n_1000_7,1000,10,10,50,0.2000,123,9996105257,9996103798,123
docs/inst_test/instancias/n_1000_7,1000,10,10,50,0.2000,42,9996105257,9996103798,133
docs/inst_test/instancias/n_1000_7,1000,10,10,50,0.2000,2026,9996105257,9996103798,109
docs/inst_test/instancias/n_1000_7,1000,10,10,50,0.1000,2026,9996105257,9996103798,149
docs/inst_test/instancias/n_1000_7,1000,10,10,50,0.3000,123,9996105257,9996103798,111
docs/inst_test/instancias/n_1000_7,1000,10,10,50,0.3000,42,9996105257,9996103798,139
docs/inst_test/instancias/n_1000_7,1000,10,10,100,0.1000,42,9996105257,9996103798,115
docs/inst_test/instancias/n_1000_7,1000,10,10,50,0.3000,2026,9996105257,9996103798,131
docs/inst_test/instancias/n_1000_7,1000,10,10,100,0.1000,123,9996105257,9996103798,115
docs/inst_test/instancias/n_1000_7,1000,10,10,100,0.1000,2026,9996105257,9996103798,122
docs/inst_test/instancias/n_1000_7,1000,10,10,100,0.2000,123,9996105257,9996103798,123
docs/inst_test/instancias/n_1000_7,1000,10,10,100,0.2000,42,9996105257,9996103798,145
docs/inst_test/instancias/n_1000_7,1000,10,10,100,0.2000,2026,9996105257,9996103798,137
docs/inst_test/instancias/n_1000_7,1000,10,10,100,0.3000,42,9996105257,9996103798,132
docs/inst_test/instancias/n_1000_7,1000,10,10,100,0.3000,123,9996105257,9996103798,125
docs/inst_test/instancias/n_1000_7,1000,10,10,100,0.3000,2026,9996105257,9996103798,124
docs/inst_test/instancias/n_1000_7,1000,10,10,200,0.1000,42,9996105257,9996103798,140
docs/inst_test/instancias/n_1000_7,1000,10,10,200,0.1000,123,9996105257,9996103798,139
docs/inst_test/instancias/n_1000_7,1000,10,10,200,0.1000,2026,9996105257,9996103798,133
docs/inst_test/instancias/n_1000_7,1000,10,10,200,0.2000,42,9996105257,9996103798,134
docs/inst_test/instancias/n_1000_7,1000,10,10,200,0.2000,123,9996105257,9996103798,125
docs/inst_test/instancias/n_1000_7,1000,10,10,200,0.2000,2026,9996105257,9996103798,136
docs/inst_test/instancias/n_1000_7,1000,10,10,200,0.3000,123,9996105257,9996103798,115
docs/inst_test/instancias/n_1000_7,1000,10,10,200,0.3000,42,9996105257,9996103798,133
docs/inst_test/instancias/n_1000_7,1000,10,10,200,0.3000,2026,9996105257,9996103798,136
docs/inst_test/instancias/n_1000_7,1000,10,15,50,0.1000,123,9996105257,9996103798,123
docs/inst_test/instancias/n_1000_7,1000,10,15,50,0.1000,42,9996105257,9996103798,139
docs/inst_test/instancias/n_1000_7,1000,10,15,50,0.2000,42,9996105257,9996103798,114
docs/inst_test/instancias/n_1000_7,1000,10,15,50,0.1000,2026,9996105257,9996103798,126
docs/inst_test/instancias/n_1000_7,1000,10,15,50,0.2000,123,9996105257,9996103798,123
docs/inst_test/instancias/n_1000_7,1000,10,15,50,0.2000,2026,9996105257,9996103798,131
docs/inst_test/instancias/n_1000_7,1000,10,15,50,0.3000,42,9996105257,9996103798,138
docs/inst_test/instancias/n_1000_7,1000,10,15,50,0.3000,123,9996105257,9996103798,118
docs/inst_test/instancias/n_1000_7,1000,10,15,50,0.3000,2026,9996105257,9996103798,129
docs/inst_test/instancias/n_1000_7,1000,10,15,100,0.1000,42,9996105257,9996103798,121
docs/inst_test/instancias/n_1000_7,1000,10,15,100,0.1000,2026,9996105257,9996103798,124
docs/inst_test/instancias/n_1000_7,1000,10,15,100,0.1000,123,9996105257,9996103798,131
docs/inst_test/instancias/n_1000_7,1000,10,15,100,0.2000,42,9996105257,9996103798,132
docs/inst_test/instancias/n_1000_7,1000,10,15,100,0.2000,123,9996105257,9996103798,122
docs/inst_test/instancias/n_1000_7,1000,10,15,100,0.2000,2026,9996105257,9996103798,116
docs/inst_test/instancias/n_1000_7,1000,10,15,200,0.1000,42,9996105257,9996103798,104
docs/inst_test/instancias/n_1000_7,1000,10,15,100,0.3000,42,9996105257,9996103798,135
docs/inst_test/instancias/n_1000_7,1000,10,15,100,0.3000,2026,9996105257,9996103798,131
docs/inst_test/instancias/n_1000_7,1000,10,15,100,0.3000,123,9996105257,9996103798,132
docs/inst_test/instancias/n_1000_7,1000,10,15,200,0.1000,123,9996105257,9996103798,129
docs/inst_test/instancias/n_1000_7,1000,10,15,200,0.1000,2026,9996105257,9996103798,120
docs/inst_test/instancias/n_1000_7,1000,10,15,200,0.2000,42,9996105257,9996103798,125
docs/inst_test/instancias/n_1000_7,1000,10,15,200,0.2000,123,9996105257,9996103798,145
docs/inst_test/instancias/n_1000_7,1000,10,15,200,0.3000,42,9996105257,9996103798,131
docs/inst_test/instancias/n_1000_7,1000,10,15,200,0.3000,2026,9996105257,9996103798,122
docs/inst_test/instancias/n_1000_7,1000,10,15,200,0.2000,2026,9996105257,9996103798,148
docs/inst_test/instancias/n_1000_7,1000,15,7,50,0.1000,42,9996105257,9996103798,121
docs/inst_test/instancias/n_1000_7,1000,10,15,200,0.3000,123,9996105257,9996103798,147
docs/inst_test/instancias/n_1000_7,1000,15,7,50,0.1000,2026,9996105257,9996103798,122
docs/inst_test/instancias/n_1000_7,1000,15,7,50,0.1000,123,9996105257,9996103798,138
docs/inst_test/instancias/n_1000_7,1000,15,7,50,0.2000,42,9996105257,9996103798,129
docs/inst_test/instancias/n_1000_7,1000,15,7,50,0.2000,123,9996105257,9996103798,138
docs/inst_test/instancias/n_1000_7,1000,15,7,50,0.3000,42,9996105257,9996103798,131
docs/inst_test/instancias/n_1000_7,1000,15,7,50,0.2000,2026,9996105257,9996103798,143
docs/inst_test/instancias/n_1000_7,1000,15,7,50,0.3000,2026,9996105257,9996103798,124
docs/inst_test/instancias/n_1000_7,1000,15,7,50,0.3000,123,9996105257,9996103798,139
docs/inst_test/instancias/n_1000_7,1000,15,7,100,0.1000,42,9996105257,9996103798,120
docs/inst_test/instancias/n_1000_7,1000,15,7,100,0.1000,123,9996105257,9996103798,145
docs/inst_test/instancias/n_1000_7,1000,15,7,100,0.1000,2026,9996105257,9996103798,117
docs/inst_test/instancias/n_1000_7,1000,15,7,100,0.2000,2026,9996105257,9996103798,108
docs/inst_test/instancias/n_1000_7,1000,15,7,100,0.2000,42,9996105257,9996103798,117
docs/inst_test/instancias/n_1000_7,1000,15,7,100,0.2000,123,9996105257,9996103798,128
docs/inst_test/instancias/n_1000_7,1000,15,7,100,0.3000,123,9996105257,9996103798,121
docs/inst_test/instancias/n_1000_7,1000,15,7,100,0.3000,42,9996105257,9996103798,135
docs/inst_test/instancias/n_1000_7,1000,15,7,100,0.3000,2026,9996105257,9996103798,113
docs/inst_test/instancias/n_1000_7,1000,15,7,200,0.1000,123,9996105257,9996103798,130
docs/inst_test/instancias/n_1000_7,1000,15,7,200,0.1000,42,9996105257,9996103798,143
docs/inst_test/instancias/n_1000_7,1000,15,7,200,0.2000,42,9996105257,9996103798,120
docs/inst_test/instancias/n_1000_7,1000,15,7,200,0.1000,2026,9996105257,9996103798,124
docs/inst_test/instancias/n_1000_7,1000,15,7,200,0.3000,42,9996105257,9996103798,106
docs/inst_test/instancias/n_1000_7,1000,15,7,200,0.2000,2026,9996105257,9996103798,115
docs/inst_test/instancias/n_1000_7,1000,15,7,200,0.3000,123,9996105257,9996103798,122
docs/inst_test/instancias/n_1000_7,1000,15,7,200,0.2000,123,9996105257,9996103798,148
docs/inst_test/instancias/n_1000_7,1000,15,10,50,0.1000,42,9996105257,9996103798,133
docs/inst_test/instancias/n_1000_7,1000,15,10,50,0.1000,123,9996105257,9996103798,123
docs/inst_test/instancias/n_1000_7,1000,15,7,200,0.3000,2026,9996105257,9996103798,157
docs/inst_test/instancias/n_1000_7,1000,15,10,50,0.1000,2026,9996105257,9996103798,131
docs/inst_test/instancias/n_1000_7,1000,15,10,50,0.2000,42,9996105257,9996103798,132
docs/inst_test/instancias/n_1000_7,1000,15,10,50,0.2000,123,9996105257,9996103798,141
docs/inst_test/instancias/n_1000_7,1000,15,10,50,0.2000,2026,9996105257,9996103798,139
docs/inst_test/instancias/n_1000_7,1000,15,10,50,0.3000,42,9996105257,9996103798,137
docs/inst_test/instancias/n_1000_7,1000,15,10,50,0.3000,123,9996105257,9996103798,127
docs/inst_test/instancias/n_1000_7,1000,15,10,50,0.3000,2026,9996105257,9996103798,115
docs/inst_test/instancias/n_1000_7,1000,15,10,100,0.1000,42,9996105257,9996103798,126
docs/inst_test/instancias/n_1000_7,1000,15,10,100,0.1000,123,9996105257,9996103798,152
docs/inst_test/instancias/n_1000_7,1000,15,10,100,0.2000,42,9996105257,9996103798,142
docs/inst_test/instancias/n_1000_7,1000,15,10,100,0.1000,2026,9996105257,9996103798,155
docs/inst_test/instancias/n_1000_7,1000,15,10,100,0.2000,123,9996105257,9996103798,139
docs/inst_test/instancias/n_1000_7,1000,15,10,100,0.2000,2026,9996105257,9996103798,138
docs/inst_test/instancias/n_1000_7,1000,15,10,100,0.3000,42,9996105257,9996103798,155
docs/inst_test/instancias/n_1000_7,1000,15,10,100,0.3000,123,9996105257,9996103798,160
docs/inst_test/instancias/n_1000_7,1000,15,10,100,0.3000,2026,9996105257,9996103798,149
docs/inst_test/instancias/n_1000_7,1000,15,10,200,0.1000,42,9996105257,9996103798,127
docs/inst_test/instancias/n_1000_7,1000,15,10,200,0.1000,123,9996105257,9996103798,141
docs/inst_test/instancias/n_1000_7,1000,15,10,200,0.2000,123,9996105257,9996103798,122
docs/inst_test/instancias/n_1000_7,1000,15,10,200,0.2000,42,9996105257,9996103798,128
docs/inst_test/instancias/n_1000_7,1000,15,10,200,0.1000,2026,9996105257,9996103798,152
docs/inst_test/instancias/n_1000_7,1000,15,10,200,0.3000,2026,9996105257,9996103798,97
docs/inst_test/instancias/n_1000_7,1000,15,10,200,0.2000,2026,9996105257,9996103798,126
docs/inst_test/instancias/n_1000_7,1000,15,10,200,0.3000,42,9996105257,9996103798,125
docs/inst_test/instancias/n_1000_7,1000,15,10,200,0.3000,123,9996105257,9996103798,142
docs/inst_test/instancias/n_1000_7,1000,15,15,50,0.1000,42,9996105257,9996103798,130
docs/inst_test/instancias/n_1000_7,1000,15,15,50,0.2000,42,9996105257,9996103798,130
docs/inst_test/instancias/n_1000_7,1000,15,15,50,0.1000,123,9996105257,9996103798,148
docs/inst_test/instancias/n_1000_7,1000,15,15,50,0.1000,2026,9996105257,9996103798,145
docs/inst_test/instancias/n_1000_7,1000,15,15,50,0.2000,123,9996105257,9996103798,123
docs/inst_test/instancias/n_1000_7,1000,15,15,50,0.3000,42,9996105257,9996103798,127
docs/inst_test/instancias/n_1000_7,1000,15,15,50,0.2000,2026,9996105257,9996103798,137
docs/inst_test/instancias/n_1000_7,1000,15,15,50,0.3000,123,9996105257,9996103798,119
docs/inst_test/instancias/n_1000_7,1000,15,15,50,0.3000,2026,9996105257,9996103798,134
docs/inst_test/instancias/n_1000_7,1000,15,15,100,0.1000,123,9996105257,9996103798,129
docs/inst_test/instancias/n_1000_7,1000,15,15,100,0.1000,2026,9996105257,9996103798,129
docs/inst_test/instancias/n_1000_7,1000,15,15,100,0.1000,42,9996105257,9996103798,152
docs/inst_test/instancias/n_1000_7,1000,15,15,100,0.2000,42,9996105257,9996103798,111
docs/inst_test/instancias/n_1000_7,1000,15,15,100,0.2000,123,9996105257,9996103798,144
docs/inst_test/instancias/n_1000_7,1000,15,15,100,0.2000,2026,9996105257,9996103798,148
docs/inst_test/instancias/n_1000_7,1000,15,15,100,0.3000,42,9996105257,9996103798,138
docs/inst_test/instancias/n_1000_7,1000,15,15,200,0.1000,42,9996105257,9996103798,121
docs/inst_test/instancias/n_1000_7,1000,15,15,100,0.3000,2026,9996105257,9996103798,131
docs/inst_test/instancias/n_1000_7,1000,15,15,200,0.1000,123,9996105257,9996103798,117
docs/inst_test/instancias/n_1000_7,1000,15,15,100,0.3000,123,9996105257,9996103798,158
docs/inst_test/instancias/n_1000_7,1000,15,15,200,0.1000,2026,9996105257,9996103798,129
docs/inst_test/instancias/n_1000_7,1000,15,15,200,0.2000,42,9996105257,9996103798,115
docs/inst_test/instancias/n_1000_7,1000,15,15,200,0.2000,123,9996105257,9996103798,119
docs/inst_test/instancias/n_1000_7,1000,15,15,200,0.2000,2026,9996105257,9996103798,125
docs/inst_test/instancias/n_1000_7,1000,15,15,200,0.3000,42,9996105257,9996103798,130
docs/inst_test/instancias/n_1000_7,1000,15,15,200,0.3000,123,9996105257,9996103798,130
docs/inst_test/instancias/n_1000_7,1000,20,7,50,0.1000,123,9996105257,9996103798,108
docs/inst_test/instancias/n_1000_7,1000,15,15,200,0.3000,2026,9996105257,9996103798,130
docs/inst_test/instancias/n_1000_7,1000,20,7,50,0.1000,42,9996105257,9996103798,137
docs/inst_test/instancias/n_1000_7,1000,20,7,50,0.1000,2026,9996105257,9996103798,135
docs/inst_test/instancias/n_1000_7,1000,20,7,50,0.2000,42,9996105257,9996103798,141
docs/inst_test/instancias/n_1000_7,1000,20,7,50,0.2000,123,9996105257,9996103798,157
docs/inst_test/instancias/n_1000_7,1000,20,7,50,0.3000,123,9996105257,9996103798,112
docs/inst_test/instancias/n_1000_7,1000,20,7,50,0.2000,2026,9996105257,9996103798,143
docs/inst_test/instancias/n_1000_7,1000,20,7,50,0.3000,42,9996105257,9996103798,140
docs/inst_test/instancias/n_1000_7,1000,20,7,100,0.1000,42,9996105257,9996103798,123
docs/inst_test/instancias/n_1000_7,1000,20,7,50,0.3000,2026,9996105257,9996103798,140
docs/inst_test/instancias/n_1000_7,1000,20,7,100,0.1000,2026,9996105257,9996103798,118
docs/inst_test/instancias/n_1000_7,1000,20,7,100,0.1000,123,9996105257,9996103798,141
docs/inst_test/instancias/n_1000_7,1000,20,7,100,0.2000,123,9996105257,9996103798,115
docs/inst_test/instancias/n_1000_7,1000,20,7,100,0.2000,42,9996105257,9996103798,138
docs/inst_test/instancias/n_1000_7,1000,20,7,100,0.3000,123,9996105257,9996103798,121
docs/inst_test/instancias/n_1000_7,1000,20,7,100,0.3000,42,9996105257,9996103798,130
docs/inst_test/instancias/n_1000_7,1000,20,7,100,0.3000,2026,9996105257,9996103798,132
docs/inst_test/instancias/n_1000_7,1000,20,7,100,0.2000,2026,9996105257,9996103798,144
docs/inst_test/instancias/n_1000_7,1000,20,7,200,0.1000,42,9996105257,9996103798,106
docs/inst_test/instancias/n_1000_7,1000,20,7,200,0.1000,2026,9996105257,9996103798,105
docs/inst_test/instancias/n_1000_7,1000,20,7,200,0.1000,123,9996105257,9996103798,133
docs/inst_test/instancias/n_1000_7,1000,20,7,200,0.2000,42,9996105257,9996103798,130
docs/inst_test/instancias/n_1000_7,1000,20,7,200,0.2000,2026,9996105257,9996103798,110
docs/inst_test/instancias/n_1000_7,1000,20,7,200,0.2000,123,9996105257,9996103798,124
docs/inst_test/instancias/n_1000_7,1000,20,7,200,0.3000,123,9996105257,9996103798,123
docs/inst_test/instancias/n_1000_7,1000,20,7,200,0.3000,42,9996105257,9996103798,146
docs/inst_test/instancias/n_1000_7,1000,20,7,200,0.3000,2026,9996105257,9996103798,115
docs/inst_test/instancias/n_1000_7,1000,20,10,50,0.1000,123,9996105257,9996103798,114
docs/inst_test/instancias/n_1000_7,1000,20,10,50,0.1000,42,9996105257,9996103798,124
docs/inst_test/instancias/n_1000_7,1000,20,10,50,0.2000,123,9996105257,9996103798,110
docs/inst_test/instancias/n_1000_7,1000,20,10,50,0.1000,2026,9996105257,9996103798,127
docs/inst_test/instancias/n_1000_7,1000,20,10,50,0.2000,2026,9996105257,9996103798,128
docs/inst_test/instancias/n_1000_7,1000,20,10,50,0.3000,42,9996105257,9996103798,125
docs/inst_test/instancias/n_1000_7,1000,20,10,50,0.2000,42,9996105257,9996103798,169
docs/inst_test/instancias/n_1000_7,1000,20,10,50,0.3000,123,9996105257,9996103798,131
docs/inst_test/instancias/n_1000_7,1000,20,10,100,0.1000,42,9996105257,9996103798,112
docs/inst_test/instancias/n_1000_7,1000,20,10,50,0.3000,2026,9996105257,9996103798,149
docs/inst_test/instancias/n_1000_7,1000,20,10,100,0.1000,2026,9996105257,9996103798,124
docs/inst_test/instancias/n_1000_7,1000,20,10,100,0.1000,123,9996105257,9996103798,146
docs/inst_test/instancias/n_1000_7,1000,20,10,100,0.2000,42,9996105257,9996103798,127
docs/inst_test/instancias/n_1000_7,1000,20,10,100,0.2000,123,9996105257,9996103798,124
docs/inst_test/instancias/n_1000_7,1000,20,10,100,0.3000,42,9996105257,9996103798,116
docs/inst_test/instancias/n_1000_7,1000,20,10,100,0.2000,2026,9996105257,9996103798,132
docs/inst_test/instancias/n_1000_7,1000,20,10,100,0.3000,123,9996105257,9996103798,140
docs/inst_test/instancias/n_1000_7,1000,20,10,100,0.3000,2026,9996105257,9996103798,125
docs/inst_test/instancias/n_1000_7,1000,20,10,200,0.1000,42,9996105257,9996103798,114
docs/inst_test/instancias/n_1000_7,1000,20,10,200,0.1000,123,9996105257,9996103798,129
docs/inst_test/instancias/n_1000_7,1000,20,10,200,0.1000,2026,9996105257,9996103798,124
docs/inst_test/instancias/n_1000_7,1000,20,10,200,0.2000,123,9996105257,9996103798,133
docs/inst_test/instancias/n_1000_7,1000,20,10,200,0.2000,42,9996105257,9996103798,139
docs/inst_test/instancias/n_1000_7,1000,20,10,200,0.2000,2026,9996105257,9996103798,149
docs/inst_test/instancias/n_1000_7,1000,20,10,200,0.3000,123,9996105257,9996103798,126
docs/inst_test/instancias/n_1000_7,1000,20,10,200,0.3000,42,9996105257,9996103798,143
docs/inst_test/instancias/n_1000_7,1000,20,10,200,0.3000,2026,9996105257,9996103798,143
docs/inst_test/instancias/n_1000_7,1000,20,15,50,0.1000,42,9996105257,9996103798,144
docs/inst_test/instancias/n_1000_7,1000,20,15,50,0.1000,2026,9996105257,9996103798,121
docs/inst_test/instancias/n_1000_7,1000,20,15,50,0.1000,123,9996105257,9996103798,153
docs/inst_test/instancias/n_1000_7,1000,20,15,50,0.2000,123,9996105257,9996103798,131
docs/inst_test/instancias/n_1000_7,1000,20,15,50,0.2000,42,9996105257,9996103798,159
docs/inst_test/instancias/n_1000_7,1000,20,15,50,0.3000,42,9996105257,9996103798,144
docs/inst_test/instancias/n_1000_7,1000,20,15,50,0.2000,2026,9996105257,9996103798,154
docs/inst_test/instancias/n_1000_7,1000,20,15,50,0.3000,123,9996105257,9996103798,149
docs/inst_test/instancias/n_1000_7,1000,20,15,50,0.3000,2026,9996105257,9996103798,156
docs/inst_test/instancias/n_1000_7,1000,20,15,100,0.1000,42,9996105257,9996103798,149
docs/inst_test/instancias/n_1000_7,1000,20,15,100,0.1000,123,9996105257,9996103798,155
docs/inst_test/instancias/n_1000_7,1000,20,15,100,0.2000,42,9996105257,9996103798,139
docs/inst_test/instancias/n_1000_7,1000,20,15,100,0.1000,2026,9996105257,9996103798,152
docs/inst_test/instancias/n_1000_7,1000,20,15,100,0.2000,2026,9996105257,9996103798,136
docs/inst_test/instancias/n_1000_7,1000,20,15,100,0.2000,123,9996105257,9996103798,152
docs/inst_test/instancias/n_1000_7,1000,20,15,100,0.3000,42,9996105257,9996103798,130
docs/inst_test/instancias/n_1000_7,1000,20,15,100,0.3000,123,9996105257,9996103798,124
docs/inst_test/instancias/n_1000_7,1000,20,15,100,0.3000,2026,9996105257,9996103798,128
docs/inst_test/instancias/n_1000_7,1000,20,15,200,0.1000,42,9996105257,9996103798,133
docs/inst_test/instancias/n_1000_7,1000,20,15,200,0.1000,123,9996105257,9996103798,138
docs/inst_test/instancias/n_1000_7,1000,20,15,200,0.2000,123,9996105257,9996103798,108
docs/inst_test/instancias/n_1000_7,1000,20,15,200,0.1000,2026,9996105257,9996103798,149
docs/inst_test/instancias/n_1000_7,1000,20,15,200,0.2000,42,9996105257,9996103798,127
docs/inst_test/instancias/n_1000_7,1000,20,15,200,0.2000,2026,9996105257,9996103798,145
docs/inst_test/instancias/n_1000_7,1000,20,15,200,0.3000,42,9996105257,9996103798,136
docs/inst_test/instancias/n_1000_7,1000,20,15,200,0.3000,123,9996105257,9996103798,136
docs/inst_test/instancias/n_1000_7,1000,20,15,200,0.3000,2026,9996105257,9996103798,120
docs/inst_test/instancias/n_1000_7,3000,10,7,50,0.2000,42,9996105264,9996103875,354
docs/inst_test/instancias/n_1000_7,3000,10,7,50,0.1000,42,9996105257,9996103798,383
docs/inst_test/instancias/n_1000_7,3000,10,7,50,0.1000,123,9996105266,9996103835,373
docs/inst_test/instancias/n_1000_7,3000,10,7,50,0.1000,2026,9996105257,9996103798,370
docs/inst_test/instancias/n_1000_7,3000,10,7,50,0.3000,42,9996105257,9996103798,339
docs/inst_test/instancias/n_1000_7,3000,10,7,50,0.2000,2026,9996105257,9996103798,349
docs/inst_test/instancias/n_1000_7,3000,10,7,50,0.3000,123,9996105266,9996103835,369
docs/inst_test/instancias/n_1000_7,3000,10,7,50,0.2000,123,9996105266,9996103835,411
docs/inst_test/instancias/n_1000_7,3000,10,7,100,0.1000,123,9996105266,9996103835,370
docs/inst_test/instancias/n_1000_7,3000,10,7,50,0.3000,2026,9996105257,9996103798,379
docs/inst_test/instancias/n_1000_7,3000,10,7,100,0.1000,42,9996105257,9996103798,390
docs/inst_test/instancias/n_1000_7,3000,10,7,100,0.1000,2026,9996105257,9996103798,402
docs/inst_test/instancias/n_1000_7,3000,10,7,100,0.2000,42,9996105257,9996103798,393
docs/inst_test/instancias/n_1000_7,3000,10,7,100,0.2000,123,9996105266,9996103835,403
docs/inst_test/instancias/n_1000_7,3000,10,7,100,0.2000,2026,9996105257,9996103798,395
docs/inst_test/instancias/n_1000_7,3000,10,7,100,0.3000,42,9996105257,9996103798,395
docs/inst_test/instancias/n_1000_7,3000,10,7,200,0.1000,42,9996105257,9996103798,365
docs/inst_test/instancias/n_1000_7,3000,10,7,200,0.1000,123,9996105257,9996103798,351
docs/inst_test/instancias/n_1000_7,3000,10,7,100,0.3000,123,9996105266,9996103835,388
docs/inst_test/instancias/n_1000_7,3000,10,7,100,0.3000,2026,9996105257,9996103798,417
docs/inst_test/instancias/n_1000_7,3000,10,7,200,0.1000,2026,9996105257,9996103798,360
docs/inst_test/instancias/n_1000_7,3000,10,7,200,0.2000,123,9996105257,9996103798,371
docs/inst_test/instancias/n_1000_7,3000,10,7,200,0.2000,42,9996105257,9996103798,399
docs/inst_test/instancias/n_1000_7,3000,10,7,200,0.2000,2026,9996105257,9996103798,379
docs/inst_test/instancias/n_1000_7,3000,10,7,200,0.3000,42,9996105257,9996103798,365
docs/inst_test/instancias/n_1000_7,3000,10,7,200,0.3000,2026,9996105257,9996103798,373
docs/inst_test/instancias/n_1000_7,3000,10,7,200,0.3000,123,9996105257,9996103798,408
docs/inst_test/instancias/n_1000_7,3000,10,10,50,0.1000,123,9996105266,9996103835,367
docs/inst_test/instancias/n_1000_7,3000,10,10,50,0.1000,42,9996105257,9996103798,385
docs/inst_test/instancias/n_1000_7,3000,10,10,50,0.1000,2026,9996105257,9996103798,392
docs/inst_test/instancias/n_1000_7,3000,10,10,50,0.2000,123,9996105266,9996103835,383
docs/inst_test/instancias/n_1000_7,3000,10,10,50,0.2000,42,9996105264,9996103875,405
docs/inst_test/instancias/n_1000_7,3000,10,10,50,0.2000,2026,9996105257,9996103798,300
docs/inst_test/instancias/n_1000_7,3000,10,10,50,0.3000,42,9996105257,9996103798,315
docs/inst_test/instancias/n_1000_7,3000,10,10,50,0.3000,2026,9996105257,9996103798,404
docs/inst_test/instancias/n_1000_7,3000,10,10,50,0.3000,123,9996105266,9996103835,429
docs/inst_test/instancias/n_1000_7,3000,10,10,100,0.1000,123,9996105266,9996103835,412
docs/inst_test/instancias/n_1000_7,3000,10,10,100,0.1000,2026,9996105257,9996103798,422
docs/inst_test/instancias/n_1000_7,3000,10,10,100,0.1000,42,9996105257,9996103798,526
docs/inst_test/instancias/n_1000_7,3000,10,10,100,0.2000,42,9996105257,9996103798,491
docs/inst_test/instancias/n_1000_7,3000,10,10,100,0.2000,2026,9996105257,9996103798,386
docs/inst_test/instancias/n_1000_7,3000,10,10,100,0.2000,123,9996105266,9996103835,421
docs/inst_test/instancias/n_1000_7,3000,10,10,100,0.3000,123,9996105266,9996103835,368
docs/inst_test/instancias/n_1000_7,3000,10,10,100,0.3000,42,9996105257,9996103798,408
docs/inst_test/instancias/n_1000_7,3000,10,10,100,0.3000,2026,9996105257,9996103798,367
docs/inst_test/instancias/n_1000_7,3000,10,10,200,0.1000,42,9996105257,9996103798,403
docs/inst_test/instancias/n_1000_7,3000,10,10,200,0.1000,2026,9996105257,9996103798,333
docs/inst_test/instancias/n_1000_7,3000,10,10,200,0.1000,123,9996105257,9996103798,401
docs/inst_test/instancias/n_1000_7,3000,10,10,200,0.2000,42,9996105257,9996103798,395
docs/inst_test/instancias/n_1000_7,3000,10,10,200,0.2000,123,9996105257,9996103798,409
docs/inst_test/instancias/n_1000_7,3000,10,10,200,0.2000,2026,9996105257,9996103798,379
docs/inst_test/instancias/n_1000_7,3000,10,10,200,0.3000,42,9996105257,9996103798,377
docs/inst_test/instancias/n_1000_7,3000,10,10,200,0.3000,123,9996105257,9996103798,351
docs/inst_test/instancias/n_1000_7,3000,10,15,50,0.1000,42,9996105257,9996103798,322
docs/inst_test/instancias/n_1000_7,3000,10,10,200,0.3000,2026,9996105257,9996103798,405
docs/inst_test/instancias/n_1000_7,3000,10,15,50,0.1000,123,9996105266,9996103835,432
docs/inst_test/instancias/n_1000_7,3000,10,15,50,0.1000,2026,9996105257,9996103798,392
docs/inst_test/instancias/n_1000_7,3000,10,15,50,0.2000,42,9996105264,9996103875,388
docs/inst_test/instancias/n_1000_7,3000,10,15,50,0.3000,123,9996105266,9996103835,407
docs/inst_test/instancias/n_1000_7,3000,10,15,50,0.2000,2026,9996105257,9996103798,472
docs/inst_test/instancias/n_1000_7,3000,10,15,50,0.3000,42,9996105257,9996103798,468
docs/inst_test/instancias/n_1000_7,3000,10,15,50,0.2000,123,9996105266,9996103835,498
docs/inst_test/instancias/n_1000_7,3000,10,15,50,0.3000,2026,9996105257,9996103798,482
docs/inst_test/instancias/n_1000_7,3000,10,15,100,0.1000,42,9996105257,9996103798,459
docs/inst_test/instancias/n_1000_7,3000,10,15,100,0.1000,2026,9996105257,9996103798,474
docs/inst_test/instancias/n_1000_7,3000,10,15,100,0.1000,123,9996105266,9996103835,496
docs/inst_test/instancias/n_1000_7,3000,10,15,100,0.2000,2026,9996105257,9996103798,351
docs/inst_test/instancias/n_1000_7,3000,10,15,100,0.3000,42,9996105257,9996103798,355
docs/inst_test/instancias/n_1000_7,3000,10,15,100,0.2000,42,9996105257,9996103798,381
docs/inst_test/instancias/n_1000_7,3000,10,15,100,0.2000,123,9996105266,9996103835,389
docs/inst_test/instancias/n_1000_7,3000,10,15,100,0.3000,2026,9996105257,9996103798,346
docs/inst_test/instancias/n_1000_7,3000,10,15,100,0.3000,123,9996105266,9996103835,501
docs/inst_test/instancias/n_1000_7,3000,10,15,200,0.1000,42,9996105257,9996103798,360
docs/inst_test/instancias/n_1000_7,3000,10,15,200,0.1000,123,9996105257,9996103798,366
docs/inst_test/instancias/n_1000_7,3000,10,15,200,0.2000,123,9996105257,9996103798,345
docs/inst_test/instancias/n_1000_7,3000,10,15,200,0.2000,42,9996105257,9996103798,357
docs/inst_test/instancias/n_1000_7,3000,10,15,200,0.1000,2026,9996105257,9996103798,382
docs/inst_test/instancias/n_1000_7,3000,10,15,200,0.2000,2026,9996105257,9996103798,405
docs/inst_test/instancias/n_1000_7,3000,10,15,200,0.3000,42,9996105257,9996103798,348
docs/inst_test/instancias/n_1000_7,3000,10,15,200,0.3000,123,9996105257,9996103798,363
docs/inst_test/instancias/n_1000_7,3000,15,7,50,0.1000,42,9996105257,9996103798,364
docs/inst_test/instancias/n_1000_7,3000,10,15,200,0.3000,2026,9996105257,9996103798,392
docs/inst_test/instancias/n_1000_7,3000,15,7,50,0.1000,123,9996105266,9996103835,351
docs/inst_test/instancias/n_1000_7,3000,15,7,50,0.1000,2026,9996105257,9996103798,372
docs/inst_test/instancias/n_1000_7,3000,15,7,50,0.2000,42,9996105264,9996103875,415
docs/inst_test/instancias/n_1000_7,3000,15,7,50,0.2000,123,9996105266,9996103835,373
docs/inst_test/instancias/n_1000_7,3000,15,7,50,0.2000,2026,9996105257,9996103798,359
docs/inst_test/instancias/n_1000_7,3000,15,7,50,0.3000,123,9996105266,9996103835,352
docs/inst_test/instancias/n_1000_7,3000,15,7,50,0.3000,2026,9996105257,9996103798,342
docs/inst_test/instancias/n_1000_7,3000,15,7,50,0.3000,42,9996105257,9996103798,410
docs/inst_test/instancias/n_1000_7,3000,15,7,100,0.1000,42,9996105257,9996103798,402
docs/inst_test/instancias/n_1000_7,3000,15,7,100,0.1000,123,9996105266,9996103835,385
docs/inst_test/instancias/n_1000_7,3000,15,7,100,0.1000,2026,9996105257,9996103798,392
docs/inst_test/instancias/n_1000_7,3000,15,7,100,0.2000,123,9996105266,9996103835,365
docs/inst_test/instancias/n_1000_7,3000,15,7,100,0.2000,42,9996105257,9996103798,419
docs/inst_test/instancias/n_1000_7,3000,15,7,100,0.2000,2026,9996105257,9996103798,371
docs/inst_test/instancias/n_1000_7,3000,15,7,100,0.3000,42,9996105257,9996103798,369
docs/inst_test/instancias/n_1000_7,3000,15,7,200,0.1000,42,9996105257,9996103798,362
docs/inst_test/instancias/n_1000_7,3000,15,7,100,0.3000,2026,9996105257,9996103798,379
docs/inst_test/instancias/n_1000_7,3000,15,7,100,0.3000,123,9996105266,9996103835,443
docs/inst_test/instancias/n_1000_7,3000,15,7,200,0.1000,123,9996105257,9996103798,345
docs/inst_test/instancias/n_1000_7,3000,15,7,200,0.1000,2026,9996105257,9996103798,316
docs/inst_test/instancias/n_1000_7,3000,15,7,200,0.2000,42,9996105257,9996103798,448
docs/inst_test/instancias/n_1000_7,3000,15,7,200,0.2000,123,9996105257,9996103798,368
docs/inst_test/instancias/n_1000_7,3000,15,7,200,0.2000,2026,9996105257,9996103798,381
docs/inst_test/instancias/n_1000_7,3000,15,7,200,0.3000,123,9996105257,9996103798,327
docs/inst_test/instancias/n_1000_7,3000,15,7,200,0.3000,42,9996105257,9996103798,361
docs/inst_test/instancias/n_1000_7,3000,15,10,50,0.1000,123,9996105266,9996103835,314
docs/inst_test/instancias/n_1000_7,3000,15,10,50,0.1000,42,9996105257,9996103798,364
docs/inst_test/instancias/n_1000_7,3000,15,7,200,0.3000,2026,9996105257,9996103798,447
docs/inst_test/instancias/n_1000_7,3000,15,10,50,0.1000,2026,9996105257,9996103798,394
docs/inst_test/instancias/n_1000_7,3000,15,10,50,0.2000,123,9996105266,9996103835,362
docs/inst_test/instancias/n_1000_7,3000,15,10,50,0.2000,42,9996105264,9996103875,395
docs/inst_test/instancias/n_1000_7,3000,15,10,50,0.2000,2026,9996105257,9996103798,420
docs/inst_test/instancias/n_1000_7,3000,15,10,50,0.3000,42,9996105257,9996103798,391
docs/inst_test/instancias/n_1000_7,3000,15,10,50,0.3000,123,9996105266,9996103835,385
docs/inst_test/instancias/n_1000_7,3000,15,10,50,0.3000,2026,9996105257,9996103798,419
docs/inst_test/instancias/n_1000_7,3000,15,10,100,0.1000,42,9996105257,9996103798,403
docs/inst_test/instancias/n_1000_7,3000,15,10,100,0.1000,123,9996105266,9996103835,377
docs/inst_test/instancias/n_1000_7,3000,15,10,100,0.1000,2026,9996105257,9996103798,364
docs/inst_test/instancias/n_1000_7,3000,15,10,100,0.2000,42,9996105257,9996103798,395
docs/inst_test/instancias/n_1000_7,3000,15,10,100,0.2000,2026,9996105257,9996103798,358
docs/inst_test/instancias/n_1000_7,3000,15,10,100,0.2000,123,9996105266,9996103835,392
docs/inst_test/instancias/n_1000_7,3000,15,10,100,0.3000,42,9996105257,9996103798,408
docs/inst_test/instancias/n_1000_7,3000,15,10,100,0.3000,123,9996105266,9996103835,357
docs/inst_test/instancias/n_1000_7,3000,15,10,100,0.3000,2026,9996105257,9996103798,383
docs/inst_test/instancias/n_1000_7,3000,15,10,200,0.1000,123,9996105257,9996103798,359
docs/inst_test/instancias/n_1000_7,3000,15,10,200,0.1000,42,9996105257,9996103798,434
docs/inst_test/instancias/n_1000_7,3000,15,10,200,0.1000,2026,9996105257,9996103798,365
docs/inst_test/instancias/n_1000_7,3000,15,10,200,0.2000,42,9996105257,9996103798,332
docs/inst_test/instancias/n_1000_7,3000,15,10,200,0.2000,2026,9996105257,9996103798,351
docs/inst_test/instancias/n_1000_7,3000,15,10,200,0.2000,123,9996105257,9996103798,378
docs/inst_test/instancias/n_1000_7,3000,15,10,200,0.3000,42,9996105257,9996103798,347
docs/inst_test/instancias/n_1000_7,3000,15,10,200,0.3000,123,9996105257,9996103798,404
docs/inst_test/instancias/n_1000_7,3000,15,15,50,0.1000,42,9996105257,9996103798,360
docs/inst_test/instancias/n_1000_7,3000,15,15,50,0.1000,2026,9996105257,9996103798,342
docs/inst_test/instancias/n_1000_7,3000,15,15,50,0.1000,123,9996105266,9996103835,388
docs/inst_test/instancias/n_1000_7,3000,15,10,200,0.3000,2026,9996105257,9996103798,493
docs/inst_test/instancias/n_1000_7,3000,15,15,50,0.2000,123,9996105266,9996103835,368
docs/inst_test/instancias/n_1000_7,3000,15,15,50,0.2000,2026,9996105257,9996103798,354
docs/inst_test/instancias/n_1000_7,3000,15,15,50,0.2000,42,9996105264,9996103875,397
docs/inst_test/instancias/n_1000_7,3000,15,15,50,0.3000,42,9996105257,9996103798,376
docs/inst_test/instancias/n_1000_7,3000,15,15,50,0.3000,123,9996105266,9996103835,390
docs/inst_test/instancias/n_1000_7,3000,15,15,50,0.3000,2026,9996105257,9996103798,378
docs/inst_test/instancias/n_1000_7,3000,15,15,100,0.1000,42,9996105257,9996103798,390
docs/inst_test/instancias/n_1000_7,3000,15,15,100,0.1000,2026,9996105257,9996103798,366
docs/inst_test/instancias/n_1000_7,3000,15,15,100,0.1000,123,9996105266,9996103835,390
docs/inst_test/instancias/n_1000_7,3000,15,15,100,0.2000,42,9996105257,9996103798,383
docs/inst_test/instancias/n_1000_7,3000,15,15,100,0.2000,123,9996105266,9996103835,369
docs/inst_test/instancias/n_1000_7,3000,15,15,100,0.2000,2026,9996105257,9996103798,368
docs/inst_test/instancias/n_1000_7,3000,15,15,100,0.3000,123,9996105266,9996103835,379
docs/inst_test/instancias/n_1000_7,3000,15,15,100,0.3000,42,9996105257,9996103798,396
docs/inst_test/instancias/n_1000_7,3000,15,15,100,0.3000,2026,9996105257,9996103798,350
docs/inst_test/instancias/n_1000_7,3000,15,15,200,0.1000,42,9996105257,9996103798,371
docs/inst_test/instancias/n_1000_7,3000,15,15,200,0.1000,123,9996105257,9996103798,374
docs/inst_test/instancias/n_1000_7,3000,15,15,200,0.1000,2026,9996105257,9996103798,360
docs/inst_test/instancias/n_1000_7,3000,15,15,200,0.2000,42,9996105257,9996103798,374
docs/inst_test/instancias/n_1000_7,3000,15,15,200,0.2000,123,9996105257,9996103798,380
docs/inst_test/instancias/n_1000_7,3000,15,15,200,0.3000,42,9996105257,9996103798,360
docs/inst_test/instancias/n_1000_7,3000,15,15,200,0.3000,123,9996105257,9996103798,351
docs/inst_test/instancias/n_1000_7,3000,15,15,200,0.2000,2026,9996105257,9996103798,369
docs/inst_test/instancias/n_1000_7,3000,15,15,200,0.3000,2026,9996105257,9996103798,387
docs/inst_test/instancias/n_1000_7,3000,20,7,50,0.1000,123,9996105266,9996103835,386
docs/inst_test/instancias/n_1000_7,3000,20,7,50,0.1000,42,9996105257,9996103798,406
docs/inst_test/instancias/n_1000_7,3000,20,7,50,0.1000,2026,9996105257,9996103798,390
docs/inst_test/instancias/n_1000_7,3000,20,7,50,0.2000,42,9996105264,9996103875,360
docs/inst_test/instancias/n_1000_7,3000,20,7,50,0.3000,42,9996105257,9996103798,343
docs/inst_test/instancias/n_1000_7,3000,20,7,50,0.2000,123,9996105266,9996103835,358
docs/inst_test/instancias/n_1000_7,3000,20,7,50,0.2000,2026,9996105257,9996103798,423
docs/inst_test/instancias/n_1000_7,3000,20,7,50,0.3000,123,9996105266,9996103835,377
docs/inst_test/instancias/n_1000_7,3000,20,7,50,0.3000,2026,9996105257,9996103798,385
docs/inst_test/instancias/n_1000_7,3000,20,7,100,0.1000,42,9996105257,9996103798,389
docs/inst_test/instancias/n_1000_7,3000,20,7,100,0.1000,123,9996105266,9996103835,402
docs/inst_test/instancias/n_1000_7,3000,20,7,100,0.1000,2026,9996105257,9996103798,358
docs/inst_test/instancias/n_1000_7,3000,20,7,100,0.2000,123,9996105266,9996103835,344
docs/inst_test/instancias/n_1000_7,3000,20,7,100,0.3000,42,9996105257,9996103798,311
docs/inst_test/instancias/n_1000_7,3000,20,7,100,0.2000,2026,9996105257,9996103798,381
docs/inst_test/instancias/n_1000_7,3000,20,7,100,0.2000,42,9996105257,9996103798,477
docs/inst_test/instancias/n_1000_7,3000,20,7,100,0.3000,2026,9996105257,9996103798,328
docs/inst_test/instancias/n_1000_7,3000,20,7,100,0.3000,123,9996105266,9996103835,348
docs/inst_test/instancias/n_1000_7,3000,20,7,200,0.1000,42,9996105257,9996103798,362
docs/inst_test/instancias/n_1000_7,3000,20,7,200,0.1000,123,9996105257,9996103798,367
docs/inst_test/instancias/n_1000_7,3000,20,7,200,0.1000,2026,9996105257,9996103798,341
docs/inst_test/instancias/n_1000_7,3000,20,7,200,0.2000,2026,9996105257,9996103798,340
docs/inst_test/instancias/n_1000_7,3000,20,7,200,0.2000,42,9996105257,9996103798,383
docs/inst_test/instancias/n_1000_7,3000,20,7,200,0.3000,42,9996105257,9996103798,364
docs/inst_test/instancias/n_1000_7,3000,20,7,200,0.3000,123,9996105257,9996103798,370
docs/inst_test/instancias/n_1000_7,3000,20,10,50,0.1000,42,9996105257,9996103798,323
docs/inst_test/instancias/n_1000_7,3000,20,7,200,0.3000,2026,9996105257,9996103798,365
docs/inst_test/instancias/n_1000_7,3000,20,7,200,0.2000,123,9996105257,9996103798,485
docs/inst_test/instancias/n_1000_7,3000,20,10,50,0.1000,123,9996105266,9996103835,321
docs/inst_test/instancias/n_1000_7,3000,20,10,50,0.2000,42,9996105264,9996103875,351
docs/inst_test/instancias/n_1000_7,3000,20,10,50,0.2000,123,9996105266,9996103835,362
docs/inst_test/instancias/n_1000_7,3000,20,10,50,0.1000,2026,9996105257,9996103798,410
docs/inst_test/instancias/n_1000_7,3000,20,10,50,0.3000,42,9996105257,9996103798,332
docs/inst_test/instancias/n_1000_7,3000,20,10,50,0.2000,2026,9996105257,9996103798,400
docs/inst_test/instancias/n_1000_7,3000,20,10,100,0.1000,42,9996105257,9996103798,321
docs/inst_test/instancias/n_1000_7,3000,20,10,50,0.3000,2026,9996105257,9996103798,400
docs/inst_test/instancias/n_1000_7,3000,20,10,50,0.3000,123,9996105266,9996103835,436
docs/inst_test/instancias/n_1000_7,3000,20,10,100,0.1000,123,9996105266,9996103835,384
docs/inst_test/instancias/n_1000_7,3000,20,10,100,0.2000,42,9996105257,9996103798,383
docs/inst_test/instancias/n_1000_7,3000,20,10,100,0.2000,2026,9996105257,9996103798,361
docs/inst_test/instancias/n_1000_7,3000,20,10,100,0.2000,123,9996105266,9996103835,389
docs/inst_test/instancias/n_1000_7,3000,20,10,100,0.1000,2026,9996105257,9996103798,469
docs/inst_test/instancias/n_1000_7,3000,20,10,100,0.3000,123,9996105266,9996103835,372
docs/inst_test/instancias/n_1000_7,3000,20,10,100,0.3000,42,9996105257,9996103798,389
docs/inst_test/instancias/n_1000_7,3000,20,10,100,0.3000,2026,9996105257,9996103798,422
docs/inst_test/instancias/n_1000_7,3000,20,10,200,0.1000,42,9996105257,9996103798,379
docs/inst_test/instancias/n_1000_7,3000,20,10,200,0.1000,123,9996105257,9996103798,391
docs/inst_test/instancias/n_1000_7,3000,20,10,200,0.1000,2026,9996105257,9996103798,429
docs/inst_test/instancias/n_1000_7,3000,20,10,200,0.2000,42,9996105257,9996103798,431
docs/inst_test/instancias/n_1000_7,3000,20,10,200,0.3000,42,9996105257,9996103798,372
docs/inst_test/instancias/n_1000_7,3000,20,10,200,0.2000,2026,9996105257,9996103798,402
docs/inst_test/instancias/n_1000_7,3000,20,10,200,0.2000,123,9996105257,9996103798,424
docs/inst_test/instancias/n_1000_7,3000,20,10,200,0.3000,123,9996105257,9996103798,394
docs/inst_test/instancias/n_1000_7,3000,20,10,200,0.3000,2026,9996105257,9996103798,393
docs/inst_test/instancias/n_1000_7,3000,20,15,50,0.1000,42,9996105257,9996103798,405
docs/inst_test/instancias/n_1000_7,3000,20,15,50,0.1000,2026,9996105257,9996103798,388
docs/inst_test/instancias/n_1000_7,3000,20,15,50,0.1000,123,9996105266,9996103835,433
docs/inst_test/instancias/n_1000_7,3000,20,15,50,0.2000,42,9996105264,9996103875,444
docs/inst_test/instancias/n_1000_7,3000,20,15,50,0.2000,123,9996105266,9996103835,439
docs/inst_test/instancias/n_1000_7,3000,20,15,50,0.2000,2026,9996105257,9996103798,463
docs/inst_test/instancias/n_1000_7,3000,20,15,50,0.3000,42,9996105257,9996103798,418
docs/inst_test/instancias/n_1000_7,3000,20,15,50,0.3000,123,9996105266,9996103835,326
docs/inst_test/instancias/n_1000_7,3000,20,15,50,0.3000,2026,9996105257,9996103798,434
docs/inst_test/instancias/n_1000_7,3000,20,15,100,0.1000,42,9996105257,9996103798,406
docs/inst_test/instancias/n_1000_7,3000,20,15,100,0.1000,123,9996105266,9996103835,389
docs/inst_test/instancias/n_1000_7,3000,20,15,100,0.1000,2026,9996105257,9996103798,394
docs/inst_test/instancias/n_1000_7,3000,20,15,100,0.2000,42,9996105257,9996103798,398
docs/inst_test/instancias/n_1000_7,3000,20,15,100,0.2000,123,9996105266,9996103835,387
docs/inst_test/instancias/n_1000_7,3000,20,15,100,0.2000,2026,9996105257,9996103798,373
docs/inst_test/instancias/n_1000_7,3000,20,15,100,0.3000,42,9996105257,9996103798,344
docs/inst_test/instancias/n_1000_7,3000,20,15,200,0.1000,42,9996105257,9996103798,327
docs/inst_test/instancias/n_1000_7,3000,20,15,100,0.3000,123,9996105266,9996103835,379
docs/inst_test/instancias/n_1000_7,3000,20,15,100,0.3000,2026,9996105257,9996103798,382
docs/inst_test/instancias/n_1000_7,3000,20,15,200,0.1000,123,9996105257,9996103798,400
docs/inst_test/instancias/n_1000_7,3000,20,15,200,0.2000,42,9996105257,9996103798,388
docs/inst_test/instancias/n_1000_7,3000,20,15,200,0.1000,2026,9996105257,9996103798,403
docs/inst_test/instancias/n_1000_7,3000,20,15,200,0.2000,123,9996105257,9996103798,429
docs/inst_test/instancias/n_1000_7,3000,20,15,200,0.2000,2026,9996105257,9996103798,414
docs/inst_test/instancias/n_1000_7,3000,20,15,200,0.3000,42,9996105257,9996103798,354
docs/inst_test/instancias/n_1000_7,3000,20,15,200,0.3000,123,9996105257,9996103798,410
docs/inst_test/instancias/n_1000_7,3000,20,15,200,0.3000,2026,9996105257,9996103798,450
docs/inst_test/instancias/n_1000_7,5000,10,7,50,0.2000,42,9996105264,9996103875,539
docs/inst_test/instancias/n_1000_7,5000,10,7,50,0.1000,42,9996105257,9996103798,682
docs/inst_test/instancias/n_1000_7,5000,10,7,50,0.1000,123,9996105266,9996103835,674
docs/inst_test/instancias/n_1000_7,5000,10,7,50,0.2000,123,9996105266,9996103835,622
docs/inst_test/instancias/n_1000_7,5000,10,7,50,0.1000,2026,9996105264,9996103875,725
docs/inst_test/instancias/n_1000_7,5000,10,7,50,0.3000,42,9996105257,9996103798,544
docs/inst_test/instancias/n_1000_7,5000,10,7,50,0.2000,2026,9996105264,9996103875,642
docs/inst_test/instancias/n_1000_7,5000,10,7,50,0.3000,123,9996105266,9996103835,629
docs/inst_test/instancias/n_1000_7,5000,10,7,50,0.3000,2026,9996105257,9996103798,602
docs/inst_test/instancias/n_1000_7,5000,10,7,100,0.1000,123,9996105266,9996103835,609
docs/inst_test/instancias/n_1000_7,5000,10,7,100,0.2000,42,9996105264,9996103875,579
docs/inst_test/instancias/n_1000_7,5000,10,7,100,0.1000,42,9996105257,9996103798,667
docs/inst_test/instancias/n_1000_7,5000,10,7,100,0.1000,2026,9996105257,9996103798,705
docs/inst_test/instancias/n_1000_7,5000,10,7,100,0.2000,2026,9996105257,9996103798,560
docs/inst_test/instancias/n_1000_7,5000,10,7,100,0.2000,123,9996105266,9996103835,601
docs/inst_test/instancias/n_1000_7,5000,10,7,100,0.3000,42,9996105257,9996103798,586
docs/inst_test/instancias/n_1000_7,5000,10,7,100,0.3000,123,9996105266,9996103835,618
docs/inst_test/instancias/n_1000_7,5000,10,7,100,0.3000,2026,9996105257,9996103798,602
docs/inst_test/instancias/n_1000_7,5000,10,7,200,0.1000,42,9996105257,9996103798,602
docs/inst_test/instancias/n_1000_7,5000,10,7,200,0.1000,123,9996105257,9996103798,615
docs/inst_test/instancias/n_1000_7,5000,10,7,200,0.2000,42,9996105257,9996103798,573
docs/inst_test/instancias/n_1000_7,5000,10,7,200,0.2000,123,9996105257,9996103798,572
docs/inst_test/instancias/n_1000_7,5000,10,7,200,0.2000,2026,9996105257,9996103798,593
docs/inst_test/instancias/n_1000_7,5000,10,7,200,0.1000,2026,9996105257,9996103798,764
docs/inst_test/instancias/n_1000_7,5000,10,7,200,0.3000,42,9996105257,9996103798,640
docs/inst_test/instancias/n_1000_7,5000,10,7,200,0.3000,2026,9996105257,9996103798,543
docs/inst_test/instancias/n_1000_7,5000,10,7,200,0.3000,123,9996105257,9996103798,586
docs/inst_test/instancias/n_1000_7,5000,10,10,50,0.1000,42,9996105257,9996103798,644
docs/inst_test/instancias/n_1000_7,5000,10,10,50,0.1000,2026,9996105264,9996103875,610
docs/inst_test/instancias/n_1000_7,5000,10,10,50,0.1000,123,9996105266,9996103835,629
docs/inst_test/instancias/n_1000_7,5000,10,10,50,0.2000,123,9996105266,9996103835,597
docs/inst_test/instancias/n_1000_7,5000,10,10,50,0.2000,42,9996105264,9996103875,635
docs/inst_test/instancias/n_1000_7,5000,10,10,50,0.2000,2026,9996105264,9996103875,551
docs/inst_test/instancias/n_1000_7,5000,10,10,50,0.3000,123,9996105266,9996103835,670
docs/inst_test/instancias/n_1000_7,5000,10,10,100,0.1000,123,9996105266,9996103835,546
docs/inst_test/instancias/n_1000_7,5000,10,10,50,0.3000,42,9996105257,9996103798,756
docs/inst_test/instancias/n_1000_7,5000,10,10,50,0.3000,2026,9996105257,9996103798,652
docs/inst_test/instancias/n_1000_7,5000,10,10,100,0.1000,42,9996105257,9996103798,707
docs/inst_test/instancias/n_1000_7,5000,10,10,100,0.1000,2026,9996105257,9996103798,664
docs/inst_test/instancias/n_1000_7,5000,10,10,100,0.2000,42,9996105264,9996103875,727
docs/inst_test/instancias/n_1000_7,5000,10,10,100,0.2000,123,9996105266,9996103835,698
docs/inst_test/instancias/n_1000_7,5000,10,10,100,0.2000,2026,9996105257,9996103798,612
docs/inst_test/instancias/n_1000_7,5000,10,10,100,0.3000,42,9996105257,9996103798,638
docs/inst_test/instancias/n_1000_7,5000,10,10,100,0.3000,123,9996105266,9996103835,660
docs/inst_test/instancias/n_1000_7,5000,10,10,100,0.3000,2026,9996105257,9996103798,645
docs/inst_test/instancias/n_1000_7,5000,10,10,200,0.1000,42,9996105257,9996103798,635
docs/inst_test/instancias/n_1000_7,5000,10,10,200,0.1000,123,9996105257,9996103798,600
docs/inst_test/instancias/n_1000_7,5000,10,10,200,0.1000,2026,9996105257,9996103798,638
docs/inst_test/instancias/n_1000_7,5000,10,10,200,0.2000,42,9996105257,9996103798,557
docs/inst_test/instancias/n_1000_7,5000,10,10,200,0.2000,123,9996105257,9996103798,663
docs/inst_test/instancias/n_1000_7,5000,10,10,200,0.2000,2026,9996105257,9996103798,675
docs/inst_test/instancias/n_1000_7,5000,10,10,200,0.3000,123,9996105257,9996103798,664
docs/inst_test/instancias/n_1000_7,5000,10,10,200,0.3000,42,9996105257,9996103798,712
docs/inst_test/instancias/n_1000_7,5000,10,10,200,0.3000,2026,9996105257,9996103798,675
docs/inst_test/instancias/n_1000_7,5000,10,15,50,0.1000,42,9996105257,9996103798,685
docs/inst_test/instancias/n_1000_7,5000,10,15,50,0.1000,123,9996105266,9996103835,701
docs/inst_test/instancias/n_1000_7,5000,10,15,50,0.1000,2026,9996105264,9996103875,642
docs/inst_test/instancias/n_1000_7,5000,10,15,50,0.2000,42,9996105264,9996103875,633
docs/inst_test/instancias/n_1000_7,5000,10,15,50,0.2000,123,9996105266,9996103835,616
docs/inst_test/instancias/n_1000_7,5000,10,15,50,0.2000,2026,9996105264,9996103875,642
docs/inst_test/instancias/n_1000_7,5000,10,15,50,0.3000,42,9996105257,9996103798,616
docs/inst_test/instancias/n_1000_7,5000,10,15,50,0.3000,123,9996105266,9996103835,634
docs/inst_test/instancias/n_1000_7,5000,10,15,50,0.3000,2026,9996105257,9996103798,619
docs/inst_test/instancias/n_1000_7,5000,10,15,100,0.1000,123,9996105266,9996103835,604
docs/inst_test/instancias/n_1000_7,5000,10,15,100,0.1000,42,9996105257,9996103798,647
docs/inst_test/instancias/n_1000_7,5000,10,15,100,0.1000,2026,9996105257,9996103798,594
docs/inst_test/instancias/n_1000_7,5000,10,15,100,0.2000,42,9996105264,9996103875,614
docs/inst_test/instancias/n_1000_7,5000,10,15,100,0.2000,123,9996105266,9996103835,607
docs/inst_test/instancias/n_1000_7,5000,10,15,100,0.2000,2026,9996105257,9996103798,649
docs/inst_test/instancias/n_1000_7,5000,10,15,100,0.3000,42,9996105257,9996103798,612
docs/inst_test/instancias/n_1000_7,5000,10,15,100,0.3000,123,9996105266,9996103835,589
docs/inst_test/instancias/n_1000_7,5000,10,15,200,0.1000,42,9996105257,9996103798,596
docs/inst_test/instancias/n_1000_7,5000,10,15,100,0.3000,2026,9996105257,9996103798,640
docs/inst_test/instancias/n_1000_7,5000,10,15,200,0.1000,2026,9996105257,9996103798,594
docs/inst_test/instancias/n_1000_7,5000,10,15,200,0.1000,123,9996105257,9996103798,665
docs/inst_test/instancias/n_1000_7,5000,10,15,200,0.2000,42,9996105257,9996103798,603
docs/inst_test/instancias/n_1000_7,5000,10,15,200,0.2000,123,9996105257,9996103798,632
docs/inst_test/instancias/n_1000_7,5000,10,15,200,0.2000,2026,9996105257,9996103798,627
docs/inst_test/instancias/n_1000_7,5000,10,15,200,0.3000,42,9996105257,9996103798,607
docs/inst_test/instancias/n_1000_7,5000,10,15,200,0.3000,123,9996105257,9996103798,545
docs/inst_test/instancias/n_1000_7,5000,10,15,200,0.3000,2026,9996105257,9996103798,647
docs/inst_test/instancias/n_1000_7,5000,15,7,50,0.1000,123,9996105266,9996103835,603
docs/inst_test/instancias/n_1000_7,5000,15,7,50,0.1000,2026,9996105264,9996103875,606
docs/inst_test/instancias/n_1000_7,5000,15,7,50,0.1000,42,9996105257,9996103798,756
docs/inst_test/instancias/n_1000_7,5000,15,7,50,0.2000,42,9996105264,9996103875,582
docs/inst_test/instancias/n_1000_7,5000,15,7,50,0.2000,2026,9996105264,9996103875,572
docs/inst_test/instancias/n_1000_7,5000,15,7,50,0.2000,123,9996105266,9996103835,620
docs/inst_test/instancias/n_1000_7,5000,15,7,50,0.3000,42,9996105257,9996103798,660
docs/inst_test/instancias/n_1000_7,5000,15,7,50,0.3000,123,9996105266,9996103835,688
docs/inst_test/instancias/n_1000_7,5000,15,7,50,0.3000,2026,9996105257,9996103798,771
docs/inst_test/instancias/n_1000_7,5000,15,7,100,0.1000,42,9996105257,9996103798,702
docs/inst_test/instancias/n_1000_7,5000,15,7,100,0.1000,2026,9996105257,9996103798,728
docs/inst_test/instancias/n_1000_7,5000,15,7,100,0.1000,123,9996105266,9996103835,760
docs/inst_test/instancias/n_1000_7,5000,15,7,100,0.2000,42,9996105264,9996103875,722
docs/inst_test/instancias/n_1000_7,5000,15,7,100,0.2000,123,9996105266,9996103835,728
docs/inst_test/instancias/n_1000_7,5000,15,7,100,0.2000,2026,9996105257,9996103798,611
docs/inst_test/instancias/n_1000_7,5000,15,7,100,0.3000,42,9996105257,9996103798,626
docs/inst_test/instancias/n_1000_7,5000,15,7,100,0.3000,123,9996105266,9996103835,642
docs/inst_test/instancias/n_1000_7,5000,15,7,100,0.3000,2026,9996105257,9996103798,621
docs/inst_test/instancias/n_1000_7,5000,15,7,200,0.1000,42,9996105257,9996103798,604
docs/inst_test/instancias/n_1000_7,5000,15,7,200,0.1000,2026,9996105257,9996103798,596
docs/inst_test/instancias/n_1000_7,5000,15,7,200,0.1000,123,9996105257,9996103798,652
docs/inst_test/instancias/n_1000_7,5000,15,7,200,0.2000,42,9996105257,9996103798,661
docs/inst_test/instancias/n_1000_7,5000,15,7,200,0.2000,123,9996105257,9996103798,624
docs/inst_test/instancias/n_1000_7,5000,15,7,200,0.2000,2026,9996105257,9996103798,618
docs/inst_test/instancias/n_1000_7,5000,15,7,200,0.3000,123,9996105257,9996103798,587
docs/inst_test/instancias/n_1000_7,5000,15,7,200,0.3000,2026,9996105257,9996103798,538
docs/inst_test/instancias/n_1000_7,5000,15,7,200,0.3000,42,9996105257,9996103798,716
docs/inst_test/instancias/n_1000_7,5000,15,10,50,0.1000,42,9996105257,9996103798,631
docs/inst_test/instancias/n_1000_7,5000,15,10,50,0.1000,123,9996105266,9996103835,619
docs/inst_test/instancias/n_1000_7,5000,15,10,50,0.2000,42,9996105264,9996103875,549
docs/inst_test/instancias/n_1000_7,5000,15,10,50,0.1000,2026,9996105264,9996103875,596
docs/inst_test/instancias/n_1000_7,5000,15,10,50,0.2000,123,9996105266,9996103835,653
docs/inst_test/instancias/n_1000_7,5000,15,10,50,0.3000,42,9996105257,9996103798,702
docs/inst_test/instancias/n_1000_7,5000,15,10,50,0.2000,2026,9996105264,9996103875,719
docs/inst_test/instancias/n_1000_7,5000,15,10,50,0.3000,123,9996105266,9996103835,686
docs/inst_test/instancias/n_1000_7,5000,15,10,50,0.3000,2026,9996105257,9996103798,689
docs/inst_test/instancias/n_1000_7,5000,15,10,100,0.1000,2026,9996105257,9996103798,714
docs/inst_test/instancias/n_1000_7,5000,15,10,100,0.1000,123,9996105266,9996103835,726
docs/inst_test/instancias/n_1000_7,5000,15,10,100,0.1000,42,9996105257,9996103798,755
docs/inst_test/instancias/n_1000_7,5000,15,10,100,0.2000,42,9996105264,9996103875,811
docs/inst_test/instancias/n_1000_7,5000,15,10,100,0.2000,123,9996105266,9996103835,686
docs/inst_test/instancias/n_1000_7,5000,15,10,100,0.2000,2026,9996105257,9996103798,698
docs/inst_test/instancias/n_1000_7,5000,15,10,100,0.3000,42,9996105257,9996103798,706
docs/inst_test/instancias/n_1000_7,5000,15,10,100,0.3000,123,9996105266,9996103835,713
docs/inst_test/instancias/n_1000_7,5000,15,10,100,0.3000,2026,9996105257,9996103798,677
docs/inst_test/instancias/n_1000_7,5000,15,10,200,0.1000,42,9996105257,9996103798,675
docs/inst_test/instancias/n_1000_7,5000,15,10,200,0.1000,123,9996105257,9996103798,690
docs/inst_test/instancias/n_1000_7,5000,15,10,200,0.1000,2026,9996105257,9996103798,687
docs/inst_test/instancias/n_1000_7,5000,15,10,200,0.2000,42,9996105257,9996103798,565
docs/inst_test/instancias/n_1000_7,5000,15,10,200,0.2000,123,9996105257,9996103798,574
docs/inst_test/instancias/n_1000_7,5000,15,10,200,0.3000,42,9996105257,9996103798,570
docs/inst_test/instancias/n_1000_7,5000,15,10,200,0.2000,2026,9996105257,9996103798,598
docs/inst_test/instancias/n_1000_7,5000,15,10,200,0.3000,2026,9996105257,9996103798,613
docs/inst_test/instancias/n_1000_7,5000,15,10,200,0.3000,123,9996105257,9996103798,638
docs/inst_test/instancias/n_1000_7,5000,15,15,50,0.1000,42,9996105257,9996103798,607
docs/inst_test/instancias/n_1000_7,5000,15,15,50,0.1000,123,9996105266,9996103835,547
docs/inst_test/instancias/n_1000_7,5000,15,15,50,0.1000,2026,9996105264,9996103875,628
docs/inst_test/instancias/n_1000_7,5000,15,15,50,0.2000,123,9996105266,9996103835,693
docs/inst_test/instancias/n_1000_7,5000,15,15,50,0.2000,42,9996105264,9996103875,816
docs/inst_test/instancias/n_1000_7,5000,15,15,50,0.3000,123,9996105266,9996103835,606
docs/inst_test/instancias/n_1000_7,5000,15,15,50,0.2000,2026,9996105264,9996103875,725
docs/inst_test/instancias/n_1000_7,5000,15,15,50,0.3000,2026,9996105257,9996103798,629
docs/inst_test/instancias/n_1000_7,5000,15,15,50,0.3000,42,9996105257,9996103798,688
docs/inst_test/instancias/n_1000_7,5000,15,15,100,0.1000,42,9996105257,9996103798,699
docs/inst_test/instancias/n_1000_7,5000,15,15,100,0.1000,123,9996105266,9996103835,761
docs/inst_test/instancias/n_1000_7,5000,15,15,100,0.3000,42,9996105257,9996103798,602
docs/inst_test/instancias/n_1000_7,5000,15,15,100,0.2000,42,9996105264,9996103875,679
docs/inst_test/instancias/n_1000_7,5000,15,15,100,0.3000,123,9996105266,9996103835,651
docs/inst_test/instancias/n_1000_7,5000,15,15,100,0.2000,123,9996105266,9996103835,727
docs/inst_test/instancias/n_1000_7,5000,15,15,100,0.1000,2026,9996105257,9996103798,765
docs/inst_test/instancias/n_1000_7,5000,15,15,100,0.2000,2026,9996105257,9996103798,772
docs/inst_test/instancias/n_1000_7,5000,15,15,100,0.3000,2026,9996105257,9996103798,642
docs/inst_test/instancias/n_1000_7,5000,15,15,200,0.1000,123,9996105257,9996103798,597
docs/inst_test/instancias/n_1000_7,5000,15,15,200,0.2000,42,9996105257,9996103798,581
docs/inst_test/instancias/n_1000_7,5000,15,15,200,0.2000,2026,9996105257,9996103798,577
docs/inst_test/instancias/n_1000_7,5000,15,15,200,0.1000,2026,9996105257,9996103798,648
docs/inst_test/instancias/n_1000_7,5000,15,15,200,0.2000,123,9996105257,9996103798,635
docs/inst_test/instancias/n_1000_7,5000,15,15,200,0.1000,42,9996105257,9996103798,822
docs/inst_test/instancias/n_1000_7,5000,15,15,200,0.3000,42,9996105257,9996103798,607
docs/inst_test/instancias/n_1000_7,5000,15,15,200,0.3000,123,9996105257,9996103798,749
docs/inst_test/instancias/n_1000_7,5000,20,7,50,0.1000,42,9996105257,9996103798,546
docs/inst_test/instancias/n_1000_7,5000,15,15,200,0.3000,2026,9996105257,9996103798,612
docs/inst_test/instancias/n_1000_7,5000,20,7,50,0.1000,123,9996105266,9996103835,537
docs/inst_test/instancias/n_1000_7,5000,20,7,50,0.2000,42,9996105264,9996103875,577
docs/inst_test/instancias/n_1000_7,5000,20,7,50,0.1000,2026,9996105264,9996103875,650
docs/inst_test/instancias/n_1000_7,5000,20,7,50,0.2000,2026,9996105264,9996103875,594
docs/inst_test/instancias/n_1000_7,5000,20,7,50,0.2000,123,9996105266,9996103835,698
docs/inst_test/instancias/n_1000_7,5000,20,7,50,0.3000,42,9996105257,9996103798,626
docs/inst_test/instancias/n_1000_7,5000,20,7,50,0.3000,2026,9996105257,9996103798,578
docs/inst_test/instancias/n_1000_7,5000,20,7,100,0.1000,42,9996105257,9996103798,580
docs/inst_test/instancias/n_1000_7,5000,20,7,50,0.3000,123,9996105266,9996103835,607
docs/inst_test/instancias/n_1000_7,5000,20,7,100,0.1000,2026,9996105257,9996103798,604
docs/inst_test/instancias/n_1000_7,5000,20,7,100,0.1000,123,9996105266,9996103835,649
docs/inst_test/instancias/n_1000_7,5000,20,7,100,0.2000,42,9996105264,9996103875,591
docs/inst_test/instancias/n_1000_7,5000,20,7,100,0.2000,123,9996105266,9996103835,610
docs/inst_test/instancias/n_1000_7,5000,20,7,100,0.3000,123,9996105266,9996103835,596
docs/inst_test/instancias/n_1000_7,5000,20,7,100,0.3000,42,9996105257,9996103798,614
docs/inst_test/instancias/n_1000_7,5000,20,7,100,0.2000,2026,9996105257,9996103798,640
docs/inst_test/instancias/n_1000_7,5000,20,7,100,0.3000,2026,9996105257,9996103798,709
docs/inst_test/instancias/n_1000_7,5000,20,7,200,0.1000,2026,9996105257,9996103798,576
docs/inst_test/instancias/n_1000_7,5000,20,7,200,0.1000,42,9996105257,9996103798,647
docs/inst_test/instancias/n_1000_7,5000,20,7,200,0.1000,123,9996105257,9996103798,652
docs/inst_test/instancias/n_1000_7,5000,20,7,200,0.2000,42,9996105257,9996103798,585
docs/inst_test/instancias/n_1000_7,5000,20,7,200,0.2000,123,9996105257,9996103798,576
docs/inst_test/instancias/n_1000_7,5000,20,7,200,0.2000,2026,9996105257,9996103798,597
docs/inst_test/instancias/n_1000_7,5000,20,7,200,0.3000,42,9996105257,9996103798,612
docs/inst_test/instancias/n_1000_7,5000,20,7,200,0.3000,123,9996105257,9996103798,560
docs/inst_test/instancias/n_1000_7,5000,20,7,200,0.3000,2026,9996105257,9996103798,617
docs/inst_test/instancias/n_1000_7,5000,20,10,50,0.1000,123,9996105266,9996103835,594
docs/inst_test/instancias/n_1000_7,5000,20,10,50,0.1000,2026,9996105264,9996103875,616
docs/inst_test/instancias/n_1000_7,5000,20,10,50,0.1000,42,9996105257,9996103798,728
docs/inst_test/instancias/n_1000_7,5000,20,10,50,0.2000,42,9996105264,9996103875,561
docs/inst_test/instancias/n_1000_7,5000,20,10,50,0.2000,2026,9996105264,9996103875,543
docs/inst_test/instancias/n_1000_7,5000,20,10,50,0.2000,123,9996105266,9996103835,691
docs/inst_test/instancias/n_1000_7,5000,20,10,50,0.3000,123,9996105266,9996103835,544
docs/inst_test/instancias/n_1000_7,5000,20,10,50,0.3000,42,9996105257,9996103798,639
docs/inst_test/instancias/n_1000_7,5000,20,10,100,0.1000,42,9996105257,9996103798,591
docs/inst_test/instancias/n_1000_7,5000,20,10,50,0.3000,2026,9996105257,9996103798,637
docs/inst_test/instancias/n_1000_7,5000,20,10,100,0.1000,123,9996105266,9996103835,628
docs/inst_test/instancias/n_1000_7,5000,20,10,100,0.2000,42,9996105264,9996103875,597
docs/inst_test/instancias/n_1000_7,5000,20,10,100,0.1000,2026,9996105257,9996103798,629
docs/inst_test/instancias/n_1000_7,5000,20,10,100,0.2000,123,9996105266,9996103835,586
docs/inst_test/instancias/n_1000_7,5000,20,10,100,0.2000,2026,9996105257,9996103798,611
docs/inst_test/instancias/n_1000_7,5000,20,10,100,0.3000,42,9996105257,9996103798,625
docs/inst_test/instancias/n_1000_7,5000,20,10,100,0.3000,2026,9996105257,9996103798,602
docs/inst_test/instancias/n_1000_7,5000,20,10,100,0.3000,123,9996105266,9996103835,620
docs/inst_test/instancias/n_1000_7,5000,20,10,200,0.1000,42,9996105257,9996103798,600
docs/inst_test/instancias/n_1000_7,5000,20,10,200,0.1000,2026,9996105257,9996103798,584
docs/inst_test/instancias/n_1000_7,5000,20,10,200,0.1000,123,9996105257,9996103798,593
docs/inst_test/instancias/n_1000_7,5000,20,10,200,0.2000,42,9996105257,9996103798,529
docs/inst_test/instancias/n_1000_7,5000,20,10,200,0.2000,123,9996105257,9996103798,599
docs/inst_test/instancias/n_1000_7,5000,20,10,200,0.2000,2026,9996105257,9996103798,621
docs/inst_test/instancias/n_1000_7,5000,20,10,200,0.3000,123,9996105257,9996103798,577
docs/inst_test/instancias/n_1000_7,5000,20,10,200,0.3000,42,9996105257,9996103798,641
docs/inst_test/instancias/n_1000_7,5000,20,10,200,0.3000,2026,9996105257,9996103798,610
docs/inst_test/instancias/n_1000_7,5000,20,15,50,0.1000,42,9996105257,9996103798,581
docs/inst_test/instancias/n_1000_7,5000,20,15,50,0.1000,123,9996105266,9996103835,622
docs/inst_test/instancias/n_1000_7,5000,20,15,50,0.1000,2026,9996105264,9996103875,592
docs/inst_test/instancias/n_1000_7,5000,20,15,50,0.2000,42,9996105264,9996103875,587
docs/inst_test/instancias/n_1000_7,5000,20,15,50,0.2000,2026,9996105264,9996103875,624
docs/inst_test/instancias/n_1000_7,5000,20,15,50,0.2000,123,9996105266,9996103835,703
docs/inst_test/instancias/n_1000_7,5000,20,15,50,0.3000,42,9996105257,9996103798,589
docs/inst_test/instancias/n_1000_7,5000,20,15,50,0.3000,123,9996105266,9996103835,601
docs/inst_test/instancias/n_1000_7,5000,20,15,50,0.3000,2026,9996105257,9996103798,668
docs/inst_test/instancias/n_1000_7,5000,20,15,100,0.1000,42,9996105257,9996103798,661
docs/inst_test/instancias/n_1000_7,5000,20,15,100,0.1000,123,9996105266,9996103835,751
docs/inst_test/instancias/n_1000_7,5000,20,15,100,0.1000,2026,9996105257,9996103798,683
docs/inst_test/instancias/n_1000_7,5000,20,15,100,0.2000,42,9996105264,9996103875,647
docs/inst_test/instancias/n_1000_7,5000,20,15,100,0.2000,123,9996105266,9996103835,635
docs/inst_test/instancias/n_1000_7,5000,20,15,100,0.2000,2026,9996105257,9996103798,687
docs/inst_test/instancias/n_1000_7,5000,20,15,100,0.3000,42,9996105257,9996103798,640
docs/inst_test/instancias/n_1000_7,5000,20,15,100,0.3000,123,9996105266,9996103835,600
docs/inst_test/instancias/n_1000_7,5000,20,15,100,0.3000,2026,9996105257,9996103798,601
docs/inst_test/instancias/n_1000_7,5000,20,15,200,0.1000,123,9996105257,9996103798,617
docs/inst_test/instancias/n_1000_7,5000,20,15,200,0.1000,2026,9996105257,9996103798,563
docs/inst_test/instancias/n_1000_7,5000,20,15,200,0.2000,42,9996105257,9996103798,593
docs/inst_test/instancias/n_1000_7,5000,20,15,200,0.1000,42,9996105257,9996103798,746
docs/inst_test/instancias/n_1000_8,1000,10,7,50,0.1000,42,9996111497,9996109804,127
docs/inst_test/instancias/n_1000_7,5000,20,15,200,0.2000,2026,9996105257,9996103798,608
docs/inst_test/instancias/n_1000_8,1000,10,7,50,0.1000,123,9996111497,9996109804,117
docs/inst_test/instancias/n_1000_8,1000,10,7,50,0.1000,2026,9996111497,9996109804,126
docs/inst_test/instancias/n_1000_7,5000,20,15,200,0.2000,123,9996105257,9996103798,678
docs/inst_test/instancias/n_1000_8,1000,10,7,50,0.2000,42,9996111502,9996110095,121
docs/inst_test/instancias/n_1000_8,1000,10,7,50,0.2000,123,9996111497,9996109804,124
docs/inst_test/instancias/n_1000_8,1000,10,7,50,0.3000,42,9996111502,9996110095,111
docs/inst_test/instancias/n_1000_7,5000,20,15,200,0.3000,42,9996105257,9996103798,546
docs/inst_test/instancias/n_1000_8,1000,10,7,50,0.3000,123,9996111497,9996109804,114
docs/inst_test/instancias/n_1000_8,1000,10,7,50,0.2000,2026,9996111497,9996109804,150
docs/inst_test/instancias/n_1000_8,1000,10,7,50,0.3000,2026,9996111497,9996109804,130
docs/inst_test/instancias/n_1000_8,1000,10,7,100,0.1000,42,9996111497,9996109804,117
docs/inst_test/instancias/n_1000_8,1000,10,7,100,0.1000,2026,9996111497,9996109804,113
docs/inst_test/instancias/n_1000_8,1000,10,7,100,0.1000,123,9996111497,9996109804,127
docs/inst_test/instancias/n_1000_8,1000,10,7,100,0.2000,42,9996111502,9996110095,128
docs/inst_test/instancias/n_1000_7,5000,20,15,200,0.3000,123,9996105257,9996103798,645
docs/inst_test/instancias/n_1000_8,1000,10,7,100,0.2000,123,9996111497,9996109804,150
docs/inst_test/instancias/n_1000_8,1000,10,7,100,0.3000,42,9996111502,9996110095,106
docs/inst_test/instancias/n_1000_8,1000,10,7,100,0.2000,2026,9996111497,9996109804,115
docs/inst_test/instancias/n_1000_7,5000,20,15,200,0.3000,2026,9996105257,9996103798,591
docs/inst_test/instancias/n_1000_8,1000,10,7,100,0.3000,123,9996111497,9996109804,129
docs/inst_test/instancias/n_1000_8,1000,10,7,100,0.3000,2026,9996111497,9996109804,131
docs/inst_test/instancias/n_1000_8,1000,10,7,200,0.1000,42,9996111497,9996109804,117
docs/inst_test/instancias/n_1000_8,1000,10,7,200,0.1000,123,9996111497,9996109804,124
docs/inst_test/instancias/n_1000_8,1000,10,7,200,0.1000,2026,9996111497,9996109804,118
docs/inst_test/instancias/n_1000_8,1000,10,7,200,0.2000,42,9996111497,9996109804,113
docs/inst_test/instancias/n_1000_8,1000,10,7,200,0.2000,123,9996111497,9996109804,127
docs/inst_test/instancias/n_1000_8,1000,10,7,200,0.2000,2026,9996111497,9996109804,114
docs/inst_test/instancias/n_1000_8,1000,10,7,200,0.3000,2026,9996111497,9996109804,122
docs/inst_test/instancias/n_1000_8,1000,10,10,50,0.1000,42,9996111497,9996109804,114
docs/inst_test/instancias/n_1000_8,1000,10,7,200,0.3000,42,9996111497,9996109804,134
docs/inst_test/instancias/n_1000_8,1000,10,7,200,0.3000,123,9996111497,9996109804,134
docs/inst_test/instancias/n_1000_8,1000,10,10,50,0.1000,123,9996111497,9996109804,121
docs/inst_test/instancias/n_1000_8,1000,10,10,50,0.1000,2026,9996111497,9996109804,135
docs/inst_test/instancias/n_1000_8,1000,10,10,50,0.2000,42,9996111502,9996110095,121
docs/inst_test/instancias/n_1000_8,1000,10,10,50,0.3000,123,9996111497,9996109804,112
docs/inst_test/instancias/n_1000_8,1000,10,10,50,0.2000,2026,9996111497,9996109804,114
docs/inst_test/instancias/n_1000_8,1000,10,10,50,0.3000,42,9996111502,9996110095,114
docs/inst_test/instancias/n_1000_8,1000,10,10,50,0.2000,123,9996111497,9996109804,140
docs/inst_test/instancias/n_1000_8,1000,10,10,50,0.3000,2026,9996111497,9996109804,127
docs/inst_test/instancias/n_1000_8,1000,10,10,100,0.1000,42,9996111497,9996109804,116
docs/inst_test/instancias/n_1000_8,1000,10,10,100,0.1000,2026,9996111497,9996109804,111
docs/inst_test/instancias/n_1000_8,1000,10,10,100,0.2000,2026,9996111497,9996109804,106
docs/inst_test/instancias/n_1000_8,1000,10,10,100,0.1000,123,9996111497,9996109804,138
docs/inst_test/instancias/n_1000_8,1000,10,10,100,0.2000,123,9996111497,9996109804,117
docs/inst_test/instancias/n_1000_8,1000,10,10,100,0.3000,42,9996111502,9996110095,117
docs/inst_test/instancias/n_1000_8,1000,10,10,100,0.3000,123,9996111497,9996109804,112
docs/inst_test/instancias/n_1000_8,1000,10,10,100,0.2000,42,9996111502,9996110095,157
docs/inst_test/instancias/n_1000_8,1000,10,10,100,0.3000,2026,9996111497,9996109804,128
docs/inst_test/instancias/n_1000_8,1000,10,10,200,0.1000,42,9996111497,9996109804,122
docs/inst_test/instancias/n_1000_8,1000,10,10,200,0.1000,123,9996111497,9996109804,119
docs/inst_test/instancias/n_1000_8,1000,10,10,200,0.1000,2026,9996111497,9996109804,122
docs/inst_test/instancias/n_1000_8,1000,10,10,200,0.2000,42,9996111497,9996109804,127
docs/inst_test/instancias/n_1000_8,1000,10,10,200,0.2000,123,9996111497,9996109804,124
docs/inst_test/instancias/n_1000_8,1000,10,10,200,0.2000,2026,9996111497,9996109804,129
docs/inst_test/instancias/n_1000_8,1000,10,10,200,0.3000,42,9996111497,9996109804,118
docs/inst_test/instancias/n_1000_8,1000,10,10,200,0.3000,123,9996111497,9996109804,116
docs/inst_test/instancias/n_1000_8,1000,10,10,200,0.3000,2026,9996111497,9996109804,120
docs/inst_test/instancias/n_1000_8,1000,10,15,50,0.1000,123,9996111497,9996109804,110
docs/inst_test/instancias/n_1000_8,1000,10,15,50,0.1000,42,9996111497,9996109804,138
docs/inst_test/instancias/n_1000_8,1000,10,15,50,0.1000,2026,9996111497,9996109804,138
docs/inst_test/instancias/n_1000_8,1000,10,15,50,0.2000,42,9996111502,9996110095,151
docs/inst_test/instancias/n_1000_8,1000,10,15,50,0.2000,123,9996111497,9996109804,134
docs/inst_test/instancias/n_1000_8,1000,10,15,50,0.2000,2026,9996111497,9996109804,141
docs/inst_test/instancias/n_1000_8,1000,10,15,50,0.3000,42,9996111502,9996110095,157
docs/inst_test/instancias/n_1000_8,1000,10,15,50,0.3000,2026,9996111497,9996109804,129
docs/inst_test/instancias/n_1000_8,1000,10,15,50,0.3000,123,9996111497,9996109804,147
docs/inst_test/instancias/n_1000_8,1000,10,15,100,0.1000,42,9996111497,9996109804,145
docs/inst_test/instancias/n_1000_8,1000,10,15,100,0.1000,123,9996111497,9996109804,137
docs/inst_test/instancias/n_1000_8,1000,10,15,100,0.2000,42,9996111502,9996110095,129
docs/inst_test/instancias/n_1000_8,1000,10,15,100,0.1000,2026,9996111497,9996109804,131
docs/inst_test/instancias/n_1000_8,1000,10,15,100,0.2000,123,9996111497,9996109804,132
docs/inst_test/instancias/n_1000_8,1000,10,15,100,0.2000,2026,9996111497,9996109804,112
docs/inst_test/instancias/n_1000_8,1000,10,15,100,0.3000,42,9996111502,9996110095,114
docs/inst_test/instancias/n_1000_8,1000,10,15,100,0.3000,123,9996111497,9996109804,143
docs/inst_test/instancias/n_1000_8,1000,10,15,100,0.3000,2026,9996111497,9996109804,120
docs/inst_test/instancias/n_1000_8,1000,10,15,200,0.1000,42,9996111497,9996109804,119
docs/inst_test/instancias/n_1000_8,1000,10,15,200,0.1000,2026,9996111497,9996109804,116
docs/inst_test/instancias/n_1000_8,1000,10,15,200,0.1000,123,9996111497,9996109804,122
docs/inst_test/instancias/n_1000_8,1000,10,15,200,0.2000,42,9996111497,9996109804,108
docs/inst_test/instancias/n_1000_8,1000,10,15,200,0.2000,123,9996111497,9996109804,123
docs/inst_test/instancias/n_1000_8,1000,10,15,200,0.2000,2026,9996111497,9996109804,135
docs/inst_test/instancias/n_1000_8,1000,10,15,200,0.3000,123,9996111497,9996109804,106
docs/inst_test/instancias/n_1000_8,1000,10,15,200,0.3000,42,9996111497,9996109804,132
docs/inst_test/instancias/n_1000_8,1000,15,7,50,0.1000,2026,9996111497,9996109804,110
docs/inst_test/instancias/n_1000_8,1000,15,7,50,0.1000,42,9996111497,9996109804,123
docs/inst_test/instancias/n_1000_8,1000,15,7,50,0.1000,123,9996111497,9996109804,128
docs/inst_test/instancias/n_1000_8,1000,15,7,50,0.2000,42,9996111502,9996110095,106
docs/inst_test/instancias/n_1000_8,1000,10,15,200,0.3000,2026,9996111497,9996109804,146
docs/inst_test/instancias/n_1000_8,1000,15,7,50,0.2000,123,9996111497,9996109804,117
docs/inst_test/instancias/n_1000_8,1000,15,7,50,0.3000,2026,9996111497,9996109804,105
docs/inst_test/instancias/n_1000_8,1000,15,7,50,0.3000,42,9996111502,9996110095,126
docs/inst_test/instancias/n_1000_8,1000,15,7,50,0.2000,2026,9996111497,9996109804,143
docs/inst_test/instancias/n_1000_8,1000,15,7,50,0.3000,123,9996111497,9996109804,114
docs/inst_test/instancias/n_1000_8,1000,15,7,100,0.1000,123,9996111497,9996109804,123
docs/inst_test/instancias/n_1000_8,1000,15,7,100,0.1000,42,9996111497,9996109804,127
docs/inst_test/instancias/n_1000_8,1000,15,7,100,0.1000,2026,9996111497,9996109804,135
docs/inst_test/instancias/n_1000_8,1000,15,7,100,0.2000,42,9996111502,9996110095,110
docs/inst_test/instancias/n_1000_8,1000,15,7,100,0.3000,123,9996111497,9996109804,100
docs/inst_test/instancias/n_1000_8,1000,15,7,100,0.2000,123,9996111497,9996109804,119
docs/inst_test/instancias/n_1000_8,1000,15,7,100,0.3000,42,9996111502,9996110095,119
docs/inst_test/instancias/n_1000_8,1000,15,7,100,0.3000,2026,9996111497,9996109804,111
docs/inst_test/instancias/n_1000_8,1000,15,7,200,0.1000,123,9996111497,9996109804,101
docs/inst_test/instancias/n_1000_8,1000,15,7,200,0.1000,2026,9996111497,9996109804,100
docs/inst_test/instancias/n_1000_8,1000,15,7,100,0.2000,2026,9996111497,9996109804,172
docs/inst_test/instancias/n_1000_8,1000,15,7,200,0.2000,42,9996111497,9996109804,103
docs/inst_test/instancias/n_1000_8,1000,15,7,200,0.1000,42,9996111497,9996109804,192
docs/inst_test/instancias/n_1000_8,1000,15,7,200,0.2000,123,9996111497,9996109804,107
docs/inst_test/instancias/n_1000_8,1000,15,7,200,0.2000,2026,9996111497,9996109804,120
docs/inst_test/instancias/n_1000_8,1000,15,7,200,0.3000,42,9996111497,9996109804,108
docs/inst_test/instancias/n_1000_8,1000,15,7,200,0.3000,123,9996111497,9996109804,130
docs/inst_test/instancias/n_1000_8,1000,15,7,200,0.3000,2026,9996111497,9996109804,110
docs/inst_test/instancias/n_1000_8,1000,15,10,50,0.1000,42,9996111497,9996109804,155
docs/inst_test/instancias/n_1000_8,1000,15,10,50,0.1000,123,9996111497,9996109804,123
docs/inst_test/instancias/n_1000_8,1000,15,10,50,0.2000,42,9996111502,9996110095,112
docs/inst_test/instancias/n_1000_8,1000,15,10,50,0.1000,2026,9996111497,9996109804,132
docs/inst_test/instancias/n_1000_8,1000,15,10,50,0.2000,123,9996111497,9996109804,117
docs/inst_test/instancias/n_1000_8,1000,15,10,50,0.2000,2026,9996111497,9996109804,133
docs/inst_test/instancias/n_1000_8,1000,15,10,50,0.3000,123,9996111497,9996109804,113
docs/inst_test/instancias/n_1000_8,1000,15,10,50,0.3000,42,9996111502,9996110095,117
docs/inst_test/instancias/n_1000_8,1000,15,10,100,0.1000,123,9996111497,9996109804,115
docs/inst_test/instancias/n_1000_8,1000,15,10,100,0.1000,42,9996111497,9996109804,126
docs/inst_test/instancias/n_1000_8,1000,15,10,100,0.1000,2026,9996111497,9996109804,106
docs/inst_test/instancias/n_1000_8,1000,15,10,100,0.2000,42,9996111502,9996110095,119
docs/inst_test/instancias/n_1000_8,1000,15,10,50,0.3000,2026,9996111497,9996109804,158
docs/inst_test/instancias/n_1000_8,1000,15,10,100,0.2000,123,9996111497,9996109804,122
docs/inst_test/instancias/n_1000_8,1000,15,10,100,0.2000,2026,9996111497,9996109804,119
docs/inst_test/instancias/n_1000_8,1000,15,10,100,0.3000,42,9996111502,9996110095,133
docs/inst_test/instancias/n_1000_8,1000,15,10,100,0.3000,2026,9996111497,9996109804,112
docs/inst_test/instancias/n_1000_8,1000,15,10,200,0.1000,123,9996111497,9996109804,118
docs/inst_test/instancias/n_1000_8,1000,15,10,100,0.3000,123,9996111497,9996109804,152
docs/inst_test/instancias/n_1000_8,1000,15,10,200,0.1000,42,9996111497,9996109804,145
docs/inst_test/instancias/n_1000_8,1000,15,10,200,0.1000,2026,9996111497,9996109804,140
docs/inst_test/instancias/n_1000_8,1000,15,10,200,0.2000,42,9996111497,9996109804,133
docs/inst_test/instancias/n_1000_8,1000,15,10,200,0.2000,123,9996111497,9996109804,138
docs/inst_test/instancias/n_1000_8,1000,15,10,200,0.2000,2026,9996111497,9996109804,127
docs/inst_test/instancias/n_1000_8,1000,15,10,200,0.3000,42,9996111497,9996109804,122
docs/inst_test/instancias/n_1000_8,1000,15,10,200,0.3000,2026,9996111497,9996109804,117
docs/inst_test/instancias/n_1000_8,1000,15,10,200,0.3000,123,9996111497,9996109804,127
docs/inst_test/instancias/n_1000_8,1000,15,15,50,0.1000,42,9996111497,9996109804,133
docs/inst_test/instancias/n_1000_8,1000,15,15,50,0.1000,2026,9996111497,9996109804,120
docs/inst_test/instancias/n_1000_8,1000,15,15,50,0.1000,123,9996111497,9996109804,132
docs/inst_test/instancias/n_1000_8,1000,15,15,50,0.2000,42,9996111502,9996110095,115
docs/inst_test/instancias/n_1000_8,1000,15,15,50,0.2000,123,9996111497,9996109804,122
docs/inst_test/instancias/n_1000_8,1000,15,15,50,0.2000,2026,9996111497,9996109804,116
docs/inst_test/instancias/n_1000_8,1000,15,15,50,0.3000,123,9996111497,9996109804,121
docs/inst_test/instancias/n_1000_8,1000,15,15,50,0.3000,42,9996111502,9996110095,129
docs/inst_test/instancias/n_1000_8,1000,15,15,50,0.3000,2026,9996111497,9996109804,136
docs/inst_test/instancias/n_1000_8,1000,15,15,100,0.1000,2026,9996111497,9996109804,113
docs/inst_test/instancias/n_1000_8,1000,15,15,100,0.2000,42,9996111502,9996110095,104
docs/inst_test/instancias/n_1000_8,1000,15,15,100,0.1000,42,9996111497,9996109804,127
docs/inst_test/instancias/n_1000_8,1000,15,15,100,0.1000,123,9996111497,9996109804,136
docs/inst_test/instancias/n_1000_8,1000,15,15,100,0.2000,123,9996111497,9996109804,120
docs/inst_test/instancias/n_1000_8,1000,15,15,100,0.3000,42,9996111502,9996110095,114
docs/inst_test/instancias/n_1000_8,1000,15,15,100,0.3000,123,9996111497,9996109804,115
docs/inst_test/instancias/n_1000_8,1000,15,15,100,0.2000,2026,9996111497,9996109804,146
docs/inst_test/instancias/n_1000_8,1000,15,15,200,0.1000,2026,9996111497,9996109804,101
docs/inst_test/instancias/n_1000_8,1000,15,15,100,0.3000,2026,9996111497,9996109804,118
docs/inst_test/instancias/n_1000_8,1000,15,15,200,0.1000,123,9996111497,9996109804,120
docs/inst_test/instancias/n_1000_8,1000,15,15,200,0.1000,42,9996111497,9996109804,130
docs/inst_test/instancias/n_1000_8,1000,15,15,200,0.2000,42,9996111497,9996109804,113
docs/inst_test/instancias/n_1000_8,1000,15,15,200,0.2000,123,9996111497,9996109804,116
docs/inst_test/instancias/n_1000_8,1000,15,15,200,0.3000,2026,9996111497,9996109804,104
docs/inst_test/instancias/n_1000_8,1000,15,15,200,0.2000,2026,9996111497,9996109804,125
docs/inst_test/instancias/n_1000_8,1000,15,15,200,0.3000,123,9996111497,9996109804,120
docs/inst_test/instancias/n_1000_8,1000,20,7,50,0.1000,42,9996111497,9996109804,121
docs/inst_test/instancias/n_1000_8,1000,15,15,200,0.3000,42,9996111497,9996109804,136
docs/inst_test/instancias/n_1000_8,1000,20,7,50,0.1000,123,9996111497,9996109804,132
docs/inst_test/instancias/n_1000_8,1000,20,7,50,0.1000,2026,9996111497,9996109804,133
docs/inst_test/instancias/n_1000_8,1000,20,7,50,0.2000,42,9996111502,9996110095,132
docs/inst_test/instancias/n_1000_8,1000,20,7,50,0.2000,123,9996111497,9996109804,133
docs/inst_test/instancias/n_1000_8,1000,20,7,50,0.3000,42,9996111502,9996110095,123
docs/inst_test/instancias/n_1000_8,1000,20,7,50,0.2000,2026,9996111497,9996109804,131
docs/inst_test/instancias/n_1000_8,1000,20,7,50,0.3000,2026,9996111497,9996109804,124
docs/inst_test/instancias/n_1000_8,1000,20,7,50,0.3000,123,9996111497,9996109804,133
docs/inst_test/instancias/n_1000_8,1000,20,7,100,0.1000,42,9996111497,9996109804,124
docs/inst_test/instancias/n_1000_8,1000,20,7,100,0.1000,123,9996111497,9996109804,130
docs/inst_test/instancias/n_1000_8,1000,20,7,100,0.1000,2026,9996111497,9996109804,119
docs/inst_test/instancias/n_1000_8,1000,20,7,100,0.2000,123,9996111497,9996109804,119
docs/inst_test/instancias/n_1000_8,1000,20,7,100,0.2000,42,9996111502,9996110095,132
docs/inst_test/instancias/n_1000_8,1000,20,7,100,0.2000,2026,9996111497,9996109804,124
docs/inst_test/instancias/n_1000_8,1000,20,7,100,0.3000,42,9996111502,9996110095,130
docs/inst_test/instancias/n_1000_8,1000,20,7,100,0.3000,123,9996111497,9996109804,132
docs/inst_test/instancias/n_1000_8,1000,20,7,200,0.1000,42,9996111497,9996109804,107
docs/inst_test/instancias/n_1000_8,1000,20,7,100,0.3000,2026,9996111497,9996109804,150
docs/inst_test/instancias/n_1000_8,1000,20,7,200,0.1000,123,9996111497,9996109804,122
docs/inst_test/instancias/n_1000_8,1000,20,7,200,0.2000,42,9996111497,9996109804,112
docs/inst_test/instancias/n_1000_8,1000,20,7,200,0.1000,2026,9996111497,9996109804,138
docs/inst_test/instancias/n_1000_8,1000,20,7,200,0.2000,123,9996111497,9996109804,129
docs/inst_test/instancias/n_1000_8,1000,20,7,200,0.2000,2026,9996111497,9996109804,126
docs/inst_test/instancias/n_1000_8,1000,20,7,200,0.3000,42,9996111497,9996109804,141
docs/inst_test/instancias/n_1000_8,1000,20,7,200,0.3000,2026,9996111497,9996109804,116
docs/inst_test/instancias/n_1000_8,1000,20,7,200,0.3000,123,9996111497,9996109804,137
docs/inst_test/instancias/n_1000_8,1000,20,10,50,0.1000,42,9996111497,9996109804,118
docs/inst_test/instancias/n_1000_8,1000,20,10,50,0.1000,123,9996111497,9996109804,116
docs/inst_test/instancias/n_1000_8,1000,20,10,50,0.1000,2026,9996111497,9996109804,125
docs/inst_test/instancias/n_1000_8,1000,20,10,50,0.2000,42,9996111502,9996110095,127
docs/inst_test/instancias/n_1000_8,1000,20,10,50,0.2000,123,9996111497,9996109804,124
docs/inst_test/instancias/n_1000_8,1000,20,10,50,0.3000,42,9996111502,9996110095,128
docs/inst_test/instancias/n_1000_8,1000,20,10,50,0.2000,2026,9996111497,9996109804,132
docs/inst_test/instancias/n_1000_8,1000,20,10,50,0.3000,2026,9996111497,9996109804,92
docs/inst_test/instancias/n_1000_8,1000,20,10,50,0.3000,123,9996111497,9996109804,151
docs/inst_test/instancias/n_1000_8,1000,20,10,100,0.1000,42,9996111497,9996109804,127
docs/inst_test/instancias/n_1000_8,1000,20,10,100,0.2000,42,9996111502,9996110095,116
docs/inst_test/instancias/n_1000_8,1000,20,10,100,0.1000,2026,9996111497,9996109804,126
docs/inst_test/instancias/n_1000_8,1000,20,10,100,0.1000,123,9996111497,9996109804,143
docs/inst_test/instancias/n_1000_8,1000,20,10,100,0.3000,42,9996111502,9996110095,106
docs/inst_test/instancias/n_1000_8,1000,20,10,100,0.2000,123,9996111497,9996109804,116
docs/inst_test/instancias/n_1000_8,1000,20,10,100,0.2000,2026,9996111497,9996109804,120
docs/inst_test/instancias/n_1000_8,1000,20,10,100,0.3000,123,9996111497,9996109804,124
docs/inst_test/instancias/n_1000_8,1000,20,10,100,0.3000,2026,9996111497,9996109804,130
docs/inst_test/instancias/n_1000_8,1000,20,10,200,0.2000,42,9996111497,9996109804,94
docs/inst_test/instancias/n_1000_8,1000,20,10,200,0.1000,2026,9996111497,9996109804,113
docs/inst_test/instancias/n_1000_8,1000,20,10,200,0.1000,123,9996111497,9996109804,135
docs/inst_test/instancias/n_1000_8,1000,20,10,200,0.2000,123,9996111497,9996109804,111
docs/inst_test/instancias/n_1000_8,1000,20,10,200,0.1000,42,9996111497,9996109804,143
docs/inst_test/instancias/n_1000_8,1000,20,10,200,0.2000,2026,9996111497,9996109804,122
docs/inst_test/instancias/n_1000_8,1000,20,10,200,0.3000,42,9996111497,9996109804,129
docs/inst_test/instancias/n_1000_8,1000,20,10,200,0.3000,2026,9996111497,9996109804,103
docs/inst_test/instancias/n_1000_8,1000,20,10,200,0.3000,123,9996111497,9996109804,133
docs/inst_test/instancias/n_1000_8,1000,20,15,50,0.1000,42,9996111497,9996109804,123
docs/inst_test/instancias/n_1000_8,1000,20,15,50,0.1000,2026,9996111497,9996109804,126
docs/inst_test/instancias/n_1000_8,1000,20,15,50,0.1000,123,9996111497,9996109804,132
docs/inst_test/instancias/n_1000_8,1000,20,15,50,0.2000,42,9996111502,9996110095,128
docs/inst_test/instancias/n_1000_8,1000,20,15,50,0.2000,123,9996111497,9996109804,117
docs/inst_test/instancias/n_1000_8,1000,20,15,50,0.3000,42,9996111502,9996110095,105
docs/inst_test/instancias/n_1000_8,1000,20,15,50,0.2000,2026,9996111497,9996109804,124
docs/inst_test/instancias/n_1000_8,1000,20,15,50,0.3000,2026,9996111497,9996109804,115
docs/inst_test/instancias/n_1000_8,1000,20,15,100,0.1000,2026,9996111497,9996109804,122
docs/inst_test/instancias/n_1000_8,1000,20,15,50,0.3000,123,9996111497,9996109804,160
docs/inst_test/instancias/n_1000_8,1000,20,15,100,0.1000,42,9996111497,9996109804,136
docs/inst_test/instancias/n_1000_8,1000,20,15,100,0.1000,123,9996111497,9996109804,139
docs/inst_test/instancias/n_1000_8,1000,20,15,100,0.2000,42,9996111502,9996110095,136
docs/inst_test/instancias/n_1000_8,1000,20,15,100,0.2000,123,9996111497,9996109804,129
docs/inst_test/instancias/n_1000_8,1000,20,15,100,0.2000,2026,9996111497,9996109804,147
docs/inst_test/instancias/n_1000_8,1000,20,15,100,0.3000,42,9996111502,9996110095,149
docs/inst_test/instancias/n_1000_8,1000,20,15,100,0.3000,2026,9996111497,9996109804,126
docs/inst_test/instancias/n_1000_8,1000,20,15,200,0.1000,42,9996111497,9996109804,126
docs/inst_test/instancias/n_1000_8,1000,20,15,100,0.3000,123,9996111497,9996109804,142
docs/inst_test/instancias/n_1000_8,1000,20,15,200,0.1000,123,9996111497,9996109804,132
docs/inst_test/instancias/n_1000_8,1000,20,15,200,0.1000,2026,9996111497,9996109804,142
docs/inst_test/instancias/n_1000_8,1000,20,15,200,0.2000,42,9996111497,9996109804,136
docs/inst_test/instancias/n_1000_8,1000,20,15,200,0.2000,123,9996111497,9996109804,127
docs/inst_test/instancias/n_1000_8,1000,20,15,200,0.3000,42,9996111497,9996109804,135
docs/inst_test/instancias/n_1000_8,1000,20,15,200,0.2000,2026,9996111497,9996109804,140
docs/inst_test/instancias/n_1000_8,1000,20,15,200,0.3000,2026,9996111497,9996109804,135
docs/inst_test/instancias/n_1000_8,1000,20,15,200,0.3000,123,9996111497,9996109804,148
docs/inst_test/instancias/n_1000_8,3000,10,7,50,0.1000,42,9996111497,9996109804,380
docs/inst_test/instancias/n_1000_8,3000,10,7,50,0.2000,42,9996111502,9996110095,331
docs/inst_test/instancias/n_1000_8,3000,10,7,50,0.1000,123,9996111502,9996110095,404
docs/inst_test/instancias/n_1000_8,3000,10,7,50,0.1000,2026,9996111497,9996109804,382
docs/inst_test/instancias/n_1000_8,3000,10,7,50,0.3000,42,9996111502,9996110095,337
docs/inst_test/instancias/n_1000_8,3000,10,7,50,0.2000,2026,9996111497,9996109804,372
docs/inst_test/instancias/n_1000_8,3000,10,7,50,0.3000,123,9996111502,9996110095,374
docs/inst_test/instancias/n_1000_8,3000,10,7,50,0.2000,123,9996111502,9996110095,409
docs/inst_test/instancias/n_1000_8,3000,10,7,100,0.1000,42,9996111497,9996109804,353
docs/inst_test/instancias/n_1000_8,3000,10,7,50,0.3000,2026,9996111497,9996109804,370
docs/inst_test/instancias/n_1000_8,3000,10,7,100,0.1000,123,9996111497,9996109804,340
docs/inst_test/instancias/n_1000_8,3000,10,7,100,0.1000,2026,9996111497,9996109804,347
docs/inst_test/instancias/n_1000_8,3000,10,7,100,0.2000,42,9996111502,9996110095,319
docs/inst_test/instancias/n_1000_8,3000,10,7,100,0.3000,42,9996111502,9996110095,327
docs/inst_test/instancias/n_1000_8,3000,10,7,100,0.2000,2026,9996111497,9996109804,383
docs/inst_test/instancias/n_1000_8,3000,10,7,100,0.2000,123,9996111497,9996109804,484
docs/inst_test/instancias/n_1000_8,3000,10,7,200,0.1000,2026,9996111497,9996109804,311
docs/inst_test/instancias/n_1000_8,3000,10,7,100,0.3000,123,9996111497,9996109804,383
docs/inst_test/instancias/n_1000_8,3000,10,7,100,0.3000,2026,9996111497,9996109804,379
docs/inst_test/instancias/n_1000_8,3000,10,7,200,0.1000,42,9996111497,9996109804,385
docs/inst_test/instancias/n_1000_8,3000,10,7,200,0.1000,123,9996111497,9996109804,375
docs/inst_test/instancias/n_1000_8,3000,10,7,200,0.2000,42,9996111502,9996110095,363
docs/inst_test/instancias/n_1000_8,3000,10,7,200,0.2000,123,9996111497,9996109804,405
docs/inst_test/instancias/n_1000_8,3000,10,7,200,0.2000,2026,9996111497,9996109804,394
docs/inst_test/instancias/n_1000_8,3000,10,7,200,0.3000,42,9996111502,9996110095,334
docs/inst_test/instancias/n_1000_8,3000,10,10,50,0.1000,123,9996111502,9996110095,335
docs/inst_test/instancias/n_1000_8,3000,10,10,50,0.1000,42,9996111497,9996109804,353
docs/inst_test/instancias/n_1000_8,3000,10,7,200,0.3000,2026,9996111497,9996109804,381
docs/inst_test/instancias/n_1000_8,3000,10,7,200,0.3000,123,9996111497,9996109804,385
docs/inst_test/instancias/n_1000_8,3000,10,10,50,0.1000,2026,9996111497,9996109804,384
docs/inst_test/instancias/n_1000_8,3000,10,10,50,0.2000,42,9996111502,9996110095,318
docs/inst_test/instancias/n_1000_8,3000,10,10,50,0.2000,2026,9996111497,9996109804,332
docs/inst_test/instancias/n_1000_8,3000,10,10,50,0.2000,123,9996111502,9996110095,435
docs/inst_test/instancias/n_1000_8,3000,10,10,50,0.3000,2026,9996111497,9996109804,325
docs/inst_test/instancias/n_1000_8,3000,10,10,50,0.3000,42,9996111502,9996110095,358
docs/inst_test/instancias/n_1000_8,3000,10,10,50,0.3000,123,9996111502,9996110095,368
docs/inst_test/instancias/n_1000_8,3000,10,10,100,0.1000,42,9996111497,9996109804,415
docs/inst_test/instancias/n_1000_8,3000,10,10,100,0.1000,123,9996111497,9996109804,334
docs/inst_test/instancias/n_1000_8,3000,10,10,100,0.1000,2026,9996111497,9996109804,343
docs/inst_test/instancias/n_1000_8,3000,10,10,100,0.2000,42,9996111502,9996110095,355
docs/inst_test/instancias/n_1000_8,3000,10,10,100,0.3000,42,9996111502,9996110095,324
docs/inst_test/instancias/n_1000_8,3000,10,10,100,0.2000,2026,9996111497,9996109804,350
docs/inst_test/instancias/n_1000_8,3000,10,10,100,0.2000,123,9996111497,9996109804,404
docs/inst_test/instancias/n_1000_8,3000,10,10,100,0.3000,123,9996111497,9996109804,385
docs/inst_test/instancias/n_1000_8,3000,10,10,200,0.1000,123,9996111497,9996109804,325
docs/inst_test/instancias/n_1000_8,3000,10,10,200,0.1000,42,9996111497,9996109804,383
docs/inst_test/instancias/n_1000_8,3000,10,10,100,0.3000,2026,9996111497,9996109804,415
docs/inst_test/instancias/n_1000_8,3000,10,10,200,0.1000,2026,9996111497,9996109804,380
docs/inst_test/instancias/n_1000_8,3000,10,10,200,0.2000,42,9996111502,9996110095,343
docs/inst_test/instancias/n_1000_8,3000,10,10,200,0.2000,2026,9996111497,9996109804,335
docs/inst_test/instancias/n_1000_8,3000,10,10,200,0.2000,123,9996111497,9996109804,388
docs/inst_test/instancias/n_1000_8,3000,10,10,200,0.3000,42,9996111502,9996110095,361
docs/inst_test/instancias/n_1000_8,3000,10,10,200,0.3000,2026,9996111497,9996109804,320
docs/inst_test/instancias/n_1000_8,3000,10,10,200,0.3000,123,9996111497,9996109804,362
docs/inst_test/instancias/n_1000_8,3000,10,15,50,0.1000,42,9996111497,9996109804,368
docs/inst_test/instancias/n_1000_8,3000,10,15,50,0.1000,123,9996111502,9996110095,328
docs/inst_test/instancias/n_1000_8,3000,10,15,50,0.1000,2026,9996111497,9996109804,358
docs/inst_test/instancias/n_1000_8,3000,10,15,50,0.2000,42,9996111502,9996110095,371
docs/inst_test/instancias/n_1000_8,3000,10,15,50,0.2000,2026,9996111497,9996109804,336
docs/inst_test/instancias/n_1000_8,3000,10,15,50,0.3000,42,9996111502,9996110095,317
docs/inst_test/instancias/n_1000_8,3000,10,15,50,0.3000,123,9996111502,9996110095,363
docs/inst_test/instancias/n_1000_8,3000,10,15,50,0.2000,123,9996111502,9996110095,504
docs/inst_test/instancias/n_1000_8,3000,10,15,50,0.3000,2026,9996111497,9996109804,373
docs/inst_test/instancias/n_1000_8,3000,10,15,100,0.1000,42,9996111497,9996109804,342
docs/inst_test/instancias/n_1000_8,3000,10,15,100,0.1000,123,9996111497,9996109804,353
docs/inst_test/instancias/n_1000_8,3000,10,15,100,0.1000,2026,9996111497,9996109804,363
docs/inst_test/instancias/n_1000_8,3000,10,15,100,0.2000,123,9996111497,9996109804,354
docs/inst_test/instancias/n_1000_8,3000,10,15,100,0.2000,42,9996111502,9996110095,369
docs/inst_test/instancias/n_1000_8,3000,10,15,100,0.2000,2026,9996111497,9996109804,367
docs/inst_test/instancias/n_1000_8,3000,10,15,100,0.3000,42,9996111502,9996110095,359
docs/inst_test/instancias/n_1000_8,3000,10,15,100,0.3000,123,9996111497,9996109804,401
docs/inst_test/instancias/n_1000_8,3000,10,15,100,0.3000,2026,9996111497,9996109804,369
docs/inst_test/instancias/n_1000_8,3000,10,15,200,0.1000,123,9996111497,9996109804,335
docs/inst_test/instancias/n_1000_8,3000,10,15,200,0.1000,42,9996111497,9996109804,388
docs/inst_test/instancias/n_1000_8,3000,10,15,200,0.2000,42,9996111502,9996110095,338
docs/inst_test/instancias/n_1000_8,3000,10,15,200,0.1000,2026,9996111497,9996109804,354
docs/inst_test/instancias/n_1000_8,3000,10,15,200,0.2000,123,9996111497,9996109804,346
docs/inst_test/instancias/n_1000_8,3000,10,15,200,0.2000,2026,9996111497,9996109804,371
docs/inst_test/instancias/n_1000_8,3000,10,15,200,0.3000,42,9996111502,9996110095,356
docs/inst_test/instancias/n_1000_8,3000,10,15,200,0.3000,123,9996111497,9996109804,383
docs/inst_test/instancias/n_1000_8,3000,15,7,50,0.1000,42,9996111497,9996109804,366
docs/inst_test/instancias/n_1000_8,3000,10,15,200,0.3000,2026,9996111497,9996109804,385
docs/inst_test/instancias/n_1000_8,3000,15,7,50,0.1000,123,9996111502,9996110095,376
docs/inst_test/instancias/n_1000_8,3000,15,7,50,0.2000,42,9996111502,9996110095,350
docs/inst_test/instancias/n_1000_8,3000,15,7,50,0.1000,2026,9996111497,9996109804,482
docs/inst_test/instancias/n_1000_8,3000,15,7,50,0.2000,123,9996111502,9996110095,346
docs/inst_test/instancias/n_1000_8,3000,15,7,50,0.3000,42,9996111502,9996110095,314
docs/inst_test/instancias/n_1000_8,3000,15,7,50,0.2000,2026,9996111497,9996109804,483
docs/inst_test/instancias/n_1000_8,3000,15,7,50,0.3000,2026,9996111497,9996109804,337
docs/inst_test/instancias/n_1000_8,3000,15,7,100,0.1000,42,9996111497,9996109804,319
docs/inst_test/instancias/n_1000_8,3000,15,7,50,0.3000,123,9996111502,9996110095,374
docs/inst_test/instancias/n_1000_8,3000,15,7,100,0.1000,123,9996111497,9996109804,356
docs/inst_test/instancias/n_1000_8,3000,15,7,100,0.1000,2026,9996111497,9996109804,404
docs/inst_test/instancias/n_1000_8,3000,15,7,100,0.2000,42,9996111502,9996110095,408
docs/inst_test/instancias/n_1000_8,3000,15,7,100,0.2000,123,9996111497,9996109804,358
docs/inst_test/instancias/n_1000_8,3000,15,7,100,0.2000,2026,9996111497,9996109804,361
docs/inst_test/instancias/n_1000_8,3000,15,7,100,0.3000,42,9996111502,9996110095,366
docs/inst_test/instancias/n_1000_8,3000,15,7,100,0.3000,123,9996111497,9996109804,365
docs/inst_test/instancias/n_1000_8,3000,15,7,100,0.3000,2026,9996111497,9996109804,397
docs/inst_test/instancias/n_1000_8,3000,15,7,200,0.1000,42,9996111497,9996109804,343
docs/inst_test/instancias/n_1000_8,3000,15,7,200,0.1000,123,9996111497,9996109804,375
docs/inst_test/instancias/n_1000_8,3000,15,7,200,0.1000,2026,9996111497,9996109804,395
docs/inst_test/instancias/n_1000_8,3000,15,7,200,0.2000,42,9996111502,9996110095,377
docs/inst_test/instancias/n_1000_8,3000,15,7,200,0.3000,42,9996111502,9996110095,364
docs/inst_test/instancias/n_1000_8,3000,15,7,200,0.2000,2026,9996111497,9996109804,380
docs/inst_test/instancias/n_1000_8,3000,15,7,200,0.3000,123,9996111497,9996109804,366
docs/inst_test/instancias/n_1000_8,3000,15,7,200,0.2000,123,9996111497,9996109804,447
docs/inst_test/instancias/n_1000_8,3000,15,7,200,0.3000,2026,9996111497,9996109804,394
docs/inst_test/instancias/n_1000_8,3000,15,10,50,0.1000,42,9996111497,9996109804,363
docs/inst_test/instancias/n_1000_8,3000,15,10,50,0.1000,123,9996111502,9996110095,332
docs/inst_test/instancias/n_1000_8,3000,15,10,50,0.1000,2026,9996111497,9996109804,332
docs/inst_test/instancias/n_1000_8,3000,15,10,50,0.2000,42,9996111502,9996110095,347
docs/inst_test/instancias/n_1000_8,3000,15,10,50,0.2000,123,9996111502,9996110095,347
docs/inst_test/instancias/n_1000_8,3000,15,10,50,0.2000,2026,9996111497,9996109804,353
docs/inst_test/instancias/n_1000_8,3000,15,10,50,0.3000,123,9996111502,9996110095,352
docs/inst_test/instancias/n_1000_8,3000,15,10,50,0.3000,42,9996111502,9996110095,412
docs/inst_test/instancias/n_1000_8,3000,15,10,50,0.3000,2026,9996111497,9996109804,366
docs/inst_test/instancias/n_1000_8,3000,15,10,100,0.1000,123,9996111497,9996109804,362
docs/inst_test/instancias/n_1000_8,3000,15,10,100,0.1000,42,9996111497,9996109804,379
docs/inst_test/instancias/n_1000_8,3000,15,10,100,0.1000,2026,9996111497,9996109804,315
docs/inst_test/instancias/n_1000_8,3000,15,10,100,0.2000,42,9996111502,9996110095,374
docs/inst_test/instancias/n_1000_8,3000,15,10,100,0.2000,123,9996111497,9996109804,341
docs/inst_test/instancias/n_1000_8,3000,15,10,100,0.2000,2026,9996111497,9996109804,319
docs/inst_test/instancias/n_1000_8,3000,15,10,100,0.3000,123,9996111497,9996109804,332
docs/inst_test/instancias/n_1000_8,3000,15,10,200,0.1000,42,9996111497,9996109804,343
docs/inst_test/instancias/n_1000_8,3000,15,10,100,0.3000,42,9996111502,9996110095,482
docs/inst_test/instancias/n_1000_8,3000,15,10,100,0.3000,2026,9996111497,9996109804,380
docs/inst_test/instancias/n_1000_8,3000,15,10,200,0.1000,123,9996111497,9996109804,401
docs/inst_test/instancias/n_1000_8,3000,15,10,200,0.2000,42,9996111502,9996110095,348
docs/inst_test/instancias/n_1000_8,3000,15,10,200,0.1000,2026,9996111497,9996109804,367
docs/inst_test/instancias/n_1000_8,3000,15,10,200,0.2000,123,9996111497,9996109804,358
docs/inst_test/instancias/n_1000_8,3000,15,10,200,0.2000,2026,9996111497,9996109804,361
docs/inst_test/instancias/n_1000_8,3000,15,10,200,0.3000,123,9996111497,9996109804,336
docs/inst_test/instancias/n_1000_8,3000,15,10,200,0.3000,42,9996111502,9996110095,367
docs/inst_test/instancias/n_1000_8,3000,15,10,200,0.3000,2026,9996111497,9996109804,362
docs/inst_test/instancias/n_1000_8,3000,15,15,50,0.1000,42,9996111497,9996109804,360
docs/inst_test/instancias/n_1000_8,3000,15,15,50,0.2000,42,9996111502,9996110095,334
docs/inst_test/instancias/n_1000_8,3000,15,15,50,0.1000,2026,9996111497,9996109804,376
docs/inst_test/instancias/n_1000_8,3000,15,15,50,0.1000,123,9996111502,9996110095,393
docs/inst_test/instancias/n_1000_8,3000,15,15,50,0.2000,123,9996111502,9996110095,324
docs/inst_test/instancias/n_1000_8,3000,15,15,50,0.3000,42,9996111502,9996110095,363
docs/inst_test/instancias/n_1000_8,3000,15,15,50,0.2000,2026,9996111497,9996109804,380
docs/inst_test/instancias/n_1000_8,3000,15,15,50,0.3000,123,9996111502,9996110095,377
docs/inst_test/instancias/n_1000_8,3000,15,15,50,0.3000,2026,9996111497,9996109804,373
docs/inst_test/instancias/n_1000_8,3000,15,15,100,0.1000,123,9996111497,9996109804,339
docs/inst_test/instancias/n_1000_8,3000,15,15,100,0.1000,42,9996111497,9996109804,385
docs/inst_test/instancias/n_1000_8,3000,15,15,100,0.1000,2026,9996111497,9996109804,397
docs/inst_test/instancias/n_1000_8,3000,15,15,100,0.2000,42,9996111502,9996110095,338
docs/inst_test/instancias/n_1000_8,3000,15,15,100,0.2000,2026,9996111497,9996109804,330
docs/inst_test/instancias/n_1000_8,3000,15,15,100,0.3000,42,9996111502,9996110095,350
docs/inst_test/instancias/n_1000_8,3000,15,15,100,0.2000,123,9996111497,9996109804,406
docs/inst_test/instancias/n_1000_8,3000,15,15,100,0.3000,123,9996111497,9996109804,331
docs/inst_test/instancias/n_1000_8,3000,15,15,100,0.3000,2026,9996111497,9996109804,330
docs/inst_test/instancias/n_1000_8,3000,15,15,200,0.1000,123,9996111497,9996109804,375
docs/inst_test/instancias/n_1000_8,3000,15,15,200,0.1000,42,9996111497,9996109804,426
docs/inst_test/instancias/n_1000_8,3000,15,15,200,0.1000,2026,9996111497,9996109804,345
docs/inst_test/instancias/n_1000_8,3000,15,15,200,0.2000,42,9996111502,9996110095,325
docs/inst_test/instancias/n_1000_8,3000,15,15,200,0.2000,123,9996111497,9996109804,351
docs/inst_test/instancias/n_1000_8,3000,15,15,200,0.2000,2026,9996111497,9996109804,398
docs/inst_test/instancias/n_1000_8,3000,15,15,200,0.3000,42,9996111502,9996110095,385
docs/inst_test/instancias/n_1000_8,3000,15,15,200,0.3000,123,9996111497,9996109804,376
docs/inst_test/instancias/n_1000_8,3000,15,15,200,0.3000,2026,9996111497,9996109804,347
docs/inst_test/instancias/n_1000_8,3000,20,7,50,0.1000,42,9996111497,9996109804,330
docs/inst_test/instancias/n_1000_8,3000,20,7,50,0.1000,123,9996111502,9996110095,360
docs/inst_test/instancias/n_1000_8,3000,20,7,50,0.1000,2026,9996111497,9996109804,366
docs/inst_test/instancias/n_1000_8,3000,20,7,50,0.2000,42,9996111502,9996110095,357
docs/inst_test/instancias/n_1000_8,3000,20,7,50,0.2000,123,9996111502,9996110095,353
docs/inst_test/instancias/n_1000_8,3000,20,7,50,0.2000,2026,9996111497,9996109804,338
docs/inst_test/instancias/n_1000_8,3000,20,7,50,0.3000,42,9996111502,9996110095,355
docs/inst_test/instancias/n_1000_8,3000,20,7,50,0.3000,2026,9996111497,9996109804,369
docs/inst_test/instancias/n_1000_8,3000,20,7,100,0.1000,42,9996111497,9996109804,354
docs/inst_test/instancias/n_1000_8,3000,20,7,50,0.3000,123,9996111502,9996110095,406
docs/inst_test/instancias/n_1000_8,3000,20,7,100,0.1000,123,9996111497,9996109804,345
docs/inst_test/instancias/n_1000_8,3000,20,7,100,0.2000,42,9996111502,9996110095,311
docs/inst_test/instancias/n_1000_8,3000,20,7,100,0.1000,2026,9996111497,9996109804,388
docs/inst_test/instancias/n_1000_8,3000,20,7,100,0.2000,123,9996111497,9996109804,375
docs/inst_test/instancias/n_1000_8,3000,20,7,100,0.2000,2026,9996111497,9996109804,377
docs/inst_test/instancias/n_1000_8,3000,20,7,100,0.3000,42,9996111502,9996110095,368
docs/inst_test/instancias/n_1000_8,3000,20,7,100,0.3000,2026,9996111497,9996109804,346
docs/inst_test/instancias/n_1000_8,3000,20,7,100,0.3000,123,9996111497,9996109804,370
docs/inst_test/instancias/n_1000_8,3000,20,7,200,0.1000,42,9996111497,9996109804,399
docs/inst_test/instancias/n_1000_8,3000,20,7,200,0.1000,123,9996111497,9996109804,356
docs/inst_test/instancias/n_1000_8,3000,20,7,200,0.1000,2026,9996111497,9996109804,393
docs/inst_test/instancias/n_1000_8,3000,20,7,200,0.2000,42,9996111502,9996110095,369
docs/inst_test/instancias/n_1000_8,3000,20,7,200,0.2000,123,9996111497,9996109804,389
docs/inst_test/instancias/n_1000_8,3000,20,7,200,0.2000,2026,9996111497,9996109804,360
docs/inst_test/instancias/n_1000_8,3000,20,7,200,0.3000,42,9996111502,9996110095,382
docs/inst_test/instancias/n_1000_8,3000,20,7,200,0.3000,123,9996111497,9996109804,387
docs/inst_test/instancias/n_1000_8,3000,20,7,200,0.3000,2026,9996111497,9996109804,361
docs/inst_test/instancias/n_1000_8,3000,20,10,50,0.1000,42,9996111497,9996109804,347
docs/inst_test/instancias/n_1000_8,3000,20,10,50,0.1000,123,9996111502,9996110095,371
docs/inst_test/instancias/n_1000_8,3000,20,10,50,0.1000,2026,9996111497,9996109804,365
docs/inst_test/instancias/n_1000_8,3000,20,10,50,0.2000,42,9996111502,9996110095,362
docs/inst_test/instancias/n_1000_8,3000,20,10,50,0.2000,2026,9996111497,9996109804,334
docs/inst_test/instancias/n_1000_8,3000,20,10,50,0.2000,123,9996111502,9996110095,413
docs/inst_test/instancias/n_1000_8,3000,20,10,50,0.3000,42,9996111502,9996110095,388
docs/inst_test/instancias/n_1000_8,3000,20,10,50,0.3000,123,9996111502,9996110095,347
docs/inst_test/instancias/n_1000_8,3000,20,10,50,0.3000,2026,9996111497,9996109804,376
docs/inst_test/instancias/n_1000_8,3000,20,10,100,0.1000,123,9996111497,9996109804,327
docs/inst_test/instancias/n_1000_8,3000,20,10,100,0.1000,42,9996111497,9996109804,368
docs/inst_test/instancias/n_1000_8,3000,20,10,100,0.1000,2026,9996111497,9996109804,365
docs/inst_test/instancias/n_1000_8,3000,20,10,100,0.2000,42,9996111502,9996110095,371
docs/inst_test/instancias/n_1000_8,3000,20,10,100,0.3000,42,9996111502,9996110095,349
docs/inst_test/instancias/n_1000_8,3000,20,10,100,0.2000,123,9996111497,9996109804,392
docs/inst_test/instancias/n_1000_8,3000,20,10,100,0.2000,2026,9996111497,9996109804,375
docs/inst_test/instancias/n_1000_8,3000,20,10,100,0.3000,123,9996111497,9996109804,356
docs/inst_test/instancias/n_1000_8,3000,20,10,200,0.1000,42,9996111497,9996109804,316
docs/inst_test/instancias/n_1000_8,3000,20,10,100,0.3000,2026,9996111497,9996109804,354
docs/inst_test/instancias/n_1000_8,3000,20,10,200,0.1000,123,9996111497,9996109804,320
docs/inst_test/instancias/n_1000_8,3000,20,10,200,0.1000,2026,9996111497,9996109804,339
docs/inst_test/instancias/n_1000_8,3000,20,10,200,0.2000,2026,9996111497,9996109804,339
docs/inst_test/instancias/n_1000_8,3000,20,10,200,0.2000,42,9996111502,9996110095,386
docs/inst_test/instancias/n_1000_8,3000,20,10,200,0.3000,42,9996111502,9996110095,379
docs/inst_test/instancias/n_1000_8,3000,20,10,200,0.2000,123,9996111497,9996109804,483
docs/inst_test/instancias/n_1000_8,3000,20,10,200,0.3000,123,9996111497,9996109804,389
docs/inst_test/instancias/n_1000_8,3000,20,10,200,0.3000,2026,9996111497,9996109804,361
docs/inst_test/instancias/n_1000_8,3000,20,15,50,0.1000,42,9996111497,9996109804,400
docs/inst_test/instancias/n_1000_8,3000,20,15,50,0.1000,123,9996111502,9996110095,385
docs/inst_test/instancias/n_1000_8,3000,20,15,50,0.1000,2026,9996111497,9996109804,370
docs/inst_test/instancias/n_1000_8,3000,20,15,50,0.2000,42,9996111502,9996110095,370
docs/inst_test/instancias/n_1000_8,3000,20,15,50,0.2000,123,9996111502,9996110095,413
docs/inst_test/instancias/n_1000_8,3000,20,15,50,0.2000,2026,9996111497,9996109804,394
docs/inst_test/instancias/n_1000_8,3000,20,15,50,0.3000,42,9996111502,9996110095,435
docs/inst_test/instancias/n_1000_8,3000,20,15,50,0.3000,123,9996111502,9996110095,448
docs/inst_test/instancias/n_1000_8,3000,20,15,50,0.3000,2026,9996111497,9996109804,409
docs/inst_test/instancias/n_1000_8,3000,20,15,100,0.1000,42,9996111497,9996109804,402
docs/inst_test/instancias/n_1000_8,3000,20,15,100,0.1000,123,9996111497,9996109804,398
docs/inst_test/instancias/n_1000_8,3000,20,15,100,0.1000,2026,9996111497,9996109804,405
docs/inst_test/instancias/n_1000_8,3000,20,15,100,0.2000,42,9996111502,9996110095,346
docs/inst_test/instancias/n_1000_8,3000,20,15,100,0.2000,123,9996111497,9996109804,387
docs/inst_test/instancias/n_1000_8,3000,20,15,100,0.2000,2026,9996111497,9996109804,341
docs/inst_test/instancias/n_1000_8,3000,20,15,100,0.3000,42,9996111502,9996110095,365
docs/inst_test/instancias/n_1000_8,3000,20,15,100,0.3000,123,9996111497,9996109804,381
docs/inst_test/instancias/n_1000_8,3000,20,15,100,0.3000,2026,9996111497,9996109804,382
docs/inst_test/instancias/n_1000_8,3000,20,15,200,0.1000,42,9996111497,9996109804,377
docs/inst_test/instancias/n_1000_8,3000,20,15,200,0.1000,123,9996111497,9996109804,415
docs/inst_test/instancias/n_1000_8,3000,20,15,200,0.1000,2026,9996111497,9996109804,382
docs/inst_test/instancias/n_1000_8,3000,20,15,200,0.2000,42,9996111502,9996110095,356
docs/inst_test/instancias/n_1000_8,3000,20,15,200,0.2000,123,9996111497,9996109804,374
docs/inst_test/instancias/n_1000_8,3000,20,15,200,0.2000,2026,9996111497,9996109804,364
docs/inst_test/instancias/n_1000_8,3000,20,15,200,0.3000,42,9996111502,9996110095,339
docs/inst_test/instancias/n_1000_8,3000,20,15,200,0.3000,123,9996111497,9996109804,376
docs/inst_test/instancias/n_1000_8,3000,20,15,200,0.3000,2026,9996111497,9996109804,367
docs/inst_test/instancias/n_1000_8,5000,10,7,50,0.1000,42,9996111502,9996110095,600
docs/inst_test/instancias/n_1000_8,5000,10,7,50,0.1000,2026,9996111497,9996109804,601
docs/inst_test/instancias/n_1000_8,5000,10,7,50,0.2000,2026,9996111502,9996110095,598
docs/inst_test/instancias/n_1000_8,5000,10,7,50,0.2000,42,9996111502,9996110095,664
docs/inst_test/instancias/n_1000_8,5000,10,7,50,0.1000,123,9996111502,9996110095,736
docs/inst_test/instancias/n_1000_8,5000,10,7,50,0.2000,123,9996111502,9996110095,715
docs/inst_test/instancias/n_1000_8,5000,10,7,50,0.3000,42,9996111502,9996110095,618
docs/inst_test/instancias/n_1000_8,5000,10,7,50,0.3000,123,9996111502,9996110095,583
docs/inst_test/instancias/n_1000_8,5000,10,7,50,0.3000,2026,9996111502,9996110095,613
docs/inst_test/instancias/n_1000_8,5000,10,7,100,0.1000,42,9996111497,9996109804,593
docs/inst_test/instancias/n_1000_8,5000,10,7,100,0.1000,2026,9996111497,9996109804,609
docs/inst_test/instancias/n_1000_8,5000,10,7,100,0.1000,123,9996111502,9996110095,617
docs/inst_test/instancias/n_1000_8,5000,10,7,100,0.2000,123,9996111502,9996110095,562
docs/inst_test/instancias/n_1000_8,5000,10,7,100,0.2000,42,9996111502,9996110095,637
docs/inst_test/instancias/n_1000_8,5000,10,7,100,0.3000,42,9996111502,9996110095,582
docs/inst_test/instancias/n_1000_8,5000,10,7,100,0.2000,2026,9996111497,9996109804,696
docs/inst_test/instancias/n_1000_8,5000,10,7,100,0.3000,123,9996111502,9996110095,599
docs/inst_test/instancias/n_1000_8,5000,10,7,100,0.3000,2026,9996111497,9996109804,589
docs/inst_test/instancias/n_1000_8,5000,10,7,200,0.1000,123,9996111497,9996109804,568
docs/inst_test/instancias/n_1000_8,5000,10,7,200,0.1000,42,9996111497,9996109804,583
docs/inst_test/instancias/n_1000_8,5000,10,7,200,0.1000,2026,9996111497,9996109804,566
docs/inst_test/instancias/n_1000_8,5000,10,7,200,0.2000,42,9996111502,9996110095,577
docs/inst_test/instancias/n_1000_8,5000,10,7,200,0.2000,123,9996111497,9996109804,574
docs/inst_test/instancias/n_1000_8,5000,10,7,200,0.2000,2026,9996111497,9996109804,597
docs/inst_test/instancias/n_1000_8,5000,10,7,200,0.3000,42,9996111502,9996110095,574
docs/inst_test/instancias/n_1000_8,5000,10,7,200,0.3000,123,9996111497,9996109804,599
docs/inst_test/instancias/n_1000_8,5000,10,7,200,0.3000,2026,9996111497,9996109804,611
docs/inst_test/instancias/n_1000_8,5000,10,10,50,0.1000,42,9996111502,9996110095,616
docs/inst_test/instancias/n_1000_8,5000,10,10,50,0.1000,123,9996111502,9996110095,627
docs/inst_test/instancias/n_1000_8,5000,10,10,50,0.1000,2026,9996111497,9996109804,625
docs/inst_test/instancias/n_1000_8,5000,10,10,50,0.2000,42,9996111502,9996110095,630
docs/inst_test/instancias/n_1000_8,5000,10,10,50,0.2000,123,9996111502,9996110095,603
docs/inst_test/instancias/n_1000_8,5000,10,10,50,0.2000,2026,9996111502,9996110095,595
docs/inst_test/instancias/n_1000_8,5000,10,10,50,0.3000,42,9996111502,9996110095,628
docs/inst_test/instancias/n_1000_8,5000,10,10,100,0.1000,123,9996111502,9996110095,527
docs/inst_test/instancias/n_1000_8,5000,10,10,50,0.3000,123,9996111502,9996110095,594
docs/inst_test/instancias/n_1000_8,5000,10,10,50,0.3000,2026,9996111502,9996110095,642
docs/inst_test/instancias/n_1000_8,5000,10,10,100,0.1000,42,9996111497,9996109804,660
docs/inst_test/instancias/n_1000_8,5000,10,10,100,0.1000,2026,9996111497,9996109804,669
docs/inst_test/instancias/n_1000_8,5000,10,10,100,0.2000,42,9996111502,9996110095,687
docs/inst_test/instancias/n_1000_8,5000,10,10,100,0.2000,123,9996111502,9996110095,552
docs/inst_test/instancias/n_1000_8,5000,10,10,100,0.3000,123,9996111502,9996110095,517
docs/inst_test/instancias/n_1000_8,5000,10,10,100,0.2000,2026,9996111497,9996109804,658
docs/inst_test/instancias/n_1000_8,5000,10,10,100,0.3000,42,9996111502,9996110095,631
docs/inst_test/instancias/n_1000_8,5000,10,10,100,0.3000,2026,9996111497,9996109804,613
docs/inst_test/instancias/n_1000_8,5000,10,10,200,0.1000,42,9996111497,9996109804,626
docs/inst_test/instancias/n_1000_8,5000,10,10,200,0.1000,123,9996111497,9996109804,661
docs/inst_test/instancias/n_1000_8,5000,10,10,200,0.1000,2026,9996111497,9996109804,617
docs/inst_test/instancias/n_1000_8,5000,10,10,200,0.2000,42,9996111502,9996110095,599
docs/inst_test/instancias/n_1000_8,5000,10,10,200,0.2000,123,9996111497,9996109804,596
docs/inst_test/instancias/n_1000_8,5000,10,10,200,0.3000,42,9996111502,9996110095,600
docs/inst_test/instancias/n_1000_8,5000,10,10,200,0.3000,123,9996111497,9996109804,628
docs/inst_test/instancias/n_1000_8,5000,10,10,200,0.2000,2026,9996111497,9996109804,735
docs/inst_test/instancias/n_1000_8,5000,10,10,200,0.3000,2026,9996111497,9996109804,611
docs/inst_test/instancias/n_1000_8,5000,10,15,50,0.1000,42,9996111502,9996110095,516
docs/inst_test/instancias/n_1000_8,5000,10,15,50,0.1000,123,9996111502,9996110095,564
docs/inst_test/instancias/n_1000_8,5000,10,15,50,0.1000,2026,9996111497,9996109804,637
docs/inst_test/instancias/n_1000_8,5000,10,15,50,0.2000,42,9996111502,9996110095,613
docs/inst_test/instancias/n_1000_8,5000,10,15,50,0.2000,123,9996111502,9996110095,576
docs/inst_test/instancias/n_1000_8,5000,10,15,50,0.2000,2026,9996111502,9996110095,577
docs/inst_test/instancias/n_1000_8,5000,10,15,50,0.3000,123,9996111502,9996110095,614
docs/inst_test/instancias/n_1000_8,5000,10,15,50,0.3000,42,9996111502,9996110095,650
docs/inst_test/instancias/n_1000_8,5000,10,15,50,0.3000,2026,9996111502,9996110095,628
docs/inst_test/instancias/n_1000_8,5000,10,15,100,0.1000,42,9996111497,9996109804,653
docs/inst_test/instancias/n_1000_8,5000,10,15,100,0.1000,123,9996111502,9996110095,610
docs/inst_test/instancias/n_1000_8,5000,10,15,100,0.1000,2026,9996111497,9996109804,580
docs/inst_test/instancias/n_1000_8,5000,10,15,100,0.2000,42,9996111502,9996110095,586
docs/inst_test/instancias/n_1000_8,5000,10,15,100,0.2000,123,9996111502,9996110095,569
docs/inst_test/instancias/n_1000_8,5000,10,15,100,0.3000,42,9996111502,9996110095,581
docs/inst_test/instancias/n_1000_8,5000,10,15,100,0.3000,123,9996111502,9996110095,594
docs/inst_test/instancias/n_1000_8,5000,10,15,100,0.3000,2026,9996111497,9996109804,519
docs/inst_test/instancias/n_1000_8,5000,10,15,100,0.2000,2026,9996111497,9996109804,717
docs/inst_test/instancias/n_1000_8,5000,10,15,200,0.1000,42,9996111497,9996109804,573
docs/inst_test/instancias/n_1000_8,5000,10,15,200,0.1000,123,9996111497,9996109804,591
docs/inst_test/instancias/n_1000_8,5000,10,15,200,0.1000,2026,9996111497,9996109804,581
docs/inst_test/instancias/n_1000_8,5000,10,15,200,0.2000,42,9996111502,9996110095,580
docs/inst_test/instancias/n_1000_8,5000,10,15,200,0.2000,123,9996111497,9996109804,596
docs/inst_test/instancias/n_1000_8,5000,10,15,200,0.3000,42,9996111502,9996110095,548
docs/inst_test/instancias/n_1000_8,5000,10,15,200,0.2000,2026,9996111497,9996109804,625
docs/inst_test/instancias/n_1000_8,5000,10,15,200,0.3000,123,9996111497,9996109804,588
docs/inst_test/instancias/n_1000_8,5000,10,15,200,0.3000,2026,9996111497,9996109804,607
docs/inst_test/instancias/n_1000_8,5000,15,7,50,0.1000,42,9996111502,9996110095,634
docs/inst_test/instancias/n_1000_8,5000,15,7,50,0.1000,123,9996111502,9996110095,624
docs/inst_test/instancias/n_1000_8,5000,15,7,50,0.1000,2026,9996111497,9996109804,643
docs/inst_test/instancias/n_1000_8,5000,15,7,50,0.2000,123,9996111502,9996110095,546
docs/inst_test/instancias/n_1000_8,5000,15,7,50,0.2000,42,9996111502,9996110095,669
docs/inst_test/instancias/n_1000_8,5000,15,7,50,0.2000,2026,9996111502,9996110095,653
docs/inst_test/instancias/n_1000_8,5000,15,7,50,0.3000,42,9996111502,9996110095,655
docs/inst_test/instancias/n_1000_8,5000,15,7,50,0.3000,123,9996111502,9996110095,607
docs/inst_test/instancias/n_1000_8,5000,15,7,50,0.3000,2026,9996111502,9996110095,651
docs/inst_test/instancias/n_1000_8,5000,15,7,100,0.1000,42,9996111497,9996109804,648
docs/inst_test/instancias/n_1000_8,5000,15,7,100,0.1000,123,9996111502,9996110095,649
docs/inst_test/instancias/n_1000_8,5000,15,7,100,0.1000,2026,9996111497,9996109804,583
docs/inst_test/instancias/n_1000_8,5000,15,7,100,0.2000,123,9996111502,9996110095,616
docs/inst_test/instancias/n_1000_8,5000,15,7,100,0.2000,42,9996111502,9996110095,735
docs/inst_test/instancias/n_1000_8,5000,15,7,100,0.2000,2026,9996111497,9996109804,648
docs/inst_test/instancias/n_1000_8,5000,15,7,100,0.3000,42,9996111502,9996110095,581
docs/inst_test/instancias/n_1000_8,5000,15,7,100,0.3000,123,9996111502,9996110095,638
docs/inst_test/instancias/n_1000_8,5000,15,7,100,0.3000,2026,9996111497,9996109804,605
docs/inst_test/instancias/n_1000_8,5000,15,7,200,0.1000,123,9996111497,9996109804,632
docs/inst_test/instancias/n_1000_8,5000,15,7,200,0.1000,42,9996111497,9996109804,675
docs/inst_test/instancias/n_1000_8,5000,15,7,200,0.1000,2026,9996111497,9996109804,650
docs/inst_test/instancias/n_1000_8,5000,15,7,200,0.2000,42,9996111502,9996110095,633
docs/inst_test/instancias/n_1000_8,5000,15,7,200,0.2000,123,9996111497,9996109804,641
docs/inst_test/instancias/n_1000_8,5000,15,7,200,0.2000,2026,9996111497,9996109804,649
docs/inst_test/instancias/n_1000_8,5000,15,7,200,0.3000,123,9996111497,9996109804,593
docs/inst_test/instancias/n_1000_8,5000,15,7,200,0.3000,42,9996111502,9996110095,727
docs/inst_test/instancias/n_1000_8,5000,15,10,50,0.1000,42,9996111502,9996110095,580
docs/inst_test/instancias/n_1000_8,5000,15,7,200,0.3000,2026,9996111497,9996109804,597
docs/inst_test/instancias/n_1000_8,5000,15,10,50,0.1000,123,9996111502,9996110095,611
docs/inst_test/instancias/n_1000_8,5000,15,10,50,0.1000,2026,9996111497,9996109804,621
docs/inst_test/instancias/n_1000_8,5000,15,10,50,0.2000,42,9996111502,9996110095,660
docs/inst_test/instancias/n_1000_8,5000,15,10,50,0.2000,123,9996111502,9996110095,654
docs/inst_test/instancias/n_1000_8,5000,15,10,50,0.2000,2026,9996111502,9996110095,668
docs/inst_test/instancias/n_1000_8,5000,15,10,50,0.3000,123,9996111502,9996110095,551
docs/inst_test/instancias/n_1000_8,5000,15,10,50,0.3000,42,9996111502,9996110095,649
docs/inst_test/instancias/n_1000_8,5000,15,10,50,0.3000,2026,9996111502,9996110095,687
docs/inst_test/instancias/n_1000_8,5000,15,10,100,0.1000,123,9996111502,9996110095,576
docs/inst_test/instancias/n_1000_8,5000,15,10,100,0.1000,42,9996111497,9996109804,689
docs/inst_test/instancias/n_1000_8,5000,15,10,100,0.1000,2026,9996111497,9996109804,578
docs/inst_test/instancias/n_1000_8,5000,15,10,100,0.2000,42,9996111502,9996110095,575
docs/inst_test/instancias/n_1000_8,5000,15,10,100,0.2000,2026,9996111497,9996109804,543
docs/inst_test/instancias/n_1000_8,5000,15,10,100,0.2000,123,9996111502,9996110095,645
docs/inst_test/instancias/n_1000_8,5000,15,10,100,0.3000,42,9996111502,9996110095,631
docs/inst_test/instancias/n_1000_8,5000,15,10,100,0.3000,123,9996111502,9996110095,625
docs/inst_test/instancias/n_1000_8,5000,15,10,100,0.3000,2026,9996111497,9996109804,609
docs/inst_test/instancias/n_1000_8,5000,15,10,200,0.1000,2026,9996111497,9996109804,542
docs/inst_test/instancias/n_1000_8,5000,15,10,200,0.1000,123,9996111497,9996109804,603
docs/inst_test/instancias/n_1000_8,5000,15,10,200,0.1000,42,9996111497,9996109804,622
docs/inst_test/instancias/n_1000_8,5000,15,10,200,0.2000,42,9996111502,9996110095,605
docs/inst_test/instancias/n_1000_8,5000,15,10,200,0.2000,123,9996111497,9996109804,612
docs/inst_test/instancias/n_1000_8,5000,15,10,200,0.2000,2026,9996111497,9996109804,562
docs/inst_test/instancias/n_1000_8,5000,15,10,200,0.3000,42,9996111502,9996110095,594
docs/inst_test/instancias/n_1000_8,5000,15,10,200,0.3000,2026,9996111497,9996109804,570
docs/inst_test/instancias/n_1000_8,5000,15,10,200,0.3000,123,9996111497,9996109804,625
docs/inst_test/instancias/n_1000_8,5000,15,15,50,0.1000,123,9996111502,9996110095,601
docs/inst_test/instancias/n_1000_8,5000,15,15,50,0.1000,42,9996111502,9996110095,619
docs/inst_test/instancias/n_1000_8,5000,15,15,50,0.1000,2026,9996111497,9996109804,581
docs/inst_test/instancias/n_1000_8,5000,15,15,50,0.2000,42,9996111502,9996110095,603
docs/inst_test/instancias/n_1000_8,5000,15,15,50,0.2000,123,9996111502,9996110095,591
docs/inst_test/instancias/n_1000_8,5000,15,15,50,0.2000,2026,9996111502,9996110095,574
docs/inst_test/instancias/n_1000_8,5000,15,15,50,0.3000,42,9996111502,9996110095,609
docs/inst_test/instancias/n_1000_8,5000,15,15,50,0.3000,123,9996111502,9996110095,614
docs/inst_test/instancias/n_1000_8,5000,15,15,100,0.1000,42,9996111497,9996109804,564
docs/inst_test/instancias/n_1000_8,5000,15,15,50,0.3000,2026,9996111502,9996110095,594
docs/inst_test/instancias/n_1000_8,5000,15,15,100,0.1000,123,9996111502,9996110095,632
docs/inst_test/instancias/n_1000_8,5000,15,15,100,0.1000,2026,9996111497,9996109804,579
docs/inst_test/instancias/n_1000_8,5000,15,15,100,0.2000,42,9996111502,9996110095,593
docs/inst_test/instancias/n_1000_8,5000,15,15,100,0.2000,123,9996111502,9996110095,637
docs/inst_test/instancias/n_1000_8,5000,15,15,100,0.3000,42,9996111502,9996110095,566
docs/inst_test/instancias/n_1000_8,5000,15,15,100,0.3000,2026,9996111497,9996109804,585
docs/inst_test/instancias/n_1000_8,5000,15,15,100,0.3000,123,9996111502,9996110095,619
docs/inst_test/instancias/n_1000_8,5000,15,15,100,0.2000,2026,9996111497,9996109804,693
docs/inst_test/instancias/n_1000_8,5000,15,15,200,0.1000,42,9996111497,9996109804,576
docs/inst_test/instancias/n_1000_8,5000,15,15,200,0.1000,123,9996111497,9996109804,599
docs/inst_test/instancias/n_1000_8,5000,15,15,200,0.1000,2026,9996111497,9996109804,615
docs/inst_test/instancias/n_1000_8,5000,15,15,200,0.2000,42,9996111502,9996110095,580
docs/inst_test/instancias/n_1000_8,5000,15,15,200,0.2000,123,9996111497,9996109804,556
docs/inst_test/instancias/n_1000_8,5000,15,15,200,0.3000,42,9996111502,9996110095,693
docs/inst_test/instancias/n_1000_8,5000,15,15,200,0.2000,2026,9996111497,9996109804,697
docs/inst_test/instancias/n_1000_8,5000,15,15,200,0.3000,123,9996111497,9996109804,728
docs/inst_test/instancias/n_1000_8,5000,15,15,200,0.3000,2026,9996111497,9996109804,754
docs/inst_test/instancias/n_1000_8,5000,20,7,50,0.1000,42,9996111502,9996110095,767
docs/inst_test/instancias/n_1000_8,5000,20,7,50,0.1000,123,9996111502,9996110095,747
docs/inst_test/instancias/n_1000_8,5000,20,7,50,0.1000,2026,9996111497,9996109804,762
docs/inst_test/instancias/n_1000_8,5000,20,7,50,0.2000,2026,9996111502,9996110095,615
docs/inst_test/instancias/n_1000_8,5000,20,7,50,0.2000,123,9996111502,9996110095,654
docs/inst_test/instancias/n_1000_8,5000,20,7,50,0.2000,42,9996111502,9996110095,920
docs/inst_test/instancias/n_1000_8,5000,20,7,50,0.3000,42,9996111502,9996110095,655
docs/inst_test/instancias/n_1000_8,5000,20,7,50,0.3000,123,9996111502,9996110095,592
docs/inst_test/instancias/n_1000_8,5000,20,7,50,0.3000,2026,9996111502,9996110095,571
docs/inst_test/instancias/n_1000_8,5000,20,7,100,0.1000,42,9996111497,9996109804,662
docs/inst_test/instancias/n_1000_8,5000,20,7,100,0.1000,123,9996111502,9996110095,569
docs/inst_test/instancias/n_1000_8,5000,20,7,100,0.1000,2026,9996111497,9996109804,635
docs/inst_test/instancias/n_1000_8,5000,20,7,100,0.2000,42,9996111502,9996110095,652
docs/inst_test/instancias/n_1000_8,5000,20,7,100,0.2000,2026,9996111497,9996109804,641
docs/inst_test/instancias/n_1000_8,5000,20,7,100,0.2000,123,9996111502,9996110095,688
docs/inst_test/instancias/n_1000_8,5000,20,7,100,0.3000,42,9996111502,9996110095,634
docs/inst_test/instancias/n_1000_8,5000,20,7,100,0.3000,123,9996111502,9996110095,642
docs/inst_test/instancias/n_1000_8,5000,20,7,200,0.1000,42,9996111497,9996109804,519
docs/inst_test/instancias/n_1000_8,5000,20,7,100,0.3000,2026,9996111497,9996109804,580
docs/inst_test/instancias/n_1000_8,5000,20,7,200,0.1000,123,9996111497,9996109804,545
docs/inst_test/instancias/n_1000_8,5000,20,7,200,0.1000,2026,9996111497,9996109804,613
docs/inst_test/instancias/n_1000_8,5000,20,7,200,0.2000,123,9996111497,9996109804,577
docs/inst_test/instancias/n_1000_8,5000,20,7,200,0.2000,42,9996111502,9996110095,642
docs/inst_test/instancias/n_1000_8,5000,20,7,200,0.2000,2026,9996111497,9996109804,562
docs/inst_test/instancias/n_1000_8,5000,20,7,200,0.3000,42,9996111502,9996110095,593
docs/inst_test/instancias/n_1000_8,5000,20,7,200,0.3000,123,9996111497,9996109804,634
docs/inst_test/instancias/n_1000_8,5000,20,7,200,0.3000,2026,9996111497,9996109804,607
docs/inst_test/instancias/n_1000_8,5000,20,10,50,0.1000,42,9996111502,9996110095,583
docs/inst_test/instancias/n_1000_8,5000,20,10,50,0.1000,123,9996111502,9996110095,616
docs/inst_test/instancias/n_1000_8,5000,20,10,50,0.1000,2026,9996111497,9996109804,591
docs/inst_test/instancias/n_1000_8,5000,20,10,50,0.2000,123,9996111502,9996110095,543
docs/inst_test/instancias/n_1000_8,5000,20,10,50,0.2000,42,9996111502,9996110095,703
docs/inst_test/instancias/n_1000_8,5000,20,10,50,0.2000,2026,9996111502,9996110095,605
docs/inst_test/instancias/n_1000_8,5000,20,10,50,0.3000,42,9996111502,9996110095,590
docs/inst_test/instancias/n_1000_8,5000,20,10,50,0.3000,123,9996111502,9996110095,617
docs/inst_test/instancias/n_1000_8,5000,20,10,50,0.3000,2026,9996111502,9996110095,637
docs/inst_test/instancias/n_1000_8,5000,20,10,100,0.1000,42,9996111497,9996109804,580
docs/inst_test/instancias/n_1000_8,5000,20,10,100,0.1000,123,9996111502,9996110095,616
docs/inst_test/instancias/n_1000_8,5000,20,10,100,0.1000,2026,9996111497,9996109804,615
docs/inst_test/instancias/n_1000_8,5000,20,10,100,0.2000,42,9996111502,9996110095,616
docs/inst_test/instancias/n_1000_8,5000,20,10,100,0.2000,123,9996111502,9996110095,643
docs/inst_test/instancias/n_1000_8,5000,20,10,100,0.2000,2026,9996111497,9996109804,669
docs/inst_test/instancias/n_1000_8,5000,20,10,100,0.3000,42,9996111502,9996110095,646
docs/inst_test/instancias/n_1000_8,5000,20,10,100,0.3000,123,9996111502,9996110095,608
docs/inst_test/instancias/n_1000_8,5000,20,10,100,0.3000,2026,9996111497,9996109804,605
docs/inst_test/instancias/n_1000_8,5000,20,10,200,0.1000,42,9996111497,9996109804,646
docs/inst_test/instancias/n_1000_8,5000,20,10,200,0.1000,123,9996111497,9996109804,657
docs/inst_test/instancias/n_1000_8,5000,20,10,200,0.1000,2026,9996111497,9996109804,599
docs/inst_test/instancias/n_1000_8,5000,20,10,200,0.2000,42,9996111502,9996110095,657
docs/inst_test/instancias/n_1000_8,5000,20,10,200,0.2000,123,9996111497,9996109804,624
docs/inst_test/instancias/n_1000_8,5000,20,10,200,0.2000,2026,9996111497,9996109804,663
docs/inst_test/instancias/n_1000_8,5000,20,10,200,0.3000,42,9996111502,9996110095,614
docs/inst_test/instancias/n_1000_8,5000,20,10,200,0.3000,2026,9996111497,9996109804,548
docs/inst_test/instancias/n_1000_8,5000,20,10,200,0.3000,123,9996111497,9996109804,725
docs/inst_test/instancias/n_1000_8,5000,20,15,50,0.1000,42,9996111502,9996110095,659
docs/inst_test/instancias/n_1000_8,5000,20,15,50,0.1000,2026,9996111497,9996109804,529
docs/inst_test/instancias/n_1000_8,5000,20,15,50,0.1000,123,9996111502,9996110095,669
docs/inst_test/instancias/n_1000_8,5000,20,15,50,0.2000,42,9996111502,9996110095,631
docs/inst_test/instancias/n_1000_8,5000,20,15,50,0.2000,123,9996111502,9996110095,576
docs/inst_test/instancias/n_1000_8,5000,20,15,50,0.2000,2026,9996111502,9996110095,677
docs/inst_test/instancias/n_1000_8,5000,20,15,50,0.3000,42,9996111502,9996110095,579
docs/inst_test/instancias/n_1000_8,5000,20,15,50,0.3000,123,9996111502,9996110095,600
docs/inst_test/instancias/n_1000_8,5000,20,15,50,0.3000,2026,9996111502,9996110095,559
docs/inst_test/instancias/n_1000_8,5000,20,15,100,0.1000,123,9996111502,9996110095,588
docs/inst_test/instancias/n_1000_8,5000,20,15,100,0.1000,42,9996111497,9996109804,616
docs/inst_test/instancias/n_1000_8,5000,20,15,100,0.1000,2026,9996111497,9996109804,580
docs/inst_test/instancias/n_1000_8,5000,20,15,100,0.2000,42,9996111502,9996110095,602
docs/inst_test/instancias/n_1000_8,5000,20,15,100,0.2000,123,9996111502,9996110095,618
docs/inst_test/instancias/n_1000_8,5000,20,15,100,0.2000,2026,9996111497,9996109804,606
docs/inst_test/instancias/n_1000_8,5000,20,15,100,0.3000,123,9996111502,9996110095,584
docs/inst_test/instancias/n_1000_8,5000,20,15,100,0.3000,2026,9996111497,9996109804,520
docs/inst_test/instancias/n_1000_8,5000,20,15,100,0.3000,42,9996111502,9996110095,703
docs/inst_test/instancias/n_1000_8,5000,20,15,200,0.1000,42,9996111497,9996109804,612
docs/inst_test/instancias/n_1000_8,5000,20,15,200,0.1000,2026,9996111497,9996109804,567
docs/inst_test/instancias/n_1000_8,5000,20,15,200,0.1000,123,9996111497,9996109804,598
docs/inst_test/instancias/n_1000_8,5000,20,15,200,0.2000,42,9996111502,9996110095,530
docs/inst_test/instancias/n_1000_8,5000,20,15,200,0.2000,2026,9996111497,9996109804,535
docs/inst_test/instancias/n_1000_9,1000,10,7,50,0.1000,42,9980485898,9980481011,330
docs/inst_test/instancias/n_1000_8,5000,20,15,200,0.3000,42,9996111502,9996110095,534
docs/inst_test/instancias/n_1000_8,5000,20,15,200,0.2000,123,9996111497,9996109804,680
docs/inst_test/instancias/n_1000_9,1000,10,7,50,0.1000,123,9980485898,9980481011,356
docs/inst_test/instancias/n_1000_9,1000,10,7,50,0.1000,2026,9980485898,9980481011,253
docs/inst_test/instancias/n_1000_8,5000,20,15,200,0.3000,123,9996111497,9996109804,655
docs/inst_test/instancias/n_1000_9,1000,10,7,50,0.2000,42,9980485898,9980481011,251
docs/inst_test/instancias/n_1000_8,5000,20,15,200,0.3000,2026,9996111497,9996109804,660
docs/inst_test/instancias/n_1000_9,1000,10,7,50,0.3000,123,9980485898,9980481011,234
docs/inst_test/instancias/n_1000_9,1000,10,7,50,0.3000,42,9980485898,9980481011,260
docs/inst_test/instancias/n_1000_9,1000,10,7,50,0.2000,2026,9980485898,9980481011,269
docs/inst_test/instancias/n_1000_9,1000,10,7,50,0.3000,2026,9980485898,9980481011,232
docs/inst_test/instancias/n_1000_9,1000,10,7,50,0.2000,123,9980485898,9980481011,375
docs/inst_test/instancias/n_1000_9,1000,10,7,100,0.1000,42,9980485898,9980481011,274
docs/inst_test/instancias/n_1000_9,1000,10,7,100,0.1000,123,9980485898,9980481011,249
docs/inst_test/instancias/n_1000_9,1000,10,7,100,0.2000,42,9980485898,9980481011,257
docs/inst_test/instancias/n_1000_9,1000,10,7,100,0.2000,123,9980485898,9980481011,237
docs/inst_test/instancias/n_1000_9,1000,10,7,100,0.2000,2026,9980485898,9980481011,251
docs/inst_test/instancias/n_1000_9,1000,10,7,100,0.3000,42,9980485898,9980481011,261
docs/inst_test/instancias/n_1000_9,1000,10,7,100,0.3000,123,9980485898,9980481011,300
docs/inst_test/instancias/n_1000_9,1000,10,7,100,0.1000,2026,9980485898,9980481011,427
docs/inst_test/instancias/n_1000_9,1000,10,7,200,0.1000,42,9980485898,9980481011,244
docs/inst_test/instancias/n_1000_9,1000,10,7,100,0.3000,2026,9980485898,9980481011,298
docs/inst_test/instancias/n_1000_9,1000,10,7,200,0.2000,42,9980485898,9980481011,271
docs/inst_test/instancias/n_1000_9,1000,10,7,200,0.1000,2026,9980485898,9980481011,299
docs/inst_test/instancias/n_1000_9,1000,10,7,200,0.1000,123,9980485898,9980481011,333
docs/inst_test/instancias/n_1000_9,1000,10,7,200,0.2000,123,9980485898,9980481011,353
docs/inst_test/instancias/n_1000_9,1000,10,7,200,0.2000,2026,9980485898,9980481011,266
docs/inst_test/instancias/n_1000_9,1000,10,7,200,0.3000,42,9980485898,9980481011,271
docs/inst_test/instancias/n_1000_9,1000,10,7,200,0.3000,123,9980485898,9980481011,236
docs/inst_test/instancias/n_1000_9,1000,10,7,200,0.3000,2026,9980485898,9980481011,274
docs/inst_test/instancias/n_1000_9,1000,10,10,50,0.1000,42,9980485898,9980481011,292
docs/inst_test/instancias/n_1000_9,1000,10,10,50,0.1000,123,9980485898,9980481011,343
docs/inst_test/instancias/n_1000_9,1000,10,10,50,0.1000,2026,9980485898,9980481011,312
docs/inst_test/instancias/n_1000_9,1000,10,10,50,0.2000,123,9980485898,9980481011,274
docs/inst_test/instancias/n_1000_9,1000,10,10,50,0.3000,42,9980485898,9980481011,301
docs/inst_test/instancias/n_1000_9,1000,10,10,50,0.2000,2026,9980485898,9980481011,328
docs/inst_test/instancias/n_1000_9,1000,10,10,50,0.2000,42,9980485898,9980481011,376
docs/inst_test/instancias/n_1000_9,1000,10,10,50,0.3000,123,9980485898,9980481011,332
docs/inst_test/instancias/n_1000_9,1000,10,10,50,0.3000,2026,9980485898,9980481011,302
docs/inst_test/instancias/n_1000_9,1000,10,10,100,0.1000,123,9980485898,9980481011,288
docs/inst_test/instancias/n_1000_9,1000,10,10,100,0.1000,2026,9980485898,9980481011,253
docs/inst_test/instancias/n_1000_9,1000,10,10,100,0.1000,42,9980485898,9980481011,314
docs/inst_test/instancias/n_1000_9,1000,10,10,100,0.2000,123,9980485898,9980481011,261
docs/inst_test/instancias/n_1000_9,1000,10,10,100,0.2000,42,9980485898,9980481011,298
docs/inst_test/instancias/n_1000_9,1000,10,10,100,0.2000,2026,9980485898,9980481011,263
docs/inst_test/instancias/n_1000_9,1000,10,10,100,0.3000,123,9980485898,9980481011,277
docs/inst_test/instancias/n_1000_9,1000,10,10,100,0.3000,2026,9980485898,9980481011,251
docs/inst_test/instancias/n_1000_9,1000,10,10,200,0.1000,123,9980485898,9980481011,243
docs/inst_test/instancias/n_1000_9,1000,10,10,100,0.3000,42,9980485898,9980481011,380
docs/inst_test/instancias/n_1000_9,1000,10,10,200,0.1000,42,9980485898,9980481011,265
docs/inst_test/instancias/n_1000_9,1000,10,10,200,0.2000,123,9980485898,9980481011,276
docs/inst_test/instancias/n_1000_9,1000,10,10,200,0.2000,42,9980485898,9980481011,289
docs/inst_test/instancias/n_1000_9,1000,10,10,200,0.1000,2026,9980485898,9980481011,303
docs/inst_test/instancias/n_1000_9,1000,10,10,200,0.2000,2026,9980485898,9980481011,256
docs/inst_test/instancias/n_1000_9,1000,10,10,200,0.3000,42,9980485898,9980481011,263
docs/inst_test/instancias/n_1000_9,1000,10,10,200,0.3000,2026,9980485898,9980481011,266
docs/inst_test/instancias/n_1000_9,1000,10,15,50,0.1000,42,9980485898,9980481011,271
docs/inst_test/instancias/n_1000_9,1000,10,10,200,0.3000,123,9980485898,9980481011,288
docs/inst_test/instancias/n_1000_9,1000,10,15,50,0.2000,42,9980485898,9980481011,261
docs/inst_test/instancias/n_1000_9,1000,10,15,50,0.1000,2026,9980485898,9980481011,265
docs/inst_test/instancias/n_1000_9,1000,10,15,50,0.1000,123,9980485898,9980481011,313
docs/inst_test/instancias/n_1000_9,1000,10,15,50,0.2000,123,9980485898,9980481011,272
docs/inst_test/instancias/n_1000_9,1000,10,15,50,0.2000,2026,9980485898,9980481011,261
docs/inst_test/instancias/n_1000_9,1000,10,15,50,0.3000,42,9980485898,9980481011,251
docs/inst_test/instancias/n_1000_9,1000,10,15,50,0.3000,2026,9980485898,9980481011,235
docs/inst_test/instancias/n_1000_9,1000,10,15,50,0.3000,123,9980485898,9980481011,276
docs/inst_test/instancias/n_1000_9,1000,10,15,100,0.1000,123,9980485898,9980481011,245
docs/inst_test/instancias/n_1000_9,1000,10,15,100,0.1000,42,9980485898,9980481011,286
docs/inst_test/instancias/n_1000_9,1000,10,15,100,0.1000,2026,9980485898,9980481011,285
docs/inst_test/instancias/n_1000_9,1000,10,15,100,0.3000,42,9980485898,9980481011,239
docs/inst_test/instancias/n_1000_9,1000,10,15,100,0.3000,123,9980485898,9980481011,215
docs/inst_test/instancias/n_1000_9,1000,10,15,100,0.2000,42,9980485898,9980481011,297
docs/inst_test/instancias/n_1000_9,1000,10,15,100,0.2000,123,9980485898,9980481011,308
docs/inst_test/instancias/n_1000_9,1000,10,15,100,0.2000,2026,9980485898,9980481011,301
docs/inst_test/instancias/n_1000_9,1000,10,15,100,0.3000,2026,9980485898,9980481011,285
docs/inst_test/instancias/n_1000_9,1000,10,15,200,0.1000,123,9980485898,9980481011,255
docs/inst_test/instancias/n_1000_9,1000,10,15,200,0.1000,42,9980485898,9980481011,313
docs/inst_test/instancias/n_1000_9,1000,10,15,200,0.2000,42,9980485898,9980481011,223
docs/inst_test/instancias/n_1000_9,1000,10,15,200,0.1000,2026,9980485898,9980481011,246
docs/inst_test/instancias/n_1000_9,1000,10,15,200,0.2000,123,9980485898,9980481011,296
docs/inst_test/instancias/n_1000_9,1000,10,15,200,0.2000,2026,9980485898,9980481011,294
docs/inst_test/instancias/n_1000_9,1000,10,15,200,0.3000,42,9980485898,9980481011,302
docs/inst_test/instancias/n_1000_9,1000,10,15,200,0.3000,2026,9980485898,9980481011,218
docs/inst_test/instancias/n_1000_9,1000,10,15,200,0.3000,123,9980485898,9980481011,282
docs/inst_test/instancias/n_1000_9,1000,15,7,50,0.1000,123,9980485898,9980481011,259
docs/inst_test/instancias/n_1000_9,1000,15,7,50,0.1000,2026,9980485898,9980481011,271
docs/inst_test/instancias/n_1000_9,1000,15,7,50,0.1000,42,9980485898,9980481011,314
docs/inst_test/instancias/n_1000_9,1000,15,7,50,0.2000,42,9980485898,9980481011,272
docs/inst_test/instancias/n_1000_9,1000,15,7,50,0.2000,123,9980485898,9980481011,267
docs/inst_test/instancias/n_1000_9,1000,15,7,50,0.2000,2026,9980485898,9980481011,289
docs/inst_test/instancias/n_1000_9,1000,15,7,50,0.3000,42,9980485898,9980481011,272
docs/inst_test/instancias/n_1000_9,1000,15,7,50,0.3000,123,9980485898,9980481011,275
docs/inst_test/instancias/n_1000_9,1000,15,7,50,0.3000,2026,9980485898,9980481011,241
docs/inst_test/instancias/n_1000_9,1000,15,7,100,0.1000,42,9980485898,9980481011,246
docs/inst_test/instancias/n_1000_9,1000,15,7,100,0.1000,123,9980485898,9980481011,266
docs/inst_test/instancias/n_1000_9,1000,15,7,100,0.2000,42,9980485898,9980481011,263
docs/inst_test/instancias/n_1000_9,1000,15,7,100,0.1000,2026,9980485898,9980481011,325
docs/inst_test/instancias/n_1000_9,1000,15,7,100,0.2000,123,9980485898,9980481011,289
docs/inst_test/instancias/n_1000_9,1000,15,7,100,0.2000,2026,9980485898,9980481011,261
docs/inst_test/instancias/n_1000_9,1000,15,7,100,0.3000,42,9980485898,9980481011,280
docs/inst_test/instancias/n_1000_9,1000,15,7,100,0.3000,123,9980485898,9980481011,261
docs/inst_test/instancias/n_1000_9,1000,15,7,100,0.3000,2026,9980485898,9980481011,247
docs/inst_test/instancias/n_1000_9,1000,15,7,200,0.1000,42,9980485898,9980481011,273
docs/inst_test/instancias/n_1000_9,1000,15,7,200,0.1000,123,9980485898,9980481011,243
docs/inst_test/instancias/n_1000_9,1000,15,7,200,0.2000,42,9980485898,9980481011,271
docs/inst_test/instancias/n_1000_9,1000,15,7,200,0.2000,123,9980485898,9980481011,265
docs/inst_test/instancias/n_1000_9,1000,15,7,200,0.2000,2026,9980485898,9980481011,257
docs/inst_test/instancias/n_1000_9,1000,15,7,200,0.3000,123,9980485898,9980481011,241
docs/inst_test/instancias/n_1000_9,1000,15,7,200,0.1000,2026,9980485898,9980481011,342
docs/inst_test/instancias/n_1000_9,1000,15,7,200,0.3000,42,9980485898,9980481011,265
docs/inst_test/instancias/n_1000_9,1000,15,7,200,0.3000,2026,9980485898,9980481011,285
docs/inst_test/instancias/n_1000_9,1000,15,10,50,0.1000,42,9980485898,9980481011,255
docs/inst_test/instancias/n_1000_9,1000,15,10,50,0.1000,123,9980485898,9980481011,274
docs/inst_test/instancias/n_1000_9,1000,15,10,50,0.1000,2026,9980485898,9980481011,271
docs/inst_test/instancias/n_1000_9,1000,15,10,50,0.2000,42,9980485898,9980481011,265
docs/inst_test/instancias/n_1000_9,1000,15,10,50,0.2000,123,9980485898,9980481011,270
docs/inst_test/instancias/n_1000_9,1000,15,10,50,0.3000,42,9980485898,9980481011,279
docs/inst_test/instancias/n_1000_9,1000,15,10,50,0.2000,2026,9980485898,9980481011,286
docs/inst_test/instancias/n_1000_9,1000,15,10,50,0.3000,123,9980485898,9980481011,255
docs/inst_test/instancias/n_1000_9,1000,15,10,50,0.3000,2026,9980485898,9980481011,278
docs/inst_test/instancias/n_1000_9,1000,15,10,100,0.1000,123,9980485898,9980481011,218
docs/inst_test/instancias/n_1000_9,1000,15,10,100,0.1000,42,9980485898,9980481011,304
docs/inst_test/instancias/n_1000_9,1000,15,10,100,0.2000,123,9980485898,9980481011,251
docs/inst_test/instancias/n_1000_9,1000,15,10,100,0.1000,2026,9980485898,9980481011,279
docs/inst_test/instancias/n_1000_9,1000,15,10,100,0.2000,42,9980485898,9980481011,294
docs/inst_test/instancias/n_1000_9,1000,15,10,100,0.2000,2026,9980485898,9980481011,296
docs/inst_test/instancias/n_1000_9,1000,15,10,100,0.3000,42,9980485898,9980481011,244
docs/inst_test/instancias/n_1000_9,1000,15,10,100,0.3000,123,9980485898,9980481011,265
docs/inst_test/instancias/n_1000_9,1000,15,10,100,0.3000,2026,9980485898,9980481011,227
docs/inst_test/instancias/n_1000_9,1000,15,10,200,0.1000,123,9980485898,9980481011,259
docs/inst_test/instancias/n_1000_9,1000,15,10,200,0.1000,42,9980485898,9980481011,264
docs/inst_test/instancias/n_1000_9,1000,15,10,200,0.1000,2026,9980485898,9980481011,281
docs/inst_test/instancias/n_1000_9,1000,15,10,200,0.2000,123,9980485898,9980481011,255
docs/inst_test/instancias/n_1000_9,1000,15,10,200,0.2000,2026,9980485898,9980481011,244
docs/inst_test/instancias/n_1000_9,1000,15,10,200,0.3000,123,9980485898,9980481011,234
docs/inst_test/instancias/n_1000_9,1000,15,10,200,0.2000,42,9980485898,9980481011,372
docs/inst_test/instancias/n_1000_9,1000,15,10,200,0.3000,2026,9980485898,9980481011,222
docs/inst_test/instancias/n_1000_9,1000,15,15,50,0.1000,42,9980485898,9980481011,275
docs/inst_test/instancias/n_1000_9,1000,15,15,50,0.1000,123,9980485898,9980481011,259
docs/inst_test/instancias/n_1000_9,1000,15,15,50,0.2000,42,9980485898,9980481011,235
docs/inst_test/instancias/n_1000_9,1000,15,15,50,0.1000,2026,9980485898,9980481011,270
docs/inst_test/instancias/n_1000_9,1000,15,10,200,0.3000,42,9980485898,9980481011,513
docs/inst_test/instancias/n_1000_9,1000,15,15,50,0.2000,123,9980485898,9980481011,282
docs/inst_test/instancias/n_1000_9,1000,15,15,50,0.2000,2026,9980485898,9980481011,289
docs/inst_test/instancias/n_1000_9,1000,15,15,50,0.3000,42,9980485898,9980481011,285
docs/inst_test/instancias/n_1000_9,1000,15,15,100,0.1000,42,9980485898,9980481011,244
docs/inst_test/instancias/n_1000_9,1000,15,15,50,0.3000,2026,9980485898,9980481011,269
docs/inst_test/instancias/n_1000_9,1000,15,15,50,0.3000,123,9980485898,9980481011,298
docs/inst_test/instancias/n_1000_9,1000,15,15,100,0.1000,123,9980485898,9980481011,296
docs/inst_test/instancias/n_1000_9,1000,15,15,100,0.2000,42,9980485898,9980481011,230
docs/inst_test/instancias/n_1000_9,1000,15,15,100,0.1000,2026,9980485898,9980481011,310
docs/inst_test/instancias/n_1000_9,1000,15,15,100,0.2000,2026,9980485898,9980481011,247
docs/inst_test/instancias/n_1000_9,1000,15,15,100,0.2000,123,9980485898,9980481011,341
docs/inst_test/instancias/n_1000_9,1000,15,15,100,0.3000,42,9980485898,9980481011,248
docs/inst_test/instancias/n_1000_9,1000,15,15,100,0.3000,2026,9980485898,9980481011,245
docs/inst_test/instancias/n_1000_9,1000,15,15,100,0.3000,123,9980485898,9980481011,292
docs/inst_test/instancias/n_1000_9,1000,15,15,200,0.1000,42,9980485898,9980481011,252
docs/inst_test/instancias/n_1000_9,1000,15,15,200,0.1000,123,9980485898,9980481011,242
docs/inst_test/instancias/n_1000_9,1000,15,15,200,0.1000,2026,9980485898,9980481011,265
docs/inst_test/instancias/n_1000_9,1000,15,15,200,0.2000,42,9980485898,9980481011,274
docs/inst_test/instancias/n_1000_9,1000,15,15,200,0.3000,123,9980485898,9980481011,236
docs/inst_test/instancias/n_1000_9,1000,15,15,200,0.3000,42,9980485898,9980481011,262
docs/inst_test/instancias/n_1000_9,1000,15,15,200,0.3000,2026,9980485898,9980481011,219
docs/inst_test/instancias/n_1000_9,1000,15,15,200,0.2000,123,9980485898,9980481011,323
docs/inst_test/instancias/n_1000_9,1000,20,7,50,0.1000,42,9980485898,9980481011,247
docs/inst_test/instancias/n_1000_9,1000,15,15,200,0.2000,2026,9980485898,9980481011,426
docs/inst_test/instancias/n_1000_9,1000,20,7,50,0.1000,123,9980485898,9980481011,266
docs/inst_test/instancias/n_1000_9,1000,20,7,50,0.1000,2026,9980485898,9980481011,267
docs/inst_test/instancias/n_1000_9,1000,20,7,50,0.3000,42,9980485898,9980481011,247
docs/inst_test/instancias/n_1000_9,1000,20,7,50,0.2000,2026,9980485898,9980481011,253
docs/inst_test/instancias/n_1000_9,1000,20,7,50,0.2000,42,9980485898,9980481011,262
docs/inst_test/instancias/n_1000_9,1000,20,7,50,0.2000,123,9980485898,9980481011,304
docs/inst_test/instancias/n_1000_9,1000,20,7,50,0.3000,123,9980485898,9980481011,263
docs/inst_test/instancias/n_1000_9,1000,20,7,50,0.3000,2026,9980485898,9980481011,306
docs/inst_test/instancias/n_1000_9,1000,20,7,100,0.1000,42,9980485898,9980481011,325
docs/inst_test/instancias/n_1000_9,1000,20,7,100,0.2000,42,9980485898,9980481011,208
docs/inst_test/instancias/n_1000_9,1000,20,7,100,0.1000,123,9980485898,9980481011,296
docs/inst_test/instancias/n_1000_9,1000,20,7,100,0.3000,42,9980485898,9980481011,222
docs/inst_test/instancias/n_1000_9,1000,20,7,100,0.2000,123,9980485898,9980481011,280
docs/inst_test/instancias/n_1000_9,1000,20,7,100,0.1000,2026,9980485898,9980481011,303
docs/inst_test/instancias/n_1000_9,1000,20,7,100,0.2000,2026,9980485898,9980481011,361
docs/inst_test/instancias/n_1000_9,1000,20,7,100,0.3000,123,9980485898,9980481011,255
docs/inst_test/instancias/n_1000_9,1000,20,7,100,0.3000,2026,9980485898,9980481011,247
docs/inst_test/instancias/n_1000_9,1000,20,7,200,0.1000,42,9980485898,9980481011,253
docs/inst_test/instancias/n_1000_9,1000,20,7,200,0.1000,2026,9980485898,9980481011,382
docs/inst_test/instancias/n_1000_9,1000,20,7,200,0.1000,123,9980485898,9980481011,413
docs/inst_test/instancias/n_1000_9,1000,20,7,200,0.2000,42,9980485898,9980481011,420
docs/inst_test/instancias/n_1000_9,1000,20,7,200,0.2000,123,9980485898,9980481011,407
docs/inst_test/instancias/n_1000_9,1000,20,7,200,0.2000,2026,9980485898,9980481011,419
docs/inst_test/instancias/n_1000_9,1000,20,7,200,0.3000,123,9980485898,9980481011,395
docs/inst_test/instancias/n_1000_9,1000,20,7,200,0.3000,42,9980485898,9980481011,421
docs/inst_test/instancias/n_1000_9,1000,20,7,200,0.3000,2026,9980485898,9980481011,406
docs/inst_test/instancias/n_1000_9,1000,20,10,50,0.1000,42,9980485898,9980481011,295
docs/inst_test/instancias/n_1000_9,1000,20,10,50,0.2000,42,9980485898,9980481011,245
docs/inst_test/instancias/n_1000_9,1000,20,10,50,0.1000,123,9980485898,9980481011,311
docs/inst_test/instancias/n_1000_9,1000,20,10,50,0.1000,2026,9980485898,9980481011,305
docs/inst_test/instancias/n_1000_9,1000,20,10,50,0.2000,123,9980485898,9980481011,265
docs/inst_test/instancias/n_1000_9,1000,20,10,50,0.3000,42,9980485898,9980481011,257
docs/inst_test/instancias/n_1000_9,1000,20,10,50,0.3000,123,9980485898,9980481011,262
docs/inst_test/instancias/n_1000_9,1000,20,10,50,0.2000,2026,9980485898,9980481011,320
docs/inst_test/instancias/n_1000_9,1000,20,10,50,0.3000,2026,9980485898,9980481011,248
docs/inst_test/instancias/n_1000_9,1000,20,10,100,0.1000,123,9980485898,9980481011,248
docs/inst_test/instancias/n_1000_9,1000,20,10,100,0.1000,42,9980485898,9980481011,280
docs/inst_test/instancias/n_1000_9,1000,20,10,100,0.1000,2026,9980485898,9980481011,288
docs/inst_test/instancias/n_1000_9,1000,20,10,100,0.2000,42,9980485898,9980481011,246
docs/inst_test/instancias/n_1000_9,1000,20,10,100,0.2000,123,9980485898,9980481011,257
docs/inst_test/instancias/n_1000_9,1000,20,10,100,0.2000,2026,9980485898,9980481011,263
docs/inst_test/instancias/n_1000_9,1000,20,10,100,0.3000,123,9980485898,9980481011,268
docs/inst_test/instancias/n_1000_9,1000,20,10,200,0.1000,42,9980485898,9980481011,260
docs/inst_test/instancias/n_1000_9,1000,20,10,100,0.3000,42,9980485898,9980481011,326
docs/inst_test/instancias/n_1000_9,1000,20,10,100,0.3000,2026,9980485898,9980481011,290
docs/inst_test/instancias/n_1000_9,1000,20,10,200,0.1000,123,9980485898,9980481011,247
docs/inst_test/instancias/n_1000_9,1000,20,10,200,0.2000,42,9980485898,9980481011,251
docs/inst_test/instancias/n_1000_9,1000,20,10,200,0.1000,2026,9980485898,9980481011,292
docs/inst_test/instancias/n_1000_9,1000,20,10,200,0.2000,123,9980485898,9980481011,282
docs/inst_test/instancias/n_1000_9,1000,20,10,200,0.2000,2026,9980485898,9980481011,278
docs/inst_test/instancias/n_1000_9,1000,20,10,200,0.3000,42,9980485898,9980481011,262
docs/inst_test/instancias/n_1000_9,1000,20,10,200,0.3000,123,9980485898,9980481011,263
docs/inst_test/instancias/n_1000_9,1000,20,10,200,0.3000,2026,9980485898,9980481011,269
docs/inst_test/instancias/n_1000_9,1000,20,15,50,0.1000,42,9980485898,9980481011,282
docs/inst_test/instancias/n_1000_9,1000,20,15,50,0.1000,123,9980485898,9980481011,254
docs/inst_test/instancias/n_1000_9,1000,20,15,50,0.1000,2026,9980485898,9980481011,267
docs/inst_test/instancias/n_1000_9,1000,20,15,50,0.2000,42,9980485898,9980481011,292
docs/inst_test/instancias/n_1000_9,1000,20,15,50,0.2000,123,9980485898,9980481011,269
docs/inst_test/instancias/n_1000_9,1000,20,15,50,0.3000,123,9980485898,9980481011,230
docs/inst_test/instancias/n_1000_9,1000,20,15,50,0.3000,42,9980485898,9980481011,270
docs/inst_test/instancias/n_1000_9,1000,20,15,50,0.2000,2026,9980485898,9980481011,287
docs/inst_test/instancias/n_1000_9,1000,20,15,50,0.3000,2026,9980485898,9980481011,285
docs/inst_test/instancias/n_1000_9,1000,20,15,100,0.1000,123,9980485898,9980481011,255
docs/inst_test/instancias/n_1000_9,1000,20,15,100,0.1000,42,9980485898,9980481011,299
docs/inst_test/instancias/n_1000_9,1000,20,15,100,0.1000,2026,9980485898,9980481011,290
docs/inst_test/instancias/n_1000_9,1000,20,15,100,0.2000,123,9980485898,9980481011,242
docs/inst_test/instancias/n_1000_9,1000,20,15,100,0.2000,42,9980485898,9980481011,258
docs/inst_test/instancias/n_1000_9,1000,20,15,100,0.2000,2026,9980485898,9980481011,259
docs/inst_test/instancias/n_1000_9,1000,20,15,100,0.3000,42,9980485898,9980481011,268
docs/inst_test/instancias/n_1000_9,1000,20,15,100,0.3000,123,9980485898,9980481011,272
docs/inst_test/instancias/n_1000_9,1000,20,15,100,0.3000,2026,9980485898,9980481011,278
docs/inst_test/instancias/n_1000_9,1000,20,15,200,0.1000,42,9980485898,9980481011,301
docs/inst_test/instancias/n_1000_9,1000,20,15,200,0.1000,123,9980485898,9980481011,279
docs/inst_test/instancias/n_1000_9,1000,20,15,200,0.2000,42,9980485898,9980481011,263
docs/inst_test/instancias/n_1000_9,1000,20,15,200,0.2000,123,9980485898,9980481011,252
docs/inst_test/instancias/n_1000_9,1000,20,15,200,0.1000,2026,9980485898,9980481011,289
docs/inst_test/instancias/n_1000_9,1000,20,15,200,0.2000,2026,9980485898,9980481011,269
docs/inst_test/instancias/n_1000_9,1000,20,15,200,0.3000,42,9980485898,9980481011,263
docs/inst_test/instancias/n_1000_9,1000,20,15,200,0.3000,123,9980485898,9980481011,293
docs/inst_test/instancias/n_1000_9,1000,20,15,200,0.3000,2026,9980485898,9980481011,292
docs/inst_test/instancias/n_1000_9,3000,10,7,50,0.2000,42,9980485898,9980481011,780
docs/inst_test/instancias/n_1000_9,3000,10,7,50,0.1000,42,9980485898,9980481011,792
docs/inst_test/instancias/n_1000_9,3000,10,7,50,0.1000,123,9980485898,9980481011,792
docs/inst_test/instancias/n_1000_9,3000,10,7,50,0.1000,2026,9980485898,9980481011,792
docs/inst_test/instancias/n_1000_9,3000,10,7,50,0.2000,123,9980485898,9980481011,848
docs/inst_test/instancias/n_1000_9,3000,10,7,50,0.3000,42,9980485898,9980481011,738
docs/inst_test/instancias/n_1000_9,3000,10,7,50,0.2000,2026,9980485898,9980481011,816
docs/inst_test/instancias/n_1000_9,3000,10,7,50,0.3000,123,9980485898,9980481011,814
docs/inst_test/instancias/n_1000_9,3000,10,7,100,0.1000,2026,9980485898,9980481011,812
docs/inst_test/instancias/n_1000_9,3000,10,7,100,0.1000,123,9980485898,9980481011,819
docs/inst_test/instancias/n_1000_9,3000,10,7,50,0.3000,2026,9980485898,9980481011,838
docs/inst_test/instancias/n_1000_9,3000,10,7,100,0.1000,42,9980485898,9980481011,857
docs/inst_test/instancias/n_1000_9,3000,10,7,100,0.2000,2026,9980485898,9980481011,817
docs/inst_test/instancias/n_1000_9,3000,10,7,100,0.2000,123,9980485898,9980481011,820
docs/inst_test/instancias/n_1000_9,3000,10,7,100,0.2000,42,9980485898,9980481011,858
docs/inst_test/instancias/n_1000_9,3000,10,7,100,0.3000,42,9980485898,9980481011,855
docs/inst_test/instancias/n_1000_9,3000,10,7,100,0.3000,2026,9980485898,9980481011,712
docs/inst_test/instancias/n_1000_9,3000,10,7,100,0.3000,123,9980485898,9980481011,806
docs/inst_test/instancias/n_1000_9,3000,10,7,200,0.1000,42,9980485898,9980481011,844
docs/inst_test/instancias/n_1000_9,3000,10,7,200,0.1000,123,9980485898,9980481011,855
docs/inst_test/instancias/n_1000_9,3000,10,7,200,0.2000,42,9980485898,9980481011,803
docs/inst_test/instancias/n_1000_9,3000,10,7,200,0.2000,123,9980485898,9980481011,848
docs/inst_test/instancias/n_1000_9,3000,10,7,200,0.1000,2026,9980485898,9980481011,894
docs/inst_test/instancias/n_1000_9,3000,10,7,200,0.2000,2026,9980485898,9980481011,857
docs/inst_test/instancias/n_1000_9,3000,10,7,200,0.3000,123,9980485898,9980481011,666
docs/inst_test/instancias/n_1000_9,3000,10,7,200,0.3000,42,9980485898,9980481011,846
docs/inst_test/instancias/n_1000_9,3000,10,7,200,0.3000,2026,9980485898,9980481011,778
docs/inst_test/instancias/n_1000_9,3000,10,10,50,0.1000,123,9980485898,9980481011,760
docs/inst_test/instancias/n_1000_9,3000,10,10,50,0.1000,42,9980485898,9980481011,829
docs/inst_test/instancias/n_1000_9,3000,10,10,50,0.1000,2026,9980485898,9980481011,800
docs/inst_test/instancias/n_1000_9,3000,10,10,50,0.2000,42,9980485898,9980481011,767
docs/inst_test/instancias/n_1000_9,3000,10,10,50,0.2000,123,9980485898,9980481011,763
docs/inst_test/instancias/n_1000_9,3000,10,10,50,0.2000,2026,9980485898,9980481011,792
docs/inst_test/instancias/n_1000_9,3000,10,10,50,0.3000,42,9980485898,9980481011,775
docs/inst_test/instancias/n_1000_9,3000,10,10,50,0.3000,123,9980485898,9980481011,762
docs/inst_test/instancias/n_1000_9,3000,10,10,50,0.3000,2026,9980485898,9980481011,768
docs/inst_test/instancias/n_1000_9,3000,10,10,100,0.1000,123,9980485898,9980481011,784
docs/inst_test/instancias/n_1000_9,3000,10,10,100,0.1000,42,9980485898,9980481011,935
docs/inst_test/instancias/n_1000_9,3000,10,10,100,0.1000,2026,9980485898,9980481011,896
docs/inst_test/instancias/n_1000_9,3000,10,10,100,0.2000,42,9980485898,9980481011,789
docs/inst_test/instancias/n_1000_9,3000,10,10,100,0.2000,2026,9980485898,9980481011,765
docs/inst_test/instancias/n_1000_9,3000,10,10,100,0.2000,123,9980485898,9980481011,914
docs/inst_test/instancias/n_1000_9,3000,10,10,100,0.3000,2026,9980485898,9980481011,719
docs/inst_test/instancias/n_1000_9,3000,10,10,100,0.3000,42,9980485898,9980481011,889
docs/inst_test/instancias/n_1000_9,3000,10,10,100,0.3000,123,9980485898,9980481011,835
docs/inst_test/instancias/n_1000_9,3000,10,10,200,0.1000,42,9980485898,9980481011,752
docs/inst_test/instancias/n_1000_9,3000,10,10,200,0.1000,123,9980485898,9980481011,780
docs/inst_test/instancias/n_1000_9,3000,10,10,200,0.1000,2026,9980485898,9980481011,814
docs/inst_test/instancias/n_1000_9,3000,10,10,200,0.2000,123,9980485898,9980481011,749
docs/inst_test/instancias/n_1000_9,3000,10,10,200,0.2000,42,9980485898,9980481011,828
docs/inst_test/instancias/n_1000_9,3000,10,10,200,0.3000,123,9980485898,9980481011,722
docs/inst_test/instancias/n_1000_9,3000,10,10,200,0.3000,42,9980485898,9980481011,788
docs/inst_test/instancias/n_1000_9,3000,10,10,200,0.2000,2026,9980485898,9980481011,818
docs/inst_test/instancias/n_1000_9,3000,10,10,200,0.3000,2026,9980485898,9980481011,730
docs/inst_test/instancias/n_1000_9,3000,10,15,50,0.1000,123,9980485898,9980481011,829
docs/inst_test/instancias/n_1000_9,3000,10,15,50,0.1000,42,9980485898,9980481011,875
docs/inst_test/instancias/n_1000_9,3000,10,15,50,0.2000,42,9980485898,9980481011,823
docs/inst_test/instancias/n_1000_9,3000,10,15,50,0.1000,2026,9980485898,9980481011,880
docs/inst_test/instancias/n_1000_9,3000,10,15,50,0.2000,123,9980485898,9980481011,784
docs/inst_test/instancias/n_1000_9,3000,10,15,50,0.3000,42,9980485898,9980481011,701
docs/inst_test/instancias/n_1000_9,3000,10,15,50,0.2000,2026,9980485898,9980481011,790
docs/inst_test/instancias/n_1000_9,3000,10,15,50,0.3000,123,9980485898,9980481011,822
docs/inst_test/instancias/n_1000_9,3000,10,15,50,0.3000,2026,9980485898,9980481011,852
docs/inst_test/instancias/n_1000_9,3000,10,15,100,0.1000,42,9980485898,9980481011,856
docs/inst_test/instancias/n_1000_9,3000,10,15,100,0.2000,42,9980485898,9980481011,757
docs/inst_test/instancias/n_1000_9,3000,10,15,100,0.2000,2026,9980485898,9980481011,703
docs/inst_test/instancias/n_1000_9,3000,10,15,100,0.1000,2026,9980485898,9980481011,799
docs/inst_test/instancias/n_1000_9,3000,10,15,100,0.1000,123,9980485898,9980481011,896
docs/inst_test/instancias/n_1000_9,3000,10,15,100,0.2000,123,9980485898,9980481011,848
docs/inst_test/instancias/n_1000_9,3000,10,15,100,0.3000,42,9980485898,9980481011,778
docs/inst_test/instancias/n_1000_9,3000,10,15,100,0.3000,123,9980485898,9980481011,789
docs/inst_test/instancias/n_1000_9,3000,10,15,100,0.3000,2026,9980485898,9980481011,828
docs/inst_test/instancias/n_1000_9,3000,10,15,200,0.1000,2026,9980485898,9980481011,747
docs/inst_test/instancias/n_1000_9,3000,10,15,200,0.1000,42,9980485898,9980481011,807
docs/inst_test/instancias/n_1000_9,3000,10,15,200,0.1000,123,9980485898,9980481011,826
docs/inst_test/instancias/n_1000_9,3000,10,15,200,0.2000,42,9980485898,9980481011,815
docs/inst_test/instancias/n_1000_9,3000,10,15,200,0.2000,123,9980485898,9980481011,853
docs/inst_test/instancias/n_1000_9,3000,10,15,200,0.2000,2026,9980485898,9980481011,799
docs/inst_test/instancias/n_1000_9,3000,10,15,200,0.3000,42,9980485898,9980481011,724
docs/inst_test/instancias/n_1000_9,3000,10,15,200,0.3000,123,9980485898,9980481011,728
docs/inst_test/instancias/n_1000_9,3000,10,15,200,0.3000,2026,9980485898,9980481011,772
docs/inst_test/instancias/n_1000_9,3000,15,7,50,0.1000,42,9980485898,9980481011,820
docs/inst_test/instancias/n_1000_9,3000,15,7,50,0.1000,123,9980485898,9980481011,857
docs/inst_test/instancias/n_1000_9,3000,15,7,50,0.1000,2026,9980485898,9980481011,828
docs/inst_test/instancias/n_1000_9,3000,15,7,50,0.2000,123,9980485898,9980481011,768
docs/inst_test/instancias/n_1000_9,3000,15,7,50,0.2000,42,9980485898,9980481011,820
docs/inst_test/instancias/n_1000_9,3000,15,7,50,0.3000,42,9980485898,9980481011,730
docs/inst_test/instancias/n_1000_9,3000,15,7,50,0.2000,2026,9980485898,9980481011,805
docs/inst_test/instancias/n_1000_9,3000,15,7,50,0.3000,123,9980485898,9980481011,742
docs/inst_test/instancias/n_1000_9,3000,15,7,50,0.3000,2026,9980485898,9980481011,829
docs/inst_test/instancias/n_1000_9,3000,15,7,100,0.1000,42,9980485898,9980481011,810
docs/inst_test/instancias/n_1000_9,3000,15,7,100,0.2000,42,9980485898,9980481011,738
docs/inst_test/instancias/n_1000_9,3000,15,7,100,0.1000,123,9980485898,9980481011,849
docs/inst_test/instancias/n_1000_9,3000,15,7,100,0.1000,2026,9980485898,9980481011,933
docs/inst_test/instancias/n_1000_9,3000,15,7,100,0.2000,123,9980485898,9980481011,859
docs/inst_test/instancias/n_1000_9,3000,15,7,100,0.2000,2026,9980485898,9980481011,966
docs/inst_test/instancias/n_1000_9,3000,15,7,100,0.3000,42,9980485898,9980481011,813
docs/inst_test/instancias/n_1000_9,3000,15,7,200,0.1000,42,9980485898,9980481011,799
docs/inst_test/instancias/n_1000_9,3000,15,7,100,0.3000,2026,9980485898,9980481011,828
docs/inst_test/instancias/n_1000_9,3000,15,7,100,0.3000,123,9980485898,9980481011,906
docs/inst_test/instancias/n_1000_9,3000,15,7,200,0.1000,123,9980485898,9980481011,871
docs/inst_test/instancias/n_1000_9,3000,15,7,200,0.1000,2026,9980485898,9980481011,838
docs/inst_test/instancias/n_1000_9,3000,15,7,200,0.2000,42,9980485898,9980481011,799
docs/inst_test/instancias/n_1000_9,3000,15,7,200,0.2000,123,9980485898,9980481011,784
docs/inst_test/instancias/n_1000_9,3000,15,7,200,0.2000,2026,9980485898,9980481011,847
docs/inst_test/instancias/n_1000_9,3000,15,7,200,0.3000,42,9980485898,9980481011,768
docs/inst_test/instancias/n_1000_9,3000,15,7,200,0.3000,2026,9980485898,9980481011,775
docs/inst_test/instancias/n_1000_9,3000,15,7,200,0.3000,123,9980485898,9980481011,868
docs/inst_test/instancias/n_1000_9,3000,15,10,50,0.1000,42,9980485898,9980481011,867
docs/inst_test/instancias/n_1000_9,3000,15,10,50,0.1000,123,9980485898,9980481011,844
docs/inst_test/instancias/n_1000_9,3000,15,10,50,0.1000,2026,9980485898,9980481011,853
docs/inst_test/instancias/n_1000_9,3000,15,10,50,0.2000,42,9980485898,9980481011,817
docs/inst_test/instancias/n_1000_9,3000,15,10,50,0.2000,123,9980485898,9980481011,797
docs/inst_test/instancias/n_1000_9,3000,15,10,50,0.2000,2026,9980485898,9980481011,805
docs/inst_test/instancias/n_1000_9,3000,15,10,50,0.3000,42,9980485898,9980481011,800
docs/inst_test/instancias/n_1000_9,3000,15,10,50,0.3000,123,9980485898,9980481011,765
docs/inst_test/instancias/n_1000_9,3000,15,10,50,0.3000,2026,9980485898,9980481011,802
docs/inst_test/instancias/n_1000_9,3000,15,10,100,0.1000,42,9980485898,9980481011,826
docs/inst_test/instancias/n_1000_9,3000,15,10,100,0.1000,123,9980485898,9980481011,853
docs/inst_test/instancias/n_1000_9,3000,15,10,100,0.1000,2026,9980485898,9980481011,916
docs/inst_test/instancias/n_1000_9,3000,15,10,100,0.2000,42,9980485898,9980481011,849
docs/inst_test/instancias/n_1000_9,3000,15,10,100,0.2000,123,9980485898,9980481011,860
docs/inst_test/instancias/n_1000_9,3000,15,10,100,0.2000,2026,9980485898,9980481011,828
docs/inst_test/instancias/n_1000_9,3000,15,10,100,0.3000,42,9980485898,9980481011,843
docs/inst_test/instancias/n_1000_9,3000,15,10,100,0.3000,123,9980485898,9980481011,814
docs/inst_test/instancias/n_1000_9,3000,15,10,100,0.3000,2026,9980485898,9980481011,753
docs/inst_test/instancias/n_1000_9,3000,15,10,200,0.1000,42,9980485898,9980481011,862
docs/inst_test/instancias/n_1000_9,3000,15,10,200,0.1000,123,9980485898,9980481011,822
docs/inst_test/instancias/n_1000_9,3000,15,10,200,0.2000,42,9980485898,9980481011,688
docs/inst_test/instancias/n_1000_9,3000,15,10,200,0.1000,2026,9980485898,9980481011,834
docs/inst_test/instancias/n_1000_9,3000,15,10,200,0.2000,123,9980485898,9980481011,784
docs/inst_test/instancias/n_1000_9,3000,15,10,200,0.2000,2026,9980485898,9980481011,800
docs/inst_test/instancias/n_1000_9,3000,15,10,200,0.3000,123,9980485898,9980481011,766
docs/inst_test/instancias/n_1000_9,3000,15,10,200,0.3000,42,9980485898,9980481011,776
docs/inst_test/instancias/n_1000_9,3000,15,10,200,0.3000,2026,9980485898,9980481011,750
docs/inst_test/instancias/n_1000_9,3000,15,15,50,0.1000,42,9980485898,9980481011,815
docs/inst_test/instancias/n_1000_9,3000,15,15,50,0.1000,2026,9980485898,9980481011,840
docs/inst_test/instancias/n_1000_9,3000,15,15,50,0.1000,123,9980485898,9980481011,878
docs/inst_test/instancias/n_1000_9,3000,15,15,50,0.2000,42,9980485898,9980481011,754
docs/inst_test/instancias/n_1000_9,3000,15,15,50,0.2000,123,9980485898,9980481011,820
docs/inst_test/instancias/n_1000_9,3000,15,15,50,0.2000,2026,9980485898,9980481011,741
docs/inst_test/instancias/n_1000_9,3000,15,15,50,0.3000,42,9980485898,9980481011,740
docs/inst_test/instancias/n_1000_9,3000,15,15,50,0.3000,123,9980485898,9980481011,766
docs/inst_test/instancias/n_1000_9,3000,15,15,50,0.3000,2026,9980485898,9980481011,756
docs/inst_test/instancias/n_1000_9,3000,15,15,100,0.1000,2026,9980485898,9980481011,819
docs/inst_test/instancias/n_1000_9,3000,15,15,100,0.1000,42,9980485898,9980481011,858
docs/inst_test/instancias/n_1000_9,3000,15,15,100,0.1000,123,9980485898,9980481011,840
docs/inst_test/instancias/n_1000_9,3000,15,15,100,0.2000,2026,9980485898,9980481011,771
docs/inst_test/instancias/n_1000_9,3000,15,15,100,0.2000,42,9980485898,9980481011,817
docs/inst_test/instancias/n_1000_9,3000,15,15,100,0.2000,123,9980485898,9980481011,805
docs/inst_test/instancias/n_1000_9,3000,15,15,100,0.3000,42,9980485898,9980481011,728
docs/inst_test/instancias/n_1000_9,3000,15,15,100,0.3000,123,9980485898,9980481011,768
docs/inst_test/instancias/n_1000_9,3000,15,15,200,0.2000,42,9980485898,9980481011,692
docs/inst_test/instancias/n_1000_9,3000,15,15,100,0.3000,2026,9980485898,9980481011,860
docs/inst_test/instancias/n_1000_9,3000,15,15,200,0.1000,42,9980485898,9980481011,850
docs/inst_test/instancias/n_1000_9,3000,15,15,200,0.1000,123,9980485898,9980481011,848
docs/inst_test/instancias/n_1000_9,3000,15,15,200,0.2000,123,9980485898,9980481011,829
docs/inst_test/instancias/n_1000_9,3000,15,15,200,0.1000,2026,9980485898,9980481011,895
docs/inst_test/instancias/n_1000_9,3000,15,15,200,0.2000,2026,9980485898,9980481011,794
docs/inst_test/instancias/n_1000_9,3000,15,15,200,0.3000,42,9980485898,9980481011,783
docs/inst_test/instancias/n_1000_9,3000,15,15,200,0.3000,123,9980485898,9980481011,784
docs/inst_test/instancias/n_1000_9,3000,20,7,50,0.1000,42,9980485898,9980481011,794
docs/inst_test/instancias/n_1000_9,3000,15,15,200,0.3000,2026,9980485898,9980481011,839
docs/inst_test/instancias/n_1000_9,3000,20,7,50,0.1000,123,9980485898,9980481011,895
docs/inst_test/instancias/n_1000_9,3000,20,7,50,0.1000,2026,9980485898,9980481011,814
docs/inst_test/instancias/n_1000_9,3000,20,7,50,0.2000,42,9980485898,9980481011,821
docs/inst_test/instancias/n_1000_9,3000,20,7,50,0.2000,123,9980485898,9980481011,789
docs/inst_test/instancias/n_1000_9,3000,20,7,50,0.2000,2026,9980485898,9980481011,809
docs/inst_test/instancias/n_1000_9,3000,20,7,50,0.3000,42,9980485898,9980481011,736
docs/inst_test/instancias/n_1000_9,3000,20,7,50,0.3000,123,9980485898,9980481011,772
docs/inst_test/instancias/n_1000_9,3000,20,7,50,0.3000,2026,9980485898,9980481011,764
docs/inst_test/instancias/n_1000_9,3000,20,7,100,0.1000,42,9980485898,9980481011,802
docs/inst_test/instancias/n_1000_9,3000,20,7,100,0.1000,123,9980485898,9980481011,833
docs/inst_test/instancias/n_1000_9,3000,20,7,100,0.2000,42,9980485898,9980481011,758
docs/inst_test/instancias/n_1000_9,3000,20,7,100,0.1000,2026,9980485898,9980481011,946
docs/inst_test/instancias/n_1000_9,3000,20,7,100,0.2000,123,9980485898,9980481011,769
docs/inst_test/instancias/n_1000_9,3000,20,7,100,0.2000,2026,9980485898,9980481011,708
docs/inst_test/instancias/n_1000_9,3000,20,7,100,0.3000,42,9980485898,9980481011,705
docs/inst_test/instancias/n_1000_9,3000,20,7,100,0.3000,123,9980485898,9980481011,756
docs/inst_test/instancias/n_1000_9,3000,20,7,200,0.1000,42,9980485898,9980481011,771
docs/inst_test/instancias/n_1000_9,3000,20,7,100,0.3000,2026,9980485898,9980481011,820
docs/inst_test/instancias/n_1000_9,3000,20,7,200,0.1000,123,9980485898,9980481011,959
docs/inst_test/instancias/n_1000_9,3000,20,7,200,0.1000,2026,9980485898,9980481011,841
docs/inst_test/instancias/n_1000_9,3000,20,7,200,0.2000,42,9980485898,9980481011,792
docs/inst_test/instancias/n_1000_9,3000,20,7,200,0.2000,123,9980485898,9980481011,834
docs/inst_test/instancias/n_1000_9,3000,20,7,200,0.3000,42,9980485898,9980481011,686
docs/inst_test/instancias/n_1000_9,3000,20,7,200,0.2000,2026,9980485898,9980481011,801
docs/inst_test/instancias/n_1000_9,3000,20,7,200,0.3000,123,9980485898,9980481011,771
docs/inst_test/instancias/n_1000_9,3000,20,7,200,0.3000,2026,9980485898,9980481011,768
docs/inst_test/instancias/n_1000_9,3000,20,10,50,0.1000,42,9980485898,9980481011,822
docs/inst_test/instancias/n_1000_9,3000,20,10,50,0.1000,2026,9980485898,9980481011,825
docs/inst_test/instancias/n_1000_9,3000,20,10,50,0.1000,123,9980485898,9980481011,895
docs/inst_test/instancias/n_1000_9,3000,20,10,50,0.2000,42,9980485898,9980481011,828
docs/inst_test/instancias/n_1000_9,3000,20,10,50,0.2000,123,9980485898,9980481011,799
docs/inst_test/instancias/n_1000_9,3000,20,10,50,0.2000,2026,9980485898,9980481011,873
docs/inst_test/instancias/n_1000_9,3000,20,10,50,0.3000,123,9980485898,9980481011,731
docs/inst_test/instancias/n_1000_9,3000,20,10,50,0.3000,42,9980485898,9980481011,802
docs/inst_test/instancias/n_1000_9,3000,20,10,50,0.3000,2026,9980485898,9980481011,713
docs/inst_test/instancias/n_1000_9,3000,20,10,100,0.1000,42,9980485898,9980481011,788
docs/inst_test/instancias/n_1000_9,3000,20,10,100,0.2000,42,9980485898,9980481011,754
docs/inst_test/instancias/n_1000_9,3000,20,10,100,0.1000,123,9980485898,9980481011,991
docs/inst_test/instancias/n_1000_9,3000,20,10,100,0.1000,2026,9980485898,9980481011,822
docs/inst_test/instancias/n_1000_9,3000,20,10,100,0.2000,123,9980485898,9980481011,772
docs/inst_test/instancias/n_1000_9,3000,20,10,100,0.2000,2026,9980485898,9980481011,773
docs/inst_test/instancias/n_1000_9,3000,20,10,100,0.3000,42,9980485898,9980481011,802
docs/inst_test/instancias/n_1000_9,3000,20,10,100,0.3000,123,9980485898,9980481011,708
docs/inst_test/instancias/n_1000_9,3000,20,10,100,0.3000,2026,9980485898,9980481011,722
docs/inst_test/instancias/n_1000_9,3000,20,10,200,0.1000,42,9980485898,9980481011,786
docs/inst_test/instancias/n_1000_9,3000,20,10,200,0.1000,123,9980485898,9980481011,824
docs/inst_test/instancias/n_1000_9,3000,20,10,200,0.2000,123,9980485898,9980481011,724
docs/inst_test/instancias/n_1000_9,3000,20,10,200,0.2000,42,9980485898,9980481011,819
docs/inst_test/instancias/n_1000_9,3000,20,10,200,0.1000,2026,9980485898,9980481011,886
docs/inst_test/instancias/n_1000_9,3000,20,10,200,0.2000,2026,9980485898,9980481011,825
docs/inst_test/instancias/n_1000_9,3000,20,10,200,0.3000,42,9980485898,9980481011,811
docs/inst_test/instancias/n_1000_9,3000,20,10,200,0.3000,123,9980485898,9980481011,906
docs/inst_test/instancias/n_1000_9,3000,20,10,200,0.3000,2026,9980485898,9980481011,749
docs/inst_test/instancias/n_1000_9,3000,20,15,50,0.1000,42,9980485898,9980481011,771
docs/inst_test/instancias/n_1000_9,3000,20,15,50,0.1000,2026,9980485898,9980481011,808
docs/inst_test/instancias/n_1000_9,3000,20,15,50,0.1000,123,9980485898,9980481011,832
docs/inst_test/instancias/n_1000_9,3000,20,15,50,0.2000,42,9980485898,9980481011,923
docs/inst_test/instancias/n_1000_9,3000,20,15,50,0.2000,2026,9980485898,9980481011,746
docs/inst_test/instancias/n_1000_9,3000,20,15,50,0.2000,123,9980485898,9980481011,812
docs/inst_test/instancias/n_1000_9,3000,20,15,50,0.3000,42,9980485898,9980481011,742
docs/inst_test/instancias/n_1000_9,3000,20,15,50,0.3000,123,9980485898,9980481011,886
docs/inst_test/instancias/n_1000_9,3000,20,15,50,0.3000,2026,9980485898,9980481011,854
docs/inst_test/instancias/n_1000_9,3000,20,15,100,0.1000,42,9980485898,9980481011,863
docs/inst_test/instancias/n_1000_9,3000,20,15,100,0.1000,123,9980485898,9980481011,906
docs/inst_test/instancias/n_1000_9,3000,20,15,100,0.1000,2026,9980485898,9980481011,860
docs/inst_test/instancias/n_1000_9,3000,20,15,100,0.2000,123,9980485898,9980481011,859
docs/inst_test/instancias/n_1000_9,3000,20,15,100,0.2000,42,9980485898,9980481011,882
docs/inst_test/instancias/n_1000_9,3000,20,15,100,0.2000,2026,9980485898,9980481011,853
docs/inst_test/instancias/n_1000_9,3000,20,15,100,0.3000,42,9980485898,9980481011,695
docs/inst_test/instancias/n_1000_9,3000,20,15,100,0.3000,123,9980485898,9980481011,829
docs/inst_test/instancias/n_1000_9,3000,20,15,100,0.3000,2026,9980485898,9980481011,781
docs/inst_test/instancias/n_1000_9,3000,20,15,200,0.1000,42,9980485898,9980481011,801
docs/inst_test/instancias/n_1000_9,3000,20,15,200,0.2000,42,9980485898,9980481011,744
docs/inst_test/instancias/n_1000_9,3000,20,15,200,0.1000,2026,9980485898,9980481011,808
docs/inst_test/instancias/n_1000_9,3000,20,15,200,0.1000,123,9980485898,9980481011,875
docs/inst_test/instancias/n_1000_9,3000,20,15,200,0.2000,123,9980485898,9980481011,813
docs/inst_test/instancias/n_1000_9,3000,20,15,200,0.2000,2026,9980485898,9980481011,778
docs/inst_test/instancias/n_1000_9,3000,20,15,200,0.3000,42,9980485898,9980481011,798
docs/inst_test/instancias/n_1000_9,3000,20,15,200,0.3000,123,9980485898,9980481011,741
docs/inst_test/instancias/n_1000_9,3000,20,15,200,0.3000,2026,9980485898,9980481011,742
docs/inst_test/instancias/n_1000_9,5000,10,7,50,0.1000,42,9980485898,9980481011,1256
docs/inst_test/instancias/n_1000_9,5000,10,7,50,0.1000,123,9980485898,9980481011,1229
docs/inst_test/instancias/n_1000_9,5000,10,7,50,0.1000,2026,9980485898,9980481011,1237
docs/inst_test/instancias/n_1000_9,5000,10,7,50,0.2000,123,9980485898,9980481011,1362
docs/inst_test/instancias/n_1000_9,5000,10,7,50,0.2000,42,9980485898,9980481011,1530
docs/inst_test/instancias/n_1000_9,5000,10,7,50,0.3000,42,9980485898,9980481011,1309
docs/inst_test/instancias/n_1000_9,5000,10,7,50,0.2000,2026,9980485898,9980481011,1349
docs/inst_test/instancias/n_1000_9,5000,10,7,50,0.3000,123,9980485898,9980481011,1317
docs/inst_test/instancias/n_1000_9,5000,10,7,50,0.3000,2026,9980485898,9980481011,1175
docs/inst_test/instancias/n_1000_9,5000,10,7,100,0.1000,123,9980485898,9980481011,1405
docs/inst_test/instancias/n_1000_9,5000,10,7,100,0.1000,42,9980485898,9980481011,1469
docs/inst_test/instancias/n_1000_9,5000,10,7,100,0.2000,42,9980485898,9980481011,1345
docs/inst_test/instancias/n_1000_9,5000,10,7,100,0.1000,2026,9980485898,9980481011,1434
docs/inst_test/instancias/n_1000_9,5000,10,7,100,0.2000,2026,9980485898,9980481011,1365
docs/inst_test/instancias/n_1000_9,5000,10,7,100,0.2000,123,9980485898,9980481011,1373
docs/inst_test/instancias/n_1000_9,5000,10,7,100,0.3000,42,9980485898,9980481011,1320
docs/inst_test/instancias/n_1000_9,5000,10,7,100,0.3000,123,9980485898,9980481011,1313
docs/inst_test/instancias/n_1000_9,5000,10,7,100,0.3000,2026,9980485898,9980481011,1301
docs/inst_test/instancias/n_1000_9,5000,10,7,200,0.1000,42,9980485898,9980481011,1378
docs/inst_test/instancias/n_1000_9,5000,10,7,200,0.1000,123,9980485898,9980481011,1434
docs/inst_test/instancias/n_1000_9,5000,10,7,200,0.2000,42,9980485898,9980481011,1326
docs/inst_test/instancias/n_1000_9,5000,10,7,200,0.1000,2026,9980485898,9980481011,1490
docs/inst_test/instancias/n_1000_9,5000,10,7,200,0.2000,123,9980485898,9980481011,1372
docs/inst_test/instancias/n_1000_9,5000,10,7,200,0.2000,2026,9980485898,9980481011,1357
docs/inst_test/instancias/n_1000_9,5000,10,7,200,0.3000,42,9980485898,9980481011,1387
docs/inst_test/instancias/n_1000_9,5000,10,7,200,0.3000,123,9980485898,9980481011,1437
docs/inst_test/instancias/n_1000_9,5000,10,7,200,0.3000,2026,9980485898,9980481011,1431
docs/inst_test/instancias/n_1000_9,5000,10,10,50,0.1000,42,9980485898,9980481011,1520
docs/inst_test/instancias/n_1000_9,5000,10,10,50,0.2000,123,9980485898,9980481011,1479
docs/inst_test/instancias/n_1000_9,5000,10,10,50,0.1000,2026,9980485898,9980481011,1523
docs/inst_test/instancias/n_1000_9,5000,10,10,50,0.1000,123,9980485898,9980481011,1569
docs/inst_test/instancias/n_1000_9,5000,10,10,50,0.2000,42,9980485898,9980481011,1536
docs/inst_test/instancias/n_1000_9,5000,10,10,50,0.2000,2026,9980485898,9980481011,1419
docs/inst_test/instancias/n_1000_9,5000,10,10,50,0.3000,42,9980485898,9980481011,1222
docs/inst_test/instancias/n_1000_9,5000,10,10,50,0.3000,123,9980485898,9980481011,1271
docs/inst_test/instancias/n_1000_9,5000,10,10,100,0.1000,42,9980485898,9980481011,1301
docs/inst_test/instancias/n_1000_9,5000,10,10,50,0.3000,2026,9980485898,9980481011,1398
docs/inst_test/instancias/n_1000_9,5000,10,10,100,0.1000,2026,9980485898,9980481011,1332
docs/inst_test/instancias/n_1000_9,5000,10,10,100,0.2000,42,9980485898,9980481011,1321
docs/inst_test/instancias/n_1000_9,5000,10,10,100,0.1000,123,9980485898,9980481011,1429
docs/inst_test/instancias/n_1000_9,5000,10,10,100,0.2000,123,9980485898,9980481011,1418
docs/inst_test/instancias/n_1000_9,5000,10,10,100,0.2000,2026,9980485898,9980481011,1352
docs/inst_test/instancias/n_1000_9,5000,10,10,100,0.3000,42,9980485898,9980481011,1218
docs/inst_test/instancias/n_1000_9,5000,10,10,100,0.3000,123,9980485898,9980481011,1231
docs/inst_test/instancias/n_1000_9,5000,10,10,200,0.1000,123,9980485898,9980481011,1323
docs/inst_test/instancias/n_1000_9,5000,10,10,200,0.1000,42,9980485898,9980481011,1331
docs/inst_test/instancias/n_1000_9,5000,10,10,100,0.3000,2026,9980485898,9980481011,1356
docs/inst_test/instancias/n_1000_9,5000,10,10,200,0.1000,2026,9980485898,9980481011,1486
docs/inst_test/instancias/n_1000_9,5000,10,10,200,0.2000,42,9980485898,9980481011,1366
docs/inst_test/instancias/n_1000_9,5000,10,10,200,0.2000,2026,9980485898,9980481011,1326
docs/inst_test/instancias/n_1000_9,5000,10,10,200,0.2000,123,9980485898,9980481011,1408
docs/inst_test/instancias/n_1000_9,5000,10,10,200,0.3000,42,9980485898,9980481011,1336
docs/inst_test/instancias/n_1000_9,5000,10,10,200,0.3000,2026,9980485898,9980481011,1257
docs/inst_test/instancias/n_1000_9,5000,10,10,200,0.3000,123,9980485898,9980481011,1270
docs/inst_test/instancias/n_1000_9,5000,10,15,50,0.1000,42,9980485898,9980481011,1367
docs/inst_test/instancias/n_1000_9,5000,10,15,50,0.1000,123,9980485898,9980481011,1420
docs/inst_test/instancias/n_1000_9,5000,10,15,50,0.2000,42,9980485898,9980481011,1311
docs/inst_test/instancias/n_1000_9,5000,10,15,50,0.1000,2026,9980485898,9980481011,1409
docs/inst_test/instancias/n_1000_9,5000,10,15,50,0.2000,123,9980485898,9980481011,1341
docs/inst_test/instancias/n_1000_9,5000,10,15,50,0.2000,2026,9980485898,9980481011,1322
docs/inst_test/instancias/n_1000_9,5000,10,15,50,0.3000,123,9980485898,9980481011,1294
docs/inst_test/instancias/n_1000_9,5000,10,15,50,0.3000,2026,9980485898,9980481011,1222
docs/inst_test/instancias/n_1000_9,5000,10,15,50,0.3000,42,9980485898,9980481011,1355
docs/inst_test/instancias/n_1000_9,5000,10,15,100,0.1000,42,9980485898,9980481011,1363
docs/inst_test/instancias/n_1000_9,5000,10,15,100,0.1000,123,9980485898,9980481011,1346
docs/inst_test/instancias/n_1000_9,5000,10,15,100,0.2000,42,9980485898,9980481011,1311
docs/inst_test/instancias/n_1000_9,5000,10,15,100,0.1000,2026,9980485898,9980481011,1435
docs/inst_test/instancias/n_1000_9,5000,10,15,100,0.3000,42,9980485898,9980481011,1266
docs/inst_test/instancias/n_1000_9,5000,10,15,100,0.2000,123,9980485898,9980481011,1396
docs/inst_test/instancias/n_1000_9,5000,10,15,100,0.2000,2026,9980485898,9980481011,1440
docs/inst_test/instancias/n_1000_9,5000,10,15,100,0.3000,123,9980485898,9980481011,1478
docs/inst_test/instancias/n_1000_9,5000,10,15,100,0.3000,2026,9980485898,9980481011,1392
docs/inst_test/instancias/n_1000_9,5000,10,15,200,0.1000,42,9980485898,9980481011,1348
docs/inst_test/instancias/n_1000_9,5000,10,15,200,0.1000,2026,9980485898,9980481011,1455
docs/inst_test/instancias/n_1000_9,5000,10,15,200,0.1000,123,9980485898,9980481011,1569
docs/inst_test/instancias/n_1000_9,5000,10,15,200,0.2000,42,9980485898,9980481011,1302
docs/inst_test/instancias/n_1000_9,5000,10,15,200,0.2000,2026,9980485898,9980481011,1336
docs/inst_test/instancias/n_1000_9,5000,10,15,200,0.2000,123,9980485898,9980481011,1463
docs/inst_test/instancias/n_1000_9,5000,10,15,200,0.3000,42,9980485898,9980481011,1280
docs/inst_test/instancias/n_1000_9,5000,10,15,200,0.3000,123,9980485898,9980481011,1227
docs/inst_test/instancias/n_1000_9,5000,10,15,200,0.3000,2026,9980485898,9980481011,1306
docs/inst_test/instancias/n_1000_9,5000,15,7,50,0.1000,42,9980485898,9980481011,1271
docs/inst_test/instancias/n_1000_9,5000,15,7,50,0.1000,123,9980485898,9980481011,1428
docs/inst_test/instancias/n_1000_9,5000,15,7,50,0.1000,2026,9980485898,9980481011,1378
docs/inst_test/instancias/n_1000_9,5000,15,7,50,0.2000,2026,9980485898,9980481011,1227
docs/inst_test/instancias/n_1000_9,5000,15,7,50,0.2000,123,9980485898,9980481011,1323
docs/inst_test/instancias/n_1000_9,5000,15,7,50,0.2000,42,9980485898,9980481011,1430
docs/inst_test/instancias/n_1000_9,5000,15,7,50,0.3000,42,9980485898,9980481011,1427
docs/inst_test/instancias/n_1000_9,5000,15,7,50,0.3000,123,9980485898,9980481011,1254
docs/inst_test/instancias/n_1000_9,5000,15,7,50,0.3000,2026,9980485898,9980481011,1321
docs/inst_test/instancias/n_1000_9,5000,15,7,100,0.1000,42,9980485898,9980481011,1377
docs/inst_test/instancias/n_1000_9,5000,15,7,100,0.1000,2026,9980485898,9980481011,1348
docs/inst_test/instancias/n_1000_9,5000,15,7,100,0.1000,123,9980485898,9980481011,1402
docs/inst_test/instancias/n_1000_9,5000,15,7,100,0.2000,42,9980485898,9980481011,1401
docs/inst_test/instancias/n_1000_9,5000,15,7,100,0.2000,123,9980485898,9980481011,1367
docs/inst_test/instancias/n_1000_9,5000,15,7,100,0.3000,42,9980485898,9980481011,1303
docs/inst_test/instancias/n_1000_9,5000,15,7,100,0.2000,2026,9980485898,9980481011,1373
docs/inst_test/instancias/n_1000_9,5000,15,7,100,0.3000,123,9980485898,9980481011,1301
docs/inst_test/instancias/n_1000_9,5000,15,7,100,0.3000,2026,9980485898,9980481011,1376
docs/inst_test/instancias/n_1000_9,5000,15,7,200,0.1000,42,9980485898,9980481011,1393
docs/inst_test/instancias/n_1000_9,5000,15,7,200,0.1000,123,9980485898,9980481011,1435
docs/inst_test/instancias/n_1000_9,5000,15,7,200,0.1000,2026,9980485898,9980481011,1406
docs/inst_test/instancias/n_1000_9,5000,15,7,200,0.2000,42,9980485898,9980481011,1365
docs/inst_test/instancias/n_1000_9,5000,15,7,200,0.2000,2026,9980485898,9980481011,1334
docs/inst_test/instancias/n_1000_9,5000,15,7,200,0.2000,123,9980485898,9980481011,1380
docs/inst_test/instancias/n_1000_9,5000,15,7,200,0.3000,42,9980485898,9980481011,1258
docs/inst_test/instancias/n_1000_9,5000,15,7,200,0.3000,123,9980485898,9980481011,1346
docs/inst_test/instancias/n_1000_9,5000,15,7,200,0.3000,2026,9980485898,9980481011,1263
docs/inst_test/instancias/n_1000_9,5000,15,10,50,0.1000,42,9980485898,9980481011,1371
docs/inst_test/instancias/n_1000_9,5000,15,10,50,0.1000,123,9980485898,9980481011,1320
docs/inst_test/instancias/n_1000_9,5000,15,10,50,0.1000,2026,9980485898,9980481011,1420
docs/inst_test/instancias/n_1000_9,5000,15,10,50,0.2000,123,9980485898,9980481011,1333
docs/inst_test/instancias/n_1000_9,5000,15,10,50,0.2000,42,9980485898,9980481011,1350
docs/inst_test/instancias/n_1000_9,5000,15,10,50,0.2000,2026,9980485898,9980481011,1351
docs/inst_test/instancias/n_1000_9,5000,15,10,50,0.3000,42,9980485898,9980481011,1303
docs/inst_test/instancias/n_1000_9,5000,15,10,50,0.3000,123,9980485898,9980481011,1325
docs/inst_test/instancias/n_1000_9,5000,15,10,100,0.1000,42,9980485898,9980481011,1272
docs/inst_test/instancias/n_1000_9,5000,15,10,50,0.3000,2026,9980485898,9980481011,1339
docs/inst_test/instancias/n_1000_9,5000,15,10,100,0.1000,123,9980485898,9980481011,1409
docs/inst_test/instancias/n_1000_9,5000,15,10,100,0.2000,42,9980485898,9980481011,1368
docs/inst_test/instancias/n_1000_9,5000,15,10,100,0.1000,2026,9980485898,9980481011,1455
docs/inst_test/instancias/n_1000_9,5000,15,10,100,0.2000,123,9980485898,9980481011,1313
docs/inst_test/instancias/n_1000_9,5000,15,10,100,0.2000,2026,9980485898,9980481011,1540
docs/inst_test/instancias/n_1000_9,5000,15,10,100,0.3000,123,9980485898,9980481011,1143
docs/inst_test/instancias/n_1000_9,5000,15,10,100,0.3000,42,9980485898,9980481011,1332
docs/inst_test/instancias/n_1000_9,5000,15,10,100,0.3000,2026,9980485898,9980481011,1384
docs/inst_test/instancias/n_1000_9,5000,15,10,200,0.1000,42,9980485898,9980481011,1374
docs/inst_test/instancias/n_1000_9,5000,15,10,200,0.1000,123,9980485898,9980481011,1365
docs/inst_test/instancias/n_1000_9,5000,15,10,200,0.2000,42,9980485898,9980481011,1285
docs/inst_test/instancias/n_1000_9,5000,15,10,200,0.1000,2026,9980485898,9980481011,1454
docs/inst_test/instancias/n_1000_9,5000,15,10,200,0.2000,123,9980485898,9980481011,1374
docs/inst_test/instancias/n_1000_9,5000,15,10,200,0.2000,2026,9980485898,9980481011,1437
docs/inst_test/instancias/n_1000_9,5000,15,10,200,0.3000,42,9980485898,9980481011,1420
docs/inst_test/instancias/n_1000_9,5000,15,10,200,0.3000,123,9980485898,9980481011,1272
docs/inst_test/instancias/n_1000_9,5000,15,10,200,0.3000,2026,9980485898,9980481011,1240
docs/inst_test/instancias/n_1000_9,5000,15,15,50,0.1000,123,9980485898,9980481011,1303
docs/inst_test/instancias/n_1000_9,5000,15,15,50,0.1000,42,9980485898,9980481011,1446
docs/inst_test/instancias/n_1000_9,5000,15,15,50,0.1000,2026,9980485898,9980481011,1478
docs/inst_test/instancias/n_1000_9,5000,15,15,50,0.2000,42,9980485898,9980481011,1286
docs/inst_test/instancias/n_1000_9,5000,15,15,50,0.2000,2026,9980485898,9980481011,1304
docs/inst_test/instancias/n_1000_9,5000,15,15,50,0.3000,42,9980485898,9980481011,1261
docs/inst_test/instancias/n_1000_9,5000,15,15,50,0.2000,123,9980485898,9980481011,1567
docs/inst_test/instancias/n_1000_9,5000,15,15,50,0.3000,123,9980485898,9980481011,1401
docs/inst_test/instancias/n_1000_9,5000,15,15,50,0.3000,2026,9980485898,9980481011,1349
docs/inst_test/instancias/n_1000_9,5000,15,15,100,0.1000,42,9980485898,9980481011,1386
docs/inst_test/instancias/n_1000_9,5000,15,15,100,0.1000,123,9980485898,9980481011,1308
docs/inst_test/instancias/n_1000_9,5000,15,15,100,0.1000,2026,9980485898,9980481011,1413
docs/inst_test/instancias/n_1000_9,5000,15,15,100,0.2000,42,9980485898,9980481011,1356
docs/inst_test/instancias/n_1000_9,5000,15,15,100,0.2000,123,9980485898,9980481011,1398
docs/inst_test/instancias/n_1000_9,5000,15,15,100,0.2000,2026,9980485898,9980481011,1316
docs/inst_test/instancias/n_1000_9,5000,15,15,100,0.3000,42,9980485898,9980481011,1290
docs/inst_test/instancias/n_1000_9,5000,15,15,100,0.3000,123,9980485898,9980481011,1304
docs/inst_test/instancias/n_1000_9,5000,15,15,100,0.3000,2026,9980485898,9980481011,1264
docs/inst_test/instancias/n_1000_9,5000,15,15,200,0.1000,42,9980485898,9980481011,1375
docs/inst_test/instancias/n_1000_9,5000,15,15,200,0.1000,2026,9980485898,9980481011,1296
docs/inst_test/instancias/n_1000_9,5000,15,15,200,0.1000,123,9980485898,9980481011,1435
docs/inst_test/instancias/n_1000_9,5000,15,15,200,0.2000,42,9980485898,9980481011,1423
docs/inst_test/instancias/n_1000_9,5000,15,15,200,0.2000,123,9980485898,9980481011,1302
docs/inst_test/instancias/n_1000_9,5000,15,15,200,0.2000,2026,9980485898,9980481011,1388
docs/inst_test/instancias/n_1000_9,5000,15,15,200,0.3000,42,9980485898,9980481011,1220
docs/inst_test/instancias/n_1000_9,5000,15,15,200,0.3000,123,9980485898,9980481011,1240
docs/inst_test/instancias/n_1000_9,5000,15,15,200,0.3000,2026,9980485898,9980481011,1320
docs/inst_test/instancias/n_1000_9,5000,20,7,50,0.1000,42,9980485898,9980481011,1420
docs/inst_test/instancias/n_1000_9,5000,20,7,50,0.1000,2026,9980485898,9980481011,1247
docs/inst_test/instancias/n_1000_9,5000,20,7,50,0.1000,123,9980485898,9980481011,1408
docs/inst_test/instancias/n_1000_9,5000,20,7,50,0.2000,42,9980485898,9980481011,1406
docs/inst_test/instancias/n_1000_9,5000,20,7,50,0.2000,123,9980485898,9980481011,1342
docs/inst_test/instancias/n_1000_9,5000,20,7,50,0.2000,2026,9980485898,9980481011,1360
docs/inst_test/instancias/n_1000_9,5000,20,7,50,0.3000,42,9980485898,9980481011,1341
docs/inst_test/instancias/n_1000_9,5000,20,7,50,0.3000,123,9980485898,9980481011,1231
docs/inst_test/instancias/n_1000_9,5000,20,7,50,0.3000,2026,9980485898,9980481011,1367
docs/inst_test/instancias/n_1000_9,5000,20,7,100,0.1000,42,9980485898,9980481011,1366
docs/inst_test/instancias/n_1000_9,5000,20,7,100,0.1000,123,9980485898,9980481011,1393
docs/inst_test/instancias/n_1000_9,5000,20,7,100,0.1000,2026,9980485898,9980481011,1364
docs/inst_test/instancias/n_1000_9,5000,20,7,100,0.2000,42,9980485898,9980481011,1355
docs/inst_test/instancias/n_1000_9,5000,20,7,100,0.2000,123,9980485898,9980481011,1307
docs/inst_test/instancias/n_1000_9,5000,20,7,100,0.3000,42,9980485898,9980481011,1235
docs/inst_test/instancias/n_1000_9,5000,20,7,100,0.2000,2026,9980485898,9980481011,1492
docs/inst_test/instancias/n_1000_9,5000,20,7,100,0.3000,123,9980485898,9980481011,1184
docs/inst_test/instancias/n_1000_9,5000,20,7,100,0.3000,2026,9980485898,9980481011,1265
docs/inst_test/instancias/n_1000_9,5000,20,7,200,0.1000,42,9980485898,9980481011,1368
docs/inst_test/instancias/n_1000_9,5000,20,7,200,0.1000,123,9980485898,9980481011,1331
docs/inst_test/instancias/n_1000_9,5000,20,7,200,0.1000,2026,9980485898,9980481011,1285
docs/inst_test/instancias/n_1000_9,5000,20,7,200,0.2000,42,9980485898,9980481011,1317
docs/inst_test/instancias/n_1000_9,5000,20,7,200,0.2000,123,9980485898,9980481011,1323
docs/inst_test/instancias/n_1000_9,5000,20,7,200,0.2000,2026,9980485898,9980481011,1328
docs/inst_test/instancias/n_1000_9,5000,20,7,200,0.3000,42,9980485898,9980481011,1245
docs/inst_test/instancias/n_1000_9,5000,20,7,200,0.3000,123,9980485898,9980481011,1229
docs/inst_test/instancias/n_1000_9,5000,20,7,200,0.3000,2026,9980485898,9980481011,1365
docs/inst_test/instancias/n_1000_9,5000,20,10,50,0.1000,42,9980485898,9980481011,1316
docs/inst_test/instancias/n_1000_9,5000,20,10,50,0.1000,2026,9980485898,9980481011,1379
docs/inst_test/instancias/n_1000_9,5000,20,10,50,0.1000,123,9980485898,9980481011,1531
docs/inst_test/instancias/n_1000_9,5000,20,10,50,0.2000,42,9980485898,9980481011,1356
docs/inst_test/instancias/n_1000_9,5000,20,10,50,0.2000,123,9980485898,9980481011,1387
docs/inst_test/instancias/n_1000_9,5000,20,10,50,0.2000,2026,9980485898,9980481011,1241
docs/inst_test/instancias/n_1000_9,5000,20,10,50,0.3000,42,9980485898,9980481011,1313
docs/inst_test/instancias/n_1000_9,5000,20,10,50,0.3000,2026,9980485898,9980481011,1235
docs/inst_test/instancias/n_1000_9,5000,20,10,50,0.3000,123,9980485898,9980481011,1292
docs/inst_test/instancias/n_1000_9,5000,20,10,100,0.1000,42,9980485898,9980481011,1403
docs/inst_test/instancias/n_1000_9,5000,20,10,100,0.1000,2026,9980485898,9980481011,1263
docs/inst_test/instancias/n_1000_9,5000,20,10,100,0.2000,42,9980485898,9980481011,1258
docs/inst_test/instancias/n_1000_9,5000,20,10,100,0.1000,123,9980485898,9980481011,1483
docs/inst_test/instancias/n_1000_9,5000,20,10,100,0.2000,123,9980485898,9980481011,1351
docs/inst_test/instancias/n_1000_9,5000,20,10,100,0.2000,2026,9980485898,9980481011,1330
docs/inst_test/instancias/n_1000_9,5000,20,10,100,0.3000,42,9980485898,9980481011,1263
docs/inst_test/instancias/n_1000_9,5000,20,10,100,0.3000,123,9980485898,9980481011,1245
docs/inst_test/instancias/n_1000_9,5000,20,10,100,0.3000,2026,9980485898,9980481011,1242
docs/inst_test/instancias/n_1000_9,5000,20,10,200,0.1000,42,9980485898,9980481011,1380
docs/inst_test/instancias/n_1000_9,5000,20,10,200,0.1000,123,9980485898,9980481011,1351
docs/inst_test/instancias/n_1000_9,5000,20,10,200,0.1000,2026,9980485898,9980481011,1373
docs/inst_test/instancias/n_1000_9,5000,20,10,200,0.2000,42,9980485898,9980481011,1319
docs/inst_test/instancias/n_1000_9,5000,20,10,200,0.2000,123,9980485898,9980481011,1322
docs/inst_test/instancias/n_1000_9,5000,20,10,200,0.2000,2026,9980485898,9980481011,1205
docs/inst_test/instancias/n_1000_9,5000,20,10,200,0.3000,42,9980485898,9980481011,1321
docs/inst_test/instancias/n_1000_9,5000,20,10,200,0.3000,123,9980485898,9980481011,1327
docs/inst_test/instancias/n_1000_9,5000,20,10,200,0.3000,2026,9980485898,9980481011,1282
docs/inst_test/instancias/n_1000_9,5000,20,15,50,0.1000,42,9980485898,9980481011,1388
docs/inst_test/instancias/n_1000_9,5000,20,15,50,0.1000,123,9980485898,9980481011,1401
docs/inst_test/instancias/n_1000_9,5000,20,15,50,0.1000,2026,9980485898,9980481011,1324
docs/inst_test/instancias/n_1000_9,5000,20,15,50,0.2000,42,9980485898,9980481011,1355
docs/inst_test/instancias/n_1000_9,5000,20,15,50,0.2000,123,9980485898,9980481011,1370
docs/inst_test/instancias/n_1000_9,5000,20,15,50,0.2000,2026,9980485898,9980481011,1412
docs/inst_test/instancias/n_1000_9,5000,20,15,50,0.3000,42,9980485898,9980481011,1306
docs/inst_test/instancias/n_1000_9,5000,20,15,50,0.3000,123,9980485898,9980481011,1405
docs/inst_test/instancias/n_1000_9,5000,20,15,50,0.3000,2026,9980485898,9980481011,1307
docs/inst_test/instancias/n_1000_9,5000,20,15,100,0.1000,42,9980485898,9980481011,1345
docs/inst_test/instancias/n_1000_9,5000,20,15,100,0.1000,123,9980485898,9980481011,1438
docs/inst_test/instancias/n_1000_9,5000,20,15,100,0.2000,42,9980485898,9980481011,1331
docs/inst_test/instancias/n_1000_9,5000,20,15,100,0.2000,123,9980485898,9980481011,1259
docs/inst_test/instancias/n_1000_9,5000,20,15,100,0.1000,2026,9980485898,9980481011,1600
docs/inst_test/instancias/n_1000_9,5000,20,15,100,0.2000,2026,9980485898,9980481011,1296
docs/inst_test/instancias/n_1000_9,5000,20,15,100,0.3000,42,9980485898,9980481011,1200
docs/inst_test/instancias/n_1000_9,5000,20,15,100,0.3000,123,9980485898,9980481011,1439
docs/inst_test/instancias/n_1000_9,5000,20,15,100,0.3000,2026,9980485898,9980481011,1418
docs/inst_test/instancias/n_1000_9,5000,20,15,200,0.1000,42,9980485898,9980481011,1467
docs/inst_test/instancias/n_1000_9,5000,20,15,200,0.1000,2026,9980485898,9980481011,1314
docs/inst_test/instancias/n_1000_9,5000,20,15,200,0.1000,123,9980485898,9980481011,1422
docs/inst_test/instancias/n_1000_9,5000,20,15,200,0.2000,42,9980485898,9980481011,1230
docs/inst_test/instancias/n_1000_9,5000,20,15,200,0.2000,123,9980485898,9980481011,1299
docs/inst_test/instancias/n_1000_9,5000,20,15,200,0.2000,2026,9980485898,9980481011,1178
docs/inst_test/instancias/n_1000_9,5000,20,15,200,0.3000,42,9980485898,9980481011,1180
docs/inst_test/instancias/n_1000_9,5000,20,15,200,0.3000,123,9980485898,9980481011,1273
docs/inst_test/instancias/n_1000_9,5000,20,15,200,0.3000,2026,9980485898,9980481011,1055
