instance,iterations,tenure_flip,tenure_swap,stall,diversify,seed,best_value,total_weight,elapsed_ms,grid_wallclock_ms
docs\inst_test\instancias\n_1000_1,100,10,7,5,0.1000,42,9999297471,9999292890,47,27533
docs\inst_test\instancias\n_1000_1,100,10,7,5,0.1000,123,9998827353,9998822863,21,27533
docs\inst_test\instancias\n_1000_1,100,10,7,5,0.1000,2026,9995297202,9995292594,21,27533
docs\inst_test\instancias\n_1000_1,100,10,7,5,0.2000,42,9998827387,9998822899,18,27533
docs\inst_test\instancias\n_1000_1,100,10,7,5,0.2000,123,9998357185,9998353074,18,27533
docs\inst_test\instancias\n_1000_1,100,10,7,5,0.2000,2026,9999357279,9999353123,19,27533
docs\inst_test\instancias\n_1000_1,100,10,7,5,0.3000,42,9995356303,9995352910,19,27533
docs\inst_test\instancias\n_1000_1,100,10,7,5,0.3000,123,9997886652,9997883428,18,27533
docs\inst_test\instancias\n_1000_1,100,10,7,5,0.3000,2026,9999886724,9999883437,18,27533
docs\inst_test\instancias\n_1000_1,100,10,7,10,0.1000,42,9999297271,9999292847,21,27533
docs\inst_test\instancias\n_1000_1,100,10,7,10,0.1000,123,9998827353,9998822863,18,27533
docs\inst_test\instancias\n_1000_1,100,10,7,10,0.1000,2026,9995297202,9995292594,19,27533
docs\inst_test\instancias\n_1000_1,100,10,7,10,0.2000,42,9998827374,9998822833,19,27533
docs\inst_test\instancias\n_1000_1,100,10,7,10,0.2000,123,9998357073,9998353031,20,27533
docs\inst_test\instancias\n_1000_1,100,10,7,10,0.2000,2026,9999357176,9999353151,19,27533
docs\inst_test\instancias\n_1000_1,100,10,7,10,0.3000,42,9988826644,9988822288,18,27533
docs\inst_test\instancias\n_1000_1,100,10,7,10,0.3000,123,9989826827,9989822538,19,27533
docs\inst_test\instancias\n_1000_1,100,10,7,10,0.3000,2026,9998357180,9998353192,17,27533
docs\inst_test\instancias\n_1000_1,100,10,7,20,0.1000,42,9998297184,9998292639,20,27533
docs\inst_test\instancias\n_1000_1,100,10,7,20,0.1000,123,9998826909,9998822989,18,27533
docs\inst_test\instancias\n_1000_1,100,10,7,20,0.1000,2026,9995297202,9995292594,19,27533
docs\inst_test\instancias\n_1000_1,100,10,7,20,0.2000,42,9994297151,9994292470,20,27533
docs\inst_test\instancias\n_1000_1,100,10,7,20,0.2000,123,9996827320,9996822747,20,27533
docs\inst_test\instancias\n_1000_1,100,10,7,20,0.2000,2026,9997827318,9997822780,13,27533
docs\inst_test\instancias\n_1000_1,100,10,7,20,0.3000,42,9988826429,9988822479,14,27533
docs\inst_test\instancias\n_1000_1,100,10,7,20,0.3000,123,9989826827,9989822538,12,27533
docs\inst_test\instancias\n_1000_1,100,10,7,20,0.3000,2026,9998357180,9998353192,13,27533
docs\inst_test\instancias\n_1000_1,100,10,10,5,0.1000,42,9999297471,9999292890,14,27533
docs\inst_test\instancias\n_1000_1,100,10,10,5,0.1000,123,9998827353,9998822863,14,27533
docs\inst_test\instancias\n_1000_1,100,10,10,5,0.1000,2026,9995297202,9995292594,14,27533
docs\inst_test\instancias\n_1000_1,100,10,10,5,0.2000,42,9998827387,9998822899,14,27533
docs\inst_test\instancias\n_1000_1,100,10,10,5,0.2000,123,9998357185,9998353074,14,27533
docs\inst_test\instancias\n_1000_1,100,10,10,5,0.2000,2026,9999357279,9999353123,14,27533
docs\inst_test\instancias\n_1000_1,100,10,10,5,0.3000,42,9995356303,9995352910,14,27533
docs\inst_test\instancias\n_1000_1,100,10,10,5,0.3000,123,9997886652,9997883428,14,27533
docs\inst_test\instancias\n_1000_1,100,10,10,5,0.3000,2026,9999886724,9999883437,12,27533
docs\inst_test\instancias\n_1000_1,100,10,10,10,0.1000,42,9999297271,9999292847,14,27533
docs\inst_test\instancias\n_1000_1,100,10,10,10,0.1000,123,9998827353,9998822863,14,27533
docs\inst_test\instancias\n_1000_1,100,10,10,10,0.1000,2026,9995297202,9995292594,15,27533
docs\inst_test\instancias\n_1000_1,100,10,10,10,0.2000,42,9998827374,9998822833,14,27533
docs\inst_test\instancias\n_1000_1,100,10,10,10,0.2000,123,9998357073,9998353031,14,27533
docs\inst_test\instancias\n_1000_1,100,10,10,10,0.2000,2026,9999357176,9999353151,13,27533
docs\inst_test\instancias\n_1000_1,100,10,10,10,0.3000,42,9988826644,9988822288,14,27533
docs\inst_test\instancias\n_1000_1,100,10,10,10,0.3000,123,9989826827,9989822538,14,27533
docs\inst_test\instancias\n_1000_1,100,10,10,10,0.3000,2026,9998357180,9998353192,13,27533
docs\inst_test\instancias\n_1000_1,100,10,10,20,0.1000,42,9998297184,9998292639,14,27533
docs\inst_test\instancias\n_1000_1,100,10,10,20,0.1000,123,9998826909,9998822989,14,27533
docs\inst_test\instancias\n_1000_1,100,10,10,20,0.1000,2026,9995297202,9995292594,15,27533
docs\inst_test\instancias\n_1000_1,100,10,10,20,0.2000,42,9994297151,9994292470,14,27533
docs\inst_test\instancias\n_1000_1,100,10,10,20,0.2000,123,9996827320,9996822747,14,27533
docs\inst_test\instancias\n_1000_1,100,10,10,20,0.2000,2026,9997827318,9997822780,13,27533
docs\inst_test\instancias\n_1000_1,100,10,10,20,0.3000,42,9988826429,9988822479,15,27533
docs\inst_test\instancias\n_1000_1,100,10,10,20,0.3000,123,9989826827,9989822538,13,27533
docs\inst_test\instancias\n_1000_1,100,10,10,20,0.3000,2026,9998357180,9998353192,13,27533
docs\inst_test\instancias\n_1000_1,100,10,15,5,0.1000,42,9999297471,9999292890,15,27533
docs\inst_test\instancias\n_1000_1,100,10,15,5,0.1000,123,9998827353,9998822863,14,27533
docs\inst_test\instancias\n_1000_1,100,10,15,5,0.1000,2026,9995297202,9995292594,15,27533
docs\inst_test\instancias\n_1000_1,100,10,15,5,0.2000,42,9998827387,9998822899,13,27533
docs\inst_test\instancias\n_1000_1,100,10,15,5,0.2000,123,9998357185,9998353074,13,27533
docs\inst_test\instancias\n_1000_1,100,10,15,5,0.2000,2026,9999357279,9999353123,13,27533
docs\inst_test\instancias\n_1000_1,100,10,15,5,0.3000,42,9995356303,9995352910,14,27533
docs\inst_test\instancias\n_1000_1,100,10,15,5,0.3000,123,9997886652,9997883428,14,27533
docs\inst_test\instancias\n_1000_1,100,10,15,5,0.3000,2026,9999886724,9999883437,12,27533
docs\inst_test\instancias\n_1000_1,100,10,15,10,0.1000,42,9999297271,9999292847,15,27533
docs\inst_test\instancias\n_1000_1,100,10,15,10,0.1000,123,9998827353,9998822863,14,27533
docs\inst_test\instancias\n_1000_1,100,10,15,10,0.1000,2026,9995297202,9995292594,14,27533
docs\inst_test\instancias\n_1000_1,100,10,15,10,0.2000,42,9998827374,9998822833,14,27533
docs\inst_test\instancias\n_1000_1,100,10,15,10,0.2000,123,9998357073,9998353031,13,27533
docs\inst_test\instancias\n_1000_1,100,10,15,10,0.2000,2026,9999357176,9999353151,13,27533
docs\inst_test\instancias\n_1000_1,100,10,15,10,0.3000,42,9988826644,9988822288,14,27533
docs\inst_test\instancias\n_1000_1,100,10,15,10,0.3000,123,9989826827,9989822538,13,27533
docs\inst_test\instancias\n_1000_1,100,10,15,10,0.3000,2026,9998357180,9998353192,13,27533
docs\inst_test\instancias\n_1000_1,100,10,15,20,0.1000,42,9998297184,9998292639,14,27533
docs\inst_test\instancias\n_1000_1,100,10,15,20,0.1000,123,9998826909,9998822989,13,27533
docs\inst_test\instancias\n_1000_1,100,10,15,20,0.1000,2026,9995297202,9995292594,13,27533
docs\inst_test\instancias\n_1000_1,100,10,15,20,0.2000,42,9994297151,9994292470,14,27533
docs\inst_test\instancias\n_1000_1,100,10,15,20,0.2000,123,9996827320,9996822747,13,27533
docs\inst_test\instancias\n_1000_1,100,10,15,20,0.2000,2026,9997827318,9997822780,13,27533
docs\inst_test\instancias\n_1000_1,100,10,15,20,0.3000,42,9988826429,9988822479,15,27533
docs\inst_test\instancias\n_1000_1,100,10,15,20,0.3000,123,9989826827,9989822538,13,27533
docs\inst_test\instancias\n_1000_1,100,10,15,20,0.3000,2026,9998357180,9998353192,13,27533
docs\inst_test\instancias\n_1000_1,100,15,7,5,0.1000,42,9999297471,9999292890,14,27533
docs\inst_test\instancias\n_1000_1,100,15,7,5,0.1000,123,9998827353,9998822863,13,27533
docs\inst_test\instancias\n_1000_1,100,15,7,5,0.1000,2026,9995297202,9995292594,15,27533
docs\inst_test\instancias\n_1000_1,100,15,7,5,0.2000,42,9998827387,9998822899,14,27533
docs\inst_test\instancias\n_1000_1,100,15,7,5,0.2000,123,9998357185,9998353074,14,27533
docs\inst_test\instancias\n_1000_1,100,15,7,5,0.2000,2026,9999357279,9999353123,14,27533
docs\inst_test\instancias\n_1000_1,100,15,7,5,0.3000,42,9995356303,9995352910,13,27533
docs\inst_test\instancias\n_1000_1,100,15,7,5,0.3000,123,9997886652,9997883428,13,27533
docs\inst_test\instancias\n_1000_1,100,15,7,5,0.3000,2026,9999886724,9999883437,14,27533
docs\inst_test\instancias\n_1000_1,100,15,7,10,0.1000,42,9999297271,9999292847,14,27533
docs\inst_test\instancias\n_1000_1,100,15,7,10,0.1000,123,9998827353,9998822863,14,27533
docs\inst_test\instancias\n_1000_1,100,15,7,10,0.1000,2026,9995297202,9995292594,15,27533
docs\inst_test\instancias\n_1000_1,100,15,7,10,0.2000,42,9998827374,9998822833,14,27533
docs\inst_test\instancias\n_1000_1,100,15,7,10,0.2000,123,9998357073,9998353031,13,27533
docs\inst_test\instancias\n_1000_1,100,15,7,10,0.2000,2026,9999357176,9999353151,14,27533
docs\inst_test\instancias\n_1000_1,100,15,7,10,0.3000,42,9988826644,9988822288,14,27533
docs\inst_test\instancias\n_1000_1,100,15,7,10,0.3000,123,9989826827,9989822538,13,27533
docs\inst_test\instancias\n_1000_1,100,15,7,10,0.3000,2026,9998357180,9998353192,14,27533
docs\inst_test\instancias\n_1000_1,100,15,7,20,0.1000,42,9998297184,9998292639,14,27533
docs\inst_test\instancias\n_1000_1,100,15,7,20,0.1000,123,9998826909,9998822989,15,27533
docs\inst_test\instancias\n_1000_1,100,15,7,20,0.1000,2026,9995297202,9995292594,14,27533
docs\inst_test\instancias\n_1000_1,100,15,7,20,0.2000,42,9994297151,9994292470,13,27533
docs\inst_test\instancias\n_1000_1,100,15,7,20,0.2000,123,9996827320,9996822747,13,27533
docs\inst_test\instancias\n_1000_1,100,15,7,20,0.2000,2026,9997827318,9997822780,14,27533
docs\inst_test\instancias\n_1000_1,100,15,7,20,0.3000,42,9988826429,9988822479,13,27533
docs\inst_test\instancias\n_1000_1,100,15,7,20,0.3000,123,9989826827,9989822538,13,27533
docs\inst_test\instancias\n_1000_1,100,15,7,20,0.3000,2026,9998357180,9998353192,13,27533
docs\inst_test\instancias\n_1000_1,100,15,10,5,0.1000,42,9999297471,9999292890,15,27533
docs\inst_test\instancias\n_1000_1,100,15,10,5,0.1000,123,9998827353,9998822863,14,27533
docs\inst_test\instancias\n_1000_1,100,15,10,5,0.1000,2026,9995297202,9995292594,14,27533
docs\inst_test\instancias\n_1000_1,100,15,10,5,0.2000,42,9998827387,9998822899,14,27533
docs\inst_test\instancias\n_1000_1,100,15,10,5,0.2000,123,9998357185,9998353074,13,27533
docs\inst_test\instancias\n_1000_1,100,15,10,5,0.2000,2026,9999357279,9999353123,15,27533
docs\inst_test\instancias\n_1000_1,100,15,10,5,0.3000,42,9995356303,9995352910,13,27533
docs\inst_test\instancias\n_1000_1,100,15,10,5,0.3000,123,9997886652,9997883428,14,27533
docs\inst_test\instancias\n_1000_1,100,15,10,5,0.3000,2026,9999886724,9999883437,13,27533
docs\inst_test\instancias\n_1000_1,100,15,10,10,0.1000,42,9999297271,9999292847,14,27533
docs\inst_test\instancias\n_1000_1,100,15,10,10,0.1000,123,9998827353,9998822863,14,27533
docs\inst_test\instancias\n_1000_1,100,15,10,10,0.1000,2026,9995297202,9995292594,14,27533
docs\inst_test\instancias\n_1000_1,100,15,10,10,0.2000,42,9998827374,9998822833,13,27533
docs\inst_test\instancias\n_1000_1,100,15,10,10,0.2000,123,9998357073,9998353031,13,27533
docs\inst_test\instancias\n_1000_1,100,15,10,10,0.2000,2026,9999357176,9999353151,12,27533
docs\inst_test\instancias\n_1000_1,100,15,10,10,0.3000,42,9988826644,9988822288,13,27533
docs\inst_test\instancias\n_1000_1,100,15,10,10,0.3000,123,9989826827,9989822538,14,27533
docs\inst_test\instancias\n_1000_1,100,15,10,10,0.3000,2026,9998357180,9998353192,13,27533
docs\inst_test\instancias\n_1000_1,100,15,10,20,0.1000,42,9998297184,9998292639,14,27533
docs\inst_test\instancias\n_1000_1,100,15,10,20,0.1000,123,9998826909,9998822989,15,27533
docs\inst_test\instancias\n_1000_1,100,15,10,20,0.1000,2026,9995297202,9995292594,13,27533
docs\inst_test\instancias\n_1000_1,100,15,10,20,0.2000,42,9994297151,9994292470,14,27533
docs\inst_test\instancias\n_1000_1,100,15,10,20,0.2000,123,9996827320,9996822747,13,27533
docs\inst_test\instancias\n_1000_1,100,15,10,20,0.2000,2026,9997827318,9997822780,15,27533
docs\inst_test\instancias\n_1000_1,100,15,10,20,0.3000,42,9988826429,9988822479,13,27533
docs\inst_test\instancias\n_1000_1,100,15,10,20,0.3000,123,9989826827,9989822538,14,27533
docs\inst_test\instancias\n_1000_1,100,15,10,20,0.3000,2026,9998357180,9998353192,13,27533
docs\inst_test\instancias\n_1000_1,100,15,15,5,0.1000,42,9999297471,9999292890,14,27533
docs\inst_test\instancias\n_1000_1,100,15,15,5,0.1000,123,9998827353,9998822863,14,27533
docs\inst_test\instancias\n_1000_1,100,15,15,5,0.1000,2026,9995297202,9995292594,15,27533
docs\inst_test\instancias\n_1000_1,100,15,15,5,0.2000,42,9998827387,9998822899,14,27533
docs\inst_test\instancias\n_1000_1,100,15,15,5,0.2000,123,9998357185,9998353074,13,27533
docs\inst_test\instancias\n_1000_1,100,15,15,5,0.2000,2026,9999357279,9999353123,14,27533
docs\inst_test\instancias\n_1000_1,100,15,15,5,0.3000,42,9995356303,9995352910,14,27533
docs\inst_test\instancias\n_1000_1,100,15,15,5,0.3000,123,9997886652,9997883428,13,27533
docs\inst_test\instancias\n_1000_1,100,15,15,5,0.3000,2026,9999886724,9999883437,14,27533
docs\inst_test\instancias\n_1000_1,100,15,15,10,0.1000,42,9999297271,9999292847,14,27533
docs\inst_test\instancias\n_1000_1,100,15,15,10,0.1000,123,9998827353,9998822863,14,27533
docs\inst_test\instancias\n_1000_1,100,15,15,10,0.1000,2026,9995297202,9995292594,14,27533
docs\inst_test\instancias\n_1000_1,100,15,15,10,0.2000,42,9998827374,9998822833,13,27533
docs\inst_test\instancias\n_1000_1,100,15,15,10,0.2000,123,9998357073,9998353031,14,27533
docs\inst_test\instancias\n_1000_1,100,15,15,10,0.2000,2026,9999357176,9999353151,13,27533
docs\inst_test\instancias\n_1000_1,100,15,15,10,0.3000,42,9988826644,9988822288,14,27533
docs\inst_test\instancias\n_1000_1,100,15,15,10,0.3000,123,9989826827,9989822538,12,27533
docs\inst_test\instancias\n_1000_1,100,15,15,10,0.3000,2026,9998357180,9998353192,13,27533
docs\inst_test\instancias\n_1000_1,100,15,15,20,0.1000,42,9998297184,9998292639,15,27533
docs\inst_test\instancias\n_1000_1,100,15,15,20,0.1000,123,9998826909,9998822989,14,27533
docs\inst_test\instancias\n_1000_1,100,15,15,20,0.1000,2026,9995297202,9995292594,14,27533
docs\inst_test\instancias\n_1000_1,100,15,15,20,0.2000,42,9994297151,9994292470,14,27533
docs\inst_test\instancias\n_1000_1,100,15,15,20,0.2000,123,9996827320,9996822747,12,27533
docs\inst_test\instancias\n_1000_1,100,15,15,20,0.2000,2026,9997827318,9997822780,14,27533
docs\inst_test\instancias\n_1000_1,100,15,15,20,0.3000,42,9988826429,9988822479,14,27533
docs\inst_test\instancias\n_1000_1,100,15,15,20,0.3000,123,9989826827,9989822538,14,27533
docs\inst_test\instancias\n_1000_1,100,15,15,20,0.3000,2026,9998357180,9998353192,12,27533
docs\inst_test\instancias\n_1000_1,100,20,7,5,0.1000,42,9999297471,9999292890,14,27533
docs\inst_test\instancias\n_1000_1,100,20,7,5,0.1000,123,9998827353,9998822863,14,27533
docs\inst_test\instancias\n_1000_1,100,20,7,5,0.1000,2026,9995297202,9995292594,15,27533
docs\inst_test\instancias\n_1000_1,100,20,7,5,0.2000,42,9998827387,9998822899,14,27533
docs\inst_test\instancias\n_1000_1,100,20,7,5,0.2000,123,9998357185,9998353074,13,27533
docs\inst_test\instancias\n_1000_1,100,20,7,5,0.2000,2026,9999357279,9999353123,12,27533
docs\inst_test\instancias\n_1000_1,100,20,7,5,0.3000,42,9995356303,9995352910,13,27533
docs\inst_test\instancias\n_1000_1,100,20,7,5,0.3000,123,9997886652,9997883428,13,27533
docs\inst_test\instancias\n_1000_1,100,20,7,5,0.3000,2026,9999886724,9999883437,13,27533
docs\inst_test\instancias\n_1000_1,100,20,7,10,0.1000,42,9999297271,9999292847,14,27533
docs\inst_test\instancias\n_1000_1,100,20,7,10,0.1000,123,9998827353,9998822863,14,27533
docs\inst_test\instancias\n_1000_1,100,20,7,10,0.1000,2026,9995297202,9995292594,13,27533
docs\inst_test\instancias\n_1000_1,100,20,7,10,0.2000,42,9998827374,9998822833,14,27533
docs\inst_test\instancias\n_1000_1,100,20,7,10,0.2000,123,9998357073,9998353031,14,27533
docs\inst_test\instancias\n_1000_1,100,20,7,10,0.2000,2026,9999357176,9999353151,14,27533
docs\inst_test\instancias\n_1000_1,100,20,7,10,0.3000,42,9988826644,9988822288,14,27533
docs\inst_test\instancias\n_1000_1,100,20,7,10,0.3000,123,9989826827,9989822538,12,27533
docs\inst_test\instancias\n_1000_1,100,20,7,10,0.3000,2026,9998357180,9998353192,14,27533
docs\inst_test\instancias\n_1000_1,100,20,7,20,0.1000,42,9998297184,9998292639,14,27533
docs\inst_test\instancias\n_1000_1,100,20,7,20,0.1000,123,9998826909,9998822989,14,27533
docs\inst_test\instancias\n_1000_1,100,20,7,20,0.1000,2026,9995297202,9995292594,14,27533
docs\inst_test\instancias\n_1000_1,100,20,7,20,0.2000,42,9994297151,9994292470,14,27533
docs\inst_test\instancias\n_1000_1,100,20,7,20,0.2000,123,9996827320,9996822747,13,27533
docs\inst_test\instancias\n_1000_1,100,20,7,20,0.2000,2026,9997827318,9997822780,13,27533
docs\inst_test\instancias\n_1000_1,100,20,7,20,0.3000,42,9988826429,9988822479,14,27533
docs\inst_test\instancias\n_1000_1,100,20,7,20,0.3000,123,9989826827,9989822538,13,27533
docs\inst_test\instancias\n_1000_1,100,20,7,20,0.3000,2026,9998357180,9998353192,12,27533
docs\inst_test\instancias\n_1000_1,100,20,10,5,0.1000,42,9999297471,9999292890,15,27533
docs\inst_test\instancias\n_1000_1,100,20,10,5,0.1000,123,9998827353,9998822863,14,27533
docs\inst_test\instancias\n_1000_1,100,20,10,5,0.1000,2026,9995297202,9995292594,14,27533
docs\inst_test\instancias\n_1000_1,100,20,10,5,0.2000,42,9998827387,9998822899,15,27533
docs\inst_test\instancias\n_1000_1,100,20,10,5,0.2000,123,9998357185,9998353074,14,27533
docs\inst_test\instancias\n_1000_1,100,20,10,5,0.2000,2026,9999357279,9999353123,14,27533
docs\inst_test\instancias\n_1000_1,100,20,10,5,0.3000,42,9995356303,9995352910,14,27533
docs\inst_test\instancias\n_1000_1,100,20,10,5,0.3000,123,9997886652,9997883428,13,27533
docs\inst_test\instancias\n_1000_1,100,20,10,5,0.3000,2026,9999886724,9999883437,13,27533
docs\inst_test\instancias\n_1000_1,100,20,10,10,0.1000,42,9999297271,9999292847,13,27533
docs\inst_test\instancias\n_1000_1,100,20,10,10,0.1000,123,9998827353,9998822863,15,27533
docs\inst_test\instancias\n_1000_1,100,20,10,10,0.1000,2026,9995297202,9995292594,14,27533
docs\inst_test\instancias\n_1000_1,100,20,10,10,0.2000,42,9998827374,9998822833,14,27533
docs\inst_test\instancias\n_1000_1,100,20,10,10,0.2000,123,9998357073,9998353031,13,27533
docs\inst_test\instancias\n_1000_1,100,20,10,10,0.2000,2026,9999357176,9999353151,13,27533
docs\inst_test\instancias\n_1000_1,100,20,10,10,0.3000,42,9988826644,9988822288,14,27533
docs\inst_test\instancias\n_1000_1,100,20,10,10,0.3000,123,9989826827,9989822538,14,27533
docs\inst_test\instancias\n_1000_1,100,20,10,10,0.3000,2026,9998357180,9998353192,12,27533
docs\inst_test\instancias\n_1000_1,100,20,10,20,0.1000,42,9998297184,9998292639,15,27533
docs\inst_test\instancias\n_1000_1,100,20,10,20,0.1000,123,9998826909,9998822989,14,27533
docs\inst_test\instancias\n_1000_1,100,20,10,20,0.1000,2026,9995297202,9995292594,14,27533
docs\inst_test\instancias\n_1000_1,100,20,10,20,0.2000,42,9994297151,9994292470,14,27533
docs\inst_test\instancias\n_1000_1,100,20,10,20,0.2000,123,9996827320,9996822747,13,27533
docs\inst_test\instancias\n_1000_1,100,20,10,20,0.2000,2026,9997827318,9997822780,13,27533
docs\inst_test\instancias\n_1000_1,100,20,10,20,0.3000,42,9988826429,9988822479,14,27533
docs\inst_test\instancias\n_1000_1,100,20,10,20,0.3000,123,9989826827,9989822538,13,27533
docs\inst_test\instancias\n_1000_1,100,20,10,20,0.3000,2026,9998357180,9998353192,14,27533
docs\inst_test\instancias\n_1000_1,100,20,15,5,0.1000,42,9999297471,9999292890,15,27533
docs\inst_test\instancias\n_1000_1,100,20,15,5,0.1000,123,9998827353,9998822863,15,27533
docs\inst_test\instancias\n_1000_1,100,20,15,5,0.1000,2026,9995297202,9995292594,15,27533
docs\inst_test\instancias\n_1000_1,100,20,15,5,0.2000,42,9998827387,9998822899,14,27533
docs\inst_test\instancias\n_1000_1,100,20,15,5,0.2000,123,9998357185,9998353074,14,27533
docs\inst_test\instancias\n_1000_1,100,20,15,5,0.2000,2026,9999357279,9999353123,13,27533
docs\inst_test\instancias\n_1000_1,100,20,15,5,0.3000,42,9995356303,9995352910,14,27533
docs\inst_test\instancias\n_1000_1,100,20,15,5,0.3000,123,9997886652,9997883428,13,27533
docs\inst_test\instancias\n_1000_1,100,20,15,5,0.3000,2026,9999886724,9999883437,13,27533
docs\inst_test\instancias\n_1000_1,100,20,15,10,0.1000,42,9999297271,9999292847,13,27533
docs\inst_test\instancias\n_1000_1,100,20,15,10,0.1000,123,9998827353,9998822863,13,27533
docs\inst_test\instancias\n_1000_1,100,20,15,10,0.1000,2026,9995297202,9995292594,14,27533
docs\inst_test\instancias\n_1000_1,100,20,15,10,0.2000,42,9998827374,9998822833,13,27533
docs\inst_test\instancias\n_1000_1,100,20,15,10,0.2000,123,9998357073,9998353031,14,27533
docs\inst_test\instancias\n_1000_1,100,20,15,10,0.2000,2026,9999357176,9999353151,14,27533
docs\inst_test\instancias\n_1000_1,100,20,15,10,0.3000,42,9988826644,9988822288,13,27533
docs\inst_test\instancias\n_1000_1,100,20,15,10,0.3000,123,9989826827,9989822538,13,27533
docs\inst_test\instancias\n_1000_1,100,20,15,10,0.3000,2026,9998357180,9998353192,13,27533
docs\inst_test\instancias\n_1000_1,100,20,15,20,0.1000,42,9998297184,9998292639,14,27533
docs\inst_test\instancias\n_1000_1,100,20,15,20,0.1000,123,9998826909,9998822989,13,27533
docs\inst_test\instancias\n_1000_1,100,20,15,20,0.1000,2026,9995297202,9995292594,14,27533
docs\inst_test\instancias\n_1000_1,100,20,15,20,0.2000,42,9994297151,9994292470,13,27533
docs\inst_test\instancias\n_1000_1,100,20,15,20,0.2000,123,9996827320,9996822747,14,27533
docs\inst_test\instancias\n_1000_1,100,20,15,20,0.2000,2026,9997827318,9997822780,13,27533
docs\inst_test\instancias\n_1000_1,100,20,15,20,0.3000,42,9988826429,9988822479,14,27533
docs\inst_test\instancias\n_1000_1,100,20,15,20,0.3000,123,9989826827,9989822538,12,27533
docs\inst_test\instancias\n_1000_1,100,20,15,20,0.3000,2026,9998357180,9998353192,13,27533
docs\inst_test\instancias\n_1000_1,300,10,7,5,0.1000,42,9999297471,9999292890,49,27533
docs\inst_test\instancias\n_1000_1,300,10,7,5,0.1000,123,9999827379,9999822923,47,27533
docs\inst_test\instancias\n_1000_1,300,10,7,5,0.1000,2026,9999827425,9999822843,48,27533
docs\inst_test\instancias\n_1000_1,300,10,7,5,0.2000,42,9999357290,9999353138,45,27533
docs\inst_test\instancias\n_1000_1,300,10,7,5,0.2000,123,9998886934,9998883463,41,27533
docs\inst_test\instancias\n_1000_1,300,10,7,5,0.2000,2026,9999357281,9999353085,43,27533
docs\inst_test\instancias\n_1000_1,300,10,7,5,0.3000,42,9999887034,9999883351,37,27533
docs\inst_test\instancias\n_1000_1,300,10,7,5,0.3000,123,9999416581,9999413709,34,27533
docs\inst_test\instancias\n_1000_1,300,10,7,5,0.3000,2026,9999887007,9999883468,35,27533
docs\inst_test\instancias\n_1000_1,300,10,7,10,0.1000,42,9999297471,9999292890,40,27533
docs\inst_test\instancias\n_1000_1,300,10,7,10,0.1000,123,9999827379,9999822923,39,27533
docs\inst_test\instancias\n_1000_1,300,10,7,10,0.1000,2026,9999827182,9999823283,41,27533
docs\inst_test\instancias\n_1000_1,300,10,7,10,0.2000,42,9998827387,9998822899,37,27533
docs\inst_test\instancias\n_1000_1,300,10,7,10,0.2000,123,9998886934,9998883463,34,27533
docs\inst_test\instancias\n_1000_1,300,10,7,10,0.2000,2026,9999357281,9999353085,36,27533
docs\inst_test\instancias\n_1000_1,300,10,7,10,0.3000,42,9999887034,9999883351,33,27533
docs\inst_test\instancias\n_1000_1,300,10,7,10,0.3000,123,9999416581,9999413709,32,27533
docs\inst_test\instancias\n_1000_1,300,10,7,10,0.3000,2026,9999887007,9999883468,33,27533
docs\inst_test\instancias\n_1000_1,300,10,7,20,0.1000,42,9999297471,9999292890,39,27533
docs\inst_test\instancias\n_1000_1,300,10,7,20,0.1000,123,9998827353,9998822863,37,27533
docs\inst_test\instancias\n_1000_1,300,10,7,20,0.1000,2026,9995297202,9995292594,39,27533
docs\inst_test\instancias\n_1000_1,300,10,7,20,0.2000,42,9998827387,9998822899,36,27533
docs\inst_test\instancias\n_1000_1,300,10,7,20,0.2000,123,9998357187,9998353072,33,27533
docs\inst_test\instancias\n_1000_1,300,10,7,20,0.2000,2026,9999357281,9999353085,34,27533
docs\inst_test\instancias\n_1000_1,300,10,7,20,0.3000,42,9999887034,9999883351,33,27533
docs\inst_test\instancias\n_1000_1,300,10,7,20,0.3000,123,9999416581,9999413709,31,27533
docs\inst_test\instancias\n_1000_1,300,10,7,20,0.3000,2026,9999887007,9999883468,32,27533
docs\inst_test\instancias\n_1000_1,300,10,10,5,0.1000,42,9999297471,9999292890,44,27533
docs\inst_test\instancias\n_1000_1,300,10,10,5,0.1000,123,9999827379,9999822923,42,27533
docs\inst_test\instancias\n_1000_1,300,10,10,5,0.1000,2026,9999827425,9999822843,42,27533
docs\inst_test\instancias\n_1000_1,300,10,10,5,0.2000,42,9999357290,9999353138,40,27533
docs\inst_test\instancias\n_1000_1,300,10,10,5,0.2000,123,9998886934,9998883463,37,27533
docs\inst_test\instancias\n_1000_1,300,10,10,5,0.2000,2026,9999357281,9999353085,39,27533
docs\inst_test\instancias\n_1000_1,300,10,10,5,0.3000,42,9999887034,9999883351,36,27533
docs\inst_test\instancias\n_1000_1,300,10,10,5,0.3000,123,9999416581,9999413709,33,27533
docs\inst_test\instancias\n_1000_1,300,10,10,5,0.3000,2026,9999887007,9999883468,36,27533
docs\inst_test\instancias\n_1000_1,300,10,10,10,0.1000,42,9999297471,9999292890,40,27533
docs\inst_test\instancias\n_1000_1,300,10,10,10,0.1000,123,9999827379,9999822923,38,27533
docs\inst_test\instancias\n_1000_1,300,10,10,10,0.1000,2026,9999827182,9999823283,42,27533
docs\inst_test\instancias\n_1000_1,300,10,10,10,0.2000,42,9998827387,9998822899,36,27533
docs\inst_test\instancias\n_1000_1,300,10,10,10,0.2000,123,9998886934,9998883463,35,27533
docs\inst_test\instancias\n_1000_1,300,10,10,10,0.2000,2026,9999357281,9999353085,35,27533
docs\inst_test\instancias\n_1000_1,300,10,10,10,0.3000,42,9999887034,9999883351,33,27533
docs\inst_test\instancias\n_1000_1,300,10,10,10,0.3000,123,9999416581,9999413709,31,27533
docs\inst_test\instancias\n_1000_1,300,10,10,10,0.3000,2026,9999887007,9999883468,34,27533
docs\inst_test\instancias\n_1000_1,300,10,10,20,0.1000,42,9999297471,9999292890,39,27533
docs\inst_test\instancias\n_1000_1,300,10,10,20,0.1000,123,9998827353,9998822863,37,27533
docs\inst_test\instancias\n_1000_1,300,10,10,20,0.1000,2026,9995297202,9995292594,38,27533
docs\inst_test\instancias\n_1000_1,300,10,10,20,0.2000,42,9998827387,9998822899,37,27533
docs\inst_test\instancias\n_1000_1,300,10,10,20,0.2000,123,9998357187,9998353072,34,27533
docs\inst_test\instancias\n_1000_1,300,10,10,20,0.2000,2026,9999357281,9999353085,35,27533
docs\inst_test\instancias\n_1000_1,300,10,10,20,0.3000,42,9999887034,9999883351,35,27533
docs\inst_test\instancias\n_1000_1,300,10,10,20,0.3000,123,9999416581,9999413709,30,27533
docs\inst_test\instancias\n_1000_1,300,10,10,20,0.3000,2026,9999887007,9999883468,31,27533
docs\inst_test\instancias\n_1000_1,300,10,15,5,0.1000,42,9999297471,9999292890,44,27533
docs\inst_test\instancias\n_1000_1,300,10,15,5,0.1000,123,9999827379,9999822923,42,27533
docs\inst_test\instancias\n_1000_1,300,10,15,5,0.1000,2026,9999827425,9999822843,44,27533
docs\inst_test\instancias\n_1000_1,300,10,15,5,0.2000,42,9999357290,9999353138,39,27533
docs\inst_test\instancias\n_1000_1,300,10,15,5,0.2000,123,9998886934,9998883463,36,27533
docs\inst_test\instancias\n_1000_1,300,10,15,5,0.2000,2026,9999357281,9999353085,39,27533
docs\inst_test\instancias\n_1000_1,300,10,15,5,0.3000,42,9999887034,9999883351,36,27533
docs\inst_test\instancias\n_1000_1,300,10,15,5,0.3000,123,9999416581,9999413709,33,27533
docs\inst_test\instancias\n_1000_1,300,10,15,5,0.3000,2026,9999887007,9999883468,36,27533
docs\inst_test\instancias\n_1000_1,300,10,15,10,0.1000,42,9999297471,9999292890,40,27533
docs\inst_test\instancias\n_1000_1,300,10,15,10,0.1000,123,9999827379,9999822923,39,27533
docs\inst_test\instancias\n_1000_1,300,10,15,10,0.1000,2026,9999827182,9999823283,39,27533
docs\inst_test\instancias\n_1000_1,300,10,15,10,0.2000,42,9998827387,9998822899,36,27533
docs\inst_test\instancias\n_1000_1,300,10,15,10,0.2000,123,9998886934,9998883463,35,27533
docs\inst_test\instancias\n_1000_1,300,10,15,10,0.2000,2026,9999357281,9999353085,35,27533
docs\inst_test\instancias\n_1000_1,300,10,15,10,0.3000,42,9999887034,9999883351,33,27533
docs\inst_test\instancias\n_1000_1,300,10,15,10,0.3000,123,9999416581,9999413709,31,27533
docs\inst_test\instancias\n_1000_1,300,10,15,10,0.3000,2026,9999887007,9999883468,32,27533
docs\inst_test\instancias\n_1000_1,300,10,15,20,0.1000,42,9999297471,9999292890,38,27533
docs\inst_test\instancias\n_1000_1,300,10,15,20,0.1000,123,9998827353,9998822863,38,27533
docs\inst_test\instancias\n_1000_1,300,10,15,20,0.1000,2026,9995297202,9995292594,38,27533
docs\inst_test\instancias\n_1000_1,300,10,15,20,0.2000,42,9998827387,9998822899,36,27533
docs\inst_test\instancias\n_1000_1,300,10,15,20,0.2000,123,9998357187,9998353072,34,27533
docs\inst_test\instancias\n_1000_1,300,10,15,20,0.2000,2026,9999357281,9999353085,34,27533
docs\inst_test\instancias\n_1000_1,300,10,15,20,0.3000,42,9999887034,9999883351,33,27533
docs\inst_test\instancias\n_1000_1,300,10,15,20,0.3000,123,9999416581,9999413709,30,27533
docs\inst_test\instancias\n_1000_1,300,10,15,20,0.3000,2026,9999887007,9999883468,33,27533
docs\inst_test\instancias\n_1000_1,300,15,7,5,0.1000,42,9999297471,9999292890,44,27533
docs\inst_test\instancias\n_1000_1,300,15,7,5,0.1000,123,9999827379,9999822923,41,27533
docs\inst_test\instancias\n_1000_1,300,15,7,5,0.1000,2026,9999827425,9999822843,42,27533
docs\inst_test\instancias\n_1000_1,300,15,7,5,0.2000,42,9999357290,9999353138,40,27533
docs\inst_test\instancias\n_1000_1,300,15,7,5,0.2000,123,9998886934,9998883463,37,27533
docs\inst_test\instancias\n_1000_1,300,15,7,5,0.2000,2026,9999357281,9999353085,38,27533
docs\inst_test\instancias\n_1000_1,300,15,7,5,0.3000,42,9999887034,9999883351,36,27533
docs\inst_test\instancias\n_1000_1,300,15,7,5,0.3000,123,9999416581,9999413709,35,27533
docs\inst_test\instancias\n_1000_1,300,15,7,5,0.3000,2026,9999887007,9999883468,35,27533
docs\inst_test\instancias\n_1000_1,300,15,7,10,0.1000,42,9999297471,9999292890,40,27533
docs\inst_test\instancias\n_1000_1,300,15,7,10,0.1000,123,9999827379,9999822923,38,27533
docs\inst_test\instancias\n_1000_1,300,15,7,10,0.1000,2026,9999827182,9999823283,39,27533
docs\inst_test\instancias\n_1000_1,300,15,7,10,0.2000,42,9998827387,9998822899,37,27533
docs\inst_test\instancias\n_1000_1,300,15,7,10,0.2000,123,9998886934,9998883463,34,27533
docs\inst_test\instancias\n_1000_1,300,15,7,10,0.2000,2026,9999357281,9999353085,35,27533
docs\inst_test\instancias\n_1000_1,300,15,7,10,0.3000,42,9999887034,9999883351,33,27533
docs\inst_test\instancias\n_1000_1,300,15,7,10,0.3000,123,9999416581,9999413709,30,27533
docs\inst_test\instancias\n_1000_1,300,15,7,10,0.3000,2026,9999887007,9999883468,33,27533
docs\inst_test\instancias\n_1000_1,300,15,7,20,0.1000,42,9999297471,9999292890,39,27533
docs\inst_test\instancias\n_1000_1,300,15,7,20,0.1000,123,9998827353,9998822863,37,27533
docs\inst_test\instancias\n_1000_1,300,15,7,20,0.1000,2026,9995297202,9995292594,37,27533
docs\inst_test\instancias\n_1000_1,300,15,7,20,0.2000,42,9998827387,9998822899,37,27533
docs\inst_test\instancias\n_1000_1,300,15,7,20,0.2000,123,9998357187,9998353072,35,27533
docs\inst_test\instancias\n_1000_1,300,15,7,20,0.2000,2026,9999357281,9999353085,34,27533
docs\inst_test\instancias\n_1000_1,300,15,7,20,0.3000,42,9999887034,9999883351,34,27533
docs\inst_test\instancias\n_1000_1,300,15,7,20,0.3000,123,9999416581,9999413709,31,27533
docs\inst_test\instancias\n_1000_1,300,15,7,20,0.3000,2026,9999887007,9999883468,32,27533
docs\inst_test\instancias\n_1000_1,300,15,10,5,0.1000,42,9999297471,9999292890,43,27533
docs\inst_test\instancias\n_1000_1,300,15,10,5,0.1000,123,9999827379,9999822923,42,27533
docs\inst_test\instancias\n_1000_1,300,15,10,5,0.1000,2026,9999827425,9999822843,42,27533
docs\inst_test\instancias\n_1000_1,300,15,10,5,0.2000,42,9999357290,9999353138,39,27533
docs\inst_test\instancias\n_1000_1,300,15,10,5,0.2000,123,9998886934,9998883463,36,27533
docs\inst_test\instancias\n_1000_1,300,15,10,5,0.2000,2026,9999357281,9999353085,39,27533
docs\inst_test\instancias\n_1000_1,300,15,10,5,0.3000,42,9999887034,9999883351,34,27533
docs\inst_test\instancias\n_1000_1,300,15,10,5,0.3000,123,9999416581,9999413709,33,27533
docs\inst_test\instancias\n_1000_1,300,15,10,5,0.3000,2026,9999887007,9999883468,35,27533
docs\inst_test\instancias\n_1000_1,300,15,10,10,0.1000,42,9999297471,9999292890,40,27533
docs\inst_test\instancias\n_1000_1,300,15,10,10,0.1000,123,9999827379,9999822923,38,27533
docs\inst_test\instancias\n_1000_1,300,15,10,10,0.1000,2026,9999827182,9999823283,41,27533
docs\inst_test\instancias\n_1000_1,300,15,10,10,0.2000,42,9998827387,9998822899,37,27533
docs\inst_test\instancias\n_1000_1,300,15,10,10,0.2000,123,9998886934,9998883463,34,27533
docs\inst_test\instancias\n_1000_1,300,15,10,10,0.2000,2026,9999357281,9999353085,35,27533
docs\inst_test\instancias\n_1000_1,300,15,10,10,0.3000,42,9999887034,9999883351,34,27533
docs\inst_test\instancias\n_1000_1,300,15,10,10,0.3000,123,9999416581,9999413709,30,27533
docs\inst_test\instancias\n_1000_1,300,15,10,10,0.3000,2026,9999887007,9999883468,33,27533
docs\inst_test\instancias\n_1000_1,300,15,10,20,0.1000,42,9999297471,9999292890,38,27533
docs\inst_test\instancias\n_1000_1,300,15,10,20,0.1000,123,9998827353,9998822863,37,27533
docs\inst_test\instancias\n_1000_1,300,15,10,20,0.1000,2026,9995297202,9995292594,39,27533
docs\inst_test\instancias\n_1000_1,300,15,10,20,0.2000,42,9998827387,9998822899,37,27533
docs\inst_test\instancias\n_1000_1,300,15,10,20,0.2000,123,9998357187,9998353072,33,27533
docs\inst_test\instancias\n_1000_1,300,15,10,20,0.2000,2026,9999357281,9999353085,34,27533
docs\inst_test\instancias\n_1000_1,300,15,10,20,0.3000,42,9999887034,9999883351,33,27533
docs\inst_test\instancias\n_1000_1,300,15,10,20,0.3000,123,9999416581,9999413709,31,27533
docs\inst_test\instancias\n_1000_1,300,15,10,20,0.3000,2026,9999887007,9999883468,32,27533
docs\inst_test\instancias\n_1000_1,300,15,15,5,0.1000,42,9999297471,9999292890,44,27533
docs\inst_test\instancias\n_1000_1,300,15,15,5,0.1000,123,9999827379,9999822923,41,27533
docs\inst_test\instancias\n_1000_1,300,15,15,5,0.1000,2026,9999827425,9999822843,42,27533
docs\inst_test\instancias\n_1000_1,300,15,15,5,0.2000,42,9999357290,9999353138,39,27533
docs\inst_test\instancias\n_1000_1,300,15,15,5,0.2000,123,9998886934,9998883463,37,27533
docs\inst_test\instancias\n_1000_1,300,15,15,5,0.2000,2026,9999357281,9999353085,40,27533
docs\inst_test\instancias\n_1000_1,300,15,15,5,0.3000,42,9999887034,9999883351,35,27533
docs\inst_test\instancias\n_1000_1,300,15,15,5,0.3000,123,9999416581,9999413709,33,27533
docs\inst_test\instancias\n_1000_1,300,15,15,5,0.3000,2026,9999887007,9999883468,35,27533
docs\inst_test\instancias\n_1000_1,300,15,15,10,0.1000,42,9999297471,9999292890,39,27533
docs\inst_test\instancias\n_1000_1,300,15,15,10,0.1000,123,9999827379,9999822923,39,27533
docs\inst_test\instancias\n_1000_1,300,15,15,10,0.1000,2026,9999827182,9999823283,41,27533
docs\inst_test\instancias\n_1000_1,300,15,15,10,0.2000,42,9998827387,9998822899,37,27533
docs\inst_test\instancias\n_1000_1,300,15,15,10,0.2000,123,9998886934,9998883463,35,27533
docs\inst_test\instancias\n_1000_1,300,15,15,10,0.2000,2026,9999357281,9999353085,35,27533
docs\inst_test\instancias\n_1000_1,300,15,15,10,0.3000,42,9999887034,9999883351,33,27533
docs\inst_test\instancias\n_1000_1,300,15,15,10,0.3000,123,9999416581,9999413709,30,27533
docs\inst_test\instancias\n_1000_1,300,15,15,10,0.3000,2026,9999887007,9999883468,33,27533
docs\inst_test\instancias\n_1000_1,300,15,15,20,0.1000,42,9999297471,9999292890,44,27533
docs\inst_test\instancias\n_1000_1,300,15,15,20,0.1000,123,9998827353,9998822863,40,27533
docs\inst_test\instancias\n_1000_1,300,15,15,20,0.1000,2026,9995297202,9995292594,38,27533
docs\inst_test\instancias\n_1000_1,300,15,15,20,0.2000,42,9998827387,9998822899,36,27533
docs\inst_test\instancias\n_1000_1,300,15,15,20,0.2000,123,9998357187,9998353072,33,27533
docs\inst_test\instancias\n_1000_1,300,15,15,20,0.2000,2026,9999357281,9999353085,34,27533
docs\inst_test\instancias\n_1000_1,300,15,15,20,0.3000,42,9999887034,9999883351,34,27533
docs\inst_test\instancias\n_1000_1,300,15,15,20,0.3000,123,9999416581,9999413709,30,27533
docs\inst_test\instancias\n_1000_1,300,15,15,20,0.3000,2026,9999887007,9999883468,31,27533
docs\inst_test\instancias\n_1000_1,300,20,7,5,0.1000,42,9999297471,9999292890,43,27533
docs\inst_test\instancias\n_1000_1,300,20,7,5,0.1000,123,9999827379,9999822923,41,27533
docs\inst_test\instancias\n_1000_1,300,20,7,5,0.1000,2026,9999827425,9999822843,43,27533
docs\inst_test\instancias\n_1000_1,300,20,7,5,0.2000,42,9999357290,9999353138,40,27533
docs\inst_test\instancias\n_1000_1,300,20,7,5,0.2000,123,9998886934,9998883463,37,27533
docs\inst_test\instancias\n_1000_1,300,20,7,5,0.2000,2026,9999357281,9999353085,38,27533
docs\inst_test\instancias\n_1000_1,300,20,7,5,0.3000,42,9999887034,9999883351,36,27533
docs\inst_test\instancias\n_1000_1,300,20,7,5,0.3000,123,9999416581,9999413709,34,27533
docs\inst_test\instancias\n_1000_1,300,20,7,5,0.3000,2026,9999887007,9999883468,35,27533
docs\inst_test\instancias\n_1000_1,300,20,7,10,0.1000,42,9999297471,9999292890,40,27533
docs\inst_test\instancias\n_1000_1,300,20,7,10,0.1000,123,9999827379,9999822923,37,27533
docs\inst_test\instancias\n_1000_1,300,20,7,10,0.1000,2026,9999827182,9999823283,40,27533
docs\inst_test\instancias\n_1000_1,300,20,7,10,0.2000,42,9998827387,9998822899,38,27533
docs\inst_test\instancias\n_1000_1,300,20,7,10,0.2000,123,9998886934,9998883463,34,27533
docs\inst_test\instancias\n_1000_1,300,20,7,10,0.2000,2026,9999357281,9999353085,36,27533
docs\inst_test\instancias\n_1000_1,300,20,7,10,0.3000,42,9999887034,9999883351,33,27533
docs\inst_test\instancias\n_1000_1,300,20,7,10,0.3000,123,9999416581,9999413709,31,27533
docs\inst_test\instancias\n_1000_1,300,20,7,10,0.3000,2026,9999887007,9999883468,32,27533
docs\inst_test\instancias\n_1000_1,300,20,7,20,0.1000,42,9999297471,9999292890,39,27533
docs\inst_test\instancias\n_1000_1,300,20,7,20,0.1000,123,9998827353,9998822863,36,27533
docs\inst_test\instancias\n_1000_1,300,20,7,20,0.1000,2026,9995297202,9995292594,38,27533
docs\inst_test\instancias\n_1000_1,300,20,7,20,0.2000,42,9998827387,9998822899,36,27533
docs\inst_test\instancias\n_1000_1,300,20,7,20,0.2000,123,9998357187,9998353072,35,27533
docs\inst_test\instancias\n_1000_1,300,20,7,20,0.2000,2026,9999357281,9999353085,33,27533
docs\inst_test\instancias\n_1000_1,300,20,7,20,0.3000,42,9999887034,9999883351,33,27533
docs\inst_test\instancias\n_1000_1,300,20,7,20,0.3000,123,9999416581,9999413709,32,27533
docs\inst_test\instancias\n_1000_1,300,20,7,20,0.3000,2026,9999887007,9999883468,33,27533
docs\inst_test\instancias\n_1000_1,300,20,10,5,0.1000,42,9999297471,9999292890,43,27533
docs\inst_test\instancias\n_1000_1,300,20,10,5,0.1000,123,9999827379,9999822923,41,27533
docs\inst_test\instancias\n_1000_1,300,20,10,5,0.1000,2026,9999827425,9999822843,43,27533
docs\inst_test\instancias\n_1000_1,300,20,10,5,0.2000,42,9999357290,9999353138,40,27533
docs\inst_test\instancias\n_1000_1,300,20,10,5,0.2000,123,9998886934,9998883463,36,27533
docs\inst_test\instancias\n_1000_1,300,20,10,5,0.2000,2026,9999357281,9999353085,39,27533
docs\inst_test\instancias\n_1000_1,300,20,10,5,0.3000,42,9999887034,9999883351,36,27533
docs\inst_test\instancias\n_1000_1,300,20,10,5,0.3000,123,9999416581,9999413709,33,27533
docs\inst_test\instancias\n_1000_1,300,20,10,5,0.3000,2026,9999887007,9999883468,35,27533
docs\inst_test\instancias\n_1000_1,300,20,10,10,0.1000,42,9999297471,9999292890,39,27533
docs\inst_test\instancias\n_1000_1,300,20,10,10,0.1000,123,9999827379,9999822923,38,27533
docs\inst_test\instancias\n_1000_1,300,20,10,10,0.1000,2026,9999827182,9999823283,40,27533
docs\inst_test\instancias\n_1000_1,300,20,10,10,0.2000,42,9998827387,9998822899,37,27533
docs\inst_test\instancias\n_1000_1,300,20,10,10,0.2000,123,9998886934,9998883463,35,27533
docs\inst_test\instancias\n_1000_1,300,20,10,10,0.2000,2026,9999357281,9999353085,36,27533
docs\inst_test\instancias\n_1000_1,300,20,10,10,0.3000,42,9999887034,9999883351,32,27533
docs\inst_test\instancias\n_1000_1,300,20,10,10,0.3000,123,9999416581,9999413709,31,27533
docs\inst_test\instancias\n_1000_1,300,20,10,10,0.3000,2026,9999887007,9999883468,33,27533
docs\inst_test\instancias\n_1000_1,300,20,10,20,0.1000,42,9999297471,9999292890,40,27533
docs\inst_test\instancias\n_1000_1,300,20,10,20,0.1000,123,9998827353,9998822863,37,27533
docs\inst_test\instancias\n_1000_1,300,20,10,20,0.1000,2026,9995297202,9995292594,38,27533
docs\inst_test\instancias\n_1000_1,300,20,10,20,0.2000,42,9998827387,9998822899,36,27533
docs\inst_test\instancias\n_1000_1,300,20,10,20,0.2000,123,9998357187,9998353072,34,27533
docs\inst_test\instancias\n_1000_1,300,20,10,20,0.2000,2026,9999357281,9999353085,34,27533
docs\inst_test\instancias\n_1000_1,300,20,10,20,0.3000,42,9999887034,9999883351,32,27533
docs\inst_test\instancias\n_1000_1,300,20,10,20,0.3000,123,9999416581,9999413709,31,27533
docs\inst_test\instancias\n_1000_1,300,20,10,20,0.3000,2026,9999887007,9999883468,31,27533
docs\inst_test\instancias\n_1000_1,300,20,15,5,0.1000,42,9999297471,9999292890,44,27533
docs\inst_test\instancias\n_1000_1,300,20,15,5,0.1000,123,9999827379,9999822923,41,27533
docs\inst_test\instancias\n_1000_1,300,20,15,5,0.1000,2026,9999827425,9999822843,42,27533
docs\inst_test\instancias\n_1000_1,300,20,15,5,0.2000,42,9999357290,9999353138,40,27533
docs\inst_test\instancias\n_1000_1,300,20,15,5,0.2000,123,9998886934,9998883463,37,27533
docs\inst_test\instancias\n_1000_1,300,20,15,5,0.2000,2026,9999357281,9999353085,40,27533
docs\inst_test\instancias\n_1000_1,300,20,15,5,0.3000,42,9999887034,9999883351,36,27533
docs\inst_test\instancias\n_1000_1,300,20,15,5,0.3000,123,9999416581,9999413709,34,27533
docs\inst_test\instancias\n_1000_1,300,20,15,5,0.3000,2026,9999887007,9999883468,36,27533
docs\inst_test\instancias\n_1000_1,300,20,15,10,0.1000,42,9999297471,9999292890,40,27533
docs\inst_test\instancias\n_1000_1,300,20,15,10,0.1000,123,9999827379,9999822923,38,27533
docs\inst_test\instancias\n_1000_1,300,20,15,10,0.1000,2026,9999827182,9999823283,41,27533
docs\inst_test\instancias\n_1000_1,300,20,15,10,0.2000,42,9998827387,9998822899,37,27533
docs\inst_test\instancias\n_1000_1,300,20,15,10,0.2000,123,9998886934,9998883463,36,27533
docs\inst_test\instancias\n_1000_1,300,20,15,10,0.2000,2026,9999357281,9999353085,35,27533
docs\inst_test\instancias\n_1000_1,300,20,15,10,0.3000,42,9999887034,9999883351,33,27533
docs\inst_test\instancias\n_1000_1,300,20,15,10,0.3000,123,9999416581,9999413709,31,27533
docs\inst_test\instancias\n_1000_1,300,20,15,10,0.3000,2026,9999887007,9999883468,33,27533
docs\inst_test\instancias\n_1000_1,300,20,15,20,0.1000,42,9999297471,9999292890,39,27533
docs\inst_test\instancias\n_1000_1,300,20,15,20,0.1000,123,9998827353,9998822863,37,27533
docs\inst_test\instancias\n_1000_1,300,20,15,20,0.1000,2026,9995297202,9995292594,38,27533
docs\inst_test\instancias\n_1000_1,300,20,15,20,0.2000,42,9998827387,9998822899,37,27533
docs\inst_test\instancias\n_1000_1,300,20,15,20,0.2000,123,9998357187,9998353072,35,27533
docs\inst_test\instancias\n_1000_1,300,20,15,20,0.2000,2026,9999357281,9999353085,36,27533
docs\inst_test\instancias\n_1000_1,300,20,15,20,0.3000,42,9999887034,9999883351,33,27533
docs\inst_test\instancias\n_1000_1,300,20,15,20,0.3000,123,9999416581,9999413709,30,27533
docs\inst_test\instancias\n_1000_1,300,20,15,20,0.3000,2026,9999887007,9999883468,31,27533
docs\inst_test\instancias\n_1000_1,500,10,7,5,0.1000,42,9999297471,9999292890,76,27533
docs\inst_test\instancias\n_1000_1,500,10,7,5,0.1000,123,9999827379,9999822923,71,27533
docs\inst_test\instancias\n_1000_1,500,10,7,5,0.1000,2026,9999827425,9999822843,71,27533
docs\inst_test\instancias\n_1000_1,500,10,7,5,0.2000,42,9999357290,9999353138,67,27533
docs\inst_test\instancias\n_1000_1,500,10,7,5,0.2000,123,9999887035,9999883564,64,27533
docs\inst_test\instancias\n_1000_1,500,10,7,5,0.2000,2026,9999357281,9999353085,67,27533
docs\inst_test\instancias\n_1000_1,500,10,7,5,0.3000,42,9999887034,9999883351,61,27533
docs\inst_test\instancias\n_1000_1,500,10,7,5,0.3000,123,9999416581,9999413709,57,27533
docs\inst_test\instancias\n_1000_1,500,10,7,5,0.3000,2026,9999887007,9999883468,62,27533
docs\inst_test\instancias\n_1000_1,500,10,7,10,0.1000,42,9999297471,9999292890,68,27533
docs\inst_test\instancias\n_1000_1,500,10,7,10,0.1000,123,9999827379,9999822923,65,27533
docs\inst_test\instancias\n_1000_1,500,10,7,10,0.1000,2026,9999827425,9999822843,65,27533
docs\inst_test\instancias\n_1000_1,500,10,7,10,0.2000,42,9999357290,9999353138,62,27533
docs\inst_test\instancias\n_1000_1,500,10,7,10,0.2000,123,9998886934,9998883463,58,27533
docs\inst_test\instancias\n_1000_1,500,10,7,10,0.2000,2026,9999357281,9999353085,60,27533
docs\inst_test\instancias\n_1000_1,500,10,7,10,0.3000,42,9999887034,9999883351,56,27533
docs\inst_test\instancias\n_1000_1,500,10,7,10,0.3000,123,9999416581,9999413709,51,27533
docs\inst_test\instancias\n_1000_1,500,10,7,10,0.3000,2026,9999887007,9999883468,55,27533
docs\inst_test\instancias\n_1000_1,500,10,7,20,0.1000,42,9999297486,9999292958,65,27533
docs\inst_test\instancias\n_1000_1,500,10,7,20,0.1000,123,9999827379,9999822923,63,27533
docs\inst_test\instancias\n_1000_1,500,10,7,20,0.1000,2026,9995297202,9995292594,65,27533
docs\inst_test\instancias\n_1000_1,500,10,7,20,0.2000,42,9998827387,9998822899,60,27533
docs\inst_test\instancias\n_1000_1,500,10,7,20,0.2000,123,9998886934,9998883463,56,27533
docs\inst_test\instancias\n_1000_1,500,10,7,20,0.2000,2026,9999357281,9999353085,56,27533
docs\inst_test\instancias\n_1000_1,500,10,7,20,0.3000,42,9999887034,9999883351,54,27533
docs\inst_test\instancias\n_1000_1,500,10,7,20,0.3000,123,9999416581,9999413709,49,27533
docs\inst_test\instancias\n_1000_1,500,10,7,20,0.3000,2026,9999887007,9999883468,52,27533
docs\inst_test\instancias\n_1000_1,500,10,10,5,0.1000,42,9999297471,9999292890,76,27533
docs\inst_test\instancias\n_1000_1,500,10,10,5,0.1000,123,9999827379,9999822923,73,27533
docs\inst_test\instancias\n_1000_1,500,10,10,5,0.1000,2026,9999827425,9999822843,74,27533
docs\inst_test\instancias\n_1000_1,500,10,10,5,0.2000,42,9999357290,9999353138,68,27533
docs\inst_test\instancias\n_1000_1,500,10,10,5,0.2000,123,9999887035,9999883564,63,27533
docs\inst_test\instancias\n_1000_1,500,10,10,5,0.2000,2026,9999357281,9999353085,65,27533
docs\inst_test\instancias\n_1000_1,500,10,10,5,0.3000,42,9999887034,9999883351,60,27533
docs\inst_test\instancias\n_1000_1,500,10,10,5,0.3000,123,9999416581,9999413709,56,27533
docs\inst_test\instancias\n_1000_1,500,10,10,5,0.3000,2026,9999887007,9999883468,62,27533
docs\inst_test\instancias\n_1000_1,500,10,10,10,0.1000,42,9999297471,9999292890,69,27533
docs\inst_test\instancias\n_1000_1,500,10,10,10,0.1000,123,9999827379,9999822923,67,27533
docs\inst_test\instancias\n_1000_1,500,10,10,10,0.1000,2026,9999827425,9999822843,66,27533
docs\inst_test\instancias\n_1000_1,500,10,10,10,0.2000,42,9999357290,9999353138,62,27533
docs\inst_test\instancias\n_1000_1,500,10,10,10,0.2000,123,9998886934,9998883463,57,27533
docs\inst_test\instancias\n_1000_1,500,10,10,10,0.2000,2026,9999357281,9999353085,59,27533
docs\inst_test\instancias\n_1000_1,500,10,10,10,0.3000,42,9999887034,9999883351,57,27533
docs\inst_test\instancias\n_1000_1,500,10,10,10,0.3000,123,9999416581,9999413709,52,27533
docs\inst_test\instancias\n_1000_1,500,10,10,10,0.3000,2026,9999887007,9999883468,54,27533
docs\inst_test\instancias\n_1000_1,500,10,10,20,0.1000,42,9999297486,9999292958,65,27533
docs\inst_test\instancias\n_1000_1,500,10,10,20,0.1000,123,9999827379,9999822923,62,27533
docs\inst_test\instancias\n_1000_1,500,10,10,20,0.1000,2026,9995297202,9995292594,66,27533
docs\inst_test\instancias\n_1000_1,500,10,10,20,0.2000,42,9998827387,9998822899,60,27533
docs\inst_test\instancias\n_1000_1,500,10,10,20,0.2000,123,9998886934,9998883463,55,27533
docs\inst_test\instancias\n_1000_1,500,10,10,20,0.2000,2026,9999357281,9999353085,57,27533
docs\inst_test\instancias\n_1000_1,500,10,10,20,0.3000,42,9999887034,9999883351,53,27533
docs\inst_test\instancias\n_1000_1,500,10,10,20,0.3000,123,9999416581,9999413709,50,27533
docs\inst_test\instancias\n_1000_1,500,10,10,20,0.3000,2026,9999887007,9999883468,53,27533
docs\inst_test\instancias\n_1000_1,500,10,15,5,0.1000,42,9999297471,9999292890,74,27533
docs\inst_test\instancias\n_1000_1,500,10,15,5,0.1000,123,9999827379,9999822923,71,27533
docs\inst_test\instancias\n_1000_1,500,10,15,5,0.1000,2026,9999827425,9999822843,73,27533
docs\inst_test\instancias\n_1000_1,500,10,15,5,0.2000,42,9999357290,9999353138,66,27533
docs\inst_test\instancias\n_1000_1,500,10,15,5,0.2000,123,9999887035,9999883564,64,27533
docs\inst_test\instancias\n_1000_1,500,10,15,5,0.2000,2026,9999357281,9999353085,66,27533
docs\inst_test\instancias\n_1000_1,500,10,15,5,0.3000,42,9999887034,9999883351,61,27533
docs\inst_test\instancias\n_1000_1,500,10,15,5,0.3000,123,9999416581,9999413709,56,27533
docs\inst_test\instancias\n_1000_1,500,10,15,5,0.3000,2026,9999887007,9999883468,61,27533
docs\inst_test\instancias\n_1000_1,500,10,15,10,0.1000,42,9999297471,9999292890,71,27533
docs\inst_test\instancias\n_1000_1,500,10,15,10,0.1000,123,9999827379,9999822923,65,27533
docs\inst_test\instancias\n_1000_1,500,10,15,10,0.1000,2026,9999827425,9999822843,66,27533
docs\inst_test\instancias\n_1000_1,500,10,15,10,0.2000,42,9999357290,9999353138,61,27533
docs\inst_test\instancias\n_1000_1,500,10,15,10,0.2000,123,9998886934,9998883463,57,27533
docs\inst_test\instancias\n_1000_1,500,10,15,10,0.2000,2026,9999357281,9999353085,61,27533
docs\inst_test\instancias\n_1000_1,500,10,15,10,0.3000,42,9999887034,9999883351,56,27533
docs\inst_test\instancias\n_1000_1,500,10,15,10,0.3000,123,9999416581,9999413709,51,27533
docs\inst_test\instancias\n_1000_1,500,10,15,10,0.3000,2026,9999887007,9999883468,55,27533
docs\inst_test\instancias\n_1000_1,500,10,15,20,0.1000,42,9999297486,9999292958,64,27533
docs\inst_test\instancias\n_1000_1,500,10,15,20,0.1000,123,9999827379,9999822923,63,27533
docs\inst_test\instancias\n_1000_1,500,10,15,20,0.1000,2026,9995297202,9995292594,66,27533
docs\inst_test\instancias\n_1000_1,500,10,15,20,0.2000,42,9998827387,9998822899,61,27533
docs\inst_test\instancias\n_1000_1,500,10,15,20,0.2000,123,9998886934,9998883463,55,27533
docs\inst_test\instancias\n_1000_1,500,10,15,20,0.2000,2026,9999357281,9999353085,56,27533
docs\inst_test\instancias\n_1000_1,500,10,15,20,0.3000,42,9999887034,9999883351,54,27533
docs\inst_test\instancias\n_1000_1,500,10,15,20,0.3000,123,9999416581,9999413709,48,27533
docs\inst_test\instancias\n_1000_1,500,10,15,20,0.3000,2026,9999887007,9999883468,52,27533
docs\inst_test\instancias\n_1000_1,500,15,7,5,0.1000,42,9999297471,9999292890,74,27533
docs\inst_test\instancias\n_1000_1,500,15,7,5,0.1000,123,9999827379,9999822923,72,27533
docs\inst_test\instancias\n_1000_1,500,15,7,5,0.1000,2026,9999827425,9999822843,71,27533
docs\inst_test\instancias\n_1000_1,500,15,7,5,0.2000,42,9999357290,9999353138,66,27533
docs\inst_test\instancias\n_1000_1,500,15,7,5,0.2000,123,9999887035,9999883564,62,27533
docs\inst_test\instancias\n_1000_1,500,15,7,5,0.2000,2026,9999357281,9999353085,66,27533
docs\inst_test\instancias\n_1000_1,500,15,7,5,0.3000,42,9999887034,9999883351,60,27533
docs\inst_test\instancias\n_1000_1,500,15,7,5,0.3000,123,9999416581,9999413709,56,27533
docs\inst_test\instancias\n_1000_1,500,15,7,5,0.3000,2026,9999887007,9999883468,60,27533
docs\inst_test\instancias\n_1000_1,500,15,7,10,0.1000,42,9999297471,9999292890,68,27533
docs\inst_test\instancias\n_1000_1,500,15,7,10,0.1000,123,9999827379,9999822923,64,27533
docs\inst_test\instancias\n_1000_1,500,15,7,10,0.1000,2026,9999827425,9999822843,67,27533
docs\inst_test\instancias\n_1000_1,500,15,7,10,0.2000,42,9999357290,9999353138,62,27533
docs\inst_test\instancias\n_1000_1,500,15,7,10,0.2000,123,9998886934,9998883463,56,27533
docs\inst_test\instancias\n_1000_1,500,15,7,10,0.2000,2026,9999357281,9999353085,59,27533
docs\inst_test\instancias\n_1000_1,500,15,7,10,0.3000,42,9999887034,9999883351,54,27533
docs\inst_test\instancias\n_1000_1,500,15,7,10,0.3000,123,9999416581,9999413709,51,27533
docs\inst_test\instancias\n_1000_1,500,15,7,10,0.3000,2026,9999887007,9999883468,55,27533
docs\inst_test\instancias\n_1000_1,500,15,7,20,0.1000,42,9999297486,9999292958,64,27533
docs\inst_test\instancias\n_1000_1,500,15,7,20,0.1000,123,9999827379,9999822923,63,27533
docs\inst_test\instancias\n_1000_1,500,15,7,20,0.1000,2026,9995297202,9995292594,63,27533
docs\inst_test\instancias\n_1000_1,500,15,7,20,0.2000,42,9998827387,9998822899,62,27533
docs\inst_test\instancias\n_1000_1,500,15,7,20,0.2000,123,9998886934,9998883463,55,27533
docs\inst_test\instancias\n_1000_1,500,15,7,20,0.2000,2026,9999357281,9999353085,57,27533
docs\inst_test\instancias\n_1000_1,500,15,7,20,0.3000,42,9999887034,9999883351,52,27533
docs\inst_test\instancias\n_1000_1,500,15,7,20,0.3000,123,9999416581,9999413709,49,27533
docs\inst_test\instancias\n_1000_1,500,15,7,20,0.3000,2026,9999887007,9999883468,52,27533
docs\inst_test\instancias\n_1000_1,500,15,10,5,0.1000,42,9999297471,9999292890,75,27533
docs\inst_test\instancias\n_1000_1,500,15,10,5,0.1000,123,9999827379,9999822923,71,27533
docs\inst_test\instancias\n_1000_1,500,15,10,5,0.1000,2026,9999827425,9999822843,72,27533
docs\inst_test\instancias\n_1000_1,500,15,10,5,0.2000,42,9999357290,9999353138,67,27533
docs\inst_test\instancias\n_1000_1,500,15,10,5,0.2000,123,9999887035,9999883564,62,27533
docs\inst_test\instancias\n_1000_1,500,15,10,5,0.2000,2026,9999357281,9999353085,64,27533
docs\inst_test\instancias\n_1000_1,500,15,10,5,0.3000,42,9999887034,9999883351,60,27533
docs\inst_test\instancias\n_1000_1,500,15,10,5,0.3000,123,9999416581,9999413709,57,27533
docs\inst_test\instancias\n_1000_1,500,15,10,5,0.3000,2026,9999887007,9999883468,60,27533
docs\inst_test\instancias\n_1000_1,500,15,10,10,0.1000,42,9999297471,9999292890,68,27533
docs\inst_test\instancias\n_1000_1,500,15,10,10,0.1000,123,9999827379,9999822923,64,27533
docs\inst_test\instancias\n_1000_1,500,15,10,10,0.1000,2026,9999827425,9999822843,66,27533
docs\inst_test\instancias\n_1000_1,500,15,10,10,0.2000,42,9999357290,9999353138,60,27533
docs\inst_test\instancias\n_1000_1,500,15,10,10,0.2000,123,9998886934,9998883463,57,27533
docs\inst_test\instancias\n_1000_1,500,15,10,10,0.2000,2026,9999357281,9999353085,59,27533
docs\inst_test\instancias\n_1000_1,500,15,10,10,0.3000,42,9999887034,9999883351,55,27533
docs\inst_test\instancias\n_1000_1,500,15,10,10,0.3000,123,9999416581,9999413709,50,27533
docs\inst_test\instancias\n_1000_1,500,15,10,10,0.3000,2026,9999887007,9999883468,54,27533
docs\inst_test\instancias\n_1000_1,500,15,10,20,0.1000,42,9999297486,9999292958,65,27533
docs\inst_test\instancias\n_1000_1,500,15,10,20,0.1000,123,9999827379,9999822923,62,27533
docs\inst_test\instancias\n_1000_1,500,15,10,20,0.1000,2026,9995297202,9995292594,64,27533
docs\inst_test\instancias\n_1000_1,500,15,10,20,0.2000,42,9998827387,9998822899,60,27533
docs\inst_test\instancias\n_1000_1,500,15,10,20,0.2000,123,9998886934,9998883463,55,27533
docs\inst_test\instancias\n_1000_1,500,15,10,20,0.2000,2026,9999357281,9999353085,57,27533
docs\inst_test\instancias\n_1000_1,500,15,10,20,0.3000,42,9999887034,9999883351,53,27533
docs\inst_test\instancias\n_1000_1,500,15,10,20,0.3000,123,9999416581,9999413709,49,27533
docs\inst_test\instancias\n_1000_1,500,15,10,20,0.3000,2026,9999887007,9999883468,52,27533
docs\inst_test\instancias\n_1000_1,500,15,15,5,0.1000,42,9999297471,9999292890,74,27533
docs\inst_test\instancias\n_1000_1,500,15,15,5,0.1000,123,9999827379,9999822923,70,27533
docs\inst_test\instancias\n_1000_1,500,15,15,5,0.1000,2026,9999827425,9999822843,72,27533
docs\inst_test\instancias\n_1000_1,500,15,15,5,0.2000,42,9999357290,9999353138,67,27533
docs\inst_test\instancias\n_1000_1,500,15,15,5,0.2000,123,9999887035,9999883564,62,27533
docs\inst_test\instancias\n_1000_1,500,15,15,5,0.2000,2026,9999357281,9999353085,65,27533
docs\inst_test\instancias\n_1000_1,500,15,15,5,0.3000,42,9999887034,9999883351,61,27533
docs\inst_test\instancias\n_1000_1,500,15,15,5,0.3000,123,9999416581,9999413709,56,27533
docs\inst_test\instancias\n_1000_1,500,15,15,5,0.3000,2026,9999887007,9999883468,59,27533
docs\inst_test\instancias\n_1000_1,500,15,15,10,0.1000,42,9999297471,9999292890,67,27533
docs\inst_test\instancias\n_1000_1,500,15,15,10,0.1000,123,9999827379,9999822923,65,27533
docs\inst_test\instancias\n_1000_1,500,15,15,10,0.1000,2026,9999827425,9999822843,65,27533
docs\inst_test\instancias\n_1000_1,500,15,15,10,0.2000,42,9999357290,9999353138,62,27533
docs\inst_test\instancias\n_1000_1,500,15,15,10,0.2000,123,9998886934,9998883463,56,27533
docs\inst_test\instancias\n_1000_1,500,15,15,10,0.2000,2026,9999357281,9999353085,59,27533
docs\inst_test\instancias\n_1000_1,500,15,15,10,0.3000,42,9999887034,9999883351,55,27533
docs\inst_test\instancias\n_1000_1,500,15,15,10,0.3000,123,9999416581,9999413709,51,27533
docs\inst_test\instancias\n_1000_1,500,15,15,10,0.3000,2026,9999887007,9999883468,53,27533
docs\inst_test\instancias\n_1000_1,500,15,15,20,0.1000,42,9999297486,9999292958,66,27533
docs\inst_test\instancias\n_1000_1,500,15,15,20,0.1000,123,9999827379,9999822923,62,27533
docs\inst_test\instancias\n_1000_1,500,15,15,20,0.1000,2026,9995297202,9995292594,64,27533
docs\inst_test\instancias\n_1000_1,500,15,15,20,0.2000,42,9998827387,9998822899,59,27533
docs\inst_test\instancias\n_1000_1,500,15,15,20,0.2000,123,9998886934,9998883463,56,27533
docs\inst_test\instancias\n_1000_1,500,15,15,20,0.2000,2026,9999357281,9999353085,58,27533
docs\inst_test\instancias\n_1000_1,500,15,15,20,0.3000,42,9999887034,9999883351,52,27533
docs\inst_test\instancias\n_1000_1,500,15,15,20,0.3000,123,9999416581,9999413709,48,27533
docs\inst_test\instancias\n_1000_1,500,15,15,20,0.3000,2026,9999887007,9999883468,53,27533
docs\inst_test\instancias\n_1000_1,500,20,7,5,0.1000,42,9999297471,9999292890,74,27533
docs\inst_test\instancias\n_1000_1,500,20,7,5,0.1000,123,9999827379,9999822923,70,27533
docs\inst_test\instancias\n_1000_1,500,20,7,5,0.1000,2026,9999827425,9999822843,72,27533
docs\inst_test\instancias\n_1000_1,500,20,7,5,0.2000,42,9999357290,9999353138,68,27533
docs\inst_test\instancias\n_1000_1,500,20,7,5,0.2000,123,9999887035,9999883564,61,27533
docs\inst_test\instancias\n_1000_1,500,20,7,5,0.2000,2026,9999357281,9999353085,65,27533
docs\inst_test\instancias\n_1000_1,500,20,7,5,0.3000,42,9999887034,9999883351,62,27533
docs\inst_test\instancias\n_1000_1,500,20,7,5,0.3000,123,9999416581,9999413709,56,27533
docs\inst_test\instancias\n_1000_1,500,20,7,5,0.3000,2026,9999887007,9999883468,61,27533
docs\inst_test\instancias\n_1000_1,500,20,7,10,0.1000,42,9999297471,9999292890,66,27533
docs\inst_test\instancias\n_1000_1,500,20,7,10,0.1000,123,9999827379,9999822923,65,27533
docs\inst_test\instancias\n_1000_1,500,20,7,10,0.1000,2026,9999827425,9999822843,64,27533
docs\inst_test\instancias\n_1000_1,500,20,7,10,0.2000,42,9999357290,9999353138,61,27533
docs\inst_test\instancias\n_1000_1,500,20,7,10,0.2000,123,9998886934,9998883463,57,27533
docs\inst_test\instancias\n_1000_1,500,20,7,10,0.2000,2026,9999357281,9999353085,59,27533
docs\inst_test\instancias\n_1000_1,500,20,7,10,0.3000,42,9999887034,9999883351,55,27533
docs\inst_test\instancias\n_1000_1,500,20,7,10,0.3000,123,9999416581,9999413709,53,27533
docs\inst_test\instancias\n_1000_1,500,20,7,10,0.3000,2026,9999887007,9999883468,54,27533
docs\inst_test\instancias\n_1000_1,500,20,7,20,0.1000,42,9999297486,9999292958,65,27533
docs\inst_test\instancias\n_1000_1,500,20,7,20,0.1000,123,9999827379,9999822923,62,27533
docs\inst_test\instancias\n_1000_1,500,20,7,20,0.1000,2026,9995297202,9995292594,64,27533
docs\inst_test\instancias\n_1000_1,500,20,7,20,0.2000,42,9998827387,9998822899,61,27533
docs\inst_test\instancias\n_1000_1,500,20,7,20,0.2000,123,9998886934,9998883463,56,27533
docs\inst_test\instancias\n_1000_1,500,20,7,20,0.2000,2026,9999357281,9999353085,57,27533
docs\inst_test\instancias\n_1000_1,500,20,7,20,0.3000,42,9999887034,9999883351,54,27533
docs\inst_test\instancias\n_1000_1,500,20,7,20,0.3000,123,9999416581,9999413709,49,27533
docs\inst_test\instancias\n_1000_1,500,20,7,20,0.3000,2026,9999887007,9999883468,51,27533
docs\inst_test\instancias\n_1000_1,500,20,10,5,0.1000,42,9999297471,9999292890,75,27533
docs\inst_test\instancias\n_1000_1,500,20,10,5,0.1000,123,9999827379,9999822923,72,27533
docs\inst_test\instancias\n_1000_1,500,20,10,5,0.1000,2026,9999827425,9999822843,73,27533
docs\inst_test\instancias\n_1000_1,500,20,10,5,0.2000,42,9999357290,9999353138,67,27533
docs\inst_test\instancias\n_1000_1,500,20,10,5,0.2000,123,9999887035,9999883564,64,27533
docs\inst_test\instancias\n_1000_1,500,20,10,5,0.2000,2026,9999357281,9999353085,66,27533
docs\inst_test\instancias\n_1000_1,500,20,10,5,0.3000,42,9999887034,9999883351,61,27533
docs\inst_test\instancias\n_1000_1,500,20,10,5,0.3000,123,9999416581,9999413709,57,27533
docs\inst_test\instancias\n_1000_1,500,20,10,5,0.3000,2026,9999887007,9999883468,62,27533
docs\inst_test\instancias\n_1000_1,500,20,10,10,0.1000,42,9999297471,9999292890,67,27533
docs\inst_test\instancias\n_1000_1,500,20,10,10,0.1000,123,9999827379,9999822923,65,27533
docs\inst_test\instancias\n_1000_1,500,20,10,10,0.1000,2026,9999827425,9999822843,66,27533
docs\inst_test\instancias\n_1000_1,500,20,10,10,0.2000,42,9999357290,9999353138,62,27533
docs\inst_test\instancias\n_1000_1,500,20,10,10,0.2000,123,9998886934,9998883463,57,27533
docs\inst_test\instancias\n_1000_1,500,20,10,10,0.2000,2026,9999357281,9999353085,58,27533
docs\inst_test\instancias\n_1000_1,500,20,10,10,0.3000,42,9999887034,9999883351,54,27533
docs\inst_test\instancias\n_1000_1,500,20,10,10,0.3000,123,9999416581,9999413709,51,27533
docs\inst_test\instancias\n_1000_1,500,20,10,10,0.3000,2026,9999887007,9999883468,55,27533
docs\inst_test\instancias\n_1000_1,500,20,10,20,0.1000,42,9999297486,9999292958,63,27533
docs\inst_test\instancias\n_1000_1,500,20,10,20,0.1000,123,9999827379,9999822923,63,27533
docs\inst_test\instancias\n_1000_1,500,20,10,20,0.1000,2026,9995297202,9995292594,65,27533
docs\inst_test\instancias\n_1000_1,500,20,10,20,0.2000,42,9998827387,9998822899,60,27533
docs\inst_test\instancias\n_1000_1,500,20,10,20,0.2000,123,9998886934,9998883463,54,27533
docs\inst_test\instancias\n_1000_1,500,20,10,20,0.2000,2026,9999357281,9999353085,58,27533
docs\inst_test\instancias\n_1000_1,500,20,10,20,0.3000,42,9999887034,9999883351,54,27533
docs\inst_test\instancias\n_1000_1,500,20,10,20,0.3000,123,9999416581,9999413709,49,27533
docs\inst_test\instancias\n_1000_1,500,20,10,20,0.3000,2026,9999887007,9999883468,53,27533
docs\inst_test\instancias\n_1000_1,500,20,15,5,0.1000,42,9999297471,9999292890,75,27533
docs\inst_test\instancias\n_1000_1,500,20,15,5,0.1000,123,9999827379,9999822923,71,27533
docs\inst_test\instancias\n_1000_1,500,20,15,5,0.1000,2026,9999827425,9999822843,72,27533
docs\inst_test\instancias\n_1000_1,500,20,15,5,0.2000,42,9999357290,9999353138,68,27533
docs\inst_test\instancias\n_1000_1,500,20,15,5,0.2000,123,9999887035,9999883564,63,27533
docs\inst_test\instancias\n_1000_1,500,20,15,5,0.2000,2026,9999357281,9999353085,66,27533
docs\inst_test\instancias\n_1000_1,500,20,15,5,0.3000,42,9999887034,9999883351,61,27533
docs\inst_test\instancias\n_1000_1,500,20,15,5,0.3000,123,9999416581,9999413709,58,27533
docs\inst_test\instancias\n_1000_1,500,20,15,5,0.3000,2026,9999887007,9999883468,60,27533
docs\inst_test\instancias\n_1000_1,500,20,15,10,0.1000,42,9999297471,9999292890,68,27533
docs\inst_test\instancias\n_1000_1,500,20,15,10,0.1000,123,9999827379,9999822923,65,27533
docs\inst_test\instancias\n_1000_1,500,20,15,10,0.1000,2026,9999827425,9999822843,67,27533
docs\inst_test\instancias\n_1000_1,500,20,15,10,0.2000,42,9999357290,9999353138,62,27533
docs\inst_test\instancias\n_1000_1,500,20,15,10,0.2000,123,9998886934,9998883463,58,27533
docs\inst_test\instancias\n_1000_1,500,20,15,10,0.2000,2026,9999357281,9999353085,59,27533
docs\inst_test\instancias\n_1000_1,500,20,15,10,0.3000,42,9999887034,9999883351,57,27533
docs\inst_test\instancias\n_1000_1,500,20,15,10,0.3000,123,9999416581,9999413709,53,27533
docs\inst_test\instancias\n_1000_1,500,20,15,10,0.3000,2026,9999887007,9999883468,55,27533
docs\inst_test\instancias\n_1000_1,500,20,15,20,0.1000,42,9999297486,9999292958,65,27533
docs\inst_test\instancias\n_1000_1,500,20,15,20,0.1000,123,9999827379,9999822923,64,27533
docs\inst_test\instancias\n_1000_1,500,20,15,20,0.1000,2026,9995297202,9995292594,65,27533
docs\inst_test\instancias\n_1000_1,500,20,15,20,0.2000,42,9998827387,9998822899,60,27533
docs\inst_test\instancias\n_1000_1,500,20,15,20,0.2000,123,9998886934,9998883463,56,27533
docs\inst_test\instancias\n_1000_1,500,20,15,20,0.2000,2026,9999357281,9999353085,58,27533
docs\inst_test\instancias\n_1000_1,500,20,15,20,0.3000,42,9999887034,9999883351,54,27533
docs\inst_test\instancias\n_1000_1,500,20,15,20,0.3000,123,9999416581,9999413709,49,27533
docs\inst_test\instancias\n_1000_1,500,20,15,20,0.3000,2026,9999887007,9999883468,54,27533
docs\inst_test\instancias\n_1000_10,100,10,7,5,0.1000,42,9980504397,9980493688,18,32245
docs\inst_test\instancias\n_1000_10,100,10,7,5,0.1000,123,9980504397,9980493688,16,32245
docs\inst_test\instancias\n_1000_10,100,10,7,5,0.1000,2026,9980504397,9980493688,16,32245
docs\inst_test\instancias\n_1000_10,100,10,7,5,0.2000,42,9980504397,9980493688,15,32245
docs\inst_test\instancias\n_1000_10,100,10,7,5,0.2000,123,9980504397,9980493688,16,32245
docs\inst_test\instancias\n_1000_10,100,10,7,5,0.2000,2026,9980504397,9980493688,16,32245
docs\inst_test\instancias\n_1000_10,100,10,7,5,0.3000,42,9980504397,9980493688,15,32245
docs\inst_test\instancias\n_1000_10,100,10,7,5,0.3000,123,9980504397,9980493688,16,32245
docs\inst_test\instancias\n_1000_10,100,10,7,5,0.3000,2026,9980504397,9980493688,16,32245
docs\inst_test\instancias\n_1000_10,100,10,7,10,0.1000,42,9980504397,9980493688,16,32245
docs\inst_test\instancias\n_1000_10,100,10,7,10,0.1000,123,9980504397,9980493688,15,32245
docs\inst_test\instancias\n_1000_10,100,10,7,10,0.1000,2026,9980504397,9980493688,15,32245
docs\inst_test\instancias\n_1000_10,100,10,7,10,0.2000,42,9980504397,9980493688,15,32245
docs\inst_test\instancias\n_1000_10,100,10,7,10,0.2000,123,9980504397,9980493688,15,32245
docs\inst_test\instancias\n_1000_10,100,10,7,10,0.2000,2026,9980504397,9980493688,16,32245
docs\inst_test\instancias\n_1000_10,100,10,7,10,0.3000,42,9980504397,9980493688,14,32245
docs\inst_test\instancias\n_1000_10,100,10,7,10,0.3000,123,9980504397,9980493688,15,32245
docs\inst_test\instancias\n_1000_10,100,10,7,10,0.3000,2026,9980504397,9980493688,15,32245
docs\inst_test\instancias\n_1000_10,100,10,7,20,0.1000,42,9980504397,9980493688,14,32245
docs\inst_test\instancias\n_1000_10,100,10,7,20,0.1000,123,9980504397,9980493688,15,32245
docs\inst_test\instancias\n_1000_10,100,10,7,20,0.1000,2026,9980504397,9980493688,14,32245
docs\inst_test\instancias\n_1000_10,100,10,7,20,0.2000,42,9980504397,9980493688,14,32245
docs\inst_test\instancias\n_1000_10,100,10,7,20,0.2000,123,9980504397,9980493688,14,32245
docs\inst_test\instancias\n_1000_10,100,10,7,20,0.2000,2026,9980504397,9980493688,15,32245
docs\inst_test\instancias\n_1000_10,100,10,7,20,0.3000,42,9980504397,9980493688,14,32245
docs\inst_test\instancias\n_1000_10,100,10,7,20,0.3000,123,9980504397,9980493688,14,32245
docs\inst_test\instancias\n_1000_10,100,10,7,20,0.3000,2026,9980504397,9980493688,14,32245
docs\inst_test\instancias\n_1000_10,100,10,10,5,0.1000,42,9980504397,9980493688,17,32245
docs\inst_test\instancias\n_1000_10,100,10,10,5,0.1000,123,9980504397,9980493688,16,32245
docs\inst_test\instancias\n_1000_10,100,10,10,5,0.1000,2026,9980504397,9980493688,16,32245
docs\inst_test\instancias\n_1000_10,100,10,10,5,0.2000,42,9980504397,9980493688,16,32245
docs\inst_test\instancias\n_1000_10,100,10,10,5,0.2000,123,9980504397,9980493688,16,32245
docs\inst_test\instancias\n_1000_10,100,10,10,5,0.2000,2026,9980504397,9980493688,16,32245
docs\inst_test\instancias\n_1000_10,100,10,10,5,0.3000,42,9980504397,9980493688,16,32245
docs\inst_test\instancias\n_1000_10,100,10,10,5,0.3000,123,9980504397,9980493688,16,32245
docs\inst_test\instancias\n_1000_10,100,10,10,5,0.3000,2026,9980504397,9980493688,16,32245
docs\inst_test\instancias\n_1000_10,100,10,10,10,0.1000,42,9980504397,9980493688,16,32245
docs\inst_test\instancias\n_1000_10,100,10,10,10,0.1000,123,9980504397,9980493688,15,32245
docs\inst_test\instancias\n_1000_10,100,10,10,10,0.1000,2026,9980504397,9980493688,15,32245
docs\inst_test\instancias\n_1000_10,100,10,10,10,0.2000,42,9980504397,9980493688,15,32245
docs\inst_test\instancias\n_1000_10,100,10,10,10,0.2000,123,9980504397,9980493688,16,32245
docs\inst_test\instancias\n_1000_10,100,10,10,10,0.2000,2026,9980504397,9980493688,14,32245
docs\inst_test\instancias\n_1000_10,100,10,10,10,0.3000,42,9980504397,9980493688,15,32245
docs\inst_test\instancias\n_1000_10,100,10,10,10,0.3000,123,9980504397,9980493688,14,32245
docs\inst_test\instancias\n_1000_10,100,10,10,10,0.3000,2026,9980504397,9980493688,15,32245
docs\inst_test\instancias\n_1000_10,100,10,10,20,0.1000,42,9980504397,9980493688,16,32245
docs\inst_test\instancias\n_1000_10,100,10,10,20,0.1000,123,9980504397,9980493688,15,32245
docs\inst_test\instancias\n_1000_10,100,10,10,20,0.1000,2026,9980504397,9980493688,16,32245
docs\inst_test\instancias\n_1000_10,100,10,10,20,0.2000,42,9980504397,9980493688,14,32245
docs\inst_test\instancias\n_1000_10,100,10,10,20,0.2000,123,9980504397,9980493688,15,32245
docs\inst_test\instancias\n_1000_10,100,10,10,20,0.2000,2026,9980504397,9980493688,14,32245
docs\inst_test\instancias\n_1000_10,100,10,10,20,0.3000,42,9980504397,9980493688,15,32245
docs\inst_test\instancias\n_1000_10,100,10,10,20,0.3000,123,9980504397,9980493688,14,32245
docs\inst_test\instancias\n_1000_10,100,10,10,20,0.3000,2026,9980504397,9980493688,14,32245
docs\inst_test\instancias\n_1000_10,100,10,15,5,0.1000,42,9980504397,9980493688,16,32245
docs\inst_test\instancias\n_1000_10,100,10,15,5,0.1000,123,9980504397,9980493688,17,32245
docs\inst_test\instancias\n_1000_10,100,10,15,5,0.1000,2026,9980504397,9980493688,16,32245
docs\inst_test\instancias\n_1000_10,100,10,15,5,0.2000,42,9980504397,9980493688,17,32245
docs\inst_test\instancias\n_1000_10,100,10,15,5,0.2000,123,9980504397,9980493688,16,32245
docs\inst_test\instancias\n_1000_10,100,10,15,5,0.2000,2026,9980504397,9980493688,17,32245
docs\inst_test\instancias\n_1000_10,100,10,15,5,0.3000,42,9980504397,9980493688,16,32245
docs\inst_test\instancias\n_1000_10,100,10,15,5,0.3000,123,9980504397,9980493688,17,32245
docs\inst_test\instancias\n_1000_10,100,10,15,5,0.3000,2026,9980504397,9980493688,16,32245
docs\inst_test\instancias\n_1000_10,100,10,15,10,0.1000,42,9980504397,9980493688,16,32245
docs\inst_test\instancias\n_1000_10,100,10,15,10,0.1000,123,9980504397,9980493688,15,32245
docs\inst_test\instancias\n_1000_10,100,10,15,10,0.1000,2026,9980504397,9980493688,16,32245
docs\inst_test\instancias\n_1000_10,100,10,15,10,0.2000,42,9980504397,9980493688,15,32245
docs\inst_test\instancias\n_1000_10,100,10,15,10,0.2000,123,9980504397,9980493688,15,32245
docs\inst_test\instancias\n_1000_10,100,10,15,10,0.2000,2026,9980504397,9980493688,16,32245
docs\inst_test\instancias\n_1000_10,100,10,15,10,0.3000,42,9980504397,9980493688,14,32245
docs\inst_test\instancias\n_1000_10,100,10,15,10,0.3000,123,9980504397,9980493688,16,32245
docs\inst_test\instancias\n_1000_10,100,10,15,10,0.3000,2026,9980504397,9980493688,15,32245
docs\inst_test\instancias\n_1000_10,100,10,15,20,0.1000,42,9980504397,9980493688,15,32245
docs\inst_test\instancias\n_1000_10,100,10,15,20,0.1000,123,9980504397,9980493688,15,32245
docs\inst_test\instancias\n_1000_10,100,10,15,20,0.1000,2026,9980504397,9980493688,15,32245
docs\inst_test\instancias\n_1000_10,100,10,15,20,0.2000,42,9980504397,9980493688,15,32245
docs\inst_test\instancias\n_1000_10,100,10,15,20,0.2000,123,9980504397,9980493688,14,32245
docs\inst_test\instancias\n_1000_10,100,10,15,20,0.2000,2026,9980504397,9980493688,15,32245
docs\inst_test\instancias\n_1000_10,100,10,15,20,0.3000,42,9980504397,9980493688,15,32245
docs\inst_test\instancias\n_1000_10,100,10,15,20,0.3000,123,9980504397,9980493688,15,32245
docs\inst_test\instancias\n_1000_10,100,10,15,20,0.3000,2026,9980504397,9980493688,15,32245
docs\inst_test\instancias\n_1000_10,100,15,7,5,0.1000,42,9980504397,9980493688,16,32245
docs\inst_test\instancias\n_1000_10,100,15,7,5,0.1000,123,9980504397,9980493688,16,32245
docs\inst_test\instancias\n_1000_10,100,15,7,5,0.1000,2026,9980504397,9980493688,16,32245
docs\inst_test\instancias\n_1000_10,100,15,7,5,0.2000,42,9980504397,9980493688,16,32245
docs\inst_test\instancias\n_1000_10,100,15,7,5,0.2000,123,9980504397,9980493688,15,32245
docs\inst_test\instancias\n_1000_10,100,15,7,5,0.2000,2026,9980504397,9980493688,17,32245
docs\inst_test\instancias\n_1000_10,100,15,7,5,0.3000,42,9980504397,9980493688,16,32245
docs\inst_test\instancias\n_1000_10,100,15,7,5,0.3000,123,9980504397,9980493688,15,32245
docs\inst_test\instancias\n_1000_10,100,15,7,5,0.3000,2026,9980504397,9980493688,16,32245
docs\inst_test\instancias\n_1000_10,100,15,7,10,0.1000,42,9980504397,9980493688,14,32245
docs\inst_test\instancias\n_1000_10,100,15,7,10,0.1000,123,9980504397,9980493688,16,32245
docs\inst_test\instancias\n_1000_10,100,15,7,10,0.1000,2026,9980504397,9980493688,14,32245
docs\inst_test\instancias\n_1000_10,100,15,7,10,0.2000,42,9980504397,9980493688,16,32245
docs\inst_test\instancias\n_1000_10,100,15,7,10,0.2000,123,9980504397,9980493688,16,32245
docs\inst_test\instancias\n_1000_10,100,15,7,10,0.2000,2026,9980504397,9980493688,15,32245
docs\inst_test\instancias\n_1000_10,100,15,7,10,0.3000,42,9980504397,9980493688,14,32245
docs\inst_test\instancias\n_1000_10,100,15,7,10,0.3000,123,9980504397,9980493688,14,32245
docs\inst_test\instancias\n_1000_10,100,15,7,10,0.3000,2026,9980504397,9980493688,14,32245
docs\inst_test\instancias\n_1000_10,100,15,7,20,0.1000,42,9980504397,9980493688,14,32245
docs\inst_test\instancias\n_1000_10,100,15,7,20,0.1000,123,9980504397,9980493688,15,32245
docs\inst_test\instancias\n_1000_10,100,15,7,20,0.1000,2026,9980504397,9980493688,15,32245
docs\inst_test\instancias\n_1000_10,100,15,7,20,0.2000,42,9980504397,9980493688,14,32245
docs\inst_test\instancias\n_1000_10,100,15,7,20,0.2000,123,9980504397,9980493688,15,32245
docs\inst_test\instancias\n_1000_10,100,15,7,20,0.2000,2026,9980504397,9980493688,15,32245
docs\inst_test\instancias\n_1000_10,100,15,7,20,0.3000,42,9980504397,9980493688,14,32245
docs\inst_test\instancias\n_1000_10,100,15,7,20,0.3000,123,9980504397,9980493688,15,32245
docs\inst_test\instancias\n_1000_10,100,15,7,20,0.3000,2026,9980504397,9980493688,15,32245
docs\inst_test\instancias\n_1000_10,100,15,10,5,0.1000,42,9980504397,9980493688,16,32245
docs\inst_test\instancias\n_1000_10,100,15,10,5,0.1000,123,9980504397,9980493688,16,32245
docs\inst_test\instancias\n_1000_10,100,15,10,5,0.1000,2026,9980504397,9980493688,16,32245
docs\inst_test\instancias\n_1000_10,100,15,10,5,0.2000,42,9980504397,9980493688,17,32245
docs\inst_test\instancias\n_1000_10,100,15,10,5,0.2000,123,9980504397,9980493688,16,32245
docs\inst_test\instancias\n_1000_10,100,15,10,5,0.2000,2026,9980504397,9980493688,16,32245
docs\inst_test\instancias\n_1000_10,100,15,10,5,0.3000,42,9980504397,9980493688,15,32245
docs\inst_test\instancias\n_1000_10,100,15,10,5,0.3000,123,9980504397,9980493688,16,32245
docs\inst_test\instancias\n_1000_10,100,15,10,5,0.3000,2026,9980504397,9980493688,15,32245
docs\inst_test\instancias\n_1000_10,100,15,10,10,0.1000,42,9980504397,9980493688,16,32245
docs\inst_test\instancias\n_1000_10,100,15,10,10,0.1000,123,9980504397,9980493688,15,32245
docs\inst_test\instancias\n_1000_10,100,15,10,10,0.1000,2026,9980504397,9980493688,15,32245
docs\inst_test\instancias\n_1000_10,100,15,10,10,0.2000,42,9980504397,9980493688,15,32245
docs\inst_test\instancias\n_1000_10,100,15,10,10,0.2000,123,9980504397,9980493688,15,32245
docs\inst_test\instancias\n_1000_10,100,15,10,10,0.2000,2026,9980504397,9980493688,16,32245
docs\inst_test\instancias\n_1000_10,100,15,10,10,0.3000,42,9980504397,9980493688,14,32245
docs\inst_test\instancias\n_1000_10,100,15,10,10,0.3000,123,9980504397,9980493688,15,32245
docs\inst_test\instancias\n_1000_10,100,15,10,10,0.3000,2026,9980504397,9980493688,15,32245
docs\inst_test\instancias\n_1000_10,100,15,10,20,0.1000,42,9980504397,9980493688,15,32245
docs\inst_test\instancias\n_1000_10,100,15,10,20,0.1000,123,9980504397,9980493688,14,32245
docs\inst_test\instancias\n_1000_10,100,15,10,20,0.1000,2026,9980504397,9980493688,14,32245
docs\inst_test\instancias\n_1000_10,100,15,10,20,0.2000,42,9980504397,9980493688,15,32245
docs\inst_test\instancias\n_1000_10,100,15,10,20,0.2000,123,9980504397,9980493688,15,32245
docs\inst_test\instancias\n_1000_10,100,15,10,20,0.2000,2026,9980504397,9980493688,13,32245
docs\inst_test\instancias\n_1000_10,100,15,10,20,0.3000,42,9980504397,9980493688,16,32245
docs\inst_test\instancias\n_1000_10,100,15,10,20,0.3000,123,9980504397,9980493688,13,32245
docs\inst_test\instancias\n_1000_10,100,15,10,20,0.3000,2026,9980504397,9980493688,14,32245
docs\inst_test\instancias\n_1000_10,100,15,15,5,0.1000,42,9980504397,9980493688,16,32245
docs\inst_test\instancias\n_1000_10,100,15,15,5,0.1000,123,9980504397,9980493688,16,32245
docs\inst_test\instancias\n_1000_10,100,15,15,5,0.1000,2026,9980504397,9980493688,16,32245
docs\inst_test\instancias\n_1000_10,100,15,15,5,0.2000,42,9980504397,9980493688,16,32245
docs\inst_test\instancias\n_1000_10,100,15,15,5,0.2000,123,9980504397,9980493688,17,32245
docs\inst_test\instancias\n_1000_10,100,15,15,5,0.2000,2026,9980504397,9980493688,16,32245
docs\inst_test\instancias\n_1000_10,100,15,15,5,0.3000,42,9980504397,9980493688,15,32245
docs\inst_test\instancias\n_1000_10,100,15,15,5,0.3000,123,9980504397,9980493688,17,32245
docs\inst_test\instancias\n_1000_10,100,15,15,5,0.3000,2026,9980504397,9980493688,16,32245
docs\inst_test\instancias\n_1000_10,100,15,15,10,0.1000,42,9980504397,9980493688,15,32245
docs\inst_test\instancias\n_1000_10,100,15,15,10,0.1000,123,9980504397,9980493688,15,32245
docs\inst_test\instancias\n_1000_10,100,15,15,10,0.1000,2026,9980504397,9980493688,16,32245
docs\inst_test\instancias\n_1000_10,100,15,15,10,0.2000,42,9980504397,9980493688,15,32245
docs\inst_test\instancias\n_1000_10,100,15,15,10,0.2000,123,9980504397,9980493688,15,32245
docs\inst_test\instancias\n_1000_10,100,15,15,10,0.2000,2026,9980504397,9980493688,15,32245
docs\inst_test\instancias\n_1000_10,100,15,15,10,0.3000,42,9980504397,9980493688,14,32245
docs\inst_test\instancias\n_1000_10,100,15,15,10,0.3000,123,9980504397,9980493688,15,32245
docs\inst_test\instancias\n_1000_10,100,15,15,10,0.3000,2026,9980504397,9980493688,14,32245
docs\inst_test\instancias\n_1000_10,100,15,15,20,0.1000,42,9980504397,9980493688,14,32245
docs\inst_test\instancias\n_1000_10,100,15,15,20,0.1000,123,9980504397,9980493688,15,32245
docs\inst_test\instancias\n_1000_10,100,15,15,20,0.1000,2026,9980504397,9980493688,14,32245
docs\inst_test\instancias\n_1000_10,100,15,15,20,0.2000,42,9980504397,9980493688,15,32245
docs\inst_test\instancias\n_1000_10,100,15,15,20,0.2000,123,9980504397,9980493688,15,32245
docs\inst_test\instancias\n_1000_10,100,15,15,20,0.2000,2026,9980504397,9980493688,14,32245
docs\inst_test\instancias\n_1000_10,100,15,15,20,0.3000,42,9980504397,9980493688,14,32245
docs\inst_test\instancias\n_1000_10,100,15,15,20,0.3000,123,9980504397,9980493688,15,32245
docs\inst_test\instancias\n_1000_10,100,15,15,20,0.3000,2026,9980504397,9980493688,14,32245
docs\inst_test\instancias\n_1000_10,100,20,7,5,0.1000,42,9980504397,9980493688,17,32245
docs\inst_test\instancias\n_1000_10,100,20,7,5,0.1000,123,9980504397,9980493688,16,32245
docs\inst_test\instancias\n_1000_10,100,20,7,5,0.1000,2026,9980504397,9980493688,17,32245
docs\inst_test\instancias\n_1000_10,100,20,7,5,0.2000,42,9980504397,9980493688,15,32245
docs\inst_test\instancias\n_1000_10,100,20,7,5,0.2000,123,9980504397,9980493688,17,32245
docs\inst_test\instancias\n_1000_10,100,20,7,5,0.2000,2026,9980504397,9980493688,15,32245
docs\inst_test\instancias\n_1000_10,100,20,7,5,0.3000,42,9980504397,9980493688,16,32245
docs\inst_test\instancias\n_1000_10,100,20,7,5,0.3000,123,9980504397,9980493688,16,32245
docs\inst_test\instancias\n_1000_10,100,20,7,5,0.3000,2026,9980504397,9980493688,15,32245
docs\inst_test\instancias\n_1000_10,100,20,7,10,0.1000,42,9980504397,9980493688,15,32245
docs\inst_test\instancias\n_1000_10,100,20,7,10,0.1000,123,9980504397,9980493688,16,32245
docs\inst_test\instancias\n_1000_10,100,20,7,10,0.1000,2026,9980504397,9980493688,15,32245
docs\inst_test\instancias\n_1000_10,100,20,7,10,0.2000,42,9980504397,9980493688,15,32245
docs\inst_test\instancias\n_1000_10,100,20,7,10,0.2000,123,9980504397,9980493688,16,32245
docs\inst_test\instancias\n_1000_10,100,20,7,10,0.2000,2026,9980504397,9980493688,15,32245
docs\inst_test\instancias\n_1000_10,100,20,7,10,0.3000,42,9980504397,9980493688,15,32245
docs\inst_test\instancias\n_1000_10,100,20,7,10,0.3000,123,9980504397,9980493688,15,32245
docs\inst_test\instancias\n_1000_10,100,20,7,10,0.3000,2026,9980504397,9980493688,15,32245
docs\inst_test\instancias\n_1000_10,100,20,7,20,0.1000,42,9980504397,9980493688,14,32245
docs\inst_test\instancias\n_1000_10,100,20,7,20,0.1000,123,9980504397,9980493688,15,32245
docs\inst_test\instancias\n_1000_10,100,20,7,20,0.1000,2026,9980504397,9980493688,16,32245
docs\inst_test\instancias\n_1000_10,100,20,7,20,0.2000,42,9980504397,9980493688,14,32245
docs\inst_test\instancias\n_1000_10,100,20,7,20,0.2000,123,9980504397,9980493688,14,32245
docs\inst_test\instancias\n_1000_10,100,20,7,20,0.2000,2026,9980504397,9980493688,15,32245
docs\inst_test\instancias\n_1000_10,100,20,7,20,0.3000,42,9980504397,9980493688,15,32245
docs\inst_test\instancias\n_1000_10,100,20,7,20,0.3000,123,9980504397,9980493688,13,32245
docs\inst_test\instancias\n_1000_10,100,20,7,20,0.3000,2026,9980504397,9980493688,15,32245
docs\inst_test\instancias\n_1000_10,100,20,10,5,0.1000,42,9980504397,9980493688,15,32245
docs\inst_test\instancias\n_1000_10,100,20,10,5,0.1000,123,9980504397,9980493688,17,32245
docs\inst_test\instancias\n_1000_10,100,20,10,5,0.1000,2026,9980504397,9980493688,16,32245
docs\inst_test\instancias\n_1000_10,100,20,10,5,0.2000,42,9980504397,9980493688,16,32245
docs\inst_test\instancias\n_1000_10,100,20,10,5,0.2000,123,9980504397,9980493688,16,32245
docs\inst_test\instancias\n_1000_10,100,20,10,5,0.2000,2026,9980504397,9980493688,16,32245
docs\inst_test\instancias\n_1000_10,100,20,10,5,0.3000,42,9980504397,9980493688,16,32245
docs\inst_test\instancias\n_1000_10,100,20,10,5,0.3000,123,9980504397,9980493688,16,32245
docs\inst_test\instancias\n_1000_10,100,20,10,5,0.3000,2026,9980504397,9980493688,16,32245
docs\inst_test\instancias\n_1000_10,100,20,10,10,0.1000,42,9980504397,9980493688,16,32245
docs\inst_test\instancias\n_1000_10,100,20,10,10,0.1000,123,9980504397,9980493688,16,32245
docs\inst_test\instancias\n_1000_10,100,20,10,10,0.1000,2026,9980504397,9980493688,15,32245
docs\inst_test\instancias\n_1000_10,100,20,10,10,0.2000,42,9980504397,9980493688,15,32245
docs\inst_test\instancias\n_1000_10,100,20,10,10,0.2000,123,9980504397,9980493688,15,32245
docs\inst_test\instancias\n_1000_10,100,20,10,10,0.2000,2026,9980504397,9980493688,15,32245
docs\inst_test\instancias\n_1000_10,100,20,10,10,0.3000,42,9980504397,9980493688,15,32245
docs\inst_test\instancias\n_1000_10,100,20,10,10,0.3000,123,9980504397,9980493688,15,32245
docs\inst_test\instancias\n_1000_10,100,20,10,10,0.3000,2026,9980504397,9980493688,14,32245
docs\inst_test\instancias\n_1000_10,100,20,10,20,0.1000,42,9980504397,9980493688,14,32245
docs\inst_test\instancias\n_1000_10,100,20,10,20,0.1000,123,9980504397,9980493688,15,32245
docs\inst_test\instancias\n_1000_10,100,20,10,20,0.1000,2026,9980504397,9980493688,15,32245
docs\inst_test\instancias\n_1000_10,100,20,10,20,0.2000,42,9980504397,9980493688,14,32245
docs\inst_test\instancias\n_1000_10,100,20,10,20,0.2000,123,9980504397,9980493688,15,32245
docs\inst_test\instancias\n_1000_10,100,20,10,20,0.2000,2026,9980504397,9980493688,14,32245
docs\inst_test\instancias\n_1000_10,100,20,10,20,0.3000,42,9980504397,9980493688,14,32245
docs\inst_test\instancias\n_1000_10,100,20,10,20,0.3000,123,9980504397,9980493688,14,32245
docs\inst_test\instancias\n_1000_10,100,20,10,20,0.3000,2026,9980504397,9980493688,14,32245
docs\inst_test\instancias\n_1000_10,100,20,15,5,0.1000,42,9980504397,9980493688,16,32245
docs\inst_test\instancias\n_1000_10,100,20,15,5,0.1000,123,9980504397,9980493688,17,32245
docs\inst_test\instancias\n_1000_10,100,20,15,5,0.1000,2026,9980504397,9980493688,17,32245
docs\inst_test\instancias\n_1000_10,100,20,15,5,0.2000,42,9980504397,9980493688,16,32245
docs\inst_test\instancias\n_1000_10,100,20,15,5,0.2000,123,9980504397,9980493688,16,32245
docs\inst_test\instancias\n_1000_10,100,20,15,5,0.2000,2026,9980504397,9980493688,16,32245
docs\inst_test\instancias\n_1000_10,100,20,15,5,0.3000,42,9980504397,9980493688,16,32245
docs\inst_test\instancias\n_1000_10,100,20,15,5,0.3000,123,9980504397,9980493688,15,32245
docs\inst_test\instancias\n_1000_10,100,20,15,5,0.3000,2026,9980504397,9980493688,16,32245
docs\inst_test\instancias\n_1000_10,100,20,15,10,0.1000,42,9980504397,9980493688,15,32245
docs\inst_test\instancias\n_1000_10,100,20,15,10,0.1000,123,9980504397,9980493688,16,32245
docs\inst_test\instancias\n_1000_10,100,20,15,10,0.1000,2026,9980504397,9980493688,15,32245
docs\inst_test\instancias\n_1000_10,100,20,15,10,0.2000,42,9980504397,9980493688,16,32245
docs\inst_test\instancias\n_1000_10,100,20,15,10,0.2000,123,9980504397,9980493688,15,32245
docs\inst_test\instancias\n_1000_10,100,20,15,10,0.2000,2026,9980504397,9980493688,15,32245
docs\inst_test\instancias\n_1000_10,100,20,15,10,0.3000,42,9980504397,9980493688,15,32245
docs\inst_test\instancias\n_1000_10,100,20,15,10,0.3000,123,9980504397,9980493688,14,32245
docs\inst_test\instancias\n_1000_10,100,20,15,10,0.3000,2026,9980504397,9980493688,15,32245
docs\inst_test\instancias\n_1000_10,100,20,15,20,0.1000,42,9980504397,9980493688,15,32245
docs\inst_test\instancias\n_1000_10,100,20,15,20,0.1000,123,9980504397,9980493688,14,32245
docs\inst_test\instancias\n_1000_10,100,20,15,20,0.1000,2026,9980504397,9980493688,15,32245
docs\inst_test\instancias\n_1000_10,100,20,15,20,0.2000,42,9980504397,9980493688,15,32245
docs\inst_test\instancias\n_1000_10,100,20,15,20,0.2000,123,9980504397,9980493688,14,32245
docs\inst_test\instancias\n_1000_10,100,20,15,20,0.2000,2026,9980504397,9980493688,14,32245
docs\inst_test\instancias\n_1000_10,100,20,15,20,0.3000,42,9980504397,9980493688,14,32245
docs\inst_test\instancias\n_1000_10,100,20,15,20,0.3000,123,9980504397,9980493688,15,32245
docs\inst_test\instancias\n_1000_10,100,20,15,20,0.3000,2026,9980504397,9980493688,14,32245
docs\inst_test\instancias\n_1000_10,300,10,7,5,0.1000,42,9980504397,9980493688,52,32245
docs\inst_test\instancias\n_1000_10,300,10,7,5,0.1000,123,9980504397,9980493688,52,32245
docs\inst_test\instancias\n_1000_10,300,10,7,5,0.1000,2026,9980504650,9980493853,51,32245
docs\inst_test\instancias\n_1000_10,300,10,7,5,0.2000,42,9980504397,9980493688,52,32245
docs\inst_test\instancias\n_1000_10,300,10,7,5,0.2000,123,9980504397,9980493688,51,32245
docs\inst_test\instancias\n_1000_10,300,10,7,5,0.2000,2026,9980504397,9980493688,51,32245
docs\inst_test\instancias\n_1000_10,300,10,7,5,0.3000,42,9980504397,9980493688,49,32245
docs\inst_test\instancias\n_1000_10,300,10,7,5,0.3000,123,9980504397,9980493688,49,32245
docs\inst_test\instancias\n_1000_10,300,10,7,5,0.3000,2026,9980504397,9980493688,50,32245
docs\inst_test\instancias\n_1000_10,300,10,7,10,0.1000,42,9980504529,9980493829,48,32245
docs\inst_test\instancias\n_1000_10,300,10,7,10,0.1000,123,9980504397,9980493688,47,32245
docs\inst_test\instancias\n_1000_10,300,10,7,10,0.1000,2026,9980504650,9980493853,47,32245
docs\inst_test\instancias\n_1000_10,300,10,7,10,0.2000,42,9980504397,9980493688,46,32245
docs\inst_test\instancias\n_1000_10,300,10,7,10,0.2000,123,9980504397,9980493688,47,32245
docs\inst_test\instancias\n_1000_10,300,10,7,10,0.2000,2026,9980504397,9980493688,47,32245
docs\inst_test\instancias\n_1000_10,300,10,7,10,0.3000,42,9980504397,9980493688,43,32245
docs\inst_test\instancias\n_1000_10,300,10,7,10,0.3000,123,9980504397,9980493688,46,32245
docs\inst_test\instancias\n_1000_10,300,10,7,10,0.3000,2026,9980504397,9980493688,46,32245
docs\inst_test\instancias\n_1000_10,300,10,7,20,0.1000,42,9980504397,9980493688,46,32245
docs\inst_test\instancias\n_1000_10,300,10,7,20,0.1000,123,9980504397,9980493688,45,32245
docs\inst_test\instancias\n_1000_10,300,10,7,20,0.1000,2026,9980504397,9980493688,45,32245
docs\inst_test\instancias\n_1000_10,300,10,7,20,0.2000,42,9980504397,9980493688,46,32245
docs\inst_test\instancias\n_1000_10,300,10,7,20,0.2000,123,9980504397,9980493688,45,32245
docs\inst_test\instancias\n_1000_10,300,10,7,20,0.2000,2026,9980504397,9980493688,45,32245
docs\inst_test\instancias\n_1000_10,300,10,7,20,0.3000,42,9980504397,9980493688,44,32245
docs\inst_test\instancias\n_1000_10,300,10,7,20,0.3000,123,9980504397,9980493688,44,32245
docs\inst_test\instancias\n_1000_10,300,10,7,20,0.3000,2026,9980504397,9980493688,43,32245
docs\inst_test\instancias\n_1000_10,300,10,10,5,0.1000,42,9980504397,9980493688,53,32245
docs\inst_test\instancias\n_1000_10,300,10,10,5,0.1000,123,9980504397,9980493688,53,32245
docs\inst_test\instancias\n_1000_10,300,10,10,5,0.1000,2026,9980504650,9980493853,52,32245
docs\inst_test\instancias\n_1000_10,300,10,10,5,0.2000,42,9980504397,9980493688,50,32245
docs\inst_test\instancias\n_1000_10,300,10,10,5,0.2000,123,9980504397,9980493688,50,32245
docs\inst_test\instancias\n_1000_10,300,10,10,5,0.2000,2026,9980504397,9980493688,51,32245
docs\inst_test\instancias\n_1000_10,300,10,10,5,0.3000,42,9980504397,9980493688,49,32245
docs\inst_test\instancias\n_1000_10,300,10,10,5,0.3000,123,9980504397,9980493688,49,32245
docs\inst_test\instancias\n_1000_10,300,10,10,5,0.3000,2026,9980504397,9980493688,49,32245
docs\inst_test\instancias\n_1000_10,300,10,10,10,0.1000,42,9980504529,9980493829,48,32245
docs\inst_test\instancias\n_1000_10,300,10,10,10,0.1000,123,9980504397,9980493688,49,32245
docs\inst_test\instancias\n_1000_10,300,10,10,10,0.1000,2026,9980504650,9980493853,46,32245
docs\inst_test\instancias\n_1000_10,300,10,10,10,0.2000,42,9980504397,9980493688,46,32245
docs\inst_test\instancias\n_1000_10,300,10,10,10,0.2000,123,9980504397,9980493688,45,32245
docs\inst_test\instancias\n_1000_10,300,10,10,10,0.2000,2026,9980504397,9980493688,46,32245
docs\inst_test\instancias\n_1000_10,300,10,10,10,0.3000,42,9980504397,9980493688,44,32245
docs\inst_test\instancias\n_1000_10,300,10,10,10,0.3000,123,9980504397,9980493688,44,32245
docs\inst_test\instancias\n_1000_10,300,10,10,10,0.3000,2026,9980504397,9980493688,45,32245
docs\inst_test\instancias\n_1000_10,300,10,10,20,0.1000,42,9980504397,9980493688,47,32245
docs\inst_test\instancias\n_1000_10,300,10,10,20,0.1000,123,9980504397,9980493688,46,32245
docs\inst_test\instancias\n_1000_10,300,10,10,20,0.1000,2026,9980504397,9980493688,46,32245
docs\inst_test\instancias\n_1000_10,300,10,10,20,0.2000,42,9980504397,9980493688,45,32245
docs\inst_test\instancias\n_1000_10,300,10,10,20,0.2000,123,9980504397,9980493688,45,32245
docs\inst_test\instancias\n_1000_10,300,10,10,20,0.2000,2026,9980504397,9980493688,45,32245
docs\inst_test\instancias\n_1000_10,300,10,10,20,0.3000,42,9980504397,9980493688,43,32245
docs\inst_test\instancias\n_1000_10,300,10,10,20,0.3000,123,9980504397,9980493688,43,32245
docs\inst_test\instancias\n_1000_10,300,10,10,20,0.3000,2026,9980504397,9980493688,42,32245
docs\inst_test\instancias\n_1000_10,300,10,15,5,0.1000,42,9980504397,9980493688,52,32245
docs\inst_test\instancias\n_1000_10,300,10,15,5,0.1000,123,9980504397,9980493688,51,32245
docs\inst_test\instancias\n_1000_10,300,10,15,5,0.1000,2026,9980504650,9980493853,52,32245
docs\inst_test\instancias\n_1000_10,300,10,15,5,0.2000,42,9980504397,9980493688,51,32245
docs\inst_test\instancias\n_1000_10,300,10,15,5,0.2000,123,9980504397,9980493688,52,32245
docs\inst_test\instancias\n_1000_10,300,10,15,5,0.2000,2026,9980504397,9980493688,51,32245
docs\inst_test\instancias\n_1000_10,300,10,15,5,0.3000,42,9980504397,9980493688,49,32245
docs\inst_test\instancias\n_1000_10,300,10,15,5,0.3000,123,9980504397,9980493688,49,32245
docs\inst_test\instancias\n_1000_10,300,10,15,5,0.3000,2026,9980504397,9980493688,50,32245
docs\inst_test\instancias\n_1000_10,300,10,15,10,0.1000,42,9980504529,9980493829,49,32245
docs\inst_test\instancias\n_1000_10,300,10,15,10,0.1000,123,9980504397,9980493688,47,32245
docs\inst_test\instancias\n_1000_10,300,10,15,10,0.1000,2026,9980504650,9980493853,48,32245
docs\inst_test\instancias\n_1000_10,300,10,15,10,0.2000,42,9980504397,9980493688,46,32245
docs\inst_test\instancias\n_1000_10,300,10,15,10,0.2000,123,9980504397,9980493688,47,32245
docs\inst_test\instancias\n_1000_10,300,10,15,10,0.2000,2026,9980504397,9980493688,49,32245
docs\inst_test\instancias\n_1000_10,300,10,15,10,0.3000,42,9980504397,9980493688,44,32245
docs\inst_test\instancias\n_1000_10,300,10,15,10,0.3000,123,9980504397,9980493688,44,32245
docs\inst_test\instancias\n_1000_10,300,10,15,10,0.3000,2026,9980504397,9980493688,45,32245
docs\inst_test\instancias\n_1000_10,300,10,15,20,0.1000,42,9980504397,9980493688,46,32245
docs\inst_test\instancias\n_1000_10,300,10,15,20,0.1000,123,9980504397,9980493688,45,32245
docs\inst_test\instancias\n_1000_10,300,10,15,20,0.1000,2026,9980504397,9980493688,46,32245
docs\inst_test\instancias\n_1000_10,300,10,15,20,0.2000,42,9980504397,9980493688,45,32245
docs\inst_test\instancias\n_1000_10,300,10,15,20,0.2000,123,9980504397,9980493688,44,32245
docs\inst_test\instancias\n_1000_10,300,10,15,20,0.2000,2026,9980504397,9980493688,44,32245
docs\inst_test\instancias\n_1000_10,300,10,15,20,0.3000,42,9980504397,9980493688,43,32245
docs\inst_test\instancias\n_1000_10,300,10,15,20,0.3000,123,9980504397,9980493688,43,32245
docs\inst_test\instancias\n_1000_10,300,10,15,20,0.3000,2026,9980504397,9980493688,43,32245
docs\inst_test\instancias\n_1000_10,300,15,7,5,0.1000,42,9980504397,9980493688,53,32245
docs\inst_test\instancias\n_1000_10,300,15,7,5,0.1000,123,9980504397,9980493688,51,32245
docs\inst_test\instancias\n_1000_10,300,15,7,5,0.1000,2026,9980504650,9980493853,53,32245
docs\inst_test\instancias\n_1000_10,300,15,7,5,0.2000,42,9980504397,9980493688,46,32245
docs\inst_test\instancias\n_1000_10,300,15,7,5,0.2000,123,9980504397,9980493688,46,32245
docs\inst_test\instancias\n_1000_10,300,15,7,5,0.2000,2026,9980504397,9980493688,47,32245
docs\inst_test\instancias\n_1000_10,300,15,7,5,0.3000,42,9980504397,9980493688,45,32245
docs\inst_test\instancias\n_1000_10,300,15,7,5,0.3000,123,9980504397,9980493688,45,32245
docs\inst_test\instancias\n_1000_10,300,15,7,5,0.3000,2026,9980504397,9980493688,45,32245
docs\inst_test\instancias\n_1000_10,300,15,7,10,0.1000,42,9980504529,9980493829,43,32245
docs\inst_test\instancias\n_1000_10,300,15,7,10,0.1000,123,9980504397,9980493688,43,32245
docs\inst_test\instancias\n_1000_10,300,15,7,10,0.1000,2026,9980504650,9980493853,44,32245
docs\inst_test\instancias\n_1000_10,300,15,7,10,0.2000,42,9980504397,9980493688,42,32245
docs\inst_test\instancias\n_1000_10,300,15,7,10,0.2000,123,9980504397,9980493688,42,32245
docs\inst_test\instancias\n_1000_10,300,15,7,10,0.2000,2026,9980504397,9980493688,42,32245
docs\inst_test\instancias\n_1000_10,300,15,7,10,0.3000,42,9980504397,9980493688,40,32245
docs\inst_test\instancias\n_1000_10,300,15,7,10,0.3000,123,9980504397,9980493688,41,32245
docs\inst_test\instancias\n_1000_10,300,15,7,10,0.3000,2026,9980504397,9980493688,41,32245
docs\inst_test\instancias\n_1000_10,300,15,7,20,0.1000,42,9980504397,9980493688,41,32245
docs\inst_test\instancias\n_1000_10,300,15,7,20,0.1000,123,9980504397,9980493688,42,32245
docs\inst_test\instancias\n_1000_10,300,15,7,20,0.1000,2026,9980504397,9980493688,41,32245
docs\inst_test\instancias\n_1000_10,300,15,7,20,0.2000,42,9980504397,9980493688,41,32245
docs\inst_test\instancias\n_1000_10,300,15,7,20,0.2000,123,9980504397,9980493688,40,32245
docs\inst_test\instancias\n_1000_10,300,15,7,20,0.2000,2026,9980504397,9980493688,41,32245
docs\inst_test\instancias\n_1000_10,300,15,7,20,0.3000,42,9980504397,9980493688,39,32245
docs\inst_test\instancias\n_1000_10,300,15,7,20,0.3000,123,9980504397,9980493688,40,32245
docs\inst_test\instancias\n_1000_10,300,15,7,20,0.3000,2026,9980504397,9980493688,38,32245
docs\inst_test\instancias\n_1000_10,300,15,10,5,0.1000,42,9980504397,9980493688,48,32245
docs\inst_test\instancias\n_1000_10,300,15,10,5,0.1000,123,9980504397,9980493688,48,32245
docs\inst_test\instancias\n_1000_10,300,15,10,5,0.1000,2026,9980504650,9980493853,48,32245
docs\inst_test\instancias\n_1000_10,300,15,10,5,0.2000,42,9980504397,9980493688,46,32245
docs\inst_test\instancias\n_1000_10,300,15,10,5,0.2000,123,9980504397,9980493688,47,32245
docs\inst_test\instancias\n_1000_10,300,15,10,5,0.2000,2026,9980504397,9980493688,46,32245
docs\inst_test\instancias\n_1000_10,300,15,10,5,0.3000,42,9980504397,9980493688,45,32245
docs\inst_test\instancias\n_1000_10,300,15,10,5,0.3000,123,9980504397,9980493688,45,32245
docs\inst_test\instancias\n_1000_10,300,15,10,5,0.3000,2026,9980504397,9980493688,45,32245
docs\inst_test\instancias\n_1000_10,300,15,10,10,0.1000,42,9980504529,9980493829,44,32245
docs\inst_test\instancias\n_1000_10,300,15,10,10,0.1000,123,9980504397,9980493688,43,32245
docs\inst_test\instancias\n_1000_10,300,15,10,10,0.1000,2026,9980504650,9980493853,44,32245
docs\inst_test\instancias\n_1000_10,300,15,10,10,0.2000,42,9980504397,9980493688,42,32245
docs\inst_test\instancias\n_1000_10,300,15,10,10,0.2000,123,9980504397,9980493688,42,32245
docs\inst_test\instancias\n_1000_10,300,15,10,10,0.2000,2026,9980504397,9980493688,42,32245
docs\inst_test\instancias\n_1000_10,300,15,10,10,0.3000,42,9980504397,9980493688,40,32245
docs\inst_test\instancias\n_1000_10,300,15,10,10,0.3000,123,9980504397,9980493688,42,32245
docs\inst_test\instancias\n_1000_10,300,15,10,10,0.3000,2026,9980504397,9980493688,40,32245
docs\inst_test\instancias\n_1000_10,300,15,10,20,0.1000,42,9980504397,9980493688,41,32245
docs\inst_test\instancias\n_1000_10,300,15,10,20,0.1000,123,9980504397,9980493688,41,32245
docs\inst_test\instancias\n_1000_10,300,15,10,20,0.1000,2026,9980504397,9980493688,41,32245
docs\inst_test\instancias\n_1000_10,300,15,10,20,0.2000,42,9980504397,9980493688,41,32245
docs\inst_test\instancias\n_1000_10,300,15,10,20,0.2000,123,9980504397,9980493688,40,32245
docs\inst_test\instancias\n_1000_10,300,15,10,20,0.2000,2026,9980504397,9980493688,40,32245
docs\inst_test\instancias\n_1000_10,300,15,10,20,0.3000,42,9980504397,9980493688,39,32245
docs\inst_test\instancias\n_1000_10,300,15,10,20,0.3000,123,9980504397,9980493688,39,32245
docs\inst_test\instancias\n_1000_10,300,15,10,20,0.3000,2026,9980504397,9980493688,39,32245
docs\inst_test\instancias\n_1000_10,300,15,15,5,0.1000,42,9980504397,9980493688,47,32245
docs\inst_test\instancias\n_1000_10,300,15,15,5,0.1000,123,9980504397,9980493688,48,32245
docs\inst_test\instancias\n_1000_10,300,15,15,5,0.1000,2026,9980504650,9980493853,47,32245
docs\inst_test\instancias\n_1000_10,300,15,15,5,0.2000,42,9980504397,9980493688,46,32245
docs\inst_test\instancias\n_1000_10,300,15,15,5,0.2000,123,9980504397,9980493688,46,32245
docs\inst_test\instancias\n_1000_10,300,15,15,5,0.2000,2026,9980504397,9980493688,46,32245
docs\inst_test\instancias\n_1000_10,300,15,15,5,0.3000,42,9980504397,9980493688,45,32245
docs\inst_test\instancias\n_1000_10,300,15,15,5,0.3000,123,9980504397,9980493688,45,32245
docs\inst_test\instancias\n_1000_10,300,15,15,5,0.3000,2026,9980504397,9980493688,44,32245
docs\inst_test\instancias\n_1000_10,300,15,15,10,0.1000,42,9980504529,9980493829,43,32245
docs\inst_test\instancias\n_1000_10,300,15,15,10,0.1000,123,9980504397,9980493688,43,32245
docs\inst_test\instancias\n_1000_10,300,15,15,10,0.1000,2026,9980504650,9980493853,43,32245
docs\inst_test\instancias\n_1000_10,300,15,15,10,0.2000,42,9980504397,9980493688,43,32245
docs\inst_test\instancias\n_1000_10,300,15,15,10,0.2000,123,9980504397,9980493688,42,32245
docs\inst_test\instancias\n_1000_10,300,15,15,10,0.2000,2026,9980504397,9980493688,42,32245
docs\inst_test\instancias\n_1000_10,300,15,15,10,0.3000,42,9980504397,9980493688,42,32245
docs\inst_test\instancias\n_1000_10,300,15,15,10,0.3000,123,9980504397,9980493688,41,32245
docs\inst_test\instancias\n_1000_10,300,15,15,10,0.3000,2026,9980504397,9980493688,41,32245
docs\inst_test\instancias\n_1000_10,300,15,15,20,0.1000,42,9980504397,9980493688,41,32245
docs\inst_test\instancias\n_1000_10,300,15,15,20,0.1000,123,9980504397,9980493688,42,32245
docs\inst_test\instancias\n_1000_10,300,15,15,20,0.1000,2026,9980504397,9980493688,42,32245
docs\inst_test\instancias\n_1000_10,300,15,15,20,0.2000,42,9980504397,9980493688,40,32245
docs\inst_test\instancias\n_1000_10,300,15,15,20,0.2000,123,9980504397,9980493688,41,32245
docs\inst_test\instancias\n_1000_10,300,15,15,20,0.2000,2026,9980504397,9980493688,40,32245
docs\inst_test\instancias\n_1000_10,300,15,15,20,0.3000,42,9980504397,9980493688,39,32245
docs\inst_test\instancias\n_1000_10,300,15,15,20,0.3000,123,9980504397,9980493688,38,32245
docs\inst_test\instancias\n_1000_10,300,15,15,20,0.3000,2026,9980504397,9980493688,39,32245
docs\inst_test\instancias\n_1000_10,300,20,7,5,0.1000,42,9980504397,9980493688,48,32245
docs\inst_test\instancias\n_1000_10,300,20,7,5,0.1000,123,9980504397,9980493688,47,32245
docs\inst_test\instancias\n_1000_10,300,20,7,5,0.1000,2026,9980504650,9980493853,47,32245
docs\inst_test\instancias\n_1000_10,300,20,7,5,0.2000,42,9980504397,9980493688,45,32245
docs\inst_test\instancias\n_1000_10,300,20,7,5,0.2000,123,9980504397,9980493688,46,32245
docs\inst_test\instancias\n_1000_10,300,20,7,5,0.2000,2026,9980504397,9980493688,47,32245
docs\inst_test\instancias\n_1000_10,300,20,7,5,0.3000,42,9980504397,9980493688,44,32245
docs\inst_test\instancias\n_1000_10,300,20,7,5,0.3000,123,9980504397,9980493688,45,32245
docs\inst_test\instancias\n_1000_10,300,20,7,5,0.3000,2026,9980504397,9980493688,45,32245
docs\inst_test\instancias\n_1000_10,300,20,7,10,0.1000,42,9980504529,9980493829,43,32245
docs\inst_test\instancias\n_1000_10,300,20,7,10,0.1000,123,9980504397,9980493688,45,32245
docs\inst_test\instancias\n_1000_10,300,20,7,10,0.1000,2026,9980504650,9980493853,44,32245
docs\inst_test\instancias\n_1000_10,300,20,7,10,0.2000,42,9980504397,9980493688,42,32245
docs\inst_test\instancias\n_1000_10,300,20,7,10,0.2000,123,9980504397,9980493688,41,32245
docs\inst_test\instancias\n_1000_10,300,20,7,10,0.2000,2026,9980504397,9980493688,42,32245
docs\inst_test\instancias\n_1000_10,300,20,7,10,0.3000,42,9980504397,9980493688,41,32245
docs\inst_test\instancias\n_1000_10,300,20,7,10,0.3000,123,9980504397,9980493688,40,32245
docs\inst_test\instancias\n_1000_10,300,20,7,10,0.3000,2026,9980504397,9980493688,40,32245
docs\inst_test\instancias\n_1000_10,300,20,7,20,0.1000,42,9980504397,9980493688,42,32245
docs\inst_test\instancias\n_1000_10,300,20,7,20,0.1000,123,9980504397,9980493688,40,32245
docs\inst_test\instancias\n_1000_10,300,20,7,20,0.1000,2026,9980504397,9980493688,43,32245
docs\inst_test\instancias\n_1000_10,300,20,7,20,0.2000,42,9980504397,9980493688,41,32245
docs\inst_test\instancias\n_1000_10,300,20,7,20,0.2000,123,9980504397,9980493688,44,32245
docs\inst_test\instancias\n_1000_10,300,20,7,20,0.2000,2026,9980504397,9980493688,44,32245
docs\inst_test\instancias\n_1000_10,300,20,7,20,0.3000,42,9980504397,9980493688,44,32245
docs\inst_test\instancias\n_1000_10,300,20,7,20,0.3000,123,9980504397,9980493688,48,32245
docs\inst_test\instancias\n_1000_10,300,20,7,20,0.3000,2026,9980504397,9980493688,41,32245
docs\inst_test\instancias\n_1000_10,300,20,10,5,0.1000,42,9980504397,9980493688,46,32245
docs\inst_test\instancias\n_1000_10,300,20,10,5,0.1000,123,9980504397,9980493688,47,32245
docs\inst_test\instancias\n_1000_10,300,20,10,5,0.1000,2026,9980504650,9980493853,51,32245
docs\inst_test\instancias\n_1000_10,300,20,10,5,0.2000,42,9980504397,9980493688,46,32245
docs\inst_test\instancias\n_1000_10,300,20,10,5,0.2000,123,9980504397,9980493688,46,32245
docs\inst_test\instancias\n_1000_10,300,20,10,5,0.2000,2026,9980504397,9980493688,46,32245
docs\inst_test\instancias\n_1000_10,300,20,10,5,0.3000,42,9980504397,9980493688,44,32245
docs\inst_test\instancias\n_1000_10,300,20,10,5,0.3000,123,9980504397,9980493688,45,32245
docs\inst_test\instancias\n_1000_10,300,20,10,5,0.3000,2026,9980504397,9980493688,47,32245
docs\inst_test\instancias\n_1000_10,300,20,10,10,0.1000,42,9980504529,9980493829,43,32245
docs\inst_test\instancias\n_1000_10,300,20,10,10,0.1000,123,9980504397,9980493688,43,32245
docs\inst_test\instancias\n_1000_10,300,20,10,10,0.1000,2026,9980504650,9980493853,44,32245
docs\inst_test\instancias\n_1000_10,300,20,10,10,0.2000,42,9980504397,9980493688,43,32245
docs\inst_test\instancias\n_1000_10,300,20,10,10,0.2000,123,9980504397,9980493688,43,32245
docs\inst_test\instancias\n_1000_10,300,20,10,10,0.2000,2026,9980504397,9980493688,43,32245
docs\inst_test\instancias\n_1000_10,300,20,10,10,0.3000,42,9980504397,9980493688,40,32245
docs\inst_test\instancias\n_1000_10,300,20,10,10,0.3000,123,9980504397,9980493688,42,32245
docs\inst_test\instancias\n_1000_10,300,20,10,10,0.3000,2026,9980504397,9980493688,40,32245
docs\inst_test\instancias\n_1000_10,300,20,10,20,0.1000,42,9980504397,9980493688,42,32245
docs\inst_test\instancias\n_1000_10,300,20,10,20,0.1000,123,9980504397,9980493688,42,32245
docs\inst_test\instancias\n_1000_10,300,20,10,20,0.1000,2026,9980504397,9980493688,41,32245
docs\inst_test\instancias\n_1000_10,300,20,10,20,0.2000,42,9980504397,9980493688,39,32245
docs\inst_test\instancias\n_1000_10,300,20,10,20,0.2000,123,9980504397,9980493688,39,32245
docs\inst_test\instancias\n_1000_10,300,20,10,20,0.2000,2026,9980504397,9980493688,41,32245
docs\inst_test\instancias\n_1000_10,300,20,10,20,0.3000,42,9980504397,9980493688,39,32245
docs\inst_test\instancias\n_1000_10,300,20,10,20,0.3000,123,9980504397,9980493688,39,32245
docs\inst_test\instancias\n_1000_10,300,20,10,20,0.3000,2026,9980504397,9980493688,38,32245
docs\inst_test\instancias\n_1000_10,300,20,15,5,0.1000,42,9980504397,9980493688,47,32245
docs\inst_test\instancias\n_1000_10,300,20,15,5,0.1000,123,9980504397,9980493688,47,32245
docs\inst_test\instancias\n_1000_10,300,20,15,5,0.1000,2026,9980504650,9980493853,48,32245
docs\inst_test\instancias\n_1000_10,300,20,15,5,0.2000,42,9980504397,9980493688,47,32245
docs\inst_test\instancias\n_1000_10,300,20,15,5,0.2000,123,9980504397,9980493688,46,32245
docs\inst_test\instancias\n_1000_10,300,20,15,5,0.2000,2026,9980504397,9980493688,46,32245
docs\inst_test\instancias\n_1000_10,300,20,15,5,0.3000,42,9980504397,9980493688,44,32245
docs\inst_test\instancias\n_1000_10,300,20,15,5,0.3000,123,9980504397,9980493688,43,32245
docs\inst_test\instancias\n_1000_10,300,20,15,5,0.3000,2026,9980504397,9980493688,46,32245
docs\inst_test\instancias\n_1000_10,300,20,15,10,0.1000,42,9980504529,9980493829,42,32245
docs\inst_test\instancias\n_1000_10,300,20,15,10,0.1000,123,9980504397,9980493688,43,32245
docs\inst_test\instancias\n_1000_10,300,20,15,10,0.1000,2026,9980504650,9980493853,44,32245
docs\inst_test\instancias\n_1000_10,300,20,15,10,0.2000,42,9980504397,9980493688,43,32245
docs\inst_test\instancias\n_1000_10,300,20,15,10,0.2000,123,9980504397,9980493688,41,32245
docs\inst_test\instancias\n_1000_10,300,20,15,10,0.2000,2026,9980504397,9980493688,42,32245
docs\inst_test\instancias\n_1000_10,300,20,15,10,0.3000,42,9980504397,9980493688,40,32245
docs\inst_test\instancias\n_1000_10,300,20,15,10,0.3000,123,9980504397,9980493688,42,32245
docs\inst_test\instancias\n_1000_10,300,20,15,10,0.3000,2026,9980504397,9980493688,39,32245
docs\inst_test\instancias\n_1000_10,300,20,15,20,0.1000,42,9980504397,9980493688,42,32245
docs\inst_test\instancias\n_1000_10,300,20,15,20,0.1000,123,9980504397,9980493688,41,32245
docs\inst_test\instancias\n_1000_10,300,20,15,20,0.1000,2026,9980504397,9980493688,42,32245
docs\inst_test\instancias\n_1000_10,300,20,15,20,0.2000,42,9980504397,9980493688,40,32245
docs\inst_test\instancias\n_1000_10,300,20,15,20,0.2000,123,9980504397,9980493688,41,32245
docs\inst_test\instancias\n_1000_10,300,20,15,20,0.2000,2026,9980504397,9980493688,41,32245
docs\inst_test\instancias\n_1000_10,300,20,15,20,0.3000,42,9980504397,9980493688,39,32245
docs\inst_test\instancias\n_1000_10,300,20,15,20,0.3000,123,9980504397,9980493688,39,32245
docs\inst_test\instancias\n_1000_10,300,20,15,20,0.3000,2026,9980504397,9980493688,38,32245
docs\inst_test\instancias\n_1000_10,500,10,7,5,0.1000,42,9980504397,9980493688,79,32245
docs\inst_test\instancias\n_1000_10,500,10,7,5,0.1000,123,9980504397,9980493688,79,32245
docs\inst_test\instancias\n_1000_10,500,10,7,5,0.1000,2026,9980504819,9980493916,78,32245
docs\inst_test\instancias\n_1000_10,500,10,7,5,0.2000,42,9980504397,9980493688,79,32245
docs\inst_test\instancias\n_1000_10,500,10,7,5,0.2000,123,9980504397,9980493688,79,32245
docs\inst_test\instancias\n_1000_10,500,10,7,5,0.2000,2026,9980504397,9980493688,78,32245
docs\inst_test\instancias\n_1000_10,500,10,7,5,0.3000,42,9980504397,9980493688,75,32245
docs\inst_test\instancias\n_1000_10,500,10,7,5,0.3000,123,9980504397,9980493688,75,32245
docs\inst_test\instancias\n_1000_10,500,10,7,5,0.3000,2026,9980504397,9980493688,75,32245
docs\inst_test\instancias\n_1000_10,500,10,7,10,0.1000,42,9980504529,9980493829,72,32245
docs\inst_test\instancias\n_1000_10,500,10,7,10,0.1000,123,9980504397,9980493688,73,32245
docs\inst_test\instancias\n_1000_10,500,10,7,10,0.1000,2026,9980504650,9980493853,75,32245
docs\inst_test\instancias\n_1000_10,500,10,7,10,0.2000,42,9980504397,9980493688,70,32245
docs\inst_test\instancias\n_1000_10,500,10,7,10,0.2000,123,9980504397,9980493688,71,32245
docs\inst_test\instancias\n_1000_10,500,10,7,10,0.2000,2026,9980504397,9980493688,71,32245
docs\inst_test\instancias\n_1000_10,500,10,7,10,0.3000,42,9980504397,9980493688,68,32245
docs\inst_test\instancias\n_1000_10,500,10,7,10,0.3000,123,9980504397,9980493688,67,32245
docs\inst_test\instancias\n_1000_10,500,10,7,10,0.3000,2026,9980504397,9980493688,68,32245
docs\inst_test\instancias\n_1000_10,500,10,7,20,0.1000,42,9980504529,9980493829,69,32245
docs\inst_test\instancias\n_1000_10,500,10,7,20,0.1000,123,9980504397,9980493688,69,32245
docs\inst_test\instancias\n_1000_10,500,10,7,20,0.1000,2026,9980504650,9980493853,70,32245
docs\inst_test\instancias\n_1000_10,500,10,7,20,0.2000,42,9980504397,9980493688,68,32245
docs\inst_test\instancias\n_1000_10,500,10,7,20,0.2000,123,9980504397,9980493688,66,32245
docs\inst_test\instancias\n_1000_10,500,10,7,20,0.2000,2026,9980504397,9980493688,69,32245
docs\inst_test\instancias\n_1000_10,500,10,7,20,0.3000,42,9980504397,9980493688,65,32245
docs\inst_test\instancias\n_1000_10,500,10,7,20,0.3000,123,9980504397,9980493688,64,32245
docs\inst_test\instancias\n_1000_10,500,10,7,20,0.3000,2026,9980504397,9980493688,65,32245
docs\inst_test\instancias\n_1000_10,500,10,10,5,0.1000,42,9980504397,9980493688,81,32245
docs\inst_test\instancias\n_1000_10,500,10,10,5,0.1000,123,9980504397,9980493688,79,32245
docs\inst_test\instancias\n_1000_10,500,10,10,5,0.1000,2026,9980504819,9980493916,80,32245
docs\inst_test\instancias\n_1000_10,500,10,10,5,0.2000,42,9980504397,9980493688,78,32245
docs\inst_test\instancias\n_1000_10,500,10,10,5,0.2000,123,9980504397,9980493688,78,32245
docs\inst_test\instancias\n_1000_10,500,10,10,5,0.2000,2026,9980504397,9980493688,78,32245
docs\inst_test\instancias\n_1000_10,500,10,10,5,0.3000,42,9980504397,9980493688,75,32245
docs\inst_test\instancias\n_1000_10,500,10,10,5,0.3000,123,9980504397,9980493688,74,32245
docs\inst_test\instancias\n_1000_10,500,10,10,5,0.3000,2026,9980504397,9980493688,75,32245
docs\inst_test\instancias\n_1000_10,500,10,10,10,0.1000,42,9980504529,9980493829,72,32245
docs\inst_test\instancias\n_1000_10,500,10,10,10,0.1000,123,9980504397,9980493688,74,32245
docs\inst_test\instancias\n_1000_10,500,10,10,10,0.1000,2026,9980504650,9980493853,73,32245
docs\inst_test\instancias\n_1000_10,500,10,10,10,0.2000,42,9980504397,9980493688,70,32245
docs\inst_test\instancias\n_1000_10,500,10,10,10,0.2000,123,9980504397,9980493688,72,32245
docs\inst_test\instancias\n_1000_10,500,10,10,10,0.2000,2026,9980504397,9980493688,71,32245
docs\inst_test\instancias\n_1000_10,500,10,10,10,0.3000,42,9980504397,9980493688,70,32245
docs\inst_test\instancias\n_1000_10,500,10,10,10,0.3000,123,9980504397,9980493688,71,32245
docs\inst_test\instancias\n_1000_10,500,10,10,10,0.3000,2026,9980504397,9980493688,65,32245
docs\inst_test\instancias\n_1000_10,500,10,10,20,0.1000,42,9980504529,9980493829,69,32245
docs\inst_test\instancias\n_1000_10,500,10,10,20,0.1000,123,9980504397,9980493688,70,32245
docs\inst_test\instancias\n_1000_10,500,10,10,20,0.1000,2026,9980504650,9980493853,69,32245
docs\inst_test\instancias\n_1000_10,500,10,10,20,0.2000,42,9980504397,9980493688,67,32245
docs\inst_test\instancias\n_1000_10,500,10,10,20,0.2000,123,9980504397,9980493688,67,32245
docs\inst_test\instancias\n_1000_10,500,10,10,20,0.2000,2026,9980504397,9980493688,67,32245
docs\inst_test\instancias\n_1000_10,500,10,10,20,0.3000,42,9980504397,9980493688,63,32245
docs\inst_test\instancias\n_1000_10,500,10,10,20,0.3000,123,9980504397,9980493688,65,32245
docs\inst_test\instancias\n_1000_10,500,10,10,20,0.3000,2026,9980504397,9980493688,65,32245
docs\inst_test\instancias\n_1000_10,500,10,15,5,0.1000,42,9980504397,9980493688,81,32245
docs\inst_test\instancias\n_1000_10,500,10,15,5,0.1000,123,9980504397,9980493688,80,32245
docs\inst_test\instancias\n_1000_10,500,10,15,5,0.1000,2026,9980504819,9980493916,80,32245
docs\inst_test\instancias\n_1000_10,500,10,15,5,0.2000,42,9980504397,9980493688,79,32245
docs\inst_test\instancias\n_1000_10,500,10,15,5,0.2000,123,9980504397,9980493688,77,32245
docs\inst_test\instancias\n_1000_10,500,10,15,5,0.2000,2026,9980504397,9980493688,78,32245
docs\inst_test\instancias\n_1000_10,500,10,15,5,0.3000,42,9980504397,9980493688,75,32245
docs\inst_test\instancias\n_1000_10,500,10,15,5,0.3000,123,9980504397,9980493688,76,32245
docs\inst_test\instancias\n_1000_10,500,10,15,5,0.3000,2026,9980504397,9980493688,76,32245
docs\inst_test\instancias\n_1000_10,500,10,15,10,0.1000,42,9980504529,9980493829,73,32245
docs\inst_test\instancias\n_1000_10,500,10,15,10,0.1000,123,9980504397,9980493688,72,32245
docs\inst_test\instancias\n_1000_10,500,10,15,10,0.1000,2026,9980504650,9980493853,73,32245
docs\inst_test\instancias\n_1000_10,500,10,15,10,0.2000,42,9980504397,9980493688,70,32245
docs\inst_test\instancias\n_1000_10,500,10,15,10,0.2000,123,9980504397,9980493688,70,32245
docs\inst_test\instancias\n_1000_10,500,10,15,10,0.2000,2026,9980504397,9980493688,70,32245
docs\inst_test\instancias\n_1000_10,500,10,15,10,0.3000,42,9980504397,9980493688,70,32245
docs\inst_test\instancias\n_1000_10,500,10,15,10,0.3000,123,9980504397,9980493688,68,32245
docs\inst_test\instancias\n_1000_10,500,10,15,10,0.3000,2026,9980504397,9980493688,67,32245
docs\inst_test\instancias\n_1000_10,500,10,15,20,0.1000,42,9980504529,9980493829,73,32245
docs\inst_test\instancias\n_1000_10,500,10,15,20,0.1000,123,9980504397,9980493688,70,32245
docs\inst_test\instancias\n_1000_10,500,10,15,20,0.1000,2026,9980504650,9980493853,68,32245
docs\inst_test\instancias\n_1000_10,500,10,15,20,0.2000,42,9980504397,9980493688,67,32245
docs\inst_test\instancias\n_1000_10,500,10,15,20,0.2000,123,9980504397,9980493688,68,32245
docs\inst_test\instancias\n_1000_10,500,10,15,20,0.2000,2026,9980504397,9980493688,67,32245
docs\inst_test\instancias\n_1000_10,500,10,15,20,0.3000,42,9980504397,9980493688,64,32245
docs\inst_test\instancias\n_1000_10,500,10,15,20,0.3000,123,9980504397,9980493688,64,32245
docs\inst_test\instancias\n_1000_10,500,10,15,20,0.3000,2026,9980504397,9980493688,65,32245
docs\inst_test\instancias\n_1000_10,500,15,7,5,0.1000,42,9980504397,9980493688,81,32245
docs\inst_test\instancias\n_1000_10,500,15,7,5,0.1000,123,9980504397,9980493688,80,32245
docs\inst_test\instancias\n_1000_10,500,15,7,5,0.1000,2026,9980504819,9980493916,80,32245
docs\inst_test\instancias\n_1000_10,500,15,7,5,0.2000,42,9980504397,9980493688,78,32245
docs\inst_test\instancias\n_1000_10,500,15,7,5,0.2000,123,9980504397,9980493688,79,32245
docs\inst_test\instancias\n_1000_10,500,15,7,5,0.2000,2026,9980504397,9980493688,78,32245
docs\inst_test\instancias\n_1000_10,500,15,7,5,0.3000,42,9980504397,9980493688,77,32245
docs\inst_test\instancias\n_1000_10,500,15,7,5,0.3000,123,9980504397,9980493688,77,32245
docs\inst_test\instancias\n_1000_10,500,15,7,5,0.3000,2026,9980504397,9980493688,75,32245
docs\inst_test\instancias\n_1000_10,500,15,7,10,0.1000,42,9980504529,9980493829,73,32245
docs\inst_test\instancias\n_1000_10,500,15,7,10,0.1000,123,9980504397,9980493688,73,32245
docs\inst_test\instancias\n_1000_10,500,15,7,10,0.1000,2026,9980504650,9980493853,75,32245
docs\inst_test\instancias\n_1000_10,500,15,7,10,0.2000,42,9980504397,9980493688,71,32245
docs\inst_test\instancias\n_1000_10,500,15,7,10,0.2000,123,9980504397,9980493688,71,32245
docs\inst_test\instancias\n_1000_10,500,15,7,10,0.2000,2026,9980504397,9980493688,70,32245
docs\inst_test\instancias\n_1000_10,500,15,7,10,0.3000,42,9980504397,9980493688,68,32245
docs\inst_test\instancias\n_1000_10,500,15,7,10,0.3000,123,9980504397,9980493688,70,32245
docs\inst_test\instancias\n_1000_10,500,15,7,10,0.3000,2026,9980504397,9980493688,69,32245
docs\inst_test\instancias\n_1000_10,500,15,7,20,0.1000,42,9980504529,9980493829,69,32245
docs\inst_test\instancias\n_1000_10,500,15,7,20,0.1000,123,9980504397,9980493688,72,32245
docs\inst_test\instancias\n_1000_10,500,15,7,20,0.1000,2026,9980504650,9980493853,70,32245
docs\inst_test\instancias\n_1000_10,500,15,7,20,0.2000,42,9980504397,9980493688,67,32245
docs\inst_test\instancias\n_1000_10,500,15,7,20,0.2000,123,9980504397,9980493688,68,32245
docs\inst_test\instancias\n_1000_10,500,15,7,20,0.2000,2026,9980504397,9980493688,67,32245
docs\inst_test\instancias\n_1000_10,500,15,7,20,0.3000,42,9980504397,9980493688,64,32245
docs\inst_test\instancias\n_1000_10,500,15,7,20,0.3000,123,9980504397,9980493688,65,32245
docs\inst_test\instancias\n_1000_10,500,15,7,20,0.3000,2026,9980504397,9980493688,64,32245
docs\inst_test\instancias\n_1000_10,500,15,10,5,0.1000,42,9980504397,9980493688,81,32245
docs\inst_test\instancias\n_1000_10,500,15,10,5,0.1000,123,9980504397,9980493688,80,32245
docs\inst_test\instancias\n_1000_10,500,15,10,5,0.1000,2026,9980504819,9980493916,80,32245
docs\inst_test\instancias\n_1000_10,500,15,10,5,0.2000,42,9980504397,9980493688,79,32245
docs\inst_test\instancias\n_1000_10,500,15,10,5,0.2000,123,9980504397,9980493688,80,32245
docs\inst_test\instancias\n_1000_10,500,15,10,5,0.2000,2026,9980504397,9980493688,76,32245
docs\inst_test\instancias\n_1000_10,500,15,10,5,0.3000,42,9980504397,9980493688,76,32245
docs\inst_test\instancias\n_1000_10,500,15,10,5,0.3000,123,9980504397,9980493688,76,32245
docs\inst_test\instancias\n_1000_10,500,15,10,5,0.3000,2026,9980504397,9980493688,75,32245
docs\inst_test\instancias\n_1000_10,500,15,10,10,0.1000,42,9980504529,9980493829,74,32245
docs\inst_test\instancias\n_1000_10,500,15,10,10,0.1000,123,9980504397,9980493688,72,32245
docs\inst_test\instancias\n_1000_10,500,15,10,10,0.1000,2026,9980504650,9980493853,73,32245
docs\inst_test\instancias\n_1000_10,500,15,10,10,0.2000,42,9980504397,9980493688,70,32245
docs\inst_test\instancias\n_1000_10,500,15,10,10,0.2000,123,9980504397,9980493688,72,32245
docs\inst_test\instancias\n_1000_10,500,15,10,10,0.2000,2026,9980504397,9980493688,71,32245
docs\inst_test\instancias\n_1000_10,500,15,10,10,0.3000,42,9980504397,9980493688,70,32245
docs\inst_test\instancias\n_1000_10,500,15,10,10,0.3000,123,9980504397,9980493688,68,32245
docs\inst_test\instancias\n_1000_10,500,15,10,10,0.3000,2026,9980504397,9980493688,68,32245
docs\inst_test\instancias\n_1000_10,500,15,10,20,0.1000,42,9980504529,9980493829,70,32245
docs\inst_test\instancias\n_1000_10,500,15,10,20,0.1000,123,9980504397,9980493688,70,32245
docs\inst_test\instancias\n_1000_10,500,15,10,20,0.1000,2026,9980504650,9980493853,69,32245
docs\inst_test\instancias\n_1000_10,500,15,10,20,0.2000,42,9980504397,9980493688,67,32245
docs\inst_test\instancias\n_1000_10,500,15,10,20,0.2000,123,9980504397,9980493688,68,32245
docs\inst_test\instancias\n_1000_10,500,15,10,20,0.2000,2026,9980504397,9980493688,67,32245
docs\inst_test\instancias\n_1000_10,500,15,10,20,0.3000,42,9980504397,9980493688,63,32245
docs\inst_test\instancias\n_1000_10,500,15,10,20,0.3000,123,9980504397,9980493688,64,32245
docs\inst_test\instancias\n_1000_10,500,15,10,20,0.3000,2026,9980504397,9980493688,65,32245
docs\inst_test\instancias\n_1000_10,500,15,15,5,0.1000,42,9980504397,9980493688,80,32245
docs\inst_test\instancias\n_1000_10,500,15,15,5,0.1000,123,9980504397,9980493688,82,32245
docs\inst_test\instancias\n_1000_10,500,15,15,5,0.1000,2026,9980504819,9980493916,79,32245
docs\inst_test\instancias\n_1000_10,500,15,15,5,0.2000,42,9980504397,9980493688,77,32245
docs\inst_test\instancias\n_1000_10,500,15,15,5,0.2000,123,9980504397,9980493688,78,32245
docs\inst_test\instancias\n_1000_10,500,15,15,5,0.2000,2026,9980504397,9980493688,78,32245
docs\inst_test\instancias\n_1000_10,500,15,15,5,0.3000,42,9980504397,9980493688,75,32245
docs\inst_test\instancias\n_1000_10,500,15,15,5,0.3000,123,9980504397,9980493688,74,32245
docs\inst_test\instancias\n_1000_10,500,15,15,5,0.3000,2026,9980504397,9980493688,75,32245
docs\inst_test\instancias\n_1000_10,500,15,15,10,0.1000,42,9980504529,9980493829,73,32245
docs\inst_test\instancias\n_1000_10,500,15,15,10,0.1000,123,9980504397,9980493688,71,32245
docs\inst_test\instancias\n_1000_10,500,15,15,10,0.1000,2026,9980504650,9980493853,74,32245
docs\inst_test\instancias\n_1000_10,500,15,15,10,0.2000,42,9980504397,9980493688,70,32245
docs\inst_test\instancias\n_1000_10,500,15,15,10,0.2000,123,9980504397,9980493688,70,32245
docs\inst_test\instancias\n_1000_10,500,15,15,10,0.2000,2026,9980504397,9980493688,71,32245
docs\inst_test\instancias\n_1000_10,500,15,15,10,0.3000,42,9980504397,9980493688,68,32245
docs\inst_test\instancias\n_1000_10,500,15,15,10,0.3000,123,9980504397,9980493688,68,32245
docs\inst_test\instancias\n_1000_10,500,15,15,10,0.3000,2026,9980504397,9980493688,68,32245
docs\inst_test\instancias\n_1000_10,500,15,15,20,0.1000,42,9980504529,9980493829,70,32245
docs\inst_test\instancias\n_1000_10,500,15,15,20,0.1000,123,9980504397,9980493688,70,32245
docs\inst_test\instancias\n_1000_10,500,15,15,20,0.1000,2026,9980504650,9980493853,68,32245
docs\inst_test\instancias\n_1000_10,500,15,15,20,0.2000,42,9980504397,9980493688,68,32245
docs\inst_test\instancias\n_1000_10,500,15,15,20,0.2000,123,9980504397,9980493688,67,32245
docs\inst_test\instancias\n_1000_10,500,15,15,20,0.2000,2026,9980504397,9980493688,68,32245
docs\inst_test\instancias\n_1000_10,500,15,15,20,0.3000,42,9980504397,9980493688,64,32245
docs\inst_test\instancias\n_1000_10,500,15,15,20,0.3000,123,9980504397,9980493688,65,32245
docs\inst_test\instancias\n_1000_10,500,15,15,20,0.3000,2026,9980504397,9980493688,64,32245
docs\inst_test\instancias\n_1000_10,500,20,7,5,0.1000,42,9980504397,9980493688,80,32245
docs\inst_test\instancias\n_1000_10,500,20,7,5,0.1000,123,9980504397,9980493688,80,32245
docs\inst_test\instancias\n_1000_10,500,20,7,5,0.1000,2026,9980504819,9980493916,79,32245
docs\inst_test\instancias\n_1000_10,500,20,7,5,0.2000,42,9980504397,9980493688,78,32245
docs\inst_test\instancias\n_1000_10,500,20,7,5,0.2000,123,9980504397,9980493688,78,32245
docs\inst_test\instancias\n_1000_10,500,20,7,5,0.2000,2026,9980504397,9980493688,78,32245
docs\inst_test\instancias\n_1000_10,500,20,7,5,0.3000,42,9980504397,9980493688,75,32245
docs\inst_test\instancias\n_1000_10,500,20,7,5,0.3000,123,9980504397,9980493688,75,32245
docs\inst_test\instancias\n_1000_10,500,20,7,5,0.3000,2026,9980504397,9980493688,76,32245
docs\inst_test\instancias\n_1000_10,500,20,7,10,0.1000,42,9980504529,9980493829,73,32245
docs\inst_test\instancias\n_1000_10,500,20,7,10,0.1000,123,9980504397,9980493688,73,32245
docs\inst_test\instancias\n_1000_10,500,20,7,10,0.1000,2026,9980504650,9980493853,72,32245
docs\inst_test\instancias\n_1000_10,500,20,7,10,0.2000,42,9980504397,9980493688,72,32245
docs\inst_test\instancias\n_1000_10,500,20,7,10,0.2000,123,9980504397,9980493688,70,32245
docs\inst_test\instancias\n_1000_10,500,20,7,10,0.2000,2026,9980504397,9980493688,70,32245
docs\inst_test\instancias\n_1000_10,500,20,7,10,0.3000,42,9980504397,9980493688,67,32245
docs\inst_test\instancias\n_1000_10,500,20,7,10,0.3000,123,9980504397,9980493688,68,32245
docs\inst_test\instancias\n_1000_10,500,20,7,10,0.3000,2026,9980504397,9980493688,67,32245
docs\inst_test\instancias\n_1000_10,500,20,7,20,0.1000,42,9980504529,9980493829,69,32245
docs\inst_test\instancias\n_1000_10,500,20,7,20,0.1000,123,9980504397,9980493688,69,32245
docs\inst_test\instancias\n_1000_10,500,20,7,20,0.1000,2026,9980504650,9980493853,69,32245
docs\inst_test\instancias\n_1000_10,500,20,7,20,0.2000,42,9980504397,9980493688,66,32245
docs\inst_test\instancias\n_1000_10,500,20,7,20,0.2000,123,9980504397,9980493688,68,32245
docs\inst_test\instancias\n_1000_10,500,20,7,20,0.2000,2026,9980504397,9980493688,67,32245
docs\inst_test\instancias\n_1000_10,500,20,7,20,0.3000,42,9980504397,9980493688,64,32245
docs\inst_test\instancias\n_1000_10,500,20,7,20,0.3000,123,9980504397,9980493688,64,32245
docs\inst_test\instancias\n_1000_10,500,20,7,20,0.3000,2026,9980504397,9980493688,63,32245
docs\inst_test\instancias\n_1000_10,500,20,10,5,0.1000,42,9980504397,9980493688,83,32245
docs\inst_test\instancias\n_1000_10,500,20,10,5,0.1000,123,9980504397,9980493688,80,32245
docs\inst_test\instancias\n_1000_10,500,20,10,5,0.1000,2026,9980504819,9980493916,79,32245
docs\inst_test\instancias\n_1000_10,500,20,10,5,0.2000,42,9980504397,9980493688,81,32245
docs\inst_test\instancias\n_1000_10,500,20,10,5,0.2000,123,9980504397,9980493688,78,32245
docs\inst_test\instancias\n_1000_10,500,20,10,5,0.2000,2026,9980504397,9980493688,78,32245
docs\inst_test\instancias\n_1000_10,500,20,10,5,0.3000,42,9980504397,9980493688,75,32245
docs\inst_test\instancias\n_1000_10,500,20,10,5,0.3000,123,9980504397,9980493688,75,32245
docs\inst_test\instancias\n_1000_10,500,20,10,5,0.3000,2026,9980504397,9980493688,76,32245
docs\inst_test\instancias\n_1000_10,500,20,10,10,0.1000,42,9980504529,9980493829,73,32245
docs\inst_test\instancias\n_1000_10,500,20,10,10,0.1000,123,9980504397,9980493688,72,32245
docs\inst_test\instancias\n_1000_10,500,20,10,10,0.1000,2026,9980504650,9980493853,72,32245
docs\inst_test\instancias\n_1000_10,500,20,10,10,0.2000,42,9980504397,9980493688,71,32245
docs\inst_test\instancias\n_1000_10,500,20,10,10,0.2000,123,9980504397,9980493688,69,32245
docs\inst_test\instancias\n_1000_10,500,20,10,10,0.2000,2026,9980504397,9980493688,70,32245
docs\inst_test\instancias\n_1000_10,500,20,10,10,0.3000,42,9980504397,9980493688,67,32245
docs\inst_test\instancias\n_1000_10,500,20,10,10,0.3000,123,9980504397,9980493688,69,32245
docs\inst_test\instancias\n_1000_10,500,20,10,10,0.3000,2026,9980504397,9980493688,67,32245
docs\inst_test\instancias\n_1000_10,500,20,10,20,0.1000,42,9980504529,9980493829,69,32245
docs\inst_test\instancias\n_1000_10,500,20,10,20,0.1000,123,9980504397,9980493688,69,32245
docs\inst_test\instancias\n_1000_10,500,20,10,20,0.1000,2026,9980504650,9980493853,70,32245
docs\inst_test\instancias\n_1000_10,500,20,10,20,0.2000,42,9980504397,9980493688,66,32245
docs\inst_test\instancias\n_1000_10,500,20,10,20,0.2000,123,9980504397,9980493688,67,32245
docs\inst_test\instancias\n_1000_10,500,20,10,20,0.2000,2026,9980504397,9980493688,68,32245
docs\inst_test\instancias\n_1000_10,500,20,10,20,0.3000,42,9980504397,9980493688,64,32245
docs\inst_test\instancias\n_1000_10,500,20,10,20,0.3000,123,9980504397,9980493688,65,32245
docs\inst_test\instancias\n_1000_10,500,20,10,20,0.3000,2026,9980504397,9980493688,64,32245
docs\inst_test\instancias\n_1000_10,500,20,15,5,0.1000,42,9980504397,9980493688,79,32245
docs\inst_test\instancias\n_1000_10,500,20,15,5,0.1000,123,9980504397,9980493688,81,32245
docs\inst_test\instancias\n_1000_10,500,20,15,5,0.1000,2026,9980504819,9980493916,79,32245
docs\inst_test\instancias\n_1000_10,500,20,15,5,0.2000,42,9980504397,9980493688,79,32245
docs\inst_test\instancias\n_1000_10,500,20,15,5,0.2000,123,9980504397,9980493688,77,32245
docs\inst_test\instancias\n_1000_10,500,20,15,5,0.2000,2026,9980504397,9980493688,77,32245
docs\inst_test\instancias\n_1000_10,500,20,15,5,0.3000,42,9980504397,9980493688,74,32245
docs\inst_test\instancias\n_1000_10,500,20,15,5,0.3000,123,9980504397,9980493688,75,32245
docs\inst_test\instancias\n_1000_10,500,20,15,5,0.3000,2026,9980504397,9980493688,75,32245
docs\inst_test\instancias\n_1000_10,500,20,15,10,0.1000,42,9980504529,9980493829,72,32245
docs\inst_test\instancias\n_1000_10,500,20,15,10,0.1000,123,9980504397,9980493688,72,32245
docs\inst_test\instancias\n_1000_10,500,20,15,10,0.1000,2026,9980504650,9980493853,72,32245
docs\inst_test\instancias\n_1000_10,500,20,15,10,0.2000,42,9980504397,9980493688,71,32245
docs\inst_test\instancias\n_1000_10,500,20,15,10,0.2000,123,9980504397,9980493688,70,32245
docs\inst_test\instancias\n_1000_10,500,20,15,10,0.2000,2026,9980504397,9980493688,70,32245
docs\inst_test\instancias\n_1000_10,500,20,15,10,0.3000,42,9980504397,9980493688,68,32245
docs\inst_test\instancias\n_1000_10,500,20,15,10,0.3000,123,9980504397,9980493688,67,32245
docs\inst_test\instancias\n_1000_10,500,20,15,10,0.3000,2026,9980504397,9980493688,69,32245
docs\inst_test\instancias\n_1000_10,500,20,15,20,0.1000,42,9980504529,9980493829,69,32245
docs\inst_test\instancias\n_1000_10,500,20,15,20,0.1000,123,9980504397,9980493688,70,32245
docs\inst_test\instancias\n_1000_10,500,20,15,20,0.1000,2026,9980504650,9980493853,69,32245
docs\inst_test\instancias\n_1000_10,500,20,15,20,0.2000,42,9980504397,9980493688,67,32245
docs\inst_test\instancias\n_1000_10,500,20,15,20,0.2000,123,9980504397,9980493688,66,32245
docs\inst_test\instancias\n_1000_10,500,20,15,20,0.2000,2026,9980504397,9980493688,66,32245
docs\inst_test\instancias\n_1000_10,500,20,15,20,0.3000,42,9980504397,9980493688,64,32245
docs\inst_test\instancias\n_1000_10,500,20,15,20,0.3000,123,9980504397,9980493688,65,32245
docs\inst_test\instancias\n_1000_10,500,20,15,20,0.3000,2026,9980504397,9980493688,65,32245
docs\inst_test\instancias\n_1000_2,100,10,7,5,0.1000,42,9999331207,9999316534,15,29077
docs\inst_test\instancias\n_1000_2,100,10,7,5,0.1000,123,9996330629,9996316194,14,29077
docs\inst_test\instancias\n_1000_2,100,10,7,5,0.1000,2026,9998331097,9998316398,14,29077
docs\inst_test\instancias\n_1000_2,100,10,7,5,0.2000,42,9999858876,9999845001,14,29077
docs\inst_test\instancias\n_1000_2,100,10,7,5,0.2000,123,9994857334,9994843352,14,29077
docs\inst_test\instancias\n_1000_2,100,10,7,5,0.2000,2026,9988329174,9988314581,13,29077
docs\inst_test\instancias\n_1000_2,100,10,7,5,0.3000,42,9993382057,9993372299,14,29077
docs\inst_test\instancias\n_1000_2,100,10,7,5,0.3000,123,9990856748,9990842853,13,29077
docs\inst_test\instancias\n_1000_2,100,10,7,5,0.3000,2026,9998911217,9998901079,13,29077
docs\inst_test\instancias\n_1000_2,100,10,7,10,0.1000,42,9999331207,9999316534,14,29077
docs\inst_test\instancias\n_1000_2,100,10,7,10,0.1000,123,9996330629,9996316194,14,29077
docs\inst_test\instancias\n_1000_2,100,10,7,10,0.1000,2026,9998331097,9998316398,13,29077
docs\inst_test\instancias\n_1000_2,100,10,7,10,0.2000,42,9999858330,9999844531,14,29077
docs\inst_test\instancias\n_1000_2,100,10,7,10,0.2000,123,9990329527,9990314934,13,29077
docs\inst_test\instancias\n_1000_2,100,10,7,10,0.2000,2026,9988328180,9988314918,15,29077
docs\inst_test\instancias\n_1000_2,100,10,7,10,0.3000,42,9990329448,9990314935,14,29077
docs\inst_test\instancias\n_1000_2,100,10,7,10,0.3000,123,9990856748,9990842853,14,29077
docs\inst_test\instancias\n_1000_2,100,10,7,10,0.3000,2026,9998385415,9998372658,13,29077
docs\inst_test\instancias\n_1000_2,100,10,7,20,0.1000,42,9999331118,9999316242,14,29077
docs\inst_test\instancias\n_1000_2,100,10,7,20,0.1000,123,9996330629,9996316194,14,29077
docs\inst_test\instancias\n_1000_2,100,10,7,20,0.1000,2026,9998331097,9998316398,14,29077
docs\inst_test\instancias\n_1000_2,100,10,7,20,0.2000,42,9996330818,9996315713,13,29077
docs\inst_test\instancias\n_1000_2,100,10,7,20,0.2000,123,9987801402,9987786386,13,29077
docs\inst_test\instancias\n_1000_2,100,10,7,20,0.2000,2026,9987801402,9987786386,13,29077
docs\inst_test\instancias\n_1000_2,100,10,7,20,0.3000,42,9990329448,9990314935,12,29077
docs\inst_test\instancias\n_1000_2,100,10,7,20,0.3000,123,9990856664,9990843198,14,29077
docs\inst_test\instancias\n_1000_2,100,10,7,20,0.3000,2026,9998385388,9998372951,13,29077
docs\inst_test\instancias\n_1000_2,100,10,10,5,0.1000,42,9999331207,9999316534,15,29077
docs\inst_test\instancias\n_1000_2,100,10,10,5,0.1000,123,9996330629,9996316194,14,29077
docs\inst_test\instancias\n_1000_2,100,10,10,5,0.1000,2026,9998331097,9998316398,14,29077
docs\inst_test\instancias\n_1000_2,100,10,10,5,0.2000,42,9999858876,9999845001,14,29077
docs\inst_test\instancias\n_1000_2,100,10,10,5,0.2000,123,9994857334,9994843352,13,29077
docs\inst_test\instancias\n_1000_2,100,10,10,5,0.2000,2026,9988329174,9988314581,14,29077
docs\inst_test\instancias\n_1000_2,100,10,10,5,0.3000,42,9993382057,9993372299,14,29077
docs\inst_test\instancias\n_1000_2,100,10,10,5,0.3000,123,9990856748,9990842853,13,29077
docs\inst_test\instancias\n_1000_2,100,10,10,5,0.3000,2026,9998911217,9998901079,13,29077
docs\inst_test\instancias\n_1000_2,100,10,10,10,0.1000,42,9999331207,9999316534,13,29077
docs\inst_test\instancias\n_1000_2,100,10,10,10,0.1000,123,9996330629,9996316194,14,29077
docs\inst_test\instancias\n_1000_2,100,10,10,10,0.1000,2026,9998331097,9998316398,14,29077
docs\inst_test\instancias\n_1000_2,100,10,10,10,0.2000,42,9999858330,9999844531,14,29077
docs\inst_test\instancias\n_1000_2,100,10,10,10,0.2000,123,9990329527,9990314934,14,29077
docs\inst_test\instancias\n_1000_2,100,10,10,10,0.2000,2026,9988328180,9988314918,15,29077
docs\inst_test\instancias\n_1000_2,100,10,10,10,0.3000,42,9990329448,9990314935,14,29077
docs\inst_test\instancias\n_1000_2,100,10,10,10,0.3000,123,9990856748,9990842853,13,29077
docs\inst_test\instancias\n_1000_2,100,10,10,10,0.3000,2026,9998385415,9998372658,12,29077
docs\inst_test\instancias\n_1000_2,100,10,10,20,0.1000,42,9999331118,9999316242,14,29077
docs\inst_test\instancias\n_1000_2,100,10,10,20,0.1000,123,9996330629,9996316194,14,29077
docs\inst_test\instancias\n_1000_2,100,10,10,20,0.1000,2026,9998331097,9998316398,14,29077
docs\inst_test\instancias\n_1000_2,100,10,10,20,0.2000,42,9996330818,9996315713,14,29077
docs\inst_test\instancias\n_1000_2,100,10,10,20,0.2000,123,9987801402,9987786386,14,29077
docs\inst_test\instancias\n_1000_2,100,10,10,20,0.2000,2026,9987801402,9987786386,14,29077
docs\inst_test\instancias\n_1000_2,100,10,10,20,0.3000,42,9990329448,9990314935,14,29077
docs\inst_test\instancias\n_1000_2,100,10,10,20,0.3000,123,9990856664,9990843198,14,29077
docs\inst_test\instancias\n_1000_2,100,10,10,20,0.3000,2026,9998385388,9998372951,13,29077
docs\inst_test\instancias\n_1000_2,100,10,15,5,0.1000,42,9999331207,9999316534,15,29077
docs\inst_test\instancias\n_1000_2,100,10,15,5,0.1000,123,9996330629,9996316194,15,29077
docs\inst_test\instancias\n_1000_2,100,10,15,5,0.1000,2026,9998331097,9998316398,14,29077
docs\inst_test\instancias\n_1000_2,100,10,15,5,0.2000,42,9999858876,9999845001,13,29077
docs\inst_test\instancias\n_1000_2,100,10,15,5,0.2000,123,9994857334,9994843352,14,29077
docs\inst_test\instancias\n_1000_2,100,10,15,5,0.2000,2026,9988329174,9988314581,14,29077
docs\inst_test\instancias\n_1000_2,100,10,15,5,0.3000,42,9993382057,9993372299,14,29077
docs\inst_test\instancias\n_1000_2,100,10,15,5,0.3000,123,9990856748,9990842853,14,29077
docs\inst_test\instancias\n_1000_2,100,10,15,5,0.3000,2026,9998911217,9998901079,13,29077
docs\inst_test\instancias\n_1000_2,100,10,15,10,0.1000,42,9999331207,9999316534,14,29077
docs\inst_test\instancias\n_1000_2,100,10,15,10,0.1000,123,9996330629,9996316194,15,29077
docs\inst_test\instancias\n_1000_2,100,10,15,10,0.1000,2026,9998331097,9998316398,14,29077
docs\inst_test\instancias\n_1000_2,100,10,15,10,0.2000,42,9999858330,9999844531,14,29077
docs\inst_test\instancias\n_1000_2,100,10,15,10,0.2000,123,9990329527,9990314934,14,29077
docs\inst_test\instancias\n_1000_2,100,10,15,10,0.2000,2026,9988328180,9988314918,15,29077
docs\inst_test\instancias\n_1000_2,100,10,15,10,0.3000,42,9990329448,9990314935,14,29077
docs\inst_test\instancias\n_1000_2,100,10,15,10,0.3000,123,9990856748,9990842853,13,29077
docs\inst_test\instancias\n_1000_2,100,10,15,10,0.3000,2026,9998385415,9998372658,12,29077
docs\inst_test\instancias\n_1000_2,100,10,15,20,0.1000,42,9999331118,9999316242,16,29077
docs\inst_test\instancias\n_1000_2,100,10,15,20,0.1000,123,9996330629,9996316194,14,29077
docs\inst_test\instancias\n_1000_2,100,10,15,20,0.1000,2026,9998331097,9998316398,13,29077
docs\inst_test\instancias\n_1000_2,100,10,15,20,0.2000,42,9996330818,9996315713,13,29077
docs\inst_test\instancias\n_1000_2,100,10,15,20,0.2000,123,9987801402,9987786386,14,29077
docs\inst_test\instancias\n_1000_2,100,10,15,20,0.2000,2026,9987801402,9987786386,13,29077
docs\inst_test\instancias\n_1000_2,100,10,15,20,0.3000,42,9990329448,9990314935,12,29077
docs\inst_test\instancias\n_1000_2,100,10,15,20,0.3000,123,9990856664,9990843198,14,29077
docs\inst_test\instancias\n_1000_2,100,10,15,20,0.3000,2026,9998385388,9998372951,12,29077
docs\inst_test\instancias\n_1000_2,100,15,7,5,0.1000,42,9999331207,9999316534,15,29077
docs\inst_test\instancias\n_1000_2,100,15,7,5,0.1000,123,9996330629,9996316194,14,29077
docs\inst_test\instancias\n_1000_2,100,15,7,5,0.1000,2026,9998331097,9998316398,15,29077
docs\inst_test\instancias\n_1000_2,100,15,7,5,0.2000,42,9999858876,9999845001,13,29077
docs\inst_test\instancias\n_1000_2,100,15,7,5,0.2000,123,9994857334,9994843352,15,29077
docs\inst_test\instancias\n_1000_2,100,15,7,5,0.2000,2026,9988329174,9988314581,14,29077
docs\inst_test\instancias\n_1000_2,100,15,7,5,0.3000,42,9993382057,9993372299,13,29077
docs\inst_test\instancias\n_1000_2,100,15,7,5,0.3000,123,9990856748,9990842853,13,29077
docs\inst_test\instancias\n_1000_2,100,15,7,5,0.3000,2026,9998911217,9998901079,13,29077
docs\inst_test\instancias\n_1000_2,100,15,7,10,0.1000,42,9999331207,9999316534,14,29077
docs\inst_test\instancias\n_1000_2,100,15,7,10,0.1000,123,9996330629,9996316194,14,29077
docs\inst_test\instancias\n_1000_2,100,15,7,10,0.1000,2026,9998331097,9998316398,14,29077
docs\inst_test\instancias\n_1000_2,100,15,7,10,0.2000,42,9999858330,9999844531,14,29077
docs\inst_test\instancias\n_1000_2,100,15,7,10,0.2000,123,9990329527,9990314934,14,29077
docs\inst_test\instancias\n_1000_2,100,15,7,10,0.2000,2026,9988328180,9988314918,15,29077
docs\inst_test\instancias\n_1000_2,100,15,7,10,0.3000,42,9990329448,9990314935,14,29077
docs\inst_test\instancias\n_1000_2,100,15,7,10,0.3000,123,9990856748,9990842853,12,29077
docs\inst_test\instancias\n_1000_2,100,15,7,10,0.3000,2026,9998385415,9998372658,13,29077
docs\inst_test\instancias\n_1000_2,100,15,7,20,0.1000,42,9999331118,9999316242,14,29077
docs\inst_test\instancias\n_1000_2,100,15,7,20,0.1000,123,9996330629,9996316194,13,29077
docs\inst_test\instancias\n_1000_2,100,15,7,20,0.1000,2026,9998331097,9998316398,14,29077
docs\inst_test\instancias\n_1000_2,100,15,7,20,0.2000,42,9996330818,9996315713,14,29077
docs\inst_test\instancias\n_1000_2,100,15,7,20,0.2000,123,9987801402,9987786386,14,29077
docs\inst_test\instancias\n_1000_2,100,15,7,20,0.2000,2026,9987801402,9987786386,14,29077
docs\inst_test\instancias\n_1000_2,100,15,7,20,0.3000,42,9990329448,9990314935,13,29077
docs\inst_test\instancias\n_1000_2,100,15,7,20,0.3000,123,9990856664,9990843198,14,29077
docs\inst_test\instancias\n_1000_2,100,15,7,20,0.3000,2026,9998385388,9998372951,13,29077
docs\inst_test\instancias\n_1000_2,100,15,10,5,0.1000,42,9999331207,9999316534,15,29077
docs\inst_test\instancias\n_1000_2,100,15,10,5,0.1000,123,9996330629,9996316194,14,29077
docs\inst_test\instancias\n_1000_2,100,15,10,5,0.1000,2026,9998331097,9998316398,14,29077
docs\inst_test\instancias\n_1000_2,100,15,10,5,0.2000,42,9999858876,9999845001,14,29077
docs\inst_test\instancias\n_1000_2,100,15,10,5,0.2000,123,9994857334,9994843352,14,29077
docs\inst_test\instancias\n_1000_2,100,15,10,5,0.2000,2026,9988329174,9988314581,14,29077
docs\inst_test\instancias\n_1000_2,100,15,10,5,0.3000,42,9993382057,9993372299,15,29077
docs\inst_test\instancias\n_1000_2,100,15,10,5,0.3000,123,9990856748,9990842853,13,29077
docs\inst_test\instancias\n_1000_2,100,15,10,5,0.3000,2026,9998911217,9998901079,12,29077
docs\inst_test\instancias\n_1000_2,100,15,10,10,0.1000,42,9999331207,9999316534,15,29077
docs\inst_test\instancias\n_1000_2,100,15,10,10,0.1000,123,9996330629,9996316194,14,29077
docs\inst_test\instancias\n_1000_2,100,15,10,10,0.1000,2026,9998331097,9998316398,14,29077
docs\inst_test\instancias\n_1000_2,100,15,10,10,0.2000,42,9999858330,9999844531,13,29077
docs\inst_test\instancias\n_1000_2,100,15,10,10,0.2000,123,9990329527,9990314934,14,29077
docs\inst_test\instancias\n_1000_2,100,15,10,10,0.2000,2026,9988328180,9988314918,15,29077
docs\inst_test\instancias\n_1000_2,100,15,10,10,0.3000,42,9990329448,9990314935,13,29077
docs\inst_test\instancias\n_1000_2,100,15,10,10,0.3000,123,9990856748,9990842853,13,29077
docs\inst_test\instancias\n_1000_2,100,15,10,10,0.3000,2026,9998385415,9998372658,12,29077
docs\inst_test\instancias\n_1000_2,100,15,10,20,0.1000,42,9999331118,9999316242,14,29077
docs\inst_test\instancias\n_1000_2,100,15,10,20,0.1000,123,9996330629,9996316194,14,29077
docs\inst_test\instancias\n_1000_2,100,15,10,20,0.1000,2026,9998331097,9998316398,14,29077
docs\inst_test\instancias\n_1000_2,100,15,10,20,0.2000,42,9996330818,9996315713,13,29077
docs\inst_test\instancias\n_1000_2,100,15,10,20,0.2000,123,9987801402,9987786386,14,29077
docs\inst_test\instancias\n_1000_2,100,15,10,20,0.2000,2026,9987801402,9987786386,14,29077
docs\inst_test\instancias\n_1000_2,100,15,10,20,0.3000,42,9990329448,9990314935,14,29077
docs\inst_test\instancias\n_1000_2,100,15,10,20,0.3000,123,9990856664,9990843198,13,29077
docs\inst_test\instancias\n_1000_2,100,15,10,20,0.3000,2026,9998385388,9998372951,13,29077
docs\inst_test\instancias\n_1000_2,100,15,15,5,0.1000,42,9999331207,9999316534,14,29077
docs\inst_test\instancias\n_1000_2,100,15,15,5,0.1000,123,9996330629,9996316194,16,29077
docs\inst_test\instancias\n_1000_2,100,15,15,5,0.1000,2026,9998331097,9998316398,14,29077
docs\inst_test\instancias\n_1000_2,100,15,15,5,0.2000,42,9999858876,9999845001,14,29077
docs\inst_test\instancias\n_1000_2,100,15,15,5,0.2000,123,9994857334,9994843352,13,29077
docs\inst_test\instancias\n_1000_2,100,15,15,5,0.2000,2026,9988329174,9988314581,14,29077
docs\inst_test\instancias\n_1000_2,100,15,15,5,0.3000,42,9993382057,9993372299,13,29077
docs\inst_test\instancias\n_1000_2,100,15,15,5,0.3000,123,9990856748,9990842853,14,29077
docs\inst_test\instancias\n_1000_2,100,15,15,5,0.3000,2026,9998911217,9998901079,13,29077
docs\inst_test\instancias\n_1000_2,100,15,15,10,0.1000,42,9999331207,9999316534,15,29077
docs\inst_test\instancias\n_1000_2,100,15,15,10,0.1000,123,9996330629,9996316194,13,29077
docs\inst_test\instancias\n_1000_2,100,15,15,10,0.1000,2026,9998331097,9998316398,14,29077
docs\inst_test\instancias\n_1000_2,100,15,15,10,0.2000,42,9999858330,9999844531,14,29077
docs\inst_test\instancias\n_1000_2,100,15,15,10,0.2000,123,9990329527,9990314934,13,29077
docs\inst_test\instancias\n_1000_2,100,15,15,10,0.2000,2026,9988328180,9988314918,14,29077
docs\inst_test\instancias\n_1000_2,100,15,15,10,0.3000,42,9990329448,9990314935,13,29077
docs\inst_test\instancias\n_1000_2,100,15,15,10,0.3000,123,9990856748,9990842853,14,29077
docs\inst_test\instancias\n_1000_2,100,15,15,10,0.3000,2026,9998385415,9998372658,13,29077
docs\inst_test\instancias\n_1000_2,100,15,15,20,0.1000,42,9999331118,9999316242,14,29077
docs\inst_test\instancias\n_1000_2,100,15,15,20,0.1000,123,9996330629,9996316194,13,29077
docs\inst_test\instancias\n_1000_2,100,15,15,20,0.1000,2026,9998331097,9998316398,14,29077
docs\inst_test\instancias\n_1000_2,100,15,15,20,0.2000,42,9996330818,9996315713,13,29077
docs\inst_test\instancias\n_1000_2,100,15,15,20,0.2000,123,9987801402,9987786386,14,29077
docs\inst_test\instancias\n_1000_2,100,15,15,20,0.2000,2026,9987801402,9987786386,14,29077
docs\inst_test\instancias\n_1000_2,100,15,15,20,0.3000,42,9990329448,9990314935,13,29077
docs\inst_test\instancias\n_1000_2,100,15,15,20,0.3000,123,9990856664,9990843198,14,29077
docs\inst_test\instancias\n_1000_2,100,15,15,20,0.3000,2026,9998385388,9998372951,13,29077
docs\inst_test\instancias\n_1000_2,100,20,7,5,0.1000,42,9999331207,9999316534,15,29077
docs\inst_test\instancias\n_1000_2,100,20,7,5,0.1000,123,9996330629,9996316194,14,29077
docs\inst_test\instancias\n_1000_2,100,20,7,5,0.1000,2026,9998331097,9998316398,14,29077
docs\inst_test\instancias\n_1000_2,100,20,7,5,0.2000,42,9999858876,9999845001,14,29077
docs\inst_test\instancias\n_1000_2,100,20,7,5,0.2000,123,9994857334,9994843352,14,29077
docs\inst_test\instancias\n_1000_2,100,20,7,5,0.2000,2026,9988329174,9988314581,14,29077
docs\inst_test\instancias\n_1000_2,100,20,7,5,0.3000,42,9993382057,9993372299,14,29077
docs\inst_test\instancias\n_1000_2,100,20,7,5,0.3000,123,9990856748,9990842853,13,29077
docs\inst_test\instancias\n_1000_2,100,20,7,5,0.3000,2026,9998911217,9998901079,12,29077
docs\inst_test\instancias\n_1000_2,100,20,7,10,0.1000,42,9999331207,9999316534,15,29077
docs\inst_test\instancias\n_1000_2,100,20,7,10,0.1000,123,9996330629,9996316194,15,29077
docs\inst_test\instancias\n_1000_2,100,20,7,10,0.1000,2026,9998331097,9998316398,15,29077
docs\inst_test\instancias\n_1000_2,100,20,7,10,0.2000,42,9999858330,9999844531,14,29077
docs\inst_test\instancias\n_1000_2,100,20,7,10,0.2000,123,9990329527,9990314934,14,29077
docs\inst_test\instancias\n_1000_2,100,20,7,10,0.2000,2026,9988328180,9988314918,14,29077
docs\inst_test\instancias\n_1000_2,100,20,7,10,0.3000,42,9990329448,9990314935,14,29077
docs\inst_test\instancias\n_1000_2,100,20,7,10,0.3000,123,9990856748,9990842853,12,29077
docs\inst_test\instancias\n_1000_2,100,20,7,10,0.3000,2026,9998385415,9998372658,14,29077
docs\inst_test\instancias\n_1000_2,100,20,7,20,0.1000,42,9999331118,9999316242,14,29077
docs\inst_test\instancias\n_1000_2,100,20,7,20,0.1000,123,9996330629,9996316194,14,29077
docs\inst_test\instancias\n_1000_2,100,20,7,20,0.1000,2026,9998331097,9998316398,14,29077
docs\inst_test\instancias\n_1000_2,100,20,7,20,0.2000,42,9996330818,9996315713,14,29077
docs\inst_test\instancias\n_1000_2,100,20,7,20,0.2000,123,9987801402,9987786386,14,29077
docs\inst_test\instancias\n_1000_2,100,20,7,20,0.2000,2026,9987801402,9987786386,14,29077
docs\inst_test\instancias\n_1000_2,100,20,7,20,0.3000,42,9990329448,9990314935,15,29077
docs\inst_test\instancias\n_1000_2,100,20,7,20,0.3000,123,9990856664,9990843198,13,29077
docs\inst_test\instancias\n_1000_2,100,20,7,20,0.3000,2026,9998385388,9998372951,13,29077
docs\inst_test\instancias\n_1000_2,100,20,10,5,0.1000,42,9999331207,9999316534,14,29077
docs\inst_test\instancias\n_1000_2,100,20,10,5,0.1000,123,9996330629,9996316194,15,29077
docs\inst_test\instancias\n_1000_2,100,20,10,5,0.1000,2026,9998331097,9998316398,14,29077
docs\inst_test\instancias\n_1000_2,100,20,10,5,0.2000,42,9999858876,9999845001,14,29077
docs\inst_test\instancias\n_1000_2,100,20,10,5,0.2000,123,9994857334,9994843352,15,29077
docs\inst_test\instancias\n_1000_2,100,20,10,5,0.2000,2026,9988329174,9988314581,14,29077
docs\inst_test\instancias\n_1000_2,100,20,10,5,0.3000,42,9993382057,9993372299,15,29077
docs\inst_test\instancias\n_1000_2,100,20,10,5,0.3000,123,9990856748,9990842853,13,29077
docs\inst_test\instancias\n_1000_2,100,20,10,5,0.3000,2026,9998911217,9998901079,13,29077
docs\inst_test\instancias\n_1000_2,100,20,10,10,0.1000,42,9999331207,9999316534,14,29077
docs\inst_test\instancias\n_1000_2,100,20,10,10,0.1000,123,9996330629,9996316194,13,29077
docs\inst_test\instancias\n_1000_2,100,20,10,10,0.1000,2026,9998331097,9998316398,14,29077
docs\inst_test\instancias\n_1000_2,100,20,10,10,0.2000,42,9999858330,9999844531,14,29077
docs\inst_test\instancias\n_1000_2,100,20,10,10,0.2000,123,9990329527,9990314934,15,29077
docs\inst_test\instancias\n_1000_2,100,20,10,10,0.2000,2026,9988328180,9988314918,14,29077
docs\inst_test\instancias\n_1000_2,100,20,10,10,0.3000,42,9990329448,9990314935,13,29077
docs\inst_test\instancias\n_1000_2,100,20,10,10,0.3000,123,9990856748,9990842853,14,29077
docs\inst_test\instancias\n_1000_2,100,20,10,10,0.3000,2026,9998385415,9998372658,14,29077
docs\inst_test\instancias\n_1000_2,100,20,10,20,0.1000,42,9999331118,9999316242,14,29077
docs\inst_test\instancias\n_1000_2,100,20,10,20,0.1000,123,9996330629,9996316194,13,29077
docs\inst_test\instancias\n_1000_2,100,20,10,20,0.1000,2026,9998331097,9998316398,15,29077
docs\inst_test\instancias\n_1000_2,100,20,10,20,0.2000,42,9996330818,9996315713,14,29077
docs\inst_test\instancias\n_1000_2,100,20,10,20,0.2000,123,9987801402,9987786386,14,29077
docs\inst_test\instancias\n_1000_2,100,20,10,20,0.2000,2026,9987801402,9987786386,14,29077
docs\inst_test\instancias\n_1000_2,100,20,10,20,0.3000,42,9990329448,9990314935,14,29077
docs\inst_test\instancias\n_1000_2,100,20,10,20,0.3000,123,9990856664,9990843198,13,29077
docs\inst_test\instancias\n_1000_2,100,20,10,20,0.3000,2026,9998385388,9998372951,13,29077
docs\inst_test\instancias\n_1000_2,100,20,15,5,0.1000,42,9999331207,9999316534,15,29077
docs\inst_test\instancias\n_1000_2,100,20,15,5,0.1000,123,9996330629,9996316194,15,29077
docs\inst_test\instancias\n_1000_2,100,20,15,5,0.1000,2026,9998331097,9998316398,14,29077
docs\inst_test\instancias\n_1000_2,100,20,15,5,0.2000,42,9999858876,9999845001,13,29077
docs\inst_test\instancias\n_1000_2,100,20,15,5,0.2000,123,9994857334,9994843352,14,29077
docs\inst_test\instancias\n_1000_2,100,20,15,5,0.2000,2026,9988329174,9988314581,15,29077
docs\inst_test\instancias\n_1000_2,100,20,15,5,0.3000,42,9993382057,9993372299,14,29077
docs\inst_test\instancias\n_1000_2,100,20,15,5,0.3000,123,9990856748,9990842853,13,29077
docs\inst_test\instancias\n_1000_2,100,20,15,5,0.3000,2026,9998911217,9998901079,12,29077
docs\inst_test\instancias\n_1000_2,100,20,15,10,0.1000,42,9999331207,9999316534,14,29077
docs\inst_test\instancias\n_1000_2,100,20,15,10,0.1000,123,9996330629,9996316194,13,29077
docs\inst_test\instancias\n_1000_2,100,20,15,10,0.1000,2026,9998331097,9998316398,15,29077
docs\inst_test\instancias\n_1000_2,100,20,15,10,0.2000,42,9999858330,9999844531,14,29077
docs\inst_test\instancias\n_1000_2,100,20,15,10,0.2000,123,9990329527,9990314934,14,29077
docs\inst_test\instancias\n_1000_2,100,20,15,10,0.2000,2026,9988328180,9988314918,14,29077
docs\inst_test\instancias\n_1000_2,100,20,15,10,0.3000,42,9990329448,9990314935,14,29077
docs\inst_test\instancias\n_1000_2,100,20,15,10,0.3000,123,9990856748,9990842853,13,29077
docs\inst_test\instancias\n_1000_2,100,20,15,10,0.3000,2026,9998385415,9998372658,12,29077
docs\inst_test\instancias\n_1000_2,100,20,15,20,0.1000,42,9999331118,9999316242,13,29077
docs\inst_test\instancias\n_1000_2,100,20,15,20,0.1000,123,9996330629,9996316194,15,29077
docs\inst_test\instancias\n_1000_2,100,20,15,20,0.1000,2026,9998331097,9998316398,14,29077
docs\inst_test\instancias\n_1000_2,100,20,15,20,0.2000,42,9996330818,9996315713,14,29077
docs\inst_test\instancias\n_1000_2,100,20,15,20,0.2000,123,9987801402,9987786386,14,29077
docs\inst_test\instancias\n_1000_2,100,20,15,20,0.2000,2026,9987801402,9987786386,13,29077
docs\inst_test\instancias\n_1000_2,100,20,15,20,0.3000,42,9990329448,9990314935,13,29077
docs\inst_test\instancias\n_1000_2,100,20,15,20,0.3000,123,9990856664,9990843198,13,29077
docs\inst_test\instancias\n_1000_2,100,20,15,20,0.3000,2026,9998385388,9998372951,14,29077
docs\inst_test\instancias\n_1000_2,300,10,7,5,0.1000,42,9999331207,9999316534,48,29077
docs\inst_test\instancias\n_1000_2,300,10,7,5,0.1000,123,9997330825,9997316169,48,29077
docs\inst_test\instancias\n_1000_2,300,10,7,5,0.1000,2026,9998331097,9998316398,48,29077
docs\inst_test\instancias\n_1000_2,300,10,7,5,0.2000,42,9999858876,9999845001,45,29077
docs\inst_test\instancias\n_1000_2,300,10,7,5,0.2000,123,9999912391,9999900751,41,29077
docs\inst_test\instancias\n_1000_2,300,10,7,5,0.2000,2026,9998912519,9998900937,42,29077
docs\inst_test\instancias\n_1000_2,300,10,7,5,0.3000,42,9999964929,9999957495,37,29077
docs\inst_test\instancias\n_1000_2,300,10,7,5,0.3000,123,9999438622,9999429155,39,29077
docs\inst_test\instancias\n_1000_2,300,10,7,5,0.3000,2026,9999438838,9999429166,38,29077
docs\inst_test\instancias\n_1000_2,300,10,7,10,0.1000,42,9999331207,9999316534,44,29077
docs\inst_test\instancias\n_1000_2,300,10,7,10,0.1000,123,9996330629,9996316194,46,29077
docs\inst_test\instancias\n_1000_2,300,10,7,10,0.1000,2026,9998331097,9998316398,45,29077
docs\inst_test\instancias\n_1000_2,300,10,7,10,0.2000,42,9999858876,9999845001,42,29077
docs\inst_test\instancias\n_1000_2,300,10,7,10,0.2000,123,9999912391,9999900751,41,29077
docs\inst_test\instancias\n_1000_2,300,10,7,10,0.2000,2026,9996385206,9996372915,40,29077
docs\inst_test\instancias\n_1000_2,300,10,7,10,0.3000,42,9998438516,9998428988,36,29077
docs\inst_test\instancias\n_1000_2,300,10,7,10,0.3000,123,9996911904,9996900423,38,29077
docs\inst_test\instancias\n_1000_2,300,10,7,10,0.3000,2026,9999438838,9999429166,36,29077
docs\inst_test\instancias\n_1000_2,300,10,7,20,0.1000,42,9999331207,9999316534,44,29077
docs\inst_test\instancias\n_1000_2,300,10,7,20,0.1000,123,9996330629,9996316194,42,29077
docs\inst_test\instancias\n_1000_2,300,10,7,20,0.1000,2026,9998331097,9998316398,43,29077
docs\inst_test\instancias\n_1000_2,300,10,7,20,0.2000,42,9999858876,9999845001,40,29077
docs\inst_test\instancias\n_1000_2,300,10,7,20,0.2000,123,9998385547,9998372602,39,29077
docs\inst_test\instancias\n_1000_2,300,10,7,20,0.2000,2026,9996385206,9996372915,42,29077
docs\inst_test\instancias\n_1000_2,300,10,7,20,0.3000,42,9994911311,9994900125,38,29077
docs\inst_test\instancias\n_1000_2,300,10,7,20,0.3000,123,9992384096,9992371960,39,29077
docs\inst_test\instancias\n_1000_2,300,10,7,20,0.3000,2026,9998912310,9998901354,35,29077
docs\inst_test\instancias\n_1000_2,300,10,10,5,0.1000,42,9999331207,9999316534,50,29077
docs\inst_test\instancias\n_1000_2,300,10,10,5,0.1000,123,9997330825,9997316169,48,29077
docs\inst_test\instancias\n_1000_2,300,10,10,5,0.1000,2026,9998331097,9998316398,47,29077
docs\inst_test\instancias\n_1000_2,300,10,10,5,0.2000,42,9999858876,9999845001,44,29077
docs\inst_test\instancias\n_1000_2,300,10,10,5,0.2000,123,9999912391,9999900751,40,29077
docs\inst_test\instancias\n_1000_2,300,10,10,5,0.2000,2026,9998912519,9998900937,41,29077
docs\inst_test\instancias\n_1000_2,300,10,10,5,0.3000,42,9999964929,9999957495,37,29077
docs\inst_test\instancias\n_1000_2,300,10,10,5,0.3000,123,9999438622,9999429155,38,29077
docs\inst_test\instancias\n_1000_2,300,10,10,5,0.3000,2026,9999438838,9999429166,38,29077
docs\inst_test\instancias\n_1000_2,300,10,10,10,0.1000,42,9999331207,9999316534,44,29077
docs\inst_test\instancias\n_1000_2,300,10,10,10,0.1000,123,9996330629,9996316194,44,29077
docs\inst_test\instancias\n_1000_2,300,10,10,10,0.1000,2026,9998331097,9998316398,43,29077
docs\inst_test\instancias\n_1000_2,300,10,10,10,0.2000,42,9999858876,9999845001,41,29077
docs\inst_test\instancias\n_1000_2,300,10,10,10,0.2000,123,9999912391,9999900751,40,29077
docs\inst_test\instancias\n_1000_2,300,10,10,10,0.2000,2026,9996385206,9996372915,40,29077
docs\inst_test\instancias\n_1000_2,300,10,10,10,0.3000,42,9998438516,9998428988,38,29077
docs\inst_test\instancias\n_1000_2,300,10,10,10,0.3000,123,9996911904,9996900423,37,29077
docs\inst_test\instancias\n_1000_2,300,10,10,10,0.3000,2026,9999438838,9999429166,36,29077
docs\inst_test\instancias\n_1000_2,300,10,10,20,0.1000,42,9999331207,9999316534,45,29077
docs\inst_test\instancias\n_1000_2,300,10,10,20,0.1000,123,9996330629,9996316194,42,29077
docs\inst_test\instancias\n_1000_2,300,10,10,20,0.1000,2026,9998331097,9998316398,43,29077
docs\inst_test\instancias\n_1000_2,300,10,10,20,0.2000,42,9999858876,9999845001,40,29077
docs\inst_test\instancias\n_1000_2,300,10,10,20,0.2000,123,9998385547,9998372602,41,29077
docs\inst_test\instancias\n_1000_2,300,10,10,20,0.2000,2026,9996385206,9996372915,41,29077
docs\inst_test\instancias\n_1000_2,300,10,10,20,0.3000,42,9994911311,9994900125,39,29077
docs\inst_test\instancias\n_1000_2,300,10,10,20,0.3000,123,9992384096,9992371960,38,29077
docs\inst_test\instancias\n_1000_2,300,10,10,20,0.3000,2026,9998912310,9998901354,36,29077
docs\inst_test\instancias\n_1000_2,300,10,15,5,0.1000,42,9999331207,9999316534,48,29077
docs\inst_test\instancias\n_1000_2,300,10,15,5,0.1000,123,9997330825,9997316169,49,29077
docs\inst_test\instancias\n_1000_2,300,10,15,5,0.1000,2026,9998331097,9998316398,48,29077
docs\inst_test\instancias\n_1000_2,300,10,15,5,0.2000,42,9999858876,9999845001,45,29077
docs\inst_test\instancias\n_1000_2,300,10,15,5,0.2000,123,9999912391,9999900751,41,29077
docs\inst_test\instancias\n_1000_2,300,10,15,5,0.2000,2026,9998912519,9998900937,41,29077
docs\inst_test\instancias\n_1000_2,300,10,15,5,0.3000,42,9999964929,9999957495,38,29077
docs\inst_test\instancias\n_1000_2,300,10,15,5,0.3000,123,9999438622,9999429155,38,29077
docs\inst_test\instancias\n_1000_2,300,10,15,5,0.3000,2026,9999438838,9999429166,38,29077
docs\inst_test\instancias\n_1000_2,300,10,15,10,0.1000,42,9999331207,9999316534,44,29077
docs\inst_test\instancias\n_1000_2,300,10,15,10,0.1000,123,9996330629,9996316194,44,29077
docs\inst_test\instancias\n_1000_2,300,10,15,10,0.1000,2026,9998331097,9998316398,44,29077
docs\inst_test\instancias\n_1000_2,300,10,15,10,0.2000,42,9999858876,9999845001,42,29077
docs\inst_test\instancias\n_1000_2,300,10,15,10,0.2000,123,9999912391,9999900751,49,29077
docs\inst_test\instancias\n_1000_2,300,10,15,10,0.2000,2026,9996385206,9996372915,40,29077
docs\inst_test\instancias\n_1000_2,300,10,15,10,0.3000,42,9998438516,9998428988,36,29077
docs\inst_test\instancias\n_1000_2,300,10,15,10,0.3000,123,9996911904,9996900423,37,29077
docs\inst_test\instancias\n_1000_2,300,10,15,10,0.3000,2026,9999438838,9999429166,36,29077
docs\inst_test\instancias\n_1000_2,300,10,15,20,0.1000,42,9999331207,9999316534,43,29077
docs\inst_test\instancias\n_1000_2,300,10,15,20,0.1000,123,9996330629,9996316194,42,29077
docs\inst_test\instancias\n_1000_2,300,10,15,20,0.1000,2026,9998331097,9998316398,43,29077
docs\inst_test\instancias\n_1000_2,300,10,15,20,0.2000,42,9999858876,9999845001,40,29077
docs\inst_test\instancias\n_1000_2,300,10,15,20,0.2000,123,9998385547,9998372602,40,29077
docs\inst_test\instancias\n_1000_2,300,10,15,20,0.2000,2026,9996385206,9996372915,39,29077
docs\inst_test\instancias\n_1000_2,300,10,15,20,0.3000,42,9994911311,9994900125,38,29077
docs\inst_test\instancias\n_1000_2,300,10,15,20,0.3000,123,9992384096,9992371960,37,29077
docs\inst_test\instancias\n_1000_2,300,10,15,20,0.3000,2026,9998912310,9998901354,35,29077
docs\inst_test\instancias\n_1000_2,300,15,7,5,0.1000,42,9999331207,9999316534,47,29077
docs\inst_test\instancias\n_1000_2,300,15,7,5,0.1000,123,9997330825,9997316169,48,29077
docs\inst_test\instancias\n_1000_2,300,15,7,5,0.1000,2026,9998331097,9998316398,48,29077
docs\inst_test\instancias\n_1000_2,300,15,7,5,0.2000,42,9999858876,9999845001,46,29077
docs\inst_test\instancias\n_1000_2,300,15,7,5,0.2000,123,9999912391,9999900751,41,29077
docs\inst_test\instancias\n_1000_2,300,15,7,5,0.2000,2026,9998912519,9998900937,40,29077
docs\inst_test\instancias\n_1000_2,300,15,7,5,0.3000,42,9999964929,9999957495,36,29077
docs\inst_test\instancias\n_1000_2,300,15,7,5,0.3000,123,9999438622,9999429155,38,29077
docs\inst_test\instancias\n_1000_2,300,15,7,5,0.3000,2026,9999438838,9999429166,38,29077
docs\inst_test\instancias\n_1000_2,300,15,7,10,0.1000,42,9999331207,9999316534,44,29077
docs\inst_test\instancias\n_1000_2,300,15,7,10,0.1000,123,9996330629,9996316194,43,29077
docs\inst_test\instancias\n_1000_2,300,15,7,10,0.1000,2026,9998331097,9998316398,43,29077
docs\inst_test\instancias\n_1000_2,300,15,7,10,0.2000,42,9999858876,9999845001,41,29077
docs\inst_test\instancias\n_1000_2,300,15,7,10,0.2000,123,9999912391,9999900751,40,29077
docs\inst_test\instancias\n_1000_2,300,15,7,10,0.2000,2026,9996385206,9996372915,41,29077
docs\inst_test\instancias\n_1000_2,300,15,7,10,0.3000,42,9998438516,9998428988,37,29077
docs\inst_test\instancias\n_1000_2,300,15,7,10,0.3000,123,9996911904,9996900423,37,29077
docs\inst_test\instancias\n_1000_2,300,15,7,10,0.3000,2026,9999438838,9999429166,37,29077
docs\inst_test\instancias\n_1000_2,300,15,7,20,0.1000,42,9999331207,9999316534,43,29077
docs\inst_test\instancias\n_1000_2,300,15,7,20,0.1000,123,9996330629,9996316194,43,29077
docs\inst_test\instancias\n_1000_2,300,15,7,20,0.1000,2026,9998331097,9998316398,42,29077
docs\inst_test\instancias\n_1000_2,300,15,7,20,0.2000,42,9999858876,9999845001,40,29077
docs\inst_test\instancias\n_1000_2,300,15,7,20,0.2000,123,9998385547,9998372602,39,29077
docs\inst_test\instancias\n_1000_2,300,15,7,20,0.2000,2026,9996385206,9996372915,41,29077
docs\inst_test\instancias\n_1000_2,300,15,7,20,0.3000,42,9994911311,9994900125,38,29077
docs\inst_test\instancias\n_1000_2,300,15,7,20,0.3000,123,9992384096,9992371960,38,29077
docs\inst_test\instancias\n_1000_2,300,15,7,20,0.3000,2026,9998912310,9998901354,36,29077
docs\inst_test\instancias\n_1000_2,300,15,10,5,0.1000,42,9999331207,9999316534,49,29077
docs\inst_test\instancias\n_1000_2,300,15,10,5,0.1000,123,9997330825,9997316169,48,29077
docs\inst_test\instancias\n_1000_2,300,15,10,5,0.1000,2026,9998331097,9998316398,47,29077
docs\inst_test\instancias\n_1000_2,300,15,10,5,0.2000,42,9999858876,9999845001,44,29077
docs\inst_test\instancias\n_1000_2,300,15,10,5,0.2000,123,9999912391,9999900751,41,29077
docs\inst_test\instancias\n_1000_2,300,15,10,5,0.2000,2026,9998912519,9998900937,41,29077
docs\inst_test\instancias\n_1000_2,300,15,10,5,0.3000,42,9999964929,9999957495,36,29077
docs\inst_test\instancias\n_1000_2,300,15,10,5,0.3000,123,9999438622,9999429155,39,29077
docs\inst_test\instancias\n_1000_2,300,15,10,5,0.3000,2026,9999438838,9999429166,37,29077
docs\inst_test\instancias\n_1000_2,300,15,10,10,0.1000,42,9999331207,9999316534,46,29077
docs\inst_test\instancias\n_1000_2,300,15,10,10,0.1000,123,9996330629,9996316194,44,29077
docs\inst_test\instancias\n_1000_2,300,15,10,10,0.1000,2026,9998331097,9998316398,45,29077
docs\inst_test\instancias\n_1000_2,300,15,10,10,0.2000,42,9999858876,9999845001,41,29077
docs\inst_test\instancias\n_1000_2,300,15,10,10,0.2000,123,9999912391,9999900751,39,29077
docs\inst_test\instancias\n_1000_2,300,15,10,10,0.2000,2026,9996385206,9996372915,40,29077
docs\inst_test\instancias\n_1000_2,300,15,10,10,0.3000,42,9998438516,9998428988,38,29077
docs\inst_test\instancias\n_1000_2,300,15,10,10,0.3000,123,9996911904,9996900423,37,29077
docs\inst_test\instancias\n_1000_2,300,15,10,10,0.3000,2026,9999438838,9999429166,36,29077
docs\inst_test\instancias\n_1000_2,300,15,10,20,0.1000,42,9999331207,9999316534,42,29077
docs\inst_test\instancias\n_1000_2,300,15,10,20,0.1000,123,9996330629,9996316194,42,29077
docs\inst_test\instancias\n_1000_2,300,15,10,20,0.1000,2026,9998331097,9998316398,42,29077
docs\inst_test\instancias\n_1000_2,300,15,10,20,0.2000,42,9999858876,9999845001,40,29077
docs\inst_test\instancias\n_1000_2,300,15,10,20,0.2000,123,9998385547,9998372602,40,29077
docs\inst_test\instancias\n_1000_2,300,15,10,20,0.2000,2026,9996385206,9996372915,40,29077
docs\inst_test\instancias\n_1000_2,300,15,10,20,0.3000,42,9994911311,9994900125,37,29077
docs\inst_test\instancias\n_1000_2,300,15,10,20,0.3000,123,9992384096,9992371960,38,29077
docs\inst_test\instancias\n_1000_2,300,15,10,20,0.3000,2026,9998912310,9998901354,35,29077
docs\inst_test\instancias\n_1000_2,300,15,15,5,0.1000,42,9999331207,9999316534,48,29077
docs\inst_test\instancias\n_1000_2,300,15,15,5,0.1000,123,9997330825,9997316169,47,29077
docs\inst_test\instancias\n_1000_2,300,15,15,5,0.1000,2026,9998331097,9998316398,48,29077
docs\inst_test\instancias\n_1000_2,300,15,15,5,0.2000,42,9999858876,9999845001,44,29077
docs\inst_test\instancias\n_1000_2,300,15,15,5,0.2000,123,9999912391,9999900751,41,29077
docs\inst_test\instancias\n_1000_2,300,15,15,5,0.2000,2026,9998912519,9998900937,42,29077
docs\inst_test\instancias\n_1000_2,300,15,15,5,0.3000,42,9999964929,9999957495,37,29077
docs\inst_test\instancias\n_1000_2,300,15,15,5,0.3000,123,9999438622,9999429155,38,29077
docs\inst_test\instancias\n_1000_2,300,15,15,5,0.3000,2026,9999438838,9999429166,37,29077
docs\inst_test\instancias\n_1000_2,300,15,15,10,0.1000,42,9999331207,9999316534,44,29077
docs\inst_test\instancias\n_1000_2,300,15,15,10,0.1000,123,9996330629,9996316194,44,29077
docs\inst_test\instancias\n_1000_2,300,15,15,10,0.1000,2026,9998331097,9998316398,45,29077
docs\inst_test\instancias\n_1000_2,300,15,15,10,0.2000,42,9999858876,9999845001,42,29077
docs\inst_test\instancias\n_1000_2,300,15,15,10,0.2000,123,9999912391,9999900751,39,29077
docs\inst_test\instancias\n_1000_2,300,15,15,10,0.2000,2026,9996385206,9996372915,38,29077
docs\inst_test\instancias\n_1000_2,300,15,15,10,0.3000,42,9998438516,9998428988,37,29077
docs\inst_test\instancias\n_1000_2,300,15,15,10,0.3000,123,9996911904,9996900423,36,29077
docs\inst_test\instancias\n_1000_2,300,15,15,10,0.3000,2026,9999438838,9999429166,36,29077
docs\inst_test\instancias\n_1000_2,300,15,15,20,0.1000,42,9999331207,9999316534,43,29077
docs\inst_test\instancias\n_1000_2,300,15,15,20,0.1000,123,9996330629,9996316194,43,29077
docs\inst_test\instancias\n_1000_2,300,15,15,20,0.1000,2026,9998331097,9998316398,43,29077
docs\inst_test\instancias\n_1000_2,300,15,15,20,0.2000,42,9999858876,9999845001,39,29077
docs\inst_test\instancias\n_1000_2,300,15,15,20,0.2000,123,9998385547,9998372602,38,29077
docs\inst_test\instancias\n_1000_2,300,15,15,20,0.2000,2026,9996385206,9996372915,40,29077
docs\inst_test\instancias\n_1000_2,300,15,15,20,0.3000,42,9994911311,9994900125,37,29077
docs\inst_test\instancias\n_1000_2,300,15,15,20,0.3000,123,9992384096,9992371960,37,29077
docs\inst_test\instancias\n_1000_2,300,15,15,20,0.3000,2026,9998912310,9998901354,35,29077
docs\inst_test\instancias\n_1000_2,300,20,7,5,0.1000,42,9999331207,9999316534,48,29077
docs\inst_test\instancias\n_1000_2,300,20,7,5,0.1000,123,9997330825,9997316169,48,29077
docs\inst_test\instancias\n_1000_2,300,20,7,5,0.1000,2026,9998331097,9998316398,48,29077
docs\inst_test\instancias\n_1000_2,300,20,7,5,0.2000,42,9999858876,9999845001,46,29077
docs\inst_test\instancias\n_1000_2,300,20,7,5,0.2000,123,9999912391,9999900751,41,29077
docs\inst_test\instancias\n_1000_2,300,20,7,5,0.2000,2026,9998912519,9998900937,42,29077
docs\inst_test\instancias\n_1000_2,300,20,7,5,0.3000,42,9999964929,9999957495,37,29077
docs\inst_test\instancias\n_1000_2,300,20,7,5,0.3000,123,9999438622,9999429155,39,29077
docs\inst_test\instancias\n_1000_2,300,20,7,5,0.3000,2026,9999438838,9999429166,37,29077
docs\inst_test\instancias\n_1000_2,300,20,7,10,0.1000,42,9999331207,9999316534,45,29077
docs\inst_test\instancias\n_1000_2,300,20,7,10,0.1000,123,9996330629,9996316194,44,29077
docs\inst_test\instancias\n_1000_2,300,20,7,10,0.1000,2026,9998331097,9998316398,45,29077
docs\inst_test\instancias\n_1000_2,300,20,7,10,0.2000,42,9999858876,9999845001,42,29077
docs\inst_test\instancias\n_1000_2,300,20,7,10,0.2000,123,9999912391,9999900751,40,29077
docs\inst_test\instancias\n_1000_2,300,20,7,10,0.2000,2026,9996385206,9996372915,41,29077
docs\inst_test\instancias\n_1000_2,300,20,7,10,0.3000,42,9998438516,9998428988,37,29077
docs\inst_test\instancias\n_1000_2,300,20,7,10,0.3000,123,9996911904,9996900423,37,29077
docs\inst_test\instancias\n_1000_2,300,20,7,10,0.3000,2026,9999438838,9999429166,36,29077
docs\inst_test\instancias\n_1000_2,300,20,7,20,0.1000,42,9999331207,9999316534,43,29077
docs\inst_test\instancias\n_1000_2,300,20,7,20,0.1000,123,9996330629,9996316194,42,29077
docs\inst_test\instancias\n_1000_2,300,20,7,20,0.1000,2026,9998331097,9998316398,43,29077
docs\inst_test\instancias\n_1000_2,300,20,7,20,0.2000,42,9999858876,9999845001,41,29077
docs\inst_test\instancias\n_1000_2,300,20,7,20,0.2000,123,9998385547,9998372602,39,29077
docs\inst_test\instancias\n_1000_2,300,20,7,20,0.2000,2026,9996385206,9996372915,40,29077
docs\inst_test\instancias\n_1000_2,300,20,7,20,0.3000,42,9994911311,9994900125,38,29077
docs\inst_test\instancias\n_1000_2,300,20,7,20,0.3000,123,9992384096,9992371960,37,29077
docs\inst_test\instancias\n_1000_2,300,20,7,20,0.3000,2026,9998912310,9998901354,35,29077
docs\inst_test\instancias\n_1000_2,300,20,10,5,0.1000,42,9999331207,9999316534,49,29077
docs\inst_test\instancias\n_1000_2,300,20,10,5,0.1000,123,9997330825,9997316169,48,29077
docs\inst_test\instancias\n_1000_2,300,20,10,5,0.1000,2026,9998331097,9998316398,50,29077
docs\inst_test\instancias\n_1000_2,300,20,10,5,0.2000,42,9999858876,9999845001,45,29077
docs\inst_test\instancias\n_1000_2,300,20,10,5,0.2000,123,9999912391,9999900751,41,29077
docs\inst_test\instancias\n_1000_2,300,20,10,5,0.2000,2026,9998912519,9998900937,41,29077
docs\inst_test\instancias\n_1000_2,300,20,10,5,0.3000,42,9999964929,9999957495,36,29077
docs\inst_test\instancias\n_1000_2,300,20,10,5,0.3000,123,9999438622,9999429155,39,29077
docs\inst_test\instancias\n_1000_2,300,20,10,5,0.3000,2026,9999438838,9999429166,38,29077
docs\inst_test\instancias\n_1000_2,300,20,10,10,0.1000,42,9999331207,9999316534,45,29077
docs\inst_test\instancias\n_1000_2,300,20,10,10,0.1000,123,9996330629,9996316194,45,29077
docs\inst_test\instancias\n_1000_2,300,20,10,10,0.1000,2026,9998331097,9998316398,45,29077
docs\inst_test\instancias\n_1000_2,300,20,10,10,0.2000,42,9999858876,9999845001,42,29077
docs\inst_test\instancias\n_1000_2,300,20,10,10,0.2000,123,9999912391,9999900751,39,29077
docs\inst_test\instancias\n_1000_2,300,20,10,10,0.2000,2026,9996385206,9996372915,40,29077
docs\inst_test\instancias\n_1000_2,300,20,10,10,0.3000,42,9998438516,9998428988,37,29077
docs\inst_test\instancias\n_1000_2,300,20,10,10,0.3000,123,9996911904,9996900423,37,29077
docs\inst_test\instancias\n_1000_2,300,20,10,10,0.3000,2026,9999438838,9999429166,36,29077
docs\inst_test\instancias\n_1000_2,300,20,10,20,0.1000,42,9999331207,9999316534,43,29077
docs\inst_test\instancias\n_1000_2,300,20,10,20,0.1000,123,9996330629,9996316194,43,29077
docs\inst_test\instancias\n_1000_2,300,20,10,20,0.1000,2026,9998331097,9998316398,43,29077
docs\inst_test\instancias\n_1000_2,300,20,10,20,0.2000,42,9999858876,9999845001,40,29077
docs\inst_test\instancias\n_1000_2,300,20,10,20,0.2000,123,9998385547,9998372602,40,29077
docs\inst_test\instancias\n_1000_2,300,20,10,20,0.2000,2026,9996385206,9996372915,40,29077
docs\inst_test\instancias\n_1000_2,300,20,10,20,0.3000,42,9994911311,9994900125,38,29077
docs\inst_test\instancias\n_1000_2,300,20,10,20,0.3000,123,9992384096,9992371960,37,29077
docs\inst_test\instancias\n_1000_2,300,20,10,20,0.3000,2026,9998912310,9998901354,35,29077
docs\inst_test\instancias\n_1000_2,300,20,15,5,0.1000,42,9999331207,9999316534,48,29077
docs\inst_test\instancias\n_1000_2,300,20,15,5,0.1000,123,9997330825,9997316169,48,29077
docs\inst_test\instancias\n_1000_2,300,20,15,5,0.1000,2026,9998331097,9998316398,48,29077
docs\inst_test\instancias\n_1000_2,300,20,15,5,0.2000,42,9999858876,9999845001,45,29077
docs\inst_test\instancias\n_1000_2,300,20,15,5,0.2000,123,9999912391,9999900751,41,29077
docs\inst_test\instancias\n_1000_2,300,20,15,5,0.2000,2026,9998912519,9998900937,41,29077
docs\inst_test\instancias\n_1000_2,300,20,15,5,0.3000,42,9999964929,9999957495,37,29077
docs\inst_test\instancias\n_1000_2,300,20,15,5,0.3000,123,9999438622,9999429155,39,29077
docs\inst_test\instancias\n_1000_2,300,20,15,5,0.3000,2026,9999438838,9999429166,39,29077
docs\inst_test\instancias\n_1000_2,300,20,15,10,0.1000,42,9999331207,9999316534,46,29077
docs\inst_test\instancias\n_1000_2,300,20,15,10,0.1000,123,9996330629,9996316194,45,29077
docs\inst_test\instancias\n_1000_2,300,20,15,10,0.1000,2026,9998331097,9998316398,46,29077
docs\inst_test\instancias\n_1000_2,300,20,15,10,0.2000,42,9999858876,9999845001,41,29077
docs\inst_test\instancias\n_1000_2,300,20,15,10,0.2000,123,9999912391,9999900751,40,29077
docs\inst_test\instancias\n_1000_2,300,20,15,10,0.2000,2026,9996385206,9996372915,40,29077
docs\inst_test\instancias\n_1000_2,300,20,15,10,0.3000,42,9998438516,9998428988,37,29077
docs\inst_test\instancias\n_1000_2,300,20,15,10,0.3000,123,9996911904,9996900423,37,29077
docs\inst_test\instancias\n_1000_2,300,20,15,10,0.3000,2026,9999438838,9999429166,37,29077
docs\inst_test\instancias\n_1000_2,300,20,15,20,0.1000,42,9999331207,9999316534,42,29077
docs\inst_test\instancias\n_1000_2,300,20,15,20,0.1000,123,9996330629,9996316194,42,29077
docs\inst_test\instancias\n_1000_2,300,20,15,20,0.1000,2026,9998331097,9998316398,43,29077
docs\inst_test\instancias\n_1000_2,300,20,15,20,0.2000,42,9999858876,9999845001,41,29077
docs\inst_test\instancias\n_1000_2,300,20,15,20,0.2000,123,9998385547,9998372602,40,29077
docs\inst_test\instancias\n_1000_2,300,20,15,20,0.2000,2026,9996385206,9996372915,41,29077
docs\inst_test\instancias\n_1000_2,300,20,15,20,0.3000,42,9994911311,9994900125,37,29077
docs\inst_test\instancias\n_1000_2,300,20,15,20,0.3000,123,9992384096,9992371960,38,29077
docs\inst_test\instancias\n_1000_2,300,20,15,20,0.3000,2026,9998912310,9998901354,36,29077
docs\inst_test\instancias\n_1000_2,500,10,7,5,0.1000,42,9999331207,9999316534,83,29077
docs\inst_test\instancias\n_1000_2,500,10,7,5,0.1000,123,9997330834,9997316081,81,29077
docs\inst_test\instancias\n_1000_2,500,10,7,5,0.1000,2026,9998331097,9998316398,82,29077
docs\inst_test\instancias\n_1000_2,500,10,7,5,0.2000,42,9999858876,9999845001,77,29077
docs\inst_test\instancias\n_1000_2,500,10,7,5,0.2000,123,9999912391,9999900751,71,29077
docs\inst_test\instancias\n_1000_2,500,10,7,5,0.2000,2026,9998912519,9998900937,71,29077
docs\inst_test\instancias\n_1000_2,500,10,7,5,0.3000,42,9999964929,9999957495,60,29077
docs\inst_test\instancias\n_1000_2,500,10,7,5,0.3000,123,9999438622,9999429155,63,29077
docs\inst_test\instancias\n_1000_2,500,10,7,5,0.3000,2026,9999438838,9999429166,65,29077
docs\inst_test\instancias\n_1000_2,500,10,7,10,0.1000,42,9999331207,9999316534,76,29077
docs\inst_test\instancias\n_1000_2,500,10,7,10,0.1000,123,9996330629,9996316194,76,29077
docs\inst_test\instancias\n_1000_2,500,10,7,10,0.1000,2026,9998331097,9998316398,75,29077
docs\inst_test\instancias\n_1000_2,500,10,7,10,0.2000,42,9999858876,9999845001,71,29077
docs\inst_test\instancias\n_1000_2,500,10,7,10,0.2000,123,9999912391,9999900751,64,29077
docs\inst_test\instancias\n_1000_2,500,10,7,10,0.2000,2026,9998912519,9998900937,66,29077
docs\inst_test\instancias\n_1000_2,500,10,7,10,0.3000,42,9999964929,9999957495,58,29077
docs\inst_test\instancias\n_1000_2,500,10,7,10,0.3000,123,9999438622,9999429155,61,29077
docs\inst_test\instancias\n_1000_2,500,10,7,10,0.3000,2026,9999438838,9999429166,58,29077
docs\inst_test\instancias\n_1000_2,500,10,7,20,0.1000,42,9999331207,9999316534,72,29077
docs\inst_test\instancias\n_1000_2,500,10,7,20,0.1000,123,9996330629,9996316194,70,29077
docs\inst_test\instancias\n_1000_2,500,10,7,20,0.1000,2026,9998331097,9998316398,71,29077
docs\inst_test\instancias\n_1000_2,500,10,7,20,0.2000,42,9999858876,9999845001,68,29077
docs\inst_test\instancias\n_1000_2,500,10,7,20,0.2000,123,9999912391,9999900751,62,29077
docs\inst_test\instancias\n_1000_2,500,10,7,20,0.2000,2026,9996385206,9996372915,64,29077
docs\inst_test\instancias\n_1000_2,500,10,7,20,0.3000,42,9999964923,9999957651,60,29077
docs\inst_test\instancias\n_1000_2,500,10,7,20,0.3000,123,9996911904,9996900423,60,29077
docs\inst_test\instancias\n_1000_2,500,10,7,20,0.3000,2026,9999438838,9999429166,58,29077
docs\inst_test\instancias\n_1000_2,500,10,10,5,0.1000,42,9999331207,9999316534,82,29077
docs\inst_test\instancias\n_1000_2,500,10,10,5,0.1000,123,9997330834,9997316081,81,29077
docs\inst_test\instancias\n_1000_2,500,10,10,5,0.1000,2026,9998331097,9998316398,82,29077
docs\inst_test\instancias\n_1000_2,500,10,10,5,0.2000,42,9999858876,9999845001,76,29077
docs\inst_test\instancias\n_1000_2,500,10,10,5,0.2000,123,9999912391,9999900751,69,29077
docs\inst_test\instancias\n_1000_2,500,10,10,5,0.2000,2026,9998912519,9998900937,69,29077
docs\inst_test\instancias\n_1000_2,500,10,10,5,0.3000,42,9999964929,9999957495,61,29077
docs\inst_test\instancias\n_1000_2,500,10,10,5,0.3000,123,9999438622,9999429155,63,29077
docs\inst_test\instancias\n_1000_2,500,10,10,5,0.3000,2026,9999438838,9999429166,63,29077
docs\inst_test\instancias\n_1000_2,500,10,10,10,0.1000,42,9999331207,9999316534,75,29077
docs\inst_test\instancias\n_1000_2,500,10,10,10,0.1000,123,9996330629,9996316194,76,29077
docs\inst_test\instancias\n_1000_2,500,10,10,10,0.1000,2026,9998331097,9998316398,76,29077
docs\inst_test\instancias\n_1000_2,500,10,10,10,0.2000,42,9999858876,9999845001,70,29077
docs\inst_test\instancias\n_1000_2,500,10,10,10,0.2000,123,9999912391,9999900751,68,29077
docs\inst_test\instancias\n_1000_2,500,10,10,10,0.2000,2026,9998912519,9998900937,67,29077
docs\inst_test\instancias\n_1000_2,500,10,10,10,0.3000,42,9999964929,9999957495,57,29077
docs\inst_test\instancias\n_1000_2,500,10,10,10,0.3000,123,9999438622,9999429155,62,29077
docs\inst_test\instancias\n_1000_2,500,10,10,10,0.3000,2026,9999438838,9999429166,59,29077
docs\inst_test\instancias\n_1000_2,500,10,10,20,0.1000,42,9999331207,9999316534,72,29077
docs\inst_test\instancias\n_1000_2,500,10,10,20,0.1000,123,9996330629,9996316194,72,29077
docs\inst_test\instancias\n_1000_2,500,10,10,20,0.1000,2026,9998331097,9998316398,72,29077
docs\inst_test\instancias\n_1000_2,500,10,10,20,0.2000,42,9999858876,9999845001,67,29077
docs\inst_test\instancias\n_1000_2,500,10,10,20,0.2000,123,9999912391,9999900751,64,29077
docs\inst_test\instancias\n_1000_2,500,10,10,20,0.2000,2026,9996385206,9996372915,65,29077
docs\inst_test\instancias\n_1000_2,500,10,10,20,0.3000,42,9999964923,9999957651,59,29077
docs\inst_test\instancias\n_1000_2,500,10,10,20,0.3000,123,9996911904,9996900423,60,29077
docs\inst_test\instancias\n_1000_2,500,10,10,20,0.3000,2026,9999438838,9999429166,56,29077
docs\inst_test\instancias\n_1000_2,500,10,15,5,0.1000,42,9999331207,9999316534,82,29077
docs\inst_test\instancias\n_1000_2,500,10,15,5,0.1000,123,9997330834,9997316081,80,29077
docs\inst_test\instancias\n_1000_2,500,10,15,5,0.1000,2026,9998331097,9998316398,83,29077
docs\inst_test\instancias\n_1000_2,500,10,15,5,0.2000,42,9999858876,9999845001,78,29077
docs\inst_test\instancias\n_1000_2,500,10,15,5,0.2000,123,9999912391,9999900751,69,29077
docs\inst_test\instancias\n_1000_2,500,10,15,5,0.2000,2026,9998912519,9998900937,69,29077
docs\inst_test\instancias\n_1000_2,500,10,15,5,0.3000,42,9999964929,9999957495,60,29077
docs\inst_test\instancias\n_1000_2,500,10,15,5,0.3000,123,9999438622,9999429155,64,29077
docs\inst_test\instancias\n_1000_2,500,10,15,5,0.3000,2026,9999438838,9999429166,63,29077
docs\inst_test\instancias\n_1000_2,500,10,15,10,0.1000,42,9999331207,9999316534,75,29077
docs\inst_test\instancias\n_1000_2,500,10,15,10,0.1000,123,9996330629,9996316194,74,29077
docs\inst_test\instancias\n_1000_2,500,10,15,10,0.1000,2026,9998331097,9998316398,75,29077
docs\inst_test\instancias\n_1000_2,500,10,15,10,0.2000,42,9999858876,9999845001,71,29077
docs\inst_test\instancias\n_1000_2,500,10,15,10,0.2000,123,9999912391,9999900751,63,29077
docs\inst_test\instancias\n_1000_2,500,10,15,10,0.2000,2026,9998912519,9998900937,65,29077
docs\inst_test\instancias\n_1000_2,500,10,15,10,0.3000,42,9999964929,9999957495,57,29077
docs\inst_test\instancias\n_1000_2,500,10,15,10,0.3000,123,9999438622,9999429155,61,29077
docs\inst_test\instancias\n_1000_2,500,10,15,10,0.3000,2026,9999438838,9999429166,57,29077
docs\inst_test\instancias\n_1000_2,500,10,15,20,0.1000,42,9999331207,9999316534,72,29077
docs\inst_test\instancias\n_1000_2,500,10,15,20,0.1000,123,9996330629,9996316194,73,29077
docs\inst_test\instancias\n_1000_2,500,10,15,20,0.1000,2026,9998331097,9998316398,71,29077
docs\inst_test\instancias\n_1000_2,500,10,15,20,0.2000,42,9999858876,9999845001,66,29077
docs\inst_test\instancias\n_1000_2,500,10,15,20,0.2000,123,9999912391,9999900751,63,29077
docs\inst_test\instancias\n_1000_2,500,10,15,20,0.2000,2026,9996385206,9996372915,65,29077
docs\inst_test\instancias\n_1000_2,500,10,15,20,0.3000,42,9999964923,9999957651,60,29077
docs\inst_test\instancias\n_1000_2,500,10,15,20,0.3000,123,9996911904,9996900423,59,29077
docs\inst_test\instancias\n_1000_2,500,10,15,20,0.3000,2026,9999438838,9999429166,57,29077
docs\inst_test\instancias\n_1000_2,500,15,7,5,0.1000,42,9999331207,9999316534,75,29077
docs\inst_test\instancias\n_1000_2,500,15,7,5,0.1000,123,9997330834,9997316081,73,29077
docs\inst_test\instancias\n_1000_2,500,15,7,5,0.1000,2026,9998331097,9998316398,75,29077
docs\inst_test\instancias\n_1000_2,500,15,7,5,0.2000,42,9999858876,9999845001,70,29077
docs\inst_test\instancias\n_1000_2,500,15,7,5,0.2000,123,9999912391,9999900751,62,29077
docs\inst_test\instancias\n_1000_2,500,15,7,5,0.2000,2026,9998912519,9998900937,62,29077
docs\inst_test\instancias\n_1000_2,500,15,7,5,0.3000,42,9999964929,9999957495,55,29077
docs\inst_test\instancias\n_1000_2,500,15,7,5,0.3000,123,9999438622,9999429155,57,29077
docs\inst_test\instancias\n_1000_2,500,15,7,5,0.3000,2026,9999438838,9999429166,57,29077
docs\inst_test\instancias\n_1000_2,500,15,7,10,0.1000,42,9999331207,9999316534,67,29077
docs\inst_test\instancias\n_1000_2,500,15,7,10,0.1000,123,9996330629,9996316194,67,29077
docs\inst_test\instancias\n_1000_2,500,15,7,10,0.1000,2026,9998331097,9998316398,67,29077
docs\inst_test\instancias\n_1000_2,500,15,7,10,0.2000,42,9999858876,9999845001,64,29077
docs\inst_test\instancias\n_1000_2,500,15,7,10,0.2000,123,9999912391,9999900751,58,29077
docs\inst_test\instancias\n_1000_2,500,15,7,10,0.2000,2026,9998912519,9998900937,57,29077
docs\inst_test\instancias\n_1000_2,500,15,7,10,0.3000,42,9999964929,9999957495,52,29077
docs\inst_test\instancias\n_1000_2,500,15,7,10,0.3000,123,9999438622,9999429155,54,29077
docs\inst_test\instancias\n_1000_2,500,15,7,10,0.3000,2026,9999438838,9999429166,51,29077
docs\inst_test\instancias\n_1000_2,500,15,7,20,0.1000,42,9999331207,9999316534,65,29077
docs\inst_test\instancias\n_1000_2,500,15,7,20,0.1000,123,9996330629,9996316194,64,29077
docs\inst_test\instancias\n_1000_2,500,15,7,20,0.1000,2026,9998331097,9998316398,64,29077
docs\inst_test\instancias\n_1000_2,500,15,7,20,0.2000,42,9999858876,9999845001,61,29077
docs\inst_test\instancias\n_1000_2,500,15,7,20,0.2000,123,9999912391,9999900751,55,29077
docs\inst_test\instancias\n_1000_2,500,15,7,20,0.2000,2026,9996385206,9996372915,59,29077
docs\inst_test\instancias\n_1000_2,500,15,7,20,0.3000,42,9999964923,9999957651,53,29077
docs\inst_test\instancias\n_1000_2,500,15,7,20,0.3000,123,9996911904,9996900423,53,29077
docs\inst_test\instancias\n_1000_2,500,15,7,20,0.3000,2026,9999438838,9999429166,51,29077
docs\inst_test\instancias\n_1000_2,500,15,10,5,0.1000,42,9999331207,9999316534,76,29077
docs\inst_test\instancias\n_1000_2,500,15,10,5,0.1000,123,9997330834,9997316081,73,29077
docs\inst_test\instancias\n_1000_2,500,15,10,5,0.1000,2026,9998331097,9998316398,75,29077
docs\inst_test\instancias\n_1000_2,500,15,10,5,0.2000,42,9999858876,9999845001,69,29077
docs\inst_test\instancias\n_1000_2,500,15,10,5,0.2000,123,9999912391,9999900751,62,29077
docs\inst_test\instancias\n_1000_2,500,15,10,5,0.2000,2026,9998912519,9998900937,63,29077
docs\inst_test\instancias\n_1000_2,500,15,10,5,0.3000,42,9999964929,9999957495,55,29077
docs\inst_test\instancias\n_1000_2,500,15,10,5,0.3000,123,9999438622,9999429155,58,29077
docs\inst_test\instancias\n_1000_2,500,15,10,5,0.3000,2026,9999438838,9999429166,57,29077
docs\inst_test\instancias\n_1000_2,500,15,10,10,0.1000,42,9999331207,9999316534,68,29077
docs\inst_test\instancias\n_1000_2,500,15,10,10,0.1000,123,9996330629,9996316194,67,29077
docs\inst_test\instancias\n_1000_2,500,15,10,10,0.1000,2026,9998331097,9998316398,67,29077
docs\inst_test\instancias\n_1000_2,500,15,10,10,0.2000,42,9999858876,9999845001,62,29077
docs\inst_test\instancias\n_1000_2,500,15,10,10,0.2000,123,9999912391,9999900751,56,29077
docs\inst_test\instancias\n_1000_2,500,15,10,10,0.2000,2026,9998912519,9998900937,59,29077
docs\inst_test\instancias\n_1000_2,500,15,10,10,0.3000,42,9999964929,9999957495,51,29077
docs\inst_test\instancias\n_1000_2,500,15,10,10,0.3000,123,9999438622,9999429155,54,29077
docs\inst_test\instancias\n_1000_2,500,15,10,10,0.3000,2026,9999438838,9999429166,52,29077
docs\inst_test\instancias\n_1000_2,500,15,10,20,0.1000,42,9999331207,9999316534,65,29077
docs\inst_test\instancias\n_1000_2,500,15,10,20,0.1000,123,9996330629,9996316194,64,29077
docs\inst_test\instancias\n_1000_2,500,15,10,20,0.1000,2026,9998331097,9998316398,65,29077
docs\inst_test\instancias\n_1000_2,500,15,10,20,0.2000,42,9999858876,9999845001,59,29077
docs\inst_test\instancias\n_1000_2,500,15,10,20,0.2000,123,9999912391,9999900751,57,29077
docs\inst_test\instancias\n_1000_2,500,15,10,20,0.2000,2026,9996385206,9996372915,58,29077
docs\inst_test\instancias\n_1000_2,500,15,10,20,0.3000,42,9999964923,9999957651,52,29077
docs\inst_test\instancias\n_1000_2,500,15,10,20,0.3000,123,9996911904,9996900423,54,29077
docs\inst_test\instancias\n_1000_2,500,15,10,20,0.3000,2026,9999438838,9999429166,50,29077
docs\inst_test\instancias\n_1000_2,500,15,15,5,0.1000,42,9999331207,9999316534,76,29077
docs\inst_test\instancias\n_1000_2,500,15,15,5,0.1000,123,9997330834,9997316081,72,29077
docs\inst_test\instancias\n_1000_2,500,15,15,5,0.1000,2026,9998331097,9998316398,75,29077
docs\inst_test\instancias\n_1000_2,500,15,15,5,0.2000,42,9999858876,9999845001,69,29077
docs\inst_test\instancias\n_1000_2,500,15,15,5,0.2000,123,9999912391,9999900751,63,29077
docs\inst_test\instancias\n_1000_2,500,15,15,5,0.2000,2026,9998912519,9998900937,62,29077
docs\inst_test\instancias\n_1000_2,500,15,15,5,0.3000,42,9999964929,9999957495,55,29077
docs\inst_test\instancias\n_1000_2,500,15,15,5,0.3000,123,9999438622,9999429155,57,29077
docs\inst_test\instancias\n_1000_2,500,15,15,5,0.3000,2026,9999438838,9999429166,58,29077
docs\inst_test\instancias\n_1000_2,500,15,15,10,0.1000,42,9999331207,9999316534,67,29077
docs\inst_test\instancias\n_1000_2,500,15,15,10,0.1000,123,9996330629,9996316194,67,29077
docs\inst_test\instancias\n_1000_2,500,15,15,10,0.1000,2026,9998331097,9998316398,67,29077
docs\inst_test\instancias\n_1000_2,500,15,15,10,0.2000,42,9999858876,9999845001,63,29077
docs\inst_test\instancias\n_1000_2,500,15,15,10,0.2000,123,9999912391,9999900751,57,29077
docs\inst_test\instancias\n_1000_2,500,15,15,10,0.2000,2026,9998912519,9998900937,60,29077
docs\inst_test\instancias\n_1000_2,500,15,15,10,0.3000,42,9999964929,9999957495,52,29077
docs\inst_test\instancias\n_1000_2,500,15,15,10,0.3000,123,9999438622,9999429155,54,29077
docs\inst_test\instancias\n_1000_2,500,15,15,10,0.3000,2026,9999438838,9999429166,52,29077
docs\inst_test\instancias\n_1000_2,500,15,15,20,0.1000,42,9999331207,9999316534,64,29077
docs\inst_test\instancias\n_1000_2,500,15,15,20,0.1000,123,9996330629,9996316194,64,29077
docs\inst_test\instancias\n_1000_2,500,15,15,20,0.1000,2026,9998331097,9998316398,63,29077
docs\inst_test\instancias\n_1000_2,500,15,15,20,0.2000,42,9999858876,9999845001,59,29077
docs\inst_test\instancias\n_1000_2,500,15,15,20,0.2000,123,9999912391,9999900751,58,29077
docs\inst_test\instancias\n_1000_2,500,15,15,20,0.2000,2026,9996385206,9996372915,58,29077
docs\inst_test\instancias\n_1000_2,500,15,15,20,0.3000,42,9999964923,9999957651,54,29077
docs\inst_test\instancias\n_1000_2,500,15,15,20,0.3000,123,9996911904,9996900423,54,29077
docs\inst_test\instancias\n_1000_2,500,15,15,20,0.3000,2026,9999438838,9999429166,51,29077
docs\inst_test\instancias\n_1000_2,500,20,7,5,0.1000,42,9999331207,9999316534,75,29077
docs\inst_test\instancias\n_1000_2,500,20,7,5,0.1000,123,9997330834,9997316081,76,29077
docs\inst_test\instancias\n_1000_2,500,20,7,5,0.1000,2026,9998331097,9998316398,75,29077
docs\inst_test\instancias\n_1000_2,500,20,7,5,0.2000,42,9999858876,9999845001,71,29077
docs\inst_test\instancias\n_1000_2,500,20,7,5,0.2000,123,9999912391,9999900751,62,29077
docs\inst_test\instancias\n_1000_2,500,20,7,5,0.2000,2026,9998912519,9998900937,64,29077
docs\inst_test\instancias\n_1000_2,500,20,7,5,0.3000,42,9999964929,9999957495,53,29077
docs\inst_test\instancias\n_1000_2,500,20,7,5,0.3000,123,9999438622,9999429155,57,29077
docs\inst_test\instancias\n_1000_2,500,20,7,5,0.3000,2026,9999438838,9999429166,58,29077
docs\inst_test\instancias\n_1000_2,500,20,7,10,0.1000,42,9999331207,9999316534,67,29077
docs\inst_test\instancias\n_1000_2,500,20,7,10,0.1000,123,9996330629,9996316194,68,29077
docs\inst_test\instancias\n_1000_2,500,20,7,10,0.1000,2026,9998331097,9998316398,68,29077
docs\inst_test\instancias\n_1000_2,500,20,7,10,0.2000,42,9999858876,9999845001,62,29077
docs\inst_test\instancias\n_1000_2,500,20,7,10,0.2000,123,9999912391,9999900751,58,29077
docs\inst_test\instancias\n_1000_2,500,20,7,10,0.2000,2026,9998912519,9998900937,59,29077
docs\inst_test\instancias\n_1000_2,500,20,7,10,0.3000,42,9999964929,9999957495,52,29077
docs\inst_test\instancias\n_1000_2,500,20,7,10,0.3000,123,9999438622,9999429155,53,29077
docs\inst_test\instancias\n_1000_2,500,20,7,10,0.3000,2026,9999438838,9999429166,52,29077
docs\inst_test\instancias\n_1000_2,500,20,7,20,0.1000,42,9999331207,9999316534,64,29077
docs\inst_test\instancias\n_1000_2,500,20,7,20,0.1000,123,9996330629,9996316194,63,29077
docs\inst_test\instancias\n_1000_2,500,20,7,20,0.1000,2026,9998331097,9998316398,64,29077
docs\inst_test\instancias\n_1000_2,500,20,7,20,0.2000,42,9999858876,9999845001,61,29077
docs\inst_test\instancias\n_1000_2,500,20,7,20,0.2000,123,9999912391,9999900751,58,29077
docs\inst_test\instancias\n_1000_2,500,20,7,20,0.2000,2026,9996385206,9996372915,58,29077
docs\inst_test\instancias\n_1000_2,500,20,7,20,0.3000,42,9999964923,9999957651,51,29077
docs\inst_test\instancias\n_1000_2,500,20,7,20,0.3000,123,9996911904,9996900423,54,29077
docs\inst_test\instancias\n_1000_2,500,20,7,20,0.3000,2026,9999438838,9999429166,52,29077
docs\inst_test\instancias\n_1000_2,500,20,10,5,0.1000,42,9999331207,9999316534,76,29077
docs\inst_test\instancias\n_1000_2,500,20,10,5,0.1000,123,9997330834,9997316081,73,29077
docs\inst_test\instancias\n_1000_2,500,20,10,5,0.1000,2026,9998331097,9998316398,74,29077
docs\inst_test\instancias\n_1000_2,500,20,10,5,0.2000,42,9999858876,9999845001,70,29077
docs\inst_test\instancias\n_1000_2,500,20,10,5,0.2000,123,9999912391,9999900751,62,29077
docs\inst_test\instancias\n_1000_2,500,20,10,5,0.2000,2026,9998912519,9998900937,63,29077
docs\inst_test\instancias\n_1000_2,500,20,10,5,0.3000,42,9999964929,9999957495,53,29077
docs\inst_test\instancias\n_1000_2,500,20,10,5,0.3000,123,9999438622,9999429155,58,29077
docs\inst_test\instancias\n_1000_2,500,20,10,5,0.3000,2026,9999438838,9999429166,58,29077
docs\inst_test\instancias\n_1000_2,500,20,10,10,0.1000,42,9999331207,9999316534,67,29077
docs\inst_test\instancias\n_1000_2,500,20,10,10,0.1000,123,9996330629,9996316194,68,29077
docs\inst_test\instancias\n_1000_2,500,20,10,10,0.1000,2026,9998331097,9998316398,68,29077
docs\inst_test\instancias\n_1000_2,500,20,10,10,0.2000,42,9999858876,9999845001,63,29077
docs\inst_test\instancias\n_1000_2,500,20,10,10,0.2000,123,9999912391,9999900751,58,29077
docs\inst_test\instancias\n_1000_2,500,20,10,10,0.2000,2026,9998912519,9998900937,59,29077
docs\inst_test\instancias\n_1000_2,500,20,10,10,0.3000,42,9999964929,9999957495,52,29077
docs\inst_test\instancias\n_1000_2,500,20,10,10,0.3000,123,9999438622,9999429155,55,29077
docs\inst_test\instancias\n_1000_2,500,20,10,10,0.3000,2026,9999438838,9999429166,52,29077
docs\inst_test\instancias\n_1000_2,500,20,10,20,0.1000,42,9999331207,9999316534,64,29077
docs\inst_test\instancias\n_1000_2,500,20,10,20,0.1000,123,9996330629,9996316194,65,29077
docs\inst_test\instancias\n_1000_2,500,20,10,20,0.1000,2026,9998331097,9998316398,65,29077
docs\inst_test\instancias\n_1000_2,500,20,10,20,0.2000,42,9999858876,9999845001,60,29077
docs\inst_test\instancias\n_1000_2,500,20,10,20,0.2000,123,9999912391,9999900751,57,29077
docs\inst_test\instancias\n_1000_2,500,20,10,20,0.2000,2026,9996385206,9996372915,60,29077
docs\inst_test\instancias\n_1000_2,500,20,10,20,0.3000,42,9999964923,9999957651,53,29077
docs\inst_test\instancias\n_1000_2,500,20,10,20,0.3000,123,9996911904,9996900423,54,29077
docs\inst_test\instancias\n_1000_2,500,20,10,20,0.3000,2026,9999438838,9999429166,52,29077
docs\inst_test\instancias\n_1000_2,500,20,15,5,0.1000,42,9999331207,9999316534,76,29077
docs\inst_test\instancias\n_1000_2,500,20,15,5,0.1000,123,9997330834,9997316081,75,29077
docs\inst_test\instancias\n_1000_2,500,20,15,5,0.1000,2026,9998331097,9998316398,76,29077
docs\inst_test\instancias\n_1000_2,500,20,15,5,0.2000,42,9999858876,9999845001,68,29077
docs\inst_test\instancias\n_1000_2,500,20,15,5,0.2000,123,9999912391,9999900751,64,29077
docs\inst_test\instancias\n_1000_2,500,20,15,5,0.2000,2026,9998912519,9998900937,62,29077
docs\inst_test\instancias\n_1000_2,500,20,15,5,0.3000,42,9999964929,9999957495,55,29077
docs\inst_test\instancias\n_1000_2,500,20,15,5,0.3000,123,9999438622,9999429155,59,29077
docs\inst_test\instancias\n_1000_2,500,20,15,5,0.3000,2026,9999438838,9999429166,58,29077
docs\inst_test\instancias\n_1000_2,500,20,15,10,0.1000,42,9999331207,9999316534,69,29077
docs\inst_test\instancias\n_1000_2,500,20,15,10,0.1000,123,9996330629,9996316194,67,29077
docs\inst_test\instancias\n_1000_2,500,20,15,10,0.1000,2026,9998331097,9998316398,68,29077
docs\inst_test\instancias\n_1000_2,500,20,15,10,0.2000,42,9999858876,9999845001,63,29077
docs\inst_test\instancias\n_1000_2,500,20,15,10,0.2000,123,9999912391,9999900751,57,29077
docs\inst_test\instancias\n_1000_2,500,20,15,10,0.2000,2026,9998912519,9998900937,59,29077
docs\inst_test\instancias\n_1000_2,500,20,15,10,0.3000,42,9999964929,9999957495,52,29077
docs\inst_test\instancias\n_1000_2,500,20,15,10,0.3000,123,9999438622,9999429155,56,29077
docs\inst_test\instancias\n_1000_2,500,20,15,10,0.3000,2026,9999438838,9999429166,51,29077
docs\inst_test\instancias\n_1000_2,500,20,15,20,0.1000,42,9999331207,9999316534,65,29077
docs\inst_test\instancias\n_1000_2,500,20,15,20,0.1000,123,9996330629,9996316194,65,29077
docs\inst_test\instancias\n_1000_2,500,20,15,20,0.1000,2026,9998331097,9998316398,65,29077
docs\inst_test\instancias\n_1000_2,500,20,15,20,0.2000,42,9999858876,9999845001,59,29077
docs\inst_test\instancias\n_1000_2,500,20,15,20,0.2000,123,9999912391,9999900751,58,29077
docs\inst_test\instancias\n_1000_2,500,20,15,20,0.2000,2026,9996385206,9996372915,59,29077
docs\inst_test\instancias\n_1000_2,500,20,15,20,0.3000,42,9999964923,9999957651,53,29077
docs\inst_test\instancias\n_1000_2,500,20,15,20,0.3000,123,9996911904,9996900423,54,29077
docs\inst_test\instancias\n_1000_2,500,20,15,20,0.3000,2026,9999438838,9999429166,50,29077
docs\inst_test\instancias\n_1000_3,100,10,7,5,0.1000,42,9994541304,9994538911,12,23111
docs\inst_test\instancias\n_1000_3,100,10,7,5,0.1000,123,9994541336,9994539080,10,23111
docs\inst_test\instancias\n_1000_3,100,10,7,5,0.1000,2026,9999229050,9999226581,10,23111
docs\inst_test\instancias\n_1000_3,100,10,7,5,0.2000,42,9999229060,9999226468,11,23111
docs\inst_test\instancias\n_1000_3,100,10,7,5,0.2000,123,9997665779,9997663602,10,23111
docs\inst_test\instancias\n_1000_3,100,10,7,5,0.2000,2026,9999229022,9999226617,11,23111
docs\inst_test\instancias\n_1000_3,100,10,7,5,0.3000,42,9996882774,9996881676,11,23111
docs\inst_test\instancias\n_1000_3,100,10,7,5,0.3000,123,9997665784,9997663583,10,23111
docs\inst_test\instancias\n_1000_3,100,10,7,5,0.3000,2026,9999226819,9999225611,10,23111
docs\inst_test\instancias\n_1000_3,100,10,7,10,0.1000,42,9989073113,9989070474,10,23111
docs\inst_test\instancias\n_1000_3,100,10,7,10,0.1000,123,9994541334,9994539114,10,23111
docs\inst_test\instancias\n_1000_3,100,10,7,10,0.1000,2026,9991416933,9991414310,10,23111
docs\inst_test\instancias\n_1000_3,100,10,7,10,0.2000,42,9998448433,9998445626,9,23111
docs\inst_test\instancias\n_1000_3,100,10,7,10,0.2000,123,9994541384,9994539009,10,23111
docs\inst_test\instancias\n_1000_3,100,10,7,10,0.2000,2026,9999229022,9999226617,10,23111
docs\inst_test\instancias\n_1000_3,100,10,7,10,0.3000,42,9994539122,9994537986,9,23111
docs\inst_test\instancias\n_1000_3,100,10,7,10,0.3000,123,9997665784,9997663583,10,23111
docs\inst_test\instancias\n_1000_3,100,10,7,10,0.3000,2026,9997665743,9997663521,9,23111
docs\inst_test\instancias\n_1000_3,100,10,7,20,0.1000,42,9989073113,9989070474,10,23111
docs\inst_test\instancias\n_1000_3,100,10,7,20,0.1000,123,9991416953,9991414346,9,23111
docs\inst_test\instancias\n_1000_3,100,10,7,20,0.1000,2026,9991416933,9991414310,10,23111
docs\inst_test\instancias\n_1000_3,100,10,7,20,0.2000,42,9998448433,9998445626,9,23111
docs\inst_test\instancias\n_1000_3,100,10,7,20,0.2000,123,9994541384,9994539009,10,23111
docs\inst_test\instancias\n_1000_3,100,10,7,20,0.2000,2026,9999229022,9999226617,9,23111
docs\inst_test\instancias\n_1000_3,100,10,7,20,0.3000,42,9991414767,9991413262,9,23111
docs\inst_test\instancias\n_1000_3,100,10,7,20,0.3000,123,9997665756,9997663599,10,23111
docs\inst_test\instancias\n_1000_3,100,10,7,20,0.3000,2026,9997665743,9997663521,9,23111
docs\inst_test\instancias\n_1000_3,100,10,10,5,0.1000,42,9994541304,9994538911,12,23111
docs\inst_test\instancias\n_1000_3,100,10,10,5,0.1000,123,9994541336,9994539080,10,23111
docs\inst_test\instancias\n_1000_3,100,10,10,5,0.1000,2026,9999229050,9999226581,11,23111
docs\inst_test\instancias\n_1000_3,100,10,10,5,0.2000,42,9999229060,9999226468,11,23111
docs\inst_test\instancias\n_1000_3,100,10,10,5,0.2000,123,9997665779,9997663602,9,23111
docs\inst_test\instancias\n_1000_3,100,10,10,5,0.2000,2026,9999229022,9999226617,11,23111
docs\inst_test\instancias\n_1000_3,100,10,10,5,0.3000,42,9996882774,9996881676,10,23111
docs\inst_test\instancias\n_1000_3,100,10,10,5,0.3000,123,9997665784,9997663583,10,23111
docs\inst_test\instancias\n_1000_3,100,10,10,5,0.3000,2026,9999226819,9999225611,9,23111
docs\inst_test\instancias\n_1000_3,100,10,10,10,0.1000,42,9989073113,9989070474,11,23111
docs\inst_test\instancias\n_1000_3,100,10,10,10,0.1000,123,9994541334,9994539114,11,23111
docs\inst_test\instancias\n_1000_3,100,10,10,10,0.1000,2026,9991416933,9991414310,10,23111
docs\inst_test\instancias\n_1000_3,100,10,10,10,0.2000,42,9998448433,9998445626,11,23111
docs\inst_test\instancias\n_1000_3,100,10,10,10,0.2000,123,9994541384,9994539009,10,23111
docs\inst_test\instancias\n_1000_3,100,10,10,10,0.2000,2026,9999229022,9999226617,9,23111
docs\inst_test\instancias\n_1000_3,100,10,10,10,0.3000,42,9994539122,9994537986,9,23111
docs\inst_test\instancias\n_1000_3,100,10,10,10,0.3000,123,9997665784,9997663583,9,23111
docs\inst_test\instancias\n_1000_3,100,10,10,10,0.3000,2026,9997665743,9997663521,10,23111
docs\inst_test\instancias\n_1000_3,100,10,10,20,0.1000,42,9989073113,9989070474,10,23111
docs\inst_test\instancias\n_1000_3,100,10,10,20,0.1000,123,9991416953,9991414346,10,23111
docs\inst_test\instancias\n_1000_3,100,10,10,20,0.1000,2026,9991416933,9991414310,9,23111
docs\inst_test\instancias\n_1000_3,100,10,10,20,0.2000,42,9998448433,9998445626,10,23111
docs\inst_test\instancias\n_1000_3,100,10,10,20,0.2000,123,9994541384,9994539009,10,23111
docs\inst_test\instancias\n_1000_3,100,10,10,20,0.2000,2026,9999229022,9999226617,9,23111
docs\inst_test\instancias\n_1000_3,100,10,10,20,0.3000,42,9991414767,9991413262,10,23111
docs\inst_test\instancias\n_1000_3,100,10,10,20,0.3000,123,9997665756,9997663599,9,23111
docs\inst_test\instancias\n_1000_3,100,10,10,20,0.3000,2026,9997665743,9997663521,10,23111
docs\inst_test\instancias\n_1000_3,100,10,15,5,0.1000,42,9994541304,9994538911,11,23111
docs\inst_test\instancias\n_1000_3,100,10,15,5,0.1000,123,9994541336,9994539080,11,23111
docs\inst_test\instancias\n_1000_3,100,10,15,5,0.1000,2026,9999229050,9999226581,11,23111
docs\inst_test\instancias\n_1000_3,100,10,15,5,0.2000,42,9999229060,9999226468,10,23111
docs\inst_test\instancias\n_1000_3,100,10,15,5,0.2000,123,9997665779,9997663602,11,23111
docs\inst_test\instancias\n_1000_3,100,10,15,5,0.2000,2026,9999229022,9999226617,11,23111
docs\inst_test\instancias\n_1000_3,100,10,15,5,0.3000,42,9996882774,9996881676,9,23111
docs\inst_test\instancias\n_1000_3,100,10,15,5,0.3000,123,9997665784,9997663583,10,23111
docs\inst_test\instancias\n_1000_3,100,10,15,5,0.3000,2026,9999226819,9999225611,10,23111
docs\inst_test\instancias\n_1000_3,100,10,15,10,0.1000,42,9989073113,9989070474,10,23111
docs\inst_test\instancias\n_1000_3,100,10,15,10,0.1000,123,9994541334,9994539114,10,23111
docs\inst_test\instancias\n_1000_3,100,10,15,10,0.1000,2026,9991416933,9991414310,11,23111
docs\inst_test\instancias\n_1000_3,100,10,15,10,0.2000,42,9998448433,9998445626,10,23111
docs\inst_test\instancias\n_1000_3,100,10,15,10,0.2000,123,9994541384,9994539009,10,23111
docs\inst_test\instancias\n_1000_3,100,10,15,10,0.2000,2026,9999229022,9999226617,10,23111
docs\inst_test\instancias\n_1000_3,100,10,15,10,0.3000,42,9994539122,9994537986,9,23111
docs\inst_test\instancias\n_1000_3,100,10,15,10,0.3000,123,9997665784,9997663583,9,23111
docs\inst_test\instancias\n_1000_3,100,10,15,10,0.3000,2026,9997665743,9997663521,12,23111
docs\inst_test\instancias\n_1000_3,100,10,15,20,0.1000,42,9989073113,9989070474,10,23111
docs\inst_test\instancias\n_1000_3,100,10,15,20,0.1000,123,9991416953,9991414346,10,23111
docs\inst_test\instancias\n_1000_3,100,10,15,20,0.1000,2026,9991416933,9991414310,9,23111
docs\inst_test\instancias\n_1000_3,100,10,15,20,0.2000,42,9998448433,9998445626,10,23111
docs\inst_test\instancias\n_1000_3,100,10,15,20,0.2000,123,9994541384,9994539009,10,23111
docs\inst_test\instancias\n_1000_3,100,10,15,20,0.2000,2026,9999229022,9999226617,10,23111
docs\inst_test\instancias\n_1000_3,100,10,15,20,0.3000,42,9991414767,9991413262,10,23111
docs\inst_test\instancias\n_1000_3,100,10,15,20,0.3000,123,9997665756,9997663599,10,23111
docs\inst_test\instancias\n_1000_3,100,10,15,20,0.3000,2026,9997665743,9997663521,9,23111
docs\inst_test\instancias\n_1000_3,100,15,7,5,0.1000,42,9994541304,9994538911,11,23111
docs\inst_test\instancias\n_1000_3,100,15,7,5,0.1000,123,9994541336,9994539080,10,23111
docs\inst_test\instancias\n_1000_3,100,15,7,5,0.1000,2026,9999229050,9999226581,11,23111
docs\inst_test\instancias\n_1000_3,100,15,7,5,0.2000,42,9999229060,9999226468,10,23111
docs\inst_test\instancias\n_1000_3,100,15,7,5,0.2000,123,9997665779,9997663602,10,23111
docs\inst_test\instancias\n_1000_3,100,15,7,5,0.2000,2026,9999229022,9999226617,11,23111
docs\inst_test\instancias\n_1000_3,100,15,7,5,0.3000,42,9996882774,9996881676,10,23111
docs\inst_test\instancias\n_1000_3,100,15,7,5,0.3000,123,9997665784,9997663583,10,23111
docs\inst_test\instancias\n_1000_3,100,15,7,5,0.3000,2026,9999226819,9999225611,10,23111
docs\inst_test\instancias\n_1000_3,100,15,7,10,0.1000,42,9989073113,9989070474,9,23111
docs\inst_test\instancias\n_1000_3,100,15,7,10,0.1000,123,9994541334,9994539114,9,23111
docs\inst_test\instancias\n_1000_3,100,15,7,10,0.1000,2026,9991416933,9991414310,11,23111
docs\inst_test\instancias\n_1000_3,100,15,7,10,0.2000,42,9998448433,9998445626,9,23111
docs\inst_test\instancias\n_1000_3,100,15,7,10,0.2000,123,9994541384,9994539009,10,23111
docs\inst_test\instancias\n_1000_3,100,15,7,10,0.2000,2026,9999229022,9999226617,10,23111
docs\inst_test\instancias\n_1000_3,100,15,7,10,0.3000,42,9994539122,9994537986,9,23111
docs\inst_test\instancias\n_1000_3,100,15,7,10,0.3000,123,9997665784,9997663583,9,23111
docs\inst_test\instancias\n_1000_3,100,15,7,10,0.3000,2026,9997665743,9997663521,9,23111
docs\inst_test\instancias\n_1000_3,100,15,7,20,0.1000,42,9989073113,9989070474,10,23111
docs\inst_test\instancias\n_1000_3,100,15,7,20,0.1000,123,9991416953,9991414346,9,23111
docs\inst_test\instancias\n_1000_3,100,15,7,20,0.1000,2026,9991416933,9991414310,10,23111
docs\inst_test\instancias\n_1000_3,100,15,7,20,0.2000,42,9998448433,9998445626,9,23111
docs\inst_test\instancias\n_1000_3,100,15,7,20,0.2000,123,9994541384,9994539009,10,23111
docs\inst_test\instancias\n_1000_3,100,15,7,20,0.2000,2026,9999229022,9999226617,10,23111
docs\inst_test\instancias\n_1000_3,100,15,7,20,0.3000,42,9991414767,9991413262,9,23111
docs\inst_test\instancias\n_1000_3,100,15,7,20,0.3000,123,9997665756,9997663599,9,23111
docs\inst_test\instancias\n_1000_3,100,15,7,20,0.3000,2026,9997665743,9997663521,10,23111
docs\inst_test\instancias\n_1000_3,100,15,10,5,0.1000,42,9994541304,9994538911,11,23111
docs\inst_test\instancias\n_1000_3,100,15,10,5,0.1000,123,9994541336,9994539080,10,23111
docs\inst_test\instancias\n_1000_3,100,15,10,5,0.1000,2026,9999229050,9999226581,11,23111
docs\inst_test\instancias\n_1000_3,100,15,10,5,0.2000,42,9999229060,9999226468,11,23111
docs\inst_test\instancias\n_1000_3,100,15,10,5,0.2000,123,9997665779,9997663602,10,23111
docs\inst_test\instancias\n_1000_3,100,15,10,5,0.2000,2026,9999229022,9999226617,11,23111
docs\inst_test\instancias\n_1000_3,100,15,10,5,0.3000,42,9996882774,9996881676,10,23111
docs\inst_test\instancias\n_1000_3,100,15,10,5,0.3000,123,9997665784,9997663583,11,23111
docs\inst_test\instancias\n_1000_3,100,15,10,5,0.3000,2026,9999226819,9999225611,9,23111
docs\inst_test\instancias\n_1000_3,100,15,10,10,0.1000,42,9989073113,9989070474,11,23111
docs\inst_test\instancias\n_1000_3,100,15,10,10,0.1000,123,9994541334,9994539114,10,23111
docs\inst_test\instancias\n_1000_3,100,15,10,10,0.1000,2026,9991416933,9991414310,10,23111
docs\inst_test\instancias\n_1000_3,100,15,10,10,0.2000,42,9998448433,9998445626,10,23111
docs\inst_test\instancias\n_1000_3,100,15,10,10,0.2000,123,9994541384,9994539009,10,23111
docs\inst_test\instancias\n_1000_3,100,15,10,10,0.2000,2026,9999229022,9999226617,9,23111
docs\inst_test\instancias\n_1000_3,100,15,10,10,0.3000,42,9994539122,9994537986,10,23111
docs\inst_test\instancias\n_1000_3,100,15,10,10,0.3000,123,9997665784,9997663583,9,23111
docs\inst_test\instancias\n_1000_3,100,15,10,10,0.3000,2026,9997665743,9997663521,10,23111
docs\inst_test\instancias\n_1000_3,100,15,10,20,0.1000,42,9989073113,9989070474,9,23111
docs\inst_test\instancias\n_1000_3,100,15,10,20,0.1000,123,9991416953,9991414346,10,23111
docs\inst_test\instancias\n_1000_3,100,15,10,20,0.1000,2026,9991416933,9991414310,9,23111
docs\inst_test\instancias\n_1000_3,100,15,10,20,0.2000,42,9998448433,9998445626,10,23111
docs\inst_test\instancias\n_1000_3,100,15,10,20,0.2000,123,9994541384,9994539009,9,23111
docs\inst_test\instancias\n_1000_3,100,15,10,20,0.2000,2026,9999229022,9999226617,9,23111
docs\inst_test\instancias\n_1000_3,100,15,10,20,0.3000,42,9991414767,9991413262,10,23111
docs\inst_test\instancias\n_1000_3,100,15,10,20,0.3000,123,9997665756,9997663599,10,23111
docs\inst_test\instancias\n_1000_3,100,15,10,20,0.3000,2026,9997665743,9997663521,9,23111
docs\inst_test\instancias\n_1000_3,100,15,15,5,0.1000,42,9994541304,9994538911,10,23111
docs\inst_test\instancias\n_1000_3,100,15,15,5,0.1000,123,9994541336,9994539080,11,23111
docs\inst_test\instancias\n_1000_3,100,15,15,5,0.1000,2026,9999229050,9999226581,11,23111
docs\inst_test\instancias\n_1000_3,100,15,15,5,0.2000,42,9999229060,9999226468,10,23111
docs\inst_test\instancias\n_1000_3,100,15,15,5,0.2000,123,9997665779,9997663602,11,23111
docs\inst_test\instancias\n_1000_3,100,15,15,5,0.2000,2026,9999229022,9999226617,11,23111
docs\inst_test\instancias\n_1000_3,100,15,15,5,0.3000,42,9996882774,9996881676,10,23111
docs\inst_test\instancias\n_1000_3,100,15,15,5,0.3000,123,9997665784,9997663583,10,23111
docs\inst_test\instancias\n_1000_3,100,15,15,5,0.3000,2026,9999226819,9999225611,9,23111
docs\inst_test\instancias\n_1000_3,100,15,15,10,0.1000,42,9989073113,9989070474,10,23111
docs\inst_test\instancias\n_1000_3,100,15,15,10,0.1000,123,9994541334,9994539114,11,23111
docs\inst_test\instancias\n_1000_3,100,15,15,10,0.1000,2026,9991416933,9991414310,9,23111
docs\inst_test\instancias\n_1000_3,100,15,15,10,0.2000,42,9998448433,9998445626,10,23111
docs\inst_test\instancias\n_1000_3,100,15,15,10,0.2000,123,9994541384,9994539009,10,23111
docs\inst_test\instancias\n_1000_3,100,15,15,10,0.2000,2026,9999229022,9999226617,10,23111
docs\inst_test\instancias\n_1000_3,100,15,15,10,0.3000,42,9994539122,9994537986,9,23111
docs\inst_test\instancias\n_1000_3,100,15,15,10,0.3000,123,9997665784,9997663583,10,23111
docs\inst_test\instancias\n_1000_3,100,15,15,10,0.3000,2026,9997665743,9997663521,10,23111
docs\inst_test\instancias\n_1000_3,100,15,15,20,0.1000,42,9989073113,9989070474,9,23111
docs\inst_test\instancias\n_1000_3,100,15,15,20,0.1000,123,9991416953,9991414346,11,23111
docs\inst_test\instancias\n_1000_3,100,15,15,20,0.1000,2026,9991416933,9991414310,10,23111
docs\inst_test\instancias\n_1000_3,100,15,15,20,0.2000,42,9998448433,9998445626,10,23111
docs\inst_test\instancias\n_1000_3,100,15,15,20,0.2000,123,9994541384,9994539009,10,23111
docs\inst_test\instancias\n_1000_3,100,15,15,20,0.2000,2026,9999229022,9999226617,10,23111
docs\inst_test\instancias\n_1000_3,100,15,15,20,0.3000,42,9991414767,9991413262,9,23111
docs\inst_test\instancias\n_1000_3,100,15,15,20,0.3000,123,9997665756,9997663599,10,23111
docs\inst_test\instancias\n_1000_3,100,15,15,20,0.3000,2026,9997665743,9997663521,9,23111
docs\inst_test\instancias\n_1000_3,100,20,7,5,0.1000,42,9994541304,9994538911,12,23111
docs\inst_test\instancias\n_1000_3,100,20,7,5,0.1000,123,9994541336,9994539080,10,23111
docs\inst_test\instancias\n_1000_3,100,20,7,5,0.1000,2026,9999229050,9999226581,11,23111
docs\inst_test\instancias\n_1000_3,100,20,7,5,0.2000,42,9999229060,9999226468,11,23111
docs\inst_test\instancias\n_1000_3,100,20,7,5,0.2000,123,9997665779,9997663602,10,23111
docs\inst_test\instancias\n_1000_3,100,20,7,5,0.2000,2026,9999229022,9999226617,10,23111
docs\inst_test\instancias\n_1000_3,100,20,7,5,0.3000,42,9996882774,9996881676,9,23111
docs\inst_test\instancias\n_1000_3,100,20,7,5,0.3000,123,9997665784,9997663583,10,23111
docs\inst_test\instancias\n_1000_3,100,20,7,5,0.3000,2026,9999226819,9999225611,10,23111
docs\inst_test\instancias\n_1000_3,100,20,7,10,0.1000,42,9989073113,9989070474,11,23111
docs\inst_test\instancias\n_1000_3,100,20,7,10,0.1000,123,9994541334,9994539114,10,23111
docs\inst_test\instancias\n_1000_3,100,20,7,10,0.1000,2026,9991416933,9991414310,10,23111
docs\inst_test\instancias\n_1000_3,100,20,7,10,0.2000,42,9998448433,9998445626,10,23111
docs\inst_test\instancias\n_1000_3,100,20,7,10,0.2000,123,9994541384,9994539009,9,23111
docs\inst_test\instancias\n_1000_3,100,20,7,10,0.2000,2026,9999229022,9999226617,11,23111
docs\inst_test\instancias\n_1000_3,100,20,7,10,0.3000,42,9994539122,9994537986,8,23111
docs\inst_test\instancias\n_1000_3,100,20,7,10,0.3000,123,9997665784,9997663583,9,23111
docs\inst_test\instancias\n_1000_3,100,20,7,10,0.3000,2026,9997665743,9997663521,9,23111
docs\inst_test\instancias\n_1000_3,100,20,7,20,0.1000,42,9989073113,9989070474,10,23111
docs\inst_test\instancias\n_1000_3,100,20,7,20,0.1000,123,9991416953,9991414346,9,23111
docs\inst_test\instancias\n_1000_3,100,20,7,20,0.1000,2026,9991416933,9991414310,10,23111
docs\inst_test\instancias\n_1000_3,100,20,7,20,0.2000,42,9998448433,9998445626,10,23111
docs\inst_test\instancias\n_1000_3,100,20,7,20,0.2000,123,9994541384,9994539009,9,23111
docs\inst_test\instancias\n_1000_3,100,20,7,20,0.2000,2026,9999229022,9999226617,9,23111
docs\inst_test\instancias\n_1000_3,100,20,7,20,0.3000,42,9991414767,9991413262,9,23111
docs\inst_test\instancias\n_1000_3,100,20,7,20,0.3000,123,9997665756,9997663599,9,23111
docs\inst_test\instancias\n_1000_3,100,20,7,20,0.3000,2026,9997665743,9997663521,9,23111
docs\inst_test\instancias\n_1000_3,100,20,10,5,0.1000,42,9994541304,9994538911,11,23111
docs\inst_test\instancias\n_1000_3,100,20,10,5,0.1000,123,9994541336,9994539080,11,23111
docs\inst_test\instancias\n_1000_3,100,20,10,5,0.1000,2026,9999229050,9999226581,10,23111
docs\inst_test\instancias\n_1000_3,100,20,10,5,0.2000,42,9999229060,9999226468,11,23111
docs\inst_test\instancias\n_1000_3,100,20,10,5,0.2000,123,9997665779,9997663602,9,23111
docs\inst_test\instancias\n_1000_3,100,20,10,5,0.2000,2026,9999229022,9999226617,11,23111
docs\inst_test\instancias\n_1000_3,100,20,10,5,0.3000,42,9996882774,9996881676,10,23111
docs\inst_test\instancias\n_1000_3,100,20,10,5,0.3000,123,9997665784,9997663583,10,23111
docs\inst_test\instancias\n_1000_3,100,20,10,5,0.3000,2026,9999226819,9999225611,10,23111
docs\inst_test\instancias\n_1000_3,100,20,10,10,0.1000,42,9989073113,9989070474,10,23111
docs\inst_test\instancias\n_1000_3,100,20,10,10,0.1000,123,9994541334,9994539114,11,23111
docs\inst_test\instancias\n_1000_3,100,20,10,10,0.1000,2026,9991416933,9991414310,11,23111
docs\inst_test\instancias\n_1000_3,100,20,10,10,0.2000,42,9998448433,9998445626,10,23111
docs\inst_test\instancias\n_1000_3,100,20,10,10,0.2000,123,9994541384,9994539009,10,23111
docs\inst_test\instancias\n_1000_3,100,20,10,10,0.2000,2026,9999229022,9999226617,9,23111
docs\inst_test\instancias\n_1000_3,100,20,10,10,0.3000,42,9994539122,9994537986,9,23111
docs\inst_test\instancias\n_1000_3,100,20,10,10,0.3000,123,9997665784,9997663583,9,23111
docs\inst_test\instancias\n_1000_3,100,20,10,10,0.3000,2026,9997665743,9997663521,9,23111
docs\inst_test\instancias\n_1000_3,100,20,10,20,0.1000,42,9989073113,9989070474,11,23111
docs\inst_test\instancias\n_1000_3,100,20,10,20,0.1000,123,9991416953,9991414346,10,23111
docs\inst_test\instancias\n_1000_3,100,20,10,20,0.1000,2026,9991416933,9991414310,9,23111
docs\inst_test\instancias\n_1000_3,100,20,10,20,0.2000,42,9998448433,9998445626,10,23111
docs\inst_test\instancias\n_1000_3,100,20,10,20,0.2000,123,9994541384,9994539009,10,23111
docs\inst_test\instancias\n_1000_3,100,20,10,20,0.2000,2026,9999229022,9999226617,9,23111
docs\inst_test\instancias\n_1000_3,100,20,10,20,0.3000,42,9991414767,9991413262,10,23111
docs\inst_test\instancias\n_1000_3,100,20,10,20,0.3000,123,9997665756,9997663599,10,23111
docs\inst_test\instancias\n_1000_3,100,20,10,20,0.3000,2026,9997665743,9997663521,8,23111
docs\inst_test\instancias\n_1000_3,100,20,15,5,0.1000,42,9994541304,9994538911,12,23111
docs\inst_test\instancias\n_1000_3,100,20,15,5,0.1000,123,9994541336,9994539080,11,23111
docs\inst_test\instancias\n_1000_3,100,20,15,5,0.1000,2026,9999229050,9999226581,10,23111
docs\inst_test\instancias\n_1000_3,100,20,15,5,0.2000,42,9999229060,9999226468,12,23111
docs\inst_test\instancias\n_1000_3,100,20,15,5,0.2000,123,9997665779,9997663602,10,23111
docs\inst_test\instancias\n_1000_3,100,20,15,5,0.2000,2026,9999229022,9999226617,11,23111
docs\inst_test\instancias\n_1000_3,100,20,15,5,0.3000,42,9996882774,9996881676,9,23111
docs\inst_test\instancias\n_1000_3,100,20,15,5,0.3000,123,9997665784,9997663583,10,23111
docs\inst_test\instancias\n_1000_3,100,20,15,5,0.3000,2026,9999226819,9999225611,10,23111
docs\inst_test\instancias\n_1000_3,100,20,15,10,0.1000,42,9989073113,9989070474,10,23111
docs\inst_test\instancias\n_1000_3,100,20,15,10,0.1000,123,9994541334,9994539114,9,23111
docs\inst_test\instancias\n_1000_3,100,20,15,10,0.1000,2026,9991416933,9991414310,11,23111
docs\inst_test\instancias\n_1000_3,100,20,15,10,0.2000,42,9998448433,9998445626,10,23111
docs\inst_test\instancias\n_1000_3,100,20,15,10,0.2000,123,9994541384,9994539009,9,23111
docs\inst_test\instancias\n_1000_3,100,20,15,10,0.2000,2026,9999229022,9999226617,10,23111
docs\inst_test\instancias\n_1000_3,100,20,15,10,0.3000,42,9994539122,9994537986,10,23111
docs\inst_test\instancias\n_1000_3,100,20,15,10,0.3000,123,9997665784,9997663583,9,23111
docs\inst_test\instancias\n_1000_3,100,20,15,10,0.3000,2026,9997665743,9997663521,9,23111
docs\inst_test\instancias\n_1000_3,100,20,15,20,0.1000,42,9989073113,9989070474,10,23111
docs\inst_test\instancias\n_1000_3,100,20,15,20,0.1000,123,9991416953,9991414346,9,23111
docs\inst_test\instancias\n_1000_3,100,20,15,20,0.1000,2026,9991416933,9991414310,11,23111
docs\inst_test\instancias\n_1000_3,100,20,15,20,0.2000,42,9998448433,9998445626,10,23111
docs\inst_test\instancias\n_1000_3,100,20,15,20,0.2000,123,9994541384,9994539009,10,23111
docs\inst_test\instancias\n_1000_3,100,20,15,20,0.2000,2026,9999229022,9999226617,9,23111
docs\inst_test\instancias\n_1000_3,100,20,15,20,0.3000,42,9991414767,9991413262,9,23111
docs\inst_test\instancias\n_1000_3,100,20,15,20,0.3000,123,9997665756,9997663599,12,23111
docs\inst_test\instancias\n_1000_3,100,20,15,20,0.3000,2026,9997665743,9997663521,8,23111
docs\inst_test\instancias\n_1000_3,300,10,7,5,0.1000,42,9997665743,9997663580,36,23111
docs\inst_test\instancias\n_1000_3,300,10,7,5,0.1000,123,9997665742,9997663608,36,23111
docs\inst_test\instancias\n_1000_3,300,10,7,5,0.1000,2026,9999229056,9999226515,36,23111
docs\inst_test\instancias\n_1000_3,300,10,7,5,0.2000,42,9999229060,9999226468,36,23111
docs\inst_test\instancias\n_1000_3,300,10,7,5,0.2000,123,9999226821,9999225587,32,23111
docs\inst_test\instancias\n_1000_3,300,10,7,5,0.2000,2026,9999229022,9999226617,36,23111
docs\inst_test\instancias\n_1000_3,300,10,7,5,0.3000,42,9997663476,9997662529,32,23111
docs\inst_test\instancias\n_1000_3,300,10,7,5,0.3000,123,9999226830,9999225390,31,23111
docs\inst_test\instancias\n_1000_3,300,10,7,5,0.3000,2026,9999226819,9999225611,31,23111
docs\inst_test\instancias\n_1000_3,300,10,7,10,0.1000,42,9995321912,9995319949,33,23111
docs\inst_test\instancias\n_1000_3,300,10,7,10,0.1000,123,9994541361,9994539056,32,23111
docs\inst_test\instancias\n_1000_3,300,10,7,10,0.1000,2026,9999229050,9999226581,34,23111
docs\inst_test\instancias\n_1000_3,300,10,7,10,0.2000,42,9999229060,9999226468,33,23111
docs\inst_test\instancias\n_1000_3,300,10,7,10,0.2000,123,9998446306,9998444700,29,23111
docs\inst_test\instancias\n_1000_3,300,10,7,10,0.2000,2026,9999229022,9999226617,33,23111
docs\inst_test\instancias\n_1000_3,300,10,7,10,0.3000,42,9996882989,9996881818,27,23111
docs\inst_test\instancias\n_1000_3,300,10,7,10,0.3000,123,9999226830,9999225390,29,23111
docs\inst_test\instancias\n_1000_3,300,10,7,10,0.3000,2026,9999226819,9999225611,29,23111
docs\inst_test\instancias\n_1000_3,300,10,7,20,0.1000,42,9994541353,9994538947,31,23111
docs\inst_test\instancias\n_1000_3,300,10,7,20,0.1000,123,9994541336,9994539080,31,23111
docs\inst_test\instancias\n_1000_3,300,10,7,20,0.1000,2026,9999229050,9999226581,30,23111
docs\inst_test\instancias\n_1000_3,300,10,7,20,0.2000,42,9999229060,9999226468,30,23111
docs\inst_test\instancias\n_1000_3,300,10,7,20,0.2000,123,9997665784,9997663639,29,23111
docs\inst_test\instancias\n_1000_3,300,10,7,20,0.2000,2026,9999229022,9999226617,30,23111
docs\inst_test\instancias\n_1000_3,300,10,7,20,0.3000,42,9996882984,9996881744,27,23111
docs\inst_test\instancias\n_1000_3,300,10,7,20,0.3000,123,9998446310,9998444536,29,23111
docs\inst_test\instancias\n_1000_3,300,10,7,20,0.3000,2026,9999226819,9999225611,27,23111
docs\inst_test\instancias\n_1000_3,300,10,10,5,0.1000,42,9997665743,9997663580,35,23111
docs\inst_test\instancias\n_1000_3,300,10,10,5,0.1000,123,9997665742,9997663608,36,23111
docs\inst_test\instancias\n_1000_3,300,10,10,5,0.1000,2026,9999229056,9999226515,36,23111
docs\inst_test\instancias\n_1000_3,300,10,10,5,0.2000,42,9999229060,9999226468,35,23111
docs\inst_test\instancias\n_1000_3,300,10,10,5,0.2000,123,9999226821,9999225587,32,23111
docs\inst_test\instancias\n_1000_3,300,10,10,5,0.2000,2026,9999229022,9999226617,35,23111
docs\inst_test\instancias\n_1000_3,300,10,10,5,0.3000,42,9997663476,9997662529,31,23111
docs\inst_test\instancias\n_1000_3,300,10,10,5,0.3000,123,9999226830,9999225390,33,23111
docs\inst_test\instancias\n_1000_3,300,10,10,5,0.3000,2026,9999226819,9999225611,32,23111
docs\inst_test\instancias\n_1000_3,300,10,10,10,0.1000,42,9995321912,9995319949,32,23111
docs\inst_test\instancias\n_1000_3,300,10,10,10,0.1000,123,9994541361,9994539065,32,23111
docs\inst_test\instancias\n_1000_3,300,10,10,10,0.1000,2026,9999229050,9999226581,31,23111
docs\inst_test\instancias\n_1000_3,300,10,10,10,0.2000,42,9999229060,9999226468,32,23111
docs\inst_test\instancias\n_1000_3,300,10,10,10,0.2000,123,9998446306,9998444700,31,23111
docs\inst_test\instancias\n_1000_3,300,10,10,10,0.2000,2026,9999229022,9999226617,33,23111
docs\inst_test\instancias\n_1000_3,300,10,10,10,0.3000,42,9996882989,9996881818,29,23111
docs\inst_test\instancias\n_1000_3,300,10,10,10,0.3000,123,9999226830,9999225390,29,23111
docs\inst_test\instancias\n_1000_3,300,10,10,10,0.3000,2026,9999226819,9999225611,28,23111
docs\inst_test\instancias\n_1000_3,300,10,10,20,0.1000,42,9994541353,9994538947,29,23111
docs\inst_test\instancias\n_1000_3,300,10,10,20,0.1000,123,9994541336,9994539080,30,23111
docs\inst_test\instancias\n_1000_3,300,10,10,20,0.1000,2026,9999229050,9999226581,30,23111
docs\inst_test\instancias\n_1000_3,300,10,10,20,0.2000,42,9999229060,9999226468,31,23111
docs\inst_test\instancias\n_1000_3,300,10,10,20,0.2000,123,9997665784,9997663639,29,23111
docs\inst_test\instancias\n_1000_3,300,10,10,20,0.2000,2026,9999229022,9999226617,28,23111
docs\inst_test\instancias\n_1000_3,300,10,10,20,0.3000,42,9996882984,9996881744,28,23111
docs\inst_test\instancias\n_1000_3,300,10,10,20,0.3000,123,9998446310,9998444536,29,23111
docs\inst_test\instancias\n_1000_3,300,10,10,20,0.3000,2026,9999226819,9999225611,27,23111
docs\inst_test\instancias\n_1000_3,300,10,15,5,0.1000,42,9997665743,9997663580,33,23111
docs\inst_test\instancias\n_1000_3,300,10,15,5,0.1000,123,9997665742,9997663608,34,23111
docs\inst_test\instancias\n_1000_3,300,10,15,5,0.1000,2026,9999229056,9999226515,36,23111
docs\inst_test\instancias\n_1000_3,300,10,15,5,0.2000,42,9999229060,9999226468,37,23111
docs\inst_test\instancias\n_1000_3,300,10,15,5,0.2000,123,9999226821,9999225587,32,23111
docs\inst_test\instancias\n_1000_3,300,10,15,5,0.2000,2026,9999229022,9999226617,35,23111
docs\inst_test\instancias\n_1000_3,300,10,15,5,0.3000,42,9997663476,9997662529,31,23111
docs\inst_test\instancias\n_1000_3,300,10,15,5,0.3000,123,9999226830,9999225390,33,23111
docs\inst_test\instancias\n_1000_3,300,10,15,5,0.3000,2026,9999226819,9999225611,33,23111
docs\inst_test\instancias\n_1000_3,300,10,15,10,0.1000,42,9995321912,9995319949,32,23111
docs\inst_test\instancias\n_1000_3,300,10,15,10,0.1000,123,9994541361,9994539065,33,23111
docs\inst_test\instancias\n_1000_3,300,10,15,10,0.1000,2026,9999229050,9999226581,31,23111
docs\inst_test\instancias\n_1000_3,300,10,15,10,0.2000,42,9999229060,9999226468,32,23111
docs\inst_test\instancias\n_1000_3,300,10,15,10,0.2000,123,9998446306,9998444700,30,23111
docs\inst_test\instancias\n_1000_3,300,10,15,10,0.2000,2026,9999229022,9999226617,32,23111
docs\inst_test\instancias\n_1000_3,300,10,15,10,0.3000,42,9996882989,9996881818,29,23111
docs\inst_test\instancias\n_1000_3,300,10,15,10,0.3000,123,9999226830,9999225390,30,23111
docs\inst_test\instancias\n_1000_3,300,10,15,10,0.3000,2026,9999226819,9999225611,29,23111
docs\inst_test\instancias\n_1000_3,300,10,15,20,0.1000,42,9994541353,9994538947,30,23111
docs\inst_test\instancias\n_1000_3,300,10,15,20,0.1000,123,9994541336,9994539080,31,23111
docs\inst_test\instancias\n_1000_3,300,10,15,20,0.1000,2026,9999229050,9999226581,29,23111
docs\inst_test\instancias\n_1000_3,300,10,15,20,0.2000,42,9999229060,9999226468,30,23111
docs\inst_test\instancias\n_1000_3,300,10,15,20,0.2000,123,9997665784,9997663639,29,23111
docs\inst_test\instancias\n_1000_3,300,10,15,20,0.2000,2026,9999229022,9999226617,30,23111
docs\inst_test\instancias\n_1000_3,300,10,15,20,0.3000,42,9996882984,9996881744,26,23111
docs\inst_test\instancias\n_1000_3,300,10,15,20,0.3000,123,9998446310,9998444536,28,23111
docs\inst_test\instancias\n_1000_3,300,10,15,20,0.3000,2026,9999226819,9999225611,27,23111
docs\inst_test\instancias\n_1000_3,300,15,7,5,0.1000,42,9997665743,9997663580,35,23111
docs\inst_test\instancias\n_1000_3,300,15,7,5,0.1000,123,9997665742,9997663608,34,23111
docs\inst_test\instancias\n_1000_3,300,15,7,5,0.1000,2026,9999229056,9999226515,37,23111
docs\inst_test\instancias\n_1000_3,300,15,7,5,0.2000,42,9999229060,9999226468,35,23111
docs\inst_test\instancias\n_1000_3,300,15,7,5,0.2000,123,9999226821,9999225587,31,23111
docs\inst_test\instancias\n_1000_3,300,15,7,5,0.2000,2026,9999229022,9999226617,35,23111
docs\inst_test\instancias\n_1000_3,300,15,7,5,0.3000,42,9997663476,9997662529,32,23111
docs\inst_test\instancias\n_1000_3,300,15,7,5,0.3000,123,9999226830,9999225390,31,23111
docs\inst_test\instancias\n_1000_3,300,15,7,5,0.3000,2026,9999226819,9999225611,32,23111
docs\inst_test\instancias\n_1000_3,300,15,7,10,0.1000,42,9995321912,9995319949,34,23111
docs\inst_test\instancias\n_1000_3,300,15,7,10,0.1000,123,9994541361,9994539056,32,23111
docs\inst_test\instancias\n_1000_3,300,15,7,10,0.1000,2026,9999229050,9999226581,32,23111
docs\inst_test\instancias\n_1000_3,300,15,7,10,0.2000,42,9999229060,9999226468,33,23111
docs\inst_test\instancias\n_1000_3,300,15,7,10,0.2000,123,9998446306,9998444700,30,23111
docs\inst_test\instancias\n_1000_3,300,15,7,10,0.2000,2026,9999229022,9999226617,32,23111
docs\inst_test\instancias\n_1000_3,300,15,7,10,0.3000,42,9996882989,9996881818,29,23111
docs\inst_test\instancias\n_1000_3,300,15,7,10,0.3000,123,9999226830,9999225390,30,23111
docs\inst_test\instancias\n_1000_3,300,15,7,10,0.3000,2026,9999226819,9999225611,29,23111
docs\inst_test\instancias\n_1000_3,300,15,7,20,0.1000,42,9994541353,9994538947,32,23111
docs\inst_test\instancias\n_1000_3,300,15,7,20,0.1000,123,9994541336,9994539080,31,23111
docs\inst_test\instancias\n_1000_3,300,15,7,20,0.1000,2026,9999229050,9999226581,30,23111
docs\inst_test\instancias\n_1000_3,300,15,7,20,0.2000,42,9999229060,9999226468,31,23111
docs\inst_test\instancias\n_1000_3,300,15,7,20,0.2000,123,9997665784,9997663639,29,23111
docs\inst_test\instancias\n_1000_3,300,15,7,20,0.2000,2026,9999229022,9999226617,31,23111
docs\inst_test\instancias\n_1000_3,300,15,7,20,0.3000,42,9996882984,9996881744,28,23111
docs\inst_test\instancias\n_1000_3,300,15,7,20,0.3000,123,9998446310,9998444536,29,23111
docs\inst_test\instancias\n_1000_3,300,15,7,20,0.3000,2026,9999226819,9999225611,28,23111
docs\inst_test\instancias\n_1000_3,300,15,10,5,0.1000,42,9997665743,9997663580,34,23111
docs\inst_test\instancias\n_1000_3,300,15,10,5,0.1000,123,9997665742,9997663608,35,23111
docs\inst_test\instancias\n_1000_3,300,15,10,5,0.1000,2026,9999229056,9999226515,36,23111
docs\inst_test\instancias\n_1000_3,300,15,10,5,0.2000,42,9999229060,9999226468,36,23111
docs\inst_test\instancias\n_1000_3,300,15,10,5,0.2000,123,9999226821,9999225587,34,23111
docs\inst_test\instancias\n_1000_3,300,15,10,5,0.2000,2026,9999229022,9999226617,36,23111
docs\inst_test\instancias\n_1000_3,300,15,10,5,0.3000,42,9997663476,9997662529,30,23111
docs\inst_test\instancias\n_1000_3,300,15,10,5,0.3000,123,9999226830,9999225390,32,23111
docs\inst_test\instancias\n_1000_3,300,15,10,5,0.3000,2026,9999226819,9999225611,31,23111
docs\inst_test\instancias\n_1000_3,300,15,10,10,0.1000,42,9995321912,9995319949,32,23111
docs\inst_test\instancias\n_1000_3,300,15,10,10,0.1000,123,9994541361,9994539065,31,23111
docs\inst_test\instancias\n_1000_3,300,15,10,10,0.1000,2026,9999229050,9999226581,34,23111
docs\inst_test\instancias\n_1000_3,300,15,10,10,0.2000,42,9999229060,9999226468,33,23111
docs\inst_test\instancias\n_1000_3,300,15,10,10,0.2000,123,9998446306,9998444700,30,23111
docs\inst_test\instancias\n_1000_3,300,15,10,10,0.2000,2026,9999229022,9999226617,32,23111
docs\inst_test\instancias\n_1000_3,300,15,10,10,0.3000,42,9996882989,9996881818,28,23111
docs\inst_test\instancias\n_1000_3,300,15,10,10,0.3000,123,9999226830,9999225390,28,23111
docs\inst_test\instancias\n_1000_3,300,15,10,10,0.3000,2026,9999226819,9999225611,28,23111
docs\inst_test\instancias\n_1000_3,300,15,10,20,0.1000,42,9994541353,9994538947,32,23111
docs\inst_test\instancias\n_1000_3,300,15,10,20,0.1000,123,9994541336,9994539080,30,23111
docs\inst_test\instancias\n_1000_3,300,15,10,20,0.1000,2026,9999229050,9999226581,32,23111
docs\inst_test\instancias\n_1000_3,300,15,10,20,0.2000,42,9999229060,9999226468,33,23111
docs\inst_test\instancias\n_1000_3,300,15,10,20,0.2000,123,9997665784,9997663639,29,23111
docs\inst_test\instancias\n_1000_3,300,15,10,20,0.2000,2026,9999229022,9999226617,28,23111
docs\inst_test\instancias\n_1000_3,300,15,10,20,0.3000,42,9996882984,9996881744,28,23111
docs\inst_test\instancias\n_1000_3,300,15,10,20,0.3000,123,9998446310,9998444536,29,23111
docs\inst_test\instancias\n_1000_3,300,15,10,20,0.3000,2026,9999226819,9999225611,27,23111
docs\inst_test\instancias\n_1000_3,300,15,15,5,0.1000,42,9997665743,9997663580,35,23111
docs\inst_test\instancias\n_1000_3,300,15,15,5,0.1000,123,9997665742,9997663608,35,23111
docs\inst_test\instancias\n_1000_3,300,15,15,5,0.1000,2026,9999229056,9999226515,36,23111
docs\inst_test\instancias\n_1000_3,300,15,15,5,0.2000,42,9999229060,9999226468,36,23111
docs\inst_test\instancias\n_1000_3,300,15,15,5,0.2000,123,9999226821,9999225587,34,23111
docs\inst_test\instancias\n_1000_3,300,15,15,5,0.2000,2026,9999229022,9999226617,37,23111
docs\inst_test\instancias\n_1000_3,300,15,15,5,0.3000,42,9997663476,9997662529,30,23111
docs\inst_test\instancias\n_1000_3,300,15,15,5,0.3000,123,9999226830,9999225390,32,23111
docs\inst_test\instancias\n_1000_3,300,15,15,5,0.3000,2026,9999226819,9999225611,31,23111
docs\inst_test\instancias\n_1000_3,300,15,15,10,0.1000,42,9995321912,9995319949,31,23111
docs\inst_test\instancias\n_1000_3,300,15,15,10,0.1000,123,9994541361,9994539065,32,23111
docs\inst_test\instancias\n_1000_3,300,15,15,10,0.1000,2026,9999229050,9999226581,33,23111
docs\inst_test\instancias\n_1000_3,300,15,15,10,0.2000,42,9999229060,9999226468,32,23111
docs\inst_test\instancias\n_1000_3,300,15,15,10,0.2000,123,9998446306,9998444700,31,23111
docs\inst_test\instancias\n_1000_3,300,15,15,10,0.2000,2026,9999229022,9999226617,32,23111
docs\inst_test\instancias\n_1000_3,300,15,15,10,0.3000,42,9996882989,9996881818,29,23111
docs\inst_test\instancias\n_1000_3,300,15,15,10,0.3000,123,9999226830,9999225390,28,23111
docs\inst_test\instancias\n_1000_3,300,15,15,10,0.3000,2026,9999226819,9999225611,29,23111
docs\inst_test\instancias\n_1000_3,300,15,15,20,0.1000,42,9994541353,9994538947,30,23111
docs\inst_test\instancias\n_1000_3,300,15,15,20,0.1000,123,9994541336,9994539080,30,23111
docs\inst_test\instancias\n_1000_3,300,15,15,20,0.1000,2026,9999229050,9999226581,31,23111
docs\inst_test\instancias\n_1000_3,300,15,15,20,0.2000,42,9999229060,9999226468,30,23111
docs\inst_test\instancias\n_1000_3,300,15,15,20,0.2000,123,9997665784,9997663639,29,23111
docs\inst_test\instancias\n_1000_3,300,15,15,20,0.2000,2026,9999229022,9999226617,29,23111
docs\inst_test\instancias\n_1000_3,300,15,15,20,0.3000,42,9996882984,9996881744,27,23111
docs\inst_test\instancias\n_1000_3,300,15,15,20,0.3000,123,9998446310,9998444536,27,23111
docs\inst_test\instancias\n_1000_3,300,15,15,20,0.3000,2026,9999226819,9999225611,27,23111
docs\inst_test\instancias\n_1000_3,300,20,7,5,0.1000,42,9997665743,9997663580,35,23111
docs\inst_test\instancias\n_1000_3,300,20,7,5,0.1000,123,9997665742,9997663608,34,23111
docs\inst_test\instancias\n_1000_3,300,20,7,5,0.1000,2026,9999229056,9999226515,36,23111
docs\inst_test\instancias\n_1000_3,300,20,7,5,0.2000,42,9999229060,9999226468,34,23111
docs\inst_test\instancias\n_1000_3,300,20,7,5,0.2000,123,9999226821,9999225587,32,23111
docs\inst_test\instancias\n_1000_3,300,20,7,5,0.2000,2026,9999229022,9999226617,36,23111
docs\inst_test\instancias\n_1000_3,300,20,7,5,0.3000,42,9997663476,9997662529,31,23111
docs\inst_test\instancias\n_1000_3,300,20,7,5,0.3000,123,9999226830,9999225390,32,23111
docs\inst_test\instancias\n_1000_3,300,20,7,5,0.3000,2026,9999226819,9999225611,32,23111
docs\inst_test\instancias\n_1000_3,300,20,7,10,0.1000,42,9995321912,9995319949,32,23111
docs\inst_test\instancias\n_1000_3,300,20,7,10,0.1000,123,9994541361,9994539056,31,23111
docs\inst_test\instancias\n_1000_3,300,20,7,10,0.1000,2026,9999229050,9999226581,31,23111
docs\inst_test\instancias\n_1000_3,300,20,7,10,0.2000,42,9999229060,9999226468,32,23111
docs\inst_test\instancias\n_1000_3,300,20,7,10,0.2000,123,9998446306,9998444700,30,23111
docs\inst_test\instancias\n_1000_3,300,20,7,10,0.2000,2026,9999229022,9999226617,32,23111
docs\inst_test\instancias\n_1000_3,300,20,7,10,0.3000,42,9996882989,9996881818,28,23111
docs\inst_test\instancias\n_1000_3,300,20,7,10,0.3000,123,9999226830,9999225390,29,23111
docs\inst_test\instancias\n_1000_3,300,20,7,10,0.3000,2026,9999226819,9999225611,28,23111
docs\inst_test\instancias\n_1000_3,300,20,7,20,0.1000,42,9994541353,9994538947,30,23111
docs\inst_test\instancias\n_1000_3,300,20,7,20,0.1000,123,9994541336,9994539080,31,23111
docs\inst_test\instancias\n_1000_3,300,20,7,20,0.1000,2026,9999229050,9999226581,29,23111
docs\inst_test\instancias\n_1000_3,300,20,7,20,0.2000,42,9999229060,9999226468,32,23111
docs\inst_test\instancias\n_1000_3,300,20,7,20,0.2000,123,9997665784,9997663639,29,23111
docs\inst_test\instancias\n_1000_3,300,20,7,20,0.2000,2026,9999229022,9999226617,30,23111
docs\inst_test\instancias\n_1000_3,300,20,7,20,0.3000,42,9996882984,9996881744,27,23111
docs\inst_test\instancias\n_1000_3,300,20,7,20,0.3000,123,9998446310,9998444536,28,23111
docs\inst_test\instancias\n_1000_3,300,20,7,20,0.3000,2026,9999226819,9999225611,27,23111
docs\inst_test\instancias\n_1000_3,300,20,10,5,0.1000,42,9997665743,9997663580,34,23111
docs\inst_test\instancias\n_1000_3,300,20,10,5,0.1000,123,9997665742,9997663608,36,23111
docs\inst_test\instancias\n_1000_3,300,20,10,5,0.1000,2026,9999229056,9999226515,36,23111
docs\inst_test\instancias\n_1000_3,300,20,10,5,0.2000,42,9999229060,9999226468,36,23111
docs\inst_test\instancias\n_1000_3,300,20,10,5,0.2000,123,9999226821,9999225587,33,23111
docs\inst_test\instancias\n_1000_3,300,20,10,5,0.2000,2026,9999229022,9999226617,36,23111
docs\inst_test\instancias\n_1000_3,300,20,10,5,0.3000,42,9997663476,9997662529,32,23111
docs\inst_test\instancias\n_1000_3,300,20,10,5,0.3000,123,9999226830,9999225390,31,23111
docs\inst_test\instancias\n_1000_3,300,20,10,5,0.3000,2026,9999226819,9999225611,31,23111
docs\inst_test\instancias\n_1000_3,300,20,10,10,0.1000,42,9995321912,9995319949,31,23111
docs\inst_test\instancias\n_1000_3,300,20,10,10,0.1000,123,9994541361,9994539065,32,23111
docs\inst_test\instancias\n_1000_3,300,20,10,10,0.1000,2026,9999229050,9999226581,32,23111
docs\inst_test\instancias\n_1000_3,300,20,10,10,0.2000,42,9999229060,9999226468,31,23111
docs\inst_test\instancias\n_1000_3,300,20,10,10,0.2000,123,9998446306,9998444700,31,23111
docs\inst_test\instancias\n_1000_3,300,20,10,10,0.2000,2026,9999229022,9999226617,32,23111
docs\inst_test\instancias\n_1000_3,300,20,10,10,0.3000,42,9996882989,9996881818,29,23111
docs\inst_test\instancias\n_1000_3,300,20,10,10,0.3000,123,9999226830,9999225390,29,23111
docs\inst_test\instancias\n_1000_3,300,20,10,10,0.3000,2026,9999226819,9999225611,28,23111
docs\inst_test\instancias\n_1000_3,300,20,10,20,0.1000,42,9994541353,9994538947,30,23111
docs\inst_test\instancias\n_1000_3,300,20,10,20,0.1000,123,9994541336,9994539080,31,23111
docs\inst_test\instancias\n_1000_3,300,20,10,20,0.1000,2026,9999229050,9999226581,31,23111
docs\inst_test\instancias\n_1000_3,300,20,10,20,0.2000,42,9999229060,9999226468,31,23111
docs\inst_test\instancias\n_1000_3,300,20,10,20,0.2000,123,9997665784,9997663639,30,23111
docs\inst_test\instancias\n_1000_3,300,20,10,20,0.2000,2026,9999229022,9999226617,30,23111
docs\inst_test\instancias\n_1000_3,300,20,10,20,0.3000,42,9996882984,9996881744,27,23111
docs\inst_test\instancias\n_1000_3,300,20,10,20,0.3000,123,9998446310,9998444536,29,23111
docs\inst_test\instancias\n_1000_3,300,20,10,20,0.3000,2026,9999226819,9999225611,29,23111
docs\inst_test\instancias\n_1000_3,300,20,15,5,0.1000,42,9997665743,9997663580,36,23111
docs\inst_test\instancias\n_1000_3,300,20,15,5,0.1000,123,9997665742,9997663608,35,23111
docs\inst_test\instancias\n_1000_3,300,20,15,5,0.1000,2026,9999229056,9999226515,36,23111
docs\inst_test\instancias\n_1000_3,300,20,15,5,0.2000,42,9999229060,9999226468,35,23111
docs\inst_test\instancias\n_1000_3,300,20,15,5,0.2000,123,9999226821,9999225587,31,23111
docs\inst_test\instancias\n_1000_3,300,20,15,5,0.2000,2026,9999229022,9999226617,36,23111
docs\inst_test\instancias\n_1000_3,300,20,15,5,0.3000,42,9997663476,9997662529,32,23111
docs\inst_test\instancias\n_1000_3,300,20,15,5,0.3000,123,9999226830,9999225390,32,23111
docs\inst_test\instancias\n_1000_3,300,20,15,5,0.3000,2026,9999226819,9999225611,34,23111
docs\inst_test\instancias\n_1000_3,300,20,15,10,0.1000,42,9995321912,9995319949,34,23111
docs\inst_test\instancias\n_1000_3,300,20,15,10,0.1000,123,9994541361,9994539065,32,23111
docs\inst_test\instancias\n_1000_3,300,20,15,10,0.1000,2026,9999229050,9999226581,33,23111
docs\inst_test\instancias\n_1000_3,300,20,15,10,0.2000,42,9999229060,9999226468,31,23111
docs\inst_test\instancias\n_1000_3,300,20,15,10,0.2000,123,9998446306,9998444700,32,23111
docs\inst_test\instancias\n_1000_3,300,20,15,10,0.2000,2026,9999229022,9999226617,31,23111
docs\inst_test\instancias\n_1000_3,300,20,15,10,0.3000,42,9996882989,9996881818,30,23111
docs\inst_test\instancias\n_1000_3,300,20,15,10,0.3000,123,9999226830,9999225390,30,23111
docs\inst_test\instancias\n_1000_3,300,20,15,10,0.3000,2026,9999226819,9999225611,28,23111
docs\inst_test\instancias\n_1000_3,300,20,15,20,0.1000,42,9994541353,9994538947,31,23111
docs\inst_test\instancias\n_1000_3,300,20,15,20,0.1000,123,9994541336,9994539080,31,23111
docs\inst_test\instancias\n_1000_3,300,20,15,20,0.1000,2026,9999229050,9999226581,31,23111
docs\inst_test\instancias\n_1000_3,300,20,15,20,0.2000,42,9999229060,9999226468,30,23111
docs\inst_test\instancias\n_1000_3,300,20,15,20,0.2000,123,9997665784,9997663639,31,23111
docs\inst_test\instancias\n_1000_3,300,20,15,20,0.2000,2026,9999229022,9999226617,30,23111
docs\inst_test\instancias\n_1000_3,300,20,15,20,0.3000,42,9996882984,9996881744,26,23111
docs\inst_test\instancias\n_1000_3,300,20,15,20,0.3000,123,9998446310,9998444536,29,23111
docs\inst_test\instancias\n_1000_3,300,20,15,20,0.3000,2026,9999226819,9999225611,27,23111
docs\inst_test\instancias\n_1000_3,500,10,7,5,0.1000,42,9997665743,9997663580,59,23111
docs\inst_test\instancias\n_1000_3,500,10,7,5,0.1000,123,9997665789,9997663609,59,23111
docs\inst_test\instancias\n_1000_3,500,10,7,5,0.1000,2026,9999229056,9999226515,61,23111
docs\inst_test\instancias\n_1000_3,500,10,7,5,0.2000,42,9999229060,9999226468,61,23111
docs\inst_test\instancias\n_1000_3,500,10,7,5,0.2000,123,9999226829,9999225499,55,23111
docs\inst_test\instancias\n_1000_3,500,10,7,5,0.2000,2026,9999229022,9999226617,60,23111
docs\inst_test\instancias\n_1000_3,500,10,7,5,0.3000,42,9998443951,9998443270,51,23111
docs\inst_test\instancias\n_1000_3,500,10,7,5,0.3000,123,9999226830,9999225390,56,23111
docs\inst_test\instancias\n_1000_3,500,10,7,5,0.3000,2026,9999226819,9999225611,54,23111
docs\inst_test\instancias\n_1000_3,500,10,7,10,0.1000,42,9997665749,9997663600,52,23111
docs\inst_test\instancias\n_1000_3,500,10,7,10,0.1000,123,9994541387,9994538995,53,23111
docs\inst_test\instancias\n_1000_3,500,10,7,10,0.1000,2026,9999229056,9999226515,55,23111
docs\inst_test\instancias\n_1000_3,500,10,7,10,0.2000,42,9999229060,9999226468,53,23111
docs\inst_test\instancias\n_1000_3,500,10,7,10,0.2000,123,9999226823,9999225583,49,23111
docs\inst_test\instancias\n_1000_3,500,10,7,10,0.2000,2026,9999229022,9999226617,51,23111
docs\inst_test\instancias\n_1000_3,500,10,7,10,0.3000,42,9999226832,9999225525,46,23111
docs\inst_test\instancias\n_1000_3,500,10,7,10,0.3000,123,9999226830,9999225390,47,23111
docs\inst_test\instancias\n_1000_3,500,10,7,10,0.3000,2026,9999226819,9999225611,49,23111
docs\inst_test\instancias\n_1000_3,500,10,7,20,0.1000,42,9995321912,9995319949,51,23111
docs\inst_test\instancias\n_1000_3,500,10,7,20,0.1000,123,9994541361,9994539065,50,23111
docs\inst_test\instancias\n_1000_3,500,10,7,20,0.1000,2026,9999229050,9999226581,51,23111
docs\inst_test\instancias\n_1000_3,500,10,7,20,0.2000,42,9999229060,9999226468,50,23111
docs\inst_test\instancias\n_1000_3,500,10,7,20,0.2000,123,9998446310,9998444768,50,23111
docs\inst_test\instancias\n_1000_3,500,10,7,20,0.2000,2026,9999229022,9999226617,50,23111
docs\inst_test\instancias\n_1000_3,500,10,7,20,0.3000,42,9996882985,9996881662,45,23111
docs\inst_test\instancias\n_1000_3,500,10,7,20,0.3000,123,9999226830,9999225390,46,23111
docs\inst_test\instancias\n_1000_3,500,10,7,20,0.3000,2026,9999226819,9999225611,46,23111
docs\inst_test\instancias\n_1000_3,500,10,10,5,0.1000,42,9997665743,9997663580,58,23111
docs\inst_test\instancias\n_1000_3,500,10,10,5,0.1000,123,9997665789,9997663609,57,23111
docs\inst_test\instancias\n_1000_3,500,10,10,5,0.1000,2026,9999229056,9999226515,60,23111
docs\inst_test\instancias\n_1000_3,500,10,10,5,0.2000,42,9999229060,9999226468,60,23111
docs\inst_test\instancias\n_1000_3,500,10,10,5,0.2000,123,9999226829,9999225556,54,23111
docs\inst_test\instancias\n_1000_3,500,10,10,5,0.2000,2026,9999229022,9999226617,58,23111
docs\inst_test\instancias\n_1000_3,500,10,10,5,0.3000,42,9998443951,9998443270,50,23111
docs\inst_test\instancias\n_1000_3,500,10,10,5,0.3000,123,9999226830,9999225390,54,23111
docs\inst_test\instancias\n_1000_3,500,10,10,5,0.3000,2026,9999226819,9999225611,56,23111
docs\inst_test\instancias\n_1000_3,500,10,10,10,0.1000,42,9997665749,9997663600,54,23111
docs\inst_test\instancias\n_1000_3,500,10,10,10,0.1000,123,9994541387,9994539004,56,23111
docs\inst_test\instancias\n_1000_3,500,10,10,10,0.1000,2026,9999229056,9999226515,55,23111
docs\inst_test\instancias\n_1000_3,500,10,10,10,0.2000,42,9999229060,9999226468,56,23111
docs\inst_test\instancias\n_1000_3,500,10,10,10,0.2000,123,9999226823,9999225583,51,23111
docs\inst_test\instancias\n_1000_3,500,10,10,10,0.2000,2026,9999229022,9999226617,52,23111
docs\inst_test\instancias\n_1000_3,500,10,10,10,0.3000,42,9999226832,9999225525,47,23111
docs\inst_test\instancias\n_1000_3,500,10,10,10,0.3000,123,9999226830,9999225390,49,23111
docs\inst_test\instancias\n_1000_3,500,10,10,10,0.3000,2026,9999226819,9999225611,47,23111
docs\inst_test\instancias\n_1000_3,500,10,10,20,0.1000,42,9995321912,9995319949,51,23111
docs\inst_test\instancias\n_1000_3,500,10,10,20,0.1000,123,9994541361,9994539065,49,23111
docs\inst_test\instancias\n_1000_3,500,10,10,20,0.1000,2026,9999229050,9999226581,50,23111
docs\inst_test\instancias\n_1000_3,500,10,10,20,0.2000,42,9999229060,9999226468,52,23111
docs\inst_test\instancias\n_1000_3,500,10,10,20,0.2000,123,9998446310,9998444768,49,23111
docs\inst_test\instancias\n_1000_3,500,10,10,20,0.2000,2026,9999229022,9999226617,50,23111
docs\inst_test\instancias\n_1000_3,500,10,10,20,0.3000,42,9996882985,9996881662,44,23111
docs\inst_test\instancias\n_1000_3,500,10,10,20,0.3000,123,9999226830,9999225390,46,23111
docs\inst_test\instancias\n_1000_3,500,10,10,20,0.3000,2026,9999226819,9999225611,44,23111
docs\inst_test\instancias\n_1000_3,500,10,15,5,0.1000,42,9997665743,9997663580,58,23111
docs\inst_test\instancias\n_1000_3,500,10,15,5,0.1000,123,9997665789,9997663609,57,23111
docs\inst_test\instancias\n_1000_3,500,10,15,5,0.1000,2026,9999229056,9999226515,60,23111
docs\inst_test\instancias\n_1000_3,500,10,15,5,0.2000,42,9999229060,9999226468,59,23111
docs\inst_test\instancias\n_1000_3,500,10,15,5,0.2000,123,9999226829,9999225556,54,23111
docs\inst_test\instancias\n_1000_3,500,10,15,5,0.2000,2026,9999229022,9999226617,59,23111
docs\inst_test\instancias\n_1000_3,500,10,15,5,0.3000,42,9998443951,9998443270,50,23111
docs\inst_test\instancias\n_1000_3,500,10,15,5,0.3000,123,9999226830,9999225390,54,23111
docs\inst_test\instancias\n_1000_3,500,10,15,5,0.3000,2026,9999226819,9999225611,53,23111
docs\inst_test\instancias\n_1000_3,500,10,15,10,0.1000,42,9997665749,9997663600,53,23111
docs\inst_test\instancias\n_1000_3,500,10,15,10,0.1000,123,9994541387,9994539004,53,23111
docs\inst_test\instancias\n_1000_3,500,10,15,10,0.1000,2026,9999229056,9999226515,55,23111
docs\inst_test\instancias\n_1000_3,500,10,15,10,0.2000,42,9999229060,9999226468,54,23111
docs\inst_test\instancias\n_1000_3,500,10,15,10,0.2000,123,9999226823,9999225583,49,23111
docs\inst_test\instancias\n_1000_3,500,10,15,10,0.2000,2026,9999229022,9999226617,53,23111
docs\inst_test\instancias\n_1000_3,500,10,15,10,0.3000,42,9999226832,9999225525,48,23111
docs\inst_test\instancias\n_1000_3,500,10,15,10,0.3000,123,9999226830,9999225390,49,23111
docs\inst_test\instancias\n_1000_3,500,10,15,10,0.3000,2026,9999226819,9999225611,47,23111
docs\inst_test\instancias\n_1000_3,500,10,15,20,0.1000,42,9995321912,9995319949,51,23111
docs\inst_test\instancias\n_1000_3,500,10,15,20,0.1000,123,9994541361,9994539065,50,23111
docs\inst_test\instancias\n_1000_3,500,10,15,20,0.1000,2026,9999229050,9999226581,51,23111
docs\inst_test\instancias\n_1000_3,500,10,15,20,0.2000,42,9999229060,9999226468,52,23111
docs\inst_test\instancias\n_1000_3,500,10,15,20,0.2000,123,9998446310,9998444768,47,23111
docs\inst_test\instancias\n_1000_3,500,10,15,20,0.2000,2026,9999229022,9999226617,51,23111
docs\inst_test\instancias\n_1000_3,500,10,15,20,0.3000,42,9996882985,9996881662,45,23111
docs\inst_test\instancias\n_1000_3,500,10,15,20,0.3000,123,9999226830,9999225390,49,23111
docs\inst_test\instancias\n_1000_3,500,10,15,20,0.3000,2026,9999226819,9999225611,47,23111
docs\inst_test\instancias\n_1000_3,500,15,7,5,0.1000,42,9997665743,9997663580,58,23111
docs\inst_test\instancias\n_1000_3,500,15,7,5,0.1000,123,9997665789,9997663609,59,23111
docs\inst_test\instancias\n_1000_3,500,15,7,5,0.1000,2026,9999229056,9999226515,62,23111
docs\inst_test\instancias\n_1000_3,500,15,7,5,0.2000,42,9999229060,9999226468,60,23111
docs\inst_test\instancias\n_1000_3,500,15,7,5,0.2000,123,9999226829,9999225499,55,23111
docs\inst_test\instancias\n_1000_3,500,15,7,5,0.2000,2026,9999229022,9999226617,60,23111
docs\inst_test\instancias\n_1000_3,500,15,7,5,0.3000,42,9998443951,9998443270,52,23111
docs\inst_test\instancias\n_1000_3,500,15,7,5,0.3000,123,9999226830,9999225390,54,23111
docs\inst_test\instancias\n_1000_3,500,15,7,5,0.3000,2026,9999226819,9999225611,54,23111
docs\inst_test\instancias\n_1000_3,500,15,7,10,0.1000,42,9997665749,9997663600,52,23111
docs\inst_test\instancias\n_1000_3,500,15,7,10,0.1000,123,9994541387,9994538995,53,23111
docs\inst_test\instancias\n_1000_3,500,15,7,10,0.1000,2026,9999229056,9999226515,54,23111
docs\inst_test\instancias\n_1000_3,500,15,7,10,0.2000,42,9999229060,9999226468,54,23111
docs\inst_test\instancias\n_1000_3,500,15,7,10,0.2000,123,9999226823,9999225583,49,23111
docs\inst_test\instancias\n_1000_3,500,15,7,10,0.2000,2026,9999229022,9999226617,53,23111
docs\inst_test\instancias\n_1000_3,500,15,7,10,0.3000,42,9999226832,9999225525,49,23111
docs\inst_test\instancias\n_1000_3,500,15,7,10,0.3000,123,9999226830,9999225390,49,23111
docs\inst_test\instancias\n_1000_3,500,15,7,10,0.3000,2026,9999226819,9999225611,47,23111
docs\inst_test\instancias\n_1000_3,500,15,7,20,0.1000,42,9995321912,9995319949,51,23111
docs\inst_test\instancias\n_1000_3,500,15,7,20,0.1000,123,9994541361,9994539065,53,23111
docs\inst_test\instancias\n_1000_3,500,15,7,20,0.1000,2026,9999229050,9999226581,52,23111
docs\inst_test\instancias\n_1000_3,500,15,7,20,0.2000,42,9999229060,9999226468,51,23111
docs\inst_test\instancias\n_1000_3,500,15,7,20,0.2000,123,9998446310,9998444768,48,23111
docs\inst_test\instancias\n_1000_3,500,15,7,20,0.2000,2026,9999229022,9999226617,49,23111
docs\inst_test\instancias\n_1000_3,500,15,7,20,0.3000,42,9996882985,9996881662,45,23111
docs\inst_test\instancias\n_1000_3,500,15,7,20,0.3000,123,9999226830,9999225390,48,23111
docs\inst_test\instancias\n_1000_3,500,15,7,20,0.3000,2026,9999226819,9999225611,46,23111
docs\inst_test\instancias\n_1000_3,500,15,10,5,0.1000,42,9997665743,9997663580,60,23111
docs\inst_test\instancias\n_1000_3,500,15,10,5,0.1000,123,9997665789,9997663609,58,23111
docs\inst_test\instancias\n_1000_3,500,15,10,5,0.1000,2026,9999229056,9999226515,61,23111
docs\inst_test\instancias\n_1000_3,500,15,10,5,0.2000,42,9999229060,9999226468,61,23111
docs\inst_test\instancias\n_1000_3,500,15,10,5,0.2000,123,9999226829,9999225556,55,23111
docs\inst_test\instancias\n_1000_3,500,15,10,5,0.2000,2026,9999229022,9999226617,61,23111
docs\inst_test\instancias\n_1000_3,500,15,10,5,0.3000,42,9998443951,9998443270,52,23111
docs\inst_test\instancias\n_1000_3,500,15,10,5,0.3000,123,9999226830,9999225390,55,23111
docs\inst_test\instancias\n_1000_3,500,15,10,5,0.3000,2026,9999226819,9999225611,54,23111
docs\inst_test\instancias\n_1000_3,500,15,10,10,0.1000,42,9997665749,9997663600,52,23111
docs\inst_test\instancias\n_1000_3,500,15,10,10,0.1000,123,9994541387,9994539004,54,23111
docs\inst_test\instancias\n_1000_3,500,15,10,10,0.1000,2026,9999229056,9999226515,57,23111
docs\inst_test\instancias\n_1000_3,500,15,10,10,0.2000,42,9999229060,9999226468,55,23111
docs\inst_test\instancias\n_1000_3,500,15,10,10,0.2000,123,9999226823,9999225583,51,23111
docs\inst_test\instancias\n_1000_3,500,15,10,10,0.2000,2026,9999229022,9999226617,53,23111
docs\inst_test\instancias\n_1000_3,500,15,10,10,0.3000,42,9999226832,9999225525,49,23111
docs\inst_test\instancias\n_1000_3,500,15,10,10,0.3000,123,9999226830,9999225390,48,23111
docs\inst_test\instancias\n_1000_3,500,15,10,10,0.3000,2026,9999226819,9999225611,50,23111
docs\inst_test\instancias\n_1000_3,500,15,10,20,0.1000,42,9995321912,9995319949,51,23111
docs\inst_test\instancias\n_1000_3,500,15,10,20,0.1000,123,9994541361,9994539065,50,23111
docs\inst_test\instancias\n_1000_3,500,15,10,20,0.1000,2026,9999229050,9999226581,51,23111
docs\inst_test\instancias\n_1000_3,500,15,10,20,0.2000,42,9999229060,9999226468,50,23111
docs\inst_test\instancias\n_1000_3,500,15,10,20,0.2000,123,9998446310,9998444768,47,23111
docs\inst_test\instancias\n_1000_3,500,15,10,20,0.2000,2026,9999229022,9999226617,52,23111
docs\inst_test\instancias\n_1000_3,500,15,10,20,0.3000,42,9996882985,9996881662,48,23111
docs\inst_test\instancias\n_1000_3,500,15,10,20,0.3000,123,9999226830,9999225390,47,23111
docs\inst_test\instancias\n_1000_3,500,15,10,20,0.3000,2026,9999226819,9999225611,44,23111
docs\inst_test\instancias\n_1000_3,500,15,15,5,0.1000,42,9997665743,9997663580,60,23111
docs\inst_test\instancias\n_1000_3,500,15,15,5,0.1000,123,9997665789,9997663609,60,23111
docs\inst_test\instancias\n_1000_3,500,15,15,5,0.1000,2026,9999229056,9999226515,62,23111
docs\inst_test\instancias\n_1000_3,500,15,15,5,0.2000,42,9999229060,9999226468,61,23111
docs\inst_test\instancias\n_1000_3,500,15,15,5,0.2000,123,9999226829,9999225556,56,23111
docs\inst_test\instancias\n_1000_3,500,15,15,5,0.2000,2026,9999229022,9999226617,60,23111
docs\inst_test\instancias\n_1000_3,500,15,15,5,0.3000,42,9998443951,9998443270,52,23111
docs\inst_test\instancias\n_1000_3,500,15,15,5,0.3000,123,9999226830,9999225390,56,23111
docs\inst_test\instancias\n_1000_3,500,15,15,5,0.3000,2026,9999226819,9999225611,55,23111
docs\inst_test\instancias\n_1000_3,500,15,15,10,0.1000,42,9997665749,9997663600,54,23111
docs\inst_test\instancias\n_1000_3,500,15,15,10,0.1000,123,9994541387,9994539004,53,23111
docs\inst_test\instancias\n_1000_3,500,15,15,10,0.1000,2026,9999229056,9999226515,55,23111
docs\inst_test\instancias\n_1000_3,500,15,15,10,0.2000,42,9999229060,9999226468,53,23111
docs\inst_test\instancias\n_1000_3,500,15,15,10,0.2000,123,9999226823,9999225583,52,23111
docs\inst_test\instancias\n_1000_3,500,15,15,10,0.2000,2026,9999229022,9999226617,54,23111
docs\inst_test\instancias\n_1000_3,500,15,15,10,0.3000,42,9999226832,9999225525,48,23111
docs\inst_test\instancias\n_1000_3,500,15,15,10,0.3000,123,9999226830,9999225390,49,23111
docs\inst_test\instancias\n_1000_3,500,15,15,10,0.3000,2026,9999226819,9999225611,48,23111
docs\inst_test\instancias\n_1000_3,500,15,15,20,0.1000,42,9995321912,9995319949,50,23111
docs\inst_test\instancias\n_1000_3,500,15,15,20,0.1000,123,9994541361,9994539065,51,23111
docs\inst_test\instancias\n_1000_3,500,15,15,20,0.1000,2026,9999229050,9999226581,51,23111
docs\inst_test\instancias\n_1000_3,500,15,15,20,0.2000,42,9999229060,9999226468,51,23111
docs\inst_test\instancias\n_1000_3,500,15,15,20,0.2000,123,9998446310,9998444768,49,23111
docs\inst_test\instancias\n_1000_3,500,15,15,20,0.2000,2026,9999229022,9999226617,52,23111
docs\inst_test\instancias\n_1000_3,500,15,15,20,0.3000,42,9996882985,9996881662,46,23111
docs\inst_test\instancias\n_1000_3,500,15,15,20,0.3000,123,9999226830,9999225390,47,23111
docs\inst_test\instancias\n_1000_3,500,15,15,20,0.3000,2026,9999226819,9999225611,45,23111
docs\inst_test\instancias\n_1000_3,500,20,7,5,0.1000,42,9997665743,9997663580,59,23111
docs\inst_test\instancias\n_1000_3,500,20,7,5,0.1000,123,9997665789,9997663609,61,23111
docs\inst_test\instancias\n_1000_3,500,20,7,5,0.1000,2026,9999229056,9999226515,62,23111
docs\inst_test\instancias\n_1000_3,500,20,7,5,0.2000,42,9999229060,9999226468,62,23111
docs\inst_test\instancias\n_1000_3,500,20,7,5,0.2000,123,9999226829,9999225499,54,23111
docs\inst_test\instancias\n_1000_3,500,20,7,5,0.2000,2026,9999229022,9999226617,61,23111
docs\inst_test\instancias\n_1000_3,500,20,7,5,0.3000,42,9998443951,9998443270,51,23111
docs\inst_test\instancias\n_1000_3,500,20,7,5,0.3000,123,9999226830,9999225390,55,23111
docs\inst_test\instancias\n_1000_3,500,20,7,5,0.3000,2026,9999226819,9999225611,56,23111
docs\inst_test\instancias\n_1000_3,500,20,7,10,0.1000,42,9997665749,9997663600,54,23111
docs\inst_test\instancias\n_1000_3,500,20,7,10,0.1000,123,9994541387,9994538995,55,23111
docs\inst_test\instancias\n_1000_3,500,20,7,10,0.1000,2026,9999229056,9999226515,56,23111
docs\inst_test\instancias\n_1000_3,500,20,7,10,0.2000,42,9999229060,9999226468,54,23111
docs\inst_test\instancias\n_1000_3,500,20,7,10,0.2000,123,9999226823,9999225583,50,23111
docs\inst_test\instancias\n_1000_3,500,20,7,10,0.2000,2026,9999229022,9999226617,54,23111
docs\inst_test\instancias\n_1000_3,500,20,7,10,0.3000,42,9999226832,9999225525,49,23111
docs\inst_test\instancias\n_1000_3,500,20,7,10,0.3000,123,9999226830,9999225390,51,23111
docs\inst_test\instancias\n_1000_3,500,20,7,10,0.3000,2026,9999226819,9999225611,49,23111
docs\inst_test\instancias\n_1000_3,500,20,7,20,0.1000,42,9995321912,9995319949,51,23111
docs\inst_test\instancias\n_1000_3,500,20,7,20,0.1000,123,9994541361,9994539065,50,23111
docs\inst_test\instancias\n_1000_3,500,20,7,20,0.1000,2026,9999229050,9999226581,52,23111
docs\inst_test\instancias\n_1000_3,500,20,7,20,0.2000,42,9999229060,9999226468,50,23111
docs\inst_test\instancias\n_1000_3,500,20,7,20,0.2000,123,9998446310,9998444768,49,23111
docs\inst_test\instancias\n_1000_3,500,20,7,20,0.2000,2026,9999229022,9999226617,50,23111
docs\inst_test\instancias\n_1000_3,500,20,7,20,0.3000,42,9996882985,9996881662,45,23111
docs\inst_test\instancias\n_1000_3,500,20,7,20,0.3000,123,9999226830,9999225390,46,23111
docs\inst_test\instancias\n_1000_3,500,20,7,20,0.3000,2026,9999226819,9999225611,45,23111
docs\inst_test\instancias\n_1000_3,500,20,10,5,0.1000,42,9997665743,9997663580,58,23111
docs\inst_test\instancias\n_1000_3,500,20,10,5,0.1000,123,9997665789,9997663609,67,23111
docs\inst_test\instancias\n_1000_3,500,20,10,5,0.1000,2026,9999229056,9999226515,63,23111
docs\inst_test\instancias\n_1000_3,500,20,10,5,0.2000,42,9999229060,9999226468,61,23111
docs\inst_test\instancias\n_1000_3,500,20,10,5,0.2000,123,9999226829,9999225556,55,23111
docs\inst_test\instancias\n_1000_3,500,20,10,5,0.2000,2026,9999229022,9999226617,61,23111
docs\inst_test\instancias\n_1000_3,500,20,10,5,0.3000,42,9998443951,9998443270,52,23111
docs\inst_test\instancias\n_1000_3,500,20,10,5,0.3000,123,9999226830,9999225390,56,23111
docs\inst_test\instancias\n_1000_3,500,20,10,5,0.3000,2026,9999226819,9999225611,56,23111
docs\inst_test\instancias\n_1000_3,500,20,10,10,0.1000,42,9997665749,9997663600,54,23111
docs\inst_test\instancias\n_1000_3,500,20,10,10,0.1000,123,9994541387,9994539004,53,23111
docs\inst_test\instancias\n_1000_3,500,20,10,10,0.1000,2026,9999229056,9999226515,54,23111
docs\inst_test\instancias\n_1000_3,500,20,10,10,0.2000,42,9999229060,9999226468,54,23111
docs\inst_test\instancias\n_1000_3,500,20,10,10,0.2000,123,9999226823,9999225583,49,23111
docs\inst_test\instancias\n_1000_3,500,20,10,10,0.2000,2026,9999229022,9999226617,54,23111
docs\inst_test\instancias\n_1000_3,500,20,10,10,0.3000,42,9999226832,9999225525,48,23111
docs\inst_test\instancias\n_1000_3,500,20,10,10,0.3000,123,9999226830,9999225390,47,23111
docs\inst_test\instancias\n_1000_3,500,20,10,10,0.3000,2026,9999226819,9999225611,48,23111
docs\inst_test\instancias\n_1000_3,500,20,10,20,0.1000,42,9995321912,9995319949,51,23111
docs\inst_test\instancias\n_1000_3,500,20,10,20,0.1000,123,9994541361,9994539065,52,23111
docs\inst_test\instancias\n_1000_3,500,20,10,20,0.1000,2026,9999229050,9999226581,51,23111
docs\inst_test\instancias\n_1000_3,500,20,10,20,0.2000,42,9999229060,9999226468,50,23111
docs\inst_test\instancias\n_1000_3,500,20,10,20,0.2000,123,9998446310,9998444768,47,23111
docs\inst_test\instancias\n_1000_3,500,20,10,20,0.2000,2026,9999229022,9999226617,51,23111
docs\inst_test\instancias\n_1000_3,500,20,10,20,0.3000,42,9996882985,9996881662,45,23111
docs\inst_test\instancias\n_1000_3,500,20,10,20,0.3000,123,9999226830,9999225390,48,23111
docs\inst_test\instancias\n_1000_3,500,20,10,20,0.3000,2026,9999226819,9999225611,45,23111
docs\inst_test\instancias\n_1000_3,500,20,15,5,0.1000,42,9997665743,9997663580,58,23111
docs\inst_test\instancias\n_1000_3,500,20,15,5,0.1000,123,9997665789,9997663609,59,23111
docs\inst_test\instancias\n_1000_3,500,20,15,5,0.1000,2026,9999229056,9999226515,61,23111
docs\inst_test\instancias\n_1000_3,500,20,15,5,0.2000,42,9999229060,9999226468,59,23111
docs\inst_test\instancias\n_1000_3,500,20,15,5,0.2000,123,9999226829,9999225556,55,23111
docs\inst_test\instancias\n_1000_3,500,20,15,5,0.2000,2026,9999229022,9999226617,62,23111
docs\inst_test\instancias\n_1000_3,500,20,15,5,0.3000,42,9998443951,9998443270,51,23111
docs\inst_test\instancias\n_1000_3,500,20,15,5,0.3000,123,9999226830,9999225390,55,23111
docs\inst_test\instancias\n_1000_3,500,20,15,5,0.3000,2026,9999226819,9999225611,55,23111
docs\inst_test\instancias\n_1000_3,500,20,15,10,0.1000,42,9997665749,9997663600,53,23111
docs\inst_test\instancias\n_1000_3,500,20,15,10,0.1000,123,9994541387,9994539004,55,23111
docs\inst_test\instancias\n_1000_3,500,20,15,10,0.1000,2026,9999229056,9999226515,53,23111
docs\inst_test\instancias\n_1000_3,500,20,15,10,0.2000,42,9999229060,9999226468,53,23111
docs\inst_test\instancias\n_1000_3,500,20,15,10,0.2000,123,9999226823,9999225583,50,23111
docs\inst_test\instancias\n_1000_3,500,20,15,10,0.2000,2026,9999229022,9999226617,54,23111
docs\inst_test\instancias\n_1000_3,500,20,15,10,0.3000,42,9999226832,9999225525,48,23111
docs\inst_test\instancias\n_1000_3,500,20,15,10,0.3000,123,9999226830,9999225390,47,23111
docs\inst_test\instancias\n_1000_3,500,20,15,10,0.3000,2026,9999226819,9999225611,47,23111
docs\inst_test\instancias\n_1000_3,500,20,15,20,0.1000,42,9995321912,9995319949,52,23111
docs\inst_test\instancias\n_1000_3,500,20,15,20,0.1000,123,9994541361,9994539065,51,23111
docs\inst_test\instancias\n_1000_3,500,20,15,20,0.1000,2026,9999229050,9999226581,51,23111
docs\inst_test\instancias\n_1000_3,500,20,15,20,0.2000,42,9999229060,9999226468,51,23111
docs\inst_test\instancias\n_1000_3,500,20,15,20,0.2000,123,9998446310,9998444768,49,23111
docs\inst_test\instancias\n_1000_3,500,20,15,20,0.2000,2026,9999229022,9999226617,51,23111
docs\inst_test\instancias\n_1000_3,500,20,15,20,0.3000,42,9996882985,9996881662,45,23111
docs\inst_test\instancias\n_1000_3,500,20,15,20,0.3000,123,9999226830,9999225390,46,23111
docs\inst_test\instancias\n_1000_3,500,20,15,20,0.3000,2026,9999226819,9999225611,44,23111
docs\inst_test\instancias\n_1000_4,100,10,7,5,0.1000,42,9999239200,9999233015,12,20872
docs\inst_test\instancias\n_1000_4,100,10,7,5,0.1000,123,9999239604,9999233200,10,20872
docs\inst_test\instancias\n_1000_4,100,10,7,5,0.1000,2026,9999239796,9999233069,11,20872
docs\inst_test\instancias\n_1000_4,100,10,7,5,0.2000,42,9999239825,9999233397,10,20872
docs\inst_test\instancias\n_1000_4,100,10,7,5,0.2000,123,9998455663,9998450281,10,20872
docs\inst_test\instancias\n_1000_4,100,10,7,5,0.2000,2026,9999239684,9999233254,11,20872
docs\inst_test\instancias\n_1000_4,100,10,7,5,0.3000,42,9996891031,9996886639,9,20872
docs\inst_test\instancias\n_1000_4,100,10,7,5,0.3000,123,9997675862,9997669855,10,20872
docs\inst_test\instancias\n_1000_4,100,10,7,5,0.3000,2026,9999235557,9999230837,10,20872
docs\inst_test\instancias\n_1000_4,100,10,7,10,0.1000,42,9993771778,9993764749,11,20872
docs\inst_test\instancias\n_1000_4,100,10,7,10,0.1000,123,9996895765,9996889366,10,20872
docs\inst_test\instancias\n_1000_4,100,10,7,10,0.1000,2026,9991427953,9991421500,10,20872
docs\inst_test\instancias\n_1000_4,100,10,7,10,0.2000,42,9998459677,9998452927,11,20872
docs\inst_test\instancias\n_1000_4,100,10,7,10,0.2000,123,9997675834,9997669777,9,20872
docs\inst_test\instancias\n_1000_4,100,10,7,10,0.2000,2026,9999239684,9999233254,11,20872
docs\inst_test\instancias\n_1000_4,100,10,7,10,0.3000,42,9994547650,9994542891,10,20872
docs\inst_test\instancias\n_1000_4,100,10,7,10,0.3000,123,9997675862,9997669855,10,20872
docs\inst_test\instancias\n_1000_4,100,10,7,10,0.3000,2026,9997675731,9997669897,9,20872
docs\inst_test\instancias\n_1000_4,100,10,7,20,0.1000,42,9993771778,9993764749,9,20872
docs\inst_test\instancias\n_1000_4,100,10,7,20,0.1000,123,9996115758,9996108806,10,20872
docs\inst_test\instancias\n_1000_4,100,10,7,20,0.1000,2026,9991427953,9991421500,11,20872
docs\inst_test\instancias\n_1000_4,100,10,7,20,0.2000,42,9998459677,9998452927,10,20872
docs\inst_test\instancias\n_1000_4,100,10,7,20,0.2000,123,9989864094,9989857916,10,20872
docs\inst_test\instancias\n_1000_4,100,10,7,20,0.2000,2026,9999239684,9999233254,11,20872
docs\inst_test\instancias\n_1000_4,100,10,7,20,0.3000,42,9991423917,9991418608,9,20872
docs\inst_test\instancias\n_1000_4,100,10,7,20,0.3000,123,9997675795,9997669459,9,20872
docs\inst_test\instancias\n_1000_4,100,10,7,20,0.3000,2026,9997675731,9997669897,8,20872
docs\inst_test\instancias\n_1000_4,100,10,10,5,0.1000,42,9999239200,9999233015,10,20872
docs\inst_test\instancias\n_1000_4,100,10,10,5,0.1000,123,9999239604,9999233200,9,20872
docs\inst_test\instancias\n_1000_4,100,10,10,5,0.1000,2026,9999239796,9999233069,11,20872
docs\inst_test\instancias\n_1000_4,100,10,10,5,0.2000,42,9999239825,9999233397,10,20872
docs\inst_test\instancias\n_1000_4,100,10,10,5,0.2000,123,9998455663,9998450281,9,20872
docs\inst_test\instancias\n_1000_4,100,10,10,5,0.2000,2026,9999239684,9999233254,10,20872
docs\inst_test\instancias\n_1000_4,100,10,10,5,0.3000,42,9996891031,9996886639,10,20872
docs\inst_test\instancias\n_1000_4,100,10,10,5,0.3000,123,9997675862,9997669855,8,20872
docs\inst_test\instancias\n_1000_4,100,10,10,5,0.3000,2026,9999235557,9999230837,9,20872
docs\inst_test\instancias\n_1000_4,100,10,10,10,0.1000,42,9993771778,9993764749,9,20872
docs\inst_test\instancias\n_1000_4,100,10,10,10,0.1000,123,9996895765,9996889366,9,20872
docs\inst_test\instancias\n_1000_4,100,10,10,10,0.1000,2026,9991427953,9991421500,10,20872
docs\inst_test\instancias\n_1000_4,100,10,10,10,0.2000,42,9998459677,9998452927,9,20872
docs\inst_test\instancias\n_1000_4,100,10,10,10,0.2000,123,9997675834,9997669777,9,20872
docs\inst_test\instancias\n_1000_4,100,10,10,10,0.2000,2026,9999239684,9999233254,10,20872
docs\inst_test\instancias\n_1000_4,100,10,10,10,0.3000,42,9994547650,9994542891,8,20872
docs\inst_test\instancias\n_1000_4,100,10,10,10,0.3000,123,9997675862,9997669855,9,20872
docs\inst_test\instancias\n_1000_4,100,10,10,10,0.3000,2026,9997675731,9997669897,9,20872
docs\inst_test\instancias\n_1000_4,100,10,10,20,0.1000,42,9993771778,9993764749,8,20872
docs\inst_test\instancias\n_1000_4,100,10,10,20,0.1000,123,9996115758,9996108806,9,20872
docs\inst_test\instancias\n_1000_4,100,10,10,20,0.1000,2026,9991427953,9991421500,7,20872
docs\inst_test\instancias\n_1000_4,100,10,10,20,0.2000,42,9998459677,9998452927,9,20872
docs\inst_test\instancias\n_1000_4,100,10,10,20,0.2000,123,9989864094,9989857916,8,20872
docs\inst_test\instancias\n_1000_4,100,10,10,20,0.2000,2026,9999239684,9999233254,9,20872
docs\inst_test\instancias\n_1000_4,100,10,10,20,0.3000,42,9991423917,9991418608,8,20872
docs\inst_test\instancias\n_1000_4,100,10,10,20,0.3000,123,9997675795,9997669459,9,20872
docs\inst_test\instancias\n_1000_4,100,10,10,20,0.3000,2026,9997675731,9997669897,8,20872
docs\inst_test\instancias\n_1000_4,100,10,15,5,0.1000,42,9999239200,9999233015,10,20872
docs\inst_test\instancias\n_1000_4,100,10,15,5,0.1000,123,9999239604,9999233200,9,20872
docs\inst_test\instancias\n_1000_4,100,10,15,5,0.1000,2026,9999239796,9999233069,11,20872
docs\inst_test\instancias\n_1000_4,100,10,15,5,0.2000,42,9999239825,9999233397,10,20872
docs\inst_test\instancias\n_1000_4,100,10,15,5,0.2000,123,9998455663,9998450281,9,20872
docs\inst_test\instancias\n_1000_4,100,10,15,5,0.2000,2026,9999239684,9999233254,11,20872
docs\inst_test\instancias\n_1000_4,100,10,15,5,0.3000,42,9996891031,9996886639,9,20872
docs\inst_test\instancias\n_1000_4,100,10,15,5,0.3000,123,9997675862,9997669855,9,20872
docs\inst_test\instancias\n_1000_4,100,10,15,5,0.3000,2026,9999235557,9999230837,9,20872
docs\inst_test\instancias\n_1000_4,100,10,15,10,0.1000,42,9993771778,9993764749,9,20872
docs\inst_test\instancias\n_1000_4,100,10,15,10,0.1000,123,9996895765,9996889366,9,20872
docs\inst_test\instancias\n_1000_4,100,10,15,10,0.1000,2026,9991427953,9991421500,10,20872
docs\inst_test\instancias\n_1000_4,100,10,15,10,0.2000,42,9998459677,9998452927,10,20872
docs\inst_test\instancias\n_1000_4,100,10,15,10,0.2000,123,9997675834,9997669777,9,20872
docs\inst_test\instancias\n_1000_4,100,10,15,10,0.2000,2026,9999239684,9999233254,9,20872
docs\inst_test\instancias\n_1000_4,100,10,15,10,0.3000,42,9994547650,9994542891,8,20872
docs\inst_test\instancias\n_1000_4,100,10,15,10,0.3000,123,9997675862,9997669855,8,20872
docs\inst_test\instancias\n_1000_4,100,10,15,10,0.3000,2026,9997675731,9997669897,9,20872
docs\inst_test\instancias\n_1000_4,100,10,15,20,0.1000,42,9993771778,9993764749,8,20872
docs\inst_test\instancias\n_1000_4,100,10,15,20,0.1000,123,9996115758,9996108806,10,20872
docs\inst_test\instancias\n_1000_4,100,10,15,20,0.1000,2026,9991427953,9991421500,8,20872
docs\inst_test\instancias\n_1000_4,100,10,15,20,0.2000,42,9998459677,9998452927,9,20872
docs\inst_test\instancias\n_1000_4,100,10,15,20,0.2000,123,9989864094,9989857916,9,20872
docs\inst_test\instancias\n_1000_4,100,10,15,20,0.2000,2026,9999239684,9999233254,8,20872
docs\inst_test\instancias\n_1000_4,100,10,15,20,0.3000,42,9991423917,9991418608,9,20872
docs\inst_test\instancias\n_1000_4,100,10,15,20,0.3000,123,9997675795,9997669459,9,20872
docs\inst_test\instancias\n_1000_4,100,10,15,20,0.3000,2026,9997675731,9997669897,8,20872
docs\inst_test\instancias\n_1000_4,100,15,7,5,0.1000,42,9999239200,9999233015,11,20872
docs\inst_test\instancias\n_1000_4,100,15,7,5,0.1000,123,9999239604,9999233200,10,20872
docs\inst_test\instancias\n_1000_4,100,15,7,5,0.1000,2026,9999239796,9999233069,9,20872
docs\inst_test\instancias\n_1000_4,100,15,7,5,0.2000,42,9999239825,9999233397,10,20872
docs\inst_test\instancias\n_1000_4,100,15,7,5,0.2000,123,9998455663,9998450281,9,20872
docs\inst_test\instancias\n_1000_4,100,15,7,5,0.2000,2026,9999239684,9999233254,11,20872
docs\inst_test\instancias\n_1000_4,100,15,7,5,0.3000,42,9996891031,9996886639,9,20872
docs\inst_test\instancias\n_1000_4,100,15,7,5,0.3000,123,9997675862,9997669855,9,20872
docs\inst_test\instancias\n_1000_4,100,15,7,5,0.3000,2026,9999235557,9999230837,9,20872
docs\inst_test\instancias\n_1000_4,100,15,7,10,0.1000,42,9993771778,9993764749,8,20872
docs\inst_test\instancias\n_1000_4,100,15,7,10,0.1000,123,9996895765,9996889366,9,20872
docs\inst_test\instancias\n_1000_4,100,15,7,10,0.1000,2026,9991427953,9991421500,9,20872
docs\inst_test\instancias\n_1000_4,100,15,7,10,0.2000,42,9998459677,9998452927,9,20872
docs\inst_test\instancias\n_1000_4,100,15,7,10,0.2000,123,9997675834,9997669777,9,20872
docs\inst_test\instancias\n_1000_4,100,15,7,10,0.2000,2026,9999239684,9999233254,9,20872
docs\inst_test\instancias\n_1000_4,100,15,7,10,0.3000,42,9994547650,9994542891,8,20872
docs\inst_test\instancias\n_1000_4,100,15,7,10,0.3000,123,9997675862,9997669855,9,20872
docs\inst_test\instancias\n_1000_4,100,15,7,10,0.3000,2026,9997675731,9997669897,9,20872
docs\inst_test\instancias\n_1000_4,100,15,7,20,0.1000,42,9993771778,9993764749,8,20872
docs\inst_test\instancias\n_1000_4,100,15,7,20,0.1000,123,9996115758,9996108806,10,20872
docs\inst_test\instancias\n_1000_4,100,15,7,20,0.1000,2026,9991427953,9991421500,9,20872
docs\inst_test\instancias\n_1000_4,100,15,7,20,0.2000,42,9998459677,9998452927,8,20872
docs\inst_test\instancias\n_1000_4,100,15,7,20,0.2000,123,9989864094,9989857916,8,20872
docs\inst_test\instancias\n_1000_4,100,15,7,20,0.2000,2026,9999239684,9999233254,9,20872
docs\inst_test\instancias\n_1000_4,100,15,7,20,0.3000,42,9991423917,9991418608,9,20872
docs\inst_test\instancias\n_1000_4,100,15,7,20,0.3000,123,9997675795,9997669459,9,20872
docs\inst_test\instancias\n_1000_4,100,15,7,20,0.3000,2026,9997675731,9997669897,8,20872
docs\inst_test\instancias\n_1000_4,100,15,10,5,0.1000,42,9999239200,9999233015,10,20872
docs\inst_test\instancias\n_1000_4,100,15,10,5,0.1000,123,9999239604,9999233200,10,20872
docs\inst_test\instancias\n_1000_4,100,15,10,5,0.1000,2026,9999239796,9999233069,10,20872
docs\inst_test\instancias\n_1000_4,100,15,10,5,0.2000,42,9999239825,9999233397,10,20872
docs\inst_test\instancias\n_1000_4,100,15,10,5,0.2000,123,9998455663,9998450281,9,20872
docs\inst_test\instancias\n_1000_4,100,15,10,5,0.2000,2026,9999239684,9999233254,10,20872
docs\inst_test\instancias\n_1000_4,100,15,10,5,0.3000,42,9996891031,9996886639,8,20872
docs\inst_test\instancias\n_1000_4,100,15,10,5,0.3000,123,9997675862,9997669855,9,20872
docs\inst_test\instancias\n_1000_4,100,15,10,5,0.3000,2026,9999235557,9999230837,9,20872
docs\inst_test\instancias\n_1000_4,100,15,10,10,0.1000,42,9993771778,9993764749,9,20872
docs\inst_test\instancias\n_1000_4,100,15,10,10,0.1000,123,9996895765,9996889366,9,20872
docs\inst_test\instancias\n_1000_4,100,15,10,10,0.1000,2026,9991427953,9991421500,9,20872
docs\inst_test\instancias\n_1000_4,100,15,10,10,0.2000,42,9998459677,9998452927,9,20872
docs\inst_test\instancias\n_1000_4,100,15,10,10,0.2000,123,9997675834,9997669777,8,20872
docs\inst_test\instancias\n_1000_4,100,15,10,10,0.2000,2026,9999239684,9999233254,10,20872
docs\inst_test\instancias\n_1000_4,100,15,10,10,0.3000,42,9994547650,9994542891,9,20872
docs\inst_test\instancias\n_1000_4,100,15,10,10,0.3000,123,9997675862,9997669855,9,20872
docs\inst_test\instancias\n_1000_4,100,15,10,10,0.3000,2026,9997675731,9997669897,9,20872
docs\inst_test\instancias\n_1000_4,100,15,10,20,0.1000,42,9993771778,9993764749,9,20872
docs\inst_test\instancias\n_1000_4,100,15,10,20,0.1000,123,9996115758,9996108806,9,20872
docs\inst_test\instancias\n_1000_4,100,15,10,20,0.1000,2026,9991427953,9991421500,10,20872
docs\inst_test\instancias\n_1000_4,100,15,10,20,0.2000,42,9998459677,9998452927,8,20872
docs\inst_test\instancias\n_1000_4,100,15,10,20,0.2000,123,9989864094,9989857916,8,20872
docs\inst_test\instancias\n_1000_4,100,15,10,20,0.2000,2026,9999239684,9999233254,9,20872
docs\inst_test\instancias\n_1000_4,100,15,10,20,0.3000,42,9991423917,9991418608,9,20872
docs\inst_test\instancias\n_1000_4,100,15,10,20,0.3000,123,9997675795,9997669459,8,20872
docs\inst_test\instancias\n_1000_4,100,15,10,20,0.3000,2026,9997675731,9997669897,8,20872
docs\inst_test\instancias\n_1000_4,100,15,15,5,0.1000,42,9999239200,9999233015,10,20872
docs\inst_test\instancias\n_1000_4,100,15,15,5,0.1000,123,9999239604,9999233200,9,20872
docs\inst_test\instancias\n_1000_4,100,15,15,5,0.1000,2026,9999239796,9999233069,10,20872
docs\inst_test\instancias\n_1000_4,100,15,15,5,0.2000,42,9999239825,9999233397,11,20872
docs\inst_test\instancias\n_1000_4,100,15,15,5,0.2000,123,9998455663,9998450281,9,20872
docs\inst_test\instancias\n_1000_4,100,15,15,5,0.2000,2026,9999239684,9999233254,9,20872
docs\inst_test\instancias\n_1000_4,100,15,15,5,0.3000,42,9996891031,9996886639,10,20872
docs\inst_test\instancias\n_1000_4,100,15,15,5,0.3000,123,9997675862,9997669855,9,20872
docs\inst_test\instancias\n_1000_4,100,15,15,5,0.3000,2026,9999235557,9999230837,9,20872
docs\inst_test\instancias\n_1000_4,100,15,15,10,0.1000,42,9993771778,9993764749,9,20872
docs\inst_test\instancias\n_1000_4,100,15,15,10,0.1000,123,9996895765,9996889366,10,20872
docs\inst_test\instancias\n_1000_4,100,15,15,10,0.1000,2026,9991427953,9991421500,10,20872
docs\inst_test\instancias\n_1000_4,100,15,15,10,0.2000,42,9998459677,9998452927,9,20872
docs\inst_test\instancias\n_1000_4,100,15,15,10,0.2000,123,9997675834,9997669777,9,20872
docs\inst_test\instancias\n_1000_4,100,15,15,10,0.2000,2026,9999239684,9999233254,9,20872
docs\inst_test\instancias\n_1000_4,100,15,15,10,0.3000,42,9994547650,9994542891,8,20872
docs\inst_test\instancias\n_1000_4,100,15,15,10,0.3000,123,9997675862,9997669855,8,20872
docs\inst_test\instancias\n_1000_4,100,15,15,10,0.3000,2026,9997675731,9997669897,9,20872
docs\inst_test\instancias\n_1000_4,100,15,15,20,0.1000,42,9993771778,9993764749,8,20872
docs\inst_test\instancias\n_1000_4,100,15,15,20,0.1000,123,9996115758,9996108806,9,20872
docs\inst_test\instancias\n_1000_4,100,15,15,20,0.1000,2026,9991427953,9991421500,10,20872
docs\inst_test\instancias\n_1000_4,100,15,15,20,0.2000,42,9998459677,9998452927,8,20872
docs\inst_test\instancias\n_1000_4,100,15,15,20,0.2000,123,9989864094,9989857916,9,20872
docs\inst_test\instancias\n_1000_4,100,15,15,20,0.2000,2026,9999239684,9999233254,9,20872
docs\inst_test\instancias\n_1000_4,100,15,15,20,0.3000,42,9991423917,9991418608,8,20872
docs\inst_test\instancias\n_1000_4,100,15,15,20,0.3000,123,9997675795,9997669459,8,20872
docs\inst_test\instancias\n_1000_4,100,15,15,20,0.3000,2026,9997675731,9997669897,9,20872
docs\inst_test\instancias\n_1000_4,100,20,7,5,0.1000,42,9999239200,9999233015,10,20872
docs\inst_test\instancias\n_1000_4,100,20,7,5,0.1000,123,9999239604,9999233200,9,20872
docs\inst_test\instancias\n_1000_4,100,20,7,5,0.1000,2026,9999239796,9999233069,10,20872
docs\inst_test\instancias\n_1000_4,100,20,7,5,0.2000,42,9999239825,9999233397,9,20872
docs\inst_test\instancias\n_1000_4,100,20,7,5,0.2000,123,9998455663,9998450281,10,20872
docs\inst_test\instancias\n_1000_4,100,20,7,5,0.2000,2026,9999239684,9999233254,10,20872
docs\inst_test\instancias\n_1000_4,100,20,7,5,0.3000,42,9996891031,9996886639,9,20872
docs\inst_test\instancias\n_1000_4,100,20,7,5,0.3000,123,9997675862,9997669855,9,20872
docs\inst_test\instancias\n_1000_4,100,20,7,5,0.3000,2026,9999235557,9999230837,8,20872
docs\inst_test\instancias\n_1000_4,100,20,7,10,0.1000,42,9993771778,9993764749,9,20872
docs\inst_test\instancias\n_1000_4,100,20,7,10,0.1000,123,9996895765,9996889366,9,20872
docs\inst_test\instancias\n_1000_4,100,20,7,10,0.1000,2026,9991427953,9991421500,10,20872
docs\inst_test\instancias\n_1000_4,100,20,7,10,0.2000,42,9998459677,9998452927,10,20872
docs\inst_test\instancias\n_1000_4,100,20,7,10,0.2000,123,9997675834,9997669777,9,20872
docs\inst_test\instancias\n_1000_4,100,20,7,10,0.2000,2026,9999239684,9999233254,9,20872
docs\inst_test\instancias\n_1000_4,100,20,7,10,0.3000,42,9994547650,9994542891,9,20872
docs\inst_test\instancias\n_1000_4,100,20,7,10,0.3000,123,9997675862,9997669855,9,20872
docs\inst_test\instancias\n_1000_4,100,20,7,10,0.3000,2026,9997675731,9997669897,8,20872
docs\inst_test\instancias\n_1000_4,100,20,7,20,0.1000,42,9993771778,9993764749,8,20872
docs\inst_test\instancias\n_1000_4,100,20,7,20,0.1000,123,9996115758,9996108806,8,20872
docs\inst_test\instancias\n_1000_4,100,20,7,20,0.1000,2026,9991427953,9991421500,9,20872
docs\inst_test\instancias\n_1000_4,100,20,7,20,0.2000,42,9998459677,9998452927,9,20872
docs\inst_test\instancias\n_1000_4,100,20,7,20,0.2000,123,9989864094,9989857916,9,20872
docs\inst_test\instancias\n_1000_4,100,20,7,20,0.2000,2026,9999239684,9999233254,9,20872
docs\inst_test\instancias\n_1000_4,100,20,7,20,0.3000,42,9991423917,9991418608,9,20872
docs\inst_test\instancias\n_1000_4,100,20,7,20,0.3000,123,9997675795,9997669459,9,20872
docs\inst_test\instancias\n_1000_4,100,20,7,20,0.3000,2026,9997675731,9997669897,9,20872
docs\inst_test\instancias\n_1000_4,100,20,10,5,0.1000,42,9999239200,9999233015,10,20872
docs\inst_test\instancias\n_1000_4,100,20,10,5,0.1000,123,9999239604,9999233200,10,20872
docs\inst_test\instancias\n_1000_4,100,20,10,5,0.1000,2026,9999239796,9999233069,10,20872
docs\inst_test\instancias\n_1000_4,100,20,10,5,0.2000,42,9999239825,9999233397,10,20872
docs\inst_test\instancias\n_1000_4,100,20,10,5,0.2000,123,9998455663,9998450281,9,20872
docs\inst_test\instancias\n_1000_4,100,20,10,5,0.2000,2026,9999239684,9999233254,11,20872
docs\inst_test\instancias\n_1000_4,100,20,10,5,0.3000,42,9996891031,9996886639,9,20872
docs\inst_test\instancias\n_1000_4,100,20,10,5,0.3000,123,9997675862,9997669855,9,20872
docs\inst_test\instancias\n_1000_4,100,20,10,5,0.3000,2026,9999235557,9999230837,9,20872
docs\inst_test\instancias\n_1000_4,100,20,10,10,0.1000,42,9993771778,9993764749,9,20872
docs\inst_test\instancias\n_1000_4,100,20,10,10,0.1000,123,9996895765,9996889366,10,20872
docs\inst_test\instancias\n_1000_4,100,20,10,10,0.1000,2026,9991427953,9991421500,10,20872
docs\inst_test\instancias\n_1000_4,100,20,10,10,0.2000,42,9998459677,9998452927,10,20872
docs\inst_test\instancias\n_1000_4,100,20,10,10,0.2000,123,9997675834,9997669777,8,20872
docs\inst_test\instancias\n_1000_4,100,20,10,10,0.2000,2026,9999239684,9999233254,9,20872
docs\inst_test\instancias\n_1000_4,100,20,10,10,0.3000,42,9994547650,9994542891,9,20872
docs\inst_test\instancias\n_1000_4,100,20,10,10,0.3000,123,9997675862,9997669855,8,20872
docs\inst_test\instancias\n_1000_4,100,20,10,10,0.3000,2026,9997675731,9997669897,8,20872
docs\inst_test\instancias\n_1000_4,100,20,10,20,0.1000,42,9993771778,9993764749,9,20872
docs\inst_test\instancias\n_1000_4,100,20,10,20,0.1000,123,9996115758,9996108806,9,20872
docs\inst_test\instancias\n_1000_4,100,20,10,20,0.1000,2026,9991427953,9991421500,9,20872
docs\inst_test\instancias\n_1000_4,100,20,10,20,0.2000,42,9998459677,9998452927,9,20872
docs\inst_test\instancias\n_1000_4,100,20,10,20,0.2000,123,9989864094,9989857916,9,20872
docs\inst_test\instancias\n_1000_4,100,20,10,20,0.2000,2026,9999239684,9999233254,8,20872
docs\inst_test\instancias\n_1000_4,100,20,10,20,0.3000,42,9991423917,9991418608,8,20872
docs\inst_test\instancias\n_1000_4,100,20,10,20,0.3000,123,9997675795,9997669459,9,20872
docs\inst_test\instancias\n_1000_4,100,20,10,20,0.3000,2026,9997675731,9997669897,8,20872
docs\inst_test\instancias\n_1000_4,100,20,15,5,0.1000,42,9999239200,9999233015,10,20872
docs\inst_test\instancias\n_1000_4,100,20,15,5,0.1000,123,9999239604,9999233200,9,20872
docs\inst_test\instancias\n_1000_4,100,20,15,5,0.1000,2026,9999239796,9999233069,10,20872
docs\inst_test\instancias\n_1000_4,100,20,15,5,0.2000,42,9999239825,9999233397,10,20872
docs\inst_test\instancias\n_1000_4,100,20,15,5,0.2000,123,9998455663,9998450281,9,20872
docs\inst_test\instancias\n_1000_4,100,20,15,5,0.2000,2026,9999239684,9999233254,9,20872
docs\inst_test\instancias\n_1000_4,100,20,15,5,0.3000,42,9996891031,9996886639,9,20872
docs\inst_test\instancias\n_1000_4,100,20,15,5,0.3000,123,9997675862,9997669855,10,20872
docs\inst_test\instancias\n_1000_4,100,20,15,5,0.3000,2026,9999235557,9999230837,8,20872
docs\inst_test\instancias\n_1000_4,100,20,15,10,0.1000,42,9993771778,9993764749,9,20872
docs\inst_test\instancias\n_1000_4,100,20,15,10,0.1000,123,9996895765,9996889366,9,20872
docs\inst_test\instancias\n_1000_4,100,20,15,10,0.1000,2026,9991427953,9991421500,10,20872
docs\inst_test\instancias\n_1000_4,100,20,15,10,0.2000,42,9998459677,9998452927,10,20872
docs\inst_test\instancias\n_1000_4,100,20,15,10,0.2000,123,9997675834,9997669777,9,20872
docs\inst_test\instancias\n_1000_4,100,20,15,10,0.2000,2026,9999239684,9999233254,9,20872
docs\inst_test\instancias\n_1000_4,100,20,15,10,0.3000,42,9994547650,9994542891,9,20872
docs\inst_test\instancias\n_1000_4,100,20,15,10,0.3000,123,9997675862,9997669855,9,20872
docs\inst_test\instancias\n_1000_4,100,20,15,10,0.3000,2026,9997675731,9997669897,10,20872
docs\inst_test\instancias\n_1000_4,100,20,15,20,0.1000,42,9993771778,9993764749,9,20872
docs\inst_test\instancias\n_1000_4,100,20,15,20,0.1000,123,9996115758,9996108806,9,20872
docs\inst_test\instancias\n_1000_4,100,20,15,20,0.1000,2026,9991427953,9991421500,9,20872
docs\inst_test\instancias\n_1000_4,100,20,15,20,0.2000,42,9998459677,9998452927,9,20872
docs\inst_test\instancias\n_1000_4,100,20,15,20,0.2000,123,9989864094,9989857916,9,20872
docs\inst_test\instancias\n_1000_4,100,20,15,20,0.2000,2026,9999239684,9999233254,8,20872
docs\inst_test\instancias\n_1000_4,100,20,15,20,0.3000,42,9991423917,9991418608,10,20872
docs\inst_test\instancias\n_1000_4,100,20,15,20,0.3000,123,9997675795,9997669459,8,20872
docs\inst_test\instancias\n_1000_4,100,20,15,20,0.3000,2026,9997675731,9997669897,8,20872
docs\inst_test\instancias\n_1000_4,300,10,7,5,0.1000,42,9999239542,9999233154,34,20872
docs\inst_test\instancias\n_1000_4,300,10,7,5,0.1000,123,9999239785,9999233462,33,20872
docs\inst_test\instancias\n_1000_4,300,10,7,5,0.1000,2026,9999239796,9999233069,33,20872
docs\inst_test\instancias\n_1000_4,300,10,7,5,0.2000,42,9999239825,9999233397,32,20872
docs\inst_test\instancias\n_1000_4,300,10,7,5,0.2000,123,9999235551,9999230682,31,20872
docs\inst_test\instancias\n_1000_4,300,10,7,5,0.2000,2026,9999239684,9999233254,33,20872
docs\inst_test\instancias\n_1000_4,300,10,7,5,0.3000,42,9999235607,9999230590,29,20872
docs\inst_test\instancias\n_1000_4,300,10,7,5,0.3000,123,9999235496,9999230899,30,20872
docs\inst_test\instancias\n_1000_4,300,10,7,5,0.3000,2026,9999235557,9999230837,28,20872
docs\inst_test\instancias\n_1000_4,300,10,7,10,0.1000,42,9999239542,9999233154,30,20872
docs\inst_test\instancias\n_1000_4,300,10,7,10,0.1000,123,9999239785,9999233462,29,20872
docs\inst_test\instancias\n_1000_4,300,10,7,10,0.1000,2026,9999239825,9999233057,29,20872
docs\inst_test\instancias\n_1000_4,300,10,7,10,0.2000,42,9999239825,9999233397,29,20872
docs\inst_test\instancias\n_1000_4,300,10,7,10,0.2000,123,9999235551,9999230682,28,20872
docs\inst_test\instancias\n_1000_4,300,10,7,10,0.2000,2026,9999239684,9999233254,28,20872
docs\inst_test\instancias\n_1000_4,300,10,7,10,0.3000,42,9999235601,9999230748,25,20872
docs\inst_test\instancias\n_1000_4,300,10,7,10,0.3000,123,9998455718,9998450407,27,20872
docs\inst_test\instancias\n_1000_4,300,10,7,10,0.3000,2026,9999235579,9999230674,26,20872
docs\inst_test\instancias\n_1000_4,300,10,7,20,0.1000,42,9999239542,9999233154,28,20872
docs\inst_test\instancias\n_1000_4,300,10,7,20,0.1000,123,9999239604,9999233200,27,20872
docs\inst_test\instancias\n_1000_4,300,10,7,20,0.1000,2026,9999239796,9999233069,28,20872
docs\inst_test\instancias\n_1000_4,300,10,7,20,0.2000,42,9999239825,9999233397,26,20872
docs\inst_test\instancias\n_1000_4,300,10,7,20,0.2000,123,9999235551,9999230682,25,20872
docs\inst_test\instancias\n_1000_4,300,10,7,20,0.2000,2026,9999239684,9999233254,27,20872
docs\inst_test\instancias\n_1000_4,300,10,7,20,0.3000,42,9999235596,9999230749,24,20872
docs\inst_test\instancias\n_1000_4,300,10,7,20,0.3000,123,9997675862,9997669855,25,20872
docs\inst_test\instancias\n_1000_4,300,10,7,20,0.3000,2026,9999235557,9999230837,24,20872
docs\inst_test\instancias\n_1000_4,300,10,10,5,0.1000,42,9999239542,9999233154,33,20872
docs\inst_test\instancias\n_1000_4,300,10,10,5,0.1000,123,9999239785,9999233462,33,20872
docs\inst_test\instancias\n_1000_4,300,10,10,5,0.1000,2026,9999239796,9999233069,32,20872
docs\inst_test\instancias\n_1000_4,300,10,10,5,0.2000,42,9999239825,9999233397,34,20872
docs\inst_test\instancias\n_1000_4,300,10,10,5,0.2000,123,9999235551,9999230682,28,20872
docs\inst_test\instancias\n_1000_4,300,10,10,5,0.2000,2026,9999239684,9999233254,33,20872
docs\inst_test\instancias\n_1000_4,300,10,10,5,0.3000,42,9999235607,9999230590,28,20872
docs\inst_test\instancias\n_1000_4,300,10,10,5,0.3000,123,9999235496,9999230899,30,20872
docs\inst_test\instancias\n_1000_4,300,10,10,5,0.3000,2026,9999235557,9999230837,29,20872
docs\inst_test\instancias\n_1000_4,300,10,10,10,0.1000,42,9999239542,9999233154,29,20872
docs\inst_test\instancias\n_1000_4,300,10,10,10,0.1000,123,9999239785,9999233462,28,20872
docs\inst_test\instancias\n_1000_4,300,10,10,10,0.1000,2026,9999239825,9999233057,29,20872
docs\inst_test\instancias\n_1000_4,300,10,10,10,0.2000,42,9999239825,9999233397,28,20872
docs\inst_test\instancias\n_1000_4,300,10,10,10,0.2000,123,9999235551,9999230682,27,20872
docs\inst_test\instancias\n_1000_4,300,10,10,10,0.2000,2026,9999239684,9999233254,29,20872
docs\inst_test\instancias\n_1000_4,300,10,10,10,0.3000,42,9999235601,9999230837,25,20872
docs\inst_test\instancias\n_1000_4,300,10,10,10,0.3000,123,9998455718,9998450407,27,20872
docs\inst_test\instancias\n_1000_4,300,10,10,10,0.3000,2026,9999235579,9999230674,27,20872
docs\inst_test\instancias\n_1000_4,300,10,10,20,0.1000,42,9999239542,9999233154,28,20872
docs\inst_test\instancias\n_1000_4,300,10,10,20,0.1000,123,9999239604,9999233200,27,20872
docs\inst_test\instancias\n_1000_4,300,10,10,20,0.1000,2026,9999239796,9999233069,27,20872
docs\inst_test\instancias\n_1000_4,300,10,10,20,0.2000,42,9999239825,9999233397,28,20872
docs\inst_test\instancias\n_1000_4,300,10,10,20,0.2000,123,9999235551,9999230682,25,20872
docs\inst_test\instancias\n_1000_4,300,10,10,20,0.2000,2026,9999239684,9999233254,27,20872
docs\inst_test\instancias\n_1000_4,300,10,10,20,0.3000,42,9999235596,9999230749,24,20872
docs\inst_test\instancias\n_1000_4,300,10,10,20,0.3000,123,9997675862,9997669855,27,20872
docs\inst_test\instancias\n_1000_4,300,10,10,20,0.3000,2026,9999235557,9999230837,24,20872
docs\inst_test\instancias\n_1000_4,300,10,15,5,0.1000,42,9999239542,9999233154,33,20872
docs\inst_test\instancias\n_1000_4,300,10,15,5,0.1000,123,9999239785,9999233462,33,20872
docs\inst_test\instancias\n_1000_4,300,10,15,5,0.1000,2026,9999239796,9999233069,32,20872
docs\inst_test\instancias\n_1000_4,300,10,15,5,0.2000,42,9999239825,9999233397,32,20872
docs\inst_test\instancias\n_1000_4,300,10,15,5,0.2000,123,9999235551,9999230682,30,20872
docs\inst_test\instancias\n_1000_4,300,10,15,5,0.2000,2026,9999239684,9999233254,32,20872
docs\inst_test\instancias\n_1000_4,300,10,15,5,0.3000,42,9999235607,9999230590,28,20872
docs\inst_test\instancias\n_1000_4,300,10,15,5,0.3000,123,9999235496,9999230899,29,20872
docs\inst_test\instancias\n_1000_4,300,10,15,5,0.3000,2026,9999235557,9999230837,30,20872
docs\inst_test\instancias\n_1000_4,300,10,15,10,0.1000,42,9999239542,9999233154,29,20872
docs\inst_test\instancias\n_1000_4,300,10,15,10,0.1000,123,9999239785,9999233462,29,20872
docs\inst_test\instancias\n_1000_4,300,10,15,10,0.1000,2026,9999239825,9999233057,28,20872
docs\inst_test\instancias\n_1000_4,300,10,15,10,0.2000,42,9999239825,9999233397,29,20872
docs\inst_test\instancias\n_1000_4,300,10,15,10,0.2000,123,9999235551,9999230682,26,20872
docs\inst_test\instancias\n_1000_4,300,10,15,10,0.2000,2026,9999239684,9999233254,30,20872
docs\inst_test\instancias\n_1000_4,300,10,15,10,0.3000,42,9999235601,9999230748,26,20872
docs\inst_test\instancias\n_1000_4,300,10,15,10,0.3000,123,9998455718,9998450407,26,20872
docs\inst_test\instancias\n_1000_4,300,10,15,10,0.3000,2026,9999235579,9999230674,25,20872
docs\inst_test\instancias\n_1000_4,300,10,15,20,0.1000,42,9999239542,9999233154,27,20872
docs\inst_test\instancias\n_1000_4,300,10,15,20,0.1000,123,9999239604,9999233200,29,20872
docs\inst_test\instancias\n_1000_4,300,10,15,20,0.1000,2026,9999239796,9999233069,28,20872
docs\inst_test\instancias\n_1000_4,300,10,15,20,0.2000,42,9999239825,9999233397,28,20872
docs\inst_test\instancias\n_1000_4,300,10,15,20,0.2000,123,9999235551,9999230682,25,20872
docs\inst_test\instancias\n_1000_4,300,10,15,20,0.2000,2026,9999239684,9999233254,27,20872
docs\inst_test\instancias\n_1000_4,300,10,15,20,0.3000,42,9999235596,9999230749,24,20872
docs\inst_test\instancias\n_1000_4,300,10,15,20,0.3000,123,9997675862,9997669855,26,20872
docs\inst_test\instancias\n_1000_4,300,10,15,20,0.3000,2026,9999235557,9999230837,25,20872
docs\inst_test\instancias\n_1000_4,300,15,7,5,0.1000,42,9999239542,9999233154,33,20872
docs\inst_test\instancias\n_1000_4,300,15,7,5,0.1000,123,9999239785,9999233462,33,20872
docs\inst_test\instancias\n_1000_4,300,15,7,5,0.1000,2026,9999239796,9999233069,33,20872
docs\inst_test\instancias\n_1000_4,300,15,7,5,0.2000,42,9999239825,9999233397,32,20872
docs\inst_test\instancias\n_1000_4,300,15,7,5,0.2000,123,9999235551,9999230682,30,20872
docs\inst_test\instancias\n_1000_4,300,15,7,5,0.2000,2026,9999239684,9999233254,32,20872
docs\inst_test\instancias\n_1000_4,300,15,7,5,0.3000,42,9999235607,9999230590,29,20872
docs\inst_test\instancias\n_1000_4,300,15,7,5,0.3000,123,9999235496,9999230899,30,20872
docs\inst_test\instancias\n_1000_4,300,15,7,5,0.3000,2026,9999235557,9999230837,30,20872
docs\inst_test\instancias\n_1000_4,300,15,7,10,0.1000,42,9999239542,9999233154,29,20872
docs\inst_test\instancias\n_1000_4,300,15,7,10,0.1000,123,9999239785,9999233462,28,20872
docs\inst_test\instancias\n_1000_4,300,15,7,10,0.1000,2026,9999239825,9999233057,29,20872
docs\inst_test\instancias\n_1000_4,300,15,7,10,0.2000,42,9999239825,9999233397,29,20872
docs\inst_test\instancias\n_1000_4,300,15,7,10,0.2000,123,9999235551,9999230682,26,20872
docs\inst_test\instancias\n_1000_4,300,15,7,10,0.2000,2026,9999239684,9999233254,28,20872
docs\inst_test\instancias\n_1000_4,300,15,7,10,0.3000,42,9999235601,9999230748,27,20872
docs\inst_test\instancias\n_1000_4,300,15,7,10,0.3000,123,9998455718,9998450407,28,20872
docs\inst_test\instancias\n_1000_4,300,15,7,10,0.3000,2026,9999235579,9999230674,25,20872
docs\inst_test\instancias\n_1000_4,300,15,7,20,0.1000,42,9999239542,9999233154,28,20872
docs\inst_test\instancias\n_1000_4,300,15,7,20,0.1000,123,9999239604,9999233200,27,20872
docs\inst_test\instancias\n_1000_4,300,15,7,20,0.1000,2026,9999239796,9999233069,28,20872
docs\inst_test\instancias\n_1000_4,300,15,7,20,0.2000,42,9999239825,9999233397,27,20872
docs\inst_test\instancias\n_1000_4,300,15,7,20,0.2000,123,9999235551,9999230682,24,20872
docs\inst_test\instancias\n_1000_4,300,15,7,20,0.2000,2026,9999239684,9999233254,28,20872
docs\inst_test\instancias\n_1000_4,300,15,7,20,0.3000,42,9999235596,9999230749,24,20872
docs\inst_test\instancias\n_1000_4,300,15,7,20,0.3000,123,9997675862,9997669855,26,20872
docs\inst_test\instancias\n_1000_4,300,15,7,20,0.3000,2026,9999235557,9999230837,23,20872
docs\inst_test\instancias\n_1000_4,300,15,10,5,0.1000,42,9999239542,9999233154,33,20872
docs\inst_test\instancias\n_1000_4,300,15,10,5,0.1000,123,9999239785,9999233462,33,20872
docs\inst_test\instancias\n_1000_4,300,15,10,5,0.1000,2026,9999239796,9999233069,32,20872
docs\inst_test\instancias\n_1000_4,300,15,10,5,0.2000,42,9999239825,9999233397,34,20872
docs\inst_test\instancias\n_1000_4,300,15,10,5,0.2000,123,9999235551,9999230682,29,20872
docs\inst_test\instancias\n_1000_4,300,15,10,5,0.2000,2026,9999239684,9999233254,33,20872
docs\inst_test\instancias\n_1000_4,300,15,10,5,0.3000,42,9999235607,9999230590,28,20872
docs\inst_test\instancias\n_1000_4,300,15,10,5,0.3000,123,9999235496,9999230899,30,20872
docs\inst_test\instancias\n_1000_4,300,15,10,5,0.3000,2026,9999235557,9999230837,28,20872
docs\inst_test\instancias\n_1000_4,300,15,10,10,0.1000,42,9999239542,9999233154,29,20872
docs\inst_test\instancias\n_1000_4,300,15,10,10,0.1000,123,9999239785,9999233462,29,20872
docs\inst_test\instancias\n_1000_4,300,15,10,10,0.1000,2026,9999239825,9999233057,28,20872
docs\inst_test\instancias\n_1000_4,300,15,10,10,0.2000,42,9999239825,9999233397,29,20872
docs\inst_test\instancias\n_1000_4,300,15,10,10,0.2000,123,9999235551,9999230682,27,20872
docs\inst_test\instancias\n_1000_4,300,15,10,10,0.2000,2026,9999239684,9999233254,28,20872
docs\inst_test\instancias\n_1000_4,300,15,10,10,0.3000,42,9999235601,9999230837,26,20872
docs\inst_test\instancias\n_1000_4,300,15,10,10,0.3000,123,9998455718,9998450407,27,20872
docs\inst_test\instancias\n_1000_4,300,15,10,10,0.3000,2026,9999235579,9999230674,25,20872
docs\inst_test\instancias\n_1000_4,300,15,10,20,0.1000,42,9999239542,9999233154,27,20872
docs\inst_test\instancias\n_1000_4,300,15,10,20,0.1000,123,9999239604,9999233200,27,20872
docs\inst_test\instancias\n_1000_4,300,15,10,20,0.1000,2026,9999239796,9999233069,27,20872
docs\inst_test\instancias\n_1000_4,300,15,10,20,0.2000,42,9999239825,9999233397,27,20872
docs\inst_test\instancias\n_1000_4,300,15,10,20,0.2000,123,9999235551,9999230682,25,20872
docs\inst_test\instancias\n_1000_4,300,15,10,20,0.2000,2026,9999239684,9999233254,28,20872
docs\inst_test\instancias\n_1000_4,300,15,10,20,0.3000,42,9999235596,9999230749,24,20872
docs\inst_test\instancias\n_1000_4,300,15,10,20,0.3000,123,9997675862,9997669855,25,20872
docs\inst_test\instancias\n_1000_4,300,15,10,20,0.3000,2026,9999235557,9999230837,25,20872
docs\inst_test\instancias\n_1000_4,300,15,15,5,0.1000,42,9999239542,9999233154,33,20872
docs\inst_test\instancias\n_1000_4,300,15,15,5,0.1000,123,9999239785,9999233462,31,20872
docs\inst_test\instancias\n_1000_4,300,15,15,5,0.1000,2026,9999239796,9999233069,33,20872
docs\inst_test\instancias\n_1000_4,300,15,15,5,0.2000,42,9999239825,9999233397,32,20872
docs\inst_test\instancias\n_1000_4,300,15,15,5,0.2000,123,9999235551,9999230682,28,20872
docs\inst_test\instancias\n_1000_4,300,15,15,5,0.2000,2026,9999239684,9999233254,33,20872
docs\inst_test\instancias\n_1000_4,300,15,15,5,0.3000,42,9999235607,9999230590,28,20872
docs\inst_test\instancias\n_1000_4,300,15,15,5,0.3000,123,9999235496,9999230899,29,20872
docs\inst_test\instancias\n_1000_4,300,15,15,5,0.3000,2026,9999235557,9999230837,29,20872
docs\inst_test\instancias\n_1000_4,300,15,15,10,0.1000,42,9999239542,9999233154,29,20872
docs\inst_test\instancias\n_1000_4,300,15,15,10,0.1000,123,9999239785,9999233462,29,20872
docs\inst_test\instancias\n_1000_4,300,15,15,10,0.1000,2026,9999239825,9999233057,29,20872
docs\inst_test\instancias\n_1000_4,300,15,15,10,0.2000,42,9999239825,9999233397,28,20872
docs\inst_test\instancias\n_1000_4,300,15,15,10,0.2000,123,9999235551,9999230682,25,20872
docs\inst_test\instancias\n_1000_4,300,15,15,10,0.2000,2026,9999239684,9999233254,29,20872
docs\inst_test\instancias\n_1000_4,300,15,15,10,0.3000,42,9999235601,9999230748,25,20872
docs\inst_test\instancias\n_1000_4,300,15,15,10,0.3000,123,9998455718,9998450407,26,20872
docs\inst_test\instancias\n_1000_4,300,15,15,10,0.3000,2026,9999235579,9999230674,25,20872
docs\inst_test\instancias\n_1000_4,300,15,15,20,0.1000,42,9999239542,9999233154,27,20872
docs\inst_test\instancias\n_1000_4,300,15,15,20,0.1000,123,9999239604,9999233200,28,20872
docs\inst_test\instancias\n_1000_4,300,15,15,20,0.1000,2026,9999239796,9999233069,27,20872
docs\inst_test\instancias\n_1000_4,300,15,15,20,0.2000,42,9999239825,9999233397,27,20872
docs\inst_test\instancias\n_1000_4,300,15,15,20,0.2000,123,9999235551,9999230682,25,20872
docs\inst_test\instancias\n_1000_4,300,15,15,20,0.2000,2026,9999239684,9999233254,27,20872
docs\inst_test\instancias\n_1000_4,300,15,15,20,0.3000,42,9999235596,9999230749,23,20872
docs\inst_test\instancias\n_1000_4,300,15,15,20,0.3000,123,9997675862,9997669855,25,20872
docs\inst_test\instancias\n_1000_4,300,15,15,20,0.3000,2026,9999235557,9999230837,26,20872
docs\inst_test\instancias\n_1000_4,300,20,7,5,0.1000,42,9999239542,9999233154,32,20872
docs\inst_test\instancias\n_1000_4,300,20,7,5,0.1000,123,9999239785,9999233462,33,20872
docs\inst_test\instancias\n_1000_4,300,20,7,5,0.1000,2026,9999239796,9999233069,32,20872
docs\inst_test\instancias\n_1000_4,300,20,7,5,0.2000,42,9999239825,9999233397,33,20872
docs\inst_test\instancias\n_1000_4,300,20,7,5,0.2000,123,9999235551,9999230682,29,20872
docs\inst_test\instancias\n_1000_4,300,20,7,5,0.2000,2026,9999239684,9999233254,32,20872
docs\inst_test\instancias\n_1000_4,300,20,7,5,0.3000,42,9999235607,9999230590,28,20872
docs\inst_test\instancias\n_1000_4,300,20,7,5,0.3000,123,9999235496,9999230899,29,20872
docs\inst_test\instancias\n_1000_4,300,20,7,5,0.3000,2026,9999235557,9999230837,28,20872
docs\inst_test\instancias\n_1000_4,300,20,7,10,0.1000,42,9999239542,9999233154,29,20872
docs\inst_test\instancias\n_1000_4,300,20,7,10,0.1000,123,9999239785,9999233462,28,20872
docs\inst_test\instancias\n_1000_4,300,20,7,10,0.1000,2026,9999239825,9999233057,29,20872
docs\inst_test\instancias\n_1000_4,300,20,7,10,0.2000,42,9999239825,9999233397,29,20872
docs\inst_test\instancias\n_1000_4,300,20,7,10,0.2000,123,9999235551,9999230682,26,20872
docs\inst_test\instancias\n_1000_4,300,20,7,10,0.2000,2026,9999239684,9999233254,28,20872
docs\inst_test\instancias\n_1000_4,300,20,7,10,0.3000,42,9999235601,9999230748,25,20872
docs\inst_test\instancias\n_1000_4,300,20,7,10,0.3000,123,9998455718,9998450407,27,20872
docs\inst_test\instancias\n_1000_4,300,20,7,10,0.3000,2026,9999235579,9999230674,24,20872
docs\inst_test\instancias\n_1000_4,300,20,7,20,0.1000,42,9999239542,9999233154,28,20872
docs\inst_test\instancias\n_1000_4,300,20,7,20,0.1000,123,9999239604,9999233200,26,20872
docs\inst_test\instancias\n_1000_4,300,20,7,20,0.1000,2026,9999239796,9999233069,27,20872
docs\inst_test\instancias\n_1000_4,300,20,7,20,0.2000,42,9999239825,9999233397,28,20872
docs\inst_test\instancias\n_1000_4,300,20,7,20,0.2000,123,9999235551,9999230682,24,20872
docs\inst_test\instancias\n_1000_4,300,20,7,20,0.2000,2026,9999239684,9999233254,27,20872
docs\inst_test\instancias\n_1000_4,300,20,7,20,0.3000,42,9999235596,9999230749,24,20872
docs\inst_test\instancias\n_1000_4,300,20,7,20,0.3000,123,9997675862,9997669855,26,20872
docs\inst_test\instancias\n_1000_4,300,20,7,20,0.3000,2026,9999235557,9999230837,24,20872
docs\inst_test\instancias\n_1000_4,300,20,10,5,0.1000,42,9999239542,9999233154,32,20872
docs\inst_test\instancias\n_1000_4,300,20,10,5,0.1000,123,9999239785,9999233462,33,20872
docs\inst_test\instancias\n_1000_4,300,20,10,5,0.1000,2026,9999239796,9999233069,33,20872
docs\inst_test\instancias\n_1000_4,300,20,10,5,0.2000,42,9999239825,9999233397,32,20872
docs\inst_test\instancias\n_1000_4,300,20,10,5,0.2000,123,9999235551,9999230682,29,20872
docs\inst_test\instancias\n_1000_4,300,20,10,5,0.2000,2026,9999239684,9999233254,32,20872
docs\inst_test\instancias\n_1000_4,300,20,10,5,0.3000,42,9999235607,9999230590,29,20872
docs\inst_test\instancias\n_1000_4,300,20,10,5,0.3000,123,9999235496,9999230899,30,20872
docs\inst_test\instancias\n_1000_4,300,20,10,5,0.3000,2026,9999235557,9999230837,30,20872
docs\inst_test\instancias\n_1000_4,300,20,10,10,0.1000,42,9999239542,9999233154,29,20872
docs\inst_test\instancias\n_1000_4,300,20,10,10,0.1000,123,9999239785,9999233462,29,20872
docs\inst_test\instancias\n_1000_4,300,20,10,10,0.1000,2026,9999239825,9999233057,29,20872
docs\inst_test\instancias\n_1000_4,300,20,10,10,0.2000,42,9999239825,9999233397,29,20872
docs\inst_test\instancias\n_1000_4,300,20,10,10,0.2000,123,9999235551,9999230682,26,20872
docs\inst_test\instancias\n_1000_4,300,20,10,10,0.2000,2026,9999239684,9999233254,28,20872
docs\inst_test\instancias\n_1000_4,300,20,10,10,0.3000,42,9999235601,9999230837,26,20872
docs\inst_test\instancias\n_1000_4,300,20,10,10,0.3000,123,9998455718,9998450407,27,20872
docs\inst_test\instancias\n_1000_4,300,20,10,10,0.3000,2026,9999235579,9999230674,26,20872
docs\inst_test\instancias\n_1000_4,300,20,10,20,0.1000,42,9999239542,9999233154,27,20872
docs\inst_test\instancias\n_1000_4,300,20,10,20,0.1000,123,9999239604,9999233200,26,20872
docs\inst_test\instancias\n_1000_4,300,20,10,20,0.1000,2026,9999239796,9999233069,28,20872
docs\inst_test\instancias\n_1000_4,300,20,10,20,0.2000,42,9999239825,9999233397,27,20872
docs\inst_test\instancias\n_1000_4,300,20,10,20,0.2000,123,9999235551,9999230682,25,20872
docs\inst_test\instancias\n_1000_4,300,20,10,20,0.2000,2026,9999239684,9999233254,27,20872
docs\inst_test\instancias\n_1000_4,300,20,10,20,0.3000,42,9999235596,9999230749,24,20872
docs\inst_test\instancias\n_1000_4,300,20,10,20,0.3000,123,9997675862,9997669855,26,20872
docs\inst_test\instancias\n_1000_4,300,20,10,20,0.3000,2026,9999235557,9999230837,24,20872
docs\inst_test\instancias\n_1000_4,300,20,15,5,0.1000,42,9999239542,9999233154,33,20872
docs\inst_test\instancias\n_1000_4,300,20,15,5,0.1000,123,9999239785,9999233462,32,20872
docs\inst_test\instancias\n_1000_4,300,20,15,5,0.1000,2026,9999239796,9999233069,33,20872
docs\inst_test\instancias\n_1000_4,300,20,15,5,0.2000,42,9999239825,9999233397,33,20872
docs\inst_test\instancias\n_1000_4,300,20,15,5,0.2000,123,9999235551,9999230682,29,20872
docs\inst_test\instancias\n_1000_4,300,20,15,5,0.2000,2026,9999239684,9999233254,32,20872
docs\inst_test\instancias\n_1000_4,300,20,15,5,0.3000,42,9999235607,9999230590,29,20872
docs\inst_test\instancias\n_1000_4,300,20,15,5,0.3000,123,9999235496,9999230899,29,20872
docs\inst_test\instancias\n_1000_4,300,20,15,5,0.3000,2026,9999235557,9999230837,28,20872
docs\inst_test\instancias\n_1000_4,300,20,15,10,0.1000,42,9999239542,9999233154,29,20872
docs\inst_test\instancias\n_1000_4,300,20,15,10,0.1000,123,9999239785,9999233462,29,20872
docs\inst_test\instancias\n_1000_4,300,20,15,10,0.1000,2026,9999239825,9999233057,29,20872
docs\inst_test\instancias\n_1000_4,300,20,15,10,0.2000,42,9999239825,9999233397,28,20872
docs\inst_test\instancias\n_1000_4,300,20,15,10,0.2000,123,9999235551,9999230682,26,20872
docs\inst_test\instancias\n_1000_4,300,20,15,10,0.2000,2026,9999239684,9999233254,28,20872
docs\inst_test\instancias\n_1000_4,300,20,15,10,0.3000,42,9999235601,9999230748,25,20872
docs\inst_test\instancias\n_1000_4,300,20,15,10,0.3000,123,9998455718,9998450407,27,20872
docs\inst_test\instancias\n_1000_4,300,20,15,10,0.3000,2026,9999235579,9999230674,26,20872
docs\inst_test\instancias\n_1000_4,300,20,15,20,0.1000,42,9999239542,9999233154,28,20872
docs\inst_test\instancias\n_1000_4,300,20,15,20,0.1000,123,9999239604,9999233200,28,20872
docs\inst_test\instancias\n_1000_4,300,20,15,20,0.1000,2026,9999239796,9999233069,28,20872
docs\inst_test\instancias\n_1000_4,300,20,15,20,0.2000,42,9999239825,9999233397,28,20872
docs\inst_test\instancias\n_1000_4,300,20,15,20,0.2000,123,9999235551,9999230682,25,20872
docs\inst_test\instancias\n_1000_4,300,20,15,20,0.2000,2026,9999239684,9999233254,26,20872
docs\inst_test\instancias\n_1000_4,300,20,15,20,0.3000,42,9999235596,9999230749,24,20872
docs\inst_test\instancias\n_1000_4,300,20,15,20,0.3000,123,9997675862,9997669855,27,20872
docs\inst_test\instancias\n_1000_4,300,20,15,20,0.3000,2026,9999235557,9999230837,24,20872
docs\inst_test\instancias\n_1000_4,500,10,7,5,0.1000,42,9999239587,9999233145,56,20872
docs\inst_test\instancias\n_1000_4,500,10,7,5,0.1000,123,9999239847,9999233470,54,20872
docs\inst_test\instancias\n_1000_4,500,10,7,5,0.1000,2026,9999239804,9999233206,55,20872
docs\inst_test\instancias\n_1000_4,500,10,7,5,0.2000,42,9999239825,9999233397,55,20872
docs\inst_test\instancias\n_1000_4,500,10,7,5,0.2000,123,9999235556,9999230719,49,20872
docs\inst_test\instancias\n_1000_4,500,10,7,5,0.2000,2026,9999239684,9999233254,56,20872
docs\inst_test\instancias\n_1000_4,500,10,7,5,0.3000,42,9999235607,9999230590,48,20872
docs\inst_test\instancias\n_1000_4,500,10,7,5,0.3000,123,9999235496,9999230899,50,20872
docs\inst_test\instancias\n_1000_4,500,10,7,5,0.3000,2026,9999235557,9999230837,50,20872
docs\inst_test\instancias\n_1000_4,500,10,7,10,0.1000,42,9999239542,9999233154,48,20872
docs\inst_test\instancias\n_1000_4,500,10,7,10,0.1000,123,9999239785,9999233462,49,20872
docs\inst_test\instancias\n_1000_4,500,10,7,10,0.1000,2026,9999239825,9999233057,49,20872
docs\inst_test\instancias\n_1000_4,500,10,7,10,0.2000,42,9999239827,9999233233,48,20872
docs\inst_test\instancias\n_1000_4,500,10,7,10,0.2000,123,9999235551,9999230682,43,20872
docs\inst_test\instancias\n_1000_4,500,10,7,10,0.2000,2026,9999239684,9999233254,48,20872
docs\inst_test\instancias\n_1000_4,500,10,7,10,0.3000,42,9999235603,9999230785,42,20872
docs\inst_test\instancias\n_1000_4,500,10,7,10,0.3000,123,9999235496,9999230899,44,20872
docs\inst_test\instancias\n_1000_4,500,10,7,10,0.3000,2026,9999235579,9999230674,42,20872
docs\inst_test\instancias\n_1000_4,500,10,7,20,0.1000,42,9999239542,9999233154,46,20872
docs\inst_test\instancias\n_1000_4,500,10,7,20,0.1000,123,9999239604,9999233200,46,20872
docs\inst_test\instancias\n_1000_4,500,10,7,20,0.1000,2026,9999239825,9999233057,45,20872
docs\inst_test\instancias\n_1000_4,500,10,7,20,0.2000,42,9999239825,9999233397,45,20872
docs\inst_test\instancias\n_1000_4,500,10,7,20,0.2000,123,9999235551,9999230682,42,20872
docs\inst_test\instancias\n_1000_4,500,10,7,20,0.2000,2026,9999239684,9999233254,47,20872
docs\inst_test\instancias\n_1000_4,500,10,7,20,0.3000,42,9999235601,9999230748,40,20872
docs\inst_test\instancias\n_1000_4,500,10,7,20,0.3000,123,9998455718,9998450407,41,20872
docs\inst_test\instancias\n_1000_4,500,10,7,20,0.3000,2026,9999235569,9999230761,41,20872
docs\inst_test\instancias\n_1000_4,500,10,10,5,0.1000,42,9999239587,9999233145,56,20872
docs\inst_test\instancias\n_1000_4,500,10,10,5,0.1000,123,9999239847,9999233470,56,20872
docs\inst_test\instancias\n_1000_4,500,10,10,5,0.1000,2026,9999239804,9999233206,55,20872
docs\inst_test\instancias\n_1000_4,500,10,10,5,0.2000,42,9999239825,9999233397,55,20872
docs\inst_test\instancias\n_1000_4,500,10,10,5,0.2000,123,9999235556,9999230719,49,20872
docs\inst_test\instancias\n_1000_4,500,10,10,5,0.2000,2026,9999239684,9999233254,54,20872
docs\inst_test\instancias\n_1000_4,500,10,10,5,0.3000,42,9999235607,9999230590,49,20872
docs\inst_test\instancias\n_1000_4,500,10,10,5,0.3000,123,9999235496,9999230899,50,20872
docs\inst_test\instancias\n_1000_4,500,10,10,5,0.3000,2026,9999235557,9999230837,50,20872
docs\inst_test\instancias\n_1000_4,500,10,10,10,0.1000,42,9999239542,9999233154,48,20872
docs\inst_test\instancias\n_1000_4,500,10,10,10,0.1000,123,9999239785,9999233462,50,20872
docs\inst_test\instancias\n_1000_4,500,10,10,10,0.1000,2026,9999239825,9999233057,49,20872
docs\inst_test\instancias\n_1000_4,500,10,10,10,0.2000,42,9999239827,9999233233,48,20872
docs\inst_test\instancias\n_1000_4,500,10,10,10,0.2000,123,9999235551,9999230682,43,20872
docs\inst_test\instancias\n_1000_4,500,10,10,10,0.2000,2026,9999239684,9999233254,48,20872
docs\inst_test\instancias\n_1000_4,500,10,10,10,0.3000,42,9999235601,9999230837,44,20872
docs\inst_test\instancias\n_1000_4,500,10,10,10,0.3000,123,9999235496,9999230899,45,20872
docs\inst_test\instancias\n_1000_4,500,10,10,10,0.3000,2026,9999235579,9999230674,42,20872
docs\inst_test\instancias\n_1000_4,500,10,10,20,0.1000,42,9999239542,9999233154,46,20872
docs\inst_test\instancias\n_1000_4,500,10,10,20,0.1000,123,9999239604,9999233200,45,20872
docs\inst_test\instancias\n_1000_4,500,10,10,20,0.1000,2026,9999239825,9999233057,46,20872
docs\inst_test\instancias\n_1000_4,500,10,10,20,0.2000,42,9999239825,9999233397,45,20872
docs\inst_test\instancias\n_1000_4,500,10,10,20,0.2000,123,9999235551,9999230682,40,20872
docs\inst_test\instancias\n_1000_4,500,10,10,20,0.2000,2026,9999239684,9999233254,44,20872
docs\inst_test\instancias\n_1000_4,500,10,10,20,0.3000,42,9999235601,9999230748,40,20872
docs\inst_test\instancias\n_1000_4,500,10,10,20,0.3000,123,9998455718,9998450407,42,20872
docs\inst_test\instancias\n_1000_4,500,10,10,20,0.3000,2026,9999235569,9999230761,40,20872
docs\inst_test\instancias\n_1000_4,500,10,15,5,0.1000,42,9999239587,9999233145,56,20872
docs\inst_test\instancias\n_1000_4,500,10,15,5,0.1000,123,9999239847,9999233470,55,20872
docs\inst_test\instancias\n_1000_4,500,10,15,5,0.1000,2026,9999239804,9999233206,56,20872
docs\inst_test\instancias\n_1000_4,500,10,15,5,0.2000,42,9999239825,9999233397,54,20872
docs\inst_test\instancias\n_1000_4,500,10,15,5,0.2000,123,9999235556,9999230719,51,20872
docs\inst_test\instancias\n_1000_4,500,10,15,5,0.2000,2026,9999239684,9999233254,55,20872
docs\inst_test\instancias\n_1000_4,500,10,15,5,0.3000,42,9999235607,9999230590,49,20872
docs\inst_test\instancias\n_1000_4,500,10,15,5,0.3000,123,9999235496,9999230899,49,20872
docs\inst_test\instancias\n_1000_4,500,10,15,5,0.3000,2026,9999235557,9999230837,51,20872
docs\inst_test\instancias\n_1000_4,500,10,15,10,0.1000,42,9999239542,9999233154,47,20872
docs\inst_test\instancias\n_1000_4,500,10,15,10,0.1000,123,9999239785,9999233462,49,20872
docs\inst_test\instancias\n_1000_4,500,10,15,10,0.1000,2026,9999239825,9999233057,48,20872
docs\inst_test\instancias\n_1000_4,500,10,15,10,0.2000,42,9999239827,9999233233,49,20872
docs\inst_test\instancias\n_1000_4,500,10,15,10,0.2000,123,9999235551,9999230682,43,20872
docs\inst_test\instancias\n_1000_4,500,10,15,10,0.2000,2026,9999239684,9999233254,48,20872
docs\inst_test\instancias\n_1000_4,500,10,15,10,0.3000,42,9999235603,9999230785,43,20872
docs\inst_test\instancias\n_1000_4,500,10,15,10,0.3000,123,9999235496,9999230899,44,20872
docs\inst_test\instancias\n_1000_4,500,10,15,10,0.3000,2026,9999235579,9999230674,43,20872
docs\inst_test\instancias\n_1000_4,500,10,15,20,0.1000,42,9999239542,9999233154,45,20872
docs\inst_test\instancias\n_1000_4,500,10,15,20,0.1000,123,9999239604,9999233200,45,20872
docs\inst_test\instancias\n_1000_4,500,10,15,20,0.1000,2026,9999239825,9999233057,46,20872
docs\inst_test\instancias\n_1000_4,500,10,15,20,0.2000,42,9999239825,9999233397,44,20872
docs\inst_test\instancias\n_1000_4,500,10,15,20,0.2000,123,9999235551,9999230682,41,20872
docs\inst_test\instancias\n_1000_4,500,10,15,20,0.2000,2026,9999239684,9999233254,44,20872
docs\inst_test\instancias\n_1000_4,500,10,15,20,0.3000,42,9999235601,9999230748,39,20872
docs\inst_test\instancias\n_1000_4,500,10,15,20,0.3000,123,9998455718,9998450407,42,20872
docs\inst_test\instancias\n_1000_4,500,10,15,20,0.3000,2026,9999235569,9999230761,41,20872
docs\inst_test\instancias\n_1000_4,500,15,7,5,0.1000,42,9999239587,9999233145,54,20872
docs\inst_test\instancias\n_1000_4,500,15,7,5,0.1000,123,9999239847,9999233470,55,20872
docs\inst_test\instancias\n_1000_4,500,15,7,5,0.1000,2026,9999239804,9999233206,55,20872
docs\inst_test\instancias\n_1000_4,500,15,7,5,0.2000,42,9999239825,9999233397,54,20872
docs\inst_test\instancias\n_1000_4,500,15,7,5,0.2000,123,9999235556,9999230719,49,20872
docs\inst_test\instancias\n_1000_4,500,15,7,5,0.2000,2026,9999239684,9999233254,55,20872
docs\inst_test\instancias\n_1000_4,500,15,7,5,0.3000,42,9999235607,9999230590,48,20872
docs\inst_test\instancias\n_1000_4,500,15,7,5,0.3000,123,9999235496,9999230899,49,20872
docs\inst_test\instancias\n_1000_4,500,15,7,5,0.3000,2026,9999235557,9999230837,49,20872
docs\inst_test\instancias\n_1000_4,500,15,7,10,0.1000,42,9999239542,9999233154,49,20872
docs\inst_test\instancias\n_1000_4,500,15,7,10,0.1000,123,9999239785,9999233462,48,20872
docs\inst_test\instancias\n_1000_4,500,15,7,10,0.1000,2026,9999239825,9999233057,47,20872
docs\inst_test\instancias\n_1000_4,500,15,7,10,0.2000,42,9999239827,9999233233,48,20872
docs\inst_test\instancias\n_1000_4,500,15,7,10,0.2000,123,9999235551,9999230682,43,20872
docs\inst_test\instancias\n_1000_4,500,15,7,10,0.2000,2026,9999239684,9999233254,48,20872
docs\inst_test\instancias\n_1000_4,500,15,7,10,0.3000,42,9999235603,9999230785,43,20872
docs\inst_test\instancias\n_1000_4,500,15,7,10,0.3000,123,9999235496,9999230899,44,20872
docs\inst_test\instancias\n_1000_4,500,15,7,10,0.3000,2026,9999235579,9999230674,42,20872
docs\inst_test\instancias\n_1000_4,500,15,7,20,0.1000,42,9999239542,9999233154,46,20872
docs\inst_test\instancias\n_1000_4,500,15,7,20,0.1000,123,9999239604,9999233200,47,20872
docs\inst_test\instancias\n_1000_4,500,15,7,20,0.1000,2026,9999239825,9999233057,46,20872
docs\inst_test\instancias\n_1000_4,500,15,7,20,0.2000,42,9999239825,9999233397,45,20872
docs\inst_test\instancias\n_1000_4,500,15,7,20,0.2000,123,9999235551,9999230682,40,20872
docs\inst_test\instancias\n_1000_4,500,15,7,20,0.2000,2026,9999239684,9999233254,44,20872
docs\inst_test\instancias\n_1000_4,500,15,7,20,0.3000,42,9999235601,9999230748,40,20872
docs\inst_test\instancias\n_1000_4,500,15,7,20,0.3000,123,9998455718,9998450407,42,20872
docs\inst_test\instancias\n_1000_4,500,15,7,20,0.3000,2026,9999235569,9999230761,41,20872
docs\inst_test\instancias\n_1000_4,500,15,10,5,0.1000,42,9999239587,9999233145,54,20872
docs\inst_test\instancias\n_1000_4,500,15,10,5,0.1000,123,9999239847,9999233470,54,20872
docs\inst_test\instancias\n_1000_4,500,15,10,5,0.1000,2026,9999239804,9999233206,57,20872
docs\inst_test\instancias\n_1000_4,500,15,10,5,0.2000,42,9999239825,9999233397,56,20872
docs\inst_test\instancias\n_1000_4,500,15,10,5,0.2000,123,9999235556,9999230719,50,20872
docs\inst_test\instancias\n_1000_4,500,15,10,5,0.2000,2026,9999239684,9999233254,54,20872
docs\inst_test\instancias\n_1000_4,500,15,10,5,0.3000,42,9999235607,9999230590,48,20872
docs\inst_test\instancias\n_1000_4,500,15,10,5,0.3000,123,9999235496,9999230899,50,20872
docs\inst_test\instancias\n_1000_4,500,15,10,5,0.3000,2026,9999235557,9999230837,49,20872
docs\inst_test\instancias\n_1000_4,500,15,10,10,0.1000,42,9999239542,9999233154,48,20872
docs\inst_test\instancias\n_1000_4,500,15,10,10,0.1000,123,9999239785,9999233462,48,20872
docs\inst_test\instancias\n_1000_4,500,15,10,10,0.1000,2026,9999239825,9999233057,51,20872
docs\inst_test\instancias\n_1000_4,500,15,10,10,0.2000,42,9999239827,9999233233,48,20872
docs\inst_test\instancias\n_1000_4,500,15,10,10,0.2000,123,9999235551,9999230682,44,20872
docs\inst_test\instancias\n_1000_4,500,15,10,10,0.2000,2026,9999239684,9999233254,47,20872
docs\inst_test\instancias\n_1000_4,500,15,10,10,0.3000,42,9999235601,9999230837,44,20872
docs\inst_test\instancias\n_1000_4,500,15,10,10,0.3000,123,9999235496,9999230899,45,20872
docs\inst_test\instancias\n_1000_4,500,15,10,10,0.3000,2026,9999235579,9999230674,43,20872
docs\inst_test\instancias\n_1000_4,500,15,10,20,0.1000,42,9999239542,9999233154,46,20872
docs\inst_test\instancias\n_1000_4,500,15,10,20,0.1000,123,9999239604,9999233200,45,20872
docs\inst_test\instancias\n_1000_4,500,15,10,20,0.1000,2026,9999239825,9999233057,46,20872
docs\inst_test\instancias\n_1000_4,500,15,10,20,0.2000,42,9999239825,9999233397,45,20872
docs\inst_test\instancias\n_1000_4,500,15,10,20,0.2000,123,9999235551,9999230682,41,20872
docs\inst_test\instancias\n_1000_4,500,15,10,20,0.2000,2026,9999239684,9999233254,45,20872
docs\inst_test\instancias\n_1000_4,500,15,10,20,0.3000,42,9999235601,9999230748,41,20872
docs\inst_test\instancias\n_1000_4,500,15,10,20,0.3000,123,9998455718,9998450407,42,20872
docs\inst_test\instancias\n_1000_4,500,15,10,20,0.3000,2026,9999235569,9999230761,40,20872
docs\inst_test\instancias\n_1000_4,500,15,15,5,0.1000,42,9999239587,9999233145,55,20872
docs\inst_test\instancias\n_1000_4,500,15,15,5,0.1000,123,9999239847,9999233470,54,20872
docs\inst_test\instancias\n_1000_4,500,15,15,5,0.1000,2026,9999239804,9999233206,56,20872
docs\inst_test\instancias\n_1000_4,500,15,15,5,0.2000,42,9999239825,9999233397,54,20872
docs\inst_test\instancias\n_1000_4,500,15,15,5,0.2000,123,9999235556,9999230719,50,20872
docs\inst_test\instancias\n_1000_4,500,15,15,5,0.2000,2026,9999239684,9999233254,54,20872
docs\inst_test\instancias\n_1000_4,500,15,15,5,0.3000,42,9999235607,9999230590,48,20872
docs\inst_test\instancias\n_1000_4,500,15,15,5,0.3000,123,9999235496,9999230899,49,20872
docs\inst_test\instancias\n_1000_4,500,15,15,5,0.3000,2026,9999235557,9999230837,50,20872
docs\inst_test\instancias\n_1000_4,500,15,15,10,0.1000,42,9999239542,9999233154,47,20872
docs\inst_test\instancias\n_1000_4,500,15,15,10,0.1000,123,9999239785,9999233462,47,20872
docs\inst_test\instancias\n_1000_4,500,15,15,10,0.1000,2026,9999239825,9999233057,49,20872
docs\inst_test\instancias\n_1000_4,500,15,15,10,0.2000,42,9999239827,9999233233,48,20872
docs\inst_test\instancias\n_1000_4,500,15,15,10,0.2000,123,9999235551,9999230682,43,20872
docs\inst_test\instancias\n_1000_4,500,15,15,10,0.2000,2026,9999239684,9999233254,49,20872
docs\inst_test\instancias\n_1000_4,500,15,15,10,0.3000,42,9999235603,9999230785,41,20872
docs\inst_test\instancias\n_1000_4,500,15,15,10,0.3000,123,9999235496,9999230899,44,20872
docs\inst_test\instancias\n_1000_4,500,15,15,10,0.3000,2026,9999235579,9999230674,44,20872
docs\inst_test\instancias\n_1000_4,500,15,15,20,0.1000,42,9999239542,9999233154,46,20872
docs\inst_test\instancias\n_1000_4,500,15,15,20,0.1000,123,9999239604,9999233200,45,20872
docs\inst_test\instancias\n_1000_4,500,15,15,20,0.1000,2026,9999239825,9999233057,46,20872
docs\inst_test\instancias\n_1000_4,500,15,15,20,0.2000,42,9999239825,9999233397,45,20872
docs\inst_test\instancias\n_1000_4,500,15,15,20,0.2000,123,9999235551,9999230682,42,20872
docs\inst_test\instancias\n_1000_4,500,15,15,20,0.2000,2026,9999239684,9999233254,44,20872
docs\inst_test\instancias\n_1000_4,500,15,15,20,0.3000,42,9999235601,9999230748,40,20872
docs\inst_test\instancias\n_1000_4,500,15,15,20,0.3000,123,9998455718,9998450407,42,20872
docs\inst_test\instancias\n_1000_4,500,15,15,20,0.3000,2026,9999235569,9999230761,41,20872
docs\inst_test\instancias\n_1000_4,500,20,7,5,0.1000,42,9999239587,9999233145,55,20872
docs\inst_test\instancias\n_1000_4,500,20,7,5,0.1000,123,9999239847,9999233470,56,20872
docs\inst_test\instancias\n_1000_4,500,20,7,5,0.1000,2026,9999239804,9999233206,57,20872
docs\inst_test\instancias\n_1000_4,500,20,7,5,0.2000,42,9999239825,9999233397,55,20872
docs\inst_test\instancias\n_1000_4,500,20,7,5,0.2000,123,9999235556,9999230719,49,20872
docs\inst_test\instancias\n_1000_4,500,20,7,5,0.2000,2026,9999239684,9999233254,54,20872
docs\inst_test\instancias\n_1000_4,500,20,7,5,0.3000,42,9999235607,9999230590,49,20872
docs\inst_test\instancias\n_1000_4,500,20,7,5,0.3000,123,9999235496,9999230899,50,20872
docs\inst_test\instancias\n_1000_4,500,20,7,5,0.3000,2026,9999235557,9999230837,49,20872
docs\inst_test\instancias\n_1000_4,500,20,7,10,0.1000,42,9999239542,9999233154,48,20872
docs\inst_test\instancias\n_1000_4,500,20,7,10,0.1000,123,9999239785,9999233462,49,20872
docs\inst_test\instancias\n_1000_4,500,20,7,10,0.1000,2026,9999239825,9999233057,50,20872
docs\inst_test\instancias\n_1000_4,500,20,7,10,0.2000,42,9999239827,9999233233,48,20872
docs\inst_test\instancias\n_1000_4,500,20,7,10,0.2000,123,9999235551,9999230682,43,20872
docs\inst_test\instancias\n_1000_4,500,20,7,10,0.2000,2026,9999239684,9999233254,47,20872
docs\inst_test\instancias\n_1000_4,500,20,7,10,0.3000,42,9999235603,9999230785,43,20872
docs\inst_test\instancias\n_1000_4,500,20,7,10,0.3000,123,9999235496,9999230899,44,20872
docs\inst_test\instancias\n_1000_4,500,20,7,10,0.3000,2026,9999235579,9999230674,43,20872
docs\inst_test\instancias\n_1000_4,500,20,7,20,0.1000,42,9999239542,9999233154,45,20872
docs\inst_test\instancias\n_1000_4,500,20,7,20,0.1000,123,9999239604,9999233200,45,20872
docs\inst_test\instancias\n_1000_4,500,20,7,20,0.1000,2026,9999239825,9999233057,46,20872
docs\inst_test\instancias\n_1000_4,500,20,7,20,0.2000,42,9999239825,9999233397,46,20872
docs\inst_test\instancias\n_1000_4,500,20,7,20,0.2000,123,9999235551,9999230682,43,20872
docs\inst_test\instancias\n_1000_4,500,20,7,20,0.2000,2026,9999239684,9999233254,44,20872
docs\inst_test\instancias\n_1000_4,500,20,7,20,0.3000,42,9999235601,9999230748,39,20872
docs\inst_test\instancias\n_1000_4,500,20,7,20,0.3000,123,9998455718,9998450407,43,20872
docs\inst_test\instancias\n_1000_4,500,20,7,20,0.3000,2026,9999235569,9999230761,40,20872
docs\inst_test\instancias\n_1000_4,500,20,10,5,0.1000,42,9999239587,9999233145,55,20872
docs\inst_test\instancias\n_1000_4,500,20,10,5,0.1000,123,9999239847,9999233470,54,20872
docs\inst_test\instancias\n_1000_4,500,20,10,5,0.1000,2026,9999239804,9999233206,55,20872
docs\inst_test\instancias\n_1000_4,500,20,10,5,0.2000,42,9999239825,9999233397,55,20872
docs\inst_test\instancias\n_1000_4,500,20,10,5,0.2000,123,9999235556,9999230719,50,20872
docs\inst_test\instancias\n_1000_4,500,20,10,5,0.2000,2026,9999239684,9999233254,55,20872
docs\inst_test\instancias\n_1000_4,500,20,10,5,0.3000,42,9999235607,9999230590,49,20872
docs\inst_test\instancias\n_1000_4,500,20,10,5,0.3000,123,9999235496,9999230899,50,20872
docs\inst_test\instancias\n_1000_4,500,20,10,5,0.3000,2026,9999235557,9999230837,50,20872
docs\inst_test\instancias\n_1000_4,500,20,10,10,0.1000,42,9999239542,9999233154,49,20872
docs\inst_test\instancias\n_1000_4,500,20,10,10,0.1000,123,9999239785,9999233462,48,20872
docs\inst_test\instancias\n_1000_4,500,20,10,10,0.1000,2026,9999239825,9999233057,49,20872
docs\inst_test\instancias\n_1000_4,500,20,10,10,0.2000,42,9999239827,9999233233,49,20872
docs\inst_test\instancias\n_1000_4,500,20,10,10,0.2000,123,9999235551,9999230682,44,20872
docs\inst_test\instancias\n_1000_4,500,20,10,10,0.2000,2026,9999239684,9999233254,47,20872
docs\inst_test\instancias\n_1000_4,500,20,10,10,0.3000,42,9999235601,9999230837,43,20872
docs\inst_test\instancias\n_1000_4,500,20,10,10,0.3000,123,9999235496,9999230899,44,20872
docs\inst_test\instancias\n_1000_4,500,20,10,10,0.3000,2026,9999235579,9999230674,42,20872
docs\inst_test\instancias\n_1000_4,500,20,10,20,0.1000,42,9999239542,9999233154,45,20872
docs\inst_test\instancias\n_1000_4,500,20,10,20,0.1000,123,9999239604,9999233200,45,20872
docs\inst_test\instancias\n_1000_4,500,20,10,20,0.1000,2026,9999239825,9999233057,46,20872
docs\inst_test\instancias\n_1000_4,500,20,10,20,0.2000,42,9999239825,9999233397,45,20872
docs\inst_test\instancias\n_1000_4,500,20,10,20,0.2000,123,9999235551,9999230682,41,20872
docs\inst_test\instancias\n_1000_4,500,20,10,20,0.2000,2026,9999239684,9999233254,44,20872
docs\inst_test\instancias\n_1000_4,500,20,10,20,0.3000,42,9999235601,9999230748,41,20872
docs\inst_test\instancias\n_1000_4,500,20,10,20,0.3000,123,9998455718,9998450407,41,20872
docs\inst_test\instancias\n_1000_4,500,20,10,20,0.3000,2026,9999235569,9999230761,40,20872
docs\inst_test\instancias\n_1000_4,500,20,15,5,0.1000,42,9999239587,9999233145,56,20872
docs\inst_test\instancias\n_1000_4,500,20,15,5,0.1000,123,9999239847,9999233470,55,20872
docs\inst_test\instancias\n_1000_4,500,20,15,5,0.1000,2026,9999239804,9999233206,56,20872
docs\inst_test\instancias\n_1000_4,500,20,15,5,0.2000,42,9999239825,9999233397,55,20872
docs\inst_test\instancias\n_1000_4,500,20,15,5,0.2000,123,9999235556,9999230719,49,20872
docs\inst_test\instancias\n_1000_4,500,20,15,5,0.2000,2026,9999239684,9999233254,54,20872
docs\inst_test\instancias\n_1000_4,500,20,15,5,0.3000,42,9999235607,9999230590,48,20872
docs\inst_test\instancias\n_1000_4,500,20,15,5,0.3000,123,9999235496,9999230899,51,20872
docs\inst_test\instancias\n_1000_4,500,20,15,5,0.3000,2026,9999235557,9999230837,48,20872
docs\inst_test\instancias\n_1000_4,500,20,15,10,0.1000,42,9999239542,9999233154,50,20872
docs\inst_test\instancias\n_1000_4,500,20,15,10,0.1000,123,9999239785,9999233462,49,20872
docs\inst_test\instancias\n_1000_4,500,20,15,10,0.1000,2026,9999239825,9999233057,48,20872
docs\inst_test\instancias\n_1000_4,500,20,15,10,0.2000,42,9999239827,9999233233,48,20872
docs\inst_test\instancias\n_1000_4,500,20,15,10,0.2000,123,9999235551,9999230682,43,20872
docs\inst_test\instancias\n_1000_4,500,20,15,10,0.2000,2026,9999239684,9999233254,48,20872
docs\inst_test\instancias\n_1000_4,500,20,15,10,0.3000,42,9999235603,9999230785,44,20872
docs\inst_test\instancias\n_1000_4,500,20,15,10,0.3000,123,9999235496,9999230899,44,20872
docs\inst_test\instancias\n_1000_4,500,20,15,10,0.3000,2026,9999235579,9999230674,43,20872
docs\inst_test\instancias\n_1000_4,500,20,15,20,0.1000,42,9999239542,9999233154,45,20872
docs\inst_test\instancias\n_1000_4,500,20,15,20,0.1000,123,9999239604,9999233200,45,20872
docs\inst_test\instancias\n_1000_4,500,20,15,20,0.1000,2026,9999239825,9999233057,46,20872
docs\inst_test\instancias\n_1000_4,500,20,15,20,0.2000,42,9999239825,9999233397,45,20872
docs\inst_test\instancias\n_1000_4,500,20,15,20,0.2000,123,9999235551,9999230682,42,20872
docs\inst_test\instancias\n_1000_4,500,20,15,20,0.2000,2026,9999239684,9999233254,44,20872
docs\inst_test\instancias\n_1000_4,500,20,15,20,0.3000,42,9999235601,9999230748,40,20872
docs\inst_test\instancias\n_1000_4,500,20,15,20,0.3000,123,9998455718,9998450407,42,20872
docs\inst_test\instancias\n_1000_4,500,20,15,20,0.3000,2026,9999235569,9999230761,40,20872
docs\inst_test\instancias\n_1000_5,100,10,7,5,0.1000,42,9999251614,9999242439,11,22002
docs\inst_test\instancias\n_1000_5,100,10,7,5,0.1000,123,9996907622,9996899019,11,22002
docs\inst_test\instancias\n_1000_5,100,10,7,5,0.1000,2026,9999251619,9999242724,10,22002
docs\inst_test\instancias\n_1000_5,100,10,7,5,0.2000,42,9999251619,9999242724,12,22002
docs\inst_test\instancias\n_1000_5,100,10,7,5,0.2000,123,9998466245,9998459419,9,22002
docs\inst_test\instancias\n_1000_5,100,10,7,5,0.2000,2026,9999251723,9999242588,11,22002
docs\inst_test\instancias\n_1000_5,100,10,7,5,0.3000,42,9999251530,9999242508,11,22002
docs\inst_test\instancias\n_1000_5,100,10,7,5,0.3000,123,9996122058,9996115441,10,22002
docs\inst_test\instancias\n_1000_5,100,10,7,5,0.3000,2026,9999245335,9999239334,10,22002
docs\inst_test\instancias\n_1000_5,100,10,7,10,0.1000,42,9996907656,9996898605,10,22002
docs\inst_test\instancias\n_1000_5,100,10,7,10,0.1000,123,9996907622,9996899019,10,22002
docs\inst_test\instancias\n_1000_5,100,10,7,10,0.1000,2026,9999251619,9999242724,10,22002
docs\inst_test\instancias\n_1000_5,100,10,7,10,0.2000,42,9999251619,9999242724,10,22002
docs\inst_test\instancias\n_1000_5,100,10,7,10,0.2000,123,9997687010,9997678758,10,22002
docs\inst_test\instancias\n_1000_5,100,10,7,10,0.2000,2026,9999251723,9999242588,10,22002
docs\inst_test\instancias\n_1000_5,100,10,7,10,0.3000,42,9999251530,9999242508,10,22002
docs\inst_test\instancias\n_1000_5,100,10,7,10,0.3000,123,9996122058,9996115441,9,22002
docs\inst_test\instancias\n_1000_5,100,10,7,10,0.3000,2026,9999245262,9999239035,10,22002
docs\inst_test\instancias\n_1000_5,100,10,7,20,0.1000,42,9996907656,9996898605,10,22002
docs\inst_test\instancias\n_1000_5,100,10,7,20,0.1000,123,9996907587,9996898632,10,22002
docs\inst_test\instancias\n_1000_5,100,10,7,20,0.1000,2026,9999251619,9999242724,10,22002
docs\inst_test\instancias\n_1000_5,100,10,7,20,0.2000,42,9999251619,9999242724,9,22002
docs\inst_test\instancias\n_1000_5,100,10,7,20,0.2000,123,9997687010,9997678758,9,22002
docs\inst_test\instancias\n_1000_5,100,10,7,20,0.2000,2026,9999251705,9999242656,9,22002
docs\inst_test\instancias\n_1000_5,100,10,7,20,0.3000,42,9999251530,9999242508,10,22002
docs\inst_test\instancias\n_1000_5,100,10,7,20,0.3000,123,9989875677,9989866999,10,22002
docs\inst_test\instancias\n_1000_5,100,10,7,20,0.3000,2026,9990654953,9990647154,9,22002
docs\inst_test\instancias\n_1000_5,100,10,10,5,0.1000,42,9999251614,9999242439,11,22002
docs\inst_test\instancias\n_1000_5,100,10,10,5,0.1000,123,9996907622,9996899019,10,22002
docs\inst_test\instancias\n_1000_5,100,10,10,5,0.1000,2026,9999251619,9999242724,12,22002
docs\inst_test\instancias\n_1000_5,100,10,10,5,0.2000,42,9999251619,9999242724,11,22002
docs\inst_test\instancias\n_1000_5,100,10,10,5,0.2000,123,9998466245,9998459419,10,22002
docs\inst_test\instancias\n_1000_5,100,10,10,5,0.2000,2026,9999251723,9999242588,12,22002
docs\inst_test\instancias\n_1000_5,100,10,10,5,0.3000,42,9999251530,9999242508,10,22002
docs\inst_test\instancias\n_1000_5,100,10,10,5,0.3000,123,9996122058,9996115441,10,22002
docs\inst_test\instancias\n_1000_5,100,10,10,5,0.3000,2026,9999245335,9999239334,10,22002
docs\inst_test\instancias\n_1000_5,100,10,10,10,0.1000,42,9996907656,9996898605,11,22002
docs\inst_test\instancias\n_1000_5,100,10,10,10,0.1000,123,9996907622,9996899019,10,22002
docs\inst_test\instancias\n_1000_5,100,10,10,10,0.1000,2026,9999251619,9999242724,10,22002
docs\inst_test\instancias\n_1000_5,100,10,10,10,0.2000,42,9999251619,9999242724,9,22002
docs\inst_test\instancias\n_1000_5,100,10,10,10,0.2000,123,9997687010,9997678758,10,22002
docs\inst_test\instancias\n_1000_5,100,10,10,10,0.2000,2026,9999251723,9999242588,10,22002
docs\inst_test\instancias\n_1000_5,100,10,10,10,0.3000,42,9999251530,9999242508,10,22002
docs\inst_test\instancias\n_1000_5,100,10,10,10,0.3000,123,9996122058,9996115441,9,22002
docs\inst_test\instancias\n_1000_5,100,10,10,10,0.3000,2026,9999245262,9999239035,9,22002
docs\inst_test\instancias\n_1000_5,100,10,10,20,0.1000,42,9996907656,9996898605,10,22002
docs\inst_test\instancias\n_1000_5,100,10,10,20,0.1000,123,9996907587,9996898632,10,22002
docs\inst_test\instancias\n_1000_5,100,10,10,20,0.1000,2026,9999251619,9999242724,10,22002
docs\inst_test\instancias\n_1000_5,100,10,10,20,0.2000,42,9999251619,9999242724,10,22002
docs\inst_test\instancias\n_1000_5,100,10,10,20,0.2000,123,9997687010,9997678758,9,22002
docs\inst_test\instancias\n_1000_5,100,10,10,20,0.2000,2026,9999251705,9999242656,10,22002
docs\inst_test\instancias\n_1000_5,100,10,10,20,0.3000,42,9999251530,9999242508,9,22002
docs\inst_test\instancias\n_1000_5,100,10,10,20,0.3000,123,9989875677,9989866999,10,22002
docs\inst_test\instancias\n_1000_5,100,10,10,20,0.3000,2026,9990654953,9990647154,10,22002
docs\inst_test\instancias\n_1000_5,100,10,15,5,0.1000,42,9999251614,9999242439,10,22002
docs\inst_test\instancias\n_1000_5,100,10,15,5,0.1000,123,9996907622,9996899019,11,22002
docs\inst_test\instancias\n_1000_5,100,10,15,5,0.1000,2026,9999251619,9999242724,11,22002
docs\inst_test\instancias\n_1000_5,100,10,15,5,0.2000,42,9999251619,9999242724,12,22002
docs\inst_test\instancias\n_1000_5,100,10,15,5,0.2000,123,9998466245,9998459419,11,22002
docs\inst_test\instancias\n_1000_5,100,10,15,5,0.2000,2026,9999251723,9999242588,11,22002
docs\inst_test\instancias\n_1000_5,100,10,15,5,0.3000,42,9999251530,9999242508,11,22002
docs\inst_test\instancias\n_1000_5,100,10,15,5,0.3000,123,9996122058,9996115441,11,22002
docs\inst_test\instancias\n_1000_5,100,10,15,5,0.3000,2026,9999245335,9999239334,10,22002
docs\inst_test\instancias\n_1000_5,100,10,15,10,0.1000,42,9996907656,9996898605,10,22002
docs\inst_test\instancias\n_1000_5,100,10,15,10,0.1000,123,9996907622,9996899019,10,22002
docs\inst_test\instancias\n_1000_5,100,10,15,10,0.1000,2026,9999251619,9999242724,10,22002
docs\inst_test\instancias\n_1000_5,100,10,15,10,0.2000,42,9999251619,9999242724,10,22002
docs\inst_test\instancias\n_1000_5,100,10,15,10,0.2000,123,9997687010,9997678758,9,22002
docs\inst_test\instancias\n_1000_5,100,10,15,10,0.2000,2026,9999251723,9999242588,10,22002
docs\inst_test\instancias\n_1000_5,100,10,15,10,0.3000,42,9999251530,9999242508,10,22002
docs\inst_test\instancias\n_1000_5,100,10,15,10,0.3000,123,9996122058,9996115441,10,22002
docs\inst_test\instancias\n_1000_5,100,10,15,10,0.3000,2026,9999245262,9999239035,10,22002
docs\inst_test\instancias\n_1000_5,100,10,15,20,0.1000,42,9996907656,9996898605,10,22002
docs\inst_test\instancias\n_1000_5,100,10,15,20,0.1000,123,9996907587,9996898632,9,22002
docs\inst_test\instancias\n_1000_5,100,10,15,20,0.1000,2026,9999251619,9999242724,11,22002
docs\inst_test\instancias\n_1000_5,100,10,15,20,0.2000,42,9999251619,9999242724,10,22002
docs\inst_test\instancias\n_1000_5,100,10,15,20,0.2000,123,9997687010,9997678758,9,22002
docs\inst_test\instancias\n_1000_5,100,10,15,20,0.2000,2026,9999251705,9999242656,10,22002
docs\inst_test\instancias\n_1000_5,100,10,15,20,0.3000,42,9999251530,9999242508,9,22002
docs\inst_test\instancias\n_1000_5,100,10,15,20,0.3000,123,9989875677,9989866999,10,22002
docs\inst_test\instancias\n_1000_5,100,10,15,20,0.3000,2026,9990654953,9990647154,9,22002
docs\inst_test\instancias\n_1000_5,100,15,7,5,0.1000,42,9999251614,9999242439,12,22002
docs\inst_test\instancias\n_1000_5,100,15,7,5,0.1000,123,9996907622,9996899019,11,22002
docs\inst_test\instancias\n_1000_5,100,15,7,5,0.1000,2026,9999251619,9999242724,12,22002
docs\inst_test\instancias\n_1000_5,100,15,7,5,0.2000,42,9999251619,9999242724,11,22002
docs\inst_test\instancias\n_1000_5,100,15,7,5,0.2000,123,9998466245,9998459419,10,22002
docs\inst_test\instancias\n_1000_5,100,15,7,5,0.2000,2026,9999251723,9999242588,11,22002
docs\inst_test\instancias\n_1000_5,100,15,7,5,0.3000,42,9999251530,9999242508,11,22002
docs\inst_test\instancias\n_1000_5,100,15,7,5,0.3000,123,9996122058,9996115441,9,22002
docs\inst_test\instancias\n_1000_5,100,15,7,5,0.3000,2026,9999245335,9999239334,10,22002
docs\inst_test\instancias\n_1000_5,100,15,7,10,0.1000,42,9996907656,9996898605,10,22002
docs\inst_test\instancias\n_1000_5,100,15,7,10,0.1000,123,9996907622,9996899019,10,22002
docs\inst_test\instancias\n_1000_5,100,15,7,10,0.1000,2026,9999251619,9999242724,10,22002
docs\inst_test\instancias\n_1000_5,100,15,7,10,0.2000,42,9999251619,9999242724,10,22002
docs\inst_test\instancias\n_1000_5,100,15,7,10,0.2000,123,9997687010,9997678758,10,22002
docs\inst_test\instancias\n_1000_5,100,15,7,10,0.2000,2026,9999251723,9999242588,9,22002
docs\inst_test\instancias\n_1000_5,100,15,7,10,0.3000,42,9999251530,9999242508,10,22002
docs\inst_test\instancias\n_1000_5,100,15,7,10,0.3000,123,9996122058,9996115441,9,22002
docs\inst_test\instancias\n_1000_5,100,15,7,10,0.3000,2026,9999245262,9999239035,10,22002
docs\inst_test\instancias\n_1000_5,100,15,7,20,0.1000,42,9996907656,9996898605,9,22002
docs\inst_test\instancias\n_1000_5,100,15,7,20,0.1000,123,9996907587,9996898632,10,22002
docs\inst_test\instancias\n_1000_5,100,15,7,20,0.1000,2026,9999251619,9999242724,9,22002
docs\inst_test\instancias\n_1000_5,100,15,7,20,0.2000,42,9999251619,9999242724,10,22002
docs\inst_test\instancias\n_1000_5,100,15,7,20,0.2000,123,9997687010,9997678758,10,22002
docs\inst_test\instancias\n_1000_5,100,15,7,20,0.2000,2026,9999251705,9999242656,9,22002
docs\inst_test\instancias\n_1000_5,100,15,7,20,0.3000,42,9999251530,9999242508,10,22002
docs\inst_test\instancias\n_1000_5,100,15,7,20,0.3000,123,9989875677,9989866999,9,22002
docs\inst_test\instancias\n_1000_5,100,15,7,20,0.3000,2026,9990654953,9990647154,9,22002
docs\inst_test\instancias\n_1000_5,100,15,10,5,0.1000,42,9999251614,9999242439,11,22002
docs\inst_test\instancias\n_1000_5,100,15,10,5,0.1000,123,9996907622,9996899019,10,22002
docs\inst_test\instancias\n_1000_5,100,15,10,5,0.1000,2026,9999251619,9999242724,11,22002
docs\inst_test\instancias\n_1000_5,100,15,10,5,0.2000,42,9999251619,9999242724,11,22002
docs\inst_test\instancias\n_1000_5,100,15,10,5,0.2000,123,9998466245,9998459419,11,22002
docs\inst_test\instancias\n_1000_5,100,15,10,5,0.2000,2026,9999251723,9999242588,11,22002
docs\inst_test\instancias\n_1000_5,100,15,10,5,0.3000,42,9999251530,9999242508,10,22002
docs\inst_test\instancias\n_1000_5,100,15,10,5,0.3000,123,9996122058,9996115441,11,22002
docs\inst_test\instancias\n_1000_5,100,15,10,5,0.3000,2026,9999245335,9999239334,9,22002
docs\inst_test\instancias\n_1000_5,100,15,10,10,0.1000,42,9996907656,9996898605,10,22002
docs\inst_test\instancias\n_1000_5,100,15,10,10,0.1000,123,9996907622,9996899019,11,22002
docs\inst_test\instancias\n_1000_5,100,15,10,10,0.1000,2026,9999251619,9999242724,9,22002
docs\inst_test\instancias\n_1000_5,100,15,10,10,0.2000,42,9999251619,9999242724,10,22002
docs\inst_test\instancias\n_1000_5,100,15,10,10,0.2000,123,9997687010,9997678758,10,22002
docs\inst_test\instancias\n_1000_5,100,15,10,10,0.2000,2026,9999251723,9999242588,10,22002
docs\inst_test\instancias\n_1000_5,100,15,10,10,0.3000,42,9999251530,9999242508,10,22002
docs\inst_test\instancias\n_1000_5,100,15,10,10,0.3000,123,9996122058,9996115441,10,22002
docs\inst_test\instancias\n_1000_5,100,15,10,10,0.3000,2026,9999245262,9999239035,9,22002
docs\inst_test\instancias\n_1000_5,100,15,10,20,0.1000,42,9996907656,9996898605,10,22002
docs\inst_test\instancias\n_1000_5,100,15,10,20,0.1000,123,9996907587,9996898632,10,22002
docs\inst_test\instancias\n_1000_5,100,15,10,20,0.1000,2026,9999251619,9999242724,10,22002
docs\inst_test\instancias\n_1000_5,100,15,10,20,0.2000,42,9999251619,9999242724,9,22002
docs\inst_test\instancias\n_1000_5,100,15,10,20,0.2000,123,9997687010,9997678758,10,22002
docs\inst_test\instancias\n_1000_5,100,15,10,20,0.2000,2026,9999251705,9999242656,9,22002
docs\inst_test\instancias\n_1000_5,100,15,10,20,0.3000,42,9999251530,9999242508,10,22002
docs\inst_test\instancias\n_1000_5,100,15,10,20,0.3000,123,9989875677,9989866999,10,22002
docs\inst_test\instancias\n_1000_5,100,15,10,20,0.3000,2026,9990654953,9990647154,8,22002
docs\inst_test\instancias\n_1000_5,100,15,15,5,0.1000,42,9999251614,9999242439,11,22002
docs\inst_test\instancias\n_1000_5,100,15,15,5,0.1000,123,9996907622,9996899019,11,22002
docs\inst_test\instancias\n_1000_5,100,15,15,5,0.1000,2026,9999251619,9999242724,11,22002
docs\inst_test\instancias\n_1000_5,100,15,15,5,0.2000,42,9999251619,9999242724,12,22002
docs\inst_test\instancias\n_1000_5,100,15,15,5,0.2000,123,9998466245,9998459419,9,22002
docs\inst_test\instancias\n_1000_5,100,15,15,5,0.2000,2026,9999251723,9999242588,11,22002
docs\inst_test\instancias\n_1000_5,100,15,15,5,0.3000,42,9999251530,9999242508,12,22002
docs\inst_test\instancias\n_1000_5,100,15,15,5,0.3000,123,9996122058,9996115441,10,22002
docs\inst_test\instancias\n_1000_5,100,15,15,5,0.3000,2026,9999245335,9999239334,10,22002
docs\inst_test\instancias\n_1000_5,100,15,15,10,0.1000,42,9996907656,9996898605,10,22002
docs\inst_test\instancias\n_1000_5,100,15,15,10,0.1000,123,9996907622,9996899019,11,22002
docs\inst_test\instancias\n_1000_5,100,15,15,10,0.1000,2026,9999251619,9999242724,9,22002
docs\inst_test\instancias\n_1000_5,100,15,15,10,0.2000,42,9999251619,9999242724,10,22002
docs\inst_test\instancias\n_1000_5,100,15,15,10,0.2000,123,9997687010,9997678758,10,22002
docs\inst_test\instancias\n_1000_5,100,15,15,10,0.2000,2026,9999251723,9999242588,9,22002
docs\inst_test\instancias\n_1000_5,100,15,15,10,0.3000,42,9999251530,9999242508,10,22002
docs\inst_test\instancias\n_1000_5,100,15,15,10,0.3000,123,9996122058,9996115441,10,22002
docs\inst_test\instancias\n_1000_5,100,15,15,10,0.3000,2026,9999245262,9999239035,9,22002
docs\inst_test\instancias\n_1000_5,100,15,15,20,0.1000,42,9996907656,9996898605,11,22002
docs\inst_test\instancias\n_1000_5,100,15,15,20,0.1000,123,9996907587,9996898632,10,22002
docs\inst_test\instancias\n_1000_5,100,15,15,20,0.1000,2026,9999251619,9999242724,9,22002
docs\inst_test\instancias\n_1000_5,100,15,15,20,0.2000,42,9999251619,9999242724,10,22002
docs\inst_test\instancias\n_1000_5,100,15,15,20,0.2000,123,9997687010,9997678758,10,22002
docs\inst_test\instancias\n_1000_5,100,15,15,20,0.2000,2026,9999251705,9999242656,9,22002
docs\inst_test\instancias\n_1000_5,100,15,15,20,0.3000,42,9999251530,9999242508,10,22002
docs\inst_test\instancias\n_1000_5,100,15,15,20,0.3000,123,9989875677,9989866999,10,22002
docs\inst_test\instancias\n_1000_5,100,15,15,20,0.3000,2026,9990654953,9990647154,9,22002
docs\inst_test\instancias\n_1000_5,100,20,7,5,0.1000,42,9999251614,9999242439,11,22002
docs\inst_test\instancias\n_1000_5,100,20,7,5,0.1000,123,9996907622,9996899019,12,22002
docs\inst_test\instancias\n_1000_5,100,20,7,5,0.1000,2026,9999251619,9999242724,11,22002
docs\inst_test\instancias\n_1000_5,100,20,7,5,0.2000,42,9999251619,9999242724,11,22002
docs\inst_test\instancias\n_1000_5,100,20,7,5,0.2000,123,9998466245,9998459419,10,22002
docs\inst_test\instancias\n_1000_5,100,20,7,5,0.2000,2026,9999251723,9999242588,11,22002
docs\inst_test\instancias\n_1000_5,100,20,7,5,0.3000,42,9999251530,9999242508,10,22002
docs\inst_test\instancias\n_1000_5,100,20,7,5,0.3000,123,9996122058,9996115441,10,22002
docs\inst_test\instancias\n_1000_5,100,20,7,5,0.3000,2026,9999245335,9999239334,10,22002
docs\inst_test\instancias\n_1000_5,100,20,7,10,0.1000,42,9996907656,9996898605,11,22002
docs\inst_test\instancias\n_1000_5,100,20,7,10,0.1000,123,9996907622,9996899019,10,22002
docs\inst_test\instancias\n_1000_5,100,20,7,10,0.1000,2026,9999251619,9999242724,10,22002
docs\inst_test\instancias\n_1000_5,100,20,7,10,0.2000,42,9999251619,9999242724,10,22002
docs\inst_test\instancias\n_1000_5,100,20,7,10,0.2000,123,9997687010,9997678758,10,22002
docs\inst_test\instancias\n_1000_5,100,20,7,10,0.2000,2026,9999251723,9999242588,11,22002
docs\inst_test\instancias\n_1000_5,100,20,7,10,0.3000,42,9999251530,9999242508,10,22002
docs\inst_test\instancias\n_1000_5,100,20,7,10,0.3000,123,9996122058,9996115441,11,22002
docs\inst_test\instancias\n_1000_5,100,20,7,10,0.3000,2026,9999245262,9999239035,10,22002
docs\inst_test\instancias\n_1000_5,100,20,7,20,0.1000,42,9996907656,9996898605,10,22002
docs\inst_test\instancias\n_1000_5,100,20,7,20,0.1000,123,9996907587,9996898632,10,22002
docs\inst_test\instancias\n_1000_5,100,20,7,20,0.1000,2026,9999251619,9999242724,9,22002
docs\inst_test\instancias\n_1000_5,100,20,7,20,0.2000,42,9999251619,9999242724,10,22002
docs\inst_test\instancias\n_1000_5,100,20,7,20,0.2000,123,9997687010,9997678758,9,22002
docs\inst_test\instancias\n_1000_5,100,20,7,20,0.2000,2026,9999251705,9999242656,10,22002
docs\inst_test\instancias\n_1000_5,100,20,7,20,0.3000,42,9999251530,9999242508,9,22002
docs\inst_test\instancias\n_1000_5,100,20,7,20,0.3000,123,9989875677,9989866999,10,22002
docs\inst_test\instancias\n_1000_5,100,20,7,20,0.3000,2026,9990654953,9990647154,9,22002
docs\inst_test\instancias\n_1000_5,100,20,10,5,0.1000,42,9999251614,9999242439,11,22002
docs\inst_test\instancias\n_1000_5,100,20,10,5,0.1000,123,9996907622,9996899019,11,22002
docs\inst_test\instancias\n_1000_5,100,20,10,5,0.1000,2026,9999251619,9999242724,11,22002
docs\inst_test\instancias\n_1000_5,100,20,10,5,0.2000,42,9999251619,9999242724,11,22002
docs\inst_test\instancias\n_1000_5,100,20,10,5,0.2000,123,9998466245,9998459419,10,22002
docs\inst_test\instancias\n_1000_5,100,20,10,5,0.2000,2026,9999251723,9999242588,11,22002
docs\inst_test\instancias\n_1000_5,100,20,10,5,0.3000,42,9999251530,9999242508,11,22002
docs\inst_test\instancias\n_1000_5,100,20,10,5,0.3000,123,9996122058,9996115441,10,22002
docs\inst_test\instancias\n_1000_5,100,20,10,5,0.3000,2026,9999245335,9999239334,10,22002
docs\inst_test\instancias\n_1000_5,100,20,10,10,0.1000,42,9996907656,9996898605,10,22002
docs\inst_test\instancias\n_1000_5,100,20,10,10,0.1000,123,9996907622,9996899019,10,22002
docs\inst_test\instancias\n_1000_5,100,20,10,10,0.1000,2026,9999251619,9999242724,10,22002
docs\inst_test\instancias\n_1000_5,100,20,10,10,0.2000,42,9999251619,9999242724,10,22002
docs\inst_test\instancias\n_1000_5,100,20,10,10,0.2000,123,9997687010,9997678758,10,22002
docs\inst_test\instancias\n_1000_5,100,20,10,10,0.2000,2026,9999251723,9999242588,10,22002
docs\inst_test\instancias\n_1000_5,100,20,10,10,0.3000,42,9999251530,9999242508,10,22002
docs\inst_test\instancias\n_1000_5,100,20,10,10,0.3000,123,9996122058,9996115441,9,22002
docs\inst_test\instancias\n_1000_5,100,20,10,10,0.3000,2026,9999245262,9999239035,9,22002
docs\inst_test\instancias\n_1000_5,100,20,10,20,0.1000,42,9996907656,9996898605,11,22002
docs\inst_test\instancias\n_1000_5,100,20,10,20,0.1000,123,9996907587,9996898632,10,22002
docs\inst_test\instancias\n_1000_5,100,20,10,20,0.1000,2026,9999251619,9999242724,10,22002
docs\inst_test\instancias\n_1000_5,100,20,10,20,0.2000,42,9999251619,9999242724,9,22002
docs\inst_test\instancias\n_1000_5,100,20,10,20,0.2000,123,9997687010,9997678758,10,22002
docs\inst_test\instancias\n_1000_5,100,20,10,20,0.2000,2026,9999251705,9999242656,10,22002
docs\inst_test\instancias\n_1000_5,100,20,10,20,0.3000,42,9999251530,9999242508,10,22002
docs\inst_test\instancias\n_1000_5,100,20,10,20,0.3000,123,9989875677,9989866999,9,22002
docs\inst_test\instancias\n_1000_5,100,20,10,20,0.3000,2026,9990654953,9990647154,9,22002
docs\inst_test\instancias\n_1000_5,100,20,15,5,0.1000,42,9999251614,9999242439,11,22002
docs\inst_test\instancias\n_1000_5,100,20,15,5,0.1000,123,9996907622,9996899019,11,22002
docs\inst_test\instancias\n_1000_5,100,20,15,5,0.1000,2026,9999251619,9999242724,12,22002
docs\inst_test\instancias\n_1000_5,100,20,15,5,0.2000,42,9999251619,9999242724,11,22002
docs\inst_test\instancias\n_1000_5,100,20,15,5,0.2000,123,9998466245,9998459419,10,22002
docs\inst_test\instancias\n_1000_5,100,20,15,5,0.2000,2026,9999251723,9999242588,11,22002
docs\inst_test\instancias\n_1000_5,100,20,15,5,0.3000,42,9999251530,9999242508,11,22002
docs\inst_test\instancias\n_1000_5,100,20,15,5,0.3000,123,9996122058,9996115441,9,22002
docs\inst_test\instancias\n_1000_5,100,20,15,5,0.3000,2026,9999245335,9999239334,10,22002
docs\inst_test\instancias\n_1000_5,100,20,15,10,0.1000,42,9996907656,9996898605,10,22002
docs\inst_test\instancias\n_1000_5,100,20,15,10,0.1000,123,9996907622,9996899019,9,22002
docs\inst_test\instancias\n_1000_5,100,20,15,10,0.1000,2026,9999251619,9999242724,11,22002
docs\inst_test\instancias\n_1000_5,100,20,15,10,0.2000,42,9999251619,9999242724,10,22002
docs\inst_test\instancias\n_1000_5,100,20,15,10,0.2000,123,9997687010,9997678758,11,22002
docs\inst_test\instancias\n_1000_5,100,20,15,10,0.2000,2026,9999251723,9999242588,9,22002
docs\inst_test\instancias\n_1000_5,100,20,15,10,0.3000,42,9999251530,9999242508,10,22002
docs\inst_test\instancias\n_1000_5,100,20,15,10,0.3000,123,9996122058,9996115441,10,22002
docs\inst_test\instancias\n_1000_5,100,20,15,10,0.3000,2026,9999245262,9999239035,9,22002
docs\inst_test\instancias\n_1000_5,100,20,15,20,0.1000,42,9996907656,9996898605,9,22002
docs\inst_test\instancias\n_1000_5,100,20,15,20,0.1000,123,9996907587,9996898632,10,22002
docs\inst_test\instancias\n_1000_5,100,20,15,20,0.1000,2026,9999251619,9999242724,10,22002
docs\inst_test\instancias\n_1000_5,100,20,15,20,0.2000,42,9999251619,9999242724,9,22002
docs\inst_test\instancias\n_1000_5,100,20,15,20,0.2000,123,9997687010,9997678758,10,22002
docs\inst_test\instancias\n_1000_5,100,20,15,20,0.2000,2026,9999251705,9999242656,9,22002
docs\inst_test\instancias\n_1000_5,100,20,15,20,0.3000,42,9999251530,9999242508,9,22002
docs\inst_test\instancias\n_1000_5,100,20,15,20,0.3000,123,9989875677,9989866999,10,22002
docs\inst_test\instancias\n_1000_5,100,20,15,20,0.3000,2026,9990654953,9990647154,9,22002
docs\inst_test\instancias\n_1000_5,300,10,7,5,0.1000,42,9999251670,9999242490,36,22002
docs\inst_test\instancias\n_1000_5,300,10,7,5,0.1000,123,9999251790,9999242930,35,22002
docs\inst_test\instancias\n_1000_5,300,10,7,5,0.1000,2026,9999251703,9999243177,37,22002
docs\inst_test\instancias\n_1000_5,300,10,7,5,0.2000,42,9999251619,9999242724,37,22002
docs\inst_test\instancias\n_1000_5,300,10,7,5,0.2000,123,9999245304,9999239283,33,22002
docs\inst_test\instancias\n_1000_5,300,10,7,5,0.2000,2026,9999251723,9999242588,36,22002
docs\inst_test\instancias\n_1000_5,300,10,7,5,0.3000,42,9999251530,9999242508,36,22002
docs\inst_test\instancias\n_1000_5,300,10,7,5,0.3000,123,9999245167,9999239325,32,22002
docs\inst_test\instancias\n_1000_5,300,10,7,5,0.3000,2026,9999245335,9999239334,33,22002
docs\inst_test\instancias\n_1000_5,300,10,7,10,0.1000,42,9999251670,9999242490,33,22002
docs\inst_test\instancias\n_1000_5,300,10,7,10,0.1000,123,9999251790,9999242930,32,22002
docs\inst_test\instancias\n_1000_5,300,10,7,10,0.1000,2026,9999251638,9999242702,33,22002
docs\inst_test\instancias\n_1000_5,300,10,7,10,0.2000,42,9999251619,9999242724,32,22002
docs\inst_test\instancias\n_1000_5,300,10,7,10,0.2000,123,9999245304,9999239283,28,22002
docs\inst_test\instancias\n_1000_5,300,10,7,10,0.2000,2026,9999251733,9999242669,32,22002
docs\inst_test\instancias\n_1000_5,300,10,7,10,0.3000,42,9999251530,9999242508,34,22002
docs\inst_test\instancias\n_1000_5,300,10,7,10,0.3000,123,9998466074,9998459193,29,22002
docs\inst_test\instancias\n_1000_5,300,10,7,10,0.3000,2026,9999245335,9999239334,29,22002
docs\inst_test\instancias\n_1000_5,300,10,7,20,0.1000,42,9999251614,9999242439,29,22002
docs\inst_test\instancias\n_1000_5,300,10,7,20,0.1000,123,9999251790,9999242930,30,22002
docs\inst_test\instancias\n_1000_5,300,10,7,20,0.1000,2026,9999251619,9999242724,30,22002
docs\inst_test\instancias\n_1000_5,300,10,7,20,0.2000,42,9999251619,9999242724,29,22002
docs\inst_test\instancias\n_1000_5,300,10,7,20,0.2000,123,9999245304,9999239283,29,22002
docs\inst_test\instancias\n_1000_5,300,10,7,20,0.2000,2026,9999251723,9999242588,30,22002
docs\inst_test\instancias\n_1000_5,300,10,7,20,0.3000,42,9999251530,9999242508,30,22002
docs\inst_test\instancias\n_1000_5,300,10,7,20,0.3000,123,9996122058,9996115441,28,22002
docs\inst_test\instancias\n_1000_5,300,10,7,20,0.3000,2026,9999245335,9999239334,27,22002
docs\inst_test\instancias\n_1000_5,300,10,10,5,0.1000,42,9999251670,9999242490,36,22002
docs\inst_test\instancias\n_1000_5,300,10,10,5,0.1000,123,9999251790,9999242930,36,22002
docs\inst_test\instancias\n_1000_5,300,10,10,5,0.1000,2026,9999251703,9999243177,36,22002
docs\inst_test\instancias\n_1000_5,300,10,10,5,0.2000,42,9999251619,9999242724,37,22002
docs\inst_test\instancias\n_1000_5,300,10,10,5,0.2000,123,9999245304,9999239283,33,22002
docs\inst_test\instancias\n_1000_5,300,10,10,5,0.2000,2026,9999251723,9999242588,35,22002
docs\inst_test\instancias\n_1000_5,300,10,10,5,0.3000,42,9999251530,9999242508,35,22002
docs\inst_test\instancias\n_1000_5,300,10,10,5,0.3000,123,9999245167,9999239325,32,22002
docs\inst_test\instancias\n_1000_5,300,10,10,5,0.3000,2026,9999245335,9999239334,33,22002
docs\inst_test\instancias\n_1000_5,300,10,10,10,0.1000,42,9999251670,9999242490,32,22002
docs\inst_test\instancias\n_1000_5,300,10,10,10,0.1000,123,9999251790,9999242930,33,22002
docs\inst_test\instancias\n_1000_5,300,10,10,10,0.1000,2026,9999251638,9999242702,33,22002
docs\inst_test\instancias\n_1000_5,300,10,10,10,0.2000,42,9999251619,9999242724,32,22002
docs\inst_test\instancias\n_1000_5,300,10,10,10,0.2000,123,9999245304,9999239283,30,22002
docs\inst_test\instancias\n_1000_5,300,10,10,10,0.2000,2026,9999251733,9999242669,31,22002
docs\inst_test\instancias\n_1000_5,300,10,10,10,0.3000,42,9999251530,9999242508,32,22002
docs\inst_test\instancias\n_1000_5,300,10,10,10,0.3000,123,9998466074,9998459193,28,22002
docs\inst_test\instancias\n_1000_5,300,10,10,10,0.3000,2026,9999245335,9999239334,29,22002
docs\inst_test\instancias\n_1000_5,300,10,10,20,0.1000,42,9999251614,9999242439,30,22002
docs\inst_test\instancias\n_1000_5,300,10,10,20,0.1000,123,9999251790,9999242930,29,22002
docs\inst_test\instancias\n_1000_5,300,10,10,20,0.1000,2026,9999251619,9999242724,31,22002
docs\inst_test\instancias\n_1000_5,300,10,10,20,0.2000,42,9999251619,9999242724,30,22002
docs\inst_test\instancias\n_1000_5,300,10,10,20,0.2000,123,9999245304,9999239283,29,22002
docs\inst_test\instancias\n_1000_5,300,10,10,20,0.2000,2026,9999251723,9999242588,30,22002
docs\inst_test\instancias\n_1000_5,300,10,10,20,0.3000,42,9999251530,9999242508,30,22002
docs\inst_test\instancias\n_1000_5,300,10,10,20,0.3000,123,9996122058,9996115441,29,22002
docs\inst_test\instancias\n_1000_5,300,10,10,20,0.3000,2026,9999245335,9999239334,28,22002
docs\inst_test\instancias\n_1000_5,300,10,15,5,0.1000,42,9999251670,9999242490,36,22002
docs\inst_test\instancias\n_1000_5,300,10,15,5,0.1000,123,9999251790,9999242930,37,22002
docs\inst_test\instancias\n_1000_5,300,10,15,5,0.1000,2026,9999251703,9999243177,36,22002
docs\inst_test\instancias\n_1000_5,300,10,15,5,0.2000,42,9999251619,9999242724,36,22002
docs\inst_test\instancias\n_1000_5,300,10,15,5,0.2000,123,9999245304,9999239283,32,22002
docs\inst_test\instancias\n_1000_5,300,10,15,5,0.2000,2026,9999251723,9999242588,36,22002
docs\inst_test\instancias\n_1000_5,300,10,15,5,0.3000,42,9999251530,9999242508,36,22002
docs\inst_test\instancias\n_1000_5,300,10,15,5,0.3000,123,9999245167,9999239325,31,22002
docs\inst_test\instancias\n_1000_5,300,10,15,5,0.3000,2026,9999245335,9999239334,33,22002
docs\inst_test\instancias\n_1000_5,300,10,15,10,0.1000,42,9999251670,9999242490,31,22002
docs\inst_test\instancias\n_1000_5,300,10,15,10,0.1000,123,9999251790,9999242930,31,22002
docs\inst_test\instancias\n_1000_5,300,10,15,10,0.1000,2026,9999251638,9999242702,32,22002
docs\inst_test\instancias\n_1000_5,300,10,15,10,0.2000,42,9999251619,9999242724,33,22002
docs\inst_test\instancias\n_1000_5,300,10,15,10,0.2000,123,9999245304,9999239283,29,22002
docs\inst_test\instancias\n_1000_5,300,10,15,10,0.2000,2026,9999251733,9999242669,32,22002
docs\inst_test\instancias\n_1000_5,300,10,15,10,0.3000,42,9999251530,9999242508,33,22002
docs\inst_test\instancias\n_1000_5,300,10,15,10,0.3000,123,9998466074,9998459193,29,22002
docs\inst_test\instancias\n_1000_5,300,10,15,10,0.3000,2026,9999245335,9999239334,28,22002
docs\inst_test\instancias\n_1000_5,300,10,15,20,0.1000,42,9999251614,9999242439,31,22002
docs\inst_test\instancias\n_1000_5,300,10,15,20,0.1000,123,9999251790,9999242930,30,22002
docs\inst_test\instancias\n_1000_5,300,10,15,20,0.1000,2026,9999251619,9999242724,30,22002
docs\inst_test\instancias\n_1000_5,300,10,15,20,0.2000,42,9999251619,9999242724,30,22002
docs\inst_test\instancias\n_1000_5,300,10,15,20,0.2000,123,9999245304,9999239283,27,22002
docs\inst_test\instancias\n_1000_5,300,10,15,20,0.2000,2026,9999251723,9999242588,30,22002
docs\inst_test\instancias\n_1000_5,300,10,15,20,0.3000,42,9999251530,9999242508,29,22002
docs\inst_test\instancias\n_1000_5,300,10,15,20,0.3000,123,9996122058,9996115441,27,22002
docs\inst_test\instancias\n_1000_5,300,10,15,20,0.3000,2026,9999245335,9999239334,28,22002
docs\inst_test\instancias\n_1000_5,300,15,7,5,0.1000,42,9999251670,9999242490,36,22002
docs\inst_test\instancias\n_1000_5,300,15,7,5,0.1000,123,9999251790,9999242930,35,22002
docs\inst_test\instancias\n_1000_5,300,15,7,5,0.1000,2026,9999251703,9999243177,37,22002
docs\inst_test\instancias\n_1000_5,300,15,7,5,0.2000,42,9999251619,9999242724,35,22002
docs\inst_test\instancias\n_1000_5,300,15,7,5,0.2000,123,9999245304,9999239283,32,22002
docs\inst_test\instancias\n_1000_5,300,15,7,5,0.2000,2026,9999251723,9999242588,35,22002
docs\inst_test\instancias\n_1000_5,300,15,7,5,0.3000,42,9999251530,9999242508,36,22002
docs\inst_test\instancias\n_1000_5,300,15,7,5,0.3000,123,9999245167,9999239325,32,22002
docs\inst_test\instancias\n_1000_5,300,15,7,5,0.3000,2026,9999245335,9999239334,33,22002
docs\inst_test\instancias\n_1000_5,300,15,7,10,0.1000,42,9999251670,9999242490,31,22002
docs\inst_test\instancias\n_1000_5,300,15,7,10,0.1000,123,9999251790,9999242930,31,22002
docs\inst_test\instancias\n_1000_5,300,15,7,10,0.1000,2026,9999251638,9999242702,32,22002
docs\inst_test\instancias\n_1000_5,300,15,7,10,0.2000,42,9999251619,9999242724,31,22002
docs\inst_test\instancias\n_1000_5,300,15,7,10,0.2000,123,9999245304,9999239283,29,22002
docs\inst_test\instancias\n_1000_5,300,15,7,10,0.2000,2026,9999251733,9999242669,32,22002
docs\inst_test\instancias\n_1000_5,300,15,7,10,0.3000,42,9999251530,9999242508,33,22002
docs\inst_test\instancias\n_1000_5,300,15,7,10,0.3000,123,9998466074,9998459193,30,22002
docs\inst_test\instancias\n_1000_5,300,15,7,10,0.3000,2026,9999245335,9999239334,29,22002
docs\inst_test\instancias\n_1000_5,300,15,7,20,0.1000,42,9999251614,9999242439,31,22002
docs\inst_test\instancias\n_1000_5,300,15,7,20,0.1000,123,9999251790,9999242930,30,22002
docs\inst_test\instancias\n_1000_5,300,15,7,20,0.1000,2026,9999251619,9999242724,32,22002
docs\inst_test\instancias\n_1000_5,300,15,7,20,0.2000,42,9999251619,9999242724,31,22002
docs\inst_test\instancias\n_1000_5,300,15,7,20,0.2000,123,9999245304,9999239283,29,22002
docs\inst_test\instancias\n_1000_5,300,15,7,20,0.2000,2026,9999251723,9999242588,30,22002
docs\inst_test\instancias\n_1000_5,300,15,7,20,0.3000,42,9999251530,9999242508,31,22002
docs\inst_test\instancias\n_1000_5,300,15,7,20,0.3000,123,9996122058,9996115441,28,22002
docs\inst_test\instancias\n_1000_5,300,15,7,20,0.3000,2026,9999245335,9999239334,27,22002
docs\inst_test\instancias\n_1000_5,300,15,10,5,0.1000,42,9999251670,9999242490,36,22002
docs\inst_test\instancias\n_1000_5,300,15,10,5,0.1000,123,9999251790,9999242930,35,22002
docs\inst_test\instancias\n_1000_5,300,15,10,5,0.1000,2026,9999251703,9999243177,36,22002
docs\inst_test\instancias\n_1000_5,300,15,10,5,0.2000,42,9999251619,9999242724,36,22002
docs\inst_test\instancias\n_1000_5,300,15,10,5,0.2000,123,9999245304,9999239283,32,22002
docs\inst_test\instancias\n_1000_5,300,15,10,5,0.2000,2026,9999251723,9999242588,35,22002
docs\inst_test\instancias\n_1000_5,300,15,10,5,0.3000,42,9999251530,9999242508,36,22002
docs\inst_test\instancias\n_1000_5,300,15,10,5,0.3000,123,9999245167,9999239325,33,22002
docs\inst_test\instancias\n_1000_5,300,15,10,5,0.3000,2026,9999245335,9999239334,33,22002
docs\inst_test\instancias\n_1000_5,300,15,10,10,0.1000,42,9999251670,9999242490,31,22002
docs\inst_test\instancias\n_1000_5,300,15,10,10,0.1000,123,9999251790,9999242930,31,22002
docs\inst_test\instancias\n_1000_5,300,15,10,10,0.1000,2026,9999251638,9999242702,32,22002
docs\inst_test\instancias\n_1000_5,300,15,10,10,0.2000,42,9999251619,9999242724,32,22002
docs\inst_test\instancias\n_1000_5,300,15,10,10,0.2000,123,9999245304,9999239283,30,22002
docs\inst_test\instancias\n_1000_5,300,15,10,10,0.2000,2026,9999251733,9999242669,31,22002
docs\inst_test\instancias\n_1000_5,300,15,10,10,0.3000,42,9999251530,9999242508,31,22002
docs\inst_test\instancias\n_1000_5,300,15,10,10,0.3000,123,9998466074,9998459193,30,22002
docs\inst_test\instancias\n_1000_5,300,15,10,10,0.3000,2026,9999245335,9999239334,28,22002
docs\inst_test\instancias\n_1000_5,300,15,10,20,0.1000,42,9999251614,9999242439,30,22002
docs\inst_test\instancias\n_1000_5,300,15,10,20,0.1000,123,9999251790,9999242930,30,22002
docs\inst_test\instancias\n_1000_5,300,15,10,20,0.1000,2026,9999251619,9999242724,30,22002
docs\inst_test\instancias\n_1000_5,300,15,10,20,0.2000,42,9999251619,9999242724,31,22002
docs\inst_test\instancias\n_1000_5,300,15,10,20,0.2000,123,9999245304,9999239283,28,22002
docs\inst_test\instancias\n_1000_5,300,15,10,20,0.2000,2026,9999251723,9999242588,29,22002
docs\inst_test\instancias\n_1000_5,300,15,10,20,0.3000,42,9999251530,9999242508,30,22002
docs\inst_test\instancias\n_1000_5,300,15,10,20,0.3000,123,9996122058,9996115441,29,22002
docs\inst_test\instancias\n_1000_5,300,15,10,20,0.3000,2026,9999245335,9999239334,27,22002
docs\inst_test\instancias\n_1000_5,300,15,15,5,0.1000,42,9999251670,9999242490,36,22002
docs\inst_test\instancias\n_1000_5,300,15,15,5,0.1000,123,9999251790,9999242930,36,22002
docs\inst_test\instancias\n_1000_5,300,15,15,5,0.1000,2026,9999251703,9999243177,36,22002
docs\inst_test\instancias\n_1000_5,300,15,15,5,0.2000,42,9999251619,9999242724,35,22002
docs\inst_test\instancias\n_1000_5,300,15,15,5,0.2000,123,9999245304,9999239283,31,22002
docs\inst_test\instancias\n_1000_5,300,15,15,5,0.2000,2026,9999251723,9999242588,36,22002
docs\inst_test\instancias\n_1000_5,300,15,15,5,0.3000,42,9999251530,9999242508,35,22002
docs\inst_test\instancias\n_1000_5,300,15,15,5,0.3000,123,9999245167,9999239325,34,22002
docs\inst_test\instancias\n_1000_5,300,15,15,5,0.3000,2026,9999245335,9999239334,32,22002
docs\inst_test\instancias\n_1000_5,300,15,15,10,0.1000,42,9999251670,9999242490,32,22002
docs\inst_test\instancias\n_1000_5,300,15,15,10,0.1000,123,9999251790,9999242930,32,22002
docs\inst_test\instancias\n_1000_5,300,15,15,10,0.1000,2026,9999251638,9999242702,32,22002
docs\inst_test\instancias\n_1000_5,300,15,15,10,0.2000,42,9999251619,9999242724,31,22002
docs\inst_test\instancias\n_1000_5,300,15,15,10,0.2000,123,9999245304,9999239283,30,22002
docs\inst_test\instancias\n_1000_5,300,15,15,10,0.2000,2026,9999251733,9999242669,33,22002
docs\inst_test\instancias\n_1000_5,300,15,15,10,0.3000,42,9999251530,9999242508,32,22002
docs\inst_test\instancias\n_1000_5,300,15,15,10,0.3000,123,9998466074,9998459193,30,22002
docs\inst_test\instancias\n_1000_5,300,15,15,10,0.3000,2026,9999245335,9999239334,29,22002
docs\inst_test\instancias\n_1000_5,300,15,15,20,0.1000,42,9999251614,9999242439,30,22002
docs\inst_test\instancias\n_1000_5,300,15,15,20,0.1000,123,9999251790,9999242930,31,22002
docs\inst_test\instancias\n_1000_5,300,15,15,20,0.1000,2026,9999251619,9999242724,31,22002
docs\inst_test\instancias\n_1000_5,300,15,15,20,0.2000,42,9999251619,9999242724,31,22002
docs\inst_test\instancias\n_1000_5,300,15,15,20,0.2000,123,9999245304,9999239283,28,22002
docs\inst_test\instancias\n_1000_5,300,15,15,20,0.2000,2026,9999251723,9999242588,30,22002
docs\inst_test\instancias\n_1000_5,300,15,15,20,0.3000,42,9999251530,9999242508,30,22002
docs\inst_test\instancias\n_1000_5,300,15,15,20,0.3000,123,9996122058,9996115441,29,22002
docs\inst_test\instancias\n_1000_5,300,15,15,20,0.3000,2026,9999245335,9999239334,27,22002
docs\inst_test\instancias\n_1000_5,300,20,7,5,0.1000,42,9999251670,9999242490,36,22002
docs\inst_test\instancias\n_1000_5,300,20,7,5,0.1000,123,9999251790,9999242930,35,22002
docs\inst_test\instancias\n_1000_5,300,20,7,5,0.1000,2026,9999251703,9999243177,36,22002
docs\inst_test\instancias\n_1000_5,300,20,7,5,0.2000,42,9999251619,9999242724,36,22002
docs\inst_test\instancias\n_1000_5,300,20,7,5,0.2000,123,9999245304,9999239283,32,22002
docs\inst_test\instancias\n_1000_5,300,20,7,5,0.2000,2026,9999251723,9999242588,35,22002
docs\inst_test\instancias\n_1000_5,300,20,7,5,0.3000,42,9999251530,9999242508,35,22002
docs\inst_test\instancias\n_1000_5,300,20,7,5,0.3000,123,9999245167,9999239325,31,22002
docs\inst_test\instancias\n_1000_5,300,20,7,5,0.3000,2026,9999245335,9999239334,32,22002
docs\inst_test\instancias\n_1000_5,300,20,7,10,0.1000,42,9999251670,9999242490,32,22002
docs\inst_test\instancias\n_1000_5,300,20,7,10,0.1000,123,9999251790,9999242930,30,22002
docs\inst_test\instancias\n_1000_5,300,20,7,10,0.1000,2026,9999251638,9999242702,33,22002
docs\inst_test\instancias\n_1000_5,300,20,7,10,0.2000,42,9999251619,9999242724,31,22002
docs\inst_test\instancias\n_1000_5,300,20,7,10,0.2000,123,9999245304,9999239283,29,22002
docs\inst_test\instancias\n_1000_5,300,20,7,10,0.2000,2026,9999251733,9999242669,32,22002
docs\inst_test\instancias\n_1000_5,300,20,7,10,0.3000,42,9999251530,9999242508,32,22002
docs\inst_test\instancias\n_1000_5,300,20,7,10,0.3000,123,9998466074,9998459193,29,22002
docs\inst_test\instancias\n_1000_5,300,20,7,10,0.3000,2026,9999245335,9999239334,29,22002
docs\inst_test\instancias\n_1000_5,300,20,7,20,0.1000,42,9999251614,9999242439,31,22002
docs\inst_test\instancias\n_1000_5,300,20,7,20,0.1000,123,9999251790,9999242930,30,22002
docs\inst_test\instancias\n_1000_5,300,20,7,20,0.1000,2026,9999251619,9999242724,30,22002
docs\inst_test\instancias\n_1000_5,300,20,7,20,0.2000,42,9999251619,9999242724,30,22002
docs\inst_test\instancias\n_1000_5,300,20,7,20,0.2000,123,9999245304,9999239283,28,22002
docs\inst_test\instancias\n_1000_5,300,20,7,20,0.2000,2026,9999251723,9999242588,31,22002
docs\inst_test\instancias\n_1000_5,300,20,7,20,0.3000,42,9999251530,9999242508,29,22002
docs\inst_test\instancias\n_1000_5,300,20,7,20,0.3000,123,9996122058,9996115441,29,22002
docs\inst_test\instancias\n_1000_5,300,20,7,20,0.3000,2026,9999245335,9999239334,26,22002
docs\inst_test\instancias\n_1000_5,300,20,10,5,0.1000,42,9999251670,9999242490,36,22002
docs\inst_test\instancias\n_1000_5,300,20,10,5,0.1000,123,9999251790,9999242930,37,22002
docs\inst_test\instancias\n_1000_5,300,20,10,5,0.1000,2026,9999251703,9999243177,37,22002
docs\inst_test\instancias\n_1000_5,300,20,10,5,0.2000,42,9999251619,9999242724,36,22002
docs\inst_test\instancias\n_1000_5,300,20,10,5,0.2000,123,9999245304,9999239283,32,22002
docs\inst_test\instancias\n_1000_5,300,20,10,5,0.2000,2026,9999251723,9999242588,36,22002
docs\inst_test\instancias\n_1000_5,300,20,10,5,0.3000,42,9999251530,9999242508,35,22002
docs\inst_test\instancias\n_1000_5,300,20,10,5,0.3000,123,9999245167,9999239325,32,22002
docs\inst_test\instancias\n_1000_5,300,20,10,5,0.3000,2026,9999245335,9999239334,33,22002
docs\inst_test\instancias\n_1000_5,300,20,10,10,0.1000,42,9999251670,9999242490,32,22002
docs\inst_test\instancias\n_1000_5,300,20,10,10,0.1000,123,9999251790,9999242930,30,22002
docs\inst_test\instancias\n_1000_5,300,20,10,10,0.1000,2026,9999251638,9999242702,29,22002
docs\inst_test\instancias\n_1000_5,300,20,10,10,0.2000,42,9999251619,9999242724,29,22002
docs\inst_test\instancias\n_1000_5,300,20,10,10,0.2000,123,9999245304,9999239283,25,22002
docs\inst_test\instancias\n_1000_5,300,20,10,10,0.2000,2026,9999251733,9999242669,30,22002
docs\inst_test\instancias\n_1000_5,300,20,10,10,0.3000,42,9999251530,9999242508,29,22002
docs\inst_test\instancias\n_1000_5,300,20,10,10,0.3000,123,9998466074,9998459193,26,22002
docs\inst_test\instancias\n_1000_5,300,20,10,10,0.3000,2026,9999245335,9999239334,26,22002
docs\inst_test\instancias\n_1000_5,300,20,10,20,0.1000,42,9999251614,9999242439,27,22002
docs\inst_test\instancias\n_1000_5,300,20,10,20,0.1000,123,9999251790,9999242930,28,22002
docs\inst_test\instancias\n_1000_5,300,20,10,20,0.1000,2026,9999251619,9999242724,27,22002
docs\inst_test\instancias\n_1000_5,300,20,10,20,0.2000,42,9999251619,9999242724,27,22002
docs\inst_test\instancias\n_1000_5,300,20,10,20,0.2000,123,9999245304,9999239283,25,22002
docs\inst_test\instancias\n_1000_5,300,20,10,20,0.2000,2026,9999251723,9999242588,27,22002
docs\inst_test\instancias\n_1000_5,300,20,10,20,0.3000,42,9999251530,9999242508,26,22002
docs\inst_test\instancias\n_1000_5,300,20,10,20,0.3000,123,9996122058,9996115441,25,22002
docs\inst_test\instancias\n_1000_5,300,20,10,20,0.3000,2026,9999245335,9999239334,25,22002
docs\inst_test\instancias\n_1000_5,300,20,15,5,0.1000,42,9999251670,9999242490,32,22002
docs\inst_test\instancias\n_1000_5,300,20,15,5,0.1000,123,9999251790,9999242930,33,22002
docs\inst_test\instancias\n_1000_5,300,20,15,5,0.1000,2026,9999251703,9999243177,33,22002
docs\inst_test\instancias\n_1000_5,300,20,15,5,0.2000,42,9999251619,9999242724,33,22002
docs\inst_test\instancias\n_1000_5,300,20,15,5,0.2000,123,9999245304,9999239283,29,22002
docs\inst_test\instancias\n_1000_5,300,20,15,5,0.2000,2026,9999251723,9999242588,32,22002
docs\inst_test\instancias\n_1000_5,300,20,15,5,0.3000,42,9999251530,9999242508,32,22002
docs\inst_test\instancias\n_1000_5,300,20,15,5,0.3000,123,9999245167,9999239325,28,22002
docs\inst_test\instancias\n_1000_5,300,20,15,5,0.3000,2026,9999245335,9999239334,30,22002
docs\inst_test\instancias\n_1000_5,300,20,15,10,0.1000,42,9999251670,9999242490,29,22002
docs\inst_test\instancias\n_1000_5,300,20,15,10,0.1000,123,9999251790,9999242930,28,22002
docs\inst_test\instancias\n_1000_5,300,20,15,10,0.1000,2026,9999251638,9999242702,29,22002
docs\inst_test\instancias\n_1000_5,300,20,15,10,0.2000,42,9999251619,9999242724,29,22002
docs\inst_test\instancias\n_1000_5,300,20,15,10,0.2000,123,9999245304,9999239283,25,22002
docs\inst_test\instancias\n_1000_5,300,20,15,10,0.2000,2026,9999251733,9999242669,29,22002
docs\inst_test\instancias\n_1000_5,300,20,15,10,0.3000,42,9999251530,9999242508,28,22002
docs\inst_test\instancias\n_1000_5,300,20,15,10,0.3000,123,9998466074,9998459193,26,22002
docs\inst_test\instancias\n_1000_5,300,20,15,10,0.3000,2026,9999245335,9999239334,27,22002
docs\inst_test\instancias\n_1000_5,300,20,15,20,0.1000,42,9999251614,9999242439,28,22002
docs\inst_test\instancias\n_1000_5,300,20,15,20,0.1000,123,9999251790,9999242930,28,22002
docs\inst_test\instancias\n_1000_5,300,20,15,20,0.1000,2026,9999251619,9999242724,27,22002
docs\inst_test\instancias\n_1000_5,300,20,15,20,0.2000,42,9999251619,9999242724,27,22002
docs\inst_test\instancias\n_1000_5,300,20,15,20,0.2000,123,9999245304,9999239283,25,22002
docs\inst_test\instancias\n_1000_5,300,20,15,20,0.2000,2026,9999251723,9999242588,27,22002
docs\inst_test\instancias\n_1000_5,300,20,15,20,0.3000,42,9999251530,9999242508,26,22002
docs\inst_test\instancias\n_1000_5,300,20,15,20,0.3000,123,9996122058,9996115441,25,22002
docs\inst_test\instancias\n_1000_5,300,20,15,20,0.3000,2026,9999245335,9999239334,24,22002
docs\inst_test\instancias\n_1000_5,500,10,7,5,0.1000,42,9999251670,9999242490,57,22002
docs\inst_test\instancias\n_1000_5,500,10,7,5,0.1000,123,9999251790,9999242930,55,22002
docs\inst_test\instancias\n_1000_5,500,10,7,5,0.1000,2026,9999251726,9999242716,56,22002
docs\inst_test\instancias\n_1000_5,500,10,7,5,0.2000,42,9999251619,9999242724,56,22002
docs\inst_test\instancias\n_1000_5,500,10,7,5,0.2000,123,9999245324,9999239313,49,22002
docs\inst_test\instancias\n_1000_5,500,10,7,5,0.2000,2026,9999251723,9999242588,54,22002
docs\inst_test\instancias\n_1000_5,500,10,7,5,0.3000,42,9999251530,9999242508,54,22002
docs\inst_test\instancias\n_1000_5,500,10,7,5,0.3000,123,9999245167,9999239325,50,22002
docs\inst_test\instancias\n_1000_5,500,10,7,5,0.3000,2026,9999245335,9999239334,49,22002
docs\inst_test\instancias\n_1000_5,500,10,7,10,0.1000,42,9999251670,9999242490,50,22002
docs\inst_test\instancias\n_1000_5,500,10,7,10,0.1000,123,9999251790,9999242930,48,22002
docs\inst_test\instancias\n_1000_5,500,10,7,10,0.1000,2026,9999251638,9999242702,48,22002
docs\inst_test\instancias\n_1000_5,500,10,7,10,0.2000,42,9999251619,9999242724,48,22002
docs\inst_test\instancias\n_1000_5,500,10,7,10,0.2000,123,9999245319,9999239307,44,22002
docs\inst_test\instancias\n_1000_5,500,10,7,10,0.2000,2026,9999251733,9999242669,49,22002
docs\inst_test\instancias\n_1000_5,500,10,7,10,0.3000,42,9999251530,9999242508,48,22002
docs\inst_test\instancias\n_1000_5,500,10,7,10,0.3000,123,9999245197,9999239289,44,22002
docs\inst_test\instancias\n_1000_5,500,10,7,10,0.3000,2026,9999245335,9999239334,43,22002
docs\inst_test\instancias\n_1000_5,500,10,7,20,0.1000,42,9999251614,9999242439,46,22002
docs\inst_test\instancias\n_1000_5,500,10,7,20,0.1000,123,9999251790,9999242930,46,22002
docs\inst_test\instancias\n_1000_5,500,10,7,20,0.1000,2026,9999251638,9999242702,45,22002
docs\inst_test\instancias\n_1000_5,500,10,7,20,0.2000,42,9999251619,9999242724,45,22002
docs\inst_test\instancias\n_1000_5,500,10,7,20,0.2000,123,9999245304,9999239283,41,22002
docs\inst_test\instancias\n_1000_5,500,10,7,20,0.2000,2026,9999251733,9999242669,44,22002
docs\inst_test\instancias\n_1000_5,500,10,7,20,0.3000,42,9999251530,9999242508,46,22002
docs\inst_test\instancias\n_1000_5,500,10,7,20,0.3000,123,9996122079,9996115351,41,22002
docs\inst_test\instancias\n_1000_5,500,10,7,20,0.3000,2026,9999245335,9999239334,41,22002
docs\inst_test\instancias\n_1000_5,500,10,10,5,0.1000,42,9999251670,9999242490,56,22002
docs\inst_test\instancias\n_1000_5,500,10,10,5,0.1000,123,9999251790,9999242930,55,22002
docs\inst_test\instancias\n_1000_5,500,10,10,5,0.1000,2026,9999251726,9999242716,55,22002
docs\inst_test\instancias\n_1000_5,500,10,10,5,0.2000,42,9999251619,9999242724,56,22002
docs\inst_test\instancias\n_1000_5,500,10,10,5,0.2000,123,9999245324,9999239313,49,22002
docs\inst_test\instancias\n_1000_5,500,10,10,5,0.2000,2026,9999251723,9999242588,54,22002
docs\inst_test\instancias\n_1000_5,500,10,10,5,0.3000,42,9999251530,9999242508,55,22002
docs\inst_test\instancias\n_1000_5,500,10,10,5,0.3000,123,9999245167,9999239325,49,22002
docs\inst_test\instancias\n_1000_5,500,10,10,5,0.3000,2026,9999245335,9999239334,49,22002
docs\inst_test\instancias\n_1000_5,500,10,10,10,0.1000,42,9999251670,9999242490,49,22002
docs\inst_test\instancias\n_1000_5,500,10,10,10,0.1000,123,9999251790,9999242930,50,22002
docs\inst_test\instancias\n_1000_5,500,10,10,10,0.1000,2026,9999251638,9999242702,49,22002
docs\inst_test\instancias\n_1000_5,500,10,10,10,0.2000,42,9999251619,9999242724,48,22002
docs\inst_test\instancias\n_1000_5,500,10,10,10,0.2000,123,9999245319,9999239307,42,22002
docs\inst_test\instancias\n_1000_5,500,10,10,10,0.2000,2026,9999251733,9999242669,48,22002
docs\inst_test\instancias\n_1000_5,500,10,10,10,0.3000,42,9999251530,9999242508,48,22002
docs\inst_test\instancias\n_1000_5,500,10,10,10,0.3000,123,9999245197,9999239289,45,22002
docs\inst_test\instancias\n_1000_5,500,10,10,10,0.3000,2026,9999245335,9999239334,44,22002
docs\inst_test\instancias\n_1000_5,500,10,10,20,0.1000,42,9999251614,9999242439,45,22002
docs\inst_test\instancias\n_1000_5,500,10,10,20,0.1000,123,9999251790,9999242930,44,22002
docs\inst_test\instancias\n_1000_5,500,10,10,20,0.1000,2026,9999251638,9999242702,45,22002
docs\inst_test\instancias\n_1000_5,500,10,10,20,0.2000,42,9999251619,9999242724,45,22002
docs\inst_test\instancias\n_1000_5,500,10,10,20,0.2000,123,9999245304,9999239283,41,22002
docs\inst_test\instancias\n_1000_5,500,10,10,20,0.2000,2026,9999251733,9999242669,45,22002
docs\inst_test\instancias\n_1000_5,500,10,10,20,0.3000,42,9999251530,9999242508,44,22002
docs\inst_test\instancias\n_1000_5,500,10,10,20,0.3000,123,9996122079,9996115351,41,22002
docs\inst_test\instancias\n_1000_5,500,10,10,20,0.3000,2026,9999245335,9999239334,40,22002
docs\inst_test\instancias\n_1000_5,500,10,15,5,0.1000,42,9999251670,9999242490,55,22002
docs\inst_test\instancias\n_1000_5,500,10,15,5,0.1000,123,9999251790,9999242930,56,22002
docs\inst_test\instancias\n_1000_5,500,10,15,5,0.1000,2026,9999251726,9999242716,55,22002
docs\inst_test\instancias\n_1000_5,500,10,15,5,0.2000,42,9999251619,9999242724,54,22002
docs\inst_test\instancias\n_1000_5,500,10,15,5,0.2000,123,9999245324,9999239313,50,22002
docs\inst_test\instancias\n_1000_5,500,10,15,5,0.2000,2026,9999251723,9999242588,55,22002
docs\inst_test\instancias\n_1000_5,500,10,15,5,0.3000,42,9999251530,9999242508,55,22002
docs\inst_test\instancias\n_1000_5,500,10,15,5,0.3000,123,9999245167,9999239325,49,22002
docs\inst_test\instancias\n_1000_5,500,10,15,5,0.3000,2026,9999245335,9999239334,49,22002
docs\inst_test\instancias\n_1000_5,500,10,15,10,0.1000,42,9999251670,9999242490,49,22002
docs\inst_test\instancias\n_1000_5,500,10,15,10,0.1000,123,9999251790,9999242930,49,22002
docs\inst_test\instancias\n_1000_5,500,10,15,10,0.1000,2026,9999251638,9999242702,49,22002
docs\inst_test\instancias\n_1000_5,500,10,15,10,0.2000,42,9999251619,9999242724,49,22002
docs\inst_test\instancias\n_1000_5,500,10,15,10,0.2000,123,9999245319,9999239307,44,22002
docs\inst_test\instancias\n_1000_5,500,10,15,10,0.2000,2026,9999251733,9999242669,49,22002
docs\inst_test\instancias\n_1000_5,500,10,15,10,0.3000,42,9999251530,9999242508,48,22002
docs\inst_test\instancias\n_1000_5,500,10,15,10,0.3000,123,9999245197,9999239289,43,22002
docs\inst_test\instancias\n_1000_5,500,10,15,10,0.3000,2026,9999245335,9999239334,43,22002
docs\inst_test\instancias\n_1000_5,500,10,15,20,0.1000,42,9999251614,9999242439,46,22002
docs\inst_test\instancias\n_1000_5,500,10,15,20,0.1000,123,9999251790,9999242930,46,22002
docs\inst_test\instancias\n_1000_5,500,10,15,20,0.1000,2026,9999251638,9999242702,45,22002
docs\inst_test\instancias\n_1000_5,500,10,15,20,0.2000,42,9999251619,9999242724,45,22002
docs\inst_test\instancias\n_1000_5,500,10,15,20,0.2000,123,9999245304,9999239283,41,22002
docs\inst_test\instancias\n_1000_5,500,10,15,20,0.2000,2026,9999251733,9999242669,44,22002
docs\inst_test\instancias\n_1000_5,500,10,15,20,0.3000,42,9999251530,9999242508,45,22002
docs\inst_test\instancias\n_1000_5,500,10,15,20,0.3000,123,9996122079,9996115351,42,22002
docs\inst_test\instancias\n_1000_5,500,10,15,20,0.3000,2026,9999245335,9999239334,40,22002
docs\inst_test\instancias\n_1000_5,500,15,7,5,0.1000,42,9999251670,9999242490,56,22002
docs\inst_test\instancias\n_1000_5,500,15,7,5,0.1000,123,9999251790,9999242930,57,22002
docs\inst_test\instancias\n_1000_5,500,15,7,5,0.1000,2026,9999251726,9999242716,57,22002
docs\inst_test\instancias\n_1000_5,500,15,7,5,0.2000,42,9999251619,9999242724,55,22002
docs\inst_test\instancias\n_1000_5,500,15,7,5,0.2000,123,9999245324,9999239313,50,22002
docs\inst_test\instancias\n_1000_5,500,15,7,5,0.2000,2026,9999251723,9999242588,55,22002
docs\inst_test\instancias\n_1000_5,500,15,7,5,0.3000,42,9999251530,9999242508,56,22002
docs\inst_test\instancias\n_1000_5,500,15,7,5,0.3000,123,9999245167,9999239325,50,22002
docs\inst_test\instancias\n_1000_5,500,15,7,5,0.3000,2026,9999245335,9999239334,50,22002
docs\inst_test\instancias\n_1000_5,500,15,7,10,0.1000,42,9999251670,9999242490,48,22002
docs\inst_test\instancias\n_1000_5,500,15,7,10,0.1000,123,9999251790,9999242930,49,22002
docs\inst_test\instancias\n_1000_5,500,15,7,10,0.1000,2026,9999251638,9999242702,49,22002
docs\inst_test\instancias\n_1000_5,500,15,7,10,0.2000,42,9999251619,9999242724,48,22002
docs\inst_test\instancias\n_1000_5,500,15,7,10,0.2000,123,9999245319,9999239307,45,22002
docs\inst_test\instancias\n_1000_5,500,15,7,10,0.2000,2026,9999251733,9999242669,48,22002
docs\inst_test\instancias\n_1000_5,500,15,7,10,0.3000,42,9999251530,9999242508,49,22002
docs\inst_test\instancias\n_1000_5,500,15,7,10,0.3000,123,9999245197,9999239289,43,22002
docs\inst_test\instancias\n_1000_5,500,15,7,10,0.3000,2026,9999245335,9999239334,43,22002
docs\inst_test\instancias\n_1000_5,500,15,7,20,0.1000,42,9999251614,9999242439,45,22002
docs\inst_test\instancias\n_1000_5,500,15,7,20,0.1000,123,9999251790,9999242930,45,22002
docs\inst_test\instancias\n_1000_5,500,15,7,20,0.1000,2026,9999251638,9999242702,47,22002
docs\inst_test\instancias\n_1000_5,500,15,7,20,0.2000,42,9999251619,9999242724,45,22002
docs\inst_test\instancias\n_1000_5,500,15,7,20,0.2000,123,9999245304,9999239283,42,22002
docs\inst_test\instancias\n_1000_5,500,15,7,20,0.2000,2026,9999251733,9999242669,45,22002
docs\inst_test\instancias\n_1000_5,500,15,7,20,0.3000,42,9999251530,9999242508,45,22002
docs\inst_test\instancias\n_1000_5,500,15,7,20,0.3000,123,9996122079,9996115351,43,22002
docs\inst_test\instancias\n_1000_5,500,15,7,20,0.3000,2026,9999245335,9999239334,41,22002
docs\inst_test\instancias\n_1000_5,500,15,10,5,0.1000,42,9999251670,9999242490,55,22002
docs\inst_test\instancias\n_1000_5,500,15,10,5,0.1000,123,9999251790,9999242930,56,22002
docs\inst_test\instancias\n_1000_5,500,15,10,5,0.1000,2026,9999251726,9999242716,56,22002
docs\inst_test\instancias\n_1000_5,500,15,10,5,0.2000,42,9999251619,9999242724,56,22002
docs\inst_test\instancias\n_1000_5,500,15,10,5,0.2000,123,9999245324,9999239313,50,22002
docs\inst_test\instancias\n_1000_5,500,15,10,5,0.2000,2026,9999251723,9999242588,56,22002
docs\inst_test\instancias\n_1000_5,500,15,10,5,0.3000,42,9999251530,9999242508,55,22002
docs\inst_test\instancias\n_1000_5,500,15,10,5,0.3000,123,9999245167,9999239325,50,22002
docs\inst_test\instancias\n_1000_5,500,15,10,5,0.3000,2026,9999245335,9999239334,50,22002
docs\inst_test\instancias\n_1000_5,500,15,10,10,0.1000,42,9999251670,9999242490,48,22002
docs\inst_test\instancias\n_1000_5,500,15,10,10,0.1000,123,9999251790,9999242930,49,22002
docs\inst_test\instancias\n_1000_5,500,15,10,10,0.1000,2026,9999251638,9999242702,49,22002
docs\inst_test\instancias\n_1000_5,500,15,10,10,0.2000,42,9999251619,9999242724,49,22002
docs\inst_test\instancias\n_1000_5,500,15,10,10,0.2000,123,9999245319,9999239307,44,22002
docs\inst_test\instancias\n_1000_5,500,15,10,10,0.2000,2026,9999251733,9999242669,49,22002
docs\inst_test\instancias\n_1000_5,500,15,10,10,0.3000,42,9999251530,9999242508,48,22002
docs\inst_test\instancias\n_1000_5,500,15,10,10,0.3000,123,9999245197,9999239289,45,22002
docs\inst_test\instancias\n_1000_5,500,15,10,10,0.3000,2026,9999245335,9999239334,44,22002
docs\inst_test\instancias\n_1000_5,500,15,10,20,0.1000,42,9999251614,9999242439,46,22002
docs\inst_test\instancias\n_1000_5,500,15,10,20,0.1000,123,9999251790,9999242930,45,22002
docs\inst_test\instancias\n_1000_5,500,15,10,20,0.1000,2026,9999251638,9999242702,46,22002
docs\inst_test\instancias\n_1000_5,500,15,10,20,0.2000,42,9999251619,9999242724,47,22002
docs\inst_test\instancias\n_1000_5,500,15,10,20,0.2000,123,9999245304,9999239283,41,22002
docs\inst_test\instancias\n_1000_5,500,15,10,20,0.2000,2026,9999251733,9999242669,46,22002
docs\inst_test\instancias\n_1000_5,500,15,10,20,0.3000,42,9999251530,9999242508,45,22002
docs\inst_test\instancias\n_1000_5,500,15,10,20,0.3000,123,9996122079,9996115351,42,22002
docs\inst_test\instancias\n_1000_5,500,15,10,20,0.3000,2026,9999245335,9999239334,41,22002
docs\inst_test\instancias\n_1000_5,500,15,15,5,0.1000,42,9999251670,9999242490,58,22002
docs\inst_test\instancias\n_1000_5,500,15,15,5,0.1000,123,9999251790,9999242930,55,22002
docs\inst_test\instancias\n_1000_5,500,15,15,5,0.1000,2026,9999251726,9999242716,55,22002
docs\inst_test\instancias\n_1000_5,500,15,15,5,0.2000,42,9999251619,9999242724,56,22002
docs\inst_test\instancias\n_1000_5,500,15,15,5,0.2000,123,9999245324,9999239313,50,22002
docs\inst_test\instancias\n_1000_5,500,15,15,5,0.2000,2026,9999251723,9999242588,55,22002
docs\inst_test\instancias\n_1000_5,500,15,15,5,0.3000,42,9999251530,9999242508,54,22002
docs\inst_test\instancias\n_1000_5,500,15,15,5,0.3000,123,9999245167,9999239325,51,22002
docs\inst_test\instancias\n_1000_5,500,15,15,5,0.3000,2026,9999245335,9999239334,51,22002
docs\inst_test\instancias\n_1000_5,500,15,15,10,0.1000,42,9999251670,9999242490,50,22002
docs\inst_test\instancias\n_1000_5,500,15,15,10,0.1000,123,9999251790,9999242930,48,22002
docs\inst_test\instancias\n_1000_5,500,15,15,10,0.1000,2026,9999251638,9999242702,49,22002
docs\inst_test\instancias\n_1000_5,500,15,15,10,0.2000,42,9999251619,9999242724,49,22002
docs\inst_test\instancias\n_1000_5,500,15,15,10,0.2000,123,9999245319,9999239307,44,22002
docs\inst_test\instancias\n_1000_5,500,15,15,10,0.2000,2026,9999251733,9999242669,48,22002
docs\inst_test\instancias\n_1000_5,500,15,15,10,0.3000,42,9999251530,9999242508,48,22002
docs\inst_test\instancias\n_1000_5,500,15,15,10,0.3000,123,9999245197,9999239289,43,22002
docs\inst_test\instancias\n_1000_5,500,15,15,10,0.3000,2026,9999245335,9999239334,44,22002
docs\inst_test\instancias\n_1000_5,500,15,15,20,0.1000,42,9999251614,9999242439,47,22002
docs\inst_test\instancias\n_1000_5,500,15,15,20,0.1000,123,9999251790,9999242930,45,22002
docs\inst_test\instancias\n_1000_5,500,15,15,20,0.1000,2026,9999251638,9999242702,45,22002
docs\inst_test\instancias\n_1000_5,500,15,15,20,0.2000,42,9999251619,9999242724,45,22002
docs\inst_test\instancias\n_1000_5,500,15,15,20,0.2000,123,9999245304,9999239283,42,22002
docs\inst_test\instancias\n_1000_5,500,15,15,20,0.2000,2026,9999251733,9999242669,46,22002
docs\inst_test\instancias\n_1000_5,500,15,15,20,0.3000,42,9999251530,9999242508,44,22002
docs\inst_test\instancias\n_1000_5,500,15,15,20,0.3000,123,9996122079,9996115351,42,22002
docs\inst_test\instancias\n_1000_5,500,15,15,20,0.3000,2026,9999245335,9999239334,40,22002
docs\inst_test\instancias\n_1000_5,500,20,7,5,0.1000,42,9999251670,9999242490,57,22002
docs\inst_test\instancias\n_1000_5,500,20,7,5,0.1000,123,9999251790,9999242930,57,22002
docs\inst_test\instancias\n_1000_5,500,20,7,5,0.1000,2026,9999251726,9999242716,55,22002
docs\inst_test\instancias\n_1000_5,500,20,7,5,0.2000,42,9999251619,9999242724,56,22002
docs\inst_test\instancias\n_1000_5,500,20,7,5,0.2000,123,9999245324,9999239313,49,22002
docs\inst_test\instancias\n_1000_5,500,20,7,5,0.2000,2026,9999251723,9999242588,56,22002
docs\inst_test\instancias\n_1000_5,500,20,7,5,0.3000,42,9999251530,9999242508,55,22002
docs\inst_test\instancias\n_1000_5,500,20,7,5,0.3000,123,9999245167,9999239325,50,22002
docs\inst_test\instancias\n_1000_5,500,20,7,5,0.3000,2026,9999245335,9999239334,50,22002
docs\inst_test\instancias\n_1000_5,500,20,7,10,0.1000,42,9999251670,9999242490,49,22002
docs\inst_test\instancias\n_1000_5,500,20,7,10,0.1000,123,9999251790,9999242930,47,22002
docs\inst_test\instancias\n_1000_5,500,20,7,10,0.1000,2026,9999251638,9999242702,49,22002
docs\inst_test\instancias\n_1000_5,500,20,7,10,0.2000,42,9999251619,9999242724,48,22002
docs\inst_test\instancias\n_1000_5,500,20,7,10,0.2000,123,9999245319,9999239307,45,22002
docs\inst_test\instancias\n_1000_5,500,20,7,10,0.2000,2026,9999251733,9999242669,48,22002
docs\inst_test\instancias\n_1000_5,500,20,7,10,0.3000,42,9999251530,9999242508,48,22002
docs\inst_test\instancias\n_1000_5,500,20,7,10,0.3000,123,9999245197,9999239289,44,22002
docs\inst_test\instancias\n_1000_5,500,20,7,10,0.3000,2026,9999245335,9999239334,42,22002
docs\inst_test\instancias\n_1000_5,500,20,7,20,0.1000,42,9999251614,9999242439,47,22002
docs\inst_test\instancias\n_1000_5,500,20,7,20,0.1000,123,9999251790,9999242930,44,22002
docs\inst_test\instancias\n_1000_5,500,20,7,20,0.1000,2026,9999251638,9999242702,46,22002
docs\inst_test\instancias\n_1000_5,500,20,7,20,0.2000,42,9999251619,9999242724,45,22002
docs\inst_test\instancias\n_1000_5,500,20,7,20,0.2000,123,9999245304,9999239283,41,22002
docs\inst_test\instancias\n_1000_5,500,20,7,20,0.2000,2026,9999251733,9999242669,46,22002
docs\inst_test\instancias\n_1000_5,500,20,7,20,0.3000,42,9999251530,9999242508,46,22002
docs\inst_test\instancias\n_1000_5,500,20,7,20,0.3000,123,9996122079,9996115351,42,22002
docs\inst_test\instancias\n_1000_5,500,20,7,20,0.3000,2026,9999245335,9999239334,40,22002
docs\inst_test\instancias\n_1000_5,500,20,10,5,0.1000,42,9999251670,9999242490,57,22002
docs\inst_test\instancias\n_1000_5,500,20,10,5,0.1000,123,9999251790,9999242930,56,22002
docs\inst_test\instancias\n_1000_5,500,20,10,5,0.1000,2026,9999251726,9999242716,56,22002
docs\inst_test\instancias\n_1000_5,500,20,10,5,0.2000,42,9999251619,9999242724,55,22002
docs\inst_test\instancias\n_1000_5,500,20,10,5,0.2000,123,9999245324,9999239313,50,22002
docs\inst_test\instancias\n_1000_5,500,20,10,5,0.2000,2026,9999251723,9999242588,56,22002
docs\inst_test\instancias\n_1000_5,500,20,10,5,0.3000,42,9999251530,9999242508,55,22002
docs\inst_test\instancias\n_1000_5,500,20,10,5,0.3000,123,9999245167,9999239325,50,22002
docs\inst_test\instancias\n_1000_5,500,20,10,5,0.3000,2026,9999245335,9999239334,50,22002
docs\inst_test\instancias\n_1000_5,500,20,10,10,0.1000,42,9999251670,9999242490,49,22002
docs\inst_test\instancias\n_1000_5,500,20,10,10,0.1000,123,9999251790,9999242930,49,22002
docs\inst_test\instancias\n_1000_5,500,20,10,10,0.1000,2026,9999251638,9999242702,48,22002
docs\inst_test\instancias\n_1000_5,500,20,10,10,0.2000,42,9999251619,9999242724,47,22002
docs\inst_test\instancias\n_1000_5,500,20,10,10,0.2000,123,9999245319,9999239307,43,22002
docs\inst_test\instancias\n_1000_5,500,20,10,10,0.2000,2026,9999251733,9999242669,49,22002
docs\inst_test\instancias\n_1000_5,500,20,10,10,0.3000,42,9999251530,9999242508,48,22002
docs\inst_test\instancias\n_1000_5,500,20,10,10,0.3000,123,9999245197,9999239289,44,22002
docs\inst_test\instancias\n_1000_5,500,20,10,10,0.3000,2026,9999245335,9999239334,43,22002
docs\inst_test\instancias\n_1000_5,500,20,10,20,0.1000,42,9999251614,9999242439,46,22002
docs\inst_test\instancias\n_1000_5,500,20,10,20,0.1000,123,9999251790,9999242930,46,22002
docs\inst_test\instancias\n_1000_5,500,20,10,20,0.1000,2026,9999251638,9999242702,45,22002
docs\inst_test\instancias\n_1000_5,500,20,10,20,0.2000,42,9999251619,9999242724,45,22002
docs\inst_test\instancias\n_1000_5,500,20,10,20,0.2000,123,9999245304,9999239283,41,22002
docs\inst_test\instancias\n_1000_5,500,20,10,20,0.2000,2026,9999251733,9999242669,45,22002
docs\inst_test\instancias\n_1000_5,500,20,10,20,0.3000,42,9999251530,9999242508,44,22002
docs\inst_test\instancias\n_1000_5,500,20,10,20,0.3000,123,9996122079,9996115351,42,22002
docs\inst_test\instancias\n_1000_5,500,20,10,20,0.3000,2026,9999245335,9999239334,41,22002
docs\inst_test\instancias\n_1000_5,500,20,15,5,0.1000,42,9999251670,9999242490,56,22002
docs\inst_test\instancias\n_1000_5,500,20,15,5,0.1000,123,9999251790,9999242930,55,22002
docs\inst_test\instancias\n_1000_5,500,20,15,5,0.1000,2026,9999251726,9999242716,57,22002
docs\inst_test\instancias\n_1000_5,500,20,15,5,0.2000,42,9999251619,9999242724,56,22002
docs\inst_test\instancias\n_1000_5,500,20,15,5,0.2000,123,9999245324,9999239313,50,22002
docs\inst_test\instancias\n_1000_5,500,20,15,5,0.2000,2026,9999251723,9999242588,54,22002
docs\inst_test\instancias\n_1000_5,500,20,15,5,0.3000,42,9999251530,9999242508,55,22002
docs\inst_test\instancias\n_1000_5,500,20,15,5,0.3000,123,9999245167,9999239325,50,22002
docs\inst_test\instancias\n_1000_5,500,20,15,5,0.3000,2026,9999245335,9999239334,49,22002
docs\inst_test\instancias\n_1000_5,500,20,15,10,0.1000,42,9999251670,9999242490,50,22002
docs\inst_test\instancias\n_1000_5,500,20,15,10,0.1000,123,9999251790,9999242930,49,22002
docs\inst_test\instancias\n_1000_5,500,20,15,10,0.1000,2026,9999251638,9999242702,50,22002
docs\inst_test\instancias\n_1000_5,500,20,15,10,0.2000,42,9999251619,9999242724,49,22002
docs\inst_test\instancias\n_1000_5,500,20,15,10,0.2000,123,9999245319,9999239307,44,22002
docs\inst_test\instancias\n_1000_5,500,20,15,10,0.2000,2026,9999251733,9999242669,48,22002
docs\inst_test\instancias\n_1000_5,500,20,15,10,0.3000,42,9999251530,9999242508,47,22002
docs\inst_test\instancias\n_1000_5,500,20,15,10,0.3000,123,9999245197,9999239289,44,22002
docs\inst_test\instancias\n_1000_5,500,20,15,10,0.3000,2026,9999245335,9999239334,44,22002
docs\inst_test\instancias\n_1000_5,500,20,15,20,0.1000,42,9999251614,9999242439,46,22002
docs\inst_test\instancias\n_1000_5,500,20,15,20,0.1000,123,9999251790,9999242930,45,22002
docs\inst_test\instancias\n_1000_5,500,20,15,20,0.1000,2026,9999251638,9999242702,45,22002
docs\inst_test\instancias\n_1000_5,500,20,15,20,0.2000,42,9999251619,9999242724,46,22002
docs\inst_test\instancias\n_1000_5,500,20,15,20,0.2000,123,9999245304,9999239283,43,22002
docs\inst_test\instancias\n_1000_5,500,20,15,20,0.2000,2026,9999251733,9999242669,44,22002
docs\inst_test\instancias\n_1000_5,500,20,15,20,0.3000,42,9999251530,9999242508,45,22002
docs\inst_test\instancias\n_1000_5,500,20,15,20,0.3000,123,9996122079,9996115351,41,22002
docs\inst_test\instancias\n_1000_5,500,20,15,20,0.3000,2026,9999245335,9999239334,41,22002
docs\inst_test\instancias\n_1000_6,100,10,7,5,0.1000,42,9996100338,9996100114,8,17116
docs\inst_test\instancias\n_1000_6,100,10,7,5,0.1000,123,9996100338,9996100114,10,17116
docs\inst_test\instancias\n_1000_6,100,10,7,5,0.1000,2026,9996100338,9996100114,9,17116
docs\inst_test\instancias\n_1000_6,100,10,7,5,0.2000,42,9996100340,9996100107,9,17116
docs\inst_test\instancias\n_1000_6,100,10,7,5,0.2000,123,9996100338,9996100114,9,17116
docs\inst_test\instancias\n_1000_6,100,10,7,5,0.2000,2026,9996100338,9996100114,9,17116
docs\inst_test\instancias\n_1000_6,100,10,7,5,0.3000,42,9996100342,9996100137,8,17116
docs\inst_test\instancias\n_1000_6,100,10,7,5,0.3000,123,9996100338,9996100114,9,17116
docs\inst_test\instancias\n_1000_6,100,10,7,5,0.3000,2026,9996100344,9996100131,9,17116
docs\inst_test\instancias\n_1000_6,100,10,7,10,0.1000,42,9996100338,9996100114,8,17116
docs\inst_test\instancias\n_1000_6,100,10,7,10,0.1000,123,9996100338,9996100114,8,17116
docs\inst_test\instancias\n_1000_6,100,10,7,10,0.1000,2026,9996100338,9996100114,7,17116
docs\inst_test\instancias\n_1000_6,100,10,7,10,0.2000,42,9996100340,9996100107,7,17116
docs\inst_test\instancias\n_1000_6,100,10,7,10,0.2000,123,9996100338,9996100114,8,17116
docs\inst_test\instancias\n_1000_6,100,10,7,10,0.2000,2026,9996100338,9996100114,7,17116
docs\inst_test\instancias\n_1000_6,100,10,7,10,0.3000,42,9996100342,9996100137,8,17116
docs\inst_test\instancias\n_1000_6,100,10,7,10,0.3000,123,9996100338,9996100114,7,17116
docs\inst_test\instancias\n_1000_6,100,10,7,10,0.3000,2026,9996100338,9996100114,7,17116
docs\inst_test\instancias\n_1000_6,100,10,7,20,0.1000,42,9996100338,9996100114,7,17116
docs\inst_test\instancias\n_1000_6,100,10,7,20,0.1000,123,9996100338,9996100114,7,17116
docs\inst_test\instancias\n_1000_6,100,10,7,20,0.1000,2026,9996100338,9996100114,7,17116
docs\inst_test\instancias\n_1000_6,100,10,7,20,0.2000,42,9996100338,9996100114,7,17116
docs\inst_test\instancias\n_1000_6,100,10,7,20,0.2000,123,9996100338,9996100114,6,17116
docs\inst_test\instancias\n_1000_6,100,10,7,20,0.2000,2026,9996100338,9996100114,7,17116
docs\inst_test\instancias\n_1000_6,100,10,7,20,0.3000,42,9996100338,9996100114,7,17116
docs\inst_test\instancias\n_1000_6,100,10,7,20,0.3000,123,9996100338,9996100114,6,17116
docs\inst_test\instancias\n_1000_6,100,10,7,20,0.3000,2026,9996100338,9996100114,7,17116
docs\inst_test\instancias\n_1000_6,100,10,10,5,0.1000,42,9996100338,9996100114,9,17116
docs\inst_test\instancias\n_1000_6,100,10,10,5,0.1000,123,9996100338,9996100114,9,17116
docs\inst_test\instancias\n_1000_6,100,10,10,5,0.1000,2026,9996100338,9996100114,8,17116
docs\inst_test\instancias\n_1000_6,100,10,10,5,0.2000,42,9996100340,9996100107,9,17116
docs\inst_test\instancias\n_1000_6,100,10,10,5,0.2000,123,9996100338,9996100114,9,17116
docs\inst_test\instancias\n_1000_6,100,10,10,5,0.2000,2026,9996100338,9996100114,8,17116
docs\inst_test\instancias\n_1000_6,100,10,10,5,0.3000,42,9996100342,9996100137,10,17116
docs\inst_test\instancias\n_1000_6,100,10,10,5,0.3000,123,9996100338,9996100114,8,17116
docs\inst_test\instancias\n_1000_6,100,10,10,5,0.3000,2026,9996100344,9996100131,9,17116
docs\inst_test\instancias\n_1000_6,100,10,10,10,0.1000,42,9996100338,9996100114,7,17116
docs\inst_test\instancias\n_1000_6,100,10,10,10,0.1000,123,9996100338,9996100114,8,17116
docs\inst_test\instancias\n_1000_6,100,10,10,10,0.1000,2026,9996100338,9996100114,8,17116
docs\inst_test\instancias\n_1000_6,100,10,10,10,0.2000,42,9996100340,9996100107,7,17116
docs\inst_test\instancias\n_1000_6,100,10,10,10,0.2000,123,9996100338,9996100114,8,17116
docs\inst_test\instancias\n_1000_6,100,10,10,10,0.2000,2026,9996100338,9996100114,7,17116
docs\inst_test\instancias\n_1000_6,100,10,10,10,0.3000,42,9996100342,9996100137,8,17116
docs\inst_test\instancias\n_1000_6,100,10,10,10,0.3000,123,9996100338,9996100114,7,17116
docs\inst_test\instancias\n_1000_6,100,10,10,10,0.3000,2026,9996100338,9996100114,7,17116
docs\inst_test\instancias\n_1000_6,100,10,10,20,0.1000,42,9996100338,9996100114,7,17116
docs\inst_test\instancias\n_1000_6,100,10,10,20,0.1000,123,9996100338,9996100114,7,17116
docs\inst_test\instancias\n_1000_6,100,10,10,20,0.1000,2026,9996100338,9996100114,7,17116
docs\inst_test\instancias\n_1000_6,100,10,10,20,0.2000,42,9996100338,9996100114,7,17116
docs\inst_test\instancias\n_1000_6,100,10,10,20,0.2000,123,9996100338,9996100114,7,17116
docs\inst_test\instancias\n_1000_6,100,10,10,20,0.2000,2026,9996100338,9996100114,7,17116
docs\inst_test\instancias\n_1000_6,100,10,10,20,0.3000,42,9996100338,9996100114,7,17116
docs\inst_test\instancias\n_1000_6,100,10,10,20,0.3000,123,9996100338,9996100114,7,17116
docs\inst_test\instancias\n_1000_6,100,10,10,20,0.3000,2026,9996100338,9996100114,6,17116
docs\inst_test\instancias\n_1000_6,100,10,15,5,0.1000,42,9996100338,9996100114,9,17116
docs\inst_test\instancias\n_1000_6,100,10,15,5,0.1000,123,9996100338,9996100114,9,17116
docs\inst_test\instancias\n_1000_6,100,10,15,5,0.1000,2026,9996100338,9996100114,9,17116
docs\inst_test\instancias\n_1000_6,100,10,15,5,0.2000,42,9996100340,9996100107,9,17116
docs\inst_test\instancias\n_1000_6,100,10,15,5,0.2000,123,9996100338,9996100114,9,17116
docs\inst_test\instancias\n_1000_6,100,10,15,5,0.2000,2026,9996100338,9996100114,8,17116
docs\inst_test\instancias\n_1000_6,100,10,15,5,0.3000,42,9996100342,9996100137,9,17116
docs\inst_test\instancias\n_1000_6,100,10,15,5,0.3000,123,9996100338,9996100114,8,17116
docs\inst_test\instancias\n_1000_6,100,10,15,5,0.3000,2026,9996100344,9996100131,9,17116
docs\inst_test\instancias\n_1000_6,100,10,15,10,0.1000,42,9996100338,9996100114,7,17116
docs\inst_test\instancias\n_1000_6,100,10,15,10,0.1000,123,9996100338,9996100114,8,17116
docs\inst_test\instancias\n_1000_6,100,10,15,10,0.1000,2026,9996100338,9996100114,7,17116
docs\inst_test\instancias\n_1000_6,100,10,15,10,0.2000,42,9996100340,9996100107,8,17116
docs\inst_test\instancias\n_1000_6,100,10,15,10,0.2000,123,9996100338,9996100114,8,17116
docs\inst_test\instancias\n_1000_6,100,10,15,10,0.2000,2026,9996100338,9996100114,7,17116
docs\inst_test\instancias\n_1000_6,100,10,15,10,0.3000,42,9996100342,9996100137,7,17116
docs\inst_test\instancias\n_1000_6,100,10,15,10,0.3000,123,9996100338,9996100114,8,17116
docs\inst_test\instancias\n_1000_6,100,10,15,10,0.3000,2026,9996100338,9996100114,7,17116
docs\inst_test\instancias\n_1000_6,100,10,15,20,0.1000,42,9996100338,9996100114,7,17116
docs\inst_test\instancias\n_1000_6,100,10,15,20,0.1000,123,9996100338,9996100114,7,17116
docs\inst_test\instancias\n_1000_6,100,10,15,20,0.1000,2026,9996100338,9996100114,7,17116
docs\inst_test\instancias\n_1000_6,100,10,15,20,0.2000,42,9996100338,9996100114,7,17116
docs\inst_test\instancias\n_1000_6,100,10,15,20,0.2000,123,9996100338,9996100114,6,17116
docs\inst_test\instancias\n_1000_6,100,10,15,20,0.2000,2026,9996100338,9996100114,8,17116
docs\inst_test\instancias\n_1000_6,100,10,15,20,0.3000,42,9996100338,9996100114,6,17116
docs\inst_test\instancias\n_1000_6,100,10,15,20,0.3000,123,9996100338,9996100114,6,17116
docs\inst_test\instancias\n_1000_6,100,10,15,20,0.3000,2026,9996100338,9996100114,7,17116
docs\inst_test\instancias\n_1000_6,100,15,7,5,0.1000,42,9996100338,9996100114,9,17116
docs\inst_test\instancias\n_1000_6,100,15,7,5,0.1000,123,9996100338,9996100114,9,17116
docs\inst_test\instancias\n_1000_6,100,15,7,5,0.1000,2026,9996100338,9996100114,9,17116
docs\inst_test\instancias\n_1000_6,100,15,7,5,0.2000,42,9996100340,9996100107,8,17116
docs\inst_test\instancias\n_1000_6,100,15,7,5,0.2000,123,9996100338,9996100114,9,17116
docs\inst_test\instancias\n_1000_6,100,15,7,5,0.2000,2026,9996100338,9996100114,8,17116
docs\inst_test\instancias\n_1000_6,100,15,7,5,0.3000,42,9996100342,9996100137,10,17116
docs\inst_test\instancias\n_1000_6,100,15,7,5,0.3000,123,9996100338,9996100114,8,17116
docs\inst_test\instancias\n_1000_6,100,15,7,5,0.3000,2026,9996100344,9996100131,9,17116
docs\inst_test\instancias\n_1000_6,100,15,7,10,0.1000,42,9996100338,9996100114,7,17116
docs\inst_test\instancias\n_1000_6,100,15,7,10,0.1000,123,9996100338,9996100114,9,17116
docs\inst_test\instancias\n_1000_6,100,15,7,10,0.1000,2026,9996100338,9996100114,8,17116
docs\inst_test\instancias\n_1000_6,100,15,7,10,0.2000,42,9996100340,9996100107,7,17116
docs\inst_test\instancias\n_1000_6,100,15,7,10,0.2000,123,9996100338,9996100114,8,17116
docs\inst_test\instancias\n_1000_6,100,15,7,10,0.2000,2026,9996100338,9996100114,7,17116
docs\inst_test\instancias\n_1000_6,100,15,7,10,0.3000,42,9996100342,9996100137,7,17116
docs\inst_test\instancias\n_1000_6,100,15,7,10,0.3000,123,9996100338,9996100114,8,17116
docs\inst_test\instancias\n_1000_6,100,15,7,10,0.3000,2026,9996100338,9996100114,7,17116
docs\inst_test\instancias\n_1000_6,100,15,7,20,0.1000,42,9996100338,9996100114,7,17116
docs\inst_test\instancias\n_1000_6,100,15,7,20,0.1000,123,9996100338,9996100114,6,17116
docs\inst_test\instancias\n_1000_6,100,15,7,20,0.1000,2026,9996100338,9996100114,7,17116
docs\inst_test\instancias\n_1000_6,100,15,7,20,0.2000,42,9996100338,9996100114,7,17116
docs\inst_test\instancias\n_1000_6,100,15,7,20,0.2000,123,9996100338,9996100114,7,17116
docs\inst_test\instancias\n_1000_6,100,15,7,20,0.2000,2026,9996100338,9996100114,7,17116
docs\inst_test\instancias\n_1000_6,100,15,7,20,0.3000,42,9996100338,9996100114,7,17116
docs\inst_test\instancias\n_1000_6,100,15,7,20,0.3000,123,9996100338,9996100114,6,17116
docs\inst_test\instancias\n_1000_6,100,15,7,20,0.3000,2026,9996100338,9996100114,8,17116
docs\inst_test\instancias\n_1000_6,100,15,10,5,0.1000,42,9996100338,9996100114,10,17116
docs\inst_test\instancias\n_1000_6,100,15,10,5,0.1000,123,9996100338,9996100114,8,17116
docs\inst_test\instancias\n_1000_6,100,15,10,5,0.1000,2026,9996100338,9996100114,9,17116
docs\inst_test\instancias\n_1000_6,100,15,10,5,0.2000,42,9996100340,9996100107,9,17116
docs\inst_test\instancias\n_1000_6,100,15,10,5,0.2000,123,9996100338,9996100114,9,17116
docs\inst_test\instancias\n_1000_6,100,15,10,5,0.2000,2026,9996100338,9996100114,9,17116
docs\inst_test\instancias\n_1000_6,100,15,10,5,0.3000,42,9996100342,9996100137,9,17116
docs\inst_test\instancias\n_1000_6,100,15,10,5,0.3000,123,9996100338,9996100114,9,17116
docs\inst_test\instancias\n_1000_6,100,15,10,5,0.3000,2026,9996100344,9996100131,9,17116
docs\inst_test\instancias\n_1000_6,100,15,10,10,0.1000,42,9996100338,9996100114,8,17116
docs\inst_test\instancias\n_1000_6,100,15,10,10,0.1000,123,9996100338,9996100114,8,17116
docs\inst_test\instancias\n_1000_6,100,15,10,10,0.1000,2026,9996100338,9996100114,8,17116
docs\inst_test\instancias\n_1000_6,100,15,10,10,0.2000,42,9996100340,9996100107,7,17116
docs\inst_test\instancias\n_1000_6,100,15,10,10,0.2000,123,9996100338,9996100114,7,17116
docs\inst_test\instancias\n_1000_6,100,15,10,10,0.2000,2026,9996100338,9996100114,8,17116
docs\inst_test\instancias\n_1000_6,100,15,10,10,0.3000,42,9996100342,9996100137,7,17116
docs\inst_test\instancias\n_1000_6,100,15,10,10,0.3000,123,9996100338,9996100114,8,17116
docs\inst_test\instancias\n_1000_6,100,15,10,10,0.3000,2026,9996100338,9996100114,7,17116
docs\inst_test\instancias\n_1000_6,100,15,10,20,0.1000,42,9996100338,9996100114,7,17116
docs\inst_test\instancias\n_1000_6,100,15,10,20,0.1000,123,9996100338,9996100114,7,17116
docs\inst_test\instancias\n_1000_6,100,15,10,20,0.1000,2026,9996100338,9996100114,7,17116
docs\inst_test\instancias\n_1000_6,100,15,10,20,0.2000,42,9996100338,9996100114,6,17116
docs\inst_test\instancias\n_1000_6,100,15,10,20,0.2000,123,9996100338,9996100114,7,17116
docs\inst_test\instancias\n_1000_6,100,15,10,20,0.2000,2026,9996100338,9996100114,8,17116
docs\inst_test\instancias\n_1000_6,100,15,10,20,0.3000,42,9996100338,9996100114,6,17116
docs\inst_test\instancias\n_1000_6,100,15,10,20,0.3000,123,9996100338,9996100114,7,17116
docs\inst_test\instancias\n_1000_6,100,15,10,20,0.3000,2026,9996100338,9996100114,7,17116
docs\inst_test\instancias\n_1000_6,100,15,15,5,0.1000,42,9996100338,9996100114,8,17116
docs\inst_test\instancias\n_1000_6,100,15,15,5,0.1000,123,9996100338,9996100114,9,17116
docs\inst_test\instancias\n_1000_6,100,15,15,5,0.1000,2026,9996100338,9996100114,9,17116
docs\inst_test\instancias\n_1000_6,100,15,15,5,0.2000,42,9996100340,9996100107,8,17116
docs\inst_test\instancias\n_1000_6,100,15,15,5,0.2000,123,9996100338,9996100114,9,17116
docs\inst_test\instancias\n_1000_6,100,15,15,5,0.2000,2026,9996100338,9996100114,8,17116
docs\inst_test\instancias\n_1000_6,100,15,15,5,0.3000,42,9996100342,9996100137,9,17116
docs\inst_test\instancias\n_1000_6,100,15,15,5,0.3000,123,9996100338,9996100114,9,17116
docs\inst_test\instancias\n_1000_6,100,15,15,5,0.3000,2026,9996100344,9996100131,9,17116
docs\inst_test\instancias\n_1000_6,100,15,15,10,0.1000,42,9996100338,9996100114,8,17116
docs\inst_test\instancias\n_1000_6,100,15,15,10,0.1000,123,9996100338,9996100114,7,17116
docs\inst_test\instancias\n_1000_6,100,15,15,10,0.1000,2026,9996100338,9996100114,8,17116
docs\inst_test\instancias\n_1000_6,100,15,15,10,0.2000,42,9996100340,9996100107,6,17116
docs\inst_test\instancias\n_1000_6,100,15,15,10,0.2000,123,9996100338,9996100114,7,17116
docs\inst_test\instancias\n_1000_6,100,15,15,10,0.2000,2026,9996100338,9996100114,8,17116
docs\inst_test\instancias\n_1000_6,100,15,15,10,0.3000,42,9996100342,9996100137,7,17116
docs\inst_test\instancias\n_1000_6,100,15,15,10,0.3000,123,9996100338,9996100114,8,17116
docs\inst_test\instancias\n_1000_6,100,15,15,10,0.3000,2026,9996100338,9996100114,7,17116
docs\inst_test\instancias\n_1000_6,100,15,15,20,0.1000,42,9996100338,9996100114,8,17116
docs\inst_test\instancias\n_1000_6,100,15,15,20,0.1000,123,9996100338,9996100114,6,17116
docs\inst_test\instancias\n_1000_6,100,15,15,20,0.1000,2026,9996100338,9996100114,8,17116
docs\inst_test\instancias\n_1000_6,100,15,15,20,0.2000,42,9996100338,9996100114,7,17116
docs\inst_test\instancias\n_1000_6,100,15,15,20,0.2000,123,9996100338,9996100114,6,17116
docs\inst_test\instancias\n_1000_6,100,15,15,20,0.2000,2026,9996100338,9996100114,8,17116
docs\inst_test\instancias\n_1000_6,100,15,15,20,0.3000,42,9996100338,9996100114,7,17116
docs\inst_test\instancias\n_1000_6,100,15,15,20,0.3000,123,9996100338,9996100114,7,17116
docs\inst_test\instancias\n_1000_6,100,15,15,20,0.3000,2026,9996100338,9996100114,6,17116
docs\inst_test\instancias\n_1000_6,100,20,7,5,0.1000,42,9996100338,9996100114,10,17116
docs\inst_test\instancias\n_1000_6,100,20,7,5,0.1000,123,9996100338,9996100114,8,17116
docs\inst_test\instancias\n_1000_6,100,20,7,5,0.1000,2026,9996100338,9996100114,9,17116
docs\inst_test\instancias\n_1000_6,100,20,7,5,0.2000,42,9996100340,9996100107,9,17116
docs\inst_test\instancias\n_1000_6,100,20,7,5,0.2000,123,9996100338,9996100114,9,17116
docs\inst_test\instancias\n_1000_6,100,20,7,5,0.2000,2026,9996100338,9996100114,9,17116
docs\inst_test\instancias\n_1000_6,100,20,7,5,0.3000,42,9996100342,9996100137,9,17116
docs\inst_test\instancias\n_1000_6,100,20,7,5,0.3000,123,9996100338,9996100114,10,17116
docs\inst_test\instancias\n_1000_6,100,20,7,5,0.3000,2026,9996100344,9996100131,8,17116
docs\inst_test\instancias\n_1000_6,100,20,7,10,0.1000,42,9996100338,9996100114,8,17116
docs\inst_test\instancias\n_1000_6,100,20,7,10,0.1000,123,9996100338,9996100114,7,17116
docs\inst_test\instancias\n_1000_6,100,20,7,10,0.1000,2026,9996100338,9996100114,7,17116
docs\inst_test\instancias\n_1000_6,100,20,7,10,0.2000,42,9996100340,9996100107,8,17116
docs\inst_test\instancias\n_1000_6,100,20,7,10,0.2000,123,9996100338,9996100114,7,17116
docs\inst_test\instancias\n_1000_6,100,20,7,10,0.2000,2026,9996100338,9996100114,8,17116
docs\inst_test\instancias\n_1000_6,100,20,7,10,0.3000,42,9996100342,9996100137,6,17116
docs\inst_test\instancias\n_1000_6,100,20,7,10,0.3000,123,9996100338,9996100114,9,17116
docs\inst_test\instancias\n_1000_6,100,20,7,10,0.3000,2026,9996100338,9996100114,8,17116
docs\inst_test\instancias\n_1000_6,100,20,7,20,0.1000,42,9996100338,9996100114,7,17116
docs\inst_test\instancias\n_1000_6,100,20,7,20,0.1000,123,9996100338,9996100114,7,17116
docs\inst_test\instancias\n_1000_6,100,20,7,20,0.1000,2026,9996100338,9996100114,7,17116
docs\inst_test\instancias\n_1000_6,100,20,7,20,0.2000,42,9996100338,9996100114,7,17116
docs\inst_test\instancias\n_1000_6,100,20,7,20,0.2000,123,9996100338,9996100114,7,17116
docs\inst_test\instancias\n_1000_6,100,20,7,20,0.2000,2026,9996100338,9996100114,6,17116
docs\inst_test\instancias\n_1000_6,100,20,7,20,0.3000,42,9996100338,9996100114,7,17116
docs\inst_test\instancias\n_1000_6,100,20,7,20,0.3000,123,9996100338,9996100114,7,17116
docs\inst_test\instancias\n_1000_6,100,20,7,20,0.3000,2026,9996100338,9996100114,7,17116
docs\inst_test\instancias\n_1000_6,100,20,10,5,0.1000,42,9996100338,9996100114,9,17116
docs\inst_test\instancias\n_1000_6,100,20,10,5,0.1000,123,9996100338,9996100114,9,17116
docs\inst_test\instancias\n_1000_6,100,20,10,5,0.1000,2026,9996100338,9996100114,10,17116
docs\inst_test\instancias\n_1000_6,100,20,10,5,0.2000,42,9996100340,9996100107,8,17116
docs\inst_test\instancias\n_1000_6,100,20,10,5,0.2000,123,9996100338,9996100114,9,17116
docs\inst_test\instancias\n_1000_6,100,20,10,5,0.2000,2026,9996100338,9996100114,9,17116
docs\inst_test\instancias\n_1000_6,100,20,10,5,0.3000,42,9996100342,9996100137,8,17116
docs\inst_test\instancias\n_1000_6,100,20,10,5,0.3000,123,9996100338,9996100114,10,17116
docs\inst_test\instancias\n_1000_6,100,20,10,5,0.3000,2026,9996100344,9996100131,8,17116
docs\inst_test\instancias\n_1000_6,100,20,10,10,0.1000,42,9996100338,9996100114,8,17116
docs\inst_test\instancias\n_1000_6,100,20,10,10,0.1000,123,9996100338,9996100114,8,17116
docs\inst_test\instancias\n_1000_6,100,20,10,10,0.1000,2026,9996100338,9996100114,7,17116
docs\inst_test\instancias\n_1000_6,100,20,10,10,0.2000,42,9996100340,9996100107,7,17116
docs\inst_test\instancias\n_1000_6,100,20,10,10,0.2000,123,9996100338,9996100114,8,17116
docs\inst_test\instancias\n_1000_6,100,20,10,10,0.2000,2026,9996100338,9996100114,8,17116
docs\inst_test\instancias\n_1000_6,100,20,10,10,0.3000,42,9996100342,9996100137,7,17116
docs\inst_test\instancias\n_1000_6,100,20,10,10,0.3000,123,9996100338,9996100114,7,17116
docs\inst_test\instancias\n_1000_6,100,20,10,10,0.3000,2026,9996100338,9996100114,8,17116
docs\inst_test\instancias\n_1000_6,100,20,10,20,0.1000,42,9996100338,9996100114,7,17116
docs\inst_test\instancias\n_1000_6,100,20,10,20,0.1000,123,9996100338,9996100114,7,17116
docs\inst_test\instancias\n_1000_6,100,20,10,20,0.1000,2026,9996100338,9996100114,7,17116
docs\inst_test\instancias\n_1000_6,100,20,10,20,0.2000,42,9996100338,9996100114,6,17116
docs\inst_test\instancias\n_1000_6,100,20,10,20,0.2000,123,9996100338,9996100114,8,17116
docs\inst_test\instancias\n_1000_6,100,20,10,20,0.2000,2026,9996100338,9996100114,6,17116
docs\inst_test\instancias\n_1000_6,100,20,10,20,0.3000,42,9996100338,9996100114,8,17116
docs\inst_test\instancias\n_1000_6,100,20,10,20,0.3000,123,9996100338,9996100114,6,17116
docs\inst_test\instancias\n_1000_6,100,20,10,20,0.3000,2026,9996100338,9996100114,8,17116
docs\inst_test\instancias\n_1000_6,100,20,15,5,0.1000,42,9996100338,9996100114,9,17116
docs\inst_test\instancias\n_1000_6,100,20,15,5,0.1000,123,9996100338,9996100114,8,17116
docs\inst_test\instancias\n_1000_6,100,20,15,5,0.1000,2026,9996100338,9996100114,9,17116
docs\inst_test\instancias\n_1000_6,100,20,15,5,0.2000,42,9996100340,9996100107,8,17116
docs\inst_test\instancias\n_1000_6,100,20,15,5,0.2000,123,9996100338,9996100114,9,17116
docs\inst_test\instancias\n_1000_6,100,20,15,5,0.2000,2026,9996100338,9996100114,10,17116
docs\inst_test\instancias\n_1000_6,100,20,15,5,0.3000,42,9996100342,9996100137,8,17116
docs\inst_test\instancias\n_1000_6,100,20,15,5,0.3000,123,9996100338,9996100114,9,17116
docs\inst_test\instancias\n_1000_6,100,20,15,5,0.3000,2026,9996100344,9996100131,8,17116
docs\inst_test\instancias\n_1000_6,100,20,15,10,0.1000,42,9996100338,9996100114,8,17116
docs\inst_test\instancias\n_1000_6,100,20,15,10,0.1000,123,9996100338,9996100114,7,17116
docs\inst_test\instancias\n_1000_6,100,20,15,10,0.1000,2026,9996100338,9996100114,7,17116
docs\inst_test\instancias\n_1000_6,100,20,15,10,0.2000,42,9996100340,9996100107,8,17116
docs\inst_test\instancias\n_1000_6,100,20,15,10,0.2000,123,9996100338,9996100114,7,17116
docs\inst_test\instancias\n_1000_6,100,20,15,10,0.2000,2026,9996100338,9996100114,8,17116
docs\inst_test\instancias\n_1000_6,100,20,15,10,0.3000,42,9996100342,9996100137,8,17116
docs\inst_test\instancias\n_1000_6,100,20,15,10,0.3000,123,9996100338,9996100114,7,17116
docs\inst_test\instancias\n_1000_6,100,20,15,10,0.3000,2026,9996100338,9996100114,7,17116
docs\inst_test\instancias\n_1000_6,100,20,15,20,0.1000,42,9996100338,9996100114,7,17116
docs\inst_test\instancias\n_1000_6,100,20,15,20,0.1000,123,9996100338,9996100114,7,17116
docs\inst_test\instancias\n_1000_6,100,20,15,20,0.1000,2026,9996100338,9996100114,8,17116
docs\inst_test\instancias\n_1000_6,100,20,15,20,0.2000,42,9996100338,9996100114,7,17116
docs\inst_test\instancias\n_1000_6,100,20,15,20,0.2000,123,9996100338,9996100114,6,17116
docs\inst_test\instancias\n_1000_6,100,20,15,20,0.2000,2026,9996100338,9996100114,7,17116
docs\inst_test\instancias\n_1000_6,100,20,15,20,0.3000,42,9996100338,9996100114,6,17116
docs\inst_test\instancias\n_1000_6,100,20,15,20,0.3000,123,9996100338,9996100114,7,17116
docs\inst_test\instancias\n_1000_6,100,20,15,20,0.3000,2026,9996100338,9996100114,7,17116
docs\inst_test\instancias\n_1000_6,300,10,7,5,0.1000,42,9996100340,9996100161,27,17116
docs\inst_test\instancias\n_1000_6,300,10,7,5,0.1000,123,9996100344,9996100077,27,17116
docs\inst_test\instancias\n_1000_6,300,10,7,5,0.1000,2026,9996100340,9996100161,26,17116
docs\inst_test\instancias\n_1000_6,300,10,7,5,0.2000,42,9996100342,9996100137,27,17116
docs\inst_test\instancias\n_1000_6,300,10,7,5,0.2000,123,9996100344,9996100077,27,17116
docs\inst_test\instancias\n_1000_6,300,10,7,5,0.2000,2026,9996100340,9996100107,28,17116
docs\inst_test\instancias\n_1000_6,300,10,7,5,0.3000,42,9996100342,9996100137,28,17116
docs\inst_test\instancias\n_1000_6,300,10,7,5,0.3000,123,9996100344,9996100077,27,17116
docs\inst_test\instancias\n_1000_6,300,10,7,5,0.3000,2026,9996100344,9996100131,27,17116
docs\inst_test\instancias\n_1000_6,300,10,7,10,0.1000,42,9996100340,9996100161,23,17116
docs\inst_test\instancias\n_1000_6,300,10,7,10,0.1000,123,9996100344,9996100077,24,17116
docs\inst_test\instancias\n_1000_6,300,10,7,10,0.1000,2026,9996100340,9996100161,23,17116
docs\inst_test\instancias\n_1000_6,300,10,7,10,0.2000,42,9996100341,9996100155,24,17116
docs\inst_test\instancias\n_1000_6,300,10,7,10,0.2000,123,9996100344,9996100077,23,17116
docs\inst_test\instancias\n_1000_6,300,10,7,10,0.2000,2026,9996100340,9996100107,24,17116
docs\inst_test\instancias\n_1000_6,300,10,7,10,0.3000,42,9996100342,9996100137,24,17116
docs\inst_test\instancias\n_1000_6,300,10,7,10,0.3000,123,9996100344,9996100077,23,17116
docs\inst_test\instancias\n_1000_6,300,10,7,10,0.3000,2026,9996100344,9996100131,24,17116
docs\inst_test\instancias\n_1000_6,300,10,7,20,0.1000,42,9996100338,9996100114,20,17116
docs\inst_test\instancias\n_1000_6,300,10,7,20,0.1000,123,9996100338,9996100114,22,17116
docs\inst_test\instancias\n_1000_6,300,10,7,20,0.1000,2026,9996100338,9996100114,21,17116
docs\inst_test\instancias\n_1000_6,300,10,7,20,0.2000,42,9996100341,9996100155,21,17116
docs\inst_test\instancias\n_1000_6,300,10,7,20,0.2000,123,9996100338,9996100114,22,17116
docs\inst_test\instancias\n_1000_6,300,10,7,20,0.2000,2026,9996100338,9996100114,22,17116
docs\inst_test\instancias\n_1000_6,300,10,7,20,0.3000,42,9996100342,9996100137,21,17116
docs\inst_test\instancias\n_1000_6,300,10,7,20,0.3000,123,9996100338,9996100114,22,17116
docs\inst_test\instancias\n_1000_6,300,10,7,20,0.3000,2026,9996100344,9996100131,20,17116
docs\inst_test\instancias\n_1000_6,300,10,10,5,0.1000,42,9996100340,9996100161,28,17116
docs\inst_test\instancias\n_1000_6,300,10,10,5,0.1000,123,9996100344,9996100077,27,17116
docs\inst_test\instancias\n_1000_6,300,10,10,5,0.1000,2026,9996100340,9996100161,27,17116
docs\inst_test\instancias\n_1000_6,300,10,10,5,0.2000,42,9996100342,9996100137,27,17116
docs\inst_test\instancias\n_1000_6,300,10,10,5,0.2000,123,9996100344,9996100077,27,17116
docs\inst_test\instancias\n_1000_6,300,10,10,5,0.2000,2026,9996100340,9996100107,27,17116
docs\inst_test\instancias\n_1000_6,300,10,10,5,0.3000,42,9996100342,9996100137,27,17116
docs\inst_test\instancias\n_1000_6,300,10,10,5,0.3000,123,9996100344,9996100077,27,17116
docs\inst_test\instancias\n_1000_6,300,10,10,5,0.3000,2026,9996100344,9996100131,28,17116
docs\inst_test\instancias\n_1000_6,300,10,10,10,0.1000,42,9996100340,9996100161,24,17116
docs\inst_test\instancias\n_1000_6,300,10,10,10,0.1000,123,9996100344,9996100077,23,17116
docs\inst_test\instancias\n_1000_6,300,10,10,10,0.1000,2026,9996100340,9996100161,23,17116
docs\inst_test\instancias\n_1000_6,300,10,10,10,0.2000,42,9996100341,9996100155,24,17116
docs\inst_test\instancias\n_1000_6,300,10,10,10,0.2000,123,9996100344,9996100077,23,17116
docs\inst_test\instancias\n_1000_6,300,10,10,10,0.2000,2026,9996100340,9996100107,23,17116
docs\inst_test\instancias\n_1000_6,300,10,10,10,0.3000,42,9996100342,9996100137,24,17116
docs\inst_test\instancias\n_1000_6,300,10,10,10,0.3000,123,9996100344,9996100077,24,17116
docs\inst_test\instancias\n_1000_6,300,10,10,10,0.3000,2026,9996100344,9996100131,24,17116
docs\inst_test\instancias\n_1000_6,300,10,10,20,0.1000,42,9996100338,9996100114,21,17116
docs\inst_test\instancias\n_1000_6,300,10,10,20,0.1000,123,9996100338,9996100114,22,17116
docs\inst_test\instancias\n_1000_6,300,10,10,20,0.1000,2026,9996100338,9996100114,22,17116
docs\inst_test\instancias\n_1000_6,300,10,10,20,0.2000,42,9996100341,9996100155,21,17116
docs\inst_test\instancias\n_1000_6,300,10,10,20,0.2000,123,9996100338,9996100114,21,17116
docs\inst_test\instancias\n_1000_6,300,10,10,20,0.2000,2026,9996100338,9996100114,21,17116
docs\inst_test\instancias\n_1000_6,300,10,10,20,0.3000,42,9996100342,9996100137,22,17116
docs\inst_test\instancias\n_1000_6,300,10,10,20,0.3000,123,9996100338,9996100114,22,17116
docs\inst_test\instancias\n_1000_6,300,10,10,20,0.3000,2026,9996100344,9996100131,21,17116
docs\inst_test\instancias\n_1000_6,300,10,15,5,0.1000,42,9996100340,9996100161,27,17116
docs\inst_test\instancias\n_1000_6,300,10,15,5,0.1000,123,9996100344,9996100077,27,17116
docs\inst_test\instancias\n_1000_6,300,10,15,5,0.1000,2026,9996100340,9996100161,29,17116
docs\inst_test\instancias\n_1000_6,300,10,15,5,0.2000,42,9996100342,9996100137,26,17116
docs\inst_test\instancias\n_1000_6,300,10,15,5,0.2000,123,9996100344,9996100077,28,17116
docs\inst_test\instancias\n_1000_6,300,10,15,5,0.2000,2026,9996100340,9996100107,27,17116
docs\inst_test\instancias\n_1000_6,300,10,15,5,0.3000,42,9996100342,9996100137,28,17116
docs\inst_test\instancias\n_1000_6,300,10,15,5,0.3000,123,9996100344,9996100077,29,17116
docs\inst_test\instancias\n_1000_6,300,10,15,5,0.3000,2026,9996100344,9996100131,28,17116
docs\inst_test\instancias\n_1000_6,300,10,15,10,0.1000,42,9996100340,9996100161,25,17116
docs\inst_test\instancias\n_1000_6,300,10,15,10,0.1000,123,9996100344,9996100077,28,17116
docs\inst_test\instancias\n_1000_6,300,10,15,10,0.1000,2026,9996100340,9996100161,23,17116
docs\inst_test\instancias\n_1000_6,300,10,15,10,0.2000,42,9996100341,9996100155,23,17116
docs\inst_test\instancias\n_1000_6,300,10,15,10,0.2000,123,9996100344,9996100077,23,17116
docs\inst_test\instancias\n_1000_6,300,10,15,10,0.2000,2026,9996100340,9996100107,24,17116
docs\inst_test\instancias\n_1000_6,300,10,15,10,0.3000,42,9996100342,9996100137,23,17116
docs\inst_test\instancias\n_1000_6,300,10,15,10,0.3000,123,9996100344,9996100077,24,17116
docs\inst_test\instancias\n_1000_6,300,10,15,10,0.3000,2026,9996100344,9996100131,23,17116
docs\inst_test\instancias\n_1000_6,300,10,15,20,0.1000,42,9996100338,9996100114,22,17116
docs\inst_test\instancias\n_1000_6,300,10,15,20,0.1000,123,9996100338,9996100114,22,17116
docs\inst_test\instancias\n_1000_6,300,10,15,20,0.1000,2026,9996100338,9996100114,21,17116
docs\inst_test\instancias\n_1000_6,300,10,15,20,0.2000,42,9996100341,9996100155,22,17116
docs\inst_test\instancias\n_1000_6,300,10,15,20,0.2000,123,9996100338,9996100114,21,17116
docs\inst_test\instancias\n_1000_6,300,10,15,20,0.2000,2026,9996100338,9996100114,22,17116
docs\inst_test\instancias\n_1000_6,300,10,15,20,0.3000,42,9996100342,9996100137,22,17116
docs\inst_test\instancias\n_1000_6,300,10,15,20,0.3000,123,9996100338,9996100114,22,17116
docs\inst_test\instancias\n_1000_6,300,10,15,20,0.3000,2026,9996100344,9996100131,22,17116
docs\inst_test\instancias\n_1000_6,300,15,7,5,0.1000,42,9996100340,9996100161,28,17116
docs\inst_test\instancias\n_1000_6,300,15,7,5,0.1000,123,9996100344,9996100077,27,17116
docs\inst_test\instancias\n_1000_6,300,15,7,5,0.1000,2026,9996100340,9996100161,27,17116
docs\inst_test\instancias\n_1000_6,300,15,7,5,0.2000,42,9996100342,9996100137,27,17116
docs\inst_test\instancias\n_1000_6,300,15,7,5,0.2000,123,9996100344,9996100077,28,17116
docs\inst_test\instancias\n_1000_6,300,15,7,5,0.2000,2026,9996100340,9996100107,27,17116
docs\inst_test\instancias\n_1000_6,300,15,7,5,0.3000,42,9996100342,9996100137,28,17116
docs\inst_test\instancias\n_1000_6,300,15,7,5,0.3000,123,9996100344,9996100077,28,17116
docs\inst_test\instancias\n_1000_6,300,15,7,5,0.3000,2026,9996100344,9996100131,28,17116
docs\inst_test\instancias\n_1000_6,300,15,7,10,0.1000,42,9996100340,9996100161,23,17116
docs\inst_test\instancias\n_1000_6,300,15,7,10,0.1000,123,9996100344,9996100077,24,17116
docs\inst_test\instancias\n_1000_6,300,15,7,10,0.1000,2026,9996100340,9996100161,23,17116
docs\inst_test\instancias\n_1000_6,300,15,7,10,0.2000,42,9996100341,9996100155,24,17116
docs\inst_test\instancias\n_1000_6,300,15,7,10,0.2000,123,9996100344,9996100077,23,17116
docs\inst_test\instancias\n_1000_6,300,15,7,10,0.2000,2026,9996100340,9996100107,24,17116
docs\inst_test\instancias\n_1000_6,300,15,7,10,0.3000,42,9996100342,9996100137,24,17116
docs\inst_test\instancias\n_1000_6,300,15,7,10,0.3000,123,9996100344,9996100077,23,17116
docs\inst_test\instancias\n_1000_6,300,15,7,10,0.3000,2026,9996100344,9996100131,23,17116
docs\inst_test\instancias\n_1000_6,300,15,7,20,0.1000,42,9996100338,9996100114,21,17116
docs\inst_test\instancias\n_1000_6,300,15,7,20,0.1000,123,9996100338,9996100114,21,17116
docs\inst_test\instancias\n_1000_6,300,15,7,20,0.1000,2026,9996100338,9996100114,21,17116
docs\inst_test\instancias\n_1000_6,300,15,7,20,0.2000,42,9996100341,9996100155,22,17116
docs\inst_test\instancias\n_1000_6,300,15,7,20,0.2000,123,9996100338,9996100114,21,17116
docs\inst_test\instancias\n_1000_6,300,15,7,20,0.2000,2026,9996100338,9996100114,22,17116
docs\inst_test\instancias\n_1000_6,300,15,7,20,0.3000,42,9996100342,9996100137,22,17116
docs\inst_test\instancias\n_1000_6,300,15,7,20,0.3000,123,9996100338,9996100114,21,17116
docs\inst_test\instancias\n_1000_6,300,15,7,20,0.3000,2026,9996100344,9996100131,22,17116
docs\inst_test\instancias\n_1000_6,300,15,10,5,0.1000,42,9996100340,9996100161,27,17116
docs\inst_test\instancias\n_1000_6,300,15,10,5,0.1000,123,9996100344,9996100077,28,17116
docs\inst_test\instancias\n_1000_6,300,15,10,5,0.1000,2026,9996100340,9996100161,27,17116
docs\inst_test\instancias\n_1000_6,300,15,10,5,0.2000,42,9996100342,9996100137,28,17116
docs\inst_test\instancias\n_1000_6,300,15,10,5,0.2000,123,9996100344,9996100077,26,17116
docs\inst_test\instancias\n_1000_6,300,15,10,5,0.2000,2026,9996100340,9996100107,29,17116
docs\inst_test\instancias\n_1000_6,300,15,10,5,0.3000,42,9996100342,9996100137,27,17116
docs\inst_test\instancias\n_1000_6,300,15,10,5,0.3000,123,9996100344,9996100077,29,17116
docs\inst_test\instancias\n_1000_6,300,15,10,5,0.3000,2026,9996100344,9996100131,28,17116
docs\inst_test\instancias\n_1000_6,300,15,10,10,0.1000,42,9996100340,9996100161,24,17116
docs\inst_test\instancias\n_1000_6,300,15,10,10,0.1000,123,9996100344,9996100077,23,17116
docs\inst_test\instancias\n_1000_6,300,15,10,10,0.1000,2026,9996100340,9996100161,22,17116
docs\inst_test\instancias\n_1000_6,300,15,10,10,0.2000,42,9996100341,9996100155,24,17116
docs\inst_test\instancias\n_1000_6,300,15,10,10,0.2000,123,9996100344,9996100077,23,17116
docs\inst_test\instancias\n_1000_6,300,15,10,10,0.2000,2026,9996100340,9996100107,23,17116
docs\inst_test\instancias\n_1000_6,300,15,10,10,0.3000,42,9996100342,9996100137,23,17116
docs\inst_test\instancias\n_1000_6,300,15,10,10,0.3000,123,9996100344,9996100077,22,17116
docs\inst_test\instancias\n_1000_6,300,15,10,10,0.3000,2026,9996100344,9996100131,24,17116
docs\inst_test\instancias\n_1000_6,300,15,10,20,0.1000,42,9996100338,9996100114,21,17116
docs\inst_test\instancias\n_1000_6,300,15,10,20,0.1000,123,9996100338,9996100114,21,17116
docs\inst_test\instancias\n_1000_6,300,15,10,20,0.1000,2026,9996100338,9996100114,22,17116
docs\inst_test\instancias\n_1000_6,300,15,10,20,0.2000,42,9996100341,9996100155,21,17116
docs\inst_test\instancias\n_1000_6,300,15,10,20,0.2000,123,9996100338,9996100114,21,17116
docs\inst_test\instancias\n_1000_6,300,15,10,20,0.2000,2026,9996100338,9996100114,21,17116
docs\inst_test\instancias\n_1000_6,300,15,10,20,0.3000,42,9996100342,9996100137,21,17116
docs\inst_test\instancias\n_1000_6,300,15,10,20,0.3000,123,9996100338,9996100114,22,17116
docs\inst_test\instancias\n_1000_6,300,15,10,20,0.3000,2026,9996100344,9996100131,21,17116
docs\inst_test\instancias\n_1000_6,300,15,15,5,0.1000,42,9996100340,9996100161,28,17116
docs\inst_test\instancias\n_1000_6,300,15,15,5,0.1000,123,9996100344,9996100077,28,17116
docs\inst_test\instancias\n_1000_6,300,15,15,5,0.1000,2026,9996100340,9996100161,27,17116
docs\inst_test\instancias\n_1000_6,300,15,15,5,0.2000,42,9996100342,9996100137,27,17116
docs\inst_test\instancias\n_1000_6,300,15,15,5,0.2000,123,9996100344,9996100077,28,17116
docs\inst_test\instancias\n_1000_6,300,15,15,5,0.2000,2026,9996100340,9996100107,26,17116
docs\inst_test\instancias\n_1000_6,300,15,15,5,0.3000,42,9996100342,9996100137,28,17116
docs\inst_test\instancias\n_1000_6,300,15,15,5,0.3000,123,9996100344,9996100077,27,17116
docs\inst_test\instancias\n_1000_6,300,15,15,5,0.3000,2026,9996100344,9996100131,28,17116
docs\inst_test\instancias\n_1000_6,300,15,15,10,0.1000,42,9996100340,9996100161,23,17116
docs\inst_test\instancias\n_1000_6,300,15,15,10,0.1000,123,9996100344,9996100077,24,17116
docs\inst_test\instancias\n_1000_6,300,15,15,10,0.1000,2026,9996100340,9996100161,23,17116
docs\inst_test\instancias\n_1000_6,300,15,15,10,0.2000,42,9996100341,9996100155,23,17116
docs\inst_test\instancias\n_1000_6,300,15,15,10,0.2000,123,9996100344,9996100077,23,17116
docs\inst_test\instancias\n_1000_6,300,15,15,10,0.2000,2026,9996100340,9996100107,24,17116
docs\inst_test\instancias\n_1000_6,300,15,15,10,0.3000,42,9996100342,9996100137,23,17116
docs\inst_test\instancias\n_1000_6,300,15,15,10,0.3000,123,9996100344,9996100077,24,17116
docs\inst_test\instancias\n_1000_6,300,15,15,10,0.3000,2026,9996100344,9996100131,24,17116
docs\inst_test\instancias\n_1000_6,300,15,15,20,0.1000,42,9996100338,9996100114,22,17116
docs\inst_test\instancias\n_1000_6,300,15,15,20,0.1000,123,9996100338,9996100114,22,17116
docs\inst_test\instancias\n_1000_6,300,15,15,20,0.1000,2026,9996100338,9996100114,21,17116
docs\inst_test\instancias\n_1000_6,300,15,15,20,0.2000,42,9996100341,9996100155,22,17116
docs\inst_test\instancias\n_1000_6,300,15,15,20,0.2000,123,9996100338,9996100114,21,17116
docs\inst_test\instancias\n_1000_6,300,15,15,20,0.2000,2026,9996100338,9996100114,22,17116
docs\inst_test\instancias\n_1000_6,300,15,15,20,0.3000,42,9996100342,9996100137,21,17116
docs\inst_test\instancias\n_1000_6,300,15,15,20,0.3000,123,9996100338,9996100114,22,17116
docs\inst_test\instancias\n_1000_6,300,15,15,20,0.3000,2026,9996100344,9996100131,23,17116
docs\inst_test\instancias\n_1000_6,300,20,7,5,0.1000,42,9996100340,9996100161,27,17116
docs\inst_test\instancias\n_1000_6,300,20,7,5,0.1000,123,9996100344,9996100077,28,17116
docs\inst_test\instancias\n_1000_6,300,20,7,5,0.1000,2026,9996100340,9996100161,27,17116
docs\inst_test\instancias\n_1000_6,300,20,7,5,0.2000,42,9996100342,9996100137,26,17116
docs\inst_test\instancias\n_1000_6,300,20,7,5,0.2000,123,9996100344,9996100077,28,17116
docs\inst_test\instancias\n_1000_6,300,20,7,5,0.2000,2026,9996100340,9996100107,27,17116
docs\inst_test\instancias\n_1000_6,300,20,7,5,0.3000,42,9996100342,9996100137,28,17116
docs\inst_test\instancias\n_1000_6,300,20,7,5,0.3000,123,9996100344,9996100077,28,17116
docs\inst_test\instancias\n_1000_6,300,20,7,5,0.3000,2026,9996100344,9996100131,28,17116
docs\inst_test\instancias\n_1000_6,300,20,7,10,0.1000,42,9996100340,9996100161,24,17116
docs\inst_test\instancias\n_1000_6,300,20,7,10,0.1000,123,9996100344,9996100077,24,17116
docs\inst_test\instancias\n_1000_6,300,20,7,10,0.1000,2026,9996100340,9996100161,23,17116
docs\inst_test\instancias\n_1000_6,300,20,7,10,0.2000,42,9996100341,9996100155,24,17116
docs\inst_test\instancias\n_1000_6,300,20,7,10,0.2000,123,9996100344,9996100077,24,17116
docs\inst_test\instancias\n_1000_6,300,20,7,10,0.2000,2026,9996100340,9996100107,24,17116
docs\inst_test\instancias\n_1000_6,300,20,7,10,0.3000,42,9996100342,9996100137,24,17116
docs\inst_test\instancias\n_1000_6,300,20,7,10,0.3000,123,9996100344,9996100077,25,17116
docs\inst_test\instancias\n_1000_6,300,20,7,10,0.3000,2026,9996100344,9996100131,24,17116
docs\inst_test\instancias\n_1000_6,300,20,7,20,0.1000,42,9996100338,9996100114,22,17116
docs\inst_test\instancias\n_1000_6,300,20,7,20,0.1000,123,9996100338,9996100114,22,17116
docs\inst_test\instancias\n_1000_6,300,20,7,20,0.1000,2026,9996100338,9996100114,22,17116
docs\inst_test\instancias\n_1000_6,300,20,7,20,0.2000,42,9996100341,9996100155,22,17116
docs\inst_test\instancias\n_1000_6,300,20,7,20,0.2000,123,9996100338,9996100114,21,17116
docs\inst_test\instancias\n_1000_6,300,20,7,20,0.2000,2026,9996100338,9996100114,22,17116
docs\inst_test\instancias\n_1000_6,300,20,7,20,0.3000,42,9996100342,9996100137,20,17116
docs\inst_test\instancias\n_1000_6,300,20,7,20,0.3000,123,9996100338,9996100114,22,17116
docs\inst_test\instancias\n_1000_6,300,20,7,20,0.3000,2026,9996100344,9996100131,22,17116
docs\inst_test\instancias\n_1000_6,300,20,10,5,0.1000,42,9996100340,9996100161,28,17116
docs\inst_test\instancias\n_1000_6,300,20,10,5,0.1000,123,9996100344,9996100077,28,17116
docs\inst_test\instancias\n_1000_6,300,20,10,5,0.1000,2026,9996100340,9996100161,27,17116
docs\inst_test\instancias\n_1000_6,300,20,10,5,0.2000,42,9996100342,9996100137,28,17116
docs\inst_test\instancias\n_1000_6,300,20,10,5,0.2000,123,9996100344,9996100077,27,17116
docs\inst_test\instancias\n_1000_6,300,20,10,5,0.2000,2026,9996100340,9996100107,27,17116
docs\inst_test\instancias\n_1000_6,300,20,10,5,0.3000,42,9996100342,9996100137,29,17116
docs\inst_test\instancias\n_1000_6,300,20,10,5,0.3000,123,9996100344,9996100077,28,17116
docs\inst_test\instancias\n_1000_6,300,20,10,5,0.3000,2026,9996100344,9996100131,28,17116
docs\inst_test\instancias\n_1000_6,300,20,10,10,0.1000,42,9996100340,9996100161,23,17116
docs\inst_test\instancias\n_1000_6,300,20,10,10,0.1000,123,9996100344,9996100077,23,17116
docs\inst_test\instancias\n_1000_6,300,20,10,10,0.1000,2026,9996100340,9996100161,23,17116
docs\inst_test\instancias\n_1000_6,300,20,10,10,0.2000,42,9996100341,9996100155,24,17116
docs\inst_test\instancias\n_1000_6,300,20,10,10,0.2000,123,9996100344,9996100077,24,17116
docs\inst_test\instancias\n_1000_6,300,20,10,10,0.2000,2026,9996100340,9996100107,23,17116
docs\inst_test\instancias\n_1000_6,300,20,10,10,0.3000,42,9996100342,9996100137,23,17116
docs\inst_test\instancias\n_1000_6,300,20,10,10,0.3000,123,9996100344,9996100077,23,17116
docs\inst_test\instancias\n_1000_6,300,20,10,10,0.3000,2026,9996100344,9996100131,23,17116
docs\inst_test\instancias\n_1000_6,300,20,10,20,0.1000,42,9996100338,9996100114,21,17116
docs\inst_test\instancias\n_1000_6,300,20,10,20,0.1000,123,9996100338,9996100114,22,17116
docs\inst_test\instancias\n_1000_6,300,20,10,20,0.1000,2026,9996100338,9996100114,21,17116
docs\inst_test\instancias\n_1000_6,300,20,10,20,0.2000,42,9996100341,9996100155,21,17116
docs\inst_test\instancias\n_1000_6,300,20,10,20,0.2000,123,9996100338,9996100114,22,17116
docs\inst_test\instancias\n_1000_6,300,20,10,20,0.2000,2026,9996100338,9996100114,21,17116
docs\inst_test\instancias\n_1000_6,300,20,10,20,0.3000,42,9996100342,9996100137,21,17116
docs\inst_test\instancias\n_1000_6,300,20,10,20,0.3000,123,9996100338,9996100114,21,17116
docs\inst_test\instancias\n_1000_6,300,20,10,20,0.3000,2026,9996100344,9996100131,22,17116
docs\inst_test\instancias\n_1000_6,300,20,15,5,0.1000,42,9996100340,9996100161,27,17116
docs\inst_test\instancias\n_1000_6,300,20,15,5,0.1000,123,9996100344,9996100077,29,17116
docs\inst_test\instancias\n_1000_6,300,20,15,5,0.1000,2026,9996100340,9996100161,27,17116
docs\inst_test\instancias\n_1000_6,300,20,15,5,0.2000,42,9996100342,9996100137,28,17116
docs\inst_test\instancias\n_1000_6,300,20,15,5,0.2000,123,9996100344,9996100077,26,17116
docs\inst_test\instancias\n_1000_6,300,20,15,5,0.2000,2026,9996100340,9996100107,28,17116
docs\inst_test\instancias\n_1000_6,300,20,15,5,0.3000,42,9996100342,9996100137,27,17116
docs\inst_test\instancias\n_1000_6,300,20,15,5,0.3000,123,9996100344,9996100077,29,17116
docs\inst_test\instancias\n_1000_6,300,20,15,5,0.3000,2026,9996100344,9996100131,28,17116
docs\inst_test\instancias\n_1000_6,300,20,15,10,0.1000,42,9996100340,9996100161,24,17116
docs\inst_test\instancias\n_1000_6,300,20,15,10,0.1000,123,9996100344,9996100077,24,17116
docs\inst_test\instancias\n_1000_6,300,20,15,10,0.1000,2026,9996100340,9996100161,24,17116
docs\inst_test\instancias\n_1000_6,300,20,15,10,0.2000,42,9996100341,9996100155,23,17116
docs\inst_test\instancias\n_1000_6,300,20,15,10,0.2000,123,9996100344,9996100077,22,17116
docs\inst_test\instancias\n_1000_6,300,20,15,10,0.2000,2026,9996100340,9996100107,23,17116
docs\inst_test\instancias\n_1000_6,300,20,15,10,0.3000,42,9996100342,9996100137,24,17116
docs\inst_test\instancias\n_1000_6,300,20,15,10,0.3000,123,9996100344,9996100077,23,17116
docs\inst_test\instancias\n_1000_6,300,20,15,10,0.3000,2026,9996100344,9996100131,24,17116
docs\inst_test\instancias\n_1000_6,300,20,15,20,0.1000,42,9996100338,9996100114,21,17116
docs\inst_test\instancias\n_1000_6,300,20,15,20,0.1000,123,9996100338,9996100114,21,17116
docs\inst_test\instancias\n_1000_6,300,20,15,20,0.1000,2026,9996100338,9996100114,21,17116
docs\inst_test\instancias\n_1000_6,300,20,15,20,0.2000,42,9996100341,9996100155,22,17116
docs\inst_test\instancias\n_1000_6,300,20,15,20,0.2000,123,9996100338,9996100114,22,17116
docs\inst_test\instancias\n_1000_6,300,20,15,20,0.2000,2026,9996100338,9996100114,21,17116
docs\inst_test\instancias\n_1000_6,300,20,15,20,0.3000,42,9996100342,9996100137,22,17116
docs\inst_test\instancias\n_1000_6,300,20,15,20,0.3000,123,9996100338,9996100114,21,17116
docs\inst_test\instancias\n_1000_6,300,20,15,20,0.3000,2026,9996100344,9996100131,22,17116
docs\inst_test\instancias\n_1000_6,500,10,7,5,0.1000,42,9996100340,9996100161,45,17116
docs\inst_test\instancias\n_1000_6,500,10,7,5,0.1000,123,9996100344,9996100077,46,17116
docs\inst_test\instancias\n_1000_6,500,10,7,5,0.1000,2026,9996100340,9996100161,45,17116
docs\inst_test\instancias\n_1000_6,500,10,7,5,0.2000,42,9996100344,9996100110,46,17116
docs\inst_test\instancias\n_1000_6,500,10,7,5,0.2000,123,9996100344,9996100077,48,17116
docs\inst_test\instancias\n_1000_6,500,10,7,5,0.2000,2026,9996100340,9996100107,46,17116
docs\inst_test\instancias\n_1000_6,500,10,7,5,0.3000,42,9996100344,9996100110,45,17116
docs\inst_test\instancias\n_1000_6,500,10,7,5,0.3000,123,9996100344,9996100077,46,17116
docs\inst_test\instancias\n_1000_6,500,10,7,5,0.3000,2026,9996100344,9996100131,46,17116
docs\inst_test\instancias\n_1000_6,500,10,7,10,0.1000,42,9996100340,9996100161,39,17116
docs\inst_test\instancias\n_1000_6,500,10,7,10,0.1000,123,9996100344,9996100077,40,17116
docs\inst_test\instancias\n_1000_6,500,10,7,10,0.1000,2026,9996100340,9996100161,39,17116
docs\inst_test\instancias\n_1000_6,500,10,7,10,0.2000,42,9996100341,9996100155,40,17116
docs\inst_test\instancias\n_1000_6,500,10,7,10,0.2000,123,9996100344,9996100077,39,17116
docs\inst_test\instancias\n_1000_6,500,10,7,10,0.2000,2026,9996100340,9996100107,39,17116
docs\inst_test\instancias\n_1000_6,500,10,7,10,0.3000,42,9996100342,9996100137,39,17116
docs\inst_test\instancias\n_1000_6,500,10,7,10,0.3000,123,9996100344,9996100077,40,17116
docs\inst_test\instancias\n_1000_6,500,10,7,10,0.3000,2026,9996100344,9996100131,39,17116
docs\inst_test\instancias\n_1000_6,500,10,7,20,0.1000,42,9996100338,9996100114,35,17116
docs\inst_test\instancias\n_1000_6,500,10,7,20,0.1000,123,9996100338,9996100114,35,17116
docs\inst_test\instancias\n_1000_6,500,10,7,20,0.1000,2026,9996100340,9996100161,35,17116
docs\inst_test\instancias\n_1000_6,500,10,7,20,0.2000,42,9996100341,9996100155,37,17116
docs\inst_test\instancias\n_1000_6,500,10,7,20,0.2000,123,9996100338,9996100114,36,17116
docs\inst_test\instancias\n_1000_6,500,10,7,20,0.2000,2026,9996100340,9996100107,36,17116
docs\inst_test\instancias\n_1000_6,500,10,7,20,0.3000,42,9996100342,9996100137,36,17116
docs\inst_test\instancias\n_1000_6,500,10,7,20,0.3000,123,9996100338,9996100114,36,17116
docs\inst_test\instancias\n_1000_6,500,10,7,20,0.3000,2026,9996100344,9996100131,35,17116
docs\inst_test\instancias\n_1000_6,500,10,10,5,0.1000,42,9996100340,9996100161,45,17116
docs\inst_test\instancias\n_1000_6,500,10,10,5,0.1000,123,9996100344,9996100077,45,17116
docs\inst_test\instancias\n_1000_6,500,10,10,5,0.1000,2026,9996100340,9996100161,44,17116
docs\inst_test\instancias\n_1000_6,500,10,10,5,0.2000,42,9996100344,9996100110,45,17116
docs\inst_test\instancias\n_1000_6,500,10,10,5,0.2000,123,9996100344,9996100077,47,17116
docs\inst_test\instancias\n_1000_6,500,10,10,5,0.2000,2026,9996100340,9996100107,45,17116
docs\inst_test\instancias\n_1000_6,500,10,10,5,0.3000,42,9996100344,9996100110,47,17116
docs\inst_test\instancias\n_1000_6,500,10,10,5,0.3000,123,9996100344,9996100077,46,17116
docs\inst_test\instancias\n_1000_6,500,10,10,5,0.3000,2026,9996100344,9996100131,47,17116
docs\inst_test\instancias\n_1000_6,500,10,10,10,0.1000,42,9996100340,9996100161,40,17116
docs\inst_test\instancias\n_1000_6,500,10,10,10,0.1000,123,9996100344,9996100077,40,17116
docs\inst_test\instancias\n_1000_6,500,10,10,10,0.1000,2026,9996100340,9996100161,40,17116
docs\inst_test\instancias\n_1000_6,500,10,10,10,0.2000,42,9996100341,9996100155,41,17116
docs\inst_test\instancias\n_1000_6,500,10,10,10,0.2000,123,9996100344,9996100077,40,17116
docs\inst_test\instancias\n_1000_6,500,10,10,10,0.2000,2026,9996100340,9996100107,39,17116
docs\inst_test\instancias\n_1000_6,500,10,10,10,0.3000,42,9996100342,9996100137,39,17116
docs\inst_test\instancias\n_1000_6,500,10,10,10,0.3000,123,9996100344,9996100077,40,17116
docs\inst_test\instancias\n_1000_6,500,10,10,10,0.3000,2026,9996100344,9996100131,40,17116
docs\inst_test\instancias\n_1000_6,500,10,10,20,0.1000,42,9996100338,9996100114,36,17116
docs\inst_test\instancias\n_1000_6,500,10,10,20,0.1000,123,9996100338,9996100114,35,17116
docs\inst_test\instancias\n_1000_6,500,10,10,20,0.1000,2026,9996100340,9996100161,36,17116
docs\inst_test\instancias\n_1000_6,500,10,10,20,0.2000,42,9996100341,9996100155,36,17116
docs\inst_test\instancias\n_1000_6,500,10,10,20,0.2000,123,9996100338,9996100114,35,17116
docs\inst_test\instancias\n_1000_6,500,10,10,20,0.2000,2026,9996100340,9996100107,36,17116
docs\inst_test\instancias\n_1000_6,500,10,10,20,0.3000,42,9996100342,9996100137,35,17116
docs\inst_test\instancias\n_1000_6,500,10,10,20,0.3000,123,9996100338,9996100114,36,17116
docs\inst_test\instancias\n_1000_6,500,10,10,20,0.3000,2026,9996100344,9996100131,36,17116
docs\inst_test\instancias\n_1000_6,500,10,15,5,0.1000,42,9996100340,9996100161,46,17116
docs\inst_test\instancias\n_1000_6,500,10,15,5,0.1000,123,9996100344,9996100077,47,17116
docs\inst_test\instancias\n_1000_6,500,10,15,5,0.1000,2026,9996100340,9996100161,47,17116
docs\inst_test\instancias\n_1000_6,500,10,15,5,0.2000,42,9996100344,9996100110,46,17116
docs\inst_test\instancias\n_1000_6,500,10,15,5,0.2000,123,9996100344,9996100077,46,17116
docs\inst_test\instancias\n_1000_6,500,10,15,5,0.2000,2026,9996100340,9996100107,46,17116
docs\inst_test\instancias\n_1000_6,500,10,15,5,0.3000,42,9996100344,9996100110,46,17116
docs\inst_test\instancias\n_1000_6,500,10,15,5,0.3000,123,9996100344,9996100077,47,17116
docs\inst_test\instancias\n_1000_6,500,10,15,5,0.3000,2026,9996100344,9996100131,46,17116
docs\inst_test\instancias\n_1000_6,500,10,15,10,0.1000,42,9996100340,9996100161,39,17116
docs\inst_test\instancias\n_1000_6,500,10,15,10,0.1000,123,9996100344,9996100077,40,17116
docs\inst_test\instancias\n_1000_6,500,10,15,10,0.1000,2026,9996100340,9996100161,39,17116
docs\inst_test\instancias\n_1000_6,500,10,15,10,0.2000,42,9996100341,9996100155,41,17116
docs\inst_test\instancias\n_1000_6,500,10,15,10,0.2000,123,9996100344,9996100077,38,17116
docs\inst_test\instancias\n_1000_6,500,10,15,10,0.2000,2026,9996100340,9996100107,39,17116
docs\inst_test\instancias\n_1000_6,500,10,15,10,0.3000,42,9996100342,9996100137,39,17116
docs\inst_test\instancias\n_1000_6,500,10,15,10,0.3000,123,9996100344,9996100077,39,17116
docs\inst_test\instancias\n_1000_6,500,10,15,10,0.3000,2026,9996100344,9996100131,40,17116
docs\inst_test\instancias\n_1000_6,500,10,15,20,0.1000,42,9996100338,9996100114,37,17116
docs\inst_test\instancias\n_1000_6,500,10,15,20,0.1000,123,9996100338,9996100114,36,17116
docs\inst_test\instancias\n_1000_6,500,10,15,20,0.1000,2026,9996100340,9996100161,36,17116
docs\inst_test\instancias\n_1000_6,500,10,15,20,0.2000,42,9996100341,9996100155,36,17116
docs\inst_test\instancias\n_1000_6,500,10,15,20,0.2000,123,9996100338,9996100114,35,17116
docs\inst_test\instancias\n_1000_6,500,10,15,20,0.2000,2026,9996100340,9996100107,36,17116
docs\inst_test\instancias\n_1000_6,500,10,15,20,0.3000,42,9996100342,9996100137,36,17116
docs\inst_test\instancias\n_1000_6,500,10,15,20,0.3000,123,9996100338,9996100114,37,17116
docs\inst_test\instancias\n_1000_6,500,10,15,20,0.3000,2026,9996100344,9996100131,35,17116
docs\inst_test\instancias\n_1000_6,500,15,7,5,0.1000,42,9996100340,9996100161,46,17116
docs\inst_test\instancias\n_1000_6,500,15,7,5,0.1000,123,9996100344,9996100077,47,17116
docs\inst_test\instancias\n_1000_6,500,15,7,5,0.1000,2026,9996100340,9996100161,41,17116
docs\inst_test\instancias\n_1000_6,500,15,7,5,0.2000,42,9996100344,9996100110,42,17116
docs\inst_test\instancias\n_1000_6,500,15,7,5,0.2000,123,9996100344,9996100077,41,17116
docs\inst_test\instancias\n_1000_6,500,15,7,5,0.2000,2026,9996100340,9996100107,41,17116
docs\inst_test\instancias\n_1000_6,500,15,7,5,0.3000,42,9996100344,9996100110,41,17116
docs\inst_test\instancias\n_1000_6,500,15,7,5,0.3000,123,9996100344,9996100077,42,17116
docs\inst_test\instancias\n_1000_6,500,15,7,5,0.3000,2026,9996100344,9996100131,42,17116
docs\inst_test\instancias\n_1000_6,500,15,7,10,0.1000,42,9996100340,9996100161,35,17116
docs\inst_test\instancias\n_1000_6,500,15,7,10,0.1000,123,9996100344,9996100077,35,17116
docs\inst_test\instancias\n_1000_6,500,15,7,10,0.1000,2026,9996100340,9996100161,34,17116
docs\inst_test\instancias\n_1000_6,500,15,7,10,0.2000,42,9996100341,9996100155,35,17116
docs\inst_test\instancias\n_1000_6,500,15,7,10,0.2000,123,9996100344,9996100077,35,17116
docs\inst_test\instancias\n_1000_6,500,15,7,10,0.2000,2026,9996100340,9996100107,35,17116
docs\inst_test\instancias\n_1000_6,500,15,7,10,0.3000,42,9996100342,9996100137,35,17116
docs\inst_test\instancias\n_1000_6,500,15,7,10,0.3000,123,9996100344,9996100077,36,17116
docs\inst_test\instancias\n_1000_6,500,15,7,10,0.3000,2026,9996100344,9996100131,35,17116
docs\inst_test\instancias\n_1000_6,500,15,7,20,0.1000,42,9996100338,9996100114,31,17116
docs\inst_test\instancias\n_1000_6,500,15,7,20,0.1000,123,9996100338,9996100114,32,17116
docs\inst_test\instancias\n_1000_6,500,15,7,20,0.1000,2026,9996100340,9996100161,31,17116
docs\inst_test\instancias\n_1000_6,500,15,7,20,0.2000,42,9996100341,9996100155,32,17116
docs\inst_test\instancias\n_1000_6,500,15,7,20,0.2000,123,9996100338,9996100114,31,17116
docs\inst_test\instancias\n_1000_6,500,15,7,20,0.2000,2026,9996100340,9996100107,31,17116
docs\inst_test\instancias\n_1000_6,500,15,7,20,0.3000,42,9996100342,9996100137,32,17116
docs\inst_test\instancias\n_1000_6,500,15,7,20,0.3000,123,9996100338,9996100114,31,17116
docs\inst_test\instancias\n_1000_6,500,15,7,20,0.3000,2026,9996100344,9996100131,32,17116
docs\inst_test\instancias\n_1000_6,500,15,10,5,0.1000,42,9996100340,9996100161,42,17116
docs\inst_test\instancias\n_1000_6,500,15,10,5,0.1000,123,9996100344,9996100077,43,17116
docs\inst_test\instancias\n_1000_6,500,15,10,5,0.1000,2026,9996100340,9996100161,41,17116
docs\inst_test\instancias\n_1000_6,500,15,10,5,0.2000,42,9996100344,9996100110,41,17116
docs\inst_test\instancias\n_1000_6,500,15,10,5,0.2000,123,9996100344,9996100077,42,17116
docs\inst_test\instancias\n_1000_6,500,15,10,5,0.2000,2026,9996100340,9996100107,41,17116
docs\inst_test\instancias\n_1000_6,500,15,10,5,0.3000,42,9996100344,9996100110,42,17116
docs\inst_test\instancias\n_1000_6,500,15,10,5,0.3000,123,9996100344,9996100077,41,17116
docs\inst_test\instancias\n_1000_6,500,15,10,5,0.3000,2026,9996100344,9996100131,41,17116
docs\inst_test\instancias\n_1000_6,500,15,10,10,0.1000,42,9996100340,9996100161,36,17116
docs\inst_test\instancias\n_1000_6,500,15,10,10,0.1000,123,9996100344,9996100077,35,17116
docs\inst_test\instancias\n_1000_6,500,15,10,10,0.1000,2026,9996100340,9996100161,34,17116
docs\inst_test\instancias\n_1000_6,500,15,10,10,0.2000,42,9996100341,9996100155,34,17116
docs\inst_test\instancias\n_1000_6,500,15,10,10,0.2000,123,9996100344,9996100077,35,17116
docs\inst_test\instancias\n_1000_6,500,15,10,10,0.2000,2026,9996100340,9996100107,34,17116
docs\inst_test\instancias\n_1000_6,500,15,10,10,0.3000,42,9996100342,9996100137,35,17116
docs\inst_test\instancias\n_1000_6,500,15,10,10,0.3000,123,9996100344,9996100077,36,17116
docs\inst_test\instancias\n_1000_6,500,15,10,10,0.3000,2026,9996100344,9996100131,36,17116
docs\inst_test\instancias\n_1000_6,500,15,10,20,0.1000,42,9996100338,9996100114,31,17116
docs\inst_test\instancias\n_1000_6,500,15,10,20,0.1000,123,9996100338,9996100114,32,17116
docs\inst_test\instancias\n_1000_6,500,15,10,20,0.1000,2026,9996100340,9996100161,31,17116
docs\inst_test\instancias\n_1000_6,500,15,10,20,0.2000,42,9996100341,9996100155,31,17116
docs\inst_test\instancias\n_1000_6,500,15,10,20,0.2000,123,9996100338,9996100114,32,17116
docs\inst_test\instancias\n_1000_6,500,15,10,20,0.2000,2026,9996100340,9996100107,31,17116
docs\inst_test\instancias\n_1000_6,500,15,10,20,0.3000,42,9996100342,9996100137,32,17116
docs\inst_test\instancias\n_1000_6,500,15,10,20,0.3000,123,9996100338,9996100114,31,17116
docs\inst_test\instancias\n_1000_6,500,15,10,20,0.3000,2026,9996100344,9996100131,32,17116
docs\inst_test\instancias\n_1000_6,500,15,15,5,0.1000,42,9996100340,9996100161,41,17116
docs\inst_test\instancias\n_1000_6,500,15,15,5,0.1000,123,9996100344,9996100077,42,17116
docs\inst_test\instancias\n_1000_6,500,15,15,5,0.1000,2026,9996100340,9996100161,42,17116
docs\inst_test\instancias\n_1000_6,500,15,15,5,0.2000,42,9996100344,9996100110,43,17116
docs\inst_test\instancias\n_1000_6,500,15,15,5,0.2000,123,9996100344,9996100077,42,17116
docs\inst_test\instancias\n_1000_6,500,15,15,5,0.2000,2026,9996100340,9996100107,41,17116
docs\inst_test\instancias\n_1000_6,500,15,15,5,0.3000,42,9996100344,9996100110,42,17116
docs\inst_test\instancias\n_1000_6,500,15,15,5,0.3000,123,9996100344,9996100077,41,17116
docs\inst_test\instancias\n_1000_6,500,15,15,5,0.3000,2026,9996100344,9996100131,43,17116
docs\inst_test\instancias\n_1000_6,500,15,15,10,0.1000,42,9996100340,9996100161,34,17116
docs\inst_test\instancias\n_1000_6,500,15,15,10,0.1000,123,9996100344,9996100077,35,17116
docs\inst_test\instancias\n_1000_6,500,15,15,10,0.1000,2026,9996100340,9996100161,34,17116
docs\inst_test\instancias\n_1000_6,500,15,15,10,0.2000,42,9996100341,9996100155,36,17116
docs\inst_test\instancias\n_1000_6,500,15,15,10,0.2000,123,9996100344,9996100077,35,17116
docs\inst_test\instancias\n_1000_6,500,15,15,10,0.2000,2026,9996100340,9996100107,35,17116
docs\inst_test\instancias\n_1000_6,500,15,15,10,0.3000,42,9996100342,9996100137,36,17116
docs\inst_test\instancias\n_1000_6,500,15,15,10,0.3000,123,9996100344,9996100077,35,17116
docs\inst_test\instancias\n_1000_6,500,15,15,10,0.3000,2026,9996100344,9996100131,35,17116
docs\inst_test\instancias\n_1000_6,500,15,15,20,0.1000,42,9996100338,9996100114,31,17116
docs\inst_test\instancias\n_1000_6,500,15,15,20,0.1000,123,9996100338,9996100114,31,17116
docs\inst_test\instancias\n_1000_6,500,15,15,20,0.1000,2026,9996100340,9996100161,32,17116
docs\inst_test\instancias\n_1000_6,500,15,15,20,0.2000,42,9996100341,9996100155,31,17116
docs\inst_test\instancias\n_1000_6,500,15,15,20,0.2000,123,9996100338,9996100114,31,17116
docs\inst_test\instancias\n_1000_6,500,15,15,20,0.2000,2026,9996100340,9996100107,32,17116
docs\inst_test\instancias\n_1000_6,500,15,15,20,0.3000,42,9996100342,9996100137,32,17116
docs\inst_test\instancias\n_1000_6,500,15,15,20,0.3000,123,9996100338,9996100114,31,17116
docs\inst_test\instancias\n_1000_6,500,15,15,20,0.3000,2026,9996100344,9996100131,32,17116
docs\inst_test\instancias\n_1000_6,500,20,7,5,0.1000,42,9996100340,9996100161,42,17116
docs\inst_test\instancias\n_1000_6,500,20,7,5,0.1000,123,9996100344,9996100077,42,17116
docs\inst_test\instancias\n_1000_6,500,20,7,5,0.1000,2026,9996100340,9996100161,43,17116
docs\inst_test\instancias\n_1000_6,500,20,7,5,0.2000,42,9996100344,9996100110,41,17116
docs\inst_test\instancias\n_1000_6,500,20,7,5,0.2000,123,9996100344,9996100077,42,17116
docs\inst_test\instancias\n_1000_6,500,20,7,5,0.2000,2026,9996100340,9996100107,42,17116
docs\inst_test\instancias\n_1000_6,500,20,7,5,0.3000,42,9996100344,9996100110,42,17116
docs\inst_test\instancias\n_1000_6,500,20,7,5,0.3000,123,9996100344,9996100077,42,17116
docs\inst_test\instancias\n_1000_6,500,20,7,5,0.3000,2026,9996100344,9996100131,42,17116
docs\inst_test\instancias\n_1000_6,500,20,7,10,0.1000,42,9996100340,9996100161,33,17116
docs\inst_test\instancias\n_1000_6,500,20,7,10,0.1000,123,9996100344,9996100077,36,17116
docs\inst_test\instancias\n_1000_6,500,20,7,10,0.1000,2026,9996100340,9996100161,34,17116
docs\inst_test\instancias\n_1000_6,500,20,7,10,0.2000,42,9996100341,9996100155,36,17116
docs\inst_test\instancias\n_1000_6,500,20,7,10,0.2000,123,9996100344,9996100077,35,17116
docs\inst_test\instancias\n_1000_6,500,20,7,10,0.2000,2026,9996100340,9996100107,34,17116
docs\inst_test\instancias\n_1000_6,500,20,7,10,0.3000,42,9996100342,9996100137,34,17116
docs\inst_test\instancias\n_1000_6,500,20,7,10,0.3000,123,9996100344,9996100077,35,17116
docs\inst_test\instancias\n_1000_6,500,20,7,10,0.3000,2026,9996100344,9996100131,35,17116
docs\inst_test\instancias\n_1000_6,500,20,7,20,0.1000,42,9996100338,9996100114,31,17116
docs\inst_test\instancias\n_1000_6,500,20,7,20,0.1000,123,9996100338,9996100114,32,17116
docs\inst_test\instancias\n_1000_6,500,20,7,20,0.1000,2026,9996100340,9996100161,31,17116
docs\inst_test\instancias\n_1000_6,500,20,7,20,0.2000,42,9996100341,9996100155,31,17116
docs\inst_test\instancias\n_1000_6,500,20,7,20,0.2000,123,9996100338,9996100114,31,17116
docs\inst_test\instancias\n_1000_6,500,20,7,20,0.2000,2026,9996100340,9996100107,31,17116
docs\inst_test\instancias\n_1000_6,500,20,7,20,0.3000,42,9996100342,9996100137,31,17116
docs\inst_test\instancias\n_1000_6,500,20,7,20,0.3000,123,9996100338,9996100114,31,17116
docs\inst_test\instancias\n_1000_6,500,20,7,20,0.3000,2026,9996100344,9996100131,32,17116
docs\inst_test\instancias\n_1000_6,500,20,10,5,0.1000,42,9996100340,9996100161,40,17116
docs\inst_test\instancias\n_1000_6,500,20,10,5,0.1000,123,9996100344,9996100077,42,17116
docs\inst_test\instancias\n_1000_6,500,20,10,5,0.1000,2026,9996100340,9996100161,41,17116
docs\inst_test\instancias\n_1000_6,500,20,10,5,0.2000,42,9996100344,9996100110,42,17116
docs\inst_test\instancias\n_1000_6,500,20,10,5,0.2000,123,9996100344,9996100077,42,17116
docs\inst_test\instancias\n_1000_6,500,20,10,5,0.2000,2026,9996100340,9996100107,42,17116
docs\inst_test\instancias\n_1000_6,500,20,10,5,0.3000,42,9996100344,9996100110,41,17116
docs\inst_test\instancias\n_1000_6,500,20,10,5,0.3000,123,9996100344,9996100077,43,17116
docs\inst_test\instancias\n_1000_6,500,20,10,5,0.3000,2026,9996100344,9996100131,42,17116
docs\inst_test\instancias\n_1000_6,500,20,10,10,0.1000,42,9996100340,9996100161,35,17116
docs\inst_test\instancias\n_1000_6,500,20,10,10,0.1000,123,9996100344,9996100077,36,17116
docs\inst_test\instancias\n_1000_6,500,20,10,10,0.1000,2026,9996100340,9996100161,35,17116
docs\inst_test\instancias\n_1000_6,500,20,10,10,0.2000,42,9996100341,9996100155,35,17116
docs\inst_test\instancias\n_1000_6,500,20,10,10,0.2000,123,9996100344,9996100077,34,17116
docs\inst_test\instancias\n_1000_6,500,20,10,10,0.2000,2026,9996100340,9996100107,34,17116
docs\inst_test\instancias\n_1000_6,500,20,10,10,0.3000,42,9996100342,9996100137,35,17116
docs\inst_test\instancias\n_1000_6,500,20,10,10,0.3000,123,9996100344,9996100077,37,17116
docs\inst_test\instancias\n_1000_6,500,20,10,10,0.3000,2026,9996100344,9996100131,34,17116
docs\inst_test\instancias\n_1000_6,500,20,10,20,0.1000,42,9996100338,9996100114,32,17116
docs\inst_test\instancias\n_1000_6,500,20,10,20,0.1000,123,9996100338,9996100114,31,17116
docs\inst_test\instancias\n_1000_6,500,20,10,20,0.1000,2026,9996100340,9996100161,31,17116
docs\inst_test\instancias\n_1000_6,500,20,10,20,0.2000,42,9996100341,9996100155,32,17116
docs\inst_test\instancias\n_1000_6,500,20,10,20,0.2000,123,9996100338,9996100114,30,17116
docs\inst_test\instancias\n_1000_6,500,20,10,20,0.2000,2026,9996100340,9996100107,31,17116
docs\inst_test\instancias\n_1000_6,500,20,10,20,0.3000,42,9996100342,9996100137,31,17116
docs\inst_test\instancias\n_1000_6,500,20,10,20,0.3000,123,9996100338,9996100114,31,17116
docs\inst_test\instancias\n_1000_6,500,20,10,20,0.3000,2026,9996100344,9996100131,32,17116
docs\inst_test\instancias\n_1000_6,500,20,15,5,0.1000,42,9996100340,9996100161,42,17116
docs\inst_test\instancias\n_1000_6,500,20,15,5,0.1000,123,9996100344,9996100077,43,17116
docs\inst_test\instancias\n_1000_6,500,20,15,5,0.1000,2026,9996100340,9996100161,44,17116
docs\inst_test\instancias\n_1000_6,500,20,15,5,0.2000,42,9996100344,9996100110,53,17116
docs\inst_test\instancias\n_1000_6,500,20,15,5,0.2000,123,9996100344,9996100077,43,17116
docs\inst_test\instancias\n_1000_6,500,20,15,5,0.2000,2026,9996100340,9996100107,41,17116
docs\inst_test\instancias\n_1000_6,500,20,15,5,0.3000,42,9996100344,9996100110,42,17116
docs\inst_test\instancias\n_1000_6,500,20,15,5,0.3000,123,9996100344,9996100077,42,17116
docs\inst_test\instancias\n_1000_6,500,20,15,5,0.3000,2026,9996100344,9996100131,43,17116
docs\inst_test\instancias\n_1000_6,500,20,15,10,0.1000,42,9996100340,9996100161,34,17116
docs\inst_test\instancias\n_1000_6,500,20,15,10,0.1000,123,9996100344,9996100077,35,17116
docs\inst_test\instancias\n_1000_6,500,20,15,10,0.1000,2026,9996100340,9996100161,35,17116
docs\inst_test\instancias\n_1000_6,500,20,15,10,0.2000,42,9996100341,9996100155,35,17116
docs\inst_test\instancias\n_1000_6,500,20,15,10,0.2000,123,9996100344,9996100077,35,17116
docs\inst_test\instancias\n_1000_6,500,20,15,10,0.2000,2026,9996100340,9996100107,35,17116
docs\inst_test\instancias\n_1000_6,500,20,15,10,0.3000,42,9996100342,9996100137,35,17116
docs\inst_test\instancias\n_1000_6,500,20,15,10,0.3000,123,9996100344,9996100077,35,17116
docs\inst_test\instancias\n_1000_6,500,20,15,10,0.3000,2026,9996100344,9996100131,36,17116
docs\inst_test\instancias\n_1000_6,500,20,15,20,0.1000,42,9996100338,9996100114,31,17116
docs\inst_test\instancias\n_1000_6,500,20,15,20,0.1000,123,9996100338,9996100114,32,17116
docs\inst_test\instancias\n_1000_6,500,20,15,20,0.1000,2026,9996100340,9996100161,33,17116
docs\inst_test\instancias\n_1000_6,500,20,15,20,0.2000,42,9996100341,9996100155,32,17116
docs\inst_test\instancias\n_1000_6,500,20,15,20,0.2000,123,9996100338,9996100114,31,17116
docs\inst_test\instancias\n_1000_6,500,20,15,20,0.2000,2026,9996100340,9996100107,32,17116
docs\inst_test\instancias\n_1000_6,500,20,15,20,0.3000,42,9996100342,9996100137,31,17116
docs\inst_test\instancias\n_1000_6,500,20,15,20,0.3000,123,9996100338,9996100114,31,17116
docs\inst_test\instancias\n_1000_6,500,20,15,20,0.3000,2026,9996100344,9996100131,32,17116
docs\inst_test\instancias\n_1000_7,100,10,7,5,0.1000,42,9996105257,9996103798,9,17626
docs\inst_test\instancias\n_1000_7,100,10,7,5,0.1000,123,9996105257,9996103798,9,17626
docs\inst_test\instancias\n_1000_7,100,10,7,5,0.1000,2026,9996105257,9996103798,9,17626
docs\inst_test\instancias\n_1000_7,100,10,7,5,0.2000,42,9996105257,9996103798,9,17626
docs\inst_test\instancias\n_1000_7,100,10,7,5,0.2000,123,9996105257,9996103798,9,17626
docs\inst_test\instancias\n_1000_7,100,10,7,5,0.2000,2026,9996105257,9996103798,9,17626
docs\inst_test\instancias\n_1000_7,100,10,7,5,0.3000,42,9996105257,9996103798,8,17626
docs\inst_test\instancias\n_1000_7,100,10,7,5,0.3000,123,9996105257,9996103798,9,17626
docs\inst_test\instancias\n_1000_7,100,10,7,5,0.3000,2026,9996105257,9996103798,8,17626
docs\inst_test\instancias\n_1000_7,100,10,7,10,0.1000,42,9996105257,9996103798,8,17626
docs\inst_test\instancias\n_1000_7,100,10,7,10,0.1000,123,9996105257,9996103798,7,17626
docs\inst_test\instancias\n_1000_7,100,10,7,10,0.1000,2026,9996105257,9996103798,8,17626
docs\inst_test\instancias\n_1000_7,100,10,7,10,0.2000,42,9996105257,9996103798,7,17626
docs\inst_test\instancias\n_1000_7,100,10,7,10,0.2000,123,9996105257,9996103798,7,17626
docs\inst_test\instancias\n_1000_7,100,10,7,10,0.2000,2026,9996105257,9996103798,9,17626
docs\inst_test\instancias\n_1000_7,100,10,7,10,0.3000,42,9996105257,9996103798,8,17626
docs\inst_test\instancias\n_1000_7,100,10,7,10,0.3000,123,9996105257,9996103798,7,17626
docs\inst_test\instancias\n_1000_7,100,10,7,10,0.3000,2026,9996105257,9996103798,7,17626
docs\inst_test\instancias\n_1000_7,100,10,7,20,0.1000,42,9996105257,9996103798,8,17626
docs\inst_test\instancias\n_1000_7,100,10,7,20,0.1000,123,9996105257,9996103798,7,17626
docs\inst_test\instancias\n_1000_7,100,10,7,20,0.1000,2026,9996105257,9996103798,7,17626
docs\inst_test\instancias\n_1000_7,100,10,7,20,0.2000,42,9996105257,9996103798,7,17626
docs\inst_test\instancias\n_1000_7,100,10,7,20,0.2000,123,9996105257,9996103798,8,17626
docs\inst_test\instancias\n_1000_7,100,10,7,20,0.2000,2026,9996105257,9996103798,7,17626
docs\inst_test\instancias\n_1000_7,100,10,7,20,0.3000,42,9996105257,9996103798,7,17626
docs\inst_test\instancias\n_1000_7,100,10,7,20,0.3000,123,9996105257,9996103798,7,17626
docs\inst_test\instancias\n_1000_7,100,10,7,20,0.3000,2026,9996105257,9996103798,7,17626
docs\inst_test\instancias\n_1000_7,100,10,10,5,0.1000,42,9996105257,9996103798,10,17626
docs\inst_test\instancias\n_1000_7,100,10,10,5,0.1000,123,9996105257,9996103798,9,17626
docs\inst_test\instancias\n_1000_7,100,10,10,5,0.1000,2026,9996105257,9996103798,8,17626
docs\inst_test\instancias\n_1000_7,100,10,10,5,0.2000,42,9996105257,9996103798,10,17626
docs\inst_test\instancias\n_1000_7,100,10,10,5,0.2000,123,9996105257,9996103798,8,17626
docs\inst_test\instancias\n_1000_7,100,10,10,5,0.2000,2026,9996105257,9996103798,9,17626
docs\inst_test\instancias\n_1000_7,100,10,10,5,0.3000,42,9996105257,9996103798,9,17626
docs\inst_test\instancias\n_1000_7,100,10,10,5,0.3000,123,9996105257,9996103798,9,17626
docs\inst_test\instancias\n_1000_7,100,10,10,5,0.3000,2026,9996105257,9996103798,9,17626
docs\inst_test\instancias\n_1000_7,100,10,10,10,0.1000,42,9996105257,9996103798,8,17626
docs\inst_test\instancias\n_1000_7,100,10,10,10,0.1000,123,9996105257,9996103798,7,17626
docs\inst_test\instancias\n_1000_7,100,10,10,10,0.1000,2026,9996105257,9996103798,9,17626
docs\inst_test\instancias\n_1000_7,100,10,10,10,0.2000,42,9996105257,9996103798,8,17626
docs\inst_test\instancias\n_1000_7,100,10,10,10,0.2000,123,9996105257,9996103798,7,17626
docs\inst_test\instancias\n_1000_7,100,10,10,10,0.2000,2026,9996105257,9996103798,7,17626
docs\inst_test\instancias\n_1000_7,100,10,10,10,0.3000,42,9996105257,9996103798,6,17626
docs\inst_test\instancias\n_1000_7,100,10,10,10,0.3000,123,9996105257,9996103798,8,17626
docs\inst_test\instancias\n_1000_7,100,10,10,10,0.3000,2026,9996105257,9996103798,8,17626
docs\inst_test\instancias\n_1000_7,100,10,10,20,0.1000,42,9996105257,9996103798,7,17626
docs\inst_test\instancias\n_1000_7,100,10,10,20,0.1000,123,9996105257,9996103798,7,17626
docs\inst_test\instancias\n_1000_7,100,10,10,20,0.1000,2026,9996105257,9996103798,7,17626
docs\inst_test\instancias\n_1000_7,100,10,10,20,0.2000,42,9996105257,9996103798,8,17626
docs\inst_test\instancias\n_1000_7,100,10,10,20,0.2000,123,9996105257,9996103798,7,17626
docs\inst_test\instancias\n_1000_7,100,10,10,20,0.2000,2026,9996105257,9996103798,7,17626
docs\inst_test\instancias\n_1000_7,100,10,10,20,0.3000,42,9996105257,9996103798,7,17626
docs\inst_test\instancias\n_1000_7,100,10,10,20,0.3000,123,9996105257,9996103798,7,17626
docs\inst_test\instancias\n_1000_7,100,10,10,20,0.3000,2026,9996105257,9996103798,7,17626
docs\inst_test\instancias\n_1000_7,100,10,15,5,0.1000,42,9996105257,9996103798,9,17626
docs\inst_test\instancias\n_1000_7,100,10,15,5,0.1000,123,9996105257,9996103798,8,17626
docs\inst_test\instancias\n_1000_7,100,10,15,5,0.1000,2026,9996105257,9996103798,9,17626
docs\inst_test\instancias\n_1000_7,100,10,15,5,0.2000,42,9996105257,9996103798,10,17626
docs\inst_test\instancias\n_1000_7,100,10,15,5,0.2000,123,9996105257,9996103798,9,17626
docs\inst_test\instancias\n_1000_7,100,10,15,5,0.2000,2026,9996105257,9996103798,9,17626
docs\inst_test\instancias\n_1000_7,100,10,15,5,0.3000,42,9996105257,9996103798,9,17626
docs\inst_test\instancias\n_1000_7,100,10,15,5,0.3000,123,9996105257,9996103798,9,17626
docs\inst_test\instancias\n_1000_7,100,10,15,5,0.3000,2026,9996105257,9996103798,8,17626
docs\inst_test\instancias\n_1000_7,100,10,15,10,0.1000,42,9996105257,9996103798,8,17626
docs\inst_test\instancias\n_1000_7,100,10,15,10,0.1000,123,9996105257,9996103798,7,17626
docs\inst_test\instancias\n_1000_7,100,10,15,10,0.1000,2026,9996105257,9996103798,7,17626
docs\inst_test\instancias\n_1000_7,100,10,15,10,0.2000,42,9996105257,9996103798,8,17626
docs\inst_test\instancias\n_1000_7,100,10,15,10,0.2000,123,9996105257,9996103798,8,17626
docs\inst_test\instancias\n_1000_7,100,10,15,10,0.2000,2026,9996105257,9996103798,7,17626
docs\inst_test\instancias\n_1000_7,100,10,15,10,0.3000,42,9996105257,9996103798,7,17626
docs\inst_test\instancias\n_1000_7,100,10,15,10,0.3000,123,9996105257,9996103798,8,17626
docs\inst_test\instancias\n_1000_7,100,10,15,10,0.3000,2026,9996105257,9996103798,8,17626
docs\inst_test\instancias\n_1000_7,100,10,15,20,0.1000,42,9996105257,9996103798,7,17626
docs\inst_test\instancias\n_1000_7,100,10,15,20,0.1000,123,9996105257,9996103798,7,17626
docs\inst_test\instancias\n_1000_7,100,10,15,20,0.1000,2026,9996105257,9996103798,7,17626
docs\inst_test\instancias\n_1000_7,100,10,15,20,0.2000,42,9996105257,9996103798,7,17626
docs\inst_test\instancias\n_1000_7,100,10,15,20,0.2000,123,9996105257,9996103798,7,17626
docs\inst_test\instancias\n_1000_7,100,10,15,20,0.2000,2026,9996105257,9996103798,7,17626
docs\inst_test\instancias\n_1000_7,100,10,15,20,0.3000,42,9996105257,9996103798,7,17626
docs\inst_test\instancias\n_1000_7,100,10,15,20,0.3000,123,9996105257,9996103798,7,17626
docs\inst_test\instancias\n_1000_7,100,10,15,20,0.3000,2026,9996105257,9996103798,7,17626
docs\inst_test\instancias\n_1000_7,100,15,7,5,0.1000,42,9996105257,9996103798,9,17626
docs\inst_test\instancias\n_1000_7,100,15,7,5,0.1000,123,9996105257,9996103798,9,17626
docs\inst_test\instancias\n_1000_7,100,15,7,5,0.1000,2026,9996105257,9996103798,10,17626
docs\inst_test\instancias\n_1000_7,100,15,7,5,0.2000,42,9996105257,9996103798,8,17626
docs\inst_test\instancias\n_1000_7,100,15,7,5,0.2000,123,9996105257,9996103798,8,17626
docs\inst_test\instancias\n_1000_7,100,15,7,5,0.2000,2026,9996105257,9996103798,10,17626
docs\inst_test\instancias\n_1000_7,100,15,7,5,0.3000,42,9996105257,9996103798,9,17626
docs\inst_test\instancias\n_1000_7,100,15,7,5,0.3000,123,9996105257,9996103798,8,17626
docs\inst_test\instancias\n_1000_7,100,15,7,5,0.3000,2026,9996105257,9996103798,9,17626
docs\inst_test\instancias\n_1000_7,100,15,7,10,0.1000,42,9996105257,9996103798,8,17626
docs\inst_test\instancias\n_1000_7,100,15,7,10,0.1000,123,9996105257,9996103798,8,17626
docs\inst_test\instancias\n_1000_7,100,15,7,10,0.1000,2026,9996105257,9996103798,7,17626
docs\inst_test\instancias\n_1000_7,100,15,7,10,0.2000,42,9996105257,9996103798,7,17626
docs\inst_test\instancias\n_1000_7,100,15,7,10,0.2000,123,9996105257,9996103798,8,17626
docs\inst_test\instancias\n_1000_7,100,15,7,10,0.2000,2026,9996105257,9996103798,7,17626
docs\inst_test\instancias\n_1000_7,100,15,7,10,0.3000,42,9996105257,9996103798,7,17626
docs\inst_test\instancias\n_1000_7,100,15,7,10,0.3000,123,9996105257,9996103798,8,17626
docs\inst_test\instancias\n_1000_7,100,15,7,10,0.3000,2026,9996105257,9996103798,7,17626
docs\inst_test\instancias\n_1000_7,100,15,7,20,0.1000,42,9996105257,9996103798,7,17626
docs\inst_test\instancias\n_1000_7,100,15,7,20,0.1000,123,9996105257,9996103798,7,17626
docs\inst_test\instancias\n_1000_7,100,15,7,20,0.1000,2026,9996105257,9996103798,7,17626
docs\inst_test\instancias\n_1000_7,100,15,7,20,0.2000,42,9996105257,9996103798,7,17626
docs\inst_test\instancias\n_1000_7,100,15,7,20,0.2000,123,9996105257,9996103798,7,17626
docs\inst_test\instancias\n_1000_7,100,15,7,20,0.2000,2026,9996105257,9996103798,7,17626
docs\inst_test\instancias\n_1000_7,100,15,7,20,0.3000,42,9996105257,9996103798,7,17626
docs\inst_test\instancias\n_1000_7,100,15,7,20,0.3000,123,9996105257,9996103798,6,17626
docs\inst_test\instancias\n_1000_7,100,15,7,20,0.3000,2026,9996105257,9996103798,7,17626
docs\inst_test\instancias\n_1000_7,100,15,10,5,0.1000,42,9996105257,9996103798,9,17626
docs\inst_test\instancias\n_1000_7,100,15,10,5,0.1000,123,9996105257,9996103798,8,17626
docs\inst_test\instancias\n_1000_7,100,15,10,5,0.1000,2026,9996105257,9996103798,9,17626
docs\inst_test\instancias\n_1000_7,100,15,10,5,0.2000,42,9996105257,9996103798,9,17626
docs\inst_test\instancias\n_1000_7,100,15,10,5,0.2000,123,9996105257,9996103798,9,17626
docs\inst_test\instancias\n_1000_7,100,15,10,5,0.2000,2026,9996105257,9996103798,8,17626
docs\inst_test\instancias\n_1000_7,100,15,10,5,0.3000,42,9996105257,9996103798,9,17626
docs\inst_test\instancias\n_1000_7,100,15,10,5,0.3000,123,9996105257,9996103798,9,17626
docs\inst_test\instancias\n_1000_7,100,15,10,5,0.3000,2026,9996105257,9996103798,9,17626
docs\inst_test\instancias\n_1000_7,100,15,10,10,0.1000,42,9996105257,9996103798,8,17626
docs\inst_test\instancias\n_1000_7,100,15,10,10,0.1000,123,9996105257,9996103798,7,17626
docs\inst_test\instancias\n_1000_7,100,15,10,10,0.1000,2026,9996105257,9996103798,8,17626
docs\inst_test\instancias\n_1000_7,100,15,10,10,0.2000,42,9996105257,9996103798,7,17626
docs\inst_test\instancias\n_1000_7,100,15,10,10,0.2000,123,9996105257,9996103798,7,17626
docs\inst_test\instancias\n_1000_7,100,15,10,10,0.2000,2026,9996105257,9996103798,8,17626
docs\inst_test\instancias\n_1000_7,100,15,10,10,0.3000,42,9996105257,9996103798,7,17626
docs\inst_test\instancias\n_1000_7,100,15,10,10,0.3000,123,9996105257,9996103798,8,17626
docs\inst_test\instancias\n_1000_7,100,15,10,10,0.3000,2026,9996105257,9996103798,7,17626
docs\inst_test\instancias\n_1000_7,100,15,10,20,0.1000,42,9996105257,9996103798,7,17626
docs\inst_test\instancias\n_1000_7,100,15,10,20,0.1000,123,9996105257,9996103798,7,17626
docs\inst_test\instancias\n_1000_7,100,15,10,20,0.1000,2026,9996105257,9996103798,7,17626
docs\inst_test\instancias\n_1000_7,100,15,10,20,0.2000,42,9996105257,9996103798,6,17626
docs\inst_test\instancias\n_1000_7,100,15,10,20,0.2000,123,9996105257,9996103798,7,17626
docs\inst_test\instancias\n_1000_7,100,15,10,20,0.2000,2026,9996105257,9996103798,7,17626
docs\inst_test\instancias\n_1000_7,100,15,10,20,0.3000,42,9996105257,9996103798,7,17626
docs\inst_test\instancias\n_1000_7,100,15,10,20,0.3000,123,9996105257,9996103798,7,17626
docs\inst_test\instancias\n_1000_7,100,15,10,20,0.3000,2026,9996105257,9996103798,7,17626
docs\inst_test\instancias\n_1000_7,100,15,15,5,0.1000,42,9996105257,9996103798,8,17626
docs\inst_test\instancias\n_1000_7,100,15,15,5,0.1000,123,9996105257,9996103798,9,17626
docs\inst_test\instancias\n_1000_7,100,15,15,5,0.1000,2026,9996105257,9996103798,9,17626
docs\inst_test\instancias\n_1000_7,100,15,15,5,0.2000,42,9996105257,9996103798,9,17626
docs\inst_test\instancias\n_1000_7,100,15,15,5,0.2000,123,9996105257,9996103798,9,17626
docs\inst_test\instancias\n_1000_7,100,15,15,5,0.2000,2026,9996105257,9996103798,9,17626
docs\inst_test\instancias\n_1000_7,100,15,15,5,0.3000,42,9996105257,9996103798,9,17626
docs\inst_test\instancias\n_1000_7,100,15,15,5,0.3000,123,9996105257,9996103798,9,17626
docs\inst_test\instancias\n_1000_7,100,15,15,5,0.3000,2026,9996105257,9996103798,10,17626
docs\inst_test\instancias\n_1000_7,100,15,15,10,0.1000,42,9996105257,9996103798,7,17626
docs\inst_test\instancias\n_1000_7,100,15,15,10,0.1000,123,9996105257,9996103798,8,17626
docs\inst_test\instancias\n_1000_7,100,15,15,10,0.1000,2026,9996105257,9996103798,8,17626
docs\inst_test\instancias\n_1000_7,100,15,15,10,0.2000,42,9996105257,9996103798,7,17626
docs\inst_test\instancias\n_1000_7,100,15,15,10,0.2000,123,9996105257,9996103798,8,17626
docs\inst_test\instancias\n_1000_7,100,15,15,10,0.2000,2026,9996105257,9996103798,8,17626
docs\inst_test\instancias\n_1000_7,100,15,15,10,0.3000,42,9996105257,9996103798,7,17626
docs\inst_test\instancias\n_1000_7,100,15,15,10,0.3000,123,9996105257,9996103798,9,17626
docs\inst_test\instancias\n_1000_7,100,15,15,10,0.3000,2026,9996105257,9996103798,8,17626
docs\inst_test\instancias\n_1000_7,100,15,15,20,0.1000,42,9996105257,9996103798,7,17626
docs\inst_test\instancias\n_1000_7,100,15,15,20,0.1000,123,9996105257,9996103798,7,17626
docs\inst_test\instancias\n_1000_7,100,15,15,20,0.1000,2026,9996105257,9996103798,7,17626
docs\inst_test\instancias\n_1000_7,100,15,15,20,0.2000,42,9996105257,9996103798,8,17626
docs\inst_test\instancias\n_1000_7,100,15,15,20,0.2000,123,9996105257,9996103798,6,17626
docs\inst_test\instancias\n_1000_7,100,15,15,20,0.2000,2026,9996105257,9996103798,9,17626
docs\inst_test\instancias\n_1000_7,100,15,15,20,0.3000,42,9996105257,9996103798,7,17626
docs\inst_test\instancias\n_1000_7,100,15,15,20,0.3000,123,9996105257,9996103798,8,17626
docs\inst_test\instancias\n_1000_7,100,15,15,20,0.3000,2026,9996105257,9996103798,7,17626
docs\inst_test\instancias\n_1000_7,100,20,7,5,0.1000,42,9996105257,9996103798,9,17626
docs\inst_test\instancias\n_1000_7,100,20,7,5,0.1000,123,9996105257,9996103798,9,17626
docs\inst_test\instancias\n_1000_7,100,20,7,5,0.1000,2026,9996105257,9996103798,9,17626
docs\inst_test\instancias\n_1000_7,100,20,7,5,0.2000,42,9996105257,9996103798,9,17626
docs\inst_test\instancias\n_1000_7,100,20,7,5,0.2000,123,9996105257,9996103798,9,17626
docs\inst_test\instancias\n_1000_7,100,20,7,5,0.2000,2026,9996105257,9996103798,10,17626
docs\inst_test\instancias\n_1000_7,100,20,7,5,0.3000,42,9996105257,9996103798,9,17626
docs\inst_test\instancias\n_1000_7,100,20,7,5,0.3000,123,9996105257,9996103798,10,17626
docs\inst_test\instancias\n_1000_7,100,20,7,5,0.3000,2026,9996105257,9996103798,9,17626
docs\inst_test\instancias\n_1000_7,100,20,7,10,0.1000,42,9996105257,9996103798,8,17626
docs\inst_test\instancias\n_1000_7,100,20,7,10,0.1000,123,9996105257,9996103798,7,17626
docs\inst_test\instancias\n_1000_7,100,20,7,10,0.1000,2026,9996105257,9996103798,8,17626
docs\inst_test\instancias\n_1000_7,100,20,7,10,0.2000,42,9996105257,9996103798,8,17626
docs\inst_test\instancias\n_1000_7,100,20,7,10,0.2000,123,9996105257,9996103798,8,17626
docs\inst_test\instancias\n_1000_7,100,20,7,10,0.2000,2026,9996105257,9996103798,8,17626
docs\inst_test\instancias\n_1000_7,100,20,7,10,0.3000,42,9996105257,9996103798,8,17626
docs\inst_test\instancias\n_1000_7,100,20,7,10,0.3000,123,9996105257,9996103798,8,17626
docs\inst_test\instancias\n_1000_7,100,20,7,10,0.3000,2026,9996105257,9996103798,8,17626
docs\inst_test\instancias\n_1000_7,100,20,7,20,0.1000,42,9996105257,9996103798,8,17626
docs\inst_test\instancias\n_1000_7,100,20,7,20,0.1000,123,9996105257,9996103798,7,17626
docs\inst_test\instancias\n_1000_7,100,20,7,20,0.1000,2026,9996105257,9996103798,7,17626
docs\inst_test\instancias\n_1000_7,100,20,7,20,0.2000,42,9996105257,9996103798,7,17626
docs\inst_test\instancias\n_1000_7,100,20,7,20,0.2000,123,9996105257,9996103798,8,17626
docs\inst_test\instancias\n_1000_7,100,20,7,20,0.2000,2026,9996105257,9996103798,6,17626
docs\inst_test\instancias\n_1000_7,100,20,7,20,0.3000,42,9996105257,9996103798,7,17626
docs\inst_test\instancias\n_1000_7,100,20,7,20,0.3000,123,9996105257,9996103798,7,17626
docs\inst_test\instancias\n_1000_7,100,20,7,20,0.3000,2026,9996105257,9996103798,8,17626
docs\inst_test\instancias\n_1000_7,100,20,10,5,0.1000,42,9996105257,9996103798,9,17626
docs\inst_test\instancias\n_1000_7,100,20,10,5,0.1000,123,9996105257,9996103798,9,17626
docs\inst_test\instancias\n_1000_7,100,20,10,5,0.1000,2026,9996105257,9996103798,10,17626
docs\inst_test\instancias\n_1000_7,100,20,10,5,0.2000,42,9996105257,9996103798,9,17626
docs\inst_test\instancias\n_1000_7,100,20,10,5,0.2000,123,9996105257,9996103798,8,17626
docs\inst_test\instancias\n_1000_7,100,20,10,5,0.2000,2026,9996105257,9996103798,10,17626
docs\inst_test\instancias\n_1000_7,100,20,10,5,0.3000,42,9996105257,9996103798,9,17626
docs\inst_test\instancias\n_1000_7,100,20,10,5,0.3000,123,9996105257,9996103798,8,17626
docs\inst_test\instancias\n_1000_7,100,20,10,5,0.3000,2026,9996105257,9996103798,9,17626
docs\inst_test\instancias\n_1000_7,100,20,10,10,0.1000,42,9996105257,9996103798,8,17626
docs\inst_test\instancias\n_1000_7,100,20,10,10,0.1000,123,9996105257,9996103798,8,17626
docs\inst_test\instancias\n_1000_7,100,20,10,10,0.1000,2026,9996105257,9996103798,8,17626
docs\inst_test\instancias\n_1000_7,100,20,10,10,0.2000,42,9996105257,9996103798,7,17626
docs\inst_test\instancias\n_1000_7,100,20,10,10,0.2000,123,9996105257,9996103798,9,17626
docs\inst_test\instancias\n_1000_7,100,20,10,10,0.2000,2026,9996105257,9996103798,9,17626
docs\inst_test\instancias\n_1000_7,100,20,10,10,0.3000,42,9996105257,9996103798,7,17626
docs\inst_test\instancias\n_1000_7,100,20,10,10,0.3000,123,9996105257,9996103798,8,17626
docs\inst_test\instancias\n_1000_7,100,20,10,10,0.3000,2026,9996105257,9996103798,8,17626
docs\inst_test\instancias\n_1000_7,100,20,10,20,0.1000,42,9996105257,9996103798,7,17626
docs\inst_test\instancias\n_1000_7,100,20,10,20,0.1000,123,9996105257,9996103798,7,17626
docs\inst_test\instancias\n_1000_7,100,20,10,20,0.1000,2026,9996105257,9996103798,7,17626
docs\inst_test\instancias\n_1000_7,100,20,10,20,0.2000,42,9996105257,9996103798,7,17626
docs\inst_test\instancias\n_1000_7,100,20,10,20,0.2000,123,9996105257,9996103798,7,17626
docs\inst_test\instancias\n_1000_7,100,20,10,20,0.2000,2026,9996105257,9996103798,7,17626
docs\inst_test\instancias\n_1000_7,100,20,10,20,0.3000,42,9996105257,9996103798,7,17626
docs\inst_test\instancias\n_1000_7,100,20,10,20,0.3000,123,9996105257,9996103798,7,17626
docs\inst_test\instancias\n_1000_7,100,20,10,20,0.3000,2026,9996105257,9996103798,6,17626
docs\inst_test\instancias\n_1000_7,100,20,15,5,0.1000,42,9996105257,9996103798,10,17626
docs\inst_test\instancias\n_1000_7,100,20,15,5,0.1000,123,9996105257,9996103798,8,17626
docs\inst_test\instancias\n_1000_7,100,20,15,5,0.1000,2026,9996105257,9996103798,9,17626
docs\inst_test\instancias\n_1000_7,100,20,15,5,0.2000,42,9996105257,9996103798,9,17626
docs\inst_test\instancias\n_1000_7,100,20,15,5,0.2000,123,9996105257,9996103798,9,17626
docs\inst_test\instancias\n_1000_7,100,20,15,5,0.2000,2026,9996105257,9996103798,9,17626
docs\inst_test\instancias\n_1000_7,100,20,15,5,0.3000,42,9996105257,9996103798,8,17626
docs\inst_test\instancias\n_1000_7,100,20,15,5,0.3000,123,9996105257,9996103798,9,17626
docs\inst_test\instancias\n_1000_7,100,20,15,5,0.3000,2026,9996105257,9996103798,8,17626
docs\inst_test\instancias\n_1000_7,100,20,15,10,0.1000,42,9996105257,9996103798,8,17626
docs\inst_test\instancias\n_1000_7,100,20,15,10,0.1000,123,9996105257,9996103798,7,17626
docs\inst_test\instancias\n_1000_7,100,20,15,10,0.1000,2026,9996105257,9996103798,8,17626
docs\inst_test\instancias\n_1000_7,100,20,15,10,0.2000,42,9996105257,9996103798,8,17626
docs\inst_test\instancias\n_1000_7,100,20,15,10,0.2000,123,9996105257,9996103798,8,17626
docs\inst_test\instancias\n_1000_7,100,20,15,10,0.2000,2026,9996105257,9996103798,7,17626
docs\inst_test\instancias\n_1000_7,100,20,15,10,0.3000,42,9996105257,9996103798,8,17626
docs\inst_test\instancias\n_1000_7,100,20,15,10,0.3000,123,9996105257,9996103798,7,17626
docs\inst_test\instancias\n_1000_7,100,20,15,10,0.3000,2026,9996105257,9996103798,8,17626
docs\inst_test\instancias\n_1000_7,100,20,15,20,0.1000,42,9996105257,9996103798,7,17626
docs\inst_test\instancias\n_1000_7,100,20,15,20,0.1000,123,9996105257,9996103798,7,17626
docs\inst_test\instancias\n_1000_7,100,20,15,20,0.1000,2026,9996105257,9996103798,8,17626
docs\inst_test\instancias\n_1000_7,100,20,15,20,0.2000,42,9996105257,9996103798,7,17626
docs\inst_test\instancias\n_1000_7,100,20,15,20,0.2000,123,9996105257,9996103798,7,17626
docs\inst_test\instancias\n_1000_7,100,20,15,20,0.2000,2026,9996105257,9996103798,6,17626
docs\inst_test\instancias\n_1000_7,100,20,15,20,0.3000,42,9996105257,9996103798,8,17626
docs\inst_test\instancias\n_1000_7,100,20,15,20,0.3000,123,9996105257,9996103798,7,17626
docs\inst_test\instancias\n_1000_7,100,20,15,20,0.3000,2026,9996105257,9996103798,7,17626
docs\inst_test\instancias\n_1000_7,300,10,7,5,0.1000,42,9996105257,9996103798,27,17626
docs\inst_test\instancias\n_1000_7,300,10,7,5,0.1000,123,9996105266,9996103835,27,17626
docs\inst_test\instancias\n_1000_7,300,10,7,5,0.1000,2026,9996105257,9996103798,27,17626
docs\inst_test\instancias\n_1000_7,300,10,7,5,0.2000,42,9996105264,9996103875,29,17626
docs\inst_test\instancias\n_1000_7,300,10,7,5,0.2000,123,9996105266,9996103835,28,17626
docs\inst_test\instancias\n_1000_7,300,10,7,5,0.2000,2026,9996105257,9996103798,28,17626
docs\inst_test\instancias\n_1000_7,300,10,7,5,0.3000,42,9996105257,9996103798,28,17626
docs\inst_test\instancias\n_1000_7,300,10,7,5,0.3000,123,9996105266,9996103835,27,17626
docs\inst_test\instancias\n_1000_7,300,10,7,5,0.3000,2026,9996105257,9996103798,28,17626
docs\inst_test\instancias\n_1000_7,300,10,7,10,0.1000,42,9996105257,9996103798,24,17626
docs\inst_test\instancias\n_1000_7,300,10,7,10,0.1000,123,9996105266,9996103835,24,17626
docs\inst_test\instancias\n_1000_7,300,10,7,10,0.1000,2026,9996105257,9996103798,24,17626
docs\inst_test\instancias\n_1000_7,300,10,7,10,0.2000,42,9996105257,9996103798,24,17626
docs\inst_test\instancias\n_1000_7,300,10,7,10,0.2000,123,9996105266,9996103835,25,17626
docs\inst_test\instancias\n_1000_7,300,10,7,10,0.2000,2026,9996105257,9996103798,23,17626
docs\inst_test\instancias\n_1000_7,300,10,7,10,0.3000,42,9996105257,9996103798,23,17626
docs\inst_test\instancias\n_1000_7,300,10,7,10,0.3000,123,9996105266,9996103835,24,17626
docs\inst_test\instancias\n_1000_7,300,10,7,10,0.3000,2026,9996105257,9996103798,24,17626
docs\inst_test\instancias\n_1000_7,300,10,7,20,0.1000,42,9996105257,9996103798,21,17626
docs\inst_test\instancias\n_1000_7,300,10,7,20,0.1000,123,9996105257,9996103798,22,17626
docs\inst_test\instancias\n_1000_7,300,10,7,20,0.1000,2026,9996105257,9996103798,22,17626
docs\inst_test\instancias\n_1000_7,300,10,7,20,0.2000,42,9996105257,9996103798,21,17626
docs\inst_test\instancias\n_1000_7,300,10,7,20,0.2000,123,9996105257,9996103798,22,17626
docs\inst_test\instancias\n_1000_7,300,10,7,20,0.2000,2026,9996105257,9996103798,23,17626
docs\inst_test\instancias\n_1000_7,300,10,7,20,0.3000,42,9996105257,9996103798,21,17626
docs\inst_test\instancias\n_1000_7,300,10,7,20,0.3000,123,9996105257,9996103798,22,17626
docs\inst_test\instancias\n_1000_7,300,10,7,20,0.3000,2026,9996105257,9996103798,22,17626
docs\inst_test\instancias\n_1000_7,300,10,10,5,0.1000,42,9996105257,9996103798,28,17626
docs\inst_test\instancias\n_1000_7,300,10,10,5,0.1000,123,9996105266,9996103835,28,17626
docs\inst_test\instancias\n_1000_7,300,10,10,5,0.1000,2026,9996105257,9996103798,28,17626
docs\inst_test\instancias\n_1000_7,300,10,10,5,0.2000,42,9996105264,9996103875,28,17626
docs\inst_test\instancias\n_1000_7,300,10,10,5,0.2000,123,9996105266,9996103835,28,17626
docs\inst_test\instancias\n_1000_7,300,10,10,5,0.2000,2026,9996105257,9996103798,29,17626
docs\inst_test\instancias\n_1000_7,300,10,10,5,0.3000,42,9996105257,9996103798,27,17626
docs\inst_test\instancias\n_1000_7,300,10,10,5,0.3000,123,9996105266,9996103835,27,17626
docs\inst_test\instancias\n_1000_7,300,10,10,5,0.3000,2026,9996105257,9996103798,29,17626
docs\inst_test\instancias\n_1000_7,300,10,10,10,0.1000,42,9996105257,9996103798,24,17626
docs\inst_test\instancias\n_1000_7,300,10,10,10,0.1000,123,9996105266,9996103835,25,17626
docs\inst_test\instancias\n_1000_7,300,10,10,10,0.1000,2026,9996105257,9996103798,25,17626
docs\inst_test\instancias\n_1000_7,300,10,10,10,0.2000,42,9996105257,9996103798,24,17626
docs\inst_test\instancias\n_1000_7,300,10,10,10,0.2000,123,9996105266,9996103835,24,17626
docs\inst_test\instancias\n_1000_7,300,10,10,10,0.2000,2026,9996105257,9996103798,25,17626
docs\inst_test\instancias\n_1000_7,300,10,10,10,0.3000,42,9996105257,9996103798,23,17626
docs\inst_test\instancias\n_1000_7,300,10,10,10,0.3000,123,9996105266,9996103835,25,17626
docs\inst_test\instancias\n_1000_7,300,10,10,10,0.3000,2026,9996105257,9996103798,24,17626
docs\inst_test\instancias\n_1000_7,300,10,10,20,0.1000,42,9996105257,9996103798,22,17626
docs\inst_test\instancias\n_1000_7,300,10,10,20,0.1000,123,9996105257,9996103798,24,17626
docs\inst_test\instancias\n_1000_7,300,10,10,20,0.1000,2026,9996105257,9996103798,22,17626
docs\inst_test\instancias\n_1000_7,300,10,10,20,0.2000,42,9996105257,9996103798,23,17626
docs\inst_test\instancias\n_1000_7,300,10,10,20,0.2000,123,9996105257,9996103798,23,17626
docs\inst_test\instancias\n_1000_7,300,10,10,20,0.2000,2026,9996105257,9996103798,22,17626
docs\inst_test\instancias\n_1000_7,300,10,10,20,0.3000,42,9996105257,9996103798,22,17626
docs\inst_test\instancias\n_1000_7,300,10,10,20,0.3000,123,9996105257,9996103798,21,17626
docs\inst_test\instancias\n_1000_7,300,10,10,20,0.3000,2026,9996105257,9996103798,23,17626
docs\inst_test\instancias\n_1000_7,300,10,15,5,0.1000,42,9996105257,9996103798,28,17626
docs\inst_test\instancias\n_1000_7,300,10,15,5,0.1000,123,9996105266,9996103835,28,17626
docs\inst_test\instancias\n_1000_7,300,10,15,5,0.1000,2026,9996105257,9996103798,28,17626
docs\inst_test\instancias\n_1000_7,300,10,15,5,0.2000,42,9996105264,9996103875,28,17626
docs\inst_test\instancias\n_1000_7,300,10,15,5,0.2000,123,9996105266,9996103835,29,17626
docs\inst_test\instancias\n_1000_7,300,10,15,5,0.2000,2026,9996105257,9996103798,27,17626
docs\inst_test\instancias\n_1000_7,300,10,15,5,0.3000,42,9996105257,9996103798,28,17626
docs\inst_test\instancias\n_1000_7,300,10,15,5,0.3000,123,9996105266,9996103835,28,17626
docs\inst_test\instancias\n_1000_7,300,10,15,5,0.3000,2026,9996105257,9996103798,30,17626
docs\inst_test\instancias\n_1000_7,300,10,15,10,0.1000,42,9996105257,9996103798,25,17626
docs\inst_test\instancias\n_1000_7,300,10,15,10,0.1000,123,9996105266,9996103835,24,17626
docs\inst_test\instancias\n_1000_7,300,10,15,10,0.1000,2026,9996105257,9996103798,25,17626
docs\inst_test\instancias\n_1000_7,300,10,15,10,0.2000,42,9996105257,9996103798,24,17626
docs\inst_test\instancias\n_1000_7,300,10,15,10,0.2000,123,9996105266,9996103835,24,17626
docs\inst_test\instancias\n_1000_7,300,10,15,10,0.2000,2026,9996105257,9996103798,23,17626
docs\inst_test\instancias\n_1000_7,300,10,15,10,0.3000,42,9996105257,9996103798,23,17626
docs\inst_test\instancias\n_1000_7,300,10,15,10,0.3000,123,9996105266,9996103835,24,17626
docs\inst_test\instancias\n_1000_7,300,10,15,10,0.3000,2026,9996105257,9996103798,24,17626
docs\inst_test\instancias\n_1000_7,300,10,15,20,0.1000,42,9996105257,9996103798,22,17626
docs\inst_test\instancias\n_1000_7,300,10,15,20,0.1000,123,9996105257,9996103798,22,17626
docs\inst_test\instancias\n_1000_7,300,10,15,20,0.1000,2026,9996105257,9996103798,21,17626
docs\inst_test\instancias\n_1000_7,300,10,15,20,0.2000,42,9996105257,9996103798,22,17626
docs\inst_test\instancias\n_1000_7,300,10,15,20,0.2000,123,9996105257,9996103798,21,17626
docs\inst_test\instancias\n_1000_7,300,10,15,20,0.2000,2026,9996105257,9996103798,22,17626
docs\inst_test\instancias\n_1000_7,300,10,15,20,0.3000,42,9996105257,9996103798,22,17626
docs\inst_test\instancias\n_1000_7,300,10,15,20,0.3000,123,9996105257,9996103798,21,17626
docs\inst_test\instancias\n_1000_7,300,10,15,20,0.3000,2026,9996105257,9996103798,22,17626
docs\inst_test\instancias\n_1000_7,300,15,7,5,0.1000,42,9996105257,9996103798,27,17626
docs\inst_test\instancias\n_1000_7,300,15,7,5,0.1000,123,9996105266,9996103835,29,17626
docs\inst_test\instancias\n_1000_7,300,15,7,5,0.1000,2026,9996105257,9996103798,29,17626
docs\inst_test\instancias\n_1000_7,300,15,7,5,0.2000,42,9996105264,9996103875,28,17626
docs\inst_test\instancias\n_1000_7,300,15,7,5,0.2000,123,9996105266,9996103835,27,17626
docs\inst_test\instancias\n_1000_7,300,15,7,5,0.2000,2026,9996105257,9996103798,28,17626
docs\inst_test\instancias\n_1000_7,300,15,7,5,0.3000,42,9996105257,9996103798,27,17626
docs\inst_test\instancias\n_1000_7,300,15,7,5,0.3000,123,9996105266,9996103835,28,17626
docs\inst_test\instancias\n_1000_7,300,15,7,5,0.3000,2026,9996105257,9996103798,28,17626
docs\inst_test\instancias\n_1000_7,300,15,7,10,0.1000,42,9996105257,9996103798,25,17626
docs\inst_test\instancias\n_1000_7,300,15,7,10,0.1000,123,9996105266,9996103835,23,17626
docs\inst_test\instancias\n_1000_7,300,15,7,10,0.1000,2026,9996105257,9996103798,24,17626
docs\inst_test\instancias\n_1000_7,300,15,7,10,0.2000,42,9996105257,9996103798,24,17626
docs\inst_test\instancias\n_1000_7,300,15,7,10,0.2000,123,9996105266,9996103835,24,17626
docs\inst_test\instancias\n_1000_7,300,15,7,10,0.2000,2026,9996105257,9996103798,24,17626
docs\inst_test\instancias\n_1000_7,300,15,7,10,0.3000,42,9996105257,9996103798,23,17626
docs\inst_test\instancias\n_1000_7,300,15,7,10,0.3000,123,9996105266,9996103835,24,17626
docs\inst_test\instancias\n_1000_7,300,15,7,10,0.3000,2026,9996105257,9996103798,24,17626
docs\inst_test\instancias\n_1000_7,300,15,7,20,0.1000,42,9996105257,9996103798,22,17626
docs\inst_test\instancias\n_1000_7,300,15,7,20,0.1000,123,9996105257,9996103798,22,17626
docs\inst_test\instancias\n_1000_7,300,15,7,20,0.1000,2026,9996105257,9996103798,23,17626
docs\inst_test\instancias\n_1000_7,300,15,7,20,0.2000,42,9996105257,9996103798,22,17626
docs\inst_test\instancias\n_1000_7,300,15,7,20,0.2000,123,9996105257,9996103798,22,17626
docs\inst_test\instancias\n_1000_7,300,15,7,20,0.2000,2026,9996105257,9996103798,23,17626
docs\inst_test\instancias\n_1000_7,300,15,7,20,0.3000,42,9996105257,9996103798,21,17626
docs\inst_test\instancias\n_1000_7,300,15,7,20,0.3000,123,9996105257,9996103798,23,17626
docs\inst_test\instancias\n_1000_7,300,15,7,20,0.3000,2026,9996105257,9996103798,23,17626
docs\inst_test\instancias\n_1000_7,300,15,10,5,0.1000,42,9996105257,9996103798,28,17626
docs\inst_test\instancias\n_1000_7,300,15,10,5,0.1000,123,9996105266,9996103835,29,17626
docs\inst_test\instancias\n_1000_7,300,15,10,5,0.1000,2026,9996105257,9996103798,27,17626
docs\inst_test\instancias\n_1000_7,300,15,10,5,0.2000,42,9996105264,9996103875,27,17626
docs\inst_test\instancias\n_1000_7,300,15,10,5,0.2000,123,9996105266,9996103835,27,17626
docs\inst_test\instancias\n_1000_7,300,15,10,5,0.2000,2026,9996105257,9996103798,27,17626
docs\inst_test\instancias\n_1000_7,300,15,10,5,0.3000,42,9996105257,9996103798,28,17626
docs\inst_test\instancias\n_1000_7,300,15,10,5,0.3000,123,9996105266,9996103835,27,17626
docs\inst_test\instancias\n_1000_7,300,15,10,5,0.3000,2026,9996105257,9996103798,27,17626
docs\inst_test\instancias\n_1000_7,300,15,10,10,0.1000,42,9996105257,9996103798,24,17626
docs\inst_test\instancias\n_1000_7,300,15,10,10,0.1000,123,9996105266,9996103835,24,17626
docs\inst_test\instancias\n_1000_7,300,15,10,10,0.1000,2026,9996105257,9996103798,24,17626
docs\inst_test\instancias\n_1000_7,300,15,10,10,0.2000,42,9996105257,9996103798,24,17626
docs\inst_test\instancias\n_1000_7,300,15,10,10,0.2000,123,9996105266,9996103835,23,17626
docs\inst_test\instancias\n_1000_7,300,15,10,10,0.2000,2026,9996105257,9996103798,24,17626
docs\inst_test\instancias\n_1000_7,300,15,10,10,0.3000,42,9996105257,9996103798,24,17626
docs\inst_test\instancias\n_1000_7,300,15,10,10,0.3000,123,9996105266,9996103835,24,17626
docs\inst_test\instancias\n_1000_7,300,15,10,10,0.3000,2026,9996105257,9996103798,25,17626
docs\inst_test\instancias\n_1000_7,300,15,10,20,0.1000,42,9996105257,9996103798,21,17626
docs\inst_test\instancias\n_1000_7,300,15,10,20,0.1000,123,9996105257,9996103798,22,17626
docs\inst_test\instancias\n_1000_7,300,15,10,20,0.1000,2026,9996105257,9996103798,22,17626
docs\inst_test\instancias\n_1000_7,300,15,10,20,0.2000,42,9996105257,9996103798,23,17626
docs\inst_test\instancias\n_1000_7,300,15,10,20,0.2000,123,9996105257,9996103798,21,17626
docs\inst_test\instancias\n_1000_7,300,15,10,20,0.2000,2026,9996105257,9996103798,21,17626
docs\inst_test\instancias\n_1000_7,300,15,10,20,0.3000,42,9996105257,9996103798,22,17626
docs\inst_test\instancias\n_1000_7,300,15,10,20,0.3000,123,9996105257,9996103798,22,17626
docs\inst_test\instancias\n_1000_7,300,15,10,20,0.3000,2026,9996105257,9996103798,22,17626
docs\inst_test\instancias\n_1000_7,300,15,15,5,0.1000,42,9996105257,9996103798,28,17626
docs\inst_test\instancias\n_1000_7,300,15,15,5,0.1000,123,9996105266,9996103835,28,17626
docs\inst_test\instancias\n_1000_7,300,15,15,5,0.1000,2026,9996105257,9996103798,29,17626
docs\inst_test\instancias\n_1000_7,300,15,15,5,0.2000,42,9996105264,9996103875,27,17626
docs\inst_test\instancias\n_1000_7,300,15,15,5,0.2000,123,9996105266,9996103835,28,17626
docs\inst_test\instancias\n_1000_7,300,15,15,5,0.2000,2026,9996105257,9996103798,28,17626
docs\inst_test\instancias\n_1000_7,300,15,15,5,0.3000,42,9996105257,9996103798,27,17626
docs\inst_test\instancias\n_1000_7,300,15,15,5,0.3000,123,9996105266,9996103835,28,17626
docs\inst_test\instancias\n_1000_7,300,15,15,5,0.3000,2026,9996105257,9996103798,28,17626
docs\inst_test\instancias\n_1000_7,300,15,15,10,0.1000,42,9996105257,9996103798,24,17626
docs\inst_test\instancias\n_1000_7,300,15,15,10,0.1000,123,9996105266,9996103835,25,17626
docs\inst_test\instancias\n_1000_7,300,15,15,10,0.1000,2026,9996105257,9996103798,24,17626
docs\inst_test\instancias\n_1000_7,300,15,15,10,0.2000,42,9996105257,9996103798,24,17626
docs\inst_test\instancias\n_1000_7,300,15,15,10,0.2000,123,9996105266,9996103835,23,17626
docs\inst_test\instancias\n_1000_7,300,15,15,10,0.2000,2026,9996105257,9996103798,24,17626
docs\inst_test\instancias\n_1000_7,300,15,15,10,0.3000,42,9996105257,9996103798,24,17626
docs\inst_test\instancias\n_1000_7,300,15,15,10,0.3000,123,9996105266,9996103835,23,17626
docs\inst_test\instancias\n_1000_7,300,15,15,10,0.3000,2026,9996105257,9996103798,24,17626
docs\inst_test\instancias\n_1000_7,300,15,15,20,0.1000,42,9996105257,9996103798,21,17626
docs\inst_test\instancias\n_1000_7,300,15,15,20,0.1000,123,9996105257,9996103798,22,17626
docs\inst_test\instancias\n_1000_7,300,15,15,20,0.1000,2026,9996105257,9996103798,22,17626
docs\inst_test\instancias\n_1000_7,300,15,15,20,0.2000,42,9996105257,9996103798,21,17626
docs\inst_test\instancias\n_1000_7,300,15,15,20,0.2000,123,9996105257,9996103798,21,17626
docs\inst_test\instancias\n_1000_7,300,15,15,20,0.2000,2026,9996105257,9996103798,22,17626
docs\inst_test\instancias\n_1000_7,300,15,15,20,0.3000,42,9996105257,9996103798,21,17626
docs\inst_test\instancias\n_1000_7,300,15,15,20,0.3000,123,9996105257,9996103798,21,17626
docs\inst_test\instancias\n_1000_7,300,15,15,20,0.3000,2026,9996105257,9996103798,22,17626
docs\inst_test\instancias\n_1000_7,300,20,7,5,0.1000,42,9996105257,9996103798,28,17626
docs\inst_test\instancias\n_1000_7,300,20,7,5,0.1000,123,9996105266,9996103835,28,17626
docs\inst_test\instancias\n_1000_7,300,20,7,5,0.1000,2026,9996105257,9996103798,27,17626
docs\inst_test\instancias\n_1000_7,300,20,7,5,0.2000,42,9996105264,9996103875,27,17626
docs\inst_test\instancias\n_1000_7,300,20,7,5,0.2000,123,9996105266,9996103835,27,17626
docs\inst_test\instancias\n_1000_7,300,20,7,5,0.2000,2026,9996105257,9996103798,27,17626
docs\inst_test\instancias\n_1000_7,300,20,7,5,0.3000,42,9996105257,9996103798,28,17626
docs\inst_test\instancias\n_1000_7,300,20,7,5,0.3000,123,9996105266,9996103835,27,17626
docs\inst_test\instancias\n_1000_7,300,20,7,5,0.3000,2026,9996105257,9996103798,28,17626
docs\inst_test\instancias\n_1000_7,300,20,7,10,0.1000,42,9996105257,9996103798,25,17626
docs\inst_test\instancias\n_1000_7,300,20,7,10,0.1000,123,9996105266,9996103835,24,17626
docs\inst_test\instancias\n_1000_7,300,20,7,10,0.1000,2026,9996105257,9996103798,24,17626
docs\inst_test\instancias\n_1000_7,300,20,7,10,0.2000,42,9996105257,9996103798,23,17626
docs\inst_test\instancias\n_1000_7,300,20,7,10,0.2000,123,9996105266,9996103835,24,17626
docs\inst_test\instancias\n_1000_7,300,20,7,10,0.2000,2026,9996105257,9996103798,23,17626
docs\inst_test\instancias\n_1000_7,300,20,7,10,0.3000,42,9996105257,9996103798,24,17626
docs\inst_test\instancias\n_1000_7,300,20,7,10,0.3000,123,9996105266,9996103835,23,17626
docs\inst_test\instancias\n_1000_7,300,20,7,10,0.3000,2026,9996105257,9996103798,24,17626
docs\inst_test\instancias\n_1000_7,300,20,7,20,0.1000,42,9996105257,9996103798,22,17626
docs\inst_test\instancias\n_1000_7,300,20,7,20,0.1000,123,9996105257,9996103798,23,17626
docs\inst_test\instancias\n_1000_7,300,20,7,20,0.1000,2026,9996105257,9996103798,21,17626
docs\inst_test\instancias\n_1000_7,300,20,7,20,0.2000,42,9996105257,9996103798,22,17626
docs\inst_test\instancias\n_1000_7,300,20,7,20,0.2000,123,9996105257,9996103798,22,17626
docs\inst_test\instancias\n_1000_7,300,20,7,20,0.2000,2026,9996105257,9996103798,21,17626
docs\inst_test\instancias\n_1000_7,300,20,7,20,0.3000,42,9996105257,9996103798,22,17626
docs\inst_test\instancias\n_1000_7,300,20,7,20,0.3000,123,9996105257,9996103798,22,17626
docs\inst_test\instancias\n_1000_7,300,20,7,20,0.3000,2026,9996105257,9996103798,23,17626
docs\inst_test\instancias\n_1000_7,300,20,10,5,0.1000,42,9996105257,9996103798,26,17626
docs\inst_test\instancias\n_1000_7,300,20,10,5,0.1000,123,9996105266,9996103835,28,17626
docs\inst_test\instancias\n_1000_7,300,20,10,5,0.1000,2026,9996105257,9996103798,28,17626
docs\inst_test\instancias\n_1000_7,300,20,10,5,0.2000,42,9996105264,9996103875,28,17626
docs\inst_test\instancias\n_1000_7,300,20,10,5,0.2000,123,9996105266,9996103835,28,17626
docs\inst_test\instancias\n_1000_7,300,20,10,5,0.2000,2026,9996105257,9996103798,28,17626
docs\inst_test\instancias\n_1000_7,300,20,10,5,0.3000,42,9996105257,9996103798,27,17626
docs\inst_test\instancias\n_1000_7,300,20,10,5,0.3000,123,9996105266,9996103835,27,17626
docs\inst_test\instancias\n_1000_7,300,20,10,5,0.3000,2026,9996105257,9996103798,27,17626
docs\inst_test\instancias\n_1000_7,300,20,10,10,0.1000,42,9996105257,9996103798,24,17626
docs\inst_test\instancias\n_1000_7,300,20,10,10,0.1000,123,9996105266,9996103835,23,17626
docs\inst_test\instancias\n_1000_7,300,20,10,10,0.1000,2026,9996105257,9996103798,24,17626
docs\inst_test\instancias\n_1000_7,300,20,10,10,0.2000,42,9996105257,9996103798,23,17626
docs\inst_test\instancias\n_1000_7,300,20,10,10,0.2000,123,9996105266,9996103835,24,17626
docs\inst_test\instancias\n_1000_7,300,20,10,10,0.2000,2026,9996105257,9996103798,23,17626
docs\inst_test\instancias\n_1000_7,300,20,10,10,0.3000,42,9996105257,9996103798,24,17626
docs\inst_test\instancias\n_1000_7,300,20,10,10,0.3000,123,9996105266,9996103835,23,17626
docs\inst_test\instancias\n_1000_7,300,20,10,10,0.3000,2026,9996105257,9996103798,24,17626
docs\inst_test\instancias\n_1000_7,300,20,10,20,0.1000,42,9996105257,9996103798,22,17626
docs\inst_test\instancias\n_1000_7,300,20,10,20,0.1000,123,9996105257,9996103798,22,17626
docs\inst_test\instancias\n_1000_7,300,20,10,20,0.1000,2026,9996105257,9996103798,22,17626
docs\inst_test\instancias\n_1000_7,300,20,10,20,0.2000,42,9996105257,9996103798,22,17626
docs\inst_test\instancias\n_1000_7,300,20,10,20,0.2000,123,9996105257,9996103798,22,17626
docs\inst_test\instancias\n_1000_7,300,20,10,20,0.2000,2026,9996105257,9996103798,21,17626
docs\inst_test\instancias\n_1000_7,300,20,10,20,0.3000,42,9996105257,9996103798,21,17626
docs\inst_test\instancias\n_1000_7,300,20,10,20,0.3000,123,9996105257,9996103798,21,17626
docs\inst_test\instancias\n_1000_7,300,20,10,20,0.3000,2026,9996105257,9996103798,22,17626
docs\inst_test\instancias\n_1000_7,300,20,15,5,0.1000,42,9996105257,9996103798,26,17626
docs\inst_test\instancias\n_1000_7,300,20,15,5,0.1000,123,9996105266,9996103835,28,17626
docs\inst_test\instancias\n_1000_7,300,20,15,5,0.1000,2026,9996105257,9996103798,27,17626
docs\inst_test\instancias\n_1000_7,300,20,15,5,0.2000,42,9996105264,9996103875,27,17626
docs\inst_test\instancias\n_1000_7,300,20,15,5,0.2000,123,9996105266,9996103835,28,17626
docs\inst_test\instancias\n_1000_7,300,20,15,5,0.2000,2026,9996105257,9996103798,27,17626
docs\inst_test\instancias\n_1000_7,300,20,15,5,0.3000,42,9996105257,9996103798,28,17626
docs\inst_test\instancias\n_1000_7,300,20,15,5,0.3000,123,9996105266,9996103835,27,17626
docs\inst_test\instancias\n_1000_7,300,20,15,5,0.3000,2026,9996105257,9996103798,28,17626
docs\inst_test\instancias\n_1000_7,300,20,15,10,0.1000,42,9996105257,9996103798,24,17626
docs\inst_test\instancias\n_1000_7,300,20,15,10,0.1000,123,9996105266,9996103835,24,17626
docs\inst_test\instancias\n_1000_7,300,20,15,10,0.1000,2026,9996105257,9996103798,23,17626
docs\inst_test\instancias\n_1000_7,300,20,15,10,0.2000,42,9996105257,9996103798,23,17626
docs\inst_test\instancias\n_1000_7,300,20,15,10,0.2000,123,9996105266,9996103835,23,17626
docs\inst_test\instancias\n_1000_7,300,20,15,10,0.2000,2026,9996105257,9996103798,24,17626
docs\inst_test\instancias\n_1000_7,300,20,15,10,0.3000,42,9996105257,9996103798,24,17626
docs\inst_test\instancias\n_1000_7,300,20,15,10,0.3000,123,9996105266,9996103835,24,17626
docs\inst_test\instancias\n_1000_7,300,20,15,10,0.3000,2026,9996105257,9996103798,23,17626
docs\inst_test\instancias\n_1000_7,300,20,15,20,0.1000,42,9996105257,9996103798,22,17626
docs\inst_test\instancias\n_1000_7,300,20,15,20,0.1000,123,9996105257,9996103798,21,17626
docs\inst_test\instancias\n_1000_7,300,20,15,20,0.1000,2026,9996105257,9996103798,22,17626
docs\inst_test\instancias\n_1000_7,300,20,15,20,0.2000,42,9996105257,9996103798,21,17626
docs\inst_test\instancias\n_1000_7,300,20,15,20,0.2000,123,9996105257,9996103798,21,17626
docs\inst_test\instancias\n_1000_7,300,20,15,20,0.2000,2026,9996105257,9996103798,22,17626
docs\inst_test\instancias\n_1000_7,300,20,15,20,0.3000,42,9996105257,9996103798,21,17626
docs\inst_test\instancias\n_1000_7,300,20,15,20,0.3000,123,9996105257,9996103798,22,17626
docs\inst_test\instancias\n_1000_7,300,20,15,20,0.3000,2026,9996105257,9996103798,21,17626
docs\inst_test\instancias\n_1000_7,500,10,7,5,0.1000,42,9996105257,9996103798,47,17626
docs\inst_test\instancias\n_1000_7,500,10,7,5,0.1000,123,9996105266,9996103835,46,17626
docs\inst_test\instancias\n_1000_7,500,10,7,5,0.1000,2026,9996105264,9996103875,46,17626
docs\inst_test\instancias\n_1000_7,500,10,7,5,0.2000,42,9996105264,9996103875,45,17626
docs\inst_test\instancias\n_1000_7,500,10,7,5,0.2000,123,9996105266,9996103835,46,17626
docs\inst_test\instancias\n_1000_7,500,10,7,5,0.2000,2026,9996105264,9996103875,46,17626
docs\inst_test\instancias\n_1000_7,500,10,7,5,0.3000,42,9996105257,9996103798,46,17626
docs\inst_test\instancias\n_1000_7,500,10,7,5,0.3000,123,9996105266,9996103835,46,17626
docs\inst_test\instancias\n_1000_7,500,10,7,5,0.3000,2026,9996105257,9996103798,46,17626
docs\inst_test\instancias\n_1000_7,500,10,7,10,0.1000,42,9996105257,9996103798,39,17626
docs\inst_test\instancias\n_1000_7,500,10,7,10,0.1000,123,9996105266,9996103835,39,17626
docs\inst_test\instancias\n_1000_7,500,10,7,10,0.1000,2026,9996105257,9996103798,40,17626
docs\inst_test\instancias\n_1000_7,500,10,7,10,0.2000,42,9996105257,9996103798,39,17626
docs\inst_test\instancias\n_1000_7,500,10,7,10,0.2000,123,9996105266,9996103835,39,17626
docs\inst_test\instancias\n_1000_7,500,10,7,10,0.2000,2026,9996105257,9996103798,39,17626
docs\inst_test\instancias\n_1000_7,500,10,7,10,0.3000,42,9996105257,9996103798,38,17626
docs\inst_test\instancias\n_1000_7,500,10,7,10,0.3000,123,9996105266,9996103835,40,17626
docs\inst_test\instancias\n_1000_7,500,10,7,10,0.3000,2026,9996105257,9996103798,39,17626
docs\inst_test\instancias\n_1000_7,500,10,7,20,0.1000,42,9996105257,9996103798,36,17626
docs\inst_test\instancias\n_1000_7,500,10,7,20,0.1000,123,9996105257,9996103798,36,17626
docs\inst_test\instancias\n_1000_7,500,10,7,20,0.1000,2026,9996105257,9996103798,36,17626
docs\inst_test\instancias\n_1000_7,500,10,7,20,0.2000,42,9996105257,9996103798,35,17626
docs\inst_test\instancias\n_1000_7,500,10,7,20,0.2000,123,9996105257,9996103798,36,17626
docs\inst_test\instancias\n_1000_7,500,10,7,20,0.2000,2026,9996105257,9996103798,36,17626
docs\inst_test\instancias\n_1000_7,500,10,7,20,0.3000,42,9996105257,9996103798,36,17626
docs\inst_test\instancias\n_1000_7,500,10,7,20,0.3000,123,9996105257,9996103798,35,17626
docs\inst_test\instancias\n_1000_7,500,10,7,20,0.3000,2026,9996105257,9996103798,36,17626
docs\inst_test\instancias\n_1000_7,500,10,10,5,0.1000,42,9996105257,9996103798,46,17626
docs\inst_test\instancias\n_1000_7,500,10,10,5,0.1000,123,9996105266,9996103835,47,17626
docs\inst_test\instancias\n_1000_7,500,10,10,5,0.1000,2026,9996105264,9996103875,45,17626
docs\inst_test\instancias\n_1000_7,500,10,10,5,0.2000,42,9996105264,9996103875,46,17626
docs\inst_test\instancias\n_1000_7,500,10,10,5,0.2000,123,9996105266,9996103835,46,17626
docs\inst_test\instancias\n_1000_7,500,10,10,5,0.2000,2026,9996105264,9996103875,46,17626
docs\inst_test\instancias\n_1000_7,500,10,10,5,0.3000,42,9996105257,9996103798,46,17626
docs\inst_test\instancias\n_1000_7,500,10,10,5,0.3000,123,9996105266,9996103835,46,17626
docs\inst_test\instancias\n_1000_7,500,10,10,5,0.3000,2026,9996105257,9996103798,46,17626
docs\inst_test\instancias\n_1000_7,500,10,10,10,0.1000,42,9996105257,9996103798,39,17626
docs\inst_test\instancias\n_1000_7,500,10,10,10,0.1000,123,9996105266,9996103835,40,17626
docs\inst_test\instancias\n_1000_7,500,10,10,10,0.1000,2026,9996105257,9996103798,40,17626
docs\inst_test\instancias\n_1000_7,500,10,10,10,0.2000,42,9996105257,9996103798,39,17626
docs\inst_test\instancias\n_1000_7,500,10,10,10,0.2000,123,9996105266,9996103835,40,17626
docs\inst_test\instancias\n_1000_7,500,10,10,10,0.2000,2026,9996105257,9996103798,39,17626
docs\inst_test\instancias\n_1000_7,500,10,10,10,0.3000,42,9996105257,9996103798,39,17626
docs\inst_test\instancias\n_1000_7,500,10,10,10,0.3000,123,9996105266,9996103835,39,17626
docs\inst_test\instancias\n_1000_7,500,10,10,10,0.3000,2026,9996105257,9996103798,39,17626
docs\inst_test\instancias\n_1000_7,500,10,10,20,0.1000,42,9996105257,9996103798,36,17626
docs\inst_test\instancias\n_1000_7,500,10,10,20,0.1000,123,9996105257,9996103798,36,17626
docs\inst_test\instancias\n_1000_7,500,10,10,20,0.1000,2026,9996105257,9996103798,36,17626
docs\inst_test\instancias\n_1000_7,500,10,10,20,0.2000,42,9996105257,9996103798,36,17626
docs\inst_test\instancias\n_1000_7,500,10,10,20,0.2000,123,9996105257,9996103798,36,17626
docs\inst_test\instancias\n_1000_7,500,10,10,20,0.2000,2026,9996105257,9996103798,36,17626
docs\inst_test\instancias\n_1000_7,500,10,10,20,0.3000,42,9996105257,9996103798,36,17626
docs\inst_test\instancias\n_1000_7,500,10,10,20,0.3000,123,9996105257,9996103798,36,17626
docs\inst_test\instancias\n_1000_7,500,10,10,20,0.3000,2026,9996105257,9996103798,36,17626
docs\inst_test\instancias\n_1000_7,500,10,15,5,0.1000,42,9996105257,9996103798,47,17626
docs\inst_test\instancias\n_1000_7,500,10,15,5,0.1000,123,9996105266,9996103835,46,17626
docs\inst_test\instancias\n_1000_7,500,10,15,5,0.1000,2026,9996105264,9996103875,46,17626
docs\inst_test\instancias\n_1000_7,500,10,15,5,0.2000,42,9996105264,9996103875,45,17626
docs\inst_test\instancias\n_1000_7,500,10,15,5,0.2000,123,9996105266,9996103835,46,17626
docs\inst_test\instancias\n_1000_7,500,10,15,5,0.2000,2026,9996105264,9996103875,45,17626
docs\inst_test\instancias\n_1000_7,500,10,15,5,0.3000,42,9996105257,9996103798,46,17626
docs\inst_test\instancias\n_1000_7,500,10,15,5,0.3000,123,9996105266,9996103835,46,17626
docs\inst_test\instancias\n_1000_7,500,10,15,5,0.3000,2026,9996105257,9996103798,46,17626
docs\inst_test\instancias\n_1000_7,500,10,15,10,0.1000,42,9996105257,9996103798,39,17626
docs\inst_test\instancias\n_1000_7,500,10,15,10,0.1000,123,9996105266,9996103835,39,17626
docs\inst_test\instancias\n_1000_7,500,10,15,10,0.1000,2026,9996105257,9996103798,39,17626
docs\inst_test\instancias\n_1000_7,500,10,15,10,0.2000,42,9996105257,9996103798,40,17626
docs\inst_test\instancias\n_1000_7,500,10,15,10,0.2000,123,9996105266,9996103835,40,17626
docs\inst_test\instancias\n_1000_7,500,10,15,10,0.2000,2026,9996105257,9996103798,40,17626
docs\inst_test\instancias\n_1000_7,500,10,15,10,0.3000,42,9996105257,9996103798,39,17626
docs\inst_test\instancias\n_1000_7,500,10,15,10,0.3000,123,9996105266,9996103835,39,17626
docs\inst_test\instancias\n_1000_7,500,10,15,10,0.3000,2026,9996105257,9996103798,40,17626
docs\inst_test\instancias\n_1000_7,500,10,15,20,0.1000,42,9996105257,9996103798,35,17626
docs\inst_test\instancias\n_1000_7,500,10,15,20,0.1000,123,9996105257,9996103798,37,17626
docs\inst_test\instancias\n_1000_7,500,10,15,20,0.1000,2026,9996105257,9996103798,36,17626
docs\inst_test\instancias\n_1000_7,500,10,15,20,0.2000,42,9996105257,9996103798,36,17626
docs\inst_test\instancias\n_1000_7,500,10,15,20,0.2000,123,9996105257,9996103798,35,17626
docs\inst_test\instancias\n_1000_7,500,10,15,20,0.2000,2026,9996105257,9996103798,38,17626
docs\inst_test\instancias\n_1000_7,500,10,15,20,0.3000,42,9996105257,9996103798,36,17626
docs\inst_test\instancias\n_1000_7,500,10,15,20,0.3000,123,9996105257,9996103798,37,17626
docs\inst_test\instancias\n_1000_7,500,10,15,20,0.3000,2026,9996105257,9996103798,37,17626
docs\inst_test\instancias\n_1000_7,500,15,7,5,0.1000,42,9996105257,9996103798,46,17626
docs\inst_test\instancias\n_1000_7,500,15,7,5,0.1000,123,9996105266,9996103835,46,17626
docs\inst_test\instancias\n_1000_7,500,15,7,5,0.1000,2026,9996105264,9996103875,46,17626
docs\inst_test\instancias\n_1000_7,500,15,7,5,0.2000,42,9996105264,9996103875,46,17626
docs\inst_test\instancias\n_1000_7,500,15,7,5,0.2000,123,9996105266,9996103835,46,17626
docs\inst_test\instancias\n_1000_7,500,15,7,5,0.2000,2026,9996105264,9996103875,45,17626
docs\inst_test\instancias\n_1000_7,500,15,7,5,0.3000,42,9996105257,9996103798,46,17626
docs\inst_test\instancias\n_1000_7,500,15,7,5,0.3000,123,9996105266,9996103835,46,17626
docs\inst_test\instancias\n_1000_7,500,15,7,5,0.3000,2026,9996105257,9996103798,46,17626
docs\inst_test\instancias\n_1000_7,500,15,7,10,0.1000,42,9996105257,9996103798,40,17626
docs\inst_test\instancias\n_1000_7,500,15,7,10,0.1000,123,9996105266,9996103835,39,17626
docs\inst_test\instancias\n_1000_7,500,15,7,10,0.1000,2026,9996105257,9996103798,40,17626
docs\inst_test\instancias\n_1000_7,500,15,7,10,0.2000,42,9996105257,9996103798,39,17626
docs\inst_test\instancias\n_1000_7,500,15,7,10,0.2000,123,9996105266,9996103835,39,17626
docs\inst_test\instancias\n_1000_7,500,15,7,10,0.2000,2026,9996105257,9996103798,40,17626
docs\inst_test\instancias\n_1000_7,500,15,7,10,0.3000,42,9996105257,9996103798,39,17626
docs\inst_test\instancias\n_1000_7,500,15,7,10,0.3000,123,9996105266,9996103835,41,17626
docs\inst_test\instancias\n_1000_7,500,15,7,10,0.3000,2026,9996105257,9996103798,40,17626
docs\inst_test\instancias\n_1000_7,500,15,7,20,0.1000,42,9996105257,9996103798,36,17626
docs\inst_test\instancias\n_1000_7,500,15,7,20,0.1000,123,9996105257,9996103798,37,17626
docs\inst_test\instancias\n_1000_7,500,15,7,20,0.1000,2026,9996105257,9996103798,37,17626
docs\inst_test\instancias\n_1000_7,500,15,7,20,0.2000,42,9996105257,9996103798,38,17626
docs\inst_test\instancias\n_1000_7,500,15,7,20,0.2000,123,9996105257,9996103798,37,17626
docs\inst_test\instancias\n_1000_7,500,15,7,20,0.2000,2026,9996105257,9996103798,36,17626
docs\inst_test\instancias\n_1000_7,500,15,7,20,0.3000,42,9996105257,9996103798,37,17626
docs\inst_test\instancias\n_1000_7,500,15,7,20,0.3000,123,9996105257,9996103798,36,17626
docs\inst_test\instancias\n_1000_7,500,15,7,20,0.3000,2026,9996105257,9996103798,36,17626
docs\inst_test\instancias\n_1000_7,500,15,10,5,0.1000,42,9996105257,9996103798,46,17626
docs\inst_test\instancias\n_1000_7,500,15,10,5,0.1000,123,9996105266,9996103835,46,17626
docs\inst_test\instancias\n_1000_7,500,15,10,5,0.1000,2026,9996105264,9996103875,46,17626
docs\inst_test\instancias\n_1000_7,500,15,10,5,0.2000,42,9996105264,9996103875,45,17626
docs\inst_test\instancias\n_1000_7,500,15,10,5,0.2000,123,9996105266,9996103835,46,17626
docs\inst_test\instancias\n_1000_7,500,15,10,5,0.2000,2026,9996105264,9996103875,46,17626
docs\inst_test\instancias\n_1000_7,500,15,10,5,0.3000,42,9996105257,9996103798,45,17626
docs\inst_test\instancias\n_1000_7,500,15,10,5,0.3000,123,9996105266,9996103835,47,17626
docs\inst_test\instancias\n_1000_7,500,15,10,5,0.3000,2026,9996105257,9996103798,46,17626
docs\inst_test\instancias\n_1000_7,500,15,10,10,0.1000,42,9996105257,9996103798,39,17626
docs\inst_test\instancias\n_1000_7,500,15,10,10,0.1000,123,9996105266,9996103835,40,17626
docs\inst_test\instancias\n_1000_7,500,15,10,10,0.1000,2026,9996105257,9996103798,39,17626
docs\inst_test\instancias\n_1000_7,500,15,10,10,0.2000,42,9996105257,9996103798,39,17626
docs\inst_test\instancias\n_1000_7,500,15,10,10,0.2000,123,9996105266,9996103835,40,17626
docs\inst_test\instancias\n_1000_7,500,15,10,10,0.2000,2026,9996105257,9996103798,39,17626
docs\inst_test\instancias\n_1000_7,500,15,10,10,0.3000,42,9996105257,9996103798,40,17626
docs\inst_test\instancias\n_1000_7,500,15,10,10,0.3000,123,9996105266,9996103835,40,17626
docs\inst_test\instancias\n_1000_7,500,15,10,10,0.3000,2026,9996105257,9996103798,39,17626
docs\inst_test\instancias\n_1000_7,500,15,10,20,0.1000,42,9996105257,9996103798,36,17626
docs\inst_test\instancias\n_1000_7,500,15,10,20,0.1000,123,9996105257,9996103798,37,17626
docs\inst_test\instancias\n_1000_7,500,15,10,20,0.1000,2026,9996105257,9996103798,37,17626
docs\inst_test\instancias\n_1000_7,500,15,10,20,0.2000,42,9996105257,9996103798,36,17626
docs\inst_test\instancias\n_1000_7,500,15,10,20,0.2000,123,9996105257,9996103798,36,17626
docs\inst_test\instancias\n_1000_7,500,15,10,20,0.2000,2026,9996105257,9996103798,36,17626
docs\inst_test\instancias\n_1000_7,500,15,10,20,0.3000,42,9996105257,9996103798,35,17626
docs\inst_test\instancias\n_1000_7,500,15,10,20,0.3000,123,9996105257,9996103798,37,17626
docs\inst_test\instancias\n_1000_7,500,15,10,20,0.3000,2026,9996105257,9996103798,35,17626
docs\inst_test\instancias\n_1000_7,500,15,15,5,0.1000,42,9996105257,9996103798,46,17626
docs\inst_test\instancias\n_1000_7,500,15,15,5,0.1000,123,9996105266,9996103835,47,17626
docs\inst_test\instancias\n_1000_7,500,15,15,5,0.1000,2026,9996105264,9996103875,46,17626
docs\inst_test\instancias\n_1000_7,500,15,15,5,0.2000,42,9996105264,9996103875,46,17626
docs\inst_test\instancias\n_1000_7,500,15,15,5,0.2000,123,9996105266,9996103835,46,17626
docs\inst_test\instancias\n_1000_7,500,15,15,5,0.2000,2026,9996105264,9996103875,47,17626
docs\inst_test\instancias\n_1000_7,500,15,15,5,0.3000,42,9996105257,9996103798,47,17626
docs\inst_test\instancias\n_1000_7,500,15,15,5,0.3000,123,9996105266,9996103835,46,17626
docs\inst_test\instancias\n_1000_7,500,15,15,5,0.3000,2026,9996105257,9996103798,46,17626
docs\inst_test\instancias\n_1000_7,500,15,15,10,0.1000,42,9996105257,9996103798,40,17626
docs\inst_test\instancias\n_1000_7,500,15,15,10,0.1000,123,9996105266,9996103835,40,17626
docs\inst_test\instancias\n_1000_7,500,15,15,10,0.1000,2026,9996105257,9996103798,41,17626
docs\inst_test\instancias\n_1000_7,500,15,15,10,0.2000,42,9996105257,9996103798,40,17626
docs\inst_test\instancias\n_1000_7,500,15,15,10,0.2000,123,9996105266,9996103835,40,17626
docs\inst_test\instancias\n_1000_7,500,15,15,10,0.2000,2026,9996105257,9996103798,40,17626
docs\inst_test\instancias\n_1000_7,500,15,15,10,0.3000,42,9996105257,9996103798,41,17626
docs\inst_test\instancias\n_1000_7,500,15,15,10,0.3000,123,9996105266,9996103835,40,17626
docs\inst_test\instancias\n_1000_7,500,15,15,10,0.3000,2026,9996105257,9996103798,40,17626
docs\inst_test\instancias\n_1000_7,500,15,15,20,0.1000,42,9996105257,9996103798,38,17626
docs\inst_test\instancias\n_1000_7,500,15,15,20,0.1000,123,9996105257,9996103798,35,17626
docs\inst_test\instancias\n_1000_7,500,15,15,20,0.1000,2026,9996105257,9996103798,36,17626
docs\inst_test\instancias\n_1000_7,500,15,15,20,0.2000,42,9996105257,9996103798,36,17626
docs\inst_test\instancias\n_1000_7,500,15,15,20,0.2000,123,9996105257,9996103798,37,17626
docs\inst_test\instancias\n_1000_7,500,15,15,20,0.2000,2026,9996105257,9996103798,36,17626
docs\inst_test\instancias\n_1000_7,500,15,15,20,0.3000,42,9996105257,9996103798,36,17626
docs\inst_test\instancias\n_1000_7,500,15,15,20,0.3000,123,9996105257,9996103798,36,17626
docs\inst_test\instancias\n_1000_7,500,15,15,20,0.3000,2026,9996105257,9996103798,36,17626
docs\inst_test\instancias\n_1000_7,500,20,7,5,0.1000,42,9996105257,9996103798,47,17626
docs\inst_test\instancias\n_1000_7,500,20,7,5,0.1000,123,9996105266,9996103835,47,17626
docs\inst_test\instancias\n_1000_7,500,20,7,5,0.1000,2026,9996105264,9996103875,47,17626
docs\inst_test\instancias\n_1000_7,500,20,7,5,0.2000,42,9996105264,9996103875,45,17626
docs\inst_test\instancias\n_1000_7,500,20,7,5,0.2000,123,9996105266,9996103835,46,17626
docs\inst_test\instancias\n_1000_7,500,20,7,5,0.2000,2026,9996105264,9996103875,41,17626
docs\inst_test\instancias\n_1000_7,500,20,7,5,0.3000,42,9996105257,9996103798,42,17626
docs\inst_test\instancias\n_1000_7,500,20,7,5,0.3000,123,9996105266,9996103835,42,17626
docs\inst_test\instancias\n_1000_7,500,20,7,5,0.3000,2026,9996105257,9996103798,41,17626
docs\inst_test\instancias\n_1000_7,500,20,7,10,0.1000,42,9996105257,9996103798,34,17626
docs\inst_test\instancias\n_1000_7,500,20,7,10,0.1000,123,9996105266,9996103835,35,17626
docs\inst_test\instancias\n_1000_7,500,20,7,10,0.1000,2026,9996105257,9996103798,35,17626
docs\inst_test\instancias\n_1000_7,500,20,7,10,0.2000,42,9996105257,9996103798,36,17626
docs\inst_test\instancias\n_1000_7,500,20,7,10,0.2000,123,9996105266,9996103835,35,17626
docs\inst_test\instancias\n_1000_7,500,20,7,10,0.2000,2026,9996105257,9996103798,35,17626
docs\inst_test\instancias\n_1000_7,500,20,7,10,0.3000,42,9996105257,9996103798,36,17626
docs\inst_test\instancias\n_1000_7,500,20,7,10,0.3000,123,9996105266,9996103835,35,17626
docs\inst_test\instancias\n_1000_7,500,20,7,10,0.3000,2026,9996105257,9996103798,35,17626
docs\inst_test\instancias\n_1000_7,500,20,7,20,0.1000,42,9996105257,9996103798,32,17626
docs\inst_test\instancias\n_1000_7,500,20,7,20,0.1000,123,9996105257,9996103798,32,17626
docs\inst_test\instancias\n_1000_7,500,20,7,20,0.1000,2026,9996105257,9996103798,32,17626
docs\inst_test\instancias\n_1000_7,500,20,7,20,0.2000,42,9996105257,9996103798,33,17626
docs\inst_test\instancias\n_1000_7,500,20,7,20,0.2000,123,9996105257,9996103798,31,17626
docs\inst_test\instancias\n_1000_7,500,20,7,20,0.2000,2026,9996105257,9996103798,32,17626
docs\inst_test\instancias\n_1000_7,500,20,7,20,0.3000,42,9996105257,9996103798,31,17626
docs\inst_test\instancias\n_1000_7,500,20,7,20,0.3000,123,9996105257,9996103798,31,17626
docs\inst_test\instancias\n_1000_7,500,20,7,20,0.3000,2026,9996105257,9996103798,32,17626
docs\inst_test\instancias\n_1000_7,500,20,10,5,0.1000,42,9996105257,9996103798,43,17626
docs\inst_test\instancias\n_1000_7,500,20,10,5,0.1000,123,9996105266,9996103835,42,17626
docs\inst_test\instancias\n_1000_7,500,20,10,5,0.1000,2026,9996105264,9996103875,41,17626
docs\inst_test\instancias\n_1000_7,500,20,10,5,0.2000,42,9996105264,9996103875,42,17626
docs\inst_test\instancias\n_1000_7,500,20,10,5,0.2000,123,9996105266,9996103835,41,17626
docs\inst_test\instancias\n_1000_7,500,20,10,5,0.2000,2026,9996105264,9996103875,42,17626
docs\inst_test\instancias\n_1000_7,500,20,10,5,0.3000,42,9996105257,9996103798,41,17626
docs\inst_test\instancias\n_1000_7,500,20,10,5,0.3000,123,9996105266,9996103835,42,17626
docs\inst_test\instancias\n_1000_7,500,20,10,5,0.3000,2026,9996105257,9996103798,42,17626
docs\inst_test\instancias\n_1000_7,500,20,10,10,0.1000,42,9996105257,9996103798,35,17626
docs\inst_test\instancias\n_1000_7,500,20,10,10,0.1000,123,9996105266,9996103835,36,17626
docs\inst_test\instancias\n_1000_7,500,20,10,10,0.1000,2026,9996105257,9996103798,36,17626
docs\inst_test\instancias\n_1000_7,500,20,10,10,0.2000,42,9996105257,9996103798,35,17626
docs\inst_test\instancias\n_1000_7,500,20,10,10,0.2000,123,9996105266,9996103835,35,17626
docs\inst_test\instancias\n_1000_7,500,20,10,10,0.2000,2026,9996105257,9996103798,36,17626
docs\inst_test\instancias\n_1000_7,500,20,10,10,0.3000,42,9996105257,9996103798,35,17626
docs\inst_test\instancias\n_1000_7,500,20,10,10,0.3000,123,9996105266,9996103835,36,17626
docs\inst_test\instancias\n_1000_7,500,20,10,10,0.3000,2026,9996105257,9996103798,36,17626
docs\inst_test\instancias\n_1000_7,500,20,10,20,0.1000,42,9996105257,9996103798,32,17626
docs\inst_test\instancias\n_1000_7,500,20,10,20,0.1000,123,9996105257,9996103798,32,17626
docs\inst_test\instancias\n_1000_7,500,20,10,20,0.1000,2026,9996105257,9996103798,31,17626
docs\inst_test\instancias\n_1000_7,500,20,10,20,0.2000,42,9996105257,9996103798,31,17626
docs\inst_test\instancias\n_1000_7,500,20,10,20,0.2000,123,9996105257,9996103798,32,17626
docs\inst_test\instancias\n_1000_7,500,20,10,20,0.2000,2026,9996105257,9996103798,32,17626
docs\inst_test\instancias\n_1000_7,500,20,10,20,0.3000,42,9996105257,9996103798,31,17626
docs\inst_test\instancias\n_1000_7,500,20,10,20,0.3000,123,9996105257,9996103798,32,17626
docs\inst_test\instancias\n_1000_7,500,20,10,20,0.3000,2026,9996105257,9996103798,32,17626
docs\inst_test\instancias\n_1000_7,500,20,15,5,0.1000,42,9996105257,9996103798,43,17626
docs\inst_test\instancias\n_1000_7,500,20,15,5,0.1000,123,9996105266,9996103835,41,17626
docs\inst_test\instancias\n_1000_7,500,20,15,5,0.1000,2026,9996105264,9996103875,42,17626
docs\inst_test\instancias\n_1000_7,500,20,15,5,0.2000,42,9996105264,9996103875,42,17626
docs\inst_test\instancias\n_1000_7,500,20,15,5,0.2000,123,9996105266,9996103835,42,17626
docs\inst_test\instancias\n_1000_7,500,20,15,5,0.2000,2026,9996105264,9996103875,41,17626
docs\inst_test\instancias\n_1000_7,500,20,15,5,0.3000,42,9996105257,9996103798,42,17626
docs\inst_test\instancias\n_1000_7,500,20,15,5,0.3000,123,9996105266,9996103835,42,17626
docs\inst_test\instancias\n_1000_7,500,20,15,5,0.3000,2026,9996105257,9996103798,42,17626
docs\inst_test\instancias\n_1000_7,500,20,15,10,0.1000,42,9996105257,9996103798,35,17626
docs\inst_test\instancias\n_1000_7,500,20,15,10,0.1000,123,9996105266,9996103835,35,17626
docs\inst_test\instancias\n_1000_7,500,20,15,10,0.1000,2026,9996105257,9996103798,35,17626
docs\inst_test\instancias\n_1000_7,500,20,15,10,0.2000,42,9996105257,9996103798,35,17626
docs\inst_test\instancias\n_1000_7,500,20,15,10,0.2000,123,9996105266,9996103835,36,17626
docs\inst_test\instancias\n_1000_7,500,20,15,10,0.2000,2026,9996105257,9996103798,36,17626
docs\inst_test\instancias\n_1000_7,500,20,15,10,0.3000,42,9996105257,9996103798,35,17626
docs\inst_test\instancias\n_1000_7,500,20,15,10,0.3000,123,9996105266,9996103835,36,17626
docs\inst_test\instancias\n_1000_7,500,20,15,10,0.3000,2026,9996105257,9996103798,35,17626
docs\inst_test\instancias\n_1000_7,500,20,15,20,0.1000,42,9996105257,9996103798,31,17626
docs\inst_test\instancias\n_1000_7,500,20,15,20,0.1000,123,9996105257,9996103798,31,17626
docs\inst_test\instancias\n_1000_7,500,20,15,20,0.1000,2026,9996105257,9996103798,33,17626
docs\inst_test\instancias\n_1000_7,500,20,15,20,0.2000,42,9996105257,9996103798,32,17626
docs\inst_test\instancias\n_1000_7,500,20,15,20,0.2000,123,9996105257,9996103798,31,17626
docs\inst_test\instancias\n_1000_7,500,20,15,20,0.2000,2026,9996105257,9996103798,32,17626
docs\inst_test\instancias\n_1000_7,500,20,15,20,0.3000,42,9996105257,9996103798,31,17626
docs\inst_test\instancias\n_1000_7,500,20,15,20,0.3000,123,9996105257,9996103798,31,17626
docs\inst_test\instancias\n_1000_7,500,20,15,20,0.3000,2026,9996105257,9996103798,32,17626
docs\inst_test\instancias\n_1000_8,100,10,7,5,0.1000,42,9996111497,9996109804,9,17418
docs\inst_test\instancias\n_1000_8,100,10,7,5,0.1000,123,9996111497,9996109804,8,17418
docs\inst_test\instancias\n_1000_8,100,10,7,5,0.1000,2026,9996111497,9996109804,9,17418
docs\inst_test\instancias\n_1000_8,100,10,7,5,0.2000,42,9996111502,9996110095,10,17418
docs\inst_test\instancias\n_1000_8,100,10,7,5,0.2000,123,9996111497,9996109804,9,17418
docs\inst_test\instancias\n_1000_8,100,10,7,5,0.2000,2026,9996111497,9996109804,9,17418
docs\inst_test\instancias\n_1000_8,100,10,7,5,0.3000,42,9996111502,9996110095,9,17418
docs\inst_test\instancias\n_1000_8,100,10,7,5,0.3000,123,9996111497,9996109804,9,17418
docs\inst_test\instancias\n_1000_8,100,10,7,5,0.3000,2026,9996111497,9996109804,9,17418
docs\inst_test\instancias\n_1000_8,100,10,7,10,0.1000,42,9996111497,9996109804,7,17418
docs\inst_test\instancias\n_1000_8,100,10,7,10,0.1000,123,9996111497,9996109804,8,17418
docs\inst_test\instancias\n_1000_8,100,10,7,10,0.1000,2026,9996111497,9996109804,7,17418
docs\inst_test\instancias\n_1000_8,100,10,7,10,0.2000,42,9996111497,9996109804,8,17418
docs\inst_test\instancias\n_1000_8,100,10,7,10,0.2000,123,9996111497,9996109804,7,17418
docs\inst_test\instancias\n_1000_8,100,10,7,10,0.2000,2026,9996111497,9996109804,8,17418
docs\inst_test\instancias\n_1000_8,100,10,7,10,0.3000,42,9996111497,9996109804,7,17418
docs\inst_test\instancias\n_1000_8,100,10,7,10,0.3000,123,9996111497,9996109804,8,17418
docs\inst_test\instancias\n_1000_8,100,10,7,10,0.3000,2026,9996111497,9996109804,6,17418
docs\inst_test\instancias\n_1000_8,100,10,7,20,0.1000,42,9996111497,9996109804,7,17418
docs\inst_test\instancias\n_1000_8,100,10,7,20,0.1000,123,9996111497,9996109804,6,17418
docs\inst_test\instancias\n_1000_8,100,10,7,20,0.1000,2026,9996111497,9996109804,7,17418
docs\inst_test\instancias\n_1000_8,100,10,7,20,0.2000,42,9996111497,9996109804,7,17418
docs\inst_test\instancias\n_1000_8,100,10,7,20,0.2000,123,9996111497,9996109804,7,17418
docs\inst_test\instancias\n_1000_8,100,10,7,20,0.2000,2026,9996111497,9996109804,6,17418
docs\inst_test\instancias\n_1000_8,100,10,7,20,0.3000,42,9996111497,9996109804,7,17418
docs\inst_test\instancias\n_1000_8,100,10,7,20,0.3000,123,9996111497,9996109804,7,17418
docs\inst_test\instancias\n_1000_8,100,10,7,20,0.3000,2026,9996111497,9996109804,7,17418
docs\inst_test\instancias\n_1000_8,100,10,10,5,0.1000,42,9996111497,9996109804,8,17418
docs\inst_test\instancias\n_1000_8,100,10,10,5,0.1000,123,9996111497,9996109804,9,17418
docs\inst_test\instancias\n_1000_8,100,10,10,5,0.1000,2026,9996111497,9996109804,9,17418
docs\inst_test\instancias\n_1000_8,100,10,10,5,0.2000,42,9996111502,9996110095,9,17418
docs\inst_test\instancias\n_1000_8,100,10,10,5,0.2000,123,9996111497,9996109804,8,17418
docs\inst_test\instancias\n_1000_8,100,10,10,5,0.2000,2026,9996111497,9996109804,8,17418
docs\inst_test\instancias\n_1000_8,100,10,10,5,0.3000,42,9996111502,9996110095,9,17418
docs\inst_test\instancias\n_1000_8,100,10,10,5,0.3000,123,9996111497,9996109804,8,17418
docs\inst_test\instancias\n_1000_8,100,10,10,5,0.3000,2026,9996111497,9996109804,9,17418
docs\inst_test\instancias\n_1000_8,100,10,10,10,0.1000,42,9996111497,9996109804,7,17418
docs\inst_test\instancias\n_1000_8,100,10,10,10,0.1000,123,9996111497,9996109804,8,17418
docs\inst_test\instancias\n_1000_8,100,10,10,10,0.1000,2026,9996111497,9996109804,7,17418
docs\inst_test\instancias\n_1000_8,100,10,10,10,0.2000,42,9996111497,9996109804,7,17418
docs\inst_test\instancias\n_1000_8,100,10,10,10,0.2000,123,9996111497,9996109804,8,17418
docs\inst_test\instancias\n_1000_8,100,10,10,10,0.2000,2026,9996111497,9996109804,8,17418
docs\inst_test\instancias\n_1000_8,100,10,10,10,0.3000,42,9996111497,9996109804,8,17418
docs\inst_test\instancias\n_1000_8,100,10,10,10,0.3000,123,9996111497,9996109804,7,17418
docs\inst_test\instancias\n_1000_8,100,10,10,10,0.3000,2026,9996111497,9996109804,8,17418
docs\inst_test\instancias\n_1000_8,100,10,10,20,0.1000,42,9996111497,9996109804,6,17418
docs\inst_test\instancias\n_1000_8,100,10,10,20,0.1000,123,9996111497,9996109804,7,17418
docs\inst_test\instancias\n_1000_8,100,10,10,20,0.1000,2026,9996111497,9996109804,6,17418
docs\inst_test\instancias\n_1000_8,100,10,10,20,0.2000,42,9996111497,9996109804,7,17418
docs\inst_test\instancias\n_1000_8,100,10,10,20,0.2000,123,9996111497,9996109804,6,17418
docs\inst_test\instancias\n_1000_8,100,10,10,20,0.2000,2026,9996111497,9996109804,7,17418
docs\inst_test\instancias\n_1000_8,100,10,10,20,0.3000,42,9996111497,9996109804,7,17418
docs\inst_test\instancias\n_1000_8,100,10,10,20,0.3000,123,9996111497,9996109804,5,17418
docs\inst_test\instancias\n_1000_8,100,10,10,20,0.3000,2026,9996111497,9996109804,8,17418
docs\inst_test\instancias\n_1000_8,100,10,15,5,0.1000,42,9996111497,9996109804,8,17418
docs\inst_test\instancias\n_1000_8,100,10,15,5,0.1000,123,9996111497,9996109804,9,17418
docs\inst_test\instancias\n_1000_8,100,10,15,5,0.1000,2026,9996111497,9996109804,8,17418
docs\inst_test\instancias\n_1000_8,100,10,15,5,0.2000,42,9996111502,9996110095,9,17418
docs\inst_test\instancias\n_1000_8,100,10,15,5,0.2000,123,9996111497,9996109804,8,17418
docs\inst_test\instancias\n_1000_8,100,10,15,5,0.2000,2026,9996111497,9996109804,9,17418
docs\inst_test\instancias\n_1000_8,100,10,15,5,0.3000,42,9996111502,9996110095,8,17418
docs\inst_test\instancias\n_1000_8,100,10,15,5,0.3000,123,9996111497,9996109804,10,17418
docs\inst_test\instancias\n_1000_8,100,10,15,5,0.3000,2026,9996111497,9996109804,8,17418
docs\inst_test\instancias\n_1000_8,100,10,15,10,0.1000,42,9996111497,9996109804,7,17418
docs\inst_test\instancias\n_1000_8,100,10,15,10,0.1000,123,9996111497,9996109804,7,17418
docs\inst_test\instancias\n_1000_8,100,10,15,10,0.1000,2026,9996111497,9996109804,8,17418
docs\inst_test\instancias\n_1000_8,100,10,15,10,0.2000,42,9996111497,9996109804,7,17418
docs\inst_test\instancias\n_1000_8,100,10,15,10,0.2000,123,9996111497,9996109804,8,17418
docs\inst_test\instancias\n_1000_8,100,10,15,10,0.2000,2026,9996111497,9996109804,7,17418
docs\inst_test\instancias\n_1000_8,100,10,15,10,0.3000,42,9996111497,9996109804,8,17418
docs\inst_test\instancias\n_1000_8,100,10,15,10,0.3000,123,9996111497,9996109804,7,17418
docs\inst_test\instancias\n_1000_8,100,10,15,10,0.3000,2026,9996111497,9996109804,7,17418
docs\inst_test\instancias\n_1000_8,100,10,15,20,0.1000,42,9996111497,9996109804,7,17418
docs\inst_test\instancias\n_1000_8,100,10,15,20,0.1000,123,9996111497,9996109804,6,17418
docs\inst_test\instancias\n_1000_8,100,10,15,20,0.1000,2026,9996111497,9996109804,7,17418
docs\inst_test\instancias\n_1000_8,100,10,15,20,0.2000,42,9996111497,9996109804,6,17418
docs\inst_test\instancias\n_1000_8,100,10,15,20,0.2000,123,9996111497,9996109804,7,17418
docs\inst_test\instancias\n_1000_8,100,10,15,20,0.2000,2026,9996111497,9996109804,7,17418
docs\inst_test\instancias\n_1000_8,100,10,15,20,0.3000,42,9996111497,9996109804,7,17418
docs\inst_test\instancias\n_1000_8,100,10,15,20,0.3000,123,9996111497,9996109804,6,17418
docs\inst_test\instancias\n_1000_8,100,10,15,20,0.3000,2026,9996111497,9996109804,6,17418
docs\inst_test\instancias\n_1000_8,100,15,7,5,0.1000,42,9996111497,9996109804,9,17418
docs\inst_test\instancias\n_1000_8,100,15,7,5,0.1000,123,9996111497,9996109804,8,17418
docs\inst_test\instancias\n_1000_8,100,15,7,5,0.1000,2026,9996111497,9996109804,9,17418
docs\inst_test\instancias\n_1000_8,100,15,7,5,0.2000,42,9996111502,9996110095,9,17418
docs\inst_test\instancias\n_1000_8,100,15,7,5,0.2000,123,9996111497,9996109804,8,17418
docs\inst_test\instancias\n_1000_8,100,15,7,5,0.2000,2026,9996111497,9996109804,9,17418
docs\inst_test\instancias\n_1000_8,100,15,7,5,0.3000,42,9996111502,9996110095,8,17418
docs\inst_test\instancias\n_1000_8,100,15,7,5,0.3000,123,9996111497,9996109804,9,17418
docs\inst_test\instancias\n_1000_8,100,15,7,5,0.3000,2026,9996111497,9996109804,7,17418
docs\inst_test\instancias\n_1000_8,100,15,7,10,0.1000,42,9996111497,9996109804,9,17418
docs\inst_test\instancias\n_1000_8,100,15,7,10,0.1000,123,9996111497,9996109804,7,17418
docs\inst_test\instancias\n_1000_8,100,15,7,10,0.1000,2026,9996111497,9996109804,7,17418
docs\inst_test\instancias\n_1000_8,100,15,7,10,0.2000,42,9996111497,9996109804,7,17418
docs\inst_test\instancias\n_1000_8,100,15,7,10,0.2000,123,9996111497,9996109804,7,17418
docs\inst_test\instancias\n_1000_8,100,15,7,10,0.2000,2026,9996111497,9996109804,8,17418
docs\inst_test\instancias\n_1000_8,100,15,7,10,0.3000,42,9996111497,9996109804,7,17418
docs\inst_test\instancias\n_1000_8,100,15,7,10,0.3000,123,9996111497,9996109804,7,17418
docs\inst_test\instancias\n_1000_8,100,15,7,10,0.3000,2026,9996111497,9996109804,7,17418
docs\inst_test\instancias\n_1000_8,100,15,7,20,0.1000,42,9996111497,9996109804,7,17418
docs\inst_test\instancias\n_1000_8,100,15,7,20,0.1000,123,9996111497,9996109804,6,17418
docs\inst_test\instancias\n_1000_8,100,15,7,20,0.1000,2026,9996111497,9996109804,7,17418
docs\inst_test\instancias\n_1000_8,100,15,7,20,0.2000,42,9996111497,9996109804,6,17418
docs\inst_test\instancias\n_1000_8,100,15,7,20,0.2000,123,9996111497,9996109804,7,17418
docs\inst_test\instancias\n_1000_8,100,15,7,20,0.2000,2026,9996111497,9996109804,7,17418
docs\inst_test\instancias\n_1000_8,100,15,7,20,0.3000,42,9996111497,9996109804,6,17418
docs\inst_test\instancias\n_1000_8,100,15,7,20,0.3000,123,9996111497,9996109804,7,17418
docs\inst_test\instancias\n_1000_8,100,15,7,20,0.3000,2026,9996111497,9996109804,7,17418
docs\inst_test\instancias\n_1000_8,100,15,10,5,0.1000,42,9996111497,9996109804,10,17418
docs\inst_test\instancias\n_1000_8,100,15,10,5,0.1000,123,9996111497,9996109804,9,17418
docs\inst_test\instancias\n_1000_8,100,15,10,5,0.1000,2026,9996111497,9996109804,9,17418
docs\inst_test\instancias\n_1000_8,100,15,10,5,0.2000,42,9996111502,9996110095,8,17418
docs\inst_test\instancias\n_1000_8,100,15,10,5,0.2000,123,9996111497,9996109804,9,17418
docs\inst_test\instancias\n_1000_8,100,15,10,5,0.2000,2026,9996111497,9996109804,9,17418
docs\inst_test\instancias\n_1000_8,100,15,10,5,0.3000,42,9996111502,9996110095,9,17418
docs\inst_test\instancias\n_1000_8,100,15,10,5,0.3000,123,9996111497,9996109804,8,17418
docs\inst_test\instancias\n_1000_8,100,15,10,5,0.3000,2026,9996111497,9996109804,9,17418
docs\inst_test\instancias\n_1000_8,100,15,10,10,0.1000,42,9996111497,9996109804,8,17418
docs\inst_test\instancias\n_1000_8,100,15,10,10,0.1000,123,9996111497,9996109804,6,17418
docs\inst_test\instancias\n_1000_8,100,15,10,10,0.1000,2026,9996111497,9996109804,7,17418
docs\inst_test\instancias\n_1000_8,100,15,10,10,0.2000,42,9996111497,9996109804,8,17418
docs\inst_test\instancias\n_1000_8,100,15,10,10,0.2000,123,9996111497,9996109804,7,17418
docs\inst_test\instancias\n_1000_8,100,15,10,10,0.2000,2026,9996111497,9996109804,7,17418
docs\inst_test\instancias\n_1000_8,100,15,10,10,0.3000,42,9996111497,9996109804,8,17418
docs\inst_test\instancias\n_1000_8,100,15,10,10,0.3000,123,9996111497,9996109804,7,17418
docs\inst_test\instancias\n_1000_8,100,15,10,10,0.3000,2026,9996111497,9996109804,7,17418
docs\inst_test\instancias\n_1000_8,100,15,10,20,0.1000,42,9996111497,9996109804,7,17418
docs\inst_test\instancias\n_1000_8,100,15,10,20,0.1000,123,9996111497,9996109804,7,17418
docs\inst_test\instancias\n_1000_8,100,15,10,20,0.1000,2026,9996111497,9996109804,6,17418
docs\inst_test\instancias\n_1000_8,100,15,10,20,0.2000,42,9996111497,9996109804,7,17418
docs\inst_test\instancias\n_1000_8,100,15,10,20,0.2000,123,9996111497,9996109804,7,17418
docs\inst_test\instancias\n_1000_8,100,15,10,20,0.2000,2026,9996111497,9996109804,6,17418
docs\inst_test\instancias\n_1000_8,100,15,10,20,0.3000,42,9996111497,9996109804,7,17418
docs\inst_test\instancias\n_1000_8,100,15,10,20,0.3000,123,9996111497,9996109804,7,17418
docs\inst_test\instancias\n_1000_8,100,15,10,20,0.3000,2026,9996111497,9996109804,7,17418
docs\inst_test\instancias\n_1000_8,100,15,15,5,0.1000,42,9996111497,9996109804,9,17418
docs\inst_test\instancias\n_1000_8,100,15,15,5,0.1000,123,9996111497,9996109804,8,17418
docs\inst_test\instancias\n_1000_8,100,15,15,5,0.1000,2026,9996111497,9996109804,9,17418
docs\inst_test\instancias\n_1000_8,100,15,15,5,0.2000,42,9996111502,9996110095,8,17418
docs\inst_test\instancias\n_1000_8,100,15,15,5,0.2000,123,9996111497,9996109804,9,17418
docs\inst_test\instancias\n_1000_8,100,15,15,5,0.2000,2026,9996111497,9996109804,8,17418
docs\inst_test\instancias\n_1000_8,100,15,15,5,0.3000,42,9996111502,9996110095,9,17418
docs\inst_test\instancias\n_1000_8,100,15,15,5,0.3000,123,9996111497,9996109804,8,17418
docs\inst_test\instancias\n_1000_8,100,15,15,5,0.3000,2026,9996111497,9996109804,9,17418
docs\inst_test\instancias\n_1000_8,100,15,15,10,0.1000,42,9996111497,9996109804,7,17418
docs\inst_test\instancias\n_1000_8,100,15,15,10,0.1000,123,9996111497,9996109804,8,17418
docs\inst_test\instancias\n_1000_8,100,15,15,10,0.1000,2026,9996111497,9996109804,7,17418
docs\inst_test\instancias\n_1000_8,100,15,15,10,0.2000,42,9996111497,9996109804,8,17418
docs\inst_test\instancias\n_1000_8,100,15,15,10,0.2000,123,9996111497,9996109804,7,17418
docs\inst_test\instancias\n_1000_8,100,15,15,10,0.2000,2026,9996111497,9996109804,8,17418
docs\inst_test\instancias\n_1000_8,100,15,15,10,0.3000,42,9996111497,9996109804,7,17418
docs\inst_test\instancias\n_1000_8,100,15,15,10,0.3000,123,9996111497,9996109804,8,17418
docs\inst_test\instancias\n_1000_8,100,15,15,10,0.3000,2026,9996111497,9996109804,7,17418
docs\inst_test\instancias\n_1000_8,100,15,15,20,0.1000,42,9996111497,9996109804,7,17418
docs\inst_test\instancias\n_1000_8,100,15,15,20,0.1000,123,9996111497,9996109804,7,17418
docs\inst_test\instancias\n_1000_8,100,15,15,20,0.1000,2026,9996111497,9996109804,6,17418
docs\inst_test\instancias\n_1000_8,100,15,15,20,0.2000,42,9996111497,9996109804,6,17418
docs\inst_test\instancias\n_1000_8,100,15,15,20,0.2000,123,9996111497,9996109804,6,17418
docs\inst_test\instancias\n_1000_8,100,15,15,20,0.2000,2026,9996111497,9996109804,6,17418
docs\inst_test\instancias\n_1000_8,100,15,15,20,0.3000,42,9996111497,9996109804,7,17418
docs\inst_test\instancias\n_1000_8,100,15,15,20,0.3000,123,9996111497,9996109804,6,17418
docs\inst_test\instancias\n_1000_8,100,15,15,20,0.3000,2026,9996111497,9996109804,7,17418
docs\inst_test\instancias\n_1000_8,100,20,7,5,0.1000,42,9996111497,9996109804,8,17418
docs\inst_test\instancias\n_1000_8,100,20,7,5,0.1000,123,9996111497,9996109804,9,17418
docs\inst_test\instancias\n_1000_8,100,20,7,5,0.1000,2026,9996111497,9996109804,9,17418
docs\inst_test\instancias\n_1000_8,100,20,7,5,0.2000,42,9996111502,9996110095,8,17418
docs\inst_test\instancias\n_1000_8,100,20,7,5,0.2000,123,9996111497,9996109804,8,17418
docs\inst_test\instancias\n_1000_8,100,20,7,5,0.2000,2026,9996111497,9996109804,10,17418
docs\inst_test\instancias\n_1000_8,100,20,7,5,0.3000,42,9996111502,9996110095,9,17418
docs\inst_test\instancias\n_1000_8,100,20,7,5,0.3000,123,9996111497,9996109804,8,17418
docs\inst_test\instancias\n_1000_8,100,20,7,5,0.3000,2026,9996111497,9996109804,9,17418
docs\inst_test\instancias\n_1000_8,100,20,7,10,0.1000,42,9996111497,9996109804,7,17418
docs\inst_test\instancias\n_1000_8,100,20,7,10,0.1000,123,9996111497,9996109804,7,17418
docs\inst_test\instancias\n_1000_8,100,20,7,10,0.1000,2026,9996111497,9996109804,7,17418
docs\inst_test\instancias\n_1000_8,100,20,7,10,0.2000,42,9996111497,9996109804,7,17418
docs\inst_test\instancias\n_1000_8,100,20,7,10,0.2000,123,9996111497,9996109804,7,17418
docs\inst_test\instancias\n_1000_8,100,20,7,10,0.2000,2026,9996111497,9996109804,8,17418
docs\inst_test\instancias\n_1000_8,100,20,7,10,0.3000,42,9996111497,9996109804,7,17418
docs\inst_test\instancias\n_1000_8,100,20,7,10,0.3000,123,9996111497,9996109804,7,17418
docs\inst_test\instancias\n_1000_8,100,20,7,10,0.3000,2026,9996111497,9996109804,8,17418
docs\inst_test\instancias\n_1000_8,100,20,7,20,0.1000,42,9996111497,9996109804,7,17418
docs\inst_test\instancias\n_1000_8,100,20,7,20,0.1000,123,9996111497,9996109804,7,17418
docs\inst_test\instancias\n_1000_8,100,20,7,20,0.1000,2026,9996111497,9996109804,7,17418
docs\inst_test\instancias\n_1000_8,100,20,7,20,0.2000,42,9996111497,9996109804,6,17418
docs\inst_test\instancias\n_1000_8,100,20,7,20,0.2000,123,9996111497,9996109804,8,17418
docs\inst_test\instancias\n_1000_8,100,20,7,20,0.2000,2026,9996111497,9996109804,7,17418
docs\inst_test\instancias\n_1000_8,100,20,7,20,0.3000,42,9996111497,9996109804,7,17418
docs\inst_test\instancias\n_1000_8,100,20,7,20,0.3000,123,9996111497,9996109804,6,17418
docs\inst_test\instancias\n_1000_8,100,20,7,20,0.3000,2026,9996111497,9996109804,7,17418
docs\inst_test\instancias\n_1000_8,100,20,10,5,0.1000,42,9996111497,9996109804,9,17418
docs\inst_test\instancias\n_1000_8,100,20,10,5,0.1000,123,9996111497,9996109804,9,17418
docs\inst_test\instancias\n_1000_8,100,20,10,5,0.1000,2026,9996111497,9996109804,9,17418
docs\inst_test\instancias\n_1000_8,100,20,10,5,0.2000,42,9996111502,9996110095,9,17418
docs\inst_test\instancias\n_1000_8,100,20,10,5,0.2000,123,9996111497,9996109804,9,17418
docs\inst_test\instancias\n_1000_8,100,20,10,5,0.2000,2026,9996111497,9996109804,9,17418
docs\inst_test\instancias\n_1000_8,100,20,10,5,0.3000,42,9996111502,9996110095,10,17418
docs\inst_test\instancias\n_1000_8,100,20,10,5,0.3000,123,9996111497,9996109804,8,17418
docs\inst_test\instancias\n_1000_8,100,20,10,5,0.3000,2026,9996111497,9996109804,10,17418
docs\inst_test\instancias\n_1000_8,100,20,10,10,0.1000,42,9996111497,9996109804,7,17418
docs\inst_test\instancias\n_1000_8,100,20,10,10,0.1000,123,9996111497,9996109804,8,17418
docs\inst_test\instancias\n_1000_8,100,20,10,10,0.1000,2026,9996111497,9996109804,7,17418
docs\inst_test\instancias\n_1000_8,100,20,10,10,0.2000,42,9996111497,9996109804,8,17418
docs\inst_test\instancias\n_1000_8,100,20,10,10,0.2000,123,9996111497,9996109804,7,17418
docs\inst_test\instancias\n_1000_8,100,20,10,10,0.2000,2026,9996111497,9996109804,8,17418
docs\inst_test\instancias\n_1000_8,100,20,10,10,0.3000,42,9996111497,9996109804,8,17418
docs\inst_test\instancias\n_1000_8,100,20,10,10,0.3000,123,9996111497,9996109804,8,17418
docs\inst_test\instancias\n_1000_8,100,20,10,10,0.3000,2026,9996111497,9996109804,7,17418
docs\inst_test\instancias\n_1000_8,100,20,10,20,0.1000,42,9996111497,9996109804,7,17418
docs\inst_test\instancias\n_1000_8,100,20,10,20,0.1000,123,9996111497,9996109804,6,17418
docs\inst_test\instancias\n_1000_8,100,20,10,20,0.1000,2026,9996111497,9996109804,8,17418
docs\inst_test\instancias\n_1000_8,100,20,10,20,0.2000,42,9996111497,9996109804,6,17418
docs\inst_test\instancias\n_1000_8,100,20,10,20,0.2000,123,9996111497,9996109804,7,17418
docs\inst_test\instancias\n_1000_8,100,20,10,20,0.2000,2026,9996111497,9996109804,7,17418
docs\inst_test\instancias\n_1000_8,100,20,10,20,0.3000,42,9996111497,9996109804,7,17418
docs\inst_test\instancias\n_1000_8,100,20,10,20,0.3000,123,9996111497,9996109804,6,17418
docs\inst_test\instancias\n_1000_8,100,20,10,20,0.3000,2026,9996111497,9996109804,7,17418
docs\inst_test\instancias\n_1000_8,100,20,15,5,0.1000,42,9996111497,9996109804,8,17418
docs\inst_test\instancias\n_1000_8,100,20,15,5,0.1000,123,9996111497,9996109804,10,17418
docs\inst_test\instancias\n_1000_8,100,20,15,5,0.1000,2026,9996111497,9996109804,9,17418
docs\inst_test\instancias\n_1000_8,100,20,15,5,0.2000,42,9996111502,9996110095,9,17418
docs\inst_test\instancias\n_1000_8,100,20,15,5,0.2000,123,9996111497,9996109804,8,17418
docs\inst_test\instancias\n_1000_8,100,20,15,5,0.2000,2026,9996111497,9996109804,9,17418
docs\inst_test\instancias\n_1000_8,100,20,15,5,0.3000,42,9996111502,9996110095,9,17418
docs\inst_test\instancias\n_1000_8,100,20,15,5,0.3000,123,9996111497,9996109804,8,17418
docs\inst_test\instancias\n_1000_8,100,20,15,5,0.3000,2026,9996111497,9996109804,9,17418
docs\inst_test\instancias\n_1000_8,100,20,15,10,0.1000,42,9996111497,9996109804,8,17418
docs\inst_test\instancias\n_1000_8,100,20,15,10,0.1000,123,9996111497,9996109804,7,17418
docs\inst_test\instancias\n_1000_8,100,20,15,10,0.1000,2026,9996111497,9996109804,7,17418
docs\inst_test\instancias\n_1000_8,100,20,15,10,0.2000,42,9996111497,9996109804,8,17418
docs\inst_test\instancias\n_1000_8,100,20,15,10,0.2000,123,9996111497,9996109804,7,17418
docs\inst_test\instancias\n_1000_8,100,20,15,10,0.2000,2026,9996111497,9996109804,8,17418
docs\inst_test\instancias\n_1000_8,100,20,15,10,0.3000,42,9996111497,9996109804,7,17418
docs\inst_test\instancias\n_1000_8,100,20,15,10,0.3000,123,9996111497,9996109804,7,17418
docs\inst_test\instancias\n_1000_8,100,20,15,10,0.3000,2026,9996111497,9996109804,8,17418
docs\inst_test\instancias\n_1000_8,100,20,15,20,0.1000,42,9996111497,9996109804,7,17418
docs\inst_test\instancias\n_1000_8,100,20,15,20,0.1000,123,9996111497,9996109804,6,17418
docs\inst_test\instancias\n_1000_8,100,20,15,20,0.1000,2026,9996111497,9996109804,7,17418
docs\inst_test\instancias\n_1000_8,100,20,15,20,0.2000,42,9996111497,9996109804,7,17418
docs\inst_test\instancias\n_1000_8,100,20,15,20,0.2000,123,9996111497,9996109804,6,17418
docs\inst_test\instancias\n_1000_8,100,20,15,20,0.2000,2026,9996111497,9996109804,8,17418
docs\inst_test\instancias\n_1000_8,100,20,15,20,0.3000,42,9996111497,9996109804,6,17418
docs\inst_test\instancias\n_1000_8,100,20,15,20,0.3000,123,9996111497,9996109804,7,17418
docs\inst_test\instancias\n_1000_8,100,20,15,20,0.3000,2026,9996111497,9996109804,7,17418
docs\inst_test\instancias\n_1000_8,300,10,7,5,0.1000,42,9996111497,9996109804,27,17418
docs\inst_test\instancias\n_1000_8,300,10,7,5,0.1000,123,9996111502,9996110095,27,17418
docs\inst_test\instancias\n_1000_8,300,10,7,5,0.1000,2026,9996111497,9996109804,27,17418
docs\inst_test\instancias\n_1000_8,300,10,7,5,0.2000,42,9996111502,9996110095,27,17418
docs\inst_test\instancias\n_1000_8,300,10,7,5,0.2000,123,9996111502,9996110095,28,17418
docs\inst_test\instancias\n_1000_8,300,10,7,5,0.2000,2026,9996111497,9996109804,27,17418
docs\inst_test\instancias\n_1000_8,300,10,7,5,0.3000,42,9996111502,9996110095,27,17418
docs\inst_test\instancias\n_1000_8,300,10,7,5,0.3000,123,9996111502,9996110095,27,17418
docs\inst_test\instancias\n_1000_8,300,10,7,5,0.3000,2026,9996111497,9996109804,28,17418
docs\inst_test\instancias\n_1000_8,300,10,7,10,0.1000,42,9996111497,9996109804,24,17418
docs\inst_test\instancias\n_1000_8,300,10,7,10,0.1000,123,9996111497,9996109804,22,17418
docs\inst_test\instancias\n_1000_8,300,10,7,10,0.1000,2026,9996111497,9996109804,23,17418
docs\inst_test\instancias\n_1000_8,300,10,7,10,0.2000,42,9996111502,9996110095,23,17418
docs\inst_test\instancias\n_1000_8,300,10,7,10,0.2000,123,9996111497,9996109804,23,17418
docs\inst_test\instancias\n_1000_8,300,10,7,10,0.2000,2026,9996111497,9996109804,23,17418
docs\inst_test\instancias\n_1000_8,300,10,7,10,0.3000,42,9996111502,9996110095,23,17418
docs\inst_test\instancias\n_1000_8,300,10,7,10,0.3000,123,9996111497,9996109804,23,17418
docs\inst_test\instancias\n_1000_8,300,10,7,10,0.3000,2026,9996111497,9996109804,23,17418
docs\inst_test\instancias\n_1000_8,300,10,7,20,0.1000,42,9996111497,9996109804,21,17418
docs\inst_test\instancias\n_1000_8,300,10,7,20,0.1000,123,9996111497,9996109804,21,17418
docs\inst_test\instancias\n_1000_8,300,10,7,20,0.1000,2026,9996111497,9996109804,21,17418
docs\inst_test\instancias\n_1000_8,300,10,7,20,0.2000,42,9996111502,9996110095,21,17418
docs\inst_test\instancias\n_1000_8,300,10,7,20,0.2000,123,9996111497,9996109804,21,17418
docs\inst_test\instancias\n_1000_8,300,10,7,20,0.2000,2026,9996111497,9996109804,21,17418
docs\inst_test\instancias\n_1000_8,300,10,7,20,0.3000,42,9996111502,9996110095,20,17418
docs\inst_test\instancias\n_1000_8,300,10,7,20,0.3000,123,9996111497,9996109804,21,17418
docs\inst_test\instancias\n_1000_8,300,10,7,20,0.3000,2026,9996111497,9996109804,21,17418
docs\inst_test\instancias\n_1000_8,300,10,10,5,0.1000,42,9996111497,9996109804,28,17418
docs\inst_test\instancias\n_1000_8,300,10,10,5,0.1000,123,9996111502,9996110095,27,17418
docs\inst_test\instancias\n_1000_8,300,10,10,5,0.1000,2026,9996111497,9996109804,26,17418
docs\inst_test\instancias\n_1000_8,300,10,10,5,0.2000,42,9996111502,9996110095,29,17418
docs\inst_test\instancias\n_1000_8,300,10,10,5,0.2000,123,9996111502,9996110095,27,17418
docs\inst_test\instancias\n_1000_8,300,10,10,5,0.2000,2026,9996111497,9996109804,26,17418
docs\inst_test\instancias\n_1000_8,300,10,10,5,0.3000,42,9996111502,9996110095,28,17418
docs\inst_test\instancias\n_1000_8,300,10,10,5,0.3000,123,9996111502,9996110095,27,17418
docs\inst_test\instancias\n_1000_8,300,10,10,5,0.3000,2026,9996111497,9996109804,27,17418
docs\inst_test\instancias\n_1000_8,300,10,10,10,0.1000,42,9996111497,9996109804,24,17418
docs\inst_test\instancias\n_1000_8,300,10,10,10,0.1000,123,9996111497,9996109804,22,17418
docs\inst_test\instancias\n_1000_8,300,10,10,10,0.1000,2026,9996111497,9996109804,24,17418
docs\inst_test\instancias\n_1000_8,300,10,10,10,0.2000,42,9996111502,9996110095,22,17418
docs\inst_test\instancias\n_1000_8,300,10,10,10,0.2000,123,9996111497,9996109804,24,17418
docs\inst_test\instancias\n_1000_8,300,10,10,10,0.2000,2026,9996111497,9996109804,22,17418
docs\inst_test\instancias\n_1000_8,300,10,10,10,0.3000,42,9996111502,9996110095,23,17418
docs\inst_test\instancias\n_1000_8,300,10,10,10,0.3000,123,9996111497,9996109804,24,17418
docs\inst_test\instancias\n_1000_8,300,10,10,10,0.3000,2026,9996111497,9996109804,23,17418
docs\inst_test\instancias\n_1000_8,300,10,10,20,0.1000,42,9996111497,9996109804,21,17418
docs\inst_test\instancias\n_1000_8,300,10,10,20,0.1000,123,9996111497,9996109804,21,17418
docs\inst_test\instancias\n_1000_8,300,10,10,20,0.1000,2026,9996111497,9996109804,22,17418
docs\inst_test\instancias\n_1000_8,300,10,10,20,0.2000,42,9996111502,9996110095,21,17418
docs\inst_test\instancias\n_1000_8,300,10,10,20,0.2000,123,9996111497,9996109804,22,17418
docs\inst_test\instancias\n_1000_8,300,10,10,20,0.2000,2026,9996111497,9996109804,20,17418
docs\inst_test\instancias\n_1000_8,300,10,10,20,0.3000,42,9996111502,9996110095,21,17418
docs\inst_test\instancias\n_1000_8,300,10,10,20,0.3000,123,9996111497,9996109804,21,17418
docs\inst_test\instancias\n_1000_8,300,10,10,20,0.3000,2026,9996111497,9996109804,21,17418
docs\inst_test\instancias\n_1000_8,300,10,15,5,0.1000,42,9996111497,9996109804,26,17418
docs\inst_test\instancias\n_1000_8,300,10,15,5,0.1000,123,9996111502,9996110095,27,17418
docs\inst_test\instancias\n_1000_8,300,10,15,5,0.1000,2026,9996111497,9996109804,27,17418
docs\inst_test\instancias\n_1000_8,300,10,15,5,0.2000,42,9996111502,9996110095,27,17418
docs\inst_test\instancias\n_1000_8,300,10,15,5,0.2000,123,9996111502,9996110095,28,17418
docs\inst_test\instancias\n_1000_8,300,10,15,5,0.2000,2026,9996111497,9996109804,26,17418
docs\inst_test\instancias\n_1000_8,300,10,15,5,0.3000,42,9996111502,9996110095,27,17418
docs\inst_test\instancias\n_1000_8,300,10,15,5,0.3000,123,9996111502,9996110095,27,17418
docs\inst_test\instancias\n_1000_8,300,10,15,5,0.3000,2026,9996111497,9996109804,27,17418
docs\inst_test\instancias\n_1000_8,300,10,15,10,0.1000,42,9996111497,9996109804,23,17418
docs\inst_test\instancias\n_1000_8,300,10,15,10,0.1000,123,9996111497,9996109804,23,17418
docs\inst_test\instancias\n_1000_8,300,10,15,10,0.1000,2026,9996111497,9996109804,23,17418
docs\inst_test\instancias\n_1000_8,300,10,15,10,0.2000,42,9996111502,9996110095,24,17418
docs\inst_test\instancias\n_1000_8,300,10,15,10,0.2000,123,9996111497,9996109804,23,17418
docs\inst_test\instancias\n_1000_8,300,10,15,10,0.2000,2026,9996111497,9996109804,24,17418
docs\inst_test\instancias\n_1000_8,300,10,15,10,0.3000,42,9996111502,9996110095,24,17418
docs\inst_test\instancias\n_1000_8,300,10,15,10,0.3000,123,9996111497,9996109804,23,17418
docs\inst_test\instancias\n_1000_8,300,10,15,10,0.3000,2026,9996111497,9996109804,23,17418
docs\inst_test\instancias\n_1000_8,300,10,15,20,0.1000,42,9996111497,9996109804,21,17418
docs\inst_test\instancias\n_1000_8,300,10,15,20,0.1000,123,9996111497,9996109804,22,17418
docs\inst_test\instancias\n_1000_8,300,10,15,20,0.1000,2026,9996111497,9996109804,21,17418
docs\inst_test\instancias\n_1000_8,300,10,15,20,0.2000,42,9996111502,9996110095,22,17418
docs\inst_test\instancias\n_1000_8,300,10,15,20,0.2000,123,9996111497,9996109804,22,17418
docs\inst_test\instancias\n_1000_8,300,10,15,20,0.2000,2026,9996111497,9996109804,21,17418
docs\inst_test\instancias\n_1000_8,300,10,15,20,0.3000,42,9996111502,9996110095,22,17418
docs\inst_test\instancias\n_1000_8,300,10,15,20,0.3000,123,9996111497,9996109804,21,17418
docs\inst_test\instancias\n_1000_8,300,10,15,20,0.3000,2026,9996111497,9996109804,21,17418
docs\inst_test\instancias\n_1000_8,300,15,7,5,0.1000,42,9996111497,9996109804,27,17418
docs\inst_test\instancias\n_1000_8,300,15,7,5,0.1000,123,9996111502,9996110095,27,17418
docs\inst_test\instancias\n_1000_8,300,15,7,5,0.1000,2026,9996111497,9996109804,27,17418
docs\inst_test\instancias\n_1000_8,300,15,7,5,0.2000,42,9996111502,9996110095,28,17418
docs\inst_test\instancias\n_1000_8,300,15,7,5,0.2000,123,9996111502,9996110095,27,17418
docs\inst_test\instancias\n_1000_8,300,15,7,5,0.2000,2026,9996111497,9996109804,27,17418
docs\inst_test\instancias\n_1000_8,300,15,7,5,0.3000,42,9996111502,9996110095,26,17418
docs\inst_test\instancias\n_1000_8,300,15,7,5,0.3000,123,9996111502,9996110095,26,17418
docs\inst_test\instancias\n_1000_8,300,15,7,5,0.3000,2026,9996111497,9996109804,27,17418
docs\inst_test\instancias\n_1000_8,300,15,7,10,0.1000,42,9996111497,9996109804,22,17418
docs\inst_test\instancias\n_1000_8,300,15,7,10,0.1000,123,9996111497,9996109804,22,17418
docs\inst_test\instancias\n_1000_8,300,15,7,10,0.1000,2026,9996111497,9996109804,23,17418
docs\inst_test\instancias\n_1000_8,300,15,7,10,0.2000,42,9996111502,9996110095,23,17418
docs\inst_test\instancias\n_1000_8,300,15,7,10,0.2000,123,9996111497,9996109804,23,17418
docs\inst_test\instancias\n_1000_8,300,15,7,10,0.2000,2026,9996111497,9996109804,22,17418
docs\inst_test\instancias\n_1000_8,300,15,7,10,0.3000,42,9996111502,9996110095,23,17418
docs\inst_test\instancias\n_1000_8,300,15,7,10,0.3000,123,9996111497,9996109804,23,17418
docs\inst_test\instancias\n_1000_8,300,15,7,10,0.3000,2026,9996111497,9996109804,24,17418
docs\inst_test\instancias\n_1000_8,300,15,7,20,0.1000,42,9996111497,9996109804,20,17418
docs\inst_test\instancias\n_1000_8,300,15,7,20,0.1000,123,9996111497,9996109804,22,17418
docs\inst_test\instancias\n_1000_8,300,15,7,20,0.1000,2026,9996111497,9996109804,21,17418
docs\inst_test\instancias\n_1000_8,300,15,7,20,0.2000,42,9996111502,9996110095,21,17418
docs\inst_test\instancias\n_1000_8,300,15,7,20,0.2000,123,9996111497,9996109804,20,17418
docs\inst_test\instancias\n_1000_8,300,15,7,20,0.2000,2026,9996111497,9996109804,21,17418
docs\inst_test\instancias\n_1000_8,300,15,7,20,0.3000,42,9996111502,9996110095,21,17418
docs\inst_test\instancias\n_1000_8,300,15,7,20,0.3000,123,9996111497,9996109804,21,17418
docs\inst_test\instancias\n_1000_8,300,15,7,20,0.3000,2026,9996111497,9996109804,20,17418
docs\inst_test\instancias\n_1000_8,300,15,10,5,0.1000,42,9996111497,9996109804,27,17418
docs\inst_test\instancias\n_1000_8,300,15,10,5,0.1000,123,9996111502,9996110095,27,17418
docs\inst_test\instancias\n_1000_8,300,15,10,5,0.1000,2026,9996111497,9996109804,27,17418
docs\inst_test\instancias\n_1000_8,300,15,10,5,0.2000,42,9996111502,9996110095,27,17418
docs\inst_test\instancias\n_1000_8,300,15,10,5,0.2000,123,9996111502,9996110095,26,17418
docs\inst_test\instancias\n_1000_8,300,15,10,5,0.2000,2026,9996111497,9996109804,26,17418
docs\inst_test\instancias\n_1000_8,300,15,10,5,0.3000,42,9996111502,9996110095,28,17418
docs\inst_test\instancias\n_1000_8,300,15,10,5,0.3000,123,9996111502,9996110095,27,17418
docs\inst_test\instancias\n_1000_8,300,15,10,5,0.3000,2026,9996111497,9996109804,27,17418
docs\inst_test\instancias\n_1000_8,300,15,10,10,0.1000,42,9996111497,9996109804,23,17418
docs\inst_test\instancias\n_1000_8,300,15,10,10,0.1000,123,9996111497,9996109804,23,17418
docs\inst_test\instancias\n_1000_8,300,15,10,10,0.1000,2026,9996111497,9996109804,24,17418
docs\inst_test\instancias\n_1000_8,300,15,10,10,0.2000,42,9996111502,9996110095,23,17418
docs\inst_test\instancias\n_1000_8,300,15,10,10,0.2000,123,9996111497,9996109804,22,17418
docs\inst_test\instancias\n_1000_8,300,15,10,10,0.2000,2026,9996111497,9996109804,24,17418
docs\inst_test\instancias\n_1000_8,300,15,10,10,0.3000,42,9996111502,9996110095,23,17418
docs\inst_test\instancias\n_1000_8,300,15,10,10,0.3000,123,9996111497,9996109804,23,17418
docs\inst_test\instancias\n_1000_8,300,15,10,10,0.3000,2026,9996111497,9996109804,23,17418
docs\inst_test\instancias\n_1000_8,300,15,10,20,0.1000,42,9996111497,9996109804,22,17418
docs\inst_test\instancias\n_1000_8,300,15,10,20,0.1000,123,9996111497,9996109804,21,17418
docs\inst_test\instancias\n_1000_8,300,15,10,20,0.1000,2026,9996111497,9996109804,21,17418
docs\inst_test\instancias\n_1000_8,300,15,10,20,0.2000,42,9996111502,9996110095,21,17418
docs\inst_test\instancias\n_1000_8,300,15,10,20,0.2000,123,9996111497,9996109804,21,17418
docs\inst_test\instancias\n_1000_8,300,15,10,20,0.2000,2026,9996111497,9996109804,22,17418
docs\inst_test\instancias\n_1000_8,300,15,10,20,0.3000,42,9996111502,9996110095,21,17418
docs\inst_test\instancias\n_1000_8,300,15,10,20,0.3000,123,9996111497,9996109804,21,17418
docs\inst_test\instancias\n_1000_8,300,15,10,20,0.3000,2026,9996111497,9996109804,21,17418
docs\inst_test\instancias\n_1000_8,300,15,15,5,0.1000,42,9996111497,9996109804,27,17418
docs\inst_test\instancias\n_1000_8,300,15,15,5,0.1000,123,9996111502,9996110095,26,17418
docs\inst_test\instancias\n_1000_8,300,15,15,5,0.1000,2026,9996111497,9996109804,27,17418
docs\inst_test\instancias\n_1000_8,300,15,15,5,0.2000,42,9996111502,9996110095,26,17418
docs\inst_test\instancias\n_1000_8,300,15,15,5,0.2000,123,9996111502,9996110095,27,17418
docs\inst_test\instancias\n_1000_8,300,15,15,5,0.2000,2026,9996111497,9996109804,26,17418
docs\inst_test\instancias\n_1000_8,300,15,15,5,0.3000,42,9996111502,9996110095,28,17418
docs\inst_test\instancias\n_1000_8,300,15,15,5,0.3000,123,9996111502,9996110095,27,17418
docs\inst_test\instancias\n_1000_8,300,15,15,5,0.3000,2026,9996111497,9996109804,27,17418
docs\inst_test\instancias\n_1000_8,300,15,15,10,0.1000,42,9996111497,9996109804,22,17418
docs\inst_test\instancias\n_1000_8,300,15,15,10,0.1000,123,9996111497,9996109804,23,17418
docs\inst_test\instancias\n_1000_8,300,15,15,10,0.1000,2026,9996111497,9996109804,23,17418
docs\inst_test\instancias\n_1000_8,300,15,15,10,0.2000,42,9996111502,9996110095,24,17418
docs\inst_test\instancias\n_1000_8,300,15,15,10,0.2000,123,9996111497,9996109804,22,17418
docs\inst_test\instancias\n_1000_8,300,15,15,10,0.2000,2026,9996111497,9996109804,23,17418
docs\inst_test\instancias\n_1000_8,300,15,15,10,0.3000,42,9996111502,9996110095,23,17418
docs\inst_test\instancias\n_1000_8,300,15,15,10,0.3000,123,9996111497,9996109804,24,17418
docs\inst_test\instancias\n_1000_8,300,15,15,10,0.3000,2026,9996111497,9996109804,23,17418
docs\inst_test\instancias\n_1000_8,300,15,15,20,0.1000,42,9996111497,9996109804,21,17418
docs\inst_test\instancias\n_1000_8,300,15,15,20,0.1000,123,9996111497,9996109804,21,17418
docs\inst_test\instancias\n_1000_8,300,15,15,20,0.1000,2026,9996111497,9996109804,21,17418
docs\inst_test\instancias\n_1000_8,300,15,15,20,0.2000,42,9996111502,9996110095,22,17418
docs\inst_test\instancias\n_1000_8,300,15,15,20,0.2000,123,9996111497,9996109804,20,17418
docs\inst_test\instancias\n_1000_8,300,15,15,20,0.2000,2026,9996111497,9996109804,21,17418
docs\inst_test\instancias\n_1000_8,300,15,15,20,0.3000,42,9996111502,9996110095,21,17418
docs\inst_test\instancias\n_1000_8,300,15,15,20,0.3000,123,9996111497,9996109804,21,17418
docs\inst_test\instancias\n_1000_8,300,15,15,20,0.3000,2026,9996111497,9996109804,21,17418
docs\inst_test\instancias\n_1000_8,300,20,7,5,0.1000,42,9996111497,9996109804,26,17418
docs\inst_test\instancias\n_1000_8,300,20,7,5,0.1000,123,9996111502,9996110095,27,17418
docs\inst_test\instancias\n_1000_8,300,20,7,5,0.1000,2026,9996111497,9996109804,27,17418
docs\inst_test\instancias\n_1000_8,300,20,7,5,0.2000,42,9996111502,9996110095,28,17418
docs\inst_test\instancias\n_1000_8,300,20,7,5,0.2000,123,9996111502,9996110095,28,17418
docs\inst_test\instancias\n_1000_8,300,20,7,5,0.2000,2026,9996111497,9996109804,27,17418
docs\inst_test\instancias\n_1000_8,300,20,7,5,0.3000,42,9996111502,9996110095,27,17418
docs\inst_test\instancias\n_1000_8,300,20,7,5,0.3000,123,9996111502,9996110095,27,17418
docs\inst_test\instancias\n_1000_8,300,20,7,5,0.3000,2026,9996111497,9996109804,27,17418
docs\inst_test\instancias\n_1000_8,300,20,7,10,0.1000,42,9996111497,9996109804,22,17418
docs\inst_test\instancias\n_1000_8,300,20,7,10,0.1000,123,9996111497,9996109804,23,17418
docs\inst_test\instancias\n_1000_8,300,20,7,10,0.1000,2026,9996111497,9996109804,23,17418
docs\inst_test\instancias\n_1000_8,300,20,7,10,0.2000,42,9996111502,9996110095,22,17418
docs\inst_test\instancias\n_1000_8,300,20,7,10,0.2000,123,9996111497,9996109804,23,17418
docs\inst_test\instancias\n_1000_8,300,20,7,10,0.2000,2026,9996111497,9996109804,23,17418
docs\inst_test\instancias\n_1000_8,300,20,7,10,0.3000,42,9996111502,9996110095,23,17418
docs\inst_test\instancias\n_1000_8,300,20,7,10,0.3000,123,9996111497,9996109804,22,17418
docs\inst_test\instancias\n_1000_8,300,20,7,10,0.3000,2026,9996111497,9996109804,22,17418
docs\inst_test\instancias\n_1000_8,300,20,7,20,0.1000,42,9996111497,9996109804,21,17418
docs\inst_test\instancias\n_1000_8,300,20,7,20,0.1000,123,9996111497,9996109804,21,17418
docs\inst_test\instancias\n_1000_8,300,20,7,20,0.1000,2026,9996111497,9996109804,20,17418
docs\inst_test\instancias\n_1000_8,300,20,7,20,0.2000,42,9996111502,9996110095,22,17418
docs\inst_test\instancias\n_1000_8,300,20,7,20,0.2000,123,9996111497,9996109804,22,17418
docs\inst_test\instancias\n_1000_8,300,20,7,20,0.2000,2026,9996111497,9996109804,21,17418
docs\inst_test\instancias\n_1000_8,300,20,7,20,0.3000,42,9996111502,9996110095,22,17418
docs\inst_test\instancias\n_1000_8,300,20,7,20,0.3000,123,9996111497,9996109804,20,17418
docs\inst_test\instancias\n_1000_8,300,20,7,20,0.3000,2026,9996111497,9996109804,22,17418
docs\inst_test\instancias\n_1000_8,300,20,10,5,0.1000,42,9996111497,9996109804,26,17418
docs\inst_test\instancias\n_1000_8,300,20,10,5,0.1000,123,9996111502,9996110095,27,17418
docs\inst_test\instancias\n_1000_8,300,20,10,5,0.1000,2026,9996111497,9996109804,27,17418
docs\inst_test\instancias\n_1000_8,300,20,10,5,0.2000,42,9996111502,9996110095,27,17418
docs\inst_test\instancias\n_1000_8,300,20,10,5,0.2000,123,9996111502,9996110095,27,17418
docs\inst_test\instancias\n_1000_8,300,20,10,5,0.2000,2026,9996111497,9996109804,27,17418
docs\inst_test\instancias\n_1000_8,300,20,10,5,0.3000,42,9996111502,9996110095,27,17418
docs\inst_test\instancias\n_1000_8,300,20,10,5,0.3000,123,9996111502,9996110095,27,17418
docs\inst_test\instancias\n_1000_8,300,20,10,5,0.3000,2026,9996111497,9996109804,27,17418
docs\inst_test\instancias\n_1000_8,300,20,10,10,0.1000,42,9996111497,9996109804,23,17418
docs\inst_test\instancias\n_1000_8,300,20,10,10,0.1000,123,9996111497,9996109804,23,17418
docs\inst_test\instancias\n_1000_8,300,20,10,10,0.1000,2026,9996111497,9996109804,23,17418
docs\inst_test\instancias\n_1000_8,300,20,10,10,0.2000,42,9996111502,9996110095,23,17418
docs\inst_test\instancias\n_1000_8,300,20,10,10,0.2000,123,9996111497,9996109804,23,17418
docs\inst_test\instancias\n_1000_8,300,20,10,10,0.2000,2026,9996111497,9996109804,24,17418
docs\inst_test\instancias\n_1000_8,300,20,10,10,0.3000,42,9996111502,9996110095,22,17418
docs\inst_test\instancias\n_1000_8,300,20,10,10,0.3000,123,9996111497,9996109804,24,17418
docs\inst_test\instancias\n_1000_8,300,20,10,10,0.3000,2026,9996111497,9996109804,23,17418
docs\inst_test\instancias\n_1000_8,300,20,10,20,0.1000,42,9996111497,9996109804,20,17418
docs\inst_test\instancias\n_1000_8,300,20,10,20,0.1000,123,9996111497,9996109804,21,17418
docs\inst_test\instancias\n_1000_8,300,20,10,20,0.1000,2026,9996111497,9996109804,21,17418
docs\inst_test\instancias\n_1000_8,300,20,10,20,0.2000,42,9996111502,9996110095,21,17418
docs\inst_test\instancias\n_1000_8,300,20,10,20,0.2000,123,9996111497,9996109804,21,17418
docs\inst_test\instancias\n_1000_8,300,20,10,20,0.2000,2026,9996111497,9996109804,21,17418
docs\inst_test\instancias\n_1000_8,300,20,10,20,0.3000,42,9996111502,9996110095,21,17418
docs\inst_test\instancias\n_1000_8,300,20,10,20,0.3000,123,9996111497,9996109804,21,17418
docs\inst_test\instancias\n_1000_8,300,20,10,20,0.3000,2026,9996111497,9996109804,22,17418
docs\inst_test\instancias\n_1000_8,300,20,15,5,0.1000,42,9996111497,9996109804,27,17418
docs\inst_test\instancias\n_1000_8,300,20,15,5,0.1000,123,9996111502,9996110095,27,17418
docs\inst_test\instancias\n_1000_8,300,20,15,5,0.1000,2026,9996111497,9996109804,26,17418
docs\inst_test\instancias\n_1000_8,300,20,15,5,0.2000,42,9996111502,9996110095,28,17418
docs\inst_test\instancias\n_1000_8,300,20,15,5,0.2000,123,9996111502,9996110095,26,17418
docs\inst_test\instancias\n_1000_8,300,20,15,5,0.2000,2026,9996111497,9996109804,27,17418
docs\inst_test\instancias\n_1000_8,300,20,15,5,0.3000,42,9996111502,9996110095,27,17418
docs\inst_test\instancias\n_1000_8,300,20,15,5,0.3000,123,9996111502,9996110095,26,17418
docs\inst_test\instancias\n_1000_8,300,20,15,5,0.3000,2026,9996111497,9996109804,27,17418
docs\inst_test\instancias\n_1000_8,300,20,15,10,0.1000,42,9996111497,9996109804,23,17418
docs\inst_test\instancias\n_1000_8,300,20,15,10,0.1000,123,9996111497,9996109804,23,17418
docs\inst_test\instancias\n_1000_8,300,20,15,10,0.1000,2026,9996111497,9996109804,22,17418
docs\inst_test\instancias\n_1000_8,300,20,15,10,0.2000,42,9996111502,9996110095,23,17418
docs\inst_test\instancias\n_1000_8,300,20,15,10,0.2000,123,9996111497,9996109804,24,17418
docs\inst_test\instancias\n_1000_8,300,20,15,10,0.2000,2026,9996111497,9996109804,23,17418
docs\inst_test\instancias\n_1000_8,300,20,15,10,0.3000,42,9996111502,9996110095,23,17418
docs\inst_test\instancias\n_1000_8,300,20,15,10,0.3000,123,9996111497,9996109804,22,17418
docs\inst_test\instancias\n_1000_8,300,20,15,10,0.3000,2026,9996111497,9996109804,22,17418
docs\inst_test\instancias\n_1000_8,300,20,15,20,0.1000,42,9996111497,9996109804,21,17418
docs\inst_test\instancias\n_1000_8,300,20,15,20,0.1000,123,9996111497,9996109804,21,17418
docs\inst_test\instancias\n_1000_8,300,20,15,20,0.1000,2026,9996111497,9996109804,21,17418
docs\inst_test\instancias\n_1000_8,300,20,15,20,0.2000,42,9996111502,9996110095,22,17418
docs\inst_test\instancias\n_1000_8,300,20,15,20,0.2000,123,9996111497,9996109804,21,17418
docs\inst_test\instancias\n_1000_8,300,20,15,20,0.2000,2026,9996111497,9996109804,22,17418
docs\inst_test\instancias\n_1000_8,300,20,15,20,0.3000,42,9996111502,9996110095,22,17418
docs\inst_test\instancias\n_1000_8,300,20,15,20,0.3000,123,9996111497,9996109804,22,17418
docs\inst_test\instancias\n_1000_8,300,20,15,20,0.3000,2026,9996111497,9996109804,21,17418
docs\inst_test\instancias\n_1000_8,500,10,7,5,0.1000,42,9996111502,9996110095,44,17418
docs\inst_test\instancias\n_1000_8,500,10,7,5,0.1000,123,9996111502,9996110095,46,17418
docs\inst_test\instancias\n_1000_8,500,10,7,5,0.1000,2026,9996111497,9996109804,47,17418
docs\inst_test\instancias\n_1000_8,500,10,7,5,0.2000,42,9996111502,9996110095,45,17418
docs\inst_test\instancias\n_1000_8,500,10,7,5,0.2000,123,9996111502,9996110095,45,17418
docs\inst_test\instancias\n_1000_8,500,10,7,5,0.2000,2026,9996111497,9996109804,45,17418
docs\inst_test\instancias\n_1000_8,500,10,7,5,0.3000,42,9996111502,9996110095,45,17418
docs\inst_test\instancias\n_1000_8,500,10,7,5,0.3000,123,9996111502,9996110095,45,17418
docs\inst_test\instancias\n_1000_8,500,10,7,5,0.3000,2026,9996111497,9996109804,45,17418
docs\inst_test\instancias\n_1000_8,500,10,7,10,0.1000,42,9996111497,9996109804,38,17418
docs\inst_test\instancias\n_1000_8,500,10,7,10,0.1000,123,9996111502,9996110095,38,17418
docs\inst_test\instancias\n_1000_8,500,10,7,10,0.1000,2026,9996111497,9996109804,38,17418
docs\inst_test\instancias\n_1000_8,500,10,7,10,0.2000,42,9996111502,9996110095,38,17418
docs\inst_test\instancias\n_1000_8,500,10,7,10,0.2000,123,9996111502,9996110095,39,17418
docs\inst_test\instancias\n_1000_8,500,10,7,10,0.2000,2026,9996111497,9996109804,39,17418
docs\inst_test\instancias\n_1000_8,500,10,7,10,0.3000,42,9996111502,9996110095,39,17418
docs\inst_test\instancias\n_1000_8,500,10,7,10,0.3000,123,9996111502,9996110095,39,17418
docs\inst_test\instancias\n_1000_8,500,10,7,10,0.3000,2026,9996111497,9996109804,38,17418
docs\inst_test\instancias\n_1000_8,500,10,7,20,0.1000,42,9996111497,9996109804,34,17418
docs\inst_test\instancias\n_1000_8,500,10,7,20,0.1000,123,9996111497,9996109804,35,17418
docs\inst_test\instancias\n_1000_8,500,10,7,20,0.1000,2026,9996111497,9996109804,35,17418
docs\inst_test\instancias\n_1000_8,500,10,7,20,0.2000,42,9996111502,9996110095,36,17418
docs\inst_test\instancias\n_1000_8,500,10,7,20,0.2000,123,9996111497,9996109804,34,17418
docs\inst_test\instancias\n_1000_8,500,10,7,20,0.2000,2026,9996111497,9996109804,35,17418
docs\inst_test\instancias\n_1000_8,500,10,7,20,0.3000,42,9996111502,9996110095,34,17418
docs\inst_test\instancias\n_1000_8,500,10,7,20,0.3000,123,9996111497,9996109804,36,17418
docs\inst_test\instancias\n_1000_8,500,10,7,20,0.3000,2026,9996111497,9996109804,36,17418
docs\inst_test\instancias\n_1000_8,500,10,10,5,0.1000,42,9996111502,9996110095,46,17418
docs\inst_test\instancias\n_1000_8,500,10,10,5,0.1000,123,9996111502,9996110095,45,17418
docs\inst_test\instancias\n_1000_8,500,10,10,5,0.1000,2026,9996111497,9996109804,45,17418
docs\inst_test\instancias\n_1000_8,500,10,10,5,0.2000,42,9996111502,9996110095,46,17418
docs\inst_test\instancias\n_1000_8,500,10,10,5,0.2000,123,9996111502,9996110095,46,17418
docs\inst_test\instancias\n_1000_8,500,10,10,5,0.2000,2026,9996111497,9996109804,44,17418
docs\inst_test\instancias\n_1000_8,500,10,10,5,0.3000,42,9996111502,9996110095,46,17418
docs\inst_test\instancias\n_1000_8,500,10,10,5,0.3000,123,9996111502,9996110095,44,17418
docs\inst_test\instancias\n_1000_8,500,10,10,5,0.3000,2026,9996111497,9996109804,45,17418
docs\inst_test\instancias\n_1000_8,500,10,10,10,0.1000,42,9996111497,9996109804,38,17418
docs\inst_test\instancias\n_1000_8,500,10,10,10,0.1000,123,9996111502,9996110095,38,17418
docs\inst_test\instancias\n_1000_8,500,10,10,10,0.1000,2026,9996111497,9996109804,38,17418
docs\inst_test\instancias\n_1000_8,500,10,10,10,0.2000,42,9996111502,9996110095,39,17418
docs\inst_test\instancias\n_1000_8,500,10,10,10,0.2000,123,9996111502,9996110095,38,17418
docs\inst_test\instancias\n_1000_8,500,10,10,10,0.2000,2026,9996111497,9996109804,39,17418
docs\inst_test\instancias\n_1000_8,500,10,10,10,0.3000,42,9996111502,9996110095,39,17418
docs\inst_test\instancias\n_1000_8,500,10,10,10,0.3000,123,9996111502,9996110095,38,17418
docs\inst_test\instancias\n_1000_8,500,10,10,10,0.3000,2026,9996111497,9996109804,39,17418
docs\inst_test\instancias\n_1000_8,500,10,10,20,0.1000,42,9996111497,9996109804,34,17418
docs\inst_test\instancias\n_1000_8,500,10,10,20,0.1000,123,9996111497,9996109804,34,17418
docs\inst_test\instancias\n_1000_8,500,10,10,20,0.1000,2026,9996111497,9996109804,35,17418
docs\inst_test\instancias\n_1000_8,500,10,10,20,0.2000,42,9996111502,9996110095,35,17418
docs\inst_test\instancias\n_1000_8,500,10,10,20,0.2000,123,9996111497,9996109804,35,17418
docs\inst_test\instancias\n_1000_8,500,10,10,20,0.2000,2026,9996111497,9996109804,34,17418
docs\inst_test\instancias\n_1000_8,500,10,10,20,0.3000,42,9996111502,9996110095,35,17418
docs\inst_test\instancias\n_1000_8,500,10,10,20,0.3000,123,9996111497,9996109804,35,17418
docs\inst_test\instancias\n_1000_8,500,10,10,20,0.3000,2026,9996111497,9996109804,35,17418
docs\inst_test\instancias\n_1000_8,500,10,15,5,0.1000,42,9996111502,9996110095,45,17418
docs\inst_test\instancias\n_1000_8,500,10,15,5,0.1000,123,9996111502,9996110095,44,17418
docs\inst_test\instancias\n_1000_8,500,10,15,5,0.1000,2026,9996111497,9996109804,44,17418
docs\inst_test\instancias\n_1000_8,500,10,15,5,0.2000,42,9996111502,9996110095,45,17418
docs\inst_test\instancias\n_1000_8,500,10,15,5,0.2000,123,9996111502,9996110095,46,17418
docs\inst_test\instancias\n_1000_8,500,10,15,5,0.2000,2026,9996111497,9996109804,45,17418
docs\inst_test\instancias\n_1000_8,500,10,15,5,0.3000,42,9996111502,9996110095,45,17418
docs\inst_test\instancias\n_1000_8,500,10,15,5,0.3000,123,9996111502,9996110095,45,17418
docs\inst_test\instancias\n_1000_8,500,10,15,5,0.3000,2026,9996111497,9996109804,45,17418
docs\inst_test\instancias\n_1000_8,500,10,15,10,0.1000,42,9996111497,9996109804,38,17418
docs\inst_test\instancias\n_1000_8,500,10,15,10,0.1000,123,9996111502,9996110095,37,17418
docs\inst_test\instancias\n_1000_8,500,10,15,10,0.1000,2026,9996111497,9996109804,38,17418
docs\inst_test\instancias\n_1000_8,500,10,15,10,0.2000,42,9996111502,9996110095,38,17418
docs\inst_test\instancias\n_1000_8,500,10,15,10,0.2000,123,9996111502,9996110095,38,17418
docs\inst_test\instancias\n_1000_8,500,10,15,10,0.2000,2026,9996111497,9996109804,37,17418
docs\inst_test\instancias\n_1000_8,500,10,15,10,0.3000,42,9996111502,9996110095,39,17418
docs\inst_test\instancias\n_1000_8,500,10,15,10,0.3000,123,9996111502,9996110095,38,17418
docs\inst_test\instancias\n_1000_8,500,10,15,10,0.3000,2026,9996111497,9996109804,39,17418
docs\inst_test\instancias\n_1000_8,500,10,15,20,0.1000,42,9996111497,9996109804,34,17418
docs\inst_test\instancias\n_1000_8,500,10,15,20,0.1000,123,9996111497,9996109804,34,17418
docs\inst_test\instancias\n_1000_8,500,10,15,20,0.1000,2026,9996111497,9996109804,34,17418
docs\inst_test\instancias\n_1000_8,500,10,15,20,0.2000,42,9996111502,9996110095,36,17418
docs\inst_test\instancias\n_1000_8,500,10,15,20,0.2000,123,9996111497,9996109804,35,17418
docs\inst_test\instancias\n_1000_8,500,10,15,20,0.2000,2026,9996111497,9996109804,36,17418
docs\inst_test\instancias\n_1000_8,500,10,15,20,0.3000,42,9996111502,9996110095,35,17418
docs\inst_test\instancias\n_1000_8,500,10,15,20,0.3000,123,9996111497,9996109804,35,17418
docs\inst_test\instancias\n_1000_8,500,10,15,20,0.3000,2026,9996111497,9996109804,38,17418
docs\inst_test\instancias\n_1000_8,500,15,7,5,0.1000,42,9996111502,9996110095,45,17418
docs\inst_test\instancias\n_1000_8,500,15,7,5,0.1000,123,9996111502,9996110095,44,17418
docs\inst_test\instancias\n_1000_8,500,15,7,5,0.1000,2026,9996111497,9996109804,46,17418
docs\inst_test\instancias\n_1000_8,500,15,7,5,0.2000,42,9996111502,9996110095,45,17418
docs\inst_test\instancias\n_1000_8,500,15,7,5,0.2000,123,9996111502,9996110095,45,17418
docs\inst_test\instancias\n_1000_8,500,15,7,5,0.2000,2026,9996111497,9996109804,45,17418
docs\inst_test\instancias\n_1000_8,500,15,7,5,0.3000,42,9996111502,9996110095,46,17418
docs\inst_test\instancias\n_1000_8,500,15,7,5,0.3000,123,9996111502,9996110095,45,17418
docs\inst_test\instancias\n_1000_8,500,15,7,5,0.3000,2026,9996111497,9996109804,45,17418
docs\inst_test\instancias\n_1000_8,500,15,7,10,0.1000,42,9996111497,9996109804,38,17418
docs\inst_test\instancias\n_1000_8,500,15,7,10,0.1000,123,9996111502,9996110095,39,17418
docs\inst_test\instancias\n_1000_8,500,15,7,10,0.1000,2026,9996111497,9996109804,38,17418
docs\inst_test\instancias\n_1000_8,500,15,7,10,0.2000,42,9996111502,9996110095,38,17418
docs\inst_test\instancias\n_1000_8,500,15,7,10,0.2000,123,9996111502,9996110095,39,17418
docs\inst_test\instancias\n_1000_8,500,15,7,10,0.2000,2026,9996111497,9996109804,38,17418
docs\inst_test\instancias\n_1000_8,500,15,7,10,0.3000,42,9996111502,9996110095,39,17418
docs\inst_test\instancias\n_1000_8,500,15,7,10,0.3000,123,9996111502,9996110095,39,17418
docs\inst_test\instancias\n_1000_8,500,15,7,10,0.3000,2026,9996111497,9996109804,39,17418
docs\inst_test\instancias\n_1000_8,500,15,7,20,0.1000,42,9996111497,9996109804,36,17418
docs\inst_test\instancias\n_1000_8,500,15,7,20,0.1000,123,9996111497,9996109804,35,17418
docs\inst_test\instancias\n_1000_8,500,15,7,20,0.1000,2026,9996111497,9996109804,36,17418
docs\inst_test\instancias\n_1000_8,500,15,7,20,0.2000,42,9996111502,9996110095,35,17418
docs\inst_test\instancias\n_1000_8,500,15,7,20,0.2000,123,9996111497,9996109804,35,17418
docs\inst_test\instancias\n_1000_8,500,15,7,20,0.2000,2026,9996111497,9996109804,36,17418
docs\inst_test\instancias\n_1000_8,500,15,7,20,0.3000,42,9996111502,9996110095,36,17418
docs\inst_test\instancias\n_1000_8,500,15,7,20,0.3000,123,9996111497,9996109804,35,17418
docs\inst_test\instancias\n_1000_8,500,15,7,20,0.3000,2026,9996111497,9996109804,36,17418
docs\inst_test\instancias\n_1000_8,500,15,10,5,0.1000,42,9996111502,9996110095,45,17418
docs\inst_test\instancias\n_1000_8,500,15,10,5,0.1000,123,9996111502,9996110095,46,17418
docs\inst_test\instancias\n_1000_8,500,15,10,5,0.1000,2026,9996111497,9996109804,46,17418
docs\inst_test\instancias\n_1000_8,500,15,10,5,0.2000,42,9996111502,9996110095,45,17418
docs\inst_test\instancias\n_1000_8,500,15,10,5,0.2000,123,9996111502,9996110095,45,17418
docs\inst_test\instancias\n_1000_8,500,15,10,5,0.2000,2026,9996111497,9996109804,45,17418
docs\inst_test\instancias\n_1000_8,500,15,10,5,0.3000,42,9996111502,9996110095,46,17418
docs\inst_test\instancias\n_1000_8,500,15,10,5,0.3000,123,9996111502,9996110095,45,17418
docs\inst_test\instancias\n_1000_8,500,15,10,5,0.3000,2026,9996111497,9996109804,47,17418
docs\inst_test\instancias\n_1000_8,500,15,10,10,0.1000,42,9996111497,9996109804,38,17418
docs\inst_test\instancias\n_1000_8,500,15,10,10,0.1000,123,9996111502,9996110095,38,17418
docs\inst_test\instancias\n_1000_8,500,15,10,10,0.1000,2026,9996111497,9996109804,38,17418
docs\inst_test\instancias\n_1000_8,500,15,10,10,0.2000,42,9996111502,9996110095,40,17418
docs\inst_test\instancias\n_1000_8,500,15,10,10,0.2000,123,9996111502,9996110095,39,17418
docs\inst_test\instancias\n_1000_8,500,15,10,10,0.2000,2026,9996111497,9996109804,38,17418
docs\inst_test\instancias\n_1000_8,500,15,10,10,0.3000,42,9996111502,9996110095,39,17418
docs\inst_test\instancias\n_1000_8,500,15,10,10,0.3000,123,9996111502,9996110095,38,17418
docs\inst_test\instancias\n_1000_8,500,15,10,10,0.3000,2026,9996111497,9996109804,39,17418
docs\inst_test\instancias\n_1000_8,500,15,10,20,0.1000,42,9996111497,9996109804,35,17418
docs\inst_test\instancias\n_1000_8,500,15,10,20,0.1000,123,9996111497,9996109804,34,17418
docs\inst_test\instancias\n_1000_8,500,15,10,20,0.1000,2026,9996111497,9996109804,35,17418
docs\inst_test\instancias\n_1000_8,500,15,10,20,0.2000,42,9996111502,9996110095,35,17418
docs\inst_test\instancias\n_1000_8,500,15,10,20,0.2000,123,9996111497,9996109804,34,17418
docs\inst_test\instancias\n_1000_8,500,15,10,20,0.2000,2026,9996111497,9996109804,35,17418
docs\inst_test\instancias\n_1000_8,500,15,10,20,0.3000,42,9996111502,9996110095,35,17418
docs\inst_test\instancias\n_1000_8,500,15,10,20,0.3000,123,9996111497,9996109804,34,17418
docs\inst_test\instancias\n_1000_8,500,15,10,20,0.3000,2026,9996111497,9996109804,35,17418
docs\inst_test\instancias\n_1000_8,500,15,15,5,0.1000,42,9996111502,9996110095,45,17418
docs\inst_test\instancias\n_1000_8,500,15,15,5,0.1000,123,9996111502,9996110095,45,17418
docs\inst_test\instancias\n_1000_8,500,15,15,5,0.1000,2026,9996111497,9996109804,44,17418
docs\inst_test\instancias\n_1000_8,500,15,15,5,0.2000,42,9996111502,9996110095,44,17418
docs\inst_test\instancias\n_1000_8,500,15,15,5,0.2000,123,9996111502,9996110095,45,17418
docs\inst_test\instancias\n_1000_8,500,15,15,5,0.2000,2026,9996111497,9996109804,45,17418
docs\inst_test\instancias\n_1000_8,500,15,15,5,0.3000,42,9996111502,9996110095,45,17418
docs\inst_test\instancias\n_1000_8,500,15,15,5,0.3000,123,9996111502,9996110095,45,17418
docs\inst_test\instancias\n_1000_8,500,15,15,5,0.3000,2026,9996111497,9996109804,46,17418
docs\inst_test\instancias\n_1000_8,500,15,15,10,0.1000,42,9996111497,9996109804,38,17418
docs\inst_test\instancias\n_1000_8,500,15,15,10,0.1000,123,9996111502,9996110095,38,17418
docs\inst_test\instancias\n_1000_8,500,15,15,10,0.1000,2026,9996111497,9996109804,38,17418
docs\inst_test\instancias\n_1000_8,500,15,15,10,0.2000,42,9996111502,9996110095,39,17418
docs\inst_test\instancias\n_1000_8,500,15,15,10,0.2000,123,9996111502,9996110095,37,17418
docs\inst_test\instancias\n_1000_8,500,15,15,10,0.2000,2026,9996111497,9996109804,39,17418
docs\inst_test\instancias\n_1000_8,500,15,15,10,0.3000,42,9996111502,9996110095,39,17418
docs\inst_test\instancias\n_1000_8,500,15,15,10,0.3000,123,9996111502,9996110095,38,17418
docs\inst_test\instancias\n_1000_8,500,15,15,10,0.3000,2026,9996111497,9996109804,38,17418
docs\inst_test\instancias\n_1000_8,500,15,15,20,0.1000,42,9996111497,9996109804,35,17418
docs\inst_test\instancias\n_1000_8,500,15,15,20,0.1000,123,9996111497,9996109804,34,17418
docs\inst_test\instancias\n_1000_8,500,15,15,20,0.1000,2026,9996111497,9996109804,34,17418
docs\inst_test\instancias\n_1000_8,500,15,15,20,0.2000,42,9996111502,9996110095,35,17418
docs\inst_test\instancias\n_1000_8,500,15,15,20,0.2000,123,9996111497,9996109804,36,17418
docs\inst_test\instancias\n_1000_8,500,15,15,20,0.2000,2026,9996111497,9996109804,36,17418
docs\inst_test\instancias\n_1000_8,500,15,15,20,0.3000,42,9996111502,9996110095,35,17418
docs\inst_test\instancias\n_1000_8,500,15,15,20,0.3000,123,9996111497,9996109804,35,17418
docs\inst_test\instancias\n_1000_8,500,15,15,20,0.3000,2026,9996111497,9996109804,34,17418
docs\inst_test\instancias\n_1000_8,500,20,7,5,0.1000,42,9996111502,9996110095,45,17418
docs\inst_test\instancias\n_1000_8,500,20,7,5,0.1000,123,9996111502,9996110095,45,17418
docs\inst_test\instancias\n_1000_8,500,20,7,5,0.1000,2026,9996111497,9996109804,45,17418
docs\inst_test\instancias\n_1000_8,500,20,7,5,0.2000,42,9996111502,9996110095,45,17418
docs\inst_test\instancias\n_1000_8,500,20,7,5,0.2000,123,9996111502,9996110095,46,17418
docs\inst_test\instancias\n_1000_8,500,20,7,5,0.2000,2026,9996111497,9996109804,45,17418
docs\inst_test\instancias\n_1000_8,500,20,7,5,0.3000,42,9996111502,9996110095,45,17418
docs\inst_test\instancias\n_1000_8,500,20,7,5,0.3000,123,9996111502,9996110095,45,17418
docs\inst_test\instancias\n_1000_8,500,20,7,5,0.3000,2026,9996111497,9996109804,45,17418
docs\inst_test\instancias\n_1000_8,500,20,7,10,0.1000,42,9996111497,9996109804,38,17418
docs\inst_test\instancias\n_1000_8,500,20,7,10,0.1000,123,9996111502,9996110095,38,17418
docs\inst_test\instancias\n_1000_8,500,20,7,10,0.1000,2026,9996111497,9996109804,38,17418
docs\inst_test\instancias\n_1000_8,500,20,7,10,0.2000,42,9996111502,9996110095,38,17418
docs\inst_test\instancias\n_1000_8,500,20,7,10,0.2000,123,9996111502,9996110095,38,17418
docs\inst_test\instancias\n_1000_8,500,20,7,10,0.2000,2026,9996111497,9996109804,39,17418
docs\inst_test\instancias\n_1000_8,500,20,7,10,0.3000,42,9996111502,9996110095,39,17418
docs\inst_test\instancias\n_1000_8,500,20,7,10,0.3000,123,9996111502,9996110095,38,17418
docs\inst_test\instancias\n_1000_8,500,20,7,10,0.3000,2026,9996111497,9996109804,39,17418
docs\inst_test\instancias\n_1000_8,500,20,7,20,0.1000,42,9996111497,9996109804,34,17418
docs\inst_test\instancias\n_1000_8,500,20,7,20,0.1000,123,9996111497,9996109804,35,17418
docs\inst_test\instancias\n_1000_8,500,20,7,20,0.1000,2026,9996111497,9996109804,35,17418
docs\inst_test\instancias\n_1000_8,500,20,7,20,0.2000,42,9996111502,9996110095,35,17418
docs\inst_test\instancias\n_1000_8,500,20,7,20,0.2000,123,9996111497,9996109804,34,17418
docs\inst_test\instancias\n_1000_8,500,20,7,20,0.2000,2026,9996111497,9996109804,35,17418
docs\inst_test\instancias\n_1000_8,500,20,7,20,0.3000,42,9996111502,9996110095,35,17418
docs\inst_test\instancias\n_1000_8,500,20,7,20,0.3000,123,9996111497,9996109804,34,17418
docs\inst_test\instancias\n_1000_8,500,20,7,20,0.3000,2026,9996111497,9996109804,35,17418
docs\inst_test\instancias\n_1000_8,500,20,10,5,0.1000,42,9996111502,9996110095,44,17418
docs\inst_test\instancias\n_1000_8,500,20,10,5,0.1000,123,9996111502,9996110095,46,17418
docs\inst_test\instancias\n_1000_8,500,20,10,5,0.1000,2026,9996111497,9996109804,44,17418
docs\inst_test\instancias\n_1000_8,500,20,10,5,0.2000,42,9996111502,9996110095,45,17418
docs\inst_test\instancias\n_1000_8,500,20,10,5,0.2000,123,9996111502,9996110095,45,17418
docs\inst_test\instancias\n_1000_8,500,20,10,5,0.2000,2026,9996111497,9996109804,44,17418
docs\inst_test\instancias\n_1000_8,500,20,10,5,0.3000,42,9996111502,9996110095,45,17418
docs\inst_test\instancias\n_1000_8,500,20,10,5,0.3000,123,9996111502,9996110095,45,17418
docs\inst_test\instancias\n_1000_8,500,20,10,5,0.3000,2026,9996111497,9996109804,45,17418
docs\inst_test\instancias\n_1000_8,500,20,10,10,0.1000,42,9996111497,9996109804,39,17418
docs\inst_test\instancias\n_1000_8,500,20,10,10,0.1000,123,9996111502,9996110095,38,17418
docs\inst_test\instancias\n_1000_8,500,20,10,10,0.1000,2026,9996111497,9996109804,38,17418
docs\inst_test\instancias\n_1000_8,500,20,10,10,0.2000,42,9996111502,9996110095,38,17418
docs\inst_test\instancias\n_1000_8,500,20,10,10,0.2000,123,9996111502,9996110095,38,17418
docs\inst_test\instancias\n_1000_8,500,20,10,10,0.2000,2026,9996111497,9996109804,39,17418
docs\inst_test\instancias\n_1000_8,500,20,10,10,0.3000,42,9996111502,9996110095,39,17418
docs\inst_test\instancias\n_1000_8,500,20,10,10,0.3000,123,9996111502,9996110095,38,17418
docs\inst_test\instancias\n_1000_8,500,20,10,10,0.3000,2026,9996111497,9996109804,38,17418
docs\inst_test\instancias\n_1000_8,500,20,10,20,0.1000,42,9996111497,9996109804,35,17418
docs\inst_test\instancias\n_1000_8,500,20,10,20,0.1000,123,9996111497,9996109804,34,17418
docs\inst_test\instancias\n_1000_8,500,20,10,20,0.1000,2026,9996111497,9996109804,35,17418
docs\inst_test\instancias\n_1000_8,500,20,10,20,0.2000,42,9996111502,9996110095,35,17418
docs\inst_test\instancias\n_1000_8,500,20,10,20,0.2000,123,9996111497,9996109804,35,17418
docs\inst_test\instancias\n_1000_8,500,20,10,20,0.2000,2026,9996111497,9996109804,35,17418
docs\inst_test\instancias\n_1000_8,500,20,10,20,0.3000,42,9996111502,9996110095,36,17418
docs\inst_test\instancias\n_1000_8,500,20,10,20,0.3000,123,9996111497,9996109804,35,17418
docs\inst_test\instancias\n_1000_8,500,20,10,20,0.3000,2026,9996111497,9996109804,35,17418
docs\inst_test\instancias\n_1000_8,500,20,15,5,0.1000,42,9996111502,9996110095,44,17418
docs\inst_test\instancias\n_1000_8,500,20,15,5,0.1000,123,9996111502,9996110095,45,17418
docs\inst_test\instancias\n_1000_8,500,20,15,5,0.1000,2026,9996111497,9996109804,45,17418
docs\inst_test\instancias\n_1000_8,500,20,15,5,0.2000,42,9996111502,9996110095,46,17418
docs\inst_test\instancias\n_1000_8,500,20,15,5,0.2000,123,9996111502,9996110095,45,17418
docs\inst_test\instancias\n_1000_8,500,20,15,5,0.2000,2026,9996111497,9996109804,44,17418
docs\inst_test\instancias\n_1000_8,500,20,15,5,0.3000,42,9996111502,9996110095,45,17418
docs\inst_test\instancias\n_1000_8,500,20,15,5,0.3000,123,9996111502,9996110095,46,17418
docs\inst_test\instancias\n_1000_8,500,20,15,5,0.3000,2026,9996111497,9996109804,45,17418
docs\inst_test\instancias\n_1000_8,500,20,15,10,0.1000,42,9996111497,9996109804,38,17418
docs\inst_test\instancias\n_1000_8,500,20,15,10,0.1000,123,9996111502,9996110095,37,17418
docs\inst_test\instancias\n_1000_8,500,20,15,10,0.1000,2026,9996111497,9996109804,38,17418
docs\inst_test\instancias\n_1000_8,500,20,15,10,0.2000,42,9996111502,9996110095,38,17418
docs\inst_test\instancias\n_1000_8,500,20,15,10,0.2000,123,9996111502,9996110095,38,17418
docs\inst_test\instancias\n_1000_8,500,20,15,10,0.2000,2026,9996111497,9996109804,39,17418
docs\inst_test\instancias\n_1000_8,500,20,15,10,0.3000,42,9996111502,9996110095,37,17418
docs\inst_test\instancias\n_1000_8,500,20,15,10,0.3000,123,9996111502,9996110095,39,17418
docs\inst_test\instancias\n_1000_8,500,20,15,10,0.3000,2026,9996111497,9996109804,38,17418
docs\inst_test\instancias\n_1000_8,500,20,15,20,0.1000,42,9996111497,9996109804,34,17418
docs\inst_test\instancias\n_1000_8,500,20,15,20,0.1000,123,9996111497,9996109804,35,17418
docs\inst_test\instancias\n_1000_8,500,20,15,20,0.1000,2026,9996111497,9996109804,35,17418
docs\inst_test\instancias\n_1000_8,500,20,15,20,0.2000,42,9996111502,9996110095,36,17418
docs\inst_test\instancias\n_1000_8,500,20,15,20,0.2000,123,9996111497,9996109804,35,17418
docs\inst_test\instancias\n_1000_8,500,20,15,20,0.2000,2026,9996111497,9996109804,35,17418
docs\inst_test\instancias\n_1000_8,500,20,15,20,0.3000,42,9996111502,9996110095,35,17418
docs\inst_test\instancias\n_1000_8,500,20,15,20,0.3000,123,9996111497,9996109804,35,17418
docs\inst_test\instancias\n_1000_8,500,20,15,20,0.3000,2026,9996111497,9996109804,37,17418
docs\inst_test\instancias\n_1000_9,100,10,7,5,0.1000,42,9980485898,9980481011,15,30778
docs\inst_test\instancias\n_1000_9,100,10,7,5,0.1000,123,9980485898,9980481011,16,30778
docs\inst_test\instancias\n_1000_9,100,10,7,5,0.1000,2026,9980485898,9980481011,16,30778
docs\inst_test\instancias\n_1000_9,100,10,7,5,0.2000,42,9980485898,9980481011,16,30778
docs\inst_test\instancias\n_1000_9,100,10,7,5,0.2000,123,9980485898,9980481011,15,30778
docs\inst_test\instancias\n_1000_9,100,10,7,5,0.2000,2026,9980485898,9980481011,15,30778
docs\inst_test\instancias\n_1000_9,100,10,7,5,0.3000,42,9980485898,9980481011,15,30778
docs\inst_test\instancias\n_1000_9,100,10,7,5,0.3000,123,9980485898,9980481011,15,30778
docs\inst_test\instancias\n_1000_9,100,10,7,5,0.3000,2026,9980485898,9980481011,15,30778
docs\inst_test\instancias\n_1000_9,100,10,7,10,0.1000,42,9980485898,9980481011,15,30778
docs\inst_test\instancias\n_1000_9,100,10,7,10,0.1000,123,9980485898,9980481011,15,30778
docs\inst_test\instancias\n_1000_9,100,10,7,10,0.1000,2026,9980485898,9980481011,15,30778
docs\inst_test\instancias\n_1000_9,100,10,7,10,0.2000,42,9980485898,9980481011,14,30778
docs\inst_test\instancias\n_1000_9,100,10,7,10,0.2000,123,9980485898,9980481011,14,30778
docs\inst_test\instancias\n_1000_9,100,10,7,10,0.2000,2026,9980485898,9980481011,15,30778
docs\inst_test\instancias\n_1000_9,100,10,7,10,0.3000,42,9980485898,9980481011,15,30778
docs\inst_test\instancias\n_1000_9,100,10,7,10,0.3000,123,9980485898,9980481011,14,30778
docs\inst_test\instancias\n_1000_9,100,10,7,10,0.3000,2026,9980485898,9980481011,15,30778
docs\inst_test\instancias\n_1000_9,100,10,7,20,0.1000,42,9980485898,9980481011,14,30778
docs\inst_test\instancias\n_1000_9,100,10,7,20,0.1000,123,9980485898,9980481011,15,30778
docs\inst_test\instancias\n_1000_9,100,10,7,20,0.1000,2026,9980485898,9980481011,15,30778
docs\inst_test\instancias\n_1000_9,100,10,7,20,0.2000,42,9980485898,9980481011,15,30778
docs\inst_test\instancias\n_1000_9,100,10,7,20,0.2000,123,9980485898,9980481011,14,30778
docs\inst_test\instancias\n_1000_9,100,10,7,20,0.2000,2026,9980485898,9980481011,13,30778
docs\inst_test\instancias\n_1000_9,100,10,7,20,0.3000,42,9980485898,9980481011,13,30778
docs\inst_test\instancias\n_1000_9,100,10,7,20,0.3000,123,9980485898,9980481011,14,30778
docs\inst_test\instancias\n_1000_9,100,10,7,20,0.3000,2026,9980485898,9980481011,14,30778
docs\inst_test\instancias\n_1000_9,100,10,10,5,0.1000,42,9980485898,9980481011,16,30778
docs\inst_test\instancias\n_1000_9,100,10,10,5,0.1000,123,9980485898,9980481011,15,30778
docs\inst_test\instancias\n_1000_9,100,10,10,5,0.1000,2026,9980485898,9980481011,16,30778
docs\inst_test\instancias\n_1000_9,100,10,10,5,0.2000,42,9980485898,9980481011,16,30778
docs\inst_test\instancias\n_1000_9,100,10,10,5,0.2000,123,9980485898,9980481011,15,30778
docs\inst_test\instancias\n_1000_9,100,10,10,5,0.2000,2026,9980485898,9980481011,15,30778
docs\inst_test\instancias\n_1000_9,100,10,10,5,0.3000,42,9980485898,9980481011,15,30778
docs\inst_test\instancias\n_1000_9,100,10,10,5,0.3000,123,9980485898,9980481011,15,30778
docs\inst_test\instancias\n_1000_9,100,10,10,5,0.3000,2026,9980485898,9980481011,16,30778
docs\inst_test\instancias\n_1000_9,100,10,10,10,0.1000,42,9980485898,9980481011,15,30778
docs\inst_test\instancias\n_1000_9,100,10,10,10,0.1000,123,9980485898,9980481011,14,30778
docs\inst_test\instancias\n_1000_9,100,10,10,10,0.1000,2026,9980485898,9980481011,15,30778
docs\inst_test\instancias\n_1000_9,100,10,10,10,0.2000,42,9980485898,9980481011,14,30778
docs\inst_test\instancias\n_1000_9,100,10,10,10,0.2000,123,9980485898,9980481011,15,30778
docs\inst_test\instancias\n_1000_9,100,10,10,10,0.2000,2026,9980485898,9980481011,14,30778
docs\inst_test\instancias\n_1000_9,100,10,10,10,0.3000,42,9980485898,9980481011,15,30778
docs\inst_test\instancias\n_1000_9,100,10,10,10,0.3000,123,9980485898,9980481011,14,30778
docs\inst_test\instancias\n_1000_9,100,10,10,10,0.3000,2026,9980485898,9980481011,14,30778
docs\inst_test\instancias\n_1000_9,100,10,10,20,0.1000,42,9980485898,9980481011,14,30778
docs\inst_test\instancias\n_1000_9,100,10,10,20,0.1000,123,9980485898,9980481011,14,30778
docs\inst_test\instancias\n_1000_9,100,10,10,20,0.1000,2026,9980485898,9980481011,16,30778
docs\inst_test\instancias\n_1000_9,100,10,10,20,0.2000,42,9980485898,9980481011,13,30778
docs\inst_test\instancias\n_1000_9,100,10,10,20,0.2000,123,9980485898,9980481011,13,30778
docs\inst_test\instancias\n_1000_9,100,10,10,20,0.2000,2026,9980485898,9980481011,13,30778
docs\inst_test\instancias\n_1000_9,100,10,10,20,0.3000,42,9980485898,9980481011,12,30778
docs\inst_test\instancias\n_1000_9,100,10,10,20,0.3000,123,9980485898,9980481011,13,30778
docs\inst_test\instancias\n_1000_9,100,10,10,20,0.3000,2026,9980485898,9980481011,12,30778
docs\inst_test\instancias\n_1000_9,100,10,15,5,0.1000,42,9980485898,9980481011,14,30778
docs\inst_test\instancias\n_1000_9,100,10,15,5,0.1000,123,9980485898,9980481011,15,30778
docs\inst_test\instancias\n_1000_9,100,10,15,5,0.1000,2026,9980485898,9980481011,14,30778
docs\inst_test\instancias\n_1000_9,100,10,15,5,0.2000,42,9980485898,9980481011,14,30778
docs\inst_test\instancias\n_1000_9,100,10,15,5,0.2000,123,9980485898,9980481011,14,30778
docs\inst_test\instancias\n_1000_9,100,10,15,5,0.2000,2026,9980485898,9980481011,13,30778
docs\inst_test\instancias\n_1000_9,100,10,15,5,0.3000,42,9980485898,9980481011,13,30778
docs\inst_test\instancias\n_1000_9,100,10,15,5,0.3000,123,9980485898,9980481011,15,30778
docs\inst_test\instancias\n_1000_9,100,10,15,5,0.3000,2026,9980485898,9980481011,14,30778
docs\inst_test\instancias\n_1000_9,100,10,15,10,0.1000,42,9980485898,9980481011,13,30778
docs\inst_test\instancias\n_1000_9,100,10,15,10,0.1000,123,9980485898,9980481011,13,30778
docs\inst_test\instancias\n_1000_9,100,10,15,10,0.1000,2026,9980485898,9980481011,14,30778
docs\inst_test\instancias\n_1000_9,100,10,15,10,0.2000,42,9980485898,9980481011,14,30778
docs\inst_test\instancias\n_1000_9,100,10,15,10,0.2000,123,9980485898,9980481011,13,30778
docs\inst_test\instancias\n_1000_9,100,10,15,10,0.2000,2026,9980485898,9980481011,13,30778
docs\inst_test\instancias\n_1000_9,100,10,15,10,0.3000,42,9980485898,9980481011,13,30778
docs\inst_test\instancias\n_1000_9,100,10,15,10,0.3000,123,9980485898,9980481011,13,30778
docs\inst_test\instancias\n_1000_9,100,10,15,10,0.3000,2026,9980485898,9980481011,13,30778
docs\inst_test\instancias\n_1000_9,100,10,15,20,0.1000,42,9980485898,9980481011,13,30778
docs\inst_test\instancias\n_1000_9,100,10,15,20,0.1000,123,9980485898,9980481011,13,30778
docs\inst_test\instancias\n_1000_9,100,10,15,20,0.1000,2026,9980485898,9980481011,13,30778
docs\inst_test\instancias\n_1000_9,100,10,15,20,0.2000,42,9980485898,9980481011,13,30778
docs\inst_test\instancias\n_1000_9,100,10,15,20,0.2000,123,9980485898,9980481011,13,30778
docs\inst_test\instancias\n_1000_9,100,10,15,20,0.2000,2026,9980485898,9980481011,13,30778
docs\inst_test\instancias\n_1000_9,100,10,15,20,0.3000,42,9980485898,9980481011,13,30778
docs\inst_test\instancias\n_1000_9,100,10,15,20,0.3000,123,9980485898,9980481011,13,30778
docs\inst_test\instancias\n_1000_9,100,10,15,20,0.3000,2026,9980485898,9980481011,12,30778
docs\inst_test\instancias\n_1000_9,100,15,7,5,0.1000,42,9980485898,9980481011,16,30778
docs\inst_test\instancias\n_1000_9,100,15,7,5,0.1000,123,9980485898,9980481011,13,30778
docs\inst_test\instancias\n_1000_9,100,15,7,5,0.1000,2026,9980485898,9980481011,15,30778
docs\inst_test\instancias\n_1000_9,100,15,7,5,0.2000,42,9980485898,9980481011,13,30778
docs\inst_test\instancias\n_1000_9,100,15,7,5,0.2000,123,9980485898,9980481011,14,30778
docs\inst_test\instancias\n_1000_9,100,15,7,5,0.2000,2026,9980485898,9980481011,14,30778
docs\inst_test\instancias\n_1000_9,100,15,7,5,0.3000,42,9980485898,9980481011,14,30778
docs\inst_test\instancias\n_1000_9,100,15,7,5,0.3000,123,9980485898,9980481011,14,30778
docs\inst_test\instancias\n_1000_9,100,15,7,5,0.3000,2026,9980485898,9980481011,13,30778
docs\inst_test\instancias\n_1000_9,100,15,7,10,0.1000,42,9980485898,9980481011,14,30778
docs\inst_test\instancias\n_1000_9,100,15,7,10,0.1000,123,9980485898,9980481011,13,30778
docs\inst_test\instancias\n_1000_9,100,15,7,10,0.1000,2026,9980485898,9980481011,14,30778
docs\inst_test\instancias\n_1000_9,100,15,7,10,0.2000,42,9980485898,9980481011,13,30778
docs\inst_test\instancias\n_1000_9,100,15,7,10,0.2000,123,9980485898,9980481011,13,30778
docs\inst_test\instancias\n_1000_9,100,15,7,10,0.2000,2026,9980485898,9980481011,13,30778
docs\inst_test\instancias\n_1000_9,100,15,7,10,0.3000,42,9980485898,9980481011,13,30778
docs\inst_test\instancias\n_1000_9,100,15,7,10,0.3000,123,9980485898,9980481011,13,30778
docs\inst_test\instancias\n_1000_9,100,15,7,10,0.3000,2026,9980485898,9980481011,13,30778
docs\inst_test\instancias\n_1000_9,100,15,7,20,0.1000,42,9980485898,9980481011,12,30778
docs\inst_test\instancias\n_1000_9,100,15,7,20,0.1000,123,9980485898,9980481011,13,30778
docs\inst_test\instancias\n_1000_9,100,15,7,20,0.1000,2026,9980485898,9980481011,13,30778
docs\inst_test\instancias\n_1000_9,100,15,7,20,0.2000,42,9980485898,9980481011,12,30778
docs\inst_test\instancias\n_1000_9,100,15,7,20,0.2000,123,9980485898,9980481011,13,30778
docs\inst_test\instancias\n_1000_9,100,15,7,20,0.2000,2026,9980485898,9980481011,12,30778
docs\inst_test\instancias\n_1000_9,100,15,7,20,0.3000,42,9980485898,9980481011,13,30778
docs\inst_test\instancias\n_1000_9,100,15,7,20,0.3000,123,9980485898,9980481011,12,30778
docs\inst_test\instancias\n_1000_9,100,15,7,20,0.3000,2026,9980485898,9980481011,13,30778
docs\inst_test\instancias\n_1000_9,100,15,10,5,0.1000,42,9980485898,9980481011,14,30778
docs\inst_test\instancias\n_1000_9,100,15,10,5,0.1000,123,9980485898,9980481011,14,30778
docs\inst_test\instancias\n_1000_9,100,15,10,5,0.1000,2026,9980485898,9980481011,15,30778
docs\inst_test\instancias\n_1000_9,100,15,10,5,0.2000,42,9980485898,9980481011,14,30778
docs\inst_test\instancias\n_1000_9,100,15,10,5,0.2000,123,9980485898,9980481011,14,30778
docs\inst_test\instancias\n_1000_9,100,15,10,5,0.2000,2026,9980485898,9980481011,14,30778
docs\inst_test\instancias\n_1000_9,100,15,10,5,0.3000,42,9980485898,9980481011,14,30778
docs\inst_test\instancias\n_1000_9,100,15,10,5,0.3000,123,9980485898,9980481011,14,30778
docs\inst_test\instancias\n_1000_9,100,15,10,5,0.3000,2026,9980485898,9980481011,13,30778
docs\inst_test\instancias\n_1000_9,100,15,10,10,0.1000,42,9980485898,9980481011,14,30778
docs\inst_test\instancias\n_1000_9,100,15,10,10,0.1000,123,9980485898,9980481011,13,30778
docs\inst_test\instancias\n_1000_9,100,15,10,10,0.1000,2026,9980485898,9980481011,14,30778
docs\inst_test\instancias\n_1000_9,100,15,10,10,0.2000,42,9980485898,9980481011,13,30778
docs\inst_test\instancias\n_1000_9,100,15,10,10,0.2000,123,9980485898,9980481011,13,30778
docs\inst_test\instancias\n_1000_9,100,15,10,10,0.2000,2026,9980485898,9980481011,13,30778
docs\inst_test\instancias\n_1000_9,100,15,10,10,0.3000,42,9980485898,9980481011,13,30778
docs\inst_test\instancias\n_1000_9,100,15,10,10,0.3000,123,9980485898,9980481011,13,30778
docs\inst_test\instancias\n_1000_9,100,15,10,10,0.3000,2026,9980485898,9980481011,13,30778
docs\inst_test\instancias\n_1000_9,100,15,10,20,0.1000,42,9980485898,9980481011,13,30778
docs\inst_test\instancias\n_1000_9,100,15,10,20,0.1000,123,9980485898,9980481011,13,30778
docs\inst_test\instancias\n_1000_9,100,15,10,20,0.1000,2026,9980485898,9980481011,13,30778
docs\inst_test\instancias\n_1000_9,100,15,10,20,0.2000,42,9980485898,9980481011,13,30778
docs\inst_test\instancias\n_1000_9,100,15,10,20,0.2000,123,9980485898,9980481011,13,30778
docs\inst_test\instancias\n_1000_9,100,15,10,20,0.2000,2026,9980485898,9980481011,12,30778
docs\inst_test\instancias\n_1000_9,100,15,10,20,0.3000,42,9980485898,9980481011,13,30778
docs\inst_test\instancias\n_1000_9,100,15,10,20,0.3000,123,9980485898,9980481011,12,30778
docs\inst_test\instancias\n_1000_9,100,15,10,20,0.3000,2026,9980485898,9980481011,12,30778
docs\inst_test\instancias\n_1000_9,100,15,15,5,0.1000,42,9980485898,9980481011,15,30778
docs\inst_test\instancias\n_1000_9,100,15,15,5,0.1000,123,9980485898,9980481011,13,30778
docs\inst_test\instancias\n_1000_9,100,15,15,5,0.1000,2026,9980485898,9980481011,15,30778
docs\inst_test\instancias\n_1000_9,100,15,15,5,0.2000,42,9980485898,9980481011,14,30778
docs\inst_test\instancias\n_1000_9,100,15,15,5,0.2000,123,9980485898,9980481011,15,30778
docs\inst_test\instancias\n_1000_9,100,15,15,5,0.2000,2026,9980485898,9980481011,14,30778
docs\inst_test\instancias\n_1000_9,100,15,15,5,0.3000,42,9980485898,9980481011,15,30778
docs\inst_test\instancias\n_1000_9,100,15,15,5,0.3000,123,9980485898,9980481011,14,30778
docs\inst_test\instancias\n_1000_9,100,15,15,5,0.3000,2026,9980485898,9980481011,13,30778
docs\inst_test\instancias\n_1000_9,100,15,15,10,0.1000,42,9980485898,9980481011,14,30778
docs\inst_test\instancias\n_1000_9,100,15,15,10,0.1000,123,9980485898,9980481011,14,30778
docs\inst_test\instancias\n_1000_9,100,15,15,10,0.1000,2026,9980485898,9980481011,13,30778
docs\inst_test\instancias\n_1000_9,100,15,15,10,0.2000,42,9980485898,9980481011,13,30778
docs\inst_test\instancias\n_1000_9,100,15,15,10,0.2000,123,9980485898,9980481011,14,30778
docs\inst_test\instancias\n_1000_9,100,15,15,10,0.2000,2026,9980485898,9980481011,13,30778
docs\inst_test\instancias\n_1000_9,100,15,15,10,0.3000,42,9980485898,9980481011,13,30778
docs\inst_test\instancias\n_1000_9,100,15,15,10,0.3000,123,9980485898,9980481011,13,30778
docs\inst_test\instancias\n_1000_9,100,15,15,10,0.3000,2026,9980485898,9980481011,12,30778
docs\inst_test\instancias\n_1000_9,100,15,15,20,0.1000,42,9980485898,9980481011,13,30778
docs\inst_test\instancias\n_1000_9,100,15,15,20,0.1000,123,9980485898,9980481011,13,30778
docs\inst_test\instancias\n_1000_9,100,15,15,20,0.1000,2026,9980485898,9980481011,13,30778
docs\inst_test\instancias\n_1000_9,100,15,15,20,0.2000,42,9980485898,9980481011,13,30778
docs\inst_test\instancias\n_1000_9,100,15,15,20,0.2000,123,9980485898,9980481011,13,30778
docs\inst_test\instancias\n_1000_9,100,15,15,20,0.2000,2026,9980485898,9980481011,14,30778
docs\inst_test\instancias\n_1000_9,100,15,15,20,0.3000,42,9980485898,9980481011,13,30778
docs\inst_test\instancias\n_1000_9,100,15,15,20,0.3000,123,9980485898,9980481011,13,30778
docs\inst_test\instancias\n_1000_9,100,15,15,20,0.3000,2026,9980485898,9980481011,13,30778
docs\inst_test\instancias\n_1000_9,100,20,7,5,0.1000,42,9980485898,9980481011,15,30778
docs\inst_test\instancias\n_1000_9,100,20,7,5,0.1000,123,9980485898,9980481011,14,30778
docs\inst_test\instancias\n_1000_9,100,20,7,5,0.1000,2026,9980485898,9980481011,14,30778
docs\inst_test\instancias\n_1000_9,100,20,7,5,0.2000,42,9980485898,9980481011,14,30778
docs\inst_test\instancias\n_1000_9,100,20,7,5,0.2000,123,9980485898,9980481011,14,30778
docs\inst_test\instancias\n_1000_9,100,20,7,5,0.2000,2026,9980485898,9980481011,14,30778
docs\inst_test\instancias\n_1000_9,100,20,7,5,0.3000,42,9980485898,9980481011,13,30778
docs\inst_test\instancias\n_1000_9,100,20,7,5,0.3000,123,9980485898,9980481011,14,30778
docs\inst_test\instancias\n_1000_9,100,20,7,5,0.3000,2026,9980485898,9980481011,13,30778
docs\inst_test\instancias\n_1000_9,100,20,7,10,0.1000,42,9980485898,9980481011,15,30778
docs\inst_test\instancias\n_1000_9,100,20,7,10,0.1000,123,9980485898,9980481011,13,30778
docs\inst_test\instancias\n_1000_9,100,20,7,10,0.1000,2026,9980485898,9980481011,14,30778
docs\inst_test\instancias\n_1000_9,100,20,7,10,0.2000,42,9980485898,9980481011,13,30778
docs\inst_test\instancias\n_1000_9,100,20,7,10,0.2000,123,9980485898,9980481011,14,30778
docs\inst_test\instancias\n_1000_9,100,20,7,10,0.2000,2026,9980485898,9980481011,13,30778
docs\inst_test\instancias\n_1000_9,100,20,7,10,0.3000,42,9980485898,9980481011,12,30778
docs\inst_test\instancias\n_1000_9,100,20,7,10,0.3000,123,9980485898,9980481011,14,30778
docs\inst_test\instancias\n_1000_9,100,20,7,10,0.3000,2026,9980485898,9980481011,12,30778
docs\inst_test\instancias\n_1000_9,100,20,7,20,0.1000,42,9980485898,9980481011,12,30778
docs\inst_test\instancias\n_1000_9,100,20,7,20,0.1000,123,9980485898,9980481011,14,30778
docs\inst_test\instancias\n_1000_9,100,20,7,20,0.1000,2026,9980485898,9980481011,12,30778
docs\inst_test\instancias\n_1000_9,100,20,7,20,0.2000,42,9980485898,9980481011,13,30778
docs\inst_test\instancias\n_1000_9,100,20,7,20,0.2000,123,9980485898,9980481011,13,30778
docs\inst_test\instancias\n_1000_9,100,20,7,20,0.2000,2026,9980485898,9980481011,13,30778
docs\inst_test\instancias\n_1000_9,100,20,7,20,0.3000,42,9980485898,9980481011,13,30778
docs\inst_test\instancias\n_1000_9,100,20,7,20,0.3000,123,9980485898,9980481011,12,30778
docs\inst_test\instancias\n_1000_9,100,20,7,20,0.3000,2026,9980485898,9980481011,14,30778
docs\inst_test\instancias\n_1000_9,100,20,10,5,0.1000,42,9980485898,9980481011,14,30778
docs\inst_test\instancias\n_1000_9,100,20,10,5,0.1000,123,9980485898,9980481011,15,30778
docs\inst_test\instancias\n_1000_9,100,20,10,5,0.1000,2026,9980485898,9980481011,14,30778
docs\inst_test\instancias\n_1000_9,100,20,10,5,0.2000,42,9980485898,9980481011,14,30778
docs\inst_test\instancias\n_1000_9,100,20,10,5,0.2000,123,9980485898,9980481011,14,30778
docs\inst_test\instancias\n_1000_9,100,20,10,5,0.2000,2026,9980485898,9980481011,14,30778
docs\inst_test\instancias\n_1000_9,100,20,10,5,0.3000,42,9980485898,9980481011,14,30778
docs\inst_test\instancias\n_1000_9,100,20,10,5,0.3000,123,9980485898,9980481011,13,30778
docs\inst_test\instancias\n_1000_9,100,20,10,5,0.3000,2026,9980485898,9980481011,14,30778
docs\inst_test\instancias\n_1000_9,100,20,10,10,0.1000,42,9980485898,9980481011,14,30778
docs\inst_test\instancias\n_1000_9,100,20,10,10,0.1000,123,9980485898,9980481011,13,30778
docs\inst_test\instancias\n_1000_9,100,20,10,10,0.1000,2026,9980485898,9980481011,14,30778
docs\inst_test\instancias\n_1000_9,100,20,10,10,0.2000,42,9980485898,9980481011,13,30778
docs\inst_test\instancias\n_1000_9,100,20,10,10,0.2000,123,9980485898,9980481011,13,30778
docs\inst_test\instancias\n_1000_9,100,20,10,10,0.2000,2026,9980485898,9980481011,13,30778
docs\inst_test\instancias\n_1000_9,100,20,10,10,0.3000,42,9980485898,9980481011,12,30778
docs\inst_test\instancias\n_1000_9,100,20,10,10,0.3000,123,9980485898,9980481011,14,30778
docs\inst_test\instancias\n_1000_9,100,20,10,10,0.3000,2026,9980485898,9980481011,13,30778
docs\inst_test\instancias\n_1000_9,100,20,10,20,0.1000,42,9980485898,9980481011,13,30778
docs\inst_test\instancias\n_1000_9,100,20,10,20,0.1000,123,9980485898,9980481011,14,30778
docs\inst_test\instancias\n_1000_9,100,20,10,20,0.1000,2026,9980485898,9980481011,13,30778
docs\inst_test\instancias\n_1000_9,100,20,10,20,0.2000,42,9980485898,9980481011,13,30778
docs\inst_test\instancias\n_1000_9,100,20,10,20,0.2000,123,9980485898,9980481011,13,30778
docs\inst_test\instancias\n_1000_9,100,20,10,20,0.2000,2026,9980485898,9980481011,13,30778
docs\inst_test\instancias\n_1000_9,100,20,10,20,0.3000,42,9980485898,9980481011,12,30778
docs\inst_test\instancias\n_1000_9,100,20,10,20,0.3000,123,9980485898,9980481011,13,30778
docs\inst_test\instancias\n_1000_9,100,20,10,20,0.3000,2026,9980485898,9980481011,12,30778
docs\inst_test\instancias\n_1000_9,100,20,15,5,0.1000,42,9980485898,9980481011,14,30778
docs\inst_test\instancias\n_1000_9,100,20,15,5,0.1000,123,9980485898,9980481011,14,30778
docs\inst_test\instancias\n_1000_9,100,20,15,5,0.1000,2026,9980485898,9980481011,15,30778
docs\inst_test\instancias\n_1000_9,100,20,15,5,0.2000,42,9980485898,9980481011,15,30778
docs\inst_test\instancias\n_1000_9,100,20,15,5,0.2000,123,9980485898,9980481011,14,30778
docs\inst_test\instancias\n_1000_9,100,20,15,5,0.2000,2026,9980485898,9980481011,14,30778
docs\inst_test\instancias\n_1000_9,100,20,15,5,0.3000,42,9980485898,9980481011,14,30778
docs\inst_test\instancias\n_1000_9,100,20,15,5,0.3000,123,9980485898,9980481011,14,30778
docs\inst_test\instancias\n_1000_9,100,20,15,5,0.3000,2026,9980485898,9980481011,13,30778
docs\inst_test\instancias\n_1000_9,100,20,15,10,0.1000,42,9980485898,9980481011,14,30778
docs\inst_test\instancias\n_1000_9,100,20,15,10,0.1000,123,9980485898,9980481011,13,30778
docs\inst_test\instancias\n_1000_9,100,20,15,10,0.1000,2026,9980485898,9980481011,14,30778
docs\inst_test\instancias\n_1000_9,100,20,15,10,0.2000,42,9980485898,9980481011,13,30778
docs\inst_test\instancias\n_1000_9,100,20,15,10,0.2000,123,9980485898,9980481011,13,30778
docs\inst_test\instancias\n_1000_9,100,20,15,10,0.2000,2026,9980485898,9980481011,13,30778
docs\inst_test\instancias\n_1000_9,100,20,15,10,0.3000,42,9980485898,9980481011,12,30778
docs\inst_test\instancias\n_1000_9,100,20,15,10,0.3000,123,9980485898,9980481011,14,30778
docs\inst_test\instancias\n_1000_9,100,20,15,10,0.3000,2026,9980485898,9980481011,13,30778
docs\inst_test\instancias\n_1000_9,100,20,15,20,0.1000,42,9980485898,9980481011,13,30778
docs\inst_test\instancias\n_1000_9,100,20,15,20,0.1000,123,9980485898,9980481011,14,30778
docs\inst_test\instancias\n_1000_9,100,20,15,20,0.1000,2026,9980485898,9980481011,12,30778
docs\inst_test\instancias\n_1000_9,100,20,15,20,0.2000,42,9980485898,9980481011,14,30778
docs\inst_test\instancias\n_1000_9,100,20,15,20,0.2000,123,9980485898,9980481011,13,30778
docs\inst_test\instancias\n_1000_9,100,20,15,20,0.2000,2026,9980485898,9980481011,14,30778
docs\inst_test\instancias\n_1000_9,100,20,15,20,0.3000,42,9980485898,9980481011,12,30778
docs\inst_test\instancias\n_1000_9,100,20,15,20,0.3000,123,9980485898,9980481011,13,30778
docs\inst_test\instancias\n_1000_9,100,20,15,20,0.3000,2026,9980485898,9980481011,12,30778
docs\inst_test\instancias\n_1000_9,300,10,7,5,0.1000,42,9980485898,9980481011,46,30778
docs\inst_test\instancias\n_1000_9,300,10,7,5,0.1000,123,9980485898,9980481011,47,30778
docs\inst_test\instancias\n_1000_9,300,10,7,5,0.1000,2026,9980485898,9980481011,47,30778
docs\inst_test\instancias\n_1000_9,300,10,7,5,0.2000,42,9980485898,9980481011,45,30778
docs\inst_test\instancias\n_1000_9,300,10,7,5,0.2000,123,9980485898,9980481011,47,30778
docs\inst_test\instancias\n_1000_9,300,10,7,5,0.2000,2026,9980485898,9980481011,44,30778
docs\inst_test\instancias\n_1000_9,300,10,7,5,0.3000,42,9980485898,9980481011,43,30778
docs\inst_test\instancias\n_1000_9,300,10,7,5,0.3000,123,9980485898,9980481011,45,30778
docs\inst_test\instancias\n_1000_9,300,10,7,5,0.3000,2026,9980485898,9980481011,44,30778
docs\inst_test\instancias\n_1000_9,300,10,7,10,0.1000,42,9980485898,9980481011,43,30778
docs\inst_test\instancias\n_1000_9,300,10,7,10,0.1000,123,9980485898,9980481011,41,30778
docs\inst_test\instancias\n_1000_9,300,10,7,10,0.1000,2026,9980485898,9980481011,44,30778
docs\inst_test\instancias\n_1000_9,300,10,7,10,0.2000,42,9980485898,9980481011,42,30778
docs\inst_test\instancias\n_1000_9,300,10,7,10,0.2000,123,9980485898,9980481011,42,30778
docs\inst_test\instancias\n_1000_9,300,10,7,10,0.2000,2026,9980485898,9980481011,42,30778
docs\inst_test\instancias\n_1000_9,300,10,7,10,0.3000,42,9980485898,9980481011,40,30778
docs\inst_test\instancias\n_1000_9,300,10,7,10,0.3000,123,9980485898,9980481011,39,30778
docs\inst_test\instancias\n_1000_9,300,10,7,10,0.3000,2026,9980485898,9980481011,41,30778
docs\inst_test\instancias\n_1000_9,300,10,7,20,0.1000,42,9980485898,9980481011,41,30778
docs\inst_test\instancias\n_1000_9,300,10,7,20,0.1000,123,9980485898,9980481011,40,30778
docs\inst_test\instancias\n_1000_9,300,10,7,20,0.1000,2026,9980485898,9980481011,40,30778
docs\inst_test\instancias\n_1000_9,300,10,7,20,0.2000,42,9980485898,9980481011,39,30778
docs\inst_test\instancias\n_1000_9,300,10,7,20,0.2000,123,9980485898,9980481011,40,30778
docs\inst_test\instancias\n_1000_9,300,10,7,20,0.2000,2026,9980485898,9980481011,40,30778
docs\inst_test\instancias\n_1000_9,300,10,7,20,0.3000,42,9980485898,9980481011,38,30778
docs\inst_test\instancias\n_1000_9,300,10,7,20,0.3000,123,9980485898,9980481011,38,30778
docs\inst_test\instancias\n_1000_9,300,10,7,20,0.3000,2026,9980485898,9980481011,38,30778
docs\inst_test\instancias\n_1000_9,300,10,10,5,0.1000,42,9980485898,9980481011,47,30778
docs\inst_test\instancias\n_1000_9,300,10,10,5,0.1000,123,9980485898,9980481011,47,30778
docs\inst_test\instancias\n_1000_9,300,10,10,5,0.1000,2026,9980485898,9980481011,48,30778
docs\inst_test\instancias\n_1000_9,300,10,10,5,0.2000,42,9980485898,9980481011,45,30778
docs\inst_test\instancias\n_1000_9,300,10,10,5,0.2000,123,9980485898,9980481011,44,30778
docs\inst_test\instancias\n_1000_9,300,10,10,5,0.2000,2026,9980485898,9980481011,46,30778
docs\inst_test\instancias\n_1000_9,300,10,10,5,0.3000,42,9980485898,9980481011,43,30778
docs\inst_test\instancias\n_1000_9,300,10,10,5,0.3000,123,9980485898,9980481011,44,30778
docs\inst_test\instancias\n_1000_9,300,10,10,5,0.3000,2026,9980485898,9980481011,44,30778
docs\inst_test\instancias\n_1000_9,300,10,10,10,0.1000,42,9980485898,9980481011,43,30778
docs\inst_test\instancias\n_1000_9,300,10,10,10,0.1000,123,9980485898,9980481011,42,30778
docs\inst_test\instancias\n_1000_9,300,10,10,10,0.1000,2026,9980485898,9980481011,42,30778
docs\inst_test\instancias\n_1000_9,300,10,10,10,0.2000,42,9980485898,9980481011,42,30778
docs\inst_test\instancias\n_1000_9,300,10,10,10,0.2000,123,9980485898,9980481011,42,30778
docs\inst_test\instancias\n_1000_9,300,10,10,10,0.2000,2026,9980485898,9980481011,41,30778
docs\inst_test\instancias\n_1000_9,300,10,10,10,0.3000,42,9980485898,9980481011,39,30778
docs\inst_test\instancias\n_1000_9,300,10,10,10,0.3000,123,9980485898,9980481011,40,30778
docs\inst_test\instancias\n_1000_9,300,10,10,10,0.3000,2026,9980485898,9980481011,40,30778
docs\inst_test\instancias\n_1000_9,300,10,10,20,0.1000,42,9980485898,9980481011,42,30778
docs\inst_test\instancias\n_1000_9,300,10,10,20,0.1000,123,9980485898,9980481011,41,30778
docs\inst_test\instancias\n_1000_9,300,10,10,20,0.1000,2026,9980485898,9980481011,40,30778
docs\inst_test\instancias\n_1000_9,300,10,10,20,0.2000,42,9980485898,9980481011,39,30778
docs\inst_test\instancias\n_1000_9,300,10,10,20,0.2000,123,9980485898,9980481011,39,30778
docs\inst_test\instancias\n_1000_9,300,10,10,20,0.2000,2026,9980485898,9980481011,40,30778
docs\inst_test\instancias\n_1000_9,300,10,10,20,0.3000,42,9980485898,9980481011,37,30778
docs\inst_test\instancias\n_1000_9,300,10,10,20,0.3000,123,9980485898,9980481011,39,30778
docs\inst_test\instancias\n_1000_9,300,10,10,20,0.3000,2026,9980485898,9980481011,37,30778
docs\inst_test\instancias\n_1000_9,300,10,15,5,0.1000,42,9980485898,9980481011,46,30778
docs\inst_test\instancias\n_1000_9,300,10,15,5,0.1000,123,9980485898,9980481011,47,30778
docs\inst_test\instancias\n_1000_9,300,10,15,5,0.1000,2026,9980485898,9980481011,48,30778
docs\inst_test\instancias\n_1000_9,300,10,15,5,0.2000,42,9980485898,9980481011,45,30778
docs\inst_test\instancias\n_1000_9,300,10,15,5,0.2000,123,9980485898,9980481011,45,30778
docs\inst_test\instancias\n_1000_9,300,10,15,5,0.2000,2026,9980485898,9980481011,45,30778
docs\inst_test\instancias\n_1000_9,300,10,15,5,0.3000,42,9980485898,9980481011,42,30778
docs\inst_test\instancias\n_1000_9,300,10,15,5,0.3000,123,9980485898,9980481011,44,30778
docs\inst_test\instancias\n_1000_9,300,10,15,5,0.3000,2026,9980485898,9980481011,44,30778
docs\inst_test\instancias\n_1000_9,300,10,15,10,0.1000,42,9980485898,9980481011,43,30778
docs\inst_test\instancias\n_1000_9,300,10,15,10,0.1000,123,9980485898,9980481011,42,30778
docs\inst_test\instancias\n_1000_9,300,10,15,10,0.1000,2026,9980485898,9980481011,42,30778
docs\inst_test\instancias\n_1000_9,300,10,15,10,0.2000,42,9980485898,9980481011,41,30778
docs\inst_test\instancias\n_1000_9,300,10,15,10,0.2000,123,9980485898,9980481011,42,30778
docs\inst_test\instancias\n_1000_9,300,10,15,10,0.2000,2026,9980485898,9980481011,41,30778
docs\inst_test\instancias\n_1000_9,300,10,15,10,0.3000,42,9980485898,9980481011,39,30778
docs\inst_test\instancias\n_1000_9,300,10,15,10,0.3000,123,9980485898,9980481011,40,30778
docs\inst_test\instancias\n_1000_9,300,10,15,10,0.3000,2026,9980485898,9980481011,39,30778
docs\inst_test\instancias\n_1000_9,300,10,15,20,0.1000,42,9980485898,9980481011,41,30778
docs\inst_test\instancias\n_1000_9,300,10,15,20,0.1000,123,9980485898,9980481011,41,30778
docs\inst_test\instancias\n_1000_9,300,10,15,20,0.1000,2026,9980485898,9980481011,41,30778
docs\inst_test\instancias\n_1000_9,300,10,15,20,0.2000,42,9980485898,9980481011,38,30778
docs\inst_test\instancias\n_1000_9,300,10,15,20,0.2000,123,9980485898,9980481011,39,30778
docs\inst_test\instancias\n_1000_9,300,10,15,20,0.2000,2026,9980485898,9980481011,39,30778
docs\inst_test\instancias\n_1000_9,300,10,15,20,0.3000,42,9980485898,9980481011,37,30778
docs\inst_test\instancias\n_1000_9,300,10,15,20,0.3000,123,9980485898,9980481011,39,30778
docs\inst_test\instancias\n_1000_9,300,10,15,20,0.3000,2026,9980485898,9980481011,37,30778
docs\inst_test\instancias\n_1000_9,300,15,7,5,0.1000,42,9980485898,9980481011,46,30778
docs\inst_test\instancias\n_1000_9,300,15,7,5,0.1000,123,9980485898,9980481011,46,30778
docs\inst_test\instancias\n_1000_9,300,15,7,5,0.1000,2026,9980485898,9980481011,46,30778
docs\inst_test\instancias\n_1000_9,300,15,7,5,0.2000,42,9980485898,9980481011,46,30778
docs\inst_test\instancias\n_1000_9,300,15,7,5,0.2000,123,9980485898,9980481011,45,30778
docs\inst_test\instancias\n_1000_9,300,15,7,5,0.2000,2026,9980485898,9980481011,45,30778
docs\inst_test\instancias\n_1000_9,300,15,7,5,0.3000,42,9980485898,9980481011,42,30778
docs\inst_test\instancias\n_1000_9,300,15,7,5,0.3000,123,9980485898,9980481011,44,30778
docs\inst_test\instancias\n_1000_9,300,15,7,5,0.3000,2026,9980485898,9980481011,44,30778
docs\inst_test\instancias\n_1000_9,300,15,7,10,0.1000,42,9980485898,9980481011,42,30778
docs\inst_test\instancias\n_1000_9,300,15,7,10,0.1000,123,9980485898,9980481011,42,30778
docs\inst_test\instancias\n_1000_9,300,15,7,10,0.1000,2026,9980485898,9980481011,42,30778
docs\inst_test\instancias\n_1000_9,300,15,7,10,0.2000,42,9980485898,9980481011,41,30778
docs\inst_test\instancias\n_1000_9,300,15,7,10,0.2000,123,9980485898,9980481011,41,30778
docs\inst_test\instancias\n_1000_9,300,15,7,10,0.2000,2026,9980485898,9980481011,42,30778
docs\inst_test\instancias\n_1000_9,300,15,7,10,0.3000,42,9980485898,9980481011,38,30778
docs\inst_test\instancias\n_1000_9,300,15,7,10,0.3000,123,9980485898,9980481011,40,30778
docs\inst_test\instancias\n_1000_9,300,15,7,10,0.3000,2026,9980485898,9980481011,40,30778
docs\inst_test\instancias\n_1000_9,300,15,7,20,0.1000,42,9980485898,9980481011,40,30778
docs\inst_test\instancias\n_1000_9,300,15,7,20,0.1000,123,9980485898,9980481011,41,30778
docs\inst_test\instancias\n_1000_9,300,15,7,20,0.1000,2026,9980485898,9980481011,41,30778
docs\inst_test\instancias\n_1000_9,300,15,7,20,0.2000,42,9980485898,9980481011,39,30778
docs\inst_test\instancias\n_1000_9,300,15,7,20,0.2000,123,9980485898,9980481011,38,30778
docs\inst_test\instancias\n_1000_9,300,15,7,20,0.2000,2026,9980485898,9980481011,39,30778
docs\inst_test\instancias\n_1000_9,300,15,7,20,0.3000,42,9980485898,9980481011,38,30778
docs\inst_test\instancias\n_1000_9,300,15,7,20,0.3000,123,9980485898,9980481011,37,30778
docs\inst_test\instancias\n_1000_9,300,15,7,20,0.3000,2026,9980485898,9980481011,38,30778
docs\inst_test\instancias\n_1000_9,300,15,10,5,0.1000,42,9980485898,9980481011,45,30778
docs\inst_test\instancias\n_1000_9,300,15,10,5,0.1000,123,9980485898,9980481011,45,30778
docs\inst_test\instancias\n_1000_9,300,15,10,5,0.1000,2026,9980485898,9980481011,47,30778
docs\inst_test\instancias\n_1000_9,300,15,10,5,0.2000,42,9980485898,9980481011,46,30778
docs\inst_test\instancias\n_1000_9,300,15,10,5,0.2000,123,9980485898,9980481011,46,30778
docs\inst_test\instancias\n_1000_9,300,15,10,5,0.2000,2026,9980485898,9980481011,45,30778
docs\inst_test\instancias\n_1000_9,300,15,10,5,0.3000,42,9980485898,9980481011,43,30778
docs\inst_test\instancias\n_1000_9,300,15,10,5,0.3000,123,9980485898,9980481011,44,30778
docs\inst_test\instancias\n_1000_9,300,15,10,5,0.3000,2026,9980485898,9980481011,44,30778
docs\inst_test\instancias\n_1000_9,300,15,10,10,0.1000,42,9980485898,9980481011,43,30778
docs\inst_test\instancias\n_1000_9,300,15,10,10,0.1000,123,9980485898,9980481011,41,30778
docs\inst_test\instancias\n_1000_9,300,15,10,10,0.1000,2026,9980485898,9980481011,42,30778
docs\inst_test\instancias\n_1000_9,300,15,10,10,0.2000,42,9980485898,9980481011,41,30778
docs\inst_test\instancias\n_1000_9,300,15,10,10,0.2000,123,9980485898,9980481011,42,30778
docs\inst_test\instancias\n_1000_9,300,15,10,10,0.2000,2026,9980485898,9980481011,41,30778
docs\inst_test\instancias\n_1000_9,300,15,10,10,0.3000,42,9980485898,9980481011,40,30778
docs\inst_test\instancias\n_1000_9,300,15,10,10,0.3000,123,9980485898,9980481011,39,30778
docs\inst_test\instancias\n_1000_9,300,15,10,10,0.3000,2026,9980485898,9980481011,40,30778
docs\inst_test\instancias\n_1000_9,300,15,10,20,0.1000,42,9980485898,9980481011,42,30778
docs\inst_test\instancias\n_1000_9,300,15,10,20,0.1000,123,9980485898,9980481011,40,30778
docs\inst_test\instancias\n_1000_9,300,15,10,20,0.1000,2026,9980485898,9980481011,40,30778
docs\inst_test\instancias\n_1000_9,300,15,10,20,0.2000,42,9980485898,9980481011,40,30778
docs\inst_test\instancias\n_1000_9,300,15,10,20,0.2000,123,9980485898,9980481011,38,30778
docs\inst_test\instancias\n_1000_9,300,15,10,20,0.2000,2026,9980485898,9980481011,40,30778
docs\inst_test\instancias\n_1000_9,300,15,10,20,0.3000,42,9980485898,9980481011,38,30778
docs\inst_test\instancias\n_1000_9,300,15,10,20,0.3000,123,9980485898,9980481011,38,30778
docs\inst_test\instancias\n_1000_9,300,15,10,20,0.3000,2026,9980485898,9980481011,37,30778
docs\inst_test\instancias\n_1000_9,300,15,15,5,0.1000,42,9980485898,9980481011,47,30778
docs\inst_test\instancias\n_1000_9,300,15,15,5,0.1000,123,9980485898,9980481011,46,30778
docs\inst_test\instancias\n_1000_9,300,15,15,5,0.1000,2026,9980485898,9980481011,47,30778
docs\inst_test\instancias\n_1000_9,300,15,15,5,0.2000,42,9980485898,9980481011,45,30778
docs\inst_test\instancias\n_1000_9,300,15,15,5,0.2000,123,9980485898,9980481011,45,30778
docs\inst_test\instancias\n_1000_9,300,15,15,5,0.2000,2026,9980485898,9980481011,45,30778
docs\inst_test\instancias\n_1000_9,300,15,15,5,0.3000,42,9980485898,9980481011,43,30778
docs\inst_test\instancias\n_1000_9,300,15,15,5,0.3000,123,9980485898,9980481011,44,30778
docs\inst_test\instancias\n_1000_9,300,15,15,5,0.3000,2026,9980485898,9980481011,43,30778
docs\inst_test\instancias\n_1000_9,300,15,15,10,0.1000,42,9980485898,9980481011,42,30778
docs\inst_test\instancias\n_1000_9,300,15,15,10,0.1000,123,9980485898,9980481011,42,30778
docs\inst_test\instancias\n_1000_9,300,15,15,10,0.1000,2026,9980485898,9980481011,42,30778
docs\inst_test\instancias\n_1000_9,300,15,15,10,0.2000,42,9980485898,9980481011,41,30778
docs\inst_test\instancias\n_1000_9,300,15,15,10,0.2000,123,9980485898,9980481011,41,30778
docs\inst_test\instancias\n_1000_9,300,15,15,10,0.2000,2026,9980485898,9980481011,41,30778
docs\inst_test\instancias\n_1000_9,300,15,15,10,0.3000,42,9980485898,9980481011,40,30778
docs\inst_test\instancias\n_1000_9,300,15,15,10,0.3000,123,9980485898,9980481011,39,30778
docs\inst_test\instancias\n_1000_9,300,15,15,10,0.3000,2026,9980485898,9980481011,39,30778
docs\inst_test\instancias\n_1000_9,300,15,15,20,0.1000,42,9980485898,9980481011,41,30778
docs\inst_test\instancias\n_1000_9,300,15,15,20,0.1000,123,9980485898,9980481011,41,30778
docs\inst_test\instancias\n_1000_9,300,15,15,20,0.1000,2026,9980485898,9980481011,40,30778
docs\inst_test\instancias\n_1000_9,300,15,15,20,0.2000,42,9980485898,9980481011,40,30778
docs\inst_test\instancias\n_1000_9,300,15,15,20,0.2000,123,9980485898,9980481011,38,30778
docs\inst_test\instancias\n_1000_9,300,15,15,20,0.2000,2026,9980485898,9980481011,41,30778
docs\inst_test\instancias\n_1000_9,300,15,15,20,0.3000,42,9980485898,9980481011,38,30778
docs\inst_test\instancias\n_1000_9,300,15,15,20,0.3000,123,9980485898,9980481011,39,30778
docs\inst_test\instancias\n_1000_9,300,15,15,20,0.3000,2026,9980485898,9980481011,37,30778
docs\inst_test\instancias\n_1000_9,300,20,7,5,0.1000,42,9980485898,9980481011,47,30778
docs\inst_test\instancias\n_1000_9,300,20,7,5,0.1000,123,9980485898,9980481011,46,30778
docs\inst_test\instancias\n_1000_9,300,20,7,5,0.1000,2026,9980485898,9980481011,46,30778
docs\inst_test\instancias\n_1000_9,300,20,7,5,0.2000,42,9980485898,9980481011,44,30778
docs\inst_test\instancias\n_1000_9,300,20,7,5,0.2000,123,9980485898,9980481011,45,30778
docs\inst_test\instancias\n_1000_9,300,20,7,5,0.2000,2026,9980485898,9980481011,44,30778
docs\inst_test\instancias\n_1000_9,300,20,7,5,0.3000,42,9980485898,9980481011,43,30778
docs\inst_test\instancias\n_1000_9,300,20,7,5,0.3000,123,9980485898,9980481011,43,30778
docs\inst_test\instancias\n_1000_9,300,20,7,5,0.3000,2026,9980485898,9980481011,44,30778
docs\inst_test\instancias\n_1000_9,300,20,7,10,0.1000,42,9980485898,9980481011,42,30778
docs\inst_test\instancias\n_1000_9,300,20,7,10,0.1000,123,9980485898,9980481011,42,30778
docs\inst_test\instancias\n_1000_9,300,20,7,10,0.1000,2026,9980485898,9980481011,42,30778
docs\inst_test\instancias\n_1000_9,300,20,7,10,0.2000,42,9980485898,9980481011,41,30778
docs\inst_test\instancias\n_1000_9,300,20,7,10,0.2000,123,9980485898,9980481011,41,30778
docs\inst_test\instancias\n_1000_9,300,20,7,10,0.2000,2026,9980485898,9980481011,41,30778
docs\inst_test\instancias\n_1000_9,300,20,7,10,0.3000,42,9980485898,9980481011,38,30778
docs\inst_test\instancias\n_1000_9,300,20,7,10,0.3000,123,9980485898,9980481011,40,30778
docs\inst_test\instancias\n_1000_9,300,20,7,10,0.3000,2026,9980485898,9980481011,40,30778
docs\inst_test\instancias\n_1000_9,300,20,7,20,0.1000,42,9980485898,9980481011,41,30778
docs\inst_test\instancias\n_1000_9,300,20,7,20,0.1000,123,9980485898,9980481011,41,30778
docs\inst_test\instancias\n_1000_9,300,20,7,20,0.1000,2026,9980485898,9980481011,40,30778
docs\inst_test\instancias\n_1000_9,300,20,7,20,0.2000,42,9980485898,9980481011,39,30778
docs\inst_test\instancias\n_1000_9,300,20,7,20,0.2000,123,9980485898,9980481011,38,30778
docs\inst_test\instancias\n_1000_9,300,20,7,20,0.2000,2026,9980485898,9980481011,39,30778
docs\inst_test\instancias\n_1000_9,300,20,7,20,0.3000,42,9980485898,9980481011,38,30778
docs\inst_test\instancias\n_1000_9,300,20,7,20,0.3000,123,9980485898,9980481011,38,30778
docs\inst_test\instancias\n_1000_9,300,20,7,20,0.3000,2026,9980485898,9980481011,38,30778
docs\inst_test\instancias\n_1000_9,300,20,10,5,0.1000,42,9980485898,9980481011,46,30778
docs\inst_test\instancias\n_1000_9,300,20,10,5,0.1000,123,9980485898,9980481011,45,30778
docs\inst_test\instancias\n_1000_9,300,20,10,5,0.1000,2026,9980485898,9980481011,47,30778
docs\inst_test\instancias\n_1000_9,300,20,10,5,0.2000,42,9980485898,9980481011,46,30778
docs\inst_test\instancias\n_1000_9,300,20,10,5,0.2000,123,9980485898,9980481011,46,30778
docs\inst_test\instancias\n_1000_9,300,20,10,5,0.2000,2026,9980485898,9980481011,44,30778
docs\inst_test\instancias\n_1000_9,300,20,10,5,0.3000,42,9980485898,9980481011,43,30778
docs\inst_test\instancias\n_1000_9,300,20,10,5,0.3000,123,9980485898,9980481011,43,30778
docs\inst_test\instancias\n_1000_9,300,20,10,5,0.3000,2026,9980485898,9980481011,46,30778
docs\inst_test\instancias\n_1000_9,300,20,10,10,0.1000,42,9980485898,9980481011,42,30778
docs\inst_test\instancias\n_1000_9,300,20,10,10,0.1000,123,9980485898,9980481011,42,30778
docs\inst_test\instancias\n_1000_9,300,20,10,10,0.1000,2026,9980485898,9980481011,41,30778
docs\inst_test\instancias\n_1000_9,300,20,10,10,0.2000,42,9980485898,9980481011,41,30778
docs\inst_test\instancias\n_1000_9,300,20,10,10,0.2000,123,9980485898,9980481011,41,30778
docs\inst_test\instancias\n_1000_9,300,20,10,10,0.2000,2026,9980485898,9980481011,41,30778
docs\inst_test\instancias\n_1000_9,300,20,10,10,0.3000,42,9980485898,9980481011,39,30778
docs\inst_test\instancias\n_1000_9,300,20,10,10,0.3000,123,9980485898,9980481011,41,30778
docs\inst_test\instancias\n_1000_9,300,20,10,10,0.3000,2026,9980485898,9980481011,39,30778
docs\inst_test\instancias\n_1000_9,300,20,10,20,0.1000,42,9980485898,9980481011,42,30778
docs\inst_test\instancias\n_1000_9,300,20,10,20,0.1000,123,9980485898,9980481011,42,30778
docs\inst_test\instancias\n_1000_9,300,20,10,20,0.1000,2026,9980485898,9980481011,40,30778
docs\inst_test\instancias\n_1000_9,300,20,10,20,0.2000,42,9980485898,9980481011,38,30778
docs\inst_test\instancias\n_1000_9,300,20,10,20,0.2000,123,9980485898,9980481011,40,30778
docs\inst_test\instancias\n_1000_9,300,20,10,20,0.2000,2026,9980485898,9980481011,39,30778
docs\inst_test\instancias\n_1000_9,300,20,10,20,0.3000,42,9980485898,9980481011,38,30778
docs\inst_test\instancias\n_1000_9,300,20,10,20,0.3000,123,9980485898,9980481011,40,30778
docs\inst_test\instancias\n_1000_9,300,20,10,20,0.3000,2026,9980485898,9980481011,38,30778
docs\inst_test\instancias\n_1000_9,300,20,15,5,0.1000,42,9980485898,9980481011,47,30778
docs\inst_test\instancias\n_1000_9,300,20,15,5,0.1000,123,9980485898,9980481011,46,30778
docs\inst_test\instancias\n_1000_9,300,20,15,5,0.1000,2026,9980485898,9980481011,46,30778
docs\inst_test\instancias\n_1000_9,300,20,15,5,0.2000,42,9980485898,9980481011,46,30778
docs\inst_test\instancias\n_1000_9,300,20,15,5,0.2000,123,9980485898,9980481011,46,30778
docs\inst_test\instancias\n_1000_9,300,20,15,5,0.2000,2026,9980485898,9980481011,45,30778
docs\inst_test\instancias\n_1000_9,300,20,15,5,0.3000,42,9980485898,9980481011,43,30778
docs\inst_test\instancias\n_1000_9,300,20,15,5,0.3000,123,9980485898,9980481011,44,30778
docs\inst_test\instancias\n_1000_9,300,20,15,5,0.3000,2026,9980485898,9980481011,45,30778
docs\inst_test\instancias\n_1000_9,300,20,15,10,0.1000,42,9980485898,9980481011,42,30778
docs\inst_test\instancias\n_1000_9,300,20,15,10,0.1000,123,9980485898,9980481011,41,30778
docs\inst_test\instancias\n_1000_9,300,20,15,10,0.1000,2026,9980485898,9980481011,42,30778
docs\inst_test\instancias\n_1000_9,300,20,15,10,0.2000,42,9980485898,9980481011,41,30778
docs\inst_test\instancias\n_1000_9,300,20,15,10,0.2000,123,9980485898,9980481011,42,30778
docs\inst_test\instancias\n_1000_9,300,20,15,10,0.2000,2026,9980485898,9980481011,40,30778
docs\inst_test\instancias\n_1000_9,300,20,15,10,0.3000,42,9980485898,9980481011,39,30778
docs\inst_test\instancias\n_1000_9,300,20,15,10,0.3000,123,9980485898,9980481011,40,30778
docs\inst_test\instancias\n_1000_9,300,20,15,10,0.3000,2026,9980485898,9980481011,40,30778
docs\inst_test\instancias\n_1000_9,300,20,15,20,0.1000,42,9980485898,9980481011,42,30778
docs\inst_test\instancias\n_1000_9,300,20,15,20,0.1000,123,9980485898,9980481011,41,30778
docs\inst_test\instancias\n_1000_9,300,20,15,20,0.1000,2026,9980485898,9980481011,40,30778
docs\inst_test\instancias\n_1000_9,300,20,15,20,0.2000,42,9980485898,9980481011,41,30778
docs\inst_test\instancias\n_1000_9,300,20,15,20,0.2000,123,9980485898,9980481011,39,30778
docs\inst_test\instancias\n_1000_9,300,20,15,20,0.2000,2026,9980485898,9980481011,40,30778
docs\inst_test\instancias\n_1000_9,300,20,15,20,0.3000,42,9980485898,9980481011,37,30778
docs\inst_test\instancias\n_1000_9,300,20,15,20,0.3000,123,9980485898,9980481011,37,30778
docs\inst_test\instancias\n_1000_9,300,20,15,20,0.3000,2026,9980485898,9980481011,38,30778
docs\inst_test\instancias\n_1000_9,500,10,7,5,0.1000,42,9980485898,9980481011,79,30778
docs\inst_test\instancias\n_1000_9,500,10,7,5,0.1000,123,9980485898,9980481011,80,30778
docs\inst_test\instancias\n_1000_9,500,10,7,5,0.1000,2026,9980485898,9980481011,79,30778
docs\inst_test\instancias\n_1000_9,500,10,7,5,0.2000,42,9980485898,9980481011,76,30778
docs\inst_test\instancias\n_1000_9,500,10,7,5,0.2000,123,9980485898,9980481011,76,30778
docs\inst_test\instancias\n_1000_9,500,10,7,5,0.2000,2026,9980485898,9980481011,77,30778
docs\inst_test\instancias\n_1000_9,500,10,7,5,0.3000,42,9980485898,9980481011,74,30778
docs\inst_test\instancias\n_1000_9,500,10,7,5,0.3000,123,9980485898,9980481011,72,30778
docs\inst_test\instancias\n_1000_9,500,10,7,5,0.3000,2026,9980485898,9980481011,75,30778
docs\inst_test\instancias\n_1000_9,500,10,7,10,0.1000,42,9980485898,9980481011,70,30778
docs\inst_test\instancias\n_1000_9,500,10,7,10,0.1000,123,9980485898,9980481011,72,30778
docs\inst_test\instancias\n_1000_9,500,10,7,10,0.1000,2026,9980485898,9980481011,73,30778
docs\inst_test\instancias\n_1000_9,500,10,7,10,0.2000,42,9980485898,9980481011,69,30778
docs\inst_test\instancias\n_1000_9,500,10,7,10,0.2000,123,9980485898,9980481011,71,30778
docs\inst_test\instancias\n_1000_9,500,10,7,10,0.2000,2026,9980485898,9980481011,71,30778
docs\inst_test\instancias\n_1000_9,500,10,7,10,0.3000,42,9980485898,9980481011,65,30778
docs\inst_test\instancias\n_1000_9,500,10,7,10,0.3000,123,9980485898,9980481011,67,30778
docs\inst_test\instancias\n_1000_9,500,10,7,10,0.3000,2026,9980485898,9980481011,66,30778
docs\inst_test\instancias\n_1000_9,500,10,7,20,0.1000,42,9980485898,9980481011,67,30778
docs\inst_test\instancias\n_1000_9,500,10,7,20,0.1000,123,9980485898,9980481011,68,30778
docs\inst_test\instancias\n_1000_9,500,10,7,20,0.1000,2026,9980485898,9980481011,68,30778
docs\inst_test\instancias\n_1000_9,500,10,7,20,0.2000,42,9980485898,9980481011,66,30778
docs\inst_test\instancias\n_1000_9,500,10,7,20,0.2000,123,9980485898,9980481011,66,30778
docs\inst_test\instancias\n_1000_9,500,10,7,20,0.2000,2026,9980485898,9980481011,65,30778
docs\inst_test\instancias\n_1000_9,500,10,7,20,0.3000,42,9980485898,9980481011,62,30778
docs\inst_test\instancias\n_1000_9,500,10,7,20,0.3000,123,9980485898,9980481011,65,30778
docs\inst_test\instancias\n_1000_9,500,10,7,20,0.3000,2026,9980485898,9980481011,63,30778
docs\inst_test\instancias\n_1000_9,500,10,10,5,0.1000,42,9980485898,9980481011,79,30778
docs\inst_test\instancias\n_1000_9,500,10,10,5,0.1000,123,9980485898,9980481011,80,30778
docs\inst_test\instancias\n_1000_9,500,10,10,5,0.1000,2026,9980485898,9980481011,79,30778
docs\inst_test\instancias\n_1000_9,500,10,10,5,0.2000,42,9980485898,9980481011,76,30778
docs\inst_test\instancias\n_1000_9,500,10,10,5,0.2000,123,9980485898,9980481011,77,30778
docs\inst_test\instancias\n_1000_9,500,10,10,5,0.2000,2026,9980485898,9980481011,77,30778
docs\inst_test\instancias\n_1000_9,500,10,10,5,0.3000,42,9980485898,9980481011,72,30778
docs\inst_test\instancias\n_1000_9,500,10,10,5,0.3000,123,9980485898,9980481011,73,30778
docs\inst_test\instancias\n_1000_9,500,10,10,5,0.3000,2026,9980485898,9980481011,75,30778
docs\inst_test\instancias\n_1000_9,500,10,10,10,0.1000,42,9980485898,9980481011,72,30778
docs\inst_test\instancias\n_1000_9,500,10,10,10,0.1000,123,9980485898,9980481011,71,30778
docs\inst_test\instancias\n_1000_9,500,10,10,10,0.1000,2026,9980485898,9980481011,71,30778
docs\inst_test\instancias\n_1000_9,500,10,10,10,0.2000,42,9980485898,9980481011,69,30778
docs\inst_test\instancias\n_1000_9,500,10,10,10,0.2000,123,9980485898,9980481011,69,30778
docs\inst_test\instancias\n_1000_9,500,10,10,10,0.2000,2026,9980485898,9980481011,69,30778
docs\inst_test\instancias\n_1000_9,500,10,10,10,0.3000,42,9980485898,9980481011,66,30778
docs\inst_test\instancias\n_1000_9,500,10,10,10,0.3000,123,9980485898,9980481011,66,30778
docs\inst_test\instancias\n_1000_9,500,10,10,10,0.3000,2026,9980485898,9980481011,67,30778
docs\inst_test\instancias\n_1000_9,500,10,10,20,0.1000,42,9980485898,9980481011,69,30778
docs\inst_test\instancias\n_1000_9,500,10,10,20,0.1000,123,9980485898,9980481011,67,30778
docs\inst_test\instancias\n_1000_9,500,10,10,20,0.1000,2026,9980485898,9980481011,67,30778
docs\inst_test\instancias\n_1000_9,500,10,10,20,0.2000,42,9980485898,9980481011,67,30778
docs\inst_test\instancias\n_1000_9,500,10,10,20,0.2000,123,9980485898,9980481011,67,30778
docs\inst_test\instancias\n_1000_9,500,10,10,20,0.2000,2026,9980485898,9980481011,66,30778
docs\inst_test\instancias\n_1000_9,500,10,10,20,0.3000,42,9980485898,9980481011,62,30778
docs\inst_test\instancias\n_1000_9,500,10,10,20,0.3000,123,9980485898,9980481011,63,30778
docs\inst_test\instancias\n_1000_9,500,10,10,20,0.3000,2026,9980485898,9980481011,65,30778
docs\inst_test\instancias\n_1000_9,500,10,15,5,0.1000,42,9980485898,9980481011,78,30778
docs\inst_test\instancias\n_1000_9,500,10,15,5,0.1000,123,9980485898,9980481011,79,30778
docs\inst_test\instancias\n_1000_9,500,10,15,5,0.1000,2026,9980485898,9980481011,79,30778
docs\inst_test\instancias\n_1000_9,500,10,15,5,0.2000,42,9980485898,9980481011,77,30778
docs\inst_test\instancias\n_1000_9,500,10,15,5,0.2000,123,9980485898,9980481011,76,30778
docs\inst_test\instancias\n_1000_9,500,10,15,5,0.2000,2026,9980485898,9980481011,76,30778
docs\inst_test\instancias\n_1000_9,500,10,15,5,0.3000,42,9980485898,9980481011,73,30778
docs\inst_test\instancias\n_1000_9,500,10,15,5,0.3000,123,9980485898,9980481011,73,30778
docs\inst_test\instancias\n_1000_9,500,10,15,5,0.3000,2026,9980485898,9980481011,76,30778
docs\inst_test\instancias\n_1000_9,500,10,15,10,0.1000,42,9980485898,9980481011,72,30778
docs\inst_test\instancias\n_1000_9,500,10,15,10,0.1000,123,9980485898,9980481011,71,30778
docs\inst_test\instancias\n_1000_9,500,10,15,10,0.1000,2026,9980485898,9980481011,72,30778
docs\inst_test\instancias\n_1000_9,500,10,15,10,0.2000,42,9980485898,9980481011,70,30778
docs\inst_test\instancias\n_1000_9,500,10,15,10,0.2000,123,9980485898,9980481011,69,30778
docs\inst_test\instancias\n_1000_9,500,10,15,10,0.2000,2026,9980485898,9980481011,69,30778
docs\inst_test\instancias\n_1000_9,500,10,15,10,0.3000,42,9980485898,9980481011,66,30778
docs\inst_test\instancias\n_1000_9,500,10,15,10,0.3000,123,9980485898,9980481011,65,30778
docs\inst_test\instancias\n_1000_9,500,10,15,10,0.3000,2026,9980485898,9980481011,67,30778
docs\inst_test\instancias\n_1000_9,500,10,15,20,0.1000,42,9980485898,9980481011,68,30778
docs\inst_test\instancias\n_1000_9,500,10,15,20,0.1000,123,9980485898,9980481011,69,30778
docs\inst_test\instancias\n_1000_9,500,10,15,20,0.1000,2026,9980485898,9980481011,67,30778
docs\inst_test\instancias\n_1000_9,500,10,15,20,0.2000,42,9980485898,9980481011,64,30778
docs\inst_test\instancias\n_1000_9,500,10,15,20,0.2000,123,9980485898,9980481011,67,30778
docs\inst_test\instancias\n_1000_9,500,10,15,20,0.2000,2026,9980485898,9980481011,66,30778
docs\inst_test\instancias\n_1000_9,500,10,15,20,0.3000,42,9980485898,9980481011,63,30778
docs\inst_test\instancias\n_1000_9,500,10,15,20,0.3000,123,9980485898,9980481011,63,30778
docs\inst_test\instancias\n_1000_9,500,10,15,20,0.3000,2026,9980485898,9980481011,64,30778
docs\inst_test\instancias\n_1000_9,500,15,7,5,0.1000,42,9980485898,9980481011,79,30778
docs\inst_test\instancias\n_1000_9,500,15,7,5,0.1000,123,9980485898,9980481011,78,30778
docs\inst_test\instancias\n_1000_9,500,15,7,5,0.1000,2026,9980485898,9980481011,80,30778
docs\inst_test\instancias\n_1000_9,500,15,7,5,0.2000,42,9980485898,9980481011,77,30778
docs\inst_test\instancias\n_1000_9,500,15,7,5,0.2000,123,9980485898,9980481011,77,30778
docs\inst_test\instancias\n_1000_9,500,15,7,5,0.2000,2026,9980485898,9980481011,76,30778
docs\inst_test\instancias\n_1000_9,500,15,7,5,0.3000,42,9980485898,9980481011,73,30778
docs\inst_test\instancias\n_1000_9,500,15,7,5,0.3000,123,9980485898,9980481011,72,30778
docs\inst_test\instancias\n_1000_9,500,15,7,5,0.3000,2026,9980485898,9980481011,75,30778
docs\inst_test\instancias\n_1000_9,500,15,7,10,0.1000,42,9980485898,9980481011,70,30778
docs\inst_test\instancias\n_1000_9,500,15,7,10,0.1000,123,9980485898,9980481011,72,30778
docs\inst_test\instancias\n_1000_9,500,15,7,10,0.1000,2026,9980485898,9980481011,71,30778
docs\inst_test\instancias\n_1000_9,500,15,7,10,0.2000,42,9980485898,9980481011,70,30778
docs\inst_test\instancias\n_1000_9,500,15,7,10,0.2000,123,9980485898,9980481011,68,30778
docs\inst_test\instancias\n_1000_9,500,15,7,10,0.2000,2026,9980485898,9980481011,69,30778
docs\inst_test\instancias\n_1000_9,500,15,7,10,0.3000,42,9980485898,9980481011,67,30778
docs\inst_test\instancias\n_1000_9,500,15,7,10,0.3000,123,9980485898,9980481011,66,30778
docs\inst_test\instancias\n_1000_9,500,15,7,10,0.3000,2026,9980485898,9980481011,66,30778
docs\inst_test\instancias\n_1000_9,500,15,7,20,0.1000,42,9980485898,9980481011,68,30778
docs\inst_test\instancias\n_1000_9,500,15,7,20,0.1000,123,9980485898,9980481011,69,30778
docs\inst_test\instancias\n_1000_9,500,15,7,20,0.1000,2026,9980485898,9980481011,67,30778
docs\inst_test\instancias\n_1000_9,500,15,7,20,0.2000,42,9980485898,9980481011,65,30778
docs\inst_test\instancias\n_1000_9,500,15,7,20,0.2000,123,9980485898,9980481011,66,30778
docs\inst_test\instancias\n_1000_9,500,15,7,20,0.2000,2026,9980485898,9980481011,65,30778
docs\inst_test\instancias\n_1000_9,500,15,7,20,0.3000,42,9980485898,9980481011,63,30778
docs\inst_test\instancias\n_1000_9,500,15,7,20,0.3000,123,9980485898,9980481011,63,30778
docs\inst_test\instancias\n_1000_9,500,15,7,20,0.3000,2026,9980485898,9980481011,63,30778
docs\inst_test\instancias\n_1000_9,500,15,10,5,0.1000,42,9980485898,9980481011,78,30778
docs\inst_test\instancias\n_1000_9,500,15,10,5,0.1000,123,9980485898,9980481011,79,30778
docs\inst_test\instancias\n_1000_9,500,15,10,5,0.1000,2026,9980485898,9980481011,79,30778
docs\inst_test\instancias\n_1000_9,500,15,10,5,0.2000,42,9980485898,9980481011,76,30778
docs\inst_test\instancias\n_1000_9,500,15,10,5,0.2000,123,9980485898,9980481011,77,30778
docs\inst_test\instancias\n_1000_9,500,15,10,5,0.2000,2026,9980485898,9980481011,76,30778
docs\inst_test\instancias\n_1000_9,500,15,10,5,0.3000,42,9980485898,9980481011,74,30778
docs\inst_test\instancias\n_1000_9,500,15,10,5,0.3000,123,9980485898,9980481011,75,30778
docs\inst_test\instancias\n_1000_9,500,15,10,5,0.3000,2026,9980485898,9980481011,74,30778
docs\inst_test\instancias\n_1000_9,500,15,10,10,0.1000,42,9980485898,9980481011,72,30778
docs\inst_test\instancias\n_1000_9,500,15,10,10,0.1000,123,9980485898,9980481011,72,30778
docs\inst_test\instancias\n_1000_9,500,15,10,10,0.1000,2026,9980485898,9980481011,70,30778
docs\inst_test\instancias\n_1000_9,500,15,10,10,0.2000,42,9980485898,9980481011,69,30778
docs\inst_test\instancias\n_1000_9,500,15,10,10,0.2000,123,9980485898,9980481011,70,30778
docs\inst_test\instancias\n_1000_9,500,15,10,10,0.2000,2026,9980485898,9980481011,69,30778
docs\inst_test\instancias\n_1000_9,500,15,10,10,0.3000,42,9980485898,9980481011,66,30778
docs\inst_test\instancias\n_1000_9,500,15,10,10,0.3000,123,9980485898,9980481011,65,30778
docs\inst_test\instancias\n_1000_9,500,15,10,10,0.3000,2026,9980485898,9980481011,68,30778
docs\inst_test\instancias\n_1000_9,500,15,10,20,0.1000,42,9980485898,9980481011,67,30778
docs\inst_test\instancias\n_1000_9,500,15,10,20,0.1000,123,9980485898,9980481011,68,30778
docs\inst_test\instancias\n_1000_9,500,15,10,20,0.1000,2026,9980485898,9980481011,67,30778
docs\inst_test\instancias\n_1000_9,500,15,10,20,0.2000,42,9980485898,9980481011,66,30778
docs\inst_test\instancias\n_1000_9,500,15,10,20,0.2000,123,9980485898,9980481011,64,30778
docs\inst_test\instancias\n_1000_9,500,15,10,20,0.2000,2026,9980485898,9980481011,66,30778
docs\inst_test\instancias\n_1000_9,500,15,10,20,0.3000,42,9980485898,9980481011,63,30778
docs\inst_test\instancias\n_1000_9,500,15,10,20,0.3000,123,9980485898,9980481011,64,30778
docs\inst_test\instancias\n_1000_9,500,15,10,20,0.3000,2026,9980485898,9980481011,63,30778
docs\inst_test\instancias\n_1000_9,500,15,15,5,0.1000,42,9980485898,9980481011,78,30778
docs\inst_test\instancias\n_1000_9,500,15,15,5,0.1000,123,9980485898,9980481011,79,30778
docs\inst_test\instancias\n_1000_9,500,15,15,5,0.1000,2026,9980485898,9980481011,80,30778
docs\inst_test\instancias\n_1000_9,500,15,15,5,0.2000,42,9980485898,9980481011,76,30778
docs\inst_test\instancias\n_1000_9,500,15,15,5,0.2000,123,9980485898,9980481011,76,30778
docs\inst_test\instancias\n_1000_9,500,15,15,5,0.2000,2026,9980485898,9980481011,77,30778
docs\inst_test\instancias\n_1000_9,500,15,15,5,0.3000,42,9980485898,9980481011,73,30778
docs\inst_test\instancias\n_1000_9,500,15,15,5,0.3000,123,9980485898,9980481011,74,30778
docs\inst_test\instancias\n_1000_9,500,15,15,5,0.3000,2026,9980485898,9980481011,74,30778
docs\inst_test\instancias\n_1000_9,500,15,15,10,0.1000,42,9980485898,9980481011,71,30778
docs\inst_test\instancias\n_1000_9,500,15,15,10,0.1000,123,9980485898,9980481011,71,30778
docs\inst_test\instancias\n_1000_9,500,15,15,10,0.1000,2026,9980485898,9980481011,71,30778
docs\inst_test\instancias\n_1000_9,500,15,15,10,0.2000,42,9980485898,9980481011,69,30778
docs\inst_test\instancias\n_1000_9,500,15,15,10,0.2000,123,9980485898,9980481011,69,30778
docs\inst_test\instancias\n_1000_9,500,15,15,10,0.2000,2026,9980485898,9980481011,70,30778
docs\inst_test\instancias\n_1000_9,500,15,15,10,0.3000,42,9980485898,9980481011,65,30778
docs\inst_test\instancias\n_1000_9,500,15,15,10,0.3000,123,9980485898,9980481011,66,30778
docs\inst_test\instancias\n_1000_9,500,15,15,10,0.3000,2026,9980485898,9980481011,67,30778
docs\inst_test\instancias\n_1000_9,500,15,15,20,0.1000,42,9980485898,9980481011,69,30778
docs\inst_test\instancias\n_1000_9,500,15,15,20,0.1000,123,9980485898,9980481011,68,30778
docs\inst_test\instancias\n_1000_9,500,15,15,20,0.1000,2026,9980485898,9980481011,68,30778
docs\inst_test\instancias\n_1000_9,500,15,15,20,0.2000,42,9980485898,9980481011,66,30778
docs\inst_test\instancias\n_1000_9,500,15,15,20,0.2000,123,9980485898,9980481011,67,30778
docs\inst_test\instancias\n_1000_9,500,15,15,20,0.2000,2026,9980485898,9980481011,65,30778
docs\inst_test\instancias\n_1000_9,500,15,15,20,0.3000,42,9980485898,9980481011,62,30778
docs\inst_test\instancias\n_1000_9,500,15,15,20,0.3000,123,9980485898,9980481011,64,30778
docs\inst_test\instancias\n_1000_9,500,15,15,20,0.3000,2026,9980485898,9980481011,63,30778
docs\inst_test\instancias\n_1000_9,500,20,7,5,0.1000,42,9980485898,9980481011,79,30778
docs\inst_test\instancias\n_1000_9,500,20,7,5,0.1000,123,9980485898,9980481011,77,30778
docs\inst_test\instancias\n_1000_9,500,20,7,5,0.1000,2026,9980485898,9980481011,79,30778
docs\inst_test\instancias\n_1000_9,500,20,7,5,0.2000,42,9980485898,9980481011,75,30778
docs\inst_test\instancias\n_1000_9,500,20,7,5,0.2000,123,9980485898,9980481011,77,30778
docs\inst_test\instancias\n_1000_9,500,20,7,5,0.2000,2026,9980485898,9980481011,77,30778
docs\inst_test\instancias\n_1000_9,500,20,7,5,0.3000,42,9980485898,9980481011,73,30778
docs\inst_test\instancias\n_1000_9,500,20,7,5,0.3000,123,9980485898,9980481011,74,30778
docs\inst_test\instancias\n_1000_9,500,20,7,5,0.3000,2026,9980485898,9980481011,75,30778
docs\inst_test\instancias\n_1000_9,500,20,7,10,0.1000,42,9980485898,9980481011,71,30778
docs\inst_test\instancias\n_1000_9,500,20,7,10,0.1000,123,9980485898,9980481011,72,30778
docs\inst_test\instancias\n_1000_9,500,20,7,10,0.1000,2026,9980485898,9980481011,71,30778
docs\inst_test\instancias\n_1000_9,500,20,7,10,0.2000,42,9980485898,9980481011,70,30778
docs\inst_test\instancias\n_1000_9,500,20,7,10,0.2000,123,9980485898,9980481011,70,30778
docs\inst_test\instancias\n_1000_9,500,20,7,10,0.2000,2026,9980485898,9980481011,70,30778
docs\inst_test\instancias\n_1000_9,500,20,7,10,0.3000,42,9980485898,9980481011,66,30778
docs\inst_test\instancias\n_1000_9,500,20,7,10,0.3000,123,9980485898,9980481011,66,30778
docs\inst_test\instancias\n_1000_9,500,20,7,10,0.3000,2026,9980485898,9980481011,68,30778
docs\inst_test\instancias\n_1000_9,500,20,7,20,0.1000,42,9980485898,9980481011,68,30778
docs\inst_test\instancias\n_1000_9,500,20,7,20,0.1000,123,9980485898,9980481011,68,30778
docs\inst_test\instancias\n_1000_9,500,20,7,20,0.1000,2026,9980485898,9980481011,69,30778
docs\inst_test\instancias\n_1000_9,500,20,7,20,0.2000,42,9980485898,9980481011,65,30778
docs\inst_test\instancias\n_1000_9,500,20,7,20,0.2000,123,9980485898,9980481011,65,30778
docs\inst_test\instancias\n_1000_9,500,20,7,20,0.2000,2026,9980485898,9980481011,67,30778
docs\inst_test\instancias\n_1000_9,500,20,7,20,0.3000,42,9980485898,9980481011,62,30778
docs\inst_test\instancias\n_1000_9,500,20,7,20,0.3000,123,9980485898,9980481011,64,30778
docs\inst_test\instancias\n_1000_9,500,20,7,20,0.3000,2026,9980485898,9980481011,63,30778
docs\inst_test\instancias\n_1000_9,500,20,10,5,0.1000,42,9980485898,9980481011,79,30778
docs\inst_test\instancias\n_1000_9,500,20,10,5,0.1000,123,9980485898,9980481011,79,30778
docs\inst_test\instancias\n_1000_9,500,20,10,5,0.1000,2026,9980485898,9980481011,78,30778
docs\inst_test\instancias\n_1000_9,500,20,10,5,0.2000,42,9980485898,9980481011,77,30778
docs\inst_test\instancias\n_1000_9,500,20,10,5,0.2000,123,9980485898,9980481011,76,30778
docs\inst_test\instancias\n_1000_9,500,20,10,5,0.2000,2026,9980485898,9980481011,78,30778
docs\inst_test\instancias\n_1000_9,500,20,10,5,0.3000,42,9980485898,9980481011,74,30778
docs\inst_test\instancias\n_1000_9,500,20,10,5,0.3000,123,9980485898,9980481011,74,30778
docs\inst_test\instancias\n_1000_9,500,20,10,5,0.3000,2026,9980485898,9980481011,74,30778
docs\inst_test\instancias\n_1000_9,500,20,10,10,0.1000,42,9980485898,9980481011,71,30778
docs\inst_test\instancias\n_1000_9,500,20,10,10,0.1000,123,9980485898,9980481011,72,30778
docs\inst_test\instancias\n_1000_9,500,20,10,10,0.1000,2026,9980485898,9980481011,70,30778
docs\inst_test\instancias\n_1000_9,500,20,10,10,0.2000,42,9980485898,9980481011,70,30778
docs\inst_test\instancias\n_1000_9,500,20,10,10,0.2000,123,9980485898,9980481011,69,30778
docs\inst_test\instancias\n_1000_9,500,20,10,10,0.2000,2026,9980485898,9980481011,68,30778
docs\inst_test\instancias\n_1000_9,500,20,10,10,0.3000,42,9980485898,9980481011,65,30778
docs\inst_test\instancias\n_1000_9,500,20,10,10,0.3000,123,9980485898,9980481011,68,30778
docs\inst_test\instancias\n_1000_9,500,20,10,10,0.3000,2026,9980485898,9980481011,66,30778
docs\inst_test\instancias\n_1000_9,500,20,10,20,0.1000,42,9980485898,9980481011,68,30778
docs\inst_test\instancias\n_1000_9,500,20,10,20,0.1000,123,9980485898,9980481011,68,30778
docs\inst_test\instancias\n_1000_9,500,20,10,20,0.1000,2026,9980485898,9980481011,70,30778
docs\inst_test\instancias\n_1000_9,500,20,10,20,0.2000,42,9980485898,9980481011,66,30778
docs\inst_test\instancias\n_1000_9,500,20,10,20,0.2000,123,9980485898,9980481011,66,30778
docs\inst_test\instancias\n_1000_9,500,20,10,20,0.2000,2026,9980485898,9980481011,65,30778
docs\inst_test\instancias\n_1000_9,500,20,10,20,0.3000,42,9980485898,9980481011,64,30778
docs\inst_test\instancias\n_1000_9,500,20,10,20,0.3000,123,9980485898,9980481011,63,30778
docs\inst_test\instancias\n_1000_9,500,20,10,20,0.3000,2026,9980485898,9980481011,63,30778
docs\inst_test\instancias\n_1000_9,500,20,15,5,0.1000,42,9980485898,9980481011,77,30778
docs\inst_test\instancias\n_1000_9,500,20,15,5,0.1000,123,9980485898,9980481011,80,30778
docs\inst_test\instancias\n_1000_9,500,20,15,5,0.1000,2026,9980485898,9980481011,79,30778
docs\inst_test\instancias\n_1000_9,500,20,15,5,0.2000,42,9980485898,9980481011,79,30778
docs\inst_test\instancias\n_1000_9,500,20,15,5,0.2000,123,9980485898,9980481011,76,30778
docs\inst_test\instancias\n_1000_9,500,20,15,5,0.2000,2026,9980485898,9980481011,75,30778
docs\inst_test\instancias\n_1000_9,500,20,15,5,0.3000,42,9980485898,9980481011,75,30778
docs\inst_test\instancias\n_1000_9,500,20,15,5,0.3000,123,9980485898,9980481011,74,30778
docs\inst_test\instancias\n_1000_9,500,20,15,5,0.3000,2026,9980485898,9980481011,73,30778
docs\inst_test\instancias\n_1000_9,500,20,15,10,0.1000,42,9980485898,9980481011,71,30778
docs\inst_test\instancias\n_1000_9,500,20,15,10,0.1000,123,9980485898,9980481011,71,30778
docs\inst_test\instancias\n_1000_9,500,20,15,10,0.1000,2026,9980485898,9980481011,71,30778
docs\inst_test\instancias\n_1000_9,500,20,15,10,0.2000,42,9980485898,9980481011,68,30778
docs\inst_test\instancias\n_1000_9,500,20,15,10,0.2000,123,9980485898,9980481011,68,30778
docs\inst_test\instancias\n_1000_9,500,20,15,10,0.2000,2026,9980485898,9980481011,69,30778
docs\inst_test\instancias\n_1000_9,500,20,15,10,0.3000,42,9980485898,9980481011,66,30778
docs\inst_test\instancias\n_1000_9,500,20,15,10,0.3000,123,9980485898,9980481011,68,30778
docs\inst_test\instancias\n_1000_9,500,20,15,10,0.3000,2026,9980485898,9980481011,66,30778
docs\inst_test\instancias\n_1000_9,500,20,15,20,0.1000,42,9980485898,9980481011,68,30778
docs\inst_test\instancias\n_1000_9,500,20,15,20,0.1000,123,9980485898,9980481011,68,30778
docs\inst_test\instancias\n_1000_9,500,20,15,20,0.1000,2026,9980485898,9980481011,67,30778
docs\inst_test\instancias\n_1000_9,500,20,15,20,0.2000,42,9980485898,9980481011,65,30778
docs\inst_test\instancias\n_1000_9,500,20,15,20,0.2000,123,9980485898,9980481011,65,30778
docs\inst_test\instancias\n_1000_9,500,20,15,20,0.2000,2026,9980485898,9980481011,66,30778
docs\inst_test\instancias\n_1000_9,500,20,15,20,0.3000,42,9980485898,9980481011,62,30778
docs\inst_test\instancias\n_1000_9,500,20,15,20,0.3000,123,9980485898,9980481011,63,30778
docs\inst_test\instancias\n_1000_9,500,20,15,20,0.3000,2026,9980485898,9980481011,62,30778
