instance,iterations,tenure_flip,tenure_swap,stall,diversify,seed,best_value,total_weight,elapsed_ms,grid_wallclock_ms
docs\inst_test\instancias\n_1000_1,100,10,10,5,0.2000,123,9998357185,9998353074,269,2048
docs\inst_test\instancias\n_1000_1,100,10,7,20,0.3000,2026,9998357180,9998353192,271,2048
docs\inst_test\instancias\n_1000_1,100,10,7,5,0.2000,2026,9999357279,9999353123,274,2048
docs\inst_test\instancias\n_1000_1,100,10,7,20,0.2000,123,9996827320,9996822747,271,2048
docs\inst_test\instancias\n_1000_1,100,10,10,5,0.1000,42,9999297471,9999292890,276,2048
docs\inst_test\instancias\n_1000_1,100,10,7,5,0.3000,42,9995356303,9995352910,280,2048
docs\inst_test\instancias\n_1000_1,100,10,7,5,0.1000,2026,9995297202,9995292594,280,2048
docs\inst_test\instancias\n_1000_1,100,10,7,10,0.3000,2026,9998357180,9998353192,279,2048
docs\inst_test\instancias\n_1000_1,100,10,7,20,0.2000,2026,9997827318,9997822780,279,2048
docs\inst_test\instancias\n_1000_1,100,10,7,20,0.3000,42,9988826429,9988822479,282,2048
docs\inst_test\instancias\n_1000_1,100,10,7,5,0.2000,123,9998357185,9998353074,284,2048
docs\inst_test\instancias\n_1000_1,100,10,10,5,0.2000,42,9998827387,9998822899,282,2048
docs\inst_test\instancias\n_1000_1,100,10,7,20,0.3000,123,9989826827,9989822538,284,2048
docs\inst_test\instancias\n_1000_1,100,10,10,5,0.1000,123,9998827353,9998822863,284,2048
docs\inst_test\instancias\n_1000_1,100,10,7,5,0.1000,42,9999297471,9999292890,288,2048
docs\inst_test\instancias\n_1000_1,100,10,7,10,0.1000,123,9998827353,9998822863,289,2048
docs\inst_test\instancias\n_1000_1,100,10,7,20,0.2000,42,9994297151,9994292470,289,2048
docs\inst_test\instancias\n_1000_1,100,10,7,10,0.3000,123,9989826827,9989822538,301,2048
docs\inst_test\instancias\n_1000_1,100,10,7,5,0.1000,123,9998827353,9998822863,310,2048
docs\inst_test\instancias\n_1000_1,100,10,7,10,0.2000,2026,9999357176,9999353151,309,2048
docs\inst_test\instancias\n_1000_1,100,10,7,5,0.3000,2026,9999886724,9999883437,330,2048
docs\inst_test\instancias\n_1000_1,100,10,7,20,0.1000,123,9998826909,9998822989,342,2048
docs\inst_test\instancias\n_1000_1,100,10,7,20,0.1000,42,9998297184,9998292639,344,2048
docs\inst_test\instancias\n_1000_1,100,10,7,10,0.3000,42,9988826644,9988822288,345,2048
docs\inst_test\instancias\n_1000_1,100,10,7,10,0.2000,123,9998357073,9998353031,346,2048
docs\inst_test\instancias\n_1000_1,100,10,7,5,0.3000,123,9997886652,9997883428,348,2048
docs\inst_test\instancias\n_1000_1,100,10,7,20,0.1000,2026,9995297202,9995292594,347,2048
docs\inst_test\instancias\n_1000_1,100,10,7,10,0.1000,42,9999297271,9999292847,349,2048
docs\inst_test\instancias\n_1000_1,100,10,7,10,0.1000,2026,9995297202,9995292594,349,2048
docs\inst_test\instancias\n_1000_1,100,10,7,10,0.2000,42,9998827374,9998822833,348,2048
docs\inst_test\instancias\n_1000_1,100,10,7,5,0.2000,42,9998827387,9998822899,351,2048
docs\inst_test\instancias\n_1000_1,100,10,10,5,0.1000,2026,9995297202,9995292594,351,2048
docs\inst_test\instancias\n_1000_1,100,10,10,5,0.3000,2026,9999886724,9999883437,81,2048
docs\inst_test\instancias\n_1000_1,100,10,10,5,0.2000,2026,9999357279,9999353123,81,2048
docs\inst_test\instancias\n_1000_1,100,10,10,10,0.1000,2026,9995297202,9995292594,83,2048
docs\inst_test\instancias\n_1000_1,100,10,10,10,0.1000,123,9998827353,9998822863,83,2048
docs\inst_test\instancias\n_1000_1,100,10,10,5,0.3000,123,9997886652,9997883428,87,2048
docs\inst_test\instancias\n_1000_1,100,10,10,10,0.2000,2026,9999357176,9999353151,83,2048
docs\inst_test\instancias\n_1000_1,100,10,10,10,0.3000,123,9989826827,9989822538,81,2048
docs\inst_test\instancias\n_1000_1,100,10,10,10,0.1000,42,9999297271,9999292847,89,2048
docs\inst_test\instancias\n_1000_1,100,10,10,10,0.2000,123,9998357073,9998353031,91,2048
docs\inst_test\instancias\n_1000_1,100,10,10,20,0.1000,42,9998297184,9998292639,85,2048
docs\inst_test\instancias\n_1000_1,100,10,10,5,0.3000,42,9995356303,9995352910,97,2048
docs\inst_test\instancias\n_1000_1,100,10,10,20,0.2000,2026,9997827318,9997822780,63,2048
docs\inst_test\instancias\n_1000_1,100,10,10,10,0.3000,2026,9998357180,9998353192,86,2048
docs\inst_test\instancias\n_1000_1,100,10,15,5,0.2000,123,9998357185,9998353074,25,2048
docs\inst_test\instancias\n_1000_1,100,10,10,10,0.3000,42,9988826644,9988822288,89,2048
docs\inst_test\instancias\n_1000_1,100,10,10,10,0.2000,42,9998827374,9998822833,99,2048
docs\inst_test\instancias\n_1000_1,100,10,10,20,0.3000,2026,9998357180,9998353192,41,2048
docs\inst_test\instancias\n_1000_1,100,10,15,10,0.1000,123,9998827353,9998822863,26,2048
docs\inst_test\instancias\n_1000_1,100,10,10,20,0.2000,42,9994297151,9994292470,93,2048
docs\inst_test\instancias\n_1000_1,100,10,10,20,0.2000,123,9996827320,9996822747,85,2048
docs\inst_test\instancias\n_1000_1,100,10,15,10,0.1000,2026,9995297202,9995292594,30,2048
docs\inst_test\instancias\n_1000_1,100,10,10,20,0.3000,42,9988826429,9988822479,78,2048
docs\inst_test\instancias\n_1000_1,100,10,10,20,0.1000,123,9998826909,9998822989,100,2048
docs\inst_test\instancias\n_1000_1,100,10,10,20,0.3000,123,9989826827,9989822538,59,2048
docs\inst_test\instancias\n_1000_1,100,10,10,20,0.1000,2026,9995297202,9995292594,99,2048
docs\inst_test\instancias\n_1000_1,100,10,15,5,0.1000,123,9998827353,9998822863,45,2048
docs\inst_test\instancias\n_1000_1,100,10,15,5,0.1000,42,9999297471,9999292890,47,2048
docs\inst_test\instancias\n_1000_1,100,10,15,5,0.2000,2026,9999357279,9999353123,44,2048
docs\inst_test\instancias\n_1000_1,100,10,15,5,0.2000,42,9998827387,9998822899,45,2048
docs\inst_test\instancias\n_1000_1,100,10,15,10,0.2000,42,9998827374,9998822833,30,2048
docs\inst_test\instancias\n_1000_1,100,10,15,10,0.3000,2026,9998357180,9998353192,25,2048
docs\inst_test\instancias\n_1000_1,100,10,15,5,0.3000,2026,9999886724,9999883437,44,2048
docs\inst_test\instancias\n_1000_1,100,10,15,5,0.3000,123,9997886652,9997883428,46,2048
docs\inst_test\instancias\n_1000_1,100,10,15,5,0.3000,42,9995356303,9995352910,47,2048
docs\inst_test\instancias\n_1000_1,100,10,15,5,0.1000,2026,9995297202,9995292594,49,2048
docs\inst_test\instancias\n_1000_1,100,10,15,10,0.3000,42,9988826644,9988822288,30,2048
docs\inst_test\instancias\n_1000_1,100,10,15,10,0.1000,42,9999297271,9999292847,44,2048
docs\inst_test\instancias\n_1000_1,100,10,15,10,0.3000,123,9989826827,9989822538,31,2048
docs\inst_test\instancias\n_1000_1,100,10,15,10,0.2000,123,9998357073,9998353031,38,2048
docs\inst_test\instancias\n_1000_1,100,10,15,10,0.2000,2026,9999357176,9999353151,39,2048
docs\inst_test\instancias\n_1000_1,100,10,15,20,0.2000,2026,9997827318,9997822780,29,2048
docs\inst_test\instancias\n_1000_1,100,10,15,20,0.3000,42,9988826429,9988822479,32,2048
docs\inst_test\instancias\n_1000_1,100,10,15,20,0.3000,123,9989826827,9989822538,30,2048
docs\inst_test\instancias\n_1000_1,100,10,15,20,0.1000,123,9998826909,9998822989,41,2048
docs\inst_test\instancias\n_1000_1,100,10,15,20,0.2000,123,9996827320,9996822747,41,2048
docs\inst_test\instancias\n_1000_1,100,15,7,5,0.2000,2026,9999357279,9999353123,26,2048
docs\inst_test\instancias\n_1000_1,100,10,15,20,0.1000,42,9998297184,9998292639,42,2048
docs\inst_test\instancias\n_1000_1,100,15,7,5,0.2000,42,9998827387,9998822899,29,2048
docs\inst_test\instancias\n_1000_1,100,15,7,10,0.2000,42,9998827374,9998822833,28,2048
docs\inst_test\instancias\n_1000_1,100,10,15,20,0.2000,42,9994297151,9994292470,48,2048
docs\inst_test\instancias\n_1000_1,100,15,7,10,0.2000,123,9998357073,9998353031,30,2048
docs\inst_test\instancias\n_1000_1,100,10,15,20,0.1000,2026,9995297202,9995292594,50,2048
docs\inst_test\instancias\n_1000_1,100,15,7,5,0.1000,42,9999297471,9999292890,39,2048
docs\inst_test\instancias\n_1000_1,100,10,15,20,0.3000,2026,9998357180,9998353192,41,2048
docs\inst_test\instancias\n_1000_1,100,15,7,5,0.2000,123,9998357185,9998353074,42,2048
docs\inst_test\instancias\n_1000_1,100,15,7,5,0.1000,123,9998827353,9998822863,46,2048
docs\inst_test\instancias\n_1000_1,100,15,7,5,0.3000,2026,9999886724,9999883437,41,2048
docs\inst_test\instancias\n_1000_1,100,15,7,5,0.3000,42,9995356303,9995352910,44,2048
docs\inst_test\instancias\n_1000_1,100,15,7,5,0.3000,123,9997886652,9997883428,44,2048
docs\inst_test\instancias\n_1000_1,100,15,7,20,0.2000,42,9994297151,9994292470,32,2048
docs\inst_test\instancias\n_1000_1,100,15,7,20,0.3000,42,9988826429,9988822479,29,2048
docs\inst_test\instancias\n_1000_1,100,15,7,10,0.3000,2026,9998357180,9998353192,41,2048
docs\inst_test\instancias\n_1000_1,100,15,7,20,0.1000,42,9998297184,9998292639,40,2048
docs\inst_test\instancias\n_1000_1,100,15,7,5,0.1000,2026,9995297202,9995292594,51,2048
docs\inst_test\instancias\n_1000_1,100,15,7,10,0.1000,42,9999297271,9999292847,46,2048
docs\inst_test\instancias\n_1000_1,100,15,7,20,0.1000,2026,9995297202,9995292594,40,2048
docs\inst_test\instancias\n_1000_1,100,15,7,20,0.1000,123,9998826909,9998822989,42,2048
docs\inst_test\instancias\n_1000_1,100,15,7,10,0.1000,2026,9995297202,9995292594,47,2048
docs\inst_test\instancias\n_1000_1,100,15,7,20,0.2000,2026,9997827318,9997822780,38,2048
docs\inst_test\instancias\n_1000_1,100,15,7,10,0.2000,2026,9999357176,9999353151,46,2048
docs\inst_test\instancias\n_1000_1,100,15,7,20,0.2000,123,9996827320,9996822747,41,2048
docs\inst_test\instancias\n_1000_1,100,15,10,5,0.2000,42,9998827387,9998822899,29,2048
docs\inst_test\instancias\n_1000_1,100,15,7,20,0.3000,2026,9998357180,9998353192,31,2048
docs\inst_test\instancias\n_1000_1,100,15,7,20,0.3000,123,9989826827,9989822538,36,2048
docs\inst_test\instancias\n_1000_1,100,15,10,5,0.2000,123,9998357185,9998353074,26,2048
docs\inst_test\instancias\n_1000_1,100,15,7,10,0.3000,123,9989826827,9989822538,54,2048
docs\inst_test\instancias\n_1000_1,100,15,10,5,0.3000,42,9995356303,9995352910,28,2048
docs\inst_test\instancias\n_1000_1,100,15,7,10,0.3000,42,9988826644,9988822288,56,2048
docs\inst_test\instancias\n_1000_1,100,15,10,5,0.2000,2026,9999357279,9999353123,30,2048
docs\inst_test\instancias\n_1000_1,100,15,7,10,0.1000,123,9998827353,9998822863,64,2048
docs\inst_test\instancias\n_1000_1,100,15,10,10,0.3000,42,9988826644,9988822288,28,2048
docs\inst_test\instancias\n_1000_1,100,15,10,5,0.3000,123,9997886652,9997883428,40,2048
docs\inst_test\instancias\n_1000_1,100,15,10,5,0.3000,2026,9999886724,9999883437,41,2048
docs\inst_test\instancias\n_1000_1,100,15,10,10,0.3000,123,9989826827,9989822538,30,2048
docs\inst_test\instancias\n_1000_1,100,15,10,20,0.3000,42,9988826429,9988822479,27,2048
docs\inst_test\instancias\n_1000_1,100,15,10,5,0.1000,2026,9995297202,9995292594,54,2048
docs\inst_test\instancias\n_1000_1,100,15,10,10,0.1000,42,9999297271,9999292847,47,2048
docs\inst_test\instancias\n_1000_1,100,15,15,5,0.1000,123,9998827353,9998822863,28,2048
docs\inst_test\instancias\n_1000_1,100,15,15,5,0.1000,42,9999297471,9999292890,28,2048
docs\inst_test\instancias\n_1000_1,100,15,15,5,0.2000,42,9998827387,9998822899,28,2048
docs\inst_test\instancias\n_1000_1,100,15,10,10,0.2000,42,9998827374,9998822833,43,2048
docs\inst_test\instancias\n_1000_1,100,15,10,5,0.1000,42,9999297471,9999292890,61,2048
docs\inst_test\instancias\n_1000_1,100,15,10,20,0.1000,42,9998297184,9998292639,39,2048
docs\inst_test\instancias\n_1000_1,100,15,15,5,0.2000,2026,9999357279,9999353123,26,2048
docs\inst_test\instancias\n_1000_1,100,15,10,10,0.2000,123,9998357073,9998353031,45,2048
docs\inst_test\instancias\n_1000_1,100,15,10,10,0.1000,123,9998827353,9998822863,48,2048
docs\inst_test\instancias\n_1000_1,100,15,10,5,0.1000,123,9998827353,9998822863,64,2048
docs\inst_test\instancias\n_1000_1,100,15,10,10,0.3000,2026,9998357180,9998353192,43,2048
docs\inst_test\instancias\n_1000_1,100,15,10,10,0.1000,2026,9995297202,9995292594,52,2048
docs\inst_test\instancias\n_1000_1,100,15,10,20,0.2000,123,9996827320,9996822747,42,2048
docs\inst_test\instancias\n_1000_1,100,15,10,20,0.1000,123,9998826909,9998822989,45,2048
docs\inst_test\instancias\n_1000_1,100,15,10,20,0.1000,2026,9995297202,9995292594,45,2048
docs\inst_test\instancias\n_1000_1,100,15,10,10,0.2000,2026,9999357176,9999353151,53,2048
docs\inst_test\instancias\n_1000_1,100,15,15,10,0.1000,42,9999297271,9999292847,28,2048
docs\inst_test\instancias\n_1000_1,100,15,15,5,0.2000,123,9998357185,9998353074,41,2048
docs\inst_test\instancias\n_1000_1,100,15,10,20,0.2000,42,9994297151,9994292470,52,2048
docs\inst_test\instancias\n_1000_1,100,15,15,5,0.1000,2026,9995297202,9995292594,48,2048
docs\inst_test\instancias\n_1000_1,100,15,15,10,0.2000,42,9998827374,9998822833,28,2048
docs\inst_test\instancias\n_1000_1,100,15,15,10,0.2000,123,9998357073,9998353031,29,2048
docs\inst_test\instancias\n_1000_1,100,15,10,20,0.3000,123,9989826827,9989822538,57,2048
docs\inst_test\instancias\n_1000_1,100,15,10,20,0.3000,2026,9998357180,9998353192,56,2048
docs\inst_test\instancias\n_1000_1,100,15,15,10,0.3000,2026,9998357180,9998353192,26,2048
docs\inst_test\instancias\n_1000_1,100,15,15,10,0.3000,123,9989826827,9989822538,27,2048
docs\inst_test\instancias\n_1000_1,100,15,15,20,0.2000,123,9996827320,9996822747,27,2048
docs\inst_test\instancias\n_1000_1,100,15,15,20,0.1000,42,9998297184,9998292639,29,2048
docs\inst_test\instancias\n_1000_1,100,15,15,10,0.1000,123,9998827353,9998822863,42,2048
docs\inst_test\instancias\n_1000_1,100,15,15,5,0.3000,2026,9999886724,9999883437,49,2048
docs\inst_test\instancias\n_1000_1,100,15,10,20,0.2000,2026,9997827318,9997822780,66,2048
docs\inst_test\instancias\n_1000_1,100,15,15,10,0.2000,2026,9999357176,9999353151,40,2048
docs\inst_test\instancias\n_1000_1,100,15,15,5,0.3000,42,9995356303,9995352910,59,2048
docs\inst_test\instancias\n_1000_1,100,15,15,10,0.1000,2026,9995297202,9995292594,46,2048
docs\inst_test\instancias\n_1000_1,100,15,15,5,0.3000,123,9997886652,9997883428,59,2048
docs\inst_test\instancias\n_1000_1,100,20,7,5,0.2000,2026,9999357279,9999353123,27,2048
docs\inst_test\instancias\n_1000_1,100,15,15,10,0.3000,42,9988826644,9988822288,44,2048
docs\inst_test\instancias\n_1000_1,100,15,15,20,0.1000,2026,9995297202,9995292594,42,2048
docs\inst_test\instancias\n_1000_1,100,15,15,20,0.1000,123,9998826909,9998822989,44,2048
docs\inst_test\instancias\n_1000_1,100,15,15,20,0.3000,123,9989826827,9989822538,43,2048
docs\inst_test\instancias\n_1000_1,100,15,15,20,0.3000,42,9988826429,9988822479,45,2048
docs\inst_test\instancias\n_1000_1,100,15,15,20,0.2000,42,9994297151,9994292470,47,2048
docs\inst_test\instancias\n_1000_1,100,20,7,10,0.1000,42,9999297271,9999292847,31,2048
docs\inst_test\instancias\n_1000_1,100,20,7,10,0.2000,123,9998357073,9998353031,25,2048
docs\inst_test\instancias\n_1000_1,100,20,7,10,0.2000,2026,9999357176,9999353151,25,2048
docs\inst_test\instancias\n_1000_1,100,20,7,5,0.3000,42,9995356303,9995352910,34,2048
docs\inst_test\instancias\n_1000_1,100,20,7,5,0.1000,42,9999297471,9999292890,45,2048
docs\inst_test\instancias\n_1000_1,100,15,15,20,0.2000,2026,9997827318,9997822780,49,2048
docs\inst_test\instancias\n_1000_1,100,20,7,5,0.3000,123,9997886652,9997883428,36,2048
docs\inst_test\instancias\n_1000_1,100,20,7,10,0.3000,42,9988826644,9988822288,25,2048
docs\inst_test\instancias\n_1000_1,100,20,7,5,0.1000,2026,9995297202,9995292594,46,2048
docs\inst_test\instancias\n_1000_1,100,20,7,5,0.1000,123,9998827353,9998822863,47,2048
docs\inst_test\instancias\n_1000_1,100,15,15,20,0.3000,2026,9998357180,9998353192,49,2048
docs\inst_test\instancias\n_1000_1,100,20,7,10,0.1000,123,9998827353,9998822863,32,2048
docs\inst_test\instancias\n_1000_1,100,20,7,10,0.3000,123,9989826827,9989822538,26,2048
docs\inst_test\instancias\n_1000_1,100,20,7,5,0.2000,42,9998827387,9998822899,48,2048
docs\inst_test\instancias\n_1000_1,100,20,7,10,0.2000,42,9998827374,9998822833,34,2048
docs\inst_test\instancias\n_1000_1,100,20,7,5,0.2000,123,9998357185,9998353074,49,2048
docs\inst_test\instancias\n_1000_1,100,20,7,5,0.3000,2026,9999886724,9999883437,42,2048
docs\inst_test\instancias\n_1000_1,100,20,7,20,0.1000,2026,9995297202,9995292594,27,2048
docs\inst_test\instancias\n_1000_1,100,20,7,20,0.2000,123,9996827320,9996822747,27,2048
docs\inst_test\instancias\n_1000_1,100,20,7,20,0.2000,42,9994297151,9994292470,30,2048
docs\inst_test\instancias\n_1000_1,100,20,7,20,0.3000,2026,9998357180,9998353192,28,2048
docs\inst_test\instancias\n_1000_1,100,20,7,10,0.3000,2026,9998357180,9998353192,41,2048
docs\inst_test\instancias\n_1000_1,100,20,7,20,0.3000,42,9988826429,9988822479,35,2048
docs\inst_test\instancias\n_1000_1,100,20,7,20,0.1000,123,9998826909,9998822989,44,2048
docs\inst_test\instancias\n_1000_1,100,20,10,5,0.2000,2026,9999357279,9999353123,25,2048
docs\inst_test\instancias\n_1000_1,100,20,7,10,0.1000,2026,9995297202,9995292594,53,2048
docs\inst_test\instancias\n_1000_1,100,20,7,20,0.2000,2026,9997827318,9997822780,37,2048
docs\inst_test\instancias\n_1000_1,100,20,10,5,0.3000,123,9997886652,9997883428,26,2048
docs\inst_test\instancias\n_1000_1,100,20,10,5,0.1000,123,9998827353,9998822863,30,2048
docs\inst_test\instancias\n_1000_1,100,20,7,20,0.1000,42,9998297184,9998292639,46,2048
docs\inst_test\instancias\n_1000_1,100,20,10,5,0.2000,42,9998827387,9998822899,28,2048
docs\inst_test\instancias\n_1000_1,100,20,10,10,0.1000,123,9998827353,9998822863,25,2048
docs\inst_test\instancias\n_1000_1,100,20,10,5,0.3000,42,9995356303,9995352910,32,2048
docs\inst_test\instancias\n_1000_1,100,20,7,20,0.3000,123,9989826827,9989822538,43,2048
docs\inst_test\instancias\n_1000_1,100,20,10,20,0.1000,42,9998297184,9998292639,27,2048
docs\inst_test\instancias\n_1000_1,100,20,10,5,0.2000,123,9998357185,9998353074,38,2048
docs\inst_test\instancias\n_1000_1,100,20,10,10,0.1000,2026,9995297202,9995292594,35,2048
docs\inst_test\instancias\n_1000_1,100,20,10,10,0.3000,123,9989826827,9989822538,34,2048
docs\inst_test\instancias\n_1000_1,100,20,10,20,0.2000,123,9996827320,9996822747,27,2048
docs\inst_test\instancias\n_1000_1,100,20,10,5,0.1000,42,9999297471,9999292890,46,2048
docs\inst_test\instancias\n_1000_1,100,20,10,5,0.3000,2026,9999886724,9999883437,38,2048
docs\inst_test\instancias\n_1000_1,100,20,10,20,0.2000,42,9994297151,9994292470,29,2048
docs\inst_test\instancias\n_1000_1,100,20,10,5,0.1000,2026,9995297202,9995292594,43,2048
docs\inst_test\instancias\n_1000_1,100,20,10,10,0.3000,42,9988826644,9988822288,37,2048
docs\inst_test\instancias\n_1000_1,100,20,10,10,0.3000,2026,9998357180,9998353192,37,2048
docs\inst_test\instancias\n_1000_1,100,20,10,10,0.1000,42,9999297271,9999292847,41,2048
docs\inst_test\instancias\n_1000_1,100,20,10,10,0.2000,123,9998357073,9998353031,39,2048
docs\inst_test\instancias\n_1000_1,100,20,10,10,0.2000,42,9998827374,9998822833,39,2048
docs\inst_test\instancias\n_1000_1,100,20,10,20,0.2000,2026,9997827318,9997822780,30,2048
docs\inst_test\instancias\n_1000_1,100,20,10,20,0.1000,2026,9995297202,9995292594,36,2048
docs\inst_test\instancias\n_1000_1,100,20,10,10,0.2000,2026,9999357176,9999353151,44,2048
docs\inst_test\instancias\n_1000_1,100,20,10,20,0.3000,42,9988826429,9988822479,27,2048
docs\inst_test\instancias\n_1000_1,100,20,10,20,0.3000,2026,9998357180,9998353192,25,2048
docs\inst_test\instancias\n_1000_1,100,20,10,20,0.3000,123,9989826827,9989822538,31,2048
docs\inst_test\instancias\n_1000_1,100,20,10,20,0.1000,123,9998826909,9998822989,43,2048
docs\inst_test\instancias\n_1000_1,100,20,15,5,0.2000,123,9998357185,9998353074,26,2048
docs\inst_test\instancias\n_1000_1,100,20,15,5,0.3000,2026,9999886724,9999883437,25,2048
docs\inst_test\instancias\n_1000_1,100,20,15,5,0.3000,123,9997886652,9997883428,26,2048
docs\inst_test\instancias\n_1000_1,100,20,15,5,0.2000,42,9998827387,9998822899,29,2048
docs\inst_test\instancias\n_1000_1,100,20,15,5,0.1000,123,9998827353,9998822863,31,2048
docs\inst_test\instancias\n_1000_1,100,20,15,5,0.1000,2026,9995297202,9995292594,30,2048
docs\inst_test\instancias\n_1000_1,100,20,15,5,0.1000,42,9999297471,9999292890,32,2048
docs\inst_test\instancias\n_1000_1,100,20,15,5,0.2000,2026,9999357279,9999353123,32,2048
docs\inst_test\instancias\n_1000_1,100,20,15,10,0.1000,2026,9995297202,9995292594,25,2048
docs\inst_test\instancias\n_1000_1,100,20,15,10,0.1000,123,9998827353,9998822863,25,2048
docs\inst_test\instancias\n_1000_1,100,20,15,5,0.3000,42,9995356303,9995352910,33,2048
docs\inst_test\instancias\n_1000_1,100,20,15,10,0.2000,42,9998827374,9998822833,22,2048
docs\inst_test\instancias\n_1000_1,100,20,15,10,0.3000,2026,9998357180,9998353192,22,2048
docs\inst_test\instancias\n_1000_1,100,20,15,10,0.1000,42,9999297271,9999292847,30,2048
docs\inst_test\instancias\n_1000_1,100,20,15,10,0.2000,2026,9999357176,9999353151,24,2048
docs\inst_test\instancias\n_1000_1,100,20,15,10,0.3000,123,9989826827,9989822538,25,2048
docs\inst_test\instancias\n_1000_1,100,20,15,10,0.2000,123,9998357073,9998353031,26,2048
docs\inst_test\instancias\n_1000_1,100,20,15,10,0.3000,42,9988826644,9988822288,26,2048
docs\inst_test\instancias\n_1000_1,100,20,15,20,0.2000,123,9996827320,9996822747,24,2048
docs\inst_test\instancias\n_1000_1,100,20,15,20,0.2000,2026,9997827318,9997822780,25,2048
docs\inst_test\instancias\n_1000_1,100,20,15,20,0.2000,42,9994297151,9994292470,26,2048
docs\inst_test\instancias\n_1000_1,100,20,15,20,0.1000,123,9998826909,9998822989,29,2048
docs\inst_test\instancias\n_1000_1,100,20,15,20,0.1000,42,9998297184,9998292639,30,2048
docs\inst_test\instancias\n_1000_1,100,20,15,20,0.1000,2026,9995297202,9995292594,28,2048
docs\inst_test\instancias\n_1000_1,100,20,15,20,0.3000,2026,9998357180,9998353192,25,2048
docs\inst_test\instancias\n_1000_1,100,20,15,20,0.3000,42,9988826429,9988822479,29,2048
docs\inst_test\instancias\n_1000_1,100,20,15,20,0.3000,123,9989826827,9989822538,31,2048
docs\inst_test\instancias\n_1000_1,300,10,7,20,0.3000,123,9999416581,9999413709,61,2048
docs\inst_test\instancias\n_1000_1,300,10,7,10,0.2000,2026,9999357281,9999353085,71,2048
docs\inst_test\instancias\n_1000_1,300,10,7,20,0.1000,123,9998827353,9998822863,69,2048
docs\inst_test\instancias\n_1000_1,300,10,7,20,0.3000,2026,9999887007,9999883468,63,2048
docs\inst_test\instancias\n_1000_1,300,10,7,10,0.2000,123,9998886934,9998883463,74,2048
docs\inst_test\instancias\n_1000_1,300,10,7,10,0.1000,123,9999827379,9999822923,79,2048
docs\inst_test\instancias\n_1000_1,300,10,7,5,0.3000,42,9999887034,9999883351,83,2048
docs\inst_test\instancias\n_1000_1,300,10,7,20,0.3000,42,9999887034,9999883351,69,2048
docs\inst_test\instancias\n_1000_1,300,10,7,5,0.3000,2026,9999887007,9999883468,82,2048
docs\inst_test\instancias\n_1000_1,300,10,7,10,0.3000,123,9999416581,9999413709,77,2048
docs\inst_test\instancias\n_1000_1,300,10,7,5,0.2000,123,9998886934,9998883463,86,2048
docs\inst_test\instancias\n_1000_1,300,10,7,5,0.1000,123,9999827379,9999822923,92,2048
docs\inst_test\instancias\n_1000_1,300,10,7,10,0.3000,2026,9999887007,9999883468,79,2048
docs\inst_test\instancias\n_1000_1,300,10,7,10,0.1000,2026,9999827182,9999823283,83,2048
docs\inst_test\instancias\n_1000_1,300,10,7,20,0.2000,42,9998827387,9998822899,77,2048
docs\inst_test\instancias\n_1000_1,300,10,7,5,0.2000,2026,9999357281,9999353085,92,2048
docs\inst_test\instancias\n_1000_1,300,10,7,10,0.2000,42,9998827387,9998822899,85,2048
docs\inst_test\instancias\n_1000_1,300,10,7,20,0.2000,2026,9999357281,9999353085,77,2048
docs\inst_test\instancias\n_1000_1,300,10,7,20,0.2000,123,9998357187,9998353072,80,2048
docs\inst_test\instancias\n_1000_1,300,10,7,5,0.1000,2026,9999827425,9999822843,95,2048
docs\inst_test\instancias\n_1000_1,300,10,7,5,0.2000,42,9999357290,9999353138,94,2048
docs\inst_test\instancias\n_1000_1,300,10,7,5,0.3000,123,9999416581,9999413709,92,2048
docs\inst_test\instancias\n_1000_1,300,10,7,10,0.3000,42,9999887034,9999883351,87,2048
docs\inst_test\instancias\n_1000_1,300,10,7,20,0.1000,42,9999297471,9999292890,87,2048
docs\inst_test\instancias\n_1000_1,300,10,7,10,0.1000,42,9999297471,9999292890,94,2048
docs\inst_test\instancias\n_1000_1,300,10,7,20,0.1000,2026,9995297202,9995292594,88,2048
docs\inst_test\instancias\n_1000_1,300,10,7,5,0.1000,42,9999297471,9999292890,108,2048
docs\inst_test\instancias\n_1000_1,300,10,10,5,0.2000,123,9998886934,9998883463,82,2048
docs\inst_test\instancias\n_1000_1,300,10,10,5,0.2000,42,9999357290,9999353138,86,2048
docs\inst_test\instancias\n_1000_1,300,10,10,5,0.1000,2026,9999827425,9999822843,90,2048
docs\inst_test\instancias\n_1000_1,300,10,10,5,0.1000,42,9999297471,9999292890,93,2048
docs\inst_test\instancias\n_1000_1,300,10,10,5,0.1000,123,9999827379,9999822923,102,2048
docs\inst_test\instancias\n_1000_1,300,10,10,5,0.3000,123,9999416581,9999413709,60,2048
docs\inst_test\instancias\n_1000_1,300,10,10,5,0.3000,42,9999887034,9999883351,64,2048
docs\inst_test\instancias\n_1000_1,300,10,10,10,0.2000,123,9998886934,9998883463,62,2048
docs\inst_test\instancias\n_1000_1,300,10,10,10,0.2000,2026,9999357281,9999353085,67,2048
docs\inst_test\instancias\n_1000_1,300,10,10,10,0.1000,123,9999827379,9999822923,70,2048
docs\inst_test\instancias\n_1000_1,300,10,10,10,0.1000,42,9999297471,9999292890,72,2048
docs\inst_test\instancias\n_1000_1,300,10,10,10,0.3000,123,9999416581,9999413709,67,2048
docs\inst_test\instancias\n_1000_1,300,10,10,10,0.3000,2026,9999887007,9999883468,66,2048
docs\inst_test\instancias\n_1000_1,300,10,10,10,0.3000,42,9999887034,9999883351,70,2048
docs\inst_test\instancias\n_1000_1,300,10,10,20,0.3000,2026,9999887007,9999883468,64,2048
docs\inst_test\instancias\n_1000_1,300,10,10,5,0.2000,2026,9999357281,9999353085,80,2048
docs\inst_test\instancias\n_1000_1,300,10,10,20,0.3000,123,9999416581,9999413709,66,2048
docs\inst_test\instancias\n_1000_1,300,10,10,20,0.1000,42,9999297471,9999292890,71,2048
docs\inst_test\instancias\n_1000_1,300,10,10,20,0.1000,123,9998827353,9998822863,72,2048
docs\inst_test\instancias\n_1000_1,300,10,10,10,0.2000,42,9998827387,9998822899,77,2048
docs\inst_test\instancias\n_1000_1,300,10,10,20,0.3000,42,9999887034,9999883351,69,2048
docs\inst_test\instancias\n_1000_1,300,10,10,5,0.3000,2026,9999887007,9999883468,83,2048
docs\inst_test\instancias\n_1000_1,300,10,10,20,0.2000,2026,9999357281,9999353085,74,2048
docs\inst_test\instancias\n_1000_1,300,10,10,20,0.2000,123,9998357187,9998353072,76,2048
docs\inst_test\instancias\n_1000_1,300,10,15,5,0.3000,123,9999416581,9999413709,62,2048
docs\inst_test\instancias\n_1000_1,300,10,10,20,0.2000,42,9998827387,9998822899,82,2048
docs\inst_test\instancias\n_1000_1,300,10,10,10,0.1000,2026,9999827182,9999823283,90,2048
docs\inst_test\instancias\n_1000_1,300,10,15,5,0.3000,42,9999887034,9999883351,68,2048
docs\inst_test\instancias\n_1000_1,300,10,15,5,0.3000,2026,9999887007,9999883468,65,2048
docs\inst_test\instancias\n_1000_1,300,10,10,20,0.1000,2026,9995297202,9995292594,84,2048
docs\inst_test\instancias\n_1000_1,300,10,15,5,0.2000,123,9998886934,9998883463,73,2048
docs\inst_test\instancias\n_1000_1,300,10,15,5,0.1000,123,9999827379,9999822923,80,2048
docs\inst_test\instancias\n_1000_1,300,10,15,5,0.2000,2026,9999357281,9999353085,74,2048
docs\inst_test\instancias\n_1000_1,300,10,15,5,0.1000,42,9999297471,9999292890,84,2048
docs\inst_test\instancias\n_1000_1,300,10,15,5,0.1000,2026,9999827425,9999822843,81,2048
docs\inst_test\instancias\n_1000_1,300,10,15,5,0.2000,42,9999357290,9999353138,89,2048
docs\inst_test\instancias\n_1000_1,300,10,15,10,0.1000,42,9999297471,9999292890,90,2048
docs\inst_test\instancias\n_1000_1,300,10,15,10,0.3000,123,9999416581,9999413709,59,2048
docs\inst_test\instancias\n_1000_1,300,10,15,10,0.1000,123,9999827379,9999822923,72,2048
docs\inst_test\instancias\n_1000_1,300,10,15,10,0.2000,123,9998886934,9998883463,66,2048
docs\inst_test\instancias\n_1000_1,300,10,15,10,0.3000,2026,9999887007,9999883468,64,2048
docs\inst_test\instancias\n_1000_1,300,10,15,10,0.2000,42,9998827387,9998822899,73,2048
docs\inst_test\instancias\n_1000_1,300,10,15,10,0.2000,2026,9999357281,9999353085,68,2048
docs\inst_test\instancias\n_1000_1,300,10,15,10,0.1000,2026,9999827182,9999823283,78,2048
docs\inst_test\instancias\n_1000_1,300,10,15,20,0.3000,2026,9999887007,9999883468,59,2048
docs\inst_test\instancias\n_1000_1,300,10,15,10,0.3000,42,9999887034,9999883351,71,2048
docs\inst_test\instancias\n_1000_1,300,10,15,20,0.2000,123,9998357187,9998353072,66,2048
docs\inst_test\instancias\n_1000_1,300,10,15,20,0.2000,2026,9999357281,9999353085,64,2048
docs\inst_test\instancias\n_1000_1,300,10,15,20,0.3000,123,9999416581,9999413709,64,2048
docs\inst_test\instancias\n_1000_1,300,10,15,20,0.2000,42,9998827387,9998822899,69,2048
docs\inst_test\instancias\n_1000_1,300,10,15,20,0.1000,2026,9995297202,9995292594,71,2048
docs\inst_test\instancias\n_1000_1,300,10,15,20,0.1000,123,9998827353,9998822863,78,2048
docs\inst_test\instancias\n_1000_1,300,10,15,20,0.1000,42,9999297471,9999292890,80,2048
docs\inst_test\instancias\n_1000_1,300,15,7,5,0.3000,123,9999416581,9999413709,64,2048
docs\inst_test\instancias\n_1000_1,300,15,7,5,0.2000,123,9998886934,9998883463,66,2048
docs\inst_test\instancias\n_1000_1,300,15,7,5,0.3000,42,9999887034,9999883351,68,2048
docs\inst_test\instancias\n_1000_1,300,15,7,5,0.3000,2026,9999887007,9999883468,68,2048
docs\inst_test\instancias\n_1000_1,300,15,7,5,0.1000,123,9999827379,9999822923,78,2048
docs\inst_test\instancias\n_1000_1,300,15,7,5,0.1000,2026,9999827425,9999822843,75,2048
docs\inst_test\instancias\n_1000_1,300,10,15,20,0.3000,42,9999887034,9999883351,84,2048
docs\inst_test\instancias\n_1000_1,300,15,7,5,0.2000,42,9999357290,9999353138,74,2048
docs\inst_test\instancias\n_1000_1,300,15,7,5,0.2000,2026,9999357281,9999353085,74,2048
docs\inst_test\instancias\n_1000_1,300,15,7,5,0.1000,42,9999297471,9999292890,82,2048
docs\inst_test\instancias\n_1000_1,300,15,7,10,0.1000,42,9999297471,9999292890,73,2048
docs\inst_test\instancias\n_1000_1,300,15,7,10,0.2000,42,9998827387,9998822899,75,2048
docs\inst_test\instancias\n_1000_1,300,15,7,10,0.1000,123,9999827379,9999822923,79,2048
docs\inst_test\instancias\n_1000_1,300,15,7,10,0.1000,2026,9999827182,9999823283,80,2048
docs\inst_test\instancias\n_1000_1,300,15,7,10,0.2000,123,9998886934,9998883463,71,2048
docs\inst_test\instancias\n_1000_1,300,15,7,10,0.3000,123,9999416581,9999413709,58,2048
docs\inst_test\instancias\n_1000_1,300,15,7,10,0.3000,42,9999887034,9999883351,61,2048
docs\inst_test\instancias\n_1000_1,300,15,7,10,0.3000,2026,9999887007,9999883468,59,2048
docs\inst_test\instancias\n_1000_1,300,15,7,10,0.2000,2026,9999357281,9999353085,69,2048
docs\inst_test\instancias\n_1000_1,300,15,7,20,0.3000,123,9999416581,9999413709,62,2048
docs\inst_test\instancias\n_1000_1,300,15,7,20,0.1000,123,9998827353,9998822863,68,2048
docs\inst_test\instancias\n_1000_1,300,15,7,20,0.3000,42,9999887034,9999883351,62,2048
docs\inst_test\instancias\n_1000_1,300,15,7,20,0.2000,123,9998357187,9998353072,65,2048
docs\inst_test\instancias\n_1000_1,300,15,7,20,0.2000,2026,9999357281,9999353085,63,2048
docs\inst_test\instancias\n_1000_1,300,15,7,20,0.1000,2026,9995297202,9995292594,69,2048
docs\inst_test\instancias\n_1000_1,300,15,7,20,0.2000,42,9998827387,9998822899,69,2048
docs\inst_test\instancias\n_1000_1,300,15,7,20,0.3000,2026,9999887007,9999883468,65,2048
docs\inst_test\instancias\n_1000_1,300,15,7,20,0.1000,42,9999297471,9999292890,77,2048
docs\inst_test\instancias\n_1000_1,300,15,10,5,0.1000,123,9999827379,9999822923,74,2048
docs\inst_test\instancias\n_1000_1,300,15,10,5,0.3000,42,9999887034,9999883351,65,2048
docs\inst_test\instancias\n_1000_1,300,15,10,5,0.1000,42,9999297471,9999292890,80,2048
docs\inst_test\instancias\n_1000_1,300,15,10,5,0.2000,2026,9999357281,9999353085,70,2048
docs\inst_test\instancias\n_1000_1,300,15,10,5,0.2000,123,9998886934,9998883463,70,2048
docs\inst_test\instancias\n_1000_1,300,15,10,5,0.3000,123,9999416581,9999413709,66,2048
docs\inst_test\instancias\n_1000_1,300,15,10,5,0.3000,2026,9999887007,9999883468,66,2048
docs\inst_test\instancias\n_1000_1,300,15,10,5,0.2000,42,9999357290,9999353138,75,2048
docs\inst_test\instancias\n_1000_1,300,15,10,10,0.2000,123,9998886934,9998883463,68,2048
docs\inst_test\instancias\n_1000_1,300,15,10,10,0.2000,2026,9999357281,9999353085,65,2048
docs\inst_test\instancias\n_1000_1,300,15,10,10,0.1000,123,9999827379,9999822923,71,2048
docs\inst_test\instancias\n_1000_1,300,15,10,5,0.1000,2026,9999827425,9999822843,83,2048
docs\inst_test\instancias\n_1000_1,300,15,10,10,0.3000,42,9999887034,9999883351,65,2048
docs\inst_test\instancias\n_1000_1,300,15,10,10,0.1000,42,9999297471,9999292890,73,2048
docs\inst_test\instancias\n_1000_1,300,15,10,10,0.3000,123,9999416581,9999413709,61,2048
docs\inst_test\instancias\n_1000_1,300,15,10,10,0.2000,42,9998827387,9998822899,73,2048
docs\inst_test\instancias\n_1000_1,300,15,10,10,0.3000,2026,9999887007,9999883468,63,2048
docs\inst_test\instancias\n_1000_1,300,15,10,10,0.1000,2026,9999827182,9999823283,80,2048
docs\inst_test\instancias\n_1000_1,300,15,10,20,0.1000,42,9999297471,9999292890,78,2048
docs\inst_test\instancias\n_1000_1,300,15,10,20,0.1000,123,9998827353,9998822863,68,2048
docs\inst_test\instancias\n_1000_1,300,15,10,20,0.2000,42,9998827387,9998822899,67,2048
docs\inst_test\instancias\n_1000_1,300,15,10,20,0.1000,2026,9995297202,9995292594,71,2048
docs\inst_test\instancias\n_1000_1,300,15,10,20,0.3000,123,9999416581,9999413709,58,2048
docs\inst_test\instancias\n_1000_1,300,15,10,20,0.2000,123,9998357187,9998353072,69,2048
docs\inst_test\instancias\n_1000_1,300,15,10,20,0.3000,2026,9999887007,9999883468,59,2048
docs\inst_test\instancias\n_1000_1,300,15,10,20,0.3000,42,9999887034,9999883351,62,2048
docs\inst_test\instancias\n_1000_1,300,15,10,20,0.2000,2026,9999357281,9999353085,74,2048
docs\inst_test\instancias\n_1000_1,300,15,15,5,0.2000,123,9998886934,9998883463,68,2048
docs\inst_test\instancias\n_1000_1,300,15,15,5,0.1000,42,9999297471,9999292890,77,2048
docs\inst_test\instancias\n_1000_1,300,15,15,5,0.1000,123,9999827379,9999822923,78,2048
docs\inst_test\instancias\n_1000_1,300,15,15,5,0.1000,2026,9999827425,9999822843,77,2048
docs\inst_test\instancias\n_1000_1,300,15,15,5,0.3000,123,9999416581,9999413709,61,2048
docs\inst_test\instancias\n_1000_1,300,15,15,5,0.2000,42,9999357290,9999353138,78,2048
docs\inst_test\instancias\n_1000_1,300,15,15,5,0.3000,2026,9999887007,9999883468,65,2048
docs\inst_test\instancias\n_1000_1,300,15,15,5,0.2000,2026,9999357281,9999353085,73,2048
docs\inst_test\instancias\n_1000_1,300,15,15,5,0.3000,42,9999887034,9999883351,69,2048
docs\inst_test\instancias\n_1000_1,300,15,15,10,0.3000,123,9999416581,9999413709,62,2048
docs\inst_test\instancias\n_1000_1,300,15,15,10,0.2000,2026,9999357281,9999353085,65,2048
docs\inst_test\instancias\n_1000_1,300,15,15,10,0.3000,42,9999887034,9999883351,64,2048
docs\inst_test\instancias\n_1000_1,300,15,15,10,0.3000,2026,9999887007,9999883468,64,2048
docs\inst_test\instancias\n_1000_1,300,15,15,10,0.2000,123,9998886934,9998883463,68,2048
docs\inst_test\instancias\n_1000_1,300,15,15,10,0.2000,42,9998827387,9998822899,73,2048
docs\inst_test\instancias\n_1000_1,300,15,15,10,0.1000,123,9999827379,9999822923,75,2048
docs\inst_test\instancias\n_1000_1,300,15,15,10,0.1000,42,9999297471,9999292890,78,2048
docs\inst_test\instancias\n_1000_1,300,15,15,10,0.1000,2026,9999827182,9999823283,77,2048
docs\inst_test\instancias\n_1000_1,300,15,15,20,0.1000,42,9999297471,9999292890,73,2048
docs\inst_test\instancias\n_1000_1,300,15,15,20,0.1000,123,9998827353,9998822863,74,2048
docs\inst_test\instancias\n_1000_1,300,15,15,20,0.2000,123,9998357187,9998353072,66,2048
docs\inst_test\instancias\n_1000_1,300,15,15,20,0.2000,42,9998827387,9998822899,75,2048
docs\inst_test\instancias\n_1000_1,300,15,15,20,0.1000,2026,9995297202,9995292594,78,2048
docs\inst_test\instancias\n_1000_1,300,15,15,20,0.3000,42,9999887034,9999883351,61,2048
docs\inst_test\instancias\n_1000_1,300,15,15,20,0.3000,123,9999416581,9999413709,62,2048
docs\inst_test\instancias\n_1000_1,300,15,15,20,0.3000,2026,9999887007,9999883468,60,2048
docs\inst_test\instancias\n_1000_1,300,15,15,20,0.2000,2026,9999357281,9999353085,69,2048
docs\inst_test\instancias\n_1000_1,300,20,7,5,0.1000,42,9999297471,9999292890,76,2048
docs\inst_test\instancias\n_1000_1,300,20,7,5,0.1000,2026,9999827425,9999822843,75,2048
docs\inst_test\instancias\n_1000_1,300,20,7,5,0.1000,123,9999827379,9999822923,77,2048
docs\inst_test\instancias\n_1000_1,300,20,7,5,0.2000,42,9999357290,9999353138,75,2048
docs\inst_test\instancias\n_1000_1,300,20,7,5,0.3000,123,9999416581,9999413709,61,2048
docs\inst_test\instancias\n_1000_1,300,20,7,5,0.3000,42,9999887034,9999883351,65,2048
docs\inst_test\instancias\n_1000_1,300,20,7,5,0.2000,2026,9999357281,9999353085,68,2048
docs\inst_test\instancias\n_1000_1,300,20,7,5,0.2000,123,9998886934,9998883463,71,2048
docs\inst_test\instancias\n_1000_1,300,20,7,5,0.3000,2026,9999887007,9999883468,69,2048
docs\inst_test\instancias\n_1000_1,300,20,7,10,0.3000,123,9999416581,9999413709,59,2048
docs\inst_test\instancias\n_1000_1,300,20,7,10,0.1000,42,9999297471,9999292890,73,2048
docs\inst_test\instancias\n_1000_1,300,20,7,10,0.3000,42,9999887034,9999883351,61,2048
docs\inst_test\instancias\n_1000_1,300,20,7,10,0.2000,123,9998886934,9998883463,66,2048
docs\inst_test\instancias\n_1000_1,300,20,7,10,0.1000,123,9999827379,9999822923,74,2048
docs\inst_test\instancias\n_1000_1,300,20,7,10,0.1000,2026,9999827182,9999823283,74,2048
docs\inst_test\instancias\n_1000_1,300,20,7,10,0.2000,2026,9999357281,9999353085,69,2048
docs\inst_test\instancias\n_1000_1,300,20,7,10,0.3000,2026,9999887007,9999883468,65,2048
docs\inst_test\instancias\n_1000_1,300,20,7,10,0.2000,42,9998827387,9998822899,72,2048
docs\inst_test\instancias\n_1000_1,300,20,7,20,0.2000,123,9998357187,9998353072,67,2048
docs\inst_test\instancias\n_1000_1,300,20,7,20,0.3000,123,9999416581,9999413709,62,2048
docs\inst_test\instancias\n_1000_1,300,20,7,20,0.2000,2026,9999357281,9999353085,65,2048
docs\inst_test\instancias\n_1000_1,300,20,7,20,0.1000,123,9998827353,9998822863,73,2048
docs\inst_test\instancias\n_1000_1,300,20,7,20,0.2000,42,9998827387,9998822899,71,2048
docs\inst_test\instancias\n_1000_1,300,20,7,20,0.1000,42,9999297471,9999292890,75,2048
docs\inst_test\instancias\n_1000_1,300,20,7,20,0.3000,42,9999887034,9999883351,67,2048
docs\inst_test\instancias\n_1000_1,300,20,7,20,0.1000,2026,9995297202,9995292594,77,2048
docs\inst_test\instancias\n_1000_1,300,20,7,20,0.3000,2026,9999887007,9999883468,66,2048
docs\inst_test\instancias\n_1000_1,300,20,10,5,0.1000,123,9999827379,9999822923,74,2048
docs\inst_test\instancias\n_1000_1,300,20,10,5,0.2000,42,9999357290,9999353138,71,2048
docs\inst_test\instancias\n_1000_1,300,20,10,5,0.2000,123,9998886934,9998883463,70,2048
docs\inst_test\instancias\n_1000_1,300,20,10,5,0.1000,42,9999297471,9999292890,82,2048
docs\inst_test\instancias\n_1000_1,300,20,10,5,0.1000,2026,9999827425,9999822843,78,2048
docs\inst_test\instancias\n_1000_1,300,20,10,5,0.3000,123,9999416581,9999413709,63,2048
docs\inst_test\instancias\n_1000_1,300,20,10,5,0.3000,2026,9999887007,9999883468,64,2048
docs\inst_test\instancias\n_1000_1,300,20,10,5,0.3000,42,9999887034,9999883351,65,2048
docs\inst_test\instancias\n_1000_1,300,20,10,5,0.2000,2026,9999357281,9999353085,68,2048
docs\inst_test\instancias\n_1000_1,300,20,10,10,0.3000,123,9999416581,9999413709,57,2048
docs\inst_test\instancias\n_1000_1,300,20,10,10,0.1000,123,9999827379,9999822923,69,2048
docs\inst_test\instancias\n_1000_1,300,20,10,10,0.1000,42,9999297471,9999292890,73,2048
docs\inst_test\instancias\n_1000_1,300,20,10,10,0.3000,2026,9999887007,9999883468,59,2048
docs\inst_test\instancias\n_1000_1,300,20,10,10,0.2000,123,9998886934,9998883463,66,2048
docs\inst_test\instancias\n_1000_1,300,20,10,10,0.3000,42,9999887034,9999883351,61,2048
docs\inst_test\instancias\n_1000_1,300,20,10,10,0.2000,2026,9999357281,9999353085,65,2048
docs\inst_test\instancias\n_1000_1,300,20,10,10,0.2000,42,9998827387,9998822899,74,2048
docs\inst_test\instancias\n_1000_1,300,20,10,10,0.1000,2026,9999827182,9999823283,74,2048
docs\inst_test\instancias\n_1000_1,300,20,10,20,0.1000,123,9998827353,9998822863,68,2048
docs\inst_test\instancias\n_1000_1,300,20,10,20,0.2000,123,9998357187,9998353072,68,2048
docs\inst_test\instancias\n_1000_1,300,20,10,20,0.3000,2026,9999887007,9999883468,64,2048
docs\inst_test\instancias\n_1000_1,300,20,10,20,0.2000,42,9998827387,9998822899,73,2048
docs\inst_test\instancias\n_1000_1,300,20,10,20,0.1000,42,9999297471,9999292890,77,2048
docs\inst_test\instancias\n_1000_1,300,20,10,20,0.3000,42,9999887034,9999883351,65,2048
docs\inst_test\instancias\n_1000_1,300,20,10,20,0.2000,2026,9999357281,9999353085,68,2048
docs\inst_test\instancias\n_1000_1,300,20,10,20,0.3000,123,9999416581,9999413709,68,2048
docs\inst_test\instancias\n_1000_1,300,20,10,20,0.1000,2026,9995297202,9995292594,77,2048
docs\inst_test\instancias\n_1000_1,300,20,15,5,0.2000,123,9998886934,9998883463,71,2048
docs\inst_test\instancias\n_1000_1,300,20,15,5,0.1000,123,9999827379,9999822923,77,2048
docs\inst_test\instancias\n_1000_1,300,20,15,5,0.2000,42,9999357290,9999353138,76,2048
docs\inst_test\instancias\n_1000_1,300,20,15,5,0.1000,42,9999297471,9999292890,80,2048
docs\inst_test\instancias\n_1000_1,300,20,15,5,0.1000,2026,9999827425,9999822843,80,2048
docs\inst_test\instancias\n_1000_1,300,20,15,5,0.3000,123,9999416581,9999413709,64,2048
docs\inst_test\instancias\n_1000_1,300,20,15,5,0.3000,42,9999887034,9999883351,65,2048
docs\inst_test\instancias\n_1000_1,300,20,15,5,0.2000,2026,9999357281,9999353085,68,2048
docs\inst_test\instancias\n_1000_1,300,20,15,5,0.3000,2026,9999887007,9999883468,66,2048
docs\inst_test\instancias\n_1000_1,300,20,15,10,0.2000,123,9998886934,9998883463,63,2048
docs\inst_test\instancias\n_1000_1,300,20,15,10,0.2000,42,9998827387,9998822899,68,2048
docs\inst_test\instancias\n_1000_1,300,20,15,10,0.1000,42,9999297471,9999292890,73,2048
docs\inst_test\instancias\n_1000_1,300,20,15,10,0.3000,123,9999416581,9999413709,57,2048
docs\inst_test\instancias\n_1000_1,300,20,15,10,0.1000,123,9999827379,9999822923,73,2048
docs\inst_test\instancias\n_1000_1,300,20,15,10,0.1000,2026,9999827182,9999823283,73,2048
docs\inst_test\instancias\n_1000_1,300,20,15,10,0.3000,2026,9999887007,9999883468,60,2048
docs\inst_test\instancias\n_1000_1,300,20,15,10,0.3000,42,9999887034,9999883351,64,2048
docs\inst_test\instancias\n_1000_1,300,20,15,10,0.2000,2026,9999357281,9999353085,69,2048
docs\inst_test\instancias\n_1000_1,300,20,15,20,0.2000,123,9998357187,9998353072,64,2048
docs\inst_test\instancias\n_1000_1,300,20,15,20,0.1000,123,9998827353,9998822863,68,2048
docs\inst_test\instancias\n_1000_1,300,20,15,20,0.1000,42,9999297471,9999292890,70,2048
docs\inst_test\instancias\n_1000_1,300,20,15,20,0.1000,2026,9995297202,9995292594,72,2048
docs\inst_test\instancias\n_1000_1,300,20,15,20,0.2000,42,9998827387,9998822899,74,2048
docs\inst_test\instancias\n_1000_1,300,20,15,20,0.3000,42,9999887034,9999883351,66,2048
docs\inst_test\instancias\n_1000_1,300,20,15,20,0.3000,123,9999416581,9999413709,62,2048
docs\inst_test\instancias\n_1000_1,300,20,15,20,0.2000,2026,9999357281,9999353085,69,2048
docs\inst_test\instancias\n_1000_1,300,20,15,20,0.3000,2026,9999887007,9999883468,65,2048
docs\inst_test\instancias\n_1000_1,500,10,7,5,0.2000,123,9999887035,9999883564,116,2048
docs\inst_test\instancias\n_1000_1,500,10,7,5,0.3000,123,9999416581,9999413709,104,2048
docs\inst_test\instancias\n_1000_1,500,10,7,5,0.3000,42,9999887034,9999883351,110,2048
docs\inst_test\instancias\n_1000_1,500,10,7,5,0.3000,2026,9999887007,9999883468,109,2048
docs\inst_test\instancias\n_1000_1,500,10,7,5,0.2000,42,9999357290,9999353138,122,2048
docs\inst_test\instancias\n_1000_1,500,10,7,5,0.1000,123,9999827379,9999822923,133,2048
docs\inst_test\instancias\n_1000_1,500,10,7,10,0.3000,123,9999416581,9999413709,99,2048
docs\inst_test\instancias\n_1000_1,500,10,7,10,0.2000,42,9999357290,9999353138,116,2048
docs\inst_test\instancias\n_1000_1,500,10,7,5,0.1000,2026,9999827425,9999822843,138,2048
docs\inst_test\instancias\n_1000_1,500,10,7,10,0.3000,42,9999887034,9999883351,109,2048
docs\inst_test\instancias\n_1000_1,500,10,7,10,0.2000,123,9998886934,9998883463,118,2048
docs\inst_test\instancias\n_1000_1,500,10,7,5,0.2000,2026,9999357281,9999353085,131,2048
docs\inst_test\instancias\n_1000_1,500,10,7,10,0.3000,2026,9999887007,9999883468,108,2048
docs\inst_test\instancias\n_1000_1,500,10,7,10,0.2000,2026,9999357281,9999353085,114,2048
docs\inst_test\instancias\n_1000_1,500,10,7,10,0.1000,2026,9999827425,9999822843,126,2048
docs\inst_test\instancias\n_1000_1,500,10,7,5,0.1000,42,9999297471,9999292890,148,2048
docs\inst_test\instancias\n_1000_1,500,10,7,20,0.2000,123,9998886934,9998883463,106,2048
docs\inst_test\instancias\n_1000_1,500,10,7,10,0.1000,123,9999827379,9999822923,133,2048
docs\inst_test\instancias\n_1000_1,500,10,7,20,0.3000,42,9999887034,9999883351,103,2048
docs\inst_test\instancias\n_1000_1,500,10,7,20,0.2000,42,9998827387,9998822899,114,2048
docs\inst_test\instancias\n_1000_1,500,10,7,20,0.1000,123,9999827379,9999822923,117,2048
docs\inst_test\instancias\n_1000_1,500,10,7,20,0.3000,123,9999416581,9999413709,104,2048
docs\inst_test\instancias\n_1000_1,500,10,7,20,0.2000,2026,9999357281,9999353085,108,2048
docs\inst_test\instancias\n_1000_1,500,10,7,20,0.3000,2026,9999887007,9999883468,105,2048
docs\inst_test\instancias\n_1000_1,500,10,7,10,0.1000,42,9999297471,9999292890,143,2048
docs\inst_test\instancias\n_1000_1,500,10,7,20,0.1000,2026,9995297202,9995292594,124,2048
docs\inst_test\instancias\n_1000_1,500,10,7,20,0.1000,42,9999297486,9999292958,132,2048
docs\inst_test\instancias\n_1000_1,500,10,10,5,0.2000,123,9999887035,9999883564,133,2048
docs\inst_test\instancias\n_1000_1,500,10,10,5,0.2000,42,9999357290,9999353138,138,2048
docs\inst_test\instancias\n_1000_1,500,10,10,5,0.1000,123,9999827379,9999822923,143,2048
docs\inst_test\instancias\n_1000_1,500,10,10,5,0.1000,2026,9999827425,9999822843,151,2048
docs\inst_test\instancias\n_1000_1,500,10,10,5,0.1000,42,9999297471,9999292890,154,2048
docs\inst_test\instancias\n_1000_1,500,10,10,5,0.3000,123,9999416581,9999413709,107,2048
docs\inst_test\instancias\n_1000_1,500,10,10,5,0.3000,2026,9999887007,9999883468,113,2048
docs\inst_test\instancias\n_1000_1,500,10,10,5,0.3000,42,9999887034,9999883351,120,2048
docs\inst_test\instancias\n_1000_1,500,10,10,10,0.3000,123,9999416581,9999413709,100,2048
docs\inst_test\instancias\n_1000_1,500,10,10,10,0.1000,42,9999297471,9999292890,124,2048
docs\inst_test\instancias\n_1000_1,500,10,10,10,0.2000,42,9999357290,9999353138,113,2048
docs\inst_test\instancias\n_1000_1,500,10,10,20,0.3000,123,9999416581,9999413709,94,2048
docs\inst_test\instancias\n_1000_1,500,10,10,10,0.3000,42,9999887034,9999883351,108,2048
docs\inst_test\instancias\n_1000_1,500,10,10,5,0.2000,2026,9999357281,9999353085,132,2048
docs\inst_test\instancias\n_1000_1,500,10,10,20,0.3000,2026,9999887007,9999883468,97,2048
docs\inst_test\instancias\n_1000_1,500,10,10,10,0.2000,123,9998886934,9998883463,115,2048
docs\inst_test\instancias\n_1000_1,500,10,10,20,0.3000,42,9999887034,9999883351,100,2048
docs\inst_test\instancias\n_1000_1,500,10,10,10,0.3000,2026,9999887007,9999883468,110,2048
docs\inst_test\instancias\n_1000_1,500,10,10,10,0.2000,2026,9999357281,9999353085,112,2048
docs\inst_test\instancias\n_1000_1,500,10,10,10,0.1000,2026,9999827425,9999822843,125,2048
docs\inst_test\instancias\n_1000_1,500,10,10,20,0.1000,123,9999827379,9999822923,113,2048
docs\inst_test\instancias\n_1000_1,500,10,10,10,0.1000,123,9999827379,9999822923,129,2048
docs\inst_test\instancias\n_1000_1,500,10,10,20,0.2000,123,9998886934,9998883463,110,2048
docs\inst_test\instancias\n_1000_1,500,10,10,20,0.2000,42,9998827387,9998822899,111,2048
docs\inst_test\instancias\n_1000_1,500,10,10,20,0.1000,42,9999297486,9999292958,119,2048
docs\inst_test\instancias\n_1000_1,500,10,10,20,0.2000,2026,9999357281,9999353085,117,2048
docs\inst_test\instancias\n_1000_1,500,10,10,20,0.1000,2026,9995297202,9995292594,130,2048
docs\inst_test\instancias\n_1000_1,500,10,15,5,0.2000,123,9999887035,9999883564,114,2048
docs\inst_test\instancias\n_1000_1,500,10,15,5,0.2000,42,9999357290,9999353138,123,2048
docs\inst_test\instancias\n_1000_1,500,10,15,5,0.1000,42,9999297471,9999292890,132,2048
docs\inst_test\instancias\n_1000_1,500,10,15,5,0.1000,123,9999827379,9999822923,129,2048
docs\inst_test\instancias\n_1000_1,500,10,15,5,0.1000,2026,9999827425,9999822843,137,2048
docs\inst_test\instancias\n_1000_1,500,10,15,5,0.3000,123,9999416581,9999413709,102,2048
docs\inst_test\instancias\n_1000_1,500,10,15,5,0.3000,42,9999887034,9999883351,109,2048
docs\inst_test\instancias\n_1000_1,500,10,15,5,0.2000,2026,9999357281,9999353085,121,2048
docs\inst_test\instancias\n_1000_1,500,10,15,5,0.3000,2026,9999887007,9999883468,110,2048
docs\inst_test\instancias\n_1000_1,500,10,15,10,0.3000,123,9999416581,9999413709,95,2048
docs\inst_test\instancias\n_1000_1,500,10,15,20,0.3000,123,9999416581,9999413709,91,2048
docs\inst_test\instancias\n_1000_1,500,10,15,10,0.3000,42,9999887034,9999883351,101,2048
docs\inst_test\instancias\n_1000_1,500,10,15,10,0.1000,42,9999297471,9999292890,144,2048
docs\inst_test\instancias\n_1000_1,500,10,15,10,0.2000,123,9998886934,9998883463,113,2048
docs\inst_test\instancias\n_1000_1,500,10,15,10,0.1000,123,9999827379,9999822923,125,2048
docs\inst_test\instancias\n_1000_1,500,10,15,10,0.3000,2026,9999887007,9999883468,106,2048
docs\inst_test\instancias\n_1000_1,500,10,15,20,0.2000,123,9998886934,9998883463,104,2048
docs\inst_test\instancias\n_1000_1,500,10,15,20,0.2000,2026,9999357281,9999353085,105,2048
docs\inst_test\instancias\n_1000_1,500,10,15,10,0.2000,2026,9999357281,9999353085,111,2048
docs\inst_test\instancias\n_1000_1,500,10,15,10,0.2000,42,9999357290,9999353138,122,2048
docs\inst_test\instancias\n_1000_1,500,10,15,20,0.3000,42,9999887034,9999883351,104,2048
docs\inst_test\instancias\n_1000_1,500,10,15,20,0.2000,42,9998827387,9998822899,112,2048
docs\inst_test\instancias\n_1000_1,500,10,15,10,0.1000,2026,9999827425,9999822843,130,2048
docs\inst_test\instancias\n_1000_1,500,10,15,20,0.3000,2026,9999887007,9999883468,110,2048
docs\inst_test\instancias\n_1000_1,500,10,15,20,0.1000,123,9999827379,9999822923,119,2048
docs\inst_test\instancias\n_1000_1,500,10,15,20,0.1000,2026,9995297202,9995292594,128,2048
docs\inst_test\instancias\n_1000_1,500,15,7,5,0.2000,42,9999357290,9999353138,117,2048
docs\inst_test\instancias\n_1000_1,500,15,7,5,0.3000,123,9999416581,9999413709,99,2048
docs\inst_test\instancias\n_1000_1,500,15,7,5,0.1000,123,9999827379,9999822923,124,2048
docs\inst_test\instancias\n_1000_1,500,15,7,5,0.1000,2026,9999827425,9999822843,131,2048
docs\inst_test\instancias\n_1000_1,500,15,7,5,0.3000,2026,9999887007,9999883468,108,2048
docs\inst_test\instancias\n_1000_1,500,10,15,20,0.1000,42,9999297486,9999292958,145,2048
docs\inst_test\instancias\n_1000_1,500,15,7,5,0.2000,123,9999887035,9999883564,119,2048
docs\inst_test\instancias\n_1000_1,500,15,7,5,0.3000,42,9999887034,9999883351,114,2048
docs\inst_test\instancias\n_1000_1,500,15,7,5,0.1000,42,9999297471,9999292890,138,2048
docs\inst_test\instancias\n_1000_1,500,15,7,5,0.2000,2026,9999357281,9999353085,124,2048
docs\inst_test\instancias\n_1000_1,500,15,7,10,0.1000,2026,9999827425,9999822843,118,2048
docs\inst_test\instancias\n_1000_1,500,15,7,10,0.1000,123,9999827379,9999822923,123,2048
docs\inst_test\instancias\n_1000_1,500,15,7,10,0.2000,123,9998886934,9998883463,113,2048
docs\inst_test\instancias\n_1000_1,500,15,7,10,0.1000,42,9999297471,9999292890,141,2048
docs\inst_test\instancias\n_1000_1,500,15,7,10,0.2000,42,9999357290,9999353138,125,2048
docs\inst_test\instancias\n_1000_1,500,15,7,10,0.3000,123,9999416581,9999413709,94,2048
docs\inst_test\instancias\n_1000_1,500,15,7,10,0.3000,42,9999887034,9999883351,101,2048
docs\inst_test\instancias\n_1000_1,500,15,7,10,0.2000,2026,9999357281,9999353085,107,2048
docs\inst_test\instancias\n_1000_1,500,15,7,20,0.3000,123,9999416581,9999413709,94,2048
docs\inst_test\instancias\n_1000_1,500,15,7,10,0.3000,2026,9999887007,9999883468,106,2048
docs\inst_test\instancias\n_1000_1,500,15,7,20,0.3000,2026,9999887007,9999883468,98,2048
docs\inst_test\instancias\n_1000_1,500,15,7,20,0.2000,2026,9999357281,9999353085,104,2048
docs\inst_test\instancias\n_1000_1,500,15,7,20,0.2000,123,9998886934,9998883463,106,2048
docs\inst_test\instancias\n_1000_1,500,15,7,20,0.2000,42,9998827387,9998822899,110,2048
docs\inst_test\instancias\n_1000_1,500,15,7,20,0.3000,42,9999887034,9999883351,114,2048
docs\inst_test\instancias\n_1000_1,500,15,7,20,0.1000,123,9999827379,9999822923,124,2048
docs\inst_test\instancias\n_1000_1,500,15,7,20,0.1000,42,9999297486,9999292958,135,2048
docs\inst_test\instancias\n_1000_1,500,15,7,20,0.1000,2026,9995297202,9995292594,136,2048
docs\inst_test\instancias\n_1000_1,500,15,10,5,0.3000,42,9999887034,9999883351,108,2048
docs\inst_test\instancias\n_1000_1,500,15,10,5,0.2000,123,9999887035,9999883564,110,2048
docs\inst_test\instancias\n_1000_1,500,15,10,5,0.3000,123,9999416581,9999413709,104,2048
docs\inst_test\instancias\n_1000_1,500,15,10,5,0.1000,2026,9999827425,9999822843,131,2048
docs\inst_test\instancias\n_1000_1,500,15,10,5,0.2000,2026,9999357281,9999353085,117,2048
docs\inst_test\instancias\n_1000_1,500,15,10,5,0.3000,2026,9999887007,9999883468,109,2048
docs\inst_test\instancias\n_1000_1,500,15,10,5,0.1000,123,9999827379,9999822923,134,2048
docs\inst_test\instancias\n_1000_1,500,15,10,5,0.2000,42,9999357290,9999353138,127,2048
docs\inst_test\instancias\n_1000_1,500,15,10,5,0.1000,42,9999297471,9999292890,141,2048
docs\inst_test\instancias\n_1000_1,500,15,10,10,0.2000,123,9998886934,9998883463,108,2048
docs\inst_test\instancias\n_1000_1,500,15,10,10,0.2000,42,9999357290,9999353138,121,2048
docs\inst_test\instancias\n_1000_1,500,15,10,10,0.1000,2026,9999827425,9999822843,122,2048
docs\inst_test\instancias\n_1000_1,500,15,10,10,0.1000,123,9999827379,9999822923,130,2048
docs\inst_test\instancias\n_1000_1,500,15,10,10,0.1000,42,9999297471,9999292890,136,2048
docs\inst_test\instancias\n_1000_1,500,15,10,10,0.3000,123,9999416581,9999413709,100,2048
docs\inst_test\instancias\n_1000_1,500,15,10,10,0.3000,42,9999887034,9999883351,107,2048
docs\inst_test\instancias\n_1000_1,500,15,10,10,0.2000,2026,9999357281,9999353085,110,2048
docs\inst_test\instancias\n_1000_1,500,15,10,10,0.3000,2026,9999887007,9999883468,109,2048
docs\inst_test\instancias\n_1000_1,500,15,10,20,0.1000,123,9999827379,9999822923,112,2048
docs\inst_test\instancias\n_1000_1,500,15,10,20,0.3000,123,9999416581,9999413709,92,2048
docs\inst_test\instancias\n_1000_1,500,15,10,20,0.2000,123,9998886934,9998883463,104,2048
docs\inst_test\instancias\n_1000_1,500,15,10,20,0.2000,42,9998827387,9998822899,113,2048
docs\inst_test\instancias\n_1000_1,500,15,10,20,0.3000,2026,9999887007,9999883468,101,2048
docs\inst_test\instancias\n_1000_1,500,15,10,20,0.3000,42,9999887034,9999883351,104,2048
docs\inst_test\instancias\n_1000_1,500,15,10,20,0.1000,2026,9995297202,9995292594,127,2048
docs\inst_test\instancias\n_1000_1,500,15,10,20,0.2000,2026,9999357281,9999353085,116,2048
docs\inst_test\instancias\n_1000_1,500,15,10,20,0.1000,42,9999297486,9999292958,142,2048
docs\inst_test\instancias\n_1000_1,500,15,15,5,0.3000,123,9999416581,9999413709,100,2048
docs\inst_test\instancias\n_1000_1,500,15,15,5,0.1000,42,9999297471,9999292890,136,2048
docs\inst_test\instancias\n_1000_1,500,15,15,5,0.3000,42,9999887034,9999883351,110,2048
docs\inst_test\instancias\n_1000_1,500,15,15,5,0.2000,123,9999887035,9999883564,114,2048
docs\inst_test\instancias\n_1000_1,500,15,15,5,0.3000,2026,9999887007,9999883468,106,2048
docs\inst_test\instancias\n_1000_1,500,15,15,5,0.2000,2026,9999357281,9999353085,116,2048
docs\inst_test\instancias\n_1000_1,500,15,15,5,0.1000,123,9999827379,9999822923,137,2048
docs\inst_test\instancias\n_1000_1,500,15,15,5,0.1000,2026,9999827425,9999822843,133,2048
docs\inst_test\instancias\n_1000_1,500,15,15,10,0.3000,123,9999416581,9999413709,92,2048
docs\inst_test\instancias\n_1000_1,500,15,15,5,0.2000,42,9999357290,9999353138,126,2048
docs\inst_test\instancias\n_1000_1,500,15,15,10,0.1000,123,9999827379,9999822923,116,2048
docs\inst_test\instancias\n_1000_1,500,15,15,10,0.2000,123,9998886934,9998883463,110,2048
docs\inst_test\instancias\n_1000_1,500,15,15,10,0.1000,42,9999297471,9999292890,122,2048
docs\inst_test\instancias\n_1000_1,500,15,15,10,0.2000,42,9999357290,9999353138,120,2048
docs\inst_test\instancias\n_1000_1,500,15,15,10,0.2000,2026,9999357281,9999353085,114,2048
docs\inst_test\instancias\n_1000_1,500,15,15,10,0.3000,42,9999887034,9999883351,109,2048
docs\inst_test\instancias\n_1000_1,500,15,15,10,0.3000,2026,9999887007,9999883468,106,2048
docs\inst_test\instancias\n_1000_1,500,15,15,10,0.1000,2026,9999827425,9999822843,130,2048
docs\inst_test\instancias\n_1000_1,500,15,15,20,0.2000,42,9998827387,9998822899,109,2048
docs\inst_test\instancias\n_1000_1,500,15,15,20,0.3000,123,9999416581,9999413709,91,2048
docs\inst_test\instancias\n_1000_1,500,15,15,20,0.1000,123,9999827379,9999822923,122,2048
docs\inst_test\instancias\n_1000_1,500,15,15,20,0.3000,42,9999887034,9999883351,100,2048
docs\inst_test\instancias\n_1000_1,500,15,15,20,0.2000,123,9998886934,9998883463,110,2048
docs\inst_test\instancias\n_1000_1,500,15,15,20,0.2000,2026,9999357281,9999353085,106,2048
docs\inst_test\instancias\n_1000_1,500,15,15,20,0.3000,2026,9999887007,9999883468,98,2048
docs\inst_test\instancias\n_1000_1,500,15,15,20,0.1000,42,9999297486,9999292958,131,2048
docs\inst_test\instancias\n_1000_1,500,15,15,20,0.1000,2026,9995297202,9995292594,134,2048
docs\inst_test\instancias\n_1000_1,500,20,7,5,0.1000,123,9999827379,9999822923,128,2048
docs\inst_test\instancias\n_1000_1,500,20,7,5,0.1000,42,9999297471,9999292890,131,2048
docs\inst_test\instancias\n_1000_1,500,20,7,5,0.2000,123,9999887035,9999883564,116,2048
docs\inst_test\instancias\n_1000_1,500,20,7,5,0.2000,42,9999357290,9999353138,123,2048
docs\inst_test\instancias\n_1000_1,500,20,7,5,0.1000,2026,9999827425,9999822843,129,2048
docs\inst_test\instancias\n_1000_1,500,20,7,5,0.3000,123,9999416581,9999413709,101,2048
docs\inst_test\instancias\n_1000_1,500,20,7,5,0.3000,42,9999887034,9999883351,111,2048
docs\inst_test\instancias\n_1000_1,500,20,7,5,0.2000,2026,9999357281,9999353085,118,2048
docs\inst_test\instancias\n_1000_1,500,20,7,5,0.3000,2026,9999887007,9999883468,110,2048
docs\inst_test\instancias\n_1000_1,500,20,7,10,0.3000,123,9999416581,9999413709,97,2048
docs\inst_test\instancias\n_1000_1,500,20,7,10,0.2000,123,9998886934,9998883463,104,2048
docs\inst_test\instancias\n_1000_1,500,20,7,10,0.3000,42,9999887034,9999883351,103,2048
docs\inst_test\instancias\n_1000_1,500,20,7,10,0.3000,2026,9999887007,9999883468,98,2048
docs\inst_test\instancias\n_1000_1,500,20,7,10,0.1000,123,9999827379,9999822923,116,2048
docs\inst_test\instancias\n_1000_1,500,20,7,10,0.1000,42,9999297471,9999292890,122,2048
docs\inst_test\instancias\n_1000_1,500,20,7,10,0.2000,2026,9999357281,9999353085,114,2048
docs\inst_test\instancias\n_1000_1,500,20,7,10,0.2000,42,9999357290,9999353138,118,2048
docs\inst_test\instancias\n_1000_1,500,20,7,10,0.1000,2026,9999827425,9999822843,130,2048
docs\inst_test\instancias\n_1000_1,500,20,7,20,0.2000,123,9998886934,9998883463,111,2048
docs\inst_test\instancias\n_1000_1,500,20,7,20,0.3000,42,9999887034,9999883351,98,2048
docs\inst_test\instancias\n_1000_1,500,20,7,20,0.2000,42,9998827387,9998822899,119,2048
docs\inst_test\instancias\n_1000_1,500,20,7,20,0.1000,123,9999827379,9999822923,121,2048
docs\inst_test\instancias\n_1000_1,500,20,7,20,0.3000,123,9999416581,9999413709,97,2048
docs\inst_test\instancias\n_1000_1,500,20,7,20,0.1000,42,9999297486,9999292958,126,2048
docs\inst_test\instancias\n_1000_1,500,20,7,20,0.2000,2026,9999357281,9999353085,110,2048
docs\inst_test\instancias\n_1000_1,500,20,7,20,0.3000,2026,9999887007,9999883468,100,2048
docs\inst_test\instancias\n_1000_1,500,20,7,20,0.1000,2026,9995297202,9995292594,131,2048
docs\inst_test\instancias\n_1000_1,500,20,10,5,0.2000,123,9999887035,9999883564,113,2048
docs\inst_test\instancias\n_1000_1,500,20,10,5,0.1000,2026,9999827425,9999822843,126,2048
docs\inst_test\instancias\n_1000_1,500,20,10,5,0.1000,123,9999827379,9999822923,127,2048
docs\inst_test\instancias\n_1000_1,500,20,10,5,0.2000,42,9999357290,9999353138,129,2048
docs\inst_test\instancias\n_1000_1,500,20,10,5,0.1000,42,9999297471,9999292890,137,2048
docs\inst_test\instancias\n_1000_1,500,20,10,5,0.3000,123,9999416581,9999413709,104,2048
docs\inst_test\instancias\n_1000_1,500,20,10,5,0.3000,42,9999887034,9999883351,108,2048
docs\inst_test\instancias\n_1000_1,500,20,10,5,0.3000,2026,9999887007,9999883468,110,2048
docs\inst_test\instancias\n_1000_1,500,20,10,5,0.2000,2026,9999357281,9999353085,120,2048
docs\inst_test\instancias\n_1000_1,500,20,10,10,0.3000,123,9999416581,9999413709,94,2048
docs\inst_test\instancias\n_1000_1,500,20,10,10,0.3000,42,9999887034,9999883351,101,2048
docs\inst_test\instancias\n_1000_1,500,20,10,10,0.3000,2026,9999887007,9999883468,100,2048
docs\inst_test\instancias\n_1000_1,500,20,10,10,0.2000,42,9999357290,9999353138,111,2048
docs\inst_test\instancias\n_1000_1,500,20,10,10,0.2000,123,9998886934,9998883463,112,2048
docs\inst_test\instancias\n_1000_1,500,20,10,10,0.1000,123,9999827379,9999822923,124,2048
docs\inst_test\instancias\n_1000_1,500,20,10,10,0.1000,42,9999297471,9999292890,126,2048
docs\inst_test\instancias\n_1000_1,500,20,10,10,0.2000,2026,9999357281,9999353085,114,2048
docs\inst_test\instancias\n_1000_1,500,20,10,10,0.1000,2026,9999827425,9999822843,125,2048
docs\inst_test\instancias\n_1000_1,500,20,10,20,0.1000,42,9999297486,9999292958,117,2048
docs\inst_test\instancias\n_1000_1,500,20,10,20,0.1000,123,9999827379,9999822923,115,2048
docs\inst_test\instancias\n_1000_1,500,20,10,20,0.3000,123,9999416581,9999413709,97,2048
docs\inst_test\instancias\n_1000_1,500,20,10,20,0.2000,42,9998827387,9998822899,118,2048
docs\inst_test\instancias\n_1000_1,500,20,10,20,0.2000,123,9998886934,9998883463,111,2048
docs\inst_test\instancias\n_1000_1,500,20,10,20,0.1000,2026,9995297202,9995292594,126,2048
docs\inst_test\instancias\n_1000_1,500,20,10,20,0.2000,2026,9999357281,9999353085,111,2048
docs\inst_test\instancias\n_1000_1,500,20,10,20,0.3000,2026,9999887007,9999883468,106,2048
docs\inst_test\instancias\n_1000_1,500,20,10,20,0.3000,42,9999887034,9999883351,115,2048
docs\inst_test\instancias\n_1000_1,500,20,15,5,0.2000,123,9999887035,9999883564,112,2048
docs\inst_test\instancias\n_1000_1,500,20,15,5,0.2000,42,9999357290,9999353138,118,2048
docs\inst_test\instancias\n_1000_1,500,20,15,5,0.1000,123,9999827379,9999822923,128,2048
docs\inst_test\instancias\n_1000_1,500,20,15,5,0.3000,123,9999416581,9999413709,100,2048
docs\inst_test\instancias\n_1000_1,500,20,15,5,0.1000,42,9999297471,9999292890,135,2048
docs\inst_test\instancias\n_1000_1,500,20,15,5,0.1000,2026,9999827425,9999822843,133,2048
docs\inst_test\instancias\n_1000_1,500,20,15,5,0.3000,42,9999887034,9999883351,105,2048
docs\inst_test\instancias\n_1000_1,500,20,15,5,0.3000,2026,9999887007,9999883468,105,2048
docs\inst_test\instancias\n_1000_1,500,20,15,5,0.2000,2026,9999357281,9999353085,118,2048
docs\inst_test\instancias\n_1000_1,500,20,15,10,0.1000,123,9999827379,9999822923,112,2048
docs\inst_test\instancias\n_1000_1,500,20,15,10,0.3000,2026,9999887007,9999883468,90,2048
docs\inst_test\instancias\n_1000_1,500,20,15,10,0.1000,42,9999297471,9999292890,122,2048
docs\inst_test\instancias\n_1000_1,500,20,15,10,0.1000,2026,9999827425,9999822843,114,2048
docs\inst_test\instancias\n_1000_1,500,20,15,10,0.3000,123,9999416581,9999413709,96,2048
docs\inst_test\instancias\n_1000_1,500,20,15,10,0.2000,123,9998886934,9998883463,103,2048
docs\inst_test\instancias\n_1000_1,500,20,15,10,0.2000,42,9999357290,9999353138,109,2048
docs\inst_test\instancias\n_1000_1,500,20,15,10,0.3000,42,9999887034,9999883351,102,2048
docs\inst_test\instancias\n_1000_1,500,20,15,10,0.2000,2026,9999357281,9999353085,107,2048
docs\inst_test\instancias\n_1000_1,500,20,15,20,0.2000,2026,9999357281,9999353085,83,2048
docs\inst_test\instancias\n_1000_1,500,20,15,20,0.3000,2026,9999887007,9999883468,81,2048
docs\inst_test\instancias\n_1000_1,500,20,15,20,0.2000,42,9998827387,9998822899,97,2048
docs\inst_test\instancias\n_1000_1,500,20,15,20,0.2000,123,9998886934,9998883463,92,2048
docs\inst_test\instancias\n_1000_1,500,20,15,20,0.1000,2026,9995297202,9995292594,102,2048
docs\inst_test\instancias\n_1000_1,500,20,15,20,0.1000,123,9999827379,9999822923,103,2048
docs\inst_test\instancias\n_1000_1,500,20,15,20,0.3000,123,9999416581,9999413709,87,2048
docs\inst_test\instancias\n_1000_1,500,20,15,20,0.1000,42,9999297486,9999292958,106,2048
docs\inst_test\instancias\n_1000_1,500,20,15,20,0.3000,42,9999887034,9999883351,95,2048
docs\inst_test\instancias\n_1000_10,100,10,7,20,0.1000,123,9980504397,9980493688,27,2008
docs\inst_test\instancias\n_1000_10,100,10,7,10,0.3000,123,9980504397,9980493688,29,2008
docs\inst_test\instancias\n_1000_10,100,10,7,20,0.2000,123,9980504397,9980493688,28,2008
docs\inst_test\instancias\n_1000_10,100,10,7,5,0.3000,2026,9980504397,9980493688,28,2008
docs\inst_test\instancias\n_1000_10,100,10,7,20,0.3000,2026,9980504397,9980493688,27,2008
docs\inst_test\instancias\n_1000_10,100,10,7,20,0.3000,42,9980504397,9980493688,27,2008
docs\inst_test\instancias\n_1000_10,100,10,7,20,0.2000,2026,9980504397,9980493688,28,2008
docs\inst_test\instancias\n_1000_10,100,10,7,10,0.2000,2026,9980504397,9980493688,30,2008
docs\inst_test\instancias\n_1000_10,100,10,7,5,0.1000,2026,9980504397,9980493688,32,2008
docs\inst_test\instancias\n_1000_10,100,10,7,20,0.3000,123,9980504397,9980493688,29,2008
docs\inst_test\instancias\n_1000_10,100,10,10,5,0.1000,42,9980504397,9980493688,29,2008
docs\inst_test\instancias\n_1000_10,100,10,10,5,0.2000,42,9980504397,9980493688,29,2008
docs\inst_test\instancias\n_1000_10,100,10,10,5,0.1000,123,9980504397,9980493688,30,2008
docs\inst_test\instancias\n_1000_10,100,10,7,5,0.2000,2026,9980504397,9980493688,34,2008
docs\inst_test\instancias\n_1000_10,100,10,10,5,0.2000,123,9980504397,9980493688,30,2008
docs\inst_test\instancias\n_1000_10,100,10,10,5,0.1000,2026,9980504397,9980493688,33,2008
docs\inst_test\instancias\n_1000_10,100,10,7,10,0.3000,2026,9980504397,9980493688,43,2008
docs\inst_test\instancias\n_1000_10,100,10,7,5,0.3000,42,9980504397,9980493688,46,2008
docs\inst_test\instancias\n_1000_10,100,10,7,20,0.1000,42,9980504397,9980493688,45,2008
docs\inst_test\instancias\n_1000_10,100,10,7,10,0.3000,42,9980504397,9980493688,45,2008
docs\inst_test\instancias\n_1000_10,100,10,7,5,0.2000,123,9980504397,9980493688,46,2008
docs\inst_test\instancias\n_1000_10,100,10,7,5,0.3000,123,9980504397,9980493688,45,2008
docs\inst_test\instancias\n_1000_10,100,10,7,10,0.2000,42,9980504397,9980493688,45,2008
docs\inst_test\instancias\n_1000_10,100,10,7,5,0.2000,42,9980504397,9980493688,46,2008
docs\inst_test\instancias\n_1000_10,100,10,7,5,0.1000,123,9980504397,9980493688,46,2008
docs\inst_test\instancias\n_1000_10,100,10,7,10,0.1000,123,9980504397,9980493688,47,2008
docs\inst_test\instancias\n_1000_10,100,10,7,10,0.2000,123,9980504397,9980493688,46,2008
docs\inst_test\instancias\n_1000_10,100,10,7,20,0.2000,42,9980504397,9980493688,45,2008
docs\inst_test\instancias\n_1000_10,100,10,7,20,0.1000,2026,9980504397,9980493688,46,2008
docs\inst_test\instancias\n_1000_10,100,10,7,5,0.1000,42,9980504397,9980493688,47,2008
docs\inst_test\instancias\n_1000_10,100,10,7,10,0.1000,2026,9980504397,9980493688,46,2008
docs\inst_test\instancias\n_1000_10,100,10,7,10,0.1000,42,9980504397,9980493688,46,2008
docs\inst_test\instancias\n_1000_10,100,10,10,5,0.2000,2026,9980504397,9980493688,30,2008
docs\inst_test\instancias\n_1000_10,100,10,10,5,0.3000,42,9980504397,9980493688,29,2008
docs\inst_test\instancias\n_1000_10,100,10,10,10,0.1000,42,9980504397,9980493688,29,2008
docs\inst_test\instancias\n_1000_10,100,10,10,5,0.3000,2026,9980504397,9980493688,29,2008
docs\inst_test\instancias\n_1000_10,100,10,10,10,0.1000,123,9980504397,9980493688,29,2008
docs\inst_test\instancias\n_1000_10,100,10,10,10,0.2000,42,9980504397,9980493688,28,2008
docs\inst_test\instancias\n_1000_10,100,10,10,10,0.3000,123,9980504397,9980493688,26,2008
docs\inst_test\instancias\n_1000_10,100,10,10,10,0.2000,123,9980504397,9980493688,27,2008
docs\inst_test\instancias\n_1000_10,100,10,10,10,0.1000,2026,9980504397,9980493688,28,2008
docs\inst_test\instancias\n_1000_10,100,10,10,10,0.2000,2026,9980504397,9980493688,29,2008
docs\inst_test\instancias\n_1000_10,100,10,10,10,0.3000,42,9980504397,9980493688,29,2008
docs\inst_test\instancias\n_1000_10,100,10,10,10,0.3000,2026,9980504397,9980493688,30,2008
docs\inst_test\instancias\n_1000_10,100,10,10,20,0.1000,123,9980504397,9980493688,28,2008
docs\inst_test\instancias\n_1000_10,100,10,10,20,0.1000,42,9980504397,9980493688,28,2008
docs\inst_test\instancias\n_1000_10,100,10,10,20,0.1000,2026,9980504397,9980493688,28,2008
docs\inst_test\instancias\n_1000_10,100,10,10,5,0.3000,123,9980504397,9980493688,34,2008
docs\inst_test\instancias\n_1000_10,100,10,15,10,0.1000,123,9980504397,9980493688,28,2008
docs\inst_test\instancias\n_1000_10,100,10,15,10,0.2000,123,9980504397,9980493688,28,2008
docs\inst_test\instancias\n_1000_10,100,10,15,10,0.2000,42,9980504397,9980493688,29,2008
docs\inst_test\instancias\n_1000_10,100,10,15,10,0.2000,2026,9980504397,9980493688,29,2008
docs\inst_test\instancias\n_1000_10,100,10,15,10,0.3000,123,9980504397,9980493688,28,2008
docs\inst_test\instancias\n_1000_10,100,10,15,10,0.3000,42,9980504397,9980493688,28,2008
docs\inst_test\instancias\n_1000_10,100,10,15,10,0.1000,2026,9980504397,9980493688,29,2008
docs\inst_test\instancias\n_1000_10,100,10,15,20,0.1000,123,9980504397,9980493688,27,2008
docs\inst_test\instancias\n_1000_10,100,10,15,10,0.3000,2026,9980504397,9980493688,29,2008
docs\inst_test\instancias\n_1000_10,100,10,10,20,0.3000,123,9980504397,9980493688,43,2008
docs\inst_test\instancias\n_1000_10,100,10,15,20,0.1000,2026,9980504397,9980493688,27,2008
docs\inst_test\instancias\n_1000_10,100,10,10,20,0.2000,42,9980504397,9980493688,45,2008
docs\inst_test\instancias\n_1000_10,100,10,15,20,0.2000,123,9980504397,9980493688,26,2008
docs\inst_test\instancias\n_1000_10,100,10,15,20,0.2000,42,9980504397,9980493688,28,2008
docs\inst_test\instancias\n_1000_10,100,10,15,20,0.2000,2026,9980504397,9980493688,28,2008
docs\inst_test\instancias\n_1000_10,100,10,10,20,0.3000,2026,9980504397,9980493688,44,2008
docs\inst_test\instancias\n_1000_10,100,10,10,20,0.2000,123,9980504397,9980493688,44,2008
docs\inst_test\instancias\n_1000_10,100,10,10,20,0.2000,2026,9980504397,9980493688,44,2008
docs\inst_test\instancias\n_1000_10,100,10,15,20,0.3000,42,9980504397,9980493688,28,2008
docs\inst_test\instancias\n_1000_10,100,10,15,20,0.3000,123,9980504397,9980493688,28,2008
docs\inst_test\instancias\n_1000_10,100,10,15,5,0.2000,123,9980504397,9980493688,45,2008
docs\inst_test\instancias\n_1000_10,100,10,15,5,0.3000,2026,9980504397,9980493688,45,2008
docs\inst_test\instancias\n_1000_10,100,10,15,5,0.3000,42,9980504397,9980493688,46,2008
docs\inst_test\instancias\n_1000_10,100,10,15,20,0.1000,42,9980504397,9980493688,34,2008
docs\inst_test\instancias\n_1000_10,100,10,15,5,0.3000,123,9980504397,9980493688,46,2008
docs\inst_test\instancias\n_1000_10,100,10,15,5,0.1000,42,9980504397,9980493688,47,2008
docs\inst_test\instancias\n_1000_10,100,10,15,5,0.2000,42,9980504397,9980493688,46,2008
docs\inst_test\instancias\n_1000_10,100,10,15,5,0.1000,2026,9980504397,9980493688,48,2008
docs\inst_test\instancias\n_1000_10,100,10,15,5,0.2000,2026,9980504397,9980493688,47,2008
docs\inst_test\instancias\n_1000_10,100,10,15,5,0.1000,123,9980504397,9980493688,48,2008
docs\inst_test\instancias\n_1000_10,100,10,10,20,0.3000,42,9980504397,9980493688,48,2008
docs\inst_test\instancias\n_1000_10,100,10,15,10,0.1000,42,9980504397,9980493688,48,2008
docs\inst_test\instancias\n_1000_10,100,10,15,20,0.3000,2026,9980504397,9980493688,27,2008
docs\inst_test\instancias\n_1000_10,100,15,7,5,0.2000,42,9980504397,9980493688,29,2008
docs\inst_test\instancias\n_1000_10,100,15,7,5,0.1000,42,9980504397,9980493688,29,2008
docs\inst_test\instancias\n_1000_10,100,15,7,5,0.1000,123,9980504397,9980493688,30,2008
docs\inst_test\instancias\n_1000_10,100,15,7,5,0.3000,42,9980504397,9980493688,29,2008
docs\inst_test\instancias\n_1000_10,100,15,7,5,0.2000,123,9980504397,9980493688,30,2008
docs\inst_test\instancias\n_1000_10,100,15,7,5,0.3000,123,9980504397,9980493688,30,2008
docs\inst_test\instancias\n_1000_10,100,15,7,10,0.2000,2026,9980504397,9980493688,27,2008
docs\inst_test\instancias\n_1000_10,100,15,7,10,0.2000,42,9980504397,9980493688,27,2008
docs\inst_test\instancias\n_1000_10,100,15,7,10,0.1000,42,9980504397,9980493688,30,2008
docs\inst_test\instancias\n_1000_10,100,15,7,10,0.3000,2026,9980504397,9980493688,27,2008
docs\inst_test\instancias\n_1000_10,100,15,7,5,0.1000,2026,9980504397,9980493688,32,2008
docs\inst_test\instancias\n_1000_10,100,15,7,5,0.2000,2026,9980504397,9980493688,33,2008
docs\inst_test\instancias\n_1000_10,100,15,7,20,0.2000,123,9980504397,9980493688,29,2008
docs\inst_test\instancias\n_1000_10,100,15,7,10,0.1000,2026,9980504397,9980493688,33,2008
docs\inst_test\instancias\n_1000_10,100,15,7,5,0.3000,2026,9980504397,9980493688,43,2008
docs\inst_test\instancias\n_1000_10,100,15,7,20,0.1000,42,9980504397,9980493688,43,2008
docs\inst_test\instancias\n_1000_10,100,15,7,10,0.3000,42,9980504397,9980493688,44,2008
docs\inst_test\instancias\n_1000_10,100,15,7,10,0.3000,123,9980504397,9980493688,45,2008
docs\inst_test\instancias\n_1000_10,100,15,7,10,0.1000,123,9980504397,9980493688,47,2008
docs\inst_test\instancias\n_1000_10,100,15,7,10,0.2000,123,9980504397,9980493688,47,2008
docs\inst_test\instancias\n_1000_10,100,15,7,20,0.3000,2026,9980504397,9980493688,43,2008
docs\inst_test\instancias\n_1000_10,100,15,7,20,0.2000,2026,9980504397,9980493688,45,2008
docs\inst_test\instancias\n_1000_10,100,15,7,20,0.3000,123,9980504397,9980493688,45,2008
docs\inst_test\instancias\n_1000_10,100,15,7,20,0.1000,123,9980504397,9980493688,47,2008
docs\inst_test\instancias\n_1000_10,100,15,7,20,0.2000,42,9980504397,9980493688,46,2008
docs\inst_test\instancias\n_1000_10,100,15,7,20,0.3000,42,9980504397,9980493688,47,2008
docs\inst_test\instancias\n_1000_10,100,15,7,20,0.1000,2026,9980504397,9980493688,47,2008
docs\inst_test\instancias\n_1000_10,100,15,10,5,0.1000,123,9980504397,9980493688,46,2008
docs\inst_test\instancias\n_1000_10,100,15,10,5,0.1000,2026,9980504397,9980493688,47,2008
docs\inst_test\instancias\n_1000_10,100,15,10,5,0.1000,42,9980504397,9980493688,48,2008
docs\inst_test\instancias\n_1000_10,100,15,10,5,0.2000,42,9980504397,9980493688,46,2008
docs\inst_test\instancias\n_1000_10,100,15,10,5,0.2000,123,9980504397,9980493688,32,2008
docs\inst_test\instancias\n_1000_10,100,15,10,10,0.2000,42,9980504397,9980493688,29,2008
docs\inst_test\instancias\n_1000_10,100,15,10,10,0.2000,123,9980504397,9980493688,28,2008
docs\inst_test\instancias\n_1000_10,100,15,10,10,0.1000,42,9980504397,9980493688,30,2008
docs\inst_test\instancias\n_1000_10,100,15,10,10,0.2000,2026,9980504397,9980493688,28,2008
docs\inst_test\instancias\n_1000_10,100,15,10,5,0.3000,2026,9980504397,9980493688,31,2008
docs\inst_test\instancias\n_1000_10,100,15,10,5,0.3000,42,9980504397,9980493688,31,2008
docs\inst_test\instancias\n_1000_10,100,15,10,10,0.1000,123,9980504397,9980493688,30,2008
docs\inst_test\instancias\n_1000_10,100,15,10,10,0.3000,123,9980504397,9980493688,27,2008
docs\inst_test\instancias\n_1000_10,100,15,10,10,0.3000,42,9980504397,9980493688,29,2008
docs\inst_test\instancias\n_1000_10,100,15,10,10,0.1000,2026,9980504397,9980493688,30,2008
docs\inst_test\instancias\n_1000_10,100,15,10,5,0.2000,2026,9980504397,9980493688,32,2008
docs\inst_test\instancias\n_1000_10,100,15,10,5,0.3000,123,9980504397,9980493688,32,2008
docs\inst_test\instancias\n_1000_10,100,15,10,20,0.1000,42,9980504397,9980493688,30,2008
docs\inst_test\instancias\n_1000_10,100,15,10,10,0.3000,2026,9980504397,9980493688,40,2008
docs\inst_test\instancias\n_1000_10,100,15,10,20,0.1000,2026,9980504397,9980493688,40,2008
docs\inst_test\instancias\n_1000_10,100,15,15,10,0.2000,123,9980504397,9980493688,28,2008
docs\inst_test\instancias\n_1000_10,100,15,15,10,0.1000,2026,9980504397,9980493688,29,2008
docs\inst_test\instancias\n_1000_10,100,15,15,10,0.3000,2026,9980504397,9980493688,28,2008
docs\inst_test\instancias\n_1000_10,100,15,15,10,0.1000,123,9980504397,9980493688,29,2008
docs\inst_test\instancias\n_1000_10,100,15,15,10,0.1000,42,9980504397,9980493688,30,2008
docs\inst_test\instancias\n_1000_10,100,15,15,20,0.1000,123,9980504397,9980493688,29,2008
docs\inst_test\instancias\n_1000_10,100,15,10,20,0.1000,123,9980504397,9980493688,44,2008
docs\inst_test\instancias\n_1000_10,100,15,15,10,0.2000,42,9980504397,9980493688,30,2008
docs\inst_test\instancias\n_1000_10,100,15,15,10,0.2000,2026,9980504397,9980493688,29,2008
docs\inst_test\instancias\n_1000_10,100,15,15,20,0.2000,42,9980504397,9980493688,28,2008
docs\inst_test\instancias\n_1000_10,100,15,15,10,0.3000,123,9980504397,9980493688,30,2008
docs\inst_test\instancias\n_1000_10,100,15,15,20,0.1000,42,9980504397,9980493688,31,2008
docs\inst_test\instancias\n_1000_10,100,15,15,20,0.1000,2026,9980504397,9980493688,30,2008
docs\inst_test\instancias\n_1000_10,100,15,15,10,0.3000,42,9980504397,9980493688,31,2008
docs\inst_test\instancias\n_1000_10,100,15,10,20,0.2000,42,9980504397,9980493688,45,2008
docs\inst_test\instancias\n_1000_10,100,15,10,20,0.2000,123,9980504397,9980493688,45,2008
docs\inst_test\instancias\n_1000_10,100,15,10,20,0.2000,2026,9980504397,9980493688,44,2008
docs\inst_test\instancias\n_1000_10,100,15,10,20,0.3000,42,9980504397,9980493688,43,2008
docs\inst_test\instancias\n_1000_10,100,15,10,20,0.3000,123,9980504397,9980493688,43,2008
docs\inst_test\instancias\n_1000_10,100,15,15,20,0.2000,123,9980504397,9980493688,28,2008
docs\inst_test\instancias\n_1000_10,100,15,10,20,0.3000,2026,9980504397,9980493688,45,2008
docs\inst_test\instancias\n_1000_10,100,15,15,5,0.1000,42,9980504397,9980493688,47,2008
docs\inst_test\instancias\n_1000_10,100,15,15,5,0.1000,123,9980504397,9980493688,47,2008
docs\inst_test\instancias\n_1000_10,100,15,15,5,0.2000,42,9980504397,9980493688,46,2008
docs\inst_test\instancias\n_1000_10,100,15,15,5,0.2000,123,9980504397,9980493688,47,2008
docs\inst_test\instancias\n_1000_10,100,15,15,5,0.2000,2026,9980504397,9980493688,47,2008
docs\inst_test\instancias\n_1000_10,100,15,15,5,0.3000,42,9980504397,9980493688,45,2008
docs\inst_test\instancias\n_1000_10,100,15,15,5,0.1000,2026,9980504397,9980493688,49,2008
docs\inst_test\instancias\n_1000_10,100,15,15,5,0.3000,2026,9980504397,9980493688,47,2008
docs\inst_test\instancias\n_1000_10,100,15,15,5,0.3000,123,9980504397,9980493688,47,2008
docs\inst_test\instancias\n_1000_10,100,15,15,20,0.2000,2026,9980504397,9980493688,28,2008
docs\inst_test\instancias\n_1000_10,100,15,15,20,0.3000,123,9980504397,9980493688,27,2008
docs\inst_test\instancias\n_1000_10,100,15,15,20,0.3000,42,9980504397,9980493688,27,2008
docs\inst_test\instancias\n_1000_10,100,15,15,20,0.3000,2026,9980504397,9980493688,29,2008
docs\inst_test\instancias\n_1000_10,100,20,7,5,0.1000,42,9980504397,9980493688,30,2008
docs\inst_test\instancias\n_1000_10,100,20,7,5,0.2000,2026,9980504397,9980493688,29,2008
docs\inst_test\instancias\n_1000_10,100,20,7,5,0.3000,42,9980504397,9980493688,29,2008
docs\inst_test\instancias\n_1000_10,100,20,7,5,0.3000,2026,9980504397,9980493688,29,2008
docs\inst_test\instancias\n_1000_10,100,20,7,5,0.1000,123,9980504397,9980493688,31,2008
docs\inst_test\instancias\n_1000_10,100,20,7,10,0.1000,42,9980504397,9980493688,28,2008
docs\inst_test\instancias\n_1000_10,100,20,7,10,0.1000,123,9980504397,9980493688,28,2008
docs\inst_test\instancias\n_1000_10,100,20,7,5,0.2000,42,9980504397,9980493688,31,2008
docs\inst_test\instancias\n_1000_10,100,20,7,10,0.1000,2026,9980504397,9980493688,29,2008
docs\inst_test\instancias\n_1000_10,100,20,7,5,0.1000,2026,9980504397,9980493688,32,2008
docs\inst_test\instancias\n_1000_10,100,20,7,10,0.3000,2026,9980504397,9980493688,27,2008
docs\inst_test\instancias\n_1000_10,100,20,7,5,0.3000,123,9980504397,9980493688,34,2008
docs\inst_test\instancias\n_1000_10,100,20,10,5,0.1000,123,9980504397,9980493688,30,2008
docs\inst_test\instancias\n_1000_10,100,20,7,5,0.2000,123,9980504397,9980493688,45,2008
docs\inst_test\instancias\n_1000_10,100,20,7,10,0.2000,42,9980504397,9980493688,45,2008
docs\inst_test\instancias\n_1000_10,100,20,7,10,0.2000,123,9980504397,9980493688,44,2008
docs\inst_test\instancias\n_1000_10,100,20,7,10,0.3000,123,9980504397,9980493688,44,2008
docs\inst_test\instancias\n_1000_10,100,20,7,10,0.3000,42,9980504397,9980493688,44,2008
docs\inst_test\instancias\n_1000_10,100,20,7,10,0.2000,2026,9980504397,9980493688,45,2008
docs\inst_test\instancias\n_1000_10,100,20,7,20,0.1000,42,9980504397,9980493688,46,2008
docs\inst_test\instancias\n_1000_10,100,20,10,5,0.1000,2026,9980504397,9980493688,30,2008
docs\inst_test\instancias\n_1000_10,100,20,7,20,0.2000,2026,9980504397,9980493688,44,2008
docs\inst_test\instancias\n_1000_10,100,20,7,20,0.3000,42,9980504397,9980493688,45,2008
docs\inst_test\instancias\n_1000_10,100,20,7,20,0.3000,123,9980504397,9980493688,44,2008
docs\inst_test\instancias\n_1000_10,100,20,7,20,0.2000,123,9980504397,9980493688,45,2008
docs\inst_test\instancias\n_1000_10,100,20,7,20,0.2000,42,9980504397,9980493688,46,2008
docs\inst_test\instancias\n_1000_10,100,20,7,20,0.1000,123,9980504397,9980493688,47,2008
docs\inst_test\instancias\n_1000_10,100,20,7,20,0.1000,2026,9980504397,9980493688,47,2008
docs\inst_test\instancias\n_1000_10,100,20,7,20,0.3000,2026,9980504397,9980493688,44,2008
docs\inst_test\instancias\n_1000_10,100,20,10,5,0.2000,42,9980504397,9980493688,32,2008
docs\inst_test\instancias\n_1000_10,100,20,10,5,0.2000,2026,9980504397,9980493688,29,2008
docs\inst_test\instancias\n_1000_10,100,20,10,5,0.3000,42,9980504397,9980493688,29,2008
docs\inst_test\instancias\n_1000_10,100,20,10,5,0.3000,123,9980504397,9980493688,29,2008
docs\inst_test\instancias\n_1000_10,100,20,10,10,0.1000,123,9980504397,9980493688,28,2008
docs\inst_test\instancias\n_1000_10,100,20,10,5,0.3000,2026,9980504397,9980493688,29,2008
docs\inst_test\instancias\n_1000_10,100,20,10,10,0.1000,2026,9980504397,9980493688,29,2008
docs\inst_test\instancias\n_1000_10,100,20,10,10,0.2000,123,9980504397,9980493688,28,2008
docs\inst_test\instancias\n_1000_10,100,20,10,10,0.1000,42,9980504397,9980493688,29,2008
docs\inst_test\instancias\n_1000_10,100,20,10,5,0.2000,123,9980504397,9980493688,32,2008
docs\inst_test\instancias\n_1000_10,100,20,10,10,0.3000,42,9980504397,9980493688,27,2008
docs\inst_test\instancias\n_1000_10,100,20,10,10,0.2000,42,9980504397,9980493688,30,2008
docs\inst_test\instancias\n_1000_10,100,20,10,10,0.2000,2026,9980504397,9980493688,30,2008
docs\inst_test\instancias\n_1000_10,100,20,10,5,0.1000,42,9980504397,9980493688,49,2008
docs\inst_test\instancias\n_1000_10,100,20,10,10,0.3000,123,9980504397,9980493688,28,2008
docs\inst_test\instancias\n_1000_10,100,20,10,10,0.3000,2026,9980504397,9980493688,28,2008
docs\inst_test\instancias\n_1000_10,100,20,10,20,0.3000,123,9980504397,9980493688,27,2008
docs\inst_test\instancias\n_1000_10,100,20,15,5,0.3000,2026,9980504397,9980493688,29,2008
docs\inst_test\instancias\n_1000_10,100,20,15,10,0.1000,42,9980504397,9980493688,29,2008
docs\inst_test\instancias\n_1000_10,100,20,15,10,0.2000,42,9980504397,9980493688,28,2008
docs\inst_test\instancias\n_1000_10,100,20,15,10,0.1000,2026,9980504397,9980493688,29,2008
docs\inst_test\instancias\n_1000_10,100,20,15,10,0.2000,123,9980504397,9980493688,28,2008
docs\inst_test\instancias\n_1000_10,100,20,15,5,0.3000,123,9980504397,9980493688,30,2008
docs\inst_test\instancias\n_1000_10,100,20,15,10,0.3000,42,9980504397,9980493688,28,2008
docs\inst_test\instancias\n_1000_10,100,20,15,10,0.1000,123,9980504397,9980493688,29,2008
docs\inst_test\instancias\n_1000_10,100,20,15,10,0.3000,2026,9980504397,9980493688,28,2008
docs\inst_test\instancias\n_1000_10,100,20,15,10,0.3000,123,9980504397,9980493688,28,2008
docs\inst_test\instancias\n_1000_10,100,20,15,10,0.2000,2026,9980504397,9980493688,29,2008
docs\inst_test\instancias\n_1000_10,100,20,15,20,0.1000,42,9980504397,9980493688,28,2008
docs\inst_test\instancias\n_1000_10,100,20,15,20,0.1000,123,9980504397,9980493688,28,2008
docs\inst_test\instancias\n_1000_10,100,20,10,20,0.1000,42,9980504397,9980493688,45,2008
docs\inst_test\instancias\n_1000_10,100,20,15,20,0.2000,42,9980504397,9980493688,28,2008
docs\inst_test\instancias\n_1000_10,100,20,10,20,0.1000,123,9980504397,9980493688,44,2008
docs\inst_test\instancias\n_1000_10,100,20,10,20,0.2000,2026,9980504397,9980493688,44,2008
docs\inst_test\instancias\n_1000_10,100,20,10,20,0.1000,2026,9980504397,9980493688,46,2008
docs\inst_test\instancias\n_1000_10,100,20,10,20,0.2000,123,9980504397,9980493688,46,2008
docs\inst_test\instancias\n_1000_10,100,20,10,20,0.3000,42,9980504397,9980493688,44,2008
docs\inst_test\instancias\n_1000_10,100,20,10,20,0.2000,42,9980504397,9980493688,49,2008
docs\inst_test\instancias\n_1000_10,100,20,10,20,0.3000,2026,9980504397,9980493688,44,2008
docs\inst_test\instancias\n_1000_10,100,20,15,20,0.2000,123,9980504397,9980493688,27,2008
docs\inst_test\instancias\n_1000_10,100,20,15,5,0.2000,42,9980504397,9980493688,46,2008
docs\inst_test\instancias\n_1000_10,100,20,15,5,0.3000,42,9980504397,9980493688,45,2008
docs\inst_test\instancias\n_1000_10,100,20,15,5,0.2000,123,9980504397,9980493688,47,2008
docs\inst_test\instancias\n_1000_10,100,20,15,5,0.2000,2026,9980504397,9980493688,46,2008
docs\inst_test\instancias\n_1000_10,100,20,15,5,0.1000,123,9980504397,9980493688,47,2008
docs\inst_test\instancias\n_1000_10,100,20,15,5,0.1000,2026,9980504397,9980493688,48,2008
docs\inst_test\instancias\n_1000_10,100,20,15,5,0.1000,42,9980504397,9980493688,48,2008
docs\inst_test\instancias\n_1000_10,100,20,15,20,0.1000,2026,9980504397,9980493688,45,2008
docs\inst_test\instancias\n_1000_10,100,20,15,20,0.2000,2026,9980504397,9980493688,27,2008
docs\inst_test\instancias\n_1000_10,100,20,15,20,0.3000,2026,9980504397,9980493688,26,2008
docs\inst_test\instancias\n_1000_10,100,20,15,20,0.3000,123,9980504397,9980493688,27,2008
docs\inst_test\instancias\n_1000_10,100,20,15,20,0.3000,42,9980504397,9980493688,29,2008
docs\inst_test\instancias\n_1000_10,300,10,7,5,0.3000,42,9980504397,9980493688,87,2008
docs\inst_test\instancias\n_1000_10,300,10,7,10,0.1000,42,9980504529,9980493829,87,2008
docs\inst_test\instancias\n_1000_10,300,10,7,5,0.3000,123,9980504397,9980493688,88,2008
docs\inst_test\instancias\n_1000_10,300,10,7,10,0.1000,2026,9980504650,9980493853,86,2008
docs\inst_test\instancias\n_1000_10,300,10,7,5,0.3000,2026,9980504397,9980493688,89,2008
docs\inst_test\instancias\n_1000_10,300,10,7,5,0.2000,42,9980504397,9980493688,91,2008
docs\inst_test\instancias\n_1000_10,300,10,7,5,0.2000,2026,9980504397,9980493688,90,2008
docs\inst_test\instancias\n_1000_10,300,10,7,5,0.1000,2026,9980504650,9980493853,94,2008
docs\inst_test\instancias\n_1000_10,300,10,7,5,0.1000,123,9980504397,9980493688,94,2008
docs\inst_test\instancias\n_1000_10,300,10,7,5,0.2000,123,9980504397,9980493688,97,2008
docs\inst_test\instancias\n_1000_10,300,10,7,20,0.1000,123,9980504397,9980493688,85,2008
docs\inst_test\instancias\n_1000_10,300,10,7,5,0.1000,42,9980504397,9980493688,100,2008
docs\inst_test\instancias\n_1000_10,300,10,10,5,0.2000,42,9980504397,9980493688,92,2008
docs\inst_test\instancias\n_1000_10,300,10,10,5,0.2000,123,9980504397,9980493688,92,2008
docs\inst_test\instancias\n_1000_10,300,10,10,5,0.1000,2026,9980504650,9980493853,101,2008
docs\inst_test\instancias\n_1000_10,300,10,10,5,0.1000,123,9980504397,9980493688,106,2008
docs\inst_test\instancias\n_1000_10,300,10,7,10,0.3000,42,9980504397,9980493688,131,2008
docs\inst_test\instancias\n_1000_10,300,10,7,10,0.2000,123,9980504397,9980493688,132,2008
docs\inst_test\instancias\n_1000_10,300,10,7,10,0.1000,123,9980504397,9980493688,136,2008
docs\inst_test\instancias\n_1000_10,300,10,7,10,0.3000,2026,9980504397,9980493688,129,2008
docs\inst_test\instancias\n_1000_10,300,10,7,10,0.2000,2026,9980504397,9980493688,133,2008
docs\inst_test\instancias\n_1000_10,300,10,7,10,0.3000,123,9980504397,9980493688,132,2008
docs\inst_test\instancias\n_1000_10,300,10,7,10,0.2000,42,9980504397,9980493688,138,2008
docs\inst_test\instancias\n_1000_10,300,10,7,20,0.1000,42,9980504397,9980493688,136,2008
docs\inst_test\instancias\n_1000_10,300,10,7,20,0.2000,123,9980504397,9980493688,132,2008
docs\inst_test\instancias\n_1000_10,300,10,7,20,0.3000,2026,9980504397,9980493688,133,2008
docs\inst_test\instancias\n_1000_10,300,10,7,20,0.2000,42,9980504397,9980493688,135,2008
docs\inst_test\instancias\n_1000_10,300,10,7,20,0.3000,42,9980504397,9980493688,134,2008
docs\inst_test\instancias\n_1000_10,300,10,7,20,0.2000,2026,9980504397,9980493688,135,2008
docs\inst_test\instancias\n_1000_10,300,10,7,20,0.3000,123,9980504397,9980493688,144,2008
docs\inst_test\instancias\n_1000_10,300,10,10,5,0.1000,42,9980504397,9980493688,146,2008
docs\inst_test\instancias\n_1000_10,300,10,7,20,0.1000,2026,9980504397,9980493688,155,2008
docs\inst_test\instancias\n_1000_10,300,10,10,5,0.3000,123,9980504397,9980493688,89,2008
docs\inst_test\instancias\n_1000_10,300,10,10,10,0.1000,42,9980504529,9980493829,87,2008
docs\inst_test\instancias\n_1000_10,300,10,10,10,0.1000,123,9980504397,9980493688,87,2008
docs\inst_test\instancias\n_1000_10,300,10,10,5,0.3000,42,9980504397,9980493688,90,2008
docs\inst_test\instancias\n_1000_10,300,10,10,10,0.3000,42,9980504397,9980493688,81,2008
docs\inst_test\instancias\n_1000_10,300,10,10,10,0.1000,2026,9980504650,9980493853,90,2008
docs\inst_test\instancias\n_1000_10,300,10,10,10,0.2000,42,9980504397,9980493688,89,2008
docs\inst_test\instancias\n_1000_10,300,10,10,10,0.2000,123,9980504397,9980493688,89,2008
docs\inst_test\instancias\n_1000_10,300,10,10,10,0.3000,123,9980504397,9980493688,85,2008
docs\inst_test\instancias\n_1000_10,300,10,10,5,0.3000,2026,9980504397,9980493688,96,2008
docs\inst_test\instancias\n_1000_10,300,10,10,10,0.2000,2026,9980504397,9980493688,90,2008
docs\inst_test\instancias\n_1000_10,300,10,10,5,0.2000,2026,9980504397,9980493688,109,2008
docs\inst_test\instancias\n_1000_10,300,10,10,10,0.3000,2026,9980504397,9980493688,81,2008
docs\inst_test\instancias\n_1000_10,300,10,10,20,0.1000,42,9980504397,9980493688,89,2008
docs\inst_test\instancias\n_1000_10,300,10,10,20,0.1000,123,9980504397,9980493688,91,2008
docs\inst_test\instancias\n_1000_10,300,10,10,20,0.1000,2026,9980504397,9980493688,89,2008
docs\inst_test\instancias\n_1000_10,300,10,10,20,0.3000,42,9980504397,9980493688,100,2008
docs\inst_test\instancias\n_1000_10,300,10,10,20,0.3000,2026,9980504397,9980493688,98,2008
docs\inst_test\instancias\n_1000_10,300,10,10,20,0.3000,123,9980504397,9980493688,101,2008
docs\inst_test\instancias\n_1000_10,300,10,10,20,0.2000,123,9980504397,9980493688,104,2008
docs\inst_test\instancias\n_1000_10,300,10,10,20,0.2000,42,9980504397,9980493688,104,2008
docs\inst_test\instancias\n_1000_10,300,10,10,20,0.2000,2026,9980504397,9980493688,105,2008
docs\inst_test\instancias\n_1000_10,300,10,15,5,0.1000,42,9980504397,9980493688,110,2008
docs\inst_test\instancias\n_1000_10,300,10,15,5,0.1000,2026,9980504650,9980493853,106,2008
docs\inst_test\instancias\n_1000_10,300,10,15,5,0.2000,42,9980504397,9980493688,106,2008
docs\inst_test\instancias\n_1000_10,300,10,15,5,0.1000,123,9980504397,9980493688,109,2008
docs\inst_test\instancias\n_1000_10,300,10,15,5,0.3000,123,9980504397,9980493688,97,2008
docs\inst_test\instancias\n_1000_10,300,10,15,5,0.3000,42,9980504397,9980493688,107,2008
docs\inst_test\instancias\n_1000_10,300,10,15,10,0.2000,2026,9980504397,9980493688,80,2008
docs\inst_test\instancias\n_1000_10,300,10,15,10,0.3000,42,9980504397,9980493688,78,2008
docs\inst_test\instancias\n_1000_10,300,10,15,5,0.2000,2026,9980504397,9980493688,110,2008
docs\inst_test\instancias\n_1000_10,300,10,15,5,0.3000,2026,9980504397,9980493688,95,2008
docs\inst_test\instancias\n_1000_10,300,10,15,10,0.1000,123,9980504397,9980493688,86,2008
docs\inst_test\instancias\n_1000_10,300,10,15,10,0.2000,42,9980504397,9980493688,86,2008
docs\inst_test\instancias\n_1000_10,300,10,15,10,0.1000,2026,9980504650,9980493853,86,2008
docs\inst_test\instancias\n_1000_10,300,10,15,10,0.2000,123,9980504397,9980493688,85,2008
docs\inst_test\instancias\n_1000_10,300,10,15,10,0.3000,2026,9980504397,9980493688,82,2008
docs\inst_test\instancias\n_1000_10,300,10,15,20,0.1000,2026,9980504397,9980493688,80,2008
docs\inst_test\instancias\n_1000_10,300,10,15,5,0.2000,123,9980504397,9980493688,122,2008
docs\inst_test\instancias\n_1000_10,300,10,15,20,0.1000,42,9980504397,9980493688,87,2008
docs\inst_test\instancias\n_1000_10,300,10,15,10,0.3000,123,9980504397,9980493688,88,2008
docs\inst_test\instancias\n_1000_10,300,10,15,10,0.1000,42,9980504529,9980493829,105,2008
docs\inst_test\instancias\n_1000_10,300,10,15,20,0.1000,123,9980504397,9980493688,90,2008
docs\inst_test\instancias\n_1000_10,300,10,15,20,0.2000,123,9980504397,9980493688,84,2008
docs\inst_test\instancias\n_1000_10,300,10,15,20,0.2000,42,9980504397,9980493688,90,2008
docs\inst_test\instancias\n_1000_10,300,10,15,20,0.3000,123,9980504397,9980493688,74,2008
docs\inst_test\instancias\n_1000_10,300,10,15,20,0.2000,2026,9980504397,9980493688,84,2008
docs\inst_test\instancias\n_1000_10,300,10,15,20,0.3000,42,9980504397,9980493688,78,2008
docs\inst_test\instancias\n_1000_10,300,10,15,20,0.3000,2026,9980504397,9980493688,71,2008
docs\inst_test\instancias\n_1000_10,300,15,7,5,0.1000,42,9980504397,9980493688,84,2008
docs\inst_test\instancias\n_1000_10,300,15,7,5,0.2000,123,9980504397,9980493688,82,2008
docs\inst_test\instancias\n_1000_10,300,15,7,5,0.1000,123,9980504397,9980493688,84,2008
docs\inst_test\instancias\n_1000_10,300,15,7,5,0.1000,2026,9980504650,9980493853,83,2008
docs\inst_test\instancias\n_1000_10,300,15,7,5,0.2000,42,9980504397,9980493688,84,2008
docs\inst_test\instancias\n_1000_10,300,15,7,5,0.3000,42,9980504397,9980493688,78,2008
docs\inst_test\instancias\n_1000_10,300,15,7,5,0.3000,123,9980504397,9980493688,79,2008
docs\inst_test\instancias\n_1000_10,300,15,7,5,0.3000,2026,9980504397,9980493688,78,2008
docs\inst_test\instancias\n_1000_10,300,15,7,5,0.2000,2026,9980504397,9980493688,81,2008
docs\inst_test\instancias\n_1000_10,300,15,7,10,0.1000,42,9980504529,9980493829,78,2008
docs\inst_test\instancias\n_1000_10,300,15,7,10,0.1000,2026,9980504650,9980493853,77,2008
docs\inst_test\instancias\n_1000_10,300,15,7,10,0.2000,2026,9980504397,9980493688,76,2008
docs\inst_test\instancias\n_1000_10,300,15,7,10,0.2000,123,9980504397,9980493688,82,2008
docs\inst_test\instancias\n_1000_10,300,15,7,10,0.3000,2026,9980504397,9980493688,80,2008
docs\inst_test\instancias\n_1000_10,300,15,7,10,0.3000,123,9980504397,9980493688,80,2008
docs\inst_test\instancias\n_1000_10,300,15,7,10,0.2000,42,9980504397,9980493688,86,2008
docs\inst_test\instancias\n_1000_10,300,15,7,10,0.3000,42,9980504397,9980493688,81,2008
docs\inst_test\instancias\n_1000_10,300,15,7,10,0.1000,123,9980504397,9980493688,89,2008
docs\inst_test\instancias\n_1000_10,300,15,7,20,0.1000,2026,9980504397,9980493688,81,2008
docs\inst_test\instancias\n_1000_10,300,15,7,20,0.1000,42,9980504397,9980493688,85,2008
docs\inst_test\instancias\n_1000_10,300,15,7,20,0.1000,123,9980504397,9980493688,85,2008
docs\inst_test\instancias\n_1000_10,300,15,7,20,0.2000,123,9980504397,9980493688,80,2008
docs\inst_test\instancias\n_1000_10,300,15,7,20,0.3000,123,9980504397,9980493688,78,2008
docs\inst_test\instancias\n_1000_10,300,15,7,20,0.2000,2026,9980504397,9980493688,82,2008
docs\inst_test\instancias\n_1000_10,300,15,7,20,0.3000,42,9980504397,9980493688,79,2008
docs\inst_test\instancias\n_1000_10,300,15,7,20,0.2000,42,9980504397,9980493688,84,2008
docs\inst_test\instancias\n_1000_10,300,15,7,20,0.3000,2026,9980504397,9980493688,77,2008
docs\inst_test\instancias\n_1000_10,300,15,10,5,0.1000,123,9980504397,9980493688,84,2008
docs\inst_test\instancias\n_1000_10,300,15,10,5,0.1000,42,9980504397,9980493688,92,2008
docs\inst_test\instancias\n_1000_10,300,15,10,5,0.1000,2026,9980504650,9980493853,90,2008
docs\inst_test\instancias\n_1000_10,300,15,10,5,0.2000,42,9980504397,9980493688,90,2008
docs\inst_test\instancias\n_1000_10,300,15,10,5,0.2000,123,9980504397,9980493688,81,2008
docs\inst_test\instancias\n_1000_10,300,15,10,5,0.3000,2026,9980504397,9980493688,78,2008
docs\inst_test\instancias\n_1000_10,300,15,10,10,0.1000,42,9980504529,9980493829,79,2008
docs\inst_test\instancias\n_1000_10,300,15,10,5,0.3000,123,9980504397,9980493688,80,2008
docs\inst_test\instancias\n_1000_10,300,15,10,5,0.2000,2026,9980504397,9980493688,84,2008
docs\inst_test\instancias\n_1000_10,300,15,10,5,0.3000,42,9980504397,9980493688,82,2008
docs\inst_test\instancias\n_1000_10,300,15,10,10,0.3000,42,9980504397,9980493688,73,2008
docs\inst_test\instancias\n_1000_10,300,15,10,10,0.1000,123,9980504397,9980493688,78,2008
docs\inst_test\instancias\n_1000_10,300,15,10,10,0.2000,123,9980504397,9980493688,76,2008
docs\inst_test\instancias\n_1000_10,300,15,10,10,0.3000,123,9980504397,9980493688,74,2008
docs\inst_test\instancias\n_1000_10,300,15,10,10,0.1000,2026,9980504650,9980493853,78,2008
docs\inst_test\instancias\n_1000_10,300,15,10,10,0.2000,42,9980504397,9980493688,81,2008
docs\inst_test\instancias\n_1000_10,300,15,10,10,0.2000,2026,9980504397,9980493688,79,2008
docs\inst_test\instancias\n_1000_10,300,15,10,20,0.1000,2026,9980504397,9980493688,75,2008
docs\inst_test\instancias\n_1000_10,300,15,10,10,0.3000,2026,9980504397,9980493688,80,2008
docs\inst_test\instancias\n_1000_10,300,15,10,20,0.2000,2026,9980504397,9980493688,74,2008
docs\inst_test\instancias\n_1000_10,300,15,10,20,0.1000,123,9980504397,9980493688,83,2008
docs\inst_test\instancias\n_1000_10,300,15,10,20,0.1000,42,9980504397,9980493688,83,2008
docs\inst_test\instancias\n_1000_10,300,15,10,20,0.2000,42,9980504397,9980493688,82,2008
docs\inst_test\instancias\n_1000_10,300,15,10,20,0.2000,123,9980504397,9980493688,81,2008
docs\inst_test\instancias\n_1000_10,300,15,10,20,0.3000,2026,9980504397,9980493688,78,2008
docs\inst_test\instancias\n_1000_10,300,15,10,20,0.3000,123,9980504397,9980493688,80,2008
docs\inst_test\instancias\n_1000_10,300,15,10,20,0.3000,42,9980504397,9980493688,84,2008
docs\inst_test\instancias\n_1000_10,300,15,15,5,0.1000,123,9980504397,9980493688,90,2008
docs\inst_test\instancias\n_1000_10,300,15,15,5,0.1000,2026,9980504650,9980493853,91,2008
docs\inst_test\instancias\n_1000_10,300,15,15,5,0.2000,42,9980504397,9980493688,90,2008
docs\inst_test\instancias\n_1000_10,300,15,15,5,0.1000,42,9980504397,9980493688,91,2008
docs\inst_test\instancias\n_1000_10,300,15,15,5,0.2000,123,9980504397,9980493688,89,2008
docs\inst_test\instancias\n_1000_10,300,15,15,5,0.2000,2026,9980504397,9980493688,84,2008
docs\inst_test\instancias\n_1000_10,300,15,15,5,0.3000,42,9980504397,9980493688,87,2008
docs\inst_test\instancias\n_1000_10,300,15,15,5,0.3000,123,9980504397,9980493688,84,2008
docs\inst_test\instancias\n_1000_10,300,15,15,10,0.1000,42,9980504529,9980493829,79,2008
docs\inst_test\instancias\n_1000_10,300,15,15,5,0.3000,2026,9980504397,9980493688,84,2008
docs\inst_test\instancias\n_1000_10,300,15,15,10,0.2000,42,9980504397,9980493688,76,2008
docs\inst_test\instancias\n_1000_10,300,15,15,10,0.3000,42,9980504397,9980493688,74,2008
docs\inst_test\instancias\n_1000_10,300,15,15,10,0.2000,123,9980504397,9980493688,76,2008
docs\inst_test\instancias\n_1000_10,300,15,15,10,0.1000,123,9980504397,9980493688,79,2008
docs\inst_test\instancias\n_1000_10,300,15,15,10,0.3000,2026,9980504397,9980493688,72,2008
docs\inst_test\instancias\n_1000_10,300,15,15,10,0.3000,123,9980504397,9980493688,75,2008
docs\inst_test\instancias\n_1000_10,300,15,15,10,0.2000,2026,9980504397,9980493688,77,2008
docs\inst_test\instancias\n_1000_10,300,15,15,10,0.1000,2026,9980504650,9980493853,80,2008
docs\inst_test\instancias\n_1000_10,300,15,15,20,0.1000,123,9980504397,9980493688,76,2008
docs\inst_test\instancias\n_1000_10,300,15,15,20,0.1000,42,9980504397,9980493688,78,2008
docs\inst_test\instancias\n_1000_10,300,15,15,20,0.1000,2026,9980504397,9980493688,76,2008
docs\inst_test\instancias\n_1000_10,300,15,15,20,0.2000,123,9980504397,9980493688,74,2008
docs\inst_test\instancias\n_1000_10,300,15,15,20,0.3000,42,9980504397,9980493688,72,2008
docs\inst_test\instancias\n_1000_10,300,15,15,20,0.2000,42,9980504397,9980493688,80,2008
docs\inst_test\instancias\n_1000_10,300,15,15,20,0.2000,2026,9980504397,9980493688,81,2008
docs\inst_test\instancias\n_1000_10,300,15,15,20,0.3000,123,9980504397,9980493688,77,2008
docs\inst_test\instancias\n_1000_10,300,15,15,20,0.3000,2026,9980504397,9980493688,77,2008
docs\inst_test\instancias\n_1000_10,300,20,7,5,0.2000,42,9980504397,9980493688,88,2008
docs\inst_test\instancias\n_1000_10,300,20,7,5,0.1000,2026,9980504650,9980493853,89,2008
docs\inst_test\instancias\n_1000_10,300,20,7,5,0.1000,123,9980504397,9980493688,92,2008
docs\inst_test\instancias\n_1000_10,300,20,7,5,0.2000,123,9980504397,9980493688,88,2008
docs\inst_test\instancias\n_1000_10,300,20,7,5,0.1000,42,9980504397,9980493688,94,2008
docs\inst_test\instancias\n_1000_10,300,20,7,5,0.3000,123,9980504397,9980493688,84,2008
docs\inst_test\instancias\n_1000_10,300,20,7,5,0.3000,2026,9980504397,9980493688,85,2008
docs\inst_test\instancias\n_1000_10,300,20,7,5,0.3000,42,9980504397,9980493688,86,2008
docs\inst_test\instancias\n_1000_10,300,20,7,5,0.2000,2026,9980504397,9980493688,89,2008
docs\inst_test\instancias\n_1000_10,300,20,7,10,0.1000,42,9980504529,9980493829,87,2008
docs\inst_test\instancias\n_1000_10,300,20,7,10,0.1000,123,9980504397,9980493688,79,2008
docs\inst_test\instancias\n_1000_10,300,20,7,10,0.2000,123,9980504397,9980493688,76,2008
docs\inst_test\instancias\n_1000_10,300,20,7,10,0.2000,42,9980504397,9980493688,82,2008
docs\inst_test\instancias\n_1000_10,300,20,7,10,0.1000,2026,9980504650,9980493853,85,2008
docs\inst_test\instancias\n_1000_10,300,20,7,10,0.2000,2026,9980504397,9980493688,82,2008
docs\inst_test\instancias\n_1000_10,300,20,7,10,0.3000,42,9980504397,9980493688,74,2008
docs\inst_test\instancias\n_1000_10,300,20,7,10,0.3000,123,9980504397,9980493688,73,2008
docs\inst_test\instancias\n_1000_10,300,20,7,20,0.2000,42,9980504397,9980493688,74,2008
docs\inst_test\instancias\n_1000_10,300,20,7,20,0.2000,123,9980504397,9980493688,74,2008
docs\inst_test\instancias\n_1000_10,300,20,7,20,0.1000,123,9980504397,9980493688,77,2008
docs\inst_test\instancias\n_1000_10,300,20,7,20,0.1000,2026,9980504397,9980493688,75,2008
docs\inst_test\instancias\n_1000_10,300,20,7,20,0.2000,2026,9980504397,9980493688,73,2008
docs\inst_test\instancias\n_1000_10,300,20,7,20,0.1000,42,9980504397,9980493688,79,2008
docs\inst_test\instancias\n_1000_10,300,20,7,20,0.3000,123,9980504397,9980493688,71,2008
docs\inst_test\instancias\n_1000_10,300,20,7,10,0.3000,2026,9980504397,9980493688,81,2008
docs\inst_test\instancias\n_1000_10,300,20,7,20,0.3000,42,9980504397,9980493688,76,2008
docs\inst_test\instancias\n_1000_10,300,20,7,20,0.3000,2026,9980504397,9980493688,74,2008
docs\inst_test\instancias\n_1000_10,300,20,10,5,0.1000,123,9980504397,9980493688,84,2008
docs\inst_test\instancias\n_1000_10,300,20,10,5,0.1000,42,9980504397,9980493688,86,2008
docs\inst_test\instancias\n_1000_10,300,20,10,5,0.1000,2026,9980504650,9980493853,89,2008
docs\inst_test\instancias\n_1000_10,300,20,10,5,0.2000,42,9980504397,9980493688,87,2008
docs\inst_test\instancias\n_1000_10,300,20,10,5,0.2000,123,9980504397,9980493688,87,2008
docs\inst_test\instancias\n_1000_10,300,20,10,5,0.3000,42,9980504397,9980493688,83,2008
docs\inst_test\instancias\n_1000_10,300,20,10,5,0.3000,123,9980504397,9980493688,84,2008
docs\inst_test\instancias\n_1000_10,300,20,10,5,0.2000,2026,9980504397,9980493688,86,2008
docs\inst_test\instancias\n_1000_10,300,20,10,5,0.3000,2026,9980504397,9980493688,87,2008
docs\inst_test\instancias\n_1000_10,300,20,10,10,0.1000,42,9980504529,9980493829,88,2008
docs\inst_test\instancias\n_1000_10,300,20,10,10,0.3000,42,9980504397,9980493688,74,2008
docs\inst_test\instancias\n_1000_10,300,20,10,10,0.2000,42,9980504397,9980493688,84,2008
docs\inst_test\instancias\n_1000_10,300,20,10,10,0.1000,2026,9980504650,9980493853,85,2008
docs\inst_test\instancias\n_1000_10,300,20,10,10,0.2000,123,9980504397,9980493688,82,2008
docs\inst_test\instancias\n_1000_10,300,20,10,10,0.1000,123,9980504397,9980493688,89,2008
docs\inst_test\instancias\n_1000_10,300,20,10,10,0.3000,123,9980504397,9980493688,73,2008
docs\inst_test\instancias\n_1000_10,300,20,10,10,0.2000,2026,9980504397,9980493688,84,2008
docs\inst_test\instancias\n_1000_10,300,20,10,20,0.2000,42,9980504397,9980493688,74,2008
docs\inst_test\instancias\n_1000_10,300,20,10,10,0.3000,2026,9980504397,9980493688,81,2008
docs\inst_test\instancias\n_1000_10,300,20,10,20,0.3000,42,9980504397,9980493688,71,2008
docs\inst_test\instancias\n_1000_10,300,20,10,20,0.3000,2026,9980504397,9980493688,70,2008
docs\inst_test\instancias\n_1000_10,300,20,10,20,0.3000,123,9980504397,9980493688,72,2008
docs\inst_test\instancias\n_1000_10,300,20,10,20,0.2000,2026,9980504397,9980493688,73,2008
docs\inst_test\instancias\n_1000_10,300,20,10,20,0.2000,123,9980504397,9980493688,74,2008
docs\inst_test\instancias\n_1000_10,300,20,10,20,0.1000,42,9980504397,9980493688,85,2008
docs\inst_test\instancias\n_1000_10,300,20,10,20,0.1000,2026,9980504397,9980493688,80,2008
docs\inst_test\instancias\n_1000_10,300,20,10,20,0.1000,123,9980504397,9980493688,84,2008
docs\inst_test\instancias\n_1000_10,300,20,15,5,0.1000,123,9980504397,9980493688,84,2008
docs\inst_test\instancias\n_1000_10,300,20,15,5,0.2000,42,9980504397,9980493688,83,2008
docs\inst_test\instancias\n_1000_10,300,20,15,5,0.1000,2026,9980504650,9980493853,85,2008
docs\inst_test\instancias\n_1000_10,300,20,15,5,0.2000,123,9980504397,9980493688,82,2008
docs\inst_test\instancias\n_1000_10,300,20,15,5,0.1000,42,9980504397,9980493688,90,2008
docs\inst_test\instancias\n_1000_10,300,20,15,5,0.2000,2026,9980504397,9980493688,82,2008
docs\inst_test\instancias\n_1000_10,300,20,15,5,0.3000,42,9980504397,9980493688,86,2008
docs\inst_test\instancias\n_1000_10,300,20,15,5,0.3000,2026,9980504397,9980493688,84,2008
docs\inst_test\instancias\n_1000_10,300,20,15,5,0.3000,123,9980504397,9980493688,84,2008
docs\inst_test\instancias\n_1000_10,300,20,15,10,0.1000,42,9980504529,9980493829,89,2008
docs\inst_test\instancias\n_1000_10,300,20,15,10,0.3000,42,9980504397,9980493688,73,2008
docs\inst_test\instancias\n_1000_10,300,20,15,10,0.1000,123,9980504397,9980493688,85,2008
docs\inst_test\instancias\n_1000_10,300,20,15,10,0.2000,42,9980504397,9980493688,84,2008
docs\inst_test\instancias\n_1000_10,300,20,15,10,0.1000,2026,9980504650,9980493853,87,2008
docs\inst_test\instancias\n_1000_10,300,20,15,10,0.2000,2026,9980504397,9980493688,83,2008
docs\inst_test\instancias\n_1000_10,300,20,15,10,0.2000,123,9980504397,9980493688,85,2008
docs\inst_test\instancias\n_1000_10,300,20,15,10,0.3000,2026,9980504397,9980493688,79,2008
docs\inst_test\instancias\n_1000_10,300,20,15,10,0.3000,123,9980504397,9980493688,81,2008
docs\inst_test\instancias\n_1000_10,300,20,15,20,0.1000,2026,9980504397,9980493688,77,2008
docs\inst_test\instancias\n_1000_10,300,20,15,20,0.1000,42,9980504397,9980493688,84,2008
docs\inst_test\instancias\n_1000_10,300,20,15,20,0.1000,123,9980504397,9980493688,83,2008
docs\inst_test\instancias\n_1000_10,300,20,15,20,0.3000,42,9980504397,9980493688,71,2008
docs\inst_test\instancias\n_1000_10,300,20,15,20,0.3000,123,9980504397,9980493688,72,2008
docs\inst_test\instancias\n_1000_10,300,20,15,20,0.2000,42,9980504397,9980493688,83,2008
docs\inst_test\instancias\n_1000_10,300,20,15,20,0.3000,2026,9980504397,9980493688,72,2008
docs\inst_test\instancias\n_1000_10,300,20,15,20,0.2000,123,9980504397,9980493688,75,2008
docs\inst_test\instancias\n_1000_10,300,20,15,20,0.2000,2026,9980504397,9980493688,85,2008
docs\inst_test\instancias\n_1000_10,500,10,7,5,0.1000,42,9980504397,9980493688,141,2008
docs\inst_test\instancias\n_1000_10,500,10,7,5,0.1000,123,9980504397,9980493688,141,2008
docs\inst_test\instancias\n_1000_10,500,10,7,5,0.2000,42,9980504397,9980493688,140,2008
docs\inst_test\instancias\n_1000_10,500,10,7,5,0.3000,42,9980504397,9980493688,131,2008
docs\inst_test\instancias\n_1000_10,500,10,7,5,0.3000,2026,9980504397,9980493688,131,2008
docs\inst_test\instancias\n_1000_10,500,10,7,5,0.3000,123,9980504397,9980493688,134,2008
docs\inst_test\instancias\n_1000_10,500,10,7,5,0.2000,2026,9980504397,9980493688,137,2008
docs\inst_test\instancias\n_1000_10,500,10,7,5,0.2000,123,9980504397,9980493688,149,2008
docs\inst_test\instancias\n_1000_10,500,10,7,5,0.1000,2026,9980504819,9980493916,150,2008
docs\inst_test\instancias\n_1000_10,500,10,7,10,0.1000,42,9980504529,9980493829,141,2008
docs\inst_test\instancias\n_1000_10,500,10,7,10,0.1000,123,9980504397,9980493688,134,2008
docs\inst_test\instancias\n_1000_10,500,10,7,10,0.1000,2026,9980504650,9980493853,134,2008
docs\inst_test\instancias\n_1000_10,500,10,7,10,0.3000,42,9980504397,9980493688,121,2008
docs\inst_test\instancias\n_1000_10,500,10,7,10,0.2000,123,9980504397,9980493688,139,2008
docs\inst_test\instancias\n_1000_10,500,10,7,10,0.2000,2026,9980504397,9980493688,137,2008
docs\inst_test\instancias\n_1000_10,500,10,7,10,0.3000,123,9980504397,9980493688,133,2008
docs\inst_test\instancias\n_1000_10,500,10,7,20,0.2000,2026,9980504397,9980493688,124,2008
docs\inst_test\instancias\n_1000_10,500,10,7,10,0.2000,42,9980504397,9980493688,147,2008
docs\inst_test\instancias\n_1000_10,500,10,7,20,0.3000,2026,9980504397,9980493688,119,2008
docs\inst_test\instancias\n_1000_10,500,10,7,10,0.3000,2026,9980504397,9980493688,138,2008
docs\inst_test\instancias\n_1000_10,500,10,7,20,0.2000,42,9980504397,9980493688,136,2008
docs\inst_test\instancias\n_1000_10,500,10,7,20,0.1000,42,9980504529,9980493829,140,2008
docs\inst_test\instancias\n_1000_10,500,10,7,20,0.1000,123,9980504397,9980493688,139,2008
docs\inst_test\instancias\n_1000_10,500,10,7,20,0.3000,42,9980504397,9980493688,133,2008
docs\inst_test\instancias\n_1000_10,500,10,7,20,0.1000,2026,9980504650,9980493853,139,2008
docs\inst_test\instancias\n_1000_10,500,10,7,20,0.2000,123,9980504397,9980493688,138,2008
docs\inst_test\instancias\n_1000_10,500,10,7,20,0.3000,123,9980504397,9980493688,137,2008
docs\inst_test\instancias\n_1000_10,500,10,10,5,0.1000,42,9980504397,9980493688,141,2008
docs\inst_test\instancias\n_1000_10,500,10,10,5,0.2000,42,9980504397,9980493688,143,2008
docs\inst_test\instancias\n_1000_10,500,10,10,5,0.1000,2026,9980504819,9980493916,146,2008
docs\inst_test\instancias\n_1000_10,500,10,10,5,0.1000,123,9980504397,9980493688,157,2008
docs\inst_test\instancias\n_1000_10,500,10,10,5,0.2000,123,9980504397,9980493688,147,2008
docs\inst_test\instancias\n_1000_10,500,10,10,5,0.3000,42,9980504397,9980493688,133,2008
docs\inst_test\instancias\n_1000_10,500,10,10,5,0.3000,123,9980504397,9980493688,134,2008
docs\inst_test\instancias\n_1000_10,500,10,10,5,0.3000,2026,9980504397,9980493688,131,2008
docs\inst_test\instancias\n_1000_10,500,10,10,5,0.2000,2026,9980504397,9980493688,136,2008
docs\inst_test\instancias\n_1000_10,500,10,10,10,0.1000,42,9980504529,9980493829,133,2008
docs\inst_test\instancias\n_1000_10,500,10,10,10,0.1000,123,9980504397,9980493688,131,2008
docs\inst_test\instancias\n_1000_10,500,10,10,10,0.1000,2026,9980504650,9980493853,132,2008
docs\inst_test\instancias\n_1000_10,500,10,10,10,0.3000,42,9980504397,9980493688,121,2008
docs\inst_test\instancias\n_1000_10,500,10,10,10,0.2000,2026,9980504397,9980493688,127,2008
docs\inst_test\instancias\n_1000_10,500,10,10,10,0.2000,42,9980504397,9980493688,138,2008
docs\inst_test\instancias\n_1000_10,500,10,10,10,0.2000,123,9980504397,9980493688,138,2008
docs\inst_test\instancias\n_1000_10,500,10,10,10,0.3000,123,9980504397,9980493688,126,2008
docs\inst_test\instancias\n_1000_10,500,10,10,10,0.3000,2026,9980504397,9980493688,124,2008
docs\inst_test\instancias\n_1000_10,500,10,10,20,0.2000,42,9980504397,9980493688,122,2008
docs\inst_test\instancias\n_1000_10,500,10,10,20,0.2000,2026,9980504397,9980493688,123,2008
docs\inst_test\instancias\n_1000_10,500,10,10,20,0.1000,123,9980504397,9980493688,139,2008
docs\inst_test\instancias\n_1000_10,500,10,10,20,0.1000,42,9980504529,9980493829,143,2008
docs\inst_test\instancias\n_1000_10,500,10,10,20,0.1000,2026,9980504650,9980493853,139,2008
docs\inst_test\instancias\n_1000_10,500,10,10,20,0.3000,123,9980504397,9980493688,129,2008
docs\inst_test\instancias\n_1000_10,500,10,10,20,0.3000,42,9980504397,9980493688,132,2008
docs\inst_test\instancias\n_1000_10,500,10,10,20,0.2000,123,9980504397,9980493688,138,2008
docs\inst_test\instancias\n_1000_10,500,10,10,20,0.3000,2026,9980504397,9980493688,130,2008
docs\inst_test\instancias\n_1000_10,500,10,15,5,0.2000,42,9980504397,9980493688,146,2008
docs\inst_test\instancias\n_1000_10,500,10,15,5,0.1000,42,9980504397,9980493688,150,2008
docs\inst_test\instancias\n_1000_10,500,10,15,5,0.1000,123,9980504397,9980493688,150,2008
docs\inst_test\instancias\n_1000_10,500,10,15,5,0.2000,2026,9980504397,9980493688,137,2008
docs\inst_test\instancias\n_1000_10,500,10,15,5,0.3000,42,9980504397,9980493688,135,2008
docs\inst_test\instancias\n_1000_10,500,10,15,5,0.3000,123,9980504397,9980493688,134,2008
docs\inst_test\instancias\n_1000_10,500,10,15,5,0.1000,2026,9980504819,9980493916,153,2008
docs\inst_test\instancias\n_1000_10,500,10,15,5,0.2000,123,9980504397,9980493688,151,2008
docs\inst_test\instancias\n_1000_10,500,10,15,5,0.3000,2026,9980504397,9980493688,141,2008
docs\inst_test\instancias\n_1000_10,500,10,15,10,0.1000,42,9980504529,9980493829,143,2008
docs\inst_test\instancias\n_1000_10,500,10,15,10,0.3000,42,9980504397,9980493688,121,2008
docs\inst_test\instancias\n_1000_10,500,10,15,10,0.2000,42,9980504397,9980493688,127,2008
docs\inst_test\instancias\n_1000_10,500,10,15,10,0.3000,123,9980504397,9980493688,124,2008
docs\inst_test\instancias\n_1000_10,500,10,15,10,0.2000,2026,9980504397,9980493688,127,2008
docs\inst_test\instancias\n_1000_10,500,10,15,10,0.2000,123,9980504397,9980493688,132,2008
docs\inst_test\instancias\n_1000_10,500,10,15,10,0.3000,2026,9980504397,9980493688,126,2008
docs\inst_test\instancias\n_1000_10,500,10,15,10,0.1000,123,9980504397,9980493688,137,2008
docs\inst_test\instancias\n_1000_10,500,10,15,10,0.1000,2026,9980504650,9980493853,137,2008
docs\inst_test\instancias\n_1000_10,500,10,15,20,0.2000,42,9980504397,9980493688,125,2008
docs\inst_test\instancias\n_1000_10,500,10,15,20,0.1000,42,9980504529,9980493829,133,2008
docs\inst_test\instancias\n_1000_10,500,10,15,20,0.2000,123,9980504397,9980493688,125,2008
docs\inst_test\instancias\n_1000_10,500,10,15,20,0.1000,123,9980504397,9980493688,138,2008
docs\inst_test\instancias\n_1000_10,500,10,15,20,0.3000,42,9980504397,9980493688,117,2008
docs\inst_test\instancias\n_1000_10,500,10,15,20,0.2000,2026,9980504397,9980493688,123,2008
docs\inst_test\instancias\n_1000_10,500,10,15,20,0.1000,2026,9980504650,9980493853,143,2008
docs\inst_test\instancias\n_1000_10,500,10,15,20,0.3000,123,9980504397,9980493688,129,2008
docs\inst_test\instancias\n_1000_10,500,10,15,20,0.3000,2026,9980504397,9980493688,130,2008
docs\inst_test\instancias\n_1000_10,500,15,7,5,0.2000,123,9980504397,9980493688,148,2008
docs\inst_test\instancias\n_1000_10,500,15,7,5,0.3000,2026,9980504397,9980493688,131,2008
docs\inst_test\instancias\n_1000_10,500,15,7,5,0.1000,2026,9980504819,9980493916,154,2008
docs\inst_test\instancias\n_1000_10,500,15,7,10,0.1000,42,9980504529,9980493829,131,2008
docs\inst_test\instancias\n_1000_10,500,15,7,5,0.1000,42,9980504397,9980493688,155,2008
docs\inst_test\instancias\n_1000_10,500,15,7,5,0.1000,123,9980504397,9980493688,156,2008
docs\inst_test\instancias\n_1000_10,500,15,7,5,0.2000,42,9980504397,9980493688,155,2008
docs\inst_test\instancias\n_1000_10,500,15,7,10,0.1000,123,9980504397,9980493688,135,2008
docs\inst_test\instancias\n_1000_10,500,15,7,5,0.3000,42,9980504397,9980493688,143,2008
docs\inst_test\instancias\n_1000_10,500,15,7,5,0.3000,123,9980504397,9980493688,143,2008
docs\inst_test\instancias\n_1000_10,500,15,7,5,0.2000,2026,9980504397,9980493688,155,2008
docs\inst_test\instancias\n_1000_10,500,15,7,10,0.1000,2026,9980504650,9980493853,153,2008
docs\inst_test\instancias\n_1000_10,500,15,7,10,0.2000,42,9980504397,9980493688,150,2008
docs\inst_test\instancias\n_1000_10,500,15,7,10,0.2000,123,9980504397,9980493688,145,2008
docs\inst_test\instancias\n_1000_10,500,15,7,10,0.2000,2026,9980504397,9980493688,142,2008
docs\inst_test\instancias\n_1000_10,500,15,7,10,0.3000,42,9980504397,9980493688,127,2008
docs\inst_test\instancias\n_1000_10,500,15,7,10,0.3000,123,9980504397,9980493688,128,2008
docs\inst_test\instancias\n_1000_10,500,15,7,10,0.3000,2026,9980504397,9980493688,125,2008
docs\inst_test\instancias\n_1000_10,500,15,7,20,0.1000,42,9980504529,9980493829,128,2008
docs\inst_test\instancias\n_1000_10,500,15,7,20,0.2000,42,9980504397,9980493688,125,2008
docs\inst_test\instancias\n_1000_10,500,15,7,20,0.1000,123,9980504397,9980493688,128,2008
docs\inst_test\instancias\n_1000_10,500,15,7,20,0.1000,2026,9980504650,9980493853,128,2008
docs\inst_test\instancias\n_1000_10,500,15,7,20,0.3000,42,9980504397,9980493688,120,2008
docs\inst_test\instancias\n_1000_10,500,15,7,20,0.2000,123,9980504397,9980493688,127,2008
docs\inst_test\instancias\n_1000_10,500,15,7,20,0.3000,123,9980504397,9980493688,118,2008
docs\inst_test\instancias\n_1000_10,500,15,7,20,0.2000,2026,9980504397,9980493688,124,2008
docs\inst_test\instancias\n_1000_10,500,15,7,20,0.3000,2026,9980504397,9980493688,136,2008
docs\inst_test\instancias\n_1000_10,500,15,10,5,0.1000,123,9980504397,9980493688,143,2008
docs\inst_test\instancias\n_1000_10,500,15,10,5,0.1000,42,9980504397,9980493688,147,2008
docs\inst_test\instancias\n_1000_10,500,15,10,5,0.1000,2026,9980504819,9980493916,150,2008
docs\inst_test\instancias\n_1000_10,500,15,10,5,0.2000,123,9980504397,9980493688,146,2008
docs\inst_test\instancias\n_1000_10,500,15,10,5,0.2000,42,9980504397,9980493688,150,2008
docs\inst_test\instancias\n_1000_10,500,15,10,5,0.3000,42,9980504397,9980493688,130,2008
docs\inst_test\instancias\n_1000_10,500,15,10,5,0.3000,2026,9980504397,9980493688,133,2008
docs\inst_test\instancias\n_1000_10,500,15,10,10,0.2000,42,9980504397,9980493688,130,2008
docs\inst_test\instancias\n_1000_10,500,15,10,10,0.1000,42,9980504529,9980493829,143,2008
docs\inst_test\instancias\n_1000_10,500,15,10,10,0.1000,2026,9980504650,9980493853,142,2008
docs\inst_test\instancias\n_1000_10,500,15,10,5,0.3000,123,9980504397,9980493688,148,2008
docs\inst_test\instancias\n_1000_10,500,15,10,10,0.2000,123,9980504397,9980493688,141,2008
docs\inst_test\instancias\n_1000_10,500,15,10,5,0.2000,2026,9980504397,9980493688,156,2008
docs\inst_test\instancias\n_1000_10,500,15,10,10,0.1000,123,9980504397,9980493688,152,2008
docs\inst_test\instancias\n_1000_10,500,15,10,10,0.2000,2026,9980504397,9980493688,144,2008
docs\inst_test\instancias\n_1000_10,500,15,10,10,0.3000,123,9980504397,9980493688,138,2008
docs\inst_test\instancias\n_1000_10,500,15,10,10,0.3000,2026,9980504397,9980493688,138,2008
docs\inst_test\instancias\n_1000_10,500,15,10,10,0.3000,42,9980504397,9980493688,145,2008
docs\inst_test\instancias\n_1000_10,500,15,10,20,0.3000,42,9980504397,9980493688,117,2008
docs\inst_test\instancias\n_1000_10,500,15,10,20,0.2000,123,9980504397,9980493688,122,2008
docs\inst_test\instancias\n_1000_10,500,15,10,20,0.2000,42,9980504397,9980493688,124,2008
docs\inst_test\instancias\n_1000_10,500,15,10,20,0.1000,123,9980504397,9980493688,142,2008
docs\inst_test\instancias\n_1000_10,500,15,10,20,0.3000,2026,9980504397,9980493688,120,2008
docs\inst_test\instancias\n_1000_10,500,15,10,20,0.3000,123,9980504397,9980493688,121,2008
docs\inst_test\instancias\n_1000_10,500,15,10,20,0.1000,42,9980504529,9980493829,144,2008
docs\inst_test\instancias\n_1000_10,500,15,10,20,0.2000,2026,9980504397,9980493688,123,2008
docs\inst_test\instancias\n_1000_10,500,15,10,20,0.1000,2026,9980504650,9980493853,131,2008
docs\inst_test\instancias\n_1000_10,500,15,15,5,0.2000,42,9980504397,9980493688,135,2008
docs\inst_test\instancias\n_1000_10,500,15,15,5,0.1000,42,9980504397,9980493688,140,2008
docs\inst_test\instancias\n_1000_10,500,15,15,5,0.1000,123,9980504397,9980493688,141,2008
docs\inst_test\instancias\n_1000_10,500,15,15,5,0.1000,2026,9980504819,9980493916,145,2008
docs\inst_test\instancias\n_1000_10,500,15,15,5,0.3000,42,9980504397,9980493688,134,2008
docs\inst_test\instancias\n_1000_10,500,15,15,5,0.2000,123,9980504397,9980493688,145,2008
docs\inst_test\instancias\n_1000_10,500,15,15,5,0.2000,2026,9980504397,9980493688,142,2008
docs\inst_test\instancias\n_1000_10,500,15,15,5,0.3000,123,9980504397,9980493688,146,2008
docs\inst_test\instancias\n_1000_10,500,15,15,5,0.3000,2026,9980504397,9980493688,140,2008
docs\inst_test\instancias\n_1000_10,500,15,15,10,0.1000,123,9980504397,9980493688,133,2008
docs\inst_test\instancias\n_1000_10,500,15,15,10,0.2000,42,9980504397,9980493688,125,2008
docs\inst_test\instancias\n_1000_10,500,15,15,10,0.1000,42,9980504529,9980493829,141,2008
docs\inst_test\instancias\n_1000_10,500,15,15,10,0.1000,2026,9980504650,9980493853,133,2008
docs\inst_test\instancias\n_1000_10,500,15,15,10,0.2000,2026,9980504397,9980493688,137,2008
docs\inst_test\instancias\n_1000_10,500,15,15,10,0.2000,123,9980504397,9980493688,139,2008
docs\inst_test\instancias\n_1000_10,500,15,15,10,0.3000,2026,9980504397,9980493688,133,2008
docs\inst_test\instancias\n_1000_10,500,15,15,10,0.3000,42,9980504397,9980493688,139,2008
docs\inst_test\instancias\n_1000_10,500,15,15,20,0.3000,42,9980504397,9980493688,118,2008
docs\inst_test\instancias\n_1000_10,500,15,15,10,0.3000,123,9980504397,9980493688,142,2008
docs\inst_test\instancias\n_1000_10,500,15,15,20,0.1000,42,9980504529,9980493829,141,2008
docs\inst_test\instancias\n_1000_10,500,15,15,20,0.3000,123,9980504397,9980493688,120,2008
docs\inst_test\instancias\n_1000_10,500,15,15,20,0.2000,2026,9980504397,9980493688,123,2008
docs\inst_test\instancias\n_1000_10,500,15,15,20,0.1000,123,9980504397,9980493688,142,2008
docs\inst_test\instancias\n_1000_10,500,15,15,20,0.1000,2026,9980504650,9980493853,140,2008
docs\inst_test\instancias\n_1000_10,500,15,15,20,0.2000,123,9980504397,9980493688,137,2008
docs\inst_test\instancias\n_1000_10,500,15,15,20,0.2000,42,9980504397,9980493688,143,2008
docs\inst_test\instancias\n_1000_10,500,15,15,20,0.3000,2026,9980504397,9980493688,132,2008
docs\inst_test\instancias\n_1000_10,500,20,7,5,0.2000,42,9980504397,9980493688,136,2008
docs\inst_test\instancias\n_1000_10,500,20,7,5,0.2000,123,9980504397,9980493688,136,2008
docs\inst_test\instancias\n_1000_10,500,20,7,5,0.1000,42,9980504397,9980493688,143,2008
docs\inst_test\instancias\n_1000_10,500,20,7,5,0.1000,123,9980504397,9980493688,147,2008
docs\inst_test\instancias\n_1000_10,500,20,7,5,0.3000,42,9980504397,9980493688,130,2008
docs\inst_test\instancias\n_1000_10,500,20,7,5,0.1000,2026,9980504819,9980493916,156,2008
docs\inst_test\instancias\n_1000_10,500,20,7,5,0.3000,123,9980504397,9980493688,136,2008
docs\inst_test\instancias\n_1000_10,500,20,7,5,0.3000,2026,9980504397,9980493688,133,2008
docs\inst_test\instancias\n_1000_10,500,20,7,5,0.2000,2026,9980504397,9980493688,143,2008
docs\inst_test\instancias\n_1000_10,500,20,7,10,0.1000,42,9980504529,9980493829,131,2008
docs\inst_test\instancias\n_1000_10,500,20,7,10,0.1000,123,9980504397,9980493688,142,2008
docs\inst_test\instancias\n_1000_10,500,20,7,10,0.1000,2026,9980504650,9980493853,137,2008
docs\inst_test\instancias\n_1000_10,500,20,7,10,0.3000,42,9980504397,9980493688,121,2008
docs\inst_test\instancias\n_1000_10,500,20,7,10,0.3000,2026,9980504397,9980493688,120,2008
docs\inst_test\instancias\n_1000_10,500,20,7,10,0.2000,42,9980504397,9980493688,137,2008
docs\inst_test\instancias\n_1000_10,500,20,7,10,0.2000,2026,9980504397,9980493688,129,2008
docs\inst_test\instancias\n_1000_10,500,20,7,10,0.2000,123,9980504397,9980493688,137,2008
docs\inst_test\instancias\n_1000_10,500,20,7,10,0.3000,123,9980504397,9980493688,133,2008
docs\inst_test\instancias\n_1000_10,500,20,7,20,0.2000,123,9980504397,9980493688,121,2008
docs\inst_test\instancias\n_1000_10,500,20,7,20,0.3000,2026,9980504397,9980493688,117,2008
docs\inst_test\instancias\n_1000_10,500,20,7,20,0.3000,123,9980504397,9980493688,119,2008
docs\inst_test\instancias\n_1000_10,500,20,7,20,0.1000,42,9980504529,9980493829,139,2008
docs\inst_test\instancias\n_1000_10,500,20,7,20,0.2000,42,9980504397,9980493688,136,2008
docs\inst_test\instancias\n_1000_10,500,20,7,20,0.3000,42,9980504397,9980493688,129,2008
docs\inst_test\instancias\n_1000_10,500,20,7,20,0.1000,123,9980504397,9980493688,143,2008
docs\inst_test\instancias\n_1000_10,500,20,7,20,0.1000,2026,9980504650,9980493853,147,2008
docs\inst_test\instancias\n_1000_10,500,20,7,20,0.2000,2026,9980504397,9980493688,139,2008
docs\inst_test\instancias\n_1000_10,500,20,10,5,0.1000,42,9980504397,9980493688,150,2008
docs\inst_test\instancias\n_1000_10,500,20,10,5,0.3000,42,9980504397,9980493688,130,2008
docs\inst_test\instancias\n_1000_10,500,20,10,5,0.2000,2026,9980504397,9980493688,136,2008
docs\inst_test\instancias\n_1000_10,500,20,10,5,0.1000,123,9980504397,9980493688,151,2008
docs\inst_test\instancias\n_1000_10,500,20,10,5,0.3000,123,9980504397,9980493688,132,2008
docs\inst_test\instancias\n_1000_10,500,20,10,5,0.3000,2026,9980504397,9980493688,130,2008
docs\inst_test\instancias\n_1000_10,500,20,10,5,0.2000,42,9980504397,9980493688,150,2008
docs\inst_test\instancias\n_1000_10,500,20,10,5,0.1000,2026,9980504819,9980493916,153,2008
docs\inst_test\instancias\n_1000_10,500,20,10,5,0.2000,123,9980504397,9980493688,146,2008
docs\inst_test\instancias\n_1000_10,500,20,10,10,0.1000,42,9980504529,9980493829,133,2008
docs\inst_test\instancias\n_1000_10,500,20,10,10,0.2000,42,9980504397,9980493688,127,2008
docs\inst_test\instancias\n_1000_10,500,20,10,10,0.2000,123,9980504397,9980493688,127,2008
docs\inst_test\instancias\n_1000_10,500,20,10,10,0.1000,2026,9980504650,9980493853,136,2008
docs\inst_test\instancias\n_1000_10,500,20,10,10,0.1000,123,9980504397,9980493688,143,2008
docs\inst_test\instancias\n_1000_10,500,20,10,10,0.2000,2026,9980504397,9980493688,131,2008
docs\inst_test\instancias\n_1000_10,500,20,10,10,0.3000,123,9980504397,9980493688,128,2008
docs\inst_test\instancias\n_1000_10,500,20,10,10,0.3000,42,9980504397,9980493688,133,2008
docs\inst_test\instancias\n_1000_10,500,20,10,10,0.3000,2026,9980504397,9980493688,122,2008
docs\inst_test\instancias\n_1000_10,500,20,10,20,0.1000,42,9980504529,9980493829,130,2008
docs\inst_test\instancias\n_1000_10,500,20,10,20,0.1000,2026,9980504650,9980493853,128,2008
docs\inst_test\instancias\n_1000_10,500,20,10,20,0.1000,123,9980504397,9980493688,140,2008
docs\inst_test\instancias\n_1000_10,500,20,10,20,0.2000,123,9980504397,9980493688,134,2008
docs\inst_test\instancias\n_1000_10,500,20,10,20,0.2000,42,9980504397,9980493688,136,2008
docs\inst_test\instancias\n_1000_10,500,20,10,20,0.3000,123,9980504397,9980493688,118,2008
docs\inst_test\instancias\n_1000_10,500,20,10,20,0.2000,2026,9980504397,9980493688,124,2008
docs\inst_test\instancias\n_1000_10,500,20,10,20,0.3000,42,9980504397,9980493688,125,2008
docs\inst_test\instancias\n_1000_10,500,20,10,20,0.3000,2026,9980504397,9980493688,129,2008
docs\inst_test\instancias\n_1000_10,500,20,15,5,0.1000,42,9980504397,9980493688,150,2008
docs\inst_test\instancias\n_1000_10,500,20,15,5,0.1000,123,9980504397,9980493688,149,2008
docs\inst_test\instancias\n_1000_10,500,20,15,5,0.2000,123,9980504397,9980493688,146,2008
docs\inst_test\instancias\n_1000_10,500,20,15,5,0.1000,2026,9980504819,9980493916,152,2008
docs\inst_test\instancias\n_1000_10,500,20,15,5,0.3000,42,9980504397,9980493688,132,2008
docs\inst_test\instancias\n_1000_10,500,20,15,5,0.2000,42,9980504397,9980493688,149,2008
docs\inst_test\instancias\n_1000_10,500,20,15,10,0.1000,123,9980504397,9980493688,130,2008
docs\inst_test\instancias\n_1000_10,500,20,15,10,0.1000,42,9980504529,9980493829,132,2008
docs\inst_test\instancias\n_1000_10,500,20,15,5,0.3000,123,9980504397,9980493688,134,2008
docs\inst_test\instancias\n_1000_10,500,20,15,10,0.3000,42,9980504397,9980493688,119,2008
docs\inst_test\instancias\n_1000_10,500,20,15,10,0.3000,123,9980504397,9980493688,121,2008
docs\inst_test\instancias\n_1000_10,500,20,15,10,0.2000,123,9980504397,9980493688,134,2008
docs\inst_test\instancias\n_1000_10,500,20,15,5,0.2000,2026,9980504397,9980493688,143,2008
docs\inst_test\instancias\n_1000_10,500,20,15,5,0.3000,2026,9980504397,9980493688,137,2008
docs\inst_test\instancias\n_1000_10,500,20,15,10,0.2000,2026,9980504397,9980493688,129,2008
docs\inst_test\instancias\n_1000_10,500,20,15,10,0.2000,42,9980504397,9980493688,136,2008
docs\inst_test\instancias\n_1000_10,500,20,15,10,0.3000,2026,9980504397,9980493688,122,2008
docs\inst_test\instancias\n_1000_10,500,20,15,10,0.1000,2026,9980504650,9980493853,139,2008
docs\inst_test\instancias\n_1000_10,500,20,15,20,0.1000,42,9980504529,9980493829,128,2008
docs\inst_test\instancias\n_1000_10,500,20,15,20,0.1000,123,9980504397,9980493688,117,2008
docs\inst_test\instancias\n_1000_10,500,20,15,20,0.1000,2026,9980504650,9980493853,109,2008
docs\inst_test\instancias\n_1000_10,500,20,15,20,0.2000,123,9980504397,9980493688,111,2008
docs\inst_test\instancias\n_1000_10,500,20,15,20,0.2000,2026,9980504397,9980493688,102,2008
docs\inst_test\instancias\n_1000_10,500,20,15,20,0.2000,42,9980504397,9980493688,114,2008
docs\inst_test\instancias\n_1000_10,500,20,15,20,0.3000,123,9980504397,9980493688,97,2008
docs\inst_test\instancias\n_1000_10,500,20,15,20,0.3000,42,9980504397,9980493688,106,2008
docs\inst_test\instancias\n_1000_10,500,20,15,20,0.3000,2026,9980504397,9980493688,94,2008
docs\inst_test\instancias\n_1000_2,100,10,7,10,0.3000,2026,9998385415,9998372658,24,1957
docs\inst_test\instancias\n_1000_2,100,10,7,10,0.3000,123,9990856748,9990842853,25,1957
docs\inst_test\instancias\n_1000_2,100,10,7,20,0.3000,2026,9998385388,9998372951,25,1957
docs\inst_test\instancias\n_1000_2,100,10,7,5,0.1000,123,9996330629,9996316194,26,1957
docs\inst_test\instancias\n_1000_2,100,10,7,10,0.2000,123,9990329527,9990314934,26,1957
docs\inst_test\instancias\n_1000_2,100,10,7,20,0.1000,2026,9998331097,9998316398,26,1957
docs\inst_test\instancias\n_1000_2,100,10,7,10,0.1000,2026,9998331097,9998316398,27,1957
docs\inst_test\instancias\n_1000_2,100,10,7,20,0.2000,42,9996330818,9996315713,26,1957
docs\inst_test\instancias\n_1000_2,100,10,7,20,0.2000,2026,9987801402,9987786386,26,1957
docs\inst_test\instancias\n_1000_2,100,10,7,20,0.3000,42,9990329448,9990314935,27,1957
docs\inst_test\instancias\n_1000_2,100,10,10,5,0.1000,123,9996330629,9996316194,27,1957
docs\inst_test\instancias\n_1000_2,100,10,7,20,0.3000,123,9990856664,9990843198,28,1957
docs\inst_test\instancias\n_1000_2,100,10,10,5,0.1000,42,9999331207,9999316534,29,1957
docs\inst_test\instancias\n_1000_2,100,10,10,5,0.1000,2026,9998331097,9998316398,30,1957
docs\inst_test\instancias\n_1000_2,100,10,7,5,0.2000,42,9999858876,9999845001,35,1957
docs\inst_test\instancias\n_1000_2,100,10,7,5,0.2000,123,9994857334,9994843352,36,1957
docs\inst_test\instancias\n_1000_2,100,10,7,20,0.2000,123,9987801402,9987786386,37,1957
docs\inst_test\instancias\n_1000_2,100,10,7,20,0.1000,42,9999331118,9999316242,38,1957
docs\inst_test\instancias\n_1000_2,100,10,7,10,0.1000,42,9999331207,9999316534,39,1957
docs\inst_test\instancias\n_1000_2,100,10,7,5,0.3000,2026,9998911217,9998901079,40,1957
docs\inst_test\instancias\n_1000_2,100,10,7,5,0.3000,123,9990856748,9990842853,41,1957
docs\inst_test\instancias\n_1000_2,100,10,7,10,0.3000,42,9990329448,9990314935,41,1957
docs\inst_test\instancias\n_1000_2,100,10,7,5,0.2000,2026,9988329174,9988314581,42,1957
docs\inst_test\instancias\n_1000_2,100,10,7,10,0.1000,123,9996330629,9996316194,42,1957
docs\inst_test\instancias\n_1000_2,100,10,7,5,0.3000,42,9993382057,9993372299,42,1957
docs\inst_test\instancias\n_1000_2,100,10,7,10,0.2000,42,9999858330,9999844531,42,1957
docs\inst_test\instancias\n_1000_2,100,10,7,5,0.1000,2026,9998331097,9998316398,43,1957
docs\inst_test\instancias\n_1000_2,100,10,7,10,0.2000,2026,9988328180,9988314918,43,1957
docs\inst_test\instancias\n_1000_2,100,10,7,20,0.1000,123,9996330629,9996316194,42,1957
docs\inst_test\instancias\n_1000_2,100,10,7,5,0.1000,42,9999331207,9999316534,43,1957
docs\inst_test\instancias\n_1000_2,100,10,10,5,0.3000,2026,9998911217,9998901079,24,1957
docs\inst_test\instancias\n_1000_2,100,10,10,5,0.2000,2026,9988329174,9988314581,26,1957
docs\inst_test\instancias\n_1000_2,100,10,10,5,0.3000,123,9990856748,9990842853,26,1957
docs\inst_test\instancias\n_1000_2,100,10,10,5,0.3000,42,9993382057,9993372299,27,1957
docs\inst_test\instancias\n_1000_2,100,10,10,10,0.2000,42,9999858330,9999844531,27,1957
docs\inst_test\instancias\n_1000_2,100,10,10,10,0.1000,42,9999331207,9999316534,28,1957
docs\inst_test\instancias\n_1000_2,100,10,10,10,0.1000,123,9996330629,9996316194,27,1957
docs\inst_test\instancias\n_1000_2,100,10,10,10,0.1000,2026,9998331097,9998316398,27,1957
docs\inst_test\instancias\n_1000_2,100,10,10,10,0.3000,2026,9998385415,9998372658,24,1957
docs\inst_test\instancias\n_1000_2,100,10,10,10,0.3000,42,9990329448,9990314935,28,1957
docs\inst_test\instancias\n_1000_2,100,10,10,10,0.3000,123,9990856748,9990842853,27,1957
docs\inst_test\instancias\n_1000_2,100,10,10,5,0.2000,123,9994857334,9994843352,54,1957
docs\inst_test\instancias\n_1000_2,100,10,10,10,0.2000,2026,9988328180,9988314918,29,1957
docs\inst_test\instancias\n_1000_2,100,10,10,20,0.1000,42,9999331118,9999316242,27,1957
docs\inst_test\instancias\n_1000_2,100,10,10,20,0.2000,42,9996330818,9996315713,27,1957
docs\inst_test\instancias\n_1000_2,100,10,10,10,0.2000,123,9990329527,9990314934,38,1957
docs\inst_test\instancias\n_1000_2,100,10,10,20,0.2000,2026,9987801402,9987786386,27,1957
docs\inst_test\instancias\n_1000_2,100,10,10,5,0.2000,42,9999858876,9999845001,65,1957
docs\inst_test\instancias\n_1000_2,100,10,15,5,0.3000,2026,9998911217,9998901079,26,1957
docs\inst_test\instancias\n_1000_2,100,10,15,10,0.1000,42,9999331207,9999316534,26,1957
docs\inst_test\instancias\n_1000_2,100,10,10,20,0.1000,123,9996330629,9996316194,42,1957
docs\inst_test\instancias\n_1000_2,100,10,15,10,0.1000,2026,9998331097,9998316398,25,1957
docs\inst_test\instancias\n_1000_2,100,10,15,10,0.1000,123,9996330629,9996316194,27,1957
docs\inst_test\instancias\n_1000_2,100,10,15,10,0.2000,42,9999858330,9999844531,26,1957
docs\inst_test\instancias\n_1000_2,100,10,15,10,0.3000,42,9990329448,9990314935,26,1957
docs\inst_test\instancias\n_1000_2,100,10,10,20,0.1000,2026,9998331097,9998316398,43,1957
docs\inst_test\instancias\n_1000_2,100,10,15,10,0.3000,2026,9998385415,9998372658,24,1957
docs\inst_test\instancias\n_1000_2,100,10,15,10,0.3000,123,9990856748,9990842853,25,1957
docs\inst_test\instancias\n_1000_2,100,10,15,10,0.2000,123,9990329527,9990314934,26,1957
docs\inst_test\instancias\n_1000_2,100,10,15,10,0.2000,2026,9988328180,9988314918,26,1957
docs\inst_test\instancias\n_1000_2,100,10,10,20,0.3000,2026,9998385388,9998372951,40,1957
docs\inst_test\instancias\n_1000_2,100,10,15,20,0.1000,123,9996330629,9996316194,26,1957
docs\inst_test\instancias\n_1000_2,100,10,15,20,0.1000,2026,9998331097,9998316398,26,1957
docs\inst_test\instancias\n_1000_2,100,10,10,20,0.2000,123,9987801402,9987786386,44,1957
docs\inst_test\instancias\n_1000_2,100,10,10,20,0.3000,42,9990329448,9990314935,42,1957
docs\inst_test\instancias\n_1000_2,100,10,10,20,0.3000,123,9990856664,9990843198,41,1957
docs\inst_test\instancias\n_1000_2,100,10,15,20,0.2000,42,9996330818,9996315713,26,1957
docs\inst_test\instancias\n_1000_2,100,10,15,5,0.3000,123,9990856748,9990842853,41,1957
docs\inst_test\instancias\n_1000_2,100,10,15,5,0.3000,42,9993382057,9993372299,41,1957
docs\inst_test\instancias\n_1000_2,100,10,15,20,0.1000,42,9999331118,9999316242,30,1957
docs\inst_test\instancias\n_1000_2,100,10,15,5,0.2000,123,9994857334,9994843352,42,1957
docs\inst_test\instancias\n_1000_2,100,10,15,5,0.2000,2026,9988329174,9988314581,42,1957
docs\inst_test\instancias\n_1000_2,100,10,15,5,0.1000,2026,9998331097,9998316398,43,1957
docs\inst_test\instancias\n_1000_2,100,10,15,5,0.1000,123,9996330629,9996316194,43,1957
docs\inst_test\instancias\n_1000_2,100,10,15,5,0.1000,42,9999331207,9999316534,43,1957
docs\inst_test\instancias\n_1000_2,100,10,15,5,0.2000,42,9999858876,9999845001,45,1957
docs\inst_test\instancias\n_1000_2,100,10,15,20,0.3000,42,9990329448,9990314935,27,1957
docs\inst_test\instancias\n_1000_2,100,10,15,20,0.2000,123,9987801402,9987786386,31,1957
docs\inst_test\instancias\n_1000_2,100,10,15,20,0.3000,2026,9998385388,9998372951,24,1957
docs\inst_test\instancias\n_1000_2,100,15,7,5,0.2000,42,9999858876,9999845001,25,1957
docs\inst_test\instancias\n_1000_2,100,15,7,5,0.1000,42,9999331207,9999316534,27,1957
docs\inst_test\instancias\n_1000_2,100,15,7,5,0.3000,123,9990856748,9990842853,25,1957
docs\inst_test\instancias\n_1000_2,100,15,7,5,0.1000,2026,9998331097,9998316398,28,1957
docs\inst_test\instancias\n_1000_2,100,15,7,5,0.2000,123,9994857334,9994843352,26,1957
docs\inst_test\instancias\n_1000_2,100,15,7,5,0.2000,2026,9988329174,9988314581,26,1957
docs\inst_test\instancias\n_1000_2,100,15,7,10,0.1000,123,9996330629,9996316194,25,1957
docs\inst_test\instancias\n_1000_2,100,15,7,10,0.1000,42,9999331207,9999316534,26,1957
docs\inst_test\instancias\n_1000_2,100,15,7,5,0.3000,2026,9998911217,9998901079,27,1957
docs\inst_test\instancias\n_1000_2,100,10,15,20,0.2000,2026,9987801402,9987786386,42,1957
docs\inst_test\instancias\n_1000_2,100,15,7,10,0.2000,42,9999858330,9999844531,26,1957
docs\inst_test\instancias\n_1000_2,100,15,7,10,0.2000,123,9990329527,9990314934,26,1957
docs\inst_test\instancias\n_1000_2,100,15,7,10,0.3000,2026,9998385415,9998372658,24,1957
docs\inst_test\instancias\n_1000_2,100,10,15,20,0.3000,123,9990856664,9990843198,42,1957
docs\inst_test\instancias\n_1000_2,100,15,7,20,0.1000,2026,9998331097,9998316398,29,1957
docs\inst_test\instancias\n_1000_2,100,15,10,5,0.1000,42,9999331207,9999316534,27,1957
docs\inst_test\instancias\n_1000_2,100,15,7,5,0.1000,123,9996330629,9996316194,45,1957
docs\inst_test\instancias\n_1000_2,100,15,7,5,0.3000,42,9993382057,9993372299,43,1957
docs\inst_test\instancias\n_1000_2,100,15,7,10,0.3000,123,9990856748,9990842853,41,1957
docs\inst_test\instancias\n_1000_2,100,15,10,5,0.1000,123,9996330629,9996316194,28,1957
docs\inst_test\instancias\n_1000_2,100,15,7,10,0.3000,42,9990329448,9990314935,42,1957
docs\inst_test\instancias\n_1000_2,100,15,7,10,0.2000,2026,9988328180,9988314918,42,1957
docs\inst_test\instancias\n_1000_2,100,15,7,10,0.1000,2026,9998331097,9998316398,44,1957
docs\inst_test\instancias\n_1000_2,100,15,7,20,0.1000,123,9996330629,9996316194,43,1957
docs\inst_test\instancias\n_1000_2,100,15,7,20,0.3000,123,9990856664,9990843198,42,1957
docs\inst_test\instancias\n_1000_2,100,15,7,20,0.2000,42,9996330818,9996315713,42,1957
docs\inst_test\instancias\n_1000_2,100,15,7,20,0.2000,2026,9987801402,9987786386,43,1957
docs\inst_test\instancias\n_1000_2,100,15,7,20,0.1000,42,9999331118,9999316242,44,1957
docs\inst_test\instancias\n_1000_2,100,15,7,20,0.3000,42,9990329448,9990314935,43,1957
docs\inst_test\instancias\n_1000_2,100,15,7,20,0.2000,123,9987801402,9987786386,43,1957
docs\inst_test\instancias\n_1000_2,100,15,10,5,0.2000,42,9999858876,9999845001,25,1957
docs\inst_test\instancias\n_1000_2,100,15,7,20,0.3000,2026,9998385388,9998372951,42,1957
docs\inst_test\instancias\n_1000_2,100,15,10,5,0.3000,2026,9998911217,9998901079,24,1957
docs\inst_test\instancias\n_1000_2,100,15,10,5,0.2000,123,9994857334,9994843352,26,1957
docs\inst_test\instancias\n_1000_2,100,15,10,5,0.1000,2026,9998331097,9998316398,30,1957
docs\inst_test\instancias\n_1000_2,100,15,10,5,0.3000,123,9990856748,9990842853,25,1957
docs\inst_test\instancias\n_1000_2,100,15,10,5,0.2000,2026,9988329174,9988314581,26,1957
docs\inst_test\instancias\n_1000_2,100,15,10,5,0.3000,42,9993382057,9993372299,26,1957
docs\inst_test\instancias\n_1000_2,100,15,10,10,0.1000,123,9996330629,9996316194,26,1957
docs\inst_test\instancias\n_1000_2,100,15,10,10,0.1000,42,9999331207,9999316534,27,1957
docs\inst_test\instancias\n_1000_2,100,15,10,10,0.3000,42,9990329448,9990314935,25,1957
docs\inst_test\instancias\n_1000_2,100,15,10,10,0.2000,123,9990329527,9990314934,25,1957
docs\inst_test\instancias\n_1000_2,100,15,10,10,0.1000,2026,9998331097,9998316398,29,1957
docs\inst_test\instancias\n_1000_2,100,15,10,10,0.2000,2026,9988328180,9988314918,27,1957
docs\inst_test\instancias\n_1000_2,100,15,10,10,0.3000,2026,9998385415,9998372658,25,1957
docs\inst_test\instancias\n_1000_2,100,15,10,20,0.1000,42,9999331118,9999316242,26,1957
docs\inst_test\instancias\n_1000_2,100,15,10,20,0.2000,123,9987801402,9987786386,25,1957
docs\inst_test\instancias\n_1000_2,100,15,10,10,0.2000,42,9999858330,9999844531,43,1957
docs\inst_test\instancias\n_1000_2,100,15,10,10,0.3000,123,9990856748,9990842853,43,1957
docs\inst_test\instancias\n_1000_2,100,15,15,5,0.3000,42,9993382057,9993372299,26,1957
docs\inst_test\instancias\n_1000_2,100,15,15,10,0.1000,42,9999331207,9999316534,26,1957
docs\inst_test\instancias\n_1000_2,100,15,15,10,0.2000,42,9999858330,9999844531,26,1957
docs\inst_test\instancias\n_1000_2,100,15,15,10,0.1000,2026,9998331097,9998316398,26,1957
docs\inst_test\instancias\n_1000_2,100,15,15,10,0.1000,123,9996330629,9996316194,26,1957
docs\inst_test\instancias\n_1000_2,100,15,15,10,0.2000,123,9990329527,9990314934,26,1957
docs\inst_test\instancias\n_1000_2,100,15,15,10,0.3000,42,9990329448,9990314935,25,1957
docs\inst_test\instancias\n_1000_2,100,15,15,10,0.2000,2026,9988328180,9988314918,26,1957
docs\inst_test\instancias\n_1000_2,100,15,15,10,0.3000,2026,9998385415,9998372658,24,1957
docs\inst_test\instancias\n_1000_2,100,15,15,10,0.3000,123,9990856748,9990842853,24,1957
docs\inst_test\instancias\n_1000_2,100,15,15,5,0.3000,2026,9998911217,9998901079,28,1957
docs\inst_test\instancias\n_1000_2,100,15,15,20,0.1000,123,9996330629,9996316194,26,1957
docs\inst_test\instancias\n_1000_2,100,15,15,20,0.1000,42,9999331118,9999316242,28,1957
docs\inst_test\instancias\n_1000_2,100,15,10,20,0.1000,2026,9998331097,9998316398,42,1957
docs\inst_test\instancias\n_1000_2,100,15,10,20,0.2000,42,9996330818,9996315713,42,1957
docs\inst_test\instancias\n_1000_2,100,15,10,20,0.3000,42,9990329448,9990314935,42,1957
docs\inst_test\instancias\n_1000_2,100,15,15,20,0.1000,2026,9998331097,9998316398,27,1957
docs\inst_test\instancias\n_1000_2,100,15,10,20,0.2000,2026,9987801402,9987786386,42,1957
docs\inst_test\instancias\n_1000_2,100,15,10,20,0.1000,123,9996330629,9996316194,46,1957
docs\inst_test\instancias\n_1000_2,100,15,10,20,0.3000,123,9990856664,9990843198,43,1957
docs\inst_test\instancias\n_1000_2,100,15,10,20,0.3000,2026,9998385388,9998372951,42,1957
docs\inst_test\instancias\n_1000_2,100,15,15,5,0.2000,123,9994857334,9994843352,42,1957
docs\inst_test\instancias\n_1000_2,100,15,15,5,0.2000,2026,9988329174,9988314581,42,1957
docs\inst_test\instancias\n_1000_2,100,15,15,5,0.1000,42,9999331207,9999316534,43,1957
docs\inst_test\instancias\n_1000_2,100,15,15,5,0.2000,42,9999858876,9999845001,42,1957
docs\inst_test\instancias\n_1000_2,100,15,15,5,0.1000,2026,9998331097,9998316398,42,1957
docs\inst_test\instancias\n_1000_2,100,15,15,5,0.3000,123,9990856748,9990842853,42,1957
docs\inst_test\instancias\n_1000_2,100,15,15,20,0.2000,42,9996330818,9996315713,26,1957
docs\inst_test\instancias\n_1000_2,100,15,15,5,0.1000,123,9996330629,9996316194,45,1957
docs\inst_test\instancias\n_1000_2,100,15,15,20,0.2000,123,9987801402,9987786386,26,1957
docs\inst_test\instancias\n_1000_2,100,15,15,20,0.3000,123,9990856664,9990843198,25,1957
docs\inst_test\instancias\n_1000_2,100,15,15,20,0.3000,2026,9998385388,9998372951,25,1957
docs\inst_test\instancias\n_1000_2,100,20,7,5,0.2000,42,9999858876,9999845001,26,1957
docs\inst_test\instancias\n_1000_2,100,20,7,5,0.3000,123,9990856748,9990842853,25,1957
docs\inst_test\instancias\n_1000_2,100,20,7,5,0.2000,123,9994857334,9994843352,26,1957
docs\inst_test\instancias\n_1000_2,100,20,7,5,0.2000,2026,9988329174,9988314581,26,1957
docs\inst_test\instancias\n_1000_2,100,20,7,5,0.3000,42,9993382057,9993372299,26,1957
docs\inst_test\instancias\n_1000_2,100,20,7,5,0.1000,123,9996330629,9996316194,27,1957
docs\inst_test\instancias\n_1000_2,100,20,7,5,0.1000,2026,9998331097,9998316398,28,1957
docs\inst_test\instancias\n_1000_2,100,20,7,5,0.1000,42,9999331207,9999316534,28,1957
docs\inst_test\instancias\n_1000_2,100,20,7,5,0.3000,2026,9998911217,9998901079,28,1957
docs\inst_test\instancias\n_1000_2,100,20,7,10,0.1000,42,9999331207,9999316534,26,1957
docs\inst_test\instancias\n_1000_2,100,20,7,10,0.1000,123,9996330629,9996316194,27,1957
docs\inst_test\instancias\n_1000_2,100,15,15,20,0.2000,2026,9987801402,9987786386,42,1957
docs\inst_test\instancias\n_1000_2,100,20,7,10,0.2000,2026,9988328180,9988314918,27,1957
docs\inst_test\instancias\n_1000_2,100,15,15,20,0.3000,42,9990329448,9990314935,43,1957
docs\inst_test\instancias\n_1000_2,100,20,7,20,0.3000,123,9990856664,9990843198,25,1957
docs\inst_test\instancias\n_1000_2,100,20,10,5,0.1000,42,9999331207,9999316534,30,1957
docs\inst_test\instancias\n_1000_2,100,20,7,10,0.1000,2026,9998331097,9998316398,42,1957
docs\inst_test\instancias\n_1000_2,100,20,10,5,0.1000,123,9996330629,9996316194,28,1957
docs\inst_test\instancias\n_1000_2,100,20,7,10,0.2000,123,9990329527,9990314934,41,1957
docs\inst_test\instancias\n_1000_2,100,20,7,10,0.2000,42,9999858330,9999844531,42,1957
docs\inst_test\instancias\n_1000_2,100,20,10,5,0.1000,2026,9998331097,9998316398,27,1957
docs\inst_test\instancias\n_1000_2,100,20,10,5,0.3000,2026,9998911217,9998901079,24,1957
docs\inst_test\instancias\n_1000_2,100,20,10,5,0.2000,42,9999858876,9999845001,26,1957
docs\inst_test\instancias\n_1000_2,100,20,7,10,0.3000,42,9990329448,9990314935,42,1957
docs\inst_test\instancias\n_1000_2,100,20,10,5,0.3000,123,9990856748,9990842853,25,1957
docs\inst_test\instancias\n_1000_2,100,20,7,10,0.3000,123,9990856748,9990842853,42,1957
docs\inst_test\instancias\n_1000_2,100,20,7,10,0.3000,2026,9998385415,9998372658,41,1957
docs\inst_test\instancias\n_1000_2,100,20,10,5,0.2000,2026,9988329174,9988314581,27,1957
docs\inst_test\instancias\n_1000_2,100,20,10,10,0.1000,123,9996330629,9996316194,26,1957
docs\inst_test\instancias\n_1000_2,100,20,10,10,0.1000,2026,9998331097,9998316398,26,1957
docs\inst_test\instancias\n_1000_2,100,20,7,20,0.1000,123,9996330629,9996316194,42,1957
docs\inst_test\instancias\n_1000_2,100,20,10,10,0.1000,42,9999331207,9999316534,28,1957
docs\inst_test\instancias\n_1000_2,100,20,7,20,0.1000,2026,9998331097,9998316398,42,1957
docs\inst_test\instancias\n_1000_2,100,20,10,5,0.2000,123,9994857334,9994843352,30,1957
docs\inst_test\instancias\n_1000_2,100,20,10,5,0.3000,42,9993382057,9993372299,29,1957
docs\inst_test\instancias\n_1000_2,100,20,7,20,0.2000,123,9987801402,9987786386,42,1957
docs\inst_test\instancias\n_1000_2,100,20,7,20,0.2000,2026,9987801402,9987786386,42,1957
docs\inst_test\instancias\n_1000_2,100,20,7,20,0.2000,42,9996330818,9996315713,42,1957
docs\inst_test\instancias\n_1000_2,100,20,7,20,0.1000,42,9999331118,9999316242,45,1957
docs\inst_test\instancias\n_1000_2,100,20,7,20,0.3000,2026,9998385388,9998372951,42,1957
docs\inst_test\instancias\n_1000_2,100,20,7,20,0.3000,42,9990329448,9990314935,44,1957
docs\inst_test\instancias\n_1000_2,100,20,10,10,0.2000,42,9999858330,9999844531,27,1957
docs\inst_test\instancias\n_1000_2,100,20,10,10,0.2000,123,9990329527,9990314934,26,1957
docs\inst_test\instancias\n_1000_2,100,20,10,10,0.3000,42,9990329448,9990314935,26,1957
docs\inst_test\instancias\n_1000_2,100,20,10,10,0.3000,2026,9998385415,9998372658,24,1957
docs\inst_test\instancias\n_1000_2,100,20,10,20,0.3000,123,9990856664,9990843198,24,1957
docs\inst_test\instancias\n_1000_2,100,20,10,20,0.1000,42,9999331118,9999316242,28,1957
docs\inst_test\instancias\n_1000_2,100,20,10,20,0.3000,42,9990329448,9990314935,26,1957
docs\inst_test\instancias\n_1000_2,100,20,10,20,0.2000,2026,9987801402,9987786386,26,1957
docs\inst_test\instancias\n_1000_2,100,20,10,10,0.2000,2026,9988328180,9988314918,42,1957
docs\inst_test\instancias\n_1000_2,100,20,10,20,0.2000,42,9996330818,9996315713,27,1957
docs\inst_test\instancias\n_1000_2,100,20,10,10,0.3000,123,9990856748,9990842853,41,1957
docs\inst_test\instancias\n_1000_2,100,20,15,5,0.1000,42,9999331207,9999316534,28,1957
docs\inst_test\instancias\n_1000_2,100,20,15,5,0.2000,42,9999858876,9999845001,26,1957
docs\inst_test\instancias\n_1000_2,100,20,15,5,0.2000,123,9994857334,9994843352,26,1957
docs\inst_test\instancias\n_1000_2,100,20,15,5,0.3000,123,9990856748,9990842853,24,1957
docs\inst_test\instancias\n_1000_2,100,20,15,5,0.2000,2026,9988329174,9988314581,26,1957
docs\inst_test\instancias\n_1000_2,100,20,15,10,0.1000,123,9996330629,9996316194,26,1957
docs\inst_test\instancias\n_1000_2,100,20,15,10,0.1000,42,9999331207,9999316534,26,1957
docs\inst_test\instancias\n_1000_2,100,20,15,10,0.3000,2026,9998385415,9998372658,27,1957
docs\inst_test\instancias\n_1000_2,100,20,15,20,0.1000,42,9999331118,9999316242,28,1957
docs\inst_test\instancias\n_1000_2,100,20,15,20,0.1000,123,9996330629,9996316194,26,1957
docs\inst_test\instancias\n_1000_2,100,20,15,20,0.1000,2026,9998331097,9998316398,27,1957
docs\inst_test\instancias\n_1000_2,100,20,10,20,0.1000,123,9996330629,9996316194,44,1957
docs\inst_test\instancias\n_1000_2,100,20,10,20,0.3000,2026,9998385388,9998372951,41,1957
docs\inst_test\instancias\n_1000_2,100,20,10,20,0.2000,123,9987801402,9987786386,43,1957
docs\inst_test\instancias\n_1000_2,100,20,10,20,0.1000,2026,9998331097,9998316398,43,1957
docs\inst_test\instancias\n_1000_2,100,20,15,5,0.3000,2026,9998911217,9998901079,40,1957
docs\inst_test\instancias\n_1000_2,100,20,15,5,0.1000,2026,9998331097,9998316398,44,1957
docs\inst_test\instancias\n_1000_2,100,20,15,5,0.1000,123,9996330629,9996316194,44,1957
docs\inst_test\instancias\n_1000_2,100,20,15,5,0.3000,42,9993382057,9993372299,42,1957
docs\inst_test\instancias\n_1000_2,100,20,15,10,0.2000,123,9990329527,9990314934,42,1957
docs\inst_test\instancias\n_1000_2,100,20,15,10,0.2000,42,9999858330,9999844531,42,1957
docs\inst_test\instancias\n_1000_2,100,20,15,10,0.3000,123,9990856748,9990842853,41,1957
docs\inst_test\instancias\n_1000_2,100,20,15,10,0.1000,2026,9998331097,9998316398,43,1957
docs\inst_test\instancias\n_1000_2,100,20,15,10,0.2000,2026,9988328180,9988314918,42,1957
docs\inst_test\instancias\n_1000_2,100,20,15,10,0.3000,42,9990329448,9990314935,44,1957
docs\inst_test\instancias\n_1000_2,100,20,15,20,0.2000,42,9996330818,9996315713,26,1957
docs\inst_test\instancias\n_1000_2,100,20,15,20,0.2000,123,9987801402,9987786386,26,1957
docs\inst_test\instancias\n_1000_2,100,20,15,20,0.3000,42,9990329448,9990314935,26,1957
docs\inst_test\instancias\n_1000_2,100,20,15,20,0.2000,2026,9987801402,9987786386,26,1957
docs\inst_test\instancias\n_1000_2,100,20,15,20,0.3000,2026,9998385388,9998372951,27,1957
docs\inst_test\instancias\n_1000_2,100,20,15,20,0.3000,123,9990856664,9990843198,41,1957
docs\inst_test\instancias\n_1000_2,300,10,7,5,0.3000,42,9999964929,9999957495,66,1957
docs\inst_test\instancias\n_1000_2,300,10,7,5,0.2000,123,9999912391,9999900751,73,1957
docs\inst_test\instancias\n_1000_2,300,10,7,5,0.3000,123,9999438622,9999429155,73,1957
docs\inst_test\instancias\n_1000_2,300,10,7,5,0.2000,2026,9998912519,9998900937,75,1957
docs\inst_test\instancias\n_1000_2,300,10,7,5,0.2000,42,9999858876,9999845001,83,1957
docs\inst_test\instancias\n_1000_2,300,10,7,5,0.3000,2026,9999438838,9999429166,78,1957
docs\inst_test\instancias\n_1000_2,300,10,7,5,0.1000,123,9997330825,9997316169,85,1957
docs\inst_test\instancias\n_1000_2,300,10,7,5,0.1000,2026,9998331097,9998316398,87,1957
docs\inst_test\instancias\n_1000_2,300,10,7,20,0.3000,2026,9998912310,9998901354,66,1957
docs\inst_test\instancias\n_1000_2,300,10,7,10,0.1000,42,9999331207,9999316534,82,1957
docs\inst_test\instancias\n_1000_2,300,10,7,10,0.1000,123,9996330629,9996316194,83,1957
docs\inst_test\instancias\n_1000_2,300,10,7,10,0.1000,2026,9998331097,9998316398,81,1957
docs\inst_test\instancias\n_1000_2,300,10,10,5,0.2000,42,9999858876,9999845001,81,1957
docs\inst_test\instancias\n_1000_2,300,10,10,5,0.1000,123,9997330825,9997316169,85,1957
docs\inst_test\instancias\n_1000_2,300,10,10,5,0.1000,42,9999331207,9999316534,87,1957
docs\inst_test\instancias\n_1000_2,300,10,10,5,0.1000,2026,9998331097,9998316398,88,1957
docs\inst_test\instancias\n_1000_2,300,10,7,10,0.3000,2026,9999438838,9999429166,106,1957
docs\inst_test\instancias\n_1000_2,300,10,7,10,0.3000,123,9996911904,9996900423,110,1957
docs\inst_test\instancias\n_1000_2,300,10,7,10,0.3000,42,9998438516,9998428988,114,1957
docs\inst_test\instancias\n_1000_2,300,10,7,10,0.2000,123,9999912391,9999900751,117,1957
docs\inst_test\instancias\n_1000_2,300,10,7,10,0.2000,42,9999858876,9999845001,119,1957
docs\inst_test\instancias\n_1000_2,300,10,7,20,0.3000,123,9992384096,9992371960,112,1957
docs\inst_test\instancias\n_1000_2,300,10,7,10,0.2000,2026,9996385206,9996372915,121,1957
docs\inst_test\instancias\n_1000_2,300,10,7,5,0.1000,42,9999331207,9999316534,138,1957
docs\inst_test\instancias\n_1000_2,300,10,7,20,0.2000,42,9999858876,9999845001,119,1957
docs\inst_test\instancias\n_1000_2,300,10,7,20,0.3000,42,9994911311,9994900125,121,1957
docs\inst_test\instancias\n_1000_2,300,10,10,5,0.3000,42,9999964929,9999957495,67,1957
docs\inst_test\instancias\n_1000_2,300,10,7,20,0.2000,2026,9996385206,9996372915,124,1957
docs\inst_test\instancias\n_1000_2,300,10,7,20,0.1000,2026,9998331097,9998316398,125,1957
docs\inst_test\instancias\n_1000_2,300,10,10,5,0.3000,2026,9999438838,9999429166,67,1957
docs\inst_test\instancias\n_1000_2,300,10,7,20,0.1000,123,9996330629,9996316194,126,1957
docs\inst_test\instancias\n_1000_2,300,10,10,5,0.2000,2026,9998912519,9998900937,77,1957
docs\inst_test\instancias\n_1000_2,300,10,10,5,0.3000,123,9999438622,9999429155,71,1957
docs\inst_test\instancias\n_1000_2,300,10,10,5,0.2000,123,9999912391,9999900751,113,1957
docs\inst_test\instancias\n_1000_2,300,10,7,20,0.1000,42,9999331207,9999316534,137,1957
docs\inst_test\instancias\n_1000_2,300,10,7,20,0.2000,123,9998385547,9998372602,136,1957
docs\inst_test\instancias\n_1000_2,300,10,10,10,0.2000,123,9999912391,9999900751,72,1957
docs\inst_test\instancias\n_1000_2,300,10,10,10,0.3000,123,9996911904,9996900423,69,1957
docs\inst_test\instancias\n_1000_2,300,10,10,10,0.2000,42,9999858876,9999845001,76,1957
docs\inst_test\instancias\n_1000_2,300,10,10,10,0.1000,123,9996330629,9996316194,81,1957
docs\inst_test\instancias\n_1000_2,300,10,10,10,0.1000,42,9999331207,9999316534,81,1957
docs\inst_test\instancias\n_1000_2,300,10,10,10,0.1000,2026,9998331097,9998316398,80,1957
docs\inst_test\instancias\n_1000_2,300,10,10,10,0.3000,42,9998438516,9998428988,73,1957
docs\inst_test\instancias\n_1000_2,300,10,10,10,0.2000,2026,9996385206,9996372915,79,1957
docs\inst_test\instancias\n_1000_2,300,10,10,10,0.3000,2026,9999438838,9999429166,66,1957
docs\inst_test\instancias\n_1000_2,300,10,10,20,0.1000,42,9999331207,9999316534,79,1957
docs\inst_test\instancias\n_1000_2,300,10,10,20,0.1000,123,9996330629,9996316194,78,1957
docs\inst_test\instancias\n_1000_2,300,10,10,20,0.1000,2026,9998331097,9998316398,80,1957
docs\inst_test\instancias\n_1000_2,300,10,15,5,0.3000,123,9999438622,9999429155,70,1957
docs\inst_test\instancias\n_1000_2,300,10,15,5,0.2000,123,9999912391,9999900751,77,1957
docs\inst_test\instancias\n_1000_2,300,10,15,10,0.1000,123,9996330629,9996316194,82,1957
docs\inst_test\instancias\n_1000_2,300,10,15,10,0.3000,42,9998438516,9998428988,67,1957
docs\inst_test\instancias\n_1000_2,300,10,15,10,0.3000,123,9996911904,9996900423,68,1957
docs\inst_test\instancias\n_1000_2,300,10,15,10,0.3000,2026,9999438838,9999429166,67,1957
docs\inst_test\instancias\n_1000_2,300,10,15,10,0.2000,2026,9996385206,9996372915,74,1957
docs\inst_test\instancias\n_1000_2,300,10,15,10,0.1000,42,9999331207,9999316534,88,1957
docs\inst_test\instancias\n_1000_2,300,10,10,20,0.3000,42,9994911311,9994900125,109,1957
docs\inst_test\instancias\n_1000_2,300,10,10,20,0.2000,123,9998385547,9998372602,114,1957
docs\inst_test\instancias\n_1000_2,300,10,10,20,0.3000,2026,9998912310,9998901354,108,1957
docs\inst_test\instancias\n_1000_2,300,10,15,20,0.1000,123,9996330629,9996316194,78,1957
docs\inst_test\instancias\n_1000_2,300,10,10,20,0.2000,42,9999858876,9999845001,120,1957
docs\inst_test\instancias\n_1000_2,300,10,15,20,0.1000,42,9999331207,9999316534,80,1957
docs\inst_test\instancias\n_1000_2,300,10,10,20,0.3000,123,9992384096,9992371960,112,1957
docs\inst_test\instancias\n_1000_2,300,10,15,5,0.3000,42,9999964929,9999957495,102,1957
docs\inst_test\instancias\n_1000_2,300,10,15,20,0.2000,42,9999858876,9999845001,78,1957
docs\inst_test\instancias\n_1000_2,300,10,15,20,0.2000,123,9998385547,9998372602,74,1957
docs\inst_test\instancias\n_1000_2,300,10,10,20,0.2000,2026,9996385206,9996372915,118,1957
docs\inst_test\instancias\n_1000_2,300,10,15,5,0.3000,2026,9999438838,9999429166,103,1957
docs\inst_test\instancias\n_1000_2,300,10,15,20,0.1000,2026,9998331097,9998316398,87,1957
docs\inst_test\instancias\n_1000_2,300,10,15,20,0.3000,42,9994911311,9994900125,69,1957
docs\inst_test\instancias\n_1000_2,300,10,15,5,0.2000,2026,9998912519,9998900937,115,1957
docs\inst_test\instancias\n_1000_2,300,10,15,20,0.2000,2026,9996385206,9996372915,74,1957
docs\inst_test\instancias\n_1000_2,300,10,15,20,0.3000,123,9992384096,9992371960,73,1957
docs\inst_test\instancias\n_1000_2,300,10,15,5,0.2000,42,9999858876,9999845001,128,1957
docs\inst_test\instancias\n_1000_2,300,10,15,5,0.1000,123,9997330825,9997316169,132,1957
docs\inst_test\instancias\n_1000_2,300,10,15,5,0.1000,42,9999331207,9999316534,134,1957
docs\inst_test\instancias\n_1000_2,300,10,15,5,0.1000,2026,9998331097,9998316398,132,1957
docs\inst_test\instancias\n_1000_2,300,10,15,10,0.2000,123,9999912391,9999900751,118,1957
docs\inst_test\instancias\n_1000_2,300,10,15,10,0.2000,42,9999858876,9999845001,119,1957
docs\inst_test\instancias\n_1000_2,300,10,15,10,0.1000,2026,9998331097,9998316398,128,1957
docs\inst_test\instancias\n_1000_2,300,10,15,20,0.3000,2026,9998912310,9998901354,68,1957
docs\inst_test\instancias\n_1000_2,300,15,7,5,0.3000,42,9999964929,9999957495,67,1957
docs\inst_test\instancias\n_1000_2,300,15,7,5,0.2000,123,9999912391,9999900751,74,1957
docs\inst_test\instancias\n_1000_2,300,15,7,5,0.1000,42,9999331207,9999316534,91,1957
docs\inst_test\instancias\n_1000_2,300,15,7,5,0.2000,2026,9998912519,9998900937,75,1957
docs\inst_test\instancias\n_1000_2,300,15,7,5,0.2000,42,9999858876,9999845001,80,1957
docs\inst_test\instancias\n_1000_2,300,15,7,5,0.1000,123,9997330825,9997316169,86,1957
docs\inst_test\instancias\n_1000_2,300,15,7,10,0.3000,42,9998438516,9998428988,68,1957
docs\inst_test\instancias\n_1000_2,300,15,7,5,0.1000,2026,9998331097,9998316398,86,1957
docs\inst_test\instancias\n_1000_2,300,15,7,10,0.3000,123,9996911904,9996900423,72,1957
docs\inst_test\instancias\n_1000_2,300,15,7,10,0.2000,42,9999858876,9999845001,74,1957
docs\inst_test\instancias\n_1000_2,300,15,7,10,0.1000,123,9996330629,9996316194,80,1957
docs\inst_test\instancias\n_1000_2,300,15,7,20,0.2000,123,9998385547,9998372602,73,1957
docs\inst_test\instancias\n_1000_2,300,15,7,20,0.1000,2026,9998331097,9998316398,79,1957
docs\inst_test\instancias\n_1000_2,300,15,7,20,0.2000,2026,9996385206,9996372915,75,1957
docs\inst_test\instancias\n_1000_2,300,15,7,20,0.1000,123,9996330629,9996316194,87,1957
docs\inst_test\instancias\n_1000_2,300,15,7,5,0.3000,123,9999438622,9999429155,106,1957
docs\inst_test\instancias\n_1000_2,300,15,7,5,0.3000,2026,9999438838,9999429166,107,1957
docs\inst_test\instancias\n_1000_2,300,15,7,10,0.3000,2026,9999438838,9999429166,104,1957
docs\inst_test\instancias\n_1000_2,300,15,10,5,0.2000,123,9999912391,9999900751,75,1957
docs\inst_test\instancias\n_1000_2,300,15,7,10,0.2000,123,9999912391,9999900751,115,1957
docs\inst_test\instancias\n_1000_2,300,15,7,10,0.2000,2026,9996385206,9996372915,117,1957
docs\inst_test\instancias\n_1000_2,300,15,7,10,0.1000,42,9999331207,9999316534,130,1957
docs\inst_test\instancias\n_1000_2,300,15,7,10,0.1000,2026,9998331097,9998316398,128,1957
docs\inst_test\instancias\n_1000_2,300,15,7,20,0.1000,42,9999331207,9999316534,125,1957
docs\inst_test\instancias\n_1000_2,300,15,10,5,0.3000,42,9999964929,9999957495,69,1957
docs\inst_test\instancias\n_1000_2,300,15,7,20,0.3000,2026,9998912310,9998901354,105,1957
docs\inst_test\instancias\n_1000_2,300,15,10,5,0.2000,2026,9998912519,9998900937,74,1957
docs\inst_test\instancias\n_1000_2,300,15,10,5,0.3000,2026,9999438838,9999429166,69,1957
docs\inst_test\instancias\n_1000_2,300,15,7,20,0.2000,42,9999858876,9999845001,122,1957
docs\inst_test\instancias\n_1000_2,300,15,7,20,0.3000,42,9994911311,9994900125,114,1957
docs\inst_test\instancias\n_1000_2,300,15,7,20,0.3000,123,9992384096,9992371960,113,1957
docs\inst_test\instancias\n_1000_2,300,15,10,5,0.3000,123,9999438622,9999429155,76,1957
docs\inst_test\instancias\n_1000_2,300,15,10,10,0.2000,123,9999912391,9999900751,73,1957
docs\inst_test\instancias\n_1000_2,300,15,10,10,0.3000,42,9998438516,9998428988,67,1957
docs\inst_test\instancias\n_1000_2,300,15,10,10,0.2000,42,9999858876,9999845001,77,1957
docs\inst_test\instancias\n_1000_2,300,15,10,10,0.2000,2026,9996385206,9996372915,75,1957
docs\inst_test\instancias\n_1000_2,300,15,10,10,0.1000,42,9999331207,9999316534,83,1957
docs\inst_test\instancias\n_1000_2,300,15,10,10,0.1000,123,9996330629,9996316194,81,1957
docs\inst_test\instancias\n_1000_2,300,15,10,10,0.1000,2026,9998331097,9998316398,83,1957
docs\inst_test\instancias\n_1000_2,300,15,10,5,0.1000,42,9999331207,9999316534,132,1957
docs\inst_test\instancias\n_1000_2,300,15,10,5,0.2000,42,9999858876,9999845001,122,1957
docs\inst_test\instancias\n_1000_2,300,15,10,10,0.3000,2026,9999438838,9999429166,66,1957
docs\inst_test\instancias\n_1000_2,300,15,10,10,0.3000,123,9996911904,9996900423,70,1957
docs\inst_test\instancias\n_1000_2,300,15,10,5,0.1000,123,9997330825,9997316169,134,1957
docs\inst_test\instancias\n_1000_2,300,15,10,5,0.1000,2026,9998331097,9998316398,134,1957
docs\inst_test\instancias\n_1000_2,300,15,10,20,0.1000,42,9999331207,9999316534,80,1957
docs\inst_test\instancias\n_1000_2,300,15,10,20,0.1000,123,9996330629,9996316194,80,1957
docs\inst_test\instancias\n_1000_2,300,15,10,20,0.2000,2026,9996385206,9996372915,86,1957
docs\inst_test\instancias\n_1000_2,300,15,15,5,0.2000,123,9999912391,9999900751,75,1957
docs\inst_test\instancias\n_1000_2,300,15,15,5,0.2000,2026,9998912519,9998900937,76,1957
docs\inst_test\instancias\n_1000_2,300,15,15,5,0.1000,2026,9998331097,9998316398,88,1957
docs\inst_test\instancias\n_1000_2,300,15,10,20,0.2000,42,9999858876,9999845001,118,1957
docs\inst_test\instancias\n_1000_2,300,15,15,10,0.1000,42,9999331207,9999316534,82,1957
docs\inst_test\instancias\n_1000_2,300,15,15,10,0.2000,123,9999912391,9999900751,72,1957
docs\inst_test\instancias\n_1000_2,300,15,15,10,0.3000,42,9998438516,9998428988,71,1957
docs\inst_test\instancias\n_1000_2,300,15,15,10,0.2000,42,9999858876,9999845001,75,1957
docs\inst_test\instancias\n_1000_2,300,15,15,10,0.2000,2026,9996385206,9996372915,76,1957
docs\inst_test\instancias\n_1000_2,300,15,15,10,0.3000,123,9996911904,9996900423,74,1957
docs\inst_test\instancias\n_1000_2,300,15,10,20,0.3000,42,9994911311,9994900125,113,1957
docs\inst_test\instancias\n_1000_2,300,15,15,10,0.1000,123,9996330629,9996316194,81,1957
docs\inst_test\instancias\n_1000_2,300,15,10,20,0.2000,123,9998385547,9998372602,122,1957
docs\inst_test\instancias\n_1000_2,300,15,10,20,0.3000,123,9992384096,9992371960,110,1957
docs\inst_test\instancias\n_1000_2,300,15,15,10,0.1000,2026,9998331097,9998316398,82,1957
docs\inst_test\instancias\n_1000_2,300,15,10,20,0.1000,2026,9998331097,9998316398,128,1957
docs\inst_test\instancias\n_1000_2,300,15,10,20,0.3000,2026,9998912310,9998901354,109,1957
docs\inst_test\instancias\n_1000_2,300,15,15,20,0.1000,2026,9998331097,9998316398,79,1957
docs\inst_test\instancias\n_1000_2,300,15,15,5,0.3000,42,9999964929,9999957495,104,1957
docs\inst_test\instancias\n_1000_2,300,15,15,20,0.1000,123,9996330629,9996316194,82,1957
docs\inst_test\instancias\n_1000_2,300,15,15,5,0.3000,2026,9999438838,9999429166,107,1957
docs\inst_test\instancias\n_1000_2,300,15,15,5,0.3000,123,9999438622,9999429155,109,1957
docs\inst_test\instancias\n_1000_2,300,15,15,20,0.3000,42,9994911311,9994900125,71,1957
docs\inst_test\instancias\n_1000_2,300,15,15,20,0.2000,2026,9996385206,9996372915,78,1957
docs\inst_test\instancias\n_1000_2,300,15,15,5,0.2000,42,9999858876,9999845001,125,1957
docs\inst_test\instancias\n_1000_2,300,15,15,5,0.1000,123,9997330825,9997316169,132,1957
docs\inst_test\instancias\n_1000_2,300,15,15,10,0.3000,2026,9999438838,9999429166,102,1957
docs\inst_test\instancias\n_1000_2,300,15,15,5,0.1000,42,9999331207,9999316534,133,1957
docs\inst_test\instancias\n_1000_2,300,15,15,20,0.3000,123,9992384096,9992371960,74,1957
docs\inst_test\instancias\n_1000_2,300,15,15,20,0.3000,2026,9998912310,9998901354,66,1957
docs\inst_test\instancias\n_1000_2,300,15,15,20,0.2000,123,9998385547,9998372602,120,1957
docs\inst_test\instancias\n_1000_2,300,15,15,20,0.2000,42,9999858876,9999845001,122,1957
docs\inst_test\instancias\n_1000_2,300,15,15,20,0.1000,42,9999331207,9999316534,129,1957
docs\inst_test\instancias\n_1000_2,300,20,7,5,0.3000,42,9999964929,9999957495,68,1957
docs\inst_test\instancias\n_1000_2,300,20,7,5,0.2000,123,9999912391,9999900751,73,1957
docs\inst_test\instancias\n_1000_2,300,20,7,5,0.3000,123,9999438622,9999429155,70,1957
docs\inst_test\instancias\n_1000_2,300,20,7,5,0.3000,2026,9999438838,9999429166,70,1957
docs\inst_test\instancias\n_1000_2,300,20,7,5,0.1000,42,9999331207,9999316534,88,1957
docs\inst_test\instancias\n_1000_2,300,20,7,5,0.2000,2026,9998912519,9998900937,77,1957
docs\inst_test\instancias\n_1000_2,300,20,7,10,0.2000,123,9999912391,9999900751,73,1957
docs\inst_test\instancias\n_1000_2,300,20,7,5,0.2000,42,9999858876,9999845001,81,1957
docs\inst_test\instancias\n_1000_2,300,20,7,5,0.1000,123,9997330825,9997316169,88,1957
docs\inst_test\instancias\n_1000_2,300,20,7,10,0.1000,123,9996330629,9996316194,81,1957
docs\inst_test\instancias\n_1000_2,300,20,7,10,0.3000,123,9996911904,9996900423,69,1957
docs\inst_test\instancias\n_1000_2,300,20,7,20,0.1000,42,9999331207,9999316534,81,1957
docs\inst_test\instancias\n_1000_2,300,20,7,20,0.2000,42,9999858876,9999845001,75,1957
docs\inst_test\instancias\n_1000_2,300,20,7,20,0.2000,123,9998385547,9998372602,75,1957
docs\inst_test\instancias\n_1000_2,300,20,7,10,0.3000,2026,9999438838,9999429166,103,1957
docs\inst_test\instancias\n_1000_2,300,20,7,10,0.3000,42,9998438516,9998428988,110,1957
docs\inst_test\instancias\n_1000_2,300,20,7,10,0.2000,2026,9996385206,9996372915,117,1957
docs\inst_test\instancias\n_1000_2,300,20,7,10,0.2000,42,9999858876,9999845001,121,1957
docs\inst_test\instancias\n_1000_2,300,20,7,5,0.1000,2026,9998331097,9998316398,133,1957
docs\inst_test\instancias\n_1000_2,300,20,7,10,0.1000,42,9999331207,9999316534,128,1957
docs\inst_test\instancias\n_1000_2,300,20,7,10,0.1000,2026,9998331097,9998316398,129,1957
docs\inst_test\instancias\n_1000_2,300,20,10,5,0.1000,123,9997330825,9997316169,87,1957
docs\inst_test\instancias\n_1000_2,300,20,10,5,0.1000,42,9999331207,9999316534,91,1957
docs\inst_test\instancias\n_1000_2,300,20,10,5,0.3000,123,9999438622,9999429155,70,1957
docs\inst_test\instancias\n_1000_2,300,20,10,5,0.3000,42,9999964929,9999957495,71,1957
docs\inst_test\instancias\n_1000_2,300,20,10,5,0.3000,2026,9999438838,9999429166,70,1957
docs\inst_test\instancias\n_1000_2,300,20,10,5,0.2000,2026,9998912519,9998900937,75,1957
docs\inst_test\instancias\n_1000_2,300,20,7,20,0.3000,2026,9998912310,9998901354,107,1957
docs\inst_test\instancias\n_1000_2,300,20,7,20,0.3000,123,9992384096,9992371960,111,1957
docs\inst_test\instancias\n_1000_2,300,20,7,20,0.3000,42,9994911311,9994900125,111,1957
docs\inst_test\instancias\n_1000_2,300,20,7,20,0.1000,2026,9998331097,9998316398,125,1957
docs\inst_test\instancias\n_1000_2,300,20,7,20,0.1000,123,9996330629,9996316194,127,1957
docs\inst_test\instancias\n_1000_2,300,20,7,20,0.2000,2026,9996385206,9996372915,117,1957
docs\inst_test\instancias\n_1000_2,300,20,10,10,0.3000,42,9998438516,9998428988,69,1957
docs\inst_test\instancias\n_1000_2,300,20,10,10,0.2000,42,9999858876,9999845001,76,1957
docs\inst_test\instancias\n_1000_2,300,20,10,10,0.1000,42,9999331207,9999316534,82,1957
docs\inst_test\instancias\n_1000_2,300,20,10,10,0.1000,123,9996330629,9996316194,81,1957
docs\inst_test\instancias\n_1000_2,300,20,10,10,0.2000,2026,9996385206,9996372915,74,1957
docs\inst_test\instancias\n_1000_2,300,20,10,10,0.2000,123,9999912391,9999900751,76,1957
docs\inst_test\instancias\n_1000_2,300,20,10,10,0.1000,2026,9998331097,9998316398,86,1957
docs\inst_test\instancias\n_1000_2,300,20,10,10,0.3000,2026,9999438838,9999429166,68,1957
docs\inst_test\instancias\n_1000_2,300,20,10,10,0.3000,123,9996911904,9996900423,69,1957
docs\inst_test\instancias\n_1000_2,300,20,10,5,0.2000,123,9999912391,9999900751,113,1957
docs\inst_test\instancias\n_1000_2,300,20,10,5,0.2000,42,9999858876,9999845001,125,1957
docs\inst_test\instancias\n_1000_2,300,20,10,20,0.1000,42,9999331207,9999316534,83,1957
docs\inst_test\instancias\n_1000_2,300,20,10,5,0.1000,2026,9998331097,9998316398,133,1957
docs\inst_test\instancias\n_1000_2,300,20,10,20,0.3000,2026,9998912310,9998901354,66,1957
docs\inst_test\instancias\n_1000_2,300,20,15,5,0.2000,123,9999912391,9999900751,79,1957
docs\inst_test\instancias\n_1000_2,300,20,15,5,0.2000,42,9999858876,9999845001,83,1957
docs\inst_test\instancias\n_1000_2,300,20,15,5,0.1000,123,9997330825,9997316169,85,1957
docs\inst_test\instancias\n_1000_2,300,20,15,10,0.3000,42,9998438516,9998428988,69,1957
docs\inst_test\instancias\n_1000_2,300,20,15,5,0.1000,42,9999331207,9999316534,90,1957
docs\inst_test\instancias\n_1000_2,300,20,15,10,0.2000,123,9999912391,9999900751,73,1957
docs\inst_test\instancias\n_1000_2,300,20,15,10,0.3000,123,9996911904,9996900423,71,1957
docs\inst_test\instancias\n_1000_2,300,20,15,5,0.1000,2026,9998331097,9998316398,89,1957
docs\inst_test\instancias\n_1000_2,300,20,15,10,0.3000,2026,9999438838,9999429166,67,1957
docs\inst_test\instancias\n_1000_2,300,20,15,10,0.2000,2026,9996385206,9996372915,75,1957
docs\inst_test\instancias\n_1000_2,300,20,15,10,0.2000,42,9999858876,9999845001,77,1957
docs\inst_test\instancias\n_1000_2,300,20,15,10,0.1000,2026,9998331097,9998316398,82,1957
docs\inst_test\instancias\n_1000_2,300,20,10,20,0.2000,123,9998385547,9998372602,119,1957
docs\inst_test\instancias\n_1000_2,300,20,10,20,0.2000,42,9999858876,9999845001,122,1957
docs\inst_test\instancias\n_1000_2,300,20,10,20,0.3000,123,9992384096,9992371960,113,1957
docs\inst_test\instancias\n_1000_2,300,20,10,20,0.3000,42,9994911311,9994900125,115,1957
docs\inst_test\instancias\n_1000_2,300,20,10,20,0.1000,123,9996330629,9996316194,129,1957
docs\inst_test\instancias\n_1000_2,300,20,10,20,0.2000,2026,9996385206,9996372915,118,1957
docs\inst_test\instancias\n_1000_2,300,20,10,20,0.1000,2026,9998331097,9998316398,128,1957
docs\inst_test\instancias\n_1000_2,300,20,15,5,0.3000,2026,9999438838,9999429166,103,1957
docs\inst_test\instancias\n_1000_2,300,20,15,20,0.1000,42,9999331207,9999316534,85,1957
docs\inst_test\instancias\n_1000_2,300,20,15,5,0.3000,42,9999964929,9999957495,105,1957
docs\inst_test\instancias\n_1000_2,300,20,15,20,0.1000,123,9996330629,9996316194,86,1957
docs\inst_test\instancias\n_1000_2,300,20,15,5,0.2000,2026,9998912519,9998900937,115,1957
docs\inst_test\instancias\n_1000_2,300,20,15,5,0.3000,123,9999438622,9999429155,116,1957
docs\inst_test\instancias\n_1000_2,300,20,15,20,0.2000,123,9998385547,9998372602,75,1957
docs\inst_test\instancias\n_1000_2,300,20,15,20,0.3000,42,9994911311,9994900125,71,1957
docs\inst_test\instancias\n_1000_2,300,20,15,10,0.1000,42,9999331207,9999316534,129,1957
docs\inst_test\instancias\n_1000_2,300,20,15,10,0.1000,123,9996330629,9996316194,129,1957
docs\inst_test\instancias\n_1000_2,300,20,15,20,0.3000,2026,9998912310,9998901354,65,1957
docs\inst_test\instancias\n_1000_2,300,20,15,20,0.3000,123,9992384096,9992371960,75,1957
docs\inst_test\instancias\n_1000_2,300,20,15,20,0.1000,2026,9998331097,9998316398,129,1957
docs\inst_test\instancias\n_1000_2,300,20,15,20,0.2000,42,9999858876,9999845001,119,1957
docs\inst_test\instancias\n_1000_2,300,20,15,20,0.2000,2026,9996385206,9996372915,121,1957
docs\inst_test\instancias\n_1000_2,500,10,7,5,0.3000,42,9999964929,9999957495,107,1957
docs\inst_test\instancias\n_1000_2,500,10,7,5,0.3000,2026,9999438838,9999429166,112,1957
docs\inst_test\instancias\n_1000_2,500,10,7,5,0.3000,123,9999438622,9999429155,117,1957
docs\inst_test\instancias\n_1000_2,500,10,7,5,0.2000,123,9999912391,9999900751,125,1957
docs\inst_test\instancias\n_1000_2,500,10,7,5,0.2000,2026,9998912519,9998900937,125,1957
docs\inst_test\instancias\n_1000_2,500,10,7,5,0.2000,42,9999858876,9999845001,136,1957
docs\inst_test\instancias\n_1000_2,500,10,7,10,0.1000,42,9999331207,9999316534,137,1957
docs\inst_test\instancias\n_1000_2,500,10,7,5,0.1000,42,9999331207,9999316534,148,1957
docs\inst_test\instancias\n_1000_2,500,10,7,5,0.1000,2026,9998331097,9998316398,147,1957
docs\inst_test\instancias\n_1000_2,500,10,7,5,0.1000,123,9997330834,9997316081,148,1957
docs\inst_test\instancias\n_1000_2,500,10,7,20,0.3000,42,9999964923,9999957651,110,1957
docs\inst_test\instancias\n_1000_2,500,10,7,20,0.1000,2026,9998331097,9998316398,133,1957
docs\inst_test\instancias\n_1000_2,500,10,7,20,0.2000,2026,9996385206,9996372915,123,1957
docs\inst_test\instancias\n_1000_2,500,10,7,20,0.1000,42,9999331207,9999316534,139,1957
docs\inst_test\instancias\n_1000_2,500,10,7,10,0.3000,2026,9999438838,9999429166,160,1957
docs\inst_test\instancias\n_1000_2,500,10,7,10,0.3000,42,9999964929,9999957495,164,1957
docs\inst_test\instancias\n_1000_2,500,10,7,10,0.3000,123,9999438622,9999429155,175,1957
docs\inst_test\instancias\n_1000_2,500,10,7,10,0.2000,123,9999912391,9999900751,181,1957
docs\inst_test\instancias\n_1000_2,500,10,7,10,0.2000,2026,9998912519,9998900937,189,1957
docs\inst_test\instancias\n_1000_2,500,10,7,10,0.2000,42,9999858876,9999845001,196,1957
docs\inst_test\instancias\n_1000_2,500,10,10,5,0.1000,123,9997330834,9997316081,145,1957
docs\inst_test\instancias\n_1000_2,500,10,10,5,0.1000,42,9999331207,9999316534,151,1957
docs\inst_test\instancias\n_1000_2,500,10,7,20,0.2000,123,9999912391,9999900751,183,1957
docs\inst_test\instancias\n_1000_2,500,10,7,20,0.3000,2026,9999438838,9999429166,169,1957
docs\inst_test\instancias\n_1000_2,500,10,7,20,0.3000,123,9996911904,9996900423,173,1957
docs\inst_test\instancias\n_1000_2,500,10,10,5,0.3000,42,9999964929,9999957495,108,1957
docs\inst_test\instancias\n_1000_2,500,10,7,10,0.1000,123,9996330629,9996316194,211,1957
docs\inst_test\instancias\n_1000_2,500,10,7,10,0.1000,2026,9998331097,9998316398,212,1957
docs\inst_test\instancias\n_1000_2,500,10,7,20,0.1000,123,9996330629,9996316194,207,1957
docs\inst_test\instancias\n_1000_2,500,10,7,20,0.2000,42,9999858876,9999845001,203,1957
docs\inst_test\instancias\n_1000_2,500,10,10,5,0.2000,2026,9998912519,9998900937,124,1957
docs\inst_test\instancias\n_1000_2,500,10,10,5,0.3000,123,9999438622,9999429155,115,1957
docs\inst_test\instancias\n_1000_2,500,10,10,5,0.3000,2026,9999438838,9999429166,119,1957
docs\inst_test\instancias\n_1000_2,500,10,10,10,0.3000,42,9999964929,9999957495,105,1957
docs\inst_test\instancias\n_1000_2,500,10,10,10,0.2000,123,9999912391,9999900751,116,1957
docs\inst_test\instancias\n_1000_2,500,10,10,10,0.3000,2026,9999438838,9999429166,106,1957
docs\inst_test\instancias\n_1000_2,500,10,10,10,0.1000,42,9999331207,9999316534,139,1957
docs\inst_test\instancias\n_1000_2,500,10,10,10,0.2000,2026,9998912519,9998900937,122,1957
docs\inst_test\instancias\n_1000_2,500,10,10,5,0.2000,123,9999912391,9999900751,188,1957
docs\inst_test\instancias\n_1000_2,500,10,10,10,0.1000,123,9996330629,9996316194,136,1957
docs\inst_test\instancias\n_1000_2,500,10,10,10,0.2000,42,9999858876,9999845001,129,1957
docs\inst_test\instancias\n_1000_2,500,10,10,10,0.3000,123,9999438622,9999429155,118,1957
docs\inst_test\instancias\n_1000_2,500,10,10,10,0.1000,2026,9998331097,9998316398,135,1957
docs\inst_test\instancias\n_1000_2,500,10,10,5,0.2000,42,9999858876,9999845001,206,1957
docs\inst_test\instancias\n_1000_2,500,10,10,5,0.1000,2026,9998331097,9998316398,212,1957
docs\inst_test\instancias\n_1000_2,500,10,10,20,0.1000,42,9999331207,9999316534,140,1957
docs\inst_test\instancias\n_1000_2,500,10,10,20,0.3000,2026,9999438838,9999429166,114,1957
docs\inst_test\instancias\n_1000_2,500,10,10,20,0.3000,123,9996911904,9996900423,115,1957
docs\inst_test\instancias\n_1000_2,500,10,10,20,0.3000,42,9999964923,9999957651,122,1957
docs\inst_test\instancias\n_1000_2,500,10,10,20,0.2000,42,9999858876,9999845001,143,1957
docs\inst_test\instancias\n_1000_2,500,10,15,5,0.3000,2026,9999438838,9999429166,106,1957
docs\inst_test\instancias\n_1000_2,500,10,10,20,0.2000,2026,9996385206,9996372915,134,1957
docs\inst_test\instancias\n_1000_2,500,10,10,20,0.1000,123,9996330629,9996316194,165,1957
docs\inst_test\instancias\n_1000_2,500,10,10,20,0.1000,2026,9998331097,9998316398,164,1957
docs\inst_test\instancias\n_1000_2,500,10,15,5,0.2000,123,9999912391,9999900751,128,1957
docs\inst_test\instancias\n_1000_2,500,10,15,5,0.3000,123,9999438622,9999429155,123,1957
docs\inst_test\instancias\n_1000_2,500,10,15,5,0.2000,42,9999858876,9999845001,134,1957
docs\inst_test\instancias\n_1000_2,500,10,10,20,0.2000,123,9999912391,9999900751,160,1957
docs\inst_test\instancias\n_1000_2,500,10,15,5,0.2000,2026,9998912519,9998900937,134,1957
docs\inst_test\instancias\n_1000_2,500,10,15,5,0.3000,42,9999964929,9999957495,137,1957
docs\inst_test\instancias\n_1000_2,500,10,15,10,0.3000,123,9999438622,9999429155,95,1957
docs\inst_test\instancias\n_1000_2,500,10,15,5,0.1000,123,9997330834,9997316081,153,1957
docs\inst_test\instancias\n_1000_2,500,10,15,10,0.1000,123,9996330629,9996316194,128,1957
docs\inst_test\instancias\n_1000_2,500,10,15,10,0.2000,2026,9998912519,9998900937,107,1957
docs\inst_test\instancias\n_1000_2,500,10,15,10,0.1000,42,9999331207,9999316534,141,1957
docs\inst_test\instancias\n_1000_2,500,10,15,5,0.1000,2026,9998331097,9998316398,157,1957
docs\inst_test\instancias\n_1000_2,500,10,15,10,0.3000,2026,9999438838,9999429166,108,1957
docs\inst_test\instancias\n_1000_2,500,10,15,10,0.3000,42,9999964929,9999957495,112,1957
docs\inst_test\instancias\n_1000_2,500,10,15,10,0.1000,2026,9998331097,9998316398,126,1957
docs\inst_test\instancias\n_1000_2,500,10,15,5,0.1000,42,9999331207,9999316534,168,1957
docs\inst_test\instancias\n_1000_2,500,10,15,10,0.2000,123,9999912391,9999900751,129,1957
docs\inst_test\instancias\n_1000_2,500,10,15,20,0.2000,123,9999912391,9999900751,110,1957
docs\inst_test\instancias\n_1000_2,500,10,15,10,0.2000,42,9999858876,9999845001,146,1957
docs\inst_test\instancias\n_1000_2,500,10,15,20,0.2000,42,9999858876,9999845001,130,1957
docs\inst_test\instancias\n_1000_2,500,10,15,20,0.1000,2026,9998331097,9998316398,133,1957
docs\inst_test\instancias\n_1000_2,500,10,15,20,0.1000,123,9996330629,9996316194,140,1957
docs\inst_test\instancias\n_1000_2,500,10,15,20,0.1000,42,9999331207,9999316534,152,1957
docs\inst_test\instancias\n_1000_2,500,10,15,20,0.3000,2026,9999438838,9999429166,95,1957
docs\inst_test\instancias\n_1000_2,500,10,15,20,0.2000,2026,9996385206,9996372915,135,1957
docs\inst_test\instancias\n_1000_2,500,10,15,20,0.3000,42,9999964923,9999957651,109,1957
docs\inst_test\instancias\n_1000_2,500,10,15,20,0.3000,123,9996911904,9996900423,114,1957
docs\inst_test\instancias\n_1000_2,500,15,7,5,0.3000,123,9999438622,9999429155,106,1957
docs\inst_test\instancias\n_1000_2,500,15,7,5,0.3000,42,9999964929,9999957495,109,1957
docs\inst_test\instancias\n_1000_2,500,15,7,5,0.3000,2026,9999438838,9999429166,109,1957
docs\inst_test\instancias\n_1000_2,500,15,7,5,0.2000,2026,9998912519,9998900937,118,1957
docs\inst_test\instancias\n_1000_2,500,15,7,5,0.1000,42,9999331207,9999316534,133,1957
docs\inst_test\instancias\n_1000_2,500,15,7,5,0.2000,123,9999912391,9999900751,125,1957
docs\inst_test\instancias\n_1000_2,500,15,7,5,0.1000,123,9997330834,9997316081,135,1957
docs\inst_test\instancias\n_1000_2,500,15,7,5,0.1000,2026,9998331097,9998316398,134,1957
docs\inst_test\instancias\n_1000_2,500,15,7,10,0.3000,123,9999438622,9999429155,99,1957
docs\inst_test\instancias\n_1000_2,500,15,7,10,0.2000,2026,9998912519,9998900937,111,1957
docs\inst_test\instancias\n_1000_2,500,15,7,10,0.2000,123,9999912391,9999900751,113,1957
docs\inst_test\instancias\n_1000_2,500,15,7,10,0.2000,42,9999858876,9999845001,115,1957
docs\inst_test\instancias\n_1000_2,500,15,7,5,0.2000,42,9999858876,9999845001,144,1957
docs\inst_test\instancias\n_1000_2,500,15,7,10,0.1000,42,9999331207,9999316534,130,1957
docs\inst_test\instancias\n_1000_2,500,15,7,10,0.1000,2026,9998331097,9998316398,126,1957
docs\inst_test\instancias\n_1000_2,500,15,7,10,0.3000,42,9999964929,9999957495,118,1957
docs\inst_test\instancias\n_1000_2,500,15,7,10,0.1000,123,9996330629,9996316194,137,1957
docs\inst_test\instancias\n_1000_2,500,15,7,20,0.2000,123,9999912391,9999900751,106,1957
docs\inst_test\instancias\n_1000_2,500,15,7,20,0.1000,123,9996330629,9996316194,124,1957
docs\inst_test\instancias\n_1000_2,500,15,7,20,0.1000,2026,9998331097,9998316398,126,1957
docs\inst_test\instancias\n_1000_2,500,15,7,10,0.3000,2026,9999438838,9999429166,130,1957
docs\inst_test\instancias\n_1000_2,500,15,7,20,0.3000,2026,9999438838,9999429166,106,1957
docs\inst_test\instancias\n_1000_2,500,15,7,20,0.3000,42,9999964923,9999957651,109,1957
docs\inst_test\instancias\n_1000_2,500,15,7,20,0.1000,42,9999331207,9999316534,143,1957
docs\inst_test\instancias\n_1000_2,500,15,7,20,0.2000,2026,9996385206,9996372915,121,1957
docs\inst_test\instancias\n_1000_2,500,15,7,20,0.3000,123,9996911904,9996900423,127,1957
docs\inst_test\instancias\n_1000_2,500,15,7,20,0.2000,42,9999858876,9999845001,153,1957
docs\inst_test\instancias\n_1000_2,500,15,10,5,0.2000,42,9999858876,9999845001,123,1957
docs\inst_test\instancias\n_1000_2,500,15,10,5,0.1000,123,9997330834,9997316081,131,1957
docs\inst_test\instancias\n_1000_2,500,15,10,5,0.2000,123,9999912391,9999900751,124,1957
docs\inst_test\instancias\n_1000_2,500,15,10,5,0.3000,2026,9999438838,9999429166,104,1957
docs\inst_test\instancias\n_1000_2,500,15,10,5,0.3000,42,9999964929,9999957495,112,1957
docs\inst_test\instancias\n_1000_2,500,15,10,5,0.2000,2026,9998912519,9998900937,115,1957
docs\inst_test\instancias\n_1000_2,500,15,10,5,0.3000,123,9999438622,9999429155,113,1957
docs\inst_test\instancias\n_1000_2,500,15,10,5,0.1000,2026,9998331097,9998316398,146,1957
docs\inst_test\instancias\n_1000_2,500,15,10,5,0.1000,42,9999331207,9999316534,157,1957
docs\inst_test\instancias\n_1000_2,500,15,10,10,0.3000,123,9999438622,9999429155,99,1957
docs\inst_test\instancias\n_1000_2,500,15,10,10,0.3000,42,9999964929,9999957495,99,1957
docs\inst_test\instancias\n_1000_2,500,15,10,10,0.2000,123,9999912391,9999900751,113,1957
docs\inst_test\instancias\n_1000_2,500,15,10,10,0.2000,2026,9998912519,9998900937,108,1957
docs\inst_test\instancias\n_1000_2,500,15,10,10,0.2000,42,9999858876,9999845001,122,1957
docs\inst_test\instancias\n_1000_2,500,15,10,10,0.3000,2026,9999438838,9999429166,109,1957
docs\inst_test\instancias\n_1000_2,500,15,10,10,0.1000,42,9999331207,9999316534,131,1957
docs\inst_test\instancias\n_1000_2,500,15,10,20,0.3000,42,9999964923,9999957651,96,1957
docs\inst_test\instancias\n_1000_2,500,15,10,10,0.1000,2026,9998331097,9998316398,131,1957
docs\inst_test\instancias\n_1000_2,500,15,10,20,0.2000,123,9999912391,9999900751,105,1957
docs\inst_test\instancias\n_1000_2,500,15,10,10,0.1000,123,9996330629,9996316194,139,1957
docs\inst_test\instancias\n_1000_2,500,15,10,20,0.1000,123,9996330629,9996316194,118,1957
docs\inst_test\instancias\n_1000_2,500,15,10,20,0.1000,42,9999331207,9999316534,124,1957
docs\inst_test\instancias\n_1000_2,500,15,10,20,0.2000,2026,9996385206,9996372915,108,1957
docs\inst_test\instancias\n_1000_2,500,15,10,20,0.3000,123,9996911904,9996900423,110,1957
docs\inst_test\instancias\n_1000_2,500,15,10,20,0.3000,2026,9999438838,9999429166,107,1957
docs\inst_test\instancias\n_1000_2,500,15,10,20,0.2000,42,9999858876,9999845001,126,1957
docs\inst_test\instancias\n_1000_2,500,15,10,20,0.1000,2026,9998331097,9998316398,139,1957
docs\inst_test\instancias\n_1000_2,500,15,15,5,0.3000,42,9999964929,9999957495,101,1957
docs\inst_test\instancias\n_1000_2,500,15,15,5,0.2000,123,9999912391,9999900751,125,1957
docs\inst_test\instancias\n_1000_2,500,15,15,5,0.2000,42,9999858876,9999845001,131,1957
docs\inst_test\instancias\n_1000_2,500,15,15,5,0.1000,123,9997330834,9997316081,149,1957
docs\inst_test\instancias\n_1000_2,500,15,15,5,0.2000,2026,9998912519,9998900937,114,1957
docs\inst_test\instancias\n_1000_2,500,15,15,5,0.1000,42,9999331207,9999316534,152,1957
docs\inst_test\instancias\n_1000_2,500,15,15,5,0.1000,2026,9998331097,9998316398,149,1957
docs\inst_test\instancias\n_1000_2,500,15,15,5,0.3000,2026,9999438838,9999429166,106,1957
docs\inst_test\instancias\n_1000_2,500,15,15,5,0.3000,123,9999438622,9999429155,117,1957
docs\inst_test\instancias\n_1000_2,500,15,15,10,0.3000,42,9999964929,9999957495,98,1957
docs\inst_test\instancias\n_1000_2,500,15,15,10,0.3000,2026,9999438838,9999429166,96,1957
docs\inst_test\instancias\n_1000_2,500,15,15,10,0.2000,2026,9998912519,9998900937,109,1957
docs\inst_test\instancias\n_1000_2,500,15,15,10,0.2000,123,9999912391,9999900751,121,1957
docs\inst_test\instancias\n_1000_2,500,15,15,10,0.1000,123,9996330629,9996316194,127,1957
docs\inst_test\instancias\n_1000_2,500,15,15,10,0.3000,123,9999438622,9999429155,116,1957
docs\inst_test\instancias\n_1000_2,500,15,15,10,0.1000,42,9999331207,9999316534,133,1957
docs\inst_test\instancias\n_1000_2,500,15,15,20,0.3000,123,9996911904,9996900423,99,1957
docs\inst_test\instancias\n_1000_2,500,15,15,20,0.3000,2026,9999438838,9999429166,98,1957
docs\inst_test\instancias\n_1000_2,500,15,15,10,0.2000,42,9999858876,9999845001,133,1957
docs\inst_test\instancias\n_1000_2,500,15,15,10,0.1000,2026,9998331097,9998316398,137,1957
docs\inst_test\instancias\n_1000_2,500,15,15,20,0.2000,2026,9996385206,9996372915,110,1957
docs\inst_test\instancias\n_1000_2,500,15,15,20,0.1000,42,9999331207,9999316534,123,1957
docs\inst_test\instancias\n_1000_2,500,15,15,20,0.1000,2026,9998331097,9998316398,120,1957
docs\inst_test\instancias\n_1000_2,500,15,15,20,0.3000,42,9999964923,9999957651,113,1957
docs\inst_test\instancias\n_1000_2,500,15,15,20,0.2000,123,9999912391,9999900751,117,1957
docs\inst_test\instancias\n_1000_2,500,15,15,20,0.1000,123,9996330629,9996316194,131,1957
docs\inst_test\instancias\n_1000_2,500,15,15,20,0.2000,42,9999858876,9999845001,134,1957
docs\inst_test\instancias\n_1000_2,500,20,7,5,0.1000,42,9999331207,9999316534,135,1957
docs\inst_test\instancias\n_1000_2,500,20,7,5,0.2000,123,9999912391,9999900751,120,1957
docs\inst_test\instancias\n_1000_2,500,20,7,5,0.1000,123,9997330834,9997316081,146,1957
docs\inst_test\instancias\n_1000_2,500,20,7,5,0.2000,42,9999858876,9999845001,137,1957
docs\inst_test\instancias\n_1000_2,500,20,7,5,0.1000,2026,9998331097,9998316398,144,1957
docs\inst_test\instancias\n_1000_2,500,20,7,5,0.3000,42,9999964929,9999957495,106,1957
docs\inst_test\instancias\n_1000_2,500,20,7,5,0.2000,2026,9998912519,9998900937,117,1957
docs\inst_test\instancias\n_1000_2,500,20,7,5,0.3000,123,9999438622,9999429155,111,1957
docs\inst_test\instancias\n_1000_2,500,20,7,10,0.3000,42,9999964929,9999957495,93,1957
docs\inst_test\instancias\n_1000_2,500,20,7,5,0.3000,2026,9999438838,9999429166,114,1957
docs\inst_test\instancias\n_1000_2,500,20,7,10,0.3000,123,9999438622,9999429155,101,1957
docs\inst_test\instancias\n_1000_2,500,20,7,10,0.2000,42,9999858876,9999845001,117,1957
docs\inst_test\instancias\n_1000_2,500,20,7,10,0.2000,123,9999912391,9999900751,120,1957
docs\inst_test\instancias\n_1000_2,500,20,7,10,0.2000,2026,9998912519,9998900937,118,1957
docs\inst_test\instancias\n_1000_2,500,20,7,10,0.1000,42,9999331207,9999316534,130,1957
docs\inst_test\instancias\n_1000_2,500,20,7,10,0.3000,2026,9999438838,9999429166,102,1957
docs\inst_test\instancias\n_1000_2,500,20,7,10,0.1000,123,9996330629,9996316194,134,1957
docs\inst_test\instancias\n_1000_2,500,20,7,10,0.1000,2026,9998331097,9998316398,136,1957
docs\inst_test\instancias\n_1000_2,500,20,7,20,0.2000,123,9999912391,9999900751,107,1957
docs\inst_test\instancias\n_1000_2,500,20,7,20,0.3000,123,9996911904,9996900423,100,1957
docs\inst_test\instancias\n_1000_2,500,20,7,20,0.2000,42,9999858876,9999845001,112,1957
docs\inst_test\instancias\n_1000_2,500,20,7,20,0.3000,2026,9999438838,9999429166,104,1957
docs\inst_test\instancias\n_1000_2,500,20,7,20,0.3000,42,9999964923,9999957651,108,1957
docs\inst_test\instancias\n_1000_2,500,20,7,20,0.1000,42,9999331207,9999316534,122,1957
docs\inst_test\instancias\n_1000_2,500,20,7,20,0.1000,123,9996330629,9996316194,125,1957
docs\inst_test\instancias\n_1000_2,500,20,7,20,0.2000,2026,9996385206,9996372915,121,1957
docs\inst_test\instancias\n_1000_2,500,20,7,20,0.1000,2026,9998331097,9998316398,132,1957
docs\inst_test\instancias\n_1000_2,500,20,10,5,0.1000,42,9999331207,9999316534,134,1957
docs\inst_test\instancias\n_1000_2,500,20,10,5,0.3000,42,9999964929,9999957495,103,1957
docs\inst_test\instancias\n_1000_2,500,20,10,5,0.1000,2026,9998331097,9998316398,133,1957
docs\inst_test\instancias\n_1000_2,500,20,10,5,0.2000,123,9999912391,9999900751,121,1957
docs\inst_test\instancias\n_1000_2,500,20,10,5,0.2000,42,9999858876,9999845001,131,1957
docs\inst_test\instancias\n_1000_2,500,20,10,5,0.2000,2026,9998912519,9998900937,119,1957
docs\inst_test\instancias\n_1000_2,500,20,10,5,0.3000,123,9999438622,9999429155,108,1957
docs\inst_test\instancias\n_1000_2,500,20,10,5,0.1000,123,9997330834,9997316081,152,1957
docs\inst_test\instancias\n_1000_2,500,20,10,5,0.3000,2026,9999438838,9999429166,111,1957
docs\inst_test\instancias\n_1000_2,500,20,10,10,0.3000,42,9999964929,9999957495,94,1957
docs\inst_test\instancias\n_1000_2,500,20,10,10,0.2000,123,9999912391,9999900751,106,1957
docs\inst_test\instancias\n_1000_2,500,20,10,10,0.3000,123,9999438622,9999429155,100,1957
docs\inst_test\instancias\n_1000_2,500,20,10,10,0.1000,42,9999331207,9999316534,129,1957
docs\inst_test\instancias\n_1000_2,500,20,10,10,0.1000,2026,9998331097,9998316398,123,1957
docs\inst_test\instancias\n_1000_2,500,20,10,10,0.2000,2026,9998912519,9998900937,116,1957
docs\inst_test\instancias\n_1000_2,500,20,10,10,0.3000,2026,9999438838,9999429166,102,1957
docs\inst_test\instancias\n_1000_2,500,20,10,10,0.2000,42,9999858876,9999845001,127,1957
docs\inst_test\instancias\n_1000_2,500,20,10,10,0.1000,123,9996330629,9996316194,137,1957
docs\inst_test\instancias\n_1000_2,500,20,10,20,0.3000,42,9999964923,9999957651,99,1957
docs\inst_test\instancias\n_1000_2,500,20,10,20,0.3000,2026,9999438838,9999429166,94,1957
docs\inst_test\instancias\n_1000_2,500,20,10,20,0.1000,42,9999331207,9999316534,120,1957
docs\inst_test\instancias\n_1000_2,500,20,10,20,0.3000,123,9996911904,9996900423,100,1957
docs\inst_test\instancias\n_1000_2,500,20,10,20,0.1000,123,9996330629,9996316194,122,1957
docs\inst_test\instancias\n_1000_2,500,20,10,20,0.2000,2026,9996385206,9996372915,108,1957
docs\inst_test\instancias\n_1000_2,500,20,10,20,0.2000,42,9999858876,9999845001,124,1957
docs\inst_test\instancias\n_1000_2,500,20,10,20,0.2000,123,9999912391,9999900751,120,1957
docs\inst_test\instancias\n_1000_2,500,20,10,20,0.1000,2026,9998331097,9998316398,130,1957
docs\inst_test\instancias\n_1000_2,500,20,15,5,0.2000,123,9999912391,9999900751,117,1957
docs\inst_test\instancias\n_1000_2,500,20,15,5,0.3000,123,9999438622,9999429155,106,1957
docs\inst_test\instancias\n_1000_2,500,20,15,5,0.1000,123,9997330834,9997316081,136,1957
docs\inst_test\instancias\n_1000_2,500,20,15,5,0.3000,42,9999964929,9999957495,109,1957
docs\inst_test\instancias\n_1000_2,500,20,15,5,0.1000,2026,9998331097,9998316398,134,1957
docs\inst_test\instancias\n_1000_2,500,20,15,5,0.1000,42,9999331207,9999316534,140,1957
docs\inst_test\instancias\n_1000_2,500,20,15,5,0.2000,42,9999858876,9999845001,130,1957
docs\inst_test\instancias\n_1000_2,500,20,15,5,0.2000,2026,9998912519,9998900937,111,1957
docs\inst_test\instancias\n_1000_2,500,20,15,5,0.3000,2026,9999438838,9999429166,106,1957
docs\inst_test\instancias\n_1000_2,500,20,15,10,0.3000,42,9999964929,9999957495,98,1957
docs\inst_test\instancias\n_1000_2,500,20,15,10,0.1000,42,9999331207,9999316534,125,1957
docs\inst_test\instancias\n_1000_2,500,20,15,10,0.2000,123,9999912391,9999900751,109,1957
docs\inst_test\instancias\n_1000_2,500,20,15,10,0.1000,123,9996330629,9996316194,119,1957
docs\inst_test\instancias\n_1000_2,500,20,15,10,0.2000,42,9999858876,9999845001,113,1957
docs\inst_test\instancias\n_1000_2,500,20,15,10,0.2000,2026,9998912519,9998900937,104,1957
docs\inst_test\instancias\n_1000_2,500,20,15,10,0.1000,2026,9998331097,9998316398,120,1957
docs\inst_test\instancias\n_1000_2,500,20,15,10,0.3000,2026,9999438838,9999429166,98,1957
docs\inst_test\instancias\n_1000_2,500,20,15,10,0.3000,123,9999438622,9999429155,102,1957
docs\inst_test\instancias\n_1000_2,500,20,15,20,0.3000,42,9999964923,9999957651,83,1957
docs\inst_test\instancias\n_1000_2,500,20,15,20,0.3000,2026,9999438838,9999429166,81,1957
docs\inst_test\instancias\n_1000_2,500,20,15,20,0.3000,123,9996911904,9996900423,82,1957
docs\inst_test\instancias\n_1000_2,500,20,15,20,0.1000,42,9999331207,9999316534,105,1957
docs\inst_test\instancias\n_1000_2,500,20,15,20,0.2000,123,9999912391,9999900751,97,1957
docs\inst_test\instancias\n_1000_2,500,20,15,20,0.2000,42,9999858876,9999845001,100,1957
docs\inst_test\instancias\n_1000_2,500,20,15,20,0.1000,2026,9998331097,9998316398,107,1957
docs\inst_test\instancias\n_1000_2,500,20,15,20,0.2000,2026,9996385206,9996372915,94,1957
docs\inst_test\instancias\n_1000_2,500,20,15,20,0.1000,123,9996330629,9996316194,112,1957
docs\inst_test\instancias\n_1000_3,100,10,7,5,0.3000,123,9997665784,9997663583,18,1612
docs\inst_test\instancias\n_1000_3,100,10,7,10,0.3000,2026,9997665743,9997663521,18,1612
docs\inst_test\instancias\n_1000_3,100,10,7,5,0.1000,2026,9999229050,9999226581,18,1612
docs\inst_test\instancias\n_1000_3,100,10,7,5,0.1000,42,9994541304,9994538911,19,1612
docs\inst_test\instancias\n_1000_3,100,10,7,5,0.1000,123,9994541336,9994539080,19,1612
docs\inst_test\instancias\n_1000_3,100,10,7,20,0.2000,42,9998448433,9998445626,18,1612
docs\inst_test\instancias\n_1000_3,100,10,7,20,0.3000,2026,9997665743,9997663521,17,1612
docs\inst_test\instancias\n_1000_3,100,10,7,20,0.3000,42,9991414767,9991413262,17,1612
docs\inst_test\instancias\n_1000_3,100,10,7,20,0.2000,123,9994541384,9994539009,18,1612
docs\inst_test\instancias\n_1000_3,100,10,7,5,0.2000,42,9999229060,9999226468,20,1612
docs\inst_test\instancias\n_1000_3,100,10,7,20,0.3000,123,9997665756,9997663599,18,1612
docs\inst_test\instancias\n_1000_3,100,10,10,5,0.1000,123,9994541336,9994539080,19,1612
docs\inst_test\instancias\n_1000_3,100,10,10,5,0.2000,42,9999229060,9999226468,19,1612
docs\inst_test\instancias\n_1000_3,100,10,10,5,0.2000,123,9997665779,9997663602,18,1612
docs\inst_test\instancias\n_1000_3,100,10,10,5,0.1000,42,9994541304,9994538911,24,1612
docs\inst_test\instancias\n_1000_3,100,10,10,5,0.1000,2026,9999229050,9999226581,24,1612
docs\inst_test\instancias\n_1000_3,100,10,7,5,0.3000,42,9996882774,9996881676,28,1612
docs\inst_test\instancias\n_1000_3,100,10,7,5,0.3000,2026,9999226819,9999225611,29,1612
docs\inst_test\instancias\n_1000_3,100,10,7,10,0.3000,123,9997665784,9997663583,29,1612
docs\inst_test\instancias\n_1000_3,100,10,7,10,0.2000,123,9994541384,9994539009,30,1612
docs\inst_test\instancias\n_1000_3,100,10,7,20,0.2000,2026,9999229022,9999226617,30,1612
docs\inst_test\instancias\n_1000_3,100,10,7,20,0.1000,123,9991416953,9991414346,30,1612
docs\inst_test\instancias\n_1000_3,100,10,7,20,0.1000,42,9989073113,9989070474,30,1612
docs\inst_test\instancias\n_1000_3,100,10,7,5,0.2000,2026,9999229022,9999226617,30,1612
docs\inst_test\instancias\n_1000_3,100,10,7,20,0.1000,2026,9991416933,9991414310,29,1612
docs\inst_test\instancias\n_1000_3,100,10,7,10,0.3000,42,9994539122,9994537986,31,1612
docs\inst_test\instancias\n_1000_3,100,10,7,10,0.2000,42,9998448433,9998445626,31,1612
docs\inst_test\instancias\n_1000_3,100,10,7,5,0.2000,123,9997665779,9997663602,31,1612
docs\inst_test\instancias\n_1000_3,100,10,7,10,0.1000,123,9994541334,9994539114,31,1612
docs\inst_test\instancias\n_1000_3,100,10,7,10,0.2000,2026,9999229022,9999226617,32,1612
docs\inst_test\instancias\n_1000_3,100,10,7,10,0.1000,42,9989073113,9989070474,31,1612
docs\inst_test\instancias\n_1000_3,100,10,7,10,0.1000,2026,9991416933,9991414310,32,1612
docs\inst_test\instancias\n_1000_3,100,10,10,5,0.3000,2026,9999226819,9999225611,18,1612
docs\inst_test\instancias\n_1000_3,100,10,10,5,0.3000,42,9996882774,9996881676,18,1612
docs\inst_test\instancias\n_1000_3,100,10,10,5,0.3000,123,9997665784,9997663583,19,1612
docs\inst_test\instancias\n_1000_3,100,10,10,10,0.1000,2026,9991416933,9991414310,19,1612
docs\inst_test\instancias\n_1000_3,100,10,10,10,0.1000,42,9989073113,9989070474,19,1612
docs\inst_test\instancias\n_1000_3,100,10,10,10,0.2000,123,9994541384,9994539009,18,1612
docs\inst_test\instancias\n_1000_3,100,10,10,5,0.2000,2026,9999229022,9999226617,20,1612
docs\inst_test\instancias\n_1000_3,100,10,10,10,0.2000,42,9998448433,9998445626,20,1612
docs\inst_test\instancias\n_1000_3,100,10,10,10,0.1000,123,9994541334,9994539114,20,1612
docs\inst_test\instancias\n_1000_3,100,10,10,10,0.2000,2026,9999229022,9999226617,18,1612
docs\inst_test\instancias\n_1000_3,100,10,10,10,0.3000,2026,9997665743,9997663521,19,1612
docs\inst_test\instancias\n_1000_3,100,10,10,10,0.3000,42,9994539122,9994537986,20,1612
docs\inst_test\instancias\n_1000_3,100,10,10,10,0.3000,123,9997665784,9997663583,19,1612
docs\inst_test\instancias\n_1000_3,100,10,10,20,0.1000,42,9989073113,9989070474,18,1612
docs\inst_test\instancias\n_1000_3,100,10,10,20,0.1000,123,9991416953,9991414346,17,1612
docs\inst_test\instancias\n_1000_3,100,10,10,20,0.1000,2026,9991416933,9991414310,19,1612
docs\inst_test\instancias\n_1000_3,100,10,15,10,0.1000,2026,9991416933,9991414310,19,1612
docs\inst_test\instancias\n_1000_3,100,10,15,10,0.1000,123,9994541334,9994539114,19,1612
docs\inst_test\instancias\n_1000_3,100,10,15,10,0.3000,42,9994539122,9994537986,18,1612
docs\inst_test\instancias\n_1000_3,100,10,15,10,0.3000,123,9997665784,9997663583,18,1612
docs\inst_test\instancias\n_1000_3,100,10,15,10,0.2000,123,9994541384,9994539009,19,1612
docs\inst_test\instancias\n_1000_3,100,10,15,10,0.2000,2026,9999229022,9999226617,19,1612
docs\inst_test\instancias\n_1000_3,100,10,15,10,0.2000,42,9998448433,9998445626,20,1612
docs\inst_test\instancias\n_1000_3,100,10,15,20,0.1000,123,9991416953,9991414346,20,1612
docs\inst_test\instancias\n_1000_3,100,10,15,10,0.3000,2026,9997665743,9997663521,20,1612
docs\inst_test\instancias\n_1000_3,100,10,10,20,0.2000,2026,9999229022,9999226617,29,1612
docs\inst_test\instancias\n_1000_3,100,10,15,20,0.1000,2026,9991416933,9991414310,18,1612
docs\inst_test\instancias\n_1000_3,100,10,15,20,0.1000,42,9989073113,9989070474,20,1612
docs\inst_test\instancias\n_1000_3,100,10,10,20,0.2000,123,9994541384,9994539009,30,1612
docs\inst_test\instancias\n_1000_3,100,10,15,20,0.2000,123,9994541384,9994539009,18,1612
docs\inst_test\instancias\n_1000_3,100,10,15,20,0.2000,42,9998448433,9998445626,18,1612
docs\inst_test\instancias\n_1000_3,100,10,10,20,0.3000,2026,9997665743,9997663521,28,1612
docs\inst_test\instancias\n_1000_3,100,10,10,20,0.3000,42,9991414767,9991413262,28,1612
docs\inst_test\instancias\n_1000_3,100,10,10,20,0.2000,42,9998448433,9998445626,32,1612
docs\inst_test\instancias\n_1000_3,100,10,10,20,0.3000,123,9997665756,9997663599,30,1612
docs\inst_test\instancias\n_1000_3,100,10,15,20,0.2000,2026,9999229022,9999226617,21,1612
docs\inst_test\instancias\n_1000_3,100,10,15,5,0.3000,42,9996882774,9996881676,29,1612
docs\inst_test\instancias\n_1000_3,100,10,15,5,0.3000,2026,9999226819,9999225611,29,1612
docs\inst_test\instancias\n_1000_3,100,10,15,5,0.1000,123,9994541336,9994539080,32,1612
docs\inst_test\instancias\n_1000_3,100,10,15,5,0.1000,2026,9999229050,9999226581,32,1612
docs\inst_test\instancias\n_1000_3,100,10,15,20,0.3000,42,9991414767,9991413262,19,1612
docs\inst_test\instancias\n_1000_3,100,10,15,5,0.3000,123,9997665784,9997663583,30,1612
docs\inst_test\instancias\n_1000_3,100,10,15,5,0.1000,42,9994541304,9994538911,32,1612
docs\inst_test\instancias\n_1000_3,100,10,15,5,0.2000,123,9997665779,9997663602,31,1612
docs\inst_test\instancias\n_1000_3,100,10,15,5,0.2000,42,9999229060,9999226468,31,1612
docs\inst_test\instancias\n_1000_3,100,10,15,5,0.2000,2026,9999229022,9999226617,32,1612
docs\inst_test\instancias\n_1000_3,100,10,15,20,0.3000,123,9997665756,9997663599,18,1612
docs\inst_test\instancias\n_1000_3,100,10,15,10,0.1000,42,9989073113,9989070474,33,1612
docs\inst_test\instancias\n_1000_3,100,10,15,20,0.3000,2026,9997665743,9997663521,18,1612
docs\inst_test\instancias\n_1000_3,100,15,7,5,0.2000,123,9997665779,9997663602,19,1612
docs\inst_test\instancias\n_1000_3,100,15,7,5,0.1000,123,9994541336,9994539080,20,1612
docs\inst_test\instancias\n_1000_3,100,15,7,5,0.1000,42,9994541304,9994538911,21,1612
docs\inst_test\instancias\n_1000_3,100,15,7,5,0.2000,42,9999229060,9999226468,20,1612
docs\inst_test\instancias\n_1000_3,100,15,7,5,0.3000,42,9996882774,9996881676,18,1612
docs\inst_test\instancias\n_1000_3,100,15,7,5,0.2000,2026,9999229022,9999226617,19,1612
docs\inst_test\instancias\n_1000_3,100,15,7,5,0.1000,2026,9999229050,9999226581,21,1612
docs\inst_test\instancias\n_1000_3,100,15,7,10,0.1000,42,9989073113,9989070474,19,1612
docs\inst_test\instancias\n_1000_3,100,15,7,10,0.1000,123,9994541334,9994539114,18,1612
docs\inst_test\instancias\n_1000_3,100,15,7,10,0.2000,42,9998448433,9998445626,18,1612
docs\inst_test\instancias\n_1000_3,100,15,7,10,0.2000,123,9994541384,9994539009,19,1612
docs\inst_test\instancias\n_1000_3,100,15,7,5,0.3000,123,9997665784,9997663583,20,1612
docs\inst_test\instancias\n_1000_3,100,15,7,20,0.1000,42,9989073113,9989070474,17,1612
docs\inst_test\instancias\n_1000_3,100,15,7,20,0.2000,2026,9999229022,9999226617,19,1612
docs\inst_test\instancias\n_1000_3,100,15,10,5,0.1000,2026,9999229050,9999226581,20,1612
docs\inst_test\instancias\n_1000_3,100,15,7,5,0.3000,2026,9999226819,9999225611,28,1612
docs\inst_test\instancias\n_1000_3,100,15,7,10,0.3000,42,9994539122,9994537986,30,1612
docs\inst_test\instancias\n_1000_3,100,15,7,10,0.1000,2026,9991416933,9991414310,30,1612
docs\inst_test\instancias\n_1000_3,100,15,7,10,0.3000,2026,9997665743,9997663521,30,1612
docs\inst_test\instancias\n_1000_3,100,15,7,10,0.3000,123,9997665784,9997663583,30,1612
docs\inst_test\instancias\n_1000_3,100,15,7,10,0.2000,2026,9999229022,9999226617,32,1612
docs\inst_test\instancias\n_1000_3,100,15,10,5,0.2000,123,9997665779,9997663602,19,1612
docs\inst_test\instancias\n_1000_3,100,15,7,20,0.3000,2026,9997665743,9997663521,30,1612
docs\inst_test\instancias\n_1000_3,100,15,7,20,0.1000,123,9991416953,9991414346,31,1612
docs\inst_test\instancias\n_1000_3,100,15,7,20,0.1000,2026,9991416933,9991414310,31,1612
docs\inst_test\instancias\n_1000_3,100,15,7,20,0.2000,42,9998448433,9998445626,30,1612
docs\inst_test\instancias\n_1000_3,100,15,7,20,0.2000,123,9994541384,9994539009,31,1612
docs\inst_test\instancias\n_1000_3,100,15,7,20,0.3000,123,9997665756,9997663599,31,1612
docs\inst_test\instancias\n_1000_3,100,15,10,5,0.3000,42,9996882774,9996881676,18,1612
docs\inst_test\instancias\n_1000_3,100,15,10,5,0.3000,2026,9999226819,9999225611,18,1612
docs\inst_test\instancias\n_1000_3,100,15,7,20,0.3000,42,9991414767,9991413262,32,1612
docs\inst_test\instancias\n_1000_3,100,15,10,5,0.1000,123,9994541336,9994539080,31,1612
docs\inst_test\instancias\n_1000_3,100,15,10,5,0.3000,123,9997665784,9997663583,18,1612
docs\inst_test\instancias\n_1000_3,100,15,10,5,0.2000,2026,9999229022,9999226617,20,1612
docs\inst_test\instancias\n_1000_3,100,15,10,5,0.1000,42,9994541304,9994538911,33,1612
docs\inst_test\instancias\n_1000_3,100,15,10,10,0.3000,42,9994539122,9994537986,17,1612
docs\inst_test\instancias\n_1000_3,100,15,10,10,0.1000,2026,9991416933,9991414310,18,1612
docs\inst_test\instancias\n_1000_3,100,15,10,10,0.1000,123,9994541334,9994539114,19,1612
docs\inst_test\instancias\n_1000_3,100,15,10,10,0.2000,123,9994541384,9994539009,19,1612
docs\inst_test\instancias\n_1000_3,100,15,10,10,0.2000,2026,9999229022,9999226617,19,1612
docs\inst_test\instancias\n_1000_3,100,15,10,10,0.2000,42,9998448433,9998445626,19,1612
docs\inst_test\instancias\n_1000_3,100,15,10,10,0.1000,42,9989073113,9989070474,21,1612
docs\inst_test\instancias\n_1000_3,100,15,10,5,0.2000,42,9999229060,9999226468,31,1612
docs\inst_test\instancias\n_1000_3,100,15,10,10,0.3000,123,9997665784,9997663583,20,1612
docs\inst_test\instancias\n_1000_3,100,15,10,10,0.3000,2026,9997665743,9997663521,20,1612
docs\inst_test\instancias\n_1000_3,100,15,10,20,0.1000,42,9989073113,9989070474,19,1612
docs\inst_test\instancias\n_1000_3,100,15,10,20,0.1000,123,9991416953,9991414346,18,1612
docs\inst_test\instancias\n_1000_3,100,15,15,5,0.3000,42,9996882774,9996881676,18,1612
docs\inst_test\instancias\n_1000_3,100,15,10,20,0.3000,2026,9997665743,9997663521,20,1612
docs\inst_test\instancias\n_1000_3,100,15,15,5,0.3000,123,9997665784,9997663583,18,1612
docs\inst_test\instancias\n_1000_3,100,15,15,10,0.3000,42,9994539122,9994537986,17,1612
docs\inst_test\instancias\n_1000_3,100,15,15,10,0.3000,123,9997665784,9997663583,17,1612
docs\inst_test\instancias\n_1000_3,100,15,15,10,0.1000,2026,9991416933,9991414310,18,1612
docs\inst_test\instancias\n_1000_3,100,15,15,10,0.2000,123,9994541384,9994539009,19,1612
docs\inst_test\instancias\n_1000_3,100,15,15,10,0.2000,2026,9999229022,9999226617,19,1612
docs\inst_test\instancias\n_1000_3,100,15,15,10,0.3000,2026,9997665743,9997663521,18,1612
docs\inst_test\instancias\n_1000_3,100,15,15,10,0.1000,123,9994541334,9994539114,20,1612
docs\inst_test\instancias\n_1000_3,100,15,10,20,0.1000,2026,9991416933,9991414310,30,1612
docs\inst_test\instancias\n_1000_3,100,15,15,20,0.1000,123,9991416953,9991414346,19,1612
docs\inst_test\instancias\n_1000_3,100,15,15,20,0.1000,42,9989073113,9989070474,20,1612
docs\inst_test\instancias\n_1000_3,100,15,15,20,0.2000,42,9998448433,9998445626,19,1612
docs\inst_test\instancias\n_1000_3,100,15,15,20,0.2000,123,9994541384,9994539009,18,1612
docs\inst_test\instancias\n_1000_3,100,15,10,20,0.2000,42,9998448433,9998445626,30,1612
docs\inst_test\instancias\n_1000_3,100,15,10,20,0.2000,123,9994541384,9994539009,31,1612
docs\inst_test\instancias\n_1000_3,100,15,15,20,0.2000,2026,9999229022,9999226617,20,1612
docs\inst_test\instancias\n_1000_3,100,15,10,20,0.2000,2026,9999229022,9999226617,31,1612
docs\inst_test\instancias\n_1000_3,100,15,10,20,0.3000,123,9997665756,9997663599,31,1612
docs\inst_test\instancias\n_1000_3,100,15,15,5,0.3000,2026,9999226819,9999225611,28,1612
docs\inst_test\instancias\n_1000_3,100,15,10,20,0.3000,42,9991414767,9991413262,33,1612
docs\inst_test\instancias\n_1000_3,100,15,15,5,0.2000,123,9997665779,9997663602,30,1612
docs\inst_test\instancias\n_1000_3,100,15,15,5,0.1000,123,9994541336,9994539080,31,1612
docs\inst_test\instancias\n_1000_3,100,15,15,5,0.1000,42,9994541304,9994538911,31,1612
docs\inst_test\instancias\n_1000_3,100,15,15,5,0.1000,2026,9999229050,9999226581,32,1612
docs\inst_test\instancias\n_1000_3,100,15,15,5,0.2000,2026,9999229022,9999226617,31,1612
docs\inst_test\instancias\n_1000_3,100,15,15,10,0.1000,42,9989073113,9989070474,30,1612
docs\inst_test\instancias\n_1000_3,100,15,15,20,0.3000,42,9991414767,9991413262,26,1612
docs\inst_test\instancias\n_1000_3,100,15,15,10,0.2000,42,9998448433,9998445626,33,1612
docs\inst_test\instancias\n_1000_3,100,15,15,5,0.2000,42,9999229060,9999226468,37,1612
docs\inst_test\instancias\n_1000_3,100,15,15,20,0.1000,2026,9991416933,9991414310,32,1612
docs\inst_test\instancias\n_1000_3,100,15,15,20,0.3000,123,9997665756,9997663599,18,1612
docs\inst_test\instancias\n_1000_3,100,20,7,5,0.3000,42,9996882774,9996881676,17,1612
docs\inst_test\instancias\n_1000_3,100,20,7,5,0.2000,123,9997665779,9997663602,18,1612
docs\inst_test\instancias\n_1000_3,100,20,7,5,0.1000,123,9994541336,9994539080,20,1612
docs\inst_test\instancias\n_1000_3,100,20,7,5,0.2000,42,9999229060,9999226468,20,1612
docs\inst_test\instancias\n_1000_3,100,20,7,5,0.3000,123,9997665784,9997663583,19,1612
docs\inst_test\instancias\n_1000_3,100,20,7,5,0.2000,2026,9999229022,9999226617,19,1612
docs\inst_test\instancias\n_1000_3,100,20,7,5,0.1000,2026,9999229050,9999226581,20,1612
docs\inst_test\instancias\n_1000_3,100,15,15,20,0.3000,2026,9997665743,9997663521,21,1612
docs\inst_test\instancias\n_1000_3,100,20,7,10,0.1000,42,9989073113,9989070474,18,1612
docs\inst_test\instancias\n_1000_3,100,20,7,10,0.1000,123,9994541334,9994539114,19,1612
docs\inst_test\instancias\n_1000_3,100,20,7,10,0.1000,2026,9991416933,9991414310,19,1612
docs\inst_test\instancias\n_1000_3,100,20,7,10,0.2000,42,9998448433,9998445626,19,1612
docs\inst_test\instancias\n_1000_3,100,20,7,10,0.3000,42,9994539122,9994537986,18,1612
docs\inst_test\instancias\n_1000_3,100,20,7,5,0.3000,2026,9999226819,9999225611,28,1612
docs\inst_test\instancias\n_1000_3,100,20,7,20,0.3000,2026,9997665743,9997663521,17,1612
docs\inst_test\instancias\n_1000_3,100,20,7,10,0.2000,2026,9999229022,9999226617,31,1612
docs\inst_test\instancias\n_1000_3,100,20,7,10,0.3000,123,9997665784,9997663583,30,1612
docs\inst_test\instancias\n_1000_3,100,20,7,10,0.2000,123,9994541384,9994539009,32,1612
docs\inst_test\instancias\n_1000_3,100,20,10,5,0.2000,123,9997665779,9997663602,19,1612
docs\inst_test\instancias\n_1000_3,100,20,7,10,0.3000,2026,9997665743,9997663521,29,1612
docs\inst_test\instancias\n_1000_3,100,20,10,5,0.2000,42,9999229060,9999226468,21,1612
docs\inst_test\instancias\n_1000_3,100,20,7,5,0.1000,42,9994541304,9994538911,39,1612
docs\inst_test\instancias\n_1000_3,100,20,10,5,0.3000,123,9997665784,9997663583,19,1612
docs\inst_test\instancias\n_1000_3,100,20,10,5,0.2000,2026,9999229022,9999226617,20,1612
docs\inst_test\instancias\n_1000_3,100,20,7,20,0.1000,42,9989073113,9989070474,31,1612
docs\inst_test\instancias\n_1000_3,100,20,7,20,0.1000,123,9991416953,9991414346,30,1612
docs\inst_test\instancias\n_1000_3,100,20,10,5,0.3000,42,9996882774,9996881676,19,1612
docs\inst_test\instancias\n_1000_3,100,20,7,20,0.3000,123,9997665756,9997663599,29,1612
docs\inst_test\instancias\n_1000_3,100,20,7,20,0.1000,2026,9991416933,9991414310,30,1612
docs\inst_test\instancias\n_1000_3,100,20,10,10,0.1000,42,9989073113,9989070474,19,1612
docs\inst_test\instancias\n_1000_3,100,20,10,10,0.1000,123,9994541334,9994539114,19,1612
docs\inst_test\instancias\n_1000_3,100,20,10,10,0.1000,2026,9991416933,9991414310,19,1612
docs\inst_test\instancias\n_1000_3,100,20,10,5,0.3000,2026,9999226819,9999225611,20,1612
docs\inst_test\instancias\n_1000_3,100,20,7,20,0.2000,2026,9999229022,9999226617,30,1612
docs\inst_test\instancias\n_1000_3,100,20,7,20,0.3000,42,9991414767,9991413262,30,1612
docs\inst_test\instancias\n_1000_3,100,20,7,20,0.2000,42,9998448433,9998445626,31,1612
docs\inst_test\instancias\n_1000_3,100,20,10,10,0.2000,42,9998448433,9998445626,19,1612
docs\inst_test\instancias\n_1000_3,100,20,10,10,0.2000,123,9994541384,9994539009,19,1612
docs\inst_test\instancias\n_1000_3,100,20,7,20,0.2000,123,9994541384,9994539009,32,1612
docs\inst_test\instancias\n_1000_3,100,20,10,10,0.3000,42,9994539122,9994537986,18,1612
docs\inst_test\instancias\n_1000_3,100,20,10,10,0.2000,2026,9999229022,9999226617,19,1612
docs\inst_test\instancias\n_1000_3,100,20,10,10,0.3000,123,9997665784,9997663583,18,1612
docs\inst_test\instancias\n_1000_3,100,20,10,5,0.1000,123,9994541336,9994539080,32,1612
docs\inst_test\instancias\n_1000_3,100,20,10,5,0.1000,42,9994541304,9994538911,34,1612
docs\inst_test\instancias\n_1000_3,100,20,10,5,0.1000,2026,9999229050,9999226581,35,1612
docs\inst_test\instancias\n_1000_3,100,20,10,20,0.1000,42,9989073113,9989070474,20,1612
docs\inst_test\instancias\n_1000_3,100,20,10,20,0.2000,123,9994541384,9994539009,19,1612
docs\inst_test\instancias\n_1000_3,100,20,10,20,0.3000,42,9991414767,9991413262,18,1612
docs\inst_test\instancias\n_1000_3,100,20,10,20,0.3000,2026,9997665743,9997663521,18,1612
docs\inst_test\instancias\n_1000_3,100,20,15,5,0.3000,2026,9999226819,9999225611,18,1612
docs\inst_test\instancias\n_1000_3,100,20,15,5,0.3000,42,9996882774,9996881676,19,1612
docs\inst_test\instancias\n_1000_3,100,20,10,20,0.3000,123,9997665756,9997663599,20,1612
docs\inst_test\instancias\n_1000_3,100,20,10,10,0.3000,2026,9997665743,9997663521,28,1612
docs\inst_test\instancias\n_1000_3,100,20,15,10,0.3000,123,9997665784,9997663583,18,1612
docs\inst_test\instancias\n_1000_3,100,20,15,10,0.2000,123,9994541384,9994539009,19,1612
docs\inst_test\instancias\n_1000_3,100,20,15,10,0.2000,2026,9999229022,9999226617,19,1612
docs\inst_test\instancias\n_1000_3,100,20,15,5,0.2000,42,9999229060,9999226468,21,1612
docs\inst_test\instancias\n_1000_3,100,20,15,10,0.3000,2026,9997665743,9997663521,18,1612
docs\inst_test\instancias\n_1000_3,100,20,15,10,0.1000,42,9989073113,9989070474,20,1612
docs\inst_test\instancias\n_1000_3,100,20,15,20,0.1000,42,9989073113,9989070474,19,1612
docs\inst_test\instancias\n_1000_3,100,20,15,5,0.1000,42,9994541304,9994538911,22,1612
docs\inst_test\instancias\n_1000_3,100,20,15,5,0.3000,123,9997665784,9997663583,23,1612
docs\inst_test\instancias\n_1000_3,100,20,10,20,0.1000,123,9991416953,9991414346,30,1612
docs\inst_test\instancias\n_1000_3,100,20,10,20,0.1000,2026,9991416933,9991414310,31,1612
docs\inst_test\instancias\n_1000_3,100,20,10,20,0.2000,42,9998448433,9998445626,32,1612
docs\inst_test\instancias\n_1000_3,100,20,10,20,0.2000,2026,9999229022,9999226617,32,1612
docs\inst_test\instancias\n_1000_3,100,20,15,5,0.2000,123,9997665779,9997663602,30,1612
docs\inst_test\instancias\n_1000_3,100,20,15,10,0.3000,42,9994539122,9994537986,29,1612
docs\inst_test\instancias\n_1000_3,100,20,15,5,0.1000,2026,9999229050,9999226581,31,1612
docs\inst_test\instancias\n_1000_3,100,20,15,5,0.2000,2026,9999229022,9999226617,32,1612
docs\inst_test\instancias\n_1000_3,100,20,15,10,0.1000,123,9994541334,9994539114,31,1612
docs\inst_test\instancias\n_1000_3,100,20,15,5,0.1000,123,9994541336,9994539080,32,1612
docs\inst_test\instancias\n_1000_3,100,20,15,10,0.1000,2026,9991416933,9991414310,31,1612
docs\inst_test\instancias\n_1000_3,100,20,15,10,0.2000,42,9998448433,9998445626,32,1612
docs\inst_test\instancias\n_1000_3,100,20,15,20,0.2000,123,9994541384,9994539009,22,1612
docs\inst_test\instancias\n_1000_3,100,20,15,20,0.2000,2026,9999229022,9999226617,18,1612
docs\inst_test\instancias\n_1000_3,100,20,15,20,0.3000,42,9991414767,9991413262,18,1612
docs\inst_test\instancias\n_1000_3,100,20,15,20,0.3000,2026,9997665743,9997663521,20,1612
docs\inst_test\instancias\n_1000_3,100,20,15,20,0.1000,123,9991416953,9991414346,30,1612
docs\inst_test\instancias\n_1000_3,100,20,15,20,0.3000,123,9997665756,9997663599,20,1612
docs\inst_test\instancias\n_1000_3,100,20,15,20,0.1000,2026,9991416933,9991414310,32,1612
docs\inst_test\instancias\n_1000_3,100,20,15,20,0.2000,42,9998448433,9998445626,31,1612
docs\inst_test\instancias\n_1000_3,300,10,7,5,0.3000,123,9999226830,9999225390,56,1612
docs\inst_test\instancias\n_1000_3,300,10,7,5,0.3000,42,9997663476,9997662529,56,1612
docs\inst_test\instancias\n_1000_3,300,10,7,10,0.1000,42,9995321912,9995319949,56,1612
docs\inst_test\instancias\n_1000_3,300,10,7,5,0.3000,2026,9999226819,9999225611,58,1612
docs\inst_test\instancias\n_1000_3,300,10,7,5,0.2000,123,9999226821,9999225587,59,1612
docs\inst_test\instancias\n_1000_3,300,10,7,10,0.1000,123,9994541361,9994539056,58,1612
docs\inst_test\instancias\n_1000_3,300,10,7,5,0.1000,42,9997665743,9997663580,62,1612
docs\inst_test\instancias\n_1000_3,300,10,7,5,0.2000,42,9999229060,9999226468,62,1612
docs\inst_test\instancias\n_1000_3,300,10,7,10,0.1000,2026,9999229050,9999226581,59,1612
docs\inst_test\instancias\n_1000_3,300,10,7,20,0.3000,2026,9999226819,9999225611,50,1612
docs\inst_test\instancias\n_1000_3,300,10,7,5,0.2000,2026,9999229022,9999226617,65,1612
docs\inst_test\instancias\n_1000_3,300,10,7,5,0.1000,123,9997665742,9997663608,67,1612
docs\inst_test\instancias\n_1000_3,300,10,7,20,0.3000,123,9998446310,9998444536,53,1612
docs\inst_test\instancias\n_1000_3,300,10,7,20,0.3000,42,9996882984,9996881744,54,1612
docs\inst_test\instancias\n_1000_3,300,10,10,5,0.1000,123,9997665742,9997663608,63,1612
docs\inst_test\instancias\n_1000_3,300,10,10,5,0.1000,2026,9999229056,9999226515,64,1612
docs\inst_test\instancias\n_1000_3,300,10,7,10,0.3000,123,9999226830,9999225390,81,1612
docs\inst_test\instancias\n_1000_3,300,10,7,10,0.3000,42,9996882989,9996881818,82,1612
docs\inst_test\instancias\n_1000_3,300,10,7,10,0.3000,2026,9999226819,9999225611,84,1612
docs\inst_test\instancias\n_1000_3,300,10,7,5,0.1000,2026,9999229056,9999226515,96,1612
docs\inst_test\instancias\n_1000_3,300,10,7,10,0.2000,123,9998446306,9998444700,89,1612
docs\inst_test\instancias\n_1000_3,300,10,7,20,0.2000,123,9997665784,9997663639,86,1612
docs\inst_test\instancias\n_1000_3,300,10,7,10,0.2000,42,9999229060,9999226468,91,1612
docs\inst_test\instancias\n_1000_3,300,10,7,20,0.1000,123,9994541336,9994539080,88,1612
docs\inst_test\instancias\n_1000_3,300,10,7,10,0.2000,2026,9999229022,9999226617,91,1612
docs\inst_test\instancias\n_1000_3,300,10,7,20,0.1000,42,9994541353,9994538947,90,1612
docs\inst_test\instancias\n_1000_3,300,10,7,20,0.2000,2026,9999229022,9999226617,89,1612
docs\inst_test\instancias\n_1000_3,300,10,7,20,0.1000,2026,9999229050,9999226581,90,1612
docs\inst_test\instancias\n_1000_3,300,10,7,20,0.2000,42,9999229060,9999226468,93,1612
docs\inst_test\instancias\n_1000_3,300,10,10,5,0.2000,123,9999226821,9999225587,88,1612
docs\inst_test\instancias\n_1000_3,300,10,10,5,0.2000,42,9999229060,9999226468,93,1612
docs\inst_test\instancias\n_1000_3,300,10,10,5,0.1000,42,9997665743,9997663580,97,1612
docs\inst_test\instancias\n_1000_3,300,10,10,5,0.3000,42,9997663476,9997662529,59,1612
docs\inst_test\instancias\n_1000_3,300,10,10,10,0.1000,42,9995321912,9995319949,58,1612
docs\inst_test\instancias\n_1000_3,300,10,10,5,0.3000,123,9999226830,9999225390,59,1612
docs\inst_test\instancias\n_1000_3,300,10,10,10,0.2000,123,9998446306,9998444700,56,1612
docs\inst_test\instancias\n_1000_3,300,10,10,10,0.1000,2026,9999229050,9999226581,57,1612
docs\inst_test\instancias\n_1000_3,300,10,10,5,0.3000,2026,9999226819,9999225611,59,1612
docs\inst_test\instancias\n_1000_3,300,10,10,10,0.3000,42,9996882989,9996881818,52,1612
docs\inst_test\instancias\n_1000_3,300,10,10,10,0.1000,123,9994541361,9994539065,59,1612
docs\inst_test\instancias\n_1000_3,300,10,10,10,0.2000,42,9999229060,9999226468,57,1612
docs\inst_test\instancias\n_1000_3,300,10,10,10,0.3000,2026,9999226819,9999225611,53,1612
docs\inst_test\instancias\n_1000_3,300,10,10,10,0.2000,2026,9999229022,9999226617,57,1612
docs\inst_test\instancias\n_1000_3,300,10,10,20,0.1000,42,9994541353,9994538947,56,1612
docs\inst_test\instancias\n_1000_3,300,10,10,5,0.2000,2026,9999229022,9999226617,69,1612
docs\inst_test\instancias\n_1000_3,300,10,10,10,0.3000,123,9999226830,9999225390,60,1612
docs\inst_test\instancias\n_1000_3,300,10,10,20,0.1000,2026,9999229050,9999226581,56,1612
docs\inst_test\instancias\n_1000_3,300,10,10,20,0.1000,123,9994541336,9994539080,58,1612
docs\inst_test\instancias\n_1000_3,300,10,15,10,0.3000,42,9996882989,9996881818,52,1612
docs\inst_test\instancias\n_1000_3,300,10,15,10,0.3000,123,9999226830,9999225390,53,1612
docs\inst_test\instancias\n_1000_3,300,10,15,10,0.3000,2026,9999226819,9999225611,53,1612
docs\inst_test\instancias\n_1000_3,300,10,15,10,0.2000,123,9998446306,9998444700,55,1612
docs\inst_test\instancias\n_1000_3,300,10,10,20,0.3000,42,9996882984,9996881744,78,1612
docs\inst_test\instancias\n_1000_3,300,10,15,10,0.1000,123,9994541361,9994539065,59,1612
docs\inst_test\instancias\n_1000_3,300,10,15,10,0.2000,42,9999229060,9999226468,58,1612
docs\inst_test\instancias\n_1000_3,300,10,15,20,0.1000,42,9994541353,9994538947,56,1612
docs\inst_test\instancias\n_1000_3,300,10,15,10,0.2000,2026,9999229022,9999226617,59,1612
docs\inst_test\instancias\n_1000_3,300,10,15,20,0.1000,2026,9999229050,9999226581,57,1612
docs\inst_test\instancias\n_1000_3,300,10,10,20,0.2000,123,9997665784,9997663639,87,1612
docs\inst_test\instancias\n_1000_3,300,10,10,20,0.2000,42,9999229060,9999226468,88,1612
docs\inst_test\instancias\n_1000_3,300,10,15,20,0.2000,42,9999229060,9999226468,56,1612
docs\inst_test\instancias\n_1000_3,300,10,15,20,0.1000,123,9994541336,9994539080,59,1612
docs\inst_test\instancias\n_1000_3,300,10,15,20,0.2000,2026,9999229022,9999226617,54,1612
docs\inst_test\instancias\n_1000_3,300,10,10,20,0.3000,2026,9999226819,9999225611,83,1612
docs\inst_test\instancias\n_1000_3,300,10,15,20,0.2000,123,9997665784,9997663639,56,1612
docs\inst_test\instancias\n_1000_3,300,10,15,10,0.1000,2026,9999229050,9999226581,65,1612
docs\inst_test\instancias\n_1000_3,300,10,10,20,0.2000,2026,9999229022,9999226617,88,1612
docs\inst_test\instancias\n_1000_3,300,10,10,20,0.3000,123,9998446310,9998444536,87,1612
docs\inst_test\instancias\n_1000_3,300,10,15,5,0.3000,42,9997663476,9997662529,81,1612
docs\inst_test\instancias\n_1000_3,300,10,15,20,0.3000,42,9996882984,9996881744,50,1612
docs\inst_test\instancias\n_1000_3,300,10,15,5,0.2000,123,9999226821,9999225587,88,1612
docs\inst_test\instancias\n_1000_3,300,10,15,5,0.1000,123,9997665742,9997663608,93,1612
docs\inst_test\instancias\n_1000_3,300,10,15,20,0.3000,123,9998446310,9998444536,55,1612
docs\inst_test\instancias\n_1000_3,300,10,15,5,0.3000,123,9999226830,9999225390,84,1612
docs\inst_test\instancias\n_1000_3,300,10,15,5,0.2000,2026,9999229022,9999226617,94,1612
docs\inst_test\instancias\n_1000_3,300,10,15,5,0.1000,2026,9999229056,9999226515,95,1612
docs\inst_test\instancias\n_1000_3,300,10,15,5,0.1000,42,9997665743,9997663580,98,1612
docs\inst_test\instancias\n_1000_3,300,10,15,5,0.3000,2026,9999226819,9999225611,84,1612
docs\inst_test\instancias\n_1000_3,300,10,15,5,0.2000,42,9999229060,9999226468,98,1612
docs\inst_test\instancias\n_1000_3,300,10,15,10,0.1000,42,9995321912,9995319949,89,1612
docs\inst_test\instancias\n_1000_3,300,10,15,20,0.3000,2026,9999226819,9999225611,50,1612
docs\inst_test\instancias\n_1000_3,300,15,7,5,0.3000,42,9997663476,9997662529,56,1612
docs\inst_test\instancias\n_1000_3,300,15,7,5,0.2000,123,9999226821,9999225587,59,1612
docs\inst_test\instancias\n_1000_3,300,15,7,5,0.1000,42,9997665743,9997663580,62,1612
docs\inst_test\instancias\n_1000_3,300,15,7,5,0.1000,123,9997665742,9997663608,63,1612
docs\inst_test\instancias\n_1000_3,300,15,7,10,0.2000,123,9998446306,9998444700,55,1612
docs\inst_test\instancias\n_1000_3,300,15,7,5,0.3000,2026,9999226819,9999225611,56,1612
docs\inst_test\instancias\n_1000_3,300,15,7,5,0.3000,123,9999226830,9999225390,59,1612
docs\inst_test\instancias\n_1000_3,300,15,7,10,0.2000,42,9999229060,9999226468,57,1612
docs\inst_test\instancias\n_1000_3,300,15,7,5,0.1000,2026,9999229056,9999226515,63,1612
docs\inst_test\instancias\n_1000_3,300,15,7,10,0.1000,2026,9999229050,9999226581,57,1612
docs\inst_test\instancias\n_1000_3,300,15,7,10,0.3000,42,9996882989,9996881818,55,1612
docs\inst_test\instancias\n_1000_3,300,15,7,5,0.2000,2026,9999229022,9999226617,66,1612
docs\inst_test\instancias\n_1000_3,300,15,7,10,0.3000,123,9999226830,9999225390,59,1612
docs\inst_test\instancias\n_1000_3,300,15,7,20,0.1000,2026,9999229050,9999226581,55,1612
docs\inst_test\instancias\n_1000_3,300,15,7,20,0.2000,2026,9999229022,9999226617,54,1612
docs\inst_test\instancias\n_1000_3,300,15,7,10,0.2000,2026,9999229022,9999226617,83,1612
docs\inst_test\instancias\n_1000_3,300,15,7,10,0.3000,2026,9999226819,9999225611,84,1612
docs\inst_test\instancias\n_1000_3,300,15,7,10,0.1000,123,9994541361,9994539056,91,1612
docs\inst_test\instancias\n_1000_3,300,15,7,10,0.1000,42,9995321912,9995319949,91,1612
docs\inst_test\instancias\n_1000_3,300,15,7,5,0.2000,42,9999229060,9999226468,100,1612
docs\inst_test\instancias\n_1000_3,300,15,7,20,0.3000,2026,9999226819,9999225611,80,1612
docs\inst_test\instancias\n_1000_3,300,15,7,20,0.1000,42,9994541353,9994538947,91,1612
docs\inst_test\instancias\n_1000_3,300,15,7,20,0.3000,42,9996882984,9996881744,82,1612
docs\inst_test\instancias\n_1000_3,300,15,10,5,0.2000,123,9999226821,9999225587,59,1612
docs\inst_test\instancias\n_1000_3,300,15,7,20,0.2000,42,9999229060,9999226468,90,1612
docs\inst_test\instancias\n_1000_3,300,15,7,20,0.1000,123,9994541336,9994539080,95,1612
docs\inst_test\instancias\n_1000_3,300,15,7,20,0.2000,123,9997665784,9997663639,92,1612
docs\inst_test\instancias\n_1000_3,300,15,10,5,0.1000,42,9997665743,9997663580,93,1612
docs\inst_test\instancias\n_1000_3,300,15,7,20,0.3000,123,9998446310,9998444536,95,1612
docs\inst_test\instancias\n_1000_3,300,15,10,5,0.3000,123,9999226830,9999225390,57,1612
docs\inst_test\instancias\n_1000_3,300,15,10,5,0.3000,2026,9999226819,9999225611,56,1612
docs\inst_test\instancias\n_1000_3,300,15,10,10,0.2000,123,9998446306,9998444700,55,1612
docs\inst_test\instancias\n_1000_3,300,15,10,5,0.3000,42,9997663476,9997662529,58,1612
docs\inst_test\instancias\n_1000_3,300,15,10,10,0.3000,42,9996882989,9996881818,55,1612
docs\inst_test\instancias\n_1000_3,300,15,10,10,0.2000,42,9999229060,9999226468,57,1612
docs\inst_test\instancias\n_1000_3,300,15,10,10,0.2000,2026,9999229022,9999226617,56,1612
docs\inst_test\instancias\n_1000_3,300,15,10,10,0.1000,2026,9999229050,9999226581,59,1612
docs\inst_test\instancias\n_1000_3,300,15,10,5,0.2000,2026,9999229022,9999226617,64,1612
docs\inst_test\instancias\n_1000_3,300,15,10,10,0.1000,42,9995321912,9995319949,61,1612
docs\inst_test\instancias\n_1000_3,300,15,10,10,0.3000,2026,9999226819,9999225611,56,1612
docs\inst_test\instancias\n_1000_3,300,15,10,5,0.2000,42,9999229060,9999226468,93,1612
docs\inst_test\instancias\n_1000_3,300,15,10,10,0.3000,123,9999226830,9999225390,59,1612
docs\inst_test\instancias\n_1000_3,300,15,10,20,0.1000,42,9994541353,9994538947,57,1612
docs\inst_test\instancias\n_1000_3,300,15,10,20,0.1000,123,9994541336,9994539080,56,1612
docs\inst_test\instancias\n_1000_3,300,15,10,10,0.1000,123,9994541361,9994539065,68,1612
docs\inst_test\instancias\n_1000_3,300,15,10,5,0.1000,2026,9999229056,9999226515,105,1612
docs\inst_test\instancias\n_1000_3,300,15,10,5,0.1000,123,9997665742,9997663608,111,1612
docs\inst_test\instancias\n_1000_3,300,15,15,5,0.1000,123,9997665742,9997663608,62,1612
docs\inst_test\instancias\n_1000_3,300,15,15,5,0.3000,2026,9999226819,9999225611,57,1612
docs\inst_test\instancias\n_1000_3,300,15,15,10,0.1000,42,9995321912,9995319949,57,1612
docs\inst_test\instancias\n_1000_3,300,15,15,10,0.1000,123,9994541361,9994539065,58,1612
docs\inst_test\instancias\n_1000_3,300,15,15,10,0.3000,42,9996882989,9996881818,54,1612
docs\inst_test\instancias\n_1000_3,300,15,15,10,0.2000,123,9998446306,9998444700,56,1612
docs\inst_test\instancias\n_1000_3,300,15,15,10,0.1000,2026,9999229050,9999226581,58,1612
docs\inst_test\instancias\n_1000_3,300,15,15,10,0.3000,2026,9999226819,9999225611,53,1612
docs\inst_test\instancias\n_1000_3,300,15,15,5,0.3000,123,9999226830,9999225390,60,1612
docs\inst_test\instancias\n_1000_3,300,15,15,10,0.2000,42,9999229060,9999226468,58,1612
docs\inst_test\instancias\n_1000_3,300,15,15,10,0.3000,123,9999226830,9999225390,56,1612
docs\inst_test\instancias\n_1000_3,300,15,10,20,0.3000,42,9996882984,9996881744,80,1612
docs\inst_test\instancias\n_1000_3,300,15,10,20,0.1000,2026,9999229050,9999226581,89,1612
docs\inst_test\instancias\n_1000_3,300,15,15,10,0.2000,2026,9999229022,9999226617,58,1612
docs\inst_test\instancias\n_1000_3,300,15,10,20,0.3000,2026,9999226819,9999225611,80,1612
docs\inst_test\instancias\n_1000_3,300,15,10,20,0.2000,123,9997665784,9997663639,87,1612
docs\inst_test\instancias\n_1000_3,300,15,15,20,0.1000,123,9994541336,9994539080,56,1612
docs\inst_test\instancias\n_1000_3,300,15,10,20,0.2000,42,9999229060,9999226468,91,1612
docs\inst_test\instancias\n_1000_3,300,15,15,20,0.2000,42,9999229060,9999226468,56,1612
docs\inst_test\instancias\n_1000_3,300,15,15,20,0.1000,2026,9999229050,9999226581,59,1612
docs\inst_test\instancias\n_1000_3,300,15,10,20,0.2000,2026,9999229022,9999226617,91,1612
docs\inst_test\instancias\n_1000_3,300,15,15,20,0.2000,123,9997665784,9997663639,59,1612
docs\inst_test\instancias\n_1000_3,300,15,10,20,0.3000,123,9998446310,9998444536,88,1612
docs\inst_test\instancias\n_1000_3,300,15,15,5,0.3000,42,9997663476,9997662529,82,1612
docs\inst_test\instancias\n_1000_3,300,15,15,5,0.1000,42,9997665743,9997663580,99,1612
docs\inst_test\instancias\n_1000_3,300,15,15,5,0.2000,123,9999226821,9999225587,90,1612
docs\inst_test\instancias\n_1000_3,300,15,15,5,0.2000,42,9999229060,9999226468,96,1612
docs\inst_test\instancias\n_1000_3,300,15,15,5,0.1000,2026,9999229056,9999226515,99,1612
docs\inst_test\instancias\n_1000_3,300,15,15,5,0.2000,2026,9999229022,9999226617,93,1612
docs\inst_test\instancias\n_1000_3,300,15,15,20,0.1000,42,9994541353,9994538947,90,1612
docs\inst_test\instancias\n_1000_3,300,15,15,20,0.3000,42,9996882984,9996881744,80,1612
docs\inst_test\instancias\n_1000_3,300,15,15,20,0.3000,123,9998446310,9998444536,51,1612
docs\inst_test\instancias\n_1000_3,300,15,15,20,0.2000,2026,9999229022,9999226617,91,1612
docs\inst_test\instancias\n_1000_3,300,15,15,20,0.3000,2026,9999226819,9999225611,52,1612
docs\inst_test\instancias\n_1000_3,300,20,7,5,0.3000,42,9997663476,9997662529,58,1612
docs\inst_test\instancias\n_1000_3,300,20,7,5,0.2000,123,9999226821,9999225587,58,1612
docs\inst_test\instancias\n_1000_3,300,20,7,5,0.3000,123,9999226830,9999225390,57,1612
docs\inst_test\instancias\n_1000_3,300,20,7,5,0.3000,2026,9999226819,9999225611,59,1612
docs\inst_test\instancias\n_1000_3,300,20,7,10,0.1000,2026,9999229050,9999226581,58,1612
docs\inst_test\instancias\n_1000_3,300,20,7,10,0.3000,2026,9999226819,9999225611,52,1612
docs\inst_test\instancias\n_1000_3,300,20,7,5,0.2000,2026,9999229022,9999226617,63,1612
docs\inst_test\instancias\n_1000_3,300,20,7,5,0.2000,42,9999229060,9999226468,64,1612
docs\inst_test\instancias\n_1000_3,300,20,7,10,0.2000,2026,9999229022,9999226617,57,1612
docs\inst_test\instancias\n_1000_3,300,20,7,10,0.3000,123,9999226830,9999225390,54,1612
docs\inst_test\instancias\n_1000_3,300,20,7,5,0.1000,123,9997665742,9997663608,66,1612
docs\inst_test\instancias\n_1000_3,300,20,7,5,0.1000,42,9997665743,9997663580,68,1612
docs\inst_test\instancias\n_1000_3,300,20,7,5,0.1000,2026,9999229056,9999226515,70,1612
docs\inst_test\instancias\n_1000_3,300,20,7,20,0.1000,123,9994541336,9994539080,59,1612
docs\inst_test\instancias\n_1000_3,300,20,7,10,0.3000,42,9996882989,9996881818,82,1612
docs\inst_test\instancias\n_1000_3,300,20,7,10,0.2000,123,9998446306,9998444700,84,1612
docs\inst_test\instancias\n_1000_3,300,20,7,10,0.1000,42,9995321912,9995319949,89,1612
docs\inst_test\instancias\n_1000_3,300,20,7,10,0.2000,42,9999229060,9999226468,92,1612
docs\inst_test\instancias\n_1000_3,300,20,7,10,0.1000,123,9994541361,9994539056,96,1612
docs\inst_test\instancias\n_1000_3,300,20,7,20,0.1000,42,9994541353,9994538947,93,1612
docs\inst_test\instancias\n_1000_3,300,20,10,5,0.1000,2026,9999229056,9999226515,64,1612
docs\inst_test\instancias\n_1000_3,300,20,7,20,0.3000,42,9996882984,9996881744,80,1612
docs\inst_test\instancias\n_1000_3,300,20,10,5,0.2000,123,9999226821,9999225587,58,1612
docs\inst_test\instancias\n_1000_3,300,20,7,20,0.1000,2026,9999229050,9999226581,96,1612
docs\inst_test\instancias\n_1000_3,300,20,7,20,0.2000,123,9997665784,9997663639,86,1612
docs\inst_test\instancias\n_1000_3,300,20,7,20,0.2000,2026,9999229022,9999226617,87,1612
docs\inst_test\instancias\n_1000_3,300,20,10,5,0.3000,42,9997663476,9997662529,55,1612
docs\inst_test\instancias\n_1000_3,300,20,7,20,0.3000,123,9998446310,9998444536,86,1612
docs\inst_test\instancias\n_1000_3,300,20,7,20,0.3000,2026,9999226819,9999225611,84,1612
docs\inst_test\instancias\n_1000_3,300,20,10,5,0.3000,123,9999226830,9999225390,57,1612
docs\inst_test\instancias\n_1000_3,300,20,10,10,0.3000,42,9996882989,9996881818,51,1612
docs\inst_test\instancias\n_1000_3,300,20,7,20,0.2000,42,9999229060,9999226468,93,1612
docs\inst_test\instancias\n_1000_3,300,20,10,10,0.2000,123,9998446306,9998444700,55,1612
docs\inst_test\instancias\n_1000_3,300,20,10,5,0.3000,2026,9999226819,9999225611,57,1612
docs\inst_test\instancias\n_1000_3,300,20,10,10,0.1000,42,9995321912,9995319949,58,1612
docs\inst_test\instancias\n_1000_3,300,20,10,5,0.2000,2026,9999229022,9999226617,61,1612
docs\inst_test\instancias\n_1000_3,300,20,10,10,0.1000,2026,9999229050,9999226581,57,1612
docs\inst_test\instancias\n_1000_3,300,20,10,10,0.2000,2026,9999229022,9999226617,58,1612
docs\inst_test\instancias\n_1000_3,300,20,10,10,0.3000,123,9999226830,9999225390,55,1612
docs\inst_test\instancias\n_1000_3,300,20,10,10,0.3000,2026,9999226819,9999225611,52,1612
docs\inst_test\instancias\n_1000_3,300,20,10,10,0.1000,123,9994541361,9994539065,63,1612
docs\inst_test\instancias\n_1000_3,300,20,10,10,0.2000,42,9999229060,9999226468,62,1612
docs\inst_test\instancias\n_1000_3,300,20,10,5,0.1000,123,9997665742,9997663608,93,1612
docs\inst_test\instancias\n_1000_3,300,20,10,5,0.1000,42,9997665743,9997663580,94,1612
docs\inst_test\instancias\n_1000_3,300,20,10,20,0.1000,42,9994541353,9994538947,62,1612
docs\inst_test\instancias\n_1000_3,300,20,10,5,0.2000,42,9999229060,9999226468,99,1612
docs\inst_test\instancias\n_1000_3,300,20,10,20,0.3000,123,9998446310,9998444536,52,1612
docs\inst_test\instancias\n_1000_3,300,20,15,5,0.1000,42,9997665743,9997663580,63,1612
docs\inst_test\instancias\n_1000_3,300,20,15,5,0.2000,123,9999226821,9999225587,59,1612
docs\inst_test\instancias\n_1000_3,300,20,15,10,0.3000,42,9996882989,9996881818,50,1612
docs\inst_test\instancias\n_1000_3,300,20,15,5,0.3000,2026,9999226819,9999225611,57,1612
docs\inst_test\instancias\n_1000_3,300,20,15,5,0.3000,123,9999226830,9999225390,58,1612
docs\inst_test\instancias\n_1000_3,300,20,15,10,0.3000,123,9999226830,9999225390,53,1612
docs\inst_test\instancias\n_1000_3,300,20,15,10,0.2000,123,9998446306,9998444700,56,1612
docs\inst_test\instancias\n_1000_3,300,20,15,10,0.1000,123,9994541361,9994539065,58,1612
docs\inst_test\instancias\n_1000_3,300,20,15,10,0.2000,2026,9999229022,9999226617,56,1612
docs\inst_test\instancias\n_1000_3,300,20,15,10,0.1000,2026,9999229050,9999226581,58,1612
docs\inst_test\instancias\n_1000_3,300,20,15,10,0.2000,42,9999229060,9999226468,58,1612
docs\inst_test\instancias\n_1000_3,300,20,15,10,0.3000,2026,9999226819,9999225611,57,1612
docs\inst_test\instancias\n_1000_3,300,20,15,20,0.1000,42,9994541353,9994538947,55,1612
docs\inst_test\instancias\n_1000_3,300,20,15,20,0.1000,123,9994541336,9994539080,56,1612
docs\inst_test\instancias\n_1000_3,300,20,10,20,0.1000,2026,9999229050,9999226581,90,1612
docs\inst_test\instancias\n_1000_3,300,20,10,20,0.2000,42,9999229060,9999226468,89,1612
docs\inst_test\instancias\n_1000_3,300,20,10,20,0.1000,123,9994541336,9994539080,92,1612
docs\inst_test\instancias\n_1000_3,300,20,10,20,0.3000,42,9996882984,9996881744,80,1612
docs\inst_test\instancias\n_1000_3,300,20,10,20,0.2000,2026,9999229022,9999226617,86,1612
docs\inst_test\instancias\n_1000_3,300,20,10,20,0.2000,123,9997665784,9997663639,87,1612
docs\inst_test\instancias\n_1000_3,300,20,10,20,0.3000,2026,9999226819,9999225611,83,1612
docs\inst_test\instancias\n_1000_3,300,20,15,5,0.3000,42,9997663476,9997662529,82,1612
docs\inst_test\instancias\n_1000_3,300,20,15,20,0.2000,123,9997665784,9997663639,64,1612
docs\inst_test\instancias\n_1000_3,300,20,15,5,0.1000,123,9997665742,9997663608,96,1612
docs\inst_test\instancias\n_1000_3,300,20,15,5,0.2000,42,9999229060,9999226468,94,1612
docs\inst_test\instancias\n_1000_3,300,20,15,10,0.1000,42,9995321912,9995319949,90,1612
docs\inst_test\instancias\n_1000_3,300,20,15,20,0.3000,42,9996882984,9996881744,49,1612
docs\inst_test\instancias\n_1000_3,300,20,15,5,0.1000,2026,9999229056,9999226515,98,1612
docs\inst_test\instancias\n_1000_3,300,20,15,5,0.2000,2026,9999229022,9999226617,95,1612
docs\inst_test\instancias\n_1000_3,300,20,15,20,0.3000,123,9998446310,9998444536,54,1612
docs\inst_test\instancias\n_1000_3,300,20,15,20,0.2000,42,9999229060,9999226468,95,1612
docs\inst_test\instancias\n_1000_3,300,20,15,20,0.1000,2026,9999229050,9999226581,97,1612
docs\inst_test\instancias\n_1000_3,300,20,15,20,0.3000,2026,9999226819,9999225611,56,1612
docs\inst_test\instancias\n_1000_3,300,20,15,20,0.2000,2026,9999229022,9999226617,95,1612
docs\inst_test\instancias\n_1000_3,500,10,7,10,0.1000,42,9997665749,9997663600,95,1612
docs\inst_test\instancias\n_1000_3,500,10,7,5,0.3000,42,9998443951,9998443270,97,1612
docs\inst_test\instancias\n_1000_3,500,10,7,5,0.1000,42,9997665743,9997663580,104,1612
docs\inst_test\instancias\n_1000_3,500,10,7,10,0.1000,123,9994541387,9994538995,96,1612
docs\inst_test\instancias\n_1000_3,500,10,7,5,0.3000,2026,9999226819,9999225611,100,1612
docs\inst_test\instancias\n_1000_3,500,10,7,5,0.3000,123,9999226830,9999225390,104,1612
docs\inst_test\instancias\n_1000_3,500,10,7,5,0.2000,123,9999226829,9999225499,105,1612
docs\inst_test\instancias\n_1000_3,500,10,7,5,0.1000,2026,9999229056,9999226515,108,1612
docs\inst_test\instancias\n_1000_3,500,10,7,5,0.1000,123,9997665789,9997663609,112,1612
docs\inst_test\instancias\n_1000_3,500,10,7,5,0.2000,2026,9999229022,9999226617,111,1612
docs\inst_test\instancias\n_1000_3,500,10,7,10,0.1000,2026,9999229056,9999226515,107,1612
docs\inst_test\instancias\n_1000_3,500,10,7,20,0.3000,42,9996882985,9996881662,84,1612
docs\inst_test\instancias\n_1000_3,500,10,7,20,0.1000,2026,9999229050,9999226581,103,1612
docs\inst_test\instancias\n_1000_3,500,10,7,5,0.2000,42,9999229060,9999226468,129,1612
docs\inst_test\instancias\n_1000_3,500,10,7,10,0.3000,42,9999226832,9999225525,137,1612
docs\inst_test\instancias\n_1000_3,500,10,7,10,0.3000,123,9999226830,9999225390,136,1612
docs\inst_test\instancias\n_1000_3,500,10,7,10,0.2000,123,9999226823,9999225583,139,1612
docs\inst_test\instancias\n_1000_3,500,10,7,10,0.3000,2026,9999226819,9999225611,139,1612
docs\inst_test\instancias\n_1000_3,500,10,7,10,0.2000,42,9999229060,9999226468,154,1612
docs\inst_test\instancias\n_1000_3,500,10,7,20,0.1000,42,9995321912,9995319949,145,1612
docs\inst_test\instancias\n_1000_3,500,10,7,10,0.2000,2026,9999229022,9999226617,157,1612
docs\inst_test\instancias\n_1000_3,500,10,10,5,0.1000,42,9997665743,9997663580,114,1612
docs\inst_test\instancias\n_1000_3,500,10,7,20,0.3000,2026,9999226819,9999225611,134,1612
docs\inst_test\instancias\n_1000_3,500,10,7,20,0.2000,123,9998446310,9998444768,139,1612
docs\inst_test\instancias\n_1000_3,500,10,10,5,0.2000,42,9999229060,9999226468,119,1612
docs\inst_test\instancias\n_1000_3,500,10,7,20,0.1000,123,9994541361,9994539065,153,1612
docs\inst_test\instancias\n_1000_3,500,10,7,20,0.2000,42,9999229060,9999226468,147,1612
docs\inst_test\instancias\n_1000_3,500,10,7,20,0.3000,123,9999226830,9999225390,146,1612
docs\inst_test\instancias\n_1000_3,500,10,7,20,0.2000,2026,9999229022,9999226617,151,1612
docs\inst_test\instancias\n_1000_3,500,10,10,5,0.3000,2026,9999226819,9999225611,95,1612
docs\inst_test\instancias\n_1000_3,500,10,10,10,0.1000,42,9997665749,9997663600,98,1612
docs\inst_test\instancias\n_1000_3,500,10,10,10,0.2000,123,9999226823,9999225583,92,1612
docs\inst_test\instancias\n_1000_3,500,10,10,10,0.1000,123,9994541387,9994539004,97,1612
docs\inst_test\instancias\n_1000_3,500,10,10,10,0.3000,123,9999226830,9999225390,86,1612
docs\inst_test\instancias\n_1000_3,500,10,10,10,0.2000,42,9999229060,9999226468,96,1612
docs\inst_test\instancias\n_1000_3,500,10,10,5,0.2000,2026,9999229022,9999226617,105,1612
docs\inst_test\instancias\n_1000_3,500,10,10,5,0.1000,123,9997665789,9997663609,153,1612
docs\inst_test\instancias\n_1000_3,500,10,10,10,0.3000,42,9999226832,9999225525,94,1612
docs\inst_test\instancias\n_1000_3,500,10,10,10,0.2000,2026,9999229022,9999226617,95,1612
docs\inst_test\instancias\n_1000_3,500,10,10,10,0.1000,2026,9999229056,9999226515,108,1612
docs\inst_test\instancias\n_1000_3,500,10,10,5,0.1000,2026,9999229056,9999226515,161,1612
docs\inst_test\instancias\n_1000_3,500,10,10,5,0.3000,123,9999226830,9999225390,115,1612
docs\inst_test\instancias\n_1000_3,500,10,10,5,0.2000,123,9999226829,9999225556,153,1612
docs\inst_test\instancias\n_1000_3,500,10,10,10,0.3000,2026,9999226819,9999225611,91,1612
docs\inst_test\instancias\n_1000_3,500,10,10,20,0.1000,42,9995321912,9995319949,97,1612
docs\inst_test\instancias\n_1000_3,500,10,10,5,0.3000,42,9998443951,9998443270,127,1612
docs\inst_test\instancias\n_1000_3,500,10,10,20,0.3000,42,9996882985,9996881662,83,1612
docs\inst_test\instancias\n_1000_3,500,10,10,20,0.3000,2026,9999226819,9999225611,86,1612
docs\inst_test\instancias\n_1000_3,500,10,15,5,0.1000,2026,9999229056,9999226515,114,1612
docs\inst_test\instancias\n_1000_3,500,10,10,20,0.2000,123,9998446310,9998444768,139,1612
docs\inst_test\instancias\n_1000_3,500,10,10,20,0.2000,42,9999229060,9999226468,146,1612
docs\inst_test\instancias\n_1000_3,500,10,15,10,0.2000,123,9999226823,9999225583,89,1612
docs\inst_test\instancias\n_1000_3,500,10,15,5,0.3000,123,9999226830,9999225390,97,1612
docs\inst_test\instancias\n_1000_3,500,10,10,20,0.1000,2026,9999229050,9999226581,148,1612
docs\inst_test\instancias\n_1000_3,500,10,10,20,0.1000,123,9994541361,9994539065,150,1612
docs\inst_test\instancias\n_1000_3,500,10,15,10,0.3000,123,9999226830,9999225390,89,1612
docs\inst_test\instancias\n_1000_3,500,10,15,5,0.3000,2026,9999226819,9999225611,96,1612
docs\inst_test\instancias\n_1000_3,500,10,15,10,0.3000,42,9999226832,9999225525,90,1612
docs\inst_test\instancias\n_1000_3,500,10,15,10,0.1000,42,9997665749,9997663600,96,1612
docs\inst_test\instancias\n_1000_3,500,10,10,20,0.3000,123,9999226830,9999225390,134,1612
docs\inst_test\instancias\n_1000_3,500,10,15,10,0.2000,42,9999229060,9999226468,100,1612
docs\inst_test\instancias\n_1000_3,500,10,10,20,0.2000,2026,9999229022,9999226617,144,1612
docs\inst_test\instancias\n_1000_3,500,10,15,10,0.1000,2026,9999229056,9999226515,104,1612
docs\inst_test\instancias\n_1000_3,500,10,15,10,0.3000,2026,9999226819,9999225611,96,1612
docs\inst_test\instancias\n_1000_3,500,10,15,20,0.1000,123,9994541361,9994539065,96,1612
docs\inst_test\instancias\n_1000_3,500,10,15,10,0.1000,123,9994541387,9994539004,111,1612
docs\inst_test\instancias\n_1000_3,500,10,15,5,0.2000,123,9999226829,9999225556,139,1612
docs\inst_test\instancias\n_1000_3,500,10,15,20,0.2000,123,9998446310,9998444768,90,1612
docs\inst_test\instancias\n_1000_3,500,10,15,20,0.2000,42,9999229060,9999226468,103,1612
docs\inst_test\instancias\n_1000_3,500,10,15,5,0.1000,123,9997665789,9997663609,153,1612
docs\inst_test\instancias\n_1000_3,500,10,15,5,0.3000,42,9998443951,9998443270,143,1612
docs\inst_test\instancias\n_1000_3,500,10,15,20,0.3000,42,9996882985,9996881662,85,1612
docs\inst_test\instancias\n_1000_3,500,10,15,5,0.1000,42,9997665743,9997663580,162,1612
docs\inst_test\instancias\n_1000_3,500,10,15,5,0.2000,42,9999229060,9999226468,162,1612
docs\inst_test\instancias\n_1000_3,500,10,15,20,0.3000,123,9999226830,9999225390,89,1612
docs\inst_test\instancias\n_1000_3,500,10,15,5,0.2000,2026,9999229022,9999226617,170,1612
docs\inst_test\instancias\n_1000_3,500,10,15,10,0.2000,2026,9999229022,9999226617,149,1612
docs\inst_test\instancias\n_1000_3,500,10,15,20,0.1000,2026,9999229050,9999226581,149,1612
docs\inst_test\instancias\n_1000_3,500,10,15,20,0.1000,42,9995321912,9995319949,158,1612
docs\inst_test\instancias\n_1000_3,500,10,15,20,0.2000,2026,9999229022,9999226617,147,1612
docs\inst_test\instancias\n_1000_3,500,10,15,20,0.3000,2026,9999226819,9999225611,88,1612
docs\inst_test\instancias\n_1000_3,500,15,7,5,0.3000,42,9998443951,9998443270,92,1612
docs\inst_test\instancias\n_1000_3,500,15,7,5,0.3000,123,9999226830,9999225390,93,1612
docs\inst_test\instancias\n_1000_3,500,15,7,10,0.2000,123,9999226823,9999225583,91,1612
docs\inst_test\instancias\n_1000_3,500,15,7,10,0.1000,42,9997665749,9997663600,103,1612
docs\inst_test\instancias\n_1000_3,500,15,7,10,0.1000,2026,9999229056,9999226515,98,1612
docs\inst_test\instancias\n_1000_3,500,15,7,5,0.1000,2026,9999229056,9999226515,109,1612
docs\inst_test\instancias\n_1000_3,500,15,7,5,0.2000,42,9999229060,9999226468,108,1612
docs\inst_test\instancias\n_1000_3,500,15,7,10,0.3000,42,9999226832,9999225525,90,1612
docs\inst_test\instancias\n_1000_3,500,15,7,5,0.3000,2026,9999226819,9999225611,108,1612
docs\inst_test\instancias\n_1000_3,500,15,7,10,0.3000,123,9999226830,9999225390,94,1612
docs\inst_test\instancias\n_1000_3,500,15,7,10,0.2000,2026,9999229022,9999226617,101,1612
docs\inst_test\instancias\n_1000_3,500,15,7,20,0.1000,42,9995321912,9995319949,96,1612
docs\inst_test\instancias\n_1000_3,500,15,7,20,0.2000,123,9998446310,9998444768,92,1612
docs\inst_test\instancias\n_1000_3,500,15,7,20,0.1000,123,9994541361,9994539065,103,1612
docs\inst_test\instancias\n_1000_3,500,15,7,20,0.3000,123,9999226830,9999225390,91,1612
docs\inst_test\instancias\n_1000_3,500,15,7,5,0.2000,123,9999226829,9999225499,144,1612
docs\inst_test\instancias\n_1000_3,500,15,7,5,0.1000,42,9997665743,9997663580,154,1612
docs\inst_test\instancias\n_1000_3,500,15,7,10,0.1000,123,9994541387,9994538995,150,1612
docs\inst_test\instancias\n_1000_3,500,15,7,5,0.1000,123,9997665789,9997663609,156,1612
docs\inst_test\instancias\n_1000_3,500,15,7,10,0.2000,42,9999229060,9999226468,149,1612
docs\inst_test\instancias\n_1000_3,500,15,7,20,0.3000,42,9996882985,9996881662,124,1612
docs\inst_test\instancias\n_1000_3,500,15,7,10,0.3000,2026,9999226819,9999225611,155,1612
docs\inst_test\instancias\n_1000_3,500,15,7,20,0.2000,42,9999229060,9999226468,148,1612
docs\inst_test\instancias\n_1000_3,500,15,7,20,0.2000,2026,9999229022,9999226617,143,1612
docs\inst_test\instancias\n_1000_3,500,15,7,20,0.1000,2026,9999229050,9999226581,153,1612
docs\inst_test\instancias\n_1000_3,500,15,10,5,0.2000,123,9999226829,9999225556,102,1612
docs\inst_test\instancias\n_1000_3,500,15,7,5,0.2000,2026,9999229022,9999226617,184,1612
docs\inst_test\instancias\n_1000_3,500,15,7,20,0.3000,2026,9999226819,9999225611,131,1612
docs\inst_test\instancias\n_1000_3,500,15,10,5,0.3000,42,9998443951,9998443270,95,1612
docs\inst_test\instancias\n_1000_3,500,15,10,10,0.1000,42,9997665749,9997663600,95,1612
docs\inst_test\instancias\n_1000_3,500,15,10,5,0.2000,2026,9999229022,9999226617,108,1612
docs\inst_test\instancias\n_1000_3,500,15,10,10,0.1000,123,9994541387,9994539004,96,1612
docs\inst_test\instancias\n_1000_3,500,15,10,5,0.3000,123,9999226830,9999225390,100,1612
docs\inst_test\instancias\n_1000_3,500,15,10,5,0.3000,2026,9999226819,9999225611,99,1612
docs\inst_test\instancias\n_1000_3,500,15,10,10,0.2000,123,9999226823,9999225583,95,1612
docs\inst_test\instancias\n_1000_3,500,15,10,10,0.2000,42,9999229060,9999226468,101,1612
docs\inst_test\instancias\n_1000_3,500,15,10,10,0.1000,2026,9999229056,9999226515,103,1612
docs\inst_test\instancias\n_1000_3,500,15,10,10,0.3000,123,9999226830,9999225390,92,1612
docs\inst_test\instancias\n_1000_3,500,15,10,10,0.3000,2026,9999226819,9999225611,85,1612
docs\inst_test\instancias\n_1000_3,500,15,10,10,0.3000,42,9999226832,9999225525,101,1612
docs\inst_test\instancias\n_1000_3,500,15,10,10,0.2000,2026,9999229022,9999226617,104,1612
docs\inst_test\instancias\n_1000_3,500,15,10,20,0.1000,42,9995321912,9995319949,95,1612
docs\inst_test\instancias\n_1000_3,500,15,10,5,0.1000,42,9997665743,9997663580,166,1612
docs\inst_test\instancias\n_1000_3,500,15,10,5,0.1000,123,9997665789,9997663609,154,1612
docs\inst_test\instancias\n_1000_3,500,15,10,20,0.1000,123,9994541361,9994539065,93,1612
docs\inst_test\instancias\n_1000_3,500,15,10,5,0.1000,2026,9999229056,9999226515,164,1612
docs\inst_test\instancias\n_1000_3,500,15,10,5,0.2000,42,9999229060,9999226468,166,1612
docs\inst_test\instancias\n_1000_3,500,15,15,5,0.3000,42,9998443951,9998443270,92,1612
docs\inst_test\instancias\n_1000_3,500,15,10,20,0.3000,42,9996882985,9996881662,129,1612
docs\inst_test\instancias\n_1000_3,500,15,15,5,0.2000,42,9999229060,9999226468,107,1612
docs\inst_test\instancias\n_1000_3,500,15,10,20,0.1000,2026,9999229050,9999226581,153,1612
docs\inst_test\instancias\n_1000_3,500,15,15,5,0.3000,2026,9999226819,9999225611,96,1612
docs\inst_test\instancias\n_1000_3,500,15,15,10,0.1000,42,9997665749,9997663600,95,1612
docs\inst_test\instancias\n_1000_3,500,15,10,20,0.2000,42,9999229060,9999226468,151,1612
docs\inst_test\instancias\n_1000_3,500,15,15,10,0.3000,123,9999226830,9999225390,87,1612
docs\inst_test\instancias\n_1000_3,500,15,10,20,0.2000,123,9998446310,9998444768,146,1612
docs\inst_test\instancias\n_1000_3,500,15,15,5,0.3000,123,9999226830,9999225390,98,1612
docs\inst_test\instancias\n_1000_3,500,15,10,20,0.2000,2026,9999229022,9999226617,147,1612
docs\inst_test\instancias\n_1000_3,500,15,10,20,0.3000,123,9999226830,9999225390,134,1612
docs\inst_test\instancias\n_1000_3,500,15,15,10,0.2000,42,9999229060,9999226468,96,1612
docs\inst_test\instancias\n_1000_3,500,15,15,10,0.1000,123,9994541387,9994539004,100,1612
docs\inst_test\instancias\n_1000_3,500,15,15,10,0.2000,123,9999226823,9999225583,95,1612
docs\inst_test\instancias\n_1000_3,500,15,15,10,0.1000,2026,9999229056,9999226515,100,1612
docs\inst_test\instancias\n_1000_3,500,15,15,10,0.3000,42,9999226832,9999225525,95,1612
docs\inst_test\instancias\n_1000_3,500,15,15,10,0.2000,2026,9999229022,9999226617,96,1612
docs\inst_test\instancias\n_1000_3,500,15,15,10,0.3000,2026,9999226819,9999225611,92,1612
docs\inst_test\instancias\n_1000_3,500,15,15,20,0.1000,42,9995321912,9995319949,94,1612
docs\inst_test\instancias\n_1000_3,500,15,10,20,0.3000,2026,9999226819,9999225611,136,1612
docs\inst_test\instancias\n_1000_3,500,15,15,20,0.1000,123,9994541361,9994539065,93,1612
docs\inst_test\instancias\n_1000_3,500,15,15,20,0.2000,123,9998446310,9998444768,89,1612
docs\inst_test\instancias\n_1000_3,500,15,15,5,0.2000,123,9999226829,9999225556,146,1612
docs\inst_test\instancias\n_1000_3,500,15,15,5,0.1000,123,9997665789,9997663609,156,1612
docs\inst_test\instancias\n_1000_3,500,15,15,5,0.1000,42,9997665743,9997663580,158,1612
docs\inst_test\instancias\n_1000_3,500,15,15,5,0.1000,2026,9999229056,9999226515,160,1612
docs\inst_test\instancias\n_1000_3,500,15,15,5,0.2000,2026,9999229022,9999226617,155,1612
docs\inst_test\instancias\n_1000_3,500,15,15,20,0.3000,123,9999226830,9999225390,84,1612
docs\inst_test\instancias\n_1000_3,500,15,15,20,0.1000,2026,9999229050,9999226581,146,1612
docs\inst_test\instancias\n_1000_3,500,15,15,20,0.2000,42,9999229060,9999226468,148,1612
docs\inst_test\instancias\n_1000_3,500,15,15,20,0.3000,42,9996882985,9996881662,130,1612
docs\inst_test\instancias\n_1000_3,500,20,7,10,0.3000,42,9999226832,9999225525,86,1612
docs\inst_test\instancias\n_1000_3,500,15,15,20,0.2000,2026,9999229022,9999226617,151,1612
docs\inst_test\instancias\n_1000_3,500,20,7,10,0.2000,123,9999226823,9999225583,88,1612
docs\inst_test\instancias\n_1000_3,500,20,7,5,0.1000,42,9997665743,9997663580,104,1612
docs\inst_test\instancias\n_1000_3,500,20,7,10,0.3000,123,9999226830,9999225390,87,1612
docs\inst_test\instancias\n_1000_3,500,20,7,5,0.3000,123,9999226830,9999225390,97,1612
docs\inst_test\instancias\n_1000_3,500,20,7,10,0.3000,2026,9999226819,9999225611,87,1612
docs\inst_test\instancias\n_1000_3,500,20,7,10,0.2000,42,9999229060,9999226468,96,1612
docs\inst_test\instancias\n_1000_3,500,20,7,10,0.1000,2026,9999229056,9999226515,97,1612
docs\inst_test\instancias\n_1000_3,500,20,7,10,0.2000,2026,9999229022,9999226617,96,1612
docs\inst_test\instancias\n_1000_3,500,20,7,10,0.1000,123,9994541387,9994538995,101,1612
docs\inst_test\instancias\n_1000_3,500,20,7,5,0.1000,2026,9999229056,9999226515,107,1612
docs\inst_test\instancias\n_1000_3,500,20,7,5,0.2000,2026,9999229022,9999226617,107,1612
docs\inst_test\instancias\n_1000_3,500,20,7,20,0.1000,123,9994541361,9994539065,91,1612
docs\inst_test\instancias\n_1000_3,500,20,7,5,0.2000,42,9999229060,9999226468,108,1612
docs\inst_test\instancias\n_1000_3,500,15,15,20,0.3000,2026,9999226819,9999225611,126,1612
docs\inst_test\instancias\n_1000_3,500,20,7,20,0.1000,2026,9999229050,9999226581,100,1612
docs\inst_test\instancias\n_1000_3,500,20,7,5,0.3000,2026,9999226819,9999225611,143,1612
docs\inst_test\instancias\n_1000_3,500,20,7,5,0.2000,123,9999226829,9999225499,147,1612
docs\inst_test\instancias\n_1000_3,500,20,7,5,0.3000,42,9998443951,9998443270,147,1612
docs\inst_test\instancias\n_1000_3,500,20,7,20,0.3000,2026,9999226819,9999225611,86,1612
docs\inst_test\instancias\n_1000_3,500,20,7,10,0.1000,42,9997665749,9997663600,152,1612
docs\inst_test\instancias\n_1000_3,500,20,7,20,0.1000,42,9995321912,9995319949,144,1612
docs\inst_test\instancias\n_1000_3,500,20,7,5,0.1000,123,9997665789,9997663609,170,1612
docs\inst_test\instancias\n_1000_3,500,20,7,20,0.3000,42,9996882985,9996881662,128,1612
docs\inst_test\instancias\n_1000_3,500,20,7,20,0.3000,123,9999226830,9999225390,132,1612
docs\inst_test\instancias\n_1000_3,500,20,7,20,0.2000,123,9998446310,9998444768,142,1612
docs\inst_test\instancias\n_1000_3,500,20,7,20,0.2000,42,9999229060,9999226468,151,1612
docs\inst_test\instancias\n_1000_3,500,20,10,5,0.3000,42,9998443951,9998443270,93,1612
docs\inst_test\instancias\n_1000_3,500,20,7,20,0.2000,2026,9999229022,9999226617,153,1612
docs\inst_test\instancias\n_1000_3,500,20,10,10,0.3000,42,9999226832,9999225525,85,1612
docs\inst_test\instancias\n_1000_3,500,20,10,10,0.3000,2026,9999226819,9999225611,86,1612
docs\inst_test\instancias\n_1000_3,500,20,10,5,0.3000,123,9999226830,9999225390,98,1612
docs\inst_test\instancias\n_1000_3,500,20,10,10,0.1000,123,9994541387,9994539004,94,1612
docs\inst_test\instancias\n_1000_3,500,20,10,10,0.2000,123,9999226823,9999225583,92,1612
docs\inst_test\instancias\n_1000_3,500,20,10,5,0.3000,2026,9999226819,9999225611,101,1612
docs\inst_test\instancias\n_1000_3,500,20,10,10,0.3000,123,9999226830,9999225390,90,1612
docs\inst_test\instancias\n_1000_3,500,20,10,5,0.2000,42,9999229060,9999226468,107,1612
docs\inst_test\instancias\n_1000_3,500,20,10,10,0.1000,2026,9999229056,9999226515,99,1612
docs\inst_test\instancias\n_1000_3,500,20,10,10,0.1000,42,9997665749,9997663600,102,1612
docs\inst_test\instancias\n_1000_3,500,20,10,5,0.2000,2026,9999229022,9999226617,107,1612
docs\inst_test\instancias\n_1000_3,500,20,10,10,0.2000,42,9999229060,9999226468,100,1612
docs\inst_test\instancias\n_1000_3,500,20,10,10,0.2000,2026,9999229022,9999226617,99,1612
docs\inst_test\instancias\n_1000_3,500,20,10,20,0.1000,123,9994541361,9994539065,97,1612
docs\inst_test\instancias\n_1000_3,500,20,10,5,0.1000,42,9997665743,9997663580,145,1612
docs\inst_test\instancias\n_1000_3,500,20,10,5,0.1000,123,9997665789,9997663609,147,1612
docs\inst_test\instancias\n_1000_3,500,20,10,5,0.1000,2026,9999229056,9999226515,146,1612
docs\inst_test\instancias\n_1000_3,500,20,10,5,0.2000,123,9999226829,9999225556,132,1612
docs\inst_test\instancias\n_1000_3,500,20,10,20,0.1000,42,9995321912,9995319949,119,1612
docs\inst_test\instancias\n_1000_3,500,20,10,20,0.2000,2026,9999229022,9999226617,90,1612
docs\inst_test\instancias\n_1000_3,500,20,10,20,0.3000,42,9996882985,9996881662,97,1612
docs\inst_test\instancias\n_1000_3,500,20,10,20,0.2000,42,9999229060,9999226468,107,1612
docs\inst_test\instancias\n_1000_3,500,20,10,20,0.1000,2026,9999229050,9999226581,113,1612
docs\inst_test\instancias\n_1000_3,500,20,10,20,0.2000,123,9998446310,9998444768,111,1612
docs\inst_test\instancias\n_1000_3,500,20,10,20,0.3000,123,9999226830,9999225390,103,1612
docs\inst_test\instancias\n_1000_3,500,20,10,20,0.3000,2026,9999226819,9999225611,96,1612
docs\inst_test\instancias\n_1000_3,500,20,15,5,0.1000,42,9997665743,9997663580,106,1612
docs\inst_test\instancias\n_1000_3,500,20,15,5,0.3000,42,9998443951,9998443270,88,1612
docs\inst_test\instancias\n_1000_3,500,20,15,5,0.1000,123,9997665789,9997663609,107,1612
docs\inst_test\instancias\n_1000_3,500,20,15,5,0.2000,123,9999226829,9999225556,93,1612
docs\inst_test\instancias\n_1000_3,500,20,15,5,0.3000,123,9999226830,9999225390,88,1612
docs\inst_test\instancias\n_1000_3,500,20,15,10,0.3000,123,9999226830,9999225390,81,1612
docs\inst_test\instancias\n_1000_3,500,20,15,10,0.1000,42,9997665749,9997663600,87,1612
docs\inst_test\instancias\n_1000_3,500,20,15,10,0.3000,2026,9999226819,9999225611,82,1612
docs\inst_test\instancias\n_1000_3,500,20,15,5,0.2000,42,9999229060,9999226468,103,1612
docs\inst_test\instancias\n_1000_3,500,20,15,10,0.3000,42,9999226832,9999225525,85,1612
docs\inst_test\instancias\n_1000_3,500,20,15,5,0.3000,2026,9999226819,9999225611,91,1612
docs\inst_test\instancias\n_1000_3,500,20,15,10,0.1000,2026,9999229056,9999226515,90,1612
docs\inst_test\instancias\n_1000_3,500,20,15,5,0.1000,2026,9999229056,9999226515,111,1612
docs\inst_test\instancias\n_1000_3,500,20,15,10,0.2000,123,9999226823,9999225583,89,1612
docs\inst_test\instancias\n_1000_3,500,20,15,10,0.2000,2026,9999229022,9999226617,90,1612
docs\inst_test\instancias\n_1000_3,500,20,15,10,0.2000,42,9999229060,9999226468,93,1612
docs\inst_test\instancias\n_1000_3,500,20,15,20,0.1000,42,9995321912,9995319949,88,1612
docs\inst_test\instancias\n_1000_3,500,20,15,5,0.2000,2026,9999229022,9999226617,103,1612
docs\inst_test\instancias\n_1000_3,500,20,15,10,0.1000,123,9994541387,9994539004,101,1612
docs\inst_test\instancias\n_1000_3,500,20,15,20,0.1000,123,9994541361,9994539065,81,1612
docs\inst_test\instancias\n_1000_3,500,20,15,20,0.3000,42,9996882985,9996881662,66,1612
docs\inst_test\instancias\n_1000_3,500,20,15,20,0.2000,42,9999229060,9999226468,78,1612
docs\inst_test\instancias\n_1000_3,500,20,15,20,0.1000,2026,9999229050,9999226581,84,1612
docs\inst_test\instancias\n_1000_3,500,20,15,20,0.2000,2026,9999229022,9999226617,79,1612
docs\inst_test\instancias\n_1000_3,500,20,15,20,0.2000,123,9998446310,9998444768,81,1612
docs\inst_test\instancias\n_1000_3,500,20,15,20,0.3000,123,9999226830,9999225390,64,1612
docs\inst_test\instancias\n_1000_3,500,20,15,20,0.3000,2026,9999226819,9999225611,63,1612
docs\inst_test\instancias\n_1000_4,100,10,7,5,0.3000,42,9996891031,9996886639,17,1649
docs\inst_test\instancias\n_1000_4,100,10,7,5,0.1000,2026,9999239796,9999233069,19,1649
docs\inst_test\instancias\n_1000_4,100,10,7,10,0.1000,42,9993771778,9993764749,19,1649
docs\inst_test\instancias\n_1000_4,100,10,7,20,0.3000,2026,9997675731,9997669897,18,1649
docs\inst_test\instancias\n_1000_4,100,10,7,20,0.3000,123,9997675795,9997669459,18,1649
docs\inst_test\instancias\n_1000_4,100,10,7,10,0.3000,2026,9997675731,9997669897,18,1649
docs\inst_test\instancias\n_1000_4,100,10,10,5,0.2000,42,9999239825,9999233397,20,1649
docs\inst_test\instancias\n_1000_4,100,10,7,20,0.2000,42,9998459677,9998452927,19,1649
docs\inst_test\instancias\n_1000_4,100,10,7,20,0.2000,2026,9999239684,9999233254,19,1649
docs\inst_test\instancias\n_1000_4,100,10,7,20,0.3000,42,9991423917,9991418608,19,1649
docs\inst_test\instancias\n_1000_4,100,10,10,5,0.1000,123,9999239604,9999233200,20,1649
docs\inst_test\instancias\n_1000_4,100,10,10,5,0.1000,42,9999239200,9999233015,21,1649
docs\inst_test\instancias\n_1000_4,100,10,7,20,0.2000,123,9989864094,9989857916,21,1649
docs\inst_test\instancias\n_1000_4,100,10,10,5,0.2000,123,9998455663,9998450281,21,1649
docs\inst_test\instancias\n_1000_4,100,10,7,10,0.2000,2026,9999239684,9999233254,28,1649
docs\inst_test\instancias\n_1000_4,100,10,7,5,0.1000,123,9999239604,9999233200,28,1649
docs\inst_test\instancias\n_1000_4,100,10,7,5,0.1000,42,9999239200,9999233015,29,1649
docs\inst_test\instancias\n_1000_4,100,10,7,5,0.3000,2026,9999235557,9999230837,29,1649
docs\inst_test\instancias\n_1000_4,100,10,7,10,0.3000,42,9994547650,9994542891,29,1649
docs\inst_test\instancias\n_1000_4,100,10,7,5,0.3000,123,9997675862,9997669855,30,1649
docs\inst_test\instancias\n_1000_4,100,10,7,5,0.2000,123,9998455663,9998450281,30,1649
docs\inst_test\instancias\n_1000_4,100,10,7,10,0.2000,123,9997675834,9997669777,27,1649
docs\inst_test\instancias\n_1000_4,100,10,7,5,0.2000,2026,9999239684,9999233254,30,1649
docs\inst_test\instancias\n_1000_4,100,10,7,10,0.1000,2026,9991427953,9991421500,30,1649
docs\inst_test\instancias\n_1000_4,100,10,7,20,0.1000,2026,9991427953,9991421500,29,1649
docs\inst_test\instancias\n_1000_4,100,10,7,5,0.2000,42,9999239825,9999233397,31,1649
docs\inst_test\instancias\n_1000_4,100,10,7,10,0.3000,123,9997675862,9997669855,29,1649
docs\inst_test\instancias\n_1000_4,100,10,7,10,0.2000,42,9998459677,9998452927,31,1649
docs\inst_test\instancias\n_1000_4,100,10,7,10,0.1000,123,9996895765,9996889366,31,1649
docs\inst_test\instancias\n_1000_4,100,10,7,20,0.1000,42,9993771778,9993764749,32,1649
docs\inst_test\instancias\n_1000_4,100,10,7,20,0.1000,123,9996115758,9996108806,32,1649
docs\inst_test\instancias\n_1000_4,100,10,10,5,0.3000,42,9996891031,9996886639,18,1649
docs\inst_test\instancias\n_1000_4,100,10,10,5,0.3000,2026,9999235557,9999230837,18,1649
docs\inst_test\instancias\n_1000_4,100,10,10,5,0.2000,2026,9999239684,9999233254,20,1649
docs\inst_test\instancias\n_1000_4,100,10,10,10,0.1000,42,9993771778,9993764749,19,1649
docs\inst_test\instancias\n_1000_4,100,10,10,5,0.3000,123,9997675862,9997669855,20,1649
docs\inst_test\instancias\n_1000_4,100,10,10,10,0.2000,2026,9999239684,9999233254,19,1649
docs\inst_test\instancias\n_1000_4,100,10,10,10,0.2000,123,9997675834,9997669777,20,1649
docs\inst_test\instancias\n_1000_4,100,10,10,10,0.1000,2026,9991427953,9991421500,20,1649
docs\inst_test\instancias\n_1000_4,100,10,10,10,0.3000,123,9997675862,9997669855,18,1649
docs\inst_test\instancias\n_1000_4,100,10,10,10,0.3000,42,9994547650,9994542891,19,1649
docs\inst_test\instancias\n_1000_4,100,10,10,10,0.1000,123,9996895765,9996889366,22,1649
docs\inst_test\instancias\n_1000_4,100,10,10,10,0.3000,2026,9997675731,9997669897,19,1649
docs\inst_test\instancias\n_1000_4,100,10,10,20,0.1000,42,9993771778,9993764749,20,1649
docs\inst_test\instancias\n_1000_4,100,10,10,10,0.2000,42,9998459677,9998452927,25,1649
docs\inst_test\instancias\n_1000_4,100,10,10,20,0.3000,2026,9997675731,9997669897,18,1649
docs\inst_test\instancias\n_1000_4,100,10,10,20,0.2000,42,9998459677,9998452927,20,1649
docs\inst_test\instancias\n_1000_4,100,10,10,5,0.1000,2026,9999239796,9999233069,50,1649
docs\inst_test\instancias\n_1000_4,100,10,15,10,0.1000,42,9993771778,9993764749,20,1649
docs\inst_test\instancias\n_1000_4,100,10,15,10,0.1000,123,9996895765,9996889366,19,1649
docs\inst_test\instancias\n_1000_4,100,10,15,10,0.2000,123,9997675834,9997669777,18,1649
docs\inst_test\instancias\n_1000_4,100,10,15,10,0.2000,42,9998459677,9998452927,19,1649
docs\inst_test\instancias\n_1000_4,100,10,15,10,0.1000,2026,9991427953,9991421500,20,1649
docs\inst_test\instancias\n_1000_4,100,10,10,20,0.2000,123,9989864094,9989857916,30,1649
docs\inst_test\instancias\n_1000_4,100,10,10,20,0.2000,2026,9999239684,9999233254,29,1649
docs\inst_test\instancias\n_1000_4,100,10,10,20,0.1000,2026,9991427953,9991421500,31,1649
docs\inst_test\instancias\n_1000_4,100,10,10,20,0.1000,123,9996115758,9996108806,31,1649
docs\inst_test\instancias\n_1000_4,100,10,15,10,0.2000,2026,9999239684,9999233254,19,1649
docs\inst_test\instancias\n_1000_4,100,10,15,10,0.3000,42,9994547650,9994542891,18,1649
docs\inst_test\instancias\n_1000_4,100,10,15,10,0.3000,2026,9997675731,9997669897,18,1649
docs\inst_test\instancias\n_1000_4,100,10,10,20,0.3000,42,9991423917,9991418608,30,1649
docs\inst_test\instancias\n_1000_4,100,10,15,10,0.3000,123,9997675862,9997669855,19,1649
docs\inst_test\instancias\n_1000_4,100,10,10,20,0.3000,123,9997675795,9997669459,30,1649
docs\inst_test\instancias\n_1000_4,100,10,15,20,0.1000,42,9993771778,9993764749,18,1649
docs\inst_test\instancias\n_1000_4,100,10,15,20,0.1000,2026,9991427953,9991421500,18,1649
docs\inst_test\instancias\n_1000_4,100,10,15,5,0.3000,42,9996891031,9996886639,29,1649
docs\inst_test\instancias\n_1000_4,100,10,15,5,0.2000,123,9998455663,9998450281,30,1649
docs\inst_test\instancias\n_1000_4,100,10,15,5,0.1000,123,9999239604,9999233200,30,1649
docs\inst_test\instancias\n_1000_4,100,10,15,20,0.1000,123,9996115758,9996108806,21,1649
docs\inst_test\instancias\n_1000_4,100,10,15,5,0.2000,42,9999239825,9999233397,31,1649
docs\inst_test\instancias\n_1000_4,100,10,15,5,0.2000,2026,9999239684,9999233254,30,1649
docs\inst_test\instancias\n_1000_4,100,10,15,5,0.1000,42,9999239200,9999233015,33,1649
docs\inst_test\instancias\n_1000_4,100,10,15,5,0.1000,2026,9999239796,9999233069,31,1649
docs\inst_test\instancias\n_1000_4,100,10,15,20,0.2000,42,9998459677,9998452927,20,1649
docs\inst_test\instancias\n_1000_4,100,10,15,5,0.3000,123,9997675862,9997669855,30,1649
docs\inst_test\instancias\n_1000_4,100,10,15,5,0.3000,2026,9999235557,9999230837,30,1649
docs\inst_test\instancias\n_1000_4,100,10,15,20,0.2000,2026,9999239684,9999233254,17,1649
docs\inst_test\instancias\n_1000_4,100,10,15,20,0.3000,42,9991423917,9991418608,18,1649
docs\inst_test\instancias\n_1000_4,100,10,15,20,0.3000,123,9997675795,9997669459,20,1649
docs\inst_test\instancias\n_1000_4,100,10,15,20,0.3000,2026,9997675731,9997669897,17,1649
docs\inst_test\instancias\n_1000_4,100,15,7,5,0.3000,2026,9999235557,9999230837,18,1649
docs\inst_test\instancias\n_1000_4,100,15,7,5,0.1000,123,9999239604,9999233200,20,1649
docs\inst_test\instancias\n_1000_4,100,10,15,20,0.2000,123,9989864094,9989857916,31,1649
docs\inst_test\instancias\n_1000_4,100,15,7,5,0.1000,42,9999239200,9999233015,20,1649
docs\inst_test\instancias\n_1000_4,100,15,7,5,0.1000,2026,9999239796,9999233069,20,1649
docs\inst_test\instancias\n_1000_4,100,15,7,10,0.3000,42,9994547650,9994542891,18,1649
docs\inst_test\instancias\n_1000_4,100,15,7,5,0.2000,42,9999239825,9999233397,20,1649
docs\inst_test\instancias\n_1000_4,100,15,7,10,0.2000,2026,9999239684,9999233254,19,1649
docs\inst_test\instancias\n_1000_4,100,15,7,10,0.1000,123,9996895765,9996889366,20,1649
docs\inst_test\instancias\n_1000_4,100,15,7,10,0.2000,42,9998459677,9998452927,19,1649
docs\inst_test\instancias\n_1000_4,100,15,7,10,0.1000,42,9993771778,9993764749,21,1649
docs\inst_test\instancias\n_1000_4,100,15,7,20,0.1000,123,9996115758,9996108806,19,1649
docs\inst_test\instancias\n_1000_4,100,15,7,20,0.3000,42,9991423917,9991418608,18,1649
docs\inst_test\instancias\n_1000_4,100,15,10,5,0.1000,42,9999239200,9999233015,21,1649
docs\inst_test\instancias\n_1000_4,100,15,7,5,0.3000,42,9996891031,9996886639,29,1649
docs\inst_test\instancias\n_1000_4,100,15,7,5,0.2000,123,9998455663,9998450281,29,1649
docs\inst_test\instancias\n_1000_4,100,15,10,5,0.1000,123,9999239604,9999233200,22,1649
docs\inst_test\instancias\n_1000_4,100,15,7,5,0.2000,2026,9999239684,9999233254,31,1649
docs\inst_test\instancias\n_1000_4,100,15,7,5,0.3000,123,9997675862,9997669855,31,1649
docs\inst_test\instancias\n_1000_4,100,15,7,10,0.2000,123,9997675834,9997669777,30,1649
docs\inst_test\instancias\n_1000_4,100,15,7,10,0.1000,2026,9991427953,9991421500,32,1649
docs\inst_test\instancias\n_1000_4,100,15,7,10,0.3000,123,9997675862,9997669855,30,1649
docs\inst_test\instancias\n_1000_4,100,15,7,10,0.3000,2026,9997675731,9997669897,30,1649
docs\inst_test\instancias\n_1000_4,100,15,7,20,0.2000,123,9989864094,9989857916,30,1649
docs\inst_test\instancias\n_1000_4,100,15,10,5,0.1000,2026,9999239796,9999233069,20,1649
docs\inst_test\instancias\n_1000_4,100,15,7,20,0.1000,2026,9991427953,9991421500,30,1649
docs\inst_test\instancias\n_1000_4,100,15,7,20,0.2000,42,9998459677,9998452927,30,1649
docs\inst_test\instancias\n_1000_4,100,15,7,20,0.1000,42,9993771778,9993764749,32,1649
docs\inst_test\instancias\n_1000_4,100,15,10,5,0.2000,42,9999239825,9999233397,20,1649
docs\inst_test\instancias\n_1000_4,100,15,7,20,0.3000,2026,9997675731,9997669897,29,1649
docs\inst_test\instancias\n_1000_4,100,15,7,20,0.3000,123,9997675795,9997669459,31,1649
docs\inst_test\instancias\n_1000_4,100,15,10,5,0.2000,123,9998455663,9998450281,18,1649
docs\inst_test\instancias\n_1000_4,100,15,7,20,0.2000,2026,9999239684,9999233254,33,1649
docs\inst_test\instancias\n_1000_4,100,15,10,5,0.3000,2026,9999235557,9999230837,17,1649
docs\inst_test\instancias\n_1000_4,100,15,10,5,0.3000,123,9997675862,9997669855,19,1649
docs\inst_test\instancias\n_1000_4,100,15,10,5,0.2000,2026,9999239684,9999233254,20,1649
docs\inst_test\instancias\n_1000_4,100,15,10,10,0.1000,123,9996895765,9996889366,19,1649
docs\inst_test\instancias\n_1000_4,100,15,10,10,0.1000,42,9993771778,9993764749,19,1649
docs\inst_test\instancias\n_1000_4,100,15,10,10,0.2000,123,9997675834,9997669777,18,1649
docs\inst_test\instancias\n_1000_4,100,15,10,10,0.2000,42,9998459677,9998452927,19,1649
docs\inst_test\instancias\n_1000_4,100,15,10,10,0.2000,2026,9999239684,9999233254,18,1649
docs\inst_test\instancias\n_1000_4,100,15,10,10,0.1000,2026,9991427953,9991421500,20,1649
docs\inst_test\instancias\n_1000_4,100,15,10,10,0.3000,42,9994547650,9994542891,17,1649
docs\inst_test\instancias\n_1000_4,100,15,10,10,0.3000,123,9997675862,9997669855,18,1649
docs\inst_test\instancias\n_1000_4,100,15,10,10,0.3000,2026,9997675731,9997669897,18,1649
docs\inst_test\instancias\n_1000_4,100,15,10,5,0.3000,42,9996891031,9996886639,30,1649
docs\inst_test\instancias\n_1000_4,100,15,10,20,0.1000,2026,9991427953,9991421500,19,1649
docs\inst_test\instancias\n_1000_4,100,15,15,5,0.3000,2026,9999235557,9999230837,17,1649
docs\inst_test\instancias\n_1000_4,100,15,15,5,0.2000,2026,9999239684,9999233254,19,1649
docs\inst_test\instancias\n_1000_4,100,15,15,5,0.1000,123,9999239604,9999233200,21,1649
docs\inst_test\instancias\n_1000_4,100,15,15,10,0.1000,123,9996895765,9996889366,20,1649
docs\inst_test\instancias\n_1000_4,100,15,15,10,0.3000,42,9994547650,9994542891,18,1649
docs\inst_test\instancias\n_1000_4,100,15,15,10,0.1000,2026,9991427953,9991421500,19,1649
docs\inst_test\instancias\n_1000_4,100,15,15,10,0.2000,42,9998459677,9998452927,18,1649
docs\inst_test\instancias\n_1000_4,100,15,15,10,0.2000,123,9997675834,9997669777,18,1649
docs\inst_test\instancias\n_1000_4,100,15,15,10,0.2000,2026,9999239684,9999233254,18,1649
docs\inst_test\instancias\n_1000_4,100,15,15,10,0.3000,123,9997675862,9997669855,18,1649
docs\inst_test\instancias\n_1000_4,100,15,15,20,0.1000,42,9993771778,9993764749,19,1649
docs\inst_test\instancias\n_1000_4,100,15,15,10,0.3000,2026,9997675731,9997669897,20,1649
docs\inst_test\instancias\n_1000_4,100,15,10,20,0.1000,42,9993771778,9993764749,31,1649
docs\inst_test\instancias\n_1000_4,100,15,15,20,0.1000,123,9996115758,9996108806,19,1649
docs\inst_test\instancias\n_1000_4,100,15,10,20,0.1000,123,9996115758,9996108806,32,1649
docs\inst_test\instancias\n_1000_4,100,15,15,20,0.1000,2026,9991427953,9991421500,19,1649
docs\inst_test\instancias\n_1000_4,100,15,10,20,0.2000,123,9989864094,9989857916,30,1649
docs\inst_test\instancias\n_1000_4,100,15,10,20,0.2000,42,9998459677,9998452927,31,1649
docs\inst_test\instancias\n_1000_4,100,15,10,20,0.2000,2026,9999239684,9999233254,31,1649
docs\inst_test\instancias\n_1000_4,100,15,10,20,0.3000,2026,9997675731,9997669897,29,1649
docs\inst_test\instancias\n_1000_4,100,15,10,20,0.3000,42,9991423917,9991418608,30,1649
docs\inst_test\instancias\n_1000_4,100,15,10,20,0.3000,123,9997675795,9997669459,30,1649
docs\inst_test\instancias\n_1000_4,100,15,15,5,0.3000,42,9996891031,9996886639,30,1649
docs\inst_test\instancias\n_1000_4,100,15,15,5,0.2000,123,9998455663,9998450281,30,1649
docs\inst_test\instancias\n_1000_4,100,15,15,20,0.2000,42,9998459677,9998452927,19,1649
docs\inst_test\instancias\n_1000_4,100,15,15,5,0.1000,2026,9999239796,9999233069,33,1649
docs\inst_test\instancias\n_1000_4,100,15,15,5,0.2000,42,9999239825,9999233397,33,1649
docs\inst_test\instancias\n_1000_4,100,15,15,5,0.1000,42,9999239200,9999233015,33,1649
docs\inst_test\instancias\n_1000_4,100,15,15,5,0.3000,123,9997675862,9997669855,31,1649
docs\inst_test\instancias\n_1000_4,100,15,15,20,0.2000,2026,9999239684,9999233254,18,1649
docs\inst_test\instancias\n_1000_4,100,15,15,10,0.1000,42,9993771778,9993764749,31,1649
docs\inst_test\instancias\n_1000_4,100,15,15,20,0.3000,42,9991423917,9991418608,18,1649
docs\inst_test\instancias\n_1000_4,100,15,15,20,0.3000,123,9997675795,9997669459,19,1649
docs\inst_test\instancias\n_1000_4,100,15,15,20,0.3000,2026,9997675731,9997669897,19,1649
docs\inst_test\instancias\n_1000_4,100,20,7,5,0.1000,123,9999239604,9999233200,19,1649
docs\inst_test\instancias\n_1000_4,100,20,7,5,0.2000,123,9998455663,9998450281,20,1649
docs\inst_test\instancias\n_1000_4,100,20,7,5,0.1000,2026,9999239796,9999233069,20,1649
docs\inst_test\instancias\n_1000_4,100,20,7,5,0.3000,42,9996891031,9996886639,19,1649
docs\inst_test\instancias\n_1000_4,100,20,7,5,0.2000,42,9999239825,9999233397,20,1649
docs\inst_test\instancias\n_1000_4,100,20,7,5,0.2000,2026,9999239684,9999233254,21,1649
docs\inst_test\instancias\n_1000_4,100,20,7,5,0.1000,42,9999239200,9999233015,21,1649
docs\inst_test\instancias\n_1000_4,100,15,15,20,0.2000,123,9989864094,9989857916,30,1649
docs\inst_test\instancias\n_1000_4,100,20,7,5,0.3000,2026,9999235557,9999230837,19,1649
docs\inst_test\instancias\n_1000_4,100,20,7,10,0.1000,123,9996895765,9996889366,19,1649
docs\inst_test\instancias\n_1000_4,100,20,7,10,0.2000,42,9998459677,9998452927,18,1649
docs\inst_test\instancias\n_1000_4,100,20,7,5,0.3000,123,9997675862,9997669855,20,1649
docs\inst_test\instancias\n_1000_4,100,20,7,20,0.2000,42,9998459677,9998452927,19,1649
docs\inst_test\instancias\n_1000_4,100,20,7,20,0.3000,2026,9997675731,9997669897,17,1649
docs\inst_test\instancias\n_1000_4,100,20,7,10,0.2000,2026,9999239684,9999233254,30,1649
docs\inst_test\instancias\n_1000_4,100,20,7,10,0.1000,2026,9991427953,9991421500,31,1649
docs\inst_test\instancias\n_1000_4,100,20,7,10,0.3000,42,9994547650,9994542891,30,1649
docs\inst_test\instancias\n_1000_4,100,20,7,10,0.3000,123,9997675862,9997669855,31,1649
docs\inst_test\instancias\n_1000_4,100,20,10,5,0.1000,123,9999239604,9999233200,20,1649
docs\inst_test\instancias\n_1000_4,100,20,7,10,0.2000,123,9997675834,9997669777,32,1649
docs\inst_test\instancias\n_1000_4,100,20,7,10,0.1000,42,9993771778,9993764749,33,1649
docs\inst_test\instancias\n_1000_4,100,20,7,20,0.1000,42,9993771778,9993764749,31,1649
docs\inst_test\instancias\n_1000_4,100,20,10,5,0.3000,42,9996891031,9996886639,18,1649
docs\inst_test\instancias\n_1000_4,100,20,7,10,0.3000,2026,9997675731,9997669897,32,1649
docs\inst_test\instancias\n_1000_4,100,20,10,5,0.2000,42,9999239825,9999233397,20,1649
docs\inst_test\instancias\n_1000_4,100,20,10,5,0.2000,123,9998455663,9998450281,19,1649
docs\inst_test\instancias\n_1000_4,100,20,10,5,0.3000,2026,9999235557,9999230837,19,1649
docs\inst_test\instancias\n_1000_4,100,20,10,5,0.3000,123,9997675862,9997669855,19,1649
docs\inst_test\instancias\n_1000_4,100,20,7,20,0.1000,123,9996115758,9996108806,31,1649
docs\inst_test\instancias\n_1000_4,100,20,7,20,0.1000,2026,9991427953,9991421500,31,1649
docs\inst_test\instancias\n_1000_4,100,20,7,20,0.2000,2026,9999239684,9999233254,30,1649
docs\inst_test\instancias\n_1000_4,100,20,10,10,0.1000,42,9993771778,9993764749,19,1649
docs\inst_test\instancias\n_1000_4,100,20,7,20,0.2000,123,9989864094,9989857916,30,1649
docs\inst_test\instancias\n_1000_4,100,20,10,10,0.1000,123,9996895765,9996889366,19,1649
docs\inst_test\instancias\n_1000_4,100,20,7,20,0.3000,42,9991423917,9991418608,31,1649
docs\inst_test\instancias\n_1000_4,100,20,10,10,0.2000,123,9997675834,9997669777,19,1649
docs\inst_test\instancias\n_1000_4,100,20,10,10,0.2000,2026,9999239684,9999233254,19,1649
docs\inst_test\instancias\n_1000_4,100,20,7,20,0.3000,123,9997675795,9997669459,30,1649
docs\inst_test\instancias\n_1000_4,100,20,10,10,0.2000,42,9998459677,9998452927,20,1649
docs\inst_test\instancias\n_1000_4,100,20,10,5,0.2000,2026,9999239684,9999233254,23,1649
docs\inst_test\instancias\n_1000_4,100,20,10,10,0.3000,42,9994547650,9994542891,20,1649
docs\inst_test\instancias\n_1000_4,100,20,10,5,0.1000,42,9999239200,9999233015,32,1649
docs\inst_test\instancias\n_1000_4,100,20,10,5,0.1000,2026,9999239796,9999233069,27,1649
docs\inst_test\instancias\n_1000_4,100,20,10,10,0.3000,123,9997675862,9997669855,18,1649
docs\inst_test\instancias\n_1000_4,100,20,10,10,0.3000,2026,9997675731,9997669897,19,1649
docs\inst_test\instancias\n_1000_4,100,20,10,10,0.1000,2026,9991427953,9991421500,33,1649
docs\inst_test\instancias\n_1000_4,100,20,10,20,0.2000,123,9989864094,9989857916,18,1649
docs\inst_test\instancias\n_1000_4,100,20,10,20,0.3000,2026,9997675731,9997669897,19,1649
docs\inst_test\instancias\n_1000_4,100,20,15,5,0.1000,123,9999239604,9999233200,20,1649
docs\inst_test\instancias\n_1000_4,100,20,15,5,0.2000,123,9998455663,9998450281,19,1649
docs\inst_test\instancias\n_1000_4,100,20,15,5,0.2000,42,9999239825,9999233397,19,1649
docs\inst_test\instancias\n_1000_4,100,20,15,5,0.1000,2026,9999239796,9999233069,20,1649
docs\inst_test\instancias\n_1000_4,100,20,15,10,0.3000,42,9994547650,9994542891,17,1649
docs\inst_test\instancias\n_1000_4,100,20,15,10,0.2000,123,9997675834,9997669777,18,1649
docs\inst_test\instancias\n_1000_4,100,20,15,10,0.1000,123,9996895765,9996889366,21,1649
docs\inst_test\instancias\n_1000_4,100,20,15,10,0.2000,42,9998459677,9998452927,19,1649
docs\inst_test\instancias\n_1000_4,100,20,15,10,0.3000,123,9997675862,9997669855,18,1649
docs\inst_test\instancias\n_1000_4,100,20,15,10,0.3000,2026,9997675731,9997669897,18,1649
docs\inst_test\instancias\n_1000_4,100,20,15,5,0.3000,2026,9999235557,9999230837,23,1649
docs\inst_test\instancias\n_1000_4,100,20,15,20,0.1000,123,9996115758,9996108806,19,1649
docs\inst_test\instancias\n_1000_4,100,20,10,20,0.1000,42,9993771778,9993764749,30,1649
docs\inst_test\instancias\n_1000_4,100,20,10,20,0.1000,2026,9991427953,9991421500,31,1649
docs\inst_test\instancias\n_1000_4,100,20,15,20,0.1000,2026,9991427953,9991421500,20,1649
docs\inst_test\instancias\n_1000_4,100,20,10,20,0.2000,2026,9999239684,9999233254,30,1649
docs\inst_test\instancias\n_1000_4,100,20,10,20,0.1000,123,9996115758,9996108806,31,1649
docs\inst_test\instancias\n_1000_4,100,20,10,20,0.2000,42,9998459677,9998452927,31,1649
docs\inst_test\instancias\n_1000_4,100,20,10,20,0.3000,123,9997675795,9997669459,30,1649
docs\inst_test\instancias\n_1000_4,100,20,10,20,0.3000,42,9991423917,9991418608,31,1649
docs\inst_test\instancias\n_1000_4,100,20,15,5,0.3000,42,9996891031,9996886639,30,1649
docs\inst_test\instancias\n_1000_4,100,20,15,20,0.2000,42,9998459677,9998452927,21,1649
docs\inst_test\instancias\n_1000_4,100,20,15,5,0.2000,2026,9999239684,9999233254,31,1649
docs\inst_test\instancias\n_1000_4,100,20,15,5,0.3000,123,9997675862,9997669855,31,1649
docs\inst_test\instancias\n_1000_4,100,20,15,5,0.1000,42,9999239200,9999233015,33,1649
docs\inst_test\instancias\n_1000_4,100,20,15,10,0.1000,42,9993771778,9993764749,31,1649
docs\inst_test\instancias\n_1000_4,100,20,15,10,0.2000,2026,9999239684,9999233254,31,1649
docs\inst_test\instancias\n_1000_4,100,20,15,20,0.2000,2026,9999239684,9999233254,18,1649
docs\inst_test\instancias\n_1000_4,100,20,15,10,0.1000,2026,9991427953,9991421500,32,1649
docs\inst_test\instancias\n_1000_4,100,20,15,20,0.1000,42,9993771778,9993764749,32,1649
docs\inst_test\instancias\n_1000_4,100,20,15,20,0.3000,42,9991423917,9991418608,18,1649
docs\inst_test\instancias\n_1000_4,100,20,15,20,0.3000,123,9997675795,9997669459,18,1649
docs\inst_test\instancias\n_1000_4,100,20,15,20,0.3000,2026,9997675731,9997669897,20,1649
docs\inst_test\instancias\n_1000_4,100,20,15,20,0.2000,123,9989864094,9989857916,32,1649
docs\inst_test\instancias\n_1000_4,300,10,7,5,0.2000,123,9999235551,9999230682,56,1649
docs\inst_test\instancias\n_1000_4,300,10,7,5,0.3000,42,9999235607,9999230590,56,1649
docs\inst_test\instancias\n_1000_4,300,10,7,5,0.3000,123,9999235496,9999230899,58,1649
docs\inst_test\instancias\n_1000_4,300,10,7,10,0.1000,42,9999239542,9999233154,57,1649
docs\inst_test\instancias\n_1000_4,300,10,7,5,0.1000,123,9999239785,9999233462,63,1649
docs\inst_test\instancias\n_1000_4,300,10,7,5,0.2000,42,9999239825,9999233397,63,1649
docs\inst_test\instancias\n_1000_4,300,10,7,10,0.2000,42,9999239825,9999233397,57,1649
docs\inst_test\instancias\n_1000_4,300,10,7,5,0.2000,2026,9999239684,9999233254,65,1649
docs\inst_test\instancias\n_1000_4,300,10,7,5,0.3000,2026,9999235557,9999230837,63,1649
docs\inst_test\instancias\n_1000_4,300,10,7,5,0.1000,2026,9999239796,9999233069,66,1649
docs\inst_test\instancias\n_1000_4,300,10,7,5,0.1000,42,9999239542,9999233154,67,1649
docs\inst_test\instancias\n_1000_4,300,10,7,20,0.3000,123,9997675862,9997669855,55,1649
docs\inst_test\instancias\n_1000_4,300,10,7,20,0.1000,123,9999239604,9999233200,59,1649
docs\inst_test\instancias\n_1000_4,300,10,10,5,0.1000,123,9999239785,9999233462,62,1649
docs\inst_test\instancias\n_1000_4,300,10,10,5,0.1000,2026,9999239796,9999233069,64,1649
docs\inst_test\instancias\n_1000_4,300,10,10,5,0.2000,42,9999239825,9999233397,64,1649
docs\inst_test\instancias\n_1000_4,300,10,7,10,0.3000,42,9999235601,9999230748,79,1649
docs\inst_test\instancias\n_1000_4,300,10,7,10,0.3000,2026,9999235579,9999230674,82,1649
docs\inst_test\instancias\n_1000_4,300,10,7,10,0.2000,123,9999235551,9999230682,83,1649
docs\inst_test\instancias\n_1000_4,300,10,7,10,0.3000,123,9998455718,9998450407,86,1649
docs\inst_test\instancias\n_1000_4,300,10,7,20,0.3000,2026,9999235557,9999230837,80,1649
docs\inst_test\instancias\n_1000_4,300,10,7,20,0.3000,42,9999235596,9999230749,82,1649
docs\inst_test\instancias\n_1000_4,300,10,7,20,0.2000,123,9999235551,9999230682,84,1649
docs\inst_test\instancias\n_1000_4,300,10,7,10,0.1000,123,9999239785,9999233462,92,1649
docs\inst_test\instancias\n_1000_4,300,10,7,10,0.1000,2026,9999239825,9999233057,91,1649
docs\inst_test\instancias\n_1000_4,300,10,7,10,0.2000,2026,9999239684,9999233254,95,1649
docs\inst_test\instancias\n_1000_4,300,10,7,20,0.1000,2026,9999239796,9999233069,91,1649
docs\inst_test\instancias\n_1000_4,300,10,7,20,0.2000,2026,9999239684,9999233254,90,1649
docs\inst_test\instancias\n_1000_4,300,10,7,20,0.2000,42,9999239825,9999233397,91,1649
docs\inst_test\instancias\n_1000_4,300,10,7,20,0.1000,42,9999239542,9999233154,93,1649
docs\inst_test\instancias\n_1000_4,300,10,10,5,0.2000,123,9999235551,9999230682,87,1649
docs\inst_test\instancias\n_1000_4,300,10,10,5,0.1000,42,9999239542,9999233154,99,1649
docs\inst_test\instancias\n_1000_4,300,10,10,5,0.3000,42,9999235607,9999230590,57,1649
docs\inst_test\instancias\n_1000_4,300,10,10,10,0.3000,42,9999235601,9999230837,51,1649
docs\inst_test\instancias\n_1000_4,300,10,10,5,0.3000,2026,9999235557,9999230837,57,1649
docs\inst_test\instancias\n_1000_4,300,10,10,10,0.2000,123,9999235551,9999230682,52,1649
docs\inst_test\instancias\n_1000_4,300,10,10,10,0.1000,123,9999239785,9999233462,57,1649
docs\inst_test\instancias\n_1000_4,300,10,10,10,0.1000,42,9999239542,9999233154,58,1649
docs\inst_test\instancias\n_1000_4,300,10,10,5,0.3000,123,9999235496,9999230899,60,1649
docs\inst_test\instancias\n_1000_4,300,10,10,5,0.2000,2026,9999239684,9999233254,63,1649
docs\inst_test\instancias\n_1000_4,300,10,10,10,0.3000,2026,9999235579,9999230674,54,1649
docs\inst_test\instancias\n_1000_4,300,10,10,10,0.1000,2026,9999239825,9999233057,59,1649
docs\inst_test\instancias\n_1000_4,300,10,10,10,0.2000,42,9999239825,9999233397,58,1649
docs\inst_test\instancias\n_1000_4,300,10,10,10,0.2000,2026,9999239684,9999233254,58,1649
docs\inst_test\instancias\n_1000_4,300,10,10,10,0.3000,123,9998455718,9998450407,57,1649
docs\inst_test\instancias\n_1000_4,300,10,10,20,0.1000,42,9999239542,9999233154,55,1649
docs\inst_test\instancias\n_1000_4,300,10,10,20,0.1000,123,9999239604,9999233200,55,1649
docs\inst_test\instancias\n_1000_4,300,10,10,20,0.1000,2026,9999239796,9999233069,59,1649
docs\inst_test\instancias\n_1000_4,300,10,15,10,0.3000,42,9999235601,9999230748,52,1649
docs\inst_test\instancias\n_1000_4,300,10,10,20,0.3000,42,9999235596,9999230749,79,1649
docs\inst_test\instancias\n_1000_4,300,10,15,10,0.2000,123,9999235551,9999230682,54,1649
docs\inst_test\instancias\n_1000_4,300,10,15,10,0.3000,2026,9999235579,9999230674,53,1649
docs\inst_test\instancias\n_1000_4,300,10,10,20,0.3000,2026,9999235557,9999230837,79,1649
docs\inst_test\instancias\n_1000_4,300,10,10,20,0.2000,123,9999235551,9999230682,85,1649
docs\inst_test\instancias\n_1000_4,300,10,15,10,0.1000,123,9999239785,9999233462,59,1649
docs\inst_test\instancias\n_1000_4,300,10,15,10,0.2000,42,9999239825,9999233397,57,1649
docs\inst_test\instancias\n_1000_4,300,10,10,20,0.2000,42,9999239825,9999233397,89,1649
docs\inst_test\instancias\n_1000_4,300,10,15,10,0.3000,123,9998455718,9998450407,56,1649
docs\inst_test\instancias\n_1000_4,300,10,10,20,0.2000,2026,9999239684,9999233254,87,1649
docs\inst_test\instancias\n_1000_4,300,10,15,10,0.2000,2026,9999239684,9999233254,57,1649
docs\inst_test\instancias\n_1000_4,300,10,15,20,0.2000,123,9999235551,9999230682,52,1649
docs\inst_test\instancias\n_1000_4,300,10,15,10,0.1000,2026,9999239825,9999233057,61,1649
docs\inst_test\instancias\n_1000_4,300,10,10,20,0.3000,123,9997675862,9997669855,86,1649
docs\inst_test\instancias\n_1000_4,300,10,15,20,0.1000,123,9999239604,9999233200,57,1649
docs\inst_test\instancias\n_1000_4,300,10,15,20,0.2000,42,9999239825,9999233397,55,1649
docs\inst_test\instancias\n_1000_4,300,10,15,20,0.1000,42,9999239542,9999233154,58,1649
docs\inst_test\instancias\n_1000_4,300,10,15,20,0.1000,2026,9999239796,9999233069,57,1649
docs\inst_test\instancias\n_1000_4,300,10,15,5,0.2000,123,9999235551,9999230682,84,1649
docs\inst_test\instancias\n_1000_4,300,10,15,20,0.3000,42,9999235596,9999230749,50,1649
docs\inst_test\instancias\n_1000_4,300,10,15,5,0.3000,42,9999235607,9999230590,84,1649
docs\inst_test\instancias\n_1000_4,300,10,15,20,0.2000,2026,9999239684,9999233254,54,1649
docs\inst_test\instancias\n_1000_4,300,10,15,5,0.3000,123,9999235496,9999230899,86,1649
docs\inst_test\instancias\n_1000_4,300,10,15,5,0.1000,42,9999239542,9999233154,96,1649
docs\inst_test\instancias\n_1000_4,300,10,15,5,0.1000,123,9999239785,9999233462,95,1649
docs\inst_test\instancias\n_1000_4,300,10,15,5,0.1000,2026,9999239796,9999233069,96,1649
docs\inst_test\instancias\n_1000_4,300,10,15,20,0.3000,123,9997675862,9997669855,53,1649
docs\inst_test\instancias\n_1000_4,300,10,15,5,0.2000,42,9999239825,9999233397,94,1649
docs\inst_test\instancias\n_1000_4,300,10,15,5,0.2000,2026,9999239684,9999233254,95,1649
docs\inst_test\instancias\n_1000_4,300,10,15,5,0.3000,2026,9999235557,9999230837,86,1649
docs\inst_test\instancias\n_1000_4,300,10,15,10,0.1000,42,9999239542,9999233154,93,1649
docs\inst_test\instancias\n_1000_4,300,10,15,20,0.3000,2026,9999235557,9999230837,49,1649
docs\inst_test\instancias\n_1000_4,300,15,7,5,0.3000,42,9999235607,9999230590,59,1649
docs\inst_test\instancias\n_1000_4,300,15,7,5,0.3000,2026,9999235557,9999230837,58,1649
docs\inst_test\instancias\n_1000_4,300,15,7,10,0.3000,2026,9999235579,9999230674,53,1649
docs\inst_test\instancias\n_1000_4,300,15,7,10,0.3000,42,9999235601,9999230748,56,1649
docs\inst_test\instancias\n_1000_4,300,15,7,10,0.1000,123,9999239785,9999233462,58,1649
docs\inst_test\instancias\n_1000_4,300,15,7,10,0.1000,2026,9999239825,9999233057,59,1649
docs\inst_test\instancias\n_1000_4,300,15,7,10,0.3000,123,9998455718,9998450407,57,1649
docs\inst_test\instancias\n_1000_4,300,15,7,5,0.1000,2026,9999239796,9999233069,64,1649
docs\inst_test\instancias\n_1000_4,300,15,7,10,0.2000,42,9999239825,9999233397,59,1649
docs\inst_test\instancias\n_1000_4,300,15,7,10,0.2000,2026,9999239684,9999233254,59,1649
docs\inst_test\instancias\n_1000_4,300,15,7,5,0.2000,2026,9999239684,9999233254,64,1649
docs\inst_test\instancias\n_1000_4,300,15,7,20,0.2000,42,9999239825,9999233397,55,1649
docs\inst_test\instancias\n_1000_4,300,15,7,20,0.3000,2026,9999235557,9999230837,50,1649
docs\inst_test\instancias\n_1000_4,300,15,7,5,0.1000,123,9999239785,9999233462,76,1649
docs\inst_test\instancias\n_1000_4,300,15,7,20,0.1000,123,9999239604,9999233200,65,1649
docs\inst_test\instancias\n_1000_4,300,15,7,5,0.2000,123,9999235551,9999230682,85,1649
docs\inst_test\instancias\n_1000_4,300,15,7,5,0.3000,123,9999235496,9999230899,86,1649
docs\inst_test\instancias\n_1000_4,300,15,7,10,0.2000,123,9999235551,9999230682,83,1649
docs\inst_test\instancias\n_1000_4,300,15,7,5,0.1000,42,9999239542,9999233154,96,1649
docs\inst_test\instancias\n_1000_4,300,15,7,10,0.1000,42,9999239542,9999233154,92,1649
docs\inst_test\instancias\n_1000_4,300,15,7,20,0.3000,42,9999235596,9999230749,79,1649
docs\inst_test\instancias\n_1000_4,300,15,7,5,0.2000,42,9999239825,9999233397,98,1649
docs\inst_test\instancias\n_1000_4,300,15,7,20,0.2000,123,9999235551,9999230682,86,1649
docs\inst_test\instancias\n_1000_4,300,15,7,20,0.1000,42,9999239542,9999233154,91,1649
docs\inst_test\instancias\n_1000_4,300,15,7,20,0.3000,123,9997675862,9997669855,84,1649
docs\inst_test\instancias\n_1000_4,300,15,7,20,0.2000,2026,9999239684,9999233254,86,1649
docs\inst_test\instancias\n_1000_4,300,15,7,20,0.1000,2026,9999239796,9999233069,93,1649
docs\inst_test\instancias\n_1000_4,300,15,10,5,0.2000,123,9999235551,9999230682,59,1649
docs\inst_test\instancias\n_1000_4,300,15,10,10,0.3000,42,9999235601,9999230837,52,1649
docs\inst_test\instancias\n_1000_4,300,15,10,10,0.2000,123,9999235551,9999230682,53,1649
docs\inst_test\instancias\n_1000_4,300,15,10,5,0.1000,42,9999239542,9999233154,96,1649
docs\inst_test\instancias\n_1000_4,300,15,10,5,0.3000,2026,9999235557,9999230837,58,1649
docs\inst_test\instancias\n_1000_4,300,15,10,5,0.1000,123,9999239785,9999233462,96,1649
docs\inst_test\instancias\n_1000_4,300,15,10,5,0.3000,123,9999235496,9999230899,59,1649
docs\inst_test\instancias\n_1000_4,300,15,10,10,0.1000,123,9999239785,9999233462,58,1649
docs\inst_test\instancias\n_1000_4,300,15,10,5,0.3000,42,9999235607,9999230590,60,1649
docs\inst_test\instancias\n_1000_4,300,15,10,10,0.2000,42,9999239825,9999233397,57,1649
docs\inst_test\instancias\n_1000_4,300,15,10,10,0.1000,2026,9999239825,9999233057,58,1649
docs\inst_test\instancias\n_1000_4,300,15,10,10,0.3000,2026,9999235579,9999230674,51,1649
docs\inst_test\instancias\n_1000_4,300,15,10,10,0.2000,2026,9999239684,9999233254,58,1649
docs\inst_test\instancias\n_1000_4,300,15,10,10,0.1000,42,9999239542,9999233154,61,1649
docs\inst_test\instancias\n_1000_4,300,15,10,10,0.3000,123,9998455718,9998450407,54,1649
docs\inst_test\instancias\n_1000_4,300,15,10,5,0.1000,2026,9999239796,9999233069,97,1649
docs\inst_test\instancias\n_1000_4,300,15,10,5,0.2000,2026,9999239684,9999233254,63,1649
docs\inst_test\instancias\n_1000_4,300,15,10,5,0.2000,42,9999239825,9999233397,94,1649
docs\inst_test\instancias\n_1000_4,300,15,10,20,0.1000,42,9999239542,9999233154,57,1649
docs\inst_test\instancias\n_1000_4,300,15,10,20,0.1000,123,9999239604,9999233200,56,1649
docs\inst_test\instancias\n_1000_4,300,15,15,5,0.2000,2026,9999239684,9999233254,64,1649
docs\inst_test\instancias\n_1000_4,300,15,15,5,0.3000,42,9999235607,9999230590,55,1649
docs\inst_test\instancias\n_1000_4,300,15,10,20,0.2000,123,9999235551,9999230682,83,1649
docs\inst_test\instancias\n_1000_4,300,15,10,20,0.3000,42,9999235596,9999230749,78,1649
docs\inst_test\instancias\n_1000_4,300,15,15,10,0.3000,2026,9999235579,9999230674,51,1649
docs\inst_test\instancias\n_1000_4,300,15,15,10,0.3000,42,9999235601,9999230748,52,1649
docs\inst_test\instancias\n_1000_4,300,15,15,5,0.3000,123,9999235496,9999230899,58,1649
docs\inst_test\instancias\n_1000_4,300,15,10,20,0.1000,2026,9999239796,9999233069,90,1649
docs\inst_test\instancias\n_1000_4,300,15,15,10,0.3000,123,9998455718,9998450407,55,1649
docs\inst_test\instancias\n_1000_4,300,15,15,10,0.2000,123,9999235551,9999230682,56,1649
docs\inst_test\instancias\n_1000_4,300,15,10,20,0.2000,42,9999239825,9999233397,90,1649
docs\inst_test\instancias\n_1000_4,300,15,15,20,0.1000,123,9999239604,9999233200,56,1649
docs\inst_test\instancias\n_1000_4,300,15,15,10,0.2000,2026,9999239684,9999233254,58,1649
docs\inst_test\instancias\n_1000_4,300,15,10,20,0.3000,2026,9999235557,9999230837,81,1649
docs\inst_test\instancias\n_1000_4,300,15,15,10,0.1000,2026,9999239825,9999233057,59,1649
docs\inst_test\instancias\n_1000_4,300,15,15,20,0.2000,42,9999239825,9999233397,56,1649
docs\inst_test\instancias\n_1000_4,300,15,15,10,0.2000,42,9999239825,9999233397,59,1649
docs\inst_test\instancias\n_1000_4,300,15,15,10,0.1000,42,9999239542,9999233154,60,1649
docs\inst_test\instancias\n_1000_4,300,15,15,20,0.1000,42,9999239542,9999233154,58,1649
docs\inst_test\instancias\n_1000_4,300,15,10,20,0.3000,123,9997675862,9997669855,83,1649
docs\inst_test\instancias\n_1000_4,300,15,10,20,0.2000,2026,9999239684,9999233254,88,1649
docs\inst_test\instancias\n_1000_4,300,15,15,20,0.3000,42,9999235596,9999230749,49,1649
docs\inst_test\instancias\n_1000_4,300,15,15,20,0.2000,2026,9999239684,9999233254,55,1649
docs\inst_test\instancias\n_1000_4,300,15,15,5,0.2000,123,9999235551,9999230682,87,1649
docs\inst_test\instancias\n_1000_4,300,15,15,5,0.1000,42,9999239542,9999233154,96,1649
docs\inst_test\instancias\n_1000_4,300,15,15,5,0.1000,2026,9999239796,9999233069,96,1649
docs\inst_test\instancias\n_1000_4,300,15,15,5,0.2000,42,9999239825,9999233397,97,1649
docs\inst_test\instancias\n_1000_4,300,15,15,5,0.1000,123,9999239785,9999233462,99,1649
docs\inst_test\instancias\n_1000_4,300,15,15,5,0.3000,2026,9999235557,9999230837,85,1649
docs\inst_test\instancias\n_1000_4,300,15,15,20,0.1000,2026,9999239796,9999233069,89,1649
docs\inst_test\instancias\n_1000_4,300,15,15,20,0.2000,123,9999235551,9999230682,84,1649
docs\inst_test\instancias\n_1000_4,300,15,15,10,0.1000,123,9999239785,9999233462,92,1649
docs\inst_test\instancias\n_1000_4,300,15,15,20,0.3000,2026,9999235557,9999230837,50,1649
docs\inst_test\instancias\n_1000_4,300,15,15,20,0.3000,123,9997675862,9997669855,53,1649
docs\inst_test\instancias\n_1000_4,300,20,7,10,0.3000,42,9999235601,9999230748,52,1649
docs\inst_test\instancias\n_1000_4,300,20,7,5,0.3000,42,9999235607,9999230590,56,1649
docs\inst_test\instancias\n_1000_4,300,20,7,10,0.2000,123,9999235551,9999230682,54,1649
docs\inst_test\instancias\n_1000_4,300,20,7,10,0.3000,123,9998455718,9998450407,53,1649
docs\inst_test\instancias\n_1000_4,300,20,7,5,0.3000,123,9999235496,9999230899,59,1649
docs\inst_test\instancias\n_1000_4,300,20,7,5,0.2000,123,9999235551,9999230682,61,1649
docs\inst_test\instancias\n_1000_4,300,20,7,10,0.1000,123,9999239785,9999233462,58,1649
docs\inst_test\instancias\n_1000_4,300,20,7,10,0.1000,42,9999239542,9999233154,58,1649
docs\inst_test\instancias\n_1000_4,300,20,7,5,0.2000,42,9999239825,9999233397,64,1649
docs\inst_test\instancias\n_1000_4,300,20,7,10,0.2000,2026,9999239684,9999233254,58,1649
docs\inst_test\instancias\n_1000_4,300,20,7,5,0.1000,2026,9999239796,9999233069,64,1649
docs\inst_test\instancias\n_1000_4,300,20,7,20,0.1000,123,9999239604,9999233200,55,1649
docs\inst_test\instancias\n_1000_4,300,20,7,20,0.1000,2026,9999239796,9999233069,56,1649
docs\inst_test\instancias\n_1000_4,300,20,7,10,0.2000,42,9999239825,9999233397,63,1649
docs\inst_test\instancias\n_1000_4,300,20,7,10,0.3000,2026,9999235579,9999230674,81,1649
docs\inst_test\instancias\n_1000_4,300,20,7,5,0.3000,2026,9999235557,9999230837,84,1649
docs\inst_test\instancias\n_1000_4,300,20,7,5,0.1000,42,9999239542,9999233154,95,1649
docs\inst_test\instancias\n_1000_4,300,20,7,5,0.1000,123,9999239785,9999233462,95,1649
docs\inst_test\instancias\n_1000_4,300,20,7,10,0.1000,2026,9999239825,9999233057,91,1649
docs\inst_test\instancias\n_1000_4,300,20,7,5,0.2000,2026,9999239684,9999233254,97,1649
docs\inst_test\instancias\n_1000_4,300,20,7,20,0.1000,42,9999239542,9999233154,92,1649
docs\inst_test\instancias\n_1000_4,300,20,7,20,0.2000,42,9999239825,9999233397,89,1649
docs\inst_test\instancias\n_1000_4,300,20,10,5,0.2000,123,9999235551,9999230682,57,1649
docs\inst_test\instancias\n_1000_4,300,20,7,20,0.2000,123,9999235551,9999230682,84,1649
docs\inst_test\instancias\n_1000_4,300,20,7,20,0.3000,42,9999235596,9999230749,81,1649
docs\inst_test\instancias\n_1000_4,300,20,7,20,0.3000,2026,9999235557,9999230837,80,1649
docs\inst_test\instancias\n_1000_4,300,20,10,5,0.2000,42,9999239825,9999233397,62,1649
docs\inst_test\instancias\n_1000_4,300,20,7,20,0.2000,2026,9999239684,9999233254,87,1649
docs\inst_test\instancias\n_1000_4,300,20,7,20,0.3000,123,9997675862,9997669855,87,1649
docs\inst_test\instancias\n_1000_4,300,20,10,10,0.3000,42,9999235601,9999230837,51,1649
docs\inst_test\instancias\n_1000_4,300,20,10,5,0.3000,2026,9999235557,9999230837,57,1649
docs\inst_test\instancias\n_1000_4,300,20,10,5,0.3000,42,9999235607,9999230590,59,1649
docs\inst_test\instancias\n_1000_4,300,20,10,10,0.2000,123,9999235551,9999230682,55,1649
docs\inst_test\instancias\n_1000_4,300,20,10,10,0.3000,123,9998455718,9998450407,54,1649
docs\inst_test\instancias\n_1000_4,300,20,10,10,0.1000,42,9999239542,9999233154,57,1649
docs\inst_test\instancias\n_1000_4,300,20,10,10,0.3000,2026,9999235579,9999230674,51,1649
docs\inst_test\instancias\n_1000_4,300,20,10,10,0.2000,42,9999239825,9999233397,57,1649
docs\inst_test\instancias\n_1000_4,300,20,10,10,0.2000,2026,9999239684,9999233254,56,1649
docs\inst_test\instancias\n_1000_4,300,20,10,5,0.2000,2026,9999239684,9999233254,62,1649
docs\inst_test\instancias\n_1000_4,300,20,10,5,0.3000,123,9999235496,9999230899,62,1649
docs\inst_test\instancias\n_1000_4,300,20,10,10,0.1000,2026,9999239825,9999233057,60,1649
docs\inst_test\instancias\n_1000_4,300,20,10,10,0.1000,123,9999239785,9999233462,63,1649
docs\inst_test\instancias\n_1000_4,300,20,10,20,0.1000,42,9999239542,9999233154,60,1649
docs\inst_test\instancias\n_1000_4,300,20,10,5,0.1000,42,9999239542,9999233154,95,1649
docs\inst_test\instancias\n_1000_4,300,20,10,5,0.1000,2026,9999239796,9999233069,96,1649
docs\inst_test\instancias\n_1000_4,300,20,10,5,0.1000,123,9999239785,9999233462,97,1649
docs\inst_test\instancias\n_1000_4,300,20,15,5,0.2000,123,9999235551,9999230682,57,1649
docs\inst_test\instancias\n_1000_4,300,20,15,5,0.1000,42,9999239542,9999233154,64,1649
docs\inst_test\instancias\n_1000_4,300,20,15,10,0.2000,123,9999235551,9999230682,52,1649
docs\inst_test\instancias\n_1000_4,300,20,15,5,0.3000,123,9999235496,9999230899,57,1649
docs\inst_test\instancias\n_1000_4,300,20,15,5,0.3000,2026,9999235557,9999230837,56,1649
docs\inst_test\instancias\n_1000_4,300,20,15,10,0.3000,123,9998455718,9998450407,54,1649
docs\inst_test\instancias\n_1000_4,300,20,15,10,0.3000,2026,9999235579,9999230674,52,1649
docs\inst_test\instancias\n_1000_4,300,20,15,10,0.3000,42,9999235601,9999230748,55,1649
docs\inst_test\instancias\n_1000_4,300,20,15,10,0.2000,2026,9999239684,9999233254,57,1649
docs\inst_test\instancias\n_1000_4,300,20,15,10,0.2000,42,9999239825,9999233397,59,1649
docs\inst_test\instancias\n_1000_4,300,20,10,20,0.3000,42,9999235596,9999230749,79,1649
docs\inst_test\instancias\n_1000_4,300,20,10,20,0.1000,2026,9999239796,9999233069,90,1649
docs\inst_test\instancias\n_1000_4,300,20,15,10,0.1000,2026,9999239825,9999233057,60,1649
docs\inst_test\instancias\n_1000_4,300,20,10,20,0.2000,123,9999235551,9999230682,86,1649
docs\inst_test\instancias\n_1000_4,300,20,15,10,0.1000,42,9999239542,9999233154,62,1649
docs\inst_test\instancias\n_1000_4,300,20,15,10,0.1000,123,9999239785,9999233462,61,1649
docs\inst_test\instancias\n_1000_4,300,20,15,20,0.1000,42,9999239542,9999233154,57,1649
docs\inst_test\instancias\n_1000_4,300,20,10,20,0.1000,123,9999239604,9999233200,92,1649
docs\inst_test\instancias\n_1000_4,300,20,15,20,0.1000,123,9999239604,9999233200,57,1649
docs\inst_test\instancias\n_1000_4,300,20,10,20,0.2000,42,9999239825,9999233397,91,1649
docs\inst_test\instancias\n_1000_4,300,20,10,20,0.2000,2026,9999239684,9999233254,89,1649
docs\inst_test\instancias\n_1000_4,300,20,10,20,0.3000,123,9997675862,9997669855,85,1649
docs\inst_test\instancias\n_1000_4,300,20,10,20,0.3000,2026,9999235557,9999230837,80,1649
docs\inst_test\instancias\n_1000_4,300,20,15,20,0.1000,2026,9999239796,9999233069,61,1649
docs\inst_test\instancias\n_1000_4,300,20,15,5,0.3000,42,9999235607,9999230590,86,1649
docs\inst_test\instancias\n_1000_4,300,20,15,5,0.1000,123,9999239785,9999233462,95,1649
docs\inst_test\instancias\n_1000_4,300,20,15,5,0.1000,2026,9999239796,9999233069,97,1649
docs\inst_test\instancias\n_1000_4,300,20,15,5,0.2000,42,9999239825,9999233397,97,1649
docs\inst_test\instancias\n_1000_4,300,20,15,5,0.2000,2026,9999239684,9999233254,96,1649
docs\inst_test\instancias\n_1000_4,300,20,15,20,0.3000,42,9999235596,9999230749,48,1649
docs\inst_test\instancias\n_1000_4,300,20,15,20,0.2000,123,9999235551,9999230682,86,1649
docs\inst_test\instancias\n_1000_4,300,20,15,20,0.3000,2026,9999235557,9999230837,50,1649
docs\inst_test\instancias\n_1000_4,300,20,15,20,0.2000,2026,9999239684,9999233254,88,1649
docs\inst_test\instancias\n_1000_4,300,20,15,20,0.2000,42,9999239825,9999233397,91,1649
docs\inst_test\instancias\n_1000_4,300,20,15,20,0.3000,123,9997675862,9997669855,53,1649
docs\inst_test\instancias\n_1000_4,500,10,7,10,0.3000,42,9999235603,9999230785,86,1649
docs\inst_test\instancias\n_1000_4,500,10,7,10,0.2000,123,9999235551,9999230682,89,1649
docs\inst_test\instancias\n_1000_4,500,10,7,5,0.2000,123,9999235556,9999230719,98,1649
docs\inst_test\instancias\n_1000_4,500,10,7,10,0.1000,42,9999239542,9999233154,96,1649
docs\inst_test\instancias\n_1000_4,500,10,7,10,0.2000,42,9999239827,9999233233,97,1649
docs\inst_test\instancias\n_1000_4,500,10,7,10,0.1000,2026,9999239825,9999233057,99,1649
docs\inst_test\instancias\n_1000_4,500,10,7,5,0.3000,42,9999235607,9999230590,102,1649
docs\inst_test\instancias\n_1000_4,500,10,7,5,0.1000,42,9999239587,9999233145,108,1649
docs\inst_test\instancias\n_1000_4,500,10,7,5,0.1000,123,9999239847,9999233470,108,1649
docs\inst_test\instancias\n_1000_4,500,10,7,5,0.2000,2026,9999239684,9999233254,106,1649
docs\inst_test\instancias\n_1000_4,500,10,7,20,0.1000,2026,9999239825,9999233057,96,1649
docs\inst_test\instancias\n_1000_4,500,10,7,5,0.1000,2026,9999239804,9999233206,113,1649
docs\inst_test\instancias\n_1000_4,500,10,7,5,0.2000,42,9999239825,9999233397,114,1649
docs\inst_test\instancias\n_1000_4,500,10,7,20,0.3000,2026,9999235569,9999230761,82,1649
docs\inst_test\instancias\n_1000_4,500,10,7,5,0.3000,2026,9999235557,9999230837,140,1649
docs\inst_test\instancias\n_1000_4,500,10,10,5,0.2000,123,9999235556,9999230719,96,1649
docs\inst_test\instancias\n_1000_4,500,10,7,5,0.3000,123,9999235496,9999230899,144,1649
docs\inst_test\instancias\n_1000_4,500,10,7,10,0.3000,123,9999235496,9999230899,141,1649
docs\inst_test\instancias\n_1000_4,500,10,7,10,0.3000,2026,9999235579,9999230674,142,1649
docs\inst_test\instancias\n_1000_4,500,10,7,10,0.1000,123,9999239785,9999233462,152,1649
docs\inst_test\instancias\n_1000_4,500,10,7,10,0.2000,2026,9999239684,9999233254,152,1649
docs\inst_test\instancias\n_1000_4,500,10,7,20,0.1000,123,9999239604,9999233200,147,1649
docs\inst_test\instancias\n_1000_4,500,10,10,5,0.1000,123,9999239847,9999233470,113,1649
docs\inst_test\instancias\n_1000_4,500,10,7,20,0.1000,42,9999239542,9999233154,150,1649
docs\inst_test\instancias\n_1000_4,500,10,7,20,0.3000,42,9999235601,9999230748,131,1649
docs\inst_test\instancias\n_1000_4,500,10,7,20,0.2000,123,9999235551,9999230682,143,1649
docs\inst_test\instancias\n_1000_4,500,10,7,20,0.3000,123,9998455718,9998450407,140,1649
docs\inst_test\instancias\n_1000_4,500,10,7,20,0.2000,2026,9999239684,9999233254,147,1649
docs\inst_test\instancias\n_1000_4,500,10,7,20,0.2000,42,9999239825,9999233397,162,1649
docs\inst_test\instancias\n_1000_4,500,10,10,5,0.3000,42,9999235607,9999230590,95,1649
docs\inst_test\instancias\n_1000_4,500,10,10,10,0.2000,123,9999235551,9999230682,88,1649
docs\inst_test\instancias\n_1000_4,500,10,10,10,0.3000,2026,9999235579,9999230674,84,1649
docs\inst_test\instancias\n_1000_4,500,10,10,5,0.3000,123,9999235496,9999230899,101,1649
docs\inst_test\instancias\n_1000_4,500,10,10,5,0.2000,2026,9999239684,9999233254,107,1649
docs\inst_test\instancias\n_1000_4,500,10,10,10,0.1000,42,9999239542,9999233154,98,1649
docs\inst_test\instancias\n_1000_4,500,10,10,5,0.3000,2026,9999235557,9999230837,101,1649
docs\inst_test\instancias\n_1000_4,500,10,10,10,0.3000,123,9999235496,9999230899,90,1649
docs\inst_test\instancias\n_1000_4,500,10,10,10,0.2000,2026,9999239684,9999233254,95,1649
docs\inst_test\instancias\n_1000_4,500,10,10,10,0.1000,2026,9999239825,9999233057,98,1649
docs\inst_test\instancias\n_1000_4,500,10,10,10,0.2000,42,9999239827,9999233233,99,1649
docs\inst_test\instancias\n_1000_4,500,10,10,10,0.3000,42,9999235601,9999230837,93,1649
docs\inst_test\instancias\n_1000_4,500,10,10,10,0.1000,123,9999239785,9999233462,107,1649
docs\inst_test\instancias\n_1000_4,500,10,10,5,0.1000,2026,9999239804,9999233206,165,1649
docs\inst_test\instancias\n_1000_4,500,10,10,20,0.1000,42,9999239542,9999233154,93,1649
docs\inst_test\instancias\n_1000_4,500,10,10,5,0.2000,42,9999239825,9999233397,170,1649
docs\inst_test\instancias\n_1000_4,500,10,10,5,0.1000,42,9999239587,9999233145,177,1649
docs\inst_test\instancias\n_1000_4,500,10,10,20,0.1000,2026,9999239825,9999233057,93,1649
docs\inst_test\instancias\n_1000_4,500,10,15,5,0.1000,42,9999239587,9999233145,108,1649
docs\inst_test\instancias\n_1000_4,500,10,10,20,0.3000,42,9999235601,9999230748,126,1649
docs\inst_test\instancias\n_1000_4,500,10,10,20,0.2000,123,9999235551,9999230682,137,1649
docs\inst_test\instancias\n_1000_4,500,10,15,5,0.3000,123,9999235496,9999230899,97,1649
docs\inst_test\instancias\n_1000_4,500,10,15,10,0.3000,2026,9999235579,9999230674,84,1649
docs\inst_test\instancias\n_1000_4,500,10,15,10,0.2000,123,9999235551,9999230682,87,1649
docs\inst_test\instancias\n_1000_4,500,10,15,10,0.3000,42,9999235603,9999230785,85,1649
docs\inst_test\instancias\n_1000_4,500,10,10,20,0.1000,123,9999239604,9999233200,148,1649
docs\inst_test\instancias\n_1000_4,500,10,15,10,0.3000,123,9999235496,9999230899,88,1649
docs\inst_test\instancias\n_1000_4,500,10,10,20,0.3000,2026,9999235569,9999230761,133,1649
docs\inst_test\instancias\n_1000_4,500,10,15,5,0.3000,2026,9999235557,9999230837,99,1649
docs\inst_test\instancias\n_1000_4,500,10,10,20,0.3000,123,9998455718,9998450407,141,1649
docs\inst_test\instancias\n_1000_4,500,10,15,10,0.2000,42,9999239827,9999233233,98,1649
docs\inst_test\instancias\n_1000_4,500,10,15,10,0.1000,2026,9999239825,9999233057,99,1649
docs\inst_test\instancias\n_1000_4,500,10,15,10,0.1000,123,9999239785,9999233462,100,1649
docs\inst_test\instancias\n_1000_4,500,10,10,20,0.2000,42,9999239825,9999233397,153,1649
docs\inst_test\instancias\n_1000_4,500,10,10,20,0.2000,2026,9999239684,9999233254,149,1649
docs\inst_test\instancias\n_1000_4,500,10,15,10,0.2000,2026,9999239684,9999233254,103,1649
docs\inst_test\instancias\n_1000_4,500,10,15,20,0.1000,42,9999239542,9999233154,101,1649
docs\inst_test\instancias\n_1000_4,500,10,15,10,0.1000,42,9999239542,9999233154,106,1649
docs\inst_test\instancias\n_1000_4,500,10,15,20,0.2000,42,9999239825,9999233397,94,1649
docs\inst_test\instancias\n_1000_4,500,10,15,20,0.1000,123,9999239604,9999233200,100,1649
docs\inst_test\instancias\n_1000_4,500,10,15,5,0.2000,123,9999235556,9999230719,144,1649
docs\inst_test\instancias\n_1000_4,500,10,15,20,0.3000,42,9999235601,9999230748,81,1649
docs\inst_test\instancias\n_1000_4,500,10,15,5,0.1000,2026,9999239804,9999233206,161,1649
docs\inst_test\instancias\n_1000_4,500,10,15,5,0.3000,42,9999235607,9999230590,141,1649
docs\inst_test\instancias\n_1000_4,500,10,15,5,0.2000,42,9999239825,9999233397,162,1649
docs\inst_test\instancias\n_1000_4,500,10,15,5,0.2000,2026,9999239684,9999233254,158,1649
docs\inst_test\instancias\n_1000_4,500,10,15,5,0.1000,123,9999239847,9999233470,178,1649
docs\inst_test\instancias\n_1000_4,500,10,15,20,0.3000,123,9998455718,9998450407,85,1649
docs\inst_test\instancias\n_1000_4,500,10,15,20,0.2000,123,9999235551,9999230682,141,1649
docs\inst_test\instancias\n_1000_4,500,10,15,20,0.1000,2026,9999239825,9999233057,152,1649
docs\inst_test\instancias\n_1000_4,500,10,15,20,0.2000,2026,9999239684,9999233254,148,1649
docs\inst_test\instancias\n_1000_4,500,15,7,5,0.2000,123,9999235556,9999230719,97,1649
docs\inst_test\instancias\n_1000_4,500,15,7,5,0.3000,42,9999235607,9999230590,96,1649
docs\inst_test\instancias\n_1000_4,500,15,7,10,0.3000,42,9999235603,9999230785,86,1649
docs\inst_test\instancias\n_1000_4,500,15,7,10,0.3000,2026,9999235579,9999230674,89,1649
docs\inst_test\instancias\n_1000_4,500,15,7,5,0.3000,2026,9999235557,9999230837,101,1649
docs\inst_test\instancias\n_1000_4,500,15,7,5,0.1000,2026,9999239804,9999233206,109,1649
docs\inst_test\instancias\n_1000_4,500,15,7,10,0.3000,123,9999235496,9999230899,93,1649
docs\inst_test\instancias\n_1000_4,500,15,7,5,0.1000,123,9999239847,9999233470,111,1649
docs\inst_test\instancias\n_1000_4,500,15,7,5,0.2000,42,9999239825,9999233397,112,1649
docs\inst_test\instancias\n_1000_4,500,15,7,20,0.1000,42,9999239542,9999233154,93,1649
docs\inst_test\instancias\n_1000_4,500,15,7,10,0.2000,42,9999239827,9999233233,104,1649
docs\inst_test\instancias\n_1000_4,500,15,7,10,0.1000,123,9999239785,9999233462,105,1649
docs\inst_test\instancias\n_1000_4,500,15,7,20,0.2000,42,9999239825,9999233397,94,1649
docs\inst_test\instancias\n_1000_4,500,15,7,20,0.1000,123,9999239604,9999233200,104,1649
docs\inst_test\instancias\n_1000_4,500,15,7,10,0.1000,2026,9999239825,9999233057,119,1649
docs\inst_test\instancias\n_1000_4,500,10,15,20,0.3000,2026,9999235569,9999230761,136,1649
docs\inst_test\instancias\n_1000_4,500,15,7,5,0.3000,123,9999235496,9999230899,147,1649
docs\inst_test\instancias\n_1000_4,500,15,7,10,0.2000,123,9999235551,9999230682,143,1649
docs\inst_test\instancias\n_1000_4,500,15,7,10,0.1000,42,9999239542,9999233154,152,1649
docs\inst_test\instancias\n_1000_4,500,15,7,5,0.2000,2026,9999239684,9999233254,160,1649
docs\inst_test\instancias\n_1000_4,500,15,7,5,0.1000,42,9999239587,9999233145,166,1649
docs\inst_test\instancias\n_1000_4,500,15,7,10,0.2000,2026,9999239684,9999233254,156,1649
docs\inst_test\instancias\n_1000_4,500,15,7,20,0.3000,42,9999235601,9999230748,134,1649
docs\inst_test\instancias\n_1000_4,500,15,10,5,0.1000,42,9999239587,9999233145,114,1649
docs\inst_test\instancias\n_1000_4,500,15,7,20,0.1000,2026,9999239825,9999233057,151,1649
docs\inst_test\instancias\n_1000_4,500,15,7,20,0.2000,123,9999235551,9999230682,146,1649
docs\inst_test\instancias\n_1000_4,500,15,7,20,0.3000,2026,9999235569,9999230761,136,1649
docs\inst_test\instancias\n_1000_4,500,15,7,20,0.3000,123,9998455718,9998450407,142,1649
docs\inst_test\instancias\n_1000_4,500,15,10,5,0.3000,42,9999235607,9999230590,95,1649
docs\inst_test\instancias\n_1000_4,500,15,10,10,0.3000,42,9999235601,9999230837,86,1649
docs\inst_test\instancias\n_1000_4,500,15,10,5,0.2000,123,9999235556,9999230719,104,1649
docs\inst_test\instancias\n_1000_4,500,15,10,10,0.2000,123,9999235551,9999230682,88,1649
docs\inst_test\instancias\n_1000_4,500,15,7,20,0.2000,2026,9999239684,9999233254,166,1649
docs\inst_test\instancias\n_1000_4,500,15,10,10,0.1000,42,9999239542,9999233154,99,1649
docs\inst_test\instancias\n_1000_4,500,15,10,5,0.2000,2026,9999239684,9999233254,109,1649
docs\inst_test\instancias\n_1000_4,500,15,10,5,0.3000,123,9999235496,9999230899,102,1649
docs\inst_test\instancias\n_1000_4,500,15,10,10,0.1000,2026,9999239825,9999233057,99,1649
docs\inst_test\instancias\n_1000_4,500,15,10,10,0.2000,42,9999239827,9999233233,99,1649
docs\inst_test\instancias\n_1000_4,500,15,10,10,0.1000,123,9999239785,9999233462,101,1649
docs\inst_test\instancias\n_1000_4,500,15,10,5,0.3000,2026,9999235557,9999230837,109,1649
docs\inst_test\instancias\n_1000_4,500,15,10,10,0.3000,123,9999235496,9999230899,89,1649
docs\inst_test\instancias\n_1000_4,500,15,10,10,0.2000,2026,9999239684,9999233254,100,1649
docs\inst_test\instancias\n_1000_4,500,15,10,10,0.3000,2026,9999235579,9999230674,90,1649
docs\inst_test\instancias\n_1000_4,500,15,10,20,0.1000,42,9999239542,9999233154,95,1649
docs\inst_test\instancias\n_1000_4,500,15,10,5,0.1000,123,9999239847,9999233470,161,1649
docs\inst_test\instancias\n_1000_4,500,15,10,5,0.1000,2026,9999239804,9999233206,164,1649
docs\inst_test\instancias\n_1000_4,500,15,10,5,0.2000,42,9999239825,9999233397,170,1649
docs\inst_test\instancias\n_1000_4,500,15,10,20,0.1000,123,9999239604,9999233200,147,1649
docs\inst_test\instancias\n_1000_4,500,15,15,5,0.1000,42,9999239587,9999233145,109,1649
docs\inst_test\instancias\n_1000_4,500,15,15,5,0.3000,42,9999235607,9999230590,94,1649
docs\inst_test\instancias\n_1000_4,500,15,10,20,0.2000,123,9999235551,9999230682,134,1649
docs\inst_test\instancias\n_1000_4,500,15,15,5,0.3000,123,9999235496,9999230899,96,1649
docs\inst_test\instancias\n_1000_4,500,15,15,10,0.2000,123,9999235551,9999230682,89,1649
docs\inst_test\instancias\n_1000_4,500,15,10,20,0.1000,2026,9999239825,9999233057,147,1649
docs\inst_test\instancias\n_1000_4,500,15,15,10,0.3000,2026,9999235579,9999230674,84,1649
docs\inst_test\instancias\n_1000_4,500,15,15,10,0.3000,42,9999235603,9999230785,88,1649
docs\inst_test\instancias\n_1000_4,500,15,10,20,0.3000,42,9999235601,9999230748,137,1649
docs\inst_test\instancias\n_1000_4,500,15,15,5,0.3000,2026,9999235557,9999230837,101,1649
docs\inst_test\instancias\n_1000_4,500,15,15,5,0.2000,2026,9999239684,9999233254,106,1649
docs\inst_test\instancias\n_1000_4,500,15,15,10,0.2000,42,9999239827,9999233233,98,1649
docs\inst_test\instancias\n_1000_4,500,15,15,10,0.1000,123,9999239785,9999233462,99,1649
docs\inst_test\instancias\n_1000_4,500,15,15,20,0.1000,42,9999239542,9999233154,94,1649
docs\inst_test\instancias\n_1000_4,500,15,15,10,0.3000,123,9999235496,9999230899,95,1649
docs\inst_test\instancias\n_1000_4,500,15,10,20,0.3000,123,9998455718,9998450407,142,1649
docs\inst_test\instancias\n_1000_4,500,15,10,20,0.2000,2026,9999239684,9999233254,148,1649
docs\inst_test\instancias\n_1000_4,500,15,15,10,0.2000,2026,9999239684,9999233254,100,1649
docs\inst_test\instancias\n_1000_4,500,15,10,20,0.2000,42,9999239825,9999233397,156,1649
docs\inst_test\instancias\n_1000_4,500,15,10,20,0.3000,2026,9999235569,9999230761,136,1649
docs\inst_test\instancias\n_1000_4,500,15,15,20,0.1000,123,9999239604,9999233200,98,1649
docs\inst_test\instancias\n_1000_4,500,15,15,10,0.1000,2026,9999239825,9999233057,106,1649
docs\inst_test\instancias\n_1000_4,500,15,15,20,0.1000,2026,9999239825,9999233057,93,1649
docs\inst_test\instancias\n_1000_4,500,15,15,5,0.2000,123,9999235556,9999230719,147,1649
docs\inst_test\instancias\n_1000_4,500,15,15,5,0.1000,123,9999239847,9999233470,164,1649
docs\inst_test\instancias\n_1000_4,500,15,15,5,0.1000,2026,9999239804,9999233206,164,1649
docs\inst_test\instancias\n_1000_4,500,15,15,5,0.2000,42,9999239825,9999233397,170,1649
docs\inst_test\instancias\n_1000_4,500,15,15,10,0.1000,42,9999239542,9999233154,165,1649
docs\inst_test\instancias\n_1000_4,500,15,15,20,0.3000,2026,9999235569,9999230761,82,1649
docs\inst_test\instancias\n_1000_4,500,15,15,20,0.3000,123,9998455718,9998450407,89,1649
docs\inst_test\instancias\n_1000_4,500,15,15,20,0.2000,123,9999235551,9999230682,138,1649
docs\inst_test\instancias\n_1000_4,500,15,15,20,0.2000,42,9999239825,9999233397,155,1649
docs\inst_test\instancias\n_1000_4,500,20,7,5,0.2000,123,9999235556,9999230719,94,1649
docs\inst_test\instancias\n_1000_4,500,20,7,5,0.3000,2026,9999235557,9999230837,95,1649
docs\inst_test\instancias\n_1000_4,500,15,15,20,0.2000,2026,9999239684,9999233254,149,1649
docs\inst_test\instancias\n_1000_4,500,20,7,10,0.1000,123,9999239785,9999233462,95,1649
docs\inst_test\instancias\n_1000_4,500,20,7,5,0.3000,123,9999235496,9999230899,99,1649
docs\inst_test\instancias\n_1000_4,500,20,7,10,0.3000,42,9999235603,9999230785,92,1649
docs\inst_test\instancias\n_1000_4,500,20,7,5,0.1000,2026,9999239804,9999233206,108,1649
docs\inst_test\instancias\n_1000_4,500,15,15,20,0.3000,42,9999235601,9999230748,129,1649
docs\inst_test\instancias\n_1000_4,500,20,7,10,0.1000,42,9999239542,9999233154,102,1649
docs\inst_test\instancias\n_1000_4,500,20,7,5,0.1000,123,9999239847,9999233470,111,1649
docs\inst_test\instancias\n_1000_4,500,20,7,20,0.1000,42,9999239542,9999233154,94,1649
docs\inst_test\instancias\n_1000_4,500,20,7,5,0.2000,2026,9999239684,9999233254,110,1649
docs\inst_test\instancias\n_1000_4,500,20,7,20,0.1000,123,9999239604,9999233200,96,1649
docs\inst_test\instancias\n_1000_4,500,20,7,20,0.1000,2026,9999239825,9999233057,94,1649
docs\inst_test\instancias\n_1000_4,500,20,7,10,0.2000,42,9999239827,9999233233,102,1649
docs\inst_test\instancias\n_1000_4,500,20,7,10,0.1000,2026,9999239825,9999233057,104,1649
docs\inst_test\instancias\n_1000_4,500,20,7,10,0.3000,123,9999235496,9999230899,136,1649
docs\inst_test\instancias\n_1000_4,500,20,7,10,0.3000,2026,9999235579,9999230674,132,1649
docs\inst_test\instancias\n_1000_4,500,20,7,5,0.3000,42,9999235607,9999230590,146,1649
docs\inst_test\instancias\n_1000_4,500,20,7,5,0.1000,42,9999239587,9999233145,159,1649
docs\inst_test\instancias\n_1000_4,500,20,7,20,0.3000,2026,9999235569,9999230761,82,1649
docs\inst_test\instancias\n_1000_4,500,20,7,10,0.2000,2026,9999239684,9999233254,156,1649
docs\inst_test\instancias\n_1000_4,500,20,7,10,0.2000,123,9999235551,9999230682,168,1649
docs\inst_test\instancias\n_1000_4,500,20,7,5,0.2000,42,9999239825,9999233397,184,1649
docs\inst_test\instancias\n_1000_4,500,20,7,20,0.2000,42,9999239825,9999233397,155,1649
docs\inst_test\instancias\n_1000_4,500,20,7,20,0.2000,2026,9999239684,9999233254,149,1649
docs\inst_test\instancias\n_1000_4,500,20,10,5,0.1000,42,9999239587,9999233145,120,1649
docs\inst_test\instancias\n_1000_4,500,20,10,5,0.3000,42,9999235607,9999230590,97,1649
docs\inst_test\instancias\n_1000_4,500,20,10,5,0.3000,123,9999235496,9999230899,97,1649
docs\inst_test\instancias\n_1000_4,500,20,10,10,0.3000,2026,9999235579,9999230674,87,1649
docs\inst_test\instancias\n_1000_4,500,20,10,5,0.2000,123,9999235556,9999230719,100,1649
docs\inst_test\instancias\n_1000_4,500,20,7,20,0.2000,123,9999235551,9999230682,160,1649
docs\inst_test\instancias\n_1000_4,500,20,10,10,0.1000,42,9999239542,9999233154,98,1649
docs\inst_test\instancias\n_1000_4,500,20,10,5,0.2000,42,9999239825,9999233397,112,1649
docs\inst_test\instancias\n_1000_4,500,20,10,10,0.2000,42,9999239827,9999233233,96,1649
docs\inst_test\instancias\n_1000_4,500,20,10,10,0.3000,123,9999235496,9999230899,94,1649
docs\inst_test\instancias\n_1000_4,500,20,10,5,0.3000,2026,9999235557,9999230837,105,1649
docs\inst_test\instancias\n_1000_4,500,20,10,10,0.2000,2026,9999239684,9999233254,102,1649
docs\inst_test\instancias\n_1000_4,500,20,10,10,0.1000,2026,9999239825,9999233057,104,1649
docs\inst_test\instancias\n_1000_4,500,20,10,20,0.1000,42,9999239542,9999233154,100,1649
docs\inst_test\instancias\n_1000_4,500,20,10,10,0.3000,42,9999235601,9999230837,106,1649
docs\inst_test\instancias\n_1000_4,500,20,10,10,0.2000,123,9999235551,9999230682,112,1649
docs\inst_test\instancias\n_1000_4,500,20,7,20,0.3000,42,9999235601,9999230748,165,1649
docs\inst_test\instancias\n_1000_4,500,20,7,20,0.3000,123,9998455718,9998450407,157,1649
docs\inst_test\instancias\n_1000_4,500,20,10,20,0.2000,2026,9999239684,9999233254,91,1649
docs\inst_test\instancias\n_1000_4,500,20,10,5,0.1000,123,9999239847,9999233470,182,1649
docs\inst_test\instancias\n_1000_4,500,20,10,5,0.2000,2026,9999239684,9999233254,171,1649
docs\inst_test\instancias\n_1000_4,500,20,10,5,0.1000,2026,9999239804,9999233206,196,1649
docs\inst_test\instancias\n_1000_4,500,20,10,10,0.1000,123,9999239785,9999233462,178,1649
docs\inst_test\instancias\n_1000_4,500,20,10,20,0.2000,123,9999235551,9999230682,139,1649
docs\inst_test\instancias\n_1000_4,500,20,15,5,0.2000,123,9999235556,9999230719,96,1649
docs\inst_test\instancias\n_1000_4,500,20,10,20,0.2000,42,9999239825,9999233397,149,1649
docs\inst_test\instancias\n_1000_4,500,20,10,20,0.1000,2026,9999239825,9999233057,149,1649
docs\inst_test\instancias\n_1000_4,500,20,15,5,0.3000,42,9999235607,9999230590,98,1649
docs\inst_test\instancias\n_1000_4,500,20,15,10,0.3000,42,9999235603,9999230785,86,1649
docs\inst_test\instancias\n_1000_4,500,20,15,10,0.2000,123,9999235551,9999230682,88,1649
docs\inst_test\instancias\n_1000_4,500,20,15,5,0.3000,2026,9999235557,9999230837,95,1649
docs\inst_test\instancias\n_1000_4,500,20,15,10,0.1000,123,9999239785,9999233462,95,1649
docs\inst_test\instancias\n_1000_4,500,20,15,5,0.2000,2026,9999239684,9999233254,104,1649
docs\inst_test\instancias\n_1000_4,500,20,15,10,0.3000,123,9999235496,9999230899,86,1649
docs\inst_test\instancias\n_1000_4,500,20,15,5,0.1000,2026,9999239804,9999233206,106,1649
docs\inst_test\instancias\n_1000_4,500,20,10,20,0.1000,123,9999239604,9999233200,157,1649
docs\inst_test\instancias\n_1000_4,500,20,10,20,0.3000,42,9999235601,9999230748,137,1649
docs\inst_test\instancias\n_1000_4,500,20,15,10,0.1000,42,9999239542,9999233154,99,1649
docs\inst_test\instancias\n_1000_4,500,20,15,10,0.1000,2026,9999239825,9999233057,100,1649
docs\inst_test\instancias\n_1000_4,500,20,15,10,0.2000,42,9999239827,9999233233,98,1649
docs\inst_test\instancias\n_1000_4,500,20,15,5,0.2000,42,9999239825,9999233397,108,1649
docs\inst_test\instancias\n_1000_4,500,20,10,20,0.3000,123,9998455718,9998450407,130,1649
docs\inst_test\instancias\n_1000_4,500,20,10,20,0.3000,2026,9999235569,9999230761,126,1649
docs\inst_test\instancias\n_1000_4,500,20,15,10,0.3000,2026,9999235579,9999230674,90,1649
docs\inst_test\instancias\n_1000_4,500,20,15,10,0.2000,2026,9999239684,9999233254,99,1649
docs\inst_test\instancias\n_1000_4,500,20,15,5,0.3000,123,9999235496,9999230899,118,1649
docs\inst_test\instancias\n_1000_4,500,20,15,5,0.1000,42,9999239587,9999233145,135,1649
docs\inst_test\instancias\n_1000_4,500,20,15,5,0.1000,123,9999239847,9999233470,134,1649
docs\inst_test\instancias\n_1000_4,500,20,15,20,0.1000,123,9999239604,9999233200,103,1649
docs\inst_test\instancias\n_1000_4,500,20,15,20,0.1000,42,9999239542,9999233154,110,1649
docs\inst_test\instancias\n_1000_4,500,20,15,20,0.1000,2026,9999239825,9999233057,87,1649
docs\inst_test\instancias\n_1000_4,500,20,15,20,0.2000,42,9999239825,9999233397,82,1649
docs\inst_test\instancias\n_1000_4,500,20,15,20,0.2000,2026,9999239684,9999233254,62,1649
docs\inst_test\instancias\n_1000_4,500,20,15,20,0.2000,123,9999235551,9999230682,77,1649
docs\inst_test\instancias\n_1000_4,500,20,15,20,0.3000,123,9998455718,9998450407,57,1649
docs\inst_test\instancias\n_1000_4,500,20,15,20,0.3000,42,9999235601,9999230748,71,1649
docs\inst_test\instancias\n_1000_4,500,20,15,20,0.3000,2026,9999235569,9999230761,64,1649
docs\inst_test\instancias\n_1000_5,100,10,7,5,0.2000,123,9998466245,9998459419,17,1377
docs\inst_test\instancias\n_1000_5,100,10,7,20,0.2000,123,9997687010,9997678758,17,1377
docs\inst_test\instancias\n_1000_5,100,10,7,5,0.2000,42,9999251619,9999242724,19,1377
docs\inst_test\instancias\n_1000_5,100,10,7,20,0.2000,2026,9999251705,9999242656,18,1377
docs\inst_test\instancias\n_1000_5,100,10,7,5,0.1000,42,9999251614,9999242439,19,1377
docs\inst_test\instancias\n_1000_5,100,10,7,20,0.3000,123,9989875677,9989866999,18,1377
docs\inst_test\instancias\n_1000_5,100,10,7,5,0.1000,2026,9999251619,9999242724,19,1377
docs\inst_test\instancias\n_1000_5,100,10,7,5,0.1000,123,9996907622,9996899019,19,1377
docs\inst_test\instancias\n_1000_5,100,10,7,20,0.3000,2026,9990654953,9990647154,19,1377
docs\inst_test\instancias\n_1000_5,100,10,7,5,0.2000,2026,9999251723,9999242588,20,1377
docs\inst_test\instancias\n_1000_5,100,10,7,10,0.1000,42,9996907656,9996898605,20,1377
docs\inst_test\instancias\n_1000_5,100,10,10,5,0.2000,42,9999251619,9999242724,22,1377
docs\inst_test\instancias\n_1000_5,100,10,10,5,0.2000,123,9998466245,9998459419,21,1377
docs\inst_test\instancias\n_1000_5,100,10,10,5,0.1000,42,9999251614,9999242439,21,1377
docs\inst_test\instancias\n_1000_5,100,10,7,20,0.2000,42,9999251619,9999242724,26,1377
docs\inst_test\instancias\n_1000_5,100,10,7,5,0.3000,42,9999251530,9999242508,27,1377
docs\inst_test\instancias\n_1000_5,100,10,7,10,0.3000,2026,9999245262,9999239035,28,1377
docs\inst_test\instancias\n_1000_5,100,10,7,10,0.3000,123,9996122058,9996115441,28,1377
docs\inst_test\instancias\n_1000_5,100,10,7,5,0.3000,2026,9999245335,9999239334,28,1377
docs\inst_test\instancias\n_1000_5,100,10,7,10,0.1000,123,9996907622,9996899019,28,1377
docs\inst_test\instancias\n_1000_5,100,10,7,20,0.1000,2026,9999251619,9999242724,27,1377
docs\inst_test\instancias\n_1000_5,100,10,10,5,0.1000,2026,9999251619,9999242724,26,1377
docs\inst_test\instancias\n_1000_5,100,10,7,10,0.2000,123,9997687010,9997678758,29,1377
docs\inst_test\instancias\n_1000_5,100,10,7,5,0.3000,123,9996122058,9996115441,29,1377
docs\inst_test\instancias\n_1000_5,100,10,7,20,0.3000,42,9999251530,9999242508,28,1377
docs\inst_test\instancias\n_1000_5,100,10,7,10,0.2000,42,9999251619,9999242724,30,1377
docs\inst_test\instancias\n_1000_5,100,10,7,20,0.1000,123,9996907587,9996898632,29,1377
docs\inst_test\instancias\n_1000_5,100,10,7,10,0.2000,2026,9999251723,9999242588,30,1377
docs\inst_test\instancias\n_1000_5,100,10,7,10,0.3000,42,9999251530,9999242508,29,1377
docs\inst_test\instancias\n_1000_5,100,10,7,20,0.1000,42,9996907656,9996898605,31,1377
docs\inst_test\instancias\n_1000_5,100,10,10,5,0.2000,2026,9999251723,9999242588,20,1377
docs\inst_test\instancias\n_1000_5,100,10,10,5,0.3000,123,9996122058,9996115441,19,1377
docs\inst_test\instancias\n_1000_5,100,10,7,10,0.1000,2026,9999251619,9999242724,37,1377
docs\inst_test\instancias\n_1000_5,100,10,10,10,0.1000,42,9996907656,9996898605,19,1377
docs\inst_test\instancias\n_1000_5,100,10,10,10,0.2000,2026,9999251723,9999242588,18,1377
docs\inst_test\instancias\n_1000_5,100,10,10,5,0.3000,42,9999251530,9999242508,20,1377
docs\inst_test\instancias\n_1000_5,100,10,10,10,0.2000,123,9997687010,9997678758,19,1377
docs\inst_test\instancias\n_1000_5,100,10,10,5,0.3000,2026,9999245335,9999239334,20,1377
docs\inst_test\instancias\n_1000_5,100,10,10,10,0.2000,42,9999251619,9999242724,20,1377
docs\inst_test\instancias\n_1000_5,100,10,10,10,0.1000,123,9996907622,9996899019,21,1377
docs\inst_test\instancias\n_1000_5,100,10,10,10,0.3000,123,9996122058,9996115441,18,1377
docs\inst_test\instancias\n_1000_5,100,10,10,10,0.3000,2026,9999245262,9999239035,18,1377
docs\inst_test\instancias\n_1000_5,100,10,10,10,0.1000,2026,9999251619,9999242724,22,1377
docs\inst_test\instancias\n_1000_5,100,10,10,20,0.1000,42,9996907656,9996898605,19,1377
docs\inst_test\instancias\n_1000_5,100,10,10,20,0.3000,2026,9990654953,9990647154,18,1377
docs\inst_test\instancias\n_1000_5,100,10,10,20,0.3000,123,9989875677,9989866999,18,1377
docs\inst_test\instancias\n_1000_5,100,10,10,20,0.1000,2026,9999251619,9999242724,20,1377
docs\inst_test\instancias\n_1000_5,100,10,10,10,0.3000,42,9999251530,9999242508,31,1377
docs\inst_test\instancias\n_1000_5,100,10,10,20,0.1000,123,9996907587,9996898632,30,1377
docs\inst_test\instancias\n_1000_5,100,10,15,5,0.3000,2026,9999245335,9999239334,18,1377
docs\inst_test\instancias\n_1000_5,100,10,10,20,0.2000,42,9999251619,9999242724,28,1377
docs\inst_test\instancias\n_1000_5,100,10,10,20,0.3000,42,9999251530,9999242508,28,1377
docs\inst_test\instancias\n_1000_5,100,10,10,20,0.2000,2026,9999251705,9999242656,29,1377
docs\inst_test\instancias\n_1000_5,100,10,15,10,0.1000,42,9996907656,9996898605,18,1377
docs\inst_test\instancias\n_1000_5,100,10,15,10,0.1000,2026,9999251619,9999242724,19,1377
docs\inst_test\instancias\n_1000_5,100,10,15,10,0.2000,123,9997687010,9997678758,19,1377
docs\inst_test\instancias\n_1000_5,100,10,15,10,0.2000,2026,9999251723,9999242588,18,1377
docs\inst_test\instancias\n_1000_5,100,10,15,10,0.2000,42,9999251619,9999242724,19,1377
docs\inst_test\instancias\n_1000_5,100,10,15,10,0.3000,123,9996122058,9996115441,18,1377
docs\inst_test\instancias\n_1000_5,100,10,10,20,0.2000,123,9997687010,9997678758,30,1377
docs\inst_test\instancias\n_1000_5,100,10,15,10,0.3000,42,9999251530,9999242508,19,1377
docs\inst_test\instancias\n_1000_5,100,10,15,20,0.1000,42,9996907656,9996898605,18,1377
docs\inst_test\instancias\n_1000_5,100,10,15,5,0.1000,123,9996907622,9996899019,30,1377
docs\inst_test\instancias\n_1000_5,100,10,15,20,0.1000,123,9996907587,9996898632,18,1377
docs\inst_test\instancias\n_1000_5,100,10,15,5,0.3000,123,9996122058,9996115441,28,1377
docs\inst_test\instancias\n_1000_5,100,10,15,5,0.1000,42,9999251614,9999242439,30,1377
docs\inst_test\instancias\n_1000_5,100,10,15,5,0.2000,123,9998466245,9998459419,30,1377
docs\inst_test\instancias\n_1000_5,100,10,15,5,0.2000,42,9999251619,9999242724,30,1377
docs\inst_test\instancias\n_1000_5,100,10,15,20,0.2000,42,9999251619,9999242724,18,1377
docs\inst_test\instancias\n_1000_5,100,10,15,20,0.1000,2026,9999251619,9999242724,18,1377
docs\inst_test\instancias\n_1000_5,100,10,15,5,0.3000,42,9999251530,9999242508,30,1377
docs\inst_test\instancias\n_1000_5,100,10,15,5,0.1000,2026,9999251619,9999242724,32,1377
docs\inst_test\instancias\n_1000_5,100,10,15,10,0.3000,2026,9999245262,9999239035,20,1377
docs\inst_test\instancias\n_1000_5,100,10,15,5,0.2000,2026,9999251723,9999242588,31,1377
docs\inst_test\instancias\n_1000_5,100,10,10,5,0.1000,123,9996907622,9996899019,59,1377
docs\inst_test\instancias\n_1000_5,100,10,15,20,0.2000,123,9997687010,9997678758,18,1377
docs\inst_test\instancias\n_1000_5,100,10,15,20,0.2000,2026,9999251705,9999242656,18,1377
docs\inst_test\instancias\n_1000_5,100,10,15,20,0.3000,42,9999251530,9999242508,22,1377
docs\inst_test\instancias\n_1000_5,100,10,15,10,0.1000,123,9996907622,9996899019,31,1377
docs\inst_test\instancias\n_1000_5,100,15,7,5,0.1000,42,9999251614,9999242439,20,1377
docs\inst_test\instancias\n_1000_5,100,15,7,5,0.3000,123,9996122058,9996115441,18,1377
docs\inst_test\instancias\n_1000_5,100,15,7,5,0.2000,123,9998466245,9998459419,19,1377
docs\inst_test\instancias\n_1000_5,100,15,7,5,0.3000,2026,9999245335,9999239334,18,1377
docs\inst_test\instancias\n_1000_5,100,15,7,10,0.1000,42,9996907656,9996898605,19,1377
docs\inst_test\instancias\n_1000_5,100,15,7,5,0.2000,2026,9999251723,9999242588,19,1377
docs\inst_test\instancias\n_1000_5,100,15,7,10,0.2000,2026,9999251723,9999242588,18,1377
docs\inst_test\instancias\n_1000_5,100,15,7,10,0.1000,2026,9999251619,9999242724,18,1377
docs\inst_test\instancias\n_1000_5,100,15,7,5,0.3000,42,9999251530,9999242508,19,1377
docs\inst_test\instancias\n_1000_5,100,15,7,10,0.2000,123,9997687010,9997678758,18,1377
docs\inst_test\instancias\n_1000_5,100,15,7,20,0.1000,123,9996907587,9996898632,19,1377
docs\inst_test\instancias\n_1000_5,100,15,7,20,0.2000,2026,9999251705,9999242656,18,1377
docs\inst_test\instancias\n_1000_5,100,15,7,20,0.1000,2026,9999251619,9999242724,19,1377
docs\inst_test\instancias\n_1000_5,100,15,7,20,0.3000,2026,9990654953,9990647154,17,1377
docs\inst_test\instancias\n_1000_5,100,10,15,20,0.3000,123,9989875677,9989866999,29,1377
docs\inst_test\instancias\n_1000_5,100,10,15,20,0.3000,2026,9990654953,9990647154,27,1377
docs\inst_test\instancias\n_1000_5,100,15,10,5,0.1000,42,9999251614,9999242439,21,1377
docs\inst_test\instancias\n_1000_5,100,15,7,5,0.1000,123,9996907622,9996899019,30,1377
docs\inst_test\instancias\n_1000_5,100,15,7,5,0.2000,42,9999251619,9999242724,30,1377
docs\inst_test\instancias\n_1000_5,100,15,7,10,0.3000,123,9996122058,9996115441,28,1377
docs\inst_test\instancias\n_1000_5,100,15,7,5,0.1000,2026,9999251619,9999242724,31,1377
docs\inst_test\instancias\n_1000_5,100,15,7,10,0.3000,2026,9999245262,9999239035,28,1377
docs\inst_test\instancias\n_1000_5,100,15,7,10,0.3000,42,9999251530,9999242508,29,1377
docs\inst_test\instancias\n_1000_5,100,15,7,10,0.2000,42,9999251619,9999242724,29,1377
docs\inst_test\instancias\n_1000_5,100,15,7,10,0.1000,123,9996907622,9996899019,30,1377
docs\inst_test\instancias\n_1000_5,100,15,7,20,0.2000,123,9997687010,9997678758,29,1377
docs\inst_test\instancias\n_1000_5,100,15,7,20,0.1000,42,9996907656,9996898605,30,1377
docs\inst_test\instancias\n_1000_5,100,15,7,20,0.2000,42,9999251619,9999242724,30,1377
docs\inst_test\instancias\n_1000_5,100,15,7,20,0.3000,42,9999251530,9999242508,30,1377
docs\inst_test\instancias\n_1000_5,100,15,10,5,0.1000,123,9996907622,9996899019,23,1377
docs\inst_test\instancias\n_1000_5,100,15,7,20,0.3000,123,9989875677,9989866999,31,1377
docs\inst_test\instancias\n_1000_5,100,15,10,5,0.3000,2026,9999245335,9999239334,17,1377
docs\inst_test\instancias\n_1000_5,100,15,10,5,0.2000,123,9998466245,9998459419,19,1377
docs\inst_test\instancias\n_1000_5,100,15,10,5,0.3000,123,9996122058,9996115441,18,1377
docs\inst_test\instancias\n_1000_5,100,15,10,5,0.2000,2026,9999251723,9999242588,20,1377
docs\inst_test\instancias\n_1000_5,100,15,10,10,0.1000,123,9996907622,9996899019,19,1377
docs\inst_test\instancias\n_1000_5,100,15,10,10,0.2000,123,9997687010,9997678758,18,1377
docs\inst_test\instancias\n_1000_5,100,15,10,5,0.2000,42,9999251619,9999242724,20,1377
docs\inst_test\instancias\n_1000_5,100,15,10,10,0.1000,42,9996907656,9996898605,19,1377
docs\inst_test\instancias\n_1000_5,100,15,10,10,0.2000,42,9999251619,9999242724,19,1377
docs\inst_test\instancias\n_1000_5,100,15,10,10,0.1000,2026,9999251619,9999242724,19,1377
docs\inst_test\instancias\n_1000_5,100,15,10,10,0.2000,2026,9999251723,9999242588,19,1377
docs\inst_test\instancias\n_1000_5,100,15,10,10,0.3000,123,9996122058,9996115441,18,1377
docs\inst_test\instancias\n_1000_5,100,15,10,10,0.3000,42,9999251530,9999242508,21,1377
docs\inst_test\instancias\n_1000_5,100,15,10,5,0.3000,42,9999251530,9999242508,23,1377
docs\inst_test\instancias\n_1000_5,100,15,10,5,0.1000,2026,9999251619,9999242724,32,1377
docs\inst_test\instancias\n_1000_5,100,15,10,20,0.1000,123,9996907587,9996898632,18,1377
docs\inst_test\instancias\n_1000_5,100,15,10,10,0.3000,2026,9999245262,9999239035,29,1377
docs\inst_test\instancias\n_1000_5,100,15,10,20,0.1000,42,9996907656,9996898605,31,1377
docs\inst_test\instancias\n_1000_5,100,15,15,5,0.3000,123,9996122058,9996115441,20,1377
docs\inst_test\instancias\n_1000_5,100,15,15,10,0.2000,123,9997687010,9997678758,18,1377
docs\inst_test\instancias\n_1000_5,100,15,15,10,0.1000,42,9996907656,9996898605,19,1377
docs\inst_test\instancias\n_1000_5,100,15,15,10,0.1000,123,9996907622,9996899019,18,1377
docs\inst_test\instancias\n_1000_5,100,15,15,10,0.3000,2026,9999245262,9999239035,17,1377
docs\inst_test\instancias\n_1000_5,100,15,15,10,0.2000,2026,9999251723,9999242588,18,1377
docs\inst_test\instancias\n_1000_5,100,15,15,10,0.3000,123,9996122058,9996115441,18,1377
docs\inst_test\instancias\n_1000_5,100,15,15,5,0.2000,2026,9999251723,9999242588,23,1377
docs\inst_test\instancias\n_1000_5,100,15,15,10,0.2000,42,9999251619,9999242724,18,1377
docs\inst_test\instancias\n_1000_5,100,15,15,10,0.1000,2026,9999251619,9999242724,18,1377
docs\inst_test\instancias\n_1000_5,100,15,10,20,0.2000,123,9997687010,9997678758,29,1377
docs\inst_test\instancias\n_1000_5,100,15,10,20,0.2000,42,9999251619,9999242724,29,1377
docs\inst_test\instancias\n_1000_5,100,15,15,10,0.3000,42,9999251530,9999242508,19,1377
docs\inst_test\instancias\n_1000_5,100,15,15,5,0.3000,2026,9999245335,9999239334,20,1377
docs\inst_test\instancias\n_1000_5,100,15,10,20,0.3000,2026,9990654953,9990647154,29,1377
docs\inst_test\instancias\n_1000_5,100,15,10,20,0.2000,2026,9999251705,9999242656,30,1377
docs\inst_test\instancias\n_1000_5,100,15,10,20,0.3000,123,9989875677,9989866999,29,1377
docs\inst_test\instancias\n_1000_5,100,15,10,20,0.1000,2026,9999251619,9999242724,32,1377
docs\inst_test\instancias\n_1000_5,100,15,15,20,0.1000,123,9996907587,9996898632,18,1377
docs\inst_test\instancias\n_1000_5,100,15,15,20,0.1000,42,9996907656,9996898605,18,1377
docs\inst_test\instancias\n_1000_5,100,15,15,20,0.1000,2026,9999251619,9999242724,18,1377
docs\inst_test\instancias\n_1000_5,100,15,10,20,0.3000,42,9999251530,9999242508,31,1377
docs\inst_test\instancias\n_1000_5,100,15,15,5,0.1000,42,9999251614,9999242439,32,1377
docs\inst_test\instancias\n_1000_5,100,15,15,5,0.1000,123,9996907622,9996899019,30,1377
docs\inst_test\instancias\n_1000_5,100,15,15,5,0.2000,42,9999251619,9999242724,31,1377
docs\inst_test\instancias\n_1000_5,100,15,15,20,0.2000,123,9997687010,9997678758,18,1377
docs\inst_test\instancias\n_1000_5,100,15,15,5,0.1000,2026,9999251619,9999242724,31,1377
docs\inst_test\instancias\n_1000_5,100,15,15,5,0.2000,123,9998466245,9998459419,31,1377
docs\inst_test\instancias\n_1000_5,100,15,15,5,0.3000,42,9999251530,9999242508,32,1377
docs\inst_test\instancias\n_1000_5,100,15,15,20,0.3000,123,9989875677,9989866999,18,1377
docs\inst_test\instancias\n_1000_5,100,15,15,20,0.3000,2026,9990654953,9990647154,17,1377
docs\inst_test\instancias\n_1000_5,100,20,7,5,0.3000,123,9996122058,9996115441,19,1377
docs\inst_test\instancias\n_1000_5,100,20,7,5,0.2000,123,9998466245,9998459419,19,1377
docs\inst_test\instancias\n_1000_5,100,20,7,10,0.1000,123,9996907622,9996899019,19,1377
docs\inst_test\instancias\n_1000_5,100,20,7,5,0.1000,123,9996907622,9996899019,20,1377
docs\inst_test\instancias\n_1000_5,100,20,7,5,0.2000,2026,9999251723,9999242588,20,1377
docs\inst_test\instancias\n_1000_5,100,20,7,5,0.2000,42,9999251619,9999242724,20,1377
docs\inst_test\instancias\n_1000_5,100,20,7,5,0.1000,2026,9999251619,9999242724,21,1377
docs\inst_test\instancias\n_1000_5,100,20,7,5,0.3000,42,9999251530,9999242508,21,1377
docs\inst_test\instancias\n_1000_5,100,20,7,10,0.3000,2026,9999245262,9999239035,18,1377
docs\inst_test\instancias\n_1000_5,100,20,7,10,0.3000,123,9996122058,9996115441,19,1377
docs\inst_test\instancias\n_1000_5,100,20,7,5,0.1000,42,9999251614,9999242439,22,1377
docs\inst_test\instancias\n_1000_5,100,20,7,10,0.1000,2026,9999251619,9999242724,21,1377
docs\inst_test\instancias\n_1000_5,100,20,7,20,0.1000,42,9996907656,9996898605,19,1377
docs\inst_test\instancias\n_1000_5,100,15,15,20,0.2000,2026,9999251705,9999242656,27,1377
docs\inst_test\instancias\n_1000_5,100,20,7,20,0.2000,2026,9999251705,9999242656,19,1377
docs\inst_test\instancias\n_1000_5,100,15,15,20,0.2000,42,9999251619,9999242724,41,1377
docs\inst_test\instancias\n_1000_5,100,20,7,10,0.1000,42,9996907656,9996898605,28,1377
docs\inst_test\instancias\n_1000_5,100,15,15,20,0.3000,42,9999251530,9999242508,30,1377
docs\inst_test\instancias\n_1000_5,100,20,7,10,0.2000,42,9999251619,9999242724,29,1377
docs\inst_test\instancias\n_1000_5,100,20,7,5,0.3000,2026,9999245335,9999239334,31,1377
docs\inst_test\instancias\n_1000_5,100,20,7,10,0.2000,2026,9999251723,9999242588,30,1377
docs\inst_test\instancias\n_1000_5,100,20,7,10,0.2000,123,9997687010,9997678758,31,1377
docs\inst_test\instancias\n_1000_5,100,20,7,10,0.3000,42,9999251530,9999242508,30,1377
docs\inst_test\instancias\n_1000_5,100,20,7,20,0.1000,123,9996907587,9996898632,30,1377
docs\inst_test\instancias\n_1000_5,100,20,7,20,0.3000,42,9999251530,9999242508,28,1377
docs\inst_test\instancias\n_1000_5,100,20,7,20,0.2000,42,9999251619,9999242724,29,1377
docs\inst_test\instancias\n_1000_5,100,20,7,20,0.2000,123,9997687010,9997678758,29,1377
docs\inst_test\instancias\n_1000_5,100,20,7,20,0.1000,2026,9999251619,9999242724,30,1377
docs\inst_test\instancias\n_1000_5,100,20,10,5,0.1000,123,9996907622,9996899019,19,1377
docs\inst_test\instancias\n_1000_5,100,20,10,5,0.1000,42,9999251614,9999242439,19,1377
docs\inst_test\instancias\n_1000_5,100,20,7,20,0.3000,123,9989875677,9989866999,31,1377
docs\inst_test\instancias\n_1000_5,100,20,10,5,0.3000,2026,9999245335,9999239334,18,1377
docs\inst_test\instancias\n_1000_5,100,20,10,5,0.2000,123,9998466245,9998459419,19,1377
docs\inst_test\instancias\n_1000_5,100,20,7,20,0.3000,2026,9990654953,9990647154,30,1377
docs\inst_test\instancias\n_1000_5,100,20,10,5,0.1000,2026,9999251619,9999242724,21,1377
docs\inst_test\instancias\n_1000_5,100,20,10,5,0.2000,42,9999251619,9999242724,21,1377
docs\inst_test\instancias\n_1000_5,100,20,10,10,0.1000,123,9996907622,9996899019,19,1377
docs\inst_test\instancias\n_1000_5,100,20,10,5,0.2000,2026,9999251723,9999242588,20,1377
docs\inst_test\instancias\n_1000_5,100,20,10,5,0.3000,123,9996122058,9996115441,19,1377
docs\inst_test\instancias\n_1000_5,100,20,10,10,0.1000,2026,9999251619,9999242724,18,1377
docs\inst_test\instancias\n_1000_5,100,20,10,10,0.2000,123,9997687010,9997678758,19,1377
docs\inst_test\instancias\n_1000_5,100,20,10,10,0.2000,2026,9999251723,9999242588,19,1377
docs\inst_test\instancias\n_1000_5,100,20,10,10,0.2000,42,9999251619,9999242724,19,1377
docs\inst_test\instancias\n_1000_5,100,20,10,10,0.1000,42,9996907656,9996898605,20,1377
docs\inst_test\instancias\n_1000_5,100,20,10,5,0.3000,42,9999251530,9999242508,21,1377
docs\inst_test\instancias\n_1000_5,100,20,10,10,0.3000,123,9996122058,9996115441,18,1377
docs\inst_test\instancias\n_1000_5,100,20,10,10,0.3000,2026,9999245262,9999239035,27,1377
docs\inst_test\instancias\n_1000_5,100,20,15,5,0.2000,123,9998466245,9998459419,19,1377
docs\inst_test\instancias\n_1000_5,100,20,10,20,0.1000,42,9996907656,9996898605,28,1377
docs\inst_test\instancias\n_1000_5,100,20,15,5,0.2000,42,9999251619,9999242724,21,1377
docs\inst_test\instancias\n_1000_5,100,20,15,5,0.3000,123,9996122058,9996115441,19,1377
docs\inst_test\instancias\n_1000_5,100,20,15,10,0.3000,2026,9999245262,9999239035,18,1377
docs\inst_test\instancias\n_1000_5,100,20,15,5,0.3000,42,9999251530,9999242508,20,1377
docs\inst_test\instancias\n_1000_5,100,20,15,10,0.1000,123,9996907622,9996899019,19,1377
docs\inst_test\instancias\n_1000_5,100,20,15,10,0.1000,42,9996907656,9996898605,19,1377
docs\inst_test\instancias\n_1000_5,100,20,15,10,0.3000,123,9996122058,9996115441,18,1377
docs\inst_test\instancias\n_1000_5,100,20,15,10,0.1000,2026,9999251619,9999242724,19,1377
docs\inst_test\instancias\n_1000_5,100,20,15,10,0.2000,2026,9999251723,9999242588,19,1377
docs\inst_test\instancias\n_1000_5,100,20,15,10,0.2000,42,9999251619,9999242724,19,1377
docs\inst_test\instancias\n_1000_5,100,20,15,10,0.2000,123,9997687010,9997678758,19,1377
docs\inst_test\instancias\n_1000_5,100,20,15,10,0.3000,42,9999251530,9999242508,19,1377
docs\inst_test\instancias\n_1000_5,100,20,15,20,0.1000,123,9996907587,9996898632,19,1377
docs\inst_test\instancias\n_1000_5,100,20,15,20,0.1000,42,9996907656,9996898605,20,1377
docs\inst_test\instancias\n_1000_5,100,20,10,20,0.1000,123,9996907587,9996898632,32,1377
docs\inst_test\instancias\n_1000_5,100,20,15,20,0.1000,2026,9999251619,9999242724,18,1377
docs\inst_test\instancias\n_1000_5,100,20,10,20,0.1000,2026,9999251619,9999242724,29,1377
docs\inst_test\instancias\n_1000_5,100,20,10,20,0.2000,123,9997687010,9997678758,29,1377
docs\inst_test\instancias\n_1000_5,100,20,10,20,0.2000,42,9999251619,9999242724,29,1377
docs\inst_test\instancias\n_1000_5,100,20,10,20,0.3000,123,9989875677,9989866999,27,1377
docs\inst_test\instancias\n_1000_5,100,20,10,20,0.3000,2026,9990654953,9990647154,29,1377
docs\inst_test\instancias\n_1000_5,100,20,15,5,0.1000,123,9996907622,9996899019,31,1377
docs\inst_test\instancias\n_1000_5,100,20,15,5,0.1000,42,9999251614,9999242439,32,1377
docs\inst_test\instancias\n_1000_5,100,20,15,5,0.3000,2026,9999245335,9999239334,29,1377
docs\inst_test\instancias\n_1000_5,100,20,10,20,0.2000,2026,9999251705,9999242656,34,1377
docs\inst_test\instancias\n_1000_5,100,20,10,10,0.3000,42,9999251530,9999242508,45,1377
docs\inst_test\instancias\n_1000_5,100,20,15,5,0.1000,2026,9999251619,9999242724,33,1377
docs\inst_test\instancias\n_1000_5,100,20,15,5,0.2000,2026,9999251723,9999242588,32,1377
docs\inst_test\instancias\n_1000_5,100,20,15,20,0.2000,123,9997687010,9997678758,18,1377
docs\inst_test\instancias\n_1000_5,100,20,15,20,0.3000,2026,9990654953,9990647154,17,1377
docs\inst_test\instancias\n_1000_5,100,20,15,20,0.3000,42,9999251530,9999242508,18,1377
docs\inst_test\instancias\n_1000_5,100,20,15,20,0.3000,123,9989875677,9989866999,18,1377
docs\inst_test\instancias\n_1000_5,100,20,10,20,0.3000,42,9999251530,9999242508,45,1377
docs\inst_test\instancias\n_1000_5,100,20,15,20,0.2000,42,9999251619,9999242724,28,1377
docs\inst_test\instancias\n_1000_5,100,20,15,20,0.2000,2026,9999251705,9999242656,28,1377
docs\inst_test\instancias\n_1000_5,300,10,7,5,0.2000,123,9999245304,9999239283,57,1377
docs\inst_test\instancias\n_1000_5,300,10,7,5,0.3000,2026,9999245335,9999239334,58,1377
docs\inst_test\instancias\n_1000_5,300,10,7,10,0.2000,42,9999251619,9999242724,58,1377
docs\inst_test\instancias\n_1000_5,300,10,7,10,0.1000,123,9999251790,9999242930,58,1377
docs\inst_test\instancias\n_1000_5,300,10,7,5,0.1000,123,9999251790,9999242930,62,1377
docs\inst_test\instancias\n_1000_5,300,10,7,5,0.3000,42,9999251530,9999242508,63,1377
docs\inst_test\instancias\n_1000_5,300,10,7,10,0.1000,42,9999251670,9999242490,62,1377
docs\inst_test\instancias\n_1000_5,300,10,7,5,0.2000,42,9999251619,9999242724,63,1377
docs\inst_test\instancias\n_1000_5,300,10,7,5,0.3000,123,9999245167,9999239325,64,1377
docs\inst_test\instancias\n_1000_5,300,10,7,5,0.2000,2026,9999251723,9999242588,64,1377
docs\inst_test\instancias\n_1000_5,300,10,7,5,0.1000,42,9999251670,9999242490,65,1377
docs\inst_test\instancias\n_1000_5,300,10,7,5,0.1000,2026,9999251703,9999243177,65,1377
docs\inst_test\instancias\n_1000_5,300,10,7,20,0.3000,123,9996122058,9996115441,52,1377
docs\inst_test\instancias\n_1000_5,300,10,7,20,0.3000,2026,9999245335,9999239334,55,1377
docs\inst_test\instancias\n_1000_5,300,10,10,5,0.1000,123,9999251790,9999242930,64,1377
docs\inst_test\instancias\n_1000_5,300,10,10,5,0.1000,42,9999251670,9999242490,67,1377
docs\inst_test\instancias\n_1000_5,300,10,7,10,0.2000,123,9999245304,9999239283,83,1377
docs\inst_test\instancias\n_1000_5,300,10,7,10,0.3000,123,9998466074,9998459193,83,1377
docs\inst_test\instancias\n_1000_5,300,10,7,10,0.3000,2026,9999245335,9999239334,82,1377
docs\inst_test\instancias\n_1000_5,300,10,7,10,0.2000,2026,9999251733,9999242669,89,1377
docs\inst_test\instancias\n_1000_5,300,10,7,10,0.3000,42,9999251530,9999242508,90,1377
docs\inst_test\instancias\n_1000_5,300,10,7,10,0.1000,2026,9999251638,9999242702,92,1377
docs\inst_test\instancias\n_1000_5,300,10,7,20,0.2000,123,9999245304,9999239283,86,1377
docs\inst_test\instancias\n_1000_5,300,10,7,20,0.1000,42,9999251614,9999242439,89,1377
docs\inst_test\instancias\n_1000_5,300,10,7,20,0.1000,2026,9999251619,9999242724,88,1377
docs\inst_test\instancias\n_1000_5,300,10,7,20,0.2000,2026,9999251723,9999242588,88,1377
docs\inst_test\instancias\n_1000_5,300,10,7,20,0.2000,42,9999251619,9999242724,89,1377
docs\inst_test\instancias\n_1000_5,300,10,7,20,0.3000,42,9999251530,9999242508,92,1377
docs\inst_test\instancias\n_1000_5,300,10,7,20,0.1000,123,9999251790,9999242930,98,1377
docs\inst_test\instancias\n_1000_5,300,10,10,5,0.2000,123,9999245304,9999239283,84,1377
docs\inst_test\instancias\n_1000_5,300,10,10,5,0.3000,2026,9999245335,9999239334,57,1377
docs\inst_test\instancias\n_1000_5,300,10,10,10,0.2000,123,9999245304,9999239283,55,1377
docs\inst_test\instancias\n_1000_5,300,10,10,10,0.3000,2026,9999245335,9999239334,52,1377
docs\inst_test\instancias\n_1000_5,300,10,10,5,0.2000,2026,9999251723,9999242588,62,1377
docs\inst_test\instancias\n_1000_5,300,10,10,5,0.2000,42,9999251619,9999242724,95,1377
docs\inst_test\instancias\n_1000_5,300,10,10,10,0.1000,123,9999251790,9999242930,57,1377
docs\inst_test\instancias\n_1000_5,300,10,10,10,0.2000,42,9999251619,9999242724,58,1377
docs\inst_test\instancias\n_1000_5,300,10,10,10,0.2000,2026,9999251733,9999242669,57,1377
docs\inst_test\instancias\n_1000_5,300,10,10,5,0.3000,42,9999251530,9999242508,62,1377
docs\inst_test\instancias\n_1000_5,300,10,10,10,0.1000,2026,9999251638,9999242702,58,1377
docs\inst_test\instancias\n_1000_5,300,10,10,10,0.1000,42,9999251670,9999242490,59,1377
docs\inst_test\instancias\n_1000_5,300,10,10,10,0.3000,123,9998466074,9998459193,57,1377
docs\inst_test\instancias\n_1000_5,300,10,10,5,0.1000,2026,9999251703,9999243177,102,1377
docs\inst_test\instancias\n_1000_5,300,10,10,5,0.3000,123,9999245167,9999239325,63,1377
docs\inst_test\instancias\n_1000_5,300,10,10,10,0.3000,42,9999251530,9999242508,59,1377
docs\inst_test\instancias\n_1000_5,300,10,10,20,0.1000,42,9999251614,9999242439,55,1377
docs\inst_test\instancias\n_1000_5,300,10,10,20,0.1000,123,9999251790,9999242930,55,1377
docs\inst_test\instancias\n_1000_5,300,10,10,20,0.1000,2026,9999251619,9999242724,59,1377
docs\inst_test\instancias\n_1000_5,300,10,10,20,0.2000,123,9999245304,9999239283,83,1377
docs\inst_test\instancias\n_1000_5,300,10,10,20,0.2000,42,9999251619,9999242724,88,1377
docs\inst_test\instancias\n_1000_5,300,10,10,20,0.2000,2026,9999251723,9999242588,86,1377
docs\inst_test\instancias\n_1000_5,300,10,15,10,0.2000,123,9999245304,9999239283,54,1377
docs\inst_test\instancias\n_1000_5,300,10,10,20,0.3000,123,9996122058,9996115441,81,1377
docs\inst_test\instancias\n_1000_5,300,10,15,5,0.3000,2026,9999245335,9999239334,58,1377
docs\inst_test\instancias\n_1000_5,300,10,15,10,0.3000,2026,9999245335,9999239334,53,1377
docs\inst_test\instancias\n_1000_5,300,10,15,20,0.2000,123,9999245304,9999239283,52,1377
docs\inst_test\instancias\n_1000_5,300,10,15,10,0.1000,2026,9999251638,9999242702,57,1377
docs\inst_test\instancias\n_1000_5,300,10,15,10,0.1000,42,9999251670,9999242490,59,1377
docs\inst_test\instancias\n_1000_5,300,10,15,10,0.1000,123,9999251790,9999242930,59,1377
docs\inst_test\instancias\n_1000_5,300,10,15,10,0.3000,123,9998466074,9998459193,56,1377
docs\inst_test\instancias\n_1000_5,300,10,15,20,0.1000,123,9999251790,9999242930,55,1377
docs\inst_test\instancias\n_1000_5,300,10,10,20,0.3000,2026,9999245335,9999239334,84,1377
docs\inst_test\instancias\n_1000_5,300,10,15,10,0.2000,2026,9999251733,9999242669,57,1377
docs\inst_test\instancias\n_1000_5,300,10,10,20,0.3000,42,9999251530,9999242508,87,1377
docs\inst_test\instancias\n_1000_5,300,10,15,10,0.3000,42,9999251530,9999242508,57,1377
docs\inst_test\instancias\n_1000_5,300,10,15,20,0.1000,42,9999251614,9999242439,57,1377
docs\inst_test\instancias\n_1000_5,300,10,15,20,0.2000,42,9999251619,9999242724,60,1377
docs\inst_test\instancias\n_1000_5,300,10,15,20,0.2000,2026,9999251723,9999242588,57,1377
docs\inst_test\instancias\n_1000_5,300,10,15,5,0.1000,42,9999251670,9999242490,96,1377
docs\inst_test\instancias\n_1000_5,300,10,15,20,0.3000,42,9999251530,9999242508,55,1377
docs\inst_test\instancias\n_1000_5,300,10,15,5,0.2000,42,9999251619,9999242724,93,1377
docs\inst_test\instancias\n_1000_5,300,10,15,5,0.2000,123,9999245304,9999239283,94,1377
docs\inst_test\instancias\n_1000_5,300,10,15,5,0.1000,2026,9999251703,9999243177,97,1377
docs\inst_test\instancias\n_1000_5,300,10,15,5,0.2000,2026,9999251723,9999242588,93,1377
docs\inst_test\instancias\n_1000_5,300,10,15,20,0.3000,123,9996122058,9996115441,53,1377
docs\inst_test\instancias\n_1000_5,300,10,15,5,0.3000,42,9999251530,9999242508,90,1377
docs\inst_test\instancias\n_1000_5,300,10,15,5,0.3000,123,9999245167,9999239325,84,1377
docs\inst_test\instancias\n_1000_5,300,10,15,5,0.1000,123,9999251790,9999242930,100,1377
docs\inst_test\instancias\n_1000_5,300,10,15,10,0.2000,42,9999251619,9999242724,90,1377
docs\inst_test\instancias\n_1000_5,300,10,15,20,0.1000,2026,9999251619,9999242724,89,1377
docs\inst_test\instancias\n_1000_5,300,15,7,10,0.2000,123,9999245304,9999239283,53,1377
docs\inst_test\instancias\n_1000_5,300,15,7,5,0.3000,123,9999245167,9999239325,57,1377
docs\inst_test\instancias\n_1000_5,300,15,7,5,0.2000,123,9999245304,9999239283,59,1377
docs\inst_test\instancias\n_1000_5,300,15,7,10,0.3000,123,9998466074,9998459193,55,1377
docs\inst_test\instancias\n_1000_5,300,15,7,10,0.3000,42,9999251530,9999242508,56,1377
docs\inst_test\instancias\n_1000_5,300,15,7,10,0.1000,42,9999251670,9999242490,58,1377
docs\inst_test\instancias\n_1000_5,300,15,7,10,0.1000,123,9999251790,9999242930,58,1377
docs\inst_test\instancias\n_1000_5,300,15,7,5,0.3000,2026,9999245335,9999239334,58,1377
docs\inst_test\instancias\n_1000_5,300,15,7,10,0.1000,2026,9999251638,9999242702,59,1377
docs\inst_test\instancias\n_1000_5,300,15,7,5,0.1000,2026,9999251703,9999243177,63,1377
docs\inst_test\instancias\n_1000_5,300,15,7,5,0.2000,2026,9999251723,9999242588,62,1377
docs\inst_test\instancias\n_1000_5,300,15,7,5,0.3000,42,9999251530,9999242508,62,1377
docs\inst_test\instancias\n_1000_5,300,15,7,20,0.1000,42,9999251614,9999242439,55,1377
docs\inst_test\instancias\n_1000_5,300,15,7,10,0.3000,2026,9999245335,9999239334,56,1377
docs\inst_test\instancias\n_1000_5,300,15,7,20,0.1000,2026,9999251619,9999242724,56,1377
docs\inst_test\instancias\n_1000_5,300,15,7,20,0.3000,123,9996122058,9996115441,53,1377
docs\inst_test\instancias\n_1000_5,300,10,15,20,0.3000,2026,9999245335,9999239334,80,1377
docs\inst_test\instancias\n_1000_5,300,15,7,10,0.2000,42,9999251619,9999242724,81,1377
docs\inst_test\instancias\n_1000_5,300,15,7,5,0.1000,42,9999251670,9999242490,87,1377
docs\inst_test\instancias\n_1000_5,300,15,7,10,0.2000,2026,9999251733,9999242669,83,1377
docs\inst_test\instancias\n_1000_5,300,15,7,5,0.1000,123,9999251790,9999242930,91,1377
docs\inst_test\instancias\n_1000_5,300,15,7,20,0.3000,2026,9999245335,9999239334,68,1377
docs\inst_test\instancias\n_1000_5,300,15,7,5,0.2000,42,9999251619,9999242724,90,1377
docs\inst_test\instancias\n_1000_5,300,15,7,20,0.2000,123,9999245304,9999239283,74,1377
docs\inst_test\instancias\n_1000_5,300,15,7,20,0.3000,42,9999251530,9999242508,72,1377
docs\inst_test\instancias\n_1000_5,300,15,7,20,0.2000,2026,9999251723,9999242588,74,1377
docs\inst_test\instancias\n_1000_5,300,15,7,20,0.2000,42,9999251619,9999242724,77,1377
docs\inst_test\instancias\n_1000_5,300,15,7,20,0.1000,123,9999251790,9999242930,79,1377
docs\inst_test\instancias\n_1000_5,300,15,10,5,0.1000,123,9999251790,9999242930,79,1377
docs\inst_test\instancias\n_1000_5,300,15,10,5,0.1000,42,9999251670,9999242490,84,1377
docs\inst_test\instancias\n_1000_5,300,15,10,5,0.1000,2026,9999251703,9999243177,76,1377
docs\inst_test\instancias\n_1000_5,300,15,10,5,0.2000,42,9999251619,9999242724,76,1377
docs\inst_test\instancias\n_1000_5,300,15,10,5,0.2000,123,9999245304,9999239283,57,1377
docs\inst_test\instancias\n_1000_5,300,15,10,10,0.3000,123,9998466074,9998459193,51,1377
docs\inst_test\instancias\n_1000_5,300,15,10,5,0.3000,2026,9999245335,9999239334,56,1377
docs\inst_test\instancias\n_1000_5,300,15,10,10,0.1000,42,9999251670,9999242490,58,1377
docs\inst_test\instancias\n_1000_5,300,15,10,10,0.1000,123,9999251790,9999242930,58,1377
docs\inst_test\instancias\n_1000_5,300,15,10,10,0.2000,123,9999245304,9999239283,57,1377
docs\inst_test\instancias\n_1000_5,300,15,10,5,0.3000,123,9999245167,9999239325,61,1377
docs\inst_test\instancias\n_1000_5,300,15,10,10,0.1000,2026,9999251638,9999242702,60,1377
docs\inst_test\instancias\n_1000_5,300,15,10,10,0.2000,2026,9999251733,9999242669,60,1377
docs\inst_test\instancias\n_1000_5,300,15,10,20,0.1000,42,9999251614,9999242439,51,1377
docs\inst_test\instancias\n_1000_5,300,15,10,5,0.3000,42,9999251530,9999242508,65,1377
docs\inst_test\instancias\n_1000_5,300,15,10,5,0.2000,2026,9999251723,9999242588,65,1377
docs\inst_test\instancias\n_1000_5,300,15,10,10,0.3000,2026,9999245335,9999239334,59,1377
docs\inst_test\instancias\n_1000_5,300,15,10,20,0.1000,2026,9999251619,9999242724,51,1377
docs\inst_test\instancias\n_1000_5,300,15,10,20,0.1000,123,9999251790,9999242930,51,1377
docs\inst_test\instancias\n_1000_5,300,15,10,10,0.3000,42,9999251530,9999242508,62,1377
docs\inst_test\instancias\n_1000_5,300,15,10,20,0.2000,123,9999245304,9999239283,47,1377
docs\inst_test\instancias\n_1000_5,300,15,10,10,0.2000,42,9999251619,9999242724,70,1377
docs\inst_test\instancias\n_1000_5,300,15,10,20,0.2000,42,9999251619,9999242724,52,1377
docs\inst_test\instancias\n_1000_5,300,15,10,20,0.3000,123,9996122058,9996115441,47,1377
docs\inst_test\instancias\n_1000_5,300,15,10,20,0.3000,2026,9999245335,9999239334,51,1377
docs\inst_test\instancias\n_1000_5,300,15,10,20,0.2000,2026,9999251723,9999242588,55,1377
docs\inst_test\instancias\n_1000_5,300,15,10,20,0.3000,42,9999251530,9999242508,55,1377
docs\inst_test\instancias\n_1000_5,300,15,15,5,0.1000,123,9999251790,9999242930,56,1377
docs\inst_test\instancias\n_1000_5,300,15,15,5,0.2000,123,9999245304,9999239283,56,1377
docs\inst_test\instancias\n_1000_5,300,15,15,5,0.1000,2026,9999251703,9999243177,58,1377
docs\inst_test\instancias\n_1000_5,300,15,15,5,0.2000,42,9999251619,9999242724,62,1377
docs\inst_test\instancias\n_1000_5,300,15,15,5,0.1000,42,9999251670,9999242490,67,1377
docs\inst_test\instancias\n_1000_5,300,15,15,5,0.2000,2026,9999251723,9999242588,58,1377
docs\inst_test\instancias\n_1000_5,300,15,15,5,0.3000,42,9999251530,9999242508,55,1377
docs\inst_test\instancias\n_1000_5,300,15,15,10,0.1000,123,9999251790,9999242930,51,1377
docs\inst_test\instancias\n_1000_5,300,15,15,5,0.3000,123,9999245167,9999239325,57,1377
docs\inst_test\instancias\n_1000_5,300,15,15,5,0.3000,2026,9999245335,9999239334,57,1377
docs\inst_test\instancias\n_1000_5,300,15,15,10,0.1000,42,9999251670,9999242490,57,1377
docs\inst_test\instancias\n_1000_5,300,15,15,20,0.2000,123,9999245304,9999239283,47,1377
docs\inst_test\instancias\n_1000_5,300,15,15,10,0.2000,123,9999245304,9999239283,53,1377
docs\inst_test\instancias\n_1000_5,300,15,15,20,0.1000,42,9999251614,9999242439,49,1377
docs\inst_test\instancias\n_1000_5,300,15,15,10,0.1000,2026,9999251638,9999242702,57,1377
docs\inst_test\instancias\n_1000_5,300,15,15,20,0.2000,42,9999251619,9999242724,49,1377
docs\inst_test\instancias\n_1000_5,300,15,15,20,0.1000,2026,9999251619,9999242724,49,1377
docs\inst_test\instancias\n_1000_5,300,15,15,10,0.2000,42,9999251619,9999242724,54,1377
docs\inst_test\instancias\n_1000_5,300,15,15,10,0.3000,2026,9999245335,9999239334,53,1377
docs\inst_test\instancias\n_1000_5,300,15,15,10,0.3000,123,9998466074,9998459193,55,1377
docs\inst_test\instancias\n_1000_5,300,15,15,20,0.2000,2026,9999251723,9999242588,52,1377
docs\inst_test\instancias\n_1000_5,300,15,15,10,0.2000,2026,9999251733,9999242669,57,1377
docs\inst_test\instancias\n_1000_5,300,15,15,20,0.1000,123,9999251790,9999242930,55,1377
docs\inst_test\instancias\n_1000_5,300,15,15,20,0.3000,123,9996122058,9996115441,47,1377
docs\inst_test\instancias\n_1000_5,300,15,15,20,0.3000,42,9999251530,9999242508,55,1377
docs\inst_test\instancias\n_1000_5,300,15,15,10,0.3000,42,9999251530,9999242508,62,1377
docs\inst_test\instancias\n_1000_5,300,15,15,20,0.3000,2026,9999245335,9999239334,53,1377
docs\inst_test\instancias\n_1000_5,300,20,7,5,0.1000,123,9999251790,9999242930,58,1377
docs\inst_test\instancias\n_1000_5,300,20,7,5,0.1000,42,9999251670,9999242490,59,1377
docs\inst_test\instancias\n_1000_5,300,20,7,5,0.1000,2026,9999251703,9999243177,58,1377
docs\inst_test\instancias\n_1000_5,300,20,7,5,0.2000,123,9999245304,9999239283,57,1377
docs\inst_test\instancias\n_1000_5,300,20,7,5,0.3000,123,9999245167,9999239325,50,1377
docs\inst_test\instancias\n_1000_5,300,20,7,5,0.2000,2026,9999251723,9999242588,57,1377
docs\inst_test\instancias\n_1000_5,300,20,7,5,0.2000,42,9999251619,9999242724,66,1377
docs\inst_test\instancias\n_1000_5,300,20,7,5,0.3000,2026,9999245335,9999239334,55,1377
docs\inst_test\instancias\n_1000_5,300,20,7,10,0.1000,123,9999251790,9999242930,51,1377
docs\inst_test\instancias\n_1000_5,300,20,7,5,0.3000,42,9999251530,9999242508,62,1377
docs\inst_test\instancias\n_1000_5,300,20,7,10,0.1000,2026,9999251638,9999242702,53,1377
docs\inst_test\instancias\n_1000_5,300,20,7,10,0.1000,42,9999251670,9999242490,58,1377
docs\inst_test\instancias\n_1000_5,300,20,7,10,0.2000,42,9999251619,9999242724,53,1377
docs\inst_test\instancias\n_1000_5,300,20,7,10,0.3000,123,9998466074,9998459193,49,1377
docs\inst_test\instancias\n_1000_5,300,20,7,20,0.2000,123,9999245304,9999239283,48,1377
docs\inst_test\instancias\n_1000_5,300,20,7,10,0.2000,123,9999245304,9999239283,53,1377
docs\inst_test\instancias\n_1000_5,300,20,7,20,0.1000,2026,9999251619,9999242724,50,1377
docs\inst_test\instancias\n_1000_5,300,20,7,20,0.1000,42,9999251614,9999242439,51,1377
docs\inst_test\instancias\n_1000_5,300,20,7,20,0.2000,42,9999251619,9999242724,50,1377
docs\inst_test\instancias\n_1000_5,300,20,7,10,0.3000,2026,9999245335,9999239334,52,1377
docs\inst_test\instancias\n_1000_5,300,20,7,20,0.3000,123,9996122058,9996115441,48,1377
docs\inst_test\instancias\n_1000_5,300,20,7,20,0.1000,123,9999251790,9999242930,54,1377
docs\inst_test\instancias\n_1000_5,300,20,7,10,0.2000,2026,9999251733,9999242669,59,1377
docs\inst_test\instancias\n_1000_5,300,20,7,20,0.3000,2026,9999245335,9999239334,51,1377
docs\inst_test\instancias\n_1000_5,300,20,7,10,0.3000,42,9999251530,9999242508,58,1377
docs\inst_test\instancias\n_1000_5,300,20,7,20,0.3000,42,9999251530,9999242508,55,1377
docs\inst_test\instancias\n_1000_5,300,20,7,20,0.2000,2026,9999251723,9999242588,59,1377
docs\inst_test\instancias\n_1000_5,300,20,10,5,0.1000,123,9999251790,9999242930,58,1377
docs\inst_test\instancias\n_1000_5,300,20,10,5,0.1000,42,9999251670,9999242490,61,1377
docs\inst_test\instancias\n_1000_5,300,20,10,5,0.2000,123,9999245304,9999239283,60,1377
docs\inst_test\instancias\n_1000_5,300,20,10,5,0.2000,42,9999251619,9999242724,63,1377
docs\inst_test\instancias\n_1000_5,300,20,10,5,0.1000,2026,9999251703,9999243177,68,1377
docs\inst_test\instancias\n_1000_5,300,20,10,5,0.3000,123,9999245167,9999239325,52,1377
docs\inst_test\instancias\n_1000_5,300,20,10,5,0.2000,2026,9999251723,9999242588,57,1377
docs\inst_test\instancias\n_1000_5,300,20,10,5,0.3000,42,9999251530,9999242508,57,1377
docs\inst_test\instancias\n_1000_5,300,20,10,10,0.1000,42,9999251670,9999242490,53,1377
docs\inst_test\instancias\n_1000_5,300,20,10,5,0.3000,2026,9999245335,9999239334,54,1377
docs\inst_test\instancias\n_1000_5,300,20,10,10,0.2000,123,9999245304,9999239283,48,1377
docs\inst_test\instancias\n_1000_5,300,20,10,10,0.1000,123,9999251790,9999242930,52,1377
docs\inst_test\instancias\n_1000_5,300,20,10,10,0.3000,42,9999251530,9999242508,52,1377
docs\inst_test\instancias\n_1000_5,300,20,10,10,0.3000,2026,9999245335,9999239334,48,1377
docs\inst_test\instancias\n_1000_5,300,20,10,10,0.1000,2026,9999251638,9999242702,60,1377
docs\inst_test\instancias\n_1000_5,300,20,10,10,0.3000,123,9998466074,9998459193,52,1377
docs\inst_test\instancias\n_1000_5,300,20,10,10,0.2000,42,9999251619,9999242724,58,1377
docs\inst_test\instancias\n_1000_5,300,20,10,10,0.2000,2026,9999251733,9999242669,58,1377
docs\inst_test\instancias\n_1000_5,300,20,10,20,0.1000,42,9999251614,9999242439,50,1377
docs\inst_test\instancias\n_1000_5,300,20,10,20,0.3000,123,9996122058,9996115441,47,1377
docs\inst_test\instancias\n_1000_5,300,20,10,20,0.2000,42,9999251619,9999242724,50,1377
docs\inst_test\instancias\n_1000_5,300,20,10,20,0.1000,123,9999251790,9999242930,52,1377
docs\inst_test\instancias\n_1000_5,300,20,10,20,0.2000,2026,9999251723,9999242588,50,1377
docs\inst_test\instancias\n_1000_5,300,20,10,20,0.3000,2026,9999245335,9999239334,47,1377
docs\inst_test\instancias\n_1000_5,300,20,10,20,0.2000,123,9999245304,9999239283,51,1377
docs\inst_test\instancias\n_1000_5,300,20,10,20,0.1000,2026,9999251619,9999242724,57,1377
docs\inst_test\instancias\n_1000_5,300,20,10,20,0.3000,42,9999251530,9999242508,59,1377
docs\inst_test\instancias\n_1000_5,300,20,15,5,0.1000,123,9999251790,9999242930,62,1377
docs\inst_test\instancias\n_1000_5,300,20,15,5,0.1000,42,9999251670,9999242490,62,1377
docs\inst_test\instancias\n_1000_5,300,20,15,5,0.1000,2026,9999251703,9999243177,63,1377
docs\inst_test\instancias\n_1000_5,300,20,15,5,0.2000,2026,9999251723,9999242588,56,1377
docs\inst_test\instancias\n_1000_5,300,20,15,5,0.2000,123,9999245304,9999239283,59,1377
docs\inst_test\instancias\n_1000_5,300,20,15,5,0.2000,42,9999251619,9999242724,63,1377
docs\inst_test\instancias\n_1000_5,300,20,15,5,0.3000,42,9999251530,9999242508,60,1377
docs\inst_test\instancias\n_1000_5,300,20,15,10,0.1000,123,9999251790,9999242930,52,1377
docs\inst_test\instancias\n_1000_5,300,20,15,10,0.2000,123,9999245304,9999239283,48,1377
docs\inst_test\instancias\n_1000_5,300,20,15,5,0.3000,123,9999245167,9999239325,57,1377
docs\inst_test\instancias\n_1000_5,300,20,15,5,0.3000,2026,9999245335,9999239334,59,1377
docs\inst_test\instancias\n_1000_5,300,20,15,10,0.3000,123,9998466074,9998459193,48,1377
docs\inst_test\instancias\n_1000_5,300,20,15,10,0.1000,42,9999251670,9999242490,58,1377
docs\inst_test\instancias\n_1000_5,300,20,15,10,0.2000,42,9999251619,9999242724,56,1377
docs\inst_test\instancias\n_1000_5,300,20,15,10,0.3000,42,9999251530,9999242508,52,1377
docs\inst_test\instancias\n_1000_5,300,20,15,10,0.1000,2026,9999251638,9999242702,58,1377
docs\inst_test\instancias\n_1000_5,300,20,15,10,0.2000,2026,9999251733,9999242669,60,1377
docs\inst_test\instancias\n_1000_5,300,20,15,10,0.3000,2026,9999245335,9999239334,51,1377
docs\inst_test\instancias\n_1000_5,300,20,15,20,0.1000,42,9999251614,9999242439,50,1377
docs\inst_test\instancias\n_1000_5,300,20,15,20,0.3000,123,9996122058,9996115441,46,1377
docs\inst_test\instancias\n_1000_5,300,20,15,20,0.2000,2026,9999251723,9999242588,50,1377
docs\inst_test\instancias\n_1000_5,300,20,15,20,0.3000,42,9999251530,9999242508,50,1377
docs\inst_test\instancias\n_1000_5,300,20,15,20,0.3000,2026,9999245335,9999239334,50,1377
docs\inst_test\instancias\n_1000_5,300,20,15,20,0.2000,42,9999251619,9999242724,56,1377
docs\inst_test\instancias\n_1000_5,300,20,15,20,0.2000,123,9999245304,9999239283,53,1377
docs\inst_test\instancias\n_1000_5,300,20,15,20,0.1000,2026,9999251619,9999242724,57,1377
docs\inst_test\instancias\n_1000_5,300,20,15,20,0.1000,123,9999251790,9999242930,61,1377
docs\inst_test\instancias\n_1000_5,500,10,7,5,0.1000,2026,9999251726,9999242716,98,1377
docs\inst_test\instancias\n_1000_5,500,10,7,5,0.1000,42,9999251670,9999242490,100,1377
docs\inst_test\instancias\n_1000_5,500,10,7,5,0.1000,123,9999251790,9999242930,99,1377
docs\inst_test\instancias\n_1000_5,500,10,7,5,0.2000,123,9999245324,9999239313,92,1377
docs\inst_test\instancias\n_1000_5,500,10,7,5,0.3000,2026,9999245335,9999239334,88,1377
docs\inst_test\instancias\n_1000_5,500,10,7,10,0.2000,123,9999245319,9999239307,79,1377
docs\inst_test\instancias\n_1000_5,500,10,7,5,0.2000,42,9999251619,9999242724,105,1377
docs\inst_test\instancias\n_1000_5,500,10,7,10,0.3000,123,9999245197,9999239289,82,1377
docs\inst_test\instancias\n_1000_5,500,10,7,5,0.3000,123,9999245167,9999239325,96,1377
docs\inst_test\instancias\n_1000_5,500,10,7,10,0.2000,42,9999251619,9999242724,87,1377
docs\inst_test\instancias\n_1000_5,500,10,7,20,0.1000,123,9999251790,9999242930,83,1377
docs\inst_test\instancias\n_1000_5,500,10,7,10,0.1000,42,9999251670,9999242490,99,1377
docs\inst_test\instancias\n_1000_5,500,10,7,5,0.3000,42,9999251530,9999242508,102,1377
docs\inst_test\instancias\n_1000_5,500,10,7,20,0.2000,123,9999245304,9999239283,78,1377
docs\inst_test\instancias\n_1000_5,500,10,7,10,0.3000,2026,9999245335,9999239334,88,1377
docs\inst_test\instancias\n_1000_5,500,10,7,20,0.1000,42,9999251614,9999242439,87,1377
docs\inst_test\instancias\n_1000_5,500,10,7,10,0.1000,2026,9999251638,9999242702,97,1377
docs\inst_test\instancias\n_1000_5,500,10,7,10,0.1000,123,9999251790,9999242930,102,1377
docs\inst_test\instancias\n_1000_5,500,10,7,20,0.3000,2026,9999245335,9999239334,76,1377
docs\inst_test\instancias\n_1000_5,500,10,7,5,0.2000,2026,9999251723,9999242588,107,1377
docs\inst_test\instancias\n_1000_5,500,10,7,20,0.1000,2026,9999251638,9999242702,89,1377
docs\inst_test\instancias\n_1000_5,500,10,7,20,0.2000,2026,9999251733,9999242669,82,1377
docs\inst_test\instancias\n_1000_5,500,10,7,20,0.3000,123,9996122079,9996115351,80,1377
docs\inst_test\instancias\n_1000_5,500,10,7,20,0.3000,42,9999251530,9999242508,84,1377
docs\inst_test\instancias\n_1000_5,500,10,7,10,0.3000,42,9999251530,9999242508,100,1377
docs\inst_test\instancias\n_1000_5,500,10,7,10,0.2000,2026,9999251733,9999242669,104,1377
docs\inst_test\instancias\n_1000_5,500,10,7,20,0.2000,42,9999251619,9999242724,92,1377
docs\inst_test\instancias\n_1000_5,500,10,10,5,0.1000,42,9999251670,9999242490,96,1377
docs\inst_test\instancias\n_1000_5,500,10,10,5,0.1000,123,9999251790,9999242930,103,1377
docs\inst_test\instancias\n_1000_5,500,10,10,5,0.2000,123,9999245324,9999239313,99,1377
docs\inst_test\instancias\n_1000_5,500,10,10,5,0.1000,2026,9999251726,9999242716,104,1377
docs\inst_test\instancias\n_1000_5,500,10,10,5,0.2000,42,9999251619,9999242724,105,1377
docs\inst_test\instancias\n_1000_5,500,10,10,5,0.3000,123,9999245167,9999239325,86,1377
docs\inst_test\instancias\n_1000_5,500,10,10,5,0.3000,2026,9999245335,9999239334,91,1377
docs\inst_test\instancias\n_1000_5,500,10,10,5,0.2000,2026,9999251723,9999242588,95,1377
docs\inst_test\instancias\n_1000_5,500,10,10,10,0.1000,42,9999251670,9999242490,88,1377
docs\inst_test\instancias\n_1000_5,500,10,10,10,0.1000,123,9999251790,9999242930,88,1377
docs\inst_test\instancias\n_1000_5,500,10,10,5,0.3000,42,9999251530,9999242508,98,1377
docs\inst_test\instancias\n_1000_5,500,10,10,20,0.3000,2026,9999245335,9999239334,76,1377
docs\inst_test\instancias\n_1000_5,500,10,10,10,0.2000,2026,9999251733,9999242669,87,1377
docs\inst_test\instancias\n_1000_5,500,10,10,20,0.3000,123,9996122079,9996115351,78,1377
docs\inst_test\instancias\n_1000_5,500,10,10,10,0.2000,123,9999245319,9999239307,90,1377
docs\inst_test\instancias\n_1000_5,500,10,10,10,0.3000,42,9999251530,9999242508,87,1377
docs\inst_test\instancias\n_1000_5,500,10,10,10,0.3000,123,9999245197,9999239289,88,1377
docs\inst_test\instancias\n_1000_5,500,10,10,10,0.2000,42,9999251619,9999242724,93,1377
docs\inst_test\instancias\n_1000_5,500,10,10,20,0.2000,2026,9999251733,9999242669,83,1377
docs\inst_test\instancias\n_1000_5,500,10,10,10,0.1000,2026,9999251638,9999242702,99,1377
docs\inst_test\instancias\n_1000_5,500,10,10,20,0.1000,42,9999251614,9999242439,87,1377
docs\inst_test\instancias\n_1000_5,500,10,10,20,0.1000,2026,9999251638,9999242702,86,1377
docs\inst_test\instancias\n_1000_5,500,10,10,10,0.3000,2026,9999245335,9999239334,91,1377
docs\inst_test\instancias\n_1000_5,500,10,10,20,0.2000,123,9999245304,9999239283,91,1377
docs\inst_test\instancias\n_1000_5,500,10,10,20,0.1000,123,9999251790,9999242930,94,1377
docs\inst_test\instancias\n_1000_5,500,10,10,20,0.2000,42,9999251619,9999242724,98,1377
docs\inst_test\instancias\n_1000_5,500,10,10,20,0.3000,42,9999251530,9999242508,99,1377
docs\inst_test\instancias\n_1000_5,500,10,15,5,0.1000,42,9999251670,9999242490,97,1377
docs\inst_test\instancias\n_1000_5,500,10,15,5,0.2000,123,9999245324,9999239313,92,1377
docs\inst_test\instancias\n_1000_5,500,10,15,5,0.1000,123,9999251790,9999242930,97,1377
docs\inst_test\instancias\n_1000_5,500,10,15,5,0.1000,2026,9999251726,9999242716,108,1377
docs\inst_test\instancias\n_1000_5,500,10,15,5,0.2000,2026,9999251723,9999242588,95,1377
docs\inst_test\instancias\n_1000_5,500,10,15,5,0.2000,42,9999251619,9999242724,108,1377
docs\inst_test\instancias\n_1000_5,500,10,15,5,0.3000,123,9999245167,9999239325,91,1377
docs\inst_test\instancias\n_1000_5,500,10,15,5,0.3000,2026,9999245335,9999239334,94,1377
docs\inst_test\instancias\n_1000_5,500,10,15,10,0.1000,42,9999251670,9999242490,102,1377
docs\inst_test\instancias\n_1000_5,500,10,15,5,0.3000,42,9999251530,9999242508,107,1377
docs\inst_test\instancias\n_1000_5,500,10,15,10,0.1000,123,9999251790,9999242930,87,1377
docs\inst_test\instancias\n_1000_5,500,10,15,10,0.2000,123,9999245319,9999239307,79,1377
docs\inst_test\instancias\n_1000_5,500,10,15,10,0.3000,2026,9999245335,9999239334,79,1377
docs\inst_test\instancias\n_1000_5,500,10,15,10,0.2000,42,9999251619,9999242724,89,1377
docs\inst_test\instancias\n_1000_5,500,10,15,10,0.2000,2026,9999251733,9999242669,86,1377
docs\inst_test\instancias\n_1000_5,500,10,15,10,0.3000,123,9999245197,9999239289,80,1377
docs\inst_test\instancias\n_1000_5,500,10,15,20,0.2000,123,9999245304,9999239283,78,1377
docs\inst_test\instancias\n_1000_5,500,10,15,20,0.3000,2026,9999245335,9999239334,76,1377
docs\inst_test\instancias\n_1000_5,500,10,15,10,0.3000,42,9999251530,9999242508,89,1377
docs\inst_test\instancias\n_1000_5,500,10,15,20,0.3000,123,9996122079,9996115351,77,1377
docs\inst_test\instancias\n_1000_5,500,10,15,20,0.2000,2026,9999251733,9999242669,82,1377
docs\inst_test\instancias\n_1000_5,500,10,15,10,0.1000,2026,9999251638,9999242702,99,1377
docs\inst_test\instancias\n_1000_5,500,10,15,20,0.1000,2026,9999251638,9999242702,86,1377
docs\inst_test\instancias\n_1000_5,500,10,15,20,0.1000,42,9999251614,9999242439,92,1377
docs\inst_test\instancias\n_1000_5,500,10,15,20,0.1000,123,9999251790,9999242930,94,1377
docs\inst_test\instancias\n_1000_5,500,10,15,20,0.3000,42,9999251530,9999242508,93,1377
docs\inst_test\instancias\n_1000_5,500,10,15,20,0.2000,42,9999251619,9999242724,98,1377
docs\inst_test\instancias\n_1000_5,500,15,7,5,0.1000,42,9999251670,9999242490,106,1377
docs\inst_test\instancias\n_1000_5,500,15,7,5,0.3000,123,9999245167,9999239325,90,1377
docs\inst_test\instancias\n_1000_5,500,15,7,5,0.2000,123,9999245324,9999239313,96,1377
docs\inst_test\instancias\n_1000_5,500,15,7,5,0.1000,123,9999251790,9999242930,107,1377
docs\inst_test\instancias\n_1000_5,500,15,7,5,0.2000,2026,9999251723,9999242588,97,1377
docs\inst_test\instancias\n_1000_5,500,15,7,5,0.3000,42,9999251530,9999242508,101,1377
docs\inst_test\instancias\n_1000_5,500,15,7,5,0.1000,2026,9999251726,9999242716,112,1377
docs\inst_test\instancias\n_1000_5,500,15,7,5,0.2000,42,9999251619,9999242724,107,1377
docs\inst_test\instancias\n_1000_5,500,15,7,10,0.1000,42,9999251670,9999242490,90,1377
docs\inst_test\instancias\n_1000_5,500,15,7,5,0.3000,2026,9999245335,9999239334,93,1377
docs\inst_test\instancias\n_1000_5,500,15,7,10,0.1000,123,9999251790,9999242930,99,1377
docs\inst_test\instancias\n_1000_5,500,15,7,10,0.1000,2026,9999251638,9999242702,97,1377
docs\inst_test\instancias\n_1000_5,500,15,7,10,0.2000,42,9999251619,9999242724,100,1377
docs\inst_test\instancias\n_1000_5,500,15,7,10,0.2000,123,9999245319,9999239307,90,1377
docs\inst_test\instancias\n_1000_5,500,15,7,10,0.3000,123,9999245197,9999239289,79,1377
docs\inst_test\instancias\n_1000_5,500,15,7,10,0.2000,2026,9999251733,9999242669,99,1377
docs\inst_test\instancias\n_1000_5,500,15,7,10,0.3000,42,9999251530,9999242508,86,1377
docs\inst_test\instancias\n_1000_5,500,15,7,20,0.2000,123,9999245304,9999239283,77,1377
docs\inst_test\instancias\n_1000_5,500,15,7,10,0.3000,2026,9999245335,9999239334,81,1377
docs\inst_test\instancias\n_1000_5,500,15,7,20,0.1000,123,9999251790,9999242930,84,1377
docs\inst_test\instancias\n_1000_5,500,15,7,20,0.1000,2026,9999251638,9999242702,84,1377
docs\inst_test\instancias\n_1000_5,500,15,7,20,0.1000,42,9999251614,9999242439,85,1377
docs\inst_test\instancias\n_1000_5,500,15,7,20,0.3000,42,9999251530,9999242508,82,1377
docs\inst_test\instancias\n_1000_5,500,15,7,20,0.2000,2026,9999251733,9999242669,82,1377
docs\inst_test\instancias\n_1000_5,500,15,7,20,0.3000,123,9996122079,9996115351,80,1377
docs\inst_test\instancias\n_1000_5,500,15,7,20,0.2000,42,9999251619,9999242724,87,1377
docs\inst_test\instancias\n_1000_5,500,15,7,20,0.3000,2026,9999245335,9999239334,83,1377
docs\inst_test\instancias\n_1000_5,500,15,10,5,0.1000,42,9999251670,9999242490,98,1377
docs\inst_test\instancias\n_1000_5,500,15,10,5,0.1000,123,9999251790,9999242930,98,1377
docs\inst_test\instancias\n_1000_5,500,15,10,5,0.2000,123,9999245324,9999239313,96,1377
docs\inst_test\instancias\n_1000_5,500,15,10,5,0.2000,42,9999251619,9999242724,103,1377
docs\inst_test\instancias\n_1000_5,500,15,10,5,0.1000,2026,9999251726,9999242716,106,1377
docs\inst_test\instancias\n_1000_5,500,15,10,10,0.1000,42,9999251670,9999242490,88,1377
docs\inst_test\instancias\n_1000_5,500,15,10,10,0.2000,123,9999245319,9999239307,79,1377
docs\inst_test\instancias\n_1000_5,500,15,10,5,0.3000,42,9999251530,9999242508,95,1377
docs\inst_test\instancias\n_1000_5,500,15,10,5,0.3000,2026,9999245335,9999239334,93,1377
docs\inst_test\instancias\n_1000_5,500,15,10,5,0.3000,123,9999245167,9999239325,95,1377
docs\inst_test\instancias\n_1000_5,500,15,10,5,0.2000,2026,9999251723,9999242588,103,1377
docs\inst_test\instancias\n_1000_5,500,15,10,10,0.1000,123,9999251790,9999242930,97,1377
docs\inst_test\instancias\n_1000_5,500,15,10,10,0.2000,42,9999251619,9999242724,97,1377
docs\inst_test\instancias\n_1000_5,500,15,10,10,0.3000,123,9999245197,9999239289,86,1377
docs\inst_test\instancias\n_1000_5,500,15,10,10,0.1000,2026,9999251638,9999242702,100,1377
docs\inst_test\instancias\n_1000_5,500,15,10,10,0.3000,2026,9999245335,9999239334,86,1377
docs\inst_test\instancias\n_1000_5,500,15,10,10,0.2000,2026,9999251733,9999242669,102,1377
docs\inst_test\instancias\n_1000_5,500,15,10,10,0.3000,42,9999251530,9999242508,97,1377
docs\inst_test\instancias\n_1000_5,500,15,10,20,0.1000,123,9999251790,9999242930,84,1377
docs\inst_test\instancias\n_1000_5,500,15,10,20,0.2000,123,9999245304,9999239283,75,1377
docs\inst_test\instancias\n_1000_5,500,15,10,20,0.2000,42,9999251619,9999242724,84,1377
docs\inst_test\instancias\n_1000_5,500,15,10,20,0.3000,123,9996122079,9996115351,77,1377
docs\inst_test\instancias\n_1000_5,500,15,10,20,0.3000,2026,9999245335,9999239334,77,1377
docs\inst_test\instancias\n_1000_5,500,15,10,20,0.1000,42,9999251614,9999242439,97,1377
docs\inst_test\instancias\n_1000_5,500,15,10,20,0.2000,2026,9999251733,9999242669,82,1377
docs\inst_test\instancias\n_1000_5,500,15,10,20,0.3000,42,9999251530,9999242508,89,1377
docs\inst_test\instancias\n_1000_5,500,15,10,20,0.1000,2026,9999251638,9999242702,103,1377
docs\inst_test\instancias\n_1000_5,500,15,15,5,0.1000,123,9999251790,9999242930,96,1377
docs\inst_test\instancias\n_1000_5,500,15,15,5,0.1000,42,9999251670,9999242490,97,1377
docs\inst_test\instancias\n_1000_5,500,15,15,5,0.2000,123,9999245324,9999239313,94,1377
docs\inst_test\instancias\n_1000_5,500,15,15,5,0.2000,42,9999251619,9999242724,96,1377
docs\inst_test\instancias\n_1000_5,500,15,15,5,0.1000,2026,9999251726,9999242716,100,1377
docs\inst_test\instancias\n_1000_5,500,15,15,5,0.2000,2026,9999251723,9999242588,100,1377
docs\inst_test\instancias\n_1000_5,500,15,15,5,0.3000,42,9999251530,9999242508,99,1377
docs\inst_test\instancias\n_1000_5,500,15,15,5,0.3000,123,9999245167,9999239325,95,1377
docs\inst_test\instancias\n_1000_5,500,15,15,5,0.3000,2026,9999245335,9999239334,94,1377
docs\inst_test\instancias\n_1000_5,500,15,15,10,0.2000,42,9999251619,9999242724,87,1377
docs\inst_test\instancias\n_1000_5,500,15,15,10,0.1000,123,9999251790,9999242930,91,1377
docs\inst_test\instancias\n_1000_5,500,15,15,10,0.1000,2026,9999251638,9999242702,90,1377
docs\inst_test\instancias\n_1000_5,500,15,15,10,0.2000,123,9999245319,9999239307,88,1377
docs\inst_test\instancias\n_1000_5,500,15,15,10,0.1000,42,9999251670,9999242490,105,1377
docs\inst_test\instancias\n_1000_5,500,15,15,10,0.3000,123,9999245197,9999239289,90,1377
docs\inst_test\instancias\n_1000_5,500,15,15,10,0.3000,2026,9999245335,9999239334,90,1377
docs\inst_test\instancias\n_1000_5,500,15,15,10,0.2000,2026,9999251733,9999242669,104,1377
docs\inst_test\instancias\n_1000_5,500,15,15,20,0.3000,42,9999251530,9999242508,82,1377
docs\inst_test\instancias\n_1000_5,500,15,15,20,0.2000,2026,9999251733,9999242669,82,1377
docs\inst_test\instancias\n_1000_5,500,15,15,10,0.3000,42,9999251530,9999242508,102,1377
docs\inst_test\instancias\n_1000_5,500,15,15,20,0.3000,2026,9999245335,9999239334,78,1377
docs\inst_test\instancias\n_1000_5,500,15,15,20,0.3000,123,9996122079,9996115351,80,1377
docs\inst_test\instancias\n_1000_5,500,15,15,20,0.1000,123,9999251790,9999242930,94,1377
docs\inst_test\instancias\n_1000_5,500,15,15,20,0.2000,123,9999245304,9999239283,89,1377
docs\inst_test\instancias\n_1000_5,500,15,15,20,0.1000,42,9999251614,9999242439,98,1377
docs\inst_test\instancias\n_1000_5,500,15,15,20,0.2000,42,9999251619,9999242724,99,1377
docs\inst_test\instancias\n_1000_5,500,15,15,20,0.1000,2026,9999251638,9999242702,104,1377
docs\inst_test\instancias\n_1000_5,500,20,7,5,0.1000,42,9999251670,9999242490,97,1377
docs\inst_test\instancias\n_1000_5,500,20,7,5,0.1000,2026,9999251726,9999242716,98,1377
docs\inst_test\instancias\n_1000_5,500,20,7,5,0.2000,42,9999251619,9999242724,96,1377
docs\inst_test\instancias\n_1000_5,500,20,7,5,0.3000,2026,9999245335,9999239334,87,1377
docs\inst_test\instancias\n_1000_5,500,20,7,10,0.1000,42,9999251670,9999242490,88,1377
docs\inst_test\instancias\n_1000_5,500,20,7,5,0.3000,123,9999245167,9999239325,91,1377
docs\inst_test\instancias\n_1000_5,500,20,7,5,0.3000,42,9999251530,9999242508,94,1377
docs\inst_test\instancias\n_1000_5,500,20,7,5,0.2000,123,9999245324,9999239313,99,1377
docs\inst_test\instancias\n_1000_5,500,20,7,5,0.1000,123,9999251790,9999242930,116,1377
docs\inst_test\instancias\n_1000_5,500,20,7,5,0.2000,2026,9999251723,9999242588,99,1377
docs\inst_test\instancias\n_1000_5,500,20,7,10,0.1000,123,9999251790,9999242930,89,1377
docs\inst_test\instancias\n_1000_5,500,20,7,10,0.3000,123,9999245197,9999239289,80,1377
docs\inst_test\instancias\n_1000_5,500,20,7,10,0.1000,2026,9999251638,9999242702,89,1377
docs\inst_test\instancias\n_1000_5,500,20,7,10,0.2000,2026,9999251733,9999242669,87,1377
docs\inst_test\instancias\n_1000_5,500,20,7,10,0.3000,42,9999251530,9999242508,86,1377
docs\inst_test\instancias\n_1000_5,500,20,7,10,0.2000,123,9999245319,9999239307,92,1377
docs\inst_test\instancias\n_1000_5,500,20,7,10,0.3000,2026,9999245335,9999239334,91,1377
docs\inst_test\instancias\n_1000_5,500,20,7,10,0.2000,42,9999251619,9999242724,99,1377
docs\inst_test\instancias\n_1000_5,500,20,7,20,0.2000,123,9999245304,9999239283,76,1377
docs\inst_test\instancias\n_1000_5,500,20,7,20,0.3000,2026,9999245335,9999239334,76,1377
docs\inst_test\instancias\n_1000_5,500,20,7,20,0.3000,123,9996122079,9996115351,78,1377
docs\inst_test\instancias\n_1000_5,500,20,7,20,0.2000,2026,9999251733,9999242669,82,1377
docs\inst_test\instancias\n_1000_5,500,20,7,20,0.1000,42,9999251614,9999242439,95,1377
docs\inst_test\instancias\n_1000_5,500,20,7,20,0.1000,123,9999251790,9999242930,95,1377
docs\inst_test\instancias\n_1000_5,500,20,7,20,0.3000,42,9999251530,9999242508,91,1377
docs\inst_test\instancias\n_1000_5,500,20,7,20,0.1000,2026,9999251638,9999242702,98,1377
docs\inst_test\instancias\n_1000_5,500,20,7,20,0.2000,42,9999251619,9999242724,96,1377
docs\inst_test\instancias\n_1000_5,500,20,10,5,0.1000,42,9999251670,9999242490,108,1377
docs\inst_test\instancias\n_1000_5,500,20,10,5,0.1000,123,9999251790,9999242930,105,1377
docs\inst_test\instancias\n_1000_5,500,20,10,5,0.2000,123,9999245324,9999239313,94,1377
docs\inst_test\instancias\n_1000_5,500,20,10,5,0.1000,2026,9999251726,9999242716,109,1377
docs\inst_test\instancias\n_1000_5,500,20,10,5,0.2000,2026,9999251723,9999242588,96,1377
docs\inst_test\instancias\n_1000_5,500,20,10,5,0.2000,42,9999251619,9999242724,105,1377
docs\inst_test\instancias\n_1000_5,500,20,10,5,0.3000,42,9999251530,9999242508,96,1377
docs\inst_test\instancias\n_1000_5,500,20,10,5,0.3000,123,9999245167,9999239325,88,1377
docs\inst_test\instancias\n_1000_5,500,20,10,10,0.1000,42,9999251670,9999242490,88,1377
docs\inst_test\instancias\n_1000_5,500,20,10,5,0.3000,2026,9999245335,9999239334,90,1377
docs\inst_test\instancias\n_1000_5,500,20,10,10,0.1000,2026,9999251638,9999242702,91,1377
docs\inst_test\instancias\n_1000_5,500,20,10,10,0.2000,123,9999245319,9999239307,89,1377
docs\inst_test\instancias\n_1000_5,500,20,10,10,0.2000,2026,9999251733,9999242669,91,1377
docs\inst_test\instancias\n_1000_5,500,20,10,10,0.1000,123,9999251790,9999242930,98,1377
docs\inst_test\instancias\n_1000_5,500,20,10,10,0.3000,123,9999245197,9999239289,80,1377
docs\inst_test\instancias\n_1000_5,500,20,10,10,0.2000,42,9999251619,9999242724,99,1377
docs\inst_test\instancias\n_1000_5,500,20,10,10,0.3000,2026,9999245335,9999239334,78,1377
docs\inst_test\instancias\n_1000_5,500,20,10,10,0.3000,42,9999251530,9999242508,87,1377
docs\inst_test\instancias\n_1000_5,500,20,10,20,0.1000,123,9999251790,9999242930,83,1377
docs\inst_test\instancias\n_1000_5,500,20,10,20,0.1000,42,9999251614,9999242439,89,1377
docs\inst_test\instancias\n_1000_5,500,20,10,20,0.3000,2026,9999245335,9999239334,76,1377
docs\inst_test\instancias\n_1000_5,500,20,10,20,0.3000,123,9996122079,9996115351,78,1377
docs\inst_test\instancias\n_1000_5,500,20,10,20,0.2000,123,9999245304,9999239283,87,1377
docs\inst_test\instancias\n_1000_5,500,20,10,20,0.2000,2026,9999251733,9999242669,85,1377
docs\inst_test\instancias\n_1000_5,500,20,10,20,0.1000,2026,9999251638,9999242702,97,1377
docs\inst_test\instancias\n_1000_5,500,20,10,20,0.3000,42,9999251530,9999242508,87,1377
docs\inst_test\instancias\n_1000_5,500,20,10,20,0.2000,42,9999251619,9999242724,97,1377
docs\inst_test\instancias\n_1000_5,500,20,15,5,0.1000,42,9999251670,9999242490,104,1377
docs\inst_test\instancias\n_1000_5,500,20,15,5,0.2000,123,9999245324,9999239313,94,1377
docs\inst_test\instancias\n_1000_5,500,20,15,5,0.1000,123,9999251790,9999242930,104,1377
docs\inst_test\instancias\n_1000_5,500,20,15,5,0.2000,42,9999251619,9999242724,100,1377
docs\inst_test\instancias\n_1000_5,500,20,15,5,0.1000,2026,9999251726,9999242716,103,1377
docs\inst_test\instancias\n_1000_5,500,20,15,5,0.3000,123,9999245167,9999239325,87,1377
docs\inst_test\instancias\n_1000_5,500,20,15,10,0.2000,123,9999245319,9999239307,79,1377
docs\inst_test\instancias\n_1000_5,500,20,15,5,0.3000,2026,9999245335,9999239334,90,1377
docs\inst_test\instancias\n_1000_5,500,20,15,10,0.1000,42,9999251670,9999242490,88,1377
docs\inst_test\instancias\n_1000_5,500,20,15,10,0.2000,42,9999251619,9999242724,89,1377
docs\inst_test\instancias\n_1000_5,500,20,15,10,0.1000,2026,9999251638,9999242702,89,1377
docs\inst_test\instancias\n_1000_5,500,20,15,5,0.2000,2026,9999251723,9999242588,98,1377
docs\inst_test\instancias\n_1000_5,500,20,15,10,0.3000,2026,9999245335,9999239334,74,1377
docs\inst_test\instancias\n_1000_5,500,20,15,10,0.3000,123,9999245197,9999239289,79,1377
docs\inst_test\instancias\n_1000_5,500,20,15,5,0.3000,42,9999251530,9999242508,99,1377
docs\inst_test\instancias\n_1000_5,500,20,15,10,0.2000,2026,9999251733,9999242669,84,1377
docs\inst_test\instancias\n_1000_5,500,20,15,10,0.1000,123,9999251790,9999242930,92,1377
docs\inst_test\instancias\n_1000_5,500,20,15,10,0.3000,42,9999251530,9999242508,82,1377
docs\inst_test\instancias\n_1000_5,500,20,15,20,0.1000,42,9999251614,9999242439,80,1377
docs\inst_test\instancias\n_1000_5,500,20,15,20,0.1000,2026,9999251638,9999242702,78,1377
docs\inst_test\instancias\n_1000_5,500,20,15,20,0.2000,123,9999245304,9999239283,73,1377
docs\inst_test\instancias\n_1000_5,500,20,15,20,0.2000,42,9999251619,9999242724,79,1377
docs\inst_test\instancias\n_1000_5,500,20,15,20,0.1000,123,9999251790,9999242930,82,1377
docs\inst_test\instancias\n_1000_5,500,20,15,20,0.2000,2026,9999251733,9999242669,74,1377
docs\inst_test\instancias\n_1000_5,500,20,15,20,0.3000,2026,9999245335,9999239334,66,1377
docs\inst_test\instancias\n_1000_5,500,20,15,20,0.3000,123,9996122079,9996115351,68,1377
docs\inst_test\instancias\n_1000_5,500,20,15,20,0.3000,42,9999251530,9999242508,76,1377
docs\inst_test\instancias\n_1000_6,100,10,7,20,0.2000,123,9996100338,9996100114,12,1064
docs\inst_test\instancias\n_1000_6,100,10,7,20,0.1000,2026,9996100338,9996100114,13,1064
docs\inst_test\instancias\n_1000_6,100,10,7,20,0.3000,2026,9996100338,9996100114,12,1064
docs\inst_test\instancias\n_1000_6,100,10,7,10,0.1000,2026,9996100338,9996100114,15,1064
docs\inst_test\instancias\n_1000_6,100,10,7,20,0.2000,42,9996100338,9996100114,13,1064
docs\inst_test\instancias\n_1000_6,100,10,7,20,0.1000,123,9996100338,9996100114,13,1064
docs\inst_test\instancias\n_1000_6,100,10,7,10,0.3000,2026,9996100338,9996100114,13,1064
docs\inst_test\instancias\n_1000_6,100,10,7,10,0.1000,42,9996100338,9996100114,13,1064
docs\inst_test\instancias\n_1000_6,100,10,7,20,0.3000,123,9996100338,9996100114,12,1064
docs\inst_test\instancias\n_1000_6,100,10,7,20,0.3000,42,9996100338,9996100114,14,1064
docs\inst_test\instancias\n_1000_6,100,10,7,5,0.1000,123,9996100338,9996100114,16,1064
docs\inst_test\instancias\n_1000_6,100,10,7,20,0.2000,2026,9996100338,9996100114,14,1064
docs\inst_test\instancias\n_1000_6,100,10,7,5,0.1000,2026,9996100338,9996100114,16,1064
docs\inst_test\instancias\n_1000_6,100,10,10,5,0.1000,42,9996100338,9996100114,16,1064
docs\inst_test\instancias\n_1000_6,100,10,10,5,0.1000,2026,9996100338,9996100114,16,1064
docs\inst_test\instancias\n_1000_6,100,10,7,10,0.1000,123,9996100338,9996100114,18,1064
docs\inst_test\instancias\n_1000_6,100,10,10,5,0.2000,123,9996100338,9996100114,16,1064
docs\inst_test\instancias\n_1000_6,100,10,7,5,0.1000,42,9996100338,9996100114,21,1064
docs\inst_test\instancias\n_1000_6,100,10,10,5,0.1000,123,9996100338,9996100114,20,1064
docs\inst_test\instancias\n_1000_6,100,10,7,10,0.3000,42,9996100342,9996100137,20,1064
docs\inst_test\instancias\n_1000_6,100,10,7,10,0.2000,2026,9996100338,9996100114,20,1064
docs\inst_test\instancias\n_1000_6,100,10,7,5,0.2000,2026,9996100338,9996100114,20,1064
docs\inst_test\instancias\n_1000_6,100,10,7,10,0.2000,42,9996100340,9996100107,20,1064
docs\inst_test\instancias\n_1000_6,100,10,7,5,0.2000,42,9996100340,9996100107,22,1064
docs\inst_test\instancias\n_1000_6,100,10,7,10,0.3000,123,9996100338,9996100114,21,1064
docs\inst_test\instancias\n_1000_6,100,10,7,5,0.3000,42,9996100342,9996100137,23,1064
docs\inst_test\instancias\n_1000_6,100,10,7,10,0.2000,123,9996100338,9996100114,21,1064
docs\inst_test\instancias\n_1000_6,100,10,7,5,0.3000,2026,9996100344,9996100131,21,1064
docs\inst_test\instancias\n_1000_6,100,10,7,20,0.1000,42,9996100338,9996100114,20,1064
docs\inst_test\instancias\n_1000_6,100,10,7,5,0.3000,123,9996100338,9996100114,24,1064
docs\inst_test\instancias\n_1000_6,100,10,7,5,0.2000,123,9996100338,9996100114,24,1064
docs\inst_test\instancias\n_1000_6,100,10,10,10,0.1000,123,9996100338,9996100114,13,1064
docs\inst_test\instancias\n_1000_6,100,10,10,10,0.2000,42,9996100340,9996100107,13,1064
docs\inst_test\instancias\n_1000_6,100,10,10,10,0.1000,42,9996100338,9996100114,13,1064
docs\inst_test\instancias\n_1000_6,100,10,10,10,0.2000,123,9996100338,9996100114,13,1064
docs\inst_test\instancias\n_1000_6,100,10,10,10,0.1000,2026,9996100338,9996100114,13,1064
docs\inst_test\instancias\n_1000_6,100,10,10,10,0.3000,42,9996100342,9996100137,13,1064
docs\inst_test\instancias\n_1000_6,100,10,10,10,0.2000,2026,9996100338,9996100114,13,1064
docs\inst_test\instancias\n_1000_6,100,10,10,10,0.3000,123,9996100338,9996100114,13,1064
docs\inst_test\instancias\n_1000_6,100,10,10,10,0.3000,2026,9996100338,9996100114,13,1064
docs\inst_test\instancias\n_1000_6,100,10,10,5,0.2000,2026,9996100338,9996100114,15,1064
docs\inst_test\instancias\n_1000_6,100,10,10,5,0.3000,42,9996100342,9996100137,14,1064
docs\inst_test\instancias\n_1000_6,100,10,10,5,0.3000,2026,9996100344,9996100131,15,1064
docs\inst_test\instancias\n_1000_6,100,10,10,20,0.1000,42,9996100338,9996100114,13,1064
docs\inst_test\instancias\n_1000_6,100,10,10,20,0.1000,123,9996100338,9996100114,13,1064
docs\inst_test\instancias\n_1000_6,100,10,10,20,0.2000,42,9996100338,9996100114,12,1064
docs\inst_test\instancias\n_1000_6,100,10,10,5,0.2000,42,9996100340,9996100107,32,1064
docs\inst_test\instancias\n_1000_6,100,10,10,5,0.3000,123,9996100338,9996100114,23,1064
docs\inst_test\instancias\n_1000_6,100,10,10,20,0.1000,2026,9996100338,9996100114,21,1064
docs\inst_test\instancias\n_1000_6,100,10,10,20,0.2000,123,9996100338,9996100114,20,1064
docs\inst_test\instancias\n_1000_6,100,10,10,20,0.3000,42,9996100338,9996100114,20,1064
docs\inst_test\instancias\n_1000_6,100,10,10,20,0.3000,123,9996100338,9996100114,20,1064
docs\inst_test\instancias\n_1000_6,100,10,10,20,0.2000,2026,9996100338,9996100114,20,1064
docs\inst_test\instancias\n_1000_6,100,10,15,10,0.2000,123,9996100338,9996100114,14,1064
docs\inst_test\instancias\n_1000_6,100,10,15,20,0.1000,42,9996100338,9996100114,13,1064
docs\inst_test\instancias\n_1000_6,100,10,15,10,0.2000,42,9996100340,9996100107,14,1064
docs\inst_test\instancias\n_1000_6,100,10,10,20,0.3000,2026,9996100338,9996100114,20,1064
docs\inst_test\instancias\n_1000_6,100,10,15,10,0.1000,2026,9996100338,9996100114,14,1064
docs\inst_test\instancias\n_1000_6,100,10,15,20,0.1000,2026,9996100338,9996100114,12,1064
docs\inst_test\instancias\n_1000_6,100,10,15,10,0.1000,42,9996100338,9996100114,14,1064
docs\inst_test\instancias\n_1000_6,100,10,15,10,0.2000,2026,9996100338,9996100114,13,1064
docs\inst_test\instancias\n_1000_6,100,10,15,10,0.1000,123,9996100338,9996100114,15,1064
docs\inst_test\instancias\n_1000_6,100,10,15,10,0.3000,42,9996100342,9996100137,14,1064
docs\inst_test\instancias\n_1000_6,100,10,15,20,0.1000,123,9996100338,9996100114,13,1064
docs\inst_test\instancias\n_1000_6,100,10,15,10,0.3000,123,9996100338,9996100114,14,1064
docs\inst_test\instancias\n_1000_6,100,10,15,10,0.3000,2026,9996100338,9996100114,14,1064
docs\inst_test\instancias\n_1000_6,100,10,15,20,0.2000,42,9996100338,9996100114,13,1064
docs\inst_test\instancias\n_1000_6,100,10,15,5,0.1000,123,9996100338,9996100114,22,1064
docs\inst_test\instancias\n_1000_6,100,10,15,20,0.2000,123,9996100338,9996100114,12,1064
docs\inst_test\instancias\n_1000_6,100,10,15,5,0.2000,42,9996100340,9996100107,23,1064
docs\inst_test\instancias\n_1000_6,100,10,15,5,0.3000,2026,9996100344,9996100131,22,1064
docs\inst_test\instancias\n_1000_6,100,10,15,5,0.1000,42,9996100338,9996100114,24,1064
docs\inst_test\instancias\n_1000_6,100,10,15,5,0.2000,2026,9996100338,9996100114,23,1064
docs\inst_test\instancias\n_1000_6,100,10,15,20,0.2000,2026,9996100338,9996100114,12,1064
docs\inst_test\instancias\n_1000_6,100,10,15,5,0.1000,2026,9996100338,9996100114,24,1064
docs\inst_test\instancias\n_1000_6,100,10,15,5,0.3000,123,9996100338,9996100114,23,1064
docs\inst_test\instancias\n_1000_6,100,10,15,5,0.3000,42,9996100342,9996100137,24,1064
docs\inst_test\instancias\n_1000_6,100,10,15,20,0.3000,42,9996100338,9996100114,13,1064
docs\inst_test\instancias\n_1000_6,100,10,15,5,0.2000,123,9996100338,9996100114,27,1064
docs\inst_test\instancias\n_1000_6,100,15,7,10,0.1000,42,9996100338,9996100114,13,1064
docs\inst_test\instancias\n_1000_6,100,15,7,10,0.1000,2026,9996100338,9996100114,14,1064
docs\inst_test\instancias\n_1000_6,100,15,7,10,0.2000,123,9996100338,9996100114,13,1064
docs\inst_test\instancias\n_1000_6,100,15,7,10,0.2000,42,9996100340,9996100107,14,1064
docs\inst_test\instancias\n_1000_6,100,15,7,5,0.3000,2026,9996100344,9996100131,15,1064
docs\inst_test\instancias\n_1000_6,100,15,7,10,0.3000,42,9996100342,9996100137,14,1064
docs\inst_test\instancias\n_1000_6,100,15,7,10,0.3000,123,9996100338,9996100114,14,1064
docs\inst_test\instancias\n_1000_6,100,15,7,5,0.3000,42,9996100342,9996100137,15,1064
docs\inst_test\instancias\n_1000_6,100,15,7,10,0.2000,2026,9996100338,9996100114,15,1064
docs\inst_test\instancias\n_1000_6,100,15,7,5,0.2000,123,9996100338,9996100114,16,1064
docs\inst_test\instancias\n_1000_6,100,15,7,5,0.2000,2026,9996100338,9996100114,16,1064
docs\inst_test\instancias\n_1000_6,100,15,7,10,0.3000,2026,9996100338,9996100114,14,1064
docs\inst_test\instancias\n_1000_6,100,15,7,20,0.3000,42,9996100338,9996100114,12,1064
docs\inst_test\instancias\n_1000_6,100,15,7,10,0.1000,123,9996100338,9996100114,17,1064
docs\inst_test\instancias\n_1000_6,100,10,15,20,0.3000,123,9996100338,9996100114,21,1064
docs\inst_test\instancias\n_1000_6,100,10,15,20,0.3000,2026,9996100338,9996100114,20,1064
docs\inst_test\instancias\n_1000_6,100,15,7,20,0.1000,123,9996100338,9996100114,17,1064
docs\inst_test\instancias\n_1000_6,100,15,7,5,0.1000,42,9996100338,9996100114,23,1064
docs\inst_test\instancias\n_1000_6,100,15,7,5,0.1000,123,9996100338,9996100114,22,1064
docs\inst_test\instancias\n_1000_6,100,15,7,5,0.3000,123,9996100338,9996100114,23,1064
docs\inst_test\instancias\n_1000_6,100,15,7,20,0.1000,2026,9996100338,9996100114,20,1064
docs\inst_test\instancias\n_1000_6,100,15,7,20,0.1000,42,9996100338,9996100114,21,1064
docs\inst_test\instancias\n_1000_6,100,15,7,20,0.2000,42,9996100338,9996100114,20,1064
docs\inst_test\instancias\n_1000_6,100,15,7,5,0.1000,2026,9996100338,9996100114,23,1064
docs\inst_test\instancias\n_1000_6,100,15,7,20,0.2000,2026,9996100338,9996100114,20,1064
docs\inst_test\instancias\n_1000_6,100,15,7,20,0.2000,123,9996100338,9996100114,21,1064
docs\inst_test\instancias\n_1000_6,100,15,7,20,0.3000,123,9996100338,9996100114,20,1064
docs\inst_test\instancias\n_1000_6,100,15,7,5,0.2000,42,9996100340,9996100107,25,1064
docs\inst_test\instancias\n_1000_6,100,15,10,5,0.1000,123,9996100338,9996100114,18,1064
docs\inst_test\instancias\n_1000_6,100,15,7,20,0.3000,2026,9996100338,9996100114,21,1064
docs\inst_test\instancias\n_1000_6,100,15,10,5,0.1000,42,9996100338,9996100114,23,1064
docs\inst_test\instancias\n_1000_6,100,15,10,10,0.1000,123,9996100338,9996100114,14,1064
docs\inst_test\instancias\n_1000_6,100,15,10,10,0.2000,42,9996100340,9996100107,13,1064
docs\inst_test\instancias\n_1000_6,100,15,10,10,0.1000,2026,9996100338,9996100114,13,1064
docs\inst_test\instancias\n_1000_6,100,15,10,10,0.1000,42,9996100338,9996100114,14,1064
docs\inst_test\instancias\n_1000_6,100,15,10,5,0.2000,42,9996100340,9996100107,16,1064
docs\inst_test\instancias\n_1000_6,100,15,10,10,0.2000,123,9996100338,9996100114,14,1064
docs\inst_test\instancias\n_1000_6,100,15,10,5,0.2000,123,9996100338,9996100114,15,1064
docs\inst_test\instancias\n_1000_6,100,15,10,5,0.2000,2026,9996100338,9996100114,15,1064
docs\inst_test\instancias\n_1000_6,100,15,10,10,0.3000,42,9996100342,9996100137,14,1064
docs\inst_test\instancias\n_1000_6,100,15,10,10,0.3000,123,9996100338,9996100114,14,1064
docs\inst_test\instancias\n_1000_6,100,15,10,5,0.3000,42,9996100342,9996100137,16,1064
docs\inst_test\instancias\n_1000_6,100,15,10,10,0.2000,2026,9996100338,9996100114,15,1064
docs\inst_test\instancias\n_1000_6,100,15,10,5,0.3000,123,9996100338,9996100114,16,1064
docs\inst_test\instancias\n_1000_6,100,15,10,20,0.1000,123,9996100338,9996100114,12,1064
docs\inst_test\instancias\n_1000_6,100,15,10,5,0.1000,2026,9996100338,9996100114,24,1064
docs\inst_test\instancias\n_1000_6,100,15,10,5,0.3000,2026,9996100344,9996100131,19,1064
docs\inst_test\instancias\n_1000_6,100,15,10,10,0.3000,2026,9996100338,9996100114,20,1064
docs\inst_test\instancias\n_1000_6,100,15,10,20,0.1000,42,9996100338,9996100114,21,1064
docs\inst_test\instancias\n_1000_6,100,15,15,5,0.2000,123,9996100338,9996100114,15,1064
docs\inst_test\instancias\n_1000_6,100,15,10,20,0.2000,42,9996100338,9996100114,20,1064
docs\inst_test\instancias\n_1000_6,100,15,15,10,0.1000,123,9996100338,9996100114,13,1064
docs\inst_test\instancias\n_1000_6,100,15,15,10,0.1000,42,9996100338,9996100114,13,1064
docs\inst_test\instancias\n_1000_6,100,15,15,10,0.1000,2026,9996100338,9996100114,13,1064
docs\inst_test\instancias\n_1000_6,100,15,10,20,0.3000,42,9996100338,9996100114,20,1064
docs\inst_test\instancias\n_1000_6,100,15,15,10,0.2000,123,9996100338,9996100114,13,1064
docs\inst_test\instancias\n_1000_6,100,15,10,20,0.2000,2026,9996100338,9996100114,20,1064
docs\inst_test\instancias\n_1000_6,100,15,15,20,0.1000,42,9996100338,9996100114,12,1064
docs\inst_test\instancias\n_1000_6,100,15,10,20,0.2000,123,9996100338,9996100114,20,1064
docs\inst_test\instancias\n_1000_6,100,15,15,10,0.2000,2026,9996100338,9996100114,13,1064
docs\inst_test\instancias\n_1000_6,100,15,15,10,0.3000,42,9996100342,9996100137,13,1064
docs\inst_test\instancias\n_1000_6,100,15,15,20,0.1000,2026,9996100338,9996100114,13,1064
docs\inst_test\instancias\n_1000_6,100,15,10,20,0.1000,2026,9996100338,9996100114,22,1064
docs\inst_test\instancias\n_1000_6,100,15,15,10,0.3000,123,9996100338,9996100114,13,1064
docs\inst_test\instancias\n_1000_6,100,15,15,5,0.3000,2026,9996100344,9996100131,15,1064
docs\inst_test\instancias\n_1000_6,100,15,15,5,0.3000,123,9996100338,9996100114,16,1064
docs\inst_test\instancias\n_1000_6,100,15,15,10,0.3000,2026,9996100338,9996100114,14,1064
docs\inst_test\instancias\n_1000_6,100,15,10,20,0.3000,2026,9996100338,9996100114,21,1064
docs\inst_test\instancias\n_1000_6,100,15,15,10,0.2000,42,9996100340,9996100107,15,1064
docs\inst_test\instancias\n_1000_6,100,15,10,20,0.3000,123,9996100338,9996100114,22,1064
docs\inst_test\instancias\n_1000_6,100,15,15,20,0.1000,123,9996100338,9996100114,16,1064
docs\inst_test\instancias\n_1000_6,100,15,15,5,0.1000,2026,9996100338,9996100114,22,1064
docs\inst_test\instancias\n_1000_6,100,15,15,20,0.2000,123,9996100338,9996100114,12,1064
docs\inst_test\instancias\n_1000_6,100,15,15,5,0.2000,42,9996100340,9996100107,22,1064
docs\inst_test\instancias\n_1000_6,100,15,15,5,0.1000,123,9996100338,9996100114,23,1064
docs\inst_test\instancias\n_1000_6,100,15,15,5,0.1000,42,9996100338,9996100114,25,1064
docs\inst_test\instancias\n_1000_6,100,15,15,5,0.2000,2026,9996100338,9996100114,25,1064
docs\inst_test\instancias\n_1000_6,100,15,15,5,0.3000,42,9996100342,9996100137,22,1064
docs\inst_test\instancias\n_1000_6,100,15,15,20,0.3000,123,9996100338,9996100114,13,1064
docs\inst_test\instancias\n_1000_6,100,15,15,20,0.2000,42,9996100338,9996100114,21,1064
docs\inst_test\instancias\n_1000_6,100,20,7,10,0.1000,42,9996100338,9996100114,14,1064
docs\inst_test\instancias\n_1000_6,100,20,7,10,0.2000,42,9996100340,9996100107,13,1064
docs\inst_test\instancias\n_1000_6,100,20,7,10,0.2000,123,9996100338,9996100114,13,1064
docs\inst_test\instancias\n_1000_6,100,20,7,5,0.1000,2026,9996100338,9996100114,15,1064
docs\inst_test\instancias\n_1000_6,100,20,7,10,0.2000,2026,9996100338,9996100114,13,1064
docs\inst_test\instancias\n_1000_6,100,20,7,10,0.1000,123,9996100338,9996100114,14,1064
docs\inst_test\instancias\n_1000_6,100,15,15,20,0.2000,2026,9996100338,9996100114,21,1064
docs\inst_test\instancias\n_1000_6,100,20,7,10,0.3000,42,9996100342,9996100137,14,1064
docs\inst_test\instancias\n_1000_6,100,20,7,5,0.3000,42,9996100342,9996100137,15,1064
docs\inst_test\instancias\n_1000_6,100,20,7,5,0.2000,123,9996100338,9996100114,15,1064
docs\inst_test\instancias\n_1000_6,100,20,7,5,0.3000,2026,9996100344,9996100131,15,1064
docs\inst_test\instancias\n_1000_6,100,20,7,20,0.1000,123,9996100338,9996100114,12,1064
docs\inst_test\instancias\n_1000_6,100,20,7,5,0.1000,123,9996100338,9996100114,17,1064
docs\inst_test\instancias\n_1000_6,100,20,7,5,0.1000,42,9996100338,9996100114,17,1064
docs\inst_test\instancias\n_1000_6,100,20,7,20,0.2000,42,9996100338,9996100114,13,1064
docs\inst_test\instancias\n_1000_6,100,20,7,10,0.3000,2026,9996100338,9996100114,15,1064
docs\inst_test\instancias\n_1000_6,100,15,15,20,0.3000,42,9996100338,9996100114,22,1064
docs\inst_test\instancias\n_1000_6,100,15,15,20,0.3000,2026,9996100338,9996100114,22,1064
docs\inst_test\instancias\n_1000_6,100,20,7,5,0.2000,42,9996100340,9996100107,23,1064
docs\inst_test\instancias\n_1000_6,100,20,7,5,0.3000,123,9996100338,9996100114,23,1064
docs\inst_test\instancias\n_1000_6,100,20,7,10,0.3000,123,9996100338,9996100114,21,1064
docs\inst_test\instancias\n_1000_6,100,20,7,10,0.1000,2026,9996100338,9996100114,23,1064
docs\inst_test\instancias\n_1000_6,100,20,7,20,0.2000,2026,9996100338,9996100114,19,1064
docs\inst_test\instancias\n_1000_6,100,20,7,5,0.2000,2026,9996100338,9996100114,24,1064
docs\inst_test\instancias\n_1000_6,100,20,7,20,0.1000,42,9996100338,9996100114,22,1064
docs\inst_test\instancias\n_1000_6,100,20,10,5,0.1000,42,9996100338,9996100114,16,1064
docs\inst_test\instancias\n_1000_6,100,20,7,20,0.2000,123,9996100338,9996100114,22,1064
docs\inst_test\instancias\n_1000_6,100,20,7,20,0.1000,2026,9996100338,9996100114,23,1064
docs\inst_test\instancias\n_1000_6,100,20,7,20,0.3000,42,9996100338,9996100114,21,1064
docs\inst_test\instancias\n_1000_6,100,20,7,20,0.3000,123,9996100338,9996100114,21,1064
docs\inst_test\instancias\n_1000_6,100,20,10,10,0.1000,123,9996100338,9996100114,13,1064
docs\inst_test\instancias\n_1000_6,100,20,10,10,0.1000,42,9996100338,9996100114,13,1064
docs\inst_test\instancias\n_1000_6,100,20,10,10,0.1000,2026,9996100338,9996100114,13,1064
docs\inst_test\instancias\n_1000_6,100,20,10,10,0.2000,42,9996100340,9996100107,13,1064
docs\inst_test\instancias\n_1000_6,100,20,10,5,0.1000,2026,9996100338,9996100114,15,1064
docs\inst_test\instancias\n_1000_6,100,20,10,5,0.2000,42,9996100340,9996100107,15,1064
docs\inst_test\instancias\n_1000_6,100,20,10,10,0.2000,123,9996100338,9996100114,13,1064
docs\inst_test\instancias\n_1000_6,100,20,10,10,0.2000,2026,9996100338,9996100114,13,1064
docs\inst_test\instancias\n_1000_6,100,20,7,20,0.3000,2026,9996100338,9996100114,22,1064
docs\inst_test\instancias\n_1000_6,100,20,10,5,0.3000,42,9996100342,9996100137,15,1064
docs\inst_test\instancias\n_1000_6,100,20,10,10,0.3000,123,9996100338,9996100114,13,1064
docs\inst_test\instancias\n_1000_6,100,20,10,10,0.3000,42,9996100342,9996100137,13,1064
docs\inst_test\instancias\n_1000_6,100,20,10,5,0.3000,123,9996100338,9996100114,16,1064
docs\inst_test\instancias\n_1000_6,100,20,10,10,0.3000,2026,9996100338,9996100114,13,1064
docs\inst_test\instancias\n_1000_6,100,20,10,5,0.2000,123,9996100338,9996100114,20,1064
docs\inst_test\instancias\n_1000_6,100,20,10,5,0.2000,2026,9996100338,9996100114,19,1064
docs\inst_test\instancias\n_1000_6,100,20,10,5,0.1000,123,9996100338,9996100114,26,1064
docs\inst_test\instancias\n_1000_6,100,20,10,20,0.1000,42,9996100338,9996100114,21,1064
docs\inst_test\instancias\n_1000_6,100,20,15,5,0.1000,42,9996100338,9996100114,15,1064
docs\inst_test\instancias\n_1000_6,100,20,10,20,0.1000,123,9996100338,9996100114,20,1064
docs\inst_test\instancias\n_1000_6,100,20,10,20,0.1000,2026,9996100338,9996100114,19,1064
docs\inst_test\instancias\n_1000_6,100,20,15,10,0.1000,42,9996100338,9996100114,13,1064
docs\inst_test\instancias\n_1000_6,100,20,15,10,0.2000,42,9996100340,9996100107,13,1064
docs\inst_test\instancias\n_1000_6,100,20,15,10,0.1000,123,9996100338,9996100114,14,1064
docs\inst_test\instancias\n_1000_6,100,20,10,20,0.2000,42,9996100338,9996100114,20,1064
docs\inst_test\instancias\n_1000_6,100,20,15,10,0.1000,2026,9996100338,9996100114,13,1064
docs\inst_test\instancias\n_1000_6,100,20,10,20,0.2000,123,9996100338,9996100114,20,1064
docs\inst_test\instancias\n_1000_6,100,20,15,20,0.1000,42,9996100338,9996100114,12,1064
docs\inst_test\instancias\n_1000_6,100,20,15,10,0.3000,42,9996100342,9996100137,13,1064
docs\inst_test\instancias\n_1000_6,100,20,15,10,0.2000,2026,9996100338,9996100114,13,1064
docs\inst_test\instancias\n_1000_6,100,20,15,5,0.2000,2026,9996100338,9996100114,14,1064
docs\inst_test\instancias\n_1000_6,100,20,10,5,0.3000,2026,9996100344,9996100131,29,1064
docs\inst_test\instancias\n_1000_6,100,20,10,20,0.3000,42,9996100338,9996100114,20,1064
docs\inst_test\instancias\n_1000_6,100,20,15,10,0.3000,123,9996100338,9996100114,14,1064
docs\inst_test\instancias\n_1000_6,100,20,15,5,0.3000,123,9996100338,9996100114,15,1064
docs\inst_test\instancias\n_1000_6,100,20,15,5,0.3000,2026,9996100344,9996100131,15,1064
docs\inst_test\instancias\n_1000_6,100,20,10,20,0.2000,2026,9996100338,9996100114,20,1064
docs\inst_test\instancias\n_1000_6,100,20,10,20,0.3000,123,9996100338,9996100114,21,1064
docs\inst_test\instancias\n_1000_6,100,20,15,10,0.3000,2026,9996100338,9996100114,14,1064
docs\inst_test\instancias\n_1000_6,100,20,15,5,0.3000,42,9996100342,9996100137,16,1064
docs\inst_test\instancias\n_1000_6,100,20,10,20,0.3000,2026,9996100338,9996100114,20,1064
docs\inst_test\instancias\n_1000_6,100,20,15,20,0.1000,123,9996100338,9996100114,12,1064
docs\inst_test\instancias\n_1000_6,100,20,15,20,0.1000,2026,9996100338,9996100114,13,1064
docs\inst_test\instancias\n_1000_6,100,20,15,5,0.1000,123,9996100338,9996100114,22,1064
docs\inst_test\instancias\n_1000_6,100,20,15,5,0.1000,2026,9996100338,9996100114,22,1064
docs\inst_test\instancias\n_1000_6,100,20,15,5,0.2000,42,9996100340,9996100107,22,1064
docs\inst_test\instancias\n_1000_6,100,20,15,10,0.2000,123,9996100338,9996100114,21,1064
docs\inst_test\instancias\n_1000_6,100,20,15,5,0.2000,123,9996100338,9996100114,23,1064
docs\inst_test\instancias\n_1000_6,100,20,15,20,0.2000,2026,9996100338,9996100114,12,1064
docs\inst_test\instancias\n_1000_6,100,20,15,20,0.3000,2026,9996100338,9996100114,13,1064
docs\inst_test\instancias\n_1000_6,100,20,15,20,0.2000,42,9996100338,9996100114,20,1064
docs\inst_test\instancias\n_1000_6,100,20,15,20,0.2000,123,9996100338,9996100114,21,1064
docs\inst_test\instancias\n_1000_6,100,20,15,20,0.3000,42,9996100338,9996100114,21,1064
docs\inst_test\instancias\n_1000_6,100,20,15,20,0.3000,123,9996100338,9996100114,21,1064
docs\inst_test\instancias\n_1000_6,300,10,7,10,0.2000,42,9996100341,9996100155,40,1064
docs\inst_test\instancias\n_1000_6,300,10,7,20,0.1000,123,9996100338,9996100114,39,1064
docs\inst_test\instancias\n_1000_6,300,10,7,10,0.2000,123,9996100344,9996100077,41,1064
docs\inst_test\instancias\n_1000_6,300,10,7,10,0.1000,2026,9996100340,9996100161,41,1064
docs\inst_test\instancias\n_1000_6,300,10,7,20,0.1000,2026,9996100338,9996100114,39,1064
docs\inst_test\instancias\n_1000_6,300,10,7,10,0.3000,123,9996100344,9996100077,41,1064
docs\inst_test\instancias\n_1000_6,300,10,7,10,0.3000,2026,9996100344,9996100131,42,1064
docs\inst_test\instancias\n_1000_6,300,10,7,5,0.1000,42,9996100340,9996100161,46,1064
docs\inst_test\instancias\n_1000_6,300,10,7,5,0.3000,2026,9996100344,9996100131,46,1064
docs\inst_test\instancias\n_1000_6,300,10,7,5,0.1000,123,9996100344,9996100077,46,1064
docs\inst_test\instancias\n_1000_6,300,10,7,5,0.3000,123,9996100344,9996100077,47,1064
docs\inst_test\instancias\n_1000_6,300,10,7,5,0.3000,42,9996100342,9996100137,47,1064
docs\inst_test\instancias\n_1000_6,300,10,7,20,0.3000,2026,9996100344,9996100131,39,1064
docs\inst_test\instancias\n_1000_6,300,10,7,5,0.2000,2026,9996100340,9996100107,50,1064
docs\inst_test\instancias\n_1000_6,300,10,7,5,0.2000,42,9996100342,9996100137,54,1064
docs\inst_test\instancias\n_1000_6,300,10,10,5,0.1000,42,9996100340,9996100161,46,1064
docs\inst_test\instancias\n_1000_6,300,10,7,10,0.1000,123,9996100344,9996100077,64,1064
docs\inst_test\instancias\n_1000_6,300,10,7,20,0.1000,42,9996100338,9996100114,64,1064
docs\inst_test\instancias\n_1000_6,300,10,7,10,0.1000,42,9996100340,9996100161,66,1064
docs\inst_test\instancias\n_1000_6,300,10,7,20,0.2000,2026,9996100338,9996100114,61,1064
docs\inst_test\instancias\n_1000_6,300,10,7,10,0.2000,2026,9996100340,9996100107,66,1064
docs\inst_test\instancias\n_1000_6,300,10,7,10,0.3000,42,9996100342,9996100137,65,1064
docs\inst_test\instancias\n_1000_6,300,10,7,5,0.2000,123,9996100344,9996100077,69,1064
docs\inst_test\instancias\n_1000_6,300,10,7,5,0.1000,2026,9996100340,9996100161,70,1064
docs\inst_test\instancias\n_1000_6,300,10,7,20,0.3000,42,9996100342,9996100137,62,1064
docs\inst_test\instancias\n_1000_6,300,10,7,20,0.2000,123,9996100338,9996100114,64,1064
docs\inst_test\instancias\n_1000_6,300,10,7,20,0.2000,42,9996100341,9996100155,67,1064
docs\inst_test\instancias\n_1000_6,300,10,7,20,0.3000,123,9996100338,9996100114,64,1064
docs\inst_test\instancias\n_1000_6,300,10,10,5,0.1000,123,9996100344,9996100077,69,1064
docs\inst_test\instancias\n_1000_6,300,10,10,10,0.1000,123,9996100344,9996100077,40,1064
docs\inst_test\instancias\n_1000_6,300,10,10,10,0.1000,2026,9996100340,9996100161,40,1064
docs\inst_test\instancias\n_1000_6,300,10,10,10,0.1000,42,9996100340,9996100161,42,1064
docs\inst_test\instancias\n_1000_6,300,10,10,10,0.2000,123,9996100344,9996100077,40,1064
docs\inst_test\instancias\n_1000_6,300,10,10,10,0.2000,42,9996100341,9996100155,41,1064
docs\inst_test\instancias\n_1000_6,300,10,10,10,0.2000,2026,9996100340,9996100107,42,1064
docs\inst_test\instancias\n_1000_6,300,10,10,10,0.3000,42,9996100342,9996100137,41,1064
docs\inst_test\instancias\n_1000_6,300,10,10,20,0.1000,42,9996100338,9996100114,38,1064
docs\inst_test\instancias\n_1000_6,300,10,10,10,0.3000,123,9996100344,9996100077,42,1064
docs\inst_test\instancias\n_1000_6,300,10,10,5,0.2000,2026,9996100340,9996100107,47,1064
docs\inst_test\instancias\n_1000_6,300,10,10,10,0.3000,2026,9996100344,9996100131,40,1064
docs\inst_test\instancias\n_1000_6,300,10,10,5,0.2000,123,9996100344,9996100077,69,1064
docs\inst_test\instancias\n_1000_6,300,10,10,5,0.3000,123,9996100344,9996100077,47,1064
docs\inst_test\instancias\n_1000_6,300,10,10,5,0.1000,2026,9996100340,9996100161,72,1064
docs\inst_test\instancias\n_1000_6,300,10,10,5,0.3000,2026,9996100344,9996100131,48,1064
docs\inst_test\instancias\n_1000_6,300,10,10,5,0.2000,42,9996100342,9996100137,72,1064
docs\inst_test\instancias\n_1000_6,300,10,10,5,0.3000,42,9996100342,9996100137,50,1064
docs\inst_test\instancias\n_1000_6,300,10,10,20,0.1000,123,9996100338,9996100114,39,1064
docs\inst_test\instancias\n_1000_6,300,10,10,20,0.1000,2026,9996100338,9996100114,39,1064
docs\inst_test\instancias\n_1000_6,300,10,10,20,0.2000,42,9996100341,9996100155,60,1064
docs\inst_test\instancias\n_1000_6,300,10,10,20,0.3000,123,9996100338,9996100114,60,1064
docs\inst_test\instancias\n_1000_6,300,10,15,20,0.1000,123,9996100338,9996100114,37,1064
docs\inst_test\instancias\n_1000_6,300,10,15,10,0.1000,42,9996100340,9996100161,42,1064
docs\inst_test\instancias\n_1000_6,300,10,15,10,0.1000,2026,9996100340,9996100161,41,1064
docs\inst_test\instancias\n_1000_6,300,10,15,10,0.1000,123,9996100344,9996100077,42,1064
docs\inst_test\instancias\n_1000_6,300,10,10,20,0.2000,123,9996100338,9996100114,62,1064
docs\inst_test\instancias\n_1000_6,300,10,15,10,0.2000,42,9996100341,9996100155,41,1064
docs\inst_test\instancias\n_1000_6,300,10,10,20,0.3000,2026,9996100344,9996100131,62,1064
docs\inst_test\instancias\n_1000_6,300,10,10,20,0.2000,2026,9996100338,9996100114,62,1064
docs\inst_test\instancias\n_1000_6,300,10,15,10,0.2000,123,9996100344,9996100077,41,1064
docs\inst_test\instancias\n_1000_6,300,10,10,20,0.3000,42,9996100342,9996100137,62,1064
docs\inst_test\instancias\n_1000_6,300,10,15,10,0.2000,2026,9996100340,9996100107,42,1064
docs\inst_test\instancias\n_1000_6,300,10,15,20,0.2000,42,9996100341,9996100155,39,1064
docs\inst_test\instancias\n_1000_6,300,10,15,10,0.3000,123,9996100344,9996100077,41,1064
docs\inst_test\instancias\n_1000_6,300,10,15,10,0.3000,2026,9996100344,9996100131,41,1064
docs\inst_test\instancias\n_1000_6,300,10,15,10,0.3000,42,9996100342,9996100137,41,1064
docs\inst_test\instancias\n_1000_6,300,10,15,20,0.2000,2026,9996100338,9996100114,38,1064
docs\inst_test\instancias\n_1000_6,300,10,15,5,0.3000,2026,9996100344,9996100131,47,1064
docs\inst_test\instancias\n_1000_6,300,10,15,5,0.3000,123,9996100344,9996100077,50,1064
docs\inst_test\instancias\n_1000_6,300,10,15,20,0.3000,123,9996100338,9996100114,38,1064
docs\inst_test\instancias\n_1000_6,300,10,15,20,0.3000,42,9996100342,9996100137,42,1064
docs\inst_test\instancias\n_1000_6,300,10,15,5,0.2000,42,9996100342,9996100137,70,1064
docs\inst_test\instancias\n_1000_6,300,10,15,5,0.1000,123,9996100344,9996100077,71,1064
docs\inst_test\instancias\n_1000_6,300,10,15,5,0.1000,42,9996100340,9996100161,73,1064
docs\inst_test\instancias\n_1000_6,300,10,15,5,0.1000,2026,9996100340,9996100161,72,1064
docs\inst_test\instancias\n_1000_6,300,10,15,5,0.2000,2026,9996100340,9996100107,70,1064
docs\inst_test\instancias\n_1000_6,300,10,15,5,0.2000,123,9996100344,9996100077,72,1064
docs\inst_test\instancias\n_1000_6,300,10,15,20,0.1000,2026,9996100338,9996100114,59,1064
docs\inst_test\instancias\n_1000_6,300,10,15,20,0.1000,42,9996100338,9996100114,62,1064
docs\inst_test\instancias\n_1000_6,300,10,15,5,0.3000,42,9996100342,9996100137,72,1064
docs\inst_test\instancias\n_1000_6,300,10,15,20,0.2000,123,9996100338,9996100114,65,1064
docs\inst_test\instancias\n_1000_6,300,15,7,10,0.2000,2026,9996100340,9996100107,40,1064
docs\inst_test\instancias\n_1000_6,300,15,7,10,0.2000,42,9996100341,9996100155,41,1064
docs\inst_test\instancias\n_1000_6,300,15,7,10,0.3000,42,9996100342,9996100137,41,1064
docs\inst_test\instancias\n_1000_6,300,15,7,10,0.1000,42,9996100340,9996100161,42,1064
docs\inst_test\instancias\n_1000_6,300,15,7,10,0.1000,2026,9996100340,9996100161,41,1064
docs\inst_test\instancias\n_1000_6,300,15,7,20,0.1000,123,9996100338,9996100114,37,1064
docs\inst_test\instancias\n_1000_6,300,15,7,20,0.1000,42,9996100338,9996100114,38,1064
docs\inst_test\instancias\n_1000_6,300,15,7,5,0.2000,123,9996100344,9996100077,46,1064
docs\inst_test\instancias\n_1000_6,300,15,7,10,0.2000,123,9996100344,9996100077,44,1064
docs\inst_test\instancias\n_1000_6,300,15,7,10,0.3000,123,9996100344,9996100077,43,1064
docs\inst_test\instancias\n_1000_6,300,15,7,10,0.3000,2026,9996100344,9996100131,42,1064
docs\inst_test\instancias\n_1000_6,300,15,7,5,0.3000,42,9996100342,9996100137,45,1064
docs\inst_test\instancias\n_1000_6,300,15,7,5,0.1000,123,9996100344,9996100077,47,1064
docs\inst_test\instancias\n_1000_6,300,15,7,5,0.2000,42,9996100342,9996100137,48,1064
docs\inst_test\instancias\n_1000_6,300,15,7,20,0.1000,2026,9996100338,9996100114,43,1064
docs\inst_test\instancias\n_1000_6,300,15,7,5,0.1000,2026,9996100340,9996100161,52,1064
docs\inst_test\instancias\n_1000_6,300,10,15,20,0.3000,2026,9996100344,9996100131,59,1064
docs\inst_test\instancias\n_1000_6,300,15,7,10,0.1000,123,9996100344,9996100077,63,1064
docs\inst_test\instancias\n_1000_6,300,15,7,5,0.3000,2026,9996100344,9996100131,68,1064
docs\inst_test\instancias\n_1000_6,300,15,7,5,0.2000,2026,9996100340,9996100107,70,1064
docs\inst_test\instancias\n_1000_6,300,15,7,5,0.1000,42,9996100340,9996100161,71,1064
docs\inst_test\instancias\n_1000_6,300,15,7,5,0.3000,123,9996100344,9996100077,73,1064
docs\inst_test\instancias\n_1000_6,300,15,7,20,0.2000,42,9996100341,9996100155,62,1064
docs\inst_test\instancias\n_1000_6,300,15,7,20,0.2000,123,9996100338,9996100114,61,1064
docs\inst_test\instancias\n_1000_6,300,15,7,20,0.2000,2026,9996100338,9996100114,60,1064
docs\inst_test\instancias\n_1000_6,300,15,7,20,0.3000,42,9996100342,9996100137,63,1064
docs\inst_test\instancias\n_1000_6,300,15,7,20,0.3000,2026,9996100344,9996100131,63,1064
docs\inst_test\instancias\n_1000_6,300,15,7,20,0.3000,123,9996100338,9996100114,64,1064
docs\inst_test\instancias\n_1000_6,300,15,10,10,0.1000,42,9996100340,9996100161,40,1064
docs\inst_test\instancias\n_1000_6,300,15,10,10,0.1000,2026,9996100340,9996100161,40,1064
docs\inst_test\instancias\n_1000_6,300,15,10,10,0.1000,123,9996100344,9996100077,43,1064
docs\inst_test\instancias\n_1000_6,300,15,10,10,0.3000,42,9996100342,9996100137,41,1064
docs\inst_test\instancias\n_1000_6,300,15,10,10,0.3000,123,9996100344,9996100077,41,1064
docs\inst_test\instancias\n_1000_6,300,15,10,10,0.2000,2026,9996100340,9996100107,42,1064
docs\inst_test\instancias\n_1000_6,300,15,10,5,0.2000,2026,9996100340,9996100107,45,1064
docs\inst_test\instancias\n_1000_6,300,15,10,10,0.2000,123,9996100344,9996100077,43,1064
docs\inst_test\instancias\n_1000_6,300,15,10,5,0.3000,42,9996100342,9996100137,46,1064
docs\inst_test\instancias\n_1000_6,300,15,10,5,0.3000,123,9996100344,9996100077,46,1064
docs\inst_test\instancias\n_1000_6,300,15,10,10,0.2000,42,9996100341,9996100155,43,1064
docs\inst_test\instancias\n_1000_6,300,15,10,20,0.1000,123,9996100338,9996100114,38,1064
docs\inst_test\instancias\n_1000_6,300,15,10,5,0.2000,123,9996100344,9996100077,49,1064
docs\inst_test\instancias\n_1000_6,300,15,10,10,0.3000,2026,9996100344,9996100131,43,1064
docs\inst_test\instancias\n_1000_6,300,15,10,5,0.1000,42,9996100340,9996100161,70,1064
docs\inst_test\instancias\n_1000_6,300,15,10,20,0.1000,42,9996100338,9996100114,42,1064
docs\inst_test\instancias\n_1000_6,300,15,10,5,0.1000,123,9996100344,9996100077,70,1064
docs\inst_test\instancias\n_1000_6,300,15,10,5,0.3000,2026,9996100344,9996100131,49,1064
docs\inst_test\instancias\n_1000_6,300,15,10,5,0.1000,2026,9996100340,9996100161,69,1064
docs\inst_test\instancias\n_1000_6,300,15,10,5,0.2000,42,9996100342,9996100137,73,1064
docs\inst_test\instancias\n_1000_6,300,15,10,20,0.1000,2026,9996100338,9996100114,60,1064
docs\inst_test\instancias\n_1000_6,300,15,10,20,0.2000,42,9996100341,9996100155,63,1064
docs\inst_test\instancias\n_1000_6,300,15,15,10,0.1000,42,9996100340,9996100161,40,1064
docs\inst_test\instancias\n_1000_6,300,15,15,20,0.1000,42,9996100338,9996100114,38,1064
docs\inst_test\instancias\n_1000_6,300,15,10,20,0.2000,123,9996100338,9996100114,60,1064
docs\inst_test\instancias\n_1000_6,300,15,15,10,0.1000,123,9996100344,9996100077,41,1064
docs\inst_test\instancias\n_1000_6,300,15,15,10,0.2000,2026,9996100340,9996100107,40,1064
docs\inst_test\instancias\n_1000_6,300,15,15,10,0.1000,2026,9996100340,9996100161,41,1064
docs\inst_test\instancias\n_1000_6,300,15,15,10,0.2000,123,9996100344,9996100077,41,1064
docs\inst_test\instancias\n_1000_6,300,15,15,20,0.2000,123,9996100338,9996100114,38,1064
docs\inst_test\instancias\n_1000_6,300,15,15,10,0.3000,42,9996100342,9996100137,41,1064
docs\inst_test\instancias\n_1000_6,300,15,10,20,0.3000,42,9996100342,9996100137,61,1064
docs\inst_test\instancias\n_1000_6,300,15,15,5,0.2000,2026,9996100340,9996100107,47,1064
docs\inst_test\instancias\n_1000_6,300,15,15,10,0.3000,2026,9996100344,9996100131,41,1064
docs\inst_test\instancias\n_1000_6,300,15,15,10,0.3000,123,9996100344,9996100077,42,1064
docs\inst_test\instancias\n_1000_6,300,15,15,10,0.2000,42,9996100341,9996100155,43,1064
docs\inst_test\instancias\n_1000_6,300,15,10,20,0.2000,2026,9996100338,9996100114,63,1064
docs\inst_test\instancias\n_1000_6,300,15,15,5,0.3000,2026,9996100344,9996100131,45,1064
docs\inst_test\instancias\n_1000_6,300,15,15,5,0.3000,42,9996100342,9996100137,47,1064
docs\inst_test\instancias\n_1000_6,300,15,15,20,0.1000,2026,9996100338,9996100114,43,1064
docs\inst_test\instancias\n_1000_6,300,15,10,20,0.3000,123,9996100338,9996100114,62,1064
docs\inst_test\instancias\n_1000_6,300,15,10,20,0.3000,2026,9996100344,9996100131,62,1064
docs\inst_test\instancias\n_1000_6,300,15,15,5,0.3000,123,9996100344,9996100077,50,1064
docs\inst_test\instancias\n_1000_6,300,15,15,5,0.1000,42,9996100340,9996100161,70,1064
docs\inst_test\instancias\n_1000_6,300,15,15,5,0.1000,123,9996100344,9996100077,73,1064
docs\inst_test\instancias\n_1000_6,300,15,15,5,0.2000,42,9996100342,9996100137,69,1064
docs\inst_test\instancias\n_1000_6,300,15,15,5,0.1000,2026,9996100340,9996100161,71,1064
docs\inst_test\instancias\n_1000_6,300,15,15,5,0.2000,123,9996100344,9996100077,71,1064
docs\inst_test\instancias\n_1000_6,300,15,15,20,0.1000,123,9996100338,9996100114,62,1064
docs\inst_test\instancias\n_1000_6,300,15,15,20,0.2000,42,9996100341,9996100155,63,1064
docs\inst_test\instancias\n_1000_6,300,15,15,20,0.2000,2026,9996100338,9996100114,62,1064
docs\inst_test\instancias\n_1000_6,300,15,15,20,0.3000,42,9996100342,9996100137,62,1064
docs\inst_test\instancias\n_1000_6,300,20,7,10,0.1000,123,9996100344,9996100077,40,1064
docs\inst_test\instancias\n_1000_6,300,20,7,10,0.1000,2026,9996100340,9996100161,40,1064
docs\inst_test\instancias\n_1000_6,300,20,7,10,0.2000,123,9996100344,9996100077,40,1064
docs\inst_test\instancias\n_1000_6,300,20,7,10,0.3000,42,9996100342,9996100137,40,1064
docs\inst_test\instancias\n_1000_6,300,20,7,10,0.2000,42,9996100341,9996100155,42,1064
docs\inst_test\instancias\n_1000_6,300,20,7,5,0.1000,42,9996100340,9996100161,47,1064
docs\inst_test\instancias\n_1000_6,300,20,7,10,0.3000,123,9996100344,9996100077,41,1064
docs\inst_test\instancias\n_1000_6,300,20,7,20,0.1000,2026,9996100338,9996100114,37,1064
docs\inst_test\instancias\n_1000_6,300,20,7,5,0.1000,123,9996100344,9996100077,48,1064
docs\inst_test\instancias\n_1000_6,300,20,7,5,0.3000,42,9996100342,9996100137,46,1064
docs\inst_test\instancias\n_1000_6,300,20,7,10,0.3000,2026,9996100344,9996100131,41,1064
docs\inst_test\instancias\n_1000_6,300,20,7,5,0.2000,123,9996100344,9996100077,47,1064
docs\inst_test\instancias\n_1000_6,300,20,7,5,0.3000,2026,9996100344,9996100131,47,1064
docs\inst_test\instancias\n_1000_6,300,20,7,5,0.2000,2026,9996100340,9996100107,49,1064
docs\inst_test\instancias\n_1000_6,300,20,7,5,0.3000,123,9996100344,9996100077,48,1064
docs\inst_test\instancias\n_1000_6,300,20,7,5,0.2000,42,9996100342,9996100137,49,1064
docs\inst_test\instancias\n_1000_6,300,15,15,20,0.3000,123,9996100338,9996100114,63,1064
docs\inst_test\instancias\n_1000_6,300,15,15,20,0.3000,2026,9996100344,9996100131,62,1064
docs\inst_test\instancias\n_1000_6,300,20,7,5,0.1000,2026,9996100340,9996100161,69,1064
docs\inst_test\instancias\n_1000_6,300,20,7,10,0.2000,2026,9996100340,9996100107,65,1064
docs\inst_test\instancias\n_1000_6,300,20,7,20,0.1000,42,9996100338,9996100114,62,1064
docs\inst_test\instancias\n_1000_6,300,20,7,10,0.1000,42,9996100340,9996100161,68,1064
docs\inst_test\instancias\n_1000_6,300,20,7,20,0.1000,123,9996100338,9996100114,64,1064
docs\inst_test\instancias\n_1000_6,300,20,7,20,0.2000,123,9996100338,9996100114,60,1064
docs\inst_test\instancias\n_1000_6,300,20,7,20,0.2000,42,9996100341,9996100155,62,1064
docs\inst_test\instancias\n_1000_6,300,20,7,20,0.2000,2026,9996100338,9996100114,63,1064
docs\inst_test\instancias\n_1000_6,300,20,7,20,0.3000,42,9996100342,9996100137,64,1064
docs\inst_test\instancias\n_1000_6,300,20,7,20,0.3000,123,9996100338,9996100114,62,1064
docs\inst_test\instancias\n_1000_6,300,20,10,10,0.1000,42,9996100340,9996100161,41,1064
docs\inst_test\instancias\n_1000_6,300,20,10,10,0.1000,2026,9996100340,9996100161,41,1064
docs\inst_test\instancias\n_1000_6,300,20,10,10,0.2000,42,9996100341,9996100155,41,1064
docs\inst_test\instancias\n_1000_6,300,20,7,20,0.3000,2026,9996100344,9996100131,64,1064
docs\inst_test\instancias\n_1000_6,300,20,10,10,0.2000,123,9996100344,9996100077,41,1064
docs\inst_test\instancias\n_1000_6,300,20,10,10,0.2000,2026,9996100340,9996100107,41,1064
docs\inst_test\instancias\n_1000_6,300,20,10,5,0.2000,42,9996100342,9996100137,46,1064
docs\inst_test\instancias\n_1000_6,300,20,10,10,0.3000,42,9996100342,9996100137,41,1064
docs\inst_test\instancias\n_1000_6,300,20,10,10,0.1000,123,9996100344,9996100077,44,1064
docs\inst_test\instancias\n_1000_6,300,20,10,20,0.1000,42,9996100338,9996100114,40,1064
docs\inst_test\instancias\n_1000_6,300,20,10,5,0.2000,123,9996100344,9996100077,47,1064
docs\inst_test\instancias\n_1000_6,300,20,10,10,0.3000,2026,9996100344,9996100131,40,1064
docs\inst_test\instancias\n_1000_6,300,20,10,10,0.3000,123,9996100344,9996100077,41,1064
docs\inst_test\instancias\n_1000_6,300,20,10,5,0.2000,2026,9996100340,9996100107,48,1064
docs\inst_test\instancias\n_1000_6,300,20,10,5,0.3000,2026,9996100344,9996100131,46,1064
docs\inst_test\instancias\n_1000_6,300,20,10,5,0.3000,42,9996100342,9996100137,49,1064
docs\inst_test\instancias\n_1000_6,300,20,10,5,0.3000,123,9996100344,9996100077,49,1064
docs\inst_test\instancias\n_1000_6,300,20,10,5,0.1000,42,9996100340,9996100161,70,1064
docs\inst_test\instancias\n_1000_6,300,20,10,5,0.1000,123,9996100344,9996100077,72,1064
docs\inst_test\instancias\n_1000_6,300,20,10,5,0.1000,2026,9996100340,9996100161,70,1064
docs\inst_test\instancias\n_1000_6,300,20,10,20,0.1000,123,9996100338,9996100114,61,1064
docs\inst_test\instancias\n_1000_6,300,20,10,20,0.1000,2026,9996100338,9996100114,61,1064
docs\inst_test\instancias\n_1000_6,300,20,15,10,0.1000,123,9996100344,9996100077,40,1064
docs\inst_test\instancias\n_1000_6,300,20,10,20,0.3000,42,9996100342,9996100137,61,1064
docs\inst_test\instancias\n_1000_6,300,20,10,20,0.2000,42,9996100341,9996100155,62,1064
docs\inst_test\instancias\n_1000_6,300,20,10,20,0.2000,2026,9996100338,9996100114,62,1064
docs\inst_test\instancias\n_1000_6,300,20,15,10,0.1000,2026,9996100340,9996100161,41,1064
docs\inst_test\instancias\n_1000_6,300,20,15,10,0.2000,2026,9996100340,9996100107,40,1064
docs\inst_test\instancias\n_1000_6,300,20,15,10,0.2000,123,9996100344,9996100077,40,1064
docs\inst_test\instancias\n_1000_6,300,20,10,20,0.2000,123,9996100338,9996100114,62,1064
docs\inst_test\instancias\n_1000_6,300,20,15,10,0.1000,42,9996100340,9996100161,44,1064
docs\inst_test\instancias\n_1000_6,300,20,15,10,0.3000,42,9996100342,9996100137,42,1064
docs\inst_test\instancias\n_1000_6,300,20,15,20,0.1000,42,9996100338,9996100114,40,1064
docs\inst_test\instancias\n_1000_6,300,20,15,10,0.3000,123,9996100344,9996100077,41,1064
docs\inst_test\instancias\n_1000_6,300,20,15,10,0.3000,2026,9996100344,9996100131,40,1064
docs\inst_test\instancias\n_1000_6,300,20,15,20,0.1000,123,9996100338,9996100114,40,1064
docs\inst_test\instancias\n_1000_6,300,20,15,5,0.2000,2026,9996100340,9996100107,45,1064
docs\inst_test\instancias\n_1000_6,300,20,15,5,0.2000,123,9996100344,9996100077,47,1064
docs\inst_test\instancias\n_1000_6,300,20,15,10,0.2000,42,9996100341,9996100155,44,1064
docs\inst_test\instancias\n_1000_6,300,20,15,20,0.1000,2026,9996100338,9996100114,40,1064
docs\inst_test\instancias\n_1000_6,300,20,10,20,0.3000,123,9996100338,9996100114,63,1064
docs\inst_test\instancias\n_1000_6,300,20,15,5,0.3000,2026,9996100344,9996100131,47,1064
docs\inst_test\instancias\n_1000_6,300,20,15,5,0.3000,42,9996100342,9996100137,48,1064
docs\inst_test\instancias\n_1000_6,300,20,10,20,0.3000,2026,9996100344,9996100131,61,1064
docs\inst_test\instancias\n_1000_6,300,20,15,5,0.1000,42,9996100340,9996100161,69,1064
docs\inst_test\instancias\n_1000_6,300,20,15,5,0.1000,123,9996100344,9996100077,69,1064
docs\inst_test\instancias\n_1000_6,300,20,15,5,0.2000,42,9996100342,9996100137,69,1064
docs\inst_test\instancias\n_1000_6,300,20,15,5,0.1000,2026,9996100340,9996100161,71,1064
docs\inst_test\instancias\n_1000_6,300,20,15,5,0.3000,123,9996100344,9996100077,70,1064
docs\inst_test\instancias\n_1000_6,300,20,15,20,0.2000,42,9996100341,9996100155,63,1064
docs\inst_test\instancias\n_1000_6,300,20,15,20,0.2000,123,9996100338,9996100114,65,1064
docs\inst_test\instancias\n_1000_6,300,20,15,20,0.3000,2026,9996100344,9996100131,38,1064
docs\inst_test\instancias\n_1000_6,300,20,15,20,0.2000,2026,9996100338,9996100114,62,1064
docs\inst_test\instancias\n_1000_6,300,20,15,20,0.3000,42,9996100342,9996100137,62,1064
docs\inst_test\instancias\n_1000_6,300,20,15,20,0.3000,123,9996100338,9996100114,62,1064
docs\inst_test\instancias\n_1000_6,500,10,7,20,0.1000,42,9996100338,9996100114,64,1064
docs\inst_test\instancias\n_1000_6,500,10,7,20,0.1000,123,9996100338,9996100114,63,1064
docs\inst_test\instancias\n_1000_6,500,10,7,10,0.1000,42,9996100340,9996100161,69,1064
docs\inst_test\instancias\n_1000_6,500,10,7,10,0.2000,42,9996100341,9996100155,69,1064
docs\inst_test\instancias\n_1000_6,500,10,7,10,0.1000,123,9996100344,9996100077,70,1064
docs\inst_test\instancias\n_1000_6,500,10,7,10,0.2000,123,9996100344,9996100077,69,1064
docs\inst_test\instancias\n_1000_6,500,10,7,10,0.1000,2026,9996100340,9996100161,70,1064
docs\inst_test\instancias\n_1000_6,500,10,7,10,0.2000,2026,9996100340,9996100107,69,1064
docs\inst_test\instancias\n_1000_6,500,10,7,10,0.3000,42,9996100342,9996100137,72,1064
docs\inst_test\instancias\n_1000_6,500,10,7,5,0.2000,42,9996100344,9996100110,78,1064
docs\inst_test\instancias\n_1000_6,500,10,7,5,0.2000,123,9996100344,9996100077,79,1064
docs\inst_test\instancias\n_1000_6,500,10,7,5,0.3000,42,9996100344,9996100110,79,1064
docs\inst_test\instancias\n_1000_6,500,10,7,10,0.3000,123,9996100344,9996100077,78,1064
docs\inst_test\instancias\n_1000_6,500,10,7,5,0.3000,2026,9996100344,9996100131,81,1064
docs\inst_test\instancias\n_1000_6,500,10,7,5,0.3000,123,9996100344,9996100077,81,1064
docs\inst_test\instancias\n_1000_6,500,10,7,20,0.1000,2026,9996100340,9996100161,84,1064
docs\inst_test\instancias\n_1000_6,500,10,7,10,0.3000,2026,9996100344,9996100131,92,1064
docs\inst_test\instancias\n_1000_6,500,10,7,5,0.1000,123,9996100344,9996100077,96,1064
docs\inst_test\instancias\n_1000_6,500,10,7,5,0.1000,2026,9996100340,9996100161,97,1064
docs\inst_test\instancias\n_1000_6,500,10,7,20,0.2000,42,9996100341,9996100155,82,1064
docs\inst_test\instancias\n_1000_6,500,10,7,5,0.1000,42,9996100340,9996100161,99,1064
docs\inst_test\instancias\n_1000_6,500,10,7,20,0.2000,123,9996100338,9996100114,79,1064
docs\inst_test\instancias\n_1000_6,500,10,7,5,0.2000,2026,9996100340,9996100107,102,1064
docs\inst_test\instancias\n_1000_6,500,10,7,20,0.3000,123,9996100338,9996100114,75,1064
docs\inst_test\instancias\n_1000_6,500,10,7,20,0.2000,2026,9996100340,9996100107,81,1064
docs\inst_test\instancias\n_1000_6,500,10,7,20,0.3000,2026,9996100344,9996100131,76,1064
docs\inst_test\instancias\n_1000_6,500,10,7,20,0.3000,42,9996100342,9996100137,81,1064
docs\inst_test\instancias\n_1000_6,500,10,10,5,0.1000,123,9996100344,9996100077,77,1064
docs\inst_test\instancias\n_1000_6,500,10,10,5,0.1000,42,9996100340,9996100161,83,1064
docs\inst_test\instancias\n_1000_6,500,10,10,5,0.1000,2026,9996100340,9996100161,82,1064
docs\inst_test\instancias\n_1000_6,500,10,10,5,0.2000,42,9996100344,9996100110,81,1064
docs\inst_test\instancias\n_1000_6,500,10,10,5,0.2000,123,9996100344,9996100077,77,1064
docs\inst_test\instancias\n_1000_6,500,10,10,10,0.1000,42,9996100340,9996100161,66,1064
docs\inst_test\instancias\n_1000_6,500,10,10,5,0.3000,42,9996100344,9996100110,71,1064
docs\inst_test\instancias\n_1000_6,500,10,10,10,0.1000,123,9996100344,9996100077,68,1064
docs\inst_test\instancias\n_1000_6,500,10,10,20,0.1000,42,9996100338,9996100114,58,1064
docs\inst_test\instancias\n_1000_6,500,10,10,10,0.3000,42,9996100342,9996100137,61,1064
docs\inst_test\instancias\n_1000_6,500,10,10,10,0.3000,123,9996100344,9996100077,61,1064
docs\inst_test\instancias\n_1000_6,500,10,10,10,0.1000,2026,9996100340,9996100161,69,1064
docs\inst_test\instancias\n_1000_6,500,10,10,10,0.2000,42,9996100341,9996100155,69,1064
docs\inst_test\instancias\n_1000_6,500,10,10,5,0.2000,2026,9996100340,9996100107,73,1064
docs\inst_test\instancias\n_1000_6,500,10,10,5,0.3000,123,9996100344,9996100077,73,1064
docs\inst_test\instancias\n_1000_6,500,10,10,10,0.2000,123,9996100344,9996100077,69,1064
docs\inst_test\instancias\n_1000_6,500,10,10,10,0.2000,2026,9996100340,9996100107,67,1064
docs\inst_test\instancias\n_1000_6,500,10,10,5,0.3000,2026,9996100344,9996100131,74,1064
docs\inst_test\instancias\n_1000_6,500,10,10,20,0.1000,123,9996100338,9996100114,63,1064
docs\inst_test\instancias\n_1000_6,500,10,10,10,0.3000,2026,9996100344,9996100131,68,1064
docs\inst_test\instancias\n_1000_6,500,10,10,20,0.1000,2026,9996100340,9996100161,58,1064
docs\inst_test\instancias\n_1000_6,500,10,10,20,0.2000,123,9996100338,9996100114,58,1064
docs\inst_test\instancias\n_1000_6,500,10,10,20,0.2000,2026,9996100340,9996100107,57,1064
docs\inst_test\instancias\n_1000_6,500,10,10,20,0.3000,42,9996100342,9996100137,57,1064
docs\inst_test\instancias\n_1000_6,500,10,10,20,0.3000,2026,9996100344,9996100131,59,1064
docs\inst_test\instancias\n_1000_6,500,10,10,20,0.2000,42,9996100341,9996100155,63,1064
docs\inst_test\instancias\n_1000_6,500,10,10,20,0.3000,123,9996100338,9996100114,63,1064
docs\inst_test\instancias\n_1000_6,500,10,15,5,0.1000,123,9996100344,9996100077,70,1064
docs\inst_test\instancias\n_1000_6,500,10,15,5,0.2000,42,9996100344,9996100110,70,1064
docs\inst_test\instancias\n_1000_6,500,10,15,5,0.1000,2026,9996100340,9996100161,71,1064
docs\inst_test\instancias\n_1000_6,500,10,15,5,0.1000,42,9996100340,9996100161,73,1064
docs\inst_test\instancias\n_1000_6,500,10,15,5,0.2000,123,9996100344,9996100077,73,1064
docs\inst_test\instancias\n_1000_6,500,10,15,5,0.3000,42,9996100344,9996100110,69,1064
docs\inst_test\instancias\n_1000_6,500,10,15,5,0.2000,2026,9996100340,9996100107,74,1064
docs\inst_test\instancias\n_1000_6,500,10,15,5,0.3000,123,9996100344,9996100077,71,1064
docs\inst_test\instancias\n_1000_6,500,10,15,10,0.1000,42,9996100340,9996100161,61,1064
docs\inst_test\instancias\n_1000_6,500,10,15,5,0.3000,2026,9996100344,9996100131,70,1064
docs\inst_test\instancias\n_1000_6,500,10,15,10,0.1000,2026,9996100340,9996100161,60,1064
docs\inst_test\instancias\n_1000_6,500,10,15,10,0.2000,123,9996100344,9996100077,60,1064
docs\inst_test\instancias\n_1000_6,500,10,15,10,0.3000,42,9996100342,9996100137,62,1064
docs\inst_test\instancias\n_1000_6,500,10,15,10,0.2000,2026,9996100340,9996100107,62,1064
docs\inst_test\instancias\n_1000_6,500,10,15,10,0.1000,123,9996100344,9996100077,67,1064
docs\inst_test\instancias\n_1000_6,500,10,15,20,0.1000,42,9996100338,9996100114,65,1064
docs\inst_test\instancias\n_1000_6,500,10,15,20,0.1000,123,9996100338,9996100114,63,1064
docs\inst_test\instancias\n_1000_6,500,10,15,10,0.3000,123,9996100344,9996100077,67,1064
docs\inst_test\instancias\n_1000_6,500,10,15,10,0.2000,42,9996100341,9996100155,69,1064
docs\inst_test\instancias\n_1000_6,500,10,15,20,0.2000,2026,9996100340,9996100107,64,1064
docs\inst_test\instancias\n_1000_6,500,10,15,20,0.1000,2026,9996100340,9996100161,65,1064
docs\inst_test\instancias\n_1000_6,500,10,15,20,0.2000,42,9996100341,9996100155,64,1064
docs\inst_test\instancias\n_1000_6,500,10,15,20,0.3000,123,9996100338,9996100114,60,1064
docs\inst_test\instancias\n_1000_6,500,10,15,10,0.3000,2026,9996100344,9996100131,71,1064
docs\inst_test\instancias\n_1000_6,500,10,15,20,0.2000,123,9996100338,9996100114,67,1064
docs\inst_test\instancias\n_1000_6,500,10,15,20,0.3000,42,9996100342,9996100137,64,1064
docs\inst_test\instancias\n_1000_6,500,10,15,20,0.3000,2026,9996100344,9996100131,59,1064
docs\inst_test\instancias\n_1000_6,500,15,7,5,0.1000,42,9996100340,9996100161,70,1064
docs\inst_test\instancias\n_1000_6,500,15,7,5,0.1000,123,9996100344,9996100077,69,1064
docs\inst_test\instancias\n_1000_6,500,15,7,5,0.2000,42,9996100344,9996100110,74,1064
docs\inst_test\instancias\n_1000_6,500,15,7,5,0.2000,123,9996100344,9996100077,74,1064
docs\inst_test\instancias\n_1000_6,500,15,7,5,0.1000,2026,9996100340,9996100161,78,1064
docs\inst_test\instancias\n_1000_6,500,15,7,10,0.1000,42,9996100340,9996100161,66,1064
docs\inst_test\instancias\n_1000_6,500,15,7,5,0.2000,2026,9996100340,9996100107,73,1064
docs\inst_test\instancias\n_1000_6,500,15,7,5,0.3000,123,9996100344,9996100077,73,1064
docs\inst_test\instancias\n_1000_6,500,15,7,5,0.3000,42,9996100344,9996100110,73,1064
docs\inst_test\instancias\n_1000_6,500,15,7,10,0.1000,123,9996100344,9996100077,61,1064
docs\inst_test\instancias\n_1000_6,500,15,7,10,0.2000,42,9996100341,9996100155,60,1064
docs\inst_test\instancias\n_1000_6,500,15,7,5,0.3000,2026,9996100344,9996100131,78,1064
docs\inst_test\instancias\n_1000_6,500,15,7,10,0.2000,2026,9996100340,9996100107,61,1064
docs\inst_test\instancias\n_1000_6,500,15,7,10,0.1000,2026,9996100340,9996100161,68,1064
docs\inst_test\instancias\n_1000_6,500,15,7,10,0.2000,123,9996100344,9996100077,65,1064
docs\inst_test\instancias\n_1000_6,500,15,7,20,0.1000,42,9996100338,9996100114,57,1064
docs\inst_test\instancias\n_1000_6,500,15,7,10,0.3000,42,9996100342,9996100137,62,1064
docs\inst_test\instancias\n_1000_6,500,15,7,10,0.3000,123,9996100344,9996100077,62,1064
docs\inst_test\instancias\n_1000_6,500,15,7,10,0.3000,2026,9996100344,9996100131,61,1064
docs\inst_test\instancias\n_1000_6,500,15,7,20,0.1000,2026,9996100340,9996100161,63,1064
docs\inst_test\instancias\n_1000_6,500,15,7,20,0.1000,123,9996100338,9996100114,66,1064
docs\inst_test\instancias\n_1000_6,500,15,7,20,0.2000,123,9996100338,9996100114,65,1064
docs\inst_test\instancias\n_1000_6,500,15,7,20,0.3000,42,9996100342,9996100137,63,1064
docs\inst_test\instancias\n_1000_6,500,15,7,20,0.2000,2026,9996100340,9996100107,66,1064
docs\inst_test\instancias\n_1000_6,500,15,7,20,0.2000,42,9996100341,9996100155,72,1064
docs\inst_test\instancias\n_1000_6,500,15,7,20,0.3000,2026,9996100344,9996100131,71,1064
docs\inst_test\instancias\n_1000_6,500,15,7,20,0.3000,123,9996100338,9996100114,71,1064
docs\inst_test\instancias\n_1000_6,500,15,10,5,0.1000,42,9996100340,9996100161,69,1064
docs\inst_test\instancias\n_1000_6,500,15,10,5,0.2000,123,9996100344,9996100077,74,1064
docs\inst_test\instancias\n_1000_6,500,15,10,5,0.1000,2026,9996100340,9996100161,77,1064
docs\inst_test\instancias\n_1000_6,500,15,10,5,0.3000,42,9996100344,9996100110,70,1064
docs\inst_test\instancias\n_1000_6,500,15,10,5,0.2000,2026,9996100340,9996100107,71,1064
docs\inst_test\instancias\n_1000_6,500,15,10,5,0.2000,42,9996100344,9996100110,84,1064
docs\inst_test\instancias\n_1000_6,500,15,10,5,0.1000,123,9996100344,9996100077,90,1064
docs\inst_test\instancias\n_1000_6,500,15,10,10,0.1000,42,9996100340,9996100161,66,1064
docs\inst_test\instancias\n_1000_6,500,15,10,10,0.1000,2026,9996100340,9996100161,61,1064
docs\inst_test\instancias\n_1000_6,500,15,10,5,0.3000,123,9996100344,9996100077,74,1064
docs\inst_test\instancias\n_1000_6,500,15,10,5,0.3000,2026,9996100344,9996100131,74,1064
docs\inst_test\instancias\n_1000_6,500,15,10,10,0.2000,123,9996100344,9996100077,63,1064
docs\inst_test\instancias\n_1000_6,500,15,10,10,0.2000,42,9996100341,9996100155,64,1064
docs\inst_test\instancias\n_1000_6,500,15,10,10,0.2000,2026,9996100340,9996100107,62,1064
docs\inst_test\instancias\n_1000_6,500,15,10,10,0.3000,42,9996100342,9996100137,62,1064
docs\inst_test\instancias\n_1000_6,500,15,10,10,0.1000,123,9996100344,9996100077,70,1064
docs\inst_test\instancias\n_1000_6,500,15,10,20,0.1000,123,9996100338,9996100114,58,1064
docs\inst_test\instancias\n_1000_6,500,15,10,10,0.3000,2026,9996100344,9996100131,61,1064
docs\inst_test\instancias\n_1000_6,500,15,10,20,0.1000,2026,9996100340,9996100161,57,1064
docs\inst_test\instancias\n_1000_6,500,15,10,20,0.2000,42,9996100341,9996100155,58,1064
docs\inst_test\instancias\n_1000_6,500,15,10,20,0.2000,123,9996100338,9996100114,58,1064
docs\inst_test\instancias\n_1000_6,500,15,10,10,0.3000,123,9996100344,9996100077,68,1064
docs\inst_test\instancias\n_1000_6,500,15,10,20,0.2000,2026,9996100340,9996100107,58,1064
docs\inst_test\instancias\n_1000_6,500,15,10,20,0.1000,42,9996100338,9996100114,66,1064
docs\inst_test\instancias\n_1000_6,500,15,10,20,0.3000,42,9996100342,9996100137,63,1064
docs\inst_test\instancias\n_1000_6,500,15,10,20,0.3000,123,9996100338,9996100114,63,1064
docs\inst_test\instancias\n_1000_6,500,15,10,20,0.3000,2026,9996100344,9996100131,64,1064
docs\inst_test\instancias\n_1000_6,500,15,15,5,0.1000,42,9996100340,9996100161,73,1064
docs\inst_test\instancias\n_1000_6,500,15,15,5,0.1000,123,9996100344,9996100077,76,1064
docs\inst_test\instancias\n_1000_6,500,15,15,5,0.2000,2026,9996100340,9996100107,71,1064
docs\inst_test\instancias\n_1000_6,500,15,15,5,0.1000,2026,9996100340,9996100161,74,1064
docs\inst_test\instancias\n_1000_6,500,15,15,5,0.2000,42,9996100344,9996100110,74,1064
docs\inst_test\instancias\n_1000_6,500,15,15,5,0.2000,123,9996100344,9996100077,74,1064
docs\inst_test\instancias\n_1000_6,500,15,15,5,0.3000,42,9996100344,9996100110,70,1064
docs\inst_test\instancias\n_1000_6,500,15,15,10,0.1000,42,9996100340,9996100161,63,1064
docs\inst_test\instancias\n_1000_6,500,15,15,10,0.2000,42,9996100341,9996100155,61,1064
docs\inst_test\instancias\n_1000_6,500,15,15,5,0.3000,123,9996100344,9996100077,76,1064
docs\inst_test\instancias\n_1000_6,500,15,15,5,0.3000,2026,9996100344,9996100131,71,1064
docs\inst_test\instancias\n_1000_6,500,15,15,10,0.2000,123,9996100344,9996100077,61,1064
docs\inst_test\instancias\n_1000_6,500,15,15,10,0.1000,123,9996100344,9996100077,70,1064
docs\inst_test\instancias\n_1000_6,500,15,15,10,0.1000,2026,9996100340,9996100161,66,1064
docs\inst_test\instancias\n_1000_6,500,15,15,20,0.1000,123,9996100338,9996100114,57,1064
docs\inst_test\instancias\n_1000_6,500,15,15,20,0.1000,42,9996100338,9996100114,59,1064
docs\inst_test\instancias\n_1000_6,500,15,15,20,0.2000,42,9996100341,9996100155,58,1064
docs\inst_test\instancias\n_1000_6,500,15,15,10,0.3000,123,9996100344,9996100077,62,1064
docs\inst_test\instancias\n_1000_6,500,15,15,20,0.2000,123,9996100338,9996100114,57,1064
docs\inst_test\instancias\n_1000_6,500,15,15,10,0.2000,2026,9996100340,9996100107,67,1064
docs\inst_test\instancias\n_1000_6,500,15,15,10,0.3000,2026,9996100344,9996100131,63,1064
docs\inst_test\instancias\n_1000_6,500,15,15,20,0.2000,2026,9996100340,9996100107,57,1064
docs\inst_test\instancias\n_1000_6,500,15,15,10,0.3000,42,9996100342,9996100137,67,1064
docs\inst_test\instancias\n_1000_6,500,15,15,20,0.3000,42,9996100342,9996100137,57,1064
docs\inst_test\instancias\n_1000_6,500,15,15,20,0.1000,2026,9996100340,9996100161,63,1064
docs\inst_test\instancias\n_1000_6,500,15,15,20,0.3000,123,9996100338,9996100114,57,1064
docs\inst_test\instancias\n_1000_6,500,15,15,20,0.3000,2026,9996100344,9996100131,62,1064
docs\inst_test\instancias\n_1000_6,500,20,7,5,0.1000,42,9996100340,9996100161,72,1064
docs\inst_test\instancias\n_1000_6,500,20,7,5,0.1000,123,9996100344,9996100077,75,1064
docs\inst_test\instancias\n_1000_6,500,20,7,5,0.1000,2026,9996100340,9996100161,74,1064
docs\inst_test\instancias\n_1000_6,500,20,7,5,0.2000,42,9996100344,9996100110,74,1064
docs\inst_test\instancias\n_1000_6,500,20,7,5,0.2000,123,9996100344,9996100077,76,1064
docs\inst_test\instancias\n_1000_6,500,20,7,10,0.1000,2026,9996100340,9996100161,61,1064
docs\inst_test\instancias\n_1000_6,500,20,7,5,0.2000,2026,9996100340,9996100107,74,1064
docs\inst_test\instancias\n_1000_6,500,20,7,5,0.3000,123,9996100344,9996100077,70,1064
docs\inst_test\instancias\n_1000_6,500,20,7,10,0.1000,42,9996100340,9996100161,67,1064
docs\inst_test\instancias\n_1000_6,500,20,7,5,0.3000,42,9996100344,9996100110,73,1064
docs\inst_test\instancias\n_1000_6,500,20,7,10,0.1000,123,9996100344,9996100077,70,1064
docs\inst_test\instancias\n_1000_6,500,20,7,10,0.2000,42,9996100341,9996100155,67,1064
docs\inst_test\instancias\n_1000_6,500,20,7,10,0.2000,123,9996100344,9996100077,62,1064
docs\inst_test\instancias\n_1000_6,500,20,7,10,0.3000,42,9996100342,9996100137,62,1064
docs\inst_test\instancias\n_1000_6,500,20,7,20,0.1000,2026,9996100340,9996100161,57,1064
docs\inst_test\instancias\n_1000_6,500,20,7,10,0.3000,123,9996100344,9996100077,61,1064
docs\inst_test\instancias\n_1000_6,500,20,7,20,0.1000,123,9996100338,9996100114,58,1064
docs\inst_test\instancias\n_1000_6,500,20,7,5,0.3000,2026,9996100344,9996100131,76,1064
docs\inst_test\instancias\n_1000_6,500,20,7,20,0.2000,2026,9996100340,9996100107,57,1064
docs\inst_test\instancias\n_1000_6,500,20,7,20,0.3000,123,9996100338,9996100114,57,1064
docs\inst_test\instancias\n_1000_6,500,20,7,10,0.2000,2026,9996100340,9996100107,66,1064
docs\inst_test\instancias\n_1000_6,500,20,7,20,0.3000,2026,9996100344,9996100131,57,1064
docs\inst_test\instancias\n_1000_6,500,20,7,20,0.2000,123,9996100338,9996100114,60,1064
docs\inst_test\instancias\n_1000_6,500,20,7,20,0.2000,42,9996100341,9996100155,60,1064
docs\inst_test\instancias\n_1000_6,500,20,7,20,0.1000,42,9996100338,9996100114,64,1064
docs\inst_test\instancias\n_1000_6,500,20,7,20,0.3000,42,9996100342,9996100137,63,1064
docs\inst_test\instancias\n_1000_6,500,20,7,10,0.3000,2026,9996100344,9996100131,72,1064
docs\inst_test\instancias\n_1000_6,500,20,10,5,0.1000,123,9996100344,9996100077,71,1064
docs\inst_test\instancias\n_1000_6,500,20,10,5,0.1000,42,9996100340,9996100161,73,1064
docs\inst_test\instancias\n_1000_6,500,20,10,5,0.2000,42,9996100344,9996100110,73,1064
docs\inst_test\instancias\n_1000_6,500,20,10,5,0.1000,2026,9996100340,9996100161,74,1064
docs\inst_test\instancias\n_1000_6,500,20,10,5,0.2000,123,9996100344,9996100077,74,1064
docs\inst_test\instancias\n_1000_6,500,20,10,5,0.2000,2026,9996100340,9996100107,71,1064
docs\inst_test\instancias\n_1000_6,500,20,10,5,0.3000,42,9996100344,9996100110,75,1064
docs\inst_test\instancias\n_1000_6,500,20,10,5,0.3000,123,9996100344,9996100077,73,1064
docs\inst_test\instancias\n_1000_6,500,20,10,10,0.1000,42,9996100340,9996100161,68,1064
docs\inst_test\instancias\n_1000_6,500,20,10,10,0.1000,123,9996100344,9996100077,62,1064
docs\inst_test\instancias\n_1000_6,500,20,10,5,0.3000,2026,9996100344,9996100131,73,1064
docs\inst_test\instancias\n_1000_6,500,20,10,10,0.2000,42,9996100341,9996100155,61,1064
docs\inst_test\instancias\n_1000_6,500,20,10,10,0.1000,2026,9996100340,9996100161,65,1064
docs\inst_test\instancias\n_1000_6,500,20,10,20,0.1000,2026,9996100340,9996100161,56,1064
docs\inst_test\instancias\n_1000_6,500,20,10,20,0.1000,42,9996100338,9996100114,60,1064
docs\inst_test\instancias\n_1000_6,500,20,10,20,0.2000,42,9996100341,9996100155,58,1064
docs\inst_test\instancias\n_1000_6,500,20,10,20,0.2000,2026,9996100340,9996100107,56,1064
docs\inst_test\instancias\n_1000_6,500,20,10,10,0.3000,2026,9996100344,9996100131,62,1064
docs\inst_test\instancias\n_1000_6,500,20,10,20,0.1000,123,9996100338,9996100114,60,1064
docs\inst_test\instancias\n_1000_6,500,20,10,10,0.3000,123,9996100344,9996100077,64,1064
docs\inst_test\instancias\n_1000_6,500,20,10,20,0.3000,2026,9996100344,9996100131,58,1064
docs\inst_test\instancias\n_1000_6,500,20,10,20,0.3000,42,9996100342,9996100137,58,1064
docs\inst_test\instancias\n_1000_6,500,20,10,10,0.2000,2026,9996100340,9996100107,66,1064
docs\inst_test\instancias\n_1000_6,500,20,10,10,0.2000,123,9996100344,9996100077,69,1064
docs\inst_test\instancias\n_1000_6,500,20,10,20,0.2000,123,9996100338,9996100114,63,1064
docs\inst_test\instancias\n_1000_6,500,20,10,10,0.3000,42,9996100342,9996100137,67,1064
docs\inst_test\instancias\n_1000_6,500,20,10,20,0.3000,123,9996100338,9996100114,64,1064
docs\inst_test\instancias\n_1000_6,500,20,15,5,0.1000,42,9996100340,9996100161,70,1064
docs\inst_test\instancias\n_1000_6,500,20,15,5,0.1000,2026,9996100340,9996100161,72,1064
docs\inst_test\instancias\n_1000_6,500,20,15,5,0.2000,123,9996100344,9996100077,68,1064
docs\inst_test\instancias\n_1000_6,500,20,15,5,0.2000,42,9996100344,9996100110,73,1064
docs\inst_test\instancias\n_1000_6,500,20,15,5,0.1000,123,9996100344,9996100077,83,1064
docs\inst_test\instancias\n_1000_6,500,20,15,5,0.2000,2026,9996100340,9996100107,70,1064
docs\inst_test\instancias\n_1000_6,500,20,15,10,0.1000,42,9996100340,9996100161,59,1064
docs\inst_test\instancias\n_1000_6,500,20,15,10,0.1000,123,9996100344,9996100077,56,1064
docs\inst_test\instancias\n_1000_6,500,20,15,5,0.3000,2026,9996100344,9996100131,70,1064
docs\inst_test\instancias\n_1000_6,500,20,15,5,0.3000,42,9996100344,9996100110,73,1064
docs\inst_test\instancias\n_1000_6,500,20,15,5,0.3000,123,9996100344,9996100077,73,1064
docs\inst_test\instancias\n_1000_6,500,20,15,10,0.1000,2026,9996100340,9996100161,58,1064
docs\inst_test\instancias\n_1000_6,500,20,15,10,0.3000,2026,9996100344,9996100131,47,1064
docs\inst_test\instancias\n_1000_6,500,20,15,20,0.2000,42,9996100341,9996100155,46,1064
docs\inst_test\instancias\n_1000_6,500,20,15,20,0.1000,123,9996100338,9996100114,46,1064
docs\inst_test\instancias\n_1000_6,500,20,15,10,0.2000,42,9996100341,9996100155,56,1064
docs\inst_test\instancias\n_1000_6,500,20,15,10,0.3000,123,9996100344,9996100077,51,1064
docs\inst_test\instancias\n_1000_6,500,20,15,20,0.1000,42,9996100338,9996100114,51,1064
docs\inst_test\instancias\n_1000_6,500,20,15,20,0.1000,2026,9996100340,9996100161,49,1064
docs\inst_test\instancias\n_1000_6,500,20,15,20,0.2000,123,9996100338,9996100114,49,1064
docs\inst_test\instancias\n_1000_6,500,20,15,10,0.2000,123,9996100344,9996100077,57,1064
docs\inst_test\instancias\n_1000_6,500,20,15,10,0.3000,42,9996100342,9996100137,57,1064
docs\inst_test\instancias\n_1000_6,500,20,15,20,0.2000,2026,9996100340,9996100107,54,1064
docs\inst_test\instancias\n_1000_6,500,20,15,10,0.2000,2026,9996100340,9996100107,62,1064
docs\inst_test\instancias\n_1000_6,500,20,15,20,0.3000,2026,9996100344,9996100131,52,1064
docs\inst_test\instancias\n_1000_6,500,20,15,20,0.3000,123,9996100338,9996100114,52,1064
docs\inst_test\instancias\n_1000_6,500,20,15,20,0.3000,42,9996100342,9996100137,55,1064
docs\inst_test\instancias\n_1000_7,100,10,7,20,0.2000,2026,9996105257,9996103798,13,1123
docs\inst_test\instancias\n_1000_7,100,10,7,20,0.1000,2026,9996105257,9996103798,13,1123
docs\inst_test\instancias\n_1000_7,100,10,7,20,0.1000,123,9996105257,9996103798,13,1123
docs\inst_test\instancias\n_1000_7,100,10,7,20,0.1000,42,9996105257,9996103798,14,1123
docs\inst_test\instancias\n_1000_7,100,10,7,20,0.2000,42,9996105257,9996103798,14,1123
docs\inst_test\instancias\n_1000_7,100,10,7,20,0.2000,123,9996105257,9996103798,14,1123
docs\inst_test\instancias\n_1000_7,100,10,7,20,0.3000,42,9996105257,9996103798,12,1123
docs\inst_test\instancias\n_1000_7,100,10,7,10,0.3000,42,9996105257,9996103798,14,1123
docs\inst_test\instancias\n_1000_7,100,10,7,5,0.1000,42,9996105257,9996103798,15,1123
docs\inst_test\instancias\n_1000_7,100,10,7,5,0.1000,2026,9996105257,9996103798,14,1123
docs\inst_test\instancias\n_1000_7,100,10,7,5,0.3000,42,9996105257,9996103798,14,1123
docs\inst_test\instancias\n_1000_7,100,10,7,20,0.3000,123,9996105257,9996103798,11,1123
docs\inst_test\instancias\n_1000_7,100,10,7,10,0.1000,42,9996105257,9996103798,15,1123
docs\inst_test\instancias\n_1000_7,100,10,7,5,0.2000,42,9996105257,9996103798,16,1123
docs\inst_test\instancias\n_1000_7,100,10,7,5,0.1000,123,9996105257,9996103798,17,1123
docs\inst_test\instancias\n_1000_7,100,10,7,10,0.1000,123,9996105257,9996103798,16,1123
docs\inst_test\instancias\n_1000_7,100,10,7,20,0.3000,2026,9996105257,9996103798,19,1123
docs\inst_test\instancias\n_1000_7,100,10,7,10,0.3000,123,9996105257,9996103798,20,1123
docs\inst_test\instancias\n_1000_7,100,10,7,5,0.3000,123,9996105257,9996103798,20,1123
docs\inst_test\instancias\n_1000_7,100,10,7,10,0.2000,2026,9996105257,9996103798,21,1123
docs\inst_test\instancias\n_1000_7,100,10,7,10,0.3000,2026,9996105257,9996103798,21,1123
docs\inst_test\instancias\n_1000_7,100,10,7,10,0.1000,2026,9996105257,9996103798,22,1123
docs\inst_test\instancias\n_1000_7,100,10,7,10,0.2000,42,9996105257,9996103798,22,1123
docs\inst_test\instancias\n_1000_7,100,10,7,5,0.2000,123,9996105257,9996103798,22,1123
docs\inst_test\instancias\n_1000_7,100,10,7,5,0.3000,2026,9996105257,9996103798,23,1123
docs\inst_test\instancias\n_1000_7,100,10,7,10,0.2000,123,9996105257,9996103798,25,1123
docs\inst_test\instancias\n_1000_7,100,10,7,5,0.2000,2026,9996105257,9996103798,27,1123
docs\inst_test\instancias\n_1000_7,100,10,10,10,0.1000,42,9996105257,9996103798,13,1123
docs\inst_test\instancias\n_1000_7,100,10,10,10,0.1000,123,9996105257,9996103798,13,1123
docs\inst_test\instancias\n_1000_7,100,10,10,10,0.1000,2026,9996105257,9996103798,13,1123
docs\inst_test\instancias\n_1000_7,100,10,10,10,0.2000,42,9996105257,9996103798,14,1123
docs\inst_test\instancias\n_1000_7,100,10,10,5,0.2000,2026,9996105257,9996103798,15,1123
docs\inst_test\instancias\n_1000_7,100,10,10,10,0.2000,123,9996105257,9996103798,14,1123
docs\inst_test\instancias\n_1000_7,100,10,10,10,0.2000,2026,9996105257,9996103798,14,1123
docs\inst_test\instancias\n_1000_7,100,10,10,5,0.3000,123,9996105257,9996103798,15,1123
docs\inst_test\instancias\n_1000_7,100,10,10,10,0.3000,42,9996105257,9996103798,15,1123
docs\inst_test\instancias\n_1000_7,100,10,10,10,0.3000,123,9996105257,9996103798,15,1123
docs\inst_test\instancias\n_1000_7,100,10,10,5,0.3000,2026,9996105257,9996103798,15,1123
docs\inst_test\instancias\n_1000_7,100,10,10,5,0.1000,123,9996105257,9996103798,25,1123
docs\inst_test\instancias\n_1000_7,100,10,10,5,0.1000,42,9996105257,9996103798,25,1123
docs\inst_test\instancias\n_1000_7,100,10,10,10,0.3000,2026,9996105257,9996103798,13,1123
docs\inst_test\instancias\n_1000_7,100,10,10,5,0.3000,42,9996105257,9996103798,16,1123
docs\inst_test\instancias\n_1000_7,100,10,10,20,0.1000,42,9996105257,9996103798,13,1123
docs\inst_test\instancias\n_1000_7,100,10,10,20,0.2000,2026,9996105257,9996103798,13,1123
docs\inst_test\instancias\n_1000_7,100,10,10,20,0.2000,123,9996105257,9996103798,16,1123
docs\inst_test\instancias\n_1000_7,100,10,10,20,0.1000,123,9996105257,9996103798,23,1123
docs\inst_test\instancias\n_1000_7,100,10,10,20,0.2000,42,9996105257,9996103798,22,1123
docs\inst_test\instancias\n_1000_7,100,10,15,10,0.1000,123,9996105257,9996103798,13,1123
docs\inst_test\instancias\n_1000_7,100,10,15,20,0.1000,42,9996105257,9996103798,12,1123
docs\inst_test\instancias\n_1000_7,100,10,15,10,0.1000,42,9996105257,9996103798,13,1123
docs\inst_test\instancias\n_1000_7,100,10,15,20,0.1000,123,9996105257,9996103798,13,1123
docs\inst_test\instancias\n_1000_7,100,10,15,10,0.1000,2026,9996105257,9996103798,14,1123
docs\inst_test\instancias\n_1000_7,100,10,10,20,0.3000,42,9996105257,9996103798,21,1123
docs\inst_test\instancias\n_1000_7,100,10,15,10,0.2000,2026,9996105257,9996103798,13,1123
docs\inst_test\instancias\n_1000_7,100,10,15,10,0.2000,123,9996105257,9996103798,13,1123
docs\inst_test\instancias\n_1000_7,100,10,15,10,0.2000,42,9996105257,9996103798,14,1123
docs\inst_test\instancias\n_1000_7,100,10,10,20,0.3000,2026,9996105257,9996103798,20,1123
docs\inst_test\instancias\n_1000_7,100,10,10,20,0.3000,123,9996105257,9996103798,21,1123
docs\inst_test\instancias\n_1000_7,100,10,10,20,0.1000,2026,9996105257,9996103798,23,1123
docs\inst_test\instancias\n_1000_7,100,10,15,10,0.3000,42,9996105257,9996103798,13,1123
docs\inst_test\instancias\n_1000_7,100,10,15,20,0.1000,2026,9996105257,9996103798,12,1123
docs\inst_test\instancias\n_1000_7,100,10,15,5,0.3000,123,9996105257,9996103798,16,1123
docs\inst_test\instancias\n_1000_7,100,10,15,5,0.2000,2026,9996105257,9996103798,16,1123
docs\inst_test\instancias\n_1000_7,100,10,15,5,0.3000,2026,9996105257,9996103798,16,1123
docs\inst_test\instancias\n_1000_7,100,10,10,5,0.2000,123,9996105257,9996103798,40,1123
docs\inst_test\instancias\n_1000_7,100,10,15,5,0.1000,123,9996105257,9996103798,25,1123
docs\inst_test\instancias\n_1000_7,100,10,15,5,0.1000,42,9996105257,9996103798,25,1123
docs\inst_test\instancias\n_1000_7,100,10,15,5,0.1000,2026,9996105257,9996103798,26,1123
docs\inst_test\instancias\n_1000_7,100,10,15,5,0.2000,42,9996105257,9996103798,25,1123
docs\inst_test\instancias\n_1000_7,100,10,15,5,0.2000,123,9996105257,9996103798,24,1123
docs\inst_test\instancias\n_1000_7,100,10,15,10,0.3000,123,9996105257,9996103798,23,1123
docs\inst_test\instancias\n_1000_7,100,10,15,20,0.2000,42,9996105257,9996103798,17,1123
docs\inst_test\instancias\n_1000_7,100,10,10,5,0.1000,2026,9996105257,9996103798,47,1123
docs\inst_test\instancias\n_1000_7,100,10,10,5,0.2000,42,9996105257,9996103798,48,1123
docs\inst_test\instancias\n_1000_7,100,10,15,20,0.3000,123,9996105257,9996103798,13,1123
docs\inst_test\instancias\n_1000_7,100,10,15,10,0.3000,2026,9996105257,9996103798,25,1123
docs\inst_test\instancias\n_1000_7,100,10,15,20,0.3000,2026,9996105257,9996103798,13,1123
docs\inst_test\instancias\n_1000_7,100,10,15,5,0.3000,42,9996105257,9996103798,28,1123
docs\inst_test\instancias\n_1000_7,100,15,7,10,0.1000,123,9996105257,9996103798,14,1123
docs\inst_test\instancias\n_1000_7,100,15,7,10,0.1000,2026,9996105257,9996103798,14,1123
docs\inst_test\instancias\n_1000_7,100,15,7,10,0.2000,42,9996105257,9996103798,13,1123
docs\inst_test\instancias\n_1000_7,100,15,7,5,0.1000,123,9996105257,9996103798,15,1123
docs\inst_test\instancias\n_1000_7,100,15,7,5,0.1000,42,9996105257,9996103798,16,1123
docs\inst_test\instancias\n_1000_7,100,15,7,5,0.1000,2026,9996105257,9996103798,15,1123
docs\inst_test\instancias\n_1000_7,100,15,7,5,0.2000,123,9996105257,9996103798,15,1123
docs\inst_test\instancias\n_1000_7,100,15,7,5,0.3000,42,9996105257,9996103798,15,1123
docs\inst_test\instancias\n_1000_7,100,15,7,10,0.2000,2026,9996105257,9996103798,13,1123
docs\inst_test\instancias\n_1000_7,100,10,15,20,0.3000,42,9996105257,9996103798,16,1123
docs\inst_test\instancias\n_1000_7,100,15,7,10,0.2000,123,9996105257,9996103798,14,1123
docs\inst_test\instancias\n_1000_7,100,10,15,20,0.2000,2026,9996105257,9996103798,20,1123
docs\inst_test\instancias\n_1000_7,100,15,7,5,0.2000,2026,9996105257,9996103798,19,1123
docs\inst_test\instancias\n_1000_7,100,15,7,10,0.3000,42,9996105257,9996103798,16,1123
docs\inst_test\instancias\n_1000_7,100,15,7,5,0.3000,123,9996105257,9996103798,22,1123
docs\inst_test\instancias\n_1000_7,100,15,7,5,0.3000,2026,9996105257,9996103798,22,1123
docs\inst_test\instancias\n_1000_7,100,15,7,20,0.2000,123,9996105257,9996103798,14,1123
docs\inst_test\instancias\n_1000_7,100,15,7,10,0.3000,2026,9996105257,9996103798,20,1123
docs\inst_test\instancias\n_1000_7,100,15,7,20,0.3000,123,9996105257,9996103798,13,1123
docs\inst_test\instancias\n_1000_7,100,15,7,20,0.3000,2026,9996105257,9996103798,13,1123
docs\inst_test\instancias\n_1000_7,100,15,7,5,0.2000,42,9996105257,9996103798,26,1123
docs\inst_test\instancias\n_1000_7,100,15,7,10,0.3000,123,9996105257,9996103798,21,1123
docs\inst_test\instancias\n_1000_7,100,15,10,5,0.1000,42,9996105257,9996103798,15,1123
docs\inst_test\instancias\n_1000_7,100,15,7,20,0.1000,123,9996105257,9996103798,21,1123
docs\inst_test\instancias\n_1000_7,100,15,10,10,0.1000,123,9996105257,9996103798,14,1123
docs\inst_test\instancias\n_1000_7,100,15,10,10,0.1000,42,9996105257,9996103798,14,1123
docs\inst_test\instancias\n_1000_7,100,15,7,20,0.1000,2026,9996105257,9996103798,21,1123
docs\inst_test\instancias\n_1000_7,100,15,10,5,0.2000,123,9996105257,9996103798,16,1123
docs\inst_test\instancias\n_1000_7,100,15,7,20,0.2000,42,9996105257,9996103798,21,1123
docs\inst_test\instancias\n_1000_7,100,15,10,5,0.3000,42,9996105257,9996103798,15,1123
docs\inst_test\instancias\n_1000_7,100,15,7,20,0.2000,2026,9996105257,9996103798,21,1123
docs\inst_test\instancias\n_1000_7,100,15,10,5,0.1000,2026,9996105257,9996103798,16,1123
docs\inst_test\instancias\n_1000_7,100,15,10,5,0.3000,2026,9996105257,9996103798,16,1123
docs\inst_test\instancias\n_1000_7,100,15,10,5,0.2000,2026,9996105257,9996103798,16,1123
docs\inst_test\instancias\n_1000_7,100,15,10,5,0.3000,123,9996105257,9996103798,16,1123
docs\inst_test\instancias\n_1000_7,100,15,10,10,0.2000,42,9996105257,9996103798,16,1123
docs\inst_test\instancias\n_1000_7,100,15,10,5,0.2000,42,9996105257,9996103798,18,1123
docs\inst_test\instancias\n_1000_7,100,15,7,20,0.3000,42,9996105257,9996103798,21,1123
docs\inst_test\instancias\n_1000_7,100,15,10,5,0.1000,123,9996105257,9996103798,22,1123
docs\inst_test\instancias\n_1000_7,100,15,10,10,0.3000,42,9996105257,9996103798,15,1123
docs\inst_test\instancias\n_1000_7,100,15,10,10,0.1000,2026,9996105257,9996103798,20,1123
docs\inst_test\instancias\n_1000_7,100,15,7,20,0.1000,42,9996105257,9996103798,30,1123
docs\inst_test\instancias\n_1000_7,100,15,10,20,0.1000,2026,9996105257,9996103798,12,1123
docs\inst_test\instancias\n_1000_7,100,15,10,20,0.2000,42,9996105257,9996103798,13,1123
docs\inst_test\instancias\n_1000_7,100,15,10,10,0.2000,123,9996105257,9996103798,20,1123
docs\inst_test\instancias\n_1000_7,100,10,15,20,0.2000,123,9996105257,9996103798,46,1123
docs\inst_test\instancias\n_1000_7,100,15,10,20,0.3000,42,9996105257,9996103798,12,1123
docs\inst_test\instancias\n_1000_7,100,15,10,20,0.3000,2026,9996105257,9996103798,12,1123
docs\inst_test\instancias\n_1000_7,100,15,7,10,0.1000,42,9996105257,9996103798,42,1123
docs\inst_test\instancias\n_1000_7,100,15,10,10,0.2000,2026,9996105257,9996103798,23,1123
docs\inst_test\instancias\n_1000_7,100,15,10,10,0.3000,2026,9996105257,9996103798,22,1123
docs\inst_test\instancias\n_1000_7,100,15,15,10,0.1000,42,9996105257,9996103798,13,1123
docs\inst_test\instancias\n_1000_7,100,15,15,10,0.1000,123,9996105257,9996103798,13,1123
docs\inst_test\instancias\n_1000_7,100,15,15,5,0.1000,42,9996105257,9996103798,15,1123
docs\inst_test\instancias\n_1000_7,100,15,15,5,0.1000,2026,9996105257,9996103798,14,1123
docs\inst_test\instancias\n_1000_7,100,15,10,20,0.1000,42,9996105257,9996103798,23,1123
docs\inst_test\instancias\n_1000_7,100,15,15,5,0.2000,123,9996105257,9996103798,16,1123
docs\inst_test\instancias\n_1000_7,100,15,15,5,0.3000,2026,9996105257,9996103798,15,1123
docs\inst_test\instancias\n_1000_7,100,15,15,5,0.3000,123,9996105257,9996103798,15,1123
docs\inst_test\instancias\n_1000_7,100,15,10,20,0.2000,2026,9996105257,9996103798,21,1123
docs\inst_test\instancias\n_1000_7,100,15,15,5,0.3000,42,9996105257,9996103798,17,1123
docs\inst_test\instancias\n_1000_7,100,15,15,10,0.1000,2026,9996105257,9996103798,16,1123
docs\inst_test\instancias\n_1000_7,100,15,10,10,0.3000,123,9996105257,9996103798,26,1123
docs\inst_test\instancias\n_1000_7,100,15,10,20,0.3000,123,9996105257,9996103798,21,1123
docs\inst_test\instancias\n_1000_7,100,15,15,10,0.2000,2026,9996105257,9996103798,14,1123
docs\inst_test\instancias\n_1000_7,100,15,15,10,0.3000,2026,9996105257,9996103798,13,1123
docs\inst_test\instancias\n_1000_7,100,15,15,5,0.1000,123,9996105257,9996103798,23,1123
docs\inst_test\instancias\n_1000_7,100,15,10,20,0.2000,123,9996105257,9996103798,27,1123
docs\inst_test\instancias\n_1000_7,100,15,15,5,0.2000,2026,9996105257,9996103798,23,1123
docs\inst_test\instancias\n_1000_7,100,15,15,5,0.2000,42,9996105257,9996103798,24,1123
docs\inst_test\instancias\n_1000_7,100,15,15,10,0.2000,42,9996105257,9996103798,22,1123
docs\inst_test\instancias\n_1000_7,100,15,15,20,0.1000,42,9996105257,9996103798,16,1123
docs\inst_test\instancias\n_1000_7,100,15,15,20,0.2000,123,9996105257,9996103798,12,1123
docs\inst_test\instancias\n_1000_7,100,15,15,20,0.2000,42,9996105257,9996103798,15,1123
docs\inst_test\instancias\n_1000_7,100,15,15,10,0.3000,42,9996105257,9996103798,22,1123
docs\inst_test\instancias\n_1000_7,100,15,15,20,0.3000,2026,9996105257,9996103798,13,1123
docs\inst_test\instancias\n_1000_7,100,15,15,20,0.2000,2026,9996105257,9996103798,17,1123
docs\inst_test\instancias\n_1000_7,100,15,15,20,0.1000,123,9996105257,9996103798,20,1123
docs\inst_test\instancias\n_1000_7,100,15,15,10,0.3000,123,9996105257,9996103798,23,1123
docs\inst_test\instancias\n_1000_7,100,15,15,20,0.3000,123,9996105257,9996103798,15,1123
docs\inst_test\instancias\n_1000_7,100,20,7,5,0.1000,123,9996105257,9996103798,16,1123
docs\inst_test\instancias\n_1000_7,100,20,7,5,0.1000,42,9996105257,9996103798,16,1123
docs\inst_test\instancias\n_1000_7,100,20,7,5,0.1000,2026,9996105257,9996103798,16,1123
docs\inst_test\instancias\n_1000_7,100,20,7,5,0.2000,42,9996105257,9996103798,15,1123
docs\inst_test\instancias\n_1000_7,100,20,7,10,0.1000,42,9996105257,9996103798,14,1123
docs\inst_test\instancias\n_1000_7,100,20,7,5,0.2000,123,9996105257,9996103798,16,1123
docs\inst_test\instancias\n_1000_7,100,20,7,5,0.3000,42,9996105257,9996103798,16,1123
docs\inst_test\instancias\n_1000_7,100,20,7,5,0.2000,2026,9996105257,9996103798,16,1123
docs\inst_test\instancias\n_1000_7,100,20,7,5,0.3000,2026,9996105257,9996103798,16,1123
docs\inst_test\instancias\n_1000_7,100,20,7,10,0.2000,42,9996105257,9996103798,14,1123
docs\inst_test\instancias\n_1000_7,100,20,7,10,0.2000,123,9996105257,9996103798,14,1123
docs\inst_test\instancias\n_1000_7,100,15,15,20,0.3000,42,9996105257,9996103798,22,1123
docs\inst_test\instancias\n_1000_7,100,15,15,20,0.1000,2026,9996105257,9996103798,26,1123
docs\inst_test\instancias\n_1000_7,100,20,7,20,0.1000,123,9996105257,9996103798,13,1123
docs\inst_test\instancias\n_1000_7,100,20,7,20,0.1000,2026,9996105257,9996103798,13,1123
docs\inst_test\instancias\n_1000_7,100,20,7,10,0.1000,123,9996105257,9996103798,20,1123
docs\inst_test\instancias\n_1000_7,100,20,7,20,0.2000,42,9996105257,9996103798,13,1123
docs\inst_test\instancias\n_1000_7,100,15,10,20,0.1000,123,9996105257,9996103798,45,1123
docs\inst_test\instancias\n_1000_7,100,20,7,10,0.1000,2026,9996105257,9996103798,20,1123
docs\inst_test\instancias\n_1000_7,100,20,7,20,0.2000,2026,9996105257,9996103798,13,1123
docs\inst_test\instancias\n_1000_7,100,20,7,5,0.3000,123,9996105257,9996103798,23,1123
docs\inst_test\instancias\n_1000_7,100,20,7,10,0.2000,2026,9996105257,9996103798,21,1123
docs\inst_test\instancias\n_1000_7,100,20,7,20,0.3000,2026,9996105257,9996103798,15,1123
docs\inst_test\instancias\n_1000_7,100,20,7,10,0.3000,123,9996105257,9996103798,21,1123
docs\inst_test\instancias\n_1000_7,100,20,7,20,0.1000,42,9996105257,9996103798,22,1123
docs\inst_test\instancias\n_1000_7,100,20,10,5,0.1000,123,9996105257,9996103798,15,1123
docs\inst_test\instancias\n_1000_7,100,20,10,10,0.1000,42,9996105257,9996103798,14,1123
docs\inst_test\instancias\n_1000_7,100,20,10,5,0.2000,123,9996105257,9996103798,16,1123
docs\inst_test\instancias\n_1000_7,100,20,7,10,0.3000,2026,9996105257,9996103798,23,1123
docs\inst_test\instancias\n_1000_7,100,20,10,10,0.1000,123,9996105257,9996103798,14,1123
docs\inst_test\instancias\n_1000_7,100,20,10,10,0.1000,2026,9996105257,9996103798,13,1123
docs\inst_test\instancias\n_1000_7,100,20,10,5,0.3000,42,9996105257,9996103798,16,1123
docs\inst_test\instancias\n_1000_7,100,20,10,5,0.3000,123,9996105257,9996103798,16,1123
docs\inst_test\instancias\n_1000_7,100,20,10,5,0.3000,2026,9996105257,9996103798,16,1123
docs\inst_test\instancias\n_1000_7,100,20,10,5,0.1000,2026,9996105257,9996103798,18,1123
docs\inst_test\instancias\n_1000_7,100,20,7,20,0.3000,123,9996105257,9996103798,20,1123
docs\inst_test\instancias\n_1000_7,100,20,10,5,0.2000,2026,9996105257,9996103798,17,1123
docs\inst_test\instancias\n_1000_7,100,20,7,20,0.3000,42,9996105257,9996103798,21,1123
docs\inst_test\instancias\n_1000_7,100,20,10,10,0.3000,42,9996105257,9996103798,13,1123
docs\inst_test\instancias\n_1000_7,100,20,10,5,0.2000,42,9996105257,9996103798,20,1123
docs\inst_test\instancias\n_1000_7,100,20,10,10,0.2000,2026,9996105257,9996103798,14,1123
docs\inst_test\instancias\n_1000_7,100,15,15,10,0.2000,123,9996105257,9996103798,47,1123
docs\inst_test\instancias\n_1000_7,100,20,10,20,0.1000,2026,9996105257,9996103798,12,1123
docs\inst_test\instancias\n_1000_7,100,20,10,10,0.3000,2026,9996105257,9996103798,14,1123
docs\inst_test\instancias\n_1000_7,100,20,10,10,0.2000,123,9996105257,9996103798,17,1123
docs\inst_test\instancias\n_1000_7,100,20,10,10,0.3000,123,9996105257,9996103798,17,1123
docs\inst_test\instancias\n_1000_7,100,20,10,10,0.2000,42,9996105257,9996103798,21,1123
docs\inst_test\instancias\n_1000_7,100,20,10,20,0.2000,2026,9996105257,9996103798,14,1123
docs\inst_test\instancias\n_1000_7,100,20,10,20,0.3000,2026,9996105257,9996103798,12,1123
docs\inst_test\instancias\n_1000_7,100,20,10,20,0.1000,42,9996105257,9996103798,20,1123
docs\inst_test\instancias\n_1000_7,100,20,7,10,0.3000,42,9996105257,9996103798,36,1123
docs\inst_test\instancias\n_1000_7,100,20,10,5,0.1000,42,9996105257,9996103798,29,1123
docs\inst_test\instancias\n_1000_7,100,20,10,20,0.2000,42,9996105257,9996103798,20,1123
docs\inst_test\instancias\n_1000_7,100,20,10,20,0.1000,123,9996105257,9996103798,22,1123
docs\inst_test\instancias\n_1000_7,100,20,7,20,0.2000,123,9996105257,9996103798,34,1123
docs\inst_test\instancias\n_1000_7,100,20,15,5,0.1000,123,9996105257,9996103798,15,1123
docs\inst_test\instancias\n_1000_7,100,20,15,5,0.1000,42,9996105257,9996103798,15,1123
docs\inst_test\instancias\n_1000_7,100,20,15,5,0.2000,123,9996105257,9996103798,16,1123
docs\inst_test\instancias\n_1000_7,100,20,15,5,0.2000,42,9996105257,9996103798,16,1123
docs\inst_test\instancias\n_1000_7,100,20,15,5,0.2000,2026,9996105257,9996103798,15,1123
docs\inst_test\instancias\n_1000_7,100,20,15,5,0.3000,42,9996105257,9996103798,16,1123
docs\inst_test\instancias\n_1000_7,100,20,15,10,0.2000,42,9996105257,9996103798,14,1123
docs\inst_test\instancias\n_1000_7,100,20,15,5,0.3000,123,9996105257,9996103798,16,1123
docs\inst_test\instancias\n_1000_7,100,20,15,5,0.3000,2026,9996105257,9996103798,15,1123
docs\inst_test\instancias\n_1000_7,100,20,15,10,0.2000,2026,9996105257,9996103798,14,1123
docs\inst_test\instancias\n_1000_7,100,20,15,10,0.1000,123,9996105257,9996103798,16,1123
docs\inst_test\instancias\n_1000_7,100,20,10,20,0.2000,123,9996105257,9996103798,21,1123
docs\inst_test\instancias\n_1000_7,100,20,10,20,0.3000,42,9996105257,9996103798,21,1123
docs\inst_test\instancias\n_1000_7,100,20,15,10,0.3000,123,9996105257,9996103798,13,1123
docs\inst_test\instancias\n_1000_7,100,20,15,10,0.2000,123,9996105257,9996103798,15,1123
docs\inst_test\instancias\n_1000_7,100,20,15,10,0.3000,2026,9996105257,9996103798,14,1123
docs\inst_test\instancias\n_1000_7,100,20,10,20,0.3000,123,9996105257,9996103798,21,1123
docs\inst_test\instancias\n_1000_7,100,20,15,5,0.1000,2026,9996105257,9996103798,22,1123
docs\inst_test\instancias\n_1000_7,100,20,15,10,0.1000,42,9996105257,9996103798,20,1123
docs\inst_test\instancias\n_1000_7,100,20,15,10,0.1000,2026,9996105257,9996103798,21,1123
docs\inst_test\instancias\n_1000_7,100,20,15,20,0.2000,123,9996105257,9996103798,13,1123
docs\inst_test\instancias\n_1000_7,100,20,15,20,0.2000,42,9996105257,9996103798,15,1123
docs\inst_test\instancias\n_1000_7,100,20,15,10,0.3000,42,9996105257,9996103798,21,1123
docs\inst_test\instancias\n_1000_7,100,20,15,20,0.1000,42,9996105257,9996103798,20,1123
docs\inst_test\instancias\n_1000_7,100,20,15,20,0.1000,123,9996105257,9996103798,21,1123
docs\inst_test\instancias\n_1000_7,100,20,15,20,0.1000,2026,9996105257,9996103798,21,1123
docs\inst_test\instancias\n_1000_7,100,20,15,20,0.2000,2026,9996105257,9996103798,21,1123
docs\inst_test\instancias\n_1000_7,100,20,15,20,0.3000,42,9996105257,9996103798,21,1123
docs\inst_test\instancias\n_1000_7,100,20,15,20,0.3000,123,9996105257,9996103798,22,1123
docs\inst_test\instancias\n_1000_7,100,20,15,20,0.3000,2026,9996105257,9996103798,21,1123
docs\inst_test\instancias\n_1000_7,300,10,7,10,0.1000,123,9996105266,9996103835,41,1123
docs\inst_test\instancias\n_1000_7,300,10,7,10,0.1000,42,9996105257,9996103798,41,1123
docs\inst_test\instancias\n_1000_7,300,10,7,10,0.1000,2026,9996105257,9996103798,40,1123
docs\inst_test\instancias\n_1000_7,300,10,7,10,0.3000,42,9996105257,9996103798,41,1123
docs\inst_test\instancias\n_1000_7,300,10,7,10,0.3000,123,9996105266,9996103835,41,1123
docs\inst_test\instancias\n_1000_7,300,10,7,10,0.3000,2026,9996105257,9996103798,40,1123
docs\inst_test\instancias\n_1000_7,300,10,7,5,0.3000,42,9996105257,9996103798,45,1123
docs\inst_test\instancias\n_1000_7,300,10,7,20,0.2000,123,9996105257,9996103798,37,1123
docs\inst_test\instancias\n_1000_7,300,10,7,10,0.2000,42,9996105257,9996103798,44,1123
docs\inst_test\instancias\n_1000_7,300,10,7,5,0.2000,42,9996105264,9996103875,47,1123
docs\inst_test\instancias\n_1000_7,300,10,7,5,0.1000,2026,9996105257,9996103798,48,1123
docs\inst_test\instancias\n_1000_7,300,10,7,5,0.2000,123,9996105266,9996103835,47,1123
docs\inst_test\instancias\n_1000_7,300,10,7,5,0.3000,2026,9996105257,9996103798,47,1123
docs\inst_test\instancias\n_1000_7,300,10,7,5,0.3000,123,9996105266,9996103835,48,1123
docs\inst_test\instancias\n_1000_7,300,10,7,5,0.2000,2026,9996105257,9996103798,49,1123
docs\inst_test\instancias\n_1000_7,300,10,7,20,0.2000,2026,9996105257,9996103798,40,1123
docs\inst_test\instancias\n_1000_7,300,10,7,20,0.1000,42,9996105257,9996103798,62,1123
docs\inst_test\instancias\n_1000_7,300,10,7,10,0.2000,123,9996105266,9996103835,66,1123
docs\inst_test\instancias\n_1000_7,300,10,7,20,0.1000,123,9996105257,9996103798,61,1123
docs\inst_test\instancias\n_1000_7,300,10,7,5,0.1000,42,9996105257,9996103798,70,1123
docs\inst_test\instancias\n_1000_7,300,10,7,10,0.2000,2026,9996105257,9996103798,66,1123
docs\inst_test\instancias\n_1000_7,300,10,7,20,0.2000,42,9996105257,9996103798,60,1123
docs\inst_test\instancias\n_1000_7,300,10,7,20,0.1000,2026,9996105257,9996103798,63,1123
docs\inst_test\instancias\n_1000_7,300,10,7,20,0.3000,123,9996105257,9996103798,60,1123
docs\inst_test\instancias\n_1000_7,300,10,7,20,0.3000,42,9996105257,9996103798,60,1123
docs\inst_test\instancias\n_1000_7,300,10,7,5,0.1000,123,9996105266,9996103835,73,1123
docs\inst_test\instancias\n_1000_7,300,10,7,20,0.3000,2026,9996105257,9996103798,59,1123
docs\inst_test\instancias\n_1000_7,300,10,10,10,0.1000,123,9996105266,9996103835,41,1123
docs\inst_test\instancias\n_1000_7,300,10,10,5,0.1000,123,9996105266,9996103835,69,1123
docs\inst_test\instancias\n_1000_7,300,10,10,10,0.1000,2026,9996105257,9996103798,41,1123
docs\inst_test\instancias\n_1000_7,300,10,10,5,0.2000,42,9996105264,9996103875,68,1123
docs\inst_test\instancias\n_1000_7,300,10,10,5,0.1000,42,9996105257,9996103798,70,1123
docs\inst_test\instancias\n_1000_7,300,10,10,10,0.1000,42,9996105257,9996103798,43,1123
docs\inst_test\instancias\n_1000_7,300,10,10,10,0.2000,42,9996105257,9996103798,42,1123
docs\inst_test\instancias\n_1000_7,300,10,10,5,0.1000,2026,9996105257,9996103798,70,1123
docs\inst_test\instancias\n_1000_7,300,10,10,10,0.2000,2026,9996105257,9996103798,41,1123
docs\inst_test\instancias\n_1000_7,300,10,10,20,0.1000,123,9996105257,9996103798,39,1123
docs\inst_test\instancias\n_1000_7,300,10,10,20,0.1000,42,9996105257,9996103798,39,1123
docs\inst_test\instancias\n_1000_7,300,10,10,5,0.3000,42,9996105257,9996103798,47,1123
docs\inst_test\instancias\n_1000_7,300,10,10,5,0.2000,2026,9996105257,9996103798,47,1123
docs\inst_test\instancias\n_1000_7,300,10,10,10,0.3000,42,9996105257,9996103798,42,1123
docs\inst_test\instancias\n_1000_7,300,10,10,10,0.3000,123,9996105266,9996103835,42,1123
docs\inst_test\instancias\n_1000_7,300,10,10,10,0.3000,2026,9996105257,9996103798,42,1123
docs\inst_test\instancias\n_1000_7,300,10,10,20,0.1000,2026,9996105257,9996103798,40,1123
docs\inst_test\instancias\n_1000_7,300,10,10,5,0.3000,123,9996105266,9996103835,49,1123
docs\inst_test\instancias\n_1000_7,300,10,10,10,0.2000,123,9996105266,9996103835,45,1123
docs\inst_test\instancias\n_1000_7,300,10,10,5,0.3000,2026,9996105257,9996103798,47,1123
docs\inst_test\instancias\n_1000_7,300,10,10,5,0.2000,123,9996105266,9996103835,73,1123
docs\inst_test\instancias\n_1000_7,300,10,15,10,0.2000,123,9996105266,9996103835,41,1123
docs\inst_test\instancias\n_1000_7,300,10,10,20,0.2000,42,9996105257,9996103798,61,1123
docs\inst_test\instancias\n_1000_7,300,10,15,10,0.1000,2026,9996105257,9996103798,41,1123
docs\inst_test\instancias\n_1000_7,300,10,15,20,0.1000,123,9996105257,9996103798,40,1123
docs\inst_test\instancias\n_1000_7,300,10,15,20,0.2000,2026,9996105257,9996103798,38,1123
docs\inst_test\instancias\n_1000_7,300,10,15,20,0.1000,2026,9996105257,9996103798,39,1123
docs\inst_test\instancias\n_1000_7,300,10,15,10,0.3000,42,9996105257,9996103798,41,1123
docs\inst_test\instancias\n_1000_7,300,10,15,20,0.3000,42,9996105257,9996103798,38,1123
docs\inst_test\instancias\n_1000_7,300,10,15,20,0.2000,42,9996105257,9996103798,39,1123
docs\inst_test\instancias\n_1000_7,300,10,15,10,0.1000,123,9996105266,9996103835,42,1123
docs\inst_test\instancias\n_1000_7,300,10,15,20,0.1000,42,9996105257,9996103798,41,1123
docs\inst_test\instancias\n_1000_7,300,10,10,20,0.2000,2026,9996105257,9996103798,62,1123
docs\inst_test\instancias\n_1000_7,300,10,10,20,0.2000,123,9996105257,9996103798,62,1123
docs\inst_test\instancias\n_1000_7,300,10,10,20,0.3000,42,9996105257,9996103798,61,1123
docs\inst_test\instancias\n_1000_7,300,10,15,10,0.3000,123,9996105266,9996103835,42,1123
docs\inst_test\instancias\n_1000_7,300,10,10,20,0.3000,123,9996105257,9996103798,63,1123
docs\inst_test\instancias\n_1000_7,300,10,10,20,0.3000,2026,9996105257,9996103798,63,1123
docs\inst_test\instancias\n_1000_7,300,10,15,5,0.3000,123,9996105266,9996103835,45,1123
docs\inst_test\instancias\n_1000_7,300,10,15,5,0.2000,2026,9996105257,9996103798,46,1123
docs\inst_test\instancias\n_1000_7,300,10,15,20,0.2000,123,9996105257,9996103798,42,1123
docs\inst_test\instancias\n_1000_7,300,10,15,10,0.3000,2026,9996105257,9996103798,44,1123
docs\inst_test\instancias\n_1000_7,300,10,15,10,0.2000,2026,9996105257,9996103798,46,1123
docs\inst_test\instancias\n_1000_7,300,10,15,5,0.1000,123,9996105266,9996103835,68,1123
docs\inst_test\instancias\n_1000_7,300,10,15,5,0.1000,2026,9996105257,9996103798,68,1123
docs\inst_test\instancias\n_1000_7,300,10,15,5,0.1000,42,9996105257,9996103798,70,1123
docs\inst_test\instancias\n_1000_7,300,10,15,5,0.2000,123,9996105266,9996103835,68,1123
docs\inst_test\instancias\n_1000_7,300,10,15,5,0.2000,42,9996105264,9996103875,71,1123
docs\inst_test\instancias\n_1000_7,300,10,15,10,0.2000,42,9996105257,9996103798,62,1123
docs\inst_test\instancias\n_1000_7,300,10,15,10,0.1000,42,9996105257,9996103798,66,1123
docs\inst_test\instancias\n_1000_7,300,10,15,5,0.3000,42,9996105257,9996103798,68,1123
docs\inst_test\instancias\n_1000_7,300,10,15,5,0.3000,2026,9996105257,9996103798,68,1123
docs\inst_test\instancias\n_1000_7,300,10,15,20,0.3000,123,9996105257,9996103798,63,1123
docs\inst_test\instancias\n_1000_7,300,10,15,20,0.3000,2026,9996105257,9996103798,38,1123
docs\inst_test\instancias\n_1000_7,300,15,7,10,0.2000,123,9996105266,9996103835,39,1123
docs\inst_test\instancias\n_1000_7,300,15,7,20,0.1000,123,9996105257,9996103798,39,1123
docs\inst_test\instancias\n_1000_7,300,15,7,10,0.3000,123,9996105266,9996103835,40,1123
docs\inst_test\instancias\n_1000_7,300,15,7,20,0.1000,42,9996105257,9996103798,40,1123
docs\inst_test\instancias\n_1000_7,300,15,7,10,0.3000,2026,9996105257,9996103798,42,1123
docs\inst_test\instancias\n_1000_7,300,15,7,10,0.1000,42,9996105257,9996103798,44,1123
docs\inst_test\instancias\n_1000_7,300,15,7,5,0.2000,42,9996105264,9996103875,46,1123
docs\inst_test\instancias\n_1000_7,300,15,7,20,0.1000,2026,9996105257,9996103798,41,1123
docs\inst_test\instancias\n_1000_7,300,15,7,5,0.1000,2026,9996105257,9996103798,47,1123
docs\inst_test\instancias\n_1000_7,300,15,7,5,0.2000,2026,9996105257,9996103798,47,1123
docs\inst_test\instancias\n_1000_7,300,15,7,5,0.3000,42,9996105257,9996103798,48,1123
docs\inst_test\instancias\n_1000_7,300,15,7,5,0.3000,123,9996105266,9996103835,48,1123
docs\inst_test\instancias\n_1000_7,300,15,7,5,0.2000,123,9996105266,9996103835,48,1123
docs\inst_test\instancias\n_1000_7,300,15,7,5,0.1000,123,9996105266,9996103835,49,1123
docs\inst_test\instancias\n_1000_7,300,15,7,5,0.3000,2026,9996105257,9996103798,50,1123
docs\inst_test\instancias\n_1000_7,300,15,7,10,0.1000,123,9996105266,9996103835,64,1123
docs\inst_test\instancias\n_1000_7,300,15,7,10,0.1000,2026,9996105257,9996103798,64,1123
docs\inst_test\instancias\n_1000_7,300,15,7,10,0.2000,42,9996105257,9996103798,65,1123
docs\inst_test\instancias\n_1000_7,300,15,7,20,0.2000,42,9996105257,9996103798,59,1123
docs\inst_test\instancias\n_1000_7,300,15,7,10,0.3000,42,9996105257,9996103798,67,1123
docs\inst_test\instancias\n_1000_7,300,15,7,10,0.2000,2026,9996105257,9996103798,67,1123
docs\inst_test\instancias\n_1000_7,300,15,7,20,0.2000,123,9996105257,9996103798,63,1123
docs\inst_test\instancias\n_1000_7,300,15,7,5,0.1000,42,9996105257,9996103798,74,1123
docs\inst_test\instancias\n_1000_7,300,15,7,20,0.2000,2026,9996105257,9996103798,63,1123
docs\inst_test\instancias\n_1000_7,300,15,7,20,0.3000,42,9996105257,9996103798,63,1123
docs\inst_test\instancias\n_1000_7,300,15,7,20,0.3000,123,9996105257,9996103798,65,1123
docs\inst_test\instancias\n_1000_7,300,15,7,20,0.3000,2026,9996105257,9996103798,63,1123
docs\inst_test\instancias\n_1000_7,300,15,10,20,0.1000,42,9996105257,9996103798,37,1123
docs\inst_test\instancias\n_1000_7,300,15,10,10,0.1000,42,9996105257,9996103798,41,1123
docs\inst_test\instancias\n_1000_7,300,15,10,10,0.1000,123,9996105266,9996103835,41,1123
docs\inst_test\instancias\n_1000_7,300,15,10,20,0.1000,123,9996105257,9996103798,36,1123
docs\inst_test\instancias\n_1000_7,300,15,10,10,0.2000,123,9996105266,9996103835,41,1123
docs\inst_test\instancias\n_1000_7,300,15,10,10,0.2000,42,9996105257,9996103798,42,1123
docs\inst_test\instancias\n_1000_7,300,15,10,10,0.3000,42,9996105257,9996103798,40,1123
docs\inst_test\instancias\n_1000_7,300,15,10,5,0.2000,123,9996105266,9996103835,50,1123
docs\inst_test\instancias\n_1000_7,300,15,10,10,0.3000,123,9996105266,9996103835,41,1123
docs\inst_test\instancias\n_1000_7,300,15,10,10,0.2000,2026,9996105257,9996103798,42,1123
docs\inst_test\instancias\n_1000_7,300,15,10,5,0.2000,2026,9996105257,9996103798,47,1123
docs\inst_test\instancias\n_1000_7,300,15,10,5,0.3000,123,9996105266,9996103835,47,1123
docs\inst_test\instancias\n_1000_7,300,15,10,10,0.3000,2026,9996105257,9996103798,42,1123
docs\inst_test\instancias\n_1000_7,300,15,10,5,0.1000,42,9996105257,9996103798,67,1123
docs\inst_test\instancias\n_1000_7,300,15,10,10,0.1000,2026,9996105257,9996103798,46,1123
docs\inst_test\instancias\n_1000_7,300,15,10,5,0.3000,2026,9996105257,9996103798,48,1123
docs\inst_test\instancias\n_1000_7,300,15,10,5,0.2000,42,9996105264,9996103875,70,1123
docs\inst_test\instancias\n_1000_7,300,15,10,5,0.3000,42,9996105257,9996103798,54,1123
docs\inst_test\instancias\n_1000_7,300,15,10,5,0.1000,123,9996105266,9996103835,74,1123
docs\inst_test\instancias\n_1000_7,300,15,10,5,0.1000,2026,9996105257,9996103798,84,1123
docs\inst_test\instancias\n_1000_7,300,15,10,20,0.1000,2026,9996105257,9996103798,60,1123
docs\inst_test\instancias\n_1000_7,300,15,10,20,0.2000,42,9996105257,9996103798,61,1123
docs\inst_test\instancias\n_1000_7,300,15,10,20,0.2000,123,9996105257,9996103798,63,1123
docs\inst_test\instancias\n_1000_7,300,15,15,10,0.1000,42,9996105257,9996103798,41,1123
docs\inst_test\instancias\n_1000_7,300,15,15,10,0.2000,123,9996105266,9996103835,40,1123
docs\inst_test\instancias\n_1000_7,300,15,10,20,0.2000,2026,9996105257,9996103798,60,1123
docs\inst_test\instancias\n_1000_7,300,15,15,20,0.1000,2026,9996105257,9996103798,37,1123
docs\inst_test\instancias\n_1000_7,300,15,15,10,0.1000,2026,9996105257,9996103798,41,1123
docs\inst_test\instancias\n_1000_7,300,15,15,10,0.3000,42,9996105257,9996103798,41,1123
docs\inst_test\instancias\n_1000_7,300,15,15,10,0.2000,42,9996105257,9996103798,42,1123
docs\inst_test\instancias\n_1000_7,300,15,15,10,0.3000,123,9996105266,9996103835,40,1123
docs\inst_test\instancias\n_1000_7,300,15,15,10,0.2000,2026,9996105257,9996103798,41,1123
docs\inst_test\instancias\n_1000_7,300,15,10,20,0.3000,42,9996105257,9996103798,62,1123
docs\inst_test\instancias\n_1000_7,300,15,15,10,0.3000,2026,9996105257,9996103798,41,1123
docs\inst_test\instancias\n_1000_7,300,15,15,20,0.1000,123,9996105257,9996103798,39,1123
docs\inst_test\instancias\n_1000_7,300,15,15,10,0.1000,123,9996105266,9996103835,43,1123
docs\inst_test\instancias\n_1000_7,300,15,15,5,0.3000,42,9996105257,9996103798,46,1123
docs\inst_test\instancias\n_1000_7,300,15,15,5,0.2000,2026,9996105257,9996103798,47,1123
docs\inst_test\instancias\n_1000_7,300,15,10,20,0.3000,123,9996105257,9996103798,64,1123
docs\inst_test\instancias\n_1000_7,300,15,15,5,0.3000,123,9996105266,9996103835,47,1123
docs\inst_test\instancias\n_1000_7,300,15,15,5,0.3000,2026,9996105257,9996103798,47,1123
docs\inst_test\instancias\n_1000_7,300,15,10,20,0.3000,2026,9996105257,9996103798,63,1123
docs\inst_test\instancias\n_1000_7,300,15,15,20,0.2000,123,9996105257,9996103798,40,1123
docs\inst_test\instancias\n_1000_7,300,15,15,5,0.1000,42,9996105257,9996103798,71,1123
docs\inst_test\instancias\n_1000_7,300,15,15,5,0.1000,2026,9996105257,9996103798,70,1123
docs\inst_test\instancias\n_1000_7,300,15,15,5,0.1000,123,9996105266,9996103835,72,1123
docs\inst_test\instancias\n_1000_7,300,15,15,5,0.2000,42,9996105264,9996103875,68,1123
docs\inst_test\instancias\n_1000_7,300,15,15,5,0.2000,123,9996105266,9996103835,69,1123
docs\inst_test\instancias\n_1000_7,300,15,15,20,0.1000,42,9996105257,9996103798,62,1123
docs\inst_test\instancias\n_1000_7,300,15,15,20,0.2000,42,9996105257,9996103798,63,1123
docs\inst_test\instancias\n_1000_7,300,15,15,20,0.2000,2026,9996105257,9996103798,62,1123
docs\inst_test\instancias\n_1000_7,300,15,15,20,0.3000,42,9996105257,9996103798,62,1123
docs\inst_test\instancias\n_1000_7,300,20,7,10,0.1000,42,9996105257,9996103798,41,1123
docs\inst_test\instancias\n_1000_7,300,20,7,20,0.1000,42,9996105257,9996103798,37,1123
docs\inst_test\instancias\n_1000_7,300,20,7,10,0.1000,2026,9996105257,9996103798,42,1123
docs\inst_test\instancias\n_1000_7,300,20,7,10,0.2000,123,9996105266,9996103835,42,1123
docs\inst_test\instancias\n_1000_7,300,20,7,10,0.2000,2026,9996105257,9996103798,41,1123
docs\inst_test\instancias\n_1000_7,300,20,7,10,0.2000,42,9996105257,9996103798,42,1123
docs\inst_test\instancias\n_1000_7,300,20,7,10,0.3000,2026,9996105257,9996103798,41,1123
docs\inst_test\instancias\n_1000_7,300,20,7,10,0.3000,42,9996105257,9996103798,42,1123
docs\inst_test\instancias\n_1000_7,300,20,7,5,0.1000,123,9996105266,9996103835,46,1123
docs\inst_test\instancias\n_1000_7,300,20,7,5,0.2000,2026,9996105257,9996103798,47,1123
docs\inst_test\instancias\n_1000_7,300,20,7,5,0.1000,2026,9996105257,9996103798,47,1123
docs\inst_test\instancias\n_1000_7,300,20,7,5,0.3000,42,9996105257,9996103798,46,1123
docs\inst_test\instancias\n_1000_7,300,20,7,5,0.3000,123,9996105266,9996103835,46,1123
docs\inst_test\instancias\n_1000_7,300,20,7,5,0.3000,2026,9996105257,9996103798,46,1123
docs\inst_test\instancias\n_1000_7,300,20,7,20,0.1000,2026,9996105257,9996103798,39,1123
docs\inst_test\instancias\n_1000_7,300,20,7,5,0.2000,123,9996105266,9996103835,48,1123
docs\inst_test\instancias\n_1000_7,300,15,15,20,0.3000,123,9996105257,9996103798,61,1123
docs\inst_test\instancias\n_1000_7,300,15,15,20,0.3000,2026,9996105257,9996103798,63,1123
docs\inst_test\instancias\n_1000_7,300,20,7,10,0.1000,123,9996105266,9996103835,63,1123
docs\inst_test\instancias\n_1000_7,300,20,7,10,0.3000,123,9996105266,9996103835,64,1123
docs\inst_test\instancias\n_1000_7,300,20,7,5,0.2000,42,9996105264,9996103875,69,1123
docs\inst_test\instancias\n_1000_7,300,20,7,20,0.1000,123,9996105257,9996103798,64,1123
docs\inst_test\instancias\n_1000_7,300,20,7,5,0.1000,42,9996105257,9996103798,72,1123
docs\inst_test\instancias\n_1000_7,300,20,7,20,0.2000,42,9996105257,9996103798,62,1123
docs\inst_test\instancias\n_1000_7,300,20,7,20,0.3000,42,9996105257,9996103798,62,1123
docs\inst_test\instancias\n_1000_7,300,20,7,20,0.2000,123,9996105257,9996103798,64,1123
docs\inst_test\instancias\n_1000_7,300,20,7,20,0.2000,2026,9996105257,9996103798,65,1123
docs\inst_test\instancias\n_1000_7,300,20,7,20,0.3000,123,9996105257,9996103798,61,1123
docs\inst_test\instancias\n_1000_7,300,20,7,20,0.3000,2026,9996105257,9996103798,63,1123
docs\inst_test\instancias\n_1000_7,300,20,10,20,0.1000,42,9996105257,9996103798,37,1123
docs\inst_test\instancias\n_1000_7,300,20,10,10,0.1000,42,9996105257,9996103798,41,1123
docs\inst_test\instancias\n_1000_7,300,20,10,10,0.1000,2026,9996105257,9996103798,40,1123
docs\inst_test\instancias\n_1000_7,300,20,10,10,0.1000,123,9996105266,9996103835,43,1123
docs\inst_test\instancias\n_1000_7,300,20,10,10,0.2000,42,9996105257,9996103798,41,1123
docs\inst_test\instancias\n_1000_7,300,20,10,10,0.3000,42,9996105257,9996103798,41,1123
docs\inst_test\instancias\n_1000_7,300,20,10,10,0.2000,123,9996105266,9996103835,41,1123
docs\inst_test\instancias\n_1000_7,300,20,10,10,0.2000,2026,9996105257,9996103798,41,1123
docs\inst_test\instancias\n_1000_7,300,20,10,10,0.3000,123,9996105266,9996103835,41,1123
docs\inst_test\instancias\n_1000_7,300,20,10,5,0.2000,42,9996105264,9996103875,47,1123
docs\inst_test\instancias\n_1000_7,300,20,10,5,0.2000,123,9996105266,9996103835,47,1123
docs\inst_test\instancias\n_1000_7,300,20,10,5,0.3000,123,9996105266,9996103835,47,1123
docs\inst_test\instancias\n_1000_7,300,20,10,5,0.2000,2026,9996105257,9996103798,47,1123
docs\inst_test\instancias\n_1000_7,300,20,10,5,0.3000,2026,9996105257,9996103798,48,1123
docs\inst_test\instancias\n_1000_7,300,20,10,10,0.3000,2026,9996105257,9996103798,47,1123
docs\inst_test\instancias\n_1000_7,300,20,10,5,0.3000,42,9996105257,9996103798,54,1123
docs\inst_test\instancias\n_1000_7,300,20,10,5,0.1000,123,9996105266,9996103835,68,1123
docs\inst_test\instancias\n_1000_7,300,20,10,5,0.1000,42,9996105257,9996103798,71,1123
docs\inst_test\instancias\n_1000_7,300,20,10,5,0.1000,2026,9996105257,9996103798,68,1123
docs\inst_test\instancias\n_1000_7,300,20,10,20,0.1000,123,9996105257,9996103798,65,1123
docs\inst_test\instancias\n_1000_7,300,20,10,20,0.1000,2026,9996105257,9996103798,63,1123
docs\inst_test\instancias\n_1000_7,300,20,10,20,0.2000,42,9996105257,9996103798,61,1123
docs\inst_test\instancias\n_1000_7,300,20,15,10,0.1000,123,9996105266,9996103835,41,1123
docs\inst_test\instancias\n_1000_7,300,20,15,10,0.1000,2026,9996105257,9996103798,41,1123
docs\inst_test\instancias\n_1000_7,300,20,10,20,0.2000,2026,9996105257,9996103798,61,1123
docs\inst_test\instancias\n_1000_7,300,20,15,20,0.1000,42,9996105257,9996103798,38,1123
docs\inst_test\instancias\n_1000_7,300,20,15,10,0.2000,42,9996105257,9996103798,42,1123
docs\inst_test\instancias\n_1000_7,300,20,15,10,0.2000,123,9996105266,9996103835,42,1123
docs\inst_test\instancias\n_1000_7,300,20,15,10,0.2000,2026,9996105257,9996103798,42,1123
docs\inst_test\instancias\n_1000_7,300,20,15,10,0.3000,42,9996105257,9996103798,42,1123
docs\inst_test\instancias\n_1000_7,300,20,10,20,0.2000,123,9996105257,9996103798,63,1123
docs\inst_test\instancias\n_1000_7,300,20,15,10,0.1000,42,9996105257,9996103798,44,1123
docs\inst_test\instancias\n_1000_7,300,20,15,10,0.3000,123,9996105266,9996103835,41,1123
docs\inst_test\instancias\n_1000_7,300,20,15,20,0.1000,123,9996105257,9996103798,38,1123
docs\inst_test\instancias\n_1000_7,300,20,15,5,0.3000,42,9996105257,9996103798,47,1123
docs\inst_test\instancias\n_1000_7,300,20,10,20,0.3000,42,9996105257,9996103798,62,1123
docs\inst_test\instancias\n_1000_7,300,20,10,20,0.3000,123,9996105257,9996103798,62,1123
docs\inst_test\instancias\n_1000_7,300,20,15,5,0.2000,2026,9996105257,9996103798,49,1123
docs\inst_test\instancias\n_1000_7,300,20,15,5,0.3000,123,9996105266,9996103835,48,1123
docs\inst_test\instancias\n_1000_7,300,20,15,10,0.3000,2026,9996105257,9996103798,43,1123
docs\inst_test\instancias\n_1000_7,300,20,15,5,0.3000,2026,9996105257,9996103798,48,1123
docs\inst_test\instancias\n_1000_7,300,20,15,20,0.1000,2026,9996105257,9996103798,39,1123
docs\inst_test\instancias\n_1000_7,300,20,10,20,0.3000,2026,9996105257,9996103798,62,1123
docs\inst_test\instancias\n_1000_7,300,20,15,5,0.1000,123,9996105266,9996103835,68,1123
docs\inst_test\instancias\n_1000_7,300,20,15,5,0.1000,42,9996105257,9996103798,70,1123
docs\inst_test\instancias\n_1000_7,300,20,15,5,0.2000,42,9996105264,9996103875,67,1123
docs\inst_test\instancias\n_1000_7,300,20,15,5,0.1000,2026,9996105257,9996103798,70,1123
docs\inst_test\instancias\n_1000_7,300,20,15,5,0.2000,123,9996105266,9996103835,69,1123
docs\inst_test\instancias\n_1000_7,300,20,15,20,0.2000,42,9996105257,9996103798,62,1123
docs\inst_test\instancias\n_1000_7,300,20,15,20,0.2000,123,9996105257,9996103798,62,1123
docs\inst_test\instancias\n_1000_7,300,20,15,20,0.2000,2026,9996105257,9996103798,64,1123
docs\inst_test\instancias\n_1000_7,300,20,15,20,0.3000,42,9996105257,9996103798,61,1123
docs\inst_test\instancias\n_1000_7,300,20,15,20,0.3000,123,9996105257,9996103798,61,1123
docs\inst_test\instancias\n_1000_7,300,20,15,20,0.3000,2026,9996105257,9996103798,62,1123
docs\inst_test\instancias\n_1000_7,500,10,7,10,0.1000,42,9996105257,9996103798,66,1123
docs\inst_test\instancias\n_1000_7,500,10,7,10,0.1000,123,9996105266,9996103835,67,1123
docs\inst_test\instancias\n_1000_7,500,10,7,10,0.2000,42,9996105257,9996103798,67,1123
docs\inst_test\instancias\n_1000_7,500,10,7,20,0.1000,42,9996105257,9996103798,65,1123
docs\inst_test\instancias\n_1000_7,500,10,7,10,0.1000,2026,9996105257,9996103798,68,1123
docs\inst_test\instancias\n_1000_7,500,10,7,10,0.3000,123,9996105266,9996103835,68,1123
docs\inst_test\instancias\n_1000_7,500,10,7,10,0.3000,2026,9996105257,9996103798,67,1123
docs\inst_test\instancias\n_1000_7,500,10,7,20,0.1000,123,9996105257,9996103798,67,1123
docs\inst_test\instancias\n_1000_7,500,10,7,5,0.1000,42,9996105257,9996103798,78,1123
docs\inst_test\instancias\n_1000_7,500,10,7,5,0.2000,42,9996105264,9996103875,78,1123
docs\inst_test\instancias\n_1000_7,500,10,7,10,0.3000,42,9996105257,9996103798,74,1123
docs\inst_test\instancias\n_1000_7,500,10,7,5,0.1000,123,9996105266,9996103835,79,1123
docs\inst_test\instancias\n_1000_7,500,10,7,5,0.3000,123,9996105266,9996103835,79,1123
docs\inst_test\instancias\n_1000_7,500,10,7,5,0.2000,2026,9996105264,9996103875,81,1123
docs\inst_test\instancias\n_1000_7,500,10,7,5,0.2000,123,9996105266,9996103835,83,1123
docs\inst_test\instancias\n_1000_7,500,10,7,5,0.3000,42,9996105257,9996103798,82,1123
docs\inst_test\instancias\n_1000_7,500,10,7,20,0.1000,2026,9996105257,9996103798,101,1123
docs\inst_test\instancias\n_1000_7,500,10,7,10,0.2000,123,9996105266,9996103835,108,1123
docs\inst_test\instancias\n_1000_7,500,10,7,10,0.2000,2026,9996105257,9996103798,108,1123
docs\inst_test\instancias\n_1000_7,500,10,7,5,0.1000,2026,9996105264,9996103875,115,1123
docs\inst_test\instancias\n_1000_7,500,10,7,5,0.3000,2026,9996105257,9996103798,116,1123
docs\inst_test\instancias\n_1000_7,500,10,7,20,0.2000,42,9996105257,9996103798,104,1123
docs\inst_test\instancias\n_1000_7,500,10,7,20,0.2000,123,9996105257,9996103798,102,1123
docs\inst_test\instancias\n_1000_7,500,10,7,20,0.3000,42,9996105257,9996103798,103,1123
docs\inst_test\instancias\n_1000_7,500,10,7,20,0.2000,2026,9996105257,9996103798,104,1123
docs\inst_test\instancias\n_1000_7,500,10,7,20,0.3000,123,9996105257,9996103798,106,1123
docs\inst_test\instancias\n_1000_7,500,10,7,20,0.3000,2026,9996105257,9996103798,101,1123
docs\inst_test\instancias\n_1000_7,500,10,10,10,0.1000,42,9996105257,9996103798,68,1123
docs\inst_test\instancias\n_1000_7,500,10,10,10,0.1000,2026,9996105257,9996103798,69,1123
docs\inst_test\instancias\n_1000_7,500,10,10,10,0.1000,123,9996105266,9996103835,69,1123
docs\inst_test\instancias\n_1000_7,500,10,10,10,0.2000,42,9996105257,9996103798,70,1123
docs\inst_test\instancias\n_1000_7,500,10,10,20,0.1000,42,9996105257,9996103798,64,1123
docs\inst_test\instancias\n_1000_7,500,10,10,20,0.1000,2026,9996105257,9996103798,63,1123
docs\inst_test\instancias\n_1000_7,500,10,10,10,0.2000,2026,9996105257,9996103798,68,1123
docs\inst_test\instancias\n_1000_7,500,10,10,10,0.2000,123,9996105266,9996103835,69,1123
docs\inst_test\instancias\n_1000_7,500,10,10,10,0.3000,123,9996105266,9996103835,68,1123
docs\inst_test\instancias\n_1000_7,500,10,10,5,0.2000,2026,9996105264,9996103875,79,1123
docs\inst_test\instancias\n_1000_7,500,10,10,20,0.1000,123,9996105257,9996103798,64,1123
docs\inst_test\instancias\n_1000_7,500,10,10,5,0.1000,42,9996105257,9996103798,115,1123
docs\inst_test\instancias\n_1000_7,500,10,10,5,0.3000,42,9996105257,9996103798,80,1123
docs\inst_test\instancias\n_1000_7,500,10,10,5,0.3000,123,9996105266,9996103835,79,1123
docs\inst_test\instancias\n_1000_7,500,10,10,10,0.3000,2026,9996105257,9996103798,70,1123
docs\inst_test\instancias\n_1000_7,500,10,10,5,0.3000,2026,9996105257,9996103798,80,1123
docs\inst_test\instancias\n_1000_7,500,10,10,10,0.3000,42,9996105257,9996103798,74,1123
docs\inst_test\instancias\n_1000_7,500,10,10,5,0.1000,123,9996105266,9996103835,118,1123
docs\inst_test\instancias\n_1000_7,500,10,10,5,0.1000,2026,9996105264,9996103875,115,1123
docs\inst_test\instancias\n_1000_7,500,10,10,5,0.2000,42,9996105264,9996103875,116,1123
docs\inst_test\instancias\n_1000_7,500,10,10,5,0.2000,123,9996105266,9996103835,116,1123
docs\inst_test\instancias\n_1000_7,500,10,15,20,0.1000,42,9996105257,9996103798,64,1123
docs\inst_test\instancias\n_1000_7,500,10,15,20,0.1000,2026,9996105257,9996103798,62,1123
docs\inst_test\instancias\n_1000_7,500,10,15,10,0.2000,42,9996105257,9996103798,67,1123
docs\inst_test\instancias\n_1000_7,500,10,15,20,0.1000,123,9996105257,9996103798,64,1123
docs\inst_test\instancias\n_1000_7,500,10,10,20,0.2000,42,9996105257,9996103798,104,1123
docs\inst_test\instancias\n_1000_7,500,10,15,10,0.1000,123,9996105266,9996103835,69,1123
docs\inst_test\instancias\n_1000_7,500,10,15,10,0.1000,42,9996105257,9996103798,71,1123
docs\inst_test\instancias\n_1000_7,500,10,15,10,0.2000,2026,9996105257,9996103798,70,1123
docs\inst_test\instancias\n_1000_7,500,10,15,10,0.3000,42,9996105257,9996103798,70,1123
docs\inst_test\instancias\n_1000_7,500,10,15,20,0.2000,42,9996105257,9996103798,66,1123
docs\inst_test\instancias\n_1000_7,500,10,15,10,0.3000,2026,9996105257,9996103798,70,1123
docs\inst_test\instancias\n_1000_7,500,10,15,5,0.2000,2026,9996105264,9996103875,80,1123
docs\inst_test\instancias\n_1000_7,500,10,15,10,0.2000,123,9996105266,9996103835,73,1123
docs\inst_test\instancias\n_1000_7,500,10,10,20,0.3000,42,9996105257,9996103798,105,1123
docs\inst_test\instancias\n_1000_7,500,10,10,20,0.2000,2026,9996105257,9996103798,108,1123
docs\inst_test\instancias\n_1000_7,500,10,10,20,0.3000,123,9996105257,9996103798,104,1123
docs\inst_test\instancias\n_1000_7,500,10,10,20,0.3000,2026,9996105257,9996103798,101,1123
docs\inst_test\instancias\n_1000_7,500,10,15,10,0.1000,2026,9996105257,9996103798,76,1123
docs\inst_test\instancias\n_1000_7,500,10,15,5,0.3000,42,9996105257,9996103798,82,1123
docs\inst_test\instancias\n_1000_7,500,10,15,5,0.3000,123,9996105266,9996103835,84,1123
docs\inst_test\instancias\n_1000_7,500,10,15,5,0.3000,2026,9996105257,9996103798,81,1123
docs\inst_test\instancias\n_1000_7,500,10,10,20,0.2000,123,9996105257,9996103798,118,1123
docs\inst_test\instancias\n_1000_7,500,10,15,5,0.1000,2026,9996105264,9996103875,109,1123
docs\inst_test\instancias\n_1000_7,500,10,15,5,0.1000,123,9996105266,9996103835,117,1123
docs\inst_test\instancias\n_1000_7,500,10,15,5,0.1000,42,9996105257,9996103798,120,1123
docs\inst_test\instancias\n_1000_7,500,10,15,5,0.2000,42,9996105264,9996103875,118,1123
docs\inst_test\instancias\n_1000_7,500,10,15,5,0.2000,123,9996105266,9996103835,118,1123
docs\inst_test\instancias\n_1000_7,500,10,15,20,0.2000,123,9996105257,9996103798,100,1123
docs\inst_test\instancias\n_1000_7,500,10,15,20,0.2000,2026,9996105257,9996103798,106,1123
docs\inst_test\instancias\n_1000_7,500,10,15,10,0.3000,123,9996105266,9996103835,126,1123
docs\inst_test\instancias\n_1000_7,500,10,15,20,0.3000,42,9996105257,9996103798,107,1123
docs\inst_test\instancias\n_1000_7,500,10,15,20,0.3000,123,9996105257,9996103798,103,1123
docs\inst_test\instancias\n_1000_7,500,10,15,20,0.3000,2026,9996105257,9996103798,68,1123
docs\inst_test\instancias\n_1000_7,500,15,7,10,0.1000,123,9996105266,9996103835,68,1123
docs\inst_test\instancias\n_1000_7,500,15,7,10,0.1000,2026,9996105257,9996103798,69,1123
docs\inst_test\instancias\n_1000_7,500,15,7,20,0.1000,42,9996105257,9996103798,64,1123
docs\inst_test\instancias\n_1000_7,500,15,7,10,0.1000,42,9996105257,9996103798,72,1123
docs\inst_test\instancias\n_1000_7,500,15,7,5,0.1000,42,9996105257,9996103798,79,1123
docs\inst_test\instancias\n_1000_7,500,15,7,5,0.1000,2026,9996105264,9996103875,78,1123
docs\inst_test\instancias\n_1000_7,500,15,7,5,0.1000,123,9996105266,9996103835,79,1123
docs\inst_test\instancias\n_1000_7,500,15,7,20,0.1000,123,9996105257,9996103798,66,1123
docs\inst_test\instancias\n_1000_7,500,15,7,10,0.3000,2026,9996105257,9996103798,69,1123
docs\inst_test\instancias\n_1000_7,500,15,7,5,0.2000,123,9996105266,9996103835,78,1123
docs\inst_test\instancias\n_1000_7,500,15,7,5,0.3000,42,9996105257,9996103798,77,1123
docs\inst_test\instancias\n_1000_7,500,15,7,5,0.3000,123,9996105266,9996103835,77,1123
docs\inst_test\instancias\n_1000_7,500,15,7,5,0.2000,2026,9996105264,9996103875,79,1123
docs\inst_test\instancias\n_1000_7,500,15,7,5,0.3000,2026,9996105257,9996103798,78,1123
docs\inst_test\instancias\n_1000_7,500,15,7,10,0.3000,123,9996105266,9996103835,78,1123
docs\inst_test\instancias\n_1000_7,500,15,7,10,0.2000,42,9996105257,9996103798,86,1123
docs\inst_test\instancias\n_1000_7,500,15,7,10,0.3000,42,9996105257,9996103798,85,1123
docs\inst_test\instancias\n_1000_7,500,15,7,20,0.1000,2026,9996105257,9996103798,80,1123
docs\inst_test\instancias\n_1000_7,500,15,7,5,0.2000,42,9996105264,9996103875,95,1123
docs\inst_test\instancias\n_1000_7,500,15,7,10,0.2000,123,9996105266,9996103835,89,1123
docs\inst_test\instancias\n_1000_7,500,15,7,20,0.2000,42,9996105257,9996103798,76,1123
docs\inst_test\instancias\n_1000_7,500,15,7,10,0.2000,2026,9996105257,9996103798,90,1123
docs\inst_test\instancias\n_1000_7,500,15,7,20,0.2000,123,9996105257,9996103798,73,1123
docs\inst_test\instancias\n_1000_7,500,15,7,20,0.3000,123,9996105257,9996103798,69,1123
docs\inst_test\instancias\n_1000_7,500,15,7,20,0.3000,42,9996105257,9996103798,72,1123
docs\inst_test\instancias\n_1000_7,500,15,7,20,0.2000,2026,9996105257,9996103798,82,1123
docs\inst_test\instancias\n_1000_7,500,15,7,20,0.3000,2026,9996105257,9996103798,65,1123
docs\inst_test\instancias\n_1000_7,500,15,10,5,0.1000,42,9996105257,9996103798,71,1123
docs\inst_test\instancias\n_1000_7,500,15,10,5,0.1000,123,9996105266,9996103835,72,1123
docs\inst_test\instancias\n_1000_7,500,15,10,5,0.1000,2026,9996105264,9996103875,72,1123
docs\inst_test\instancias\n_1000_7,500,15,10,5,0.2000,42,9996105264,9996103875,73,1123
docs\inst_test\instancias\n_1000_7,500,15,10,10,0.1000,123,9996105266,9996103835,62,1123
docs\inst_test\instancias\n_1000_7,500,15,10,5,0.2000,123,9996105266,9996103835,74,1123
docs\inst_test\instancias\n_1000_7,500,15,10,10,0.2000,2026,9996105257,9996103798,62,1123
docs\inst_test\instancias\n_1000_7,500,15,10,10,0.3000,123,9996105266,9996103835,64,1123
docs\inst_test\instancias\n_1000_7,500,15,10,10,0.1000,42,9996105257,9996103798,67,1123
docs\inst_test\instancias\n_1000_7,500,15,10,10,0.2000,42,9996105257,9996103798,68,1123
docs\inst_test\instancias\n_1000_7,500,15,10,10,0.1000,2026,9996105257,9996103798,68,1123
docs\inst_test\instancias\n_1000_7,500,15,10,5,0.2000,2026,9996105264,9996103875,73,1123
docs\inst_test\instancias\n_1000_7,500,15,10,5,0.3000,42,9996105257,9996103798,74,1123
docs\inst_test\instancias\n_1000_7,500,15,10,20,0.1000,42,9996105257,9996103798,65,1123
docs\inst_test\instancias\n_1000_7,500,15,10,10,0.3000,42,9996105257,9996103798,68,1123
docs\inst_test\instancias\n_1000_7,500,15,10,20,0.1000,123,9996105257,9996103798,62,1123
docs\inst_test\instancias\n_1000_7,500,15,10,20,0.1000,2026,9996105257,9996103798,57,1123
docs\inst_test\instancias\n_1000_7,500,15,10,10,0.2000,123,9996105266,9996103835,71,1123
docs\inst_test\instancias\n_1000_7,500,15,10,10,0.3000,2026,9996105257,9996103798,69,1123
docs\inst_test\instancias\n_1000_7,500,15,10,20,0.2000,42,9996105257,9996103798,57,1123
docs\inst_test\instancias\n_1000_7,500,15,10,5,0.3000,123,9996105266,9996103835,75,1123
docs\inst_test\instancias\n_1000_7,500,15,10,20,0.3000,42,9996105257,9996103798,57,1123
docs\inst_test\instancias\n_1000_7,500,15,10,5,0.3000,2026,9996105257,9996103798,77,1123
docs\inst_test\instancias\n_1000_7,500,15,10,20,0.2000,2026,9996105257,9996103798,58,1123
docs\inst_test\instancias\n_1000_7,500,15,10,20,0.2000,123,9996105257,9996103798,59,1123
docs\inst_test\instancias\n_1000_7,500,15,10,20,0.3000,123,9996105257,9996103798,65,1123
docs\inst_test\instancias\n_1000_7,500,15,10,20,0.3000,2026,9996105257,9996103798,65,1123
docs\inst_test\instancias\n_1000_7,500,15,15,5,0.1000,42,9996105257,9996103798,69,1123
docs\inst_test\instancias\n_1000_7,500,15,15,5,0.1000,2026,9996105264,9996103875,70,1123
docs\inst_test\instancias\n_1000_7,500,15,15,5,0.1000,123,9996105266,9996103835,70,1123
docs\inst_test\instancias\n_1000_7,500,15,15,5,0.2000,42,9996105264,9996103875,74,1123
docs\inst_test\instancias\n_1000_7,500,15,15,5,0.2000,123,9996105266,9996103835,74,1123
docs\inst_test\instancias\n_1000_7,500,15,15,5,0.2000,2026,9996105264,9996103875,70,1123
docs\inst_test\instancias\n_1000_7,500,15,15,10,0.1000,42,9996105257,9996103798,61,1123
docs\inst_test\instancias\n_1000_7,500,15,15,5,0.3000,42,9996105257,9996103798,70,1123
docs\inst_test\instancias\n_1000_7,500,15,15,5,0.3000,123,9996105266,9996103835,71,1123
docs\inst_test\instancias\n_1000_7,500,15,15,20,0.2000,42,9996105257,9996103798,57,1123
docs\inst_test\instancias\n_1000_7,500,15,15,10,0.1000,2026,9996105257,9996103798,66,1123
docs\inst_test\instancias\n_1000_7,500,15,15,10,0.2000,42,9996105257,9996103798,64,1123
docs\inst_test\instancias\n_1000_7,500,15,15,5,0.3000,2026,9996105257,9996103798,74,1123
docs\inst_test\instancias\n_1000_7,500,15,15,10,0.1000,123,9996105266,9996103835,69,1123
docs\inst_test\instancias\n_1000_7,500,15,15,20,0.3000,2026,9996105257,9996103798,58,1123
docs\inst_test\instancias\n_1000_7,500,15,15,20,0.3000,42,9996105257,9996103798,61,1123
docs\inst_test\instancias\n_1000_7,500,15,15,10,0.2000,123,9996105266,9996103835,67,1123
docs\inst_test\instancias\n_1000_7,500,15,15,20,0.1000,123,9996105257,9996103798,64,1123
docs\inst_test\instancias\n_1000_7,500,15,15,20,0.1000,2026,9996105257,9996103798,64,1123
docs\inst_test\instancias\n_1000_7,500,15,15,10,0.2000,2026,9996105257,9996103798,67,1123
docs\inst_test\instancias\n_1000_7,500,15,15,10,0.3000,42,9996105257,9996103798,67,1123
docs\inst_test\instancias\n_1000_7,500,15,15,10,0.3000,2026,9996105257,9996103798,67,1123
docs\inst_test\instancias\n_1000_7,500,15,15,10,0.3000,123,9996105266,9996103835,68,1123
docs\inst_test\instancias\n_1000_7,500,15,15,20,0.2000,2026,9996105257,9996103798,64,1123
docs\inst_test\instancias\n_1000_7,500,15,15,20,0.2000,123,9996105257,9996103798,65,1123
docs\inst_test\instancias\n_1000_7,500,15,15,20,0.1000,42,9996105257,9996103798,69,1123
docs\inst_test\instancias\n_1000_7,500,15,15,20,0.3000,123,9996105257,9996103798,67,1123
docs\inst_test\instancias\n_1000_7,500,20,7,5,0.1000,123,9996105266,9996103835,71,1123
docs\inst_test\instancias\n_1000_7,500,20,7,5,0.1000,2026,9996105264,9996103875,72,1123
docs\inst_test\instancias\n_1000_7,500,20,7,5,0.1000,42,9996105257,9996103798,75,1123
docs\inst_test\instancias\n_1000_7,500,20,7,5,0.2000,42,9996105264,9996103875,70,1123
docs\inst_test\instancias\n_1000_7,500,20,7,5,0.2000,123,9996105266,9996103835,75,1123
docs\inst_test\instancias\n_1000_7,500,20,7,5,0.2000,2026,9996105264,9996103875,70,1123
docs\inst_test\instancias\n_1000_7,500,20,7,5,0.3000,42,9996105257,9996103798,70,1123
docs\inst_test\instancias\n_1000_7,500,20,7,5,0.3000,123,9996105266,9996103835,71,1123
docs\inst_test\instancias\n_1000_7,500,20,7,10,0.1000,42,9996105257,9996103798,66,1123
docs\inst_test\instancias\n_1000_7,500,20,7,5,0.3000,2026,9996105257,9996103798,77,1123
docs\inst_test\instancias\n_1000_7,500,20,7,10,0.1000,123,9996105266,9996103835,60,1123
docs\inst_test\instancias\n_1000_7,500,20,7,10,0.2000,42,9996105257,9996103798,62,1123
docs\inst_test\instancias\n_1000_7,500,20,7,10,0.1000,2026,9996105257,9996103798,65,1123
docs\inst_test\instancias\n_1000_7,500,20,7,20,0.1000,123,9996105257,9996103798,57,1123
docs\inst_test\instancias\n_1000_7,500,20,7,10,0.2000,123,9996105266,9996103835,62,1123
docs\inst_test\instancias\n_1000_7,500,20,7,10,0.2000,2026,9996105257,9996103798,62,1123
docs\inst_test\instancias\n_1000_7,500,20,7,20,0.1000,2026,9996105257,9996103798,57,1123
docs\inst_test\instancias\n_1000_7,500,20,7,10,0.3000,42,9996105257,9996103798,63,1123
docs\inst_test\instancias\n_1000_7,500,20,7,10,0.3000,123,9996105266,9996103835,63,1123
docs\inst_test\instancias\n_1000_7,500,20,7,20,0.1000,42,9996105257,9996103798,64,1123
docs\inst_test\instancias\n_1000_7,500,20,7,20,0.2000,42,9996105257,9996103798,63,1123
docs\inst_test\instancias\n_1000_7,500,20,7,20,0.2000,2026,9996105257,9996103798,63,1123
docs\inst_test\instancias\n_1000_7,500,20,7,20,0.2000,123,9996105257,9996103798,63,1123
docs\inst_test\instancias\n_1000_7,500,20,7,20,0.3000,2026,9996105257,9996103798,61,1123
docs\inst_test\instancias\n_1000_7,500,20,7,20,0.3000,42,9996105257,9996103798,62,1123
docs\inst_test\instancias\n_1000_7,500,20,7,20,0.3000,123,9996105257,9996103798,62,1123
docs\inst_test\instancias\n_1000_7,500,20,7,10,0.3000,2026,9996105257,9996103798,66,1123
docs\inst_test\instancias\n_1000_7,500,20,10,5,0.1000,42,9996105257,9996103798,73,1123
docs\inst_test\instancias\n_1000_7,500,20,10,5,0.1000,123,9996105266,9996103835,74,1123
docs\inst_test\instancias\n_1000_7,500,20,10,5,0.1000,2026,9996105264,9996103875,75,1123
docs\inst_test\instancias\n_1000_7,500,20,10,5,0.2000,42,9996105264,9996103875,75,1123
docs\inst_test\instancias\n_1000_7,500,20,10,5,0.2000,123,9996105266,9996103835,80,1123
docs\inst_test\instancias\n_1000_7,500,20,10,5,0.3000,42,9996105257,9996103798,71,1123
docs\inst_test\instancias\n_1000_7,500,20,10,5,0.2000,2026,9996105264,9996103875,75,1123
docs\inst_test\instancias\n_1000_7,500,20,10,10,0.1000,123,9996105266,9996103835,62,1123
docs\inst_test\instancias\n_1000_7,500,20,10,5,0.3000,2026,9996105257,9996103798,73,1123
docs\inst_test\instancias\n_1000_7,500,20,10,10,0.1000,42,9996105257,9996103798,67,1123
docs\inst_test\instancias\n_1000_7,500,20,10,5,0.3000,123,9996105266,9996103835,77,1123
docs\inst_test\instancias\n_1000_7,500,20,10,10,0.1000,2026,9996105257,9996103798,62,1123
docs\inst_test\instancias\n_1000_7,500,20,10,10,0.2000,42,9996105257,9996103798,63,1123
docs\inst_test\instancias\n_1000_7,500,20,10,10,0.2000,123,9996105266,9996103835,61,1123
docs\inst_test\instancias\n_1000_7,500,20,10,10,0.3000,42,9996105257,9996103798,62,1123
docs\inst_test\instancias\n_1000_7,500,20,10,20,0.1000,42,9996105257,9996103798,57,1123
docs\inst_test\instancias\n_1000_7,500,20,10,20,0.1000,123,9996105257,9996103798,56,1123
docs\inst_test\instancias\n_1000_7,500,20,10,20,0.1000,2026,9996105257,9996103798,57,1123
docs\inst_test\instancias\n_1000_7,500,20,10,10,0.3000,123,9996105266,9996103835,63,1123
docs\inst_test\instancias\n_1000_7,500,20,10,20,0.2000,42,9996105257,9996103798,58,1123
docs\inst_test\instancias\n_1000_7,500,20,10,20,0.2000,123,9996105257,9996103798,58,1123
docs\inst_test\instancias\n_1000_7,500,20,10,10,0.2000,2026,9996105257,9996103798,68,1123
docs\inst_test\instancias\n_1000_7,500,20,10,10,0.3000,2026,9996105257,9996103798,62,1123
docs\inst_test\instancias\n_1000_7,500,20,10,20,0.2000,2026,9996105257,9996103798,58,1123
docs\inst_test\instancias\n_1000_7,500,20,10,20,0.3000,123,9996105257,9996103798,62,1123
docs\inst_test\instancias\n_1000_7,500,20,10,20,0.3000,2026,9996105257,9996103798,63,1123
docs\inst_test\instancias\n_1000_7,500,20,10,20,0.3000,42,9996105257,9996103798,65,1123
docs\inst_test\instancias\n_1000_7,500,20,15,5,0.1000,42,9996105257,9996103798,70,1123
docs\inst_test\instancias\n_1000_7,500,20,15,5,0.2000,42,9996105264,9996103875,72,1123
docs\inst_test\instancias\n_1000_7,500,20,15,5,0.1000,123,9996105266,9996103835,73,1123
docs\inst_test\instancias\n_1000_7,500,20,15,5,0.2000,123,9996105266,9996103835,73,1123
docs\inst_test\instancias\n_1000_7,500,20,15,5,0.1000,2026,9996105264,9996103875,74,1123
docs\inst_test\instancias\n_1000_7,500,20,15,10,0.1000,42,9996105257,9996103798,57,1123
docs\inst_test\instancias\n_1000_7,500,20,15,5,0.2000,2026,9996105264,9996103875,68,1123
docs\inst_test\instancias\n_1000_7,500,20,15,10,0.1000,2026,9996105257,9996103798,57,1123
docs\inst_test\instancias\n_1000_7,500,20,15,5,0.3000,123,9996105266,9996103835,67,1123
docs\inst_test\instancias\n_1000_7,500,20,15,10,0.1000,123,9996105266,9996103835,62,1123
docs\inst_test\instancias\n_1000_7,500,20,15,5,0.3000,42,9996105257,9996103798,71,1123
docs\inst_test\instancias\n_1000_7,500,20,15,10,0.2000,123,9996105266,9996103835,57,1123
docs\inst_test\instancias\n_1000_7,500,20,15,10,0.2000,2026,9996105257,9996103798,58,1123
docs\inst_test\instancias\n_1000_7,500,20,15,10,0.2000,42,9996105257,9996103798,62,1123
docs\inst_test\instancias\n_1000_7,500,20,15,5,0.3000,2026,9996105257,9996103798,73,1123
docs\inst_test\instancias\n_1000_7,500,20,15,20,0.1000,42,9996105257,9996103798,51,1123
docs\inst_test\instancias\n_1000_7,500,20,15,10,0.3000,42,9996105257,9996103798,60,1123
docs\inst_test\instancias\n_1000_7,500,20,15,10,0.3000,2026,9996105257,9996103798,61,1123
docs\inst_test\instancias\n_1000_7,500,20,15,10,0.3000,123,9996105266,9996103835,63,1123
docs\inst_test\instancias\n_1000_7,500,20,15,20,0.1000,123,9996105257,9996103798,47,1123
docs\inst_test\instancias\n_1000_7,500,20,15,20,0.1000,2026,9996105257,9996103798,49,1123
docs\inst_test\instancias\n_1000_7,500,20,15,20,0.3000,123,9996105257,9996103798,46,1123
docs\inst_test\instancias\n_1000_7,500,20,15,20,0.2000,42,9996105257,9996103798,50,1123
docs\inst_test\instancias\n_1000_7,500,20,15,20,0.2000,2026,9996105257,9996103798,49,1123
docs\inst_test\instancias\n_1000_7,500,20,15,20,0.3000,42,9996105257,9996103798,50,1123
docs\inst_test\instancias\n_1000_7,500,20,15,20,0.2000,123,9996105257,9996103798,53,1123
docs\inst_test\instancias\n_1000_7,500,20,15,20,0.3000,2026,9996105257,9996103798,51,1123
docs\inst_test\instancias\n_1000_8,100,10,7,20,0.3000,42,9996111497,9996109804,14,1162
docs\inst_test\instancias\n_1000_8,100,10,7,10,0.1000,2026,9996111497,9996109804,14,1162
docs\inst_test\instancias\n_1000_8,100,10,7,5,0.1000,42,9996111497,9996109804,14,1162
docs\inst_test\instancias\n_1000_8,100,10,7,20,0.2000,42,9996111497,9996109804,12,1162
docs\inst_test\instancias\n_1000_8,100,10,7,5,0.2000,2026,9996111497,9996109804,14,1162
docs\inst_test\instancias\n_1000_8,100,10,7,5,0.1000,123,9996111497,9996109804,14,1162
docs\inst_test\instancias\n_1000_8,100,10,7,5,0.2000,42,9996111502,9996110095,15,1162
docs\inst_test\instancias\n_1000_8,100,10,7,10,0.3000,2026,9996111497,9996109804,14,1162
docs\inst_test\instancias\n_1000_8,100,10,7,20,0.2000,123,9996111497,9996109804,16,1162
docs\inst_test\instancias\n_1000_8,100,10,7,10,0.1000,123,9996111497,9996109804,14,1162
docs\inst_test\instancias\n_1000_8,100,10,7,20,0.1000,123,9996111497,9996109804,14,1162
docs\inst_test\instancias\n_1000_8,100,10,10,5,0.1000,42,9996111497,9996109804,17,1162
docs\inst_test\instancias\n_1000_8,100,10,10,5,0.2000,42,9996111502,9996110095,16,1162
docs\inst_test\instancias\n_1000_8,100,10,7,10,0.3000,42,9996111497,9996109804,19,1162
docs\inst_test\instancias\n_1000_8,100,10,7,20,0.1000,42,9996111497,9996109804,19,1162
docs\inst_test\instancias\n_1000_8,100,10,7,20,0.1000,2026,9996111497,9996109804,19,1162
docs\inst_test\instancias\n_1000_8,100,10,7,10,0.3000,123,9996111497,9996109804,20,1162
docs\inst_test\instancias\n_1000_8,100,10,7,10,0.2000,123,9996111497,9996109804,21,1162
docs\inst_test\instancias\n_1000_8,100,10,7,10,0.1000,42,9996111497,9996109804,22,1162
docs\inst_test\instancias\n_1000_8,100,10,7,10,0.2000,2026,9996111497,9996109804,21,1162
docs\inst_test\instancias\n_1000_8,100,10,7,5,0.3000,2026,9996111497,9996109804,22,1162
docs\inst_test\instancias\n_1000_8,100,10,7,5,0.3000,42,9996111502,9996110095,22,1162
docs\inst_test\instancias\n_1000_8,100,10,7,20,0.3000,123,9996111497,9996109804,20,1162
docs\inst_test\instancias\n_1000_8,100,10,7,5,0.3000,123,9996111497,9996109804,23,1162
docs\inst_test\instancias\n_1000_8,100,10,7,20,0.2000,2026,9996111497,9996109804,22,1162
docs\inst_test\instancias\n_1000_8,100,10,7,5,0.2000,123,9996111497,9996109804,23,1162
docs\inst_test\instancias\n_1000_8,100,10,7,20,0.3000,2026,9996111497,9996109804,22,1162
docs\inst_test\instancias\n_1000_8,100,10,7,5,0.1000,2026,9996111497,9996109804,22,1162
docs\inst_test\instancias\n_1000_8,100,10,10,10,0.1000,42,9996111497,9996109804,14,1162
docs\inst_test\instancias\n_1000_8,100,10,10,10,0.1000,123,9996111497,9996109804,14,1162
docs\inst_test\instancias\n_1000_8,100,10,10,10,0.1000,2026,9996111497,9996109804,13,1162
docs\inst_test\instancias\n_1000_8,100,10,10,10,0.2000,42,9996111497,9996109804,14,1162
docs\inst_test\instancias\n_1000_8,100,10,10,5,0.3000,123,9996111497,9996109804,15,1162
docs\inst_test\instancias\n_1000_8,100,10,10,5,0.3000,42,9996111502,9996110095,16,1162
docs\inst_test\instancias\n_1000_8,100,10,10,10,0.2000,123,9996111497,9996109804,14,1162
docs\inst_test\instancias\n_1000_8,100,10,10,5,0.3000,2026,9996111497,9996109804,16,1162
docs\inst_test\instancias\n_1000_8,100,10,10,10,0.3000,123,9996111497,9996109804,13,1162
docs\inst_test\instancias\n_1000_8,100,10,10,5,0.2000,2026,9996111497,9996109804,17,1162
docs\inst_test\instancias\n_1000_8,100,10,10,10,0.3000,42,9996111497,9996109804,15,1162
docs\inst_test\instancias\n_1000_8,100,10,10,10,0.2000,2026,9996111497,9996109804,16,1162
docs\inst_test\instancias\n_1000_8,100,10,10,10,0.3000,2026,9996111497,9996109804,17,1162
docs\inst_test\instancias\n_1000_8,100,10,10,20,0.1000,42,9996111497,9996109804,19,1162
docs\inst_test\instancias\n_1000_8,100,10,10,20,0.1000,123,9996111497,9996109804,21,1162
docs\inst_test\instancias\n_1000_8,100,10,10,20,0.3000,42,9996111497,9996109804,20,1162
docs\inst_test\instancias\n_1000_8,100,10,10,20,0.3000,123,9996111497,9996109804,20,1162
docs\inst_test\instancias\n_1000_8,100,10,10,20,0.2000,2026,9996111497,9996109804,20,1162
docs\inst_test\instancias\n_1000_8,100,10,10,20,0.2000,123,9996111497,9996109804,21,1162
docs\inst_test\instancias\n_1000_8,100,10,15,10,0.1000,42,9996111497,9996109804,14,1162
docs\inst_test\instancias\n_1000_8,100,10,10,20,0.3000,2026,9996111497,9996109804,21,1162
docs\inst_test\instancias\n_1000_8,100,10,15,10,0.2000,123,9996111497,9996109804,13,1162
docs\inst_test\instancias\n_1000_8,100,10,15,10,0.1000,123,9996111497,9996109804,14,1162
docs\inst_test\instancias\n_1000_8,100,10,15,10,0.1000,2026,9996111497,9996109804,13,1162
docs\inst_test\instancias\n_1000_8,100,10,15,5,0.3000,123,9996111497,9996109804,15,1162
docs\inst_test\instancias\n_1000_8,100,10,10,20,0.2000,42,9996111497,9996109804,22,1162
docs\inst_test\instancias\n_1000_8,100,10,15,10,0.2000,2026,9996111497,9996109804,13,1162
docs\inst_test\instancias\n_1000_8,100,10,7,10,0.2000,42,9996111497,9996109804,12,1162
docs\inst_test\instancias\n_1000_8,100,10,15,10,0.3000,42,9996111497,9996109804,15,1162
docs\inst_test\instancias\n_1000_8,100,10,15,5,0.1000,123,9996111497,9996109804,23,1162
docs\inst_test\instancias\n_1000_8,100,10,10,20,0.1000,2026,9996111497,9996109804,25,1162
docs\inst_test\instancias\n_1000_8,100,10,15,5,0.1000,42,9996111497,9996109804,24,1162
docs\inst_test\instancias\n_1000_8,100,10,15,10,0.3000,123,9996111497,9996109804,16,1162
docs\inst_test\instancias\n_1000_8,100,10,15,10,0.2000,42,9996111497,9996109804,18,1162
docs\inst_test\instancias\n_1000_8,100,10,10,5,0.1000,2026,9996111497,9996109804,43,1162
docs\inst_test\instancias\n_1000_8,100,10,15,5,0.2000,42,9996111502,9996110095,23,1162
docs\inst_test\instancias\n_1000_8,100,10,15,5,0.3000,2026,9996111497,9996109804,20,1162
docs\inst_test\instancias\n_1000_8,100,10,15,5,0.2000,123,9996111497,9996109804,24,1162
docs\inst_test\instancias\n_1000_8,100,10,10,5,0.1000,123,9996111497,9996109804,47,1162
docs\inst_test\instancias\n_1000_8,100,10,15,20,0.1000,42,9996111497,9996109804,17,1162
docs\inst_test\instancias\n_1000_8,100,10,10,5,0.2000,123,9996111497,9996109804,20,1162
docs\inst_test\instancias\n_1000_8,100,10,15,20,0.2000,123,9996111497,9996109804,13,1162
docs\inst_test\instancias\n_1000_8,100,10,15,20,0.3000,123,9996111497,9996109804,12,1162
docs\inst_test\instancias\n_1000_8,100,15,7,5,0.1000,42,9996111497,9996109804,14,1162
docs\inst_test\instancias\n_1000_8,100,15,7,5,0.1000,123,9996111497,9996109804,15,1162
docs\inst_test\instancias\n_1000_8,100,15,7,5,0.2000,42,9996111502,9996110095,15,1162
docs\inst_test\instancias\n_1000_8,100,10,15,20,0.1000,123,9996111497,9996109804,20,1162
docs\inst_test\instancias\n_1000_8,100,15,7,5,0.2000,2026,9996111497,9996109804,16,1162
docs\inst_test\instancias\n_1000_8,100,15,7,5,0.1000,2026,9996111497,9996109804,16,1162
docs\inst_test\instancias\n_1000_8,100,15,7,5,0.3000,42,9996111502,9996110095,16,1162
docs\inst_test\instancias\n_1000_8,100,10,15,20,0.1000,2026,9996111497,9996109804,20,1162
docs\inst_test\instancias\n_1000_8,100,15,7,10,0.3000,42,9996111497,9996109804,14,1162
docs\inst_test\instancias\n_1000_8,100,15,7,5,0.3000,123,9996111497,9996109804,16,1162
docs\inst_test\instancias\n_1000_8,100,10,15,5,0.1000,2026,9996111497,9996109804,39,1162
docs\inst_test\instancias\n_1000_8,100,15,7,10,0.1000,2026,9996111497,9996109804,16,1162
docs\inst_test\instancias\n_1000_8,100,10,15,20,0.2000,42,9996111497,9996109804,21,1162
docs\inst_test\instancias\n_1000_8,100,10,15,20,0.2000,2026,9996111497,9996109804,21,1162
docs\inst_test\instancias\n_1000_8,100,10,15,20,0.3000,2026,9996111497,9996109804,20,1162
docs\inst_test\instancias\n_1000_8,100,10,15,20,0.3000,42,9996111497,9996109804,20,1162
docs\inst_test\instancias\n_1000_8,100,15,7,20,0.1000,42,9996111497,9996109804,13,1162
docs\inst_test\instancias\n_1000_8,100,15,7,10,0.2000,2026,9996111497,9996109804,19,1162
docs\inst_test\instancias\n_1000_8,100,15,7,5,0.2000,123,9996111497,9996109804,23,1162
docs\inst_test\instancias\n_1000_8,100,15,7,10,0.1000,42,9996111497,9996109804,21,1162
docs\inst_test\instancias\n_1000_8,100,15,7,20,0.1000,2026,9996111497,9996109804,13,1162
docs\inst_test\instancias\n_1000_8,100,15,7,10,0.1000,123,9996111497,9996109804,21,1162
docs\inst_test\instancias\n_1000_8,100,15,7,20,0.2000,42,9996111497,9996109804,13,1162
docs\inst_test\instancias\n_1000_8,100,15,7,5,0.3000,2026,9996111497,9996109804,23,1162
docs\inst_test\instancias\n_1000_8,100,10,15,5,0.3000,42,9996111502,9996110095,41,1162
docs\inst_test\instancias\n_1000_8,100,15,7,10,0.2000,42,9996111497,9996109804,22,1162
docs\inst_test\instancias\n_1000_8,100,10,15,5,0.2000,2026,9996111497,9996109804,45,1162
docs\inst_test\instancias\n_1000_8,100,15,7,20,0.2000,123,9996111497,9996109804,13,1162
docs\inst_test\instancias\n_1000_8,100,15,7,10,0.2000,123,9996111497,9996109804,23,1162
docs\inst_test\instancias\n_1000_8,100,15,7,10,0.3000,123,9996111497,9996109804,21,1162
docs\inst_test\instancias\n_1000_8,100,15,7,20,0.1000,123,9996111497,9996109804,18,1162
docs\inst_test\instancias\n_1000_8,100,15,7,20,0.3000,42,9996111497,9996109804,13,1162
docs\inst_test\instancias\n_1000_8,100,15,7,20,0.3000,2026,9996111497,9996109804,13,1162
docs\inst_test\instancias\n_1000_8,100,15,10,5,0.1000,42,9996111497,9996109804,15,1162
docs\inst_test\instancias\n_1000_8,100,15,7,10,0.3000,2026,9996111497,9996109804,24,1162
docs\inst_test\instancias\n_1000_8,100,15,10,5,0.2000,123,9996111497,9996109804,17,1162
docs\inst_test\instancias\n_1000_8,100,15,10,5,0.2000,2026,9996111497,9996109804,16,1162
docs\inst_test\instancias\n_1000_8,100,15,10,5,0.3000,42,9996111502,9996110095,17,1162
docs\inst_test\instancias\n_1000_8,100,15,7,20,0.3000,123,9996111497,9996109804,21,1162
docs\inst_test\instancias\n_1000_8,100,15,10,10,0.3000,2026,9996111497,9996109804,13,1162
docs\inst_test\instancias\n_1000_8,100,15,10,10,0.3000,42,9996111497,9996109804,13,1162
docs\inst_test\instancias\n_1000_8,100,10,15,10,0.3000,2026,9996111497,9996109804,49,1162
docs\inst_test\instancias\n_1000_8,100,15,10,20,0.1000,123,9996111497,9996109804,13,1162
docs\inst_test\instancias\n_1000_8,100,15,10,20,0.2000,123,9996111497,9996109804,13,1162
docs\inst_test\instancias\n_1000_8,100,15,10,5,0.1000,2026,9996111497,9996109804,24,1162
docs\inst_test\instancias\n_1000_8,100,15,10,20,0.3000,2026,9996111497,9996109804,13,1162
docs\inst_test\instancias\n_1000_8,100,15,7,20,0.2000,2026,9996111497,9996109804,26,1162
docs\inst_test\instancias\n_1000_8,100,15,10,10,0.1000,123,9996111497,9996109804,23,1162
docs\inst_test\instancias\n_1000_8,100,15,10,5,0.3000,2026,9996111497,9996109804,23,1162
docs\inst_test\instancias\n_1000_8,100,15,10,5,0.1000,123,9996111497,9996109804,26,1162
docs\inst_test\instancias\n_1000_8,100,15,10,5,0.3000,123,9996111497,9996109804,25,1162
docs\inst_test\instancias\n_1000_8,100,15,10,10,0.2000,123,9996111497,9996109804,21,1162
docs\inst_test\instancias\n_1000_8,100,15,10,10,0.1000,42,9996111497,9996109804,25,1162
docs\inst_test\instancias\n_1000_8,100,15,15,5,0.1000,42,9996111497,9996109804,15,1162
docs\inst_test\instancias\n_1000_8,100,15,10,20,0.1000,42,9996111497,9996109804,20,1162
docs\inst_test\instancias\n_1000_8,100,15,10,10,0.3000,123,9996111497,9996109804,22,1162
docs\inst_test\instancias\n_1000_8,100,15,10,10,0.2000,42,9996111497,9996109804,23,1162
docs\inst_test\instancias\n_1000_8,100,15,10,20,0.2000,2026,9996111497,9996109804,19,1162
docs\inst_test\instancias\n_1000_8,100,15,15,5,0.1000,123,9996111497,9996109804,15,1162
docs\inst_test\instancias\n_1000_8,100,15,10,20,0.3000,123,9996111497,9996109804,20,1162
docs\inst_test\instancias\n_1000_8,100,15,10,20,0.2000,42,9996111497,9996109804,22,1162
docs\inst_test\instancias\n_1000_8,100,15,10,20,0.3000,42,9996111497,9996109804,23,1162
docs\inst_test\instancias\n_1000_8,100,15,10,5,0.2000,42,9996111502,9996110095,33,1162
docs\inst_test\instancias\n_1000_8,100,15,15,5,0.2000,42,9996111502,9996110095,15,1162
docs\inst_test\instancias\n_1000_8,100,15,15,10,0.1000,42,9996111497,9996109804,14,1162
docs\inst_test\instancias\n_1000_8,100,15,10,10,0.1000,2026,9996111497,9996109804,32,1162
docs\inst_test\instancias\n_1000_8,100,15,15,5,0.3000,2026,9996111497,9996109804,15,1162
docs\inst_test\instancias\n_1000_8,100,15,15,5,0.1000,2026,9996111497,9996109804,23,1162
docs\inst_test\instancias\n_1000_8,100,15,15,5,0.2000,2026,9996111497,9996109804,17,1162
docs\inst_test\instancias\n_1000_8,100,15,15,10,0.1000,2026,9996111497,9996109804,14,1162
docs\inst_test\instancias\n_1000_8,100,15,15,10,0.2000,123,9996111497,9996109804,14,1162
docs\inst_test\instancias\n_1000_8,100,15,15,5,0.3000,123,9996111497,9996109804,17,1162
docs\inst_test\instancias\n_1000_8,100,15,15,10,0.2000,2026,9996111497,9996109804,14,1162
docs\inst_test\instancias\n_1000_8,100,15,10,20,0.1000,2026,9996111497,9996109804,30,1162
docs\inst_test\instancias\n_1000_8,100,15,15,10,0.3000,2026,9996111497,9996109804,14,1162
docs\inst_test\instancias\n_1000_8,100,15,15,20,0.2000,42,9996111497,9996109804,12,1162
docs\inst_test\instancias\n_1000_8,100,15,15,5,0.2000,123,9996111497,9996109804,23,1162
docs\inst_test\instancias\n_1000_8,100,15,15,20,0.3000,2026,9996111497,9996109804,14,1162
docs\inst_test\instancias\n_1000_8,100,15,15,5,0.3000,42,9996111502,9996110095,24,1162
docs\inst_test\instancias\n_1000_8,100,15,15,10,0.2000,42,9996111497,9996109804,21,1162
docs\inst_test\instancias\n_1000_8,100,15,15,10,0.1000,123,9996111497,9996109804,24,1162
docs\inst_test\instancias\n_1000_8,100,15,15,10,0.3000,42,9996111497,9996109804,21,1162
docs\inst_test\instancias\n_1000_8,100,15,15,10,0.3000,123,9996111497,9996109804,21,1162
docs\inst_test\instancias\n_1000_8,100,15,10,10,0.2000,2026,9996111497,9996109804,41,1162
docs\inst_test\instancias\n_1000_8,100,15,15,20,0.1000,2026,9996111497,9996109804,20,1162
docs\inst_test\instancias\n_1000_8,100,15,15,20,0.1000,42,9996111497,9996109804,20,1162
docs\inst_test\instancias\n_1000_8,100,15,15,20,0.2000,123,9996111497,9996109804,20,1162
docs\inst_test\instancias\n_1000_8,100,20,7,5,0.2000,42,9996111502,9996110095,14,1162
docs\inst_test\instancias\n_1000_8,100,15,15,20,0.1000,123,9996111497,9996109804,22,1162
docs\inst_test\instancias\n_1000_8,100,15,15,20,0.3000,123,9996111497,9996109804,20,1162
docs\inst_test\instancias\n_1000_8,100,20,7,5,0.2000,123,9996111497,9996109804,16,1162
docs\inst_test\instancias\n_1000_8,100,20,7,5,0.3000,42,9996111502,9996110095,15,1162
docs\inst_test\instancias\n_1000_8,100,20,7,10,0.1000,42,9996111497,9996109804,13,1162
docs\inst_test\instancias\n_1000_8,100,20,7,10,0.1000,2026,9996111497,9996109804,12,1162
docs\inst_test\instancias\n_1000_8,100,15,15,20,0.2000,2026,9996111497,9996109804,22,1162
docs\inst_test\instancias\n_1000_8,100,20,7,10,0.1000,123,9996111497,9996109804,14,1162
docs\inst_test\instancias\n_1000_8,100,20,7,5,0.3000,123,9996111497,9996109804,15,1162
docs\inst_test\instancias\n_1000_8,100,20,7,10,0.2000,42,9996111497,9996109804,13,1162
docs\inst_test\instancias\n_1000_8,100,20,7,10,0.2000,123,9996111497,9996109804,13,1162
docs\inst_test\instancias\n_1000_8,100,20,7,10,0.2000,2026,9996111497,9996109804,12,1162
docs\inst_test\instancias\n_1000_8,100,20,7,10,0.3000,42,9996111497,9996109804,14,1162
docs\inst_test\instancias\n_1000_8,100,20,7,10,0.3000,123,9996111497,9996109804,14,1162
docs\inst_test\instancias\n_1000_8,100,20,7,5,0.1000,42,9996111497,9996109804,23,1162
docs\inst_test\instancias\n_1000_8,100,20,7,5,0.2000,2026,9996111497,9996109804,19,1162
docs\inst_test\instancias\n_1000_8,100,20,7,5,0.1000,2026,9996111497,9996109804,22,1162
docs\inst_test\instancias\n_1000_8,100,20,7,5,0.1000,123,9996111497,9996109804,24,1162
docs\inst_test\instancias\n_1000_8,100,20,7,10,0.3000,2026,9996111497,9996109804,14,1162
docs\inst_test\instancias\n_1000_8,100,20,7,20,0.1000,42,9996111497,9996109804,14,1162
docs\inst_test\instancias\n_1000_8,100,20,7,20,0.2000,42,9996111497,9996109804,12,1162
docs\inst_test\instancias\n_1000_8,100,20,7,5,0.3000,2026,9996111497,9996109804,24,1162
docs\inst_test\instancias\n_1000_8,100,20,7,20,0.1000,123,9996111497,9996109804,18,1162
docs\inst_test\instancias\n_1000_8,100,20,10,5,0.1000,123,9996111497,9996109804,15,1162
docs\inst_test\instancias\n_1000_8,100,20,10,10,0.1000,42,9996111497,9996109804,13,1162
docs\inst_test\instancias\n_1000_8,100,20,10,10,0.1000,123,9996111497,9996109804,13,1162
docs\inst_test\instancias\n_1000_8,100,20,10,10,0.1000,2026,9996111497,9996109804,14,1162
docs\inst_test\instancias\n_1000_8,100,20,10,10,0.2000,42,9996111497,9996109804,14,1162
docs\inst_test\instancias\n_1000_8,100,20,10,5,0.2000,123,9996111497,9996109804,15,1162
docs\inst_test\instancias\n_1000_8,100,20,10,5,0.3000,123,9996111497,9996109804,15,1162
docs\inst_test\instancias\n_1000_8,100,20,10,5,0.3000,42,9996111502,9996110095,15,1162
docs\inst_test\instancias\n_1000_8,100,20,10,5,0.2000,2026,9996111497,9996109804,15,1162
docs\inst_test\instancias\n_1000_8,100,20,7,20,0.2000,123,9996111497,9996109804,20,1162
docs\inst_test\instancias\n_1000_8,100,20,10,10,0.2000,123,9996111497,9996109804,14,1162
docs\inst_test\instancias\n_1000_8,100,20,10,10,0.2000,2026,9996111497,9996109804,14,1162
docs\inst_test\instancias\n_1000_8,100,20,7,20,0.3000,42,9996111497,9996109804,20,1162
docs\inst_test\instancias\n_1000_8,100,20,10,10,0.3000,42,9996111497,9996109804,14,1162
docs\inst_test\instancias\n_1000_8,100,20,7,20,0.3000,123,9996111497,9996109804,20,1162
docs\inst_test\instancias\n_1000_8,100,20,7,20,0.2000,2026,9996111497,9996109804,21,1162
docs\inst_test\instancias\n_1000_8,100,20,7,20,0.1000,2026,9996111497,9996109804,22,1162
docs\inst_test\instancias\n_1000_8,100,20,7,20,0.3000,2026,9996111497,9996109804,21,1162
docs\inst_test\instancias\n_1000_8,100,20,10,10,0.3000,123,9996111497,9996109804,14,1162
docs\inst_test\instancias\n_1000_8,100,20,10,20,0.1000,2026,9996111497,9996109804,13,1162
docs\inst_test\instancias\n_1000_8,100,15,15,20,0.3000,42,9996111497,9996109804,41,1162
docs\inst_test\instancias\n_1000_8,100,20,10,20,0.2000,42,9996111497,9996109804,14,1162
docs\inst_test\instancias\n_1000_8,100,20,10,5,0.1000,42,9996111497,9996109804,22,1162
docs\inst_test\instancias\n_1000_8,100,20,10,20,0.2000,123,9996111497,9996109804,13,1162
docs\inst_test\instancias\n_1000_8,100,20,10,5,0.1000,2026,9996111497,9996109804,22,1162
docs\inst_test\instancias\n_1000_8,100,20,10,5,0.2000,42,9996111502,9996110095,23,1162
docs\inst_test\instancias\n_1000_8,100,20,10,10,0.3000,2026,9996111497,9996109804,20,1162
docs\inst_test\instancias\n_1000_8,100,20,10,5,0.3000,2026,9996111497,9996109804,22,1162
docs\inst_test\instancias\n_1000_8,100,20,10,20,0.1000,42,9996111497,9996109804,21,1162
docs\inst_test\instancias\n_1000_8,100,20,10,20,0.1000,123,9996111497,9996109804,21,1162
docs\inst_test\instancias\n_1000_8,100,20,10,20,0.3000,123,9996111497,9996109804,13,1162
docs\inst_test\instancias\n_1000_8,100,20,10,20,0.3000,2026,9996111497,9996109804,13,1162
docs\inst_test\instancias\n_1000_8,100,20,15,10,0.1000,42,9996111497,9996109804,13,1162
docs\inst_test\instancias\n_1000_8,100,20,15,10,0.1000,2026,9996111497,9996109804,13,1162
docs\inst_test\instancias\n_1000_8,100,20,15,5,0.1000,42,9996111497,9996109804,15,1162
docs\inst_test\instancias\n_1000_8,100,20,15,5,0.2000,123,9996111497,9996109804,15,1162
docs\inst_test\instancias\n_1000_8,100,20,15,5,0.1000,2026,9996111497,9996109804,15,1162
docs\inst_test\instancias\n_1000_8,100,20,15,5,0.1000,123,9996111497,9996109804,15,1162
docs\inst_test\instancias\n_1000_8,100,20,15,5,0.2000,42,9996111502,9996110095,15,1162
docs\inst_test\instancias\n_1000_8,100,20,10,20,0.2000,2026,9996111497,9996109804,20,1162
docs\inst_test\instancias\n_1000_8,100,20,15,5,0.3000,42,9996111502,9996110095,16,1162
docs\inst_test\instancias\n_1000_8,100,20,15,5,0.2000,2026,9996111497,9996109804,16,1162
docs\inst_test\instancias\n_1000_8,100,20,15,10,0.3000,123,9996111497,9996109804,14,1162
docs\inst_test\instancias\n_1000_8,100,20,15,5,0.3000,2026,9996111497,9996109804,16,1162
docs\inst_test\instancias\n_1000_8,100,20,15,10,0.3000,2026,9996111497,9996109804,13,1162
docs\inst_test\instancias\n_1000_8,100,20,15,20,0.2000,42,9996111497,9996109804,13,1162
docs\inst_test\instancias\n_1000_8,100,20,15,20,0.1000,123,9996111497,9996109804,13,1162
docs\inst_test\instancias\n_1000_8,100,20,10,20,0.3000,42,9996111497,9996109804,23,1162
docs\inst_test\instancias\n_1000_8,100,20,15,10,0.2000,42,9996111497,9996109804,20,1162
docs\inst_test\instancias\n_1000_8,100,20,15,10,0.2000,123,9996111497,9996109804,21,1162
docs\inst_test\instancias\n_1000_8,100,20,15,10,0.2000,2026,9996111497,9996109804,22,1162
docs\inst_test\instancias\n_1000_8,100,20,15,5,0.3000,123,9996111497,9996109804,23,1162
docs\inst_test\instancias\n_1000_8,100,20,15,10,0.3000,42,9996111497,9996109804,22,1162
docs\inst_test\instancias\n_1000_8,100,20,15,20,0.1000,42,9996111497,9996109804,20,1162
docs\inst_test\instancias\n_1000_8,100,20,15,10,0.1000,123,9996111497,9996109804,24,1162
docs\inst_test\instancias\n_1000_8,100,20,15,20,0.1000,2026,9996111497,9996109804,21,1162
docs\inst_test\instancias\n_1000_8,100,20,15,20,0.2000,2026,9996111497,9996109804,20,1162
docs\inst_test\instancias\n_1000_8,100,20,15,20,0.3000,42,9996111497,9996109804,21,1162
docs\inst_test\instancias\n_1000_8,100,20,15,20,0.3000,123,9996111497,9996109804,23,1162
docs\inst_test\instancias\n_1000_8,100,20,15,20,0.3000,2026,9996111497,9996109804,22,1162
docs\inst_test\instancias\n_1000_8,100,20,15,20,0.2000,123,9996111497,9996109804,30,1162
docs\inst_test\instancias\n_1000_8,300,10,7,10,0.1000,2026,9996111497,9996109804,39,1162
docs\inst_test\instancias\n_1000_8,300,10,7,10,0.2000,42,9996111502,9996110095,39,1162
docs\inst_test\instancias\n_1000_8,300,10,7,10,0.1000,42,9996111497,9996109804,40,1162
docs\inst_test\instancias\n_1000_8,300,10,7,5,0.1000,123,9996111502,9996110095,44,1162
docs\inst_test\instancias\n_1000_8,300,10,7,10,0.2000,123,9996111497,9996109804,41,1162
docs\inst_test\instancias\n_1000_8,300,10,7,10,0.3000,42,9996111502,9996110095,41,1162
docs\inst_test\instancias\n_1000_8,300,10,7,10,0.3000,123,9996111497,9996109804,41,1162
docs\inst_test\instancias\n_1000_8,300,10,7,5,0.1000,2026,9996111497,9996109804,47,1162
docs\inst_test\instancias\n_1000_8,300,10,7,5,0.3000,42,9996111502,9996110095,45,1162
docs\inst_test\instancias\n_1000_8,300,10,7,5,0.2000,2026,9996111497,9996109804,47,1162
docs\inst_test\instancias\n_1000_8,300,10,7,5,0.2000,123,9996111502,9996110095,47,1162
docs\inst_test\instancias\n_1000_8,300,10,7,5,0.2000,42,9996111502,9996110095,47,1162
docs\inst_test\instancias\n_1000_8,300,10,7,5,0.3000,2026,9996111497,9996109804,47,1162
docs\inst_test\instancias\n_1000_8,300,10,7,10,0.2000,2026,9996111497,9996109804,46,1162
docs\inst_test\instancias\n_1000_8,300,10,7,5,0.3000,123,9996111502,9996110095,51,1162
docs\inst_test\instancias\n_1000_8,300,10,7,10,0.3000,2026,9996111497,9996109804,49,1162
docs\inst_test\instancias\n_1000_8,300,10,7,20,0.1000,42,9996111497,9996109804,59,1162
docs\inst_test\instancias\n_1000_8,300,10,7,5,0.1000,42,9996111497,9996109804,68,1162
docs\inst_test\instancias\n_1000_8,300,10,7,10,0.1000,123,9996111497,9996109804,64,1162
docs\inst_test\instancias\n_1000_8,300,10,7,20,0.1000,123,9996111497,9996109804,60,1162
docs\inst_test\instancias\n_1000_8,300,10,7,20,0.1000,2026,9996111497,9996109804,61,1162
docs\inst_test\instancias\n_1000_8,300,10,7,20,0.3000,42,9996111502,9996110095,60,1162
docs\inst_test\instancias\n_1000_8,300,10,7,20,0.3000,123,9996111497,9996109804,60,1162
docs\inst_test\instancias\n_1000_8,300,10,7,20,0.2000,123,9996111497,9996109804,62,1162
docs\inst_test\instancias\n_1000_8,300,10,7,20,0.2000,42,9996111502,9996110095,62,1162
docs\inst_test\instancias\n_1000_8,300,10,7,20,0.2000,2026,9996111497,9996109804,63,1162
docs\inst_test\instancias\n_1000_8,300,10,7,20,0.3000,2026,9996111497,9996109804,62,1162
docs\inst_test\instancias\n_1000_8,300,10,10,5,0.1000,123,9996111502,9996110095,68,1162
docs\inst_test\instancias\n_1000_8,300,10,10,10,0.1000,123,9996111497,9996109804,41,1162
docs\inst_test\instancias\n_1000_8,300,10,10,5,0.1000,2026,9996111497,9996109804,68,1162
docs\inst_test\instancias\n_1000_8,300,10,10,10,0.1000,2026,9996111497,9996109804,40,1162
docs\inst_test\instancias\n_1000_8,300,10,10,5,0.1000,42,9996111497,9996109804,72,1162
docs\inst_test\instancias\n_1000_8,300,10,10,20,0.1000,42,9996111497,9996109804,37,1162
docs\inst_test\instancias\n_1000_8,300,10,10,10,0.2000,123,9996111497,9996109804,40,1162
docs\inst_test\instancias\n_1000_8,300,10,10,10,0.2000,42,9996111502,9996110095,41,1162
docs\inst_test\instancias\n_1000_8,300,10,10,5,0.2000,42,9996111502,9996110095,69,1162
docs\inst_test\instancias\n_1000_8,300,10,10,10,0.1000,42,9996111497,9996109804,43,1162
docs\inst_test\instancias\n_1000_8,300,10,10,10,0.3000,123,9996111497,9996109804,40,1162
docs\inst_test\instancias\n_1000_8,300,10,10,10,0.3000,2026,9996111497,9996109804,41,1162
docs\inst_test\instancias\n_1000_8,300,10,10,5,0.2000,2026,9996111497,9996109804,48,1162
docs\inst_test\instancias\n_1000_8,300,10,10,10,0.2000,2026,9996111497,9996109804,43,1162
docs\inst_test\instancias\n_1000_8,300,10,10,5,0.3000,123,9996111502,9996110095,49,1162
docs\inst_test\instancias\n_1000_8,300,10,10,10,0.3000,42,9996111502,9996110095,43,1162
docs\inst_test\instancias\n_1000_8,300,10,10,20,0.1000,2026,9996111497,9996109804,37,1162
docs\inst_test\instancias\n_1000_8,300,10,10,5,0.2000,123,9996111502,9996110095,68,1162
docs\inst_test\instancias\n_1000_8,300,10,10,5,0.3000,42,9996111502,9996110095,50,1162
docs\inst_test\instancias\n_1000_8,300,10,10,5,0.3000,2026,9996111497,9996109804,51,1162
docs\inst_test\instancias\n_1000_8,300,10,10,20,0.1000,123,9996111497,9996109804,45,1162
docs\inst_test\instancias\n_1000_8,300,10,10,20,0.2000,42,9996111502,9996110095,60,1162
docs\inst_test\instancias\n_1000_8,300,10,10,20,0.2000,123,9996111497,9996109804,61,1162
docs\inst_test\instancias\n_1000_8,300,10,10,20,0.2000,2026,9996111497,9996109804,62,1162
docs\inst_test\instancias\n_1000_8,300,10,15,10,0.1000,123,9996111497,9996109804,40,1162
docs\inst_test\instancias\n_1000_8,300,10,15,10,0.2000,42,9996111502,9996110095,41,1162
docs\inst_test\instancias\n_1000_8,300,10,15,20,0.1000,42,9996111497,9996109804,37,1162
docs\inst_test\instancias\n_1000_8,300,10,10,20,0.3000,123,9996111497,9996109804,59,1162
docs\inst_test\instancias\n_1000_8,300,10,15,20,0.1000,123,9996111497,9996109804,38,1162
docs\inst_test\instancias\n_1000_8,300,10,15,20,0.1000,2026,9996111497,9996109804,38,1162
docs\inst_test\instancias\n_1000_8,300,10,15,10,0.3000,42,9996111502,9996110095,41,1162
docs\inst_test\instancias\n_1000_8,300,10,10,20,0.3000,42,9996111502,9996110095,62,1162
docs\inst_test\instancias\n_1000_8,300,10,15,10,0.3000,2026,9996111497,9996109804,40,1162
docs\inst_test\instancias\n_1000_8,300,10,15,20,0.2000,2026,9996111497,9996109804,38,1162
docs\inst_test\instancias\n_1000_8,300,10,15,20,0.2000,42,9996111502,9996110095,39,1162
docs\inst_test\instancias\n_1000_8,300,10,15,10,0.1000,2026,9996111497,9996109804,43,1162
docs\inst_test\instancias\n_1000_8,300,10,10,20,0.3000,2026,9996111497,9996109804,60,1162
docs\inst_test\instancias\n_1000_8,300,10,15,10,0.3000,123,9996111497,9996109804,41,1162
docs\inst_test\instancias\n_1000_8,300,10,15,10,0.2000,2026,9996111497,9996109804,43,1162
docs\inst_test\instancias\n_1000_8,300,10,15,20,0.3000,42,9996111502,9996110095,39,1162
docs\inst_test\instancias\n_1000_8,300,10,15,5,0.3000,42,9996111502,9996110095,47,1162
docs\inst_test\instancias\n_1000_8,300,10,15,20,0.3000,123,9996111497,9996109804,38,1162
docs\inst_test\instancias\n_1000_8,300,10,15,5,0.3000,2026,9996111497,9996109804,51,1162
docs\inst_test\instancias\n_1000_8,300,10,15,5,0.1000,2026,9996111497,9996109804,69,1162
docs\inst_test\instancias\n_1000_8,300,10,15,5,0.1000,123,9996111502,9996110095,69,1162
docs\inst_test\instancias\n_1000_8,300,10,15,5,0.2000,42,9996111502,9996110095,67,1162
docs\inst_test\instancias\n_1000_8,300,10,15,5,0.2000,123,9996111502,9996110095,67,1162
docs\inst_test\instancias\n_1000_8,300,10,15,5,0.1000,42,9996111497,9996109804,71,1162
docs\inst_test\instancias\n_1000_8,300,10,15,10,0.1000,42,9996111497,9996109804,63,1162
docs\inst_test\instancias\n_1000_8,300,10,15,5,0.2000,2026,9996111497,9996109804,69,1162
docs\inst_test\instancias\n_1000_8,300,10,15,10,0.2000,123,9996111497,9996109804,64,1162
docs\inst_test\instancias\n_1000_8,300,10,15,20,0.2000,123,9996111497,9996109804,62,1162
docs\inst_test\instancias\n_1000_8,300,10,15,5,0.3000,123,9996111502,9996110095,70,1162
docs\inst_test\instancias\n_1000_8,300,15,7,10,0.1000,123,9996111497,9996109804,41,1162
docs\inst_test\instancias\n_1000_8,300,15,7,10,0.2000,123,9996111497,9996109804,41,1162
docs\inst_test\instancias\n_1000_8,300,15,7,10,0.3000,2026,9996111497,9996109804,39,1162
docs\inst_test\instancias\n_1000_8,300,15,7,20,0.1000,42,9996111497,9996109804,38,1162
docs\inst_test\instancias\n_1000_8,300,15,7,20,0.1000,123,9996111497,9996109804,36,1162
docs\inst_test\instancias\n_1000_8,300,15,7,10,0.3000,42,9996111502,9996110095,42,1162
docs\inst_test\instancias\n_1000_8,300,15,7,10,0.2000,42,9996111502,9996110095,43,1162
docs\inst_test\instancias\n_1000_8,300,15,7,5,0.2000,42,9996111502,9996110095,46,1162
docs\inst_test\instancias\n_1000_8,300,15,7,5,0.2000,123,9996111502,9996110095,46,1162
docs\inst_test\instancias\n_1000_8,300,15,7,5,0.3000,123,9996111502,9996110095,46,1162
docs\inst_test\instancias\n_1000_8,300,15,7,5,0.1000,2026,9996111497,9996109804,48,1162
docs\inst_test\instancias\n_1000_8,300,15,7,5,0.3000,42,9996111502,9996110095,46,1162
docs\inst_test\instancias\n_1000_8,300,15,7,20,0.1000,2026,9996111497,9996109804,38,1162
docs\inst_test\instancias\n_1000_8,300,15,7,10,0.3000,123,9996111497,9996109804,45,1162
docs\inst_test\instancias\n_1000_8,300,15,7,10,0.1000,2026,9996111497,9996109804,46,1162
docs\inst_test\instancias\n_1000_8,300,15,7,5,0.3000,2026,9996111497,9996109804,47,1162
docs\inst_test\instancias\n_1000_8,300,10,15,20,0.3000,2026,9996111497,9996109804,61,1162
docs\inst_test\instancias\n_1000_8,300,15,7,10,0.1000,42,9996111497,9996109804,65,1162
docs\inst_test\instancias\n_1000_8,300,15,7,5,0.1000,42,9996111497,9996109804,68,1162
docs\inst_test\instancias\n_1000_8,300,15,7,10,0.2000,2026,9996111497,9996109804,63,1162
docs\inst_test\instancias\n_1000_8,300,15,7,5,0.1000,123,9996111502,9996110095,68,1162
docs\inst_test\instancias\n_1000_8,300,15,7,5,0.2000,2026,9996111497,9996109804,70,1162
docs\inst_test\instancias\n_1000_8,300,15,7,20,0.2000,42,9996111502,9996110095,59,1162
docs\inst_test\instancias\n_1000_8,300,15,7,20,0.2000,123,9996111497,9996109804,61,1162
docs\inst_test\instancias\n_1000_8,300,15,7,20,0.2000,2026,9996111497,9996109804,61,1162
docs\inst_test\instancias\n_1000_8,300,15,7,20,0.3000,42,9996111502,9996110095,61,1162
docs\inst_test\instancias\n_1000_8,300,15,7,20,0.3000,123,9996111497,9996109804,63,1162
docs\inst_test\instancias\n_1000_8,300,15,7,20,0.3000,2026,9996111497,9996109804,61,1162
docs\inst_test\instancias\n_1000_8,300,15,10,20,0.1000,123,9996111497,9996109804,37,1162
docs\inst_test\instancias\n_1000_8,300,15,10,10,0.1000,42,9996111497,9996109804,40,1162
docs\inst_test\instancias\n_1000_8,300,15,10,20,0.1000,42,9996111497,9996109804,38,1162
docs\inst_test\instancias\n_1000_8,300,15,10,10,0.1000,123,9996111497,9996109804,41,1162
docs\inst_test\instancias\n_1000_8,300,15,10,10,0.1000,2026,9996111497,9996109804,40,1162
docs\inst_test\instancias\n_1000_8,300,15,10,10,0.2000,2026,9996111497,9996109804,40,1162
docs\inst_test\instancias\n_1000_8,300,15,10,10,0.2000,42,9996111502,9996110095,41,1162
docs\inst_test\instancias\n_1000_8,300,15,10,10,0.2000,123,9996111497,9996109804,40,1162
docs\inst_test\instancias\n_1000_8,300,15,10,10,0.3000,123,9996111497,9996109804,40,1162
docs\inst_test\instancias\n_1000_8,300,15,10,10,0.3000,42,9996111502,9996110095,41,1162
docs\inst_test\instancias\n_1000_8,300,15,10,10,0.3000,2026,9996111497,9996109804,40,1162
docs\inst_test\instancias\n_1000_8,300,15,10,5,0.3000,2026,9996111497,9996109804,48,1162
docs\inst_test\instancias\n_1000_8,300,15,10,5,0.3000,123,9996111502,9996110095,48,1162
docs\inst_test\instancias\n_1000_8,300,15,10,5,0.2000,2026,9996111497,9996109804,48,1162
docs\inst_test\instancias\n_1000_8,300,15,10,5,0.3000,42,9996111502,9996110095,48,1162
docs\inst_test\instancias\n_1000_8,300,15,10,5,0.1000,42,9996111497,9996109804,68,1162
docs\inst_test\instancias\n_1000_8,300,15,10,5,0.2000,123,9996111502,9996110095,49,1162
docs\inst_test\instancias\n_1000_8,300,15,10,5,0.1000,123,9996111502,9996110095,69,1162
docs\inst_test\instancias\n_1000_8,300,15,10,5,0.1000,2026,9996111497,9996109804,68,1162
docs\inst_test\instancias\n_1000_8,300,15,10,5,0.2000,42,9996111502,9996110095,68,1162
docs\inst_test\instancias\n_1000_8,300,15,10,20,0.1000,2026,9996111497,9996109804,62,1162
docs\inst_test\instancias\n_1000_8,300,15,10,20,0.2000,42,9996111502,9996110095,60,1162
docs\inst_test\instancias\n_1000_8,300,15,10,20,0.2000,123,9996111497,9996109804,60,1162
docs\inst_test\instancias\n_1000_8,300,15,10,20,0.2000,2026,9996111497,9996109804,61,1162
docs\inst_test\instancias\n_1000_8,300,15,15,10,0.1000,42,9996111497,9996109804,41,1162
docs\inst_test\instancias\n_1000_8,300,15,15,10,0.1000,2026,9996111497,9996109804,41,1162
docs\inst_test\instancias\n_1000_8,300,15,15,10,0.2000,123,9996111497,9996109804,41,1162
docs\inst_test\instancias\n_1000_8,300,15,15,20,0.1000,123,9996111497,9996109804,38,1162
docs\inst_test\instancias\n_1000_8,300,15,15,10,0.2000,2026,9996111497,9996109804,41,1162
docs\inst_test\instancias\n_1000_8,300,15,15,10,0.3000,42,9996111502,9996110095,41,1162
docs\inst_test\instancias\n_1000_8,300,15,15,20,0.1000,42,9996111497,9996109804,39,1162
docs\inst_test\instancias\n_1000_8,300,15,15,20,0.2000,42,9996111502,9996110095,38,1162
docs\inst_test\instancias\n_1000_8,300,15,15,10,0.2000,42,9996111502,9996110095,43,1162
docs\inst_test\instancias\n_1000_8,300,15,10,20,0.3000,42,9996111502,9996110095,64,1162
docs\inst_test\instancias\n_1000_8,300,15,10,20,0.3000,123,9996111497,9996109804,61,1162
docs\inst_test\instancias\n_1000_8,300,15,15,5,0.2000,2026,9996111497,9996109804,47,1162
docs\inst_test\instancias\n_1000_8,300,15,15,10,0.3000,123,9996111497,9996109804,41,1162
docs\inst_test\instancias\n_1000_8,300,15,15,5,0.3000,2026,9996111497,9996109804,46,1162
docs\inst_test\instancias\n_1000_8,300,15,10,20,0.3000,2026,9996111497,9996109804,60,1162
docs\inst_test\instancias\n_1000_8,300,15,15,5,0.3000,123,9996111502,9996110095,47,1162
docs\inst_test\instancias\n_1000_8,300,15,15,10,0.3000,2026,9996111497,9996109804,42,1162
docs\inst_test\instancias\n_1000_8,300,15,15,5,0.3000,42,9996111502,9996110095,50,1162
docs\inst_test\instancias\n_1000_8,300,15,15,10,0.1000,123,9996111497,9996109804,50,1162
docs\inst_test\instancias\n_1000_8,300,15,15,5,0.1000,42,9996111497,9996109804,67,1162
docs\inst_test\instancias\n_1000_8,300,15,15,5,0.1000,123,9996111502,9996110095,70,1162
docs\inst_test\instancias\n_1000_8,300,15,15,5,0.1000,2026,9996111497,9996109804,70,1162
docs\inst_test\instancias\n_1000_8,300,15,15,5,0.2000,123,9996111502,9996110095,68,1162
docs\inst_test\instancias\n_1000_8,300,15,15,5,0.2000,42,9996111502,9996110095,73,1162
docs\inst_test\instancias\n_1000_8,300,15,15,20,0.1000,2026,9996111497,9996109804,60,1162
docs\inst_test\instancias\n_1000_8,300,15,15,20,0.2000,2026,9996111497,9996109804,60,1162
docs\inst_test\instancias\n_1000_8,300,15,15,20,0.2000,123,9996111497,9996109804,62,1162
docs\inst_test\instancias\n_1000_8,300,15,15,20,0.3000,42,9996111502,9996110095,64,1162
docs\inst_test\instancias\n_1000_8,300,20,7,10,0.1000,123,9996111497,9996109804,41,1162
docs\inst_test\instancias\n_1000_8,300,20,7,20,0.1000,42,9996111497,9996109804,39,1162
docs\inst_test\instancias\n_1000_8,300,20,7,10,0.2000,123,9996111497,9996109804,40,1162
docs\inst_test\instancias\n_1000_8,300,20,7,10,0.2000,2026,9996111497,9996109804,41,1162
docs\inst_test\instancias\n_1000_8,300,20,7,20,0.1000,123,9996111497,9996109804,38,1162
docs\inst_test\instancias\n_1000_8,300,20,7,5,0.1000,2026,9996111497,9996109804,46,1162
docs\inst_test\instancias\n_1000_8,300,20,7,20,0.1000,2026,9996111497,9996109804,36,1162
docs\inst_test\instancias\n_1000_8,300,20,7,10,0.3000,42,9996111502,9996110095,41,1162
docs\inst_test\instancias\n_1000_8,300,20,7,5,0.3000,42,9996111502,9996110095,46,1162
docs\inst_test\instancias\n_1000_8,300,20,7,5,0.2000,2026,9996111497,9996109804,47,1162
docs\inst_test\instancias\n_1000_8,300,20,7,5,0.2000,42,9996111502,9996110095,48,1162
docs\inst_test\instancias\n_1000_8,300,20,7,10,0.1000,42,9996111497,9996109804,46,1162
docs\inst_test\instancias\n_1000_8,300,20,7,5,0.2000,123,9996111502,9996110095,48,1162
docs\inst_test\instancias\n_1000_8,300,20,7,5,0.3000,123,9996111502,9996110095,47,1162
docs\inst_test\instancias\n_1000_8,300,20,7,5,0.3000,2026,9996111497,9996109804,46,1162
docs\inst_test\instancias\n_1000_8,300,20,7,10,0.3000,2026,9996111497,9996109804,45,1162
docs\inst_test\instancias\n_1000_8,300,15,15,20,0.3000,123,9996111497,9996109804,60,1162
docs\inst_test\instancias\n_1000_8,300,15,15,20,0.3000,2026,9996111497,9996109804,62,1162
docs\inst_test\instancias\n_1000_8,300,20,7,10,0.1000,2026,9996111497,9996109804,64,1162
docs\inst_test\instancias\n_1000_8,300,20,7,5,0.1000,42,9996111497,9996109804,69,1162
docs\inst_test\instancias\n_1000_8,300,20,7,5,0.1000,123,9996111502,9996110095,68,1162
docs\inst_test\instancias\n_1000_8,300,20,7,10,0.3000,123,9996111497,9996109804,64,1162
docs\inst_test\instancias\n_1000_8,300,20,7,10,0.2000,42,9996111502,9996110095,64,1162
docs\inst_test\instancias\n_1000_8,300,20,7,20,0.2000,42,9996111502,9996110095,62,1162
docs\inst_test\instancias\n_1000_8,300,20,7,20,0.2000,123,9996111497,9996109804,62,1162
docs\inst_test\instancias\n_1000_8,300,20,7,20,0.2000,2026,9996111497,9996109804,60,1162
docs\inst_test\instancias\n_1000_8,300,20,7,20,0.3000,42,9996111502,9996110095,61,1162
docs\inst_test\instancias\n_1000_8,300,20,7,20,0.3000,123,9996111497,9996109804,61,1162
docs\inst_test\instancias\n_1000_8,300,20,7,20,0.3000,2026,9996111497,9996109804,61,1162
docs\inst_test\instancias\n_1000_8,300,20,10,10,0.1000,123,9996111497,9996109804,41,1162
docs\inst_test\instancias\n_1000_8,300,20,10,20,0.1000,42,9996111497,9996109804,38,1162
docs\inst_test\instancias\n_1000_8,300,20,10,10,0.2000,42,9996111502,9996110095,40,1162
docs\inst_test\instancias\n_1000_8,300,20,10,10,0.1000,2026,9996111497,9996109804,41,1162
docs\inst_test\instancias\n_1000_8,300,20,10,10,0.2000,123,9996111497,9996109804,40,1162
docs\inst_test\instancias\n_1000_8,300,20,10,10,0.3000,123,9996111497,9996109804,41,1162
docs\inst_test\instancias\n_1000_8,300,20,10,10,0.3000,42,9996111502,9996110095,41,1162
docs\inst_test\instancias\n_1000_8,300,20,10,10,0.3000,2026,9996111497,9996109804,41,1162
docs\inst_test\instancias\n_1000_8,300,20,10,10,0.2000,2026,9996111497,9996109804,42,1162
docs\inst_test\instancias\n_1000_8,300,20,10,10,0.1000,42,9996111497,9996109804,44,1162
docs\inst_test\instancias\n_1000_8,300,20,10,5,0.2000,42,9996111502,9996110095,47,1162
docs\inst_test\instancias\n_1000_8,300,20,10,5,0.2000,2026,9996111497,9996109804,47,1162
docs\inst_test\instancias\n_1000_8,300,20,10,5,0.3000,42,9996111502,9996110095,47,1162
docs\inst_test\instancias\n_1000_8,300,20,10,5,0.1000,42,9996111497,9996109804,68,1162
docs\inst_test\instancias\n_1000_8,300,20,10,5,0.3000,123,9996111502,9996110095,49,1162
docs\inst_test\instancias\n_1000_8,300,20,10,5,0.2000,123,9996111502,9996110095,52,1162
docs\inst_test\instancias\n_1000_8,300,20,10,5,0.3000,2026,9996111497,9996109804,50,1162
docs\inst_test\instancias\n_1000_8,300,20,10,5,0.1000,123,9996111502,9996110095,70,1162
docs\inst_test\instancias\n_1000_8,300,20,10,5,0.1000,2026,9996111497,9996109804,72,1162
docs\inst_test\instancias\n_1000_8,300,20,10,20,0.1000,123,9996111497,9996109804,61,1162
docs\inst_test\instancias\n_1000_8,300,20,10,20,0.1000,2026,9996111497,9996109804,62,1162
docs\inst_test\instancias\n_1000_8,300,20,10,20,0.2000,123,9996111497,9996109804,61,1162
docs\inst_test\instancias\n_1000_8,300,20,15,10,0.1000,42,9996111497,9996109804,41,1162
docs\inst_test\instancias\n_1000_8,300,20,10,20,0.2000,42,9996111502,9996110095,62,1162
docs\inst_test\instancias\n_1000_8,300,20,10,20,0.3000,42,9996111502,9996110095,61,1162
docs\inst_test\instancias\n_1000_8,300,20,15,10,0.1000,123,9996111497,9996109804,40,1162
docs\inst_test\instancias\n_1000_8,300,20,10,20,0.3000,123,9996111497,9996109804,62,1162
docs\inst_test\instancias\n_1000_8,300,20,10,20,0.2000,2026,9996111497,9996109804,63,1162
docs\inst_test\instancias\n_1000_8,300,20,15,10,0.1000,2026,9996111497,9996109804,41,1162
docs\inst_test\instancias\n_1000_8,300,20,15,10,0.3000,123,9996111497,9996109804,40,1162
docs\inst_test\instancias\n_1000_8,300,20,15,10,0.2000,123,9996111497,9996109804,42,1162
docs\inst_test\instancias\n_1000_8,300,20,15,10,0.3000,42,9996111502,9996110095,42,1162
docs\inst_test\instancias\n_1000_8,300,20,15,10,0.2000,2026,9996111497,9996109804,43,1162
docs\inst_test\instancias\n_1000_8,300,20,15,20,0.1000,123,9996111497,9996109804,39,1162
docs\inst_test\instancias\n_1000_8,300,20,15,10,0.2000,42,9996111502,9996110095,44,1162
docs\inst_test\instancias\n_1000_8,300,20,15,10,0.3000,2026,9996111497,9996109804,41,1162
docs\inst_test\instancias\n_1000_8,300,20,15,20,0.2000,42,9996111502,9996110095,38,1162
docs\inst_test\instancias\n_1000_8,300,20,15,5,0.2000,2026,9996111497,9996109804,47,1162
docs\inst_test\instancias\n_1000_8,300,20,15,5,0.3000,42,9996111502,9996110095,47,1162
docs\inst_test\instancias\n_1000_8,300,20,15,5,0.3000,123,9996111502,9996110095,47,1162
docs\inst_test\instancias\n_1000_8,300,20,15,5,0.3000,2026,9996111497,9996109804,48,1162
docs\inst_test\instancias\n_1000_8,300,20,15,20,0.1000,2026,9996111497,9996109804,40,1162
docs\inst_test\instancias\n_1000_8,300,20,10,20,0.3000,2026,9996111497,9996109804,64,1162
docs\inst_test\instancias\n_1000_8,300,20,15,5,0.1000,42,9996111497,9996109804,68,1162
docs\inst_test\instancias\n_1000_8,300,20,15,5,0.1000,123,9996111502,9996110095,70,1162
docs\inst_test\instancias\n_1000_8,300,20,15,5,0.1000,2026,9996111497,9996109804,68,1162
docs\inst_test\instancias\n_1000_8,300,20,15,5,0.2000,123,9996111502,9996110095,68,1162
docs\inst_test\instancias\n_1000_8,300,20,15,20,0.1000,42,9996111497,9996109804,60,1162
docs\inst_test\instancias\n_1000_8,300,20,15,5,0.2000,42,9996111502,9996110095,71,1162
docs\inst_test\instancias\n_1000_8,300,20,15,20,0.2000,123,9996111497,9996109804,62,1162
docs\inst_test\instancias\n_1000_8,300,20,15,20,0.2000,2026,9996111497,9996109804,61,1162
docs\inst_test\instancias\n_1000_8,300,20,15,20,0.3000,42,9996111502,9996110095,67,1162
docs\inst_test\instancias\n_1000_8,300,20,15,20,0.3000,123,9996111497,9996109804,61,1162
docs\inst_test\instancias\n_1000_8,300,20,15,20,0.3000,2026,9996111497,9996109804,66,1162
docs\inst_test\instancias\n_1000_8,500,10,7,20,0.1000,42,9996111497,9996109804,62,1162
docs\inst_test\instancias\n_1000_8,500,10,7,10,0.1000,42,9996111497,9996109804,68,1162
docs\inst_test\instancias\n_1000_8,500,10,7,10,0.2000,123,9996111502,9996110095,67,1162
docs\inst_test\instancias\n_1000_8,500,10,7,10,0.1000,2026,9996111497,9996109804,68,1162
docs\inst_test\instancias\n_1000_8,500,10,7,20,0.1000,123,9996111497,9996109804,65,1162
docs\inst_test\instancias\n_1000_8,500,10,7,10,0.3000,2026,9996111497,9996109804,68,1162
docs\inst_test\instancias\n_1000_8,500,10,7,10,0.2000,42,9996111502,9996110095,71,1162
docs\inst_test\instancias\n_1000_8,500,10,7,10,0.2000,2026,9996111497,9996109804,70,1162
docs\inst_test\instancias\n_1000_8,500,10,7,10,0.1000,123,9996111502,9996110095,71,1162
docs\inst_test\instancias\n_1000_8,500,10,7,10,0.3000,42,9996111502,9996110095,70,1162
docs\inst_test\instancias\n_1000_8,500,10,7,10,0.3000,123,9996111502,9996110095,71,1162
docs\inst_test\instancias\n_1000_8,500,10,7,5,0.1000,42,9996111502,9996110095,78,1162
docs\inst_test\instancias\n_1000_8,500,10,7,5,0.2000,42,9996111502,9996110095,80,1162
docs\inst_test\instancias\n_1000_8,500,10,7,5,0.3000,42,9996111502,9996110095,80,1162
docs\inst_test\instancias\n_1000_8,500,10,7,5,0.3000,2026,9996111497,9996109804,78,1162
docs\inst_test\instancias\n_1000_8,500,10,7,5,0.3000,123,9996111502,9996110095,79,1162
docs\inst_test\instancias\n_1000_8,500,10,7,5,0.2000,2026,9996111497,9996109804,112,1162
docs\inst_test\instancias\n_1000_8,500,10,7,5,0.1000,123,9996111502,9996110095,116,1162
docs\inst_test\instancias\n_1000_8,500,10,7,20,0.2000,42,9996111502,9996110095,100,1162
docs\inst_test\instancias\n_1000_8,500,10,7,5,0.1000,2026,9996111497,9996109804,118,1162
docs\inst_test\instancias\n_1000_8,500,10,7,20,0.2000,123,9996111497,9996109804,103,1162
docs\inst_test\instancias\n_1000_8,500,10,7,20,0.1000,2026,9996111497,9996109804,114,1162
docs\inst_test\instancias\n_1000_8,500,10,7,20,0.2000,2026,9996111497,9996109804,102,1162
docs\inst_test\instancias\n_1000_8,500,10,7,20,0.3000,123,9996111497,9996109804,101,1162
docs\inst_test\instancias\n_1000_8,500,10,7,20,0.3000,42,9996111502,9996110095,101,1162
docs\inst_test\instancias\n_1000_8,500,10,7,5,0.2000,123,9996111502,9996110095,128,1162
docs\inst_test\instancias\n_1000_8,500,10,7,20,0.3000,2026,9996111497,9996109804,104,1162
docs\inst_test\instancias\n_1000_8,500,10,10,10,0.1000,42,9996111497,9996109804,70,1162
docs\inst_test\instancias\n_1000_8,500,10,10,20,0.1000,42,9996111497,9996109804,62,1162
docs\inst_test\instancias\n_1000_8,500,10,10,20,0.1000,2026,9996111497,9996109804,63,1162
docs\inst_test\instancias\n_1000_8,500,10,10,10,0.2000,2026,9996111497,9996109804,69,1162
docs\inst_test\instancias\n_1000_8,500,10,10,10,0.2000,123,9996111502,9996110095,70,1162
docs\inst_test\instancias\n_1000_8,500,10,10,10,0.3000,123,9996111502,9996110095,68,1162
docs\inst_test\instancias\n_1000_8,500,10,10,10,0.1000,2026,9996111497,9996109804,71,1162
docs\inst_test\instancias\n_1000_8,500,10,10,10,0.2000,42,9996111502,9996110095,71,1162
docs\inst_test\instancias\n_1000_8,500,10,10,10,0.1000,123,9996111502,9996110095,72,1162
docs\inst_test\instancias\n_1000_8,500,10,10,10,0.3000,42,9996111502,9996110095,70,1162
docs\inst_test\instancias\n_1000_8,500,10,10,10,0.3000,2026,9996111497,9996109804,69,1162
docs\inst_test\instancias\n_1000_8,500,10,10,5,0.2000,2026,9996111497,9996109804,80,1162
docs\inst_test\instancias\n_1000_8,500,10,10,5,0.1000,42,9996111502,9996110095,118,1162
docs\inst_test\instancias\n_1000_8,500,10,10,20,0.1000,123,9996111497,9996109804,70,1162
docs\inst_test\instancias\n_1000_8,500,10,10,5,0.3000,42,9996111502,9996110095,81,1162
docs\inst_test\instancias\n_1000_8,500,10,10,5,0.3000,123,9996111502,9996110095,82,1162
docs\inst_test\instancias\n_1000_8,500,10,10,5,0.3000,2026,9996111497,9996109804,82,1162
docs\inst_test\instancias\n_1000_8,500,10,10,5,0.1000,123,9996111502,9996110095,118,1162
docs\inst_test\instancias\n_1000_8,500,10,10,5,0.1000,2026,9996111497,9996109804,111,1162
docs\inst_test\instancias\n_1000_8,500,10,10,5,0.2000,42,9996111502,9996110095,114,1162
docs\inst_test\instancias\n_1000_8,500,10,10,5,0.2000,123,9996111502,9996110095,113,1162
docs\inst_test\instancias\n_1000_8,500,10,15,10,0.1000,42,9996111497,9996109804,66,1162
docs\inst_test\instancias\n_1000_8,500,10,15,20,0.1000,42,9996111497,9996109804,62,1162
docs\inst_test\instancias\n_1000_8,500,10,15,20,0.1000,123,9996111497,9996109804,62,1162
docs\inst_test\instancias\n_1000_8,500,10,15,10,0.1000,123,9996111502,9996110095,69,1162
docs\inst_test\instancias\n_1000_8,500,10,15,10,0.2000,2026,9996111497,9996109804,69,1162
docs\inst_test\instancias\n_1000_8,500,10,15,10,0.3000,123,9996111502,9996110095,67,1162
docs\inst_test\instancias\n_1000_8,500,10,15,10,0.3000,42,9996111502,9996110095,67,1162
docs\inst_test\instancias\n_1000_8,500,10,10,20,0.2000,42,9996111502,9996110095,103,1162
docs\inst_test\instancias\n_1000_8,500,10,15,10,0.1000,2026,9996111497,9996109804,72,1162
docs\inst_test\instancias\n_1000_8,500,10,15,10,0.2000,42,9996111502,9996110095,72,1162
docs\inst_test\instancias\n_1000_8,500,10,15,5,0.2000,2026,9996111497,9996109804,76,1162
docs\inst_test\instancias\n_1000_8,500,10,15,10,0.2000,123,9996111502,9996110095,73,1162
docs\inst_test\instancias\n_1000_8,500,10,15,20,0.1000,2026,9996111497,9996109804,66,1162
docs\inst_test\instancias\n_1000_8,500,10,15,20,0.2000,42,9996111502,9996110095,66,1162
docs\inst_test\instancias\n_1000_8,500,10,10,20,0.2000,123,9996111497,9996109804,103,1162
docs\inst_test\instancias\n_1000_8,500,10,10,20,0.2000,2026,9996111497,9996109804,104,1162
docs\inst_test\instancias\n_1000_8,500,10,15,5,0.3000,123,9996111502,9996110095,79,1162
docs\inst_test\instancias\n_1000_8,500,10,10,20,0.3000,123,9996111497,9996109804,102,1162
docs\inst_test\instancias\n_1000_8,500,10,15,5,0.3000,42,9996111502,9996110095,80,1162
docs\inst_test\instancias\n_1000_8,500,10,10,20,0.3000,42,9996111502,9996110095,104,1162
docs\inst_test\instancias\n_1000_8,500,10,15,5,0.3000,2026,9996111497,9996109804,79,1162
docs\inst_test\instancias\n_1000_8,500,10,10,20,0.3000,2026,9996111497,9996109804,102,1162
docs\inst_test\instancias\n_1000_8,500,10,15,5,0.1000,42,9996111502,9996110095,112,1162
docs\inst_test\instancias\n_1000_8,500,10,15,5,0.1000,2026,9996111497,9996109804,113,1162
docs\inst_test\instancias\n_1000_8,500,10,15,5,0.1000,123,9996111502,9996110095,114,1162
docs\inst_test\instancias\n_1000_8,500,10,15,5,0.2000,123,9996111502,9996110095,115,1162
docs\inst_test\instancias\n_1000_8,500,10,15,5,0.2000,42,9996111502,9996110095,116,1162
docs\inst_test\instancias\n_1000_8,500,10,15,10,0.3000,2026,9996111497,9996109804,112,1162
docs\inst_test\instancias\n_1000_8,500,10,15,20,0.2000,2026,9996111497,9996109804,99,1162
docs\inst_test\instancias\n_1000_8,500,10,15,20,0.2000,123,9996111497,9996109804,112,1162
docs\inst_test\instancias\n_1000_8,500,10,15,20,0.3000,42,9996111502,9996110095,101,1162
docs\inst_test\instancias\n_1000_8,500,10,15,20,0.3000,2026,9996111497,9996109804,63,1162
docs\inst_test\instancias\n_1000_8,500,10,15,20,0.3000,123,9996111497,9996109804,102,1162
docs\inst_test\instancias\n_1000_8,500,15,7,10,0.1000,42,9996111497,9996109804,67,1162
docs\inst_test\instancias\n_1000_8,500,15,7,20,0.1000,123,9996111497,9996109804,61,1162
docs\inst_test\instancias\n_1000_8,500,15,7,10,0.1000,2026,9996111497,9996109804,68,1162
docs\inst_test\instancias\n_1000_8,500,15,7,10,0.2000,42,9996111502,9996110095,68,1162
docs\inst_test\instancias\n_1000_8,500,15,7,10,0.1000,123,9996111502,9996110095,73,1162
docs\inst_test\instancias\n_1000_8,500,15,7,10,0.3000,2026,9996111497,9996109804,69,1162
docs\inst_test\instancias\n_1000_8,500,15,7,10,0.3000,42,9996111502,9996110095,69,1162
docs\inst_test\instancias\n_1000_8,500,15,7,5,0.1000,123,9996111502,9996110095,79,1162
docs\inst_test\instancias\n_1000_8,500,15,7,5,0.1000,42,9996111502,9996110095,82,1162
docs\inst_test\instancias\n_1000_8,500,15,7,5,0.1000,2026,9996111497,9996109804,80,1162
docs\inst_test\instancias\n_1000_8,500,15,7,5,0.2000,2026,9996111497,9996109804,79,1162
docs\inst_test\instancias\n_1000_8,500,15,7,5,0.2000,42,9996111502,9996110095,80,1162
docs\inst_test\instancias\n_1000_8,500,15,7,5,0.2000,123,9996111502,9996110095,79,1162
docs\inst_test\instancias\n_1000_8,500,15,7,5,0.3000,2026,9996111497,9996109804,78,1162
docs\inst_test\instancias\n_1000_8,500,15,7,5,0.3000,123,9996111502,9996110095,80,1162
docs\inst_test\instancias\n_1000_8,500,15,7,20,0.1000,42,9996111497,9996109804,103,1162
docs\inst_test\instancias\n_1000_8,500,15,7,20,0.1000,2026,9996111497,9996109804,102,1162
docs\inst_test\instancias\n_1000_8,500,15,7,10,0.2000,2026,9996111497,9996109804,107,1162
docs\inst_test\instancias\n_1000_8,500,15,7,10,0.3000,123,9996111502,9996110095,105,1162
docs\inst_test\instancias\n_1000_8,500,15,7,10,0.2000,123,9996111502,9996110095,109,1162
docs\inst_test\instancias\n_1000_8,500,15,7,5,0.3000,42,9996111502,9996110095,117,1162
docs\inst_test\instancias\n_1000_8,500,15,7,20,0.2000,123,9996111497,9996109804,100,1162
docs\inst_test\instancias\n_1000_8,500,15,7,20,0.2000,42,9996111502,9996110095,102,1162
docs\inst_test\instancias\n_1000_8,500,15,7,20,0.2000,2026,9996111497,9996109804,99,1162
docs\inst_test\instancias\n_1000_8,500,15,7,20,0.3000,42,9996111502,9996110095,103,1162
docs\inst_test\instancias\n_1000_8,500,15,7,20,0.3000,123,9996111497,9996109804,107,1162
docs\inst_test\instancias\n_1000_8,500,15,10,5,0.2000,42,9996111502,9996110095,79,1162
docs\inst_test\instancias\n_1000_8,500,15,10,10,0.1000,2026,9996111497,9996109804,67,1162
docs\inst_test\instancias\n_1000_8,500,15,10,20,0.1000,42,9996111497,9996109804,63,1162
docs\inst_test\instancias\n_1000_8,500,15,10,10,0.1000,123,9996111502,9996110095,68,1162
docs\inst_test\instancias\n_1000_8,500,15,10,20,0.1000,123,9996111497,9996109804,63,1162
docs\inst_test\instancias\n_1000_8,500,15,10,10,0.1000,42,9996111497,9996109804,70,1162
docs\inst_test\instancias\n_1000_8,500,15,10,10,0.2000,42,9996111502,9996110095,70,1162
docs\inst_test\instancias\n_1000_8,500,15,10,10,0.3000,42,9996111502,9996110095,67,1162
docs\inst_test\instancias\n_1000_8,500,15,10,5,0.2000,2026,9996111497,9996109804,78,1162
docs\inst_test\instancias\n_1000_8,500,15,10,10,0.2000,2026,9996111497,9996109804,69,1162
docs\inst_test\instancias\n_1000_8,500,15,10,10,0.3000,123,9996111502,9996110095,68,1162
docs\inst_test\instancias\n_1000_8,500,15,10,10,0.2000,123,9996111502,9996110095,70,1162
docs\inst_test\instancias\n_1000_8,500,15,7,20,0.3000,2026,9996111497,9996109804,105,1162
docs\inst_test\instancias\n_1000_8,500,15,10,5,0.3000,42,9996111502,9996110095,80,1162
docs\inst_test\instancias\n_1000_8,500,15,10,5,0.3000,2026,9996111497,9996109804,80,1162
docs\inst_test\instancias\n_1000_8,500,15,10,10,0.3000,2026,9996111497,9996109804,72,1162
docs\inst_test\instancias\n_1000_8,500,15,10,5,0.3000,123,9996111502,9996110095,86,1162
docs\inst_test\instancias\n_1000_8,500,15,10,5,0.1000,42,9996111502,9996110095,120,1162
docs\inst_test\instancias\n_1000_8,500,15,10,5,0.1000,2026,9996111497,9996109804,113,1162
docs\inst_test\instancias\n_1000_8,500,15,10,5,0.1000,123,9996111502,9996110095,118,1162
docs\inst_test\instancias\n_1000_8,500,15,10,5,0.2000,123,9996111502,9996110095,117,1162
docs\inst_test\instancias\n_1000_8,500,15,10,20,0.2000,42,9996111502,9996110095,102,1162
docs\inst_test\instancias\n_1000_8,500,15,15,10,0.1000,42,9996111497,9996109804,67,1162
docs\inst_test\instancias\n_1000_8,500,15,15,10,0.1000,2026,9996111497,9996109804,67,1162
docs\inst_test\instancias\n_1000_8,500,15,10,20,0.1000,2026,9996111497,9996109804,104,1162
docs\inst_test\instancias\n_1000_8,500,15,15,10,0.1000,123,9996111502,9996110095,67,1162
docs\inst_test\instancias\n_1000_8,500,15,10,20,0.2000,123,9996111497,9996109804,102,1162
docs\inst_test\instancias\n_1000_8,500,15,15,10,0.2000,123,9996111502,9996110095,68,1162
docs\inst_test\instancias\n_1000_8,500,15,15,20,0.1000,42,9996111497,9996109804,64,1162
docs\inst_test\instancias\n_1000_8,500,15,15,20,0.1000,123,9996111497,9996109804,64,1162
docs\inst_test\instancias\n_1000_8,500,15,10,20,0.3000,123,9996111497,9996109804,99,1162
docs\inst_test\instancias\n_1000_8,500,15,15,10,0.2000,42,9996111502,9996110095,69,1162
docs\inst_test\instancias\n_1000_8,500,15,15,10,0.3000,42,9996111502,9996110095,69,1162
docs\inst_test\instancias\n_1000_8,500,15,15,10,0.3000,2026,9996111497,9996109804,68,1162
docs\inst_test\instancias\n_1000_8,500,15,15,10,0.2000,2026,9996111497,9996109804,71,1162
docs\inst_test\instancias\n_1000_8,500,15,10,20,0.2000,2026,9996111497,9996109804,107,1162
docs\inst_test\instancias\n_1000_8,500,15,15,5,0.2000,123,9996111502,9996110095,82,1162
docs\inst_test\instancias\n_1000_8,500,15,10,20,0.3000,42,9996111502,9996110095,108,1162
docs\inst_test\instancias\n_1000_8,500,15,15,20,0.1000,2026,9996111497,9996109804,64,1162
docs\inst_test\instancias\n_1000_8,500,15,10,20,0.3000,2026,9996111497,9996109804,98,1162
docs\inst_test\instancias\n_1000_8,500,15,15,5,0.2000,2026,9996111497,9996109804,78,1162
docs\inst_test\instancias\n_1000_8,500,15,15,5,0.3000,123,9996111502,9996110095,79,1162
docs\inst_test\instancias\n_1000_8,500,15,15,5,0.3000,2026,9996111497,9996109804,79,1162
docs\inst_test\instancias\n_1000_8,500,15,15,5,0.3000,42,9996111502,9996110095,81,1162
docs\inst_test\instancias\n_1000_8,500,15,15,5,0.1000,123,9996111502,9996110095,112,1162
docs\inst_test\instancias\n_1000_8,500,15,15,5,0.1000,42,9996111502,9996110095,113,1162
docs\inst_test\instancias\n_1000_8,500,15,15,5,0.1000,2026,9996111497,9996109804,114,1162
docs\inst_test\instancias\n_1000_8,500,15,15,5,0.2000,42,9996111502,9996110095,119,1162
docs\inst_test\instancias\n_1000_8,500,15,15,10,0.3000,123,9996111502,9996110095,110,1162
docs\inst_test\instancias\n_1000_8,500,15,15,20,0.2000,123,9996111497,9996109804,102,1162
docs\inst_test\instancias\n_1000_8,500,15,15,20,0.2000,42,9996111502,9996110095,102,1162
docs\inst_test\instancias\n_1000_8,500,15,15,20,0.2000,2026,9996111497,9996109804,108,1162
docs\inst_test\instancias\n_1000_8,500,15,15,20,0.3000,42,9996111502,9996110095,96,1162
docs\inst_test\instancias\n_1000_8,500,15,15,20,0.3000,2026,9996111497,9996109804,65,1162
docs\inst_test\instancias\n_1000_8,500,20,7,10,0.1000,42,9996111497,9996109804,68,1162
docs\inst_test\instancias\n_1000_8,500,20,7,10,0.1000,123,9996111502,9996110095,68,1162
docs\inst_test\instancias\n_1000_8,500,20,7,20,0.1000,42,9996111497,9996109804,64,1162
docs\inst_test\instancias\n_1000_8,500,20,7,10,0.1000,2026,9996111497,9996109804,69,1162
docs\inst_test\instancias\n_1000_8,500,20,7,5,0.1000,42,9996111502,9996110095,74,1162
docs\inst_test\instancias\n_1000_8,500,20,7,20,0.1000,123,9996111497,9996109804,65,1162
docs\inst_test\instancias\n_1000_8,500,20,7,20,0.1000,2026,9996111497,9996109804,65,1162
docs\inst_test\instancias\n_1000_8,500,20,7,10,0.2000,123,9996111502,9996110095,70,1162
docs\inst_test\instancias\n_1000_8,500,20,7,10,0.3000,42,9996111502,9996110095,69,1162
docs\inst_test\instancias\n_1000_8,500,20,7,10,0.3000,2026,9996111497,9996109804,70,1162
docs\inst_test\instancias\n_1000_8,500,20,7,5,0.1000,2026,9996111497,9996109804,78,1162
docs\inst_test\instancias\n_1000_8,500,20,7,5,0.2000,123,9996111502,9996110095,77,1162
docs\inst_test\instancias\n_1000_8,500,20,7,5,0.3000,2026,9996111497,9996109804,77,1162
docs\inst_test\instancias\n_1000_8,500,20,7,5,0.2000,2026,9996111497,9996109804,78,1162
docs\inst_test\instancias\n_1000_8,500,15,15,20,0.3000,123,9996111497,9996109804,83,1162
docs\inst_test\instancias\n_1000_8,500,20,7,5,0.3000,42,9996111502,9996110095,82,1162
docs\inst_test\instancias\n_1000_8,500,20,7,10,0.2000,42,9996111502,9996110095,85,1162
docs\inst_test\instancias\n_1000_8,500,20,7,10,0.3000,123,9996111502,9996110095,83,1162
docs\inst_test\instancias\n_1000_8,500,20,7,10,0.2000,2026,9996111497,9996109804,83,1162
docs\inst_test\instancias\n_1000_8,500,20,7,5,0.1000,123,9996111502,9996110095,91,1162
docs\inst_test\instancias\n_1000_8,500,20,7,5,0.2000,42,9996111502,9996110095,93,1162
docs\inst_test\instancias\n_1000_8,500,20,7,20,0.2000,123,9996111497,9996109804,72,1162
docs\inst_test\instancias\n_1000_8,500,20,7,5,0.3000,123,9996111502,9996110095,92,1162
docs\inst_test\instancias\n_1000_8,500,20,7,20,0.2000,42,9996111502,9996110095,76,1162
docs\inst_test\instancias\n_1000_8,500,20,7,20,0.2000,2026,9996111497,9996109804,67,1162
docs\inst_test\instancias\n_1000_8,500,20,7,20,0.3000,42,9996111502,9996110095,65,1162
docs\inst_test\instancias\n_1000_8,500,20,7,20,0.3000,123,9996111497,9996109804,64,1162
docs\inst_test\instancias\n_1000_8,500,20,7,20,0.3000,2026,9996111497,9996109804,62,1162
docs\inst_test\instancias\n_1000_8,500,20,10,5,0.1000,42,9996111502,9996110095,69,1162
docs\inst_test\instancias\n_1000_8,500,20,10,5,0.1000,123,9996111502,9996110095,72,1162
docs\inst_test\instancias\n_1000_8,500,20,10,5,0.1000,2026,9996111497,9996109804,72,1162
docs\inst_test\instancias\n_1000_8,500,20,10,5,0.2000,42,9996111502,9996110095,73,1162
docs\inst_test\instancias\n_1000_8,500,20,10,10,0.2000,42,9996111502,9996110095,61,1162
docs\inst_test\instancias\n_1000_8,500,20,10,10,0.1000,123,9996111502,9996110095,65,1162
docs\inst_test\instancias\n_1000_8,500,20,10,10,0.2000,123,9996111502,9996110095,63,1162
docs\inst_test\instancias\n_1000_8,500,20,10,10,0.3000,2026,9996111497,9996109804,61,1162
docs\inst_test\instancias\n_1000_8,500,20,10,10,0.1000,42,9996111497,9996109804,67,1162
docs\inst_test\instancias\n_1000_8,500,20,10,10,0.1000,2026,9996111497,9996109804,68,1162
docs\inst_test\instancias\n_1000_8,500,20,10,5,0.2000,2026,9996111497,9996109804,71,1162
docs\inst_test\instancias\n_1000_8,500,20,10,20,0.1000,42,9996111497,9996109804,61,1162
docs\inst_test\instancias\n_1000_8,500,20,10,10,0.3000,42,9996111502,9996110095,65,1162
docs\inst_test\instancias\n_1000_8,500,20,10,5,0.3000,123,9996111502,9996110095,71,1162
docs\inst_test\instancias\n_1000_8,500,20,10,10,0.2000,2026,9996111497,9996109804,67,1162
docs\inst_test\instancias\n_1000_8,500,20,10,20,0.1000,123,9996111497,9996109804,61,1162
docs\inst_test\instancias\n_1000_8,500,20,10,5,0.3000,42,9996111502,9996110095,73,1162
docs\inst_test\instancias\n_1000_8,500,20,10,5,0.3000,2026,9996111497,9996109804,72,1162
docs\inst_test\instancias\n_1000_8,500,20,10,20,0.2000,42,9996111502,9996110095,57,1162
docs\inst_test\instancias\n_1000_8,500,20,10,10,0.3000,123,9996111502,9996110095,68,1162
docs\inst_test\instancias\n_1000_8,500,20,10,5,0.2000,123,9996111502,9996110095,76,1162
docs\inst_test\instancias\n_1000_8,500,20,10,20,0.2000,2026,9996111497,9996109804,57,1162
docs\inst_test\instancias\n_1000_8,500,20,10,20,0.2000,123,9996111497,9996109804,59,1162
docs\inst_test\instancias\n_1000_8,500,20,10,20,0.1000,2026,9996111497,9996109804,61,1162
docs\inst_test\instancias\n_1000_8,500,20,10,20,0.3000,42,9996111502,9996110095,58,1162
docs\inst_test\instancias\n_1000_8,500,20,10,20,0.3000,2026,9996111497,9996109804,62,1162
docs\inst_test\instancias\n_1000_8,500,20,10,20,0.3000,123,9996111497,9996109804,62,1162
docs\inst_test\instancias\n_1000_8,500,20,15,5,0.1000,42,9996111502,9996110095,71,1162
docs\inst_test\instancias\n_1000_8,500,20,15,5,0.1000,123,9996111502,9996110095,69,1162
docs\inst_test\instancias\n_1000_8,500,20,15,5,0.1000,2026,9996111497,9996109804,72,1162
docs\inst_test\instancias\n_1000_8,500,20,15,5,0.2000,42,9996111502,9996110095,71,1162
docs\inst_test\instancias\n_1000_8,500,20,15,5,0.2000,123,9996111502,9996110095,67,1162
docs\inst_test\instancias\n_1000_8,500,20,15,5,0.2000,2026,9996111497,9996109804,66,1162
docs\inst_test\instancias\n_1000_8,500,20,15,20,0.1000,42,9996111497,9996109804,46,1162
docs\inst_test\instancias\n_1000_8,500,20,15,10,0.3000,2026,9996111497,9996109804,53,1162
docs\inst_test\instancias\n_1000_8,500,20,15,10,0.1000,42,9996111497,9996109804,60,1162
docs\inst_test\instancias\n_1000_8,500,20,15,5,0.3000,2026,9996111497,9996109804,60,1162
docs\inst_test\instancias\n_1000_8,500,20,15,10,0.2000,123,9996111502,9996110095,56,1162
docs\inst_test\instancias\n_1000_8,500,20,15,20,0.2000,123,9996111497,9996109804,52,1162
docs\inst_test\instancias\n_1000_8,500,20,15,20,0.3000,123,9996111497,9996109804,50,1162
docs\inst_test\instancias\n_1000_8,500,20,15,20,0.1000,2026,9996111497,9996109804,53,1162
docs\inst_test\instancias\n_1000_8,500,20,15,10,0.2000,42,9996111502,9996110095,58,1162
docs\inst_test\instancias\n_1000_8,500,20,15,10,0.1000,123,9996111502,9996110095,59,1162
docs\inst_test\instancias\n_1000_8,500,20,15,10,0.1000,2026,9996111497,9996109804,60,1162
docs\inst_test\instancias\n_1000_8,500,20,15,10,0.2000,2026,9996111497,9996109804,57,1162
docs\inst_test\instancias\n_1000_8,500,20,15,20,0.2000,2026,9996111497,9996109804,54,1162
docs\inst_test\instancias\n_1000_8,500,20,15,5,0.3000,42,9996111502,9996110095,67,1162
docs\inst_test\instancias\n_1000_8,500,20,15,20,0.2000,42,9996111502,9996110095,56,1162
docs\inst_test\instancias\n_1000_8,500,20,15,5,0.3000,123,9996111502,9996110095,67,1162
docs\inst_test\instancias\n_1000_8,500,20,15,10,0.3000,123,9996111502,9996110095,59,1162
docs\inst_test\instancias\n_1000_8,500,20,15,20,0.3000,2026,9996111497,9996109804,54,1162
docs\inst_test\instancias\n_1000_8,500,20,15,10,0.3000,42,9996111502,9996110095,60,1162
docs\inst_test\instancias\n_1000_8,500,20,15,20,0.1000,123,9996111497,9996109804,58,1162
docs\inst_test\instancias\n_1000_8,500,20,15,20,0.3000,42,9996111502,9996110095,56,1162
docs\inst_test\instancias\n_1000_9,100,10,7,10,0.2000,2026,9980485898,9980481011,26,2382
docs\inst_test\instancias\n_1000_9,100,10,7,20,0.2000,123,9980485898,9980481011,26,2382
docs\inst_test\instancias\n_1000_9,100,10,7,20,0.2000,2026,9980485898,9980481011,26,2382
docs\inst_test\instancias\n_1000_9,100,10,7,5,0.3000,42,9980485898,9980481011,27,2382
docs\inst_test\instancias\n_1000_9,100,10,7,10,0.2000,123,9980485898,9980481011,27,2382
docs\inst_test\instancias\n_1000_9,100,10,7,20,0.3000,123,9980485898,9980481011,26,2382
docs\inst_test\instancias\n_1000_9,100,10,7,20,0.2000,42,9980485898,9980481011,27,2382
docs\inst_test\instancias\n_1000_9,100,10,7,5,0.1000,42,9980485898,9980481011,28,2382
docs\inst_test\instancias\n_1000_9,100,10,7,5,0.1000,123,9980485898,9980481011,27,2382
docs\inst_test\instancias\n_1000_9,100,10,7,20,0.3000,2026,9980485898,9980481011,26,2382
docs\inst_test\instancias\n_1000_9,100,10,7,5,0.1000,2026,9980485898,9980481011,28,2382
docs\inst_test\instancias\n_1000_9,100,10,10,5,0.2000,123,9980485898,9980481011,28,2382
docs\inst_test\instancias\n_1000_9,100,10,7,10,0.1000,123,9980485898,9980481011,28,2382
docs\inst_test\instancias\n_1000_9,100,10,7,10,0.1000,2026,9980485898,9980481011,28,2382
docs\inst_test\instancias\n_1000_9,100,10,10,5,0.2000,42,9980485898,9980481011,31,2382
docs\inst_test\instancias\n_1000_9,100,10,10,5,0.1000,2026,9980485898,9980481011,33,2382
docs\inst_test\instancias\n_1000_9,100,10,7,5,0.3000,2026,9980485898,9980481011,43,2382
docs\inst_test\instancias\n_1000_9,100,10,7,10,0.3000,2026,9980485898,9980481011,43,2382
docs\inst_test\instancias\n_1000_9,100,10,7,20,0.3000,42,9980485898,9980481011,42,2382
docs\inst_test\instancias\n_1000_9,100,10,7,10,0.3000,123,9980485898,9980481011,43,2382
docs\inst_test\instancias\n_1000_9,100,10,7,10,0.2000,42,9980485898,9980481011,43,2382
docs\inst_test\instancias\n_1000_9,100,10,7,10,0.3000,42,9980485898,9980481011,43,2382
docs\inst_test\instancias\n_1000_9,100,10,7,5,0.2000,2026,9980485898,9980481011,43,2382
docs\inst_test\instancias\n_1000_9,100,10,7,20,0.1000,42,9980485898,9980481011,43,2382
docs\inst_test\instancias\n_1000_9,100,10,7,5,0.2000,42,9980485898,9980481011,43,2382
docs\inst_test\instancias\n_1000_9,100,10,7,10,0.1000,42,9980485898,9980481011,44,2382
docs\inst_test\instancias\n_1000_9,100,10,7,20,0.1000,123,9980485898,9980481011,45,2382
docs\inst_test\instancias\n_1000_9,100,10,7,5,0.3000,123,9980485898,9980481011,45,2382
docs\inst_test\instancias\n_1000_9,100,10,7,20,0.1000,2026,9980485898,9980481011,45,2382
docs\inst_test\instancias\n_1000_9,100,10,10,5,0.1000,42,9980485898,9980481011,44,2382
docs\inst_test\instancias\n_1000_9,100,10,7,5,0.2000,123,9980485898,9980481011,45,2382
docs\inst_test\instancias\n_1000_9,100,10,10,5,0.1000,123,9980485898,9980481011,47,2382
docs\inst_test\instancias\n_1000_9,100,10,10,10,0.3000,42,9980485898,9980481011,26,2382
docs\inst_test\instancias\n_1000_9,100,10,10,10,0.2000,42,9980485898,9980481011,27,2382
docs\inst_test\instancias\n_1000_9,100,10,10,10,0.1000,42,9980485898,9980481011,27,2382
docs\inst_test\instancias\n_1000_9,100,10,10,10,0.1000,123,9980485898,9980481011,27,2382
docs\inst_test\instancias\n_1000_9,100,10,10,10,0.2000,123,9980485898,9980481011,27,2382
docs\inst_test\instancias\n_1000_9,100,10,10,10,0.3000,123,9980485898,9980481011,26,2382
docs\inst_test\instancias\n_1000_9,100,10,10,5,0.2000,2026,9980485898,9980481011,28,2382
docs\inst_test\instancias\n_1000_9,100,10,10,5,0.3000,123,9980485898,9980481011,27,2382
docs\inst_test\instancias\n_1000_9,100,10,10,10,0.2000,2026,9980485898,9980481011,28,2382
docs\inst_test\instancias\n_1000_9,100,10,10,5,0.3000,42,9980485898,9980481011,28,2382
docs\inst_test\instancias\n_1000_9,100,10,10,10,0.1000,2026,9980485898,9980481011,28,2382
docs\inst_test\instancias\n_1000_9,100,10,10,5,0.3000,2026,9980485898,9980481011,28,2382
docs\inst_test\instancias\n_1000_9,100,10,10,10,0.3000,2026,9980485898,9980481011,27,2382
docs\inst_test\instancias\n_1000_9,100,10,10,20,0.1000,42,9980485898,9980481011,27,2382
docs\inst_test\instancias\n_1000_9,100,10,10,20,0.1000,123,9980485898,9980481011,26,2382
docs\inst_test\instancias\n_1000_9,100,10,10,20,0.1000,2026,9980485898,9980481011,28,2382
docs\inst_test\instancias\n_1000_9,100,10,15,10,0.3000,2026,9980485898,9980481011,27,2382
docs\inst_test\instancias\n_1000_9,100,10,15,20,0.1000,42,9980485898,9980481011,26,2382
docs\inst_test\instancias\n_1000_9,100,10,15,10,0.3000,123,9980485898,9980481011,27,2382
docs\inst_test\instancias\n_1000_9,100,10,15,10,0.2000,123,9980485898,9980481011,27,2382
docs\inst_test\instancias\n_1000_9,100,10,15,20,0.1000,123,9980485898,9980481011,27,2382
docs\inst_test\instancias\n_1000_9,100,10,15,10,0.1000,2026,9980485898,9980481011,28,2382
docs\inst_test\instancias\n_1000_9,100,10,15,20,0.2000,42,9980485898,9980481011,27,2382
docs\inst_test\instancias\n_1000_9,100,10,15,10,0.1000,123,9980485898,9980481011,28,2382
docs\inst_test\instancias\n_1000_9,100,10,15,20,0.2000,123,9980485898,9980481011,27,2382
docs\inst_test\instancias\n_1000_9,100,10,15,10,0.2000,42,9980485898,9980481011,29,2382
docs\inst_test\instancias\n_1000_9,100,10,15,10,0.3000,42,9980485898,9980481011,29,2382
docs\inst_test\instancias\n_1000_9,100,10,15,20,0.1000,2026,9980485898,9980481011,28,2382
docs\inst_test\instancias\n_1000_9,100,10,10,20,0.2000,42,9980485898,9980481011,42,2382
docs\inst_test\instancias\n_1000_9,100,10,15,10,0.2000,2026,9980485898,9980481011,31,2382
docs\inst_test\instancias\n_1000_9,100,10,10,20,0.2000,123,9980485898,9980481011,43,2382
docs\inst_test\instancias\n_1000_9,100,10,10,20,0.3000,123,9980485898,9980481011,43,2382
docs\inst_test\instancias\n_1000_9,100,10,10,20,0.2000,2026,9980485898,9980481011,43,2382
docs\inst_test\instancias\n_1000_9,100,10,15,20,0.2000,2026,9980485898,9980481011,29,2382
docs\inst_test\instancias\n_1000_9,100,10,10,20,0.3000,42,9980485898,9980481011,43,2382
docs\inst_test\instancias\n_1000_9,100,10,15,20,0.3000,42,9980485898,9980481011,27,2382
docs\inst_test\instancias\n_1000_9,100,10,10,20,0.3000,2026,9980485898,9980481011,44,2382
docs\inst_test\instancias\n_1000_9,100,10,15,5,0.3000,2026,9980485898,9980481011,42,2382
docs\inst_test\instancias\n_1000_9,100,10,15,20,0.3000,123,9980485898,9980481011,25,2382
docs\inst_test\instancias\n_1000_9,100,10,15,5,0.1000,2026,9980485898,9980481011,46,2382
docs\inst_test\instancias\n_1000_9,100,10,15,5,0.3000,42,9980485898,9980481011,43,2382
docs\inst_test\instancias\n_1000_9,100,10,15,5,0.2000,123,9980485898,9980481011,43,2382
docs\inst_test\instancias\n_1000_9,100,10,15,5,0.2000,42,9980485898,9980481011,46,2382
docs\inst_test\instancias\n_1000_9,100,10,15,5,0.2000,2026,9980485898,9980481011,45,2382
docs\inst_test\instancias\n_1000_9,100,10,15,5,0.3000,123,9980485898,9980481011,45,2382
docs\inst_test\instancias\n_1000_9,100,10,15,5,0.1000,42,9980485898,9980481011,47,2382
docs\inst_test\instancias\n_1000_9,100,10,15,5,0.1000,123,9980485898,9980481011,48,2382
docs\inst_test\instancias\n_1000_9,100,10,15,10,0.1000,42,9980485898,9980481011,46,2382
docs\inst_test\instancias\n_1000_9,100,10,15,20,0.3000,2026,9980485898,9980481011,27,2382
docs\inst_test\instancias\n_1000_9,100,15,7,5,0.1000,123,9980485898,9980481011,29,2382
docs\inst_test\instancias\n_1000_9,100,15,7,5,0.2000,123,9980485898,9980481011,28,2382
docs\inst_test\instancias\n_1000_9,100,15,7,5,0.1000,2026,9980485898,9980481011,29,2382
docs\inst_test\instancias\n_1000_9,100,15,7,5,0.2000,42,9980485898,9980481011,28,2382
docs\inst_test\instancias\n_1000_9,100,15,7,5,0.3000,2026,9980485898,9980481011,27,2382
docs\inst_test\instancias\n_1000_9,100,15,7,5,0.3000,123,9980485898,9980481011,28,2382
docs\inst_test\instancias\n_1000_9,100,15,7,5,0.1000,42,9980485898,9980481011,30,2382
docs\inst_test\instancias\n_1000_9,100,15,7,5,0.2000,2026,9980485898,9980481011,29,2382
docs\inst_test\instancias\n_1000_9,100,15,7,10,0.1000,42,9980485898,9980481011,28,2382
docs\inst_test\instancias\n_1000_9,100,15,7,5,0.3000,42,9980485898,9980481011,30,2382
docs\inst_test\instancias\n_1000_9,100,15,7,10,0.3000,123,9980485898,9980481011,26,2382
docs\inst_test\instancias\n_1000_9,100,15,7,10,0.1000,123,9980485898,9980481011,29,2382
docs\inst_test\instancias\n_1000_9,100,15,7,20,0.1000,42,9980485898,9980481011,26,2382
docs\inst_test\instancias\n_1000_9,100,15,7,20,0.2000,42,9980485898,9980481011,26,2382
docs\inst_test\instancias\n_1000_9,100,15,7,10,0.2000,42,9980485898,9980481011,30,2382
docs\inst_test\instancias\n_1000_9,100,15,7,10,0.1000,2026,9980485898,9980481011,43,2382
docs\inst_test\instancias\n_1000_9,100,15,7,10,0.2000,2026,9980485898,9980481011,42,2382
docs\inst_test\instancias\n_1000_9,100,15,7,10,0.2000,123,9980485898,9980481011,43,2382
docs\inst_test\instancias\n_1000_9,100,15,7,10,0.3000,2026,9980485898,9980481011,43,2382
docs\inst_test\instancias\n_1000_9,100,15,7,10,0.3000,42,9980485898,9980481011,43,2382
docs\inst_test\instancias\n_1000_9,100,15,7,20,0.2000,123,9980485898,9980481011,41,2382
docs\inst_test\instancias\n_1000_9,100,15,7,20,0.2000,2026,9980485898,9980481011,42,2382
docs\inst_test\instancias\n_1000_9,100,15,7,20,0.3000,42,9980485898,9980481011,42,2382
docs\inst_test\instancias\n_1000_9,100,15,7,20,0.3000,2026,9980485898,9980481011,41,2382
docs\inst_test\instancias\n_1000_9,100,15,7,20,0.1000,123,9980485898,9980481011,45,2382
docs\inst_test\instancias\n_1000_9,100,15,7,20,0.1000,2026,9980485898,9980481011,44,2382
docs\inst_test\instancias\n_1000_9,100,15,7,20,0.3000,123,9980485898,9980481011,43,2382
docs\inst_test\instancias\n_1000_9,100,15,10,5,0.1000,42,9980485898,9980481011,45,2382
docs\inst_test\instancias\n_1000_9,100,15,10,5,0.1000,123,9980485898,9980481011,46,2382
docs\inst_test\instancias\n_1000_9,100,15,10,5,0.1000,2026,9980485898,9980481011,45,2382
docs\inst_test\instancias\n_1000_9,100,15,10,5,0.3000,42,9980485898,9980481011,27,2382
docs\inst_test\instancias\n_1000_9,100,15,10,10,0.1000,42,9980485898,9980481011,27,2382
docs\inst_test\instancias\n_1000_9,100,15,10,5,0.3000,2026,9980485898,9980481011,27,2382
docs\inst_test\instancias\n_1000_9,100,15,10,5,0.2000,2026,9980485898,9980481011,27,2382
docs\inst_test\instancias\n_1000_9,100,15,10,10,0.1000,2026,9980485898,9980481011,26,2382
docs\inst_test\instancias\n_1000_9,100,15,10,10,0.2000,42,9980485898,9980481011,27,2382
docs\inst_test\instancias\n_1000_9,100,15,10,5,0.2000,42,9980485898,9980481011,45,2382
docs\inst_test\instancias\n_1000_9,100,15,10,10,0.2000,123,9980485898,9980481011,27,2382
docs\inst_test\instancias\n_1000_9,100,15,10,10,0.3000,42,9980485898,9980481011,26,2382
docs\inst_test\instancias\n_1000_9,100,15,10,5,0.3000,123,9980485898,9980481011,28,2382
docs\inst_test\instancias\n_1000_9,100,15,10,5,0.2000,123,9980485898,9980481011,30,2382
docs\inst_test\instancias\n_1000_9,100,15,10,10,0.2000,2026,9980485898,9980481011,26,2382
docs\inst_test\instancias\n_1000_9,100,15,10,10,0.1000,123,9980485898,9980481011,28,2382
docs\inst_test\instancias\n_1000_9,100,15,10,10,0.3000,2026,9980485898,9980481011,26,2382
docs\inst_test\instancias\n_1000_9,100,15,10,10,0.3000,123,9980485898,9980481011,29,2382
docs\inst_test\instancias\n_1000_9,100,15,10,20,0.1000,42,9980485898,9980481011,27,2382
docs\inst_test\instancias\n_1000_9,100,15,10,20,0.1000,123,9980485898,9980481011,28,2382
docs\inst_test\instancias\n_1000_9,100,15,15,10,0.3000,42,9980485898,9980481011,26,2382
docs\inst_test\instancias\n_1000_9,100,15,15,5,0.3000,2026,9980485898,9980481011,28,2382
docs\inst_test\instancias\n_1000_9,100,15,15,10,0.1000,42,9980485898,9980481011,28,2382
docs\inst_test\instancias\n_1000_9,100,15,15,10,0.1000,123,9980485898,9980481011,28,2382
docs\inst_test\instancias\n_1000_9,100,15,15,10,0.3000,123,9980485898,9980481011,27,2382
docs\inst_test\instancias\n_1000_9,100,15,15,10,0.1000,2026,9980485898,9980481011,28,2382
docs\inst_test\instancias\n_1000_9,100,15,15,20,0.2000,42,9980485898,9980481011,26,2382
docs\inst_test\instancias\n_1000_9,100,15,15,20,0.1000,123,9980485898,9980481011,27,2382
docs\inst_test\instancias\n_1000_9,100,15,15,10,0.3000,2026,9980485898,9980481011,27,2382
docs\inst_test\instancias\n_1000_9,100,15,15,20,0.1000,2026,9980485898,9980481011,27,2382
docs\inst_test\instancias\n_1000_9,100,15,15,10,0.2000,42,9980485898,9980481011,29,2382
docs\inst_test\instancias\n_1000_9,100,15,15,10,0.2000,123,9980485898,9980481011,29,2382
docs\inst_test\instancias\n_1000_9,100,15,15,20,0.2000,2026,9980485898,9980481011,26,2382
docs\inst_test\instancias\n_1000_9,100,15,15,20,0.2000,123,9980485898,9980481011,27,2382
docs\inst_test\instancias\n_1000_9,100,15,15,20,0.1000,42,9980485898,9980481011,30,2382
docs\inst_test\instancias\n_1000_9,100,15,15,20,0.3000,42,9980485898,9980481011,25,2382
docs\inst_test\instancias\n_1000_9,100,15,10,20,0.2000,42,9980485898,9980481011,44,2382
docs\inst_test\instancias\n_1000_9,100,15,10,20,0.1000,2026,9980485898,9980481011,44,2382
docs\inst_test\instancias\n_1000_9,100,15,10,20,0.2000,2026,9980485898,9980481011,43,2382
docs\inst_test\instancias\n_1000_9,100,15,10,20,0.3000,123,9980485898,9980481011,43,2382
docs\inst_test\instancias\n_1000_9,100,15,10,20,0.3000,42,9980485898,9980481011,44,2382
docs\inst_test\instancias\n_1000_9,100,15,10,20,0.3000,2026,9980485898,9980481011,42,2382
docs\inst_test\instancias\n_1000_9,100,15,10,20,0.2000,123,9980485898,9980481011,45,2382
docs\inst_test\instancias\n_1000_9,100,15,15,5,0.2000,42,9980485898,9980481011,44,2382
docs\inst_test\instancias\n_1000_9,100,15,15,5,0.1000,123,9980485898,9980481011,45,2382
docs\inst_test\instancias\n_1000_9,100,15,15,5,0.1000,42,9980485898,9980481011,46,2382
docs\inst_test\instancias\n_1000_9,100,15,15,5,0.1000,2026,9980485898,9980481011,45,2382
docs\inst_test\instancias\n_1000_9,100,15,15,5,0.2000,123,9980485898,9980481011,44,2382
docs\inst_test\instancias\n_1000_9,100,15,15,5,0.2000,2026,9980485898,9980481011,45,2382
docs\inst_test\instancias\n_1000_9,100,15,15,5,0.3000,42,9980485898,9980481011,45,2382
docs\inst_test\instancias\n_1000_9,100,15,15,10,0.2000,2026,9980485898,9980481011,43,2382
docs\inst_test\instancias\n_1000_9,100,15,15,5,0.3000,123,9980485898,9980481011,46,2382
docs\inst_test\instancias\n_1000_9,100,15,15,20,0.3000,123,9980485898,9980481011,26,2382
docs\inst_test\instancias\n_1000_9,100,15,15,20,0.3000,2026,9980485898,9980481011,25,2382
docs\inst_test\instancias\n_1000_9,100,20,7,5,0.2000,123,9980485898,9980481011,28,2382
docs\inst_test\instancias\n_1000_9,100,20,7,5,0.2000,42,9980485898,9980481011,28,2382
docs\inst_test\instancias\n_1000_9,100,20,7,5,0.3000,123,9980485898,9980481011,27,2382
docs\inst_test\instancias\n_1000_9,100,20,7,5,0.1000,42,9980485898,9980481011,28,2382
docs\inst_test\instancias\n_1000_9,100,20,7,5,0.2000,2026,9980485898,9980481011,28,2382
docs\inst_test\instancias\n_1000_9,100,20,7,5,0.1000,123,9980485898,9980481011,28,2382
docs\inst_test\instancias\n_1000_9,100,20,7,5,0.3000,2026,9980485898,9980481011,28,2382
docs\inst_test\instancias\n_1000_9,100,20,7,5,0.1000,2026,9980485898,9980481011,29,2382
docs\inst_test\instancias\n_1000_9,100,20,7,5,0.3000,42,9980485898,9980481011,29,2382
docs\inst_test\instancias\n_1000_9,100,20,7,10,0.1000,123,9980485898,9980481011,27,2382
docs\inst_test\instancias\n_1000_9,100,20,7,10,0.2000,42,9980485898,9980481011,28,2382
docs\inst_test\instancias\n_1000_9,100,20,7,10,0.2000,123,9980485898,9980481011,27,2382
docs\inst_test\instancias\n_1000_9,100,20,7,10,0.1000,42,9980485898,9980481011,30,2382
docs\inst_test\instancias\n_1000_9,100,20,7,10,0.1000,2026,9980485898,9980481011,30,2382
docs\inst_test\instancias\n_1000_9,100,20,7,10,0.3000,42,9980485898,9980481011,43,2382
docs\inst_test\instancias\n_1000_9,100,20,7,10,0.3000,2026,9980485898,9980481011,42,2382
docs\inst_test\instancias\n_1000_9,100,20,7,10,0.2000,2026,9980485898,9980481011,43,2382
docs\inst_test\instancias\n_1000_9,100,20,7,20,0.1000,42,9980485898,9980481011,43,2382
docs\inst_test\instancias\n_1000_9,100,20,7,20,0.1000,123,9980485898,9980481011,43,2382
docs\inst_test\instancias\n_1000_9,100,20,7,10,0.3000,123,9980485898,9980481011,46,2382
docs\inst_test\instancias\n_1000_9,100,20,7,20,0.2000,42,9980485898,9980481011,42,2382
docs\inst_test\instancias\n_1000_9,100,20,10,5,0.2000,42,9980485898,9980481011,28,2382
docs\inst_test\instancias\n_1000_9,100,20,10,5,0.2000,123,9980485898,9980481011,29,2382
docs\inst_test\instancias\n_1000_9,100,20,7,20,0.2000,123,9980485898,9980481011,44,2382
docs\inst_test\instancias\n_1000_9,100,20,7,20,0.3000,42,9980485898,9980481011,42,2382
docs\inst_test\instancias\n_1000_9,100,20,10,10,0.2000,42,9980485898,9980481011,26,2382
docs\inst_test\instancias\n_1000_9,100,20,7,20,0.3000,123,9980485898,9980481011,42,2382
docs\inst_test\instancias\n_1000_9,100,20,10,5,0.3000,2026,9980485898,9980481011,28,2382
docs\inst_test\instancias\n_1000_9,100,20,10,10,0.1000,42,9980485898,9980481011,28,2382
docs\inst_test\instancias\n_1000_9,100,20,7,20,0.1000,2026,9980485898,9980481011,47,2382
docs\inst_test\instancias\n_1000_9,100,20,10,10,0.1000,123,9980485898,9980481011,28,2382
docs\inst_test\instancias\n_1000_9,100,20,7,20,0.2000,2026,9980485898,9980481011,44,2382
docs\inst_test\instancias\n_1000_9,100,20,10,5,0.3000,42,9980485898,9980481011,28,2382
docs\inst_test\instancias\n_1000_9,100,20,10,10,0.2000,2026,9980485898,9980481011,27,2382
docs\inst_test\instancias\n_1000_9,100,20,10,5,0.2000,2026,9980485898,9980481011,28,2382
docs\inst_test\instancias\n_1000_9,100,20,10,10,0.2000,123,9980485898,9980481011,27,2382
docs\inst_test\instancias\n_1000_9,100,20,7,20,0.3000,2026,9980485898,9980481011,41,2382
docs\inst_test\instancias\n_1000_9,100,20,10,10,0.1000,2026,9980485898,9980481011,28,2382
docs\inst_test\instancias\n_1000_9,100,20,10,10,0.3000,123,9980485898,9980481011,26,2382
docs\inst_test\instancias\n_1000_9,100,20,10,5,0.3000,123,9980485898,9980481011,30,2382
docs\inst_test\instancias\n_1000_9,100,20,10,10,0.3000,42,9980485898,9980481011,27,2382
docs\inst_test\instancias\n_1000_9,100,20,10,20,0.1000,42,9980485898,9980481011,27,2382
docs\inst_test\instancias\n_1000_9,100,20,10,10,0.3000,2026,9980485898,9980481011,28,2382
docs\inst_test\instancias\n_1000_9,100,20,10,5,0.1000,123,9980485898,9980481011,45,2382
docs\inst_test\instancias\n_1000_9,100,20,10,5,0.1000,2026,9980485898,9980481011,45,2382
docs\inst_test\instancias\n_1000_9,100,20,10,5,0.1000,42,9980485898,9980481011,47,2382
docs\inst_test\instancias\n_1000_9,100,20,10,20,0.3000,2026,9980485898,9980481011,26,2382
docs\inst_test\instancias\n_1000_9,100,20,15,5,0.1000,42,9980485898,9980481011,29,2382
docs\inst_test\instancias\n_1000_9,100,20,15,10,0.2000,42,9980485898,9980481011,27,2382
docs\inst_test\instancias\n_1000_9,100,20,15,10,0.1000,2026,9980485898,9980481011,27,2382
docs\inst_test\instancias\n_1000_9,100,20,15,5,0.3000,42,9980485898,9980481011,28,2382
docs\inst_test\instancias\n_1000_9,100,20,15,5,0.2000,42,9980485898,9980481011,29,2382
docs\inst_test\instancias\n_1000_9,100,20,15,5,0.3000,2026,9980485898,9980481011,28,2382
docs\inst_test\instancias\n_1000_9,100,20,15,10,0.2000,123,9980485898,9980481011,28,2382
docs\inst_test\instancias\n_1000_9,100,20,15,10,0.3000,42,9980485898,9980481011,27,2382
docs\inst_test\instancias\n_1000_9,100,20,15,10,0.3000,2026,9980485898,9980481011,26,2382
docs\inst_test\instancias\n_1000_9,100,20,15,10,0.3000,123,9980485898,9980481011,27,2382
docs\inst_test\instancias\n_1000_9,100,20,15,10,0.1000,123,9980485898,9980481011,29,2382
docs\inst_test\instancias\n_1000_9,100,20,15,5,0.2000,2026,9980485898,9980481011,29,2382
docs\inst_test\instancias\n_1000_9,100,20,15,20,0.1000,42,9980485898,9980481011,28,2382
docs\inst_test\instancias\n_1000_9,100,20,15,20,0.1000,123,9980485898,9980481011,26,2382
docs\inst_test\instancias\n_1000_9,100,20,15,20,0.1000,2026,9980485898,9980481011,27,2382
docs\inst_test\instancias\n_1000_9,100,20,10,20,0.1000,2026,9980485898,9980481011,43,2382
docs\inst_test\instancias\n_1000_9,100,20,10,20,0.2000,42,9980485898,9980481011,44,2382
docs\inst_test\instancias\n_1000_9,100,20,10,20,0.1000,123,9980485898,9980481011,44,2382
docs\inst_test\instancias\n_1000_9,100,20,10,20,0.2000,123,9980485898,9980481011,43,2382
docs\inst_test\instancias\n_1000_9,100,20,10,20,0.2000,2026,9980485898,9980481011,44,2382
docs\inst_test\instancias\n_1000_9,100,20,10,20,0.3000,42,9980485898,9980481011,42,2382
docs\inst_test\instancias\n_1000_9,100,20,10,20,0.3000,123,9980485898,9980481011,44,2382
docs\inst_test\instancias\n_1000_9,100,20,15,5,0.1000,123,9980485898,9980481011,45,2382
docs\inst_test\instancias\n_1000_9,100,20,15,10,0.2000,2026,9980485898,9980481011,44,2382
docs\inst_test\instancias\n_1000_9,100,20,15,5,0.2000,123,9980485898,9980481011,45,2382
docs\inst_test\instancias\n_1000_9,100,20,15,5,0.1000,2026,9980485898,9980481011,46,2382
docs\inst_test\instancias\n_1000_9,100,20,15,10,0.1000,42,9980485898,9980481011,45,2382
docs\inst_test\instancias\n_1000_9,100,20,15,5,0.3000,123,9980485898,9980481011,45,2382
docs\inst_test\instancias\n_1000_9,100,20,15,20,0.2000,42,9980485898,9980481011,44,2382
docs\inst_test\instancias\n_1000_9,100,20,15,20,0.3000,42,9980485898,9980481011,25,2382
docs\inst_test\instancias\n_1000_9,100,20,15,20,0.2000,123,9980485898,9980481011,44,2382
docs\inst_test\instancias\n_1000_9,100,20,15,20,0.2000,2026,9980485898,9980481011,46,2382
docs\inst_test\instancias\n_1000_9,100,20,15,20,0.3000,123,9980485898,9980481011,26,2382
docs\inst_test\instancias\n_1000_9,100,20,15,20,0.3000,2026,9980485898,9980481011,26,2382
docs\inst_test\instancias\n_1000_9,300,10,7,5,0.3000,123,9980485898,9980481011,84,2382
docs\inst_test\instancias\n_1000_9,300,10,7,10,0.1000,2026,9980485898,9980481011,84,2382
docs\inst_test\instancias\n_1000_9,300,10,7,10,0.1000,123,9980485898,9980481011,85,2382
docs\inst_test\instancias\n_1000_9,300,10,7,5,0.3000,2026,9980485898,9980481011,86,2382
docs\inst_test\instancias\n_1000_9,300,10,7,10,0.2000,42,9980485898,9980481011,85,2382
docs\inst_test\instancias\n_1000_9,300,10,7,5,0.3000,42,9980485898,9980481011,88,2382
docs\inst_test\instancias\n_1000_9,300,10,7,5,0.2000,42,9980485898,9980481011,88,2382
docs\inst_test\instancias\n_1000_9,300,10,7,5,0.2000,2026,9980485898,9980481011,89,2382
docs\inst_test\instancias\n_1000_9,300,10,7,5,0.2000,123,9980485898,9980481011,89,2382
docs\inst_test\instancias\n_1000_9,300,10,7,5,0.1000,42,9980485898,9980481011,91,2382
docs\inst_test\instancias\n_1000_9,300,10,7,5,0.1000,2026,9980485898,9980481011,90,2382
docs\inst_test\instancias\n_1000_9,300,10,7,10,0.1000,42,9980485898,9980481011,89,2382
docs\inst_test\instancias\n_1000_9,300,10,7,5,0.1000,123,9980485898,9980481011,93,2382
docs\inst_test\instancias\n_1000_9,300,10,10,5,0.1000,42,9980485898,9980481011,90,2382
docs\inst_test\instancias\n_1000_9,300,10,10,5,0.2000,123,9980485898,9980481011,87,2382
docs\inst_test\instancias\n_1000_9,300,10,10,5,0.2000,42,9980485898,9980481011,89,2382
docs\inst_test\instancias\n_1000_9,300,10,7,10,0.3000,42,9980485898,9980481011,124,2382
docs\inst_test\instancias\n_1000_9,300,10,7,10,0.3000,123,9980485898,9980481011,124,2382
docs\inst_test\instancias\n_1000_9,300,10,7,10,0.3000,2026,9980485898,9980481011,124,2382
docs\inst_test\instancias\n_1000_9,300,10,7,10,0.2000,123,9980485898,9980481011,127,2382
docs\inst_test\instancias\n_1000_9,300,10,7,20,0.3000,42,9980485898,9980481011,122,2382
docs\inst_test\instancias\n_1000_9,300,10,7,20,0.3000,123,9980485898,9980481011,123,2382
docs\inst_test\instancias\n_1000_9,300,10,7,10,0.2000,2026,9980485898,9980481011,131,2382
docs\inst_test\instancias\n_1000_9,300,10,7,20,0.1000,42,9980485898,9980481011,132,2382
docs\inst_test\instancias\n_1000_9,300,10,7,20,0.2000,42,9980485898,9980481011,127,2382
docs\inst_test\instancias\n_1000_9,300,10,7,20,0.3000,2026,9980485898,9980481011,123,2382
docs\inst_test\instancias\n_1000_9,300,10,7,20,0.2000,2026,9980485898,9980481011,127,2382
docs\inst_test\instancias\n_1000_9,300,10,7,20,0.1000,123,9980485898,9980481011,131,2382
docs\inst_test\instancias\n_1000_9,300,10,7,20,0.1000,2026,9980485898,9980481011,131,2382
docs\inst_test\instancias\n_1000_9,300,10,7,20,0.2000,123,9980485898,9980481011,134,2382
docs\inst_test\instancias\n_1000_9,300,10,10,5,0.1000,2026,9980485898,9980481011,139,2382
docs\inst_test\instancias\n_1000_9,300,10,10,5,0.1000,123,9980485898,9980481011,144,2382
docs\inst_test\instancias\n_1000_9,300,10,10,10,0.3000,42,9980485898,9980481011,79,2382
docs\inst_test\instancias\n_1000_9,300,10,10,10,0.2000,123,9980485898,9980481011,82,2382
docs\inst_test\instancias\n_1000_9,300,10,10,5,0.3000,2026,9980485898,9980481011,84,2382
docs\inst_test\instancias\n_1000_9,300,10,10,5,0.2000,2026,9980485898,9980481011,87,2382
docs\inst_test\instancias\n_1000_9,300,10,10,10,0.2000,2026,9980485898,9980481011,81,2382
docs\inst_test\instancias\n_1000_9,300,10,10,10,0.3000,123,9980485898,9980481011,81,2382
docs\inst_test\instancias\n_1000_9,300,10,10,5,0.3000,42,9980485898,9980481011,85,2382
docs\inst_test\instancias\n_1000_9,300,10,10,10,0.1000,42,9980485898,9980481011,84,2382
docs\inst_test\instancias\n_1000_9,300,10,10,10,0.2000,42,9980485898,9980481011,83,2382
docs\inst_test\instancias\n_1000_9,300,10,10,10,0.1000,123,9980485898,9980481011,84,2382
docs\inst_test\instancias\n_1000_9,300,10,10,10,0.3000,2026,9980485898,9980481011,82,2382
docs\inst_test\instancias\n_1000_9,300,10,10,10,0.1000,2026,9980485898,9980481011,88,2382
docs\inst_test\instancias\n_1000_9,300,10,10,5,0.3000,123,9980485898,9980481011,90,2382
docs\inst_test\instancias\n_1000_9,300,10,10,20,0.1000,123,9980485898,9980481011,81,2382
docs\inst_test\instancias\n_1000_9,300,10,10,20,0.1000,42,9980485898,9980481011,85,2382
docs\inst_test\instancias\n_1000_9,300,10,10,20,0.1000,2026,9980485898,9980481011,84,2382
docs\inst_test\instancias\n_1000_9,300,10,15,10,0.3000,2026,9980485898,9980481011,78,2382
docs\inst_test\instancias\n_1000_9,300,10,15,10,0.3000,42,9980485898,9980481011,79,2382
docs\inst_test\instancias\n_1000_9,300,10,15,10,0.3000,123,9980485898,9980481011,80,2382
docs\inst_test\instancias\n_1000_9,300,10,15,10,0.2000,42,9980485898,9980481011,81,2382
docs\inst_test\instancias\n_1000_9,300,10,15,10,0.2000,2026,9980485898,9980481011,82,2382
docs\inst_test\instancias\n_1000_9,300,10,15,10,0.1000,123,9980485898,9980481011,85,2382
docs\inst_test\instancias\n_1000_9,300,10,15,20,0.1000,42,9980485898,9980481011,82,2382
docs\inst_test\instancias\n_1000_9,300,10,15,10,0.1000,2026,9980485898,9980481011,84,2382
docs\inst_test\instancias\n_1000_9,300,10,15,20,0.1000,123,9980485898,9980481011,83,2382
docs\inst_test\instancias\n_1000_9,300,10,15,10,0.2000,123,9980485898,9980481011,84,2382
docs\inst_test\instancias\n_1000_9,300,10,15,20,0.2000,42,9980485898,9980481011,80,2382
docs\inst_test\instancias\n_1000_9,300,10,10,20,0.3000,42,9980485898,9980481011,121,2382
docs\inst_test\instancias\n_1000_9,300,10,15,20,0.1000,2026,9980485898,9980481011,81,2382
docs\inst_test\instancias\n_1000_9,300,10,15,20,0.2000,123,9980485898,9980481011,81,2382
docs\inst_test\instancias\n_1000_9,300,10,10,20,0.3000,2026,9980485898,9980481011,120,2382
docs\inst_test\instancias\n_1000_9,300,10,10,20,0.2000,42,9980485898,9980481011,126,2382
docs\inst_test\instancias\n_1000_9,300,10,10,20,0.2000,2026,9980485898,9980481011,126,2382
docs\inst_test\instancias\n_1000_9,300,10,10,20,0.2000,123,9980485898,9980481011,129,2382
docs\inst_test\instancias\n_1000_9,300,10,10,20,0.3000,123,9980485898,9980481011,124,2382
docs\inst_test\instancias\n_1000_9,300,10,15,20,0.3000,42,9980485898,9980481011,75,2382
docs\inst_test\instancias\n_1000_9,300,10,15,20,0.2000,2026,9980485898,9980481011,79,2382
docs\inst_test\instancias\n_1000_9,300,10,15,20,0.3000,123,9980485898,9980481011,77,2382
docs\inst_test\instancias\n_1000_9,300,10,15,5,0.3000,42,9980485898,9980481011,129,2382
docs\inst_test\instancias\n_1000_9,300,10,15,5,0.2000,42,9980485898,9980481011,133,2382
docs\inst_test\instancias\n_1000_9,300,10,15,5,0.1000,42,9980485898,9980481011,136,2382
docs\inst_test\instancias\n_1000_9,300,10,15,5,0.1000,2026,9980485898,9980481011,137,2382
docs\inst_test\instancias\n_1000_9,300,10,15,5,0.1000,123,9980485898,9980481011,139,2382
docs\inst_test\instancias\n_1000_9,300,10,15,5,0.2000,2026,9980485898,9980481011,139,2382
docs\inst_test\instancias\n_1000_9,300,10,15,5,0.3000,2026,9980485898,9980481011,127,2382
docs\inst_test\instancias\n_1000_9,300,10,15,5,0.3000,123,9980485898,9980481011,143,2382
docs\inst_test\instancias\n_1000_9,300,10,15,5,0.2000,123,9980485898,9980481011,153,2382
docs\inst_test\instancias\n_1000_9,300,10,15,10,0.1000,42,9980485898,9980481011,133,2382
docs\inst_test\instancias\n_1000_9,300,10,15,20,0.3000,2026,9980485898,9980481011,79,2382
docs\inst_test\instancias\n_1000_9,300,15,7,10,0.1000,42,9980485898,9980481011,84,2382
docs\inst_test\instancias\n_1000_9,300,15,7,10,0.2000,42,9980485898,9980481011,82,2382
docs\inst_test\instancias\n_1000_9,300,15,7,5,0.1000,42,9980485898,9980481011,90,2382
docs\inst_test\instancias\n_1000_9,300,15,7,5,0.1000,123,9980485898,9980481011,89,2382
docs\inst_test\instancias\n_1000_9,300,15,7,5,0.3000,123,9980485898,9980481011,86,2382
docs\inst_test\instancias\n_1000_9,300,15,7,5,0.2000,123,9980485898,9980481011,88,2382
docs\inst_test\instancias\n_1000_9,300,15,7,5,0.3000,42,9980485898,9980481011,87,2382
docs\inst_test\instancias\n_1000_9,300,15,7,5,0.2000,2026,9980485898,9980481011,88,2382
docs\inst_test\instancias\n_1000_9,300,15,7,10,0.1000,2026,9980485898,9980481011,87,2382
docs\inst_test\instancias\n_1000_9,300,15,7,5,0.1000,2026,9980485898,9980481011,91,2382
docs\inst_test\instancias\n_1000_9,300,15,7,5,0.2000,42,9980485898,9980481011,91,2382
docs\inst_test\instancias\n_1000_9,300,15,7,5,0.3000,2026,9980485898,9980481011,91,2382
docs\inst_test\instancias\n_1000_9,300,15,7,20,0.1000,42,9980485898,9980481011,81,2382
docs\inst_test\instancias\n_1000_9,300,15,7,20,0.1000,123,9980485898,9980481011,83,2382
docs\inst_test\instancias\n_1000_9,300,15,7,20,0.1000,2026,9980485898,9980481011,82,2382
docs\inst_test\instancias\n_1000_9,300,15,7,10,0.2000,123,9980485898,9980481011,125,2382
docs\inst_test\instancias\n_1000_9,300,15,7,10,0.3000,42,9980485898,9980481011,124,2382
docs\inst_test\instancias\n_1000_9,300,15,7,10,0.3000,123,9980485898,9980481011,123,2382
docs\inst_test\instancias\n_1000_9,300,15,7,10,0.3000,2026,9980485898,9980481011,125,2382
docs\inst_test\instancias\n_1000_9,300,15,7,10,0.1000,123,9980485898,9980481011,132,2382
docs\inst_test\instancias\n_1000_9,300,15,7,10,0.2000,2026,9980485898,9980481011,129,2382
docs\inst_test\instancias\n_1000_9,300,15,7,20,0.3000,42,9980485898,9980481011,120,2382
docs\inst_test\instancias\n_1000_9,300,15,7,20,0.2000,42,9980485898,9980481011,127,2382
docs\inst_test\instancias\n_1000_9,300,15,7,20,0.3000,2026,9980485898,9980481011,121,2382
docs\inst_test\instancias\n_1000_9,300,15,7,20,0.2000,2026,9980485898,9980481011,128,2382
docs\inst_test\instancias\n_1000_9,300,15,7,20,0.3000,123,9980485898,9980481011,124,2382
docs\inst_test\instancias\n_1000_9,300,15,7,20,0.2000,123,9980485898,9980481011,129,2382
docs\inst_test\instancias\n_1000_9,300,15,10,5,0.2000,123,9980485898,9980481011,87,2382
docs\inst_test\instancias\n_1000_9,300,15,10,10,0.1000,42,9980485898,9980481011,83,2382
docs\inst_test\instancias\n_1000_9,300,15,10,5,0.3000,123,9980485898,9980481011,84,2382
docs\inst_test\instancias\n_1000_9,300,15,10,10,0.2000,42,9980485898,9980481011,82,2382
docs\inst_test\instancias\n_1000_9,300,15,10,10,0.3000,42,9980485898,9980481011,81,2382
docs\inst_test\instancias\n_1000_9,300,15,10,5,0.3000,2026,9980485898,9980481011,85,2382
docs\inst_test\instancias\n_1000_9,300,15,10,10,0.2000,123,9980485898,9980481011,82,2382
docs\inst_test\instancias\n_1000_9,300,15,10,10,0.2000,2026,9980485898,9980481011,82,2382
docs\inst_test\instancias\n_1000_9,300,15,10,10,0.1000,2026,9980485898,9980481011,83,2382
docs\inst_test\instancias\n_1000_9,300,15,10,10,0.1000,123,9980485898,9980481011,86,2382
docs\inst_test\instancias\n_1000_9,300,15,10,5,0.3000,42,9980485898,9980481011,88,2382
docs\inst_test\instancias\n_1000_9,300,15,10,5,0.1000,42,9980485898,9980481011,139,2382
docs\inst_test\instancias\n_1000_9,300,15,10,10,0.3000,123,9980485898,9980481011,83,2382
docs\inst_test\instancias\n_1000_9,300,15,10,10,0.3000,2026,9980485898,9980481011,79,2382
docs\inst_test\instancias\n_1000_9,300,15,10,5,0.2000,42,9980485898,9980481011,133,2382
docs\inst_test\instancias\n_1000_9,300,15,10,5,0.2000,2026,9980485898,9980481011,93,2382
docs\inst_test\instancias\n_1000_9,300,15,10,5,0.1000,123,9980485898,9980481011,143,2382
docs\inst_test\instancias\n_1000_9,300,15,10,20,0.1000,42,9980485898,9980481011,83,2382
docs\inst_test\instancias\n_1000_9,300,15,10,5,0.1000,2026,9980485898,9980481011,141,2382
docs\inst_test\instancias\n_1000_9,300,15,10,20,0.1000,123,9980485898,9980481011,83,2382
docs\inst_test\instancias\n_1000_9,300,15,15,5,0.2000,2026,9980485898,9980481011,87,2382
docs\inst_test\instancias\n_1000_9,300,15,15,10,0.3000,42,9980485898,9980481011,79,2382
docs\inst_test\instancias\n_1000_9,300,15,15,10,0.2000,123,9980485898,9980481011,83,2382
docs\inst_test\instancias\n_1000_9,300,15,15,5,0.3000,42,9980485898,9980481011,84,2382
docs\inst_test\instancias\n_1000_9,300,15,15,5,0.3000,123,9980485898,9980481011,84,2382
docs\inst_test\instancias\n_1000_9,300,15,15,10,0.1000,123,9980485898,9980481011,84,2382
docs\inst_test\instancias\n_1000_9,300,15,10,20,0.2000,42,9980485898,9980481011,126,2382
docs\inst_test\instancias\n_1000_9,300,15,15,10,0.1000,42,9980485898,9980481011,85,2382
docs\inst_test\instancias\n_1000_9,300,15,15,10,0.2000,42,9980485898,9980481011,85,2382
docs\inst_test\instancias\n_1000_9,300,15,15,5,0.3000,2026,9980485898,9980481011,86,2382
docs\inst_test\instancias\n_1000_9,300,15,15,10,0.1000,2026,9980485898,9980481011,86,2382
docs\inst_test\instancias\n_1000_9,300,15,10,20,0.2000,123,9980485898,9980481011,126,2382
docs\inst_test\instancias\n_1000_9,300,15,10,20,0.2000,2026,9980485898,9980481011,125,2382
docs\inst_test\instancias\n_1000_9,300,15,10,20,0.3000,123,9980485898,9980481011,124,2382
docs\inst_test\instancias\n_1000_9,300,15,15,10,0.3000,2026,9980485898,9980481011,83,2382
docs\inst_test\instancias\n_1000_9,300,15,15,20,0.1000,42,9980485898,9980481011,82,2382
docs\inst_test\instancias\n_1000_9,300,15,15,10,0.2000,2026,9980485898,9980481011,86,2382
docs\inst_test\instancias\n_1000_9,300,15,10,20,0.3000,42,9980485898,9980481011,125,2382
docs\inst_test\instancias\n_1000_9,300,15,10,20,0.1000,2026,9980485898,9980481011,130,2382
docs\inst_test\instancias\n_1000_9,300,15,15,20,0.1000,2026,9980485898,9980481011,82,2382
docs\inst_test\instancias\n_1000_9,300,15,15,20,0.3000,42,9980485898,9980481011,77,2382
docs\inst_test\instancias\n_1000_9,300,15,15,20,0.2000,123,9980485898,9980481011,80,2382
docs\inst_test\instancias\n_1000_9,300,15,10,20,0.3000,2026,9980485898,9980481011,122,2382
docs\inst_test\instancias\n_1000_9,300,15,15,5,0.2000,42,9980485898,9980481011,134,2382
docs\inst_test\instancias\n_1000_9,300,15,15,5,0.2000,123,9980485898,9980481011,135,2382
docs\inst_test\instancias\n_1000_9,300,15,15,5,0.1000,123,9980485898,9980481011,138,2382
docs\inst_test\instancias\n_1000_9,300,15,15,5,0.1000,42,9980485898,9980481011,139,2382
docs\inst_test\instancias\n_1000_9,300,15,15,5,0.1000,2026,9980485898,9980481011,140,2382
docs\inst_test\instancias\n_1000_9,300,15,15,10,0.3000,123,9980485898,9980481011,123,2382
docs\inst_test\instancias\n_1000_9,300,15,15,20,0.2000,42,9980485898,9980481011,127,2382
docs\inst_test\instancias\n_1000_9,300,15,15,20,0.1000,123,9980485898,9980481011,132,2382
docs\inst_test\instancias\n_1000_9,300,15,15,20,0.2000,2026,9980485898,9980481011,131,2382
docs\inst_test\instancias\n_1000_9,300,15,15,20,0.3000,2026,9980485898,9980481011,76,2382
docs\inst_test\instancias\n_1000_9,300,15,15,20,0.3000,123,9980485898,9980481011,80,2382
docs\inst_test\instancias\n_1000_9,300,20,7,10,0.2000,123,9980485898,9980481011,81,2382
docs\inst_test\instancias\n_1000_9,300,20,7,5,0.3000,42,9980485898,9980481011,83,2382
docs\inst_test\instancias\n_1000_9,300,20,7,10,0.2000,2026,9980485898,9980481011,82,2382
docs\inst_test\instancias\n_1000_9,300,20,7,5,0.3000,123,9980485898,9980481011,85,2382
docs\inst_test\instancias\n_1000_9,300,20,7,10,0.3000,2026,9980485898,9980481011,82,2382
docs\inst_test\instancias\n_1000_9,300,20,7,5,0.2000,2026,9980485898,9980481011,87,2382
docs\inst_test\instancias\n_1000_9,300,20,7,5,0.1000,42,9980485898,9980481011,90,2382
docs\inst_test\instancias\n_1000_9,300,20,7,5,0.1000,123,9980485898,9980481011,90,2382
docs\inst_test\instancias\n_1000_9,300,20,7,5,0.2000,42,9980485898,9980481011,89,2382
docs\inst_test\instancias\n_1000_9,300,20,7,5,0.1000,2026,9980485898,9980481011,91,2382
docs\inst_test\instancias\n_1000_9,300,20,7,5,0.3000,2026,9980485898,9980481011,88,2382
docs\inst_test\instancias\n_1000_9,300,20,7,20,0.1000,123,9980485898,9980481011,83,2382
docs\inst_test\instancias\n_1000_9,300,20,7,10,0.2000,42,9980485898,9980481011,89,2382
docs\inst_test\instancias\n_1000_9,300,20,7,20,0.1000,42,9980485898,9980481011,87,2382
docs\inst_test\instancias\n_1000_9,300,20,7,10,0.3000,42,9980485898,9980481011,123,2382
docs\inst_test\instancias\n_1000_9,300,20,7,10,0.3000,123,9980485898,9980481011,124,2382
docs\inst_test\instancias\n_1000_9,300,20,7,5,0.2000,123,9980485898,9980481011,131,2382
docs\inst_test\instancias\n_1000_9,300,20,7,10,0.1000,2026,9980485898,9980481011,134,2382
docs\inst_test\instancias\n_1000_9,300,20,7,10,0.1000,42,9980485898,9980481011,135,2382
docs\inst_test\instancias\n_1000_9,300,20,7,10,0.1000,123,9980485898,9980481011,136,2382
docs\inst_test\instancias\n_1000_9,300,20,7,20,0.1000,2026,9980485898,9980481011,131,2382
docs\inst_test\instancias\n_1000_9,300,20,7,20,0.3000,42,9980485898,9980481011,121,2382
docs\inst_test\instancias\n_1000_9,300,20,7,20,0.2000,123,9980485898,9980481011,124,2382
docs\inst_test\instancias\n_1000_9,300,20,7,20,0.2000,42,9980485898,9980481011,126,2382
docs\inst_test\instancias\n_1000_9,300,20,7,20,0.3000,123,9980485898,9980481011,121,2382
docs\inst_test\instancias\n_1000_9,300,20,7,20,0.2000,2026,9980485898,9980481011,127,2382
docs\inst_test\instancias\n_1000_9,300,20,10,5,0.2000,42,9980485898,9980481011,87,2382
docs\inst_test\instancias\n_1000_9,300,20,10,5,0.2000,123,9980485898,9980481011,89,2382
docs\inst_test\instancias\n_1000_9,300,20,7,20,0.3000,2026,9980485898,9980481011,121,2382
docs\inst_test\instancias\n_1000_9,300,20,10,10,0.3000,42,9980485898,9980481011,79,2382
docs\inst_test\instancias\n_1000_9,300,20,10,10,0.3000,123,9980485898,9980481011,79,2382
docs\inst_test\instancias\n_1000_9,300,20,10,5,0.3000,42,9980485898,9980481011,84,2382
docs\inst_test\instancias\n_1000_9,300,20,10,10,0.2000,2026,9980485898,9980481011,81,2382
docs\inst_test\instancias\n_1000_9,300,20,10,10,0.2000,42,9980485898,9980481011,82,2382
docs\inst_test\instancias\n_1000_9,300,20,10,10,0.2000,123,9980485898,9980481011,82,2382
docs\inst_test\instancias\n_1000_9,300,20,10,10,0.1000,42,9980485898,9980481011,84,2382
docs\inst_test\instancias\n_1000_9,300,20,10,5,0.2000,2026,9980485898,9980481011,87,2382
docs\inst_test\instancias\n_1000_9,300,20,10,10,0.3000,2026,9980485898,9980481011,81,2382
docs\inst_test\instancias\n_1000_9,300,20,10,5,0.3000,2026,9980485898,9980481011,86,2382
docs\inst_test\instancias\n_1000_9,300,20,10,10,0.1000,2026,9980485898,9980481011,84,2382
docs\inst_test\instancias\n_1000_9,300,20,10,5,0.3000,123,9980485898,9980481011,88,2382
docs\inst_test\instancias\n_1000_9,300,20,10,20,0.1000,42,9980485898,9980481011,82,2382
docs\inst_test\instancias\n_1000_9,300,20,10,10,0.1000,123,9980485898,9980481011,90,2382
docs\inst_test\instancias\n_1000_9,300,20,10,5,0.1000,42,9980485898,9980481011,139,2382
docs\inst_test\instancias\n_1000_9,300,20,10,5,0.1000,2026,9980485898,9980481011,141,2382
docs\inst_test\instancias\n_1000_9,300,20,10,5,0.1000,123,9980485898,9980481011,147,2382
docs\inst_test\instancias\n_1000_9,300,20,15,5,0.2000,123,9980485898,9980481011,90,2382
docs\inst_test\instancias\n_1000_9,300,20,15,5,0.2000,2026,9980485898,9980481011,89,2382
docs\inst_test\instancias\n_1000_9,300,20,15,10,0.2000,123,9980485898,9980481011,82,2382
docs\inst_test\instancias\n_1000_9,300,20,15,10,0.3000,123,9980485898,9980481011,82,2382
docs\inst_test\instancias\n_1000_9,300,20,15,10,0.2000,42,9980485898,9980481011,84,2382
docs\inst_test\instancias\n_1000_9,300,20,15,10,0.3000,2026,9980485898,9980481011,83,2382
docs\inst_test\instancias\n_1000_9,300,20,15,10,0.1000,42,9980485898,9980481011,86,2382
docs\inst_test\instancias\n_1000_9,300,20,15,10,0.2000,2026,9980485898,9980481011,84,2382
docs\inst_test\instancias\n_1000_9,300,20,15,5,0.3000,2026,9980485898,9980481011,86,2382
docs\inst_test\instancias\n_1000_9,300,20,15,10,0.3000,42,9980485898,9980481011,84,2382
docs\inst_test\instancias\n_1000_9,300,20,15,10,0.1000,123,9980485898,9980481011,86,2382
docs\inst_test\instancias\n_1000_9,300,20,15,10,0.1000,2026,9980485898,9980481011,86,2382
docs\inst_test\instancias\n_1000_9,300,20,10,20,0.2000,42,9980485898,9980481011,125,2382
docs\inst_test\instancias\n_1000_9,300,20,15,5,0.3000,123,9980485898,9980481011,89,2382
docs\inst_test\instancias\n_1000_9,300,20,15,20,0.1000,123,9980485898,9980481011,83,2382
docs\inst_test\instancias\n_1000_9,300,20,10,20,0.1000,2026,9980485898,9980481011,130,2382
docs\inst_test\instancias\n_1000_9,300,20,15,20,0.1000,42,9980485898,9980481011,85,2382
docs\inst_test\instancias\n_1000_9,300,20,10,20,0.3000,42,9980485898,9980481011,121,2382
docs\inst_test\instancias\n_1000_9,300,20,10,20,0.2000,123,9980485898,9980481011,126,2382
docs\inst_test\instancias\n_1000_9,300,20,10,20,0.1000,123,9980485898,9980481011,137,2382
docs\inst_test\instancias\n_1000_9,300,20,10,20,0.2000,2026,9980485898,9980481011,127,2382
docs\inst_test\instancias\n_1000_9,300,20,10,20,0.3000,123,9980485898,9980481011,122,2382
docs\inst_test\instancias\n_1000_9,300,20,15,20,0.1000,2026,9980485898,9980481011,88,2382
docs\inst_test\instancias\n_1000_9,300,20,10,20,0.3000,2026,9980485898,9980481011,122,2382
docs\inst_test\instancias\n_1000_9,300,20,15,5,0.1000,2026,9980485898,9980481011,139,2382
docs\inst_test\instancias\n_1000_9,300,20,15,5,0.2000,42,9980485898,9980481011,137,2382
docs\inst_test\instancias\n_1000_9,300,20,15,5,0.1000,123,9980485898,9980481011,140,2382
docs\inst_test\instancias\n_1000_9,300,20,15,5,0.3000,42,9980485898,9980481011,132,2382
docs\inst_test\instancias\n_1000_9,300,20,15,5,0.1000,42,9980485898,9980481011,144,2382
docs\inst_test\instancias\n_1000_9,300,20,15,20,0.2000,42,9980485898,9980481011,130,2382
docs\inst_test\instancias\n_1000_9,300,20,15,20,0.3000,42,9980485898,9980481011,75,2382
docs\inst_test\instancias\n_1000_9,300,20,15,20,0.3000,123,9980485898,9980481011,76,2382
docs\inst_test\instancias\n_1000_9,300,20,15,20,0.2000,2026,9980485898,9980481011,128,2382
docs\inst_test\instancias\n_1000_9,300,20,15,20,0.2000,123,9980485898,9980481011,131,2382
docs\inst_test\instancias\n_1000_9,300,20,15,20,0.3000,2026,9980485898,9980481011,77,2382
docs\inst_test\instancias\n_1000_9,500,10,7,10,0.2000,123,9980485898,9980481011,135,2382
docs\inst_test\instancias\n_1000_9,500,10,7,5,0.3000,123,9980485898,9980481011,140,2382
docs\inst_test\instancias\n_1000_9,500,10,7,10,0.1000,123,9980485898,9980481011,140,2382
docs\inst_test\instancias\n_1000_9,500,10,7,5,0.3000,2026,9980485898,9980481011,143,2382
docs\inst_test\instancias\n_1000_9,500,10,7,5,0.3000,42,9980485898,9980481011,144,2382
docs\inst_test\instancias\n_1000_9,500,10,7,5,0.2000,42,9980485898,9980481011,145,2382
docs\inst_test\instancias\n_1000_9,500,10,7,5,0.2000,2026,9980485898,9980481011,148,2382
docs\inst_test\instancias\n_1000_9,500,10,7,5,0.2000,123,9980485898,9980481011,149,2382
docs\inst_test\instancias\n_1000_9,500,10,7,10,0.1000,2026,9980485898,9980481011,148,2382
docs\inst_test\instancias\n_1000_9,500,10,7,5,0.1000,123,9980485898,9980481011,153,2382
docs\inst_test\instancias\n_1000_9,500,10,7,20,0.1000,123,9980485898,9980481011,143,2382
docs\inst_test\instancias\n_1000_9,500,10,7,5,0.1000,2026,9980485898,9980481011,153,2382
docs\inst_test\instancias\n_1000_9,500,10,7,5,0.1000,42,9980485898,9980481011,155,2382
docs\inst_test\instancias\n_1000_9,500,10,7,10,0.3000,42,9980485898,9980481011,203,2382
docs\inst_test\instancias\n_1000_9,500,10,7,10,0.3000,123,9980485898,9980481011,205,2382
docs\inst_test\instancias\n_1000_9,500,10,7,10,0.3000,2026,9980485898,9980481011,207,2382
docs\inst_test\instancias\n_1000_9,500,10,7,10,0.2000,42,9980485898,9980481011,214,2382
docs\inst_test\instancias\n_1000_9,500,10,7,10,0.2000,2026,9980485898,9980481011,213,2382
docs\inst_test\instancias\n_1000_9,500,10,7,10,0.1000,42,9980485898,9980481011,221,2382
docs\inst_test\instancias\n_1000_9,500,10,7,20,0.1000,42,9980485898,9980481011,214,2382
docs\inst_test\instancias\n_1000_9,500,10,10,5,0.1000,42,9980485898,9980481011,153,2382
docs\inst_test\instancias\n_1000_9,500,10,10,5,0.1000,123,9980485898,9980481011,151,2382
docs\inst_test\instancias\n_1000_9,500,10,10,5,0.2000,123,9980485898,9980481011,152,2382
docs\inst_test\instancias\n_1000_9,500,10,7,20,0.1000,2026,9980485898,9980481011,215,2382
docs\inst_test\instancias\n_1000_9,500,10,7,20,0.3000,42,9980485898,9980481011,202,2382
docs\inst_test\instancias\n_1000_9,500,10,7,20,0.2000,42,9980485898,9980481011,209,2382
docs\inst_test\instancias\n_1000_9,500,10,7,20,0.2000,2026,9980485898,9980481011,212,2382
docs\inst_test\instancias\n_1000_9,500,10,7,20,0.3000,123,9980485898,9980481011,209,2382
docs\inst_test\instancias\n_1000_9,500,10,7,20,0.2000,123,9980485898,9980481011,213,2382
docs\inst_test\instancias\n_1000_9,500,10,7,20,0.3000,2026,9980485898,9980481011,200,2382
docs\inst_test\instancias\n_1000_9,500,10,10,5,0.3000,42,9980485898,9980481011,141,2382
docs\inst_test\instancias\n_1000_9,500,10,10,10,0.3000,123,9980485898,9980481011,132,2382
docs\inst_test\instancias\n_1000_9,500,10,10,10,0.2000,42,9980485898,9980481011,136,2382
docs\inst_test\instancias\n_1000_9,500,10,10,10,0.3000,42,9980485898,9980481011,132,2382
docs\inst_test\instancias\n_1000_9,500,10,10,10,0.3000,2026,9980485898,9980481011,131,2382
docs\inst_test\instancias\n_1000_9,500,10,10,5,0.3000,123,9980485898,9980481011,145,2382
docs\inst_test\instancias\n_1000_9,500,10,10,5,0.3000,2026,9980485898,9980481011,144,2382
docs\inst_test\instancias\n_1000_9,500,10,10,10,0.1000,42,9980485898,9980481011,143,2382
docs\inst_test\instancias\n_1000_9,500,10,10,10,0.1000,2026,9980485898,9980481011,140,2382
docs\inst_test\instancias\n_1000_9,500,10,10,5,0.2000,2026,9980485898,9980481011,150,2382
docs\inst_test\instancias\n_1000_9,500,10,10,10,0.1000,123,9980485898,9980481011,144,2382
docs\inst_test\instancias\n_1000_9,500,10,10,10,0.2000,123,9980485898,9980481011,140,2382
docs\inst_test\instancias\n_1000_9,500,10,10,10,0.2000,2026,9980485898,9980481011,141,2382
docs\inst_test\instancias\n_1000_9,500,10,10,5,0.2000,42,9980485898,9980481011,226,2382
docs\inst_test\instancias\n_1000_9,500,10,10,5,0.1000,2026,9980485898,9980481011,235,2382
docs\inst_test\instancias\n_1000_9,500,10,10,20,0.3000,123,9980485898,9980481011,126,2382
docs\inst_test\instancias\n_1000_9,500,10,10,20,0.3000,2026,9980485898,9980481011,129,2382
docs\inst_test\instancias\n_1000_9,500,10,15,5,0.1000,42,9980485898,9980481011,154,2382
docs\inst_test\instancias\n_1000_9,500,10,15,10,0.3000,42,9980485898,9980481011,132,2382
docs\inst_test\instancias\n_1000_9,500,10,15,10,0.3000,2026,9980485898,9980481011,132,2382
docs\inst_test\instancias\n_1000_9,500,10,15,10,0.3000,123,9980485898,9980481011,133,2382
docs\inst_test\instancias\n_1000_9,500,10,10,20,0.1000,42,9980485898,9980481011,212,2382
docs\inst_test\instancias\n_1000_9,500,10,15,10,0.2000,2026,9980485898,9980481011,136,2382
docs\inst_test\instancias\n_1000_9,500,10,10,20,0.2000,123,9980485898,9980481011,207,2382
docs\inst_test\instancias\n_1000_9,500,10,10,20,0.3000,42,9980485898,9980481011,201,2382
docs\inst_test\instancias\n_1000_9,500,10,15,10,0.1000,42,9980485898,9980481011,140,2382
docs\inst_test\instancias\n_1000_9,500,10,15,10,0.2000,42,9980485898,9980481011,140,2382
docs\inst_test\instancias\n_1000_9,500,10,15,10,0.2000,123,9980485898,9980481011,138,2382
docs\inst_test\instancias\n_1000_9,500,10,15,20,0.1000,42,9980485898,9980481011,137,2382
docs\inst_test\instancias\n_1000_9,500,10,10,20,0.2000,42,9980485898,9980481011,209,2382
docs\inst_test\instancias\n_1000_9,500,10,10,20,0.1000,123,9980485898,9980481011,213,2382
docs\inst_test\instancias\n_1000_9,500,10,15,10,0.1000,123,9980485898,9980481011,143,2382
docs\inst_test\instancias\n_1000_9,500,10,15,5,0.3000,2026,9980485898,9980481011,147,2382
docs\inst_test\instancias\n_1000_9,500,10,15,20,0.1000,2026,9980485898,9980481011,138,2382
docs\inst_test\instancias\n_1000_9,500,10,15,20,0.1000,123,9980485898,9980481011,141,2382
docs\inst_test\instancias\n_1000_9,500,10,10,20,0.1000,2026,9980485898,9980481011,218,2382
docs\inst_test\instancias\n_1000_9,500,10,15,10,0.1000,2026,9980485898,9980481011,149,2382
docs\inst_test\instancias\n_1000_9,500,10,10,20,0.2000,2026,9980485898,9980481011,230,2382
docs\inst_test\instancias\n_1000_9,500,10,15,5,0.1000,123,9980485898,9980481011,230,2382
docs\inst_test\instancias\n_1000_9,500,10,15,5,0.3000,42,9980485898,9980481011,214,2382
docs\inst_test\instancias\n_1000_9,500,10,15,5,0.2000,42,9980485898,9980481011,219,2382
docs\inst_test\instancias\n_1000_9,500,10,15,5,0.1000,2026,9980485898,9980481011,230,2382
docs\inst_test\instancias\n_1000_9,500,10,15,5,0.2000,2026,9980485898,9980481011,222,2382
docs\inst_test\instancias\n_1000_9,500,10,15,5,0.2000,123,9980485898,9980481011,225,2382
docs\inst_test\instancias\n_1000_9,500,10,15,5,0.3000,123,9980485898,9980481011,212,2382
docs\inst_test\instancias\n_1000_9,500,10,15,20,0.3000,42,9980485898,9980481011,126,2382
docs\inst_test\instancias\n_1000_9,500,10,15,20,0.2000,2026,9980485898,9980481011,130,2382
docs\inst_test\instancias\n_1000_9,500,10,15,20,0.3000,123,9980485898,9980481011,130,2382
docs\inst_test\instancias\n_1000_9,500,10,15,20,0.2000,42,9980485898,9980481011,216,2382
docs\inst_test\instancias\n_1000_9,500,10,15,20,0.2000,123,9980485898,9980481011,224,2382
docs\inst_test\instancias\n_1000_9,500,10,15,20,0.3000,2026,9980485898,9980481011,132,2382
docs\inst_test\instancias\n_1000_9,500,15,7,10,0.3000,42,9980485898,9980481011,132,2382
docs\inst_test\instancias\n_1000_9,500,15,7,5,0.3000,123,9980485898,9980481011,141,2382
docs\inst_test\instancias\n_1000_9,500,15,7,5,0.3000,2026,9980485898,9980481011,141,2382
docs\inst_test\instancias\n_1000_9,500,15,7,10,0.3000,2026,9980485898,9980481011,134,2382
docs\inst_test\instancias\n_1000_9,500,15,7,10,0.1000,42,9980485898,9980481011,143,2382
docs\inst_test\instancias\n_1000_9,500,15,7,10,0.2000,2026,9980485898,9980481011,139,2382
docs\inst_test\instancias\n_1000_9,500,15,7,5,0.3000,42,9980485898,9980481011,147,2382
docs\inst_test\instancias\n_1000_9,500,15,7,5,0.2000,42,9980485898,9980481011,150,2382
docs\inst_test\instancias\n_1000_9,500,15,7,5,0.1000,42,9980485898,9980481011,153,2382
docs\inst_test\instancias\n_1000_9,500,15,7,10,0.2000,42,9980485898,9980481011,149,2382
docs\inst_test\instancias\n_1000_9,500,15,7,10,0.2000,123,9980485898,9980481011,148,2382
docs\inst_test\instancias\n_1000_9,500,15,7,5,0.1000,123,9980485898,9980481011,158,2382
docs\inst_test\instancias\n_1000_9,500,15,7,20,0.3000,2026,9980485898,9980481011,126,2382
docs\inst_test\instancias\n_1000_9,500,15,10,5,0.1000,42,9980485898,9980481011,151,2382
docs\inst_test\instancias\n_1000_9,500,15,7,10,0.3000,123,9980485898,9980481011,204,2382
docs\inst_test\instancias\n_1000_9,500,15,7,10,0.1000,2026,9980485898,9980481011,217,2382
docs\inst_test\instancias\n_1000_9,500,15,7,10,0.1000,123,9980485898,9980481011,220,2382
docs\inst_test\instancias\n_1000_9,500,15,7,5,0.2000,2026,9980485898,9980481011,224,2382
docs\inst_test\instancias\n_1000_9,500,15,7,5,0.2000,123,9980485898,9980481011,228,2382
docs\inst_test\instancias\n_1000_9,500,15,7,5,0.1000,2026,9980485898,9980481011,232,2382
docs\inst_test\instancias\n_1000_9,500,15,10,5,0.1000,123,9980485898,9980481011,153,2382
docs\inst_test\instancias\n_1000_9,500,15,7,20,0.3000,42,9980485898,9980481011,197,2382
docs\inst_test\instancias\n_1000_9,500,15,7,20,0.1000,42,9980485898,9980481011,223,2382
docs\inst_test\instancias\n_1000_9,500,15,7,20,0.3000,123,9980485898,9980481011,201,2382
docs\inst_test\instancias\n_1000_9,500,15,7,20,0.2000,2026,9980485898,9980481011,206,2382
docs\inst_test\instancias\n_1000_9,500,15,7,20,0.1000,123,9980485898,9980481011,217,2382
docs\inst_test\instancias\n_1000_9,500,15,7,20,0.2000,42,9980485898,9980481011,214,2382
docs\inst_test\instancias\n_1000_9,500,15,7,20,0.2000,123,9980485898,9980481011,210,2382
docs\inst_test\instancias\n_1000_9,500,15,7,20,0.1000,2026,9980485898,9980481011,218,2382
docs\inst_test\instancias\n_1000_9,500,15,10,5,0.2000,123,9980485898,9980481011,147,2382
docs\inst_test\instancias\n_1000_9,500,15,10,5,0.3000,42,9980485898,9980481011,140,2382
docs\inst_test\instancias\n_1000_9,500,15,10,10,0.1000,42,9980485898,9980481011,139,2382
docs\inst_test\instancias\n_1000_9,500,15,10,5,0.3000,123,9980485898,9980481011,142,2382
docs\inst_test\instancias\n_1000_9,500,15,10,10,0.2000,42,9980485898,9980481011,137,2382
docs\inst_test\instancias\n_1000_9,500,15,10,10,0.1000,123,9980485898,9980481011,143,2382
docs\inst_test\instancias\n_1000_9,500,15,10,10,0.3000,42,9980485898,9980481011,137,2382
docs\inst_test\instancias\n_1000_9,500,15,10,10,0.2000,123,9980485898,9980481011,141,2382
docs\inst_test\instancias\n_1000_9,500,15,10,5,0.3000,2026,9980485898,9980481011,147,2382
docs\inst_test\instancias\n_1000_9,500,15,10,10,0.1000,2026,9980485898,9980481011,146,2382
docs\inst_test\instancias\n_1000_9,500,15,10,10,0.3000,123,9980485898,9980481011,141,2382
docs\inst_test\instancias\n_1000_9,500,15,10,10,0.2000,2026,9980485898,9980481011,145,2382
docs\inst_test\instancias\n_1000_9,500,15,10,5,0.2000,2026,9980485898,9980481011,162,2382
docs\inst_test\instancias\n_1000_9,500,15,10,10,0.3000,2026,9980485898,9980481011,132,2382
docs\inst_test\instancias\n_1000_9,500,15,10,5,0.1000,2026,9980485898,9980481011,230,2382
docs\inst_test\instancias\n_1000_9,500,15,10,5,0.2000,42,9980485898,9980481011,232,2382
docs\inst_test\instancias\n_1000_9,500,15,10,20,0.1000,42,9980485898,9980481011,141,2382
docs\inst_test\instancias\n_1000_9,500,15,10,20,0.3000,123,9980485898,9980481011,126,2382
docs\inst_test\instancias\n_1000_9,500,15,15,5,0.3000,123,9980485898,9980481011,142,2382
docs\inst_test\instancias\n_1000_9,500,15,15,10,0.1000,42,9980485898,9980481011,139,2382
docs\inst_test\instancias\n_1000_9,500,15,15,10,0.3000,42,9980485898,9980481011,135,2382
docs\inst_test\instancias\n_1000_9,500,15,15,10,0.1000,123,9980485898,9980481011,142,2382
docs\inst_test\instancias\n_1000_9,500,15,15,10,0.3000,123,9980485898,9980481011,134,2382
docs\inst_test\instancias\n_1000_9,500,15,15,10,0.2000,2026,9980485898,9980481011,137,2382
docs\inst_test\instancias\n_1000_9,500,15,15,10,0.2000,123,9980485898,9980481011,138,2382
docs\inst_test\instancias\n_1000_9,500,15,10,20,0.1000,123,9980485898,9980481011,216,2382
docs\inst_test\instancias\n_1000_9,500,15,15,5,0.3000,2026,9980485898,9980481011,146,2382
docs\inst_test\instancias\n_1000_9,500,15,10,20,0.3000,42,9980485898,9980481011,200,2382
docs\inst_test\instancias\n_1000_9,500,15,15,10,0.3000,2026,9980485898,9980481011,134,2382
docs\inst_test\instancias\n_1000_9,500,15,15,10,0.2000,42,9980485898,9980481011,141,2382
docs\inst_test\instancias\n_1000_9,500,15,10,20,0.2000,123,9980485898,9980481011,209,2382
docs\inst_test\instancias\n_1000_9,500,15,10,20,0.2000,42,9980485898,9980481011,211,2382
docs\inst_test\instancias\n_1000_9,500,15,15,10,0.1000,2026,9980485898,9980481011,147,2382
docs\inst_test\instancias\n_1000_9,500,15,10,20,0.2000,2026,9980485898,9980481011,210,2382
docs\inst_test\instancias\n_1000_9,500,15,15,20,0.1000,42,9980485898,9980481011,141,2382
docs\inst_test\instancias\n_1000_9,500,15,15,20,0.1000,123,9980485898,9980481011,138,2382
docs\inst_test\instancias\n_1000_9,500,15,10,20,0.1000,2026,9980485898,9980481011,223,2382
docs\inst_test\instancias\n_1000_9,500,15,10,20,0.3000,2026,9980485898,9980481011,197,2382
docs\inst_test\instancias\n_1000_9,500,15,15,20,0.1000,2026,9980485898,9980481011,136,2382
docs\inst_test\instancias\n_1000_9,500,15,15,5,0.3000,42,9980485898,9980481011,213,2382
docs\inst_test\instancias\n_1000_9,500,15,15,5,0.1000,42,9980485898,9980481011,227,2382
docs\inst_test\instancias\n_1000_9,500,15,15,5,0.2000,123,9980485898,9980481011,222,2382
docs\inst_test\instancias\n_1000_9,500,15,15,5,0.2000,2026,9980485898,9980481011,222,2382
docs\inst_test\instancias\n_1000_9,500,15,15,5,0.1000,2026,9980485898,9980481011,229,2382
docs\inst_test\instancias\n_1000_9,500,15,15,5,0.1000,123,9980485898,9980481011,233,2382
docs\inst_test\instancias\n_1000_9,500,15,15,5,0.2000,42,9980485898,9980481011,231,2382
docs\inst_test\instancias\n_1000_9,500,15,15,20,0.3000,42,9980485898,9980481011,125,2382
docs\inst_test\instancias\n_1000_9,500,15,15,20,0.2000,2026,9980485898,9980481011,144,2382
docs\inst_test\instancias\n_1000_9,500,15,15,20,0.2000,42,9980485898,9980481011,209,2382
docs\inst_test\instancias\n_1000_9,500,15,15,20,0.3000,123,9980485898,9980481011,136,2382
docs\inst_test\instancias\n_1000_9,500,15,15,20,0.2000,123,9980485898,9980481011,217,2382
docs\inst_test\instancias\n_1000_9,500,15,15,20,0.3000,2026,9980485898,9980481011,140,2382
docs\inst_test\instancias\n_1000_9,500,20,7,5,0.2000,42,9980485898,9980481011,145,2382
docs\inst_test\instancias\n_1000_9,500,20,7,5,0.2000,123,9980485898,9980481011,145,2382
docs\inst_test\instancias\n_1000_9,500,20,7,10,0.3000,42,9980485898,9980481011,134,2382
docs\inst_test\instancias\n_1000_9,500,20,7,5,0.3000,42,9980485898,9980481011,146,2382
docs\inst_test\instancias\n_1000_9,500,20,7,5,0.1000,42,9980485898,9980481011,150,2382
docs\inst_test\instancias\n_1000_9,500,20,7,5,0.3000,2026,9980485898,9980481011,146,2382
docs\inst_test\instancias\n_1000_9,500,20,7,10,0.2000,42,9980485898,9980481011,143,2382
docs\inst_test\instancias\n_1000_9,500,20,7,10,0.1000,42,9980485898,9980481011,146,2382
docs\inst_test\instancias\n_1000_9,500,20,7,10,0.2000,2026,9980485898,9980481011,141,2382
docs\inst_test\instancias\n_1000_9,500,20,7,5,0.1000,2026,9980485898,9980481011,152,2382
docs\inst_test\instancias\n_1000_9,500,20,7,5,0.1000,123,9980485898,9980481011,153,2382
docs\inst_test\instancias\n_1000_9,500,20,7,20,0.1000,42,9980485898,9980481011,136,2382
docs\inst_test\instancias\n_1000_9,500,20,7,20,0.3000,2026,9980485898,9980481011,126,2382
docs\inst_test\instancias\n_1000_9,500,20,7,10,0.3000,123,9980485898,9980481011,204,2382
docs\inst_test\instancias\n_1000_9,500,20,7,10,0.1000,123,9980485898,9980481011,213,2382
docs\inst_test\instancias\n_1000_9,500,20,7,10,0.1000,2026,9980485898,9980481011,216,2382
docs\inst_test\instancias\n_1000_9,500,20,10,5,0.1000,42,9980485898,9980481011,158,2382
docs\inst_test\instancias\n_1000_9,500,20,7,10,0.3000,2026,9980485898,9980481011,206,2382
docs\inst_test\instancias\n_1000_9,500,20,7,5,0.3000,123,9980485898,9980481011,224,2382
docs\inst_test\instancias\n_1000_9,500,20,7,5,0.2000,2026,9980485898,9980481011,226,2382
docs\inst_test\instancias\n_1000_9,500,20,7,10,0.2000,123,9980485898,9980481011,219,2382
docs\inst_test\instancias\n_1000_9,500,20,7,20,0.3000,123,9980485898,9980481011,199,2382
docs\inst_test\instancias\n_1000_9,500,20,7,20,0.3000,42,9980485898,9980481011,200,2382
docs\inst_test\instancias\n_1000_9,500,20,7,20,0.2000,123,9980485898,9980481011,213,2382
docs\inst_test\instancias\n_1000_9,500,20,7,20,0.2000,2026,9980485898,9980481011,209,2382
docs\inst_test\instancias\n_1000_9,500,20,7,20,0.2000,42,9980485898,9980481011,216,2382
docs\inst_test\instancias\n_1000_9,500,20,7,20,0.1000,123,9980485898,9980481011,221,2382
docs\inst_test\instancias\n_1000_9,500,20,7,20,0.1000,2026,9980485898,9980481011,221,2382
docs\inst_test\instancias\n_1000_9,500,20,10,5,0.1000,2026,9980485898,9980481011,153,2382
docs\inst_test\instancias\n_1000_9,500,20,10,10,0.3000,42,9980485898,9980481011,131,2382
docs\inst_test\instancias\n_1000_9,500,20,10,5,0.2000,123,9980485898,9980481011,150,2382
docs\inst_test\instancias\n_1000_9,500,20,10,10,0.1000,123,9980485898,9980481011,142,2382
docs\inst_test\instancias\n_1000_9,500,20,10,10,0.2000,42,9980485898,9980481011,141,2382
docs\inst_test\instancias\n_1000_9,500,20,10,10,0.2000,2026,9980485898,9980481011,138,2382
docs\inst_test\instancias\n_1000_9,500,20,10,5,0.3000,2026,9980485898,9980481011,144,2382
docs\inst_test\instancias\n_1000_9,500,20,10,5,0.3000,42,9980485898,9980481011,147,2382
docs\inst_test\instancias\n_1000_9,500,20,10,10,0.1000,42,9980485898,9980481011,145,2382
docs\inst_test\instancias\n_1000_9,500,20,10,5,0.3000,123,9980485898,9980481011,147,2382
docs\inst_test\instancias\n_1000_9,500,20,10,10,0.1000,2026,9980485898,9980481011,146,2382
docs\inst_test\instancias\n_1000_9,500,20,10,10,0.2000,123,9980485898,9980481011,144,2382
docs\inst_test\instancias\n_1000_9,500,20,10,10,0.3000,123,9980485898,9980481011,141,2382
docs\inst_test\instancias\n_1000_9,500,20,10,5,0.2000,2026,9980485898,9980481011,157,2382
docs\inst_test\instancias\n_1000_9,500,20,10,10,0.3000,2026,9980485898,9980481011,136,2382
docs\inst_test\instancias\n_1000_9,500,20,10,5,0.1000,123,9980485898,9980481011,231,2382
docs\inst_test\instancias\n_1000_9,500,20,10,20,0.2000,42,9980485898,9980481011,131,2382
docs\inst_test\instancias\n_1000_9,500,20,10,5,0.2000,42,9980485898,9980481011,224,2382
docs\inst_test\instancias\n_1000_9,500,20,15,5,0.3000,42,9980485898,9980481011,142,2382
docs\inst_test\instancias\n_1000_9,500,20,15,10,0.3000,42,9980485898,9980481011,131,2382
docs\inst_test\instancias\n_1000_9,500,20,15,10,0.2000,42,9980485898,9980481011,135,2382
docs\inst_test\instancias\n_1000_9,500,20,15,10,0.3000,123,9980485898,9980481011,133,2382
docs\inst_test\instancias\n_1000_9,500,20,15,5,0.3000,123,9980485898,9980481011,145,2382
docs\inst_test\instancias\n_1000_9,500,20,15,10,0.2000,123,9980485898,9980481011,137,2382
docs\inst_test\instancias\n_1000_9,500,20,10,20,0.3000,123,9980485898,9980481011,200,2382
docs\inst_test\instancias\n_1000_9,500,20,10,20,0.3000,42,9980485898,9980481011,202,2382
docs\inst_test\instancias\n_1000_9,500,20,15,10,0.3000,2026,9980485898,9980481011,133,2382
docs\inst_test\instancias\n_1000_9,500,20,10,20,0.1000,123,9980485898,9980481011,213,2382
docs\inst_test\instancias\n_1000_9,500,20,15,10,0.1000,123,9980485898,9980481011,141,2382
docs\inst_test\instancias\n_1000_9,500,20,10,20,0.2000,2026,9980485898,9980481011,205,2382
docs\inst_test\instancias\n_1000_9,500,20,15,10,0.1000,2026,9980485898,9980481011,141,2382
docs\inst_test\instancias\n_1000_9,500,20,15,10,0.2000,2026,9980485898,9980481011,139,2382
docs\inst_test\instancias\n_1000_9,500,20,15,10,0.1000,42,9980485898,9980481011,142,2382
docs\inst_test\instancias\n_1000_9,500,20,10,20,0.1000,2026,9980485898,9980481011,211,2382
docs\inst_test\instancias\n_1000_9,500,20,15,5,0.3000,2026,9980485898,9980481011,146,2382
docs\inst_test\instancias\n_1000_9,500,20,10,20,0.2000,123,9980485898,9980481011,209,2382
docs\inst_test\instancias\n_1000_9,500,20,15,20,0.1000,42,9980485898,9980481011,137,2382
docs\inst_test\instancias\n_1000_9,500,20,10,20,0.1000,42,9980485898,9980481011,218,2382
docs\inst_test\instancias\n_1000_9,500,20,15,20,0.1000,123,9980485898,9980481011,137,2382
docs\inst_test\instancias\n_1000_9,500,20,10,20,0.3000,2026,9980485898,9980481011,184,2382
docs\inst_test\instancias\n_1000_9,500,20,15,5,0.1000,42,9980485898,9980481011,193,2382
docs\inst_test\instancias\n_1000_9,500,20,15,20,0.1000,2026,9980485898,9980481011,129,2382
docs\inst_test\instancias\n_1000_9,500,20,15,5,0.2000,123,9980485898,9980481011,188,2382
docs\inst_test\instancias\n_1000_9,500,20,15,5,0.2000,2026,9980485898,9980481011,185,2382
docs\inst_test\instancias\n_1000_9,500,20,15,5,0.1000,123,9980485898,9980481011,193,2382
docs\inst_test\instancias\n_1000_9,500,20,15,5,0.2000,42,9980485898,9980481011,193,2382
docs\inst_test\instancias\n_1000_9,500,20,15,5,0.1000,2026,9980485898,9980481011,198,2382
docs\inst_test\instancias\n_1000_9,500,20,15,20,0.2000,123,9980485898,9980481011,114,2382
docs\inst_test\instancias\n_1000_9,500,20,15,20,0.2000,42,9980485898,9980481011,145,2382
docs\inst_test\instancias\n_1000_9,500,20,15,20,0.2000,2026,9980485898,9980481011,137,2382
docs\inst_test\instancias\n_1000_9,500,20,15,20,0.3000,2026,9980485898,9980481011,80,2382
docs\inst_test\instancias\n_1000_9,500,20,15,20,0.3000,42,9980485898,9980481011,88,2382
docs\inst_test\instancias\n_1000_9,500,20,15,20,0.3000,123,9980485898,9980481011,86,2382
