instance,iterations,tenure_flip,tenure_swap,stall,diversify,seed,best_value,total_weight,elapsed_ms,grid_wallclock_ms
docs\inst_test\instancias\n_1000_1,100,10,7,5,0.3000,123,9997886652,9997883428,116,5910
docs\inst_test\instancias\n_1000_1,100,10,7,5,0.2000,2026,9999357279,9999353123,119,5910
docs\inst_test\instancias\n_1000_1,100,10,7,5,0.2000,42,9998827387,9998822899,119,5910
docs\inst_test\instancias\n_1000_1,100,10,7,5,0.2000,123,9998357185,9998353074,120,5910
docs\inst_test\instancias\n_1000_1,100,10,7,5,0.3000,42,9995356303,9995352910,121,5910
docs\inst_test\instancias\n_1000_1,100,10,7,5,0.1000,42,9999297471,9999292890,122,5910
docs\inst_test\instancias\n_1000_1,100,10,7,5,0.1000,2026,9995297202,9995292594,124,5910
docs\inst_test\instancias\n_1000_1,100,10,7,5,0.1000,123,9998827353,9998822863,126,5910
docs\inst_test\instancias\n_1000_1,100,10,7,10,0.1000,123,9998827353,9998822863,37,5910
docs\inst_test\instancias\n_1000_1,100,10,7,5,0.3000,2026,9999886724,9999883437,43,5910
docs\inst_test\instancias\n_1000_1,100,10,7,10,0.3000,42,9988826644,9988822288,36,5910
docs\inst_test\instancias\n_1000_1,100,10,7,10,0.2000,2026,9999357176,9999353151,39,5910
docs\inst_test\instancias\n_1000_1,100,10,7,10,0.2000,123,9998357073,9998353031,42,5910
docs\inst_test\instancias\n_1000_1,100,10,7,10,0.1000,42,9999297271,9999292847,46,5910
docs\inst_test\instancias\n_1000_1,100,10,7,10,0.1000,2026,9995297202,9995292594,46,5910
docs\inst_test\instancias\n_1000_1,100,10,7,10,0.2000,42,9998827374,9998822833,48,5910
docs\inst_test\instancias\n_1000_1,100,10,7,10,0.3000,123,9989826827,9989822538,26,5910
docs\inst_test\instancias\n_1000_1,100,10,7,10,0.3000,2026,9998357180,9998353192,23,5910
docs\inst_test\instancias\n_1000_1,100,10,7,20,0.2000,123,9996827320,9996822747,21,5910
docs\inst_test\instancias\n_1000_1,100,10,7,20,0.1000,2026,9995297202,9995292594,23,5910
docs\inst_test\instancias\n_1000_1,100,10,7,20,0.2000,2026,9997827318,9997822780,21,5910
docs\inst_test\instancias\n_1000_1,100,10,7,20,0.2000,42,9994297151,9994292470,30,5910
docs\inst_test\instancias\n_1000_1,100,10,7,20,0.1000,123,9998826909,9998822989,54,5910
docs\inst_test\instancias\n_1000_1,100,10,7,20,0.3000,2026,9998357180,9998353192,38,5910
docs\inst_test\instancias\n_1000_1,100,10,7,20,0.1000,42,9998297184,9998292639,64,5910
docs\inst_test\instancias\n_1000_1,100,10,10,5,0.1000,42,9999297471,9999292890,41,5910
docs\inst_test\instancias\n_1000_1,100,10,7,20,0.3000,42,9988826429,9988822479,46,5910
docs\inst_test\instancias\n_1000_1,100,10,10,5,0.1000,123,9998827353,9998822863,45,5910
docs\inst_test\instancias\n_1000_1,100,10,10,5,0.2000,42,9998827387,9998822899,22,5910
docs\inst_test\instancias\n_1000_1,100,10,7,20,0.3000,123,9989826827,9989822538,56,5910
docs\inst_test\instancias\n_1000_1,100,10,10,5,0.2000,123,9998357185,9998353074,21,5910
docs\inst_test\instancias\n_1000_1,100,10,10,5,0.1000,2026,9995297202,9995292594,54,5910
docs\inst_test\instancias\n_1000_1,100,10,10,5,0.3000,123,9997886652,9997883428,23,5910
docs\inst_test\instancias\n_1000_1,100,10,10,5,0.2000,2026,9999357279,9999353123,27,5910
docs\inst_test\instancias\n_1000_1,100,10,10,5,0.3000,2026,9999886724,9999883437,21,5910
docs\inst_test\instancias\n_1000_1,100,10,10,5,0.3000,42,9995356303,9995352910,32,5910
docs\inst_test\instancias\n_1000_1,100,10,10,10,0.1000,42,9999297271,9999292847,24,5910
docs\inst_test\instancias\n_1000_1,100,10,10,10,0.1000,2026,9995297202,9995292594,23,5910
docs\inst_test\instancias\n_1000_1,100,10,10,10,0.1000,123,9998827353,9998822863,32,5910
docs\inst_test\instancias\n_1000_1,100,10,10,10,0.2000,2026,9999357176,9999353151,21,5910
docs\inst_test\instancias\n_1000_1,100,10,10,10,0.2000,42,9998827374,9998822833,26,5910
docs\inst_test\instancias\n_1000_1,100,10,10,10,0.2000,123,9998357073,9998353031,24,5910
docs\inst_test\instancias\n_1000_1,100,10,10,10,0.3000,42,9988826644,9988822288,21,5910
docs\inst_test\instancias\n_1000_1,100,10,10,10,0.3000,123,9989826827,9989822538,21,5910
docs\inst_test\instancias\n_1000_1,100,10,10,10,0.3000,2026,9998357180,9998353192,22,5910
docs\inst_test\instancias\n_1000_1,100,10,10,20,0.1000,42,9998297184,9998292639,27,5910
docs\inst_test\instancias\n_1000_1,100,10,10,20,0.2000,2026,9997827318,9997822780,21,5910
docs\inst_test\instancias\n_1000_1,100,10,10,20,0.1000,2026,9995297202,9995292594,28,5910
docs\inst_test\instancias\n_1000_1,100,10,10,20,0.3000,42,9988826429,9988822479,20,5910
docs\inst_test\instancias\n_1000_1,100,10,10,20,0.1000,123,9998826909,9998822989,32,5910
docs\inst_test\instancias\n_1000_1,100,10,10,20,0.2000,42,9994297151,9994292470,32,5910
docs\inst_test\instancias\n_1000_1,100,10,10,20,0.2000,123,9996827320,9996822747,40,5910
docs\inst_test\instancias\n_1000_1,100,10,10,20,0.3000,2026,9998357180,9998353192,20,5910
docs\inst_test\instancias\n_1000_1,100,10,15,5,0.1000,42,9999297471,9999292890,24,5910
docs\inst_test\instancias\n_1000_1,100,10,15,5,0.1000,2026,9995297202,9995292594,22,5910
docs\inst_test\instancias\n_1000_1,100,10,15,5,0.2000,123,9998357185,9998353074,21,5910
docs\inst_test\instancias\n_1000_1,100,10,15,5,0.2000,42,9998827387,9998822899,25,5910
docs\inst_test\instancias\n_1000_1,100,10,10,20,0.3000,123,9989826827,9989822538,45,5910
docs\inst_test\instancias\n_1000_1,100,10,15,5,0.1000,123,9998827353,9998822863,30,5910
docs\inst_test\instancias\n_1000_1,100,10,15,5,0.3000,2026,9999886724,9999883437,20,5910
docs\inst_test\instancias\n_1000_1,100,10,15,5,0.2000,2026,9999357279,9999353123,28,5910
docs\inst_test\instancias\n_1000_1,100,10,15,5,0.3000,123,9997886652,9997883428,23,5910
docs\inst_test\instancias\n_1000_1,100,10,15,10,0.1000,42,9999297271,9999292847,21,5910
docs\inst_test\instancias\n_1000_1,100,10,15,10,0.1000,123,9998827353,9998822863,20,5910
docs\inst_test\instancias\n_1000_1,100,10,15,5,0.3000,42,9995356303,9995352910,34,5910
docs\inst_test\instancias\n_1000_1,100,10,15,10,0.2000,42,9998827374,9998822833,21,5910
docs\inst_test\instancias\n_1000_1,100,10,15,10,0.1000,2026,9995297202,9995292594,26,5910
docs\inst_test\instancias\n_1000_1,100,10,15,10,0.2000,123,9998357073,9998353031,20,5910
docs\inst_test\instancias\n_1000_1,100,10,15,10,0.3000,42,9988826644,9988822288,20,5910
docs\inst_test\instancias\n_1000_1,100,10,15,10,0.3000,2026,9998357180,9998353192,20,5910
docs\inst_test\instancias\n_1000_1,100,10,15,20,0.1000,42,9998297184,9998292639,21,5910
docs\inst_test\instancias\n_1000_1,100,10,15,10,0.2000,2026,9999357176,9999353151,30,5910
docs\inst_test\instancias\n_1000_1,100,10,15,20,0.1000,123,9998826909,9998822989,22,5910
docs\inst_test\instancias\n_1000_1,100,10,15,10,0.3000,123,9989826827,9989822538,28,5910
docs\inst_test\instancias\n_1000_1,100,10,15,20,0.1000,2026,9995297202,9995292594,22,5910
docs\inst_test\instancias\n_1000_1,100,10,15,20,0.2000,42,9994297151,9994292470,21,5910
docs\inst_test\instancias\n_1000_1,100,10,15,20,0.2000,123,9996827320,9996822747,23,5910
docs\inst_test\instancias\n_1000_1,100,10,15,20,0.2000,2026,9997827318,9997822780,23,5910
docs\inst_test\instancias\n_1000_1,100,10,15,20,0.3000,42,9988826429,9988822479,22,5910
docs\inst_test\instancias\n_1000_1,100,10,15,20,0.3000,123,9989826827,9989822538,21,5910
docs\inst_test\instancias\n_1000_1,100,10,15,20,0.3000,2026,9998357180,9998353192,22,5910
docs\inst_test\instancias\n_1000_1,100,15,7,5,0.1000,123,9998827353,9998822863,26,5910
docs\inst_test\instancias\n_1000_1,100,15,7,5,0.1000,2026,9995297202,9995292594,22,5910
docs\inst_test\instancias\n_1000_1,100,15,7,5,0.1000,42,9999297471,9999292890,30,5910
docs\inst_test\instancias\n_1000_1,100,15,7,5,0.2000,42,9998827387,9998822899,22,5910
docs\inst_test\instancias\n_1000_1,100,15,7,5,0.2000,123,9998357185,9998353074,21,5910
docs\inst_test\instancias\n_1000_1,100,15,7,5,0.2000,2026,9999357279,9999353123,20,5910
docs\inst_test\instancias\n_1000_1,100,15,7,5,0.3000,42,9995356303,9995352910,21,5910
docs\inst_test\instancias\n_1000_1,100,15,7,5,0.3000,123,9997886652,9997883428,20,5910
docs\inst_test\instancias\n_1000_1,100,15,7,10,0.1000,2026,9995297202,9995292594,21,5910
docs\inst_test\instancias\n_1000_1,100,15,7,10,0.1000,42,9999297271,9999292847,25,5910
docs\inst_test\instancias\n_1000_1,100,15,7,10,0.2000,123,9998357073,9998353031,20,5910
docs\inst_test\instancias\n_1000_1,100,15,7,10,0.1000,123,9998827353,9998822863,27,5910
docs\inst_test\instancias\n_1000_1,100,15,7,10,0.2000,2026,9999357176,9999353151,21,5910
docs\inst_test\instancias\n_1000_1,100,15,7,10,0.3000,42,9988826644,9988822288,20,5910
docs\inst_test\instancias\n_1000_1,100,15,7,5,0.3000,2026,9999886724,9999883437,33,5910
docs\inst_test\instancias\n_1000_1,100,15,7,10,0.2000,42,9998827374,9998822833,27,5910
docs\inst_test\instancias\n_1000_1,100,15,7,20,0.1000,42,9998297184,9998292639,20,5910
docs\inst_test\instancias\n_1000_1,100,15,7,20,0.1000,123,9998826909,9998822989,21,5910
docs\inst_test\instancias\n_1000_1,100,15,7,20,0.2000,123,9996827320,9996822747,20,5910
docs\inst_test\instancias\n_1000_1,100,15,7,20,0.2000,42,9994297151,9994292470,20,5910
docs\inst_test\instancias\n_1000_1,100,15,7,10,0.3000,123,9989826827,9989822538,27,5910
docs\inst_test\instancias\n_1000_1,100,15,7,20,0.1000,2026,9995297202,9995292594,23,5910
docs\inst_test\instancias\n_1000_1,100,15,7,10,0.3000,2026,9998357180,9998353192,29,5910
docs\inst_test\instancias\n_1000_1,100,15,7,20,0.2000,2026,9997827318,9997822780,28,5910
docs\inst_test\instancias\n_1000_1,100,15,7,20,0.3000,42,9988826429,9988822479,22,5910
docs\inst_test\instancias\n_1000_1,100,15,7,20,0.3000,123,9989826827,9989822538,20,5910
docs\inst_test\instancias\n_1000_1,100,15,7,20,0.3000,2026,9998357180,9998353192,21,5910
docs\inst_test\instancias\n_1000_1,100,15,10,5,0.1000,42,9999297471,9999292890,22,5910
docs\inst_test\instancias\n_1000_1,100,15,10,5,0.2000,42,9998827387,9998822899,21,5910
docs\inst_test\instancias\n_1000_1,100,15,10,5,0.2000,123,9998357185,9998353074,21,5910
docs\inst_test\instancias\n_1000_1,100,15,10,5,0.1000,123,9998827353,9998822863,34,5910
docs\inst_test\instancias\n_1000_1,100,15,10,5,0.2000,2026,9999357279,9999353123,19,5910
docs\inst_test\instancias\n_1000_1,100,15,10,5,0.3000,42,9995356303,9995352910,20,5910
docs\inst_test\instancias\n_1000_1,100,15,10,5,0.1000,2026,9995297202,9995292594,38,5910
docs\inst_test\instancias\n_1000_1,100,15,10,5,0.3000,123,9997886652,9997883428,20,5910
docs\inst_test\instancias\n_1000_1,100,15,10,5,0.3000,2026,9999886724,9999883437,19,5910
docs\inst_test\instancias\n_1000_1,100,15,10,10,0.1000,42,9999297271,9999292847,21,5910
docs\inst_test\instancias\n_1000_1,100,15,10,10,0.1000,123,9998827353,9998822863,21,5910
docs\inst_test\instancias\n_1000_1,100,15,10,10,0.1000,2026,9995297202,9995292594,20,5910
docs\inst_test\instancias\n_1000_1,100,15,10,10,0.2000,123,9998357073,9998353031,20,5910
docs\inst_test\instancias\n_1000_1,100,15,10,10,0.2000,42,9998827374,9998822833,21,5910
docs\inst_test\instancias\n_1000_1,100,15,10,10,0.2000,2026,9999357176,9999353151,20,5910
docs\inst_test\instancias\n_1000_1,100,15,10,10,0.3000,123,9989826827,9989822538,20,5910
docs\inst_test\instancias\n_1000_1,100,15,10,10,0.3000,42,9988826644,9988822288,25,5910
docs\inst_test\instancias\n_1000_1,100,15,10,10,0.3000,2026,9998357180,9998353192,22,5910
docs\inst_test\instancias\n_1000_1,100,15,10,20,0.1000,123,9998826909,9998822989,23,5910
docs\inst_test\instancias\n_1000_1,100,15,10,20,0.1000,2026,9995297202,9995292594,21,5910
docs\inst_test\instancias\n_1000_1,100,15,10,20,0.2000,123,9996827320,9996822747,20,5910
docs\inst_test\instancias\n_1000_1,100,15,10,20,0.2000,42,9994297151,9994292470,25,5910
docs\inst_test\instancias\n_1000_1,100,15,10,20,0.1000,42,9998297184,9998292639,34,5910
docs\inst_test\instancias\n_1000_1,100,15,10,20,0.3000,42,9988826429,9988822479,22,5910
docs\inst_test\instancias\n_1000_1,100,15,10,20,0.3000,123,9989826827,9989822538,21,5910
docs\inst_test\instancias\n_1000_1,100,15,10,20,0.2000,2026,9997827318,9997822780,34,5910
docs\inst_test\instancias\n_1000_1,100,15,10,20,0.3000,2026,9998357180,9998353192,20,5910
docs\inst_test\instancias\n_1000_1,100,15,15,5,0.1000,42,9999297471,9999292890,21,5910
docs\inst_test\instancias\n_1000_1,100,15,15,5,0.1000,123,9998827353,9998822863,21,5910
docs\inst_test\instancias\n_1000_1,100,15,15,5,0.1000,2026,9995297202,9995292594,22,5910
docs\inst_test\instancias\n_1000_1,100,15,15,5,0.2000,2026,9999357279,9999353123,20,5910
docs\inst_test\instancias\n_1000_1,100,15,15,5,0.2000,123,9998357185,9998353074,21,5910
docs\inst_test\instancias\n_1000_1,100,15,15,5,0.2000,42,9998827387,9998822899,23,5910
docs\inst_test\instancias\n_1000_1,100,15,15,5,0.3000,42,9995356303,9995352910,21,5910
docs\inst_test\instancias\n_1000_1,100,15,15,5,0.3000,123,9997886652,9997883428,20,5910
docs\inst_test\instancias\n_1000_1,100,15,15,5,0.3000,2026,9999886724,9999883437,19,5910
docs\inst_test\instancias\n_1000_1,100,15,15,10,0.1000,42,9999297271,9999292847,21,5910
docs\inst_test\instancias\n_1000_1,100,15,15,10,0.1000,2026,9995297202,9995292594,22,5910
docs\inst_test\instancias\n_1000_1,100,15,15,10,0.2000,123,9998357073,9998353031,22,5910
docs\inst_test\instancias\n_1000_1,100,15,15,10,0.2000,42,9998827374,9998822833,24,5910
docs\inst_test\instancias\n_1000_1,100,15,15,10,0.1000,123,9998827353,9998822863,28,5910
docs\inst_test\instancias\n_1000_1,100,15,15,10,0.3000,42,9988826644,9988822288,20,5910
docs\inst_test\instancias\n_1000_1,100,15,15,10,0.2000,2026,9999357176,9999353151,23,5910
docs\inst_test\instancias\n_1000_1,100,15,15,10,0.3000,123,9989826827,9989822538,19,5910
docs\inst_test\instancias\n_1000_1,100,15,15,10,0.3000,2026,9998357180,9998353192,19,5910
docs\inst_test\instancias\n_1000_1,100,15,15,20,0.1000,42,9998297184,9998292639,21,5910
docs\inst_test\instancias\n_1000_1,100,15,15,20,0.1000,123,9998826909,9998822989,21,5910
docs\inst_test\instancias\n_1000_1,100,15,15,20,0.1000,2026,9995297202,9995292594,21,5910
docs\inst_test\instancias\n_1000_1,100,15,15,20,0.2000,123,9996827320,9996822747,20,5910
docs\inst_test\instancias\n_1000_1,100,15,15,20,0.2000,2026,9997827318,9997822780,20,5910
docs\inst_test\instancias\n_1000_1,100,15,15,20,0.3000,42,9988826429,9988822479,21,5910
docs\inst_test\instancias\n_1000_1,100,15,15,20,0.3000,123,9989826827,9989822538,20,5910
docs\inst_test\instancias\n_1000_1,100,15,15,20,0.2000,42,9994297151,9994292470,30,5910
docs\inst_test\instancias\n_1000_1,100,15,15,20,0.3000,2026,9998357180,9998353192,20,5910
docs\inst_test\instancias\n_1000_1,100,20,7,5,0.1000,42,9999297471,9999292890,20,5910
docs\inst_test\instancias\n_1000_1,100,20,7,5,0.1000,123,9998827353,9998822863,21,5910
docs\inst_test\instancias\n_1000_1,100,20,7,5,0.2000,42,9998827387,9998822899,21,5910
docs\inst_test\instancias\n_1000_1,100,20,7,5,0.2000,123,9998357185,9998353074,20,5910
docs\inst_test\instancias\n_1000_1,100,20,7,5,0.1000,2026,9995297202,9995292594,23,5910
docs\inst_test\instancias\n_1000_1,100,20,7,5,0.2000,2026,9999357279,9999353123,21,5910
docs\inst_test\instancias\n_1000_1,100,20,7,5,0.3000,42,9995356303,9995352910,21,5910
docs\inst_test\instancias\n_1000_1,100,20,7,5,0.3000,2026,9999886724,9999883437,20,5910
docs\inst_test\instancias\n_1000_1,100,20,7,5,0.3000,123,9997886652,9997883428,23,5910
docs\inst_test\instancias\n_1000_1,100,20,7,10,0.1000,42,9999297271,9999292847,24,5910
docs\inst_test\instancias\n_1000_1,100,20,7,10,0.1000,123,9998827353,9998822863,21,5910
docs\inst_test\instancias\n_1000_1,100,20,7,10,0.1000,2026,9995297202,9995292594,22,5910
docs\inst_test\instancias\n_1000_1,100,20,7,10,0.2000,42,9998827374,9998822833,21,5910
docs\inst_test\instancias\n_1000_1,100,20,7,10,0.2000,123,9998357073,9998353031,24,5910
docs\inst_test\instancias\n_1000_1,100,20,7,10,0.2000,2026,9999357176,9999353151,22,5910
docs\inst_test\instancias\n_1000_1,100,20,7,10,0.3000,42,9988826644,9988822288,20,5910
docs\inst_test\instancias\n_1000_1,100,20,7,10,0.3000,123,9989826827,9989822538,23,5910
docs\inst_test\instancias\n_1000_1,100,20,7,10,0.3000,2026,9998357180,9998353192,19,5910
docs\inst_test\instancias\n_1000_1,100,20,7,20,0.1000,123,9998826909,9998822989,20,5910
docs\inst_test\instancias\n_1000_1,100,20,7,20,0.1000,42,9998297184,9998292639,22,5910
docs\inst_test\instancias\n_1000_1,100,20,7,20,0.1000,2026,9995297202,9995292594,20,5910
docs\inst_test\instancias\n_1000_1,100,20,7,20,0.2000,123,9996827320,9996822747,23,5910
docs\inst_test\instancias\n_1000_1,100,20,7,20,0.2000,42,9994297151,9994292470,26,5910
docs\inst_test\instancias\n_1000_1,100,20,7,20,0.2000,2026,9997827318,9997822780,21,5910
docs\inst_test\instancias\n_1000_1,100,20,7,20,0.3000,42,9988826429,9988822479,21,5910
docs\inst_test\instancias\n_1000_1,100,20,7,20,0.3000,123,9989826827,9989822538,20,5910
docs\inst_test\instancias\n_1000_1,100,20,7,20,0.3000,2026,9998357180,9998353192,19,5910
docs\inst_test\instancias\n_1000_1,100,20,10,5,0.1000,123,9998827353,9998822863,21,5910
docs\inst_test\instancias\n_1000_1,100,20,10,5,0.1000,42,9999297471,9999292890,22,5910
docs\inst_test\instancias\n_1000_1,100,20,10,5,0.2000,42,9998827387,9998822899,21,5910
docs\inst_test\instancias\n_1000_1,100,20,10,5,0.1000,2026,9995297202,9995292594,22,5910
docs\inst_test\instancias\n_1000_1,100,20,10,5,0.2000,123,9998357185,9998353074,20,5910
docs\inst_test\instancias\n_1000_1,100,20,10,5,0.2000,2026,9999357279,9999353123,20,5910
docs\inst_test\instancias\n_1000_1,100,20,10,5,0.3000,42,9995356303,9995352910,20,5910
docs\inst_test\instancias\n_1000_1,100,20,10,5,0.3000,123,9997886652,9997883428,20,5910
docs\inst_test\instancias\n_1000_1,100,20,10,5,0.3000,2026,9999886724,9999883437,19,5910
docs\inst_test\instancias\n_1000_1,100,20,10,10,0.1000,42,9999297271,9999292847,24,5910
docs\inst_test\instancias\n_1000_1,100,20,10,10,0.1000,123,9998827353,9998822863,20,5910
docs\inst_test\instancias\n_1000_1,100,20,10,10,0.2000,42,9998827374,9998822833,20,5910
docs\inst_test\instancias\n_1000_1,100,20,10,10,0.1000,2026,9995297202,9995292594,21,5910
docs\inst_test\instancias\n_1000_1,100,20,10,10,0.2000,123,9998357073,9998353031,21,5910
docs\inst_test\instancias\n_1000_1,100,20,10,10,0.2000,2026,9999357176,9999353151,21,5910
docs\inst_test\instancias\n_1000_1,100,20,10,10,0.3000,42,9988826644,9988822288,20,5910
docs\inst_test\instancias\n_1000_1,100,20,10,10,0.3000,123,9989826827,9989822538,20,5910
docs\inst_test\instancias\n_1000_1,100,20,10,10,0.3000,2026,9998357180,9998353192,21,5910
docs\inst_test\instancias\n_1000_1,100,20,10,20,0.1000,42,9998297184,9998292639,21,5910
docs\inst_test\instancias\n_1000_1,100,20,10,20,0.1000,123,9998826909,9998822989,22,5910
docs\inst_test\instancias\n_1000_1,100,20,10,20,0.1000,2026,9995297202,9995292594,23,5910
docs\inst_test\instancias\n_1000_1,100,20,10,20,0.2000,42,9994297151,9994292470,21,5910
docs\inst_test\instancias\n_1000_1,100,20,10,20,0.2000,123,9996827320,9996822747,21,5910
docs\inst_test\instancias\n_1000_1,100,20,10,20,0.2000,2026,9997827318,9997822780,20,5910
docs\inst_test\instancias\n_1000_1,100,20,10,20,0.3000,42,9988826429,9988822479,23,5910
docs\inst_test\instancias\n_1000_1,100,20,10,20,0.3000,123,9989826827,9989822538,20,5910
docs\inst_test\instancias\n_1000_1,100,20,10,20,0.3000,2026,9998357180,9998353192,22,5910
docs\inst_test\instancias\n_1000_1,100,20,15,5,0.2000,42,9998827387,9998822899,20,5910
docs\inst_test\instancias\n_1000_1,100,20,15,5,0.2000,123,9998357185,9998353074,21,5910
docs\inst_test\instancias\n_1000_1,100,20,15,5,0.1000,42,9999297471,9999292890,26,5910
docs\inst_test\instancias\n_1000_1,100,20,15,5,0.1000,123,9998827353,9998822863,26,5910
docs\inst_test\instancias\n_1000_1,100,20,15,5,0.1000,2026,9995297202,9995292594,25,5910
docs\inst_test\instancias\n_1000_1,100,20,15,5,0.2000,2026,9999357279,9999353123,20,5910
docs\inst_test\instancias\n_1000_1,100,20,15,5,0.3000,42,9995356303,9995352910,22,5910
docs\inst_test\instancias\n_1000_1,100,20,15,5,0.3000,123,9997886652,9997883428,21,5910
docs\inst_test\instancias\n_1000_1,100,20,15,5,0.3000,2026,9999886724,9999883437,20,5910
docs\inst_test\instancias\n_1000_1,100,20,15,10,0.1000,2026,9995297202,9995292594,22,5910
docs\inst_test\instancias\n_1000_1,100,20,15,10,0.1000,123,9998827353,9998822863,27,5910
docs\inst_test\instancias\n_1000_1,100,20,15,10,0.1000,42,9999297271,9999292847,27,5910
docs\inst_test\instancias\n_1000_1,100,20,15,10,0.2000,42,9998827374,9998822833,25,5910
docs\inst_test\instancias\n_1000_1,100,20,15,10,0.2000,123,9998357073,9998353031,27,5910
docs\inst_test\instancias\n_1000_1,100,20,15,10,0.2000,2026,9999357176,9999353151,22,5910
docs\inst_test\instancias\n_1000_1,100,20,15,10,0.3000,42,9988826644,9988822288,26,5910
docs\inst_test\instancias\n_1000_1,100,20,15,10,0.3000,123,9989826827,9989822538,23,5910
docs\inst_test\instancias\n_1000_1,100,20,15,10,0.3000,2026,9998357180,9998353192,20,5910
docs\inst_test\instancias\n_1000_1,100,20,15,20,0.1000,42,9998297184,9998292639,22,5910
docs\inst_test\instancias\n_1000_1,100,20,15,20,0.1000,2026,9995297202,9995292594,21,5910
docs\inst_test\instancias\n_1000_1,100,20,15,20,0.1000,123,9998826909,9998822989,26,5910
docs\inst_test\instancias\n_1000_1,100,20,15,20,0.2000,42,9994297151,9994292470,23,5910
docs\inst_test\instancias\n_1000_1,100,20,15,20,0.2000,2026,9997827318,9997822780,20,5910
docs\inst_test\instancias\n_1000_1,100,20,15,20,0.3000,123,9989826827,9989822538,26,5910
docs\inst_test\instancias\n_1000_1,100,20,15,20,0.2000,123,9996827320,9996822747,35,5910
docs\inst_test\instancias\n_1000_1,100,20,15,20,0.3000,2026,9998357180,9998353192,19,5910
docs\inst_test\instancias\n_1000_1,100,20,15,20,0.3000,42,9988826429,9988822479,30,5910
docs\inst_test\instancias\n_1000_1,300,10,7,5,0.1000,2026,9999827425,9999822843,71,5910
docs\inst_test\instancias\n_1000_1,300,10,7,5,0.1000,42,9999297471,9999292890,81,5910
docs\inst_test\instancias\n_1000_1,300,10,7,5,0.3000,123,9999416581,9999413709,60,5910
docs\inst_test\instancias\n_1000_1,300,10,7,5,0.1000,123,9999827379,9999822923,81,5910
docs\inst_test\instancias\n_1000_1,300,10,7,5,0.3000,42,9999887034,9999883351,66,5910
docs\inst_test\instancias\n_1000_1,300,10,7,5,0.2000,2026,9999357281,9999353085,68,5910
docs\inst_test\instancias\n_1000_1,300,10,7,5,0.2000,42,9999357290,9999353138,86,5910
docs\inst_test\instancias\n_1000_1,300,10,7,5,0.2000,123,9998886934,9998883463,80,5910
docs\inst_test\instancias\n_1000_1,300,10,7,5,0.3000,2026,9999887007,9999883468,57,5910
docs\inst_test\instancias\n_1000_1,300,10,7,10,0.1000,123,9999827379,9999822923,62,5910
docs\inst_test\instancias\n_1000_1,300,10,7,10,0.2000,123,9998886934,9998883463,58,5910
docs\inst_test\instancias\n_1000_1,300,10,7,10,0.1000,42,9999297471,9999292890,66,5910
docs\inst_test\instancias\n_1000_1,300,10,7,10,0.2000,42,9998827387,9998822899,63,5910
docs\inst_test\instancias\n_1000_1,300,10,7,10,0.1000,2026,9999827182,9999823283,68,5910
docs\inst_test\instancias\n_1000_1,300,10,7,10,0.2000,2026,9999357281,9999353085,56,5910
docs\inst_test\instancias\n_1000_1,300,10,7,10,0.3000,42,9999887034,9999883351,56,5910
docs\inst_test\instancias\n_1000_1,300,10,7,10,0.3000,123,9999416581,9999413709,54,5910
docs\inst_test\instancias\n_1000_1,300,10,7,10,0.3000,2026,9999887007,9999883468,53,5910
docs\inst_test\instancias\n_1000_1,300,10,7,20,0.1000,123,9998827353,9998822863,62,5910
docs\inst_test\instancias\n_1000_1,300,10,7,20,0.2000,42,9998827387,9998822899,59,5910
docs\inst_test\instancias\n_1000_1,300,10,7,20,0.1000,42,9999297471,9999292890,67,5910
docs\inst_test\instancias\n_1000_1,300,10,7,20,0.2000,2026,9999357281,9999353085,59,5910
docs\inst_test\instancias\n_1000_1,300,10,7,20,0.1000,2026,9995297202,9995292594,65,5910
docs\inst_test\instancias\n_1000_1,300,10,7,20,0.2000,123,9998357187,9998353072,60,5910
docs\inst_test\instancias\n_1000_1,300,10,7,20,0.3000,42,9999887034,9999883351,61,5910
docs\inst_test\instancias\n_1000_1,300,10,7,20,0.3000,123,9999416581,9999413709,52,5910
docs\inst_test\instancias\n_1000_1,300,10,7,20,0.3000,2026,9999887007,9999883468,55,5910
docs\inst_test\instancias\n_1000_1,300,10,10,5,0.1000,123,9999827379,9999822923,65,5910
docs\inst_test\instancias\n_1000_1,300,10,10,5,0.2000,42,9999357290,9999353138,63,5910
docs\inst_test\instancias\n_1000_1,300,10,10,5,0.1000,42,9999297471,9999292890,67,5910
docs\inst_test\instancias\n_1000_1,300,10,10,5,0.1000,2026,9999827425,9999822843,66,5910
docs\inst_test\instancias\n_1000_1,300,10,10,5,0.2000,123,9998886934,9998883463,67,5910
docs\inst_test\instancias\n_1000_1,300,10,10,5,0.3000,42,9999887034,9999883351,56,5910
docs\inst_test\instancias\n_1000_1,300,10,10,5,0.2000,2026,9999357281,9999353085,59,5910
docs\inst_test\instancias\n_1000_1,300,10,10,5,0.3000,123,9999416581,9999413709,55,5910
docs\inst_test\instancias\n_1000_1,300,10,10,10,0.1000,123,9999827379,9999822923,61,5910
docs\inst_test\instancias\n_1000_1,300,10,10,10,0.1000,42,9999297471,9999292890,63,5910
docs\inst_test\instancias\n_1000_1,300,10,10,5,0.3000,2026,9999887007,9999883468,63,5910
docs\inst_test\instancias\n_1000_1,300,10,10,10,0.1000,2026,9999827182,9999823283,64,5910
docs\inst_test\instancias\n_1000_1,300,10,10,10,0.2000,42,9998827387,9998822899,67,5910
docs\inst_test\instancias\n_1000_1,300,10,10,10,0.2000,123,9998886934,9998883463,59,5910
docs\inst_test\instancias\n_1000_1,300,10,10,10,0.2000,2026,9999357281,9999353085,60,5910
docs\inst_test\instancias\n_1000_1,300,10,10,10,0.3000,42,9999887034,9999883351,56,5910
docs\inst_test\instancias\n_1000_1,300,10,10,10,0.3000,123,9999416581,9999413709,50,5910
docs\inst_test\instancias\n_1000_1,300,10,10,10,0.3000,2026,9999887007,9999883468,53,5910
docs\inst_test\instancias\n_1000_1,300,10,10,20,0.1000,42,9999297471,9999292890,67,5910
docs\inst_test\instancias\n_1000_1,300,10,10,20,0.1000,123,9998827353,9998822863,62,5910
docs\inst_test\instancias\n_1000_1,300,10,10,20,0.1000,2026,9995297202,9995292594,61,5910
docs\inst_test\instancias\n_1000_1,300,10,10,20,0.2000,42,9998827387,9998822899,59,5910
docs\inst_test\instancias\n_1000_1,300,10,10,20,0.2000,2026,9999357281,9999353085,65,5910
docs\inst_test\instancias\n_1000_1,300,10,10,20,0.3000,42,9999887034,9999883351,54,5910
docs\inst_test\instancias\n_1000_1,300,10,10,20,0.3000,123,9999416581,9999413709,54,5910
docs\inst_test\instancias\n_1000_1,300,10,10,20,0.2000,123,9998357187,9998353072,84,5910
docs\inst_test\instancias\n_1000_1,300,10,10,20,0.3000,2026,9999887007,9999883468,66,5910
docs\inst_test\instancias\n_1000_1,300,10,15,5,0.1000,123,9999827379,9999822923,64,5910
docs\inst_test\instancias\n_1000_1,300,10,15,5,0.1000,42,9999297471,9999292890,71,5910
docs\inst_test\instancias\n_1000_1,300,10,15,5,0.1000,2026,9999827425,9999822843,68,5910
docs\inst_test\instancias\n_1000_1,300,10,15,5,0.2000,42,9999357290,9999353138,63,5910
docs\inst_test\instancias\n_1000_1,300,10,15,5,0.2000,123,9998886934,9998883463,62,5910
docs\inst_test\instancias\n_1000_1,300,10,15,5,0.2000,2026,9999357281,9999353085,65,5910
docs\inst_test\instancias\n_1000_1,300,10,15,5,0.3000,42,9999887034,9999883351,62,5910
docs\inst_test\instancias\n_1000_1,300,10,15,5,0.3000,2026,9999887007,9999883468,54,5910
docs\inst_test\instancias\n_1000_1,300,10,15,5,0.3000,123,9999416581,9999413709,59,5910
docs\inst_test\instancias\n_1000_1,300,10,15,10,0.1000,42,9999297471,9999292890,63,5910
docs\inst_test\instancias\n_1000_1,300,10,15,10,0.1000,123,9999827379,9999822923,62,5910
docs\inst_test\instancias\n_1000_1,300,10,15,10,0.1000,2026,9999827182,9999823283,64,5910
docs\inst_test\instancias\n_1000_1,300,10,15,10,0.2000,42,9998827387,9998822899,64,5910
docs\inst_test\instancias\n_1000_1,300,10,15,10,0.2000,123,9998886934,9998883463,59,5910
docs\inst_test\instancias\n_1000_1,300,10,15,10,0.2000,2026,9999357281,9999353085,58,5910
docs\inst_test\instancias\n_1000_1,300,10,15,10,0.3000,123,9999416581,9999413709,52,5910
docs\inst_test\instancias\n_1000_1,300,10,15,10,0.3000,42,9999887034,9999883351,62,5910
docs\inst_test\instancias\n_1000_1,300,10,15,10,0.3000,2026,9999887007,9999883468,68,5910
docs\inst_test\instancias\n_1000_1,300,10,15,20,0.2000,123,9998357187,9998353072,68,5910
docs\inst_test\instancias\n_1000_1,300,10,15,20,0.2000,2026,9999357281,9999353085,57,5910
docs\inst_test\instancias\n_1000_1,300,10,15,20,0.1000,42,9999297471,9999292890,98,5910
docs\inst_test\instancias\n_1000_1,300,10,15,20,0.1000,123,9998827353,9998822863,99,5910
docs\inst_test\instancias\n_1000_1,300,10,15,20,0.1000,2026,9995297202,9995292594,125,5910
docs\inst_test\instancias\n_1000_1,300,10,15,20,0.2000,42,9998827387,9998822899,126,5910
docs\inst_test\instancias\n_1000_1,300,10,15,20,0.3000,2026,9999887007,9999883468,71,5910
docs\inst_test\instancias\n_1000_1,300,10,15,20,0.3000,123,9999416581,9999413709,104,5910
docs\inst_test\instancias\n_1000_1,300,10,15,20,0.3000,42,9999887034,9999883351,138,5910
docs\inst_test\instancias\n_1000_1,300,15,7,5,0.1000,42,9999297471,9999292890,90,5910
docs\inst_test\instancias\n_1000_1,300,15,7,5,0.1000,2026,9999827425,9999822843,119,5910
docs\inst_test\instancias\n_1000_1,300,15,7,5,0.2000,123,9998886934,9998883463,94,5910
docs\inst_test\instancias\n_1000_1,300,15,7,5,0.3000,42,9999887034,9999883351,86,5910
docs\inst_test\instancias\n_1000_1,300,15,7,5,0.1000,123,9999827379,9999822923,147,5910
docs\inst_test\instancias\n_1000_1,300,15,7,5,0.2000,2026,9999357281,9999353085,95,5910
docs\inst_test\instancias\n_1000_1,300,15,7,5,0.2000,42,9999357290,9999353138,124,5910
docs\inst_test\instancias\n_1000_1,300,15,7,5,0.3000,2026,9999887007,9999883468,93,5910
docs\inst_test\instancias\n_1000_1,300,15,7,5,0.3000,123,9999416581,9999413709,98,5910
docs\inst_test\instancias\n_1000_1,300,15,7,10,0.1000,42,9999297471,9999292890,64,5910
docs\inst_test\instancias\n_1000_1,300,15,7,10,0.1000,123,9999827379,9999822923,71,5910
docs\inst_test\instancias\n_1000_1,300,15,7,10,0.2000,123,9998886934,9998883463,55,5910
docs\inst_test\instancias\n_1000_1,300,15,7,10,0.2000,42,9998827387,9998822899,64,5910
docs\inst_test\instancias\n_1000_1,300,15,7,10,0.1000,2026,9999827182,9999823283,72,5910
docs\inst_test\instancias\n_1000_1,300,15,7,10,0.2000,2026,9999357281,9999353085,56,5910
docs\inst_test\instancias\n_1000_1,300,15,7,10,0.3000,123,9999416581,9999413709,50,5910
docs\inst_test\instancias\n_1000_1,300,15,7,10,0.3000,42,9999887034,9999883351,58,5910
docs\inst_test\instancias\n_1000_1,300,15,7,10,0.3000,2026,9999887007,9999883468,54,5910
docs\inst_test\instancias\n_1000_1,300,15,7,20,0.1000,123,9998827353,9998822863,61,5910
docs\inst_test\instancias\n_1000_1,300,15,7,20,0.1000,42,9999297471,9999292890,64,5910
docs\inst_test\instancias\n_1000_1,300,15,7,20,0.2000,42,9998827387,9998822899,58,5910
docs\inst_test\instancias\n_1000_1,300,15,7,20,0.1000,2026,9995297202,9995292594,66,5910
docs\inst_test\instancias\n_1000_1,300,15,7,20,0.2000,123,9998357187,9998353072,64,5910
docs\inst_test\instancias\n_1000_1,300,15,7,20,0.2000,2026,9999357281,9999353085,63,5910
docs\inst_test\instancias\n_1000_1,300,15,7,20,0.3000,42,9999887034,9999883351,68,5910
docs\inst_test\instancias\n_1000_1,300,15,7,20,0.3000,123,9999416581,9999413709,51,5910
docs\inst_test\instancias\n_1000_1,300,15,7,20,0.3000,2026,9999887007,9999883468,51,5910
docs\inst_test\instancias\n_1000_1,300,15,10,5,0.1000,42,9999297471,9999292890,67,5910
docs\inst_test\instancias\n_1000_1,300,15,10,5,0.1000,123,9999827379,9999822923,69,5910
docs\inst_test\instancias\n_1000_1,300,15,10,5,0.2000,123,9998886934,9998883463,60,5910
docs\inst_test\instancias\n_1000_1,300,15,10,5,0.1000,2026,9999827425,9999822843,70,5910
docs\inst_test\instancias\n_1000_1,300,15,10,5,0.2000,42,9999357290,9999353138,67,5910
docs\inst_test\instancias\n_1000_1,300,15,10,5,0.2000,2026,9999357281,9999353085,61,5910
docs\inst_test\instancias\n_1000_1,300,15,10,5,0.3000,42,9999887034,9999883351,60,5910
docs\inst_test\instancias\n_1000_1,300,15,10,5,0.3000,123,9999416581,9999413709,57,5910
docs\inst_test\instancias\n_1000_1,300,15,10,5,0.3000,2026,9999887007,9999883468,60,5910
docs\inst_test\instancias\n_1000_1,300,15,10,10,0.1000,123,9999827379,9999822923,63,5910
docs\inst_test\instancias\n_1000_1,300,15,10,10,0.1000,2026,9999827182,9999823283,63,5910
docs\inst_test\instancias\n_1000_1,300,15,10,10,0.2000,42,9998827387,9998822899,61,5910
docs\inst_test\instancias\n_1000_1,300,15,10,10,0.1000,42,9999297471,9999292890,72,5910
docs\inst_test\instancias\n_1000_1,300,15,10,10,0.2000,2026,9999357281,9999353085,56,5910
docs\inst_test\instancias\n_1000_1,300,15,10,10,0.2000,123,9998886934,9998883463,64,5910
docs\inst_test\instancias\n_1000_1,300,15,10,10,0.3000,42,9999887034,9999883351,57,5910
docs\inst_test\instancias\n_1000_1,300,15,10,10,0.3000,123,9999416581,9999413709,49,5910
docs\inst_test\instancias\n_1000_1,300,15,10,10,0.3000,2026,9999887007,9999883468,58,5910
docs\inst_test\instancias\n_1000_1,300,15,10,20,0.1000,42,9999297471,9999292890,62,5910
docs\inst_test\instancias\n_1000_1,300,15,10,20,0.1000,123,9998827353,9998822863,61,5910
docs\inst_test\instancias\n_1000_1,300,15,10,20,0.2000,42,9998827387,9998822899,59,5910
docs\inst_test\instancias\n_1000_1,300,15,10,20,0.1000,2026,9995297202,9995292594,66,5910
docs\inst_test\instancias\n_1000_1,300,15,10,20,0.2000,123,9998357187,9998353072,60,5910
docs\inst_test\instancias\n_1000_1,300,15,10,20,0.2000,2026,9999357281,9999353085,65,5910
docs\inst_test\instancias\n_1000_1,300,15,10,20,0.3000,42,9999887034,9999883351,53,5910
docs\inst_test\instancias\n_1000_1,300,15,10,20,0.3000,2026,9999887007,9999883468,52,5910
docs\inst_test\instancias\n_1000_1,300,15,10,20,0.3000,123,9999416581,9999413709,63,5910
docs\inst_test\instancias\n_1000_1,300,15,15,5,0.1000,42,9999297471,9999292890,69,5910
docs\inst_test\instancias\n_1000_1,300,15,15,5,0.2000,42,9999357290,9999353138,63,5910
docs\inst_test\instancias\n_1000_1,300,15,15,5,0.1000,123,9999827379,9999822923,70,5910
docs\inst_test\instancias\n_1000_1,300,15,15,5,0.1000,2026,9999827425,9999822843,66,5910
docs\inst_test\instancias\n_1000_1,300,15,15,5,0.2000,123,9998886934,9998883463,66,5910
docs\inst_test\instancias\n_1000_1,300,15,15,5,0.2000,2026,9999357281,9999353085,62,5910
docs\inst_test\instancias\n_1000_1,300,15,15,5,0.3000,42,9999887034,9999883351,60,5910
docs\inst_test\instancias\n_1000_1,300,15,15,5,0.3000,123,9999416581,9999413709,55,5910
docs\inst_test\instancias\n_1000_1,300,15,15,5,0.3000,2026,9999887007,9999883468,61,5910
docs\inst_test\instancias\n_1000_1,300,15,15,10,0.1000,42,9999297471,9999292890,63,5910
docs\inst_test\instancias\n_1000_1,300,15,15,10,0.1000,2026,9999827182,9999823283,63,5910
docs\inst_test\instancias\n_1000_1,300,15,15,10,0.1000,123,9999827379,9999822923,66,5910
docs\inst_test\instancias\n_1000_1,300,15,15,10,0.2000,123,9998886934,9998883463,61,5910
docs\inst_test\instancias\n_1000_1,300,15,15,10,0.2000,42,9998827387,9998822899,61,5910
docs\inst_test\instancias\n_1000_1,300,15,15,10,0.3000,42,9999887034,9999883351,60,5910
docs\inst_test\instancias\n_1000_1,300,15,15,10,0.2000,2026,9999357281,9999353085,66,5910
docs\inst_test\instancias\n_1000_1,300,15,15,10,0.3000,123,9999416581,9999413709,52,5910
docs\inst_test\instancias\n_1000_1,300,15,15,10,0.3000,2026,9999887007,9999883468,54,5910
docs\inst_test\instancias\n_1000_1,300,15,15,20,0.1000,123,9998827353,9998822863,62,5910
docs\inst_test\instancias\n_1000_1,300,15,15,20,0.1000,42,9999297471,9999292890,69,5910
docs\inst_test\instancias\n_1000_1,300,15,15,20,0.2000,42,9998827387,9998822899,58,5910
docs\inst_test\instancias\n_1000_1,300,15,15,20,0.1000,2026,9995297202,9995292594,60,5910
docs\inst_test\instancias\n_1000_1,300,15,15,20,0.2000,123,9998357187,9998353072,60,5910
docs\inst_test\instancias\n_1000_1,300,15,15,20,0.2000,2026,9999357281,9999353085,55,5910
docs\inst_test\instancias\n_1000_1,300,15,15,20,0.3000,123,9999416581,9999413709,51,5910
docs\inst_test\instancias\n_1000_1,300,15,15,20,0.3000,42,9999887034,9999883351,58,5910
docs\inst_test\instancias\n_1000_1,300,15,15,20,0.3000,2026,9999887007,9999883468,52,5910
docs\inst_test\instancias\n_1000_1,300,20,7,5,0.1000,123,9999827379,9999822923,64,5910
docs\inst_test\instancias\n_1000_1,300,20,7,5,0.1000,42,9999297471,9999292890,69,5910
docs\inst_test\instancias\n_1000_1,300,20,7,5,0.1000,2026,9999827425,9999822843,65,5910
docs\inst_test\instancias\n_1000_1,300,20,7,5,0.2000,123,9998886934,9998883463,59,5910
docs\inst_test\instancias\n_1000_1,300,20,7,5,0.2000,42,9999357290,9999353138,63,5910
docs\inst_test\instancias\n_1000_1,300,20,7,5,0.2000,2026,9999357281,9999353085,59,5910
docs\inst_test\instancias\n_1000_1,300,20,7,5,0.3000,123,9999416581,9999413709,51,5910
docs\inst_test\instancias\n_1000_1,300,20,7,5,0.3000,42,9999887034,9999883351,66,5910
docs\inst_test\instancias\n_1000_1,300,20,7,5,0.3000,2026,9999887007,9999883468,54,5910
docs\inst_test\instancias\n_1000_1,300,20,7,10,0.1000,123,9999827379,9999822923,60,5910
docs\inst_test\instancias\n_1000_1,300,20,7,10,0.1000,42,9999297471,9999292890,67,5910
docs\inst_test\instancias\n_1000_1,300,20,7,10,0.2000,42,9998827387,9998822899,59,5910
docs\inst_test\instancias\n_1000_1,300,20,7,10,0.2000,123,9998886934,9998883463,57,5910
docs\inst_test\instancias\n_1000_1,300,20,7,10,0.1000,2026,9999827182,9999823283,67,5910
docs\inst_test\instancias\n_1000_1,300,20,7,10,0.2000,2026,9999357281,9999353085,59,5910
docs\inst_test\instancias\n_1000_1,300,20,7,10,0.3000,42,9999887034,9999883351,58,5910
docs\inst_test\instancias\n_1000_1,300,20,7,10,0.3000,123,9999416581,9999413709,57,5910
docs\inst_test\instancias\n_1000_1,300,20,7,10,0.3000,2026,9999887007,9999883468,53,5910
docs\inst_test\instancias\n_1000_1,300,20,7,20,0.1000,42,9999297471,9999292890,68,5910
docs\inst_test\instancias\n_1000_1,300,20,7,20,0.1000,123,9998827353,9998822863,60,5910
docs\inst_test\instancias\n_1000_1,300,20,7,20,0.2000,123,9998357187,9998353072,55,5910
docs\inst_test\instancias\n_1000_1,300,20,7,20,0.2000,42,9998827387,9998822899,60,5910
docs\inst_test\instancias\n_1000_1,300,20,7,20,0.1000,2026,9995297202,9995292594,64,5910
docs\inst_test\instancias\n_1000_1,300,20,7,20,0.2000,2026,9999357281,9999353085,61,5910
docs\inst_test\instancias\n_1000_1,300,20,7,20,0.3000,123,9999416581,9999413709,52,5910
docs\inst_test\instancias\n_1000_1,300,20,7,20,0.3000,42,9999887034,9999883351,59,5910
docs\inst_test\instancias\n_1000_1,300,20,7,20,0.3000,2026,9999887007,9999883468,54,5910
docs\inst_test\instancias\n_1000_1,300,20,10,5,0.2000,42,9999357290,9999353138,61,5910
docs\inst_test\instancias\n_1000_1,300,20,10,5,0.1000,123,9999827379,9999822923,64,5910
docs\inst_test\instancias\n_1000_1,300,20,10,5,0.1000,2026,9999827425,9999822843,66,5910
docs\inst_test\instancias\n_1000_1,300,20,10,5,0.1000,42,9999297471,9999292890,72,5910
docs\inst_test\instancias\n_1000_1,300,20,10,5,0.2000,123,9998886934,9998883463,61,5910
docs\inst_test\instancias\n_1000_1,300,20,10,5,0.2000,2026,9999357281,9999353085,63,5910
docs\inst_test\instancias\n_1000_1,300,20,10,5,0.3000,42,9999887034,9999883351,63,5910
docs\inst_test\instancias\n_1000_1,300,20,10,5,0.3000,123,9999416581,9999413709,53,5910
docs\inst_test\instancias\n_1000_1,300,20,10,5,0.3000,2026,9999887007,9999883468,57,5910
docs\inst_test\instancias\n_1000_1,300,20,10,10,0.2000,42,9998827387,9998822899,58,5910
docs\inst_test\instancias\n_1000_1,300,20,10,10,0.1000,42,9999297471,9999292890,64,5910
docs\inst_test\instancias\n_1000_1,300,20,10,10,0.1000,2026,9999827182,9999823283,62,5910
docs\inst_test\instancias\n_1000_1,300,20,10,10,0.1000,123,9999827379,9999822923,64,5910
docs\inst_test\instancias\n_1000_1,300,20,10,10,0.2000,2026,9999357281,9999353085,56,5910
docs\inst_test\instancias\n_1000_1,300,20,10,10,0.2000,123,9998886934,9998883463,63,5910
docs\inst_test\instancias\n_1000_1,300,20,10,10,0.3000,42,9999887034,9999883351,55,5910
docs\inst_test\instancias\n_1000_1,300,20,10,10,0.3000,123,9999416581,9999413709,51,5910
docs\inst_test\instancias\n_1000_1,300,20,10,10,0.3000,2026,9999887007,9999883468,56,5910
docs\inst_test\instancias\n_1000_1,300,20,10,20,0.1000,123,9998827353,9998822863,60,5910
docs\inst_test\instancias\n_1000_1,300,20,10,20,0.1000,42,9999297471,9999292890,62,5910
docs\inst_test\instancias\n_1000_1,300,20,10,20,0.1000,2026,9995297202,9995292594,64,5910
docs\inst_test\instancias\n_1000_1,300,20,10,20,0.2000,42,9998827387,9998822899,60,5910
docs\inst_test\instancias\n_1000_1,300,20,10,20,0.2000,2026,9999357281,9999353085,59,5910
docs\inst_test\instancias\n_1000_1,300,20,10,20,0.2000,123,9998357187,9998353072,66,5910
docs\inst_test\instancias\n_1000_1,300,20,10,20,0.3000,42,9999887034,9999883351,55,5910
docs\inst_test\instancias\n_1000_1,300,20,10,20,0.3000,123,9999416581,9999413709,51,5910
docs\inst_test\instancias\n_1000_1,300,20,10,20,0.3000,2026,9999887007,9999883468,52,5910
docs\inst_test\instancias\n_1000_1,300,20,15,5,0.1000,42,9999297471,9999292890,72,5910
docs\inst_test\instancias\n_1000_1,300,20,15,5,0.1000,123,9999827379,9999822923,68,5910
docs\inst_test\instancias\n_1000_1,300,20,15,5,0.1000,2026,9999827425,9999822843,65,5910
docs\inst_test\instancias\n_1000_1,300,20,15,5,0.2000,42,9999357290,9999353138,63,5910
docs\inst_test\instancias\n_1000_1,300,20,15,5,0.2000,123,9998886934,9998883463,63,5910
docs\inst_test\instancias\n_1000_1,300,20,15,5,0.2000,2026,9999357281,9999353085,63,5910
docs\inst_test\instancias\n_1000_1,300,20,15,5,0.3000,42,9999887034,9999883351,56,5910
docs\inst_test\instancias\n_1000_1,300,20,15,5,0.3000,123,9999416581,9999413709,52,5910
docs\inst_test\instancias\n_1000_1,300,20,15,5,0.3000,2026,9999887007,9999883468,60,5910
docs\inst_test\instancias\n_1000_1,300,20,15,10,0.1000,42,9999297471,9999292890,64,5910
docs\inst_test\instancias\n_1000_1,300,20,15,10,0.1000,123,9999827379,9999822923,63,5910
docs\inst_test\instancias\n_1000_1,300,20,15,10,0.1000,2026,9999827182,9999823283,63,5910
docs\inst_test\instancias\n_1000_1,300,20,15,10,0.2000,42,9998827387,9998822899,65,5910
docs\inst_test\instancias\n_1000_1,300,20,15,10,0.2000,2026,9999357281,9999353085,60,5910
docs\inst_test\instancias\n_1000_1,300,20,15,10,0.3000,42,9999887034,9999883351,57,5910
docs\inst_test\instancias\n_1000_1,300,20,15,10,0.2000,123,9998886934,9998883463,63,5910
docs\inst_test\instancias\n_1000_1,300,20,15,10,0.3000,123,9999416581,9999413709,51,5910
docs\inst_test\instancias\n_1000_1,300,20,15,10,0.3000,2026,9999887007,9999883468,56,5910
docs\inst_test\instancias\n_1000_1,300,20,15,20,0.1000,42,9999297471,9999292890,62,5910
docs\inst_test\instancias\n_1000_1,300,20,15,20,0.1000,123,9998827353,9998822863,59,5910
docs\inst_test\instancias\n_1000_1,300,20,15,20,0.1000,2026,9995297202,9995292594,62,5910
docs\inst_test\instancias\n_1000_1,300,20,15,20,0.2000,42,9998827387,9998822899,58,5910
docs\inst_test\instancias\n_1000_1,300,20,15,20,0.2000,2026,9999357281,9999353085,55,5910
docs\inst_test\instancias\n_1000_1,300,20,15,20,0.2000,123,9998357187,9998353072,64,5910
docs\inst_test\instancias\n_1000_1,300,20,15,20,0.3000,42,9999887034,9999883351,64,5910
docs\inst_test\instancias\n_1000_1,300,20,15,20,0.3000,123,9999416581,9999413709,58,5910
docs\inst_test\instancias\n_1000_1,300,20,15,20,0.3000,2026,9999887007,9999883468,53,5910
docs\inst_test\instancias\n_1000_1,500,10,7,5,0.2000,42,9999357290,9999353138,103,5910
docs\inst_test\instancias\n_1000_1,500,10,7,5,0.1000,42,9999297471,9999292890,117,5910
docs\inst_test\instancias\n_1000_1,500,10,7,5,0.2000,123,9999887035,9999883564,99,5910
docs\inst_test\instancias\n_1000_1,500,10,7,5,0.1000,123,9999827379,9999822923,111,5910
docs\inst_test\instancias\n_1000_1,500,10,7,5,0.1000,2026,9999827425,9999822843,112,5910
docs\inst_test\instancias\n_1000_1,500,10,7,5,0.3000,42,9999887034,9999883351,93,5910
docs\inst_test\instancias\n_1000_1,500,10,7,5,0.3000,123,9999416581,9999413709,89,5910
docs\inst_test\instancias\n_1000_1,500,10,7,5,0.2000,2026,9999357281,9999353085,108,5910
docs\inst_test\instancias\n_1000_1,500,10,7,10,0.1000,123,9999827379,9999822923,102,5910
docs\inst_test\instancias\n_1000_1,500,10,7,5,0.3000,2026,9999887007,9999883468,108,5910
docs\inst_test\instancias\n_1000_1,500,10,7,10,0.2000,42,9999357290,9999353138,101,5910
docs\inst_test\instancias\n_1000_1,500,10,7,10,0.1000,42,9999297471,9999292890,111,5910
docs\inst_test\instancias\n_1000_1,500,10,7,10,0.1000,2026,9999827425,9999822843,112,5910
docs\inst_test\instancias\n_1000_1,500,10,7,10,0.2000,123,9998886934,9998883463,97,5910
docs\inst_test\instancias\n_1000_1,500,10,7,10,0.3000,42,9999887034,9999883351,89,5910
docs\inst_test\instancias\n_1000_1,500,10,7,10,0.2000,2026,9999357281,9999353085,100,5910
docs\inst_test\instancias\n_1000_1,500,10,7,10,0.3000,123,9999416581,9999413709,88,5910
docs\inst_test\instancias\n_1000_1,500,10,7,10,0.3000,2026,9999887007,9999883468,91,5910
docs\inst_test\instancias\n_1000_1,500,10,7,20,0.1000,42,9999297486,9999292958,103,5910
docs\inst_test\instancias\n_1000_1,500,10,7,20,0.2000,42,9998827387,9998822899,96,5910
docs\inst_test\instancias\n_1000_1,500,10,7,20,0.1000,2026,9995297202,9995292594,101,5910
docs\inst_test\instancias\n_1000_1,500,10,7,20,0.2000,123,9998886934,9998883463,97,5910
docs\inst_test\instancias\n_1000_1,500,10,7,20,0.1000,123,9999827379,9999822923,108,5910
docs\inst_test\instancias\n_1000_1,500,10,7,20,0.2000,2026,9999357281,9999353085,98,5910
docs\inst_test\instancias\n_1000_1,500,10,7,20,0.3000,123,9999416581,9999413709,81,5910
docs\inst_test\instancias\n_1000_1,500,10,7,20,0.3000,42,9999887034,9999883351,92,5910
docs\inst_test\instancias\n_1000_1,500,10,7,20,0.3000,2026,9999887007,9999883468,87,5910
docs\inst_test\instancias\n_1000_1,500,10,10,5,0.2000,42,9999357290,9999353138,104,5910
docs\inst_test\instancias\n_1000_1,500,10,10,5,0.2000,123,9999887035,9999883564,105,5910
docs\inst_test\instancias\n_1000_1,500,10,10,5,0.1000,2026,9999827425,9999822843,112,5910
docs\inst_test\instancias\n_1000_1,500,10,10,5,0.1000,123,9999827379,9999822923,114,5910
docs\inst_test\instancias\n_1000_1,500,10,10,5,0.1000,42,9999297471,9999292890,122,5910
docs\inst_test\instancias\n_1000_1,500,10,10,5,0.2000,2026,9999357281,9999353085,100,5910
docs\inst_test\instancias\n_1000_1,500,10,10,5,0.3000,42,9999887034,9999883351,102,5910
docs\inst_test\instancias\n_1000_1,500,10,10,5,0.3000,123,9999416581,9999413709,94,5910
docs\inst_test\instancias\n_1000_1,500,10,10,5,0.3000,2026,9999887007,9999883468,98,5910
docs\inst_test\instancias\n_1000_1,500,10,10,10,0.1000,123,9999827379,9999822923,101,5910
docs\inst_test\instancias\n_1000_1,500,10,10,10,0.2000,42,9999357290,9999353138,97,5910
docs\inst_test\instancias\n_1000_1,500,10,10,10,0.1000,42,9999297471,9999292890,109,5910
docs\inst_test\instancias\n_1000_1,500,10,10,10,0.1000,2026,9999827425,9999822843,107,5910
docs\inst_test\instancias\n_1000_1,500,10,10,10,0.2000,123,9998886934,9998883463,100,5910
docs\inst_test\instancias\n_1000_1,500,10,10,10,0.3000,42,9999887034,9999883351,89,5910
docs\inst_test\instancias\n_1000_1,500,10,10,10,0.2000,2026,9999357281,9999353085,100,5910
docs\inst_test\instancias\n_1000_1,500,10,10,10,0.3000,123,9999416581,9999413709,85,5910
docs\inst_test\instancias\n_1000_1,500,10,10,10,0.3000,2026,9999887007,9999883468,108,5910
docs\inst_test\instancias\n_1000_1,500,10,10,20,0.1000,2026,9995297202,9995292594,106,5910
docs\inst_test\instancias\n_1000_1,500,10,10,20,0.1000,123,9999827379,9999822923,108,5910
docs\inst_test\instancias\n_1000_1,500,10,10,20,0.1000,42,9999297486,9999292958,116,5910
docs\inst_test\instancias\n_1000_1,500,10,10,20,0.2000,42,9998827387,9998822899,100,5910
docs\inst_test\instancias\n_1000_1,500,10,10,20,0.2000,2026,9999357281,9999353085,95,5910
docs\inst_test\instancias\n_1000_1,500,10,10,20,0.2000,123,9998886934,9998883463,114,5910
docs\inst_test\instancias\n_1000_1,500,10,10,20,0.3000,42,9999887034,9999883351,98,5910
docs\inst_test\instancias\n_1000_1,500,10,10,20,0.3000,123,9999416581,9999413709,84,5910
docs\inst_test\instancias\n_1000_1,500,10,10,20,0.3000,2026,9999887007,9999883468,86,5910
docs\inst_test\instancias\n_1000_1,500,10,15,5,0.1000,42,9999297471,9999292890,118,5910
docs\inst_test\instancias\n_1000_1,500,10,15,5,0.1000,123,9999827379,9999822923,117,5910
docs\inst_test\instancias\n_1000_1,500,10,15,5,0.2000,42,9999357290,9999353138,104,5910
docs\inst_test\instancias\n_1000_1,500,10,15,5,0.2000,123,9999887035,9999883564,100,5910
docs\inst_test\instancias\n_1000_1,500,10,15,5,0.1000,2026,9999827425,9999822843,119,5910
docs\inst_test\instancias\n_1000_1,500,10,15,5,0.2000,2026,9999357281,9999353085,107,5910
docs\inst_test\instancias\n_1000_1,500,10,15,5,0.3000,123,9999416581,9999413709,87,5910
docs\inst_test\instancias\n_1000_1,500,10,15,5,0.3000,42,9999887034,9999883351,104,5910
docs\inst_test\instancias\n_1000_1,500,10,15,5,0.3000,2026,9999887007,9999883468,98,5910
docs\inst_test\instancias\n_1000_1,500,10,15,10,0.1000,42,9999297471,9999292890,107,5910
docs\inst_test\instancias\n_1000_1,500,10,15,10,0.1000,123,9999827379,9999822923,102,5910
docs\inst_test\instancias\n_1000_1,500,10,15,10,0.1000,2026,9999827425,9999822843,103,5910
docs\inst_test\instancias\n_1000_1,500,10,15,10,0.2000,42,9999357290,9999353138,104,5910
docs\inst_test\instancias\n_1000_1,500,10,15,10,0.2000,123,9998886934,9998883463,99,5910
docs\inst_test\instancias\n_1000_1,500,10,15,10,0.2000,2026,9999357281,9999353085,104,5910
docs\inst_test\instancias\n_1000_1,500,10,15,10,0.3000,42,9999887034,9999883351,101,5910
docs\inst_test\instancias\n_1000_1,500,10,15,10,0.3000,123,9999416581,9999413709,85,5910
docs\inst_test\instancias\n_1000_1,500,10,15,10,0.3000,2026,9999887007,9999883468,93,5910
docs\inst_test\instancias\n_1000_1,500,10,15,20,0.1000,42,9999297486,9999292958,103,5910
docs\inst_test\instancias\n_1000_1,500,10,15,20,0.1000,123,9999827379,9999822923,101,5910
docs\inst_test\instancias\n_1000_1,500,10,15,20,0.1000,2026,9995297202,9995292594,102,5910
docs\inst_test\instancias\n_1000_1,500,10,15,20,0.2000,42,9998827387,9998822899,96,5910
docs\inst_test\instancias\n_1000_1,500,10,15,20,0.2000,123,9998886934,9998883463,91,5910
docs\inst_test\instancias\n_1000_1,500,10,15,20,0.2000,2026,9999357281,9999353085,93,5910
docs\inst_test\instancias\n_1000_1,500,10,15,20,0.3000,42,9999887034,9999883351,90,5910
docs\inst_test\instancias\n_1000_1,500,10,15,20,0.3000,123,9999416581,9999413709,84,5910
docs\inst_test\instancias\n_1000_1,500,10,15,20,0.3000,2026,9999887007,9999883468,85,5910
docs\inst_test\instancias\n_1000_1,500,15,7,5,0.1000,123,9999827379,9999822923,110,5910
docs\inst_test\instancias\n_1000_1,500,15,7,5,0.1000,42,9999297471,9999292890,114,5910
docs\inst_test\instancias\n_1000_1,500,15,7,5,0.1000,2026,9999827425,9999822843,109,5910
docs\inst_test\instancias\n_1000_1,500,15,7,5,0.2000,42,9999357290,9999353138,106,5910
docs\inst_test\instancias\n_1000_1,500,15,7,5,0.2000,123,9999887035,9999883564,101,5910
docs\inst_test\instancias\n_1000_1,500,15,7,5,0.2000,2026,9999357281,9999353085,105,5910
docs\inst_test\instancias\n_1000_1,500,15,7,5,0.3000,42,9999887034,9999883351,94,5910
docs\inst_test\instancias\n_1000_1,500,15,7,5,0.3000,123,9999416581,9999413709,92,5910
docs\inst_test\instancias\n_1000_1,500,15,7,5,0.3000,2026,9999887007,9999883468,96,5910
docs\inst_test\instancias\n_1000_1,500,15,7,10,0.1000,42,9999297471,9999292890,106,5910
docs\inst_test\instancias\n_1000_1,500,15,7,10,0.1000,123,9999827379,9999822923,103,5910
docs\inst_test\instancias\n_1000_1,500,15,7,10,0.2000,42,9999357290,9999353138,99,5910
docs\inst_test\instancias\n_1000_1,500,15,7,10,0.1000,2026,9999827425,9999822843,106,5910
docs\inst_test\instancias\n_1000_1,500,15,7,10,0.2000,123,9998886934,9998883463,94,5910
docs\inst_test\instancias\n_1000_1,500,15,7,10,0.2000,2026,9999357281,9999353085,93,5910
docs\inst_test\instancias\n_1000_1,500,15,7,10,0.3000,42,9999887034,9999883351,96,5910
docs\inst_test\instancias\n_1000_1,500,15,7,10,0.3000,123,9999416581,9999413709,87,5910
docs\inst_test\instancias\n_1000_1,500,15,7,10,0.3000,2026,9999887007,9999883468,87,5910
docs\inst_test\instancias\n_1000_1,500,15,7,20,0.1000,42,9999297486,9999292958,106,5910
docs\inst_test\instancias\n_1000_1,500,15,7,20,0.1000,123,9999827379,9999822923,106,5910
docs\inst_test\instancias\n_1000_1,500,15,7,20,0.2000,42,9998827387,9998822899,96,5910
docs\inst_test\instancias\n_1000_1,500,15,7,20,0.2000,123,9998886934,9998883463,92,5910
docs\inst_test\instancias\n_1000_1,500,15,7,20,0.1000,2026,9995297202,9995292594,110,5910
docs\inst_test\instancias\n_1000_1,500,15,7,20,0.2000,2026,9999357281,9999353085,94,5910
docs\inst_test\instancias\n_1000_1,500,15,7,20,0.3000,123,9999416581,9999413709,79,5910
docs\inst_test\instancias\n_1000_1,500,15,7,20,0.3000,42,9999887034,9999883351,92,5910
docs\inst_test\instancias\n_1000_1,500,15,7,20,0.3000,2026,9999887007,9999883468,84,5910
docs\inst_test\instancias\n_1000_1,500,15,10,5,0.1000,123,9999827379,9999822923,108,5910
docs\inst_test\instancias\n_1000_1,500,15,10,5,0.1000,2026,9999827425,9999822843,112,5910
docs\inst_test\instancias\n_1000_1,500,15,10,5,0.2000,42,9999357290,9999353138,109,5910
docs\inst_test\instancias\n_1000_1,500,15,10,5,0.1000,42,9999297471,9999292890,120,5910
docs\inst_test\instancias\n_1000_1,500,15,10,5,0.2000,123,9999887035,9999883564,99,5910
docs\inst_test\instancias\n_1000_1,500,15,10,5,0.3000,42,9999887034,9999883351,100,5910
docs\inst_test\instancias\n_1000_1,500,15,10,5,0.2000,2026,9999357281,9999353085,103,5910
docs\inst_test\instancias\n_1000_1,500,15,10,5,0.3000,123,9999416581,9999413709,91,5910
docs\inst_test\instancias\n_1000_1,500,15,10,5,0.3000,2026,9999887007,9999883468,95,5910
docs\inst_test\instancias\n_1000_1,500,15,10,10,0.1000,123,9999827379,9999822923,103,5910
docs\inst_test\instancias\n_1000_1,500,15,10,10,0.2000,42,9999357290,9999353138,102,5910
docs\inst_test\instancias\n_1000_1,500,15,10,10,0.1000,42,9999297471,9999292890,118,5910
docs\inst_test\instancias\n_1000_1,500,15,10,10,0.1000,2026,9999827425,9999822843,115,5910
docs\inst_test\instancias\n_1000_1,500,15,10,10,0.2000,123,9998886934,9998883463,94,5910
docs\inst_test\instancias\n_1000_1,500,15,10,10,0.2000,2026,9999357281,9999353085,94,5910
docs\inst_test\instancias\n_1000_1,500,15,10,10,0.3000,42,9999887034,9999883351,91,5910
docs\inst_test\instancias\n_1000_1,500,15,10,10,0.3000,123,9999416581,9999413709,83,5910
docs\inst_test\instancias\n_1000_1,500,15,10,10,0.3000,2026,9999887007,9999883468,89,5910
docs\inst_test\instancias\n_1000_1,500,15,10,20,0.1000,123,9999827379,9999822923,98,5910
docs\inst_test\instancias\n_1000_1,500,15,10,20,0.1000,42,9999297486,9999292958,108,5910
docs\inst_test\instancias\n_1000_1,500,15,10,20,0.1000,2026,9995297202,9995292594,104,5910
docs\inst_test\instancias\n_1000_1,500,15,10,20,0.2000,42,9998827387,9998822899,99,5910
docs\inst_test\instancias\n_1000_1,500,15,10,20,0.2000,123,9998886934,9998883463,109,5910
docs\inst_test\instancias\n_1000_1,500,15,10,20,0.3000,42,9999887034,9999883351,89,5910
docs\inst_test\instancias\n_1000_1,500,15,10,20,0.2000,2026,9999357281,9999353085,116,5910
docs\inst_test\instancias\n_1000_1,500,15,10,20,0.3000,123,9999416581,9999413709,85,5910
docs\inst_test\instancias\n_1000_1,500,15,10,20,0.3000,2026,9999887007,9999883468,83,5910
docs\inst_test\instancias\n_1000_1,500,15,15,5,0.1000,42,9999297471,9999292890,113,5910
docs\inst_test\instancias\n_1000_1,500,15,15,5,0.1000,123,9999827379,9999822923,121,5910
docs\inst_test\instancias\n_1000_1,500,15,15,5,0.2000,42,9999357290,9999353138,104,5910
docs\inst_test\instancias\n_1000_1,500,15,15,5,0.1000,2026,9999827425,9999822843,117,5910
docs\inst_test\instancias\n_1000_1,500,15,15,5,0.3000,42,9999887034,9999883351,93,5910
docs\inst_test\instancias\n_1000_1,500,15,15,5,0.2000,2026,9999357281,9999353085,107,5910
docs\inst_test\instancias\n_1000_1,500,15,15,5,0.2000,123,9999887035,9999883564,115,5910
docs\inst_test\instancias\n_1000_1,500,15,15,5,0.3000,123,9999416581,9999413709,86,5910
docs\inst_test\instancias\n_1000_1,500,15,15,5,0.3000,2026,9999887007,9999883468,97,5910
docs\inst_test\instancias\n_1000_1,500,15,15,10,0.1000,42,9999297471,9999292890,108,5910
docs\inst_test\instancias\n_1000_1,500,15,15,10,0.1000,123,9999827379,9999822923,101,5910
docs\inst_test\instancias\n_1000_1,500,15,15,10,0.1000,2026,9999827425,9999822843,114,5910
docs\inst_test\instancias\n_1000_1,500,15,15,10,0.2000,42,9999357290,9999353138,102,5910
docs\inst_test\instancias\n_1000_1,500,15,15,10,0.2000,123,9998886934,9998883463,103,5910
docs\inst_test\instancias\n_1000_1,500,15,15,10,0.3000,42,9999887034,9999883351,93,5910
docs\inst_test\instancias\n_1000_1,500,15,15,10,0.2000,2026,9999357281,9999353085,101,5910
docs\inst_test\instancias\n_1000_1,500,15,15,10,0.3000,123,9999416581,9999413709,85,5910
docs\inst_test\instancias\n_1000_1,500,15,15,10,0.3000,2026,9999887007,9999883468,88,5910
docs\inst_test\instancias\n_1000_1,500,15,15,20,0.1000,42,9999297486,9999292958,109,5910
docs\inst_test\instancias\n_1000_1,500,15,15,20,0.1000,123,9999827379,9999822923,98,5910
docs\inst_test\instancias\n_1000_1,500,15,15,20,0.2000,123,9998886934,9998883463,96,5910
docs\inst_test\instancias\n_1000_1,500,15,15,20,0.2000,2026,9999357281,9999353085,94,5910
docs\inst_test\instancias\n_1000_1,500,15,15,20,0.1000,2026,9995297202,9995292594,103,5910
docs\inst_test\instancias\n_1000_1,500,15,15,20,0.2000,42,9998827387,9998822899,102,5910
docs\inst_test\instancias\n_1000_1,500,15,15,20,0.3000,42,9999887034,9999883351,96,5910
docs\inst_test\instancias\n_1000_1,500,15,15,20,0.3000,123,9999416581,9999413709,81,5910
docs\inst_test\instancias\n_1000_1,500,15,15,20,0.3000,2026,9999887007,9999883468,84,5910
docs\inst_test\instancias\n_1000_1,500,20,7,5,0.2000,123,9999887035,9999883564,99,5910
docs\inst_test\instancias\n_1000_1,500,20,7,5,0.1000,42,9999297471,9999292890,112,5910
docs\inst_test\instancias\n_1000_1,500,20,7,5,0.1000,123,9999827379,9999822923,107,5910
docs\inst_test\instancias\n_1000_1,500,20,7,5,0.2000,42,9999357290,9999353138,115,5910
docs\inst_test\instancias\n_1000_1,500,20,7,5,0.1000,2026,9999827425,9999822843,121,5910
docs\inst_test\instancias\n_1000_1,500,20,7,5,0.2000,2026,9999357281,9999353085,108,5910
docs\inst_test\instancias\n_1000_1,500,20,7,5,0.3000,42,9999887034,9999883351,100,5910
docs\inst_test\instancias\n_1000_1,500,20,7,5,0.3000,123,9999416581,9999413709,98,5910
docs\inst_test\instancias\n_1000_1,500,20,7,5,0.3000,2026,9999887007,9999883468,93,5910
docs\inst_test\instancias\n_1000_1,500,20,7,10,0.1000,123,9999827379,9999822923,103,5910
docs\inst_test\instancias\n_1000_1,500,20,7,10,0.1000,42,9999297471,9999292890,109,5910
docs\inst_test\instancias\n_1000_1,500,20,7,10,0.2000,42,9999357290,9999353138,98,5910
docs\inst_test\instancias\n_1000_1,500,20,7,10,0.1000,2026,9999827425,9999822843,109,5910
docs\inst_test\instancias\n_1000_1,500,20,7,10,0.2000,123,9998886934,9998883463,97,5910
docs\inst_test\instancias\n_1000_1,500,20,7,10,0.2000,2026,9999357281,9999353085,96,5910
docs\inst_test\instancias\n_1000_1,500,20,7,10,0.3000,42,9999887034,9999883351,101,5910
docs\inst_test\instancias\n_1000_1,500,20,7,10,0.3000,123,9999416581,9999413709,91,5910
docs\inst_test\instancias\n_1000_1,500,20,7,10,0.3000,2026,9999887007,9999883468,88,5910
docs\inst_test\instancias\n_1000_1,500,20,7,20,0.1000,123,9999827379,9999822923,98,5910
docs\inst_test\instancias\n_1000_1,500,20,7,20,0.1000,42,9999297486,9999292958,105,5910
docs\inst_test\instancias\n_1000_1,500,20,7,20,0.1000,2026,9995297202,9995292594,103,5910
docs\inst_test\instancias\n_1000_1,500,20,7,20,0.2000,123,9998886934,9998883463,93,5910
docs\inst_test\instancias\n_1000_1,500,20,7,20,0.2000,42,9998827387,9998822899,98,5910
docs\inst_test\instancias\n_1000_1,500,20,7,20,0.2000,2026,9999357281,9999353085,91,5910
docs\inst_test\instancias\n_1000_1,500,20,7,20,0.3000,42,9999887034,9999883351,94,5910
docs\inst_test\instancias\n_1000_1,500,20,7,20,0.3000,123,9999416581,9999413709,89,5910
docs\inst_test\instancias\n_1000_1,500,20,7,20,0.3000,2026,9999887007,9999883468,94,5910
docs\inst_test\instancias\n_1000_1,500,20,10,5,0.1000,42,9999297471,9999292890,118,5910
docs\inst_test\instancias\n_1000_1,500,20,10,5,0.1000,123,9999827379,9999822923,110,5910
docs\inst_test\instancias\n_1000_1,500,20,10,5,0.2000,42,9999357290,9999353138,103,5910
docs\inst_test\instancias\n_1000_1,500,20,10,5,0.1000,2026,9999827425,9999822843,109,5910
docs\inst_test\instancias\n_1000_1,500,20,10,5,0.2000,123,9999887035,9999883564,114,5910
docs\inst_test\instancias\n_1000_1,500,20,10,5,0.3000,42,9999887034,9999883351,98,5910
docs\inst_test\instancias\n_1000_1,500,20,10,5,0.2000,2026,9999357281,9999353085,107,5910
docs\inst_test\instancias\n_1000_1,500,20,10,5,0.3000,123,9999416581,9999413709,101,5910
docs\inst_test\instancias\n_1000_1,500,20,10,5,0.3000,2026,9999887007,9999883468,100,5910
docs\inst_test\instancias\n_1000_1,500,20,10,10,0.1000,42,9999297471,9999292890,108,5910
docs\inst_test\instancias\n_1000_1,500,20,10,10,0.1000,123,9999827379,9999822923,103,5910
docs\inst_test\instancias\n_1000_1,500,20,10,10,0.1000,2026,9999827425,9999822843,107,5910
docs\inst_test\instancias\n_1000_1,500,20,10,10,0.2000,123,9998886934,9998883463,94,5910
docs\inst_test\instancias\n_1000_1,500,20,10,10,0.2000,2026,9999357281,9999353085,95,5910
docs\inst_test\instancias\n_1000_1,500,20,10,10,0.2000,42,9999357290,9999353138,106,5910
docs\inst_test\instancias\n_1000_1,500,20,10,10,0.3000,42,9999887034,9999883351,103,5910
docs\inst_test\instancias\n_1000_1,500,20,10,10,0.3000,123,9999416581,9999413709,92,5910
docs\inst_test\instancias\n_1000_1,500,20,10,10,0.3000,2026,9999887007,9999883468,85,5910
docs\inst_test\instancias\n_1000_1,500,20,10,20,0.1000,42,9999297486,9999292958,106,5910
docs\inst_test\instancias\n_1000_1,500,20,10,20,0.1000,123,9999827379,9999822923,102,5910
docs\inst_test\instancias\n_1000_1,500,20,10,20,0.2000,123,9998886934,9998883463,91,5910
docs\inst_test\instancias\n_1000_1,500,20,10,20,0.2000,42,9998827387,9998822899,96,5910
docs\inst_test\instancias\n_1000_1,500,20,10,20,0.1000,2026,9995297202,9995292594,102,5910
docs\inst_test\instancias\n_1000_1,500,20,10,20,0.3000,123,9999416581,9999413709,81,5910
docs\inst_test\instancias\n_1000_1,500,20,10,20,0.2000,2026,9999357281,9999353085,101,5910
docs\inst_test\instancias\n_1000_1,500,20,10,20,0.3000,42,9999887034,9999883351,96,5910
docs\inst_test\instancias\n_1000_1,500,20,10,20,0.3000,2026,9999887007,9999883468,84,5910
docs\inst_test\instancias\n_1000_1,500,20,15,5,0.1000,42,9999297471,9999292890,113,5910
docs\inst_test\instancias\n_1000_1,500,20,15,5,0.1000,123,9999827379,9999822923,108,5910
docs\inst_test\instancias\n_1000_1,500,20,15,5,0.1000,2026,9999827425,9999822843,108,5910
docs\inst_test\instancias\n_1000_1,500,20,15,5,0.2000,42,9999357290,9999353138,107,5910
docs\inst_test\instancias\n_1000_1,500,20,15,5,0.2000,123,9999887035,9999883564,109,5910
docs\inst_test\instancias\n_1000_1,500,20,15,5,0.2000,2026,9999357281,9999353085,107,5910
docs\inst_test\instancias\n_1000_1,500,20,15,5,0.3000,42,9999887034,9999883351,103,5910
docs\inst_test\instancias\n_1000_1,500,20,15,5,0.3000,123,9999416581,9999413709,93,5910
docs\inst_test\instancias\n_1000_1,500,20,15,5,0.3000,2026,9999887007,9999883468,96,5910
docs\inst_test\instancias\n_1000_1,500,20,15,10,0.1000,42,9999297471,9999292890,105,5910
docs\inst_test\instancias\n_1000_1,500,20,15,10,0.1000,123,9999827379,9999822923,106,5910
docs\inst_test\instancias\n_1000_1,500,20,15,10,0.1000,2026,9999827425,9999822843,108,5910
docs\inst_test\instancias\n_1000_1,500,20,15,10,0.2000,123,9998886934,9998883463,91,5910
docs\inst_test\instancias\n_1000_1,500,20,15,10,0.2000,42,9999357290,9999353138,102,5910
docs\inst_test\instancias\n_1000_1,500,20,15,10,0.2000,2026,9999357281,9999353085,98,5910
docs\inst_test\instancias\n_1000_1,500,20,15,10,0.3000,42,9999887034,9999883351,97,5910
docs\inst_test\instancias\n_1000_1,500,20,15,10,0.3000,123,9999416581,9999413709,92,5910
docs\inst_test\instancias\n_1000_1,500,20,15,10,0.3000,2026,9999887007,9999883468,88,5910
docs\inst_test\instancias\n_1000_1,500,20,15,20,0.1000,42,9999297486,9999292958,103,5910
docs\inst_test\instancias\n_1000_1,500,20,15,20,0.1000,123,9999827379,9999822923,104,5910
docs\inst_test\instancias\n_1000_1,500,20,15,20,0.2000,123,9998886934,9998883463,92,5910
docs\inst_test\instancias\n_1000_1,500,20,15,20,0.2000,42,9998827387,9998822899,96,5910
docs\inst_test\instancias\n_1000_1,500,20,15,20,0.2000,2026,9999357281,9999353085,93,5910
docs\inst_test\instancias\n_1000_1,500,20,15,20,0.1000,2026,9995297202,9995292594,107,5910
docs\inst_test\instancias\n_1000_1,500,20,15,20,0.3000,42,9999887034,9999883351,88,5910
docs\inst_test\instancias\n_1000_1,500,20,15,20,0.3000,123,9999416581,9999413709,82,5910
docs\inst_test\instancias\n_1000_1,500,20,15,20,0.3000,2026,9999887007,9999883468,85,5910
docs\inst_test\instancias\n_1000_10,100,10,7,5,0.1000,123,9980504397,9980493688,24,6606
docs\inst_test\instancias\n_1000_10,100,10,7,5,0.2000,42,9980504397,9980493688,26,6606
docs\inst_test\instancias\n_1000_10,100,10,7,5,0.3000,123,9980504397,9980493688,25,6606
docs\inst_test\instancias\n_1000_10,100,10,7,5,0.1000,42,9980504397,9980493688,27,6606
docs\inst_test\instancias\n_1000_10,100,10,7,5,0.2000,123,9980504397,9980493688,28,6606
docs\inst_test\instancias\n_1000_10,100,10,7,5,0.1000,2026,9980504397,9980493688,29,6606
docs\inst_test\instancias\n_1000_10,100,10,7,5,0.2000,2026,9980504397,9980493688,33,6606
docs\inst_test\instancias\n_1000_10,100,10,7,5,0.3000,42,9980504397,9980493688,41,6606
docs\inst_test\instancias\n_1000_10,100,10,7,5,0.3000,2026,9980504397,9980493688,25,6606
docs\inst_test\instancias\n_1000_10,100,10,7,10,0.1000,42,9980504397,9980493688,24,6606
docs\inst_test\instancias\n_1000_10,100,10,7,10,0.1000,2026,9980504397,9980493688,25,6606
docs\inst_test\instancias\n_1000_10,100,10,7,10,0.2000,42,9980504397,9980493688,24,6606
docs\inst_test\instancias\n_1000_10,100,10,7,10,0.2000,123,9980504397,9980493688,24,6606
docs\inst_test\instancias\n_1000_10,100,10,7,10,0.1000,123,9980504397,9980493688,27,6606
docs\inst_test\instancias\n_1000_10,100,10,7,10,0.2000,2026,9980504397,9980493688,23,6606
docs\inst_test\instancias\n_1000_10,100,10,7,10,0.3000,42,9980504397,9980493688,22,6606
docs\inst_test\instancias\n_1000_10,100,10,7,10,0.3000,123,9980504397,9980493688,22,6606
docs\inst_test\instancias\n_1000_10,100,10,7,10,0.3000,2026,9980504397,9980493688,22,6606
docs\inst_test\instancias\n_1000_10,100,10,7,20,0.1000,42,9980504397,9980493688,22,6606
docs\inst_test\instancias\n_1000_10,100,10,7,20,0.1000,2026,9980504397,9980493688,23,6606
docs\inst_test\instancias\n_1000_10,100,10,7,20,0.2000,42,9980504397,9980493688,23,6606
docs\inst_test\instancias\n_1000_10,100,10,7,20,0.2000,123,9980504397,9980493688,22,6606
docs\inst_test\instancias\n_1000_10,100,10,7,20,0.1000,123,9980504397,9980493688,27,6606
docs\inst_test\instancias\n_1000_10,100,10,7,20,0.2000,2026,9980504397,9980493688,22,6606
docs\inst_test\instancias\n_1000_10,100,10,7,20,0.3000,42,9980504397,9980493688,22,6606
docs\inst_test\instancias\n_1000_10,100,10,7,20,0.3000,123,9980504397,9980493688,22,6606
docs\inst_test\instancias\n_1000_10,100,10,7,20,0.3000,2026,9980504397,9980493688,23,6606
docs\inst_test\instancias\n_1000_10,100,10,10,5,0.1000,42,9980504397,9980493688,24,6606
docs\inst_test\instancias\n_1000_10,100,10,10,5,0.1000,123,9980504397,9980493688,24,6606
docs\inst_test\instancias\n_1000_10,100,10,10,5,0.1000,2026,9980504397,9980493688,25,6606
docs\inst_test\instancias\n_1000_10,100,10,10,5,0.2000,42,9980504397,9980493688,24,6606
docs\inst_test\instancias\n_1000_10,100,10,10,5,0.2000,123,9980504397,9980493688,23,6606
docs\inst_test\instancias\n_1000_10,100,10,10,5,0.3000,42,9980504397,9980493688,23,6606
docs\inst_test\instancias\n_1000_10,100,10,10,5,0.2000,2026,9980504397,9980493688,24,6606
docs\inst_test\instancias\n_1000_10,100,10,10,5,0.3000,123,9980504397,9980493688,23,6606
docs\inst_test\instancias\n_1000_10,100,10,10,10,0.1000,42,9980504397,9980493688,22,6606
docs\inst_test\instancias\n_1000_10,100,10,10,5,0.3000,2026,9980504397,9980493688,24,6606
docs\inst_test\instancias\n_1000_10,100,10,10,10,0.1000,2026,9980504397,9980493688,25,6606
docs\inst_test\instancias\n_1000_10,100,10,10,10,0.1000,123,9980504397,9980493688,28,6606
docs\inst_test\instancias\n_1000_10,100,10,10,10,0.2000,42,9980504397,9980493688,22,6606
docs\inst_test\instancias\n_1000_10,100,10,10,10,0.2000,123,9980504397,9980493688,22,6606
docs\inst_test\instancias\n_1000_10,100,10,10,10,0.2000,2026,9980504397,9980493688,24,6606
docs\inst_test\instancias\n_1000_10,100,10,10,10,0.3000,42,9980504397,9980493688,24,6606
docs\inst_test\instancias\n_1000_10,100,10,10,10,0.3000,123,9980504397,9980493688,23,6606
docs\inst_test\instancias\n_1000_10,100,10,10,10,0.3000,2026,9980504397,9980493688,22,6606
docs\inst_test\instancias\n_1000_10,100,10,10,20,0.1000,42,9980504397,9980493688,24,6606
docs\inst_test\instancias\n_1000_10,100,10,10,20,0.1000,123,9980504397,9980493688,24,6606
docs\inst_test\instancias\n_1000_10,100,10,10,20,0.1000,2026,9980504397,9980493688,24,6606
docs\inst_test\instancias\n_1000_10,100,10,10,20,0.2000,123,9980504397,9980493688,22,6606
docs\inst_test\instancias\n_1000_10,100,10,10,20,0.2000,42,9980504397,9980493688,25,6606
docs\inst_test\instancias\n_1000_10,100,10,10,20,0.2000,2026,9980504397,9980493688,24,6606
docs\inst_test\instancias\n_1000_10,100,10,10,20,0.3000,42,9980504397,9980493688,22,6606
docs\inst_test\instancias\n_1000_10,100,10,10,20,0.3000,123,9980504397,9980493688,24,6606
docs\inst_test\instancias\n_1000_10,100,10,10,20,0.3000,2026,9980504397,9980493688,22,6606
docs\inst_test\instancias\n_1000_10,100,10,15,5,0.1000,42,9980504397,9980493688,24,6606
docs\inst_test\instancias\n_1000_10,100,10,15,5,0.1000,123,9980504397,9980493688,23,6606
docs\inst_test\instancias\n_1000_10,100,10,15,5,0.1000,2026,9980504397,9980493688,24,6606
docs\inst_test\instancias\n_1000_10,100,10,15,5,0.2000,42,9980504397,9980493688,24,6606
docs\inst_test\instancias\n_1000_10,100,10,15,5,0.2000,2026,9980504397,9980493688,23,6606
docs\inst_test\instancias\n_1000_10,100,10,15,5,0.2000,123,9980504397,9980493688,26,6606
docs\inst_test\instancias\n_1000_10,100,10,15,5,0.3000,42,9980504397,9980493688,23,6606
docs\inst_test\instancias\n_1000_10,100,10,15,5,0.3000,123,9980504397,9980493688,23,6606
docs\inst_test\instancias\n_1000_10,100,10,15,10,0.1000,42,9980504397,9980493688,24,6606
docs\inst_test\instancias\n_1000_10,100,10,15,5,0.3000,2026,9980504397,9980493688,28,6606
docs\inst_test\instancias\n_1000_10,100,10,15,10,0.1000,123,9980504397,9980493688,23,6606
docs\inst_test\instancias\n_1000_10,100,10,15,10,0.1000,2026,9980504397,9980493688,23,6606
docs\inst_test\instancias\n_1000_10,100,10,15,10,0.2000,42,9980504397,9980493688,24,6606
docs\inst_test\instancias\n_1000_10,100,10,15,10,0.2000,2026,9980504397,9980493688,23,6606
docs\inst_test\instancias\n_1000_10,100,10,15,10,0.2000,123,9980504397,9980493688,24,6606
docs\inst_test\instancias\n_1000_10,100,10,15,10,0.3000,42,9980504397,9980493688,22,6606
docs\inst_test\instancias\n_1000_10,100,10,15,10,0.3000,123,9980504397,9980493688,21,6606
docs\inst_test\instancias\n_1000_10,100,10,15,10,0.3000,2026,9980504397,9980493688,23,6606
docs\inst_test\instancias\n_1000_10,100,10,15,20,0.1000,123,9980504397,9980493688,23,6606
docs\inst_test\instancias\n_1000_10,100,10,15,20,0.1000,42,9980504397,9980493688,24,6606
docs\inst_test\instancias\n_1000_10,100,10,15,20,0.1000,2026,9980504397,9980493688,23,6606
docs\inst_test\instancias\n_1000_10,100,10,15,20,0.2000,42,9980504397,9980493688,22,6606
docs\inst_test\instancias\n_1000_10,100,10,15,20,0.2000,2026,9980504397,9980493688,22,6606
docs\inst_test\instancias\n_1000_10,100,10,15,20,0.3000,42,9980504397,9980493688,23,6606
docs\inst_test\instancias\n_1000_10,100,10,15,20,0.2000,123,9980504397,9980493688,30,6606
docs\inst_test\instancias\n_1000_10,100,10,15,20,0.3000,123,9980504397,9980493688,27,6606
docs\inst_test\instancias\n_1000_10,100,10,15,20,0.3000,2026,9980504397,9980493688,22,6606
docs\inst_test\instancias\n_1000_10,100,15,7,5,0.1000,42,9980504397,9980493688,25,6606
docs\inst_test\instancias\n_1000_10,100,15,7,5,0.1000,123,9980504397,9980493688,23,6606
docs\inst_test\instancias\n_1000_10,100,15,7,5,0.1000,2026,9980504397,9980493688,25,6606
docs\inst_test\instancias\n_1000_10,100,15,7,5,0.2000,42,9980504397,9980493688,24,6606
docs\inst_test\instancias\n_1000_10,100,15,7,5,0.2000,123,9980504397,9980493688,23,6606
docs\inst_test\instancias\n_1000_10,100,15,7,5,0.2000,2026,9980504397,9980493688,30,6606
docs\inst_test\instancias\n_1000_10,100,15,7,5,0.3000,42,9980504397,9980493688,24,6606
docs\inst_test\instancias\n_1000_10,100,15,7,5,0.3000,123,9980504397,9980493688,24,6606
docs\inst_test\instancias\n_1000_10,100,15,7,10,0.1000,42,9980504397,9980493688,24,6606
docs\inst_test\instancias\n_1000_10,100,15,7,5,0.3000,2026,9980504397,9980493688,25,6606
docs\inst_test\instancias\n_1000_10,100,15,7,10,0.1000,123,9980504397,9980493688,24,6606
docs\inst_test\instancias\n_1000_10,100,15,7,10,0.1000,2026,9980504397,9980493688,23,6606
docs\inst_test\instancias\n_1000_10,100,15,7,10,0.2000,42,9980504397,9980493688,25,6606
docs\inst_test\instancias\n_1000_10,100,15,7,10,0.2000,123,9980504397,9980493688,24,6606
docs\inst_test\instancias\n_1000_10,100,15,7,10,0.2000,2026,9980504397,9980493688,24,6606
docs\inst_test\instancias\n_1000_10,100,15,7,10,0.3000,42,9980504397,9980493688,23,6606
docs\inst_test\instancias\n_1000_10,100,15,7,10,0.3000,123,9980504397,9980493688,24,6606
docs\inst_test\instancias\n_1000_10,100,15,7,10,0.3000,2026,9980504397,9980493688,24,6606
docs\inst_test\instancias\n_1000_10,100,15,7,20,0.1000,42,9980504397,9980493688,23,6606
docs\inst_test\instancias\n_1000_10,100,15,7,20,0.1000,123,9980504397,9980493688,23,6606
docs\inst_test\instancias\n_1000_10,100,15,7,20,0.1000,2026,9980504397,9980493688,26,6606
docs\inst_test\instancias\n_1000_10,100,15,7,20,0.2000,42,9980504397,9980493688,23,6606
docs\inst_test\instancias\n_1000_10,100,15,7,20,0.2000,123,9980504397,9980493688,25,6606
docs\inst_test\instancias\n_1000_10,100,15,7,20,0.2000,2026,9980504397,9980493688,25,6606
docs\inst_test\instancias\n_1000_10,100,15,7,20,0.3000,123,9980504397,9980493688,22,6606
docs\inst_test\instancias\n_1000_10,100,15,7,20,0.3000,2026,9980504397,9980493688,22,6606
docs\inst_test\instancias\n_1000_10,100,15,7,20,0.3000,42,9980504397,9980493688,26,6606
docs\inst_test\instancias\n_1000_10,100,15,10,5,0.1000,42,9980504397,9980493688,24,6606
docs\inst_test\instancias\n_1000_10,100,15,10,5,0.1000,123,9980504397,9980493688,24,6606
docs\inst_test\instancias\n_1000_10,100,15,10,5,0.1000,2026,9980504397,9980493688,25,6606
docs\inst_test\instancias\n_1000_10,100,15,10,5,0.2000,42,9980504397,9980493688,24,6606
docs\inst_test\instancias\n_1000_10,100,15,10,5,0.3000,123,9980504397,9980493688,25,6606
docs\inst_test\instancias\n_1000_10,100,15,10,5,0.2000,2026,9980504397,9980493688,28,6606
docs\inst_test\instancias\n_1000_10,100,15,10,5,0.3000,2026,9980504397,9980493688,23,6606
docs\inst_test\instancias\n_1000_10,100,15,10,5,0.2000,123,9980504397,9980493688,35,6606
docs\inst_test\instancias\n_1000_10,100,15,10,5,0.3000,42,9980504397,9980493688,34,6606
docs\inst_test\instancias\n_1000_10,100,15,10,10,0.1000,42,9980504397,9980493688,23,6606
docs\inst_test\instancias\n_1000_10,100,15,10,10,0.1000,123,9980504397,9980493688,23,6606
docs\inst_test\instancias\n_1000_10,100,15,10,10,0.1000,2026,9980504397,9980493688,24,6606
docs\inst_test\instancias\n_1000_10,100,15,10,10,0.2000,2026,9980504397,9980493688,22,6606
docs\inst_test\instancias\n_1000_10,100,15,10,10,0.2000,42,9980504397,9980493688,26,6606
docs\inst_test\instancias\n_1000_10,100,15,10,10,0.3000,42,9980504397,9980493688,23,6606
docs\inst_test\instancias\n_1000_10,100,15,10,10,0.3000,2026,9980504397,9980493688,22,6606
docs\inst_test\instancias\n_1000_10,100,15,10,20,0.1000,42,9980504397,9980493688,23,6606
docs\inst_test\instancias\n_1000_10,100,15,10,20,0.1000,123,9980504397,9980493688,23,6606
docs\inst_test\instancias\n_1000_10,100,15,10,10,0.2000,123,9980504397,9980493688,41,6606
docs\inst_test\instancias\n_1000_10,100,15,10,20,0.1000,2026,9980504397,9980493688,23,6606
docs\inst_test\instancias\n_1000_10,100,15,10,10,0.3000,123,9980504397,9980493688,40,6606
docs\inst_test\instancias\n_1000_10,100,15,10,20,0.2000,42,9980504397,9980493688,23,6606
docs\inst_test\instancias\n_1000_10,100,15,10,20,0.2000,123,9980504397,9980493688,22,6606
docs\inst_test\instancias\n_1000_10,100,15,10,20,0.2000,2026,9980504397,9980493688,25,6606
docs\inst_test\instancias\n_1000_10,100,15,10,20,0.3000,42,9980504397,9980493688,23,6606
docs\inst_test\instancias\n_1000_10,100,15,10,20,0.3000,123,9980504397,9980493688,21,6606
docs\inst_test\instancias\n_1000_10,100,15,15,5,0.1000,42,9980504397,9980493688,25,6606
docs\inst_test\instancias\n_1000_10,100,15,15,5,0.2000,42,9980504397,9980493688,24,6606
docs\inst_test\instancias\n_1000_10,100,15,15,5,0.1000,2026,9980504397,9980493688,26,6606
docs\inst_test\instancias\n_1000_10,100,15,10,20,0.3000,2026,9980504397,9980493688,34,6606
docs\inst_test\instancias\n_1000_10,100,15,15,5,0.2000,123,9980504397,9980493688,24,6606
docs\inst_test\instancias\n_1000_10,100,15,15,5,0.2000,2026,9980504397,9980493688,23,6606
docs\inst_test\instancias\n_1000_10,100,15,15,5,0.1000,123,9980504397,9980493688,34,6606
docs\inst_test\instancias\n_1000_10,100,15,15,5,0.3000,42,9980504397,9980493688,24,6606
docs\inst_test\instancias\n_1000_10,100,15,15,5,0.3000,123,9980504397,9980493688,23,6606
docs\inst_test\instancias\n_1000_10,100,15,15,5,0.3000,2026,9980504397,9980493688,24,6606
docs\inst_test\instancias\n_1000_10,100,15,15,10,0.1000,42,9980504397,9980493688,22,6606
docs\inst_test\instancias\n_1000_10,100,15,15,10,0.1000,123,9980504397,9980493688,24,6606
docs\inst_test\instancias\n_1000_10,100,15,15,10,0.1000,2026,9980504397,9980493688,23,6606
docs\inst_test\instancias\n_1000_10,100,15,15,10,0.2000,42,9980504397,9980493688,23,6606
docs\inst_test\instancias\n_1000_10,100,15,15,10,0.2000,123,9980504397,9980493688,23,6606
docs\inst_test\instancias\n_1000_10,100,15,15,10,0.2000,2026,9980504397,9980493688,23,6606
docs\inst_test\instancias\n_1000_10,100,15,15,10,0.3000,42,9980504397,9980493688,23,6606
docs\inst_test\instancias\n_1000_10,100,15,15,10,0.3000,123,9980504397,9980493688,22,6606
docs\inst_test\instancias\n_1000_10,100,15,15,20,0.1000,123,9980504397,9980493688,23,6606
docs\inst_test\instancias\n_1000_10,100,15,15,20,0.1000,2026,9980504397,9980493688,24,6606
docs\inst_test\instancias\n_1000_10,100,15,15,10,0.3000,2026,9980504397,9980493688,31,6606
docs\inst_test\instancias\n_1000_10,100,15,15,20,0.2000,42,9980504397,9980493688,23,6606
docs\inst_test\instancias\n_1000_10,100,15,15,20,0.1000,42,9980504397,9980493688,31,6606
docs\inst_test\instancias\n_1000_10,100,15,15,20,0.2000,123,9980504397,9980493688,22,6606
docs\inst_test\instancias\n_1000_10,100,15,15,20,0.2000,2026,9980504397,9980493688,23,6606
docs\inst_test\instancias\n_1000_10,100,15,15,20,0.3000,42,9980504397,9980493688,23,6606
docs\inst_test\instancias\n_1000_10,100,15,15,20,0.3000,123,9980504397,9980493688,22,6606
docs\inst_test\instancias\n_1000_10,100,15,15,20,0.3000,2026,9980504397,9980493688,22,6606
docs\inst_test\instancias\n_1000_10,100,20,7,5,0.1000,123,9980504397,9980493688,24,6606
docs\inst_test\instancias\n_1000_10,100,20,7,5,0.2000,42,9980504397,9980493688,25,6606
docs\inst_test\instancias\n_1000_10,100,20,7,5,0.2000,123,9980504397,9980493688,22,6606
docs\inst_test\instancias\n_1000_10,100,20,7,5,0.1000,42,9980504397,9980493688,34,6606
docs\inst_test\instancias\n_1000_10,100,20,7,5,0.2000,2026,9980504397,9980493688,24,6606
docs\inst_test\instancias\n_1000_10,100,20,7,5,0.1000,2026,9980504397,9980493688,40,6606
docs\inst_test\instancias\n_1000_10,100,20,7,5,0.3000,123,9980504397,9980493688,23,6606
docs\inst_test\instancias\n_1000_10,100,20,7,5,0.3000,42,9980504397,9980493688,25,6606
docs\inst_test\instancias\n_1000_10,100,20,7,5,0.3000,2026,9980504397,9980493688,23,6606
docs\inst_test\instancias\n_1000_10,100,20,7,10,0.1000,42,9980504397,9980493688,24,6606
docs\inst_test\instancias\n_1000_10,100,20,7,10,0.1000,2026,9980504397,9980493688,23,6606
docs\inst_test\instancias\n_1000_10,100,20,7,10,0.1000,123,9980504397,9980493688,25,6606
docs\inst_test\instancias\n_1000_10,100,20,7,10,0.2000,42,9980504397,9980493688,23,6606
docs\inst_test\instancias\n_1000_10,100,20,7,10,0.2000,123,9980504397,9980493688,22,6606
docs\inst_test\instancias\n_1000_10,100,20,7,10,0.2000,2026,9980504397,9980493688,23,6606
docs\inst_test\instancias\n_1000_10,100,20,7,10,0.3000,42,9980504397,9980493688,24,6606
docs\inst_test\instancias\n_1000_10,100,20,7,10,0.3000,123,9980504397,9980493688,23,6606
docs\inst_test\instancias\n_1000_10,100,20,7,10,0.3000,2026,9980504397,9980493688,22,6606
docs\inst_test\instancias\n_1000_10,100,20,7,20,0.1000,42,9980504397,9980493688,23,6606
docs\inst_test\instancias\n_1000_10,100,20,7,20,0.1000,123,9980504397,9980493688,22,6606
docs\inst_test\instancias\n_1000_10,100,20,7,20,0.1000,2026,9980504397,9980493688,26,6606
docs\inst_test\instancias\n_1000_10,100,20,7,20,0.2000,42,9980504397,9980493688,24,6606
docs\inst_test\instancias\n_1000_10,100,20,7,20,0.2000,123,9980504397,9980493688,22,6606
docs\inst_test\instancias\n_1000_10,100,20,7,20,0.3000,42,9980504397,9980493688,22,6606
docs\inst_test\instancias\n_1000_10,100,20,7,20,0.2000,2026,9980504397,9980493688,25,6606
docs\inst_test\instancias\n_1000_10,100,20,7,20,0.3000,123,9980504397,9980493688,23,6606
docs\inst_test\instancias\n_1000_10,100,20,7,20,0.3000,2026,9980504397,9980493688,22,6606
docs\inst_test\instancias\n_1000_10,100,20,10,5,0.1000,42,9980504397,9980493688,25,6606
docs\inst_test\instancias\n_1000_10,100,20,10,5,0.1000,2026,9980504397,9980493688,25,6606
docs\inst_test\instancias\n_1000_10,100,20,10,5,0.2000,42,9980504397,9980493688,24,6606
docs\inst_test\instancias\n_1000_10,100,20,10,5,0.1000,123,9980504397,9980493688,28,6606
docs\inst_test\instancias\n_1000_10,100,20,10,5,0.2000,123,9980504397,9980493688,24,6606
docs\inst_test\instancias\n_1000_10,100,20,10,5,0.2000,2026,9980504397,9980493688,23,6606
docs\inst_test\instancias\n_1000_10,100,20,10,5,0.3000,42,9980504397,9980493688,27,6606
docs\inst_test\instancias\n_1000_10,100,20,10,5,0.3000,123,9980504397,9980493688,23,6606
docs\inst_test\instancias\n_1000_10,100,20,10,5,0.3000,2026,9980504397,9980493688,23,6606
docs\inst_test\instancias\n_1000_10,100,20,10,10,0.1000,42,9980504397,9980493688,23,6606
docs\inst_test\instancias\n_1000_10,100,20,10,10,0.1000,123,9980504397,9980493688,22,6606
docs\inst_test\instancias\n_1000_10,100,20,10,10,0.1000,2026,9980504397,9980493688,23,6606
docs\inst_test\instancias\n_1000_10,100,20,10,10,0.2000,42,9980504397,9980493688,22,6606
docs\inst_test\instancias\n_1000_10,100,20,10,10,0.2000,123,9980504397,9980493688,27,6606
docs\inst_test\instancias\n_1000_10,100,20,10,10,0.3000,42,9980504397,9980493688,22,6606
docs\inst_test\instancias\n_1000_10,100,20,10,10,0.3000,123,9980504397,9980493688,22,6606
docs\inst_test\instancias\n_1000_10,100,20,10,10,0.2000,2026,9980504397,9980493688,30,6606
docs\inst_test\instancias\n_1000_10,100,20,10,10,0.3000,2026,9980504397,9980493688,23,6606
docs\inst_test\instancias\n_1000_10,100,20,10,20,0.1000,42,9980504397,9980493688,23,6606
docs\inst_test\instancias\n_1000_10,100,20,10,20,0.1000,123,9980504397,9980493688,23,6606
docs\inst_test\instancias\n_1000_10,100,20,10,20,0.1000,2026,9980504397,9980493688,23,6606
docs\inst_test\instancias\n_1000_10,100,20,10,20,0.2000,42,9980504397,9980493688,22,6606
docs\inst_test\instancias\n_1000_10,100,20,10,20,0.2000,123,9980504397,9980493688,24,6606
docs\inst_test\instancias\n_1000_10,100,20,10,20,0.2000,2026,9980504397,9980493688,23,6606
docs\inst_test\instancias\n_1000_10,100,20,10,20,0.3000,42,9980504397,9980493688,24,6606
docs\inst_test\instancias\n_1000_10,100,20,10,20,0.3000,123,9980504397,9980493688,25,6606
docs\inst_test\instancias\n_1000_10,100,20,10,20,0.3000,2026,9980504397,9980493688,27,6606
docs\inst_test\instancias\n_1000_10,100,20,15,5,0.1000,42,9980504397,9980493688,26,6606
docs\inst_test\instancias\n_1000_10,100,20,15,5,0.1000,123,9980504397,9980493688,26,6606
docs\inst_test\instancias\n_1000_10,100,20,15,5,0.1000,2026,9980504397,9980493688,26,6606
docs\inst_test\instancias\n_1000_10,100,20,15,5,0.2000,123,9980504397,9980493688,25,6606
docs\inst_test\instancias\n_1000_10,100,20,15,5,0.2000,2026,9980504397,9980493688,24,6606
docs\inst_test\instancias\n_1000_10,100,20,15,5,0.2000,42,9980504397,9980493688,31,6606
docs\inst_test\instancias\n_1000_10,100,20,15,5,0.3000,42,9980504397,9980493688,23,6606
docs\inst_test\instancias\n_1000_10,100,20,15,5,0.3000,2026,9980504397,9980493688,23,6606
docs\inst_test\instancias\n_1000_10,100,20,15,5,0.3000,123,9980504397,9980493688,24,6606
docs\inst_test\instancias\n_1000_10,100,20,15,10,0.1000,123,9980504397,9980493688,23,6606
docs\inst_test\instancias\n_1000_10,100,20,15,10,0.1000,42,9980504397,9980493688,30,6606
docs\inst_test\instancias\n_1000_10,100,20,15,10,0.1000,2026,9980504397,9980493688,25,6606
docs\inst_test\instancias\n_1000_10,100,20,15,10,0.2000,123,9980504397,9980493688,25,6606
docs\inst_test\instancias\n_1000_10,100,20,15,10,0.2000,2026,9980504397,9980493688,22,6606
docs\inst_test\instancias\n_1000_10,100,20,15,10,0.2000,42,9980504397,9980493688,29,6606
docs\inst_test\instancias\n_1000_10,100,20,15,10,0.3000,123,9980504397,9980493688,22,6606
docs\inst_test\instancias\n_1000_10,100,20,15,10,0.3000,2026,9980504397,9980493688,22,6606
docs\inst_test\instancias\n_1000_10,100,20,15,10,0.3000,42,9980504397,9980493688,29,6606
docs\inst_test\instancias\n_1000_10,100,20,15,20,0.1000,42,9980504397,9980493688,22,6606
docs\inst_test\instancias\n_1000_10,100,20,15,20,0.1000,123,9980504397,9980493688,22,6606
docs\inst_test\instancias\n_1000_10,100,20,15,20,0.1000,2026,9980504397,9980493688,23,6606
docs\inst_test\instancias\n_1000_10,100,20,15,20,0.2000,42,9980504397,9980493688,23,6606
docs\inst_test\instancias\n_1000_10,100,20,15,20,0.2000,2026,9980504397,9980493688,22,6606
docs\inst_test\instancias\n_1000_10,100,20,15,20,0.2000,123,9980504397,9980493688,28,6606
docs\inst_test\instancias\n_1000_10,100,20,15,20,0.3000,42,9980504397,9980493688,22,6606
docs\inst_test\instancias\n_1000_10,100,20,15,20,0.3000,123,9980504397,9980493688,22,6606
docs\inst_test\instancias\n_1000_10,100,20,15,20,0.3000,2026,9980504397,9980493688,25,6606
docs\inst_test\instancias\n_1000_10,300,10,7,5,0.1000,42,9980504397,9980493688,76,6606
docs\inst_test\instancias\n_1000_10,300,10,7,5,0.1000,2026,9980504650,9980493853,75,6606
docs\inst_test\instancias\n_1000_10,300,10,7,5,0.1000,123,9980504397,9980493688,76,6606
docs\inst_test\instancias\n_1000_10,300,10,7,5,0.2000,42,9980504397,9980493688,73,6606
docs\inst_test\instancias\n_1000_10,300,10,7,5,0.2000,123,9980504397,9980493688,73,6606
docs\inst_test\instancias\n_1000_10,300,10,7,5,0.2000,2026,9980504397,9980493688,73,6606
docs\inst_test\instancias\n_1000_10,300,10,7,5,0.3000,42,9980504397,9980493688,74,6606
docs\inst_test\instancias\n_1000_10,300,10,7,5,0.3000,123,9980504397,9980493688,73,6606
docs\inst_test\instancias\n_1000_10,300,10,7,10,0.1000,42,9980504529,9980493829,70,6606
docs\inst_test\instancias\n_1000_10,300,10,7,5,0.3000,2026,9980504397,9980493688,80,6606
docs\inst_test\instancias\n_1000_10,300,10,7,10,0.1000,123,9980504397,9980493688,74,6606
docs\inst_test\instancias\n_1000_10,300,10,7,10,0.2000,2026,9980504397,9980493688,72,6606
docs\inst_test\instancias\n_1000_10,300,10,7,10,0.2000,42,9980504397,9980493688,75,6606
docs\inst_test\instancias\n_1000_10,300,10,7,10,0.3000,42,9980504397,9980493688,71,6606
docs\inst_test\instancias\n_1000_10,300,10,7,10,0.1000,2026,9980504650,9980493853,83,6606
docs\inst_test\instancias\n_1000_10,300,10,7,10,0.2000,123,9980504397,9980493688,81,6606
docs\inst_test\instancias\n_1000_10,300,10,7,10,0.3000,123,9980504397,9980493688,68,6606
docs\inst_test\instancias\n_1000_10,300,10,7,10,0.3000,2026,9980504397,9980493688,68,6606
docs\inst_test\instancias\n_1000_10,300,10,7,20,0.1000,2026,9980504397,9980493688,71,6606
docs\inst_test\instancias\n_1000_10,300,10,7,20,0.2000,123,9980504397,9980493688,68,6606
docs\inst_test\instancias\n_1000_10,300,10,7,20,0.1000,42,9980504397,9980493688,79,6606
docs\inst_test\instancias\n_1000_10,300,10,7,20,0.2000,2026,9980504397,9980493688,67,6606
docs\inst_test\instancias\n_1000_10,300,10,7,20,0.1000,123,9980504397,9980493688,74,6606
docs\inst_test\instancias\n_1000_10,300,10,7,20,0.2000,42,9980504397,9980493688,75,6606
docs\inst_test\instancias\n_1000_10,300,10,7,20,0.3000,42,9980504397,9980493688,64,6606
docs\inst_test\instancias\n_1000_10,300,10,7,20,0.3000,123,9980504397,9980493688,67,6606
docs\inst_test\instancias\n_1000_10,300,10,7,20,0.3000,2026,9980504397,9980493688,71,6606
docs\inst_test\instancias\n_1000_10,300,10,10,5,0.2000,123,9980504397,9980493688,73,6606
docs\inst_test\instancias\n_1000_10,300,10,10,5,0.1000,123,9980504397,9980493688,77,6606
docs\inst_test\instancias\n_1000_10,300,10,10,5,0.1000,42,9980504397,9980493688,79,6606
docs\inst_test\instancias\n_1000_10,300,10,10,5,0.1000,2026,9980504650,9980493853,77,6606
docs\inst_test\instancias\n_1000_10,300,10,10,5,0.2000,42,9980504397,9980493688,77,6606
docs\inst_test\instancias\n_1000_10,300,10,10,5,0.3000,42,9980504397,9980493688,69,6606
docs\inst_test\instancias\n_1000_10,300,10,10,5,0.2000,2026,9980504397,9980493688,78,6606
docs\inst_test\instancias\n_1000_10,300,10,10,10,0.1000,42,9980504529,9980493829,70,6606
docs\inst_test\instancias\n_1000_10,300,10,10,10,0.2000,42,9980504397,9980493688,70,6606
docs\inst_test\instancias\n_1000_10,300,10,10,5,0.3000,2026,9980504397,9980493688,74,6606
docs\inst_test\instancias\n_1000_10,300,10,10,5,0.3000,123,9980504397,9980493688,81,6606
docs\inst_test\instancias\n_1000_10,300,10,10,10,0.1000,123,9980504397,9980493688,74,6606
docs\inst_test\instancias\n_1000_10,300,10,10,10,0.1000,2026,9980504650,9980493853,79,6606
docs\inst_test\instancias\n_1000_10,300,10,10,10,0.2000,123,9980504397,9980493688,71,6606
docs\inst_test\instancias\n_1000_10,300,10,10,10,0.2000,2026,9980504397,9980493688,69,6606
docs\inst_test\instancias\n_1000_10,300,10,10,10,0.3000,42,9980504397,9980493688,66,6606
docs\inst_test\instancias\n_1000_10,300,10,10,10,0.3000,2026,9980504397,9980493688,65,6606
docs\inst_test\instancias\n_1000_10,300,10,10,20,0.1000,42,9980504397,9980493688,70,6606
docs\inst_test\instancias\n_1000_10,300,10,10,10,0.3000,123,9980504397,9980493688,75,6606
docs\inst_test\instancias\n_1000_10,300,10,10,20,0.1000,123,9980504397,9980493688,72,6606
docs\inst_test\instancias\n_1000_10,300,10,10,20,0.1000,2026,9980504397,9980493688,75,6606
docs\inst_test\instancias\n_1000_10,300,10,10,20,0.2000,42,9980504397,9980493688,72,6606
docs\inst_test\instancias\n_1000_10,300,10,10,20,0.2000,123,9980504397,9980493688,79,6606
docs\inst_test\instancias\n_1000_10,300,10,10,20,0.2000,2026,9980504397,9980493688,68,6606
docs\inst_test\instancias\n_1000_10,300,10,10,20,0.3000,123,9980504397,9980493688,64,6606
docs\inst_test\instancias\n_1000_10,300,10,10,20,0.3000,42,9980504397,9980493688,71,6606
docs\inst_test\instancias\n_1000_10,300,10,10,20,0.3000,2026,9980504397,9980493688,64,6606
docs\inst_test\instancias\n_1000_10,300,10,15,5,0.1000,42,9980504397,9980493688,75,6606
docs\inst_test\instancias\n_1000_10,300,10,15,5,0.1000,123,9980504397,9980493688,80,6606
docs\inst_test\instancias\n_1000_10,300,10,15,5,0.2000,42,9980504397,9980493688,72,6606
docs\inst_test\instancias\n_1000_10,300,10,15,5,0.1000,2026,9980504650,9980493853,78,6606
docs\inst_test\instancias\n_1000_10,300,10,15,5,0.3000,42,9980504397,9980493688,70,6606
docs\inst_test\instancias\n_1000_10,300,10,15,5,0.2000,123,9980504397,9980493688,75,6606
docs\inst_test\instancias\n_1000_10,300,10,15,5,0.3000,123,9980504397,9980493688,72,6606
docs\inst_test\instancias\n_1000_10,300,10,15,5,0.2000,2026,9980504397,9980493688,75,6606
docs\inst_test\instancias\n_1000_10,300,10,15,5,0.3000,2026,9980504397,9980493688,75,6606
docs\inst_test\instancias\n_1000_10,300,10,15,10,0.1000,42,9980504529,9980493829,79,6606
docs\inst_test\instancias\n_1000_10,300,10,15,10,0.1000,123,9980504397,9980493688,72,6606
docs\inst_test\instancias\n_1000_10,300,10,15,10,0.3000,42,9980504397,9980493688,66,6606
docs\inst_test\instancias\n_1000_10,300,10,15,10,0.2000,2026,9980504397,9980493688,68,6606
docs\inst_test\instancias\n_1000_10,300,10,15,10,0.2000,42,9980504397,9980493688,73,6606
docs\inst_test\instancias\n_1000_10,300,10,15,10,0.1000,2026,9980504650,9980493853,84,6606
docs\inst_test\instancias\n_1000_10,300,10,15,10,0.3000,123,9980504397,9980493688,66,6606
docs\inst_test\instancias\n_1000_10,300,10,15,10,0.2000,123,9980504397,9980493688,83,6606
docs\inst_test\instancias\n_1000_10,300,10,15,10,0.3000,2026,9980504397,9980493688,71,6606
docs\inst_test\instancias\n_1000_10,300,10,15,20,0.1000,123,9980504397,9980493688,70,6606
docs\inst_test\instancias\n_1000_10,300,10,15,20,0.2000,42,9980504397,9980493688,69,6606
docs\inst_test\instancias\n_1000_10,300,10,15,20,0.2000,123,9980504397,9980493688,67,6606
docs\inst_test\instancias\n_1000_10,300,10,15,20,0.1000,2026,9980504397,9980493688,71,6606
docs\inst_test\instancias\n_1000_10,300,10,15,20,0.1000,42,9980504397,9980493688,79,6606
docs\inst_test\instancias\n_1000_10,300,10,15,20,0.3000,42,9980504397,9980493688,64,6606
docs\inst_test\instancias\n_1000_10,300,10,15,20,0.2000,2026,9980504397,9980493688,75,6606
docs\inst_test\instancias\n_1000_10,300,10,15,20,0.3000,123,9980504397,9980493688,76,6606
docs\inst_test\instancias\n_1000_10,300,10,15,20,0.3000,2026,9980504397,9980493688,66,6606
docs\inst_test\instancias\n_1000_10,300,15,7,5,0.1000,123,9980504397,9980493688,77,6606
docs\inst_test\instancias\n_1000_10,300,15,7,5,0.1000,42,9980504397,9980493688,78,6606
docs\inst_test\instancias\n_1000_10,300,15,7,5,0.2000,123,9980504397,9980493688,73,6606
docs\inst_test\instancias\n_1000_10,300,15,7,5,0.2000,42,9980504397,9980493688,81,6606
docs\inst_test\instancias\n_1000_10,300,15,7,5,0.1000,2026,9980504650,9980493853,84,6606
docs\inst_test\instancias\n_1000_10,300,15,7,5,0.2000,2026,9980504397,9980493688,83,6606
docs\inst_test\instancias\n_1000_10,300,15,7,5,0.3000,42,9980504397,9980493688,73,6606
docs\inst_test\instancias\n_1000_10,300,15,7,5,0.3000,123,9980504397,9980493688,80,6606
docs\inst_test\instancias\n_1000_10,300,15,7,5,0.3000,2026,9980504397,9980493688,71,6606
docs\inst_test\instancias\n_1000_10,300,15,7,10,0.1000,123,9980504397,9980493688,71,6606
docs\inst_test\instancias\n_1000_10,300,15,7,10,0.1000,42,9980504529,9980493829,72,6606
docs\inst_test\instancias\n_1000_10,300,15,7,10,0.1000,2026,9980504650,9980493853,75,6606
docs\inst_test\instancias\n_1000_10,300,15,7,10,0.2000,42,9980504397,9980493688,78,6606
docs\inst_test\instancias\n_1000_10,300,15,7,10,0.2000,123,9980504397,9980493688,74,6606
docs\inst_test\instancias\n_1000_10,300,15,7,10,0.2000,2026,9980504397,9980493688,70,6606
docs\inst_test\instancias\n_1000_10,300,15,7,10,0.3000,2026,9980504397,9980493688,63,6606
docs\inst_test\instancias\n_1000_10,300,15,7,10,0.3000,42,9980504397,9980493688,71,6606
docs\inst_test\instancias\n_1000_10,300,15,7,20,0.1000,42,9980504397,9980493688,68,6606
docs\inst_test\instancias\n_1000_10,300,15,7,10,0.3000,123,9980504397,9980493688,76,6606
docs\inst_test\instancias\n_1000_10,300,15,7,20,0.1000,2026,9980504397,9980493688,67,6606
docs\inst_test\instancias\n_1000_10,300,15,7,20,0.1000,123,9980504397,9980493688,74,6606
docs\inst_test\instancias\n_1000_10,300,15,7,20,0.2000,42,9980504397,9980493688,66,6606
docs\inst_test\instancias\n_1000_10,300,15,7,20,0.2000,123,9980504397,9980493688,73,6606
docs\inst_test\instancias\n_1000_10,300,15,7,20,0.3000,42,9980504397,9980493688,66,6606
docs\inst_test\instancias\n_1000_10,300,15,7,20,0.2000,2026,9980504397,9980493688,71,6606
docs\inst_test\instancias\n_1000_10,300,15,7,20,0.3000,123,9980504397,9980493688,67,6606
docs\inst_test\instancias\n_1000_10,300,15,7,20,0.3000,2026,9980504397,9980493688,64,6606
docs\inst_test\instancias\n_1000_10,300,15,10,5,0.1000,123,9980504397,9980493688,76,6606
docs\inst_test\instancias\n_1000_10,300,15,10,5,0.1000,42,9980504397,9980493688,79,6606
docs\inst_test\instancias\n_1000_10,300,15,10,5,0.1000,2026,9980504650,9980493853,82,6606
docs\inst_test\instancias\n_1000_10,300,15,10,5,0.2000,42,9980504397,9980493688,77,6606
docs\inst_test\instancias\n_1000_10,300,15,10,5,0.2000,2026,9980504397,9980493688,71,6606
docs\inst_test\instancias\n_1000_10,300,15,10,5,0.2000,123,9980504397,9980493688,78,6606
docs\inst_test\instancias\n_1000_10,300,15,10,5,0.3000,42,9980504397,9980493688,74,6606
docs\inst_test\instancias\n_1000_10,300,15,10,5,0.3000,123,9980504397,9980493688,76,6606
docs\inst_test\instancias\n_1000_10,300,15,10,10,0.1000,42,9980504529,9980493829,70,6606
docs\inst_test\instancias\n_1000_10,300,15,10,5,0.3000,2026,9980504397,9980493688,79,6606
docs\inst_test\instancias\n_1000_10,300,15,10,10,0.1000,123,9980504397,9980493688,76,6606
docs\inst_test\instancias\n_1000_10,300,15,10,10,0.1000,2026,9980504650,9980493853,73,6606
docs\inst_test\instancias\n_1000_10,300,15,10,10,0.2000,42,9980504397,9980493688,72,6606
docs\inst_test\instancias\n_1000_10,300,15,10,10,0.2000,123,9980504397,9980493688,69,6606
docs\inst_test\instancias\n_1000_10,300,15,10,10,0.2000,2026,9980504397,9980493688,70,6606
docs\inst_test\instancias\n_1000_10,300,15,10,10,0.3000,42,9980504397,9980493688,70,6606
docs\inst_test\instancias\n_1000_10,300,15,10,10,0.3000,123,9980504397,9980493688,68,6606
docs\inst_test\instancias\n_1000_10,300,15,10,10,0.3000,2026,9980504397,9980493688,65,6606
docs\inst_test\instancias\n_1000_10,300,15,10,20,0.1000,42,9980504397,9980493688,74,6606
docs\inst_test\instancias\n_1000_10,300,15,10,20,0.1000,123,9980504397,9980493688,69,6606
docs\inst_test\instancias\n_1000_10,300,15,10,20,0.2000,42,9980504397,9980493688,65,6606
docs\inst_test\instancias\n_1000_10,300,15,10,20,0.1000,2026,9980504397,9980493688,70,6606
docs\inst_test\instancias\n_1000_10,300,15,10,20,0.2000,2026,9980504397,9980493688,65,6606
docs\inst_test\instancias\n_1000_10,300,15,10,20,0.2000,123,9980504397,9980493688,69,6606
docs\inst_test\instancias\n_1000_10,300,15,10,20,0.3000,42,9980504397,9980493688,67,6606
docs\inst_test\instancias\n_1000_10,300,15,10,20,0.3000,123,9980504397,9980493688,65,6606
docs\inst_test\instancias\n_1000_10,300,15,10,20,0.3000,2026,9980504397,9980493688,66,6606
docs\inst_test\instancias\n_1000_10,300,15,15,5,0.1000,42,9980504397,9980493688,75,6606
docs\inst_test\instancias\n_1000_10,300,15,15,5,0.1000,123,9980504397,9980493688,80,6606
docs\inst_test\instancias\n_1000_10,300,15,15,5,0.2000,42,9980504397,9980493688,74,6606
docs\inst_test\instancias\n_1000_10,300,15,15,5,0.1000,2026,9980504650,9980493853,77,6606
docs\inst_test\instancias\n_1000_10,300,15,15,5,0.2000,123,9980504397,9980493688,77,6606
docs\inst_test\instancias\n_1000_10,300,15,15,5,0.3000,42,9980504397,9980493688,70,6606
docs\inst_test\instancias\n_1000_10,300,15,15,5,0.2000,2026,9980504397,9980493688,80,6606
docs\inst_test\instancias\n_1000_10,300,15,15,5,0.3000,123,9980504397,9980493688,76,6606
docs\inst_test\instancias\n_1000_10,300,15,15,5,0.3000,2026,9980504397,9980493688,71,6606
docs\inst_test\instancias\n_1000_10,300,15,15,10,0.1000,42,9980504529,9980493829,69,6606
docs\inst_test\instancias\n_1000_10,300,15,15,10,0.2000,42,9980504397,9980493688,68,6606
docs\inst_test\instancias\n_1000_10,300,15,15,10,0.1000,2026,9980504650,9980493853,70,6606
docs\inst_test\instancias\n_1000_10,300,15,15,10,0.1000,123,9980504397,9980493688,72,6606
docs\inst_test\instancias\n_1000_10,300,15,15,10,0.2000,123,9980504397,9980493688,70,6606
docs\inst_test\instancias\n_1000_10,300,15,15,10,0.2000,2026,9980504397,9980493688,79,6606
docs\inst_test\instancias\n_1000_10,300,15,15,10,0.3000,42,9980504397,9980493688,64,6606
docs\inst_test\instancias\n_1000_10,300,15,15,10,0.3000,123,9980504397,9980493688,75,6606
docs\inst_test\instancias\n_1000_10,300,15,15,10,0.3000,2026,9980504397,9980493688,63,6606
docs\inst_test\instancias\n_1000_10,300,15,15,20,0.1000,42,9980504397,9980493688,67,6606
docs\inst_test\instancias\n_1000_10,300,15,15,20,0.1000,123,9980504397,9980493688,67,6606
docs\inst_test\instancias\n_1000_10,300,15,15,20,0.1000,2026,9980504397,9980493688,69,6606
docs\inst_test\instancias\n_1000_10,300,15,15,20,0.2000,42,9980504397,9980493688,69,6606
docs\inst_test\instancias\n_1000_10,300,15,15,20,0.2000,123,9980504397,9980493688,67,6606
docs\inst_test\instancias\n_1000_10,300,15,15,20,0.2000,2026,9980504397,9980493688,68,6606
docs\inst_test\instancias\n_1000_10,300,15,15,20,0.3000,42,9980504397,9980493688,69,6606
docs\inst_test\instancias\n_1000_10,300,15,15,20,0.3000,123,9980504397,9980493688,64,6606
docs\inst_test\instancias\n_1000_10,300,15,15,20,0.3000,2026,9980504397,9980493688,65,6606
docs\inst_test\instancias\n_1000_10,300,20,7,5,0.1000,123,9980504397,9980493688,73,6606
docs\inst_test\instancias\n_1000_10,300,20,7,5,0.1000,42,9980504397,9980493688,79,6606
docs\inst_test\instancias\n_1000_10,300,20,7,5,0.1000,2026,9980504650,9980493853,74,6606
docs\inst_test\instancias\n_1000_10,300,20,7,5,0.2000,42,9980504397,9980493688,74,6606
docs\inst_test\instancias\n_1000_10,300,20,7,5,0.2000,123,9980504397,9980493688,73,6606
docs\inst_test\instancias\n_1000_10,300,20,7,5,0.2000,2026,9980504397,9980493688,72,6606
docs\inst_test\instancias\n_1000_10,300,20,7,5,0.3000,42,9980504397,9980493688,68,6606
docs\inst_test\instancias\n_1000_10,300,20,7,5,0.3000,123,9980504397,9980493688,69,6606
docs\inst_test\instancias\n_1000_10,300,20,7,5,0.3000,2026,9980504397,9980493688,74,6606
docs\inst_test\instancias\n_1000_10,300,20,7,10,0.1000,42,9980504529,9980493829,72,6606
docs\inst_test\instancias\n_1000_10,300,20,7,10,0.1000,123,9980504397,9980493688,75,6606
docs\inst_test\instancias\n_1000_10,300,20,7,10,0.1000,2026,9980504650,9980493853,72,6606
docs\inst_test\instancias\n_1000_10,300,20,7,10,0.2000,42,9980504397,9980493688,68,6606
docs\inst_test\instancias\n_1000_10,300,20,7,10,0.2000,2026,9980504397,9980493688,70,6606
docs\inst_test\instancias\n_1000_10,300,20,7,10,0.2000,123,9980504397,9980493688,72,6606
docs\inst_test\instancias\n_1000_10,300,20,7,10,0.3000,42,9980504397,9980493688,68,6606
docs\inst_test\instancias\n_1000_10,300,20,7,10,0.3000,2026,9980504397,9980493688,66,6606
docs\inst_test\instancias\n_1000_10,300,20,7,10,0.3000,123,9980504397,9980493688,73,6606
docs\inst_test\instancias\n_1000_10,300,20,7,20,0.1000,42,9980504397,9980493688,67,6606
docs\inst_test\instancias\n_1000_10,300,20,7,20,0.1000,123,9980504397,9980493688,69,6606
docs\inst_test\instancias\n_1000_10,300,20,7,20,0.1000,2026,9980504397,9980493688,73,6606
docs\inst_test\instancias\n_1000_10,300,20,7,20,0.2000,42,9980504397,9980493688,67,6606
docs\inst_test\instancias\n_1000_10,300,20,7,20,0.2000,123,9980504397,9980493688,69,6606
docs\inst_test\instancias\n_1000_10,300,20,7,20,0.2000,2026,9980504397,9980493688,69,6606
docs\inst_test\instancias\n_1000_10,300,20,7,20,0.3000,123,9980504397,9980493688,64,6606
docs\inst_test\instancias\n_1000_10,300,20,7,20,0.3000,42,9980504397,9980493688,75,6606
docs\inst_test\instancias\n_1000_10,300,20,7,20,0.3000,2026,9980504397,9980493688,74,6606
docs\inst_test\instancias\n_1000_10,300,20,10,5,0.1000,42,9980504397,9980493688,76,6606
docs\inst_test\instancias\n_1000_10,300,20,10,5,0.1000,123,9980504397,9980493688,79,6606
docs\inst_test\instancias\n_1000_10,300,20,10,5,0.1000,2026,9980504650,9980493853,77,6606
docs\inst_test\instancias\n_1000_10,300,20,10,5,0.2000,42,9980504397,9980493688,75,6606
docs\inst_test\instancias\n_1000_10,300,20,10,5,0.2000,123,9980504397,9980493688,79,6606
docs\inst_test\instancias\n_1000_10,300,20,10,5,0.2000,2026,9980504397,9980493688,73,6606
docs\inst_test\instancias\n_1000_10,300,20,10,5,0.3000,42,9980504397,9980493688,68,6606
docs\inst_test\instancias\n_1000_10,300,20,10,5,0.3000,123,9980504397,9980493688,71,6606
docs\inst_test\instancias\n_1000_10,300,20,10,5,0.3000,2026,9980504397,9980493688,76,6606
docs\inst_test\instancias\n_1000_10,300,20,10,10,0.1000,42,9980504529,9980493829,74,6606
docs\inst_test\instancias\n_1000_10,300,20,10,10,0.1000,123,9980504397,9980493688,70,6606
docs\inst_test\instancias\n_1000_10,300,20,10,10,0.1000,2026,9980504650,9980493853,69,6606
docs\inst_test\instancias\n_1000_10,300,20,10,10,0.2000,42,9980504397,9980493688,72,6606
docs\inst_test\instancias\n_1000_10,300,20,10,10,0.2000,123,9980504397,9980493688,73,6606
docs\inst_test\instancias\n_1000_10,300,20,10,10,0.2000,2026,9980504397,9980493688,74,6606
docs\inst_test\instancias\n_1000_10,300,20,10,10,0.3000,42,9980504397,9980493688,65,6606
docs\inst_test\instancias\n_1000_10,300,20,10,10,0.3000,123,9980504397,9980493688,65,6606
docs\inst_test\instancias\n_1000_10,300,20,10,10,0.3000,2026,9980504397,9980493688,72,6606
docs\inst_test\instancias\n_1000_10,300,20,10,20,0.1000,123,9980504397,9980493688,67,6606
docs\inst_test\instancias\n_1000_10,300,20,10,20,0.1000,42,9980504397,9980493688,71,6606
docs\inst_test\instancias\n_1000_10,300,20,10,20,0.1000,2026,9980504397,9980493688,72,6606
docs\inst_test\instancias\n_1000_10,300,20,10,20,0.2000,123,9980504397,9980493688,74,6606
docs\inst_test\instancias\n_1000_10,300,20,10,20,0.2000,42,9980504397,9980493688,78,6606
docs\inst_test\instancias\n_1000_10,300,20,10,20,0.2000,2026,9980504397,9980493688,73,6606
docs\inst_test\instancias\n_1000_10,300,20,10,20,0.3000,42,9980504397,9980493688,62,6606
docs\inst_test\instancias\n_1000_10,300,20,10,20,0.3000,123,9980504397,9980493688,67,6606
docs\inst_test\instancias\n_1000_10,300,20,10,20,0.3000,2026,9980504397,9980493688,63,6606
docs\inst_test\instancias\n_1000_10,300,20,15,5,0.1000,42,9980504397,9980493688,82,6606
docs\inst_test\instancias\n_1000_10,300,20,15,5,0.1000,123,9980504397,9980493688,78,6606
docs\inst_test\instancias\n_1000_10,300,20,15,5,0.2000,42,9980504397,9980493688,73,6606
docs\inst_test\instancias\n_1000_10,300,20,15,5,0.2000,123,9980504397,9980493688,70,6606
docs\inst_test\instancias\n_1000_10,300,20,15,5,0.1000,2026,9980504650,9980493853,82,6606
docs\inst_test\instancias\n_1000_10,300,20,15,5,0.2000,2026,9980504397,9980493688,74,6606
docs\inst_test\instancias\n_1000_10,300,20,15,5,0.3000,123,9980504397,9980493688,69,6606
docs\inst_test\instancias\n_1000_10,300,20,15,5,0.3000,42,9980504397,9980493688,73,6606
docs\inst_test\instancias\n_1000_10,300,20,15,5,0.3000,2026,9980504397,9980493688,69,6606
docs\inst_test\instancias\n_1000_10,300,20,15,10,0.1000,42,9980504529,9980493829,70,6606
docs\inst_test\instancias\n_1000_10,300,20,15,10,0.1000,123,9980504397,9980493688,72,6606
docs\inst_test\instancias\n_1000_10,300,20,15,10,0.1000,2026,9980504650,9980493853,76,6606
docs\inst_test\instancias\n_1000_10,300,20,15,10,0.2000,42,9980504397,9980493688,73,6606
docs\inst_test\instancias\n_1000_10,300,20,15,10,0.2000,123,9980504397,9980493688,68,6606
docs\inst_test\instancias\n_1000_10,300,20,15,10,0.2000,2026,9980504397,9980493688,67,6606
docs\inst_test\instancias\n_1000_10,300,20,15,10,0.3000,42,9980504397,9980493688,71,6606
docs\inst_test\instancias\n_1000_10,300,20,15,10,0.3000,123,9980504397,9980493688,65,6606
docs\inst_test\instancias\n_1000_10,300,20,15,10,0.3000,2026,9980504397,9980493688,66,6606
docs\inst_test\instancias\n_1000_10,300,20,15,20,0.2000,42,9980504397,9980493688,65,6606
docs\inst_test\instancias\n_1000_10,300,20,15,20,0.1000,42,9980504397,9980493688,75,6606
docs\inst_test\instancias\n_1000_10,300,20,15,20,0.1000,2026,9980504397,9980493688,66,6606
docs\inst_test\instancias\n_1000_10,300,20,15,20,0.1000,123,9980504397,9980493688,75,6606
docs\inst_test\instancias\n_1000_10,300,20,15,20,0.2000,123,9980504397,9980493688,66,6606
docs\inst_test\instancias\n_1000_10,300,20,15,20,0.2000,2026,9980504397,9980493688,67,6606
docs\inst_test\instancias\n_1000_10,300,20,15,20,0.3000,42,9980504397,9980493688,63,6606
docs\inst_test\instancias\n_1000_10,300,20,15,20,0.3000,123,9980504397,9980493688,64,6606
docs\inst_test\instancias\n_1000_10,300,20,15,20,0.3000,2026,9980504397,9980493688,62,6606
docs\inst_test\instancias\n_1000_10,500,10,7,5,0.1000,42,9980504397,9980493688,124,6606
docs\inst_test\instancias\n_1000_10,500,10,7,5,0.1000,123,9980504397,9980493688,127,6606
docs\inst_test\instancias\n_1000_10,500,10,7,5,0.1000,2026,9980504819,9980493916,126,6606
docs\inst_test\instancias\n_1000_10,500,10,7,5,0.2000,42,9980504397,9980493688,125,6606
docs\inst_test\instancias\n_1000_10,500,10,7,5,0.2000,123,9980504397,9980493688,119,6606
docs\inst_test\instancias\n_1000_10,500,10,7,5,0.2000,2026,9980504397,9980493688,120,6606
docs\inst_test\instancias\n_1000_10,500,10,7,5,0.3000,42,9980504397,9980493688,118,6606
docs\inst_test\instancias\n_1000_10,500,10,7,5,0.3000,123,9980504397,9980493688,120,6606
docs\inst_test\instancias\n_1000_10,500,10,7,5,0.3000,2026,9980504397,9980493688,116,6606
docs\inst_test\instancias\n_1000_10,500,10,7,10,0.1000,42,9980504529,9980493829,119,6606
docs\inst_test\instancias\n_1000_10,500,10,7,10,0.1000,123,9980504397,9980493688,120,6606
docs\inst_test\instancias\n_1000_10,500,10,7,10,0.2000,42,9980504397,9980493688,117,6606
docs\inst_test\instancias\n_1000_10,500,10,7,10,0.1000,2026,9980504650,9980493853,122,6606
docs\inst_test\instancias\n_1000_10,500,10,7,10,0.2000,123,9980504397,9980493688,115,6606
docs\inst_test\instancias\n_1000_10,500,10,7,10,0.2000,2026,9980504397,9980493688,112,6606
docs\inst_test\instancias\n_1000_10,500,10,7,10,0.3000,42,9980504397,9980493688,116,6606
docs\inst_test\instancias\n_1000_10,500,10,7,10,0.3000,2026,9980504397,9980493688,110,6606
docs\inst_test\instancias\n_1000_10,500,10,7,10,0.3000,123,9980504397,9980493688,116,6606
docs\inst_test\instancias\n_1000_10,500,10,7,20,0.1000,42,9980504529,9980493829,112,6606
docs\inst_test\instancias\n_1000_10,500,10,7,20,0.1000,123,9980504397,9980493688,116,6606
docs\inst_test\instancias\n_1000_10,500,10,7,20,0.1000,2026,9980504650,9980493853,116,6606
docs\inst_test\instancias\n_1000_10,500,10,7,20,0.2000,42,9980504397,9980493688,115,6606
docs\inst_test\instancias\n_1000_10,500,10,7,20,0.2000,123,9980504397,9980493688,116,6606
docs\inst_test\instancias\n_1000_10,500,10,7,20,0.2000,2026,9980504397,9980493688,112,6606
docs\inst_test\instancias\n_1000_10,500,10,7,20,0.3000,123,9980504397,9980493688,106,6606
docs\inst_test\instancias\n_1000_10,500,10,7,20,0.3000,42,9980504397,9980493688,108,6606
docs\inst_test\instancias\n_1000_10,500,10,7,20,0.3000,2026,9980504397,9980493688,104,6606
docs\inst_test\instancias\n_1000_10,500,10,10,5,0.1000,42,9980504397,9980493688,126,6606
docs\inst_test\instancias\n_1000_10,500,10,10,5,0.1000,123,9980504397,9980493688,126,6606
docs\inst_test\instancias\n_1000_10,500,10,10,5,0.1000,2026,9980504819,9980493916,126,6606
docs\inst_test\instancias\n_1000_10,500,10,10,5,0.2000,42,9980504397,9980493688,124,6606
docs\inst_test\instancias\n_1000_10,500,10,10,5,0.2000,123,9980504397,9980493688,125,6606
docs\inst_test\instancias\n_1000_10,500,10,10,5,0.3000,42,9980504397,9980493688,118,6606
docs\inst_test\instancias\n_1000_10,500,10,10,5,0.3000,123,9980504397,9980493688,118,6606
docs\inst_test\instancias\n_1000_10,500,10,10,5,0.2000,2026,9980504397,9980493688,123,6606
docs\inst_test\instancias\n_1000_10,500,10,10,5,0.3000,2026,9980504397,9980493688,114,6606
docs\inst_test\instancias\n_1000_10,500,10,10,10,0.1000,42,9980504529,9980493829,120,6606
docs\inst_test\instancias\n_1000_10,500,10,10,10,0.1000,123,9980504397,9980493688,119,6606
docs\inst_test\instancias\n_1000_10,500,10,10,10,0.1000,2026,9980504650,9980493853,128,6606
docs\inst_test\instancias\n_1000_10,500,10,10,10,0.2000,42,9980504397,9980493688,117,6606
docs\inst_test\instancias\n_1000_10,500,10,10,10,0.2000,123,9980504397,9980493688,120,6606
docs\inst_test\instancias\n_1000_10,500,10,10,10,0.2000,2026,9980504397,9980493688,123,6606
docs\inst_test\instancias\n_1000_10,500,10,10,10,0.3000,42,9980504397,9980493688,125,6606
docs\inst_test\instancias\n_1000_10,500,10,10,10,0.3000,123,9980504397,9980493688,120,6606
docs\inst_test\instancias\n_1000_10,500,10,10,10,0.3000,2026,9980504397,9980493688,111,6606
docs\inst_test\instancias\n_1000_10,500,10,10,20,0.1000,42,9980504529,9980493829,130,6606
docs\inst_test\instancias\n_1000_10,500,10,10,20,0.1000,123,9980504397,9980493688,127,6606
docs\inst_test\instancias\n_1000_10,500,10,10,20,0.1000,2026,9980504650,9980493853,116,6606
docs\inst_test\instancias\n_1000_10,500,10,10,20,0.2000,42,9980504397,9980493688,108,6606
docs\inst_test\instancias\n_1000_10,500,10,10,20,0.2000,123,9980504397,9980493688,115,6606
docs\inst_test\instancias\n_1000_10,500,10,10,20,0.2000,2026,9980504397,9980493688,117,6606
docs\inst_test\instancias\n_1000_10,500,10,10,20,0.3000,42,9980504397,9980493688,107,6606
docs\inst_test\instancias\n_1000_10,500,10,10,20,0.3000,123,9980504397,9980493688,111,6606
docs\inst_test\instancias\n_1000_10,500,10,10,20,0.3000,2026,9980504397,9980493688,106,6606
docs\inst_test\instancias\n_1000_10,500,10,15,5,0.1000,123,9980504397,9980493688,130,6606
docs\inst_test\instancias\n_1000_10,500,10,15,5,0.1000,42,9980504397,9980493688,133,6606
docs\inst_test\instancias\n_1000_10,500,10,15,5,0.2000,42,9980504397,9980493688,124,6606
docs\inst_test\instancias\n_1000_10,500,10,15,5,0.1000,2026,9980504819,9980493916,138,6606
docs\inst_test\instancias\n_1000_10,500,10,15,5,0.2000,123,9980504397,9980493688,124,6606
docs\inst_test\instancias\n_1000_10,500,10,15,5,0.2000,2026,9980504397,9980493688,126,6606
docs\inst_test\instancias\n_1000_10,500,10,15,5,0.3000,42,9980504397,9980493688,121,6606
docs\inst_test\instancias\n_1000_10,500,10,15,5,0.3000,123,9980504397,9980493688,122,6606
docs\inst_test\instancias\n_1000_10,500,10,15,5,0.3000,2026,9980504397,9980493688,113,6606
docs\inst_test\instancias\n_1000_10,500,10,15,10,0.1000,42,9980504529,9980493829,116,6606
docs\inst_test\instancias\n_1000_10,500,10,15,10,0.2000,42,9980504397,9980493688,112,6606
docs\inst_test\instancias\n_1000_10,500,10,15,10,0.1000,2026,9980504650,9980493853,126,6606
docs\inst_test\instancias\n_1000_10,500,10,15,10,0.1000,123,9980504397,9980493688,131,6606
docs\inst_test\instancias\n_1000_10,500,10,15,10,0.2000,2026,9980504397,9980493688,112,6606
docs\inst_test\instancias\n_1000_10,500,10,15,10,0.2000,123,9980504397,9980493688,120,6606
docs\inst_test\instancias\n_1000_10,500,10,15,10,0.3000,42,9980504397,9980493688,109,6606
docs\inst_test\instancias\n_1000_10,500,10,15,10,0.3000,123,9980504397,9980493688,112,6606
docs\inst_test\instancias\n_1000_10,500,10,15,10,0.3000,2026,9980504397,9980493688,112,6606
docs\inst_test\instancias\n_1000_10,500,10,15,20,0.1000,42,9980504529,9980493829,115,6606
docs\inst_test\instancias\n_1000_10,500,10,15,20,0.1000,2026,9980504650,9980493853,121,6606
docs\inst_test\instancias\n_1000_10,500,10,15,20,0.1000,123,9980504397,9980493688,123,6606
docs\inst_test\instancias\n_1000_10,500,10,15,20,0.2000,42,9980504397,9980493688,120,6606
docs\inst_test\instancias\n_1000_10,500,10,15,20,0.2000,123,9980504397,9980493688,116,6606
docs\inst_test\instancias\n_1000_10,500,10,15,20,0.2000,2026,9980504397,9980493688,113,6606
docs\inst_test\instancias\n_1000_10,500,10,15,20,0.3000,42,9980504397,9980493688,109,6606
docs\inst_test\instancias\n_1000_10,500,10,15,20,0.3000,123,9980504397,9980493688,108,6606
docs\inst_test\instancias\n_1000_10,500,10,15,20,0.3000,2026,9980504397,9980493688,106,6606
docs\inst_test\instancias\n_1000_10,500,15,7,5,0.1000,42,9980504397,9980493688,122,6606
docs\inst_test\instancias\n_1000_10,500,15,7,5,0.1000,123,9980504397,9980493688,124,6606
docs\inst_test\instancias\n_1000_10,500,15,7,5,0.2000,123,9980504397,9980493688,121,6606
docs\inst_test\instancias\n_1000_10,500,15,7,5,0.2000,42,9980504397,9980493688,123,6606
docs\inst_test\instancias\n_1000_10,500,15,7,5,0.1000,2026,9980504819,9980493916,129,6606
docs\inst_test\instancias\n_1000_10,500,15,7,5,0.2000,2026,9980504397,9980493688,125,6606
docs\inst_test\instancias\n_1000_10,500,15,7,5,0.3000,42,9980504397,9980493688,124,6606
docs\inst_test\instancias\n_1000_10,500,15,7,5,0.3000,123,9980504397,9980493688,119,6606
docs\inst_test\instancias\n_1000_10,500,15,7,10,0.1000,42,9980504529,9980493829,117,6606
docs\inst_test\instancias\n_1000_10,500,15,7,10,0.1000,2026,9980504650,9980493853,115,6606
docs\inst_test\instancias\n_1000_10,500,15,7,5,0.3000,2026,9980504397,9980493688,123,6606
docs\inst_test\instancias\n_1000_10,500,15,7,10,0.2000,42,9980504397,9980493688,125,6606
docs\inst_test\instancias\n_1000_10,500,15,7,10,0.1000,123,9980504397,9980493688,140,6606
docs\inst_test\instancias\n_1000_10,500,15,7,10,0.2000,2026,9980504397,9980493688,121,6606
docs\inst_test\instancias\n_1000_10,500,15,7,10,0.2000,123,9980504397,9980493688,128,6606
docs\inst_test\instancias\n_1000_10,500,15,7,10,0.3000,42,9980504397,9980493688,111,6606
docs\inst_test\instancias\n_1000_10,500,15,7,10,0.3000,123,9980504397,9980493688,111,6606
docs\inst_test\instancias\n_1000_10,500,15,7,20,0.1000,42,9980504529,9980493829,114,6606
docs\inst_test\instancias\n_1000_10,500,15,7,10,0.3000,2026,9980504397,9980493688,118,6606
docs\inst_test\instancias\n_1000_10,500,15,7,20,0.1000,123,9980504397,9980493688,117,6606
docs\inst_test\instancias\n_1000_10,500,15,7,20,0.1000,2026,9980504650,9980493853,115,6606
docs\inst_test\instancias\n_1000_10,500,15,7,20,0.2000,42,9980504397,9980493688,114,6606
docs\inst_test\instancias\n_1000_10,500,15,7,20,0.2000,123,9980504397,9980493688,110,6606
docs\inst_test\instancias\n_1000_10,500,15,7,20,0.2000,2026,9980504397,9980493688,113,6606
docs\inst_test\instancias\n_1000_10,500,15,7,20,0.3000,42,9980504397,9980493688,119,6606
docs\inst_test\instancias\n_1000_10,500,15,7,20,0.3000,123,9980504397,9980493688,114,6606
docs\inst_test\instancias\n_1000_10,500,15,7,20,0.3000,2026,9980504397,9980493688,121,6606
docs\inst_test\instancias\n_1000_10,500,15,10,5,0.1000,42,9980504397,9980493688,137,6606
docs\inst_test\instancias\n_1000_10,500,15,10,5,0.1000,123,9980504397,9980493688,125,6606
docs\inst_test\instancias\n_1000_10,500,15,10,5,0.2000,42,9980504397,9980493688,124,6606
docs\inst_test\instancias\n_1000_10,500,15,10,5,0.1000,2026,9980504819,9980493916,135,6606
docs\inst_test\instancias\n_1000_10,500,15,10,5,0.2000,123,9980504397,9980493688,127,6606
docs\inst_test\instancias\n_1000_10,500,15,10,5,0.3000,42,9980504397,9980493688,115,6606
docs\inst_test\instancias\n_1000_10,500,15,10,5,0.2000,2026,9980504397,9980493688,126,6606
docs\inst_test\instancias\n_1000_10,500,15,10,5,0.3000,123,9980504397,9980493688,129,6606
docs\inst_test\instancias\n_1000_10,500,15,10,5,0.3000,2026,9980504397,9980493688,117,6606
docs\inst_test\instancias\n_1000_10,500,15,10,10,0.1000,42,9980504529,9980493829,117,6606
docs\inst_test\instancias\n_1000_10,500,15,10,10,0.1000,123,9980504397,9980493688,117,6606
docs\inst_test\instancias\n_1000_10,500,15,10,10,0.1000,2026,9980504650,9980493853,135,6606
docs\inst_test\instancias\n_1000_10,500,15,10,10,0.2000,42,9980504397,9980493688,120,6606
docs\inst_test\instancias\n_1000_10,500,15,10,10,0.2000,123,9980504397,9980493688,123,6606
docs\inst_test\instancias\n_1000_10,500,15,10,10,0.2000,2026,9980504397,9980493688,126,6606
docs\inst_test\instancias\n_1000_10,500,15,10,10,0.3000,123,9980504397,9980493688,109,6606
docs\inst_test\instancias\n_1000_10,500,15,10,10,0.3000,42,9980504397,9980493688,124,6606
docs\inst_test\instancias\n_1000_10,500,15,10,10,0.3000,2026,9980504397,9980493688,114,6606
docs\inst_test\instancias\n_1000_10,500,15,10,20,0.1000,42,9980504529,9980493829,118,6606
docs\inst_test\instancias\n_1000_10,500,15,10,20,0.1000,123,9980504397,9980493688,116,6606
docs\inst_test\instancias\n_1000_10,500,15,10,20,0.1000,2026,9980504650,9980493853,118,6606
docs\inst_test\instancias\n_1000_10,500,15,10,20,0.2000,42,9980504397,9980493688,112,6606
docs\inst_test\instancias\n_1000_10,500,15,10,20,0.2000,123,9980504397,9980493688,108,6606
docs\inst_test\instancias\n_1000_10,500,15,10,20,0.3000,42,9980504397,9980493688,109,6606
docs\inst_test\instancias\n_1000_10,500,15,10,20,0.2000,2026,9980504397,9980493688,109,6606
docs\inst_test\instancias\n_1000_10,500,15,10,20,0.3000,123,9980504397,9980493688,111,6606
docs\inst_test\instancias\n_1000_10,500,15,10,20,0.3000,2026,9980504397,9980493688,109,6606
docs\inst_test\instancias\n_1000_10,500,15,15,5,0.1000,42,9980504397,9980493688,122,6606
docs\inst_test\instancias\n_1000_10,500,15,15,5,0.1000,123,9980504397,9980493688,131,6606
docs\inst_test\instancias\n_1000_10,500,15,15,5,0.1000,2026,9980504819,9980493916,123,6606
docs\inst_test\instancias\n_1000_10,500,15,15,5,0.2000,42,9980504397,9980493688,122,6606
docs\inst_test\instancias\n_1000_10,500,15,15,5,0.2000,2026,9980504397,9980493688,118,6606
docs\inst_test\instancias\n_1000_10,500,15,15,5,0.2000,123,9980504397,9980493688,120,6606
docs\inst_test\instancias\n_1000_10,500,15,15,5,0.3000,42,9980504397,9980493688,115,6606
docs\inst_test\instancias\n_1000_10,500,15,15,5,0.3000,123,9980504397,9980493688,118,6606
docs\inst_test\instancias\n_1000_10,500,15,15,5,0.3000,2026,9980504397,9980493688,121,6606
docs\inst_test\instancias\n_1000_10,500,15,15,10,0.1000,42,9980504529,9980493829,127,6606
docs\inst_test\instancias\n_1000_10,500,15,15,10,0.1000,123,9980504397,9980493688,117,6606
docs\inst_test\instancias\n_1000_10,500,15,15,10,0.1000,2026,9980504650,9980493853,116,6606
docs\inst_test\instancias\n_1000_10,500,15,15,10,0.2000,42,9980504397,9980493688,118,6606
docs\inst_test\instancias\n_1000_10,500,15,15,10,0.2000,123,9980504397,9980493688,116,6606
docs\inst_test\instancias\n_1000_10,500,15,15,10,0.2000,2026,9980504397,9980493688,120,6606
docs\inst_test\instancias\n_1000_10,500,15,15,10,0.3000,42,9980504397,9980493688,116,6606
docs\inst_test\instancias\n_1000_10,500,15,15,10,0.3000,123,9980504397,9980493688,135,6606
docs\inst_test\instancias\n_1000_10,500,15,15,10,0.3000,2026,9980504397,9980493688,129,6606
docs\inst_test\instancias\n_1000_10,500,15,15,20,0.1000,42,9980504529,9980493829,117,6606
docs\inst_test\instancias\n_1000_10,500,15,15,20,0.1000,123,9980504397,9980493688,115,6606
docs\inst_test\instancias\n_1000_10,500,15,15,20,0.1000,2026,9980504650,9980493853,112,6606
docs\inst_test\instancias\n_1000_10,500,15,15,20,0.2000,42,9980504397,9980493688,116,6606
docs\inst_test\instancias\n_1000_10,500,15,15,20,0.2000,123,9980504397,9980493688,115,6606
docs\inst_test\instancias\n_1000_10,500,15,15,20,0.2000,2026,9980504397,9980493688,115,6606
docs\inst_test\instancias\n_1000_10,500,15,15,20,0.3000,42,9980504397,9980493688,109,6606
docs\inst_test\instancias\n_1000_10,500,15,15,20,0.3000,2026,9980504397,9980493688,103,6606
docs\inst_test\instancias\n_1000_10,500,15,15,20,0.3000,123,9980504397,9980493688,107,6606
docs\inst_test\instancias\n_1000_10,500,20,7,5,0.1000,42,9980504397,9980493688,126,6606
docs\inst_test\instancias\n_1000_10,500,20,7,5,0.1000,123,9980504397,9980493688,137,6606
docs\inst_test\instancias\n_1000_10,500,20,7,5,0.2000,42,9980504397,9980493688,127,6606
docs\inst_test\instancias\n_1000_10,500,20,7,5,0.1000,2026,9980504819,9980493916,134,6606
docs\inst_test\instancias\n_1000_10,500,20,7,5,0.2000,123,9980504397,9980493688,120,6606
docs\inst_test\instancias\n_1000_10,500,20,7,5,0.2000,2026,9980504397,9980493688,122,6606
docs\inst_test\instancias\n_1000_10,500,20,7,5,0.3000,42,9980504397,9980493688,115,6606
docs\inst_test\instancias\n_1000_10,500,20,7,5,0.3000,123,9980504397,9980493688,127,6606
docs\inst_test\instancias\n_1000_10,500,20,7,5,0.3000,2026,9980504397,9980493688,113,6606
docs\inst_test\instancias\n_1000_10,500,20,7,10,0.1000,123,9980504397,9980493688,116,6606
docs\inst_test\instancias\n_1000_10,500,20,7,10,0.2000,42,9980504397,9980493688,118,6606
docs\inst_test\instancias\n_1000_10,500,20,7,10,0.1000,2026,9980504650,9980493853,124,6606
docs\inst_test\instancias\n_1000_10,500,20,7,10,0.1000,42,9980504529,9980493829,136,6606
docs\inst_test\instancias\n_1000_10,500,20,7,10,0.2000,123,9980504397,9980493688,114,6606
docs\inst_test\instancias\n_1000_10,500,20,7,10,0.2000,2026,9980504397,9980493688,111,6606
docs\inst_test\instancias\n_1000_10,500,20,7,10,0.3000,42,9980504397,9980493688,111,6606
docs\inst_test\instancias\n_1000_10,500,20,7,10,0.3000,123,9980504397,9980493688,109,6606
docs\inst_test\instancias\n_1000_10,500,20,7,10,0.3000,2026,9980504397,9980493688,115,6606
docs\inst_test\instancias\n_1000_10,500,20,7,20,0.1000,123,9980504397,9980493688,113,6606
docs\inst_test\instancias\n_1000_10,500,20,7,20,0.1000,42,9980504529,9980493829,119,6606
docs\inst_test\instancias\n_1000_10,500,20,7,20,0.1000,2026,9980504650,9980493853,122,6606
docs\inst_test\instancias\n_1000_10,500,20,7,20,0.2000,42,9980504397,9980493688,118,6606
docs\inst_test\instancias\n_1000_10,500,20,7,20,0.2000,123,9980504397,9980493688,112,6606
docs\inst_test\instancias\n_1000_10,500,20,7,20,0.2000,2026,9980504397,9980493688,114,6606
docs\inst_test\instancias\n_1000_10,500,20,7,20,0.3000,42,9980504397,9980493688,110,6606
docs\inst_test\instancias\n_1000_10,500,20,7,20,0.3000,2026,9980504397,9980493688,109,6606
docs\inst_test\instancias\n_1000_10,500,20,7,20,0.3000,123,9980504397,9980493688,123,6606
docs\inst_test\instancias\n_1000_10,500,20,10,5,0.1000,42,9980504397,9980493688,133,6606
docs\inst_test\instancias\n_1000_10,500,20,10,5,0.1000,123,9980504397,9980493688,136,6606
docs\inst_test\instancias\n_1000_10,500,20,10,5,0.2000,42,9980504397,9980493688,130,6606
docs\inst_test\instancias\n_1000_10,500,20,10,5,0.1000,2026,9980504819,9980493916,134,6606
docs\inst_test\instancias\n_1000_10,500,20,10,5,0.2000,123,9980504397,9980493688,130,6606
docs\inst_test\instancias\n_1000_10,500,20,10,5,0.2000,2026,9980504397,9980493688,127,6606
docs\inst_test\instancias\n_1000_10,500,20,10,5,0.3000,42,9980504397,9980493688,114,6606
docs\inst_test\instancias\n_1000_10,500,20,10,5,0.3000,123,9980504397,9980493688,125,6606
docs\inst_test\instancias\n_1000_10,500,20,10,5,0.3000,2026,9980504397,9980493688,116,6606
docs\inst_test\instancias\n_1000_10,500,20,10,10,0.1000,42,9980504529,9980493829,119,6606
docs\inst_test\instancias\n_1000_10,500,20,10,10,0.1000,123,9980504397,9980493688,116,6606
docs\inst_test\instancias\n_1000_10,500,20,10,10,0.1000,2026,9980504650,9980493853,119,6606
docs\inst_test\instancias\n_1000_10,500,20,10,10,0.2000,42,9980504397,9980493688,120,6606
docs\inst_test\instancias\n_1000_10,500,20,10,10,0.2000,123,9980504397,9980493688,120,6606
docs\inst_test\instancias\n_1000_10,500,20,10,10,0.2000,2026,9980504397,9980493688,117,6606
docs\inst_test\instancias\n_1000_10,500,20,10,10,0.3000,42,9980504397,9980493688,110,6606
docs\inst_test\instancias\n_1000_10,500,20,10,10,0.3000,123,9980504397,9980493688,115,6606
docs\inst_test\instancias\n_1000_10,500,20,10,10,0.3000,2026,9980504397,9980493688,111,6606
docs\inst_test\instancias\n_1000_10,500,20,10,20,0.1000,42,9980504529,9980493829,116,6606
docs\inst_test\instancias\n_1000_10,500,20,10,20,0.1000,123,9980504397,9980493688,115,6606
docs\inst_test\instancias\n_1000_10,500,20,10,20,0.2000,42,9980504397,9980493688,111,6606
docs\inst_test\instancias\n_1000_10,500,20,10,20,0.1000,2026,9980504650,9980493853,115,6606
docs\inst_test\instancias\n_1000_10,500,20,10,20,0.2000,123,9980504397,9980493688,117,6606
docs\inst_test\instancias\n_1000_10,500,20,10,20,0.2000,2026,9980504397,9980493688,108,6606
docs\inst_test\instancias\n_1000_10,500,20,10,20,0.3000,42,9980504397,9980493688,110,6606
docs\inst_test\instancias\n_1000_10,500,20,10,20,0.3000,123,9980504397,9980493688,111,6606
docs\inst_test\instancias\n_1000_10,500,20,10,20,0.3000,2026,9980504397,9980493688,103,6606
docs\inst_test\instancias\n_1000_10,500,20,15,5,0.1000,42,9980504397,9980493688,129,6606
docs\inst_test\instancias\n_1000_10,500,20,15,5,0.1000,123,9980504397,9980493688,130,6606
docs\inst_test\instancias\n_1000_10,500,20,15,5,0.1000,2026,9980504819,9980493916,132,6606
docs\inst_test\instancias\n_1000_10,500,20,15,5,0.2000,42,9980504397,9980493688,125,6606
docs\inst_test\instancias\n_1000_10,500,20,15,5,0.2000,123,9980504397,9980493688,125,6606
docs\inst_test\instancias\n_1000_10,500,20,15,5,0.3000,42,9980504397,9980493688,114,6606
docs\inst_test\instancias\n_1000_10,500,20,15,5,0.2000,2026,9980504397,9980493688,132,6606
docs\inst_test\instancias\n_1000_10,500,20,15,5,0.3000,123,9980504397,9980493688,124,6606
docs\inst_test\instancias\n_1000_10,500,20,15,10,0.1000,123,9980504397,9980493688,117,6606
docs\inst_test\instancias\n_1000_10,500,20,15,5,0.3000,2026,9980504397,9980493688,133,6606
docs\inst_test\instancias\n_1000_10,500,20,15,10,0.1000,42,9980504529,9980493829,125,6606
docs\inst_test\instancias\n_1000_10,500,20,15,10,0.2000,42,9980504397,9980493688,112,6606
docs\inst_test\instancias\n_1000_10,500,20,15,10,0.1000,2026,9980504650,9980493853,134,6606
docs\inst_test\instancias\n_1000_10,500,20,15,10,0.2000,123,9980504397,9980493688,116,6606
docs\inst_test\instancias\n_1000_10,500,20,15,10,0.2000,2026,9980504397,9980493688,133,6606
docs\inst_test\instancias\n_1000_10,500,20,15,10,0.3000,42,9980504397,9980493688,107,6606
docs\inst_test\instancias\n_1000_10,500,20,15,10,0.3000,123,9980504397,9980493688,108,6606
docs\inst_test\instancias\n_1000_10,500,20,15,10,0.3000,2026,9980504397,9980493688,108,6606
docs\inst_test\instancias\n_1000_10,500,20,15,20,0.1000,42,9980504529,9980493829,115,6606
docs\inst_test\instancias\n_1000_10,500,20,15,20,0.1000,123,9980504397,9980493688,112,6606
docs\inst_test\instancias\n_1000_10,500,20,15,20,0.1000,2026,9980504650,9980493853,119,6606
docs\inst_test\instancias\n_1000_10,500,20,15,20,0.2000,42,9980504397,9980493688,117,6606
docs\inst_test\instancias\n_1000_10,500,20,15,20,0.2000,123,9980504397,9980493688,112,6606
docs\inst_test\instancias\n_1000_10,500,20,15,20,0.2000,2026,9980504397,9980493688,114,6606
docs\inst_test\instancias\n_1000_10,500,20,15,20,0.3000,42,9980504397,9980493688,105,6606
docs\inst_test\instancias\n_1000_10,500,20,15,20,0.3000,123,9980504397,9980493688,107,6606
docs\inst_test\instancias\n_1000_10,500,20,15,20,0.3000,2026,9980504397,9980493688,103,6606
docs\inst_test\instancias\n_1000_2,100,10,7,5,0.2000,123,9994857334,9994843352,20,5770
docs\inst_test\instancias\n_1000_2,100,10,7,5,0.1000,42,9999331207,9999316534,22,5770
docs\inst_test\instancias\n_1000_2,100,10,7,5,0.1000,123,9996330629,9996316194,22,5770
docs\inst_test\instancias\n_1000_2,100,10,7,5,0.1000,2026,9998331097,9998316398,22,5770
docs\inst_test\instancias\n_1000_2,100,10,7,5,0.3000,123,9990856748,9990842853,22,5770
docs\inst_test\instancias\n_1000_2,100,10,7,5,0.2000,42,9999858876,9999845001,23,5770
docs\inst_test\instancias\n_1000_2,100,10,7,5,0.3000,42,9993382057,9993372299,24,5770
docs\inst_test\instancias\n_1000_2,100,10,7,5,0.2000,2026,9988329174,9988314581,26,5770
docs\inst_test\instancias\n_1000_2,100,10,7,5,0.3000,2026,9998911217,9998901079,20,5770
docs\inst_test\instancias\n_1000_2,100,10,7,10,0.1000,42,9999331207,9999316534,22,5770
docs\inst_test\instancias\n_1000_2,100,10,7,10,0.1000,123,9996330629,9996316194,22,5770
docs\inst_test\instancias\n_1000_2,100,10,7,10,0.2000,42,9999858330,9999844531,23,5770
docs\inst_test\instancias\n_1000_2,100,10,7,10,0.1000,2026,9998331097,9998316398,25,5770
docs\inst_test\instancias\n_1000_2,100,10,7,10,0.2000,2026,9988328180,9988314918,22,5770
docs\inst_test\instancias\n_1000_2,100,10,7,10,0.3000,42,9990329448,9990314935,21,5770
docs\inst_test\instancias\n_1000_2,100,10,7,10,0.2000,123,9990329527,9990314934,27,5770
docs\inst_test\instancias\n_1000_2,100,10,7,10,0.3000,123,9990856748,9990842853,20,5770
docs\inst_test\instancias\n_1000_2,100,10,7,10,0.3000,2026,9998385415,9998372658,19,5770
docs\inst_test\instancias\n_1000_2,100,10,7,20,0.1000,42,9999331118,9999316242,21,5770
docs\inst_test\instancias\n_1000_2,100,10,7,20,0.1000,123,9996330629,9996316194,22,5770
docs\inst_test\instancias\n_1000_2,100,10,7,20,0.1000,2026,9998331097,9998316398,22,5770
docs\inst_test\instancias\n_1000_2,100,10,7,20,0.2000,123,9987801402,9987786386,24,5770
docs\inst_test\instancias\n_1000_2,100,10,7,20,0.2000,2026,9987801402,9987786386,24,5770
docs\inst_test\instancias\n_1000_2,100,10,7,20,0.2000,42,9996330818,9996315713,30,5770
docs\inst_test\instancias\n_1000_2,100,10,7,20,0.3000,42,9990329448,9990314935,21,5770
docs\inst_test\instancias\n_1000_2,100,10,7,20,0.3000,2026,9998385388,9998372951,21,5770
docs\inst_test\instancias\n_1000_2,100,10,7,20,0.3000,123,9990856664,9990843198,24,5770
docs\inst_test\instancias\n_1000_2,100,10,10,5,0.1000,42,9999331207,9999316534,22,5770
docs\inst_test\instancias\n_1000_2,100,10,10,5,0.1000,123,9996330629,9996316194,25,5770
docs\inst_test\instancias\n_1000_2,100,10,10,5,0.1000,2026,9998331097,9998316398,23,5770
docs\inst_test\instancias\n_1000_2,100,10,10,5,0.2000,42,9999858876,9999845001,23,5770
docs\inst_test\instancias\n_1000_2,100,10,10,5,0.2000,123,9994857334,9994843352,23,5770
docs\inst_test\instancias\n_1000_2,100,10,10,5,0.2000,2026,9988329174,9988314581,21,5770
docs\inst_test\instancias\n_1000_2,100,10,10,5,0.3000,42,9993382057,9993372299,21,5770
docs\inst_test\instancias\n_1000_2,100,10,10,5,0.3000,2026,9998911217,9998901079,19,5770
docs\inst_test\instancias\n_1000_2,100,10,10,5,0.3000,123,9990856748,9990842853,24,5770
docs\inst_test\instancias\n_1000_2,100,10,10,10,0.1000,42,9999331207,9999316534,23,5770
docs\inst_test\instancias\n_1000_2,100,10,10,10,0.1000,2026,9998331097,9998316398,21,5770
docs\inst_test\instancias\n_1000_2,100,10,10,10,0.1000,123,9996330629,9996316194,25,5770
docs\inst_test\instancias\n_1000_2,100,10,10,10,0.2000,42,9999858330,9999844531,21,5770
docs\inst_test\instancias\n_1000_2,100,10,10,10,0.2000,123,9990329527,9990314934,21,5770
docs\inst_test\instancias\n_1000_2,100,10,10,10,0.2000,2026,9988328180,9988314918,21,5770
docs\inst_test\instancias\n_1000_2,100,10,10,10,0.3000,42,9990329448,9990314935,21,5770
docs\inst_test\instancias\n_1000_2,100,10,10,10,0.3000,123,9990856748,9990842853,22,5770
docs\inst_test\instancias\n_1000_2,100,10,10,10,0.3000,2026,9998385415,9998372658,22,5770
docs\inst_test\instancias\n_1000_2,100,10,10,20,0.1000,42,9999331118,9999316242,22,5770
docs\inst_test\instancias\n_1000_2,100,10,10,20,0.1000,123,9996330629,9996316194,23,5770
docs\inst_test\instancias\n_1000_2,100,10,10,20,0.1000,2026,9998331097,9998316398,23,5770
docs\inst_test\instancias\n_1000_2,100,10,10,20,0.2000,42,9996330818,9996315713,21,5770
docs\inst_test\instancias\n_1000_2,100,10,10,20,0.2000,123,9987801402,9987786386,21,5770
docs\inst_test\instancias\n_1000_2,100,10,10,20,0.2000,2026,9987801402,9987786386,21,5770
docs\inst_test\instancias\n_1000_2,100,10,10,20,0.3000,42,9990329448,9990314935,22,5770
docs\inst_test\instancias\n_1000_2,100,10,10,20,0.3000,123,9990856664,9990843198,21,5770
docs\inst_test\instancias\n_1000_2,100,10,10,20,0.3000,2026,9998385388,9998372951,24,5770
docs\inst_test\instancias\n_1000_2,100,10,15,5,0.1000,42,9999331207,9999316534,22,5770
docs\inst_test\instancias\n_1000_2,100,10,15,5,0.1000,2026,9998331097,9998316398,23,5770
docs\inst_test\instancias\n_1000_2,100,10,15,5,0.2000,42,9999858876,9999845001,21,5770
docs\inst_test\instancias\n_1000_2,100,10,15,5,0.2000,123,9994857334,9994843352,21,5770
docs\inst_test\instancias\n_1000_2,100,10,15,5,0.1000,123,9996330629,9996316194,30,5770
docs\inst_test\instancias\n_1000_2,100,10,15,5,0.2000,2026,9988329174,9988314581,22,5770
docs\inst_test\instancias\n_1000_2,100,10,15,5,0.3000,42,9993382057,9993372299,21,5770
docs\inst_test\instancias\n_1000_2,100,10,15,5,0.3000,123,9990856748,9990842853,22,5770
docs\inst_test\instancias\n_1000_2,100,10,15,5,0.3000,2026,9998911217,9998901079,22,5770
docs\inst_test\instancias\n_1000_2,100,10,15,10,0.1000,42,9999331207,9999316534,22,5770
docs\inst_test\instancias\n_1000_2,100,10,15,10,0.1000,123,9996330629,9996316194,21,5770
docs\inst_test\instancias\n_1000_2,100,10,15,10,0.1000,2026,9998331097,9998316398,21,5770
docs\inst_test\instancias\n_1000_2,100,10,15,10,0.2000,123,9990329527,9990314934,21,5770
docs\inst_test\instancias\n_1000_2,100,10,15,10,0.2000,42,9999858330,9999844531,26,5770
docs\inst_test\instancias\n_1000_2,100,10,15,10,0.2000,2026,9988328180,9988314918,21,5770
docs\inst_test\instancias\n_1000_2,100,10,15,10,0.3000,123,9990856748,9990842853,21,5770
docs\inst_test\instancias\n_1000_2,100,10,15,10,0.3000,2026,9998385415,9998372658,20,5770
docs\inst_test\instancias\n_1000_2,100,10,15,10,0.3000,42,9990329448,9990314935,24,5770
docs\inst_test\instancias\n_1000_2,100,10,15,20,0.1000,42,9999331118,9999316242,22,5770
docs\inst_test\instancias\n_1000_2,100,10,15,20,0.1000,123,9996330629,9996316194,20,5770
docs\inst_test\instancias\n_1000_2,100,10,15,20,0.1000,2026,9998331097,9998316398,22,5770
docs\inst_test\instancias\n_1000_2,100,10,15,20,0.2000,42,9996330818,9996315713,22,5770
docs\inst_test\instancias\n_1000_2,100,10,15,20,0.2000,123,9987801402,9987786386,21,5770
docs\inst_test\instancias\n_1000_2,100,10,15,20,0.3000,42,9990329448,9990314935,21,5770
docs\inst_test\instancias\n_1000_2,100,10,15,20,0.2000,2026,9987801402,9987786386,25,5770
docs\inst_test\instancias\n_1000_2,100,10,15,20,0.3000,2026,9998385388,9998372951,20,5770
docs\inst_test\instancias\n_1000_2,100,10,15,20,0.3000,123,9990856664,9990843198,25,5770
docs\inst_test\instancias\n_1000_2,100,15,7,5,0.1000,42,9999331207,9999316534,23,5770
docs\inst_test\instancias\n_1000_2,100,15,7,5,0.1000,123,9996330629,9996316194,23,5770
docs\inst_test\instancias\n_1000_2,100,15,7,5,0.1000,2026,9998331097,9998316398,22,5770
docs\inst_test\instancias\n_1000_2,100,15,7,5,0.2000,42,9999858876,9999845001,21,5770
docs\inst_test\instancias\n_1000_2,100,15,7,5,0.2000,123,9994857334,9994843352,20,5770
docs\inst_test\instancias\n_1000_2,100,15,7,5,0.3000,42,9993382057,9993372299,22,5770
docs\inst_test\instancias\n_1000_2,100,15,7,5,0.3000,2026,9998911217,9998901079,20,5770
docs\inst_test\instancias\n_1000_2,100,15,7,5,0.3000,123,9990856748,9990842853,21,5770
docs\inst_test\instancias\n_1000_2,100,15,7,5,0.2000,2026,9988329174,9988314581,29,5770
docs\inst_test\instancias\n_1000_2,100,15,7,10,0.1000,123,9996330629,9996316194,23,5770
docs\inst_test\instancias\n_1000_2,100,15,7,10,0.1000,42,9999331207,9999316534,25,5770
docs\inst_test\instancias\n_1000_2,100,15,7,10,0.1000,2026,9998331097,9998316398,26,5770
docs\inst_test\instancias\n_1000_2,100,15,7,10,0.2000,42,9999858330,9999844531,21,5770
docs\inst_test\instancias\n_1000_2,100,15,7,10,0.2000,123,9990329527,9990314934,21,5770
docs\inst_test\instancias\n_1000_2,100,15,7,10,0.3000,42,9990329448,9990314935,21,5770
docs\inst_test\instancias\n_1000_2,100,15,7,10,0.2000,2026,9988328180,9988314918,21,5770
docs\inst_test\instancias\n_1000_2,100,15,7,10,0.3000,2026,9998385415,9998372658,20,5770
docs\inst_test\instancias\n_1000_2,100,15,7,20,0.1000,123,9996330629,9996316194,22,5770
docs\inst_test\instancias\n_1000_2,100,15,7,20,0.1000,2026,9998331097,9998316398,21,5770
docs\inst_test\instancias\n_1000_2,100,15,7,10,0.3000,123,9990856748,9990842853,32,5770
docs\inst_test\instancias\n_1000_2,100,15,7,20,0.2000,42,9996330818,9996315713,21,5770
docs\inst_test\instancias\n_1000_2,100,15,7,20,0.2000,123,9987801402,9987786386,21,5770
docs\inst_test\instancias\n_1000_2,100,15,7,20,0.2000,2026,9987801402,9987786386,21,5770
docs\inst_test\instancias\n_1000_2,100,15,7,20,0.1000,42,9999331118,9999316242,32,5770
docs\inst_test\instancias\n_1000_2,100,15,7,20,0.3000,42,9990329448,9990314935,21,5770
docs\inst_test\instancias\n_1000_2,100,15,7,20,0.3000,123,9990856664,9990843198,21,5770
docs\inst_test\instancias\n_1000_2,100,15,7,20,0.3000,2026,9998385388,9998372951,20,5770
docs\inst_test\instancias\n_1000_2,100,15,10,5,0.1000,42,9999331207,9999316534,22,5770
docs\inst_test\instancias\n_1000_2,100,15,10,5,0.1000,123,9996330629,9996316194,21,5770
docs\inst_test\instancias\n_1000_2,100,15,10,5,0.2000,42,9999858876,9999845001,20,5770
docs\inst_test\instancias\n_1000_2,100,15,10,5,0.1000,2026,9998331097,9998316398,21,5770
docs\inst_test\instancias\n_1000_2,100,15,10,5,0.2000,123,9994857334,9994843352,21,5770
docs\inst_test\instancias\n_1000_2,100,15,10,5,0.2000,2026,9988329174,9988314581,25,5770
docs\inst_test\instancias\n_1000_2,100,15,10,5,0.3000,42,9993382057,9993372299,21,5770
docs\inst_test\instancias\n_1000_2,100,15,10,5,0.3000,123,9990856748,9990842853,20,5770
docs\inst_test\instancias\n_1000_2,100,15,10,5,0.3000,2026,9998911217,9998901079,20,5770
docs\inst_test\instancias\n_1000_2,100,15,10,10,0.1000,42,9999331207,9999316534,22,5770
docs\inst_test\instancias\n_1000_2,100,15,10,10,0.1000,123,9996330629,9996316194,22,5770
docs\inst_test\instancias\n_1000_2,100,15,10,10,0.1000,2026,9998331097,9998316398,22,5770
docs\inst_test\instancias\n_1000_2,100,15,10,10,0.2000,42,9999858330,9999844531,22,5770
docs\inst_test\instancias\n_1000_2,100,15,10,10,0.3000,42,9990329448,9990314935,21,5770
docs\inst_test\instancias\n_1000_2,100,15,10,10,0.2000,123,9990329527,9990314934,23,5770
docs\inst_test\instancias\n_1000_2,100,15,10,10,0.2000,2026,9988328180,9988314918,23,5770
docs\inst_test\instancias\n_1000_2,100,15,10,10,0.3000,123,9990856748,9990842853,22,5770
docs\inst_test\instancias\n_1000_2,100,15,10,10,0.3000,2026,9998385415,9998372658,20,5770
docs\inst_test\instancias\n_1000_2,100,15,10,20,0.1000,42,9999331118,9999316242,21,5770
docs\inst_test\instancias\n_1000_2,100,15,10,20,0.1000,123,9996330629,9996316194,24,5770
docs\inst_test\instancias\n_1000_2,100,15,10,20,0.1000,2026,9998331097,9998316398,23,5770
docs\inst_test\instancias\n_1000_2,100,15,10,20,0.2000,42,9996330818,9996315713,21,5770
docs\inst_test\instancias\n_1000_2,100,15,10,20,0.2000,123,9987801402,9987786386,21,5770
docs\inst_test\instancias\n_1000_2,100,15,10,20,0.2000,2026,9987801402,9987786386,21,5770
docs\inst_test\instancias\n_1000_2,100,15,10,20,0.3000,42,9990329448,9990314935,22,5770
docs\inst_test\instancias\n_1000_2,100,15,10,20,0.3000,123,9990856664,9990843198,20,5770
docs\inst_test\instancias\n_1000_2,100,15,10,20,0.3000,2026,9998385388,9998372951,22,5770
docs\inst_test\instancias\n_1000_2,100,15,15,5,0.1000,123,9996330629,9996316194,22,5770
docs\inst_test\instancias\n_1000_2,100,15,15,5,0.1000,42,9999331207,9999316534,27,5770
docs\inst_test\instancias\n_1000_2,100,15,15,5,0.1000,2026,9998331097,9998316398,22,5770
docs\inst_test\instancias\n_1000_2,100,15,15,5,0.2000,42,9999858876,9999845001,21,5770
docs\inst_test\instancias\n_1000_2,100,15,15,5,0.2000,123,9994857334,9994843352,22,5770
docs\inst_test\instancias\n_1000_2,100,15,15,5,0.2000,2026,9988329174,9988314581,20,5770
docs\inst_test\instancias\n_1000_2,100,15,15,5,0.3000,42,9993382057,9993372299,21,5770
docs\inst_test\instancias\n_1000_2,100,15,15,5,0.3000,2026,9998911217,9998901079,20,5770
docs\inst_test\instancias\n_1000_2,100,15,15,5,0.3000,123,9990856748,9990842853,27,5770
docs\inst_test\instancias\n_1000_2,100,15,15,10,0.1000,42,9999331207,9999316534,24,5770
docs\inst_test\instancias\n_1000_2,100,15,15,10,0.1000,123,9996330629,9996316194,22,5770
docs\inst_test\instancias\n_1000_2,100,15,15,10,0.1000,2026,9998331097,9998316398,22,5770
docs\inst_test\instancias\n_1000_2,100,15,15,10,0.2000,42,9999858330,9999844531,21,5770
docs\inst_test\instancias\n_1000_2,100,15,15,10,0.2000,123,9990329527,9990314934,21,5770
docs\inst_test\instancias\n_1000_2,100,15,15,10,0.2000,2026,9988328180,9988314918,21,5770
docs\inst_test\instancias\n_1000_2,100,15,15,10,0.3000,42,9990329448,9990314935,22,5770
docs\inst_test\instancias\n_1000_2,100,15,15,10,0.3000,123,9990856748,9990842853,22,5770
docs\inst_test\instancias\n_1000_2,100,15,15,10,0.3000,2026,9998385415,9998372658,23,5770
docs\inst_test\instancias\n_1000_2,100,15,15,20,0.1000,42,9999331118,9999316242,21,5770
docs\inst_test\instancias\n_1000_2,100,15,15,20,0.1000,123,9996330629,9996316194,21,5770
docs\inst_test\instancias\n_1000_2,100,15,15,20,0.2000,42,9996330818,9996315713,21,5770
docs\inst_test\instancias\n_1000_2,100,15,15,20,0.2000,123,9987801402,9987786386,21,5770
docs\inst_test\instancias\n_1000_2,100,15,15,20,0.1000,2026,9998331097,9998316398,25,5770
docs\inst_test\instancias\n_1000_2,100,15,15,20,0.2000,2026,9987801402,9987786386,25,5770
docs\inst_test\instancias\n_1000_2,100,15,15,20,0.3000,42,9990329448,9990314935,21,5770
docs\inst_test\instancias\n_1000_2,100,15,15,20,0.3000,2026,9998385388,9998372951,21,5770
docs\inst_test\instancias\n_1000_2,100,15,15,20,0.3000,123,9990856664,9990843198,22,5770
docs\inst_test\instancias\n_1000_2,100,20,7,5,0.1000,42,9999331207,9999316534,22,5770
docs\inst_test\instancias\n_1000_2,100,20,7,5,0.1000,123,9996330629,9996316194,24,5770
docs\inst_test\instancias\n_1000_2,100,20,7,5,0.1000,2026,9998331097,9998316398,22,5770
docs\inst_test\instancias\n_1000_2,100,20,7,5,0.2000,42,9999858876,9999845001,23,5770
docs\inst_test\instancias\n_1000_2,100,20,7,5,0.2000,123,9994857334,9994843352,21,5770
docs\inst_test\instancias\n_1000_2,100,20,7,5,0.2000,2026,9988329174,9988314581,21,5770
docs\inst_test\instancias\n_1000_2,100,20,7,5,0.3000,42,9993382057,9993372299,21,5770
docs\inst_test\instancias\n_1000_2,100,20,7,5,0.3000,2026,9998911217,9998901079,20,5770
docs\inst_test\instancias\n_1000_2,100,20,7,5,0.3000,123,9990856748,9990842853,23,5770
docs\inst_test\instancias\n_1000_2,100,20,7,10,0.1000,123,9996330629,9996316194,21,5770
docs\inst_test\instancias\n_1000_2,100,20,7,10,0.1000,42,9999331207,9999316534,21,5770
docs\inst_test\instancias\n_1000_2,100,20,7,10,0.1000,2026,9998331097,9998316398,30,5770
docs\inst_test\instancias\n_1000_2,100,20,7,10,0.2000,42,9999858330,9999844531,24,5770
docs\inst_test\instancias\n_1000_2,100,20,7,10,0.2000,2026,9988328180,9988314918,22,5770
docs\inst_test\instancias\n_1000_2,100,20,7,10,0.2000,123,9990329527,9990314934,28,5770
docs\inst_test\instancias\n_1000_2,100,20,7,10,0.3000,123,9990856748,9990842853,20,5770
docs\inst_test\instancias\n_1000_2,100,20,7,10,0.3000,2026,9998385415,9998372658,20,5770
docs\inst_test\instancias\n_1000_2,100,20,7,10,0.3000,42,9990329448,9990314935,25,5770
docs\inst_test\instancias\n_1000_2,100,20,7,20,0.1000,42,9999331118,9999316242,22,5770
docs\inst_test\instancias\n_1000_2,100,20,7,20,0.1000,2026,9998331097,9998316398,23,5770
docs\inst_test\instancias\n_1000_2,100,20,7,20,0.2000,42,9996330818,9996315713,21,5770
docs\inst_test\instancias\n_1000_2,100,20,7,20,0.2000,123,9987801402,9987786386,22,5770
docs\inst_test\instancias\n_1000_2,100,20,7,20,0.2000,2026,9987801402,9987786386,21,5770
docs\inst_test\instancias\n_1000_2,100,20,7,20,0.3000,42,9990329448,9990314935,21,5770
docs\inst_test\instancias\n_1000_2,100,20,7,20,0.1000,123,9996330629,9996316194,30,5770
docs\inst_test\instancias\n_1000_2,100,20,7,20,0.3000,2026,9998385388,9998372951,20,5770
docs\inst_test\instancias\n_1000_2,100,20,7,20,0.3000,123,9990856664,9990843198,27,5770
docs\inst_test\instancias\n_1000_2,100,20,10,5,0.1000,42,9999331207,9999316534,21,5770
docs\inst_test\instancias\n_1000_2,100,20,10,5,0.1000,123,9996330629,9996316194,21,5770
docs\inst_test\instancias\n_1000_2,100,20,10,5,0.2000,123,9994857334,9994843352,21,5770
docs\inst_test\instancias\n_1000_2,100,20,10,5,0.3000,42,9993382057,9993372299,20,5770
docs\inst_test\instancias\n_1000_2,100,20,10,5,0.1000,2026,9998331097,9998316398,23,5770
docs\inst_test\instancias\n_1000_2,100,20,10,5,0.2000,2026,9988329174,9988314581,21,5770
docs\inst_test\instancias\n_1000_2,100,20,10,5,0.2000,42,9999858876,9999845001,24,5770
docs\inst_test\instancias\n_1000_2,100,20,10,5,0.3000,123,9990856748,9990842853,24,5770
docs\inst_test\instancias\n_1000_2,100,20,10,5,0.3000,2026,9998911217,9998901079,20,5770
docs\inst_test\instancias\n_1000_2,100,20,10,10,0.1000,42,9999331207,9999316534,22,5770
docs\inst_test\instancias\n_1000_2,100,20,10,10,0.1000,123,9996330629,9996316194,21,5770
docs\inst_test\instancias\n_1000_2,100,20,10,10,0.1000,2026,9998331097,9998316398,21,5770
docs\inst_test\instancias\n_1000_2,100,20,10,10,0.2000,123,9990329527,9990314934,21,5770
docs\inst_test\instancias\n_1000_2,100,20,10,10,0.2000,2026,9988328180,9988314918,22,5770
docs\inst_test\instancias\n_1000_2,100,20,10,10,0.2000,42,9999858330,9999844531,25,5770
docs\inst_test\instancias\n_1000_2,100,20,10,10,0.3000,42,9990329448,9990314935,21,5770
docs\inst_test\instancias\n_1000_2,100,20,10,10,0.3000,123,9990856748,9990842853,20,5770
docs\inst_test\instancias\n_1000_2,100,20,10,10,0.3000,2026,9998385415,9998372658,19,5770
docs\inst_test\instancias\n_1000_2,100,20,10,20,0.1000,42,9999331118,9999316242,21,5770
docs\inst_test\instancias\n_1000_2,100,20,10,20,0.1000,123,9996330629,9996316194,21,5770
docs\inst_test\instancias\n_1000_2,100,20,10,20,0.1000,2026,9998331097,9998316398,25,5770
docs\inst_test\instancias\n_1000_2,100,20,10,20,0.2000,42,9996330818,9996315713,24,5770
docs\inst_test\instancias\n_1000_2,100,20,10,20,0.2000,123,9987801402,9987786386,25,5770
docs\inst_test\instancias\n_1000_2,100,20,10,20,0.2000,2026,9987801402,9987786386,21,5770
docs\inst_test\instancias\n_1000_2,100,20,10,20,0.3000,42,9990329448,9990314935,21,5770
docs\inst_test\instancias\n_1000_2,100,20,10,20,0.3000,123,9990856664,9990843198,23,5770
docs\inst_test\instancias\n_1000_2,100,20,10,20,0.3000,2026,9998385388,9998372951,21,5770
docs\inst_test\instancias\n_1000_2,100,20,15,5,0.1000,42,9999331207,9999316534,23,5770
docs\inst_test\instancias\n_1000_2,100,20,15,5,0.1000,123,9996330629,9996316194,24,5770
docs\inst_test\instancias\n_1000_2,100,20,15,5,0.2000,42,9999858876,9999845001,21,5770
docs\inst_test\instancias\n_1000_2,100,20,15,5,0.1000,2026,9998331097,9998316398,24,5770
docs\inst_test\instancias\n_1000_2,100,20,15,5,0.2000,123,9994857334,9994843352,21,5770
docs\inst_test\instancias\n_1000_2,100,20,15,5,0.2000,2026,9988329174,9988314581,20,5770
docs\inst_test\instancias\n_1000_2,100,20,15,5,0.3000,123,9990856748,9990842853,20,5770
docs\inst_test\instancias\n_1000_2,100,20,15,5,0.3000,2026,9998911217,9998901079,20,5770
docs\inst_test\instancias\n_1000_2,100,20,15,5,0.3000,42,9993382057,9993372299,23,5770
docs\inst_test\instancias\n_1000_2,100,20,15,10,0.1000,42,9999331207,9999316534,22,5770
docs\inst_test\instancias\n_1000_2,100,20,15,10,0.1000,123,9996330629,9996316194,21,5770
docs\inst_test\instancias\n_1000_2,100,20,15,10,0.2000,42,9999858330,9999844531,21,5770
docs\inst_test\instancias\n_1000_2,100,20,15,10,0.1000,2026,9998331097,9998316398,24,5770
docs\inst_test\instancias\n_1000_2,100,20,15,10,0.2000,123,9990329527,9990314934,21,5770
docs\inst_test\instancias\n_1000_2,100,20,15,10,0.2000,2026,9988328180,9988314918,21,5770
docs\inst_test\instancias\n_1000_2,100,20,15,10,0.3000,42,9990329448,9990314935,20,5770
docs\inst_test\instancias\n_1000_2,100,20,15,10,0.3000,123,9990856748,9990842853,21,5770
docs\inst_test\instancias\n_1000_2,100,20,15,20,0.1000,123,9996330629,9996316194,20,5770
docs\inst_test\instancias\n_1000_2,100,20,15,10,0.3000,2026,9998385415,9998372658,24,5770
docs\inst_test\instancias\n_1000_2,100,20,15,20,0.1000,42,9999331118,9999316242,24,5770
docs\inst_test\instancias\n_1000_2,100,20,15,20,0.2000,42,9996330818,9996315713,21,5770
docs\inst_test\instancias\n_1000_2,100,20,15,20,0.1000,2026,9998331097,9998316398,23,5770
docs\inst_test\instancias\n_1000_2,100,20,15,20,0.2000,123,9987801402,9987786386,20,5770
docs\inst_test\instancias\n_1000_2,100,20,15,20,0.2000,2026,9987801402,9987786386,23,5770
docs\inst_test\instancias\n_1000_2,100,20,15,20,0.3000,42,9990329448,9990314935,26,5770
docs\inst_test\instancias\n_1000_2,100,20,15,20,0.3000,123,9990856664,9990843198,21,5770
docs\inst_test\instancias\n_1000_2,100,20,15,20,0.3000,2026,9998385388,9998372951,22,5770
docs\inst_test\instancias\n_1000_2,300,10,7,5,0.1000,42,9999331207,9999316534,72,5770
docs\inst_test\instancias\n_1000_2,300,10,7,5,0.1000,2026,9998331097,9998316398,69,5770
docs\inst_test\instancias\n_1000_2,300,10,7,5,0.1000,123,9997330825,9997316169,69,5770
docs\inst_test\instancias\n_1000_2,300,10,7,5,0.3000,42,9999964929,9999957495,54,5770
docs\inst_test\instancias\n_1000_2,300,10,7,5,0.2000,123,9999912391,9999900751,61,5770
docs\inst_test\instancias\n_1000_2,300,10,7,5,0.2000,42,9999858876,9999845001,65,5770
docs\inst_test\instancias\n_1000_2,300,10,7,5,0.2000,2026,9998912519,9998900937,65,5770
docs\inst_test\instancias\n_1000_2,300,10,7,5,0.3000,123,9999438622,9999429155,60,5770
docs\inst_test\instancias\n_1000_2,300,10,7,10,0.2000,42,9999858876,9999845001,64,5770
docs\inst_test\instancias\n_1000_2,300,10,7,10,0.1000,123,9996330629,9996316194,66,5770
docs\inst_test\instancias\n_1000_2,300,10,7,10,0.1000,2026,9998331097,9998316398,66,5770
docs\inst_test\instancias\n_1000_2,300,10,7,10,0.2000,2026,9996385206,9996372915,60,5770
docs\inst_test\instancias\n_1000_2,300,10,7,10,0.2000,123,9999912391,9999900751,69,5770
docs\inst_test\instancias\n_1000_2,300,10,7,5,0.3000,2026,9999438838,9999429166,71,5770
docs\inst_test\instancias\n_1000_2,300,10,7,10,0.1000,42,9999331207,9999316534,76,5770
docs\inst_test\instancias\n_1000_2,300,10,7,10,0.3000,42,9998438516,9998428988,67,5770
docs\inst_test\instancias\n_1000_2,300,10,7,10,0.3000,2026,9999438838,9999429166,53,5770
docs\inst_test\instancias\n_1000_2,300,10,7,10,0.3000,123,9996911904,9996900423,63,5770
docs\inst_test\instancias\n_1000_2,300,10,7,20,0.1000,42,9999331207,9999316534,64,5770
docs\inst_test\instancias\n_1000_2,300,10,7,20,0.1000,2026,9998331097,9998316398,64,5770
docs\inst_test\instancias\n_1000_2,300,10,7,20,0.2000,42,9999858876,9999845001,63,5770
docs\inst_test\instancias\n_1000_2,300,10,7,20,0.2000,123,9998385547,9998372602,60,5770
docs\inst_test\instancias\n_1000_2,300,10,7,20,0.1000,123,9996330629,9996316194,69,5770
docs\inst_test\instancias\n_1000_2,300,10,7,20,0.2000,2026,9996385206,9996372915,70,5770
docs\inst_test\instancias\n_1000_2,300,10,7,20,0.3000,42,9994911311,9994900125,61,5770
docs\inst_test\instancias\n_1000_2,300,10,7,20,0.3000,2026,9998912310,9998901354,54,5770
docs\inst_test\instancias\n_1000_2,300,10,7,20,0.3000,123,9992384096,9992371960,58,5770
docs\inst_test\instancias\n_1000_2,300,10,10,5,0.1000,123,9997330825,9997316169,68,5770
docs\inst_test\instancias\n_1000_2,300,10,10,5,0.1000,2026,9998331097,9998316398,72,5770
docs\inst_test\instancias\n_1000_2,300,10,10,5,0.1000,42,9999331207,9999316534,76,5770
docs\inst_test\instancias\n_1000_2,300,10,10,5,0.2000,123,9999912391,9999900751,67,5770
docs\inst_test\instancias\n_1000_2,300,10,10,5,0.2000,42,9999858876,9999845001,75,5770
docs\inst_test\instancias\n_1000_2,300,10,10,5,0.3000,42,9999964929,9999957495,54,5770
docs\inst_test\instancias\n_1000_2,300,10,10,5,0.3000,123,9999438622,9999429155,56,5770
docs\inst_test\instancias\n_1000_2,300,10,10,5,0.2000,2026,9998912519,9998900937,62,5770
docs\inst_test\instancias\n_1000_2,300,10,10,5,0.3000,2026,9999438838,9999429166,62,5770
docs\inst_test\instancias\n_1000_2,300,10,10,10,0.2000,42,9999858876,9999845001,63,5770
docs\inst_test\instancias\n_1000_2,300,10,10,10,0.1000,2026,9998331097,9998316398,65,5770
docs\inst_test\instancias\n_1000_2,300,10,10,10,0.1000,123,9996330629,9996316194,68,5770
docs\inst_test\instancias\n_1000_2,300,10,10,10,0.1000,42,9999331207,9999316534,77,5770
docs\inst_test\instancias\n_1000_2,300,10,10,10,0.3000,42,9998438516,9998428988,55,5770
docs\inst_test\instancias\n_1000_2,300,10,10,10,0.2000,123,9999912391,9999900751,59,5770
docs\inst_test\instancias\n_1000_2,300,10,10,10,0.2000,2026,9996385206,9996372915,65,5770
docs\inst_test\instancias\n_1000_2,300,10,10,10,0.3000,123,9996911904,9996900423,55,5770
docs\inst_test\instancias\n_1000_2,300,10,10,10,0.3000,2026,9999438838,9999429166,56,5770
docs\inst_test\instancias\n_1000_2,300,10,10,20,0.1000,123,9996330629,9996316194,64,5770
docs\inst_test\instancias\n_1000_2,300,10,10,20,0.1000,42,9999331207,9999316534,77,5770
docs\inst_test\instancias\n_1000_2,300,10,10,20,0.2000,123,9998385547,9998372602,60,5770
docs\inst_test\instancias\n_1000_2,300,10,10,20,0.2000,42,9999858876,9999845001,61,5770
docs\inst_test\instancias\n_1000_2,300,10,10,20,0.1000,2026,9998331097,9998316398,73,5770
docs\inst_test\instancias\n_1000_2,300,10,10,20,0.2000,2026,9996385206,9996372915,67,5770
docs\inst_test\instancias\n_1000_2,300,10,10,20,0.3000,42,9994911311,9994900125,60,5770
docs\inst_test\instancias\n_1000_2,300,10,10,20,0.3000,123,9992384096,9992371960,60,5770
docs\inst_test\instancias\n_1000_2,300,10,10,20,0.3000,2026,9998912310,9998901354,58,5770
docs\inst_test\instancias\n_1000_2,300,10,15,5,0.2000,42,9999858876,9999845001,68,5770
docs\inst_test\instancias\n_1000_2,300,10,15,5,0.1000,2026,9998331097,9998316398,69,5770
docs\inst_test\instancias\n_1000_2,300,10,15,5,0.1000,123,9997330825,9997316169,70,5770
docs\inst_test\instancias\n_1000_2,300,10,15,5,0.1000,42,9999331207,9999316534,75,5770
docs\inst_test\instancias\n_1000_2,300,10,15,5,0.2000,123,9999912391,9999900751,60,5770
docs\inst_test\instancias\n_1000_2,300,10,15,5,0.2000,2026,9998912519,9998900937,60,5770
docs\inst_test\instancias\n_1000_2,300,10,15,5,0.3000,42,9999964929,9999957495,61,5770
docs\inst_test\instancias\n_1000_2,300,10,15,5,0.3000,123,9999438622,9999429155,59,5770
docs\inst_test\instancias\n_1000_2,300,10,15,5,0.3000,2026,9999438838,9999429166,55,5770
docs\inst_test\instancias\n_1000_2,300,10,15,10,0.1000,123,9996330629,9996316194,66,5770
docs\inst_test\instancias\n_1000_2,300,10,15,10,0.1000,2026,9998331097,9998316398,65,5770
docs\inst_test\instancias\n_1000_2,300,10,15,10,0.1000,42,9999331207,9999316534,69,5770
docs\inst_test\instancias\n_1000_2,300,10,15,10,0.2000,123,9999912391,9999900751,59,5770
docs\inst_test\instancias\n_1000_2,300,10,15,10,0.2000,42,9999858876,9999845001,68,5770
docs\inst_test\instancias\n_1000_2,300,10,15,10,0.2000,2026,9996385206,9996372915,60,5770
docs\inst_test\instancias\n_1000_2,300,10,15,10,0.3000,42,9998438516,9998428988,64,5770
docs\inst_test\instancias\n_1000_2,300,10,15,10,0.3000,123,9996911904,9996900423,68,5770
docs\inst_test\instancias\n_1000_2,300,10,15,10,0.3000,2026,9999438838,9999429166,63,5770
docs\inst_test\instancias\n_1000_2,300,10,15,20,0.1000,123,9996330629,9996316194,65,5770
docs\inst_test\instancias\n_1000_2,300,10,15,20,0.1000,2026,9998331097,9998316398,63,5770
docs\inst_test\instancias\n_1000_2,300,10,15,20,0.1000,42,9999331207,9999316534,75,5770
docs\inst_test\instancias\n_1000_2,300,10,15,20,0.2000,123,9998385547,9998372602,59,5770
docs\inst_test\instancias\n_1000_2,300,10,15,20,0.2000,42,9999858876,9999845001,76,5770
docs\inst_test\instancias\n_1000_2,300,10,15,20,0.2000,2026,9996385206,9996372915,61,5770
docs\inst_test\instancias\n_1000_2,300,10,15,20,0.3000,42,9994911311,9994900125,58,5770
docs\inst_test\instancias\n_1000_2,300,10,15,20,0.3000,123,9992384096,9992371960,58,5770
docs\inst_test\instancias\n_1000_2,300,10,15,20,0.3000,2026,9998912310,9998901354,57,5770
docs\inst_test\instancias\n_1000_2,300,15,7,5,0.1000,42,9999331207,9999316534,71,5770
docs\inst_test\instancias\n_1000_2,300,15,7,5,0.1000,123,9997330825,9997316169,69,5770
docs\inst_test\instancias\n_1000_2,300,15,7,5,0.1000,2026,9998331097,9998316398,69,5770
docs\inst_test\instancias\n_1000_2,300,15,7,5,0.2000,42,9999858876,9999845001,65,5770
docs\inst_test\instancias\n_1000_2,300,15,7,5,0.2000,123,9999912391,9999900751,69,5770
docs\inst_test\instancias\n_1000_2,300,15,7,5,0.3000,42,9999964929,9999957495,55,5770
docs\inst_test\instancias\n_1000_2,300,15,7,5,0.2000,2026,9998912519,9998900937,68,5770
docs\inst_test\instancias\n_1000_2,300,15,7,5,0.3000,123,9999438622,9999429155,57,5770
docs\inst_test\instancias\n_1000_2,300,15,7,5,0.3000,2026,9999438838,9999429166,57,5770
docs\inst_test\instancias\n_1000_2,300,15,7,10,0.1000,42,9999331207,9999316534,66,5770
docs\inst_test\instancias\n_1000_2,300,15,7,10,0.1000,123,9996330629,9996316194,65,5770
docs\inst_test\instancias\n_1000_2,300,15,7,10,0.1000,2026,9998331097,9998316398,65,5770
docs\inst_test\instancias\n_1000_2,300,15,7,10,0.2000,42,9999858876,9999845001,64,5770
docs\inst_test\instancias\n_1000_2,300,15,7,10,0.2000,123,9999912391,9999900751,58,5770
docs\inst_test\instancias\n_1000_2,300,15,7,10,0.3000,42,9998438516,9998428988,66,5770
docs\inst_test\instancias\n_1000_2,300,15,7,10,0.2000,2026,9996385206,9996372915,70,5770
docs\inst_test\instancias\n_1000_2,300,15,7,10,0.3000,123,9996911904,9996900423,55,5770
docs\inst_test\instancias\n_1000_2,300,15,7,10,0.3000,2026,9999438838,9999429166,53,5770
docs\inst_test\instancias\n_1000_2,300,15,7,20,0.1000,42,9999331207,9999316534,65,5770
docs\inst_test\instancias\n_1000_2,300,15,7,20,0.1000,123,9996330629,9996316194,68,5770
docs\inst_test\instancias\n_1000_2,300,15,7,20,0.1000,2026,9998331097,9998316398,65,5770
docs\inst_test\instancias\n_1000_2,300,15,7,20,0.2000,42,9999858876,9999845001,70,5770
docs\inst_test\instancias\n_1000_2,300,15,7,20,0.2000,123,9998385547,9998372602,62,5770
docs\inst_test\instancias\n_1000_2,300,15,7,20,0.3000,42,9994911311,9994900125,62,5770
docs\inst_test\instancias\n_1000_2,300,15,7,20,0.3000,123,9992384096,9992371960,56,5770
docs\inst_test\instancias\n_1000_2,300,15,7,20,0.2000,2026,9996385206,9996372915,72,5770
docs\inst_test\instancias\n_1000_2,300,15,7,20,0.3000,2026,9998912310,9998901354,55,5770
docs\inst_test\instancias\n_1000_2,300,15,10,5,0.1000,42,9999331207,9999316534,71,5770
docs\inst_test\instancias\n_1000_2,300,15,10,5,0.1000,123,9997330825,9997316169,68,5770
docs\inst_test\instancias\n_1000_2,300,15,10,5,0.2000,123,9999912391,9999900751,61,5770
docs\inst_test\instancias\n_1000_2,300,15,10,5,0.1000,2026,9998331097,9998316398,73,5770
docs\inst_test\instancias\n_1000_2,300,15,10,5,0.3000,42,9999964929,9999957495,60,5770
docs\inst_test\instancias\n_1000_2,300,15,10,5,0.2000,42,9999858876,9999845001,75,5770
docs\inst_test\instancias\n_1000_2,300,15,10,5,0.2000,2026,9998912519,9998900937,63,5770
docs\inst_test\instancias\n_1000_2,300,15,10,5,0.3000,123,9999438622,9999429155,57,5770
docs\inst_test\instancias\n_1000_2,300,15,10,5,0.3000,2026,9999438838,9999429166,60,5770
docs\inst_test\instancias\n_1000_2,300,15,10,10,0.1000,42,9999331207,9999316534,66,5770
docs\inst_test\instancias\n_1000_2,300,15,10,10,0.1000,2026,9998331097,9998316398,66,5770
docs\inst_test\instancias\n_1000_2,300,15,10,10,0.2000,42,9999858876,9999845001,61,5770
docs\inst_test\instancias\n_1000_2,300,15,10,10,0.2000,2026,9996385206,9996372915,62,5770
docs\inst_test\instancias\n_1000_2,300,15,10,10,0.2000,123,9999912391,9999900751,62,5770
docs\inst_test\instancias\n_1000_2,300,15,10,10,0.3000,42,9998438516,9998428988,56,5770
docs\inst_test\instancias\n_1000_2,300,15,10,10,0.1000,123,9996330629,9996316194,72,5770
docs\inst_test\instancias\n_1000_2,300,15,10,10,0.3000,2026,9999438838,9999429166,53,5770
docs\inst_test\instancias\n_1000_2,300,15,10,10,0.3000,123,9996911904,9996900423,62,5770
docs\inst_test\instancias\n_1000_2,300,15,10,20,0.1000,42,9999331207,9999316534,65,5770
docs\inst_test\instancias\n_1000_2,300,15,10,20,0.1000,123,9996330629,9996316194,64,5770
docs\inst_test\instancias\n_1000_2,300,15,10,20,0.2000,2026,9996385206,9996372915,60,5770
docs\inst_test\instancias\n_1000_2,300,15,10,20,0.1000,2026,9998331097,9998316398,63,5770
docs\inst_test\instancias\n_1000_2,300,15,10,20,0.2000,123,9998385547,9998372602,64,5770
docs\inst_test\instancias\n_1000_2,300,15,10,20,0.2000,42,9999858876,9999845001,67,5770
docs\inst_test\instancias\n_1000_2,300,15,10,20,0.3000,123,9992384096,9992371960,59,5770
docs\inst_test\instancias\n_1000_2,300,15,10,20,0.3000,42,9994911311,9994900125,67,5770
docs\inst_test\instancias\n_1000_2,300,15,10,20,0.3000,2026,9998912310,9998901354,53,5770
docs\inst_test\instancias\n_1000_2,300,15,15,5,0.1000,123,9997330825,9997316169,69,5770
docs\inst_test\instancias\n_1000_2,300,15,15,5,0.2000,123,9999912391,9999900751,63,5770
docs\inst_test\instancias\n_1000_2,300,15,15,5,0.1000,42,9999331207,9999316534,70,5770
docs\inst_test\instancias\n_1000_2,300,15,15,5,0.1000,2026,9998331097,9998316398,72,5770
docs\inst_test\instancias\n_1000_2,300,15,15,5,0.2000,42,9999858876,9999845001,73,5770
docs\inst_test\instancias\n_1000_2,300,15,15,5,0.2000,2026,9998912519,9998900937,63,5770
docs\inst_test\instancias\n_1000_2,300,15,15,5,0.3000,42,9999964929,9999957495,56,5770
docs\inst_test\instancias\n_1000_2,300,15,15,5,0.3000,123,9999438622,9999429155,58,5770
docs\inst_test\instancias\n_1000_2,300,15,15,5,0.3000,2026,9999438838,9999429166,59,5770
docs\inst_test\instancias\n_1000_2,300,15,15,10,0.1000,123,9996330629,9996316194,65,5770
docs\inst_test\instancias\n_1000_2,300,15,15,10,0.2000,42,9999858876,9999845001,63,5770
docs\inst_test\instancias\n_1000_2,300,15,15,10,0.1000,2026,9998331097,9998316398,68,5770
docs\inst_test\instancias\n_1000_2,300,15,15,10,0.1000,42,9999331207,9999316534,76,5770
docs\inst_test\instancias\n_1000_2,300,15,15,10,0.2000,123,9999912391,9999900751,58,5770
docs\inst_test\instancias\n_1000_2,300,15,15,10,0.2000,2026,9996385206,9996372915,60,5770
docs\inst_test\instancias\n_1000_2,300,15,15,10,0.3000,42,9998438516,9998428988,55,5770
docs\inst_test\instancias\n_1000_2,300,15,15,10,0.3000,2026,9999438838,9999429166,54,5770
docs\inst_test\instancias\n_1000_2,300,15,15,10,0.3000,123,9996911904,9996900423,60,5770
docs\inst_test\instancias\n_1000_2,300,15,15,20,0.1000,42,9999331207,9999316534,64,5770
docs\inst_test\instancias\n_1000_2,300,15,15,20,0.2000,42,9999858876,9999845001,60,5770
docs\inst_test\instancias\n_1000_2,300,15,15,20,0.1000,123,9996330629,9996316194,69,5770
docs\inst_test\instancias\n_1000_2,300,15,15,20,0.2000,123,9998385547,9998372602,60,5770
docs\inst_test\instancias\n_1000_2,300,15,15,20,0.1000,2026,9998331097,9998316398,71,5770
docs\inst_test\instancias\n_1000_2,300,15,15,20,0.2000,2026,9996385206,9996372915,63,5770
docs\inst_test\instancias\n_1000_2,300,15,15,20,0.3000,42,9994911311,9994900125,56,5770
docs\inst_test\instancias\n_1000_2,300,15,15,20,0.3000,123,9992384096,9992371960,63,5770
docs\inst_test\instancias\n_1000_2,300,15,15,20,0.3000,2026,9998912310,9998901354,55,5770
docs\inst_test\instancias\n_1000_2,300,20,7,5,0.1000,123,9997330825,9997316169,69,5770
docs\inst_test\instancias\n_1000_2,300,20,7,5,0.1000,42,9999331207,9999316534,75,5770
docs\inst_test\instancias\n_1000_2,300,20,7,5,0.1000,2026,9998331097,9998316398,74,5770
docs\inst_test\instancias\n_1000_2,300,20,7,5,0.2000,42,9999858876,9999845001,74,5770
docs\inst_test\instancias\n_1000_2,300,20,7,5,0.2000,123,9999912391,9999900751,61,5770
docs\inst_test\instancias\n_1000_2,300,20,7,5,0.2000,2026,9998912519,9998900937,62,5770
docs\inst_test\instancias\n_1000_2,300,20,7,5,0.3000,42,9999964929,9999957495,58,5770
docs\inst_test\instancias\n_1000_2,300,20,7,5,0.3000,123,9999438622,9999429155,58,5770
docs\inst_test\instancias\n_1000_2,300,20,7,5,0.3000,2026,9999438838,9999429166,59,5770
docs\inst_test\instancias\n_1000_2,300,20,7,10,0.1000,123,9996330629,9996316194,65,5770
docs\inst_test\instancias\n_1000_2,300,20,7,10,0.1000,42,9999331207,9999316534,66,5770
docs\inst_test\instancias\n_1000_2,300,20,7,10,0.2000,42,9999858876,9999845001,62,5770
docs\inst_test\instancias\n_1000_2,300,20,7,10,0.1000,2026,9998331097,9998316398,65,5770
docs\inst_test\instancias\n_1000_2,300,20,7,10,0.2000,123,9999912391,9999900751,58,5770
docs\inst_test\instancias\n_1000_2,300,20,7,10,0.2000,2026,9996385206,9996372915,63,5770
docs\inst_test\instancias\n_1000_2,300,20,7,10,0.3000,42,9998438516,9998428988,56,5770
docs\inst_test\instancias\n_1000_2,300,20,7,10,0.3000,123,9996911904,9996900423,64,5770
docs\inst_test\instancias\n_1000_2,300,20,7,10,0.3000,2026,9999438838,9999429166,53,5770
docs\inst_test\instancias\n_1000_2,300,20,7,20,0.1000,42,9999331207,9999316534,65,5770
docs\inst_test\instancias\n_1000_2,300,20,7,20,0.1000,123,9996330629,9996316194,64,5770
docs\inst_test\instancias\n_1000_2,300,20,7,20,0.1000,2026,9998331097,9998316398,68,5770
docs\inst_test\instancias\n_1000_2,300,20,7,20,0.2000,42,9999858876,9999845001,60,5770
docs\inst_test\instancias\n_1000_2,300,20,7,20,0.2000,2026,9996385206,9996372915,62,5770
docs\inst_test\instancias\n_1000_2,300,20,7,20,0.2000,123,9998385547,9998372602,65,5770
docs\inst_test\instancias\n_1000_2,300,20,7,20,0.3000,123,9992384096,9992371960,63,5770
docs\inst_test\instancias\n_1000_2,300,20,7,20,0.3000,42,9994911311,9994900125,64,5770
docs\inst_test\instancias\n_1000_2,300,20,7,20,0.3000,2026,9998912310,9998901354,53,5770
docs\inst_test\instancias\n_1000_2,300,20,10,5,0.1000,42,9999331207,9999316534,69,5770
docs\inst_test\instancias\n_1000_2,300,20,10,5,0.1000,123,9997330825,9997316169,72,5770
docs\inst_test\instancias\n_1000_2,300,20,10,5,0.1000,2026,9998331097,9998316398,70,5770
docs\inst_test\instancias\n_1000_2,300,20,10,5,0.2000,123,9999912391,9999900751,61,5770
docs\inst_test\instancias\n_1000_2,300,20,10,5,0.2000,42,9999858876,9999845001,68,5770
docs\inst_test\instancias\n_1000_2,300,20,10,5,0.3000,42,9999964929,9999957495,58,5770
docs\inst_test\instancias\n_1000_2,300,20,10,5,0.3000,123,9999438622,9999429155,57,5770
docs\inst_test\instancias\n_1000_2,300,20,10,5,0.2000,2026,9998912519,9998900937,72,5770
docs\inst_test\instancias\n_1000_2,300,20,10,5,0.3000,2026,9999438838,9999429166,56,5770
docs\inst_test\instancias\n_1000_2,300,20,10,10,0.1000,123,9996330629,9996316194,67,5770
docs\inst_test\instancias\n_1000_2,300,20,10,10,0.1000,42,9999331207,9999316534,70,5770
docs\inst_test\instancias\n_1000_2,300,20,10,10,0.2000,42,9999858876,9999845001,62,5770
docs\inst_test\instancias\n_1000_2,300,20,10,10,0.1000,2026,9998331097,9998316398,66,5770
docs\inst_test\instancias\n_1000_2,300,20,10,10,0.2000,123,9999912391,9999900751,59,5770
docs\inst_test\instancias\n_1000_2,300,20,10,10,0.2000,2026,9996385206,9996372915,60,5770
docs\inst_test\instancias\n_1000_2,300,20,10,10,0.3000,42,9998438516,9998428988,57,5770
docs\inst_test\instancias\n_1000_2,300,20,10,10,0.3000,123,9996911904,9996900423,56,5770
docs\inst_test\instancias\n_1000_2,300,20,10,10,0.3000,2026,9999438838,9999429166,55,5770
docs\inst_test\instancias\n_1000_2,300,20,10,20,0.1000,123,9996330629,9996316194,63,5770
docs\inst_test\instancias\n_1000_2,300,20,10,20,0.1000,42,9999331207,9999316534,65,5770
docs\inst_test\instancias\n_1000_2,300,20,10,20,0.1000,2026,9998331097,9998316398,70,5770
docs\inst_test\instancias\n_1000_2,300,20,10,20,0.2000,42,9999858876,9999845001,61,5770
docs\inst_test\instancias\n_1000_2,300,20,10,20,0.2000,123,9998385547,9998372602,60,5770
docs\inst_test\instancias\n_1000_2,300,20,10,20,0.2000,2026,9996385206,9996372915,61,5770
docs\inst_test\instancias\n_1000_2,300,20,10,20,0.3000,42,9994911311,9994900125,67,5770
docs\inst_test\instancias\n_1000_2,300,20,10,20,0.3000,123,9992384096,9992371960,60,5770
docs\inst_test\instancias\n_1000_2,300,20,10,20,0.3000,2026,9998912310,9998901354,54,5770
docs\inst_test\instancias\n_1000_2,300,20,15,5,0.1000,42,9999331207,9999316534,73,5770
docs\inst_test\instancias\n_1000_2,300,20,15,5,0.1000,123,9997330825,9997316169,69,5770
docs\inst_test\instancias\n_1000_2,300,20,15,5,0.2000,42,9999858876,9999845001,67,5770
docs\inst_test\instancias\n_1000_2,300,20,15,5,0.1000,2026,9998331097,9998316398,69,5770
docs\inst_test\instancias\n_1000_2,300,20,15,5,0.2000,123,9999912391,9999900751,65,5770
docs\inst_test\instancias\n_1000_2,300,20,15,5,0.2000,2026,9998912519,9998900937,67,5770
docs\inst_test\instancias\n_1000_2,300,20,15,5,0.3000,42,9999964929,9999957495,54,5770
docs\inst_test\instancias\n_1000_2,300,20,15,5,0.3000,123,9999438622,9999429155,56,5770
docs\inst_test\instancias\n_1000_2,300,20,15,5,0.3000,2026,9999438838,9999429166,60,5770
docs\inst_test\instancias\n_1000_2,300,20,15,10,0.1000,42,9999331207,9999316534,67,5770
docs\inst_test\instancias\n_1000_2,300,20,15,10,0.1000,123,9996330629,9996316194,69,5770
docs\inst_test\instancias\n_1000_2,300,20,15,10,0.1000,2026,9998331097,9998316398,69,5770
docs\inst_test\instancias\n_1000_2,300,20,15,10,0.2000,42,9999858876,9999845001,63,5770
docs\inst_test\instancias\n_1000_2,300,20,15,10,0.2000,123,9999912391,9999900751,60,5770
docs\inst_test\instancias\n_1000_2,300,20,15,10,0.2000,2026,9996385206,9996372915,60,5770
docs\inst_test\instancias\n_1000_2,300,20,15,10,0.3000,42,9998438516,9998428988,56,5770
docs\inst_test\instancias\n_1000_2,300,20,15,10,0.3000,123,9996911904,9996900423,60,5770
docs\inst_test\instancias\n_1000_2,300,20,15,10,0.3000,2026,9999438838,9999429166,53,5770
docs\inst_test\instancias\n_1000_2,300,20,15,20,0.1000,42,9999331207,9999316534,65,5770
docs\inst_test\instancias\n_1000_2,300,20,15,20,0.1000,123,9996330629,9996316194,64,5770
docs\inst_test\instancias\n_1000_2,300,20,15,20,0.1000,2026,9998331097,9998316398,64,5770
docs\inst_test\instancias\n_1000_2,300,20,15,20,0.2000,123,9998385547,9998372602,60,5770
docs\inst_test\instancias\n_1000_2,300,20,15,20,0.2000,42,9999858876,9999845001,61,5770
docs\inst_test\instancias\n_1000_2,300,20,15,20,0.2000,2026,9996385206,9996372915,75,5770
docs\inst_test\instancias\n_1000_2,300,20,15,20,0.3000,123,9992384096,9992371960,62,5770
docs\inst_test\instancias\n_1000_2,300,20,15,20,0.3000,42,9994911311,9994900125,65,5770
docs\inst_test\instancias\n_1000_2,300,20,15,20,0.3000,2026,9998912310,9998901354,56,5770
docs\inst_test\instancias\n_1000_2,500,10,7,5,0.1000,42,9999331207,9999316534,119,5770
docs\inst_test\instancias\n_1000_2,500,10,7,5,0.1000,123,9997330834,9997316081,118,5770
docs\inst_test\instancias\n_1000_2,500,10,7,5,0.1000,2026,9998331097,9998316398,116,5770
docs\inst_test\instancias\n_1000_2,500,10,7,5,0.2000,42,9999858876,9999845001,115,5770
docs\inst_test\instancias\n_1000_2,500,10,7,5,0.3000,42,9999964929,9999957495,90,5770
docs\inst_test\instancias\n_1000_2,500,10,7,5,0.2000,123,9999912391,9999900751,112,5770
docs\inst_test\instancias\n_1000_2,500,10,7,5,0.2000,2026,9998912519,9998900937,101,5770
docs\inst_test\instancias\n_1000_2,500,10,7,5,0.3000,123,9999438622,9999429155,96,5770
docs\inst_test\instancias\n_1000_2,500,10,7,5,0.3000,2026,9999438838,9999429166,92,5770
docs\inst_test\instancias\n_1000_2,500,10,7,10,0.1000,42,9999331207,9999316534,111,5770
docs\inst_test\instancias\n_1000_2,500,10,7,10,0.1000,123,9996330629,9996316194,114,5770
docs\inst_test\instancias\n_1000_2,500,10,7,10,0.2000,123,9999912391,9999900751,102,5770
docs\inst_test\instancias\n_1000_2,500,10,7,10,0.2000,2026,9998912519,9998900937,97,5770
docs\inst_test\instancias\n_1000_2,500,10,7,10,0.3000,42,9999964929,9999957495,89,5770
docs\inst_test\instancias\n_1000_2,500,10,7,10,0.2000,42,9999858876,9999845001,122,5770
docs\inst_test\instancias\n_1000_2,500,10,7,10,0.1000,2026,9998331097,9998316398,131,5770
docs\inst_test\instancias\n_1000_2,500,10,7,10,0.3000,123,9999438622,9999429155,91,5770
docs\inst_test\instancias\n_1000_2,500,10,7,10,0.3000,2026,9999438838,9999429166,88,5770
docs\inst_test\instancias\n_1000_2,500,10,7,20,0.2000,42,9999858876,9999845001,99,5770
docs\inst_test\instancias\n_1000_2,500,10,7,20,0.1000,2026,9998331097,9998316398,107,5770
docs\inst_test\instancias\n_1000_2,500,10,7,20,0.1000,123,9996330629,9996316194,109,5770
docs\inst_test\instancias\n_1000_2,500,10,7,20,0.2000,123,9999912391,9999900751,95,5770
docs\inst_test\instancias\n_1000_2,500,10,7,20,0.1000,42,9999331207,9999316534,120,5770
docs\inst_test\instancias\n_1000_2,500,10,7,20,0.2000,2026,9996385206,9996372915,113,5770
docs\inst_test\instancias\n_1000_2,500,10,7,20,0.3000,42,9999964923,9999957651,90,5770
docs\inst_test\instancias\n_1000_2,500,10,7,20,0.3000,123,9996911904,9996900423,104,5770
docs\inst_test\instancias\n_1000_2,500,10,7,20,0.3000,2026,9999438838,9999429166,86,5770
docs\inst_test\instancias\n_1000_2,500,10,10,5,0.1000,123,9997330834,9997316081,118,5770
docs\inst_test\instancias\n_1000_2,500,10,10,5,0.1000,2026,9998331097,9998316398,117,5770
docs\inst_test\instancias\n_1000_2,500,10,10,5,0.1000,42,9999331207,9999316534,120,5770
docs\inst_test\instancias\n_1000_2,500,10,10,5,0.2000,42,9999858876,9999845001,113,5770
docs\inst_test\instancias\n_1000_2,500,10,10,5,0.2000,123,9999912391,9999900751,111,5770
docs\inst_test\instancias\n_1000_2,500,10,10,5,0.2000,2026,9998912519,9998900937,109,5770
docs\inst_test\instancias\n_1000_2,500,10,10,5,0.3000,42,9999964929,9999957495,92,5770
docs\inst_test\instancias\n_1000_2,500,10,10,5,0.3000,123,9999438622,9999429155,100,5770
docs\inst_test\instancias\n_1000_2,500,10,10,5,0.3000,2026,9999438838,9999429166,100,5770
docs\inst_test\instancias\n_1000_2,500,10,10,10,0.1000,42,9999331207,9999316534,111,5770
docs\inst_test\instancias\n_1000_2,500,10,10,10,0.1000,123,9996330629,9996316194,112,5770
docs\inst_test\instancias\n_1000_2,500,10,10,10,0.1000,2026,9998331097,9998316398,113,5770
docs\inst_test\instancias\n_1000_2,500,10,10,10,0.2000,42,9999858876,9999845001,107,5770
docs\inst_test\instancias\n_1000_2,500,10,10,10,0.2000,123,9999912391,9999900751,103,5770
docs\inst_test\instancias\n_1000_2,500,10,10,10,0.2000,2026,9998912519,9998900937,98,5770
docs\inst_test\instancias\n_1000_2,500,10,10,10,0.3000,42,9999964929,9999957495,93,5770
docs\inst_test\instancias\n_1000_2,500,10,10,10,0.3000,123,9999438622,9999429155,96,5770
docs\inst_test\instancias\n_1000_2,500,10,10,10,0.3000,2026,9999438838,9999429166,93,5770
docs\inst_test\instancias\n_1000_2,500,10,10,20,0.1000,42,9999331207,9999316534,109,5770
docs\inst_test\instancias\n_1000_2,500,10,10,20,0.1000,123,9996330629,9996316194,107,5770
docs\inst_test\instancias\n_1000_2,500,10,10,20,0.1000,2026,9998331097,9998316398,107,5770
docs\inst_test\instancias\n_1000_2,500,10,10,20,0.2000,42,9999858876,9999845001,103,5770
docs\inst_test\instancias\n_1000_2,500,10,10,20,0.2000,123,9999912391,9999900751,103,5770
docs\inst_test\instancias\n_1000_2,500,10,10,20,0.2000,2026,9996385206,9996372915,111,5770
docs\inst_test\instancias\n_1000_2,500,10,10,20,0.3000,42,9999964923,9999957651,90,5770
docs\inst_test\instancias\n_1000_2,500,10,10,20,0.3000,123,9996911904,9996900423,94,5770
docs\inst_test\instancias\n_1000_2,500,10,10,20,0.3000,2026,9999438838,9999429166,85,5770
docs\inst_test\instancias\n_1000_2,500,10,15,5,0.1000,123,9997330834,9997316081,117,5770
docs\inst_test\instancias\n_1000_2,500,10,15,5,0.1000,42,9999331207,9999316534,121,5770
docs\inst_test\instancias\n_1000_2,500,10,15,5,0.2000,123,9999912391,9999900751,100,5770
docs\inst_test\instancias\n_1000_2,500,10,15,5,0.2000,42,9999858876,9999845001,115,5770
docs\inst_test\instancias\n_1000_2,500,10,15,5,0.1000,2026,9998331097,9998316398,130,5770
docs\inst_test\instancias\n_1000_2,500,10,15,5,0.2000,2026,9998912519,9998900937,106,5770
docs\inst_test\instancias\n_1000_2,500,10,15,5,0.3000,42,9999964929,9999957495,100,5770
docs\inst_test\instancias\n_1000_2,500,10,15,5,0.3000,123,9999438622,9999429155,94,5770
docs\inst_test\instancias\n_1000_2,500,10,15,5,0.3000,2026,9999438838,9999429166,98,5770
docs\inst_test\instancias\n_1000_2,500,10,15,10,0.1000,42,9999331207,9999316534,119,5770
docs\inst_test\instancias\n_1000_2,500,10,15,10,0.2000,42,9999858876,9999845001,103,5770
docs\inst_test\instancias\n_1000_2,500,10,15,10,0.1000,123,9996330629,9996316194,112,5770
docs\inst_test\instancias\n_1000_2,500,10,15,10,0.1000,2026,9998331097,9998316398,110,5770
docs\inst_test\instancias\n_1000_2,500,10,15,10,0.2000,123,9999912391,9999900751,93,5770
docs\inst_test\instancias\n_1000_2,500,10,15,10,0.3000,42,9999964929,9999957495,83,5770
docs\inst_test\instancias\n_1000_2,500,10,15,10,0.2000,2026,9998912519,9998900937,101,5770
docs\inst_test\instancias\n_1000_2,500,10,15,10,0.3000,123,9999438622,9999429155,91,5770
docs\inst_test\instancias\n_1000_2,500,10,15,10,0.3000,2026,9999438838,9999429166,96,5770
docs\inst_test\instancias\n_1000_2,500,10,15,20,0.1000,123,9996330629,9996316194,104,5770
docs\inst_test\instancias\n_1000_2,500,10,15,20,0.1000,2026,9998331097,9998316398,104,5770
docs\inst_test\instancias\n_1000_2,500,10,15,20,0.1000,42,9999331207,9999316534,107,5770
docs\inst_test\instancias\n_1000_2,500,10,15,20,0.2000,42,9999858876,9999845001,102,5770
docs\inst_test\instancias\n_1000_2,500,10,15,20,0.2000,123,9999912391,9999900751,101,5770
docs\inst_test\instancias\n_1000_2,500,10,15,20,0.2000,2026,9996385206,9996372915,94,5770
docs\inst_test\instancias\n_1000_2,500,10,15,20,0.3000,42,9999964923,9999957651,91,5770
docs\inst_test\instancias\n_1000_2,500,10,15,20,0.3000,123,9996911904,9996900423,86,5770
docs\inst_test\instancias\n_1000_2,500,10,15,20,0.3000,2026,9999438838,9999429166,90,5770
docs\inst_test\instancias\n_1000_2,500,15,7,5,0.1000,42,9999331207,9999316534,114,5770
docs\inst_test\instancias\n_1000_2,500,15,7,5,0.2000,42,9999858876,9999845001,113,5770
docs\inst_test\instancias\n_1000_2,500,15,7,5,0.1000,2026,9998331097,9998316398,116,5770
docs\inst_test\instancias\n_1000_2,500,15,7,5,0.1000,123,9997330834,9997316081,120,5770
docs\inst_test\instancias\n_1000_2,500,15,7,5,0.2000,123,9999912391,9999900751,111,5770
docs\inst_test\instancias\n_1000_2,500,15,7,5,0.2000,2026,9998912519,9998900937,106,5770
docs\inst_test\instancias\n_1000_2,500,15,7,5,0.3000,42,9999964929,9999957495,92,5770
docs\inst_test\instancias\n_1000_2,500,15,7,5,0.3000,123,9999438622,9999429155,97,5770
docs\inst_test\instancias\n_1000_2,500,15,7,5,0.3000,2026,9999438838,9999429166,94,5770
docs\inst_test\instancias\n_1000_2,500,15,7,10,0.1000,42,9999331207,9999316534,108,5770
docs\inst_test\instancias\n_1000_2,500,15,7,10,0.1000,123,9996330629,9996316194,108,5770
docs\inst_test\instancias\n_1000_2,500,15,7,10,0.2000,42,9999858876,9999845001,103,5770
docs\inst_test\instancias\n_1000_2,500,15,7,10,0.1000,2026,9998331097,9998316398,110,5770
docs\inst_test\instancias\n_1000_2,500,15,7,10,0.2000,123,9999912391,9999900751,96,5770
docs\inst_test\instancias\n_1000_2,500,15,7,10,0.2000,2026,9998912519,9998900937,93,5770
docs\inst_test\instancias\n_1000_2,500,15,7,10,0.3000,42,9999964929,9999957495,87,5770
docs\inst_test\instancias\n_1000_2,500,15,7,10,0.3000,123,9999438622,9999429155,91,5770
docs\inst_test\instancias\n_1000_2,500,15,7,10,0.3000,2026,9999438838,9999429166,88,5770
docs\inst_test\instancias\n_1000_2,500,15,7,20,0.1000,42,9999331207,9999316534,104,5770
docs\inst_test\instancias\n_1000_2,500,15,7,20,0.1000,2026,9998331097,9998316398,106,5770
docs\inst_test\instancias\n_1000_2,500,15,7,20,0.1000,123,9996330629,9996316194,110,5770
docs\inst_test\instancias\n_1000_2,500,15,7,20,0.2000,123,9999912391,9999900751,94,5770
docs\inst_test\instancias\n_1000_2,500,15,7,20,0.2000,42,9999858876,9999845001,102,5770
docs\inst_test\instancias\n_1000_2,500,15,7,20,0.2000,2026,9996385206,9996372915,97,5770
docs\inst_test\instancias\n_1000_2,500,15,7,20,0.3000,42,9999964923,9999957651,91,5770
docs\inst_test\instancias\n_1000_2,500,15,7,20,0.3000,123,9996911904,9996900423,88,5770
docs\inst_test\instancias\n_1000_2,500,15,7,20,0.3000,2026,9999438838,9999429166,99,5770
docs\inst_test\instancias\n_1000_2,500,15,10,5,0.1000,123,9997330834,9997316081,112,5770
docs\inst_test\instancias\n_1000_2,500,15,10,5,0.2000,42,9999858876,9999845001,105,5770
docs\inst_test\instancias\n_1000_2,500,15,10,5,0.1000,42,9999331207,9999316534,127,5770
docs\inst_test\instancias\n_1000_2,500,15,10,5,0.1000,2026,9998331097,9998316398,123,5770
docs\inst_test\instancias\n_1000_2,500,15,10,5,0.2000,123,9999912391,9999900751,99,5770
docs\inst_test\instancias\n_1000_2,500,15,10,5,0.3000,42,9999964929,9999957495,87,5770
docs\inst_test\instancias\n_1000_2,500,15,10,5,0.2000,2026,9998912519,9998900937,100,5770
docs\inst_test\instancias\n_1000_2,500,15,10,5,0.3000,123,9999438622,9999429155,90,5770
docs\inst_test\instancias\n_1000_2,500,15,10,5,0.3000,2026,9999438838,9999429166,99,5770
docs\inst_test\instancias\n_1000_2,500,15,10,10,0.1000,42,9999331207,9999316534,109,5770
docs\inst_test\instancias\n_1000_2,500,15,10,10,0.1000,123,9996330629,9996316194,106,5770
docs\inst_test\instancias\n_1000_2,500,15,10,10,0.1000,2026,9998331097,9998316398,106,5770
docs\inst_test\instancias\n_1000_2,500,15,10,10,0.2000,42,9999858876,9999845001,107,5770
docs\inst_test\instancias\n_1000_2,500,15,10,10,0.2000,123,9999912391,9999900751,92,5770
docs\inst_test\instancias\n_1000_2,500,15,10,10,0.2000,2026,9998912519,9998900937,107,5770
docs\inst_test\instancias\n_1000_2,500,15,10,10,0.3000,42,9999964929,9999957495,82,5770
docs\inst_test\instancias\n_1000_2,500,15,10,10,0.3000,123,9999438622,9999429155,87,5770
docs\inst_test\instancias\n_1000_2,500,15,10,10,0.3000,2026,9999438838,9999429166,88,5770
docs\inst_test\instancias\n_1000_2,500,15,10,20,0.1000,42,9999331207,9999316534,105,5770
docs\inst_test\instancias\n_1000_2,500,15,10,20,0.1000,123,9996330629,9996316194,103,5770
docs\inst_test\instancias\n_1000_2,500,15,10,20,0.2000,42,9999858876,9999845001,100,5770
docs\inst_test\instancias\n_1000_2,500,15,10,20,0.1000,2026,9998331097,9998316398,111,5770
docs\inst_test\instancias\n_1000_2,500,15,10,20,0.2000,123,9999912391,9999900751,93,5770
docs\inst_test\instancias\n_1000_2,500,15,10,20,0.2000,2026,9996385206,9996372915,96,5770
docs\inst_test\instancias\n_1000_2,500,15,10,20,0.3000,42,9999964923,9999957651,90,5770
docs\inst_test\instancias\n_1000_2,500,15,10,20,0.3000,123,9996911904,9996900423,87,5770
docs\inst_test\instancias\n_1000_2,500,15,10,20,0.3000,2026,9999438838,9999429166,88,5770
docs\inst_test\instancias\n_1000_2,500,15,15,5,0.1000,42,9999331207,9999316534,116,5770
docs\inst_test\instancias\n_1000_2,500,15,15,5,0.1000,123,9997330834,9997316081,112,5770
docs\inst_test\instancias\n_1000_2,500,15,15,5,0.2000,42,9999858876,9999845001,111,5770
docs\inst_test\instancias\n_1000_2,500,15,15,5,0.1000,2026,9998331097,9998316398,116,5770
docs\inst_test\instancias\n_1000_2,500,15,15,5,0.2000,123,9999912391,9999900751,107,5770
docs\inst_test\instancias\n_1000_2,500,15,15,5,0.2000,2026,9998912519,9998900937,105,5770
docs\inst_test\instancias\n_1000_2,500,15,15,5,0.3000,42,9999964929,9999957495,99,5770
docs\inst_test\instancias\n_1000_2,500,15,15,5,0.3000,123,9999438622,9999429155,91,5770
docs\inst_test\instancias\n_1000_2,500,15,15,5,0.3000,2026,9999438838,9999429166,93,5770
docs\inst_test\instancias\n_1000_2,500,15,15,10,0.1000,42,9999331207,9999316534,109,5770
docs\inst_test\instancias\n_1000_2,500,15,15,10,0.1000,123,9996330629,9996316194,106,5770
docs\inst_test\instancias\n_1000_2,500,15,15,10,0.1000,2026,9998331097,9998316398,107,5770
docs\inst_test\instancias\n_1000_2,500,15,15,10,0.2000,42,9999858876,9999845001,113,5770
docs\inst_test\instancias\n_1000_2,500,15,15,10,0.2000,123,9999912391,9999900751,96,5770
docs\inst_test\instancias\n_1000_2,500,15,15,10,0.2000,2026,9998912519,9998900937,100,5770
docs\inst_test\instancias\n_1000_2,500,15,15,10,0.3000,42,9999964929,9999957495,88,5770
docs\inst_test\instancias\n_1000_2,500,15,15,10,0.3000,123,9999438622,9999429155,96,5770
docs\inst_test\instancias\n_1000_2,500,15,15,10,0.3000,2026,9999438838,9999429166,90,5770
docs\inst_test\instancias\n_1000_2,500,15,15,20,0.1000,123,9996330629,9996316194,103,5770
docs\inst_test\instancias\n_1000_2,500,15,15,20,0.1000,42,9999331207,9999316534,107,5770
docs\inst_test\instancias\n_1000_2,500,15,15,20,0.2000,123,9999912391,9999900751,93,5770
docs\inst_test\instancias\n_1000_2,500,15,15,20,0.2000,42,9999858876,9999845001,100,5770
docs\inst_test\instancias\n_1000_2,500,15,15,20,0.1000,2026,9998331097,9998316398,112,5770
docs\inst_test\instancias\n_1000_2,500,15,15,20,0.2000,2026,9996385206,9996372915,97,5770
docs\inst_test\instancias\n_1000_2,500,15,15,20,0.3000,42,9999964923,9999957651,89,5770
docs\inst_test\instancias\n_1000_2,500,15,15,20,0.3000,123,9996911904,9996900423,88,5770
docs\inst_test\instancias\n_1000_2,500,15,15,20,0.3000,2026,9999438838,9999429166,83,5770
docs\inst_test\instancias\n_1000_2,500,20,7,5,0.1000,42,9999331207,9999316534,116,5770
docs\inst_test\instancias\n_1000_2,500,20,7,5,0.2000,42,9999858876,9999845001,105,5770
docs\inst_test\instancias\n_1000_2,500,20,7,5,0.2000,123,9999912391,9999900751,104,5770
docs\inst_test\instancias\n_1000_2,500,20,7,5,0.1000,2026,9998331097,9998316398,117,5770
docs\inst_test\instancias\n_1000_2,500,20,7,5,0.1000,123,9997330834,9997316081,121,5770
docs\inst_test\instancias\n_1000_2,500,20,7,5,0.3000,42,9999964929,9999957495,89,5770
docs\inst_test\instancias\n_1000_2,500,20,7,5,0.2000,2026,9998912519,9998900937,107,5770
docs\inst_test\instancias\n_1000_2,500,20,7,5,0.3000,123,9999438622,9999429155,90,5770
docs\inst_test\instancias\n_1000_2,500,20,7,5,0.3000,2026,9999438838,9999429166,91,5770
docs\inst_test\instancias\n_1000_2,500,20,7,10,0.1000,42,9999331207,9999316534,107,5770
docs\inst_test\instancias\n_1000_2,500,20,7,10,0.2000,42,9999858876,9999845001,102,5770
docs\inst_test\instancias\n_1000_2,500,20,7,10,0.1000,2026,9998331097,9998316398,108,5770
docs\inst_test\instancias\n_1000_2,500,20,7,10,0.1000,123,9996330629,9996316194,116,5770
docs\inst_test\instancias\n_1000_2,500,20,7,10,0.2000,123,9999912391,9999900751,95,5770
docs\inst_test\instancias\n_1000_2,500,20,7,10,0.3000,42,9999964929,9999957495,88,5770
docs\inst_test\instancias\n_1000_2,500,20,7,10,0.2000,2026,9998912519,9998900937,106,5770
docs\inst_test\instancias\n_1000_2,500,20,7,10,0.3000,123,9999438622,9999429155,91,5770
docs\inst_test\instancias\n_1000_2,500,20,7,10,0.3000,2026,9999438838,9999429166,90,5770
docs\inst_test\instancias\n_1000_2,500,20,7,20,0.1000,42,9999331207,9999316534,105,5770
docs\inst_test\instancias\n_1000_2,500,20,7,20,0.1000,123,9996330629,9996316194,107,5770
docs\inst_test\instancias\n_1000_2,500,20,7,20,0.2000,42,9999858876,9999845001,101,5770
docs\inst_test\instancias\n_1000_2,500,20,7,20,0.1000,2026,9998331097,9998316398,109,5770
docs\inst_test\instancias\n_1000_2,500,20,7,20,0.2000,123,9999912391,9999900751,92,5770
docs\inst_test\instancias\n_1000_2,500,20,7,20,0.2000,2026,9996385206,9996372915,99,5770
docs\inst_test\instancias\n_1000_2,500,20,7,20,0.3000,42,9999964923,9999957651,88,5770
docs\inst_test\instancias\n_1000_2,500,20,7,20,0.3000,123,9996911904,9996900423,91,5770
docs\inst_test\instancias\n_1000_2,500,20,7,20,0.3000,2026,9999438838,9999429166,86,5770
docs\inst_test\instancias\n_1000_2,500,20,10,5,0.2000,42,9999858876,9999845001,109,5770
docs\inst_test\instancias\n_1000_2,500,20,10,5,0.1000,42,9999331207,9999316534,119,5770
docs\inst_test\instancias\n_1000_2,500,20,10,5,0.1000,2026,9998331097,9998316398,116,5770
docs\inst_test\instancias\n_1000_2,500,20,10,5,0.2000,123,9999912391,9999900751,103,5770
docs\inst_test\instancias\n_1000_2,500,20,10,5,0.1000,123,9997330834,9997316081,123,5770
docs\inst_test\instancias\n_1000_2,500,20,10,5,0.2000,2026,9998912519,9998900937,104,5770
docs\inst_test\instancias\n_1000_2,500,20,10,5,0.3000,42,9999964929,9999957495,86,5770
docs\inst_test\instancias\n_1000_2,500,20,10,5,0.3000,123,9999438622,9999429155,95,5770
docs\inst_test\instancias\n_1000_2,500,20,10,5,0.3000,2026,9999438838,9999429166,97,5770
docs\inst_test\instancias\n_1000_2,500,20,10,10,0.2000,42,9999858876,9999845001,99,5770
docs\inst_test\instancias\n_1000_2,500,20,10,10,0.1000,42,9999331207,9999316534,110,5770
docs\inst_test\instancias\n_1000_2,500,20,10,10,0.1000,123,9996330629,9996316194,107,5770
docs\inst_test\instancias\n_1000_2,500,20,10,10,0.1000,2026,9998331097,9998316398,114,5770
docs\inst_test\instancias\n_1000_2,500,20,10,10,0.2000,2026,9998912519,9998900937,94,5770
docs\inst_test\instancias\n_1000_2,500,20,10,10,0.2000,123,9999912391,9999900751,102,5770
docs\inst_test\instancias\n_1000_2,500,20,10,10,0.3000,42,9999964929,9999957495,84,5770
docs\inst_test\instancias\n_1000_2,500,20,10,10,0.3000,123,9999438622,9999429155,89,5770
docs\inst_test\instancias\n_1000_2,500,20,10,10,0.3000,2026,9999438838,9999429166,99,5770
docs\inst_test\instancias\n_1000_2,500,20,10,20,0.1000,123,9996330629,9996316194,102,5770
docs\inst_test\instancias\n_1000_2,500,20,10,20,0.1000,42,9999331207,9999316534,109,5770
docs\inst_test\instancias\n_1000_2,500,20,10,20,0.2000,42,9999858876,9999845001,97,5770
docs\inst_test\instancias\n_1000_2,500,20,10,20,0.1000,2026,9998331097,9998316398,108,5770
docs\inst_test\instancias\n_1000_2,500,20,10,20,0.2000,123,9999912391,9999900751,101,5770
docs\inst_test\instancias\n_1000_2,500,20,10,20,0.2000,2026,9996385206,9996372915,102,5770
docs\inst_test\instancias\n_1000_2,500,20,10,20,0.3000,42,9999964923,9999957651,89,5770
docs\inst_test\instancias\n_1000_2,500,20,10,20,0.3000,123,9996911904,9996900423,88,5770
docs\inst_test\instancias\n_1000_2,500,20,10,20,0.3000,2026,9999438838,9999429166,90,5770
docs\inst_test\instancias\n_1000_2,500,20,15,5,0.1000,123,9997330834,9997316081,115,5770
docs\inst_test\instancias\n_1000_2,500,20,15,5,0.2000,42,9999858876,9999845001,111,5770
docs\inst_test\instancias\n_1000_2,500,20,15,5,0.1000,2026,9998331097,9998316398,114,5770
docs\inst_test\instancias\n_1000_2,500,20,15,5,0.1000,42,9999331207,9999316534,125,5770
docs\inst_test\instancias\n_1000_2,500,20,15,5,0.2000,123,9999912391,9999900751,100,5770
docs\inst_test\instancias\n_1000_2,500,20,15,5,0.2000,2026,9998912519,9998900937,104,5770
docs\inst_test\instancias\n_1000_2,500,20,15,5,0.3000,42,9999964929,9999957495,86,5770
docs\inst_test\instancias\n_1000_2,500,20,15,5,0.3000,123,9999438622,9999429155,90,5770
docs\inst_test\instancias\n_1000_2,500,20,15,5,0.3000,2026,9999438838,9999429166,93,5770
docs\inst_test\instancias\n_1000_2,500,20,15,10,0.2000,42,9999858876,9999845001,104,5770
docs\inst_test\instancias\n_1000_2,500,20,15,10,0.1000,123,9996330629,9996316194,106,5770
docs\inst_test\instancias\n_1000_2,500,20,15,10,0.1000,42,9999331207,9999316534,114,5770
docs\inst_test\instancias\n_1000_2,500,20,15,10,0.1000,2026,9998331097,9998316398,117,5770
docs\inst_test\instancias\n_1000_2,500,20,15,10,0.2000,123,9999912391,9999900751,92,5770
docs\inst_test\instancias\n_1000_2,500,20,15,10,0.2000,2026,9998912519,9998900937,95,5770
docs\inst_test\instancias\n_1000_2,500,20,15,10,0.3000,42,9999964929,9999957495,95,5770
docs\inst_test\instancias\n_1000_2,500,20,15,10,0.3000,123,9999438622,9999429155,88,5770
docs\inst_test\instancias\n_1000_2,500,20,15,10,0.3000,2026,9999438838,9999429166,88,5770
docs\inst_test\instancias\n_1000_2,500,20,15,20,0.1000,42,9999331207,9999316534,104,5770
docs\inst_test\instancias\n_1000_2,500,20,15,20,0.1000,123,9996330629,9996316194,103,5770
docs\inst_test\instancias\n_1000_2,500,20,15,20,0.2000,42,9999858876,9999845001,97,5770
docs\inst_test\instancias\n_1000_2,500,20,15,20,0.1000,2026,9998331097,9998316398,110,5770
docs\inst_test\instancias\n_1000_2,500,20,15,20,0.2000,123,9999912391,9999900751,96,5770
docs\inst_test\instancias\n_1000_2,500,20,15,20,0.2000,2026,9996385206,9996372915,97,5770
docs\inst_test\instancias\n_1000_2,500,20,15,20,0.3000,42,9999964923,9999957651,96,5770
docs\inst_test\instancias\n_1000_2,500,20,15,20,0.3000,123,9996911904,9996900423,86,5770
docs\inst_test\instancias\n_1000_2,500,20,15,20,0.3000,2026,9999438838,9999429166,83,5770
docs\inst_test\instancias\n_1000_3,100,10,7,5,0.3000,42,9996882774,9996881676,14,4414
docs\inst_test\instancias\n_1000_3,100,10,7,5,0.2000,42,9999229060,9999226468,15,4414
docs\inst_test\instancias\n_1000_3,100,10,7,5,0.1000,2026,9999229050,9999226581,15,4414
docs\inst_test\instancias\n_1000_3,100,10,7,5,0.1000,123,9994541336,9994539080,17,4414
docs\inst_test\instancias\n_1000_3,100,10,7,5,0.2000,2026,9999229022,9999226617,17,4414
docs\inst_test\instancias\n_1000_3,100,10,7,5,0.3000,123,9997665784,9997663583,17,4414
docs\inst_test\instancias\n_1000_3,100,10,7,5,0.1000,42,9994541304,9994538911,18,4414
docs\inst_test\instancias\n_1000_3,100,10,7,5,0.2000,123,9997665779,9997663602,21,4414
docs\inst_test\instancias\n_1000_3,100,10,7,5,0.3000,2026,9999226819,9999225611,14,4414
docs\inst_test\instancias\n_1000_3,100,10,7,10,0.1000,42,9989073113,9989070474,15,4414
docs\inst_test\instancias\n_1000_3,100,10,7,10,0.1000,123,9994541334,9994539114,15,4414
docs\inst_test\instancias\n_1000_3,100,10,7,10,0.1000,2026,9991416933,9991414310,14,4414
docs\inst_test\instancias\n_1000_3,100,10,7,10,0.2000,42,9998448433,9998445626,16,4414
docs\inst_test\instancias\n_1000_3,100,10,7,10,0.2000,123,9994541384,9994539009,15,4414
docs\inst_test\instancias\n_1000_3,100,10,7,10,0.3000,42,9994539122,9994537986,14,4414
docs\inst_test\instancias\n_1000_3,100,10,7,10,0.2000,2026,9999229022,9999226617,21,4414
docs\inst_test\instancias\n_1000_3,100,10,7,10,0.3000,2026,9997665743,9997663521,14,4414
docs\inst_test\instancias\n_1000_3,100,10,7,20,0.1000,42,9989073113,9989070474,15,4414
docs\inst_test\instancias\n_1000_3,100,10,7,10,0.3000,123,9997665784,9997663583,16,4414
docs\inst_test\instancias\n_1000_3,100,10,7,20,0.1000,123,9991416953,9991414346,16,4414
docs\inst_test\instancias\n_1000_3,100,10,7,20,0.1000,2026,9991416933,9991414310,14,4414
docs\inst_test\instancias\n_1000_3,100,10,7,20,0.2000,42,9998448433,9998445626,15,4414
docs\inst_test\instancias\n_1000_3,100,10,7,20,0.2000,123,9994541384,9994539009,15,4414
docs\inst_test\instancias\n_1000_3,100,10,7,20,0.2000,2026,9999229022,9999226617,19,4414
docs\inst_test\instancias\n_1000_3,100,10,7,20,0.3000,42,9991414767,9991413262,15,4414
docs\inst_test\instancias\n_1000_3,100,10,7,20,0.3000,123,9997665756,9997663599,15,4414
docs\inst_test\instancias\n_1000_3,100,10,7,20,0.3000,2026,9997665743,9997663521,15,4414
docs\inst_test\instancias\n_1000_3,100,10,10,5,0.1000,123,9994541336,9994539080,17,4414
docs\inst_test\instancias\n_1000_3,100,10,10,5,0.1000,42,9994541304,9994538911,18,4414
docs\inst_test\instancias\n_1000_3,100,10,10,5,0.2000,42,9999229060,9999226468,15,4414
docs\inst_test\instancias\n_1000_3,100,10,10,5,0.1000,2026,9999229050,9999226581,19,4414
docs\inst_test\instancias\n_1000_3,100,10,10,5,0.3000,42,9996882774,9996881676,13,4414
docs\inst_test\instancias\n_1000_3,100,10,10,5,0.2000,123,9997665779,9997663602,16,4414
docs\inst_test\instancias\n_1000_3,100,10,10,5,0.2000,2026,9999229022,9999226617,15,4414
docs\inst_test\instancias\n_1000_3,100,10,10,5,0.3000,123,9997665784,9997663583,16,4414
docs\inst_test\instancias\n_1000_3,100,10,10,5,0.3000,2026,9999226819,9999225611,14,4414
docs\inst_test\instancias\n_1000_3,100,10,10,10,0.1000,123,9994541334,9994539114,15,4414
docs\inst_test\instancias\n_1000_3,100,10,10,10,0.1000,42,9989073113,9989070474,15,4414
docs\inst_test\instancias\n_1000_3,100,10,10,10,0.1000,2026,9991416933,9991414310,19,4414
docs\inst_test\instancias\n_1000_3,100,10,10,10,0.2000,42,9998448433,9998445626,16,4414
docs\inst_test\instancias\n_1000_3,100,10,10,10,0.2000,2026,9999229022,9999226617,15,4414
docs\inst_test\instancias\n_1000_3,100,10,10,10,0.2000,123,9994541384,9994539009,15,4414
docs\inst_test\instancias\n_1000_3,100,10,10,10,0.3000,42,9994539122,9994537986,15,4414
docs\inst_test\instancias\n_1000_3,100,10,10,10,0.3000,123,9997665784,9997663583,15,4414
docs\inst_test\instancias\n_1000_3,100,10,10,10,0.3000,2026,9997665743,9997663521,15,4414
docs\inst_test\instancias\n_1000_3,100,10,10,20,0.1000,42,9989073113,9989070474,20,4414
docs\inst_test\instancias\n_1000_3,100,10,10,20,0.1000,2026,9991416933,9991414310,15,4414
docs\inst_test\instancias\n_1000_3,100,10,10,20,0.2000,42,9998448433,9998445626,15,4414
docs\inst_test\instancias\n_1000_3,100,10,10,20,0.2000,123,9994541384,9994539009,15,4414
docs\inst_test\instancias\n_1000_3,100,10,10,20,0.2000,2026,9999229022,9999226617,14,4414
docs\inst_test\instancias\n_1000_3,100,10,10,20,0.1000,123,9991416953,9991414346,20,4414
docs\inst_test\instancias\n_1000_3,100,10,10,20,0.3000,42,9991414767,9991413262,15,4414
docs\inst_test\instancias\n_1000_3,100,10,10,20,0.3000,123,9997665756,9997663599,14,4414
docs\inst_test\instancias\n_1000_3,100,10,15,5,0.1000,42,9994541304,9994538911,16,4414
docs\inst_test\instancias\n_1000_3,100,10,15,5,0.1000,123,9994541336,9994539080,16,4414
docs\inst_test\instancias\n_1000_3,100,10,15,5,0.1000,2026,9999229050,9999226581,16,4414
docs\inst_test\instancias\n_1000_3,100,10,15,5,0.2000,42,9999229060,9999226468,16,4414
docs\inst_test\instancias\n_1000_3,100,10,10,20,0.3000,2026,9997665743,9997663521,23,4414
docs\inst_test\instancias\n_1000_3,100,10,15,5,0.3000,42,9996882774,9996881676,14,4414
docs\inst_test\instancias\n_1000_3,100,10,15,5,0.2000,2026,9999229022,9999226617,16,4414
docs\inst_test\instancias\n_1000_3,100,10,15,5,0.2000,123,9997665779,9997663602,24,4414
docs\inst_test\instancias\n_1000_3,100,10,15,5,0.3000,123,9997665784,9997663583,15,4414
docs\inst_test\instancias\n_1000_3,100,10,15,10,0.1000,123,9994541334,9994539114,15,4414
docs\inst_test\instancias\n_1000_3,100,10,15,10,0.1000,2026,9991416933,9991414310,15,4414
docs\inst_test\instancias\n_1000_3,100,10,15,10,0.2000,42,9998448433,9998445626,16,4414
docs\inst_test\instancias\n_1000_3,100,10,15,5,0.3000,2026,9999226819,9999225611,19,4414
docs\inst_test\instancias\n_1000_3,100,10,15,10,0.2000,123,9994541384,9994539009,15,4414
docs\inst_test\instancias\n_1000_3,100,10,15,10,0.1000,42,9989073113,9989070474,22,4414
docs\inst_test\instancias\n_1000_3,100,10,15,10,0.2000,2026,9999229022,9999226617,18,4414
docs\inst_test\instancias\n_1000_3,100,10,15,10,0.3000,42,9994539122,9994537986,16,4414
docs\inst_test\instancias\n_1000_3,100,10,15,10,0.3000,123,9997665784,9997663583,15,4414
docs\inst_test\instancias\n_1000_3,100,10,15,10,0.3000,2026,9997665743,9997663521,15,4414
docs\inst_test\instancias\n_1000_3,100,10,15,20,0.1000,42,9989073113,9989070474,15,4414
docs\inst_test\instancias\n_1000_3,100,10,15,20,0.1000,123,9991416953,9991414346,15,4414
docs\inst_test\instancias\n_1000_3,100,10,15,20,0.2000,42,9998448433,9998445626,16,4414
docs\inst_test\instancias\n_1000_3,100,10,15,20,0.2000,2026,9999229022,9999226617,15,4414
docs\inst_test\instancias\n_1000_3,100,10,15,20,0.3000,42,9991414767,9991413262,14,4414
docs\inst_test\instancias\n_1000_3,100,10,15,20,0.1000,2026,9991416933,9991414310,25,4414
docs\inst_test\instancias\n_1000_3,100,10,15,20,0.3000,123,9997665756,9997663599,15,4414
docs\inst_test\instancias\n_1000_3,100,10,15,20,0.3000,2026,9997665743,9997663521,15,4414
docs\inst_test\instancias\n_1000_3,100,10,15,20,0.2000,123,9994541384,9994539009,23,4414
docs\inst_test\instancias\n_1000_3,100,15,7,5,0.1000,42,9994541304,9994538911,16,4414
docs\inst_test\instancias\n_1000_3,100,15,7,5,0.1000,123,9994541336,9994539080,19,4414
docs\inst_test\instancias\n_1000_3,100,15,7,5,0.1000,2026,9999229050,9999226581,16,4414
docs\inst_test\instancias\n_1000_3,100,15,7,5,0.2000,42,9999229060,9999226468,16,4414
docs\inst_test\instancias\n_1000_3,100,15,7,5,0.2000,123,9997665779,9997663602,15,4414
docs\inst_test\instancias\n_1000_3,100,15,7,5,0.2000,2026,9999229022,9999226617,16,4414
docs\inst_test\instancias\n_1000_3,100,15,7,5,0.3000,2026,9999226819,9999225611,15,4414
docs\inst_test\instancias\n_1000_3,100,15,7,5,0.3000,123,9997665784,9997663583,15,4414
docs\inst_test\instancias\n_1000_3,100,15,7,5,0.3000,42,9996882774,9996881676,18,4414
docs\inst_test\instancias\n_1000_3,100,15,7,10,0.1000,42,9989073113,9989070474,18,4414
docs\inst_test\instancias\n_1000_3,100,15,7,10,0.1000,123,9994541334,9994539114,14,4414
docs\inst_test\instancias\n_1000_3,100,15,7,10,0.1000,2026,9991416933,9991414310,15,4414
docs\inst_test\instancias\n_1000_3,100,15,7,10,0.2000,42,9998448433,9998445626,15,4414
docs\inst_test\instancias\n_1000_3,100,15,7,10,0.2000,123,9994541384,9994539009,14,4414
docs\inst_test\instancias\n_1000_3,100,15,7,10,0.3000,42,9994539122,9994537986,14,4414
docs\inst_test\instancias\n_1000_3,100,15,7,10,0.2000,2026,9999229022,9999226617,14,4414
docs\inst_test\instancias\n_1000_3,100,15,7,10,0.3000,123,9997665784,9997663583,15,4414
docs\inst_test\instancias\n_1000_3,100,15,7,20,0.1000,42,9989073113,9989070474,15,4414
docs\inst_test\instancias\n_1000_3,100,15,7,20,0.1000,123,9991416953,9991414346,14,4414
docs\inst_test\instancias\n_1000_3,100,15,7,20,0.1000,2026,9991416933,9991414310,14,4414
docs\inst_test\instancias\n_1000_3,100,15,7,10,0.3000,2026,9997665743,9997663521,15,4414
docs\inst_test\instancias\n_1000_3,100,15,7,20,0.2000,123,9994541384,9994539009,14,4414
docs\inst_test\instancias\n_1000_3,100,15,7,20,0.2000,42,9998448433,9998445626,15,4414
docs\inst_test\instancias\n_1000_3,100,15,7,20,0.2000,2026,9999229022,9999226617,14,4414
docs\inst_test\instancias\n_1000_3,100,15,7,20,0.3000,42,9991414767,9991413262,15,4414
docs\inst_test\instancias\n_1000_3,100,15,7,20,0.3000,2026,9997665743,9997663521,14,4414
docs\inst_test\instancias\n_1000_3,100,15,7,20,0.3000,123,9997665756,9997663599,16,4414
docs\inst_test\instancias\n_1000_3,100,15,10,5,0.1000,42,9994541304,9994538911,16,4414
docs\inst_test\instancias\n_1000_3,100,15,10,5,0.1000,123,9994541336,9994539080,17,4414
docs\inst_test\instancias\n_1000_3,100,15,10,5,0.2000,123,9997665779,9997663602,16,4414
docs\inst_test\instancias\n_1000_3,100,15,10,5,0.1000,2026,9999229050,9999226581,16,4414
docs\inst_test\instancias\n_1000_3,100,15,10,5,0.2000,42,9999229060,9999226468,17,4414
docs\inst_test\instancias\n_1000_3,100,15,10,5,0.2000,2026,9999229022,9999226617,16,4414
docs\inst_test\instancias\n_1000_3,100,15,10,5,0.3000,42,9996882774,9996881676,15,4414
docs\inst_test\instancias\n_1000_3,100,15,10,5,0.3000,2026,9999226819,9999225611,15,4414
docs\inst_test\instancias\n_1000_3,100,15,10,10,0.1000,42,9989073113,9989070474,16,4414
docs\inst_test\instancias\n_1000_3,100,15,10,10,0.1000,123,9994541334,9994539114,15,4414
docs\inst_test\instancias\n_1000_3,100,15,10,10,0.1000,2026,9991416933,9991414310,16,4414
docs\inst_test\instancias\n_1000_3,100,15,10,5,0.3000,123,9997665784,9997663583,20,4414
docs\inst_test\instancias\n_1000_3,100,15,10,10,0.2000,42,9998448433,9998445626,17,4414
docs\inst_test\instancias\n_1000_3,100,15,10,10,0.2000,123,9994541384,9994539009,15,4414
docs\inst_test\instancias\n_1000_3,100,15,10,10,0.2000,2026,9999229022,9999226617,15,4414
docs\inst_test\instancias\n_1000_3,100,15,10,10,0.3000,42,9994539122,9994537986,14,4414
docs\inst_test\instancias\n_1000_3,100,15,10,10,0.3000,2026,9997665743,9997663521,14,4414
docs\inst_test\instancias\n_1000_3,100,15,10,10,0.3000,123,9997665784,9997663583,16,4414
docs\inst_test\instancias\n_1000_3,100,15,10,20,0.1000,42,9989073113,9989070474,15,4414
docs\inst_test\instancias\n_1000_3,100,15,10,20,0.1000,123,9991416953,9991414346,15,4414
docs\inst_test\instancias\n_1000_3,100,15,10,20,0.2000,42,9998448433,9998445626,15,4414
docs\inst_test\instancias\n_1000_3,100,15,10,20,0.1000,2026,9991416933,9991414310,15,4414
docs\inst_test\instancias\n_1000_3,100,15,10,20,0.2000,123,9994541384,9994539009,15,4414
docs\inst_test\instancias\n_1000_3,100,15,10,20,0.2000,2026,9999229022,9999226617,16,4414
docs\inst_test\instancias\n_1000_3,100,15,10,20,0.3000,42,9991414767,9991413262,14,4414
docs\inst_test\instancias\n_1000_3,100,15,10,20,0.3000,123,9997665756,9997663599,15,4414
docs\inst_test\instancias\n_1000_3,100,15,10,20,0.3000,2026,9997665743,9997663521,16,4414
docs\inst_test\instancias\n_1000_3,100,15,15,5,0.1000,123,9994541336,9994539080,16,4414
docs\inst_test\instancias\n_1000_3,100,15,15,5,0.1000,2026,9999229050,9999226581,16,4414
docs\inst_test\instancias\n_1000_3,100,15,15,5,0.1000,42,9994541304,9994538911,20,4414
docs\inst_test\instancias\n_1000_3,100,15,15,5,0.2000,42,9999229060,9999226468,15,4414
docs\inst_test\instancias\n_1000_3,100,15,15,5,0.2000,123,9997665779,9997663602,15,4414
docs\inst_test\instancias\n_1000_3,100,15,15,5,0.2000,2026,9999229022,9999226617,16,4414
docs\inst_test\instancias\n_1000_3,100,15,15,5,0.3000,42,9996882774,9996881676,14,4414
docs\inst_test\instancias\n_1000_3,100,15,15,5,0.3000,2026,9999226819,9999225611,13,4414
docs\inst_test\instancias\n_1000_3,100,15,15,5,0.3000,123,9997665784,9997663583,17,4414
docs\inst_test\instancias\n_1000_3,100,15,15,10,0.1000,42,9989073113,9989070474,16,4414
docs\inst_test\instancias\n_1000_3,100,15,15,10,0.1000,2026,9991416933,9991414310,16,4414
docs\inst_test\instancias\n_1000_3,100,15,15,10,0.1000,123,9994541334,9994539114,19,4414
docs\inst_test\instancias\n_1000_3,100,15,15,10,0.2000,42,9998448433,9998445626,15,4414
docs\inst_test\instancias\n_1000_3,100,15,15,10,0.2000,2026,9999229022,9999226617,18,4414
docs\inst_test\instancias\n_1000_3,100,15,15,10,0.2000,123,9994541384,9994539009,18,4414
docs\inst_test\instancias\n_1000_3,100,15,15,10,0.3000,123,9997665784,9997663583,14,4414
docs\inst_test\instancias\n_1000_3,100,15,15,10,0.3000,42,9994539122,9994537986,16,4414
docs\inst_test\instancias\n_1000_3,100,15,15,10,0.3000,2026,9997665743,9997663521,15,4414
docs\inst_test\instancias\n_1000_3,100,15,15,20,0.1000,42,9989073113,9989070474,14,4414
docs\inst_test\instancias\n_1000_3,100,15,15,20,0.1000,123,9991416953,9991414346,15,4414
docs\inst_test\instancias\n_1000_3,100,15,15,20,0.1000,2026,9991416933,9991414310,15,4414
docs\inst_test\instancias\n_1000_3,100,15,15,20,0.2000,2026,9999229022,9999226617,14,4414
docs\inst_test\instancias\n_1000_3,100,15,15,20,0.2000,123,9994541384,9994539009,14,4414
docs\inst_test\instancias\n_1000_3,100,15,15,20,0.3000,42,9991414767,9991413262,14,4414
docs\inst_test\instancias\n_1000_3,100,15,15,20,0.3000,123,9997665756,9997663599,15,4414
docs\inst_test\instancias\n_1000_3,100,15,15,20,0.2000,42,9998448433,9998445626,18,4414
docs\inst_test\instancias\n_1000_3,100,15,15,20,0.3000,2026,9997665743,9997663521,15,4414
docs\inst_test\instancias\n_1000_3,100,20,7,5,0.1000,42,9994541304,9994538911,16,4414
docs\inst_test\instancias\n_1000_3,100,20,7,5,0.1000,123,9994541336,9994539080,18,4414
docs\inst_test\instancias\n_1000_3,100,20,7,5,0.1000,2026,9999229050,9999226581,16,4414
docs\inst_test\instancias\n_1000_3,100,20,7,5,0.2000,42,9999229060,9999226468,15,4414
docs\inst_test\instancias\n_1000_3,100,20,7,5,0.2000,123,9997665779,9997663602,16,4414
docs\inst_test\instancias\n_1000_3,100,20,7,5,0.2000,2026,9999229022,9999226617,17,4414
docs\inst_test\instancias\n_1000_3,100,20,7,5,0.3000,123,9997665784,9997663583,15,4414
docs\inst_test\instancias\n_1000_3,100,20,7,5,0.3000,42,9996882774,9996881676,19,4414
docs\inst_test\instancias\n_1000_3,100,20,7,5,0.3000,2026,9999226819,9999225611,16,4414
docs\inst_test\instancias\n_1000_3,100,20,7,10,0.1000,42,9989073113,9989070474,17,4414
docs\inst_test\instancias\n_1000_3,100,20,7,10,0.1000,2026,9991416933,9991414310,15,4414
docs\inst_test\instancias\n_1000_3,100,20,7,10,0.2000,123,9994541384,9994539009,14,4414
docs\inst_test\instancias\n_1000_3,100,20,7,10,0.1000,123,9994541334,9994539114,20,4414
docs\inst_test\instancias\n_1000_3,100,20,7,10,0.2000,42,9998448433,9998445626,19,4414
docs\inst_test\instancias\n_1000_3,100,20,7,10,0.2000,2026,9999229022,9999226617,14,4414
docs\inst_test\instancias\n_1000_3,100,20,7,10,0.3000,42,9994539122,9994537986,13,4414
docs\inst_test\instancias\n_1000_3,100,20,7,10,0.3000,123,9997665784,9997663583,14,4414
docs\inst_test\instancias\n_1000_3,100,20,7,10,0.3000,2026,9997665743,9997663521,17,4414
docs\inst_test\instancias\n_1000_3,100,20,7,20,0.1000,42,9989073113,9989070474,17,4414
docs\inst_test\instancias\n_1000_3,100,20,7,20,0.1000,123,9991416953,9991414346,15,4414
docs\inst_test\instancias\n_1000_3,100,20,7,20,0.1000,2026,9991416933,9991414310,14,4414
docs\inst_test\instancias\n_1000_3,100,20,7,20,0.2000,42,9998448433,9998445626,15,4414
docs\inst_test\instancias\n_1000_3,100,20,7,20,0.2000,123,9994541384,9994539009,15,4414
docs\inst_test\instancias\n_1000_3,100,20,7,20,0.2000,2026,9999229022,9999226617,17,4414
docs\inst_test\instancias\n_1000_3,100,20,7,20,0.3000,42,9991414767,9991413262,14,4414
docs\inst_test\instancias\n_1000_3,100,20,7,20,0.3000,2026,9997665743,9997663521,15,4414
docs\inst_test\instancias\n_1000_3,100,20,7,20,0.3000,123,9997665756,9997663599,17,4414
docs\inst_test\instancias\n_1000_3,100,20,10,5,0.1000,42,9994541304,9994538911,16,4414
docs\inst_test\instancias\n_1000_3,100,20,10,5,0.1000,2026,9999229050,9999226581,15,4414
docs\inst_test\instancias\n_1000_3,100,20,10,5,0.2000,42,9999229060,9999226468,16,4414
docs\inst_test\instancias\n_1000_3,100,20,10,5,0.1000,123,9994541336,9994539080,18,4414
docs\inst_test\instancias\n_1000_3,100,20,10,5,0.2000,123,9997665779,9997663602,16,4414
docs\inst_test\instancias\n_1000_3,100,20,10,5,0.2000,2026,9999229022,9999226617,16,4414
docs\inst_test\instancias\n_1000_3,100,20,10,5,0.3000,42,9996882774,9996881676,15,4414
docs\inst_test\instancias\n_1000_3,100,20,10,5,0.3000,123,9997665784,9997663583,16,4414
docs\inst_test\instancias\n_1000_3,100,20,10,5,0.3000,2026,9999226819,9999225611,14,4414
docs\inst_test\instancias\n_1000_3,100,20,10,10,0.1000,42,9989073113,9989070474,15,4414
docs\inst_test\instancias\n_1000_3,100,20,10,10,0.1000,123,9994541334,9994539114,15,4414
docs\inst_test\instancias\n_1000_3,100,20,10,10,0.1000,2026,9991416933,9991414310,15,4414
docs\inst_test\instancias\n_1000_3,100,20,10,10,0.2000,123,9994541384,9994539009,14,4414
docs\inst_test\instancias\n_1000_3,100,20,10,10,0.2000,42,9998448433,9998445626,15,4414
docs\inst_test\instancias\n_1000_3,100,20,10,10,0.2000,2026,9999229022,9999226617,15,4414
docs\inst_test\instancias\n_1000_3,100,20,10,10,0.3000,42,9994539122,9994537986,15,4414
docs\inst_test\instancias\n_1000_3,100,20,10,10,0.3000,123,9997665784,9997663583,16,4414
docs\inst_test\instancias\n_1000_3,100,20,10,10,0.3000,2026,9997665743,9997663521,16,4414
docs\inst_test\instancias\n_1000_3,100,20,10,20,0.1000,42,9989073113,9989070474,15,4414
docs\inst_test\instancias\n_1000_3,100,20,10,20,0.1000,2026,9991416933,9991414310,15,4414
docs\inst_test\instancias\n_1000_3,100,20,10,20,0.1000,123,9991416953,9991414346,15,4414
docs\inst_test\instancias\n_1000_3,100,20,10,20,0.2000,42,9998448433,9998445626,16,4414
docs\inst_test\instancias\n_1000_3,100,20,10,20,0.2000,123,9994541384,9994539009,15,4414
docs\inst_test\instancias\n_1000_3,100,20,10,20,0.3000,42,9991414767,9991413262,14,4414
docs\inst_test\instancias\n_1000_3,100,20,10,20,0.2000,2026,9999229022,9999226617,17,4414
docs\inst_test\instancias\n_1000_3,100,20,10,20,0.3000,2026,9997665743,9997663521,14,4414
docs\inst_test\instancias\n_1000_3,100,20,10,20,0.3000,123,9997665756,9997663599,16,4414
docs\inst_test\instancias\n_1000_3,100,20,15,5,0.1000,123,9994541336,9994539080,15,4414
docs\inst_test\instancias\n_1000_3,100,20,15,5,0.1000,42,9994541304,9994538911,16,4414
docs\inst_test\instancias\n_1000_3,100,20,15,5,0.1000,2026,9999229050,9999226581,16,4414
docs\inst_test\instancias\n_1000_3,100,20,15,5,0.2000,42,9999229060,9999226468,15,4414
docs\inst_test\instancias\n_1000_3,100,20,15,5,0.3000,42,9996882774,9996881676,15,4414
docs\inst_test\instancias\n_1000_3,100,20,15,5,0.3000,123,9997665784,9997663583,15,4414
docs\inst_test\instancias\n_1000_3,100,20,15,5,0.2000,2026,9999229022,9999226617,17,4414
docs\inst_test\instancias\n_1000_3,100,20,15,5,0.2000,123,9997665779,9997663602,18,4414
docs\inst_test\instancias\n_1000_3,100,20,15,5,0.3000,2026,9999226819,9999225611,15,4414
docs\inst_test\instancias\n_1000_3,100,20,15,10,0.1000,123,9994541334,9994539114,16,4414
docs\inst_test\instancias\n_1000_3,100,20,15,10,0.1000,42,9989073113,9989070474,18,4414
docs\inst_test\instancias\n_1000_3,100,20,15,10,0.1000,2026,9991416933,9991414310,15,4414
docs\inst_test\instancias\n_1000_3,100,20,15,10,0.2000,123,9994541384,9994539009,14,4414
docs\inst_test\instancias\n_1000_3,100,20,15,10,0.2000,2026,9999229022,9999226617,14,4414
docs\inst_test\instancias\n_1000_3,100,20,15,10,0.3000,42,9994539122,9994537986,14,4414
docs\inst_test\instancias\n_1000_3,100,20,15,10,0.3000,123,9997665784,9997663583,14,4414
docs\inst_test\instancias\n_1000_3,100,20,15,10,0.2000,42,9998448433,9998445626,20,4414
docs\inst_test\instancias\n_1000_3,100,20,15,10,0.3000,2026,9997665743,9997663521,14,4414
docs\inst_test\instancias\n_1000_3,100,20,15,20,0.1000,42,9989073113,9989070474,16,4414
docs\inst_test\instancias\n_1000_3,100,20,15,20,0.1000,123,9991416953,9991414346,14,4414
docs\inst_test\instancias\n_1000_3,100,20,15,20,0.2000,123,9994541384,9994539009,15,4414
docs\inst_test\instancias\n_1000_3,100,20,15,20,0.2000,42,9998448433,9998445626,15,4414
docs\inst_test\instancias\n_1000_3,100,20,15,20,0.2000,2026,9999229022,9999226617,14,4414
docs\inst_test\instancias\n_1000_3,100,20,15,20,0.1000,2026,9991416933,9991414310,16,4414
docs\inst_test\instancias\n_1000_3,100,20,15,20,0.3000,123,9997665756,9997663599,15,4414
docs\inst_test\instancias\n_1000_3,100,20,15,20,0.3000,2026,9997665743,9997663521,14,4414
docs\inst_test\instancias\n_1000_3,100,20,15,20,0.3000,42,9991414767,9991413262,16,4414
docs\inst_test\instancias\n_1000_3,300,10,7,5,0.1000,42,9997665743,9997663580,49,4414
docs\inst_test\instancias\n_1000_3,300,10,7,5,0.1000,123,9997665742,9997663608,49,4414
docs\inst_test\instancias\n_1000_3,300,10,7,5,0.2000,123,9999226821,9999225587,49,4414
docs\inst_test\instancias\n_1000_3,300,10,7,5,0.1000,2026,9999229056,9999226515,51,4414
docs\inst_test\instancias\n_1000_3,300,10,7,5,0.3000,42,9997663476,9997662529,45,4414
docs\inst_test\instancias\n_1000_3,300,10,7,5,0.2000,42,9999229060,9999226468,52,4414
docs\inst_test\instancias\n_1000_3,300,10,7,5,0.3000,123,9999226830,9999225390,46,4414
docs\inst_test\instancias\n_1000_3,300,10,7,5,0.2000,2026,9999229022,9999226617,49,4414
docs\inst_test\instancias\n_1000_3,300,10,7,5,0.3000,2026,9999226819,9999225611,47,4414
docs\inst_test\instancias\n_1000_3,300,10,7,10,0.3000,42,9996882989,9996881818,41,4414
docs\inst_test\instancias\n_1000_3,300,10,7,10,0.1000,123,9994541361,9994539056,47,4414
docs\inst_test\instancias\n_1000_3,300,10,7,10,0.1000,2026,9999229050,9999226581,46,4414
docs\inst_test\instancias\n_1000_3,300,10,7,10,0.2000,2026,9999229022,9999226617,45,4414
docs\inst_test\instancias\n_1000_3,300,10,7,10,0.2000,123,9998446306,9998444700,49,4414
docs\inst_test\instancias\n_1000_3,300,10,7,10,0.2000,42,9999229060,9999226468,53,4414
docs\inst_test\instancias\n_1000_3,300,10,7,10,0.1000,42,9995321912,9995319949,56,4414
docs\inst_test\instancias\n_1000_3,300,10,7,10,0.3000,123,9999226830,9999225390,44,4414
docs\inst_test\instancias\n_1000_3,300,10,7,10,0.3000,2026,9999226819,9999225611,42,4414
docs\inst_test\instancias\n_1000_3,300,10,7,20,0.1000,123,9994541336,9994539080,44,4414
docs\inst_test\instancias\n_1000_3,300,10,7,20,0.1000,42,9994541353,9994538947,45,4414
docs\inst_test\instancias\n_1000_3,300,10,7,20,0.1000,2026,9999229050,9999226581,46,4414
docs\inst_test\instancias\n_1000_3,300,10,7,20,0.2000,42,9999229060,9999226468,45,4414
docs\inst_test\instancias\n_1000_3,300,10,7,20,0.2000,123,9997665784,9997663639,43,4414
docs\inst_test\instancias\n_1000_3,300,10,7,20,0.2000,2026,9999229022,9999226617,47,4414
docs\inst_test\instancias\n_1000_3,300,10,7,20,0.3000,42,9996882984,9996881744,45,4414
docs\inst_test\instancias\n_1000_3,300,10,7,20,0.3000,2026,9999226819,9999225611,40,4414
docs\inst_test\instancias\n_1000_3,300,10,7,20,0.3000,123,9998446310,9998444536,46,4414
docs\inst_test\instancias\n_1000_3,300,10,10,5,0.1000,42,9997665743,9997663580,51,4414
docs\inst_test\instancias\n_1000_3,300,10,10,5,0.1000,123,9997665742,9997663608,51,4414
docs\inst_test\instancias\n_1000_3,300,10,10,5,0.2000,42,9999229060,9999226468,49,4414
docs\inst_test\instancias\n_1000_3,300,10,10,5,0.1000,2026,9999229056,9999226515,51,4414
docs\inst_test\instancias\n_1000_3,300,10,10,5,0.2000,123,9999226821,9999225587,47,4414
docs\inst_test\instancias\n_1000_3,300,10,10,5,0.3000,42,9997663476,9997662529,48,4414
docs\inst_test\instancias\n_1000_3,300,10,10,5,0.3000,123,9999226830,9999225390,47,4414
docs\inst_test\instancias\n_1000_3,300,10,10,5,0.2000,2026,9999229022,9999226617,52,4414
docs\inst_test\instancias\n_1000_3,300,10,10,5,0.3000,2026,9999226819,9999225611,44,4414
docs\inst_test\instancias\n_1000_3,300,10,10,10,0.1000,42,9995321912,9995319949,47,4414
docs\inst_test\instancias\n_1000_3,300,10,10,10,0.1000,123,9994541361,9994539065,49,4414
docs\inst_test\instancias\n_1000_3,300,10,10,10,0.2000,42,9999229060,9999226468,46,4414
docs\inst_test\instancias\n_1000_3,300,10,10,10,0.1000,2026,9999229050,9999226581,48,4414
docs\inst_test\instancias\n_1000_3,300,10,10,10,0.2000,2026,9999229022,9999226617,46,4414
docs\inst_test\instancias\n_1000_3,300,10,10,10,0.2000,123,9998446306,9998444700,47,4414
docs\inst_test\instancias\n_1000_3,300,10,10,10,0.3000,42,9996882989,9996881818,47,4414
docs\inst_test\instancias\n_1000_3,300,10,10,10,0.3000,123,9999226830,9999225390,43,4414
docs\inst_test\instancias\n_1000_3,300,10,10,20,0.1000,42,9994541353,9994538947,47,4414
docs\inst_test\instancias\n_1000_3,300,10,10,20,0.1000,123,9994541336,9994539080,48,4414
docs\inst_test\instancias\n_1000_3,300,10,10,20,0.1000,2026,9999229050,9999226581,49,4414
docs\inst_test\instancias\n_1000_3,300,10,10,10,0.3000,2026,9999226819,9999225611,53,4414
docs\inst_test\instancias\n_1000_3,300,10,10,20,0.2000,42,9999229060,9999226468,44,4414
docs\inst_test\instancias\n_1000_3,300,10,10,20,0.3000,42,9996882984,9996881744,40,4414
docs\inst_test\instancias\n_1000_3,300,10,10,20,0.2000,123,9997665784,9997663639,45,4414
docs\inst_test\instancias\n_1000_3,300,10,10,20,0.2000,2026,9999229022,9999226617,48,4414
docs\inst_test\instancias\n_1000_3,300,10,10,20,0.3000,123,9998446310,9998444536,42,4414
docs\inst_test\instancias\n_1000_3,300,10,10,20,0.3000,2026,9999226819,9999225611,42,4414
docs\inst_test\instancias\n_1000_3,300,10,15,5,0.1000,123,9997665742,9997663608,57,4414
docs\inst_test\instancias\n_1000_3,300,10,15,5,0.1000,42,9997665743,9997663580,64,4414
docs\inst_test\instancias\n_1000_3,300,10,15,5,0.2000,42,9999229060,9999226468,49,4414
docs\inst_test\instancias\n_1000_3,300,10,15,5,0.2000,123,9999226821,9999225587,49,4414
docs\inst_test\instancias\n_1000_3,300,10,15,5,0.1000,2026,9999229056,9999226515,52,4414
docs\inst_test\instancias\n_1000_3,300,10,15,5,0.2000,2026,9999229022,9999226617,49,4414
docs\inst_test\instancias\n_1000_3,300,10,15,5,0.3000,123,9999226830,9999225390,46,4414
docs\inst_test\instancias\n_1000_3,300,10,15,5,0.3000,42,9997663476,9997662529,53,4414
docs\inst_test\instancias\n_1000_3,300,10,15,5,0.3000,2026,9999226819,9999225611,51,4414
docs\inst_test\instancias\n_1000_3,300,10,15,10,0.1000,42,9995321912,9995319949,49,4414
docs\inst_test\instancias\n_1000_3,300,10,15,10,0.1000,123,9994541361,9994539065,47,4414
docs\inst_test\instancias\n_1000_3,300,10,15,10,0.2000,42,9999229060,9999226468,45,4414
docs\inst_test\instancias\n_1000_3,300,10,15,10,0.1000,2026,9999229050,9999226581,50,4414
docs\inst_test\instancias\n_1000_3,300,10,15,10,0.2000,123,9998446306,9998444700,44,4414
docs\inst_test\instancias\n_1000_3,300,10,15,10,0.2000,2026,9999229022,9999226617,46,4414
docs\inst_test\instancias\n_1000_3,300,10,15,10,0.3000,42,9996882989,9996881818,48,4414
docs\inst_test\instancias\n_1000_3,300,10,15,10,0.3000,123,9999226830,9999225390,43,4414
docs\inst_test\instancias\n_1000_3,300,10,15,10,0.3000,2026,9999226819,9999225611,52,4414
docs\inst_test\instancias\n_1000_3,300,10,15,20,0.1000,123,9994541336,9994539080,45,4414
docs\inst_test\instancias\n_1000_3,300,10,15,20,0.2000,42,9999229060,9999226468,45,4414
docs\inst_test\instancias\n_1000_3,300,10,15,20,0.1000,2026,9999229050,9999226581,46,4414
docs\inst_test\instancias\n_1000_3,300,10,15,20,0.1000,42,9994541353,9994538947,55,4414
docs\inst_test\instancias\n_1000_3,300,10,15,20,0.2000,123,9997665784,9997663639,49,4414
docs\inst_test\instancias\n_1000_3,300,10,15,20,0.2000,2026,9999229022,9999226617,45,4414
docs\inst_test\instancias\n_1000_3,300,10,15,20,0.3000,42,9996882984,9996881744,45,4414
docs\inst_test\instancias\n_1000_3,300,10,15,20,0.3000,123,9998446310,9998444536,44,4414
docs\inst_test\instancias\n_1000_3,300,10,15,20,0.3000,2026,9999226819,9999225611,41,4414
docs\inst_test\instancias\n_1000_3,300,15,7,5,0.1000,42,9997665743,9997663580,52,4414
docs\inst_test\instancias\n_1000_3,300,15,7,5,0.1000,123,9997665742,9997663608,53,4414
docs\inst_test\instancias\n_1000_3,300,15,7,5,0.2000,123,9999226821,9999225587,48,4414
docs\inst_test\instancias\n_1000_3,300,15,7,5,0.1000,2026,9999229056,9999226515,57,4414
docs\inst_test\instancias\n_1000_3,300,15,7,5,0.2000,42,9999229060,9999226468,62,4414
docs\inst_test\instancias\n_1000_3,300,15,7,5,0.2000,2026,9999229022,9999226617,53,4414
docs\inst_test\instancias\n_1000_3,300,15,7,5,0.3000,123,9999226830,9999225390,49,4414
docs\inst_test\instancias\n_1000_3,300,15,7,5,0.3000,42,9997663476,9997662529,51,4414
docs\inst_test\instancias\n_1000_3,300,15,7,10,0.1000,42,9995321912,9995319949,48,4414
docs\inst_test\instancias\n_1000_3,300,15,7,5,0.3000,2026,9999226819,9999225611,53,4414
docs\inst_test\instancias\n_1000_3,300,15,7,10,0.1000,123,9994541361,9994539056,47,4414
docs\inst_test\instancias\n_1000_3,300,15,7,10,0.1000,2026,9999229050,9999226581,46,4414
docs\inst_test\instancias\n_1000_3,300,15,7,10,0.2000,42,9999229060,9999226468,48,4414
docs\inst_test\instancias\n_1000_3,300,15,7,10,0.2000,123,9998446306,9998444700,48,4414
docs\inst_test\instancias\n_1000_3,300,15,7,10,0.3000,42,9996882989,9996881818,42,4414
docs\inst_test\instancias\n_1000_3,300,15,7,10,0.2000,2026,9999229022,9999226617,48,4414
docs\inst_test\instancias\n_1000_3,300,15,7,10,0.3000,2026,9999226819,9999225611,47,4414
docs\inst_test\instancias\n_1000_3,300,15,7,20,0.1000,42,9994541353,9994538947,45,4414
docs\inst_test\instancias\n_1000_3,300,15,7,10,0.3000,123,9999226830,9999225390,51,4414
docs\inst_test\instancias\n_1000_3,300,15,7,20,0.1000,123,9994541336,9994539080,46,4414
docs\inst_test\instancias\n_1000_3,300,15,7,20,0.1000,2026,9999229050,9999226581,47,4414
docs\inst_test\instancias\n_1000_3,300,15,7,20,0.2000,42,9999229060,9999226468,46,4414
docs\inst_test\instancias\n_1000_3,300,15,7,20,0.2000,2026,9999229022,9999226617,46,4414
docs\inst_test\instancias\n_1000_3,300,15,7,20,0.2000,123,9997665784,9997663639,50,4414
docs\inst_test\instancias\n_1000_3,300,15,7,20,0.3000,42,9996882984,9996881744,43,4414
docs\inst_test\instancias\n_1000_3,300,15,7,20,0.3000,2026,9999226819,9999225611,43,4414
docs\inst_test\instancias\n_1000_3,300,15,7,20,0.3000,123,9998446310,9998444536,43,4414
docs\inst_test\instancias\n_1000_3,300,15,10,5,0.1000,42,9997665743,9997663580,52,4414
docs\inst_test\instancias\n_1000_3,300,15,10,5,0.1000,123,9997665742,9997663608,56,4414
docs\inst_test\instancias\n_1000_3,300,15,10,5,0.1000,2026,9999229056,9999226515,52,4414
docs\inst_test\instancias\n_1000_3,300,15,10,5,0.2000,42,9999229060,9999226468,52,4414
docs\inst_test\instancias\n_1000_3,300,15,10,5,0.2000,123,9999226821,9999225587,55,4414
docs\inst_test\instancias\n_1000_3,300,15,10,5,0.3000,123,9999226830,9999225390,47,4414
docs\inst_test\instancias\n_1000_3,300,15,10,5,0.2000,2026,9999229022,9999226617,50,4414
docs\inst_test\instancias\n_1000_3,300,15,10,5,0.3000,42,9997663476,9997662529,50,4414
docs\inst_test\instancias\n_1000_3,300,15,10,5,0.3000,2026,9999226819,9999225611,52,4414
docs\inst_test\instancias\n_1000_3,300,15,10,10,0.1000,42,9995321912,9995319949,46,4414
docs\inst_test\instancias\n_1000_3,300,15,10,10,0.1000,123,9994541361,9994539065,48,4414
docs\inst_test\instancias\n_1000_3,300,15,10,10,0.1000,2026,9999229050,9999226581,48,4414
docs\inst_test\instancias\n_1000_3,300,15,10,10,0.2000,42,9999229060,9999226468,51,4414
docs\inst_test\instancias\n_1000_3,300,15,10,10,0.3000,42,9996882989,9996881818,43,4414
docs\inst_test\instancias\n_1000_3,300,15,10,10,0.2000,2026,9999229022,9999226617,46,4414
docs\inst_test\instancias\n_1000_3,300,15,10,10,0.2000,123,9998446306,9998444700,52,4414
docs\inst_test\instancias\n_1000_3,300,15,10,10,0.3000,123,9999226830,9999225390,45,4414
docs\inst_test\instancias\n_1000_3,300,15,10,10,0.3000,2026,9999226819,9999225611,44,4414
docs\inst_test\instancias\n_1000_3,300,15,10,20,0.1000,42,9994541353,9994538947,47,4414
docs\inst_test\instancias\n_1000_3,300,15,10,20,0.1000,123,9994541336,9994539080,46,4414
docs\inst_test\instancias\n_1000_3,300,15,10,20,0.1000,2026,9999229050,9999226581,46,4414
docs\inst_test\instancias\n_1000_3,300,15,10,20,0.2000,42,9999229060,9999226468,45,4414
docs\inst_test\instancias\n_1000_3,300,15,10,20,0.2000,123,9997665784,9997663639,45,4414
docs\inst_test\instancias\n_1000_3,300,15,10,20,0.2000,2026,9999229022,9999226617,43,4414
docs\inst_test\instancias\n_1000_3,300,15,10,20,0.3000,42,9996882984,9996881744,49,4414
docs\inst_test\instancias\n_1000_3,300,15,10,20,0.3000,123,9998446310,9998444536,45,4414
docs\inst_test\instancias\n_1000_3,300,15,10,20,0.3000,2026,9999226819,9999225611,41,4414
docs\inst_test\instancias\n_1000_3,300,15,15,5,0.1000,42,9997665743,9997663580,53,4414
docs\inst_test\instancias\n_1000_3,300,15,15,5,0.2000,123,9999226821,9999225587,47,4414
docs\inst_test\instancias\n_1000_3,300,15,15,5,0.1000,2026,9999229056,9999226515,50,4414
docs\inst_test\instancias\n_1000_3,300,15,15,5,0.1000,123,9997665742,9997663608,55,4414
docs\inst_test\instancias\n_1000_3,300,15,15,5,0.2000,42,9999229060,9999226468,55,4414
docs\inst_test\instancias\n_1000_3,300,15,15,5,0.3000,42,9997663476,9997662529,48,4414
docs\inst_test\instancias\n_1000_3,300,15,15,5,0.3000,123,9999226830,9999225390,45,4414
docs\inst_test\instancias\n_1000_3,300,15,15,5,0.2000,2026,9999229022,9999226617,54,4414
docs\inst_test\instancias\n_1000_3,300,15,15,5,0.3000,2026,9999226819,9999225611,47,4414
docs\inst_test\instancias\n_1000_3,300,15,15,10,0.1000,42,9995321912,9995319949,45,4414
docs\inst_test\instancias\n_1000_3,300,15,15,10,0.1000,123,9994541361,9994539065,47,4414
docs\inst_test\instancias\n_1000_3,300,15,15,10,0.1000,2026,9999229050,9999226581,51,4414
docs\inst_test\instancias\n_1000_3,300,15,15,10,0.2000,42,9999229060,9999226468,51,4414
docs\inst_test\instancias\n_1000_3,300,15,15,10,0.3000,42,9996882989,9996881818,44,4414
docs\inst_test\instancias\n_1000_3,300,15,15,10,0.2000,2026,9999229022,9999226617,46,4414
docs\inst_test\instancias\n_1000_3,300,15,15,10,0.2000,123,9998446306,9998444700,51,4414
docs\inst_test\instancias\n_1000_3,300,15,15,10,0.3000,123,9999226830,9999225390,49,4414
docs\inst_test\instancias\n_1000_3,300,15,15,10,0.3000,2026,9999226819,9999225611,47,4414
docs\inst_test\instancias\n_1000_3,300,15,15,20,0.1000,42,9994541353,9994538947,45,4414
docs\inst_test\instancias\n_1000_3,300,15,15,20,0.1000,123,9994541336,9994539080,49,4414
docs\inst_test\instancias\n_1000_3,300,15,15,20,0.1000,2026,9999229050,9999226581,45,4414
docs\inst_test\instancias\n_1000_3,300,15,15,20,0.2000,42,9999229060,9999226468,48,4414
docs\inst_test\instancias\n_1000_3,300,15,15,20,0.2000,123,9997665784,9997663639,51,4414
docs\inst_test\instancias\n_1000_3,300,15,15,20,0.2000,2026,9999229022,9999226617,48,4414
docs\inst_test\instancias\n_1000_3,300,15,15,20,0.3000,42,9996882984,9996881744,45,4414
docs\inst_test\instancias\n_1000_3,300,15,15,20,0.3000,2026,9999226819,9999225611,43,4414
docs\inst_test\instancias\n_1000_3,300,15,15,20,0.3000,123,9998446310,9998444536,45,4414
docs\inst_test\instancias\n_1000_3,300,20,7,5,0.1000,123,9997665742,9997663608,49,4414
docs\inst_test\instancias\n_1000_3,300,20,7,5,0.1000,42,9997665743,9997663580,52,4414
docs\inst_test\instancias\n_1000_3,300,20,7,5,0.1000,2026,9999229056,9999226515,57,4414
docs\inst_test\instancias\n_1000_3,300,20,7,5,0.2000,42,9999229060,9999226468,59,4414
docs\inst_test\instancias\n_1000_3,300,20,7,5,0.2000,123,9999226821,9999225587,58,4414
docs\inst_test\instancias\n_1000_3,300,20,7,5,0.3000,42,9997663476,9997662529,43,4414
docs\inst_test\instancias\n_1000_3,300,20,7,5,0.3000,123,9999226830,9999225390,46,4414
docs\inst_test\instancias\n_1000_3,300,20,7,5,0.2000,2026,9999229022,9999226617,50,4414
docs\inst_test\instancias\n_1000_3,300,20,7,5,0.3000,2026,9999226819,9999225611,45,4414
docs\inst_test\instancias\n_1000_3,300,20,7,10,0.1000,42,9995321912,9995319949,46,4414
docs\inst_test\instancias\n_1000_3,300,20,7,10,0.1000,123,9994541361,9994539056,47,4414
docs\inst_test\instancias\n_1000_3,300,20,7,10,0.2000,42,9999229060,9999226468,46,4414
docs\inst_test\instancias\n_1000_3,300,20,7,10,0.2000,123,9998446306,9998444700,46,4414
docs\inst_test\instancias\n_1000_3,300,20,7,10,0.1000,2026,9999229050,9999226581,49,4414
docs\inst_test\instancias\n_1000_3,300,20,7,10,0.2000,2026,9999229022,9999226617,46,4414
docs\inst_test\instancias\n_1000_3,300,20,7,10,0.3000,42,9996882989,9996881818,47,4414
docs\inst_test\instancias\n_1000_3,300,20,7,10,0.3000,123,9999226830,9999225390,44,4414
docs\inst_test\instancias\n_1000_3,300,20,7,10,0.3000,2026,9999226819,9999225611,42,4414
docs\inst_test\instancias\n_1000_3,300,20,7,20,0.1000,42,9994541353,9994538947,45,4414
docs\inst_test\instancias\n_1000_3,300,20,7,20,0.1000,123,9994541336,9994539080,45,4414
docs\inst_test\instancias\n_1000_3,300,20,7,20,0.1000,2026,9999229050,9999226581,44,4414
docs\inst_test\instancias\n_1000_3,300,20,7,20,0.2000,42,9999229060,9999226468,49,4414
docs\inst_test\instancias\n_1000_3,300,20,7,20,0.2000,2026,9999229022,9999226617,43,4414
docs\inst_test\instancias\n_1000_3,300,20,7,20,0.2000,123,9997665784,9997663639,47,4414
docs\inst_test\instancias\n_1000_3,300,20,7,20,0.3000,123,9998446310,9998444536,42,4414
docs\inst_test\instancias\n_1000_3,300,20,7,20,0.3000,42,9996882984,9996881744,45,4414
docs\inst_test\instancias\n_1000_3,300,20,7,20,0.3000,2026,9999226819,9999225611,42,4414
docs\inst_test\instancias\n_1000_3,300,20,10,5,0.1000,42,9997665743,9997663580,49,4414
docs\inst_test\instancias\n_1000_3,300,20,10,5,0.1000,123,9997665742,9997663608,49,4414
docs\inst_test\instancias\n_1000_3,300,20,10,5,0.2000,42,9999229060,9999226468,50,4414
docs\inst_test\instancias\n_1000_3,300,20,10,5,0.2000,123,9999226821,9999225587,50,4414
docs\inst_test\instancias\n_1000_3,300,20,10,5,0.1000,2026,9999229056,9999226515,54,4414
docs\inst_test\instancias\n_1000_3,300,20,10,5,0.3000,42,9997663476,9997662529,46,4414
docs\inst_test\instancias\n_1000_3,300,20,10,5,0.2000,2026,9999229022,9999226617,52,4414
docs\inst_test\instancias\n_1000_3,300,20,10,5,0.3000,123,9999226830,9999225390,48,4414
docs\inst_test\instancias\n_1000_3,300,20,10,5,0.3000,2026,9999226819,9999225611,47,4414
docs\inst_test\instancias\n_1000_3,300,20,10,10,0.1000,42,9995321912,9995319949,47,4414
docs\inst_test\instancias\n_1000_3,300,20,10,10,0.1000,123,9994541361,9994539065,48,4414
docs\inst_test\instancias\n_1000_3,300,20,10,10,0.2000,42,9999229060,9999226468,48,4414
docs\inst_test\instancias\n_1000_3,300,20,10,10,0.1000,2026,9999229050,9999226581,51,4414
docs\inst_test\instancias\n_1000_3,300,20,10,10,0.2000,2026,9999229022,9999226617,45,4414
docs\inst_test\instancias\n_1000_3,300,20,10,10,0.2000,123,9998446306,9998444700,56,4414
docs\inst_test\instancias\n_1000_3,300,20,10,10,0.3000,42,9996882989,9996881818,47,4414
docs\inst_test\instancias\n_1000_3,300,20,10,10,0.3000,2026,9999226819,9999225611,44,4414
docs\inst_test\instancias\n_1000_3,300,20,10,10,0.3000,123,9999226830,9999225390,46,4414
docs\inst_test\instancias\n_1000_3,300,20,10,20,0.1000,42,9994541353,9994538947,45,4414
docs\inst_test\instancias\n_1000_3,300,20,10,20,0.1000,123,9994541336,9994539080,46,4414
docs\inst_test\instancias\n_1000_3,300,20,10,20,0.1000,2026,9999229050,9999226581,48,4414
docs\inst_test\instancias\n_1000_3,300,20,10,20,0.2000,42,9999229060,9999226468,45,4414
docs\inst_test\instancias\n_1000_3,300,20,10,20,0.2000,123,9997665784,9997663639,45,4414
docs\inst_test\instancias\n_1000_3,300,20,10,20,0.2000,2026,9999229022,9999226617,48,4414
docs\inst_test\instancias\n_1000_3,300,20,10,20,0.3000,2026,9999226819,9999225611,41,4414
docs\inst_test\instancias\n_1000_3,300,20,10,20,0.3000,42,9996882984,9996881744,50,4414
docs\inst_test\instancias\n_1000_3,300,20,10,20,0.3000,123,9998446310,9998444536,50,4414
docs\inst_test\instancias\n_1000_3,300,20,15,5,0.1000,42,9997665743,9997663580,50,4414
docs\inst_test\instancias\n_1000_3,300,20,15,5,0.1000,123,9997665742,9997663608,52,4414
docs\inst_test\instancias\n_1000_3,300,20,15,5,0.1000,2026,9999229056,9999226515,56,4414
docs\inst_test\instancias\n_1000_3,300,20,15,5,0.2000,42,9999229060,9999226468,55,4414
docs\inst_test\instancias\n_1000_3,300,20,15,5,0.2000,123,9999226821,9999225587,46,4414
docs\inst_test\instancias\n_1000_3,300,20,15,5,0.3000,42,9997663476,9997662529,44,4414
docs\inst_test\instancias\n_1000_3,300,20,15,5,0.3000,123,9999226830,9999225390,46,4414
docs\inst_test\instancias\n_1000_3,300,20,15,5,0.2000,2026,9999229022,9999226617,55,4414
docs\inst_test\instancias\n_1000_3,300,20,15,5,0.3000,2026,9999226819,9999225611,46,4414
docs\inst_test\instancias\n_1000_3,300,20,15,10,0.1000,42,9995321912,9995319949,48,4414
docs\inst_test\instancias\n_1000_3,300,20,15,10,0.1000,123,9994541361,9994539065,47,4414
docs\inst_test\instancias\n_1000_3,300,20,15,10,0.1000,2026,9999229050,9999226581,47,4414
docs\inst_test\instancias\n_1000_3,300,20,15,10,0.2000,42,9999229060,9999226468,46,4414
docs\inst_test\instancias\n_1000_3,300,20,15,10,0.2000,2026,9999229022,9999226617,46,4414
docs\inst_test\instancias\n_1000_3,300,20,15,10,0.3000,42,9996882989,9996881818,41,4414
docs\inst_test\instancias\n_1000_3,300,20,15,10,0.2000,123,9998446306,9998444700,59,4414
docs\inst_test\instancias\n_1000_3,300,20,15,10,0.3000,123,9999226830,9999225390,45,4414
docs\inst_test\instancias\n_1000_3,300,20,15,10,0.3000,2026,9999226819,9999225611,41,4414
docs\inst_test\instancias\n_1000_3,300,20,15,20,0.1000,42,9994541353,9994538947,46,4414
docs\inst_test\instancias\n_1000_3,300,20,15,20,0.1000,2026,9999229050,9999226581,46,4414
docs\inst_test\instancias\n_1000_3,300,20,15,20,0.1000,123,9994541336,9994539080,57,4414
docs\inst_test\instancias\n_1000_3,300,20,15,20,0.2000,42,9999229060,9999226468,43,4414
docs\inst_test\instancias\n_1000_3,300,20,15,20,0.3000,42,9996882984,9996881744,41,4414
docs\inst_test\instancias\n_1000_3,300,20,15,20,0.2000,123,9997665784,9997663639,50,4414
docs\inst_test\instancias\n_1000_3,300,20,15,20,0.2000,2026,9999229022,9999226617,50,4414
docs\inst_test\instancias\n_1000_3,300,20,15,20,0.3000,123,9998446310,9998444536,46,4414
docs\inst_test\instancias\n_1000_3,300,20,15,20,0.3000,2026,9999226819,9999225611,41,4414
docs\inst_test\instancias\n_1000_3,500,10,7,5,0.1000,42,9997665743,9997663580,88,4414
docs\inst_test\instancias\n_1000_3,500,10,7,5,0.1000,123,9997665789,9997663609,87,4414
docs\inst_test\instancias\n_1000_3,500,10,7,5,0.1000,2026,9999229056,9999226515,86,4414
docs\inst_test\instancias\n_1000_3,500,10,7,5,0.2000,123,9999226829,9999225499,84,4414
docs\inst_test\instancias\n_1000_3,500,10,7,5,0.2000,42,9999229060,9999226468,86,4414
docs\inst_test\instancias\n_1000_3,500,10,7,5,0.3000,42,9998443951,9998443270,82,4414
docs\inst_test\instancias\n_1000_3,500,10,7,5,0.3000,123,9999226830,9999225390,83,4414
docs\inst_test\instancias\n_1000_3,500,10,7,5,0.2000,2026,9999229022,9999226617,93,4414
docs\inst_test\instancias\n_1000_3,500,10,7,10,0.1000,42,9997665749,9997663600,84,4414
docs\inst_test\instancias\n_1000_3,500,10,7,10,0.1000,123,9994541387,9994538995,83,4414
docs\inst_test\instancias\n_1000_3,500,10,7,10,0.2000,42,9999229060,9999226468,77,4414
docs\inst_test\instancias\n_1000_3,500,10,7,5,0.3000,2026,9999226819,9999225611,94,4414
docs\inst_test\instancias\n_1000_3,500,10,7,10,0.2000,123,9999226823,9999225583,74,4414
docs\inst_test\instancias\n_1000_3,500,10,7,10,0.1000,2026,9999229056,9999226515,86,4414
docs\inst_test\instancias\n_1000_3,500,10,7,10,0.3000,42,9999226832,9999225525,75,4414
docs\inst_test\instancias\n_1000_3,500,10,7,10,0.2000,2026,9999229022,9999226617,79,4414
docs\inst_test\instancias\n_1000_3,500,10,7,10,0.3000,2026,9999226819,9999225611,70,4414
docs\inst_test\instancias\n_1000_3,500,10,7,10,0.3000,123,9999226830,9999225390,74,4414
docs\inst_test\instancias\n_1000_3,500,10,7,20,0.1000,123,9994541361,9994539065,75,4414
docs\inst_test\instancias\n_1000_3,500,10,7,20,0.2000,42,9999229060,9999226468,75,4414
docs\inst_test\instancias\n_1000_3,500,10,7,20,0.1000,42,9995321912,9995319949,83,4414
docs\inst_test\instancias\n_1000_3,500,10,7,20,0.1000,2026,9999229050,9999226581,85,4414
docs\inst_test\instancias\n_1000_3,500,10,7,20,0.2000,123,9998446310,9998444768,77,4414
docs\inst_test\instancias\n_1000_3,500,10,7,20,0.2000,2026,9999229022,9999226617,83,4414
docs\inst_test\instancias\n_1000_3,500,10,7,20,0.3000,42,9996882985,9996881662,69,4414
docs\inst_test\instancias\n_1000_3,500,10,7,20,0.3000,2026,9999226819,9999225611,67,4414
docs\inst_test\instancias\n_1000_3,500,10,7,20,0.3000,123,9999226830,9999225390,72,4414
docs\inst_test\instancias\n_1000_3,500,10,10,5,0.1000,42,9997665743,9997663580,83,4414
docs\inst_test\instancias\n_1000_3,500,10,10,5,0.1000,123,9997665789,9997663609,88,4414
docs\inst_test\instancias\n_1000_3,500,10,10,5,0.2000,123,9999226829,9999225556,78,4414
docs\inst_test\instancias\n_1000_3,500,10,10,5,0.1000,2026,9999229056,9999226515,89,4414
docs\inst_test\instancias\n_1000_3,500,10,10,5,0.2000,42,9999229060,9999226468,93,4414
docs\inst_test\instancias\n_1000_3,500,10,10,5,0.3000,42,9998443951,9998443270,73,4414
docs\inst_test\instancias\n_1000_3,500,10,10,5,0.2000,2026,9999229022,9999226617,90,4414
docs\inst_test\instancias\n_1000_3,500,10,10,5,0.3000,2026,9999226819,9999225611,79,4414
docs\inst_test\instancias\n_1000_3,500,10,10,5,0.3000,123,9999226830,9999225390,100,4414
docs\inst_test\instancias\n_1000_3,500,10,10,10,0.1000,42,9997665749,9997663600,78,4414
docs\inst_test\instancias\n_1000_3,500,10,10,10,0.1000,2026,9999229056,9999226515,81,4414
docs\inst_test\instancias\n_1000_3,500,10,10,10,0.2000,42,9999229060,9999226468,78,4414
docs\inst_test\instancias\n_1000_3,500,10,10,10,0.1000,123,9994541387,9994539004,102,4414
docs\inst_test\instancias\n_1000_3,500,10,10,10,0.2000,2026,9999229022,9999226617,77,4414
docs\inst_test\instancias\n_1000_3,500,10,10,10,0.2000,123,9999226823,9999225583,92,4414
docs\inst_test\instancias\n_1000_3,500,10,10,10,0.3000,123,9999226830,9999225390,77,4414
docs\inst_test\instancias\n_1000_3,500,10,10,10,0.3000,2026,9999226819,9999225611,78,4414
docs\inst_test\instancias\n_1000_3,500,10,10,10,0.3000,42,9999226832,9999225525,87,4414
docs\inst_test\instancias\n_1000_3,500,10,10,20,0.1000,42,9995321912,9995319949,75,4414
docs\inst_test\instancias\n_1000_3,500,10,10,20,0.1000,123,9994541361,9994539065,79,4414
docs\inst_test\instancias\n_1000_3,500,10,10,20,0.1000,2026,9999229050,9999226581,85,4414
docs\inst_test\instancias\n_1000_3,500,10,10,20,0.2000,42,9999229060,9999226468,77,4414
docs\inst_test\instancias\n_1000_3,500,10,10,20,0.2000,123,9998446310,9998444768,77,4414
docs\inst_test\instancias\n_1000_3,500,10,10,20,0.2000,2026,9999229022,9999226617,76,4414
docs\inst_test\instancias\n_1000_3,500,10,10,20,0.3000,42,9996882985,9996881662,74,4414
docs\inst_test\instancias\n_1000_3,500,10,10,20,0.3000,123,9999226830,9999225390,74,4414
docs\inst_test\instancias\n_1000_3,500,10,10,20,0.3000,2026,9999226819,9999225611,74,4414
docs\inst_test\instancias\n_1000_3,500,10,15,5,0.1000,42,9997665743,9997663580,88,4414
docs\inst_test\instancias\n_1000_3,500,10,15,5,0.1000,123,9997665789,9997663609,96,4414
docs\inst_test\instancias\n_1000_3,500,10,15,5,0.1000,2026,9999229056,9999226515,95,4414
docs\inst_test\instancias\n_1000_3,500,10,15,5,0.2000,42,9999229060,9999226468,92,4414
docs\inst_test\instancias\n_1000_3,500,10,15,5,0.2000,123,9999226829,9999225556,84,4414
docs\inst_test\instancias\n_1000_3,500,10,15,5,0.3000,42,9998443951,9998443270,81,4414
docs\inst_test\instancias\n_1000_3,500,10,15,5,0.2000,2026,9999229022,9999226617,85,4414
docs\inst_test\instancias\n_1000_3,500,10,15,5,0.3000,123,9999226830,9999225390,88,4414
docs\inst_test\instancias\n_1000_3,500,10,15,5,0.3000,2026,9999226819,9999225611,80,4414
docs\inst_test\instancias\n_1000_3,500,10,15,10,0.1000,42,9997665749,9997663600,84,4414
docs\inst_test\instancias\n_1000_3,500,10,15,10,0.1000,123,9994541387,9994539004,79,4414
docs\inst_test\instancias\n_1000_3,500,10,15,10,0.1000,2026,9999229056,9999226515,79,4414
docs\inst_test\instancias\n_1000_3,500,10,15,10,0.2000,42,9999229060,9999226468,78,4414
docs\inst_test\instancias\n_1000_3,500,10,15,10,0.2000,123,9999226823,9999225583,73,4414
docs\inst_test\instancias\n_1000_3,500,10,15,10,0.2000,2026,9999229022,9999226617,78,4414
docs\inst_test\instancias\n_1000_3,500,10,15,10,0.3000,42,9999226832,9999225525,73,4414
docs\inst_test\instancias\n_1000_3,500,10,15,10,0.3000,123,9999226830,9999225390,80,4414
docs\inst_test\instancias\n_1000_3,500,10,15,10,0.3000,2026,9999226819,9999225611,77,4414
docs\inst_test\instancias\n_1000_3,500,10,15,20,0.1000,123,9994541361,9994539065,77,4414
docs\inst_test\instancias\n_1000_3,500,10,15,20,0.2000,42,9999229060,9999226468,76,4414
docs\inst_test\instancias\n_1000_3,500,10,15,20,0.1000,2026,9999229050,9999226581,79,4414
docs\inst_test\instancias\n_1000_3,500,10,15,20,0.1000,42,9995321912,9995319949,83,4414
docs\inst_test\instancias\n_1000_3,500,10,15,20,0.2000,2026,9999229022,9999226617,75,4414
docs\inst_test\instancias\n_1000_3,500,10,15,20,0.2000,123,9998446310,9998444768,80,4414
docs\inst_test\instancias\n_1000_3,500,10,15,20,0.3000,42,9996882985,9996881662,78,4414
docs\inst_test\instancias\n_1000_3,500,10,15,20,0.3000,123,9999226830,9999225390,73,4414
docs\inst_test\instancias\n_1000_3,500,10,15,20,0.3000,2026,9999226819,9999225611,68,4414
docs\inst_test\instancias\n_1000_3,500,15,7,5,0.1000,42,9997665743,9997663580,85,4414
docs\inst_test\instancias\n_1000_3,500,15,7,5,0.1000,123,9997665789,9997663609,83,4414
docs\inst_test\instancias\n_1000_3,500,15,7,5,0.1000,2026,9999229056,9999226515,88,4414
docs\inst_test\instancias\n_1000_3,500,15,7,5,0.2000,123,9999226829,9999225499,88,4414
docs\inst_test\instancias\n_1000_3,500,15,7,5,0.2000,42,9999229060,9999226468,90,4414
docs\inst_test\instancias\n_1000_3,500,15,7,5,0.2000,2026,9999229022,9999226617,89,4414
docs\inst_test\instancias\n_1000_3,500,15,7,5,0.3000,42,9998443951,9998443270,73,4414
docs\inst_test\instancias\n_1000_3,500,15,7,5,0.3000,123,9999226830,9999225390,82,4414
docs\inst_test\instancias\n_1000_3,500,15,7,10,0.1000,42,9997665749,9997663600,75,4414
docs\inst_test\instancias\n_1000_3,500,15,7,5,0.3000,2026,9999226819,9999225611,82,4414
docs\inst_test\instancias\n_1000_3,500,15,7,10,0.1000,123,9994541387,9994538995,77,4414
docs\inst_test\instancias\n_1000_3,500,15,7,10,0.1000,2026,9999229056,9999226515,78,4414
docs\inst_test\instancias\n_1000_3,500,15,7,10,0.2000,42,9999229060,9999226468,81,4414
docs\inst_test\instancias\n_1000_3,500,15,7,10,0.2000,123,9999226823,9999225583,75,4414
docs\inst_test\instancias\n_1000_3,500,15,7,10,0.2000,2026,9999229022,9999226617,86,4414
docs\inst_test\instancias\n_1000_3,500,15,7,10,0.3000,42,9999226832,9999225525,69,4414
docs\inst_test\instancias\n_1000_3,500,15,7,10,0.3000,123,9999226830,9999225390,77,4414
docs\inst_test\instancias\n_1000_3,500,15,7,10,0.3000,2026,9999226819,9999225611,73,4414
docs\inst_test\instancias\n_1000_3,500,15,7,20,0.1000,42,9995321912,9995319949,78,4414
docs\inst_test\instancias\n_1000_3,500,15,7,20,0.1000,123,9994541361,9994539065,80,4414
docs\inst_test\instancias\n_1000_3,500,15,7,20,0.1000,2026,9999229050,9999226581,79,4414
docs\inst_test\instancias\n_1000_3,500,15,7,20,0.2000,42,9999229060,9999226468,75,4414
docs\inst_test\instancias\n_1000_3,500,15,7,20,0.2000,123,9998446310,9998444768,74,4414
docs\inst_test\instancias\n_1000_3,500,15,7,20,0.2000,2026,9999229022,9999226617,73,4414
docs\inst_test\instancias\n_1000_3,500,15,7,20,0.3000,42,9996882985,9996881662,71,4414
docs\inst_test\instancias\n_1000_3,500,15,7,20,0.3000,123,9999226830,9999225390,71,4414
docs\inst_test\instancias\n_1000_3,500,15,7,20,0.3000,2026,9999226819,9999225611,67,4414
docs\inst_test\instancias\n_1000_3,500,15,10,5,0.1000,42,9997665743,9997663580,84,4414
docs\inst_test\instancias\n_1000_3,500,15,10,5,0.1000,123,9997665789,9997663609,84,4414
docs\inst_test\instancias\n_1000_3,500,15,10,5,0.1000,2026,9999229056,9999226515,95,4414
docs\inst_test\instancias\n_1000_3,500,15,10,5,0.2000,123,9999226829,9999225556,79,4414
docs\inst_test\instancias\n_1000_3,500,15,10,5,0.2000,42,9999229060,9999226468,91,4414
docs\inst_test\instancias\n_1000_3,500,15,10,5,0.3000,42,9998443951,9998443270,78,4414
docs\inst_test\instancias\n_1000_3,500,15,10,5,0.3000,123,9999226830,9999225390,83,4414
docs\inst_test\instancias\n_1000_3,500,15,10,5,0.2000,2026,9999229022,9999226617,90,4414
docs\inst_test\instancias\n_1000_3,500,15,10,10,0.1000,42,9997665749,9997663600,79,4414
docs\inst_test\instancias\n_1000_3,500,15,10,5,0.3000,2026,9999226819,9999225611,86,4414
docs\inst_test\instancias\n_1000_3,500,15,10,10,0.1000,123,9994541387,9994539004,77,4414
docs\inst_test\instancias\n_1000_3,500,15,10,10,0.1000,2026,9999229056,9999226515,79,4414
docs\inst_test\instancias\n_1000_3,500,15,10,10,0.2000,42,9999229060,9999226468,81,4414
docs\inst_test\instancias\n_1000_3,500,15,10,10,0.2000,123,9999226823,9999225583,82,4414
docs\inst_test\instancias\n_1000_3,500,15,10,10,0.3000,42,9999226832,9999225525,74,4414
docs\inst_test\instancias\n_1000_3,500,15,10,10,0.2000,2026,9999229022,9999226617,82,4414
docs\inst_test\instancias\n_1000_3,500,15,10,10,0.3000,123,9999226830,9999225390,74,4414
docs\inst_test\instancias\n_1000_3,500,15,10,10,0.3000,2026,9999226819,9999225611,72,4414
docs\inst_test\instancias\n_1000_3,500,15,10,20,0.1000,42,9995321912,9995319949,74,4414
docs\inst_test\instancias\n_1000_3,500,15,10,20,0.1000,123,9994541361,9994539065,75,4414
docs\inst_test\instancias\n_1000_3,500,15,10,20,0.1000,2026,9999229050,9999226581,77,4414
docs\inst_test\instancias\n_1000_3,500,15,10,20,0.2000,42,9999229060,9999226468,74,4414
docs\inst_test\instancias\n_1000_3,500,15,10,20,0.2000,123,9998446310,9998444768,76,4414
docs\inst_test\instancias\n_1000_3,500,15,10,20,0.2000,2026,9999229022,9999226617,74,4414
docs\inst_test\instancias\n_1000_3,500,15,10,20,0.3000,42,9996882985,9996881662,75,4414
docs\inst_test\instancias\n_1000_3,500,15,10,20,0.3000,123,9999226830,9999225390,75,4414
docs\inst_test\instancias\n_1000_3,500,15,10,20,0.3000,2026,9999226819,9999225611,69,4414
docs\inst_test\instancias\n_1000_3,500,15,15,5,0.1000,42,9997665743,9997663580,81,4414
docs\inst_test\instancias\n_1000_3,500,15,15,5,0.1000,123,9997665789,9997663609,90,4414
docs\inst_test\instancias\n_1000_3,500,15,15,5,0.2000,123,9999226829,9999225556,80,4414
docs\inst_test\instancias\n_1000_3,500,15,15,5,0.2000,42,9999229060,9999226468,88,4414
docs\inst_test\instancias\n_1000_3,500,15,15,5,0.1000,2026,9999229056,9999226515,100,4414
docs\inst_test\instancias\n_1000_3,500,15,15,5,0.3000,42,9998443951,9998443270,72,4414
docs\inst_test\instancias\n_1000_3,500,15,15,5,0.2000,2026,9999229022,9999226617,89,4414
docs\inst_test\instancias\n_1000_3,500,15,15,5,0.3000,123,9999226830,9999225390,81,4414
docs\inst_test\instancias\n_1000_3,500,15,15,5,0.3000,2026,9999226819,9999225611,78,4414
docs\inst_test\instancias\n_1000_3,500,15,15,10,0.1000,42,9997665749,9997663600,76,4414
docs\inst_test\instancias\n_1000_3,500,15,15,10,0.1000,123,9994541387,9994539004,80,4414
docs\inst_test\instancias\n_1000_3,500,15,15,10,0.1000,2026,9999229056,9999226515,79,4414
docs\inst_test\instancias\n_1000_3,500,15,15,10,0.2000,123,9999226823,9999225583,76,4414
docs\inst_test\instancias\n_1000_3,500,15,15,10,0.2000,42,9999229060,9999226468,77,4414
docs\inst_test\instancias\n_1000_3,500,15,15,10,0.2000,2026,9999229022,9999226617,76,4414
docs\inst_test\instancias\n_1000_3,500,15,15,10,0.3000,42,9999226832,9999225525,75,4414
docs\inst_test\instancias\n_1000_3,500,15,15,10,0.3000,123,9999226830,9999225390,71,4414
docs\inst_test\instancias\n_1000_3,500,15,15,10,0.3000,2026,9999226819,9999225611,70,4414
docs\inst_test\instancias\n_1000_3,500,15,15,20,0.1000,42,9995321912,9995319949,74,4414
docs\inst_test\instancias\n_1000_3,500,15,15,20,0.1000,123,9994541361,9994539065,78,4414
docs\inst_test\instancias\n_1000_3,500,15,15,20,0.2000,42,9999229060,9999226468,76,4414
docs\inst_test\instancias\n_1000_3,500,15,15,20,0.1000,2026,9999229050,9999226581,80,4414
docs\inst_test\instancias\n_1000_3,500,15,15,20,0.2000,123,9998446310,9998444768,72,4414
docs\inst_test\instancias\n_1000_3,500,15,15,20,0.2000,2026,9999229022,9999226617,78,4414
docs\inst_test\instancias\n_1000_3,500,15,15,20,0.3000,42,9996882985,9996881662,73,4414
docs\inst_test\instancias\n_1000_3,500,15,15,20,0.3000,123,9999226830,9999225390,74,4414
docs\inst_test\instancias\n_1000_3,500,15,15,20,0.3000,2026,9999226819,9999225611,73,4414
docs\inst_test\instancias\n_1000_3,500,20,7,5,0.1000,123,9997665789,9997663609,83,4414
docs\inst_test\instancias\n_1000_3,500,20,7,5,0.1000,42,9997665743,9997663580,88,4414
docs\inst_test\instancias\n_1000_3,500,20,7,5,0.1000,2026,9999229056,9999226515,85,4414
docs\inst_test\instancias\n_1000_3,500,20,7,5,0.2000,42,9999229060,9999226468,99,4414
docs\inst_test\instancias\n_1000_3,500,20,7,5,0.2000,123,9999226829,9999225499,87,4414
docs\inst_test\instancias\n_1000_3,500,20,7,5,0.2000,2026,9999229022,9999226617,87,4414
docs\inst_test\instancias\n_1000_3,500,20,7,5,0.3000,42,9998443951,9998443270,82,4414
docs\inst_test\instancias\n_1000_3,500,20,7,5,0.3000,123,9999226830,9999225390,80,4414
docs\inst_test\instancias\n_1000_3,500,20,7,10,0.1000,42,9997665749,9997663600,76,4414
docs\inst_test\instancias\n_1000_3,500,20,7,10,0.1000,123,9994541387,9994538995,77,4414
docs\inst_test\instancias\n_1000_3,500,20,7,5,0.3000,2026,9999226819,9999225611,85,4414
docs\inst_test\instancias\n_1000_3,500,20,7,10,0.1000,2026,9999229056,9999226515,78,4414
docs\inst_test\instancias\n_1000_3,500,20,7,10,0.2000,42,9999229060,9999226468,80,4414
docs\inst_test\instancias\n_1000_3,500,20,7,10,0.2000,123,9999226823,9999225583,74,4414
docs\inst_test\instancias\n_1000_3,500,20,7,10,0.2000,2026,9999229022,9999226617,77,4414
docs\inst_test\instancias\n_1000_3,500,20,7,10,0.3000,42,9999226832,9999225525,74,4414
docs\inst_test\instancias\n_1000_3,500,20,7,10,0.3000,123,9999226830,9999225390,83,4414
docs\inst_test\instancias\n_1000_3,500,20,7,10,0.3000,2026,9999226819,9999225611,83,4414
docs\inst_test\instancias\n_1000_3,500,20,7,20,0.1000,42,9995321912,9995319949,82,4414
docs\inst_test\instancias\n_1000_3,500,20,7,20,0.1000,123,9994541361,9994539065,76,4414
docs\inst_test\instancias\n_1000_3,500,20,7,20,0.1000,2026,9999229050,9999226581,76,4414
docs\inst_test\instancias\n_1000_3,500,20,7,20,0.2000,42,9999229060,9999226468,76,4414
docs\inst_test\instancias\n_1000_3,500,20,7,20,0.2000,2026,9999229022,9999226617,74,4414
docs\inst_test\instancias\n_1000_3,500,20,7,20,0.2000,123,9998446310,9998444768,88,4414
docs\inst_test\instancias\n_1000_3,500,20,7,20,0.3000,42,9996882985,9996881662,69,4414
docs\inst_test\instancias\n_1000_3,500,20,7,20,0.3000,2026,9999226819,9999225611,68,4414
docs\inst_test\instancias\n_1000_3,500,20,7,20,0.3000,123,9999226830,9999225390,84,4414
docs\inst_test\instancias\n_1000_3,500,20,10,5,0.1000,42,9997665743,9997663580,88,4414
docs\inst_test\instancias\n_1000_3,500,20,10,5,0.1000,2026,9999229056,9999226515,86,4414
docs\inst_test\instancias\n_1000_3,500,20,10,5,0.1000,123,9997665789,9997663609,90,4414
docs\inst_test\instancias\n_1000_3,500,20,10,5,0.2000,42,9999229060,9999226468,85,4414
docs\inst_test\instancias\n_1000_3,500,20,10,5,0.2000,123,9999226829,9999225556,79,4414
docs\inst_test\instancias\n_1000_3,500,20,10,5,0.3000,42,9998443951,9998443270,75,4414
docs\inst_test\instancias\n_1000_3,500,20,10,5,0.2000,2026,9999229022,9999226617,84,4414
docs\inst_test\instancias\n_1000_3,500,20,10,5,0.3000,123,9999226830,9999225390,81,4414
docs\inst_test\instancias\n_1000_3,500,20,10,10,0.1000,42,9997665749,9997663600,76,4414
docs\inst_test\instancias\n_1000_3,500,20,10,5,0.3000,2026,9999226819,9999225611,84,4414
docs\inst_test\instancias\n_1000_3,500,20,10,10,0.1000,123,9994541387,9994539004,79,4414
docs\inst_test\instancias\n_1000_3,500,20,10,10,0.1000,2026,9999229056,9999226515,79,4414
docs\inst_test\instancias\n_1000_3,500,20,10,10,0.2000,42,9999229060,9999226468,77,4414
docs\inst_test\instancias\n_1000_3,500,20,10,10,0.2000,123,9999226823,9999225583,82,4414
docs\inst_test\instancias\n_1000_3,500,20,10,10,0.2000,2026,9999229022,9999226617,83,4414
docs\inst_test\instancias\n_1000_3,500,20,10,10,0.3000,42,9999226832,9999225525,72,4414
docs\inst_test\instancias\n_1000_3,500,20,10,10,0.3000,123,9999226830,9999225390,72,4414
docs\inst_test\instancias\n_1000_3,500,20,10,10,0.3000,2026,9999226819,9999225611,73,4414
docs\inst_test\instancias\n_1000_3,500,20,10,20,0.1000,42,9995321912,9995319949,75,4414
docs\inst_test\instancias\n_1000_3,500,20,10,20,0.1000,2026,9999229050,9999226581,75,4414
docs\inst_test\instancias\n_1000_3,500,20,10,20,0.1000,123,9994541361,9994539065,76,4414
docs\inst_test\instancias\n_1000_3,500,20,10,20,0.2000,42,9999229060,9999226468,75,4414
docs\inst_test\instancias\n_1000_3,500,20,10,20,0.2000,123,9998446310,9998444768,79,4414
docs\inst_test\instancias\n_1000_3,500,20,10,20,0.2000,2026,9999229022,9999226617,78,4414
docs\inst_test\instancias\n_1000_3,500,20,10,20,0.3000,42,9996882985,9996881662,70,4414
docs\inst_test\instancias\n_1000_3,500,20,10,20,0.3000,123,9999226830,9999225390,70,4414
docs\inst_test\instancias\n_1000_3,500,20,10,20,0.3000,2026,9999226819,9999225611,72,4414
docs\inst_test\instancias\n_1000_3,500,20,15,5,0.1000,123,9997665789,9997663609,82,4414
docs\inst_test\instancias\n_1000_3,500,20,15,5,0.1000,42,9997665743,9997663580,86,4414
docs\inst_test\instancias\n_1000_3,500,20,15,5,0.1000,2026,9999229056,9999226515,88,4414
docs\inst_test\instancias\n_1000_3,500,20,15,5,0.2000,123,9999226829,9999225556,79,4414
docs\inst_test\instancias\n_1000_3,500,20,15,5,0.3000,42,9998443951,9998443270,78,4414
docs\inst_test\instancias\n_1000_3,500,20,15,5,0.2000,2026,9999229022,9999226617,83,4414
docs\inst_test\instancias\n_1000_3,500,20,15,5,0.2000,42,9999229060,9999226468,97,4414
docs\inst_test\instancias\n_1000_3,500,20,15,5,0.3000,123,9999226830,9999225390,84,4414
docs\inst_test\instancias\n_1000_3,500,20,15,5,0.3000,2026,9999226819,9999225611,76,4414
docs\inst_test\instancias\n_1000_3,500,20,15,10,0.1000,42,9997665749,9997663600,79,4414
docs\inst_test\instancias\n_1000_3,500,20,15,10,0.1000,123,9994541387,9994539004,84,4414
docs\inst_test\instancias\n_1000_3,500,20,15,10,0.1000,2026,9999229056,9999226515,88,4414
docs\inst_test\instancias\n_1000_3,500,20,15,10,0.2000,2026,9999229022,9999226617,79,4414
docs\inst_test\instancias\n_1000_3,500,20,15,10,0.2000,123,9999226823,9999225583,82,4414
docs\inst_test\instancias\n_1000_3,500,20,15,10,0.3000,42,9999226832,9999225525,73,4414
docs\inst_test\instancias\n_1000_3,500,20,15,10,0.2000,42,9999229060,9999226468,85,4414
docs\inst_test\instancias\n_1000_3,500,20,15,10,0.3000,123,9999226830,9999225390,80,4414
docs\inst_test\instancias\n_1000_3,500,20,15,10,0.3000,2026,9999226819,9999225611,83,4414
docs\inst_test\instancias\n_1000_3,500,20,15,20,0.1000,42,9995321912,9995319949,73,4414
docs\inst_test\instancias\n_1000_3,500,20,15,20,0.1000,123,9994541361,9994539065,74,4414
docs\inst_test\instancias\n_1000_3,500,20,15,20,0.2000,42,9999229060,9999226468,72,4414
docs\inst_test\instancias\n_1000_3,500,20,15,20,0.1000,2026,9999229050,9999226581,76,4414
docs\inst_test\instancias\n_1000_3,500,20,15,20,0.2000,2026,9999229022,9999226617,75,4414
docs\inst_test\instancias\n_1000_3,500,20,15,20,0.2000,123,9998446310,9998444768,86,4414
docs\inst_test\instancias\n_1000_3,500,20,15,20,0.3000,42,9996882985,9996881662,67,4414
docs\inst_test\instancias\n_1000_3,500,20,15,20,0.3000,123,9999226830,9999225390,73,4414
docs\inst_test\instancias\n_1000_3,500,20,15,20,0.3000,2026,9999226819,9999225611,65,4414
docs\inst_test\instancias\n_1000_4,100,10,7,5,0.1000,123,9999239604,9999233200,16,4442
docs\inst_test\instancias\n_1000_4,100,10,7,5,0.2000,42,9999239825,9999233397,16,4442
docs\inst_test\instancias\n_1000_4,100,10,7,5,0.2000,2026,9999239684,9999233254,15,4442
docs\inst_test\instancias\n_1000_4,100,10,7,5,0.3000,42,9996891031,9996886639,17,4442
docs\inst_test\instancias\n_1000_4,100,10,7,5,0.2000,123,9998455663,9998450281,17,4442
docs\inst_test\instancias\n_1000_4,100,10,7,5,0.1000,2026,9999239796,9999233069,19,4442
docs\inst_test\instancias\n_1000_4,100,10,7,5,0.3000,123,9997675862,9997669855,18,4442
docs\inst_test\instancias\n_1000_4,100,10,7,5,0.1000,42,9999239200,9999233015,23,4442
docs\inst_test\instancias\n_1000_4,100,10,7,10,0.1000,123,9996895765,9996889366,16,4442
docs\inst_test\instancias\n_1000_4,100,10,7,5,0.3000,2026,9999235557,9999230837,17,4442
docs\inst_test\instancias\n_1000_4,100,10,7,10,0.1000,42,9993771778,9993764749,19,4442
docs\inst_test\instancias\n_1000_4,100,10,7,10,0.2000,42,9998459677,9998452927,17,4442
docs\inst_test\instancias\n_1000_4,100,10,7,10,0.2000,123,9997675834,9997669777,18,4442
docs\inst_test\instancias\n_1000_4,100,10,7,10,0.3000,42,9994547650,9994542891,15,4442
docs\inst_test\instancias\n_1000_4,100,10,7,10,0.1000,2026,9991427953,9991421500,22,4442
docs\inst_test\instancias\n_1000_4,100,10,7,10,0.2000,2026,9999239684,9999233254,24,4442
docs\inst_test\instancias\n_1000_4,100,10,7,10,0.3000,123,9997675862,9997669855,15,4442
docs\inst_test\instancias\n_1000_4,100,10,7,10,0.3000,2026,9997675731,9997669897,17,4442
docs\inst_test\instancias\n_1000_4,100,10,7,20,0.1000,123,9996115758,9996108806,15,4442
docs\inst_test\instancias\n_1000_4,100,10,7,20,0.1000,42,9993771778,9993764749,17,4442
docs\inst_test\instancias\n_1000_4,100,10,7,20,0.2000,42,9998459677,9998452927,15,4442
docs\inst_test\instancias\n_1000_4,100,10,7,20,0.1000,2026,9991427953,9991421500,16,4442
docs\inst_test\instancias\n_1000_4,100,10,7,20,0.3000,42,9991423917,9991418608,14,4442
docs\inst_test\instancias\n_1000_4,100,10,7,20,0.2000,123,9989864094,9989857916,24,4442
docs\inst_test\instancias\n_1000_4,100,10,7,20,0.3000,2026,9997675731,9997669897,14,4442
docs\inst_test\instancias\n_1000_4,100,10,7,20,0.3000,123,9997675795,9997669459,15,4442
docs\inst_test\instancias\n_1000_4,100,10,7,20,0.2000,2026,9999239684,9999233254,23,4442
docs\inst_test\instancias\n_1000_4,100,10,10,5,0.1000,42,9999239200,9999233015,17,4442
docs\inst_test\instancias\n_1000_4,100,10,10,5,0.1000,123,9999239604,9999233200,16,4442
docs\inst_test\instancias\n_1000_4,100,10,10,5,0.1000,2026,9999239796,9999233069,17,4442
docs\inst_test\instancias\n_1000_4,100,10,10,5,0.2000,42,9999239825,9999233397,16,4442
docs\inst_test\instancias\n_1000_4,100,10,10,5,0.2000,123,9998455663,9998450281,15,4442
docs\inst_test\instancias\n_1000_4,100,10,10,5,0.2000,2026,9999239684,9999233254,16,4442
docs\inst_test\instancias\n_1000_4,100,10,10,5,0.3000,42,9996891031,9996886639,15,4442
docs\inst_test\instancias\n_1000_4,100,10,10,5,0.3000,123,9997675862,9997669855,16,4442
docs\inst_test\instancias\n_1000_4,100,10,10,10,0.1000,42,9993771778,9993764749,15,4442
docs\inst_test\instancias\n_1000_4,100,10,10,5,0.3000,2026,9999235557,9999230837,15,4442
docs\inst_test\instancias\n_1000_4,100,10,10,10,0.1000,123,9996895765,9996889366,17,4442
docs\inst_test\instancias\n_1000_4,100,10,10,10,0.1000,2026,9991427953,9991421500,15,4442
docs\inst_test\instancias\n_1000_4,100,10,10,10,0.2000,42,9998459677,9998452927,15,4442
docs\inst_test\instancias\n_1000_4,100,10,10,10,0.2000,2026,9999239684,9999233254,16,4442
docs\inst_test\instancias\n_1000_4,100,10,10,10,0.2000,123,9997675834,9997669777,16,4442
docs\inst_test\instancias\n_1000_4,100,10,10,10,0.3000,42,9994547650,9994542891,14,4442
docs\inst_test\instancias\n_1000_4,100,10,10,10,0.3000,123,9997675862,9997669855,14,4442
docs\inst_test\instancias\n_1000_4,100,10,10,10,0.3000,2026,9997675731,9997669897,17,4442
docs\inst_test\instancias\n_1000_4,100,10,10,20,0.1000,42,9993771778,9993764749,16,4442
docs\inst_test\instancias\n_1000_4,100,10,10,20,0.1000,123,9996115758,9996108806,14,4442
docs\inst_test\instancias\n_1000_4,100,10,10,20,0.1000,2026,9991427953,9991421500,14,4442
docs\inst_test\instancias\n_1000_4,100,10,10,20,0.2000,42,9998459677,9998452927,15,4442
docs\inst_test\instancias\n_1000_4,100,10,10,20,0.2000,2026,9999239684,9999233254,15,4442
docs\inst_test\instancias\n_1000_4,100,10,10,20,0.3000,42,9991423917,9991418608,15,4442
docs\inst_test\instancias\n_1000_4,100,10,10,20,0.2000,123,9989864094,9989857916,18,4442
docs\inst_test\instancias\n_1000_4,100,10,10,20,0.3000,123,9997675795,9997669459,15,4442
docs\inst_test\instancias\n_1000_4,100,10,10,20,0.3000,2026,9997675731,9997669897,15,4442
docs\inst_test\instancias\n_1000_4,100,10,15,5,0.1000,123,9999239604,9999233200,16,4442
docs\inst_test\instancias\n_1000_4,100,10,15,5,0.1000,2026,9999239796,9999233069,16,4442
docs\inst_test\instancias\n_1000_4,100,10,15,5,0.2000,42,9999239825,9999233397,16,4442
docs\inst_test\instancias\n_1000_4,100,10,15,5,0.1000,42,9999239200,9999233015,20,4442
docs\inst_test\instancias\n_1000_4,100,10,15,5,0.2000,123,9998455663,9998450281,15,4442
docs\inst_test\instancias\n_1000_4,100,10,15,5,0.3000,42,9996891031,9996886639,14,4442
docs\inst_test\instancias\n_1000_4,100,10,15,5,0.2000,2026,9999239684,9999233254,16,4442
docs\inst_test\instancias\n_1000_4,100,10,15,5,0.3000,123,9997675862,9997669855,15,4442
docs\inst_test\instancias\n_1000_4,100,10,15,5,0.3000,2026,9999235557,9999230837,15,4442
docs\inst_test\instancias\n_1000_4,100,10,15,10,0.1000,42,9993771778,9993764749,15,4442
docs\inst_test\instancias\n_1000_4,100,10,15,10,0.1000,2026,9991427953,9991421500,16,4442
docs\inst_test\instancias\n_1000_4,100,10,15,10,0.2000,42,9998459677,9998452927,15,4442
docs\inst_test\instancias\n_1000_4,100,10,15,10,0.1000,123,9996895765,9996889366,17,4442
docs\inst_test\instancias\n_1000_4,100,10,15,10,0.2000,2026,9999239684,9999233254,16,4442
docs\inst_test\instancias\n_1000_4,100,10,15,10,0.3000,42,9994547650,9994542891,14,4442
docs\inst_test\instancias\n_1000_4,100,10,15,10,0.2000,123,9997675834,9997669777,17,4442
docs\inst_test\instancias\n_1000_4,100,10,15,10,0.3000,123,9997675862,9997669855,16,4442
docs\inst_test\instancias\n_1000_4,100,10,15,10,0.3000,2026,9997675731,9997669897,15,4442
docs\inst_test\instancias\n_1000_4,100,10,15,20,0.1000,123,9996115758,9996108806,15,4442
docs\inst_test\instancias\n_1000_4,100,10,15,20,0.1000,2026,9991427953,9991421500,16,4442
docs\inst_test\instancias\n_1000_4,100,10,15,20,0.1000,42,9993771778,9993764749,17,4442
docs\inst_test\instancias\n_1000_4,100,10,15,20,0.2000,123,9989864094,9989857916,15,4442
docs\inst_test\instancias\n_1000_4,100,10,15,20,0.2000,2026,9999239684,9999233254,17,4442
docs\inst_test\instancias\n_1000_4,100,10,15,20,0.2000,42,9998459677,9998452927,18,4442
docs\inst_test\instancias\n_1000_4,100,10,15,20,0.3000,42,9991423917,9991418608,15,4442
docs\inst_test\instancias\n_1000_4,100,10,15,20,0.3000,2026,9997675731,9997669897,14,4442
docs\inst_test\instancias\n_1000_4,100,10,15,20,0.3000,123,9997675795,9997669459,18,4442
docs\inst_test\instancias\n_1000_4,100,15,7,5,0.1000,123,9999239604,9999233200,15,4442
docs\inst_test\instancias\n_1000_4,100,15,7,5,0.1000,42,9999239200,9999233015,16,4442
docs\inst_test\instancias\n_1000_4,100,15,7,5,0.2000,42,9999239825,9999233397,16,4442
docs\inst_test\instancias\n_1000_4,100,15,7,5,0.2000,123,9998455663,9998450281,16,4442
docs\inst_test\instancias\n_1000_4,100,15,7,5,0.1000,2026,9999239796,9999233069,20,4442
docs\inst_test\instancias\n_1000_4,100,15,7,5,0.3000,42,9996891031,9996886639,14,4442
docs\inst_test\instancias\n_1000_4,100,15,7,5,0.2000,2026,9999239684,9999233254,15,4442
docs\inst_test\instancias\n_1000_4,100,15,7,5,0.3000,2026,9999235557,9999230837,14,4442
docs\inst_test\instancias\n_1000_4,100,15,7,5,0.3000,123,9997675862,9997669855,15,4442
docs\inst_test\instancias\n_1000_4,100,15,7,10,0.1000,42,9993771778,9993764749,16,4442
docs\inst_test\instancias\n_1000_4,100,15,7,10,0.1000,2026,9991427953,9991421500,16,4442
docs\inst_test\instancias\n_1000_4,100,15,7,10,0.1000,123,9996895765,9996889366,17,4442
docs\inst_test\instancias\n_1000_4,100,15,7,10,0.2000,42,9998459677,9998452927,16,4442
docs\inst_test\instancias\n_1000_4,100,15,7,10,0.2000,123,9997675834,9997669777,17,4442
docs\inst_test\instancias\n_1000_4,100,15,7,10,0.2000,2026,9999239684,9999233254,17,4442
docs\inst_test\instancias\n_1000_4,100,15,7,10,0.3000,42,9994547650,9994542891,15,4442
docs\inst_test\instancias\n_1000_4,100,15,7,10,0.3000,123,9997675862,9997669855,15,4442
docs\inst_test\instancias\n_1000_4,100,15,7,10,0.3000,2026,9997675731,9997669897,17,4442
docs\inst_test\instancias\n_1000_4,100,15,7,20,0.1000,2026,9991427953,9991421500,15,4442
docs\inst_test\instancias\n_1000_4,100,15,7,20,0.1000,42,9993771778,9993764749,17,4442
docs\inst_test\instancias\n_1000_4,100,15,7,20,0.1000,123,9996115758,9996108806,16,4442
docs\inst_test\instancias\n_1000_4,100,15,7,20,0.2000,123,9989864094,9989857916,16,4442
docs\inst_test\instancias\n_1000_4,100,15,7,20,0.2000,42,9998459677,9998452927,16,4442
docs\inst_test\instancias\n_1000_4,100,15,7,20,0.2000,2026,9999239684,9999233254,15,4442
docs\inst_test\instancias\n_1000_4,100,15,7,20,0.3000,42,9991423917,9991418608,16,4442
docs\inst_test\instancias\n_1000_4,100,15,7,20,0.3000,123,9997675795,9997669459,15,4442
docs\inst_test\instancias\n_1000_4,100,15,7,20,0.3000,2026,9997675731,9997669897,14,4442
docs\inst_test\instancias\n_1000_4,100,15,10,5,0.1000,123,9999239604,9999233200,16,4442
docs\inst_test\instancias\n_1000_4,100,15,10,5,0.1000,42,9999239200,9999233015,17,4442
docs\inst_test\instancias\n_1000_4,100,15,10,5,0.2000,123,9998455663,9998450281,14,4442
docs\inst_test\instancias\n_1000_4,100,15,10,5,0.2000,42,9999239825,9999233397,16,4442
docs\inst_test\instancias\n_1000_4,100,15,10,5,0.2000,2026,9999239684,9999233254,17,4442
docs\inst_test\instancias\n_1000_4,100,15,10,5,0.1000,2026,9999239796,9999233069,20,4442
docs\inst_test\instancias\n_1000_4,100,15,10,5,0.3000,42,9996891031,9996886639,16,4442
docs\inst_test\instancias\n_1000_4,100,15,10,5,0.3000,123,9997675862,9997669855,16,4442
docs\inst_test\instancias\n_1000_4,100,15,10,10,0.1000,42,9993771778,9993764749,16,4442
docs\inst_test\instancias\n_1000_4,100,15,10,10,0.1000,123,9996895765,9996889366,15,4442
docs\inst_test\instancias\n_1000_4,100,15,10,5,0.3000,2026,9999235557,9999230837,22,4442
docs\inst_test\instancias\n_1000_4,100,15,10,10,0.1000,2026,9991427953,9991421500,15,4442
docs\inst_test\instancias\n_1000_4,100,15,10,10,0.2000,42,9998459677,9998452927,16,4442
docs\inst_test\instancias\n_1000_4,100,15,10,10,0.2000,2026,9999239684,9999233254,16,4442
docs\inst_test\instancias\n_1000_4,100,15,10,10,0.2000,123,9997675834,9997669777,17,4442
docs\inst_test\instancias\n_1000_4,100,15,10,10,0.3000,42,9994547650,9994542891,15,4442
docs\inst_test\instancias\n_1000_4,100,15,10,10,0.3000,123,9997675862,9997669855,15,4442
docs\inst_test\instancias\n_1000_4,100,15,10,20,0.1000,42,9993771778,9993764749,15,4442
docs\inst_test\instancias\n_1000_4,100,15,10,20,0.1000,123,9996115758,9996108806,15,4442
docs\inst_test\instancias\n_1000_4,100,15,10,10,0.3000,2026,9997675731,9997669897,18,4442
docs\inst_test\instancias\n_1000_4,100,15,10,20,0.2000,42,9998459677,9998452927,16,4442
docs\inst_test\instancias\n_1000_4,100,15,10,20,0.1000,2026,9991427953,9991421500,17,4442
docs\inst_test\instancias\n_1000_4,100,15,10,20,0.2000,123,9989864094,9989857916,15,4442
docs\inst_test\instancias\n_1000_4,100,15,10,20,0.2000,2026,9999239684,9999233254,14,4442
docs\inst_test\instancias\n_1000_4,100,15,10,20,0.3000,42,9991423917,9991418608,15,4442
docs\inst_test\instancias\n_1000_4,100,15,10,20,0.3000,123,9997675795,9997669459,14,4442
docs\inst_test\instancias\n_1000_4,100,15,10,20,0.3000,2026,9997675731,9997669897,14,4442
docs\inst_test\instancias\n_1000_4,100,15,15,5,0.1000,42,9999239200,9999233015,16,4442
docs\inst_test\instancias\n_1000_4,100,15,15,5,0.1000,123,9999239604,9999233200,15,4442
docs\inst_test\instancias\n_1000_4,100,15,15,5,0.1000,2026,9999239796,9999233069,15,4442
docs\inst_test\instancias\n_1000_4,100,15,15,5,0.2000,123,9998455663,9998450281,15,4442
docs\inst_test\instancias\n_1000_4,100,15,15,5,0.2000,42,9999239825,9999233397,16,4442
docs\inst_test\instancias\n_1000_4,100,15,15,5,0.2000,2026,9999239684,9999233254,17,4442
docs\inst_test\instancias\n_1000_4,100,15,15,5,0.3000,42,9996891031,9996886639,15,4442
docs\inst_test\instancias\n_1000_4,100,15,15,5,0.3000,123,9997675862,9997669855,16,4442
docs\inst_test\instancias\n_1000_4,100,15,15,5,0.3000,2026,9999235557,9999230837,16,4442
docs\inst_test\instancias\n_1000_4,100,15,15,10,0.1000,123,9996895765,9996889366,16,4442
docs\inst_test\instancias\n_1000_4,100,15,15,10,0.1000,42,9993771778,9993764749,16,4442
docs\inst_test\instancias\n_1000_4,100,15,15,10,0.2000,42,9998459677,9998452927,15,4442
docs\inst_test\instancias\n_1000_4,100,15,15,10,0.1000,2026,9991427953,9991421500,16,4442
docs\inst_test\instancias\n_1000_4,100,15,15,10,0.2000,123,9997675834,9997669777,16,4442
docs\inst_test\instancias\n_1000_4,100,15,15,10,0.2000,2026,9999239684,9999233254,14,4442
docs\inst_test\instancias\n_1000_4,100,15,15,10,0.3000,42,9994547650,9994542891,14,4442
docs\inst_test\instancias\n_1000_4,100,15,15,10,0.3000,123,9997675862,9997669855,17,4442
docs\inst_test\instancias\n_1000_4,100,15,15,10,0.3000,2026,9997675731,9997669897,16,4442
docs\inst_test\instancias\n_1000_4,100,15,15,20,0.1000,42,9993771778,9993764749,16,4442
docs\inst_test\instancias\n_1000_4,100,15,15,20,0.1000,123,9996115758,9996108806,14,4442
docs\inst_test\instancias\n_1000_4,100,15,15,20,0.1000,2026,9991427953,9991421500,15,4442
docs\inst_test\instancias\n_1000_4,100,15,15,20,0.2000,42,9998459677,9998452927,15,4442
docs\inst_test\instancias\n_1000_4,100,15,15,20,0.2000,123,9989864094,9989857916,15,4442
docs\inst_test\instancias\n_1000_4,100,15,15,20,0.2000,2026,9999239684,9999233254,15,4442
docs\inst_test\instancias\n_1000_4,100,15,15,20,0.3000,42,9991423917,9991418608,15,4442
docs\inst_test\instancias\n_1000_4,100,15,15,20,0.3000,2026,9997675731,9997669897,15,4442
docs\inst_test\instancias\n_1000_4,100,15,15,20,0.3000,123,9997675795,9997669459,17,4442
docs\inst_test\instancias\n_1000_4,100,20,7,5,0.1000,123,9999239604,9999233200,17,4442
docs\inst_test\instancias\n_1000_4,100,20,7,5,0.1000,42,9999239200,9999233015,19,4442
docs\inst_test\instancias\n_1000_4,100,20,7,5,0.1000,2026,9999239796,9999233069,16,4442
docs\inst_test\instancias\n_1000_4,100,20,7,5,0.2000,42,9999239825,9999233397,16,4442
docs\inst_test\instancias\n_1000_4,100,20,7,5,0.2000,123,9998455663,9998450281,15,4442
docs\inst_test\instancias\n_1000_4,100,20,7,5,0.2000,2026,9999239684,9999233254,16,4442
docs\inst_test\instancias\n_1000_4,100,20,7,5,0.3000,42,9996891031,9996886639,15,4442
docs\inst_test\instancias\n_1000_4,100,20,7,5,0.3000,2026,9999235557,9999230837,14,4442
docs\inst_test\instancias\n_1000_4,100,20,7,5,0.3000,123,9997675862,9997669855,15,4442
docs\inst_test\instancias\n_1000_4,100,20,7,10,0.1000,42,9993771778,9993764749,16,4442
docs\inst_test\instancias\n_1000_4,100,20,7,10,0.1000,123,9996895765,9996889366,15,4442
docs\inst_test\instancias\n_1000_4,100,20,7,10,0.1000,2026,9991427953,9991421500,15,4442
docs\inst_test\instancias\n_1000_4,100,20,7,10,0.2000,42,9998459677,9998452927,16,4442
docs\inst_test\instancias\n_1000_4,100,20,7,10,0.2000,123,9997675834,9997669777,16,4442
docs\inst_test\instancias\n_1000_4,100,20,7,10,0.3000,42,9994547650,9994542891,14,4442
docs\inst_test\instancias\n_1000_4,100,20,7,10,0.2000,2026,9999239684,9999233254,18,4442
docs\inst_test\instancias\n_1000_4,100,20,7,10,0.3000,2026,9997675731,9997669897,15,4442
docs\inst_test\instancias\n_1000_4,100,20,7,10,0.3000,123,9997675862,9997669855,19,4442
docs\inst_test\instancias\n_1000_4,100,20,7,20,0.1000,42,9993771778,9993764749,17,4442
docs\inst_test\instancias\n_1000_4,100,20,7,20,0.1000,2026,9991427953,9991421500,18,4442
docs\inst_test\instancias\n_1000_4,100,20,7,20,0.1000,123,9996115758,9996108806,21,4442
docs\inst_test\instancias\n_1000_4,100,20,7,20,0.2000,123,9989864094,9989857916,15,4442
docs\inst_test\instancias\n_1000_4,100,20,7,20,0.2000,2026,9999239684,9999233254,17,4442
docs\inst_test\instancias\n_1000_4,100,20,7,20,0.3000,42,9991423917,9991418608,16,4442
docs\inst_test\instancias\n_1000_4,100,20,7,20,0.3000,2026,9997675731,9997669897,14,4442
docs\inst_test\instancias\n_1000_4,100,20,7,20,0.2000,42,9998459677,9998452927,22,4442
docs\inst_test\instancias\n_1000_4,100,20,7,20,0.3000,123,9997675795,9997669459,24,4442
docs\inst_test\instancias\n_1000_4,100,20,10,5,0.1000,2026,9999239796,9999233069,16,4442
docs\inst_test\instancias\n_1000_4,100,20,10,5,0.1000,123,9999239604,9999233200,21,4442
docs\inst_test\instancias\n_1000_4,100,20,10,5,0.1000,42,9999239200,9999233015,24,4442
docs\inst_test\instancias\n_1000_4,100,20,10,5,0.2000,123,9998455663,9998450281,15,4442
docs\inst_test\instancias\n_1000_4,100,20,10,5,0.3000,42,9996891031,9996886639,15,4442
docs\inst_test\instancias\n_1000_4,100,20,10,5,0.2000,42,9999239825,9999233397,23,4442
docs\inst_test\instancias\n_1000_4,100,20,10,5,0.2000,2026,9999239684,9999233254,23,4442
docs\inst_test\instancias\n_1000_4,100,20,10,5,0.3000,123,9997675862,9997669855,15,4442
docs\inst_test\instancias\n_1000_4,100,20,10,5,0.3000,2026,9999235557,9999230837,14,4442
docs\inst_test\instancias\n_1000_4,100,20,10,10,0.1000,123,9996895765,9996889366,16,4442
docs\inst_test\instancias\n_1000_4,100,20,10,10,0.1000,42,9993771778,9993764749,18,4442
docs\inst_test\instancias\n_1000_4,100,20,10,10,0.1000,2026,9991427953,9991421500,17,4442
docs\inst_test\instancias\n_1000_4,100,20,10,10,0.2000,42,9998459677,9998452927,16,4442
docs\inst_test\instancias\n_1000_4,100,20,10,10,0.2000,123,9997675834,9997669777,15,4442
docs\inst_test\instancias\n_1000_4,100,20,10,10,0.2000,2026,9999239684,9999233254,15,4442
docs\inst_test\instancias\n_1000_4,100,20,10,10,0.3000,42,9994547650,9994542891,14,4442
docs\inst_test\instancias\n_1000_4,100,20,10,10,0.3000,123,9997675862,9997669855,15,4442
docs\inst_test\instancias\n_1000_4,100,20,10,10,0.3000,2026,9997675731,9997669897,14,4442
docs\inst_test\instancias\n_1000_4,100,20,10,20,0.1000,42,9993771778,9993764749,16,4442
docs\inst_test\instancias\n_1000_4,100,20,10,20,0.1000,123,9996115758,9996108806,15,4442
docs\inst_test\instancias\n_1000_4,100,20,10,20,0.1000,2026,9991427953,9991421500,18,4442
docs\inst_test\instancias\n_1000_4,100,20,10,20,0.2000,42,9998459677,9998452927,16,4442
docs\inst_test\instancias\n_1000_4,100,20,10,20,0.2000,123,9989864094,9989857916,14,4442
docs\inst_test\instancias\n_1000_4,100,20,10,20,0.2000,2026,9999239684,9999233254,14,4442
docs\inst_test\instancias\n_1000_4,100,20,10,20,0.3000,42,9991423917,9991418608,14,4442
docs\inst_test\instancias\n_1000_4,100,20,10,20,0.3000,123,9997675795,9997669459,15,4442
docs\inst_test\instancias\n_1000_4,100,20,10,20,0.3000,2026,9997675731,9997669897,14,4442
docs\inst_test\instancias\n_1000_4,100,20,15,5,0.1000,42,9999239200,9999233015,17,4442
docs\inst_test\instancias\n_1000_4,100,20,15,5,0.1000,123,9999239604,9999233200,15,4442
docs\inst_test\instancias\n_1000_4,100,20,15,5,0.1000,2026,9999239796,9999233069,15,4442
docs\inst_test\instancias\n_1000_4,100,20,15,5,0.2000,123,9998455663,9998450281,16,4442
docs\inst_test\instancias\n_1000_4,100,20,15,5,0.2000,42,9999239825,9999233397,18,4442
docs\inst_test\instancias\n_1000_4,100,20,15,5,0.2000,2026,9999239684,9999233254,16,4442
docs\inst_test\instancias\n_1000_4,100,20,15,5,0.3000,42,9996891031,9996886639,15,4442
docs\inst_test\instancias\n_1000_4,100,20,15,5,0.3000,123,9997675862,9997669855,15,4442
docs\inst_test\instancias\n_1000_4,100,20,15,5,0.3000,2026,9999235557,9999230837,14,4442
docs\inst_test\instancias\n_1000_4,100,20,15,10,0.1000,123,9996895765,9996889366,16,4442
docs\inst_test\instancias\n_1000_4,100,20,15,10,0.1000,42,9993771778,9993764749,18,4442
docs\inst_test\instancias\n_1000_4,100,20,15,10,0.1000,2026,9991427953,9991421500,15,4442
docs\inst_test\instancias\n_1000_4,100,20,15,10,0.2000,42,9998459677,9998452927,15,4442
docs\inst_test\instancias\n_1000_4,100,20,15,10,0.2000,123,9997675834,9997669777,16,4442
docs\inst_test\instancias\n_1000_4,100,20,15,10,0.2000,2026,9999239684,9999233254,15,4442
docs\inst_test\instancias\n_1000_4,100,20,15,10,0.3000,42,9994547650,9994542891,14,4442
docs\inst_test\instancias\n_1000_4,100,20,15,10,0.3000,123,9997675862,9997669855,15,4442
docs\inst_test\instancias\n_1000_4,100,20,15,10,0.3000,2026,9997675731,9997669897,14,4442
docs\inst_test\instancias\n_1000_4,100,20,15,20,0.1000,42,9993771778,9993764749,14,4442
docs\inst_test\instancias\n_1000_4,100,20,15,20,0.1000,123,9996115758,9996108806,15,4442
docs\inst_test\instancias\n_1000_4,100,20,15,20,0.1000,2026,9991427953,9991421500,14,4442
docs\inst_test\instancias\n_1000_4,100,20,15,20,0.2000,123,9989864094,9989857916,14,4442
docs\inst_test\instancias\n_1000_4,100,20,15,20,0.2000,2026,9999239684,9999233254,14,4442
docs\inst_test\instancias\n_1000_4,100,20,15,20,0.2000,42,9998459677,9998452927,18,4442
docs\inst_test\instancias\n_1000_4,100,20,15,20,0.3000,42,9991423917,9991418608,18,4442
docs\inst_test\instancias\n_1000_4,100,20,15,20,0.3000,123,9997675795,9997669459,16,4442
docs\inst_test\instancias\n_1000_4,100,20,15,20,0.3000,2026,9997675731,9997669897,15,4442
docs\inst_test\instancias\n_1000_4,300,10,7,5,0.1000,42,9999239542,9999233154,50,4442
docs\inst_test\instancias\n_1000_4,300,10,7,5,0.2000,123,9999235551,9999230682,45,4442
docs\inst_test\instancias\n_1000_4,300,10,7,5,0.1000,123,9999239785,9999233462,51,4442
docs\inst_test\instancias\n_1000_4,300,10,7,5,0.1000,2026,9999239796,9999233069,51,4442
docs\inst_test\instancias\n_1000_4,300,10,7,5,0.2000,42,9999239825,9999233397,51,4442
docs\inst_test\instancias\n_1000_4,300,10,7,5,0.3000,42,9999235607,9999230590,45,4442
docs\inst_test\instancias\n_1000_4,300,10,7,5,0.3000,123,9999235496,9999230899,46,4442
docs\inst_test\instancias\n_1000_4,300,10,7,5,0.2000,2026,9999239684,9999233254,53,4442
docs\inst_test\instancias\n_1000_4,300,10,7,5,0.3000,2026,9999235557,9999230837,46,4442
docs\inst_test\instancias\n_1000_4,300,10,7,10,0.1000,42,9999239542,9999233154,49,4442
docs\inst_test\instancias\n_1000_4,300,10,7,10,0.1000,2026,9999239825,9999233057,47,4442
docs\inst_test\instancias\n_1000_4,300,10,7,10,0.2000,42,9999239825,9999233397,48,4442
docs\inst_test\instancias\n_1000_4,300,10,7,10,0.1000,123,9999239785,9999233462,52,4442
docs\inst_test\instancias\n_1000_4,300,10,7,10,0.2000,2026,9999239684,9999233254,48,4442
docs\inst_test\instancias\n_1000_4,300,10,7,10,0.2000,123,9999235551,9999230682,49,4442
docs\inst_test\instancias\n_1000_4,300,10,7,10,0.3000,42,9999235601,9999230748,46,4442
docs\inst_test\instancias\n_1000_4,300,10,7,10,0.3000,2026,9999235579,9999230674,42,4442
docs\inst_test\instancias\n_1000_4,300,10,7,10,0.3000,123,9998455718,9998450407,48,4442
docs\inst_test\instancias\n_1000_4,300,10,7,20,0.1000,42,9999239542,9999233154,45,4442
docs\inst_test\instancias\n_1000_4,300,10,7,20,0.1000,123,9999239604,9999233200,47,4442
docs\inst_test\instancias\n_1000_4,300,10,7,20,0.2000,123,9999235551,9999230682,43,4442
docs\inst_test\instancias\n_1000_4,300,10,7,20,0.1000,2026,9999239796,9999233069,46,4442
docs\inst_test\instancias\n_1000_4,300,10,7,20,0.2000,42,9999239825,9999233397,48,4442
docs\inst_test\instancias\n_1000_4,300,10,7,20,0.2000,2026,9999239684,9999233254,46,4442
docs\inst_test\instancias\n_1000_4,300,10,7,20,0.3000,42,9999235596,9999230749,41,4442
docs\inst_test\instancias\n_1000_4,300,10,7,20,0.3000,2026,9999235557,9999230837,41,4442
docs\inst_test\instancias\n_1000_4,300,10,7,20,0.3000,123,9997675862,9997669855,46,4442
docs\inst_test\instancias\n_1000_4,300,10,10,5,0.1000,123,9999239785,9999233462,51,4442
docs\inst_test\instancias\n_1000_4,300,10,10,5,0.2000,123,9999235551,9999230682,48,4442
docs\inst_test\instancias\n_1000_4,300,10,10,5,0.1000,42,9999239542,9999233154,56,4442
docs\inst_test\instancias\n_1000_4,300,10,10,5,0.2000,42,9999239825,9999233397,52,4442
docs\inst_test\instancias\n_1000_4,300,10,10,5,0.1000,2026,9999239796,9999233069,58,4442
docs\inst_test\instancias\n_1000_4,300,10,10,5,0.3000,42,9999235607,9999230590,45,4442
docs\inst_test\instancias\n_1000_4,300,10,10,5,0.2000,2026,9999239684,9999233254,52,4442
docs\inst_test\instancias\n_1000_4,300,10,10,5,0.3000,123,9999235496,9999230899,57,4442
docs\inst_test\instancias\n_1000_4,300,10,10,5,0.3000,2026,9999235557,9999230837,46,4442
docs\inst_test\instancias\n_1000_4,300,10,10,10,0.1000,123,9999239785,9999233462,46,4442
docs\inst_test\instancias\n_1000_4,300,10,10,10,0.1000,42,9999239542,9999233154,49,4442
docs\inst_test\instancias\n_1000_4,300,10,10,10,0.2000,42,9999239825,9999233397,46,4442
docs\inst_test\instancias\n_1000_4,300,10,10,10,0.1000,2026,9999239825,9999233057,53,4442
docs\inst_test\instancias\n_1000_4,300,10,10,10,0.2000,123,9999235551,9999230682,43,4442
docs\inst_test\instancias\n_1000_4,300,10,10,10,0.2000,2026,9999239684,9999233254,48,4442
docs\inst_test\instancias\n_1000_4,300,10,10,10,0.3000,42,9999235601,9999230837,42,4442
docs\inst_test\instancias\n_1000_4,300,10,10,10,0.3000,2026,9999235579,9999230674,41,4442
docs\inst_test\instancias\n_1000_4,300,10,10,10,0.3000,123,9998455718,9998450407,47,4442
docs\inst_test\instancias\n_1000_4,300,10,10,20,0.1000,42,9999239542,9999233154,46,4442
docs\inst_test\instancias\n_1000_4,300,10,10,20,0.1000,123,9999239604,9999233200,46,4442
docs\inst_test\instancias\n_1000_4,300,10,10,20,0.1000,2026,9999239796,9999233069,45,4442
docs\inst_test\instancias\n_1000_4,300,10,10,20,0.2000,42,9999239825,9999233397,46,4442
docs\inst_test\instancias\n_1000_4,300,10,10,20,0.2000,123,9999235551,9999230682,47,4442
docs\inst_test\instancias\n_1000_4,300,10,10,20,0.3000,42,9999235596,9999230749,42,4442
docs\inst_test\instancias\n_1000_4,300,10,10,20,0.2000,2026,9999239684,9999233254,44,4442
docs\inst_test\instancias\n_1000_4,300,10,10,20,0.3000,123,9997675862,9997669855,43,4442
docs\inst_test\instancias\n_1000_4,300,10,10,20,0.3000,2026,9999235557,9999230837,41,4442
docs\inst_test\instancias\n_1000_4,300,10,15,5,0.1000,42,9999239542,9999233154,50,4442
docs\inst_test\instancias\n_1000_4,300,10,15,5,0.1000,123,9999239785,9999233462,51,4442
docs\inst_test\instancias\n_1000_4,300,10,15,5,0.1000,2026,9999239796,9999233069,50,4442
docs\inst_test\instancias\n_1000_4,300,10,15,5,0.3000,42,9999235607,9999230590,43,4442
docs\inst_test\instancias\n_1000_4,300,10,15,5,0.2000,2026,9999239684,9999233254,52,4442
docs\inst_test\instancias\n_1000_4,300,10,15,5,0.2000,42,9999239825,9999233397,61,4442
docs\inst_test\instancias\n_1000_4,300,10,15,5,0.3000,123,9999235496,9999230899,54,4442
docs\inst_test\instancias\n_1000_4,300,10,15,5,0.2000,123,9999235551,9999230682,62,4442
docs\inst_test\instancias\n_1000_4,300,10,15,5,0.3000,2026,9999235557,9999230837,52,4442
docs\inst_test\instancias\n_1000_4,300,10,15,10,0.1000,123,9999239785,9999233462,52,4442
docs\inst_test\instancias\n_1000_4,300,10,15,10,0.1000,2026,9999239825,9999233057,48,4442
docs\inst_test\instancias\n_1000_4,300,10,15,10,0.1000,42,9999239542,9999233154,75,4442
docs\inst_test\instancias\n_1000_4,300,10,15,10,0.3000,42,9999235601,9999230748,43,4442
docs\inst_test\instancias\n_1000_4,300,10,15,10,0.2000,42,9999239825,9999233397,52,4442
docs\inst_test\instancias\n_1000_4,300,10,15,10,0.3000,123,9998455718,9998450407,45,4442
docs\inst_test\instancias\n_1000_4,300,10,15,10,0.2000,2026,9999239684,9999233254,55,4442
docs\inst_test\instancias\n_1000_4,300,10,15,10,0.2000,123,9999235551,9999230682,61,4442
docs\inst_test\instancias\n_1000_4,300,10,15,10,0.3000,2026,9999235579,9999230674,43,4442
docs\inst_test\instancias\n_1000_4,300,10,15,20,0.1000,42,9999239542,9999233154,46,4442
docs\inst_test\instancias\n_1000_4,300,10,15,20,0.2000,42,9999239825,9999233397,44,4442
docs\inst_test\instancias\n_1000_4,300,10,15,20,0.1000,2026,9999239796,9999233069,47,4442
docs\inst_test\instancias\n_1000_4,300,10,15,20,0.1000,123,9999239604,9999233200,62,4442
docs\inst_test\instancias\n_1000_4,300,10,15,20,0.2000,2026,9999239684,9999233254,45,4442
docs\inst_test\instancias\n_1000_4,300,10,15,20,0.3000,42,9999235596,9999230749,45,4442
docs\inst_test\instancias\n_1000_4,300,10,15,20,0.2000,123,9999235551,9999230682,50,4442
docs\inst_test\instancias\n_1000_4,300,10,15,20,0.3000,123,9997675862,9997669855,47,4442
docs\inst_test\instancias\n_1000_4,300,10,15,20,0.3000,2026,9999235557,9999230837,43,4442
docs\inst_test\instancias\n_1000_4,300,15,7,5,0.1000,42,9999239542,9999233154,55,4442
docs\inst_test\instancias\n_1000_4,300,15,7,5,0.1000,123,9999239785,9999233462,52,4442
docs\inst_test\instancias\n_1000_4,300,15,7,5,0.2000,123,9999235551,9999230682,48,4442
docs\inst_test\instancias\n_1000_4,300,15,7,5,0.1000,2026,9999239796,9999233069,52,4442
docs\inst_test\instancias\n_1000_4,300,15,7,5,0.2000,42,9999239825,9999233397,57,4442
docs\inst_test\instancias\n_1000_4,300,15,7,5,0.2000,2026,9999239684,9999233254,59,4442
docs\inst_test\instancias\n_1000_4,300,15,7,5,0.3000,42,9999235607,9999230590,46,4442
docs\inst_test\instancias\n_1000_4,300,15,7,5,0.3000,123,9999235496,9999230899,45,4442
docs\inst_test\instancias\n_1000_4,300,15,7,5,0.3000,2026,9999235557,9999230837,46,4442
docs\inst_test\instancias\n_1000_4,300,15,7,10,0.1000,42,9999239542,9999233154,47,4442
docs\inst_test\instancias\n_1000_4,300,15,7,10,0.1000,2026,9999239825,9999233057,46,4442
docs\inst_test\instancias\n_1000_4,300,15,7,10,0.1000,123,9999239785,9999233462,51,4442
docs\inst_test\instancias\n_1000_4,300,15,7,10,0.2000,42,9999239825,9999233397,50,4442
docs\inst_test\instancias\n_1000_4,300,15,7,10,0.2000,123,9999235551,9999230682,45,4442
docs\inst_test\instancias\n_1000_4,300,15,7,10,0.3000,42,9999235601,9999230748,44,4442
docs\inst_test\instancias\n_1000_4,300,15,7,10,0.2000,2026,9999239684,9999233254,59,4442
docs\inst_test\instancias\n_1000_4,300,15,7,10,0.3000,2026,9999235579,9999230674,43,4442
docs\inst_test\instancias\n_1000_4,300,15,7,10,0.3000,123,9998455718,9998450407,45,4442
docs\inst_test\instancias\n_1000_4,300,15,7,20,0.1000,42,9999239542,9999233154,46,4442
docs\inst_test\instancias\n_1000_4,300,15,7,20,0.1000,123,9999239604,9999233200,49,4442
docs\inst_test\instancias\n_1000_4,300,15,7,20,0.1000,2026,9999239796,9999233069,45,4442
docs\inst_test\instancias\n_1000_4,300,15,7,20,0.2000,42,9999239825,9999233397,46,4442
docs\inst_test\instancias\n_1000_4,300,15,7,20,0.2000,123,9999235551,9999230682,50,4442
docs\inst_test\instancias\n_1000_4,300,15,7,20,0.2000,2026,9999239684,9999233254,45,4442
docs\inst_test\instancias\n_1000_4,300,15,7,20,0.3000,42,9999235596,9999230749,40,4442
docs\inst_test\instancias\n_1000_4,300,15,7,20,0.3000,123,9997675862,9997669855,45,4442
docs\inst_test\instancias\n_1000_4,300,15,7,20,0.3000,2026,9999235557,9999230837,42,4442
docs\inst_test\instancias\n_1000_4,300,15,10,5,0.1000,123,9999239785,9999233462,55,4442
docs\inst_test\instancias\n_1000_4,300,15,10,5,0.1000,2026,9999239796,9999233069,52,4442
docs\inst_test\instancias\n_1000_4,300,15,10,5,0.2000,42,9999239825,9999233397,50,4442
docs\inst_test\instancias\n_1000_4,300,15,10,5,0.1000,42,9999239542,9999233154,66,4442
docs\inst_test\instancias\n_1000_4,300,15,10,5,0.3000,42,9999235607,9999230590,45,4442
docs\inst_test\instancias\n_1000_4,300,15,10,5,0.2000,2026,9999239684,9999233254,53,4442
docs\inst_test\instancias\n_1000_4,300,15,10,5,0.2000,123,9999235551,9999230682,59,4442
docs\inst_test\instancias\n_1000_4,300,15,10,5,0.3000,123,9999235496,9999230899,47,4442
docs\inst_test\instancias\n_1000_4,300,15,10,10,0.1000,42,9999239542,9999233154,47,4442
docs\inst_test\instancias\n_1000_4,300,15,10,5,0.3000,2026,9999235557,9999230837,48,4442
docs\inst_test\instancias\n_1000_4,300,15,10,10,0.1000,2026,9999239825,9999233057,48,4442
docs\inst_test\instancias\n_1000_4,300,15,10,10,0.1000,123,9999239785,9999233462,56,4442
docs\inst_test\instancias\n_1000_4,300,15,10,10,0.2000,42,9999239825,9999233397,46,4442
docs\inst_test\instancias\n_1000_4,300,15,10,10,0.2000,123,9999235551,9999230682,47,4442
docs\inst_test\instancias\n_1000_4,300,15,10,10,0.3000,42,9999235601,9999230837,43,4442
docs\inst_test\instancias\n_1000_4,300,15,10,10,0.2000,2026,9999239684,9999233254,66,4442
docs\inst_test\instancias\n_1000_4,300,15,10,10,0.3000,123,9998455718,9998450407,45,4442
docs\inst_test\instancias\n_1000_4,300,15,10,10,0.3000,2026,9999235579,9999230674,49,4442
docs\inst_test\instancias\n_1000_4,300,15,10,20,0.1000,123,9999239604,9999233200,45,4442
docs\inst_test\instancias\n_1000_4,300,15,10,20,0.1000,42,9999239542,9999233154,51,4442
docs\inst_test\instancias\n_1000_4,300,15,10,20,0.1000,2026,9999239796,9999233069,46,4442
docs\inst_test\instancias\n_1000_4,300,15,10,20,0.2000,42,9999239825,9999233397,48,4442
docs\inst_test\instancias\n_1000_4,300,15,10,20,0.2000,123,9999235551,9999230682,49,4442
docs\inst_test\instancias\n_1000_4,300,15,10,20,0.2000,2026,9999239684,9999233254,46,4442
docs\inst_test\instancias\n_1000_4,300,15,10,20,0.3000,42,9999235596,9999230749,55,4442
docs\inst_test\instancias\n_1000_4,300,15,10,20,0.3000,2026,9999235557,9999230837,41,4442
docs\inst_test\instancias\n_1000_4,300,15,15,5,0.1000,123,9999239785,9999233462,51,4442
docs\inst_test\instancias\n_1000_4,300,15,15,5,0.1000,42,9999239542,9999233154,54,4442
docs\inst_test\instancias\n_1000_4,300,15,10,20,0.3000,123,9997675862,9997669855,72,4442
docs\inst_test\instancias\n_1000_4,300,15,15,5,0.2000,42,9999239825,9999233397,50,4442
docs\inst_test\instancias\n_1000_4,300,15,15,5,0.1000,2026,9999239796,9999233069,65,4442
docs\inst_test\instancias\n_1000_4,300,15,15,5,0.2000,123,9999235551,9999230682,55,4442
docs\inst_test\instancias\n_1000_4,300,15,15,5,0.3000,42,9999235607,9999230590,46,4442
docs\inst_test\instancias\n_1000_4,300,15,15,5,0.3000,123,9999235496,9999230899,46,4442
docs\inst_test\instancias\n_1000_4,300,15,15,10,0.1000,42,9999239542,9999233154,50,4442
docs\inst_test\instancias\n_1000_4,300,15,15,5,0.2000,2026,9999239684,9999233254,72,4442
docs\inst_test\instancias\n_1000_4,300,15,15,5,0.3000,2026,9999235557,9999230837,54,4442
docs\inst_test\instancias\n_1000_4,300,15,15,10,0.1000,123,9999239785,9999233462,53,4442
docs\inst_test\instancias\n_1000_4,300,15,15,10,0.1000,2026,9999239825,9999233057,48,4442
docs\inst_test\instancias\n_1000_4,300,15,15,10,0.2000,42,9999239825,9999233397,48,4442
docs\inst_test\instancias\n_1000_4,300,15,15,10,0.2000,123,9999235551,9999230682,44,4442
docs\inst_test\instancias\n_1000_4,300,15,15,10,0.2000,2026,9999239684,9999233254,47,4442
docs\inst_test\instancias\n_1000_4,300,15,15,10,0.3000,42,9999235601,9999230748,41,4442
docs\inst_test\instancias\n_1000_4,300,15,15,10,0.3000,2026,9999235579,9999230674,42,4442
docs\inst_test\instancias\n_1000_4,300,15,15,10,0.3000,123,9998455718,9998450407,46,4442
docs\inst_test\instancias\n_1000_4,300,15,15,20,0.1000,42,9999239542,9999233154,45,4442
docs\inst_test\instancias\n_1000_4,300,15,15,20,0.1000,123,9999239604,9999233200,45,4442
docs\inst_test\instancias\n_1000_4,300,15,15,20,0.1000,2026,9999239796,9999233069,45,4442
docs\inst_test\instancias\n_1000_4,300,15,15,20,0.2000,123,9999235551,9999230682,43,4442
docs\inst_test\instancias\n_1000_4,300,15,15,20,0.2000,42,9999239825,9999233397,61,4442
docs\inst_test\instancias\n_1000_4,300,15,15,20,0.3000,42,9999235596,9999230749,41,4442
docs\inst_test\instancias\n_1000_4,300,15,15,20,0.2000,2026,9999239684,9999233254,46,4442
docs\inst_test\instancias\n_1000_4,300,15,15,20,0.3000,2026,9999235557,9999230837,40,4442
docs\inst_test\instancias\n_1000_4,300,20,7,5,0.1000,42,9999239542,9999233154,51,4442
docs\inst_test\instancias\n_1000_4,300,15,15,20,0.3000,123,9997675862,9997669855,66,4442
docs\inst_test\instancias\n_1000_4,300,20,7,5,0.1000,123,9999239785,9999233462,50,4442
docs\inst_test\instancias\n_1000_4,300,20,7,5,0.2000,123,9999235551,9999230682,46,4442
docs\inst_test\instancias\n_1000_4,300,20,7,5,0.2000,42,9999239825,9999233397,53,4442
docs\inst_test\instancias\n_1000_4,300,20,7,5,0.3000,42,9999235607,9999230590,46,4442
docs\inst_test\instancias\n_1000_4,300,20,7,5,0.1000,2026,9999239796,9999233069,57,4442
docs\inst_test\instancias\n_1000_4,300,20,7,5,0.2000,2026,9999239684,9999233254,54,4442
docs\inst_test\instancias\n_1000_4,300,20,7,5,0.3000,123,9999235496,9999230899,48,4442
docs\inst_test\instancias\n_1000_4,300,20,7,5,0.3000,2026,9999235557,9999230837,47,4442
docs\inst_test\instancias\n_1000_4,300,20,7,10,0.1000,42,9999239542,9999233154,47,4442
docs\inst_test\instancias\n_1000_4,300,20,7,10,0.1000,123,9999239785,9999233462,47,4442
docs\inst_test\instancias\n_1000_4,300,20,7,10,0.2000,42,9999239825,9999233397,46,4442
docs\inst_test\instancias\n_1000_4,300,20,7,10,0.2000,123,9999235551,9999230682,44,4442
docs\inst_test\instancias\n_1000_4,300,20,7,10,0.1000,2026,9999239825,9999233057,48,4442
docs\inst_test\instancias\n_1000_4,300,20,7,10,0.2000,2026,9999239684,9999233254,51,4442
docs\inst_test\instancias\n_1000_4,300,20,7,10,0.3000,42,9999235601,9999230748,42,4442
docs\inst_test\instancias\n_1000_4,300,20,7,10,0.3000,123,9998455718,9998450407,44,4442
docs\inst_test\instancias\n_1000_4,300,20,7,10,0.3000,2026,9999235579,9999230674,42,4442
docs\inst_test\instancias\n_1000_4,300,20,7,20,0.1000,42,9999239542,9999233154,45,4442
docs\inst_test\instancias\n_1000_4,300,20,7,20,0.1000,123,9999239604,9999233200,45,4442
docs\inst_test\instancias\n_1000_4,300,20,7,20,0.1000,2026,9999239796,9999233069,46,4442
docs\inst_test\instancias\n_1000_4,300,20,7,20,0.2000,42,9999239825,9999233397,46,4442
docs\inst_test\instancias\n_1000_4,300,20,7,20,0.2000,123,9999235551,9999230682,48,4442
docs\inst_test\instancias\n_1000_4,300,20,7,20,0.2000,2026,9999239684,9999233254,43,4442
docs\inst_test\instancias\n_1000_4,300,20,7,20,0.3000,42,9999235596,9999230749,40,4442
docs\inst_test\instancias\n_1000_4,300,20,7,20,0.3000,123,9997675862,9997669855,42,4442
docs\inst_test\instancias\n_1000_4,300,20,7,20,0.3000,2026,9999235557,9999230837,44,4442
docs\inst_test\instancias\n_1000_4,300,20,10,5,0.1000,123,9999239785,9999233462,53,4442
docs\inst_test\instancias\n_1000_4,300,20,10,5,0.1000,42,9999239542,9999233154,54,4442
docs\inst_test\instancias\n_1000_4,300,20,10,5,0.1000,2026,9999239796,9999233069,59,4442
docs\inst_test\instancias\n_1000_4,300,20,10,5,0.2000,123,9999235551,9999230682,49,4442
docs\inst_test\instancias\n_1000_4,300,20,10,5,0.2000,42,9999239825,9999233397,50,4442
docs\inst_test\instancias\n_1000_4,300,20,10,5,0.3000,42,9999235607,9999230590,46,4442
docs\inst_test\instancias\n_1000_4,300,20,10,5,0.2000,2026,9999239684,9999233254,50,4442
docs\inst_test\instancias\n_1000_4,300,20,10,5,0.3000,123,9999235496,9999230899,45,4442
docs\inst_test\instancias\n_1000_4,300,20,10,10,0.1000,42,9999239542,9999233154,47,4442
docs\inst_test\instancias\n_1000_4,300,20,10,5,0.3000,2026,9999235557,9999230837,50,4442
docs\inst_test\instancias\n_1000_4,300,20,10,10,0.1000,123,9999239785,9999233462,49,4442
docs\inst_test\instancias\n_1000_4,300,20,10,10,0.2000,42,9999239825,9999233397,47,4442
docs\inst_test\instancias\n_1000_4,300,20,10,10,0.2000,123,9999235551,9999230682,46,4442
docs\inst_test\instancias\n_1000_4,300,20,10,10,0.2000,2026,9999239684,9999233254,46,4442
docs\inst_test\instancias\n_1000_4,300,20,10,10,0.1000,2026,9999239825,9999233057,49,4442
docs\inst_test\instancias\n_1000_4,300,20,10,10,0.3000,42,9999235601,9999230837,55,4442
docs\inst_test\instancias\n_1000_4,300,20,10,10,0.3000,123,9998455718,9998450407,45,4442
docs\inst_test\instancias\n_1000_4,300,20,10,10,0.3000,2026,9999235579,9999230674,42,4442
docs\inst_test\instancias\n_1000_4,300,20,10,20,0.1000,42,9999239542,9999233154,46,4442
docs\inst_test\instancias\n_1000_4,300,20,10,20,0.2000,42,9999239825,9999233397,45,4442
docs\inst_test\instancias\n_1000_4,300,20,10,20,0.1000,2026,9999239796,9999233069,45,4442
docs\inst_test\instancias\n_1000_4,300,20,10,20,0.2000,123,9999235551,9999230682,47,4442
docs\inst_test\instancias\n_1000_4,300,20,10,20,0.1000,123,9999239604,9999233200,50,4442
docs\inst_test\instancias\n_1000_4,300,20,10,20,0.2000,2026,9999239684,9999233254,44,4442
docs\inst_test\instancias\n_1000_4,300,20,10,20,0.3000,42,9999235596,9999230749,40,4442
docs\inst_test\instancias\n_1000_4,300,20,10,20,0.3000,123,9997675862,9997669855,43,4442
docs\inst_test\instancias\n_1000_4,300,20,10,20,0.3000,2026,9999235557,9999230837,41,4442
docs\inst_test\instancias\n_1000_4,300,20,15,5,0.1000,123,9999239785,9999233462,51,4442
docs\inst_test\instancias\n_1000_4,300,20,15,5,0.1000,42,9999239542,9999233154,53,4442
docs\inst_test\instancias\n_1000_4,300,20,15,5,0.1000,2026,9999239796,9999233069,52,4442
docs\inst_test\instancias\n_1000_4,300,20,15,5,0.2000,42,9999239825,9999233397,52,4442
docs\inst_test\instancias\n_1000_4,300,20,15,5,0.2000,123,9999235551,9999230682,46,4442
docs\inst_test\instancias\n_1000_4,300,20,15,5,0.3000,42,9999235607,9999230590,46,4442
docs\inst_test\instancias\n_1000_4,300,20,15,5,0.2000,2026,9999239684,9999233254,50,4442
docs\inst_test\instancias\n_1000_4,300,20,15,5,0.3000,123,9999235496,9999230899,48,4442
docs\inst_test\instancias\n_1000_4,300,20,15,5,0.3000,2026,9999235557,9999230837,48,4442
docs\inst_test\instancias\n_1000_4,300,20,15,10,0.1000,123,9999239785,9999233462,47,4442
docs\inst_test\instancias\n_1000_4,300,20,15,10,0.1000,42,9999239542,9999233154,49,4442
docs\inst_test\instancias\n_1000_4,300,20,15,10,0.1000,2026,9999239825,9999233057,47,4442
docs\inst_test\instancias\n_1000_4,300,20,15,10,0.2000,42,9999239825,9999233397,47,4442
docs\inst_test\instancias\n_1000_4,300,20,15,10,0.2000,123,9999235551,9999230682,43,4442
docs\inst_test\instancias\n_1000_4,300,20,15,10,0.2000,2026,9999239684,9999233254,47,4442
docs\inst_test\instancias\n_1000_4,300,20,15,10,0.3000,42,9999235601,9999230748,48,4442
docs\inst_test\instancias\n_1000_4,300,20,15,10,0.3000,123,9998455718,9998450407,44,4442
docs\inst_test\instancias\n_1000_4,300,20,15,10,0.3000,2026,9999235579,9999230674,43,4442
docs\inst_test\instancias\n_1000_4,300,20,15,20,0.1000,42,9999239542,9999233154,46,4442
docs\inst_test\instancias\n_1000_4,300,20,15,20,0.1000,123,9999239604,9999233200,45,4442
docs\inst_test\instancias\n_1000_4,300,20,15,20,0.1000,2026,9999239796,9999233069,45,4442
docs\inst_test\instancias\n_1000_4,300,20,15,20,0.2000,123,9999235551,9999230682,43,4442
docs\inst_test\instancias\n_1000_4,300,20,15,20,0.2000,42,9999239825,9999233397,52,4442
docs\inst_test\instancias\n_1000_4,300,20,15,20,0.2000,2026,9999239684,9999233254,48,4442
docs\inst_test\instancias\n_1000_4,300,20,15,20,0.3000,42,9999235596,9999230749,44,4442
docs\inst_test\instancias\n_1000_4,300,20,15,20,0.3000,2026,9999235557,9999230837,41,4442
docs\inst_test\instancias\n_1000_4,300,20,15,20,0.3000,123,9997675862,9997669855,44,4442
docs\inst_test\instancias\n_1000_4,500,10,7,5,0.1000,42,9999239587,9999233145,88,4442
docs\inst_test\instancias\n_1000_4,500,10,7,5,0.1000,123,9999239847,9999233470,88,4442
docs\inst_test\instancias\n_1000_4,500,10,7,5,0.1000,2026,9999239804,9999233206,85,4442
docs\inst_test\instancias\n_1000_4,500,10,7,5,0.2000,42,9999239825,9999233397,87,4442
docs\inst_test\instancias\n_1000_4,500,10,7,5,0.3000,42,9999235607,9999230590,75,4442
docs\inst_test\instancias\n_1000_4,500,10,7,5,0.3000,123,9999235496,9999230899,76,4442
docs\inst_test\instancias\n_1000_4,500,10,7,5,0.2000,123,9999235556,9999230719,81,4442
docs\inst_test\instancias\n_1000_4,500,10,7,5,0.2000,2026,9999239684,9999233254,89,4442
docs\inst_test\instancias\n_1000_4,500,10,7,5,0.3000,2026,9999235557,9999230837,76,4442
docs\inst_test\instancias\n_1000_4,500,10,7,10,0.1000,123,9999239785,9999233462,77,4442
docs\inst_test\instancias\n_1000_4,500,10,7,10,0.1000,42,9999239542,9999233154,82,4442
docs\inst_test\instancias\n_1000_4,500,10,7,10,0.2000,123,9999235551,9999230682,71,4442
docs\inst_test\instancias\n_1000_4,500,10,7,10,0.1000,2026,9999239825,9999233057,80,4442
docs\inst_test\instancias\n_1000_4,500,10,7,10,0.2000,42,9999239827,9999233233,80,4442
docs\inst_test\instancias\n_1000_4,500,10,7,10,0.2000,2026,9999239684,9999233254,80,4442
docs\inst_test\instancias\n_1000_4,500,10,7,10,0.3000,42,9999235603,9999230785,72,4442
docs\inst_test\instancias\n_1000_4,500,10,7,10,0.3000,123,9999235496,9999230899,89,4442
docs\inst_test\instancias\n_1000_4,500,10,7,10,0.3000,2026,9999235579,9999230674,70,4442
docs\inst_test\instancias\n_1000_4,500,10,7,20,0.1000,42,9999239542,9999233154,79,4442
docs\inst_test\instancias\n_1000_4,500,10,7,20,0.1000,123,9999239604,9999233200,77,4442
docs\inst_test\instancias\n_1000_4,500,10,7,20,0.2000,123,9999235551,9999230682,72,4442
docs\inst_test\instancias\n_1000_4,500,10,7,20,0.2000,42,9999239825,9999233397,77,4442
docs\inst_test\instancias\n_1000_4,500,10,7,20,0.2000,2026,9999239684,9999233254,74,4442
docs\inst_test\instancias\n_1000_4,500,10,7,20,0.1000,2026,9999239825,9999233057,92,4442
docs\inst_test\instancias\n_1000_4,500,10,7,20,0.3000,123,9998455718,9998450407,71,4442
docs\inst_test\instancias\n_1000_4,500,10,7,20,0.3000,42,9999235601,9999230748,72,4442
docs\inst_test\instancias\n_1000_4,500,10,7,20,0.3000,2026,9999235569,9999230761,68,4442
docs\inst_test\instancias\n_1000_4,500,10,10,5,0.1000,42,9999239587,9999233145,86,4442
docs\inst_test\instancias\n_1000_4,500,10,10,5,0.1000,123,9999239847,9999233470,92,4442
docs\inst_test\instancias\n_1000_4,500,10,10,5,0.1000,2026,9999239804,9999233206,91,4442
docs\inst_test\instancias\n_1000_4,500,10,10,5,0.2000,42,9999239825,9999233397,90,4442
docs\inst_test\instancias\n_1000_4,500,10,10,5,0.2000,123,9999235556,9999230719,85,4442
docs\inst_test\instancias\n_1000_4,500,10,10,5,0.3000,42,9999235607,9999230590,82,4442
docs\inst_test\instancias\n_1000_4,500,10,10,5,0.2000,2026,9999239684,9999233254,83,4442
docs\inst_test\instancias\n_1000_4,500,10,10,5,0.3000,123,9999235496,9999230899,80,4442
docs\inst_test\instancias\n_1000_4,500,10,10,5,0.3000,2026,9999235557,9999230837,81,4442
docs\inst_test\instancias\n_1000_4,500,10,10,10,0.1000,42,9999239542,9999233154,80,4442
docs\inst_test\instancias\n_1000_4,500,10,10,10,0.1000,123,9999239785,9999233462,80,4442
docs\inst_test\instancias\n_1000_4,500,10,10,10,0.1000,2026,9999239825,9999233057,82,4442
docs\inst_test\instancias\n_1000_4,500,10,10,10,0.2000,42,9999239827,9999233233,81,4442
docs\inst_test\instancias\n_1000_4,500,10,10,10,0.2000,123,9999235551,9999230682,77,4442
docs\inst_test\instancias\n_1000_4,500,10,10,10,0.2000,2026,9999239684,9999233254,78,4442
docs\inst_test\instancias\n_1000_4,500,10,10,10,0.3000,42,9999235601,9999230837,77,4442
docs\inst_test\instancias\n_1000_4,500,10,10,10,0.3000,123,9999235496,9999230899,80,4442
docs\inst_test\instancias\n_1000_4,500,10,10,10,0.3000,2026,9999235579,9999230674,71,4442
docs\inst_test\instancias\n_1000_4,500,10,10,20,0.1000,42,9999239542,9999233154,79,4442
docs\inst_test\instancias\n_1000_4,500,10,10,20,0.1000,123,9999239604,9999233200,80,4442
docs\inst_test\instancias\n_1000_4,500,10,10,20,0.1000,2026,9999239825,9999233057,82,4442
docs\inst_test\instancias\n_1000_4,500,10,10,20,0.2000,123,9999235551,9999230682,72,4442
docs\inst_test\instancias\n_1000_4,500,10,10,20,0.2000,42,9999239825,9999233397,77,4442
docs\inst_test\instancias\n_1000_4,500,10,10,20,0.2000,2026,9999239684,9999233254,76,4442
docs\inst_test\instancias\n_1000_4,500,10,10,20,0.3000,42,9999235601,9999230748,77,4442
docs\inst_test\instancias\n_1000_4,500,10,10,20,0.3000,2026,9999235569,9999230761,70,4442
docs\inst_test\instancias\n_1000_4,500,10,10,20,0.3000,123,9998455718,9998450407,80,4442
docs\inst_test\instancias\n_1000_4,500,10,15,5,0.1000,42,9999239587,9999233145,87,4442
docs\inst_test\instancias\n_1000_4,500,10,15,5,0.1000,123,9999239847,9999233470,93,4442
docs\inst_test\instancias\n_1000_4,500,10,15,5,0.2000,123,9999235556,9999230719,78,4442
docs\inst_test\instancias\n_1000_4,500,10,15,5,0.1000,2026,9999239804,9999233206,89,4442
docs\inst_test\instancias\n_1000_4,500,10,15,5,0.2000,42,9999239825,9999233397,94,4442
docs\inst_test\instancias\n_1000_4,500,10,15,5,0.3000,42,9999235607,9999230590,81,4442
docs\inst_test\instancias\n_1000_4,500,10,15,5,0.3000,123,9999235496,9999230899,81,4442
docs\inst_test\instancias\n_1000_4,500,10,15,5,0.2000,2026,9999239684,9999233254,88,4442
docs\inst_test\instancias\n_1000_4,500,10,15,5,0.3000,2026,9999235557,9999230837,79,4442
docs\inst_test\instancias\n_1000_4,500,10,15,10,0.1000,42,9999239542,9999233154,87,4442
docs\inst_test\instancias\n_1000_4,500,10,15,10,0.1000,123,9999239785,9999233462,80,4442
docs\inst_test\instancias\n_1000_4,500,10,15,10,0.1000,2026,9999239825,9999233057,81,4442
docs\inst_test\instancias\n_1000_4,500,10,15,10,0.2000,42,9999239827,9999233233,77,4442
docs\inst_test\instancias\n_1000_4,500,10,15,10,0.3000,42,9999235603,9999230785,69,4442
docs\inst_test\instancias\n_1000_4,500,10,15,10,0.2000,2026,9999239684,9999233254,82,4442
docs\inst_test\instancias\n_1000_4,500,10,15,10,0.2000,123,9999235551,9999230682,86,4442
docs\inst_test\instancias\n_1000_4,500,10,15,10,0.3000,123,9999235496,9999230899,84,4442
docs\inst_test\instancias\n_1000_4,500,10,15,10,0.3000,2026,9999235579,9999230674,74,4442
docs\inst_test\instancias\n_1000_4,500,10,15,20,0.1000,42,9999239542,9999233154,75,4442
docs\inst_test\instancias\n_1000_4,500,10,15,20,0.1000,123,9999239604,9999233200,75,4442
docs\inst_test\instancias\n_1000_4,500,10,15,20,0.1000,2026,9999239825,9999233057,83,4442
docs\inst_test\instancias\n_1000_4,500,10,15,20,0.2000,42,9999239825,9999233397,76,4442
docs\inst_test\instancias\n_1000_4,500,10,15,20,0.2000,2026,9999239684,9999233254,75,4442
docs\inst_test\instancias\n_1000_4,500,10,15,20,0.2000,123,9999235551,9999230682,80,4442
docs\inst_test\instancias\n_1000_4,500,10,15,20,0.3000,42,9999235601,9999230748,74,4442
docs\inst_test\instancias\n_1000_4,500,10,15,20,0.3000,123,9998455718,9998450407,75,4442
docs\inst_test\instancias\n_1000_4,500,10,15,20,0.3000,2026,9999235569,9999230761,72,4442
docs\inst_test\instancias\n_1000_4,500,15,7,5,0.1000,42,9999239587,9999233145,93,4442
docs\inst_test\instancias\n_1000_4,500,15,7,5,0.1000,123,9999239847,9999233470,84,4442
docs\inst_test\instancias\n_1000_4,500,15,7,5,0.1000,2026,9999239804,9999233206,90,4442
docs\inst_test\instancias\n_1000_4,500,15,7,5,0.2000,123,9999235556,9999230719,77,4442
docs\inst_test\instancias\n_1000_4,500,15,7,5,0.2000,42,9999239825,9999233397,84,4442
docs\inst_test\instancias\n_1000_4,500,15,7,5,0.3000,42,9999235607,9999230590,78,4442
docs\inst_test\instancias\n_1000_4,500,15,7,5,0.2000,2026,9999239684,9999233254,95,4442
docs\inst_test\instancias\n_1000_4,500,15,7,5,0.3000,123,9999235496,9999230899,84,4442
docs\inst_test\instancias\n_1000_4,500,15,7,5,0.3000,2026,9999235557,9999230837,79,4442
docs\inst_test\instancias\n_1000_4,500,15,7,10,0.1000,42,9999239542,9999233154,79,4442
docs\inst_test\instancias\n_1000_4,500,15,7,10,0.1000,123,9999239785,9999233462,79,4442
docs\inst_test\instancias\n_1000_4,500,15,7,10,0.2000,42,9999239827,9999233233,78,4442
docs\inst_test\instancias\n_1000_4,500,15,7,10,0.1000,2026,9999239825,9999233057,81,4442
docs\inst_test\instancias\n_1000_4,500,15,7,10,0.2000,123,9999235551,9999230682,70,4442
docs\inst_test\instancias\n_1000_4,500,15,7,10,0.3000,42,9999235603,9999230785,71,4442
docs\inst_test\instancias\n_1000_4,500,15,7,10,0.2000,2026,9999239684,9999233254,82,4442
docs\inst_test\instancias\n_1000_4,500,15,7,10,0.3000,2026,9999235579,9999230674,74,4442
docs\inst_test\instancias\n_1000_4,500,15,7,10,0.3000,123,9999235496,9999230899,77,4442
docs\inst_test\instancias\n_1000_4,500,15,7,20,0.1000,42,9999239542,9999233154,76,4442
docs\inst_test\instancias\n_1000_4,500,15,7,20,0.1000,2026,9999239825,9999233057,75,4442
docs\inst_test\instancias\n_1000_4,500,15,7,20,0.1000,123,9999239604,9999233200,77,4442
docs\inst_test\instancias\n_1000_4,500,15,7,20,0.2000,42,9999239825,9999233397,75,4442
docs\inst_test\instancias\n_1000_4,500,15,7,20,0.2000,123,9999235551,9999230682,82,4442
docs\inst_test\instancias\n_1000_4,500,15,7,20,0.2000,2026,9999239684,9999233254,81,4442
docs\inst_test\instancias\n_1000_4,500,15,7,20,0.3000,42,9999235601,9999230748,69,4442
docs\inst_test\instancias\n_1000_4,500,15,7,20,0.3000,123,9998455718,9998450407,76,4442
docs\inst_test\instancias\n_1000_4,500,15,7,20,0.3000,2026,9999235569,9999230761,67,4442
docs\inst_test\instancias\n_1000_4,500,15,10,5,0.1000,123,9999239847,9999233470,84,4442
docs\inst_test\instancias\n_1000_4,500,15,10,5,0.1000,42,9999239587,9999233145,91,4442
docs\inst_test\instancias\n_1000_4,500,15,10,5,0.1000,2026,9999239804,9999233206,89,4442
docs\inst_test\instancias\n_1000_4,500,15,10,5,0.2000,123,9999235556,9999230719,79,4442
docs\inst_test\instancias\n_1000_4,500,15,10,5,0.2000,42,9999239825,9999233397,85,4442
docs\inst_test\instancias\n_1000_4,500,15,10,5,0.3000,42,9999235607,9999230590,77,4442
docs\inst_test\instancias\n_1000_4,500,15,10,5,0.2000,2026,9999239684,9999233254,85,4442
docs\inst_test\instancias\n_1000_4,500,15,10,5,0.3000,123,9999235496,9999230899,76,4442
docs\inst_test\instancias\n_1000_4,500,15,10,5,0.3000,2026,9999235557,9999230837,79,4442
docs\inst_test\instancias\n_1000_4,500,15,10,10,0.1000,42,9999239542,9999233154,83,4442
docs\inst_test\instancias\n_1000_4,500,15,10,10,0.1000,123,9999239785,9999233462,79,4442
docs\inst_test\instancias\n_1000_4,500,15,10,10,0.2000,42,9999239827,9999233233,77,4442
docs\inst_test\instancias\n_1000_4,500,15,10,10,0.1000,2026,9999239825,9999233057,82,4442
docs\inst_test\instancias\n_1000_4,500,15,10,10,0.2000,2026,9999239684,9999233254,77,4442
docs\inst_test\instancias\n_1000_4,500,15,10,10,0.3000,42,9999235601,9999230837,78,4442
docs\inst_test\instancias\n_1000_4,500,15,10,10,0.2000,123,9999235551,9999230682,96,4442
docs\inst_test\instancias\n_1000_4,500,15,10,10,0.3000,123,9999235496,9999230899,77,4442
docs\inst_test\instancias\n_1000_4,500,15,10,10,0.3000,2026,9999235579,9999230674,91,4442
docs\inst_test\instancias\n_1000_4,500,15,10,20,0.1000,42,9999239542,9999233154,84,4442
docs\inst_test\instancias\n_1000_4,500,15,10,20,0.1000,123,9999239604,9999233200,85,4442
docs\inst_test\instancias\n_1000_4,500,15,10,20,0.2000,42,9999239825,9999233397,81,4442
docs\inst_test\instancias\n_1000_4,500,15,10,20,0.2000,123,9999235551,9999230682,78,4442
docs\inst_test\instancias\n_1000_4,500,15,10,20,0.1000,2026,9999239825,9999233057,104,4442
docs\inst_test\instancias\n_1000_4,500,15,10,20,0.2000,2026,9999239684,9999233254,74,4442
docs\inst_test\instancias\n_1000_4,500,15,10,20,0.3000,42,9999235601,9999230748,82,4442
docs\inst_test\instancias\n_1000_4,500,15,10,20,0.3000,2026,9999235569,9999230761,71,4442
docs\inst_test\instancias\n_1000_4,500,15,10,20,0.3000,123,9998455718,9998450407,84,4442
docs\inst_test\instancias\n_1000_4,500,15,15,5,0.1000,123,9999239847,9999233470,85,4442
docs\inst_test\instancias\n_1000_4,500,15,15,5,0.1000,42,9999239587,9999233145,97,4442
docs\inst_test\instancias\n_1000_4,500,15,15,5,0.1000,2026,9999239804,9999233206,87,4442
docs\inst_test\instancias\n_1000_4,500,15,15,5,0.2000,123,9999235556,9999230719,79,4442
docs\inst_test\instancias\n_1000_4,500,15,15,5,0.2000,42,9999239825,9999233397,93,4442
docs\inst_test\instancias\n_1000_4,500,15,15,5,0.3000,42,9999235607,9999230590,75,4442
docs\inst_test\instancias\n_1000_4,500,15,15,5,0.2000,2026,9999239684,9999233254,91,4442
docs\inst_test\instancias\n_1000_4,500,15,15,5,0.3000,123,9999235496,9999230899,78,4442
docs\inst_test\instancias\n_1000_4,500,15,15,5,0.3000,2026,9999235557,9999230837,77,4442
docs\inst_test\instancias\n_1000_4,500,15,15,10,0.1000,123,9999239785,9999233462,77,4442
docs\inst_test\instancias\n_1000_4,500,15,15,10,0.1000,2026,9999239825,9999233057,80,4442
docs\inst_test\instancias\n_1000_4,500,15,15,10,0.1000,42,9999239542,9999233154,84,4442
docs\inst_test\instancias\n_1000_4,500,15,15,10,0.2000,42,9999239827,9999233233,82,4442
docs\inst_test\instancias\n_1000_4,500,15,15,10,0.2000,123,9999235551,9999230682,84,4442
docs\inst_test\instancias\n_1000_4,500,15,15,10,0.2000,2026,9999239684,9999233254,80,4442
docs\inst_test\instancias\n_1000_4,500,15,15,10,0.3000,42,9999235603,9999230785,80,4442
docs\inst_test\instancias\n_1000_4,500,15,15,10,0.3000,123,9999235496,9999230899,73,4442
docs\inst_test\instancias\n_1000_4,500,15,15,10,0.3000,2026,9999235579,9999230674,73,4442
docs\inst_test\instancias\n_1000_4,500,15,15,20,0.1000,42,9999239542,9999233154,79,4442
docs\inst_test\instancias\n_1000_4,500,15,15,20,0.1000,123,9999239604,9999233200,80,4442
docs\inst_test\instancias\n_1000_4,500,15,15,20,0.1000,2026,9999239825,9999233057,78,4442
docs\inst_test\instancias\n_1000_4,500,15,15,20,0.2000,42,9999239825,9999233397,76,4442
docs\inst_test\instancias\n_1000_4,500,15,15,20,0.2000,123,9999235551,9999230682,76,4442
docs\inst_test\instancias\n_1000_4,500,15,15,20,0.2000,2026,9999239684,9999233254,74,4442
docs\inst_test\instancias\n_1000_4,500,15,15,20,0.3000,42,9999235601,9999230748,69,4442
docs\inst_test\instancias\n_1000_4,500,15,15,20,0.3000,123,9998455718,9998450407,75,4442
docs\inst_test\instancias\n_1000_4,500,15,15,20,0.3000,2026,9999235569,9999230761,70,4442
docs\inst_test\instancias\n_1000_4,500,20,7,5,0.1000,42,9999239587,9999233145,84,4442
docs\inst_test\instancias\n_1000_4,500,20,7,5,0.1000,123,9999239847,9999233470,83,4442
docs\inst_test\instancias\n_1000_4,500,20,7,5,0.2000,42,9999239825,9999233397,88,4442
docs\inst_test\instancias\n_1000_4,500,20,7,5,0.1000,2026,9999239804,9999233206,88,4442
docs\inst_test\instancias\n_1000_4,500,20,7,5,0.2000,123,9999235556,9999230719,82,4442
docs\inst_test\instancias\n_1000_4,500,20,7,5,0.2000,2026,9999239684,9999233254,84,4442
docs\inst_test\instancias\n_1000_4,500,20,7,5,0.3000,123,9999235496,9999230899,80,4442
docs\inst_test\instancias\n_1000_4,500,20,7,5,0.3000,42,9999235607,9999230590,91,4442
docs\inst_test\instancias\n_1000_4,500,20,7,5,0.3000,2026,9999235557,9999230837,77,4442
docs\inst_test\instancias\n_1000_4,500,20,7,10,0.1000,2026,9999239825,9999233057,80,4442
docs\inst_test\instancias\n_1000_4,500,20,7,10,0.1000,123,9999239785,9999233462,81,4442
docs\inst_test\instancias\n_1000_4,500,20,7,10,0.2000,42,9999239827,9999233233,80,4442
docs\inst_test\instancias\n_1000_4,500,20,7,10,0.1000,42,9999239542,9999233154,107,4442
docs\inst_test\instancias\n_1000_4,500,20,7,10,0.2000,123,9999235551,9999230682,71,4442
docs\inst_test\instancias\n_1000_4,500,20,7,10,0.2000,2026,9999239684,9999233254,77,4442
docs\inst_test\instancias\n_1000_4,500,20,7,10,0.3000,123,9999235496,9999230899,73,4442
docs\inst_test\instancias\n_1000_4,500,20,7,10,0.3000,42,9999235603,9999230785,92,4442
docs\inst_test\instancias\n_1000_4,500,20,7,10,0.3000,2026,9999235579,9999230674,73,4442
docs\inst_test\instancias\n_1000_4,500,20,7,20,0.1000,123,9999239604,9999233200,75,4442
docs\inst_test\instancias\n_1000_4,500,20,7,20,0.2000,42,9999239825,9999233397,74,4442
docs\inst_test\instancias\n_1000_4,500,20,7,20,0.1000,2026,9999239825,9999233057,80,4442
docs\inst_test\instancias\n_1000_4,500,20,7,20,0.1000,42,9999239542,9999233154,90,4442
docs\inst_test\instancias\n_1000_4,500,20,7,20,0.2000,123,9999235551,9999230682,72,4442
docs\inst_test\instancias\n_1000_4,500,20,7,20,0.2000,2026,9999239684,9999233254,75,4442
docs\inst_test\instancias\n_1000_4,500,20,7,20,0.3000,42,9999235601,9999230748,70,4442
docs\inst_test\instancias\n_1000_4,500,20,7,20,0.3000,2026,9999235569,9999230761,67,4442
docs\inst_test\instancias\n_1000_4,500,20,7,20,0.3000,123,9998455718,9998450407,76,4442
docs\inst_test\instancias\n_1000_4,500,20,10,5,0.1000,42,9999239587,9999233145,85,4442
docs\inst_test\instancias\n_1000_4,500,20,10,5,0.1000,123,9999239847,9999233470,92,4442
docs\inst_test\instancias\n_1000_4,500,20,10,5,0.1000,2026,9999239804,9999233206,94,4442
docs\inst_test\instancias\n_1000_4,500,20,10,5,0.2000,42,9999239825,9999233397,84,4442
docs\inst_test\instancias\n_1000_4,500,20,10,5,0.2000,123,9999235556,9999230719,78,4442
docs\inst_test\instancias\n_1000_4,500,20,10,5,0.2000,2026,9999239684,9999233254,92,4442
docs\inst_test\instancias\n_1000_4,500,20,10,5,0.3000,42,9999235607,9999230590,75,4442
docs\inst_test\instancias\n_1000_4,500,20,10,5,0.3000,123,9999235496,9999230899,83,4442
docs\inst_test\instancias\n_1000_4,500,20,10,5,0.3000,2026,9999235557,9999230837,80,4442
docs\inst_test\instancias\n_1000_4,500,20,10,10,0.1000,42,9999239542,9999233154,80,4442
docs\inst_test\instancias\n_1000_4,500,20,10,10,0.1000,123,9999239785,9999233462,78,4442
docs\inst_test\instancias\n_1000_4,500,20,10,10,0.2000,42,9999239827,9999233233,77,4442
docs\inst_test\instancias\n_1000_4,500,20,10,10,0.1000,2026,9999239825,9999233057,88,4442
docs\inst_test\instancias\n_1000_4,500,20,10,10,0.2000,123,9999235551,9999230682,75,4442
docs\inst_test\instancias\n_1000_4,500,20,10,10,0.2000,2026,9999239684,9999233254,78,4442
docs\inst_test\instancias\n_1000_4,500,20,10,10,0.3000,42,9999235601,9999230837,80,4442
docs\inst_test\instancias\n_1000_4,500,20,10,10,0.3000,2026,9999235579,9999230674,73,4442
docs\inst_test\instancias\n_1000_4,500,20,10,10,0.3000,123,9999235496,9999230899,80,4442
docs\inst_test\instancias\n_1000_4,500,20,10,20,0.1000,123,9999239604,9999233200,78,4442
docs\inst_test\instancias\n_1000_4,500,20,10,20,0.1000,42,9999239542,9999233154,89,4442
docs\inst_test\instancias\n_1000_4,500,20,10,20,0.1000,2026,9999239825,9999233057,79,4442
docs\inst_test\instancias\n_1000_4,500,20,10,20,0.2000,42,9999239825,9999233397,75,4442
docs\inst_test\instancias\n_1000_4,500,20,10,20,0.2000,123,9999235551,9999230682,72,4442
docs\inst_test\instancias\n_1000_4,500,20,10,20,0.2000,2026,9999239684,9999233254,75,4442
docs\inst_test\instancias\n_1000_4,500,20,10,20,0.3000,42,9999235601,9999230748,71,4442
docs\inst_test\instancias\n_1000_4,500,20,10,20,0.3000,123,9998455718,9998450407,76,4442
docs\inst_test\instancias\n_1000_4,500,20,10,20,0.3000,2026,9999235569,9999230761,67,4442
docs\inst_test\instancias\n_1000_4,500,20,15,5,0.1000,42,9999239587,9999233145,87,4442
docs\inst_test\instancias\n_1000_4,500,20,15,5,0.1000,123,9999239847,9999233470,89,4442
docs\inst_test\instancias\n_1000_4,500,20,15,5,0.1000,2026,9999239804,9999233206,85,4442
docs\inst_test\instancias\n_1000_4,500,20,15,5,0.2000,42,9999239825,9999233397,86,4442
docs\inst_test\instancias\n_1000_4,500,20,15,5,0.2000,123,9999235556,9999230719,86,4442
docs\inst_test\instancias\n_1000_4,500,20,15,5,0.3000,42,9999235607,9999230590,76,4442
docs\inst_test\instancias\n_1000_4,500,20,15,5,0.3000,123,9999235496,9999230899,78,4442
docs\inst_test\instancias\n_1000_4,500,20,15,5,0.2000,2026,9999239684,9999233254,95,4442
docs\inst_test\instancias\n_1000_4,500,20,15,5,0.3000,2026,9999235557,9999230837,76,4442
docs\inst_test\instancias\n_1000_4,500,20,15,10,0.1000,42,9999239542,9999233154,79,4442
docs\inst_test\instancias\n_1000_4,500,20,15,10,0.1000,123,9999239785,9999233462,80,4442
docs\inst_test\instancias\n_1000_4,500,20,15,10,0.1000,2026,9999239825,9999233057,83,4442
docs\inst_test\instancias\n_1000_4,500,20,15,10,0.2000,42,9999239827,9999233233,78,4442
docs\inst_test\instancias\n_1000_4,500,20,15,10,0.2000,123,9999235551,9999230682,75,4442
docs\inst_test\instancias\n_1000_4,500,20,15,10,0.2000,2026,9999239684,9999233254,80,4442
docs\inst_test\instancias\n_1000_4,500,20,15,10,0.3000,42,9999235603,9999230785,77,4442
docs\inst_test\instancias\n_1000_4,500,20,15,10,0.3000,123,9999235496,9999230899,73,4442
docs\inst_test\instancias\n_1000_4,500,20,15,10,0.3000,2026,9999235579,9999230674,79,4442
docs\inst_test\instancias\n_1000_4,500,20,15,20,0.1000,42,9999239542,9999233154,78,4442
docs\inst_test\instancias\n_1000_4,500,20,15,20,0.1000,2026,9999239825,9999233057,76,4442
docs\inst_test\instancias\n_1000_4,500,20,15,20,0.1000,123,9999239604,9999233200,88,4442
docs\inst_test\instancias\n_1000_4,500,20,15,20,0.2000,42,9999239825,9999233397,81,4442
docs\inst_test\instancias\n_1000_4,500,20,15,20,0.3000,42,9999235601,9999230748,66,4442
docs\inst_test\instancias\n_1000_4,500,20,15,20,0.2000,123,9999235551,9999230682,80,4442
docs\inst_test\instancias\n_1000_4,500,20,15,20,0.2000,2026,9999239684,9999233254,92,4442
docs\inst_test\instancias\n_1000_4,500,20,15,20,0.3000,123,9998455718,9998450407,71,4442
docs\inst_test\instancias\n_1000_4,500,20,15,20,0.3000,2026,9999235569,9999230761,68,4442
docs\inst_test\instancias\n_1000_5,100,10,7,5,0.2000,123,9998466245,9998459419,15,4296
docs\inst_test\instancias\n_1000_5,100,10,7,5,0.1000,42,9999251614,9999242439,17,4296
docs\inst_test\instancias\n_1000_5,100,10,7,5,0.3000,42,9999251530,9999242508,17,4296
docs\inst_test\instancias\n_1000_5,100,10,7,5,0.2000,2026,9999251723,9999242588,17,4296
docs\inst_test\instancias\n_1000_5,100,10,7,5,0.2000,42,9999251619,9999242724,17,4296
docs\inst_test\instancias\n_1000_5,100,10,7,5,0.1000,2026,9999251619,9999242724,17,4296
docs\inst_test\instancias\n_1000_5,100,10,7,5,0.1000,123,9996907622,9996899019,23,4296
docs\inst_test\instancias\n_1000_5,100,10,7,5,0.3000,123,9996122058,9996115441,24,4296
docs\inst_test\instancias\n_1000_5,100,10,7,5,0.3000,2026,9999245335,9999239334,14,4296
docs\inst_test\instancias\n_1000_5,100,10,7,10,0.1000,42,9996907656,9996898605,14,4296
docs\inst_test\instancias\n_1000_5,100,10,7,10,0.1000,2026,9999251619,9999242724,15,4296
docs\inst_test\instancias\n_1000_5,100,10,7,10,0.2000,42,9999251619,9999242724,15,4296
docs\inst_test\instancias\n_1000_5,100,10,7,10,0.1000,123,9996907622,9996899019,21,4296
docs\inst_test\instancias\n_1000_5,100,10,7,10,0.2000,123,9997687010,9997678758,23,4296
docs\inst_test\instancias\n_1000_5,100,10,7,10,0.2000,2026,9999251723,9999242588,18,4296
docs\inst_test\instancias\n_1000_5,100,10,7,10,0.3000,123,9996122058,9996115441,14,4296
docs\inst_test\instancias\n_1000_5,100,10,7,10,0.3000,42,9999251530,9999242508,20,4296
docs\inst_test\instancias\n_1000_5,100,10,7,10,0.3000,2026,9999245262,9999239035,15,4296
docs\inst_test\instancias\n_1000_5,100,10,7,20,0.1000,42,9996907656,9996898605,15,4296
docs\inst_test\instancias\n_1000_5,100,10,7,20,0.1000,123,9996907587,9996898632,16,4296
docs\inst_test\instancias\n_1000_5,100,10,7,20,0.1000,2026,9999251619,9999242724,14,4296
docs\inst_test\instancias\n_1000_5,100,10,7,20,0.2000,42,9999251619,9999242724,14,4296
docs\inst_test\instancias\n_1000_5,100,10,7,20,0.2000,123,9997687010,9997678758,15,4296
docs\inst_test\instancias\n_1000_5,100,10,7,20,0.2000,2026,9999251705,9999242656,15,4296
docs\inst_test\instancias\n_1000_5,100,10,7,20,0.3000,42,9999251530,9999242508,14,4296
docs\inst_test\instancias\n_1000_5,100,10,7,20,0.3000,2026,9990654953,9990647154,13,4296
docs\inst_test\instancias\n_1000_5,100,10,10,5,0.1000,123,9996907622,9996899019,16,4296
docs\inst_test\instancias\n_1000_5,100,10,7,20,0.3000,123,9989875677,9989866999,24,4296
docs\inst_test\instancias\n_1000_5,100,10,10,5,0.1000,2026,9999251619,9999242724,17,4296
docs\inst_test\instancias\n_1000_5,100,10,10,5,0.1000,42,9999251614,9999242439,24,4296
docs\inst_test\instancias\n_1000_5,100,10,10,5,0.2000,42,9999251619,9999242724,17,4296
docs\inst_test\instancias\n_1000_5,100,10,10,5,0.2000,2026,9999251723,9999242588,16,4296
docs\inst_test\instancias\n_1000_5,100,10,10,5,0.2000,123,9998466245,9998459419,16,4296
docs\inst_test\instancias\n_1000_5,100,10,10,5,0.3000,42,9999251530,9999242508,16,4296
docs\inst_test\instancias\n_1000_5,100,10,10,5,0.3000,123,9996122058,9996115441,15,4296
docs\inst_test\instancias\n_1000_5,100,10,10,10,0.1000,42,9996907656,9996898605,15,4296
docs\inst_test\instancias\n_1000_5,100,10,10,5,0.3000,2026,9999245335,9999239334,16,4296
docs\inst_test\instancias\n_1000_5,100,10,10,10,0.1000,123,9996907622,9996899019,14,4296
docs\inst_test\instancias\n_1000_5,100,10,10,10,0.2000,42,9999251619,9999242724,15,4296
docs\inst_test\instancias\n_1000_5,100,10,10,10,0.2000,123,9997687010,9997678758,15,4296
docs\inst_test\instancias\n_1000_5,100,10,10,10,0.1000,2026,9999251619,9999242724,17,4296
docs\inst_test\instancias\n_1000_5,100,10,10,10,0.2000,2026,9999251723,9999242588,15,4296
docs\inst_test\instancias\n_1000_5,100,10,10,10,0.3000,2026,9999245262,9999239035,14,4296
docs\inst_test\instancias\n_1000_5,100,10,10,10,0.3000,123,9996122058,9996115441,14,4296
docs\inst_test\instancias\n_1000_5,100,10,10,10,0.3000,42,9999251530,9999242508,18,4296
docs\inst_test\instancias\n_1000_5,100,10,10,20,0.1000,42,9996907656,9996898605,15,4296
docs\inst_test\instancias\n_1000_5,100,10,10,20,0.1000,123,9996907587,9996898632,15,4296
docs\inst_test\instancias\n_1000_5,100,10,10,20,0.1000,2026,9999251619,9999242724,15,4296
docs\inst_test\instancias\n_1000_5,100,10,10,20,0.2000,123,9997687010,9997678758,14,4296
docs\inst_test\instancias\n_1000_5,100,10,10,20,0.2000,42,9999251619,9999242724,16,4296
docs\inst_test\instancias\n_1000_5,100,10,10,20,0.2000,2026,9999251705,9999242656,14,4296
docs\inst_test\instancias\n_1000_5,100,10,10,20,0.3000,42,9999251530,9999242508,14,4296
docs\inst_test\instancias\n_1000_5,100,10,10,20,0.3000,2026,9990654953,9990647154,13,4296
docs\inst_test\instancias\n_1000_5,100,10,10,20,0.3000,123,9989875677,9989866999,15,4296
docs\inst_test\instancias\n_1000_5,100,10,15,5,0.1000,42,9999251614,9999242439,16,4296
docs\inst_test\instancias\n_1000_5,100,10,15,5,0.1000,123,9996907622,9996899019,16,4296
docs\inst_test\instancias\n_1000_5,100,10,15,5,0.1000,2026,9999251619,9999242724,15,4296
docs\inst_test\instancias\n_1000_5,100,10,15,5,0.2000,42,9999251619,9999242724,19,4296
docs\inst_test\instancias\n_1000_5,100,10,15,5,0.3000,123,9996122058,9996115441,14,4296
docs\inst_test\instancias\n_1000_5,100,10,15,5,0.3000,42,9999251530,9999242508,16,4296
docs\inst_test\instancias\n_1000_5,100,10,15,5,0.2000,123,9998466245,9998459419,18,4296
docs\inst_test\instancias\n_1000_5,100,10,15,5,0.2000,2026,9999251723,9999242588,18,4296
docs\inst_test\instancias\n_1000_5,100,10,15,5,0.3000,2026,9999245335,9999239334,15,4296
docs\inst_test\instancias\n_1000_5,100,10,15,10,0.1000,42,9996907656,9996898605,16,4296
docs\inst_test\instancias\n_1000_5,100,10,15,10,0.1000,123,9996907622,9996899019,15,4296
docs\inst_test\instancias\n_1000_5,100,10,15,10,0.1000,2026,9999251619,9999242724,14,4296
docs\inst_test\instancias\n_1000_5,100,10,15,10,0.2000,123,9997687010,9997678758,14,4296
docs\inst_test\instancias\n_1000_5,100,10,15,10,0.2000,2026,9999251723,9999242588,15,4296
docs\inst_test\instancias\n_1000_5,100,10,15,10,0.3000,42,9999251530,9999242508,15,4296
docs\inst_test\instancias\n_1000_5,100,10,15,10,0.2000,42,9999251619,9999242724,17,4296
docs\inst_test\instancias\n_1000_5,100,10,15,10,0.3000,123,9996122058,9996115441,14,4296
docs\inst_test\instancias\n_1000_5,100,10,15,10,0.3000,2026,9999245262,9999239035,16,4296
docs\inst_test\instancias\n_1000_5,100,10,15,20,0.1000,42,9996907656,9996898605,18,4296
docs\inst_test\instancias\n_1000_5,100,10,15,20,0.1000,123,9996907587,9996898632,16,4296
docs\inst_test\instancias\n_1000_5,100,10,15,20,0.1000,2026,9999251619,9999242724,14,4296
docs\inst_test\instancias\n_1000_5,100,10,15,20,0.2000,42,9999251619,9999242724,14,4296
docs\inst_test\instancias\n_1000_5,100,10,15,20,0.2000,123,9997687010,9997678758,14,4296
docs\inst_test\instancias\n_1000_5,100,10,15,20,0.3000,42,9999251530,9999242508,14,4296
docs\inst_test\instancias\n_1000_5,100,10,15,20,0.2000,2026,9999251705,9999242656,16,4296
docs\inst_test\instancias\n_1000_5,100,10,15,20,0.3000,123,9989875677,9989866999,14,4296
docs\inst_test\instancias\n_1000_5,100,10,15,20,0.3000,2026,9990654953,9990647154,16,4296
docs\inst_test\instancias\n_1000_5,100,15,7,5,0.1000,42,9999251614,9999242439,16,4296
docs\inst_test\instancias\n_1000_5,100,15,7,5,0.1000,123,9996907622,9996899019,15,4296
docs\inst_test\instancias\n_1000_5,100,15,7,5,0.1000,2026,9999251619,9999242724,16,4296
docs\inst_test\instancias\n_1000_5,100,15,7,5,0.2000,123,9998466245,9998459419,15,4296
docs\inst_test\instancias\n_1000_5,100,15,7,5,0.2000,2026,9999251723,9999242588,16,4296
docs\inst_test\instancias\n_1000_5,100,15,7,5,0.3000,42,9999251530,9999242508,16,4296
docs\inst_test\instancias\n_1000_5,100,15,7,5,0.2000,42,9999251619,9999242724,21,4296
docs\inst_test\instancias\n_1000_5,100,15,7,5,0.3000,2026,9999245335,9999239334,14,4296
docs\inst_test\instancias\n_1000_5,100,15,7,5,0.3000,123,9996122058,9996115441,17,4296
docs\inst_test\instancias\n_1000_5,100,15,7,10,0.1000,42,9996907656,9996898605,15,4296
docs\inst_test\instancias\n_1000_5,100,15,7,10,0.1000,123,9996907622,9996899019,14,4296
docs\inst_test\instancias\n_1000_5,100,15,7,10,0.1000,2026,9999251619,9999242724,14,4296
docs\inst_test\instancias\n_1000_5,100,15,7,10,0.2000,42,9999251619,9999242724,16,4296
docs\inst_test\instancias\n_1000_5,100,15,7,10,0.2000,123,9997687010,9997678758,14,4296
docs\inst_test\instancias\n_1000_5,100,15,7,10,0.2000,2026,9999251723,9999242588,16,4296
docs\inst_test\instancias\n_1000_5,100,15,7,10,0.3000,42,9999251530,9999242508,14,4296
docs\inst_test\instancias\n_1000_5,100,15,7,10,0.3000,123,9996122058,9996115441,16,4296
docs\inst_test\instancias\n_1000_5,100,15,7,10,0.3000,2026,9999245262,9999239035,14,4296
docs\inst_test\instancias\n_1000_5,100,15,7,20,0.1000,42,9996907656,9996898605,14,4296
docs\inst_test\instancias\n_1000_5,100,15,7,20,0.1000,123,9996907587,9996898632,15,4296
docs\inst_test\instancias\n_1000_5,100,15,7,20,0.2000,42,9999251619,9999242724,15,4296
docs\inst_test\instancias\n_1000_5,100,15,7,20,0.1000,2026,9999251619,9999242724,15,4296
docs\inst_test\instancias\n_1000_5,100,15,7,20,0.2000,2026,9999251705,9999242656,15,4296
docs\inst_test\instancias\n_1000_5,100,15,7,20,0.2000,123,9997687010,9997678758,18,4296
docs\inst_test\instancias\n_1000_5,100,15,7,20,0.3000,42,9999251530,9999242508,15,4296
docs\inst_test\instancias\n_1000_5,100,15,7,20,0.3000,123,9989875677,9989866999,14,4296
docs\inst_test\instancias\n_1000_5,100,15,7,20,0.3000,2026,9990654953,9990647154,13,4296
docs\inst_test\instancias\n_1000_5,100,15,10,5,0.1000,42,9999251614,9999242439,15,4296
docs\inst_test\instancias\n_1000_5,100,15,10,5,0.1000,123,9996907622,9996899019,15,4296
docs\inst_test\instancias\n_1000_5,100,15,10,5,0.1000,2026,9999251619,9999242724,16,4296
docs\inst_test\instancias\n_1000_5,100,15,10,5,0.2000,42,9999251619,9999242724,18,4296
docs\inst_test\instancias\n_1000_5,100,15,10,5,0.2000,2026,9999251723,9999242588,16,4296
docs\inst_test\instancias\n_1000_5,100,15,10,5,0.2000,123,9998466245,9998459419,17,4296
docs\inst_test\instancias\n_1000_5,100,15,10,5,0.3000,42,9999251530,9999242508,15,4296
docs\inst_test\instancias\n_1000_5,100,15,10,5,0.3000,123,9996122058,9996115441,15,4296
docs\inst_test\instancias\n_1000_5,100,15,10,5,0.3000,2026,9999245335,9999239334,14,4296
docs\inst_test\instancias\n_1000_5,100,15,10,10,0.1000,123,9996907622,9996899019,15,4296
docs\inst_test\instancias\n_1000_5,100,15,10,10,0.1000,42,9996907656,9996898605,17,4296
docs\inst_test\instancias\n_1000_5,100,15,10,10,0.2000,123,9997687010,9997678758,14,4296
docs\inst_test\instancias\n_1000_5,100,15,10,10,0.3000,42,9999251530,9999242508,14,4296
docs\inst_test\instancias\n_1000_5,100,15,10,10,0.2000,42,9999251619,9999242724,17,4296
docs\inst_test\instancias\n_1000_5,100,15,10,10,0.3000,123,9996122058,9996115441,14,4296
docs\inst_test\instancias\n_1000_5,100,15,10,10,0.2000,2026,9999251723,9999242588,17,4296
docs\inst_test\instancias\n_1000_5,100,15,10,10,0.1000,2026,9999251619,9999242724,21,4296
docs\inst_test\instancias\n_1000_5,100,15,10,20,0.1000,42,9996907656,9996898605,14,4296
docs\inst_test\instancias\n_1000_5,100,15,10,10,0.3000,2026,9999245262,9999239035,15,4296
docs\inst_test\instancias\n_1000_5,100,15,10,20,0.1000,2026,9999251619,9999242724,15,4296
docs\inst_test\instancias\n_1000_5,100,15,10,20,0.1000,123,9996907587,9996898632,17,4296
docs\inst_test\instancias\n_1000_5,100,15,10,20,0.2000,123,9997687010,9997678758,15,4296
docs\inst_test\instancias\n_1000_5,100,15,10,20,0.2000,2026,9999251705,9999242656,15,4296
docs\inst_test\instancias\n_1000_5,100,15,10,20,0.3000,42,9999251530,9999242508,16,4296
docs\inst_test\instancias\n_1000_5,100,15,10,20,0.2000,42,9999251619,9999242724,19,4296
docs\inst_test\instancias\n_1000_5,100,15,10,20,0.3000,123,9989875677,9989866999,15,4296
docs\inst_test\instancias\n_1000_5,100,15,10,20,0.3000,2026,9990654953,9990647154,18,4296
docs\inst_test\instancias\n_1000_5,100,15,15,5,0.1000,123,9996907622,9996899019,16,4296
docs\inst_test\instancias\n_1000_5,100,15,15,5,0.1000,2026,9999251619,9999242724,17,4296
docs\inst_test\instancias\n_1000_5,100,15,15,5,0.2000,123,9998466245,9998459419,14,4296
docs\inst_test\instancias\n_1000_5,100,15,15,5,0.2000,42,9999251619,9999242724,18,4296
docs\inst_test\instancias\n_1000_5,100,15,15,5,0.2000,2026,9999251723,9999242588,16,4296
docs\inst_test\instancias\n_1000_5,100,15,15,5,0.3000,123,9996122058,9996115441,16,4296
docs\inst_test\instancias\n_1000_5,100,15,15,5,0.3000,42,9999251530,9999242508,19,4296
docs\inst_test\instancias\n_1000_5,100,15,15,5,0.1000,42,9999251614,9999242439,28,4296
docs\inst_test\instancias\n_1000_5,100,15,15,5,0.3000,2026,9999245335,9999239334,14,4296
docs\inst_test\instancias\n_1000_5,100,15,15,10,0.1000,123,9996907622,9996899019,15,4296
docs\inst_test\instancias\n_1000_5,100,15,15,10,0.1000,42,9996907656,9996898605,18,4296
docs\inst_test\instancias\n_1000_5,100,15,15,10,0.2000,42,9999251619,9999242724,15,4296
docs\inst_test\instancias\n_1000_5,100,15,15,10,0.1000,2026,9999251619,9999242724,17,4296
docs\inst_test\instancias\n_1000_5,100,15,15,10,0.2000,123,9997687010,9997678758,14,4296
docs\inst_test\instancias\n_1000_5,100,15,15,10,0.2000,2026,9999251723,9999242588,16,4296
docs\inst_test\instancias\n_1000_5,100,15,15,10,0.3000,123,9996122058,9996115441,14,4296
docs\inst_test\instancias\n_1000_5,100,15,15,10,0.3000,42,9999251530,9999242508,18,4296
docs\inst_test\instancias\n_1000_5,100,15,15,10,0.3000,2026,9999245262,9999239035,14,4296
docs\inst_test\instancias\n_1000_5,100,15,15,20,0.1000,42,9996907656,9996898605,15,4296
docs\inst_test\instancias\n_1000_5,100,15,15,20,0.1000,123,9996907587,9996898632,15,4296
docs\inst_test\instancias\n_1000_5,100,15,15,20,0.1000,2026,9999251619,9999242724,15,4296
docs\inst_test\instancias\n_1000_5,100,15,15,20,0.2000,123,9997687010,9997678758,15,4296
docs\inst_test\instancias\n_1000_5,100,15,15,20,0.2000,42,9999251619,9999242724,19,4296
docs\inst_test\instancias\n_1000_5,100,15,15,20,0.2000,2026,9999251705,9999242656,15,4296
docs\inst_test\instancias\n_1000_5,100,15,15,20,0.3000,123,9989875677,9989866999,15,4296
docs\inst_test\instancias\n_1000_5,100,15,15,20,0.3000,42,9999251530,9999242508,19,4296
docs\inst_test\instancias\n_1000_5,100,15,15,20,0.3000,2026,9990654953,9990647154,14,4296
docs\inst_test\instancias\n_1000_5,100,20,7,5,0.1000,42,9999251614,9999242439,16,4296
docs\inst_test\instancias\n_1000_5,100,20,7,5,0.1000,123,9996907622,9996899019,16,4296
docs\inst_test\instancias\n_1000_5,100,20,7,5,0.2000,123,9998466245,9998459419,15,4296
docs\inst_test\instancias\n_1000_5,100,20,7,5,0.1000,2026,9999251619,9999242724,17,4296
docs\inst_test\instancias\n_1000_5,100,20,7,5,0.2000,42,9999251619,9999242724,16,4296
docs\inst_test\instancias\n_1000_5,100,20,7,5,0.3000,123,9996122058,9996115441,16,4296
docs\inst_test\instancias\n_1000_5,100,20,7,5,0.3000,42,9999251530,9999242508,16,4296
docs\inst_test\instancias\n_1000_5,100,20,7,5,0.3000,2026,9999245335,9999239334,15,4296
docs\inst_test\instancias\n_1000_5,100,20,7,5,0.2000,2026,9999251723,9999242588,19,4296
docs\inst_test\instancias\n_1000_5,100,20,7,10,0.1000,42,9996907656,9996898605,17,4296
docs\inst_test\instancias\n_1000_5,100,20,7,10,0.1000,123,9996907622,9996899019,15,4296
docs\inst_test\instancias\n_1000_5,100,20,7,10,0.1000,2026,9999251619,9999242724,16,4296
docs\inst_test\instancias\n_1000_5,100,20,7,10,0.2000,42,9999251619,9999242724,18,4296
docs\inst_test\instancias\n_1000_5,100,20,7,10,0.2000,2026,9999251723,9999242588,15,4296
docs\inst_test\instancias\n_1000_5,100,20,7,10,0.2000,123,9997687010,9997678758,16,4296
docs\inst_test\instancias\n_1000_5,100,20,7,10,0.3000,42,9999251530,9999242508,16,4296
docs\inst_test\instancias\n_1000_5,100,20,7,10,0.3000,123,9996122058,9996115441,14,4296
docs\inst_test\instancias\n_1000_5,100,20,7,10,0.3000,2026,9999245262,9999239035,15,4296
docs\inst_test\instancias\n_1000_5,100,20,7,20,0.1000,42,9996907656,9996898605,15,4296
docs\inst_test\instancias\n_1000_5,100,20,7,20,0.1000,123,9996907587,9996898632,15,4296
docs\inst_test\instancias\n_1000_5,100,20,7,20,0.1000,2026,9999251619,9999242724,15,4296
docs\inst_test\instancias\n_1000_5,100,20,7,20,0.2000,42,9999251619,9999242724,14,4296
docs\inst_test\instancias\n_1000_5,100,20,7,20,0.2000,123,9997687010,9997678758,13,4296
docs\inst_test\instancias\n_1000_5,100,20,7,20,0.2000,2026,9999251705,9999242656,14,4296
docs\inst_test\instancias\n_1000_5,100,20,7,20,0.3000,42,9999251530,9999242508,15,4296
docs\inst_test\instancias\n_1000_5,100,20,7,20,0.3000,123,9989875677,9989866999,16,4296
docs\inst_test\instancias\n_1000_5,100,20,7,20,0.3000,2026,9990654953,9990647154,14,4296
docs\inst_test\instancias\n_1000_5,100,20,10,5,0.1000,42,9999251614,9999242439,16,4296
docs\inst_test\instancias\n_1000_5,100,20,10,5,0.1000,123,9996907622,9996899019,15,4296
docs\inst_test\instancias\n_1000_5,100,20,10,5,0.1000,2026,9999251619,9999242724,16,4296
docs\inst_test\instancias\n_1000_5,100,20,10,5,0.2000,123,9998466245,9998459419,15,4296
docs\inst_test\instancias\n_1000_5,100,20,10,5,0.2000,42,9999251619,9999242724,19,4296
docs\inst_test\instancias\n_1000_5,100,20,10,5,0.2000,2026,9999251723,9999242588,19,4296
docs\inst_test\instancias\n_1000_5,100,20,10,5,0.3000,42,9999251530,9999242508,16,4296
docs\inst_test\instancias\n_1000_5,100,20,10,5,0.3000,123,9996122058,9996115441,14,4296
docs\inst_test\instancias\n_1000_5,100,20,10,5,0.3000,2026,9999245335,9999239334,15,4296
docs\inst_test\instancias\n_1000_5,100,20,10,10,0.1000,42,9996907656,9996898605,15,4296
docs\inst_test\instancias\n_1000_5,100,20,10,10,0.1000,123,9996907622,9996899019,14,4296
docs\inst_test\instancias\n_1000_5,100,20,10,10,0.1000,2026,9999251619,9999242724,16,4296
docs\inst_test\instancias\n_1000_5,100,20,10,10,0.2000,42,9999251619,9999242724,15,4296
docs\inst_test\instancias\n_1000_5,100,20,10,10,0.2000,123,9997687010,9997678758,16,4296
docs\inst_test\instancias\n_1000_5,100,20,10,10,0.2000,2026,9999251723,9999242588,16,4296
docs\inst_test\instancias\n_1000_5,100,20,10,10,0.3000,42,9999251530,9999242508,16,4296
docs\inst_test\instancias\n_1000_5,100,20,10,10,0.3000,123,9996122058,9996115441,15,4296
docs\inst_test\instancias\n_1000_5,100,20,10,10,0.3000,2026,9999245262,9999239035,14,4296
docs\inst_test\instancias\n_1000_5,100,20,10,20,0.1000,42,9996907656,9996898605,15,4296
docs\inst_test\instancias\n_1000_5,100,20,10,20,0.1000,123,9996907587,9996898632,14,4296
docs\inst_test\instancias\n_1000_5,100,20,10,20,0.1000,2026,9999251619,9999242724,14,4296
docs\inst_test\instancias\n_1000_5,100,20,10,20,0.2000,42,9999251619,9999242724,14,4296
docs\inst_test\instancias\n_1000_5,100,20,10,20,0.2000,123,9997687010,9997678758,14,4296
docs\inst_test\instancias\n_1000_5,100,20,10,20,0.2000,2026,9999251705,9999242656,15,4296
docs\inst_test\instancias\n_1000_5,100,20,10,20,0.3000,42,9999251530,9999242508,15,4296
docs\inst_test\instancias\n_1000_5,100,20,10,20,0.3000,123,9989875677,9989866999,14,4296
docs\inst_test\instancias\n_1000_5,100,20,10,20,0.3000,2026,9990654953,9990647154,14,4296
docs\inst_test\instancias\n_1000_5,100,20,15,5,0.1000,42,9999251614,9999242439,16,4296
docs\inst_test\instancias\n_1000_5,100,20,15,5,0.1000,123,9996907622,9996899019,16,4296
docs\inst_test\instancias\n_1000_5,100,20,15,5,0.1000,2026,9999251619,9999242724,16,4296
docs\inst_test\instancias\n_1000_5,100,20,15,5,0.2000,42,9999251619,9999242724,17,4296
docs\inst_test\instancias\n_1000_5,100,20,15,5,0.2000,2026,9999251723,9999242588,15,4296
docs\inst_test\instancias\n_1000_5,100,20,15,5,0.2000,123,9998466245,9998459419,18,4296
docs\inst_test\instancias\n_1000_5,100,20,15,5,0.3000,42,9999251530,9999242508,15,4296
docs\inst_test\instancias\n_1000_5,100,20,15,5,0.3000,123,9996122058,9996115441,14,4296
docs\inst_test\instancias\n_1000_5,100,20,15,5,0.3000,2026,9999245335,9999239334,14,4296
docs\inst_test\instancias\n_1000_5,100,20,15,10,0.1000,42,9996907656,9996898605,15,4296
docs\inst_test\instancias\n_1000_5,100,20,15,10,0.1000,123,9996907622,9996899019,14,4296
docs\inst_test\instancias\n_1000_5,100,20,15,10,0.2000,42,9999251619,9999242724,15,4296
docs\inst_test\instancias\n_1000_5,100,20,15,10,0.1000,2026,9999251619,9999242724,17,4296
docs\inst_test\instancias\n_1000_5,100,20,15,10,0.2000,123,9997687010,9997678758,17,4296
docs\inst_test\instancias\n_1000_5,100,20,15,10,0.2000,2026,9999251723,9999242588,15,4296
docs\inst_test\instancias\n_1000_5,100,20,15,10,0.3000,42,9999251530,9999242508,16,4296
docs\inst_test\instancias\n_1000_5,100,20,15,10,0.3000,123,9996122058,9996115441,14,4296
docs\inst_test\instancias\n_1000_5,100,20,15,10,0.3000,2026,9999245262,9999239035,14,4296
docs\inst_test\instancias\n_1000_5,100,20,15,20,0.1000,42,9996907656,9996898605,16,4296
docs\inst_test\instancias\n_1000_5,100,20,15,20,0.1000,123,9996907587,9996898632,16,4296
docs\inst_test\instancias\n_1000_5,100,20,15,20,0.1000,2026,9999251619,9999242724,15,4296
docs\inst_test\instancias\n_1000_5,100,20,15,20,0.2000,42,9999251619,9999242724,16,4296
docs\inst_test\instancias\n_1000_5,100,20,15,20,0.2000,2026,9999251705,9999242656,14,4296
docs\inst_test\instancias\n_1000_5,100,20,15,20,0.2000,123,9997687010,9997678758,16,4296
docs\inst_test\instancias\n_1000_5,100,20,15,20,0.3000,42,9999251530,9999242508,14,4296
docs\inst_test\instancias\n_1000_5,100,20,15,20,0.3000,123,9989875677,9989866999,14,4296
docs\inst_test\instancias\n_1000_5,100,20,15,20,0.3000,2026,9990654953,9990647154,15,4296
docs\inst_test\instancias\n_1000_5,300,10,7,5,0.1000,42,9999251670,9999242490,50,4296
docs\inst_test\instancias\n_1000_5,300,10,7,5,0.2000,123,9999245304,9999239283,48,4296
docs\inst_test\instancias\n_1000_5,300,10,7,5,0.1000,123,9999251790,9999242930,53,4296
docs\inst_test\instancias\n_1000_5,300,10,7,5,0.3000,42,9999251530,9999242508,49,4296
docs\inst_test\instancias\n_1000_5,300,10,7,5,0.2000,42,9999251619,9999242724,54,4296
docs\inst_test\instancias\n_1000_5,300,10,7,5,0.1000,2026,9999251703,9999243177,54,4296
docs\inst_test\instancias\n_1000_5,300,10,7,5,0.2000,2026,9999251723,9999242588,58,4296
docs\inst_test\instancias\n_1000_5,300,10,7,5,0.3000,123,9999245167,9999239325,52,4296
docs\inst_test\instancias\n_1000_5,300,10,7,5,0.3000,2026,9999245335,9999239334,45,4296
docs\inst_test\instancias\n_1000_5,300,10,7,10,0.1000,42,9999251670,9999242490,47,4296
docs\inst_test\instancias\n_1000_5,300,10,7,10,0.1000,123,9999251790,9999242930,47,4296
docs\inst_test\instancias\n_1000_5,300,10,7,10,0.1000,2026,9999251638,9999242702,47,4296
docs\inst_test\instancias\n_1000_5,300,10,7,10,0.2000,42,9999251619,9999242724,46,4296
docs\inst_test\instancias\n_1000_5,300,10,7,10,0.2000,123,9999245304,9999239283,46,4296
docs\inst_test\instancias\n_1000_5,300,10,7,10,0.3000,42,9999251530,9999242508,45,4296
docs\inst_test\instancias\n_1000_5,300,10,7,10,0.2000,2026,9999251733,9999242669,51,4296
docs\inst_test\instancias\n_1000_5,300,10,7,10,0.3000,2026,9999245335,9999239334,43,4296
docs\inst_test\instancias\n_1000_5,300,10,7,10,0.3000,123,9998466074,9998459193,50,4296
docs\inst_test\instancias\n_1000_5,300,10,7,20,0.1000,123,9999251790,9999242930,44,4296
docs\inst_test\instancias\n_1000_5,300,10,7,20,0.1000,2026,9999251619,9999242724,44,4296
docs\inst_test\instancias\n_1000_5,300,10,7,20,0.1000,42,9999251614,9999242439,47,4296
docs\inst_test\instancias\n_1000_5,300,10,7,20,0.2000,42,9999251619,9999242724,46,4296
docs\inst_test\instancias\n_1000_5,300,10,7,20,0.2000,123,9999245304,9999239283,43,4296
docs\inst_test\instancias\n_1000_5,300,10,7,20,0.2000,2026,9999251723,9999242588,47,4296
docs\inst_test\instancias\n_1000_5,300,10,7,20,0.3000,42,9999251530,9999242508,43,4296
docs\inst_test\instancias\n_1000_5,300,10,7,20,0.3000,2026,9999245335,9999239334,40,4296
docs\inst_test\instancias\n_1000_5,300,10,7,20,0.3000,123,9996122058,9996115441,42,4296
docs\inst_test\instancias\n_1000_5,300,10,10,5,0.1000,42,9999251670,9999242490,53,4296
docs\inst_test\instancias\n_1000_5,300,10,10,5,0.1000,123,9999251790,9999242930,52,4296
docs\inst_test\instancias\n_1000_5,300,10,10,5,0.1000,2026,9999251703,9999243177,51,4296
docs\inst_test\instancias\n_1000_5,300,10,10,5,0.2000,42,9999251619,9999242724,50,4296
docs\inst_test\instancias\n_1000_5,300,10,10,5,0.2000,123,9999245304,9999239283,48,4296
docs\inst_test\instancias\n_1000_5,300,10,10,5,0.3000,123,9999245167,9999239325,46,4296
docs\inst_test\instancias\n_1000_5,300,10,10,5,0.2000,2026,9999251723,9999242588,51,4296
docs\inst_test\instancias\n_1000_5,300,10,10,5,0.3000,42,9999251530,9999242508,49,4296
docs\inst_test\instancias\n_1000_5,300,10,10,10,0.1000,123,9999251790,9999242930,47,4296
docs\inst_test\instancias\n_1000_5,300,10,10,5,0.3000,2026,9999245335,9999239334,49,4296
docs\inst_test\instancias\n_1000_5,300,10,10,10,0.1000,2026,9999251638,9999242702,46,4296
docs\inst_test\instancias\n_1000_5,300,10,10,10,0.1000,42,9999251670,9999242490,50,4296
docs\inst_test\instancias\n_1000_5,300,10,10,10,0.2000,42,9999251619,9999242724,47,4296
docs\inst_test\instancias\n_1000_5,300,10,10,10,0.2000,123,9999245304,9999239283,43,4296
docs\inst_test\instancias\n_1000_5,300,10,10,10,0.2000,2026,9999251733,9999242669,45,4296
docs\inst_test\instancias\n_1000_5,300,10,10,10,0.3000,42,9999251530,9999242508,48,4296
docs\inst_test\instancias\n_1000_5,300,10,10,10,0.3000,123,9998466074,9998459193,43,4296
docs\inst_test\instancias\n_1000_5,300,10,10,10,0.3000,2026,9999245335,9999239334,44,4296
docs\inst_test\instancias\n_1000_5,300,10,10,20,0.1000,123,9999251790,9999242930,44,4296
docs\inst_test\instancias\n_1000_5,300,10,10,20,0.1000,42,9999251614,9999242439,44,4296
docs\inst_test\instancias\n_1000_5,300,10,10,20,0.1000,2026,9999251619,9999242724,45,4296
docs\inst_test\instancias\n_1000_5,300,10,10,20,0.2000,42,9999251619,9999242724,44,4296
docs\inst_test\instancias\n_1000_5,300,10,10,20,0.2000,123,9999245304,9999239283,46,4296
docs\inst_test\instancias\n_1000_5,300,10,10,20,0.2000,2026,9999251723,9999242588,43,4296
docs\inst_test\instancias\n_1000_5,300,10,10,20,0.3000,42,9999251530,9999242508,43,4296
docs\inst_test\instancias\n_1000_5,300,10,10,20,0.3000,2026,9999245335,9999239334,41,4296
docs\inst_test\instancias\n_1000_5,300,10,10,20,0.3000,123,9996122058,9996115441,46,4296
docs\inst_test\instancias\n_1000_5,300,10,15,5,0.1000,42,9999251670,9999242490,51,4296
docs\inst_test\instancias\n_1000_5,300,10,15,5,0.1000,123,9999251790,9999242930,57,4296
docs\inst_test\instancias\n_1000_5,300,10,15,5,0.2000,123,9999245304,9999239283,46,4296
docs\inst_test\instancias\n_1000_5,300,10,15,5,0.2000,42,9999251619,9999242724,50,4296
docs\inst_test\instancias\n_1000_5,300,10,15,5,0.1000,2026,9999251703,9999243177,61,4296
docs\inst_test\instancias\n_1000_5,300,10,15,5,0.2000,2026,9999251723,9999242588,49,4296
docs\inst_test\instancias\n_1000_5,300,10,15,5,0.3000,42,9999251530,9999242508,52,4296
docs\inst_test\instancias\n_1000_5,300,10,15,5,0.3000,123,9999245167,9999239325,49,4296
docs\inst_test\instancias\n_1000_5,300,10,15,5,0.3000,2026,9999245335,9999239334,49,4296
docs\inst_test\instancias\n_1000_5,300,10,15,10,0.1000,42,9999251670,9999242490,50,4296
docs\inst_test\instancias\n_1000_5,300,10,15,10,0.1000,123,9999251790,9999242930,46,4296
docs\inst_test\instancias\n_1000_5,300,10,15,10,0.1000,2026,9999251638,9999242702,47,4296
docs\inst_test\instancias\n_1000_5,300,10,15,10,0.2000,123,9999245304,9999239283,45,4296
docs\inst_test\instancias\n_1000_5,300,10,15,10,0.2000,42,9999251619,9999242724,47,4296
docs\inst_test\instancias\n_1000_5,300,10,15,10,0.3000,42,9999251530,9999242508,46,4296
docs\inst_test\instancias\n_1000_5,300,10,15,10,0.2000,2026,9999251733,9999242669,48,4296
docs\inst_test\instancias\n_1000_5,300,10,15,10,0.3000,123,9998466074,9998459193,44,4296
docs\inst_test\instancias\n_1000_5,300,10,15,10,0.3000,2026,9999245335,9999239334,61,4296
docs\inst_test\instancias\n_1000_5,300,10,15,20,0.1000,123,9999251790,9999242930,47,4296
docs\inst_test\instancias\n_1000_5,300,10,15,20,0.1000,2026,9999251619,9999242724,45,4296
docs\inst_test\instancias\n_1000_5,300,10,15,20,0.2000,123,9999245304,9999239283,42,4296
docs\inst_test\instancias\n_1000_5,300,10,15,20,0.2000,42,9999251619,9999242724,50,4296
docs\inst_test\instancias\n_1000_5,300,10,15,20,0.1000,42,9999251614,9999242439,60,4296
docs\inst_test\instancias\n_1000_5,300,10,15,20,0.3000,42,9999251530,9999242508,43,4296
docs\inst_test\instancias\n_1000_5,300,10,15,20,0.2000,2026,9999251723,9999242588,50,4296
docs\inst_test\instancias\n_1000_5,300,10,15,20,0.3000,2026,9999245335,9999239334,44,4296
docs\inst_test\instancias\n_1000_5,300,10,15,20,0.3000,123,9996122058,9996115441,48,4296
docs\inst_test\instancias\n_1000_5,300,15,7,5,0.1000,42,9999251670,9999242490,50,4296
docs\inst_test\instancias\n_1000_5,300,15,7,5,0.1000,123,9999251790,9999242930,50,4296
docs\inst_test\instancias\n_1000_5,300,15,7,5,0.1000,2026,9999251703,9999243177,50,4296
docs\inst_test\instancias\n_1000_5,300,15,7,5,0.2000,123,9999245304,9999239283,49,4296
docs\inst_test\instancias\n_1000_5,300,15,7,5,0.2000,42,9999251619,9999242724,58,4296
docs\inst_test\instancias\n_1000_5,300,15,7,5,0.2000,2026,9999251723,9999242588,51,4296
docs\inst_test\instancias\n_1000_5,300,15,7,5,0.3000,42,9999251530,9999242508,50,4296
docs\inst_test\instancias\n_1000_5,300,15,7,5,0.3000,123,9999245167,9999239325,50,4296
docs\inst_test\instancias\n_1000_5,300,15,7,5,0.3000,2026,9999245335,9999239334,46,4296
docs\inst_test\instancias\n_1000_5,300,15,7,10,0.1000,42,9999251670,9999242490,46,4296
docs\inst_test\instancias\n_1000_5,300,15,7,10,0.1000,123,9999251790,9999242930,47,4296
docs\inst_test\instancias\n_1000_5,300,15,7,10,0.1000,2026,9999251638,9999242702,46,4296
docs\inst_test\instancias\n_1000_5,300,15,7,10,0.2000,123,9999245304,9999239283,48,4296
docs\inst_test\instancias\n_1000_5,300,15,7,10,0.2000,42,9999251619,9999242724,48,4296
docs\inst_test\instancias\n_1000_5,300,15,7,10,0.2000,2026,9999251733,9999242669,46,4296
docs\inst_test\instancias\n_1000_5,300,15,7,10,0.3000,123,9998466074,9998459193,46,4296
docs\inst_test\instancias\n_1000_5,300,15,7,10,0.3000,42,9999251530,9999242508,50,4296
docs\inst_test\instancias\n_1000_5,300,15,7,10,0.3000,2026,9999245335,9999239334,44,4296
docs\inst_test\instancias\n_1000_5,300,15,7,20,0.1000,42,9999251614,9999242439,45,4296
docs\inst_test\instancias\n_1000_5,300,15,7,20,0.1000,123,9999251790,9999242930,46,4296
docs\inst_test\instancias\n_1000_5,300,15,7,20,0.2000,42,9999251619,9999242724,44,4296
docs\inst_test\instancias\n_1000_5,300,15,7,20,0.1000,2026,9999251619,9999242724,48,4296
docs\inst_test\instancias\n_1000_5,300,15,7,20,0.2000,123,9999245304,9999239283,45,4296
docs\inst_test\instancias\n_1000_5,300,15,7,20,0.3000,42,9999251530,9999242508,44,4296
docs\inst_test\instancias\n_1000_5,300,15,7,20,0.3000,2026,9999245335,9999239334,42,4296
docs\inst_test\instancias\n_1000_5,300,15,7,20,0.2000,2026,9999251723,9999242588,47,4296
docs\inst_test\instancias\n_1000_5,300,15,7,20,0.3000,123,9996122058,9996115441,50,4296
docs\inst_test\instancias\n_1000_5,300,15,10,5,0.1000,42,9999251670,9999242490,52,4296
docs\inst_test\instancias\n_1000_5,300,15,10,5,0.1000,123,9999251790,9999242930,51,4296
docs\inst_test\instancias\n_1000_5,300,15,10,5,0.1000,2026,9999251703,9999243177,49,4296
docs\inst_test\instancias\n_1000_5,300,15,10,5,0.2000,42,9999251619,9999242724,50,4296
docs\inst_test\instancias\n_1000_5,300,15,10,5,0.2000,123,9999245304,9999239283,48,4296
docs\inst_test\instancias\n_1000_5,300,15,10,5,0.3000,42,9999251530,9999242508,49,4296
docs\inst_test\instancias\n_1000_5,300,15,10,5,0.2000,2026,9999251723,9999242588,50,4296
docs\inst_test\instancias\n_1000_5,300,15,10,5,0.3000,123,9999245167,9999239325,48,4296
docs\inst_test\instancias\n_1000_5,300,15,10,5,0.3000,2026,9999245335,9999239334,45,4296
docs\inst_test\instancias\n_1000_5,300,15,10,10,0.1000,42,9999251670,9999242490,48,4296
docs\inst_test\instancias\n_1000_5,300,15,10,10,0.1000,123,9999251790,9999242930,46,4296
docs\inst_test\instancias\n_1000_5,300,15,10,10,0.2000,42,9999251619,9999242724,46,4296
docs\inst_test\instancias\n_1000_5,300,15,10,10,0.1000,2026,9999251638,9999242702,49,4296
docs\inst_test\instancias\n_1000_5,300,15,10,10,0.2000,123,9999245304,9999239283,42,4296
docs\inst_test\instancias\n_1000_5,300,15,10,10,0.2000,2026,9999251733,9999242669,47,4296
docs\inst_test\instancias\n_1000_5,300,15,10,10,0.3000,42,9999251530,9999242508,46,4296
docs\inst_test\instancias\n_1000_5,300,15,10,10,0.3000,123,9998466074,9998459193,43,4296
docs\inst_test\instancias\n_1000_5,300,15,10,10,0.3000,2026,9999245335,9999239334,43,4296
docs\inst_test\instancias\n_1000_5,300,15,10,20,0.1000,42,9999251614,9999242439,44,4296
docs\inst_test\instancias\n_1000_5,300,15,10,20,0.1000,123,9999251790,9999242930,43,4296
docs\inst_test\instancias\n_1000_5,300,15,10,20,0.2000,42,9999251619,9999242724,44,4296
docs\inst_test\instancias\n_1000_5,300,15,10,20,0.1000,2026,9999251619,9999242724,45,4296
docs\inst_test\instancias\n_1000_5,300,15,10,20,0.2000,2026,9999251723,9999242588,43,4296
docs\inst_test\instancias\n_1000_5,300,15,10,20,0.2000,123,9999245304,9999239283,46,4296
docs\inst_test\instancias\n_1000_5,300,15,10,20,0.3000,42,9999251530,9999242508,48,4296
docs\inst_test\instancias\n_1000_5,300,15,10,20,0.3000,2026,9999245335,9999239334,40,4296
docs\inst_test\instancias\n_1000_5,300,15,10,20,0.3000,123,9996122058,9996115441,45,4296
docs\inst_test\instancias\n_1000_5,300,15,15,5,0.1000,123,9999251790,9999242930,51,4296
docs\inst_test\instancias\n_1000_5,300,15,15,5,0.1000,2026,9999251703,9999243177,51,4296
docs\inst_test\instancias\n_1000_5,300,15,15,5,0.1000,42,9999251670,9999242490,53,4296
docs\inst_test\instancias\n_1000_5,300,15,15,5,0.2000,123,9999245304,9999239283,48,4296
docs\inst_test\instancias\n_1000_5,300,15,15,5,0.2000,42,9999251619,9999242724,56,4296
docs\inst_test\instancias\n_1000_5,300,15,15,5,0.3000,123,9999245167,9999239325,46,4296
docs\inst_test\instancias\n_1000_5,300,15,15,5,0.2000,2026,9999251723,9999242588,52,4296
docs\inst_test\instancias\n_1000_5,300,15,15,5,0.3000,42,9999251530,9999242508,54,4296
docs\inst_test\instancias\n_1000_5,300,15,15,10,0.1000,42,9999251670,9999242490,45,4296
docs\inst_test\instancias\n_1000_5,300,15,15,10,0.1000,123,9999251790,9999242930,46,4296
docs\inst_test\instancias\n_1000_5,300,15,15,10,0.1000,2026,9999251638,9999242702,48,4296
docs\inst_test\instancias\n_1000_5,300,15,15,5,0.3000,2026,9999245335,9999239334,54,4296
docs\inst_test\instancias\n_1000_5,300,15,15,10,0.2000,123,9999245304,9999239283,42,4296
docs\inst_test\instancias\n_1000_5,300,15,15,10,0.2000,2026,9999251733,9999242669,45,4296
docs\inst_test\instancias\n_1000_5,300,15,15,10,0.3000,42,9999251530,9999242508,46,4296
docs\inst_test\instancias\n_1000_5,300,15,15,10,0.2000,42,9999251619,9999242724,56,4296
docs\inst_test\instancias\n_1000_5,300,15,15,10,0.3000,123,9998466074,9998459193,43,4296
docs\inst_test\instancias\n_1000_5,300,15,15,10,0.3000,2026,9999245335,9999239334,44,4296
docs\inst_test\instancias\n_1000_5,300,15,15,20,0.1000,42,9999251614,9999242439,49,4296
docs\inst_test\instancias\n_1000_5,300,15,15,20,0.1000,123,9999251790,9999242930,49,4296
docs\inst_test\instancias\n_1000_5,300,15,15,20,0.2000,123,9999245304,9999239283,42,4296
docs\inst_test\instancias\n_1000_5,300,15,15,20,0.2000,42,9999251619,9999242724,47,4296
docs\inst_test\instancias\n_1000_5,300,15,15,20,0.1000,2026,9999251619,9999242724,52,4296
docs\inst_test\instancias\n_1000_5,300,15,15,20,0.2000,2026,9999251723,9999242588,49,4296
docs\inst_test\instancias\n_1000_5,300,15,15,20,0.3000,42,9999251530,9999242508,42,4296
docs\inst_test\instancias\n_1000_5,300,15,15,20,0.3000,123,9996122058,9996115441,46,4296
docs\inst_test\instancias\n_1000_5,300,15,15,20,0.3000,2026,9999245335,9999239334,39,4296
docs\inst_test\instancias\n_1000_5,300,20,7,5,0.1000,42,9999251670,9999242490,49,4296
docs\inst_test\instancias\n_1000_5,300,20,7,5,0.2000,42,9999251619,9999242724,51,4296
docs\inst_test\instancias\n_1000_5,300,20,7,5,0.1000,2026,9999251703,9999243177,52,4296
docs\inst_test\instancias\n_1000_5,300,20,7,5,0.1000,123,9999251790,9999242930,55,4296
docs\inst_test\instancias\n_1000_5,300,20,7,5,0.2000,123,9999245304,9999239283,48,4296
docs\inst_test\instancias\n_1000_5,300,20,7,5,0.2000,2026,9999251723,9999242588,48,4296
docs\inst_test\instancias\n_1000_5,300,20,7,5,0.3000,123,9999245167,9999239325,44,4296
docs\inst_test\instancias\n_1000_5,300,20,7,5,0.3000,42,9999251530,9999242508,50,4296
docs\inst_test\instancias\n_1000_5,300,20,7,5,0.3000,2026,9999245335,9999239334,47,4296
docs\inst_test\instancias\n_1000_5,300,20,7,10,0.1000,123,9999251790,9999242930,44,4296
docs\inst_test\instancias\n_1000_5,300,20,7,10,0.1000,42,9999251670,9999242490,45,4296
docs\inst_test\instancias\n_1000_5,300,20,7,10,0.1000,2026,9999251638,9999242702,47,4296
docs\inst_test\instancias\n_1000_5,300,20,7,10,0.2000,42,9999251619,9999242724,45,4296
docs\inst_test\instancias\n_1000_5,300,20,7,10,0.2000,123,9999245304,9999239283,44,4296
docs\inst_test\instancias\n_1000_5,300,20,7,10,0.2000,2026,9999251733,9999242669,44,4296
docs\inst_test\instancias\n_1000_5,300,20,7,10,0.3000,42,9999251530,9999242508,45,4296
docs\inst_test\instancias\n_1000_5,300,20,7,10,0.3000,123,9998466074,9998459193,44,4296
docs\inst_test\instancias\n_1000_5,300,20,7,10,0.3000,2026,9999245335,9999239334,40,4296
docs\inst_test\instancias\n_1000_5,300,20,7,20,0.1000,42,9999251614,9999242439,45,4296
docs\inst_test\instancias\n_1000_5,300,20,7,20,0.1000,123,9999251790,9999242930,43,4296
docs\inst_test\instancias\n_1000_5,300,20,7,20,0.1000,2026,9999251619,9999242724,53,4296
docs\inst_test\instancias\n_1000_5,300,20,7,20,0.2000,42,9999251619,9999242724,44,4296
docs\inst_test\instancias\n_1000_5,300,20,7,20,0.2000,123,9999245304,9999239283,40,4296
docs\inst_test\instancias\n_1000_5,300,20,7,20,0.2000,2026,9999251723,9999242588,47,4296
docs\inst_test\instancias\n_1000_5,300,20,7,20,0.3000,42,9999251530,9999242508,43,4296
docs\inst_test\instancias\n_1000_5,300,20,7,20,0.3000,123,9996122058,9996115441,45,4296
docs\inst_test\instancias\n_1000_5,300,20,7,20,0.3000,2026,9999245335,9999239334,41,4296
docs\inst_test\instancias\n_1000_5,300,20,10,5,0.1000,42,9999251670,9999242490,49,4296
docs\inst_test\instancias\n_1000_5,300,20,10,5,0.1000,123,9999251790,9999242930,50,4296
docs\inst_test\instancias\n_1000_5,300,20,10,5,0.2000,42,9999251619,9999242724,50,4296
docs\inst_test\instancias\n_1000_5,300,20,10,5,0.1000,2026,9999251703,9999243177,54,4296
docs\inst_test\instancias\n_1000_5,300,20,10,5,0.2000,123,9999245304,9999239283,48,4296
docs\inst_test\instancias\n_1000_5,300,20,10,5,0.2000,2026,9999251723,9999242588,49,4296
docs\inst_test\instancias\n_1000_5,300,20,10,5,0.3000,123,9999245167,9999239325,44,4296
docs\inst_test\instancias\n_1000_5,300,20,10,5,0.3000,42,9999251530,9999242508,50,4296
docs\inst_test\instancias\n_1000_5,300,20,10,5,0.3000,2026,9999245335,9999239334,43,4296
docs\inst_test\instancias\n_1000_5,300,20,10,10,0.1000,42,9999251670,9999242490,45,4296
docs\inst_test\instancias\n_1000_5,300,20,10,10,0.1000,123,9999251790,9999242930,44,4296
docs\inst_test\instancias\n_1000_5,300,20,10,10,0.1000,2026,9999251638,9999242702,46,4296
docs\inst_test\instancias\n_1000_5,300,20,10,10,0.2000,42,9999251619,9999242724,47,4296
docs\inst_test\instancias\n_1000_5,300,20,10,10,0.2000,123,9999245304,9999239283,41,4296
docs\inst_test\instancias\n_1000_5,300,20,10,10,0.2000,2026,9999251733,9999242669,44,4296
docs\inst_test\instancias\n_1000_5,300,20,10,10,0.3000,42,9999251530,9999242508,44,4296
docs\inst_test\instancias\n_1000_5,300,20,10,10,0.3000,123,9998466074,9998459193,46,4296
docs\inst_test\instancias\n_1000_5,300,20,10,10,0.3000,2026,9999245335,9999239334,44,4296
docs\inst_test\instancias\n_1000_5,300,20,10,20,0.1000,42,9999251614,9999242439,43,4296
docs\inst_test\instancias\n_1000_5,300,20,10,20,0.1000,123,9999251790,9999242930,44,4296
docs\inst_test\instancias\n_1000_5,300,20,10,20,0.1000,2026,9999251619,9999242724,43,4296
docs\inst_test\instancias\n_1000_5,300,20,10,20,0.2000,42,9999251619,9999242724,46,4296
docs\inst_test\instancias\n_1000_5,300,20,10,20,0.2000,123,9999245304,9999239283,45,4296
docs\inst_test\instancias\n_1000_5,300,20,10,20,0.3000,42,9999251530,9999242508,47,4296
docs\inst_test\instancias\n_1000_5,300,20,10,20,0.2000,2026,9999251723,9999242588,55,4296
docs\inst_test\instancias\n_1000_5,300,20,10,20,0.3000,123,9996122058,9996115441,44,4296
docs\inst_test\instancias\n_1000_5,300,20,10,20,0.3000,2026,9999245335,9999239334,41,4296
docs\inst_test\instancias\n_1000_5,300,20,15,5,0.1000,42,9999251670,9999242490,56,4296
docs\inst_test\instancias\n_1000_5,300,20,15,5,0.1000,123,9999251790,9999242930,51,4296
docs\inst_test\instancias\n_1000_5,300,20,15,5,0.2000,42,9999251619,9999242724,50,4296
docs\inst_test\instancias\n_1000_5,300,20,15,5,0.1000,2026,9999251703,9999243177,56,4296
docs\inst_test\instancias\n_1000_5,300,20,15,5,0.2000,123,9999245304,9999239283,43,4296
docs\inst_test\instancias\n_1000_5,300,20,15,5,0.2000,2026,9999251723,9999242588,52,4296
docs\inst_test\instancias\n_1000_5,300,20,15,5,0.3000,123,9999245167,9999239325,46,4296
docs\inst_test\instancias\n_1000_5,300,20,15,5,0.3000,42,9999251530,9999242508,51,4296
docs\inst_test\instancias\n_1000_5,300,20,15,5,0.3000,2026,9999245335,9999239334,44,4296
docs\inst_test\instancias\n_1000_5,300,20,15,10,0.1000,123,9999251790,9999242930,44,4296
docs\inst_test\instancias\n_1000_5,300,20,15,10,0.1000,42,9999251670,9999242490,50,4296
docs\inst_test\instancias\n_1000_5,300,20,15,10,0.1000,2026,9999251638,9999242702,45,4296
docs\inst_test\instancias\n_1000_5,300,20,15,10,0.2000,42,9999251619,9999242724,46,4296
docs\inst_test\instancias\n_1000_5,300,20,15,10,0.2000,123,9999245304,9999239283,44,4296
docs\inst_test\instancias\n_1000_5,300,20,15,10,0.3000,42,9999251530,9999242508,45,4296
docs\inst_test\instancias\n_1000_5,300,20,15,10,0.2000,2026,9999251733,9999242669,53,4296
docs\inst_test\instancias\n_1000_5,300,20,15,10,0.3000,123,9998466074,9998459193,42,4296
docs\inst_test\instancias\n_1000_5,300,20,15,10,0.3000,2026,9999245335,9999239334,43,4296
docs\inst_test\instancias\n_1000_5,300,20,15,20,0.1000,123,9999251790,9999242930,43,4296
docs\inst_test\instancias\n_1000_5,300,20,15,20,0.1000,2026,9999251619,9999242724,43,4296
docs\inst_test\instancias\n_1000_5,300,20,15,20,0.1000,42,9999251614,9999242439,52,4296
docs\inst_test\instancias\n_1000_5,300,20,15,20,0.2000,42,9999251619,9999242724,42,4296
docs\inst_test\instancias\n_1000_5,300,20,15,20,0.2000,123,9999245304,9999239283,41,4296
docs\inst_test\instancias\n_1000_5,300,20,15,20,0.2000,2026,9999251723,9999242588,42,4296
docs\inst_test\instancias\n_1000_5,300,20,15,20,0.3000,42,9999251530,9999242508,44,4296
docs\inst_test\instancias\n_1000_5,300,20,15,20,0.3000,123,9996122058,9996115441,42,4296
docs\inst_test\instancias\n_1000_5,300,20,15,20,0.3000,2026,9999245335,9999239334,41,4296
docs\inst_test\instancias\n_1000_5,500,10,7,5,0.1000,42,9999251670,9999242490,85,4296
docs\inst_test\instancias\n_1000_5,500,10,7,5,0.1000,2026,9999251726,9999242716,84,4296
docs\inst_test\instancias\n_1000_5,500,10,7,5,0.1000,123,9999251790,9999242930,90,4296
docs\inst_test\instancias\n_1000_5,500,10,7,5,0.2000,42,9999251619,9999242724,88,4296
docs\inst_test\instancias\n_1000_5,500,10,7,5,0.2000,123,9999245324,9999239313,81,4296
docs\inst_test\instancias\n_1000_5,500,10,7,5,0.2000,2026,9999251723,9999242588,82,4296
docs\inst_test\instancias\n_1000_5,500,10,7,5,0.3000,123,9999245167,9999239325,77,4296
docs\inst_test\instancias\n_1000_5,500,10,7,5,0.3000,42,9999251530,9999242508,84,4296
docs\inst_test\instancias\n_1000_5,500,10,7,5,0.3000,2026,9999245335,9999239334,81,4296
docs\inst_test\instancias\n_1000_5,500,10,7,10,0.1000,123,9999251790,9999242930,75,4296
docs\inst_test\instancias\n_1000_5,500,10,7,10,0.1000,42,9999251670,9999242490,77,4296
docs\inst_test\instancias\n_1000_5,500,10,7,10,0.1000,2026,9999251638,9999242702,75,4296
docs\inst_test\instancias\n_1000_5,500,10,7,10,0.2000,42,9999251619,9999242724,75,4296
docs\inst_test\instancias\n_1000_5,500,10,7,10,0.2000,123,9999245319,9999239307,75,4296
docs\inst_test\instancias\n_1000_5,500,10,7,10,0.2000,2026,9999251733,9999242669,74,4296
docs\inst_test\instancias\n_1000_5,500,10,7,10,0.3000,42,9999251530,9999242508,79,4296
docs\inst_test\instancias\n_1000_5,500,10,7,20,0.1000,42,9999251614,9999242439,73,4296
docs\inst_test\instancias\n_1000_5,500,10,7,10,0.3000,123,9999245197,9999239289,76,4296
docs\inst_test\instancias\n_1000_5,500,10,7,10,0.3000,2026,9999245335,9999239334,77,4296
docs\inst_test\instancias\n_1000_5,500,10,7,20,0.1000,123,9999251790,9999242930,72,4296
docs\inst_test\instancias\n_1000_5,500,10,7,20,0.1000,2026,9999251638,9999242702,74,4296
docs\inst_test\instancias\n_1000_5,500,10,7,20,0.2000,42,9999251619,9999242724,71,4296
docs\inst_test\instancias\n_1000_5,500,10,7,20,0.2000,123,9999245304,9999239283,71,4296
docs\inst_test\instancias\n_1000_5,500,10,7,20,0.2000,2026,9999251733,9999242669,72,4296
docs\inst_test\instancias\n_1000_5,500,10,7,20,0.3000,42,9999251530,9999242508,72,4296
docs\inst_test\instancias\n_1000_5,500,10,7,20,0.3000,2026,9999245335,9999239334,71,4296
docs\inst_test\instancias\n_1000_5,500,10,7,20,0.3000,123,9996122079,9996115351,81,4296
docs\inst_test\instancias\n_1000_5,500,10,10,5,0.1000,42,9999251670,9999242490,87,4296
docs\inst_test\instancias\n_1000_5,500,10,10,5,0.1000,123,9999251790,9999242930,84,4296
docs\inst_test\instancias\n_1000_5,500,10,10,5,0.1000,2026,9999251726,9999242716,84,4296
docs\inst_test\instancias\n_1000_5,500,10,10,5,0.2000,123,9999245324,9999239313,76,4296
docs\inst_test\instancias\n_1000_5,500,10,10,5,0.2000,42,9999251619,9999242724,87,4296
docs\inst_test\instancias\n_1000_5,500,10,10,5,0.3000,42,9999251530,9999242508,81,4296
docs\inst_test\instancias\n_1000_5,500,10,10,5,0.2000,2026,9999251723,9999242588,84,4296
docs\inst_test\instancias\n_1000_5,500,10,10,5,0.3000,123,9999245167,9999239325,77,4296
docs\inst_test\instancias\n_1000_5,500,10,10,10,0.1000,42,9999251670,9999242490,75,4296
docs\inst_test\instancias\n_1000_5,500,10,10,10,0.1000,123,9999251790,9999242930,74,4296
docs\inst_test\instancias\n_1000_5,500,10,10,5,0.3000,2026,9999245335,9999239334,80,4296
docs\inst_test\instancias\n_1000_5,500,10,10,10,0.1000,2026,9999251638,9999242702,78,4296
docs\inst_test\instancias\n_1000_5,500,10,10,10,0.2000,42,9999251619,9999242724,77,4296
docs\inst_test\instancias\n_1000_5,500,10,10,10,0.2000,123,9999245319,9999239307,72,4296
docs\inst_test\instancias\n_1000_5,500,10,10,10,0.2000,2026,9999251733,9999242669,74,4296
docs\inst_test\instancias\n_1000_5,500,10,10,10,0.3000,42,9999251530,9999242508,74,4296
docs\inst_test\instancias\n_1000_5,500,10,10,10,0.3000,123,9999245197,9999239289,74,4296
docs\inst_test\instancias\n_1000_5,500,10,10,10,0.3000,2026,9999245335,9999239334,73,4296
docs\inst_test\instancias\n_1000_5,500,10,10,20,0.1000,42,9999251614,9999242439,73,4296
docs\inst_test\instancias\n_1000_5,500,10,10,20,0.1000,2026,9999251638,9999242702,72,4296
docs\inst_test\instancias\n_1000_5,500,10,10,20,0.1000,123,9999251790,9999242930,74,4296
docs\inst_test\instancias\n_1000_5,500,10,10,20,0.2000,42,9999251619,9999242724,73,4296
docs\inst_test\instancias\n_1000_5,500,10,10,20,0.2000,123,9999245304,9999239283,71,4296
docs\inst_test\instancias\n_1000_5,500,10,10,20,0.2000,2026,9999251733,9999242669,76,4296
docs\inst_test\instancias\n_1000_5,500,10,10,20,0.3000,2026,9999245335,9999239334,66,4296
docs\inst_test\instancias\n_1000_5,500,10,10,20,0.3000,123,9996122079,9996115351,66,4296
docs\inst_test\instancias\n_1000_5,500,10,10,20,0.3000,42,9999251530,9999242508,74,4296
docs\inst_test\instancias\n_1000_5,500,10,15,5,0.1000,123,9999251790,9999242930,82,4296
docs\inst_test\instancias\n_1000_5,500,10,15,5,0.1000,42,9999251670,9999242490,85,4296
docs\inst_test\instancias\n_1000_5,500,10,15,5,0.2000,42,9999251619,9999242724,82,4296
docs\inst_test\instancias\n_1000_5,500,10,15,5,0.1000,2026,9999251726,9999242716,87,4296
docs\inst_test\instancias\n_1000_5,500,10,15,5,0.2000,123,9999245324,9999239313,79,4296
docs\inst_test\instancias\n_1000_5,500,10,15,5,0.3000,42,9999251530,9999242508,80,4296
docs\inst_test\instancias\n_1000_5,500,10,15,5,0.3000,123,9999245167,9999239325,76,4296
docs\inst_test\instancias\n_1000_5,500,10,15,5,0.2000,2026,9999251723,9999242588,85,4296
docs\inst_test\instancias\n_1000_5,500,10,15,10,0.1000,42,9999251670,9999242490,74,4296
docs\inst_test\instancias\n_1000_5,500,10,15,5,0.3000,2026,9999245335,9999239334,77,4296
docs\inst_test\instancias\n_1000_5,500,10,15,10,0.1000,123,9999251790,9999242930,74,4296
docs\inst_test\instancias\n_1000_5,500,10,15,10,0.2000,123,9999245319,9999239307,74,4296
docs\inst_test\instancias\n_1000_5,500,10,15,10,0.1000,2026,9999251638,9999242702,79,4296
docs\inst_test\instancias\n_1000_5,500,10,15,10,0.2000,42,9999251619,9999242724,79,4296
docs\inst_test\instancias\n_1000_5,500,10,15,10,0.2000,2026,9999251733,9999242669,75,4296
docs\inst_test\instancias\n_1000_5,500,10,15,10,0.3000,42,9999251530,9999242508,78,4296
docs\inst_test\instancias\n_1000_5,500,10,15,10,0.3000,2026,9999245335,9999239334,70,4296
docs\inst_test\instancias\n_1000_5,500,10,15,10,0.3000,123,9999245197,9999239289,71,4296
docs\inst_test\instancias\n_1000_5,500,10,15,20,0.1000,42,9999251614,9999242439,73,4296
docs\inst_test\instancias\n_1000_5,500,10,15,20,0.2000,123,9999245304,9999239283,67,4296
docs\inst_test\instancias\n_1000_5,500,10,15,20,0.1000,123,9999251790,9999242930,72,4296
docs\inst_test\instancias\n_1000_5,500,10,15,20,0.2000,42,9999251619,9999242724,71,4296
docs\inst_test\instancias\n_1000_5,500,10,15,20,0.1000,2026,9999251638,9999242702,74,4296
docs\inst_test\instancias\n_1000_5,500,10,15,20,0.2000,2026,9999251733,9999242669,77,4296
docs\inst_test\instancias\n_1000_5,500,10,15,20,0.3000,123,9996122079,9996115351,70,4296
docs\inst_test\instancias\n_1000_5,500,10,15,20,0.3000,42,9999251530,9999242508,72,4296
docs\inst_test\instancias\n_1000_5,500,10,15,20,0.3000,2026,9999245335,9999239334,68,4296
docs\inst_test\instancias\n_1000_5,500,15,7,5,0.1000,123,9999251790,9999242930,82,4296
docs\inst_test\instancias\n_1000_5,500,15,7,5,0.1000,42,9999251670,9999242490,85,4296
docs\inst_test\instancias\n_1000_5,500,15,7,5,0.1000,2026,9999251726,9999242716,84,4296
docs\inst_test\instancias\n_1000_5,500,15,7,5,0.2000,123,9999245324,9999239313,74,4296
docs\inst_test\instancias\n_1000_5,500,15,7,5,0.2000,42,9999251619,9999242724,86,4296
docs\inst_test\instancias\n_1000_5,500,15,7,5,0.2000,2026,9999251723,9999242588,82,4296
docs\inst_test\instancias\n_1000_5,500,15,7,5,0.3000,42,9999251530,9999242508,92,4296
docs\inst_test\instancias\n_1000_5,500,15,7,5,0.3000,123,9999245167,9999239325,85,4296
docs\inst_test\instancias\n_1000_5,500,15,7,10,0.1000,42,9999251670,9999242490,81,4296
docs\inst_test\instancias\n_1000_5,500,15,7,10,0.2000,42,9999251619,9999242724,75,4296
docs\inst_test\instancias\n_1000_5,500,15,7,5,0.3000,2026,9999245335,9999239334,88,4296
docs\inst_test\instancias\n_1000_5,500,15,7,10,0.1000,123,9999251790,9999242930,86,4296
docs\inst_test\instancias\n_1000_5,500,15,7,10,0.1000,2026,9999251638,9999242702,84,4296
docs\inst_test\instancias\n_1000_5,500,15,7,10,0.2000,123,9999245319,9999239307,76,4296
docs\inst_test\instancias\n_1000_5,500,15,7,10,0.2000,2026,9999251733,9999242669,86,4296
docs\inst_test\instancias\n_1000_5,500,15,7,10,0.3000,42,9999251530,9999242508,77,4296
docs\inst_test\instancias\n_1000_5,500,15,7,10,0.3000,123,9999245197,9999239289,67,4296
docs\inst_test\instancias\n_1000_5,500,15,7,10,0.3000,2026,9999245335,9999239334,68,4296
docs\inst_test\instancias\n_1000_5,500,15,7,20,0.1000,123,9999251790,9999242930,73,4296
docs\inst_test\instancias\n_1000_5,500,15,7,20,0.1000,2026,9999251638,9999242702,72,4296
docs\inst_test\instancias\n_1000_5,500,15,7,20,0.1000,42,9999251614,9999242439,80,4296
docs\inst_test\instancias\n_1000_5,500,15,7,20,0.2000,42,9999251619,9999242724,74,4296
docs\inst_test\instancias\n_1000_5,500,15,7,20,0.2000,123,9999245304,9999239283,74,4296
docs\inst_test\instancias\n_1000_5,500,15,7,20,0.2000,2026,9999251733,9999242669,73,4296
docs\inst_test\instancias\n_1000_5,500,15,7,20,0.3000,123,9996122079,9996115351,68,4296
docs\inst_test\instancias\n_1000_5,500,15,7,20,0.3000,42,9999251530,9999242508,72,4296
docs\inst_test\instancias\n_1000_5,500,15,7,20,0.3000,2026,9999245335,9999239334,69,4296
docs\inst_test\instancias\n_1000_5,500,15,10,5,0.1000,42,9999251670,9999242490,83,4296
docs\inst_test\instancias\n_1000_5,500,15,10,5,0.1000,2026,9999251726,9999242716,83,4296
docs\inst_test\instancias\n_1000_5,500,15,10,5,0.1000,123,9999251790,9999242930,85,4296
docs\inst_test\instancias\n_1000_5,500,15,10,5,0.2000,42,9999251619,9999242724,85,4296
docs\inst_test\instancias\n_1000_5,500,15,10,5,0.2000,123,9999245324,9999239313,77,4296
docs\inst_test\instancias\n_1000_5,500,15,10,5,0.3000,42,9999251530,9999242508,80,4296
docs\inst_test\instancias\n_1000_5,500,15,10,5,0.2000,2026,9999251723,9999242588,85,4296
docs\inst_test\instancias\n_1000_5,500,15,10,5,0.3000,123,9999245167,9999239325,81,4296
docs\inst_test\instancias\n_1000_5,500,15,10,5,0.3000,2026,9999245335,9999239334,78,4296
docs\inst_test\instancias\n_1000_5,500,15,10,10,0.1000,42,9999251670,9999242490,77,4296
docs\inst_test\instancias\n_1000_5,500,15,10,10,0.1000,123,9999251790,9999242930,75,4296
docs\inst_test\instancias\n_1000_5,500,15,10,10,0.1000,2026,9999251638,9999242702,77,4296
docs\inst_test\instancias\n_1000_5,500,15,10,10,0.2000,42,9999251619,9999242724,79,4296
docs\inst_test\instancias\n_1000_5,500,15,10,10,0.2000,123,9999245319,9999239307,72,4296
docs\inst_test\instancias\n_1000_5,500,15,10,10,0.2000,2026,9999251733,9999242669,75,4296
docs\inst_test\instancias\n_1000_5,500,15,10,10,0.3000,42,9999251530,9999242508,75,4296
docs\inst_test\instancias\n_1000_5,500,15,10,10,0.3000,123,9999245197,9999239289,72,4296
docs\inst_test\instancias\n_1000_5,500,15,10,10,0.3000,2026,9999245335,9999239334,71,4296
docs\inst_test\instancias\n_1000_5,500,15,10,20,0.1000,42,9999251614,9999242439,72,4296
docs\inst_test\instancias\n_1000_5,500,15,10,20,0.1000,123,9999251790,9999242930,72,4296
docs\inst_test\instancias\n_1000_5,500,15,10,20,0.2000,42,9999251619,9999242724,71,4296
docs\inst_test\instancias\n_1000_5,500,15,10,20,0.1000,2026,9999251638,9999242702,74,4296
docs\inst_test\instancias\n_1000_5,500,15,10,20,0.2000,123,9999245304,9999239283,74,4296
docs\inst_test\instancias\n_1000_5,500,15,10,20,0.2000,2026,9999251733,9999242669,71,4296
docs\inst_test\instancias\n_1000_5,500,15,10,20,0.3000,42,9999251530,9999242508,72,4296
docs\inst_test\instancias\n_1000_5,500,15,10,20,0.3000,123,9996122079,9996115351,70,4296
docs\inst_test\instancias\n_1000_5,500,15,10,20,0.3000,2026,9999245335,9999239334,68,4296
docs\inst_test\instancias\n_1000_5,500,15,15,5,0.1000,42,9999251670,9999242490,85,4296
docs\inst_test\instancias\n_1000_5,500,15,15,5,0.1000,123,9999251790,9999242930,86,4296
docs\inst_test\instancias\n_1000_5,500,15,15,5,0.1000,2026,9999251726,9999242716,86,4296
docs\inst_test\instancias\n_1000_5,500,15,15,5,0.2000,42,9999251619,9999242724,87,4296
docs\inst_test\instancias\n_1000_5,500,15,15,5,0.2000,123,9999245324,9999239313,83,4296
docs\inst_test\instancias\n_1000_5,500,15,15,5,0.3000,123,9999245167,9999239325,74,4296
docs\inst_test\instancias\n_1000_5,500,15,15,5,0.3000,42,9999251530,9999242508,83,4296
docs\inst_test\instancias\n_1000_5,500,15,15,5,0.2000,2026,9999251723,9999242588,84,4296
docs\inst_test\instancias\n_1000_5,500,15,15,5,0.3000,2026,9999245335,9999239334,78,4296
docs\inst_test\instancias\n_1000_5,500,15,15,10,0.1000,42,9999251670,9999242490,76,4296
docs\inst_test\instancias\n_1000_5,500,15,15,10,0.1000,123,9999251790,9999242930,75,4296
docs\inst_test\instancias\n_1000_5,500,15,15,10,0.2000,123,9999245319,9999239307,71,4296
docs\inst_test\instancias\n_1000_5,500,15,15,10,0.1000,2026,9999251638,9999242702,75,4296
docs\inst_test\instancias\n_1000_5,500,15,15,10,0.2000,42,9999251619,9999242724,86,4296
docs\inst_test\instancias\n_1000_5,500,15,15,10,0.3000,42,9999251530,9999242508,76,4296
docs\inst_test\instancias\n_1000_5,500,15,15,10,0.2000,2026,9999251733,9999242669,85,4296
docs\inst_test\instancias\n_1000_5,500,15,15,10,0.3000,123,9999245197,9999239289,72,4296
docs\inst_test\instancias\n_1000_5,500,15,15,10,0.3000,2026,9999245335,9999239334,68,4296
docs\inst_test\instancias\n_1000_5,500,15,15,20,0.1000,42,9999251614,9999242439,72,4296
docs\inst_test\instancias\n_1000_5,500,15,15,20,0.1000,2026,9999251638,9999242702,72,4296
docs\inst_test\instancias\n_1000_5,500,15,15,20,0.2000,123,9999245304,9999239283,67,4296
docs\inst_test\instancias\n_1000_5,500,15,15,20,0.1000,123,9999251790,9999242930,81,4296
docs\inst_test\instancias\n_1000_5,500,15,15,20,0.2000,42,9999251619,9999242724,82,4296
docs\inst_test\instancias\n_1000_5,500,15,15,20,0.2000,2026,9999251733,9999242669,74,4296
docs\inst_test\instancias\n_1000_5,500,15,15,20,0.3000,42,9999251530,9999242508,73,4296
docs\inst_test\instancias\n_1000_5,500,15,15,20,0.3000,123,9996122079,9996115351,69,4296
docs\inst_test\instancias\n_1000_5,500,15,15,20,0.3000,2026,9999245335,9999239334,70,4296
docs\inst_test\instancias\n_1000_5,500,20,7,5,0.1000,42,9999251670,9999242490,83,4296
docs\inst_test\instancias\n_1000_5,500,20,7,5,0.1000,123,9999251790,9999242930,82,4296
docs\inst_test\instancias\n_1000_5,500,20,7,5,0.1000,2026,9999251726,9999242716,86,4296
docs\inst_test\instancias\n_1000_5,500,20,7,5,0.2000,123,9999245324,9999239313,75,4296
docs\inst_test\instancias\n_1000_5,500,20,7,5,0.2000,42,9999251619,9999242724,87,4296
docs\inst_test\instancias\n_1000_5,500,20,7,5,0.2000,2026,9999251723,9999242588,82,4296
docs\inst_test\instancias\n_1000_5,500,20,7,5,0.3000,123,9999245167,9999239325,76,4296
docs\inst_test\instancias\n_1000_5,500,20,7,5,0.3000,42,9999251530,9999242508,91,4296
docs\inst_test\instancias\n_1000_5,500,20,7,5,0.3000,2026,9999245335,9999239334,81,4296
docs\inst_test\instancias\n_1000_5,500,20,7,10,0.1000,42,9999251670,9999242490,75,4296
docs\inst_test\instancias\n_1000_5,500,20,7,10,0.1000,123,9999251790,9999242930,78,4296
docs\inst_test\instancias\n_1000_5,500,20,7,10,0.1000,2026,9999251638,9999242702,76,4296
docs\inst_test\instancias\n_1000_5,500,20,7,10,0.2000,42,9999251619,9999242724,75,4296
docs\inst_test\instancias\n_1000_5,500,20,7,10,0.2000,123,9999245319,9999239307,75,4296
docs\inst_test\instancias\n_1000_5,500,20,7,10,0.2000,2026,9999251733,9999242669,74,4296
docs\inst_test\instancias\n_1000_5,500,20,7,10,0.3000,42,9999251530,9999242508,74,4296
docs\inst_test\instancias\n_1000_5,500,20,7,10,0.3000,2026,9999245335,9999239334,70,4296
docs\inst_test\instancias\n_1000_5,500,20,7,10,0.3000,123,9999245197,9999239289,73,4296
docs\inst_test\instancias\n_1000_5,500,20,7,20,0.1000,42,9999251614,9999242439,73,4296
docs\inst_test\instancias\n_1000_5,500,20,7,20,0.1000,123,9999251790,9999242930,72,4296
docs\inst_test\instancias\n_1000_5,500,20,7,20,0.1000,2026,9999251638,9999242702,72,4296
docs\inst_test\instancias\n_1000_5,500,20,7,20,0.2000,42,9999251619,9999242724,71,4296
docs\inst_test\instancias\n_1000_5,500,20,7,20,0.2000,123,9999245304,9999239283,67,4296
docs\inst_test\instancias\n_1000_5,500,20,7,20,0.2000,2026,9999251733,9999242669,71,4296
docs\inst_test\instancias\n_1000_5,500,20,7,20,0.3000,42,9999251530,9999242508,74,4296
docs\inst_test\instancias\n_1000_5,500,20,7,20,0.3000,2026,9999245335,9999239334,67,4296
docs\inst_test\instancias\n_1000_5,500,20,7,20,0.3000,123,9996122079,9996115351,85,4296
docs\inst_test\instancias\n_1000_5,500,20,10,5,0.1000,42,9999251670,9999242490,92,4296
docs\inst_test\instancias\n_1000_5,500,20,10,5,0.1000,123,9999251790,9999242930,89,4296
docs\inst_test\instancias\n_1000_5,500,20,10,5,0.1000,2026,9999251726,9999242716,87,4296
docs\inst_test\instancias\n_1000_5,500,20,10,5,0.2000,42,9999251619,9999242724,86,4296
docs\inst_test\instancias\n_1000_5,500,20,10,5,0.2000,123,9999245324,9999239313,77,4296
docs\inst_test\instancias\n_1000_5,500,20,10,5,0.2000,2026,9999251723,9999242588,80,4296
docs\inst_test\instancias\n_1000_5,500,20,10,5,0.3000,42,9999251530,9999242508,82,4296
docs\inst_test\instancias\n_1000_5,500,20,10,5,0.3000,123,9999245167,9999239325,73,4296
docs\inst_test\instancias\n_1000_5,500,20,10,5,0.3000,2026,9999245335,9999239334,77,4296
docs\inst_test\instancias\n_1000_5,500,20,10,10,0.1000,42,9999251670,9999242490,75,4296
docs\inst_test\instancias\n_1000_5,500,20,10,10,0.1000,123,9999251790,9999242930,76,4296
docs\inst_test\instancias\n_1000_5,500,20,10,10,0.1000,2026,9999251638,9999242702,80,4296
docs\inst_test\instancias\n_1000_5,500,20,10,10,0.2000,42,9999251619,9999242724,78,4296
docs\inst_test\instancias\n_1000_5,500,20,10,10,0.2000,123,9999245319,9999239307,76,4296
docs\inst_test\instancias\n_1000_5,500,20,10,10,0.2000,2026,9999251733,9999242669,75,4296
docs\inst_test\instancias\n_1000_5,500,20,10,10,0.3000,42,9999251530,9999242508,76,4296
docs\inst_test\instancias\n_1000_5,500,20,10,10,0.3000,123,9999245197,9999239289,69,4296
docs\inst_test\instancias\n_1000_5,500,20,10,10,0.3000,2026,9999245335,9999239334,74,4296
docs\inst_test\instancias\n_1000_5,500,20,10,20,0.1000,42,9999251614,9999242439,72,4296
docs\inst_test\instancias\n_1000_5,500,20,10,20,0.1000,123,9999251790,9999242930,75,4296
docs\inst_test\instancias\n_1000_5,500,20,10,20,0.1000,2026,9999251638,9999242702,75,4296
docs\inst_test\instancias\n_1000_5,500,20,10,20,0.2000,123,9999245304,9999239283,67,4296
docs\inst_test\instancias\n_1000_5,500,20,10,20,0.2000,2026,9999251733,9999242669,71,4296
docs\inst_test\instancias\n_1000_5,500,20,10,20,0.2000,42,9999251619,9999242724,80,4296
docs\inst_test\instancias\n_1000_5,500,20,10,20,0.3000,42,9999251530,9999242508,71,4296
docs\inst_test\instancias\n_1000_5,500,20,10,20,0.3000,123,9996122079,9996115351,74,4296
docs\inst_test\instancias\n_1000_5,500,20,10,20,0.3000,2026,9999245335,9999239334,66,4296
docs\inst_test\instancias\n_1000_5,500,20,15,5,0.1000,42,9999251670,9999242490,82,4296
docs\inst_test\instancias\n_1000_5,500,20,15,5,0.1000,123,9999251790,9999242930,83,4296
docs\inst_test\instancias\n_1000_5,500,20,15,5,0.1000,2026,9999251726,9999242716,82,4296
docs\inst_test\instancias\n_1000_5,500,20,15,5,0.2000,42,9999251619,9999242724,82,4296
docs\inst_test\instancias\n_1000_5,500,20,15,5,0.2000,123,9999245324,9999239313,81,4296
docs\inst_test\instancias\n_1000_5,500,20,15,5,0.2000,2026,9999251723,9999242588,89,4296
docs\inst_test\instancias\n_1000_5,500,20,15,5,0.3000,123,9999245167,9999239325,73,4296
docs\inst_test\instancias\n_1000_5,500,20,15,5,0.3000,42,9999251530,9999242508,86,4296
docs\inst_test\instancias\n_1000_5,500,20,15,5,0.3000,2026,9999245335,9999239334,74,4296
docs\inst_test\instancias\n_1000_5,500,20,15,10,0.1000,42,9999251670,9999242490,76,4296
docs\inst_test\instancias\n_1000_5,500,20,15,10,0.1000,123,9999251790,9999242930,75,4296
docs\inst_test\instancias\n_1000_5,500,20,15,10,0.2000,42,9999251619,9999242724,75,4296
docs\inst_test\instancias\n_1000_5,500,20,15,10,0.1000,2026,9999251638,9999242702,77,4296
docs\inst_test\instancias\n_1000_5,500,20,15,10,0.2000,123,9999245319,9999239307,76,4296
docs\inst_test\instancias\n_1000_5,500,20,15,10,0.2000,2026,9999251733,9999242669,77,4296
docs\inst_test\instancias\n_1000_5,500,20,15,10,0.3000,42,9999251530,9999242508,77,4296
docs\inst_test\instancias\n_1000_5,500,20,15,10,0.3000,123,9999245197,9999239289,73,4296
docs\inst_test\instancias\n_1000_5,500,20,15,10,0.3000,2026,9999245335,9999239334,70,4296
docs\inst_test\instancias\n_1000_5,500,20,15,20,0.1000,42,9999251614,9999242439,73,4296
docs\inst_test\instancias\n_1000_5,500,20,15,20,0.1000,123,9999251790,9999242930,74,4296
docs\inst_test\instancias\n_1000_5,500,20,15,20,0.1000,2026,9999251638,9999242702,77,4296
docs\inst_test\instancias\n_1000_5,500,20,15,20,0.2000,123,9999245304,9999239283,66,4296
docs\inst_test\instancias\n_1000_5,500,20,15,20,0.2000,42,9999251619,9999242724,73,4296
docs\inst_test\instancias\n_1000_5,500,20,15,20,0.2000,2026,9999251733,9999242669,72,4296
docs\inst_test\instancias\n_1000_5,500,20,15,20,0.3000,123,9996122079,9996115351,68,4296
docs\inst_test\instancias\n_1000_5,500,20,15,20,0.3000,42,9999251530,9999242508,71,4296
docs\inst_test\instancias\n_1000_5,500,20,15,20,0.3000,2026,9999245335,9999239334,65,4296
docs\inst_test\instancias\n_1000_6,100,10,7,5,0.2000,42,9996100340,9996100107,12,3215
docs\inst_test\instancias\n_1000_6,100,10,7,5,0.1000,2026,9996100338,9996100114,12,3215
docs\inst_test\instancias\n_1000_6,100,10,7,5,0.1000,123,9996100338,9996100114,12,3215
docs\inst_test\instancias\n_1000_6,100,10,7,5,0.1000,42,9996100338,9996100114,12,3215
docs\inst_test\instancias\n_1000_6,100,10,7,5,0.3000,42,9996100342,9996100137,12,3215
docs\inst_test\instancias\n_1000_6,100,10,7,5,0.2000,123,9996100338,9996100114,12,3215
docs\inst_test\instancias\n_1000_6,100,10,7,5,0.3000,123,9996100338,9996100114,14,3215
docs\inst_test\instancias\n_1000_6,100,10,7,5,0.2000,2026,9996100338,9996100114,16,3215
docs\inst_test\instancias\n_1000_6,100,10,7,10,0.1000,42,9996100338,9996100114,10,3215
docs\inst_test\instancias\n_1000_6,100,10,7,10,0.1000,123,9996100338,9996100114,10,3215
docs\inst_test\instancias\n_1000_6,100,10,7,10,0.1000,2026,9996100338,9996100114,10,3215
docs\inst_test\instancias\n_1000_6,100,10,7,10,0.2000,42,9996100340,9996100107,10,3215
docs\inst_test\instancias\n_1000_6,100,10,7,10,0.2000,123,9996100338,9996100114,10,3215
docs\inst_test\instancias\n_1000_6,100,10,7,5,0.3000,2026,9996100344,9996100131,13,3215
docs\inst_test\instancias\n_1000_6,100,10,7,10,0.3000,42,9996100342,9996100137,10,3215
docs\inst_test\instancias\n_1000_6,100,10,7,10,0.2000,2026,9996100338,9996100114,12,3215
docs\inst_test\instancias\n_1000_6,100,10,7,20,0.1000,123,9996100338,9996100114,11,3215
docs\inst_test\instancias\n_1000_6,100,10,7,20,0.1000,42,9996100338,9996100114,11,3215
docs\inst_test\instancias\n_1000_6,100,10,7,10,0.3000,123,9996100338,9996100114,11,3215
docs\inst_test\instancias\n_1000_6,100,10,7,20,0.1000,2026,9996100338,9996100114,11,3215
docs\inst_test\instancias\n_1000_6,100,10,7,10,0.3000,2026,9996100338,9996100114,11,3215
docs\inst_test\instancias\n_1000_6,100,10,7,20,0.2000,42,9996100338,9996100114,11,3215
docs\inst_test\instancias\n_1000_6,100,10,7,20,0.2000,123,9996100338,9996100114,10,3215
docs\inst_test\instancias\n_1000_6,100,10,7,20,0.2000,2026,9996100338,9996100114,10,3215
docs\inst_test\instancias\n_1000_6,100,10,7,20,0.3000,2026,9996100338,9996100114,10,3215
docs\inst_test\instancias\n_1000_6,100,10,7,20,0.3000,123,9996100338,9996100114,10,3215
docs\inst_test\instancias\n_1000_6,100,10,7,20,0.3000,42,9996100338,9996100114,10,3215
docs\inst_test\instancias\n_1000_6,100,10,10,5,0.1000,42,9996100338,9996100114,12,3215
docs\inst_test\instancias\n_1000_6,100,10,10,5,0.1000,123,9996100338,9996100114,14,3215
docs\inst_test\instancias\n_1000_6,100,10,10,5,0.2000,42,9996100340,9996100107,11,3215
docs\inst_test\instancias\n_1000_6,100,10,10,5,0.2000,123,9996100338,9996100114,12,3215
docs\inst_test\instancias\n_1000_6,100,10,10,5,0.1000,2026,9996100338,9996100114,14,3215
docs\inst_test\instancias\n_1000_6,100,10,10,5,0.2000,2026,9996100338,9996100114,12,3215
docs\inst_test\instancias\n_1000_6,100,10,10,5,0.3000,123,9996100338,9996100114,13,3215
docs\inst_test\instancias\n_1000_6,100,10,10,5,0.3000,42,9996100342,9996100137,14,3215
docs\inst_test\instancias\n_1000_6,100,10,10,5,0.3000,2026,9996100344,9996100131,13,3215
docs\inst_test\instancias\n_1000_6,100,10,10,10,0.1000,42,9996100338,9996100114,11,3215
docs\inst_test\instancias\n_1000_6,100,10,10,10,0.1000,123,9996100338,9996100114,10,3215
docs\inst_test\instancias\n_1000_6,100,10,10,10,0.1000,2026,9996100338,9996100114,11,3215
docs\inst_test\instancias\n_1000_6,100,10,10,10,0.2000,42,9996100340,9996100107,11,3215
docs\inst_test\instancias\n_1000_6,100,10,10,10,0.2000,123,9996100338,9996100114,11,3215
docs\inst_test\instancias\n_1000_6,100,10,10,10,0.2000,2026,9996100338,9996100114,11,3215
docs\inst_test\instancias\n_1000_6,100,10,10,20,0.1000,42,9996100338,9996100114,11,3215
docs\inst_test\instancias\n_1000_6,100,10,10,10,0.3000,123,9996100338,9996100114,11,3215
docs\inst_test\instancias\n_1000_6,100,10,10,10,0.3000,2026,9996100338,9996100114,11,3215
docs\inst_test\instancias\n_1000_6,100,10,10,20,0.1000,123,9996100338,9996100114,11,3215
docs\inst_test\instancias\n_1000_6,100,10,10,10,0.3000,42,9996100342,9996100137,13,3215
docs\inst_test\instancias\n_1000_6,100,10,10,20,0.1000,2026,9996100338,9996100114,12,3215
docs\inst_test\instancias\n_1000_6,100,10,10,20,0.2000,42,9996100338,9996100114,10,3215
docs\inst_test\instancias\n_1000_6,100,10,10,20,0.2000,123,9996100338,9996100114,10,3215
docs\inst_test\instancias\n_1000_6,100,10,10,20,0.2000,2026,9996100338,9996100114,10,3215
docs\inst_test\instancias\n_1000_6,100,10,10,20,0.3000,42,9996100338,9996100114,10,3215
docs\inst_test\instancias\n_1000_6,100,10,10,20,0.3000,123,9996100338,9996100114,10,3215
docs\inst_test\instancias\n_1000_6,100,10,10,20,0.3000,2026,9996100338,9996100114,10,3215
docs\inst_test\instancias\n_1000_6,100,10,15,5,0.1000,42,9996100338,9996100114,12,3215
docs\inst_test\instancias\n_1000_6,100,10,15,5,0.1000,123,9996100338,9996100114,12,3215
docs\inst_test\instancias\n_1000_6,100,10,15,5,0.2000,42,9996100340,9996100107,12,3215
docs\inst_test\instancias\n_1000_6,100,10,15,5,0.1000,2026,9996100338,9996100114,14,3215
docs\inst_test\instancias\n_1000_6,100,10,15,5,0.2000,2026,9996100338,9996100114,12,3215
docs\inst_test\instancias\n_1000_6,100,10,15,5,0.2000,123,9996100338,9996100114,12,3215
docs\inst_test\instancias\n_1000_6,100,10,15,5,0.3000,42,9996100342,9996100137,12,3215
docs\inst_test\instancias\n_1000_6,100,10,15,5,0.3000,123,9996100338,9996100114,14,3215
docs\inst_test\instancias\n_1000_6,100,10,15,5,0.3000,2026,9996100344,9996100131,14,3215
docs\inst_test\instancias\n_1000_6,100,10,15,10,0.1000,42,9996100338,9996100114,14,3215
docs\inst_test\instancias\n_1000_6,100,10,15,10,0.1000,123,9996100338,9996100114,11,3215
docs\inst_test\instancias\n_1000_6,100,10,15,10,0.1000,2026,9996100338,9996100114,10,3215
docs\inst_test\instancias\n_1000_6,100,10,15,10,0.2000,42,9996100340,9996100107,11,3215
docs\inst_test\instancias\n_1000_6,100,10,15,10,0.2000,123,9996100338,9996100114,11,3215
docs\inst_test\instancias\n_1000_6,100,10,15,10,0.2000,2026,9996100338,9996100114,11,3215
docs\inst_test\instancias\n_1000_6,100,10,15,10,0.3000,42,9996100342,9996100137,11,3215
docs\inst_test\instancias\n_1000_6,100,10,15,10,0.3000,123,9996100338,9996100114,11,3215
docs\inst_test\instancias\n_1000_6,100,10,15,20,0.1000,42,9996100338,9996100114,10,3215
docs\inst_test\instancias\n_1000_6,100,10,15,20,0.1000,123,9996100338,9996100114,10,3215
docs\inst_test\instancias\n_1000_6,100,10,15,20,0.1000,2026,9996100338,9996100114,10,3215
docs\inst_test\instancias\n_1000_6,100,10,15,20,0.2000,42,9996100338,9996100114,10,3215
docs\inst_test\instancias\n_1000_6,100,10,15,10,0.3000,2026,9996100338,9996100114,16,3215
docs\inst_test\instancias\n_1000_6,100,10,15,20,0.2000,2026,9996100338,9996100114,11,3215
docs\inst_test\instancias\n_1000_6,100,10,15,20,0.3000,42,9996100338,9996100114,11,3215
docs\inst_test\instancias\n_1000_6,100,10,15,20,0.2000,123,9996100338,9996100114,18,3215
docs\inst_test\instancias\n_1000_6,100,10,15,20,0.3000,123,9996100338,9996100114,10,3215
docs\inst_test\instancias\n_1000_6,100,10,15,20,0.3000,2026,9996100338,9996100114,10,3215
docs\inst_test\instancias\n_1000_6,100,15,7,5,0.1000,42,9996100338,9996100114,12,3215
docs\inst_test\instancias\n_1000_6,100,15,7,5,0.1000,123,9996100338,9996100114,13,3215
docs\inst_test\instancias\n_1000_6,100,15,7,5,0.2000,42,9996100340,9996100107,12,3215
docs\inst_test\instancias\n_1000_6,100,15,7,5,0.2000,123,9996100338,9996100114,12,3215
docs\inst_test\instancias\n_1000_6,100,15,7,5,0.1000,2026,9996100338,9996100114,18,3215
docs\inst_test\instancias\n_1000_6,100,15,7,5,0.3000,123,9996100338,9996100114,13,3215
docs\inst_test\instancias\n_1000_6,100,15,7,5,0.2000,2026,9996100338,9996100114,15,3215
docs\inst_test\instancias\n_1000_6,100,15,7,10,0.1000,42,9996100338,9996100114,11,3215
docs\inst_test\instancias\n_1000_6,100,15,7,5,0.3000,42,9996100342,9996100137,16,3215
docs\inst_test\instancias\n_1000_6,100,15,7,5,0.3000,2026,9996100344,9996100131,12,3215
docs\inst_test\instancias\n_1000_6,100,15,7,10,0.1000,123,9996100338,9996100114,11,3215
docs\inst_test\instancias\n_1000_6,100,15,7,10,0.1000,2026,9996100338,9996100114,10,3215
docs\inst_test\instancias\n_1000_6,100,15,7,10,0.2000,42,9996100340,9996100107,10,3215
docs\inst_test\instancias\n_1000_6,100,15,7,10,0.2000,2026,9996100338,9996100114,10,3215
docs\inst_test\instancias\n_1000_6,100,15,7,10,0.3000,42,9996100342,9996100137,11,3215
docs\inst_test\instancias\n_1000_6,100,15,7,10,0.3000,2026,9996100338,9996100114,11,3215
docs\inst_test\instancias\n_1000_6,100,15,7,10,0.2000,123,9996100338,9996100114,15,3215
docs\inst_test\instancias\n_1000_6,100,15,7,10,0.3000,123,9996100338,9996100114,13,3215
docs\inst_test\instancias\n_1000_6,100,15,7,20,0.1000,42,9996100338,9996100114,10,3215
docs\inst_test\instancias\n_1000_6,100,15,7,20,0.1000,123,9996100338,9996100114,11,3215
docs\inst_test\instancias\n_1000_6,100,15,7,20,0.1000,2026,9996100338,9996100114,11,3215
docs\inst_test\instancias\n_1000_6,100,15,7,20,0.2000,42,9996100338,9996100114,11,3215
docs\inst_test\instancias\n_1000_6,100,15,7,20,0.2000,123,9996100338,9996100114,10,3215
docs\inst_test\instancias\n_1000_6,100,15,7,20,0.2000,2026,9996100338,9996100114,10,3215
docs\inst_test\instancias\n_1000_6,100,15,7,20,0.3000,42,9996100338,9996100114,12,3215
docs\inst_test\instancias\n_1000_6,100,15,7,20,0.3000,2026,9996100338,9996100114,11,3215
docs\inst_test\instancias\n_1000_6,100,15,7,20,0.3000,123,9996100338,9996100114,12,3215
docs\inst_test\instancias\n_1000_6,100,15,10,5,0.1000,42,9996100338,9996100114,14,3215
docs\inst_test\instancias\n_1000_6,100,15,10,5,0.1000,123,9996100338,9996100114,13,3215
docs\inst_test\instancias\n_1000_6,100,15,10,5,0.1000,2026,9996100338,9996100114,13,3215
docs\inst_test\instancias\n_1000_6,100,15,10,5,0.2000,42,9996100340,9996100107,12,3215
docs\inst_test\instancias\n_1000_6,100,15,10,5,0.2000,123,9996100338,9996100114,12,3215
docs\inst_test\instancias\n_1000_6,100,15,10,5,0.2000,2026,9996100338,9996100114,12,3215
docs\inst_test\instancias\n_1000_6,100,15,10,5,0.3000,42,9996100342,9996100137,12,3215
docs\inst_test\instancias\n_1000_6,100,15,10,5,0.3000,123,9996100338,9996100114,13,3215
docs\inst_test\instancias\n_1000_6,100,15,10,5,0.3000,2026,9996100344,9996100131,12,3215
docs\inst_test\instancias\n_1000_6,100,15,10,10,0.1000,42,9996100338,9996100114,10,3215
docs\inst_test\instancias\n_1000_6,100,15,10,10,0.1000,123,9996100338,9996100114,11,3215
docs\inst_test\instancias\n_1000_6,100,15,10,10,0.2000,42,9996100340,9996100107,11,3215
docs\inst_test\instancias\n_1000_6,100,15,10,10,0.1000,2026,9996100338,9996100114,11,3215
docs\inst_test\instancias\n_1000_6,100,15,10,10,0.2000,123,9996100338,9996100114,11,3215
docs\inst_test\instancias\n_1000_6,100,15,10,10,0.3000,42,9996100342,9996100137,11,3215
docs\inst_test\instancias\n_1000_6,100,15,10,10,0.2000,2026,9996100338,9996100114,13,3215
docs\inst_test\instancias\n_1000_6,100,15,10,10,0.3000,2026,9996100338,9996100114,11,3215
docs\inst_test\instancias\n_1000_6,100,15,10,20,0.1000,42,9996100338,9996100114,9,3215
docs\inst_test\instancias\n_1000_6,100,15,10,20,0.1000,123,9996100338,9996100114,9,3215
docs\inst_test\instancias\n_1000_6,100,15,10,20,0.1000,2026,9996100338,9996100114,11,3215
docs\inst_test\instancias\n_1000_6,100,15,10,10,0.3000,123,9996100338,9996100114,15,3215
docs\inst_test\instancias\n_1000_6,100,15,10,20,0.2000,42,9996100338,9996100114,10,3215
docs\inst_test\instancias\n_1000_6,100,15,10,20,0.2000,123,9996100338,9996100114,10,3215
docs\inst_test\instancias\n_1000_6,100,15,10,20,0.2000,2026,9996100338,9996100114,12,3215
docs\inst_test\instancias\n_1000_6,100,15,10,20,0.3000,42,9996100338,9996100114,10,3215
docs\inst_test\instancias\n_1000_6,100,15,10,20,0.3000,123,9996100338,9996100114,11,3215
docs\inst_test\instancias\n_1000_6,100,15,10,20,0.3000,2026,9996100338,9996100114,11,3215
docs\inst_test\instancias\n_1000_6,100,15,15,5,0.1000,42,9996100338,9996100114,12,3215
docs\inst_test\instancias\n_1000_6,100,15,15,5,0.1000,123,9996100338,9996100114,12,3215
docs\inst_test\instancias\n_1000_6,100,15,15,5,0.1000,2026,9996100338,9996100114,12,3215
docs\inst_test\instancias\n_1000_6,100,15,15,5,0.2000,42,9996100340,9996100107,14,3215
docs\inst_test\instancias\n_1000_6,100,15,15,5,0.2000,123,9996100338,9996100114,11,3215
docs\inst_test\instancias\n_1000_6,100,15,15,5,0.2000,2026,9996100338,9996100114,13,3215
docs\inst_test\instancias\n_1000_6,100,15,15,5,0.3000,123,9996100338,9996100114,11,3215
docs\inst_test\instancias\n_1000_6,100,15,15,5,0.3000,42,9996100342,9996100137,12,3215
docs\inst_test\instancias\n_1000_6,100,15,15,5,0.3000,2026,9996100344,9996100131,12,3215
docs\inst_test\instancias\n_1000_6,100,15,15,10,0.1000,42,9996100338,9996100114,11,3215
docs\inst_test\instancias\n_1000_6,100,15,15,10,0.1000,123,9996100338,9996100114,11,3215
docs\inst_test\instancias\n_1000_6,100,15,15,10,0.1000,2026,9996100338,9996100114,11,3215
docs\inst_test\instancias\n_1000_6,100,15,15,10,0.2000,42,9996100340,9996100107,11,3215
docs\inst_test\instancias\n_1000_6,100,15,15,10,0.2000,123,9996100338,9996100114,12,3215
docs\inst_test\instancias\n_1000_6,100,15,15,10,0.2000,2026,9996100338,9996100114,12,3215
docs\inst_test\instancias\n_1000_6,100,15,15,10,0.3000,42,9996100342,9996100137,12,3215
docs\inst_test\instancias\n_1000_6,100,15,15,10,0.3000,123,9996100338,9996100114,11,3215
docs\inst_test\instancias\n_1000_6,100,15,15,10,0.3000,2026,9996100338,9996100114,12,3215
docs\inst_test\instancias\n_1000_6,100,15,15,20,0.1000,123,9996100338,9996100114,10,3215
docs\inst_test\instancias\n_1000_6,100,15,15,20,0.1000,42,9996100338,9996100114,13,3215
docs\inst_test\instancias\n_1000_6,100,15,15,20,0.1000,2026,9996100338,9996100114,10,3215
docs\inst_test\instancias\n_1000_6,100,15,15,20,0.2000,123,9996100338,9996100114,10,3215
docs\inst_test\instancias\n_1000_6,100,15,15,20,0.2000,42,9996100338,9996100114,10,3215
docs\inst_test\instancias\n_1000_6,100,15,15,20,0.3000,42,9996100338,9996100114,9,3215
docs\inst_test\instancias\n_1000_6,100,15,15,20,0.2000,2026,9996100338,9996100114,13,3215
docs\inst_test\instancias\n_1000_6,100,15,15,20,0.3000,123,9996100338,9996100114,10,3215
docs\inst_test\instancias\n_1000_6,100,15,15,20,0.3000,2026,9996100338,9996100114,10,3215
docs\inst_test\instancias\n_1000_6,100,20,7,5,0.1000,123,9996100338,9996100114,13,3215
docs\inst_test\instancias\n_1000_6,100,20,7,5,0.1000,42,9996100338,9996100114,14,3215
docs\inst_test\instancias\n_1000_6,100,20,7,5,0.2000,42,9996100340,9996100107,12,3215
docs\inst_test\instancias\n_1000_6,100,20,7,5,0.1000,2026,9996100338,9996100114,12,3215
docs\inst_test\instancias\n_1000_6,100,20,7,5,0.2000,123,9996100338,9996100114,13,3215
docs\inst_test\instancias\n_1000_6,100,20,7,5,0.3000,42,9996100342,9996100137,11,3215
docs\inst_test\instancias\n_1000_6,100,20,7,5,0.2000,2026,9996100338,9996100114,11,3215
docs\inst_test\instancias\n_1000_6,100,20,7,5,0.3000,123,9996100338,9996100114,13,3215
docs\inst_test\instancias\n_1000_6,100,20,7,10,0.1000,42,9996100338,9996100114,12,3215
docs\inst_test\instancias\n_1000_6,100,20,7,10,0.1000,123,9996100338,9996100114,10,3215
docs\inst_test\instancias\n_1000_6,100,20,7,10,0.1000,2026,9996100338,9996100114,11,3215
docs\inst_test\instancias\n_1000_6,100,20,7,5,0.3000,2026,9996100344,9996100131,15,3215
docs\inst_test\instancias\n_1000_6,100,20,7,10,0.2000,42,9996100340,9996100107,11,3215
docs\inst_test\instancias\n_1000_6,100,20,7,10,0.2000,123,9996100338,9996100114,11,3215
docs\inst_test\instancias\n_1000_6,100,20,7,10,0.2000,2026,9996100338,9996100114,11,3215
docs\inst_test\instancias\n_1000_6,100,20,7,10,0.3000,42,9996100342,9996100137,12,3215
docs\inst_test\instancias\n_1000_6,100,20,7,20,0.1000,42,9996100338,9996100114,10,3215
docs\inst_test\instancias\n_1000_6,100,20,7,10,0.3000,2026,9996100338,9996100114,12,3215
docs\inst_test\instancias\n_1000_6,100,20,7,10,0.3000,123,9996100338,9996100114,12,3215
docs\inst_test\instancias\n_1000_6,100,20,7,20,0.1000,2026,9996100338,9996100114,9,3215
docs\inst_test\instancias\n_1000_6,100,20,7,20,0.1000,123,9996100338,9996100114,12,3215
docs\inst_test\instancias\n_1000_6,100,20,7,20,0.2000,42,9996100338,9996100114,10,3215
docs\inst_test\instancias\n_1000_6,100,20,7,20,0.2000,123,9996100338,9996100114,12,3215
docs\inst_test\instancias\n_1000_6,100,20,7,20,0.2000,2026,9996100338,9996100114,11,3215
docs\inst_test\instancias\n_1000_6,100,20,7,20,0.3000,42,9996100338,9996100114,10,3215
docs\inst_test\instancias\n_1000_6,100,20,7,20,0.3000,123,9996100338,9996100114,11,3215
docs\inst_test\instancias\n_1000_6,100,20,7,20,0.3000,2026,9996100338,9996100114,11,3215
docs\inst_test\instancias\n_1000_6,100,20,10,5,0.1000,42,9996100338,9996100114,12,3215
docs\inst_test\instancias\n_1000_6,100,20,10,5,0.1000,123,9996100338,9996100114,12,3215
docs\inst_test\instancias\n_1000_6,100,20,10,5,0.2000,42,9996100340,9996100107,12,3215
docs\inst_test\instancias\n_1000_6,100,20,10,5,0.1000,2026,9996100338,9996100114,14,3215
docs\inst_test\instancias\n_1000_6,100,20,10,5,0.2000,2026,9996100338,9996100114,11,3215
docs\inst_test\instancias\n_1000_6,100,20,10,5,0.3000,123,9996100338,9996100114,13,3215
docs\inst_test\instancias\n_1000_6,100,20,10,5,0.3000,42,9996100342,9996100137,14,3215
docs\inst_test\instancias\n_1000_6,100,20,10,5,0.2000,123,9996100338,9996100114,16,3215
docs\inst_test\instancias\n_1000_6,100,20,10,5,0.3000,2026,9996100344,9996100131,12,3215
docs\inst_test\instancias\n_1000_6,100,20,10,10,0.1000,42,9996100338,9996100114,11,3215
docs\inst_test\instancias\n_1000_6,100,20,10,10,0.1000,2026,9996100338,9996100114,12,3215
docs\inst_test\instancias\n_1000_6,100,20,10,10,0.1000,123,9996100338,9996100114,12,3215
docs\inst_test\instancias\n_1000_6,100,20,10,10,0.2000,42,9996100340,9996100107,11,3215
docs\inst_test\instancias\n_1000_6,100,20,10,10,0.2000,123,9996100338,9996100114,10,3215
docs\inst_test\instancias\n_1000_6,100,20,10,10,0.2000,2026,9996100338,9996100114,11,3215
docs\inst_test\instancias\n_1000_6,100,20,10,10,0.3000,123,9996100338,9996100114,10,3215
docs\inst_test\instancias\n_1000_6,100,20,10,10,0.3000,42,9996100342,9996100137,12,3215
docs\inst_test\instancias\n_1000_6,100,20,10,10,0.3000,2026,9996100338,9996100114,11,3215
docs\inst_test\instancias\n_1000_6,100,20,10,20,0.1000,42,9996100338,9996100114,10,3215
docs\inst_test\instancias\n_1000_6,100,20,10,20,0.1000,2026,9996100338,9996100114,11,3215
docs\inst_test\instancias\n_1000_6,100,20,10,20,0.1000,123,9996100338,9996100114,13,3215
docs\inst_test\instancias\n_1000_6,100,20,10,20,0.2000,42,9996100338,9996100114,11,3215
docs\inst_test\instancias\n_1000_6,100,20,10,20,0.2000,2026,9996100338,9996100114,11,3215
docs\inst_test\instancias\n_1000_6,100,20,10,20,0.3000,123,9996100338,9996100114,10,3215
docs\inst_test\instancias\n_1000_6,100,20,10,20,0.2000,123,9996100338,9996100114,11,3215
docs\inst_test\instancias\n_1000_6,100,20,10,20,0.3000,42,9996100338,9996100114,11,3215
docs\inst_test\instancias\n_1000_6,100,20,10,20,0.3000,2026,9996100338,9996100114,12,3215
docs\inst_test\instancias\n_1000_6,100,20,15,5,0.1000,123,9996100338,9996100114,13,3215
docs\inst_test\instancias\n_1000_6,100,20,15,5,0.1000,2026,9996100338,9996100114,12,3215
docs\inst_test\instancias\n_1000_6,100,20,15,5,0.1000,42,9996100338,9996100114,15,3215
docs\inst_test\instancias\n_1000_6,100,20,15,5,0.2000,42,9996100340,9996100107,11,3215
docs\inst_test\instancias\n_1000_6,100,20,15,5,0.2000,123,9996100338,9996100114,12,3215
docs\inst_test\instancias\n_1000_6,100,20,15,5,0.2000,2026,9996100338,9996100114,12,3215
docs\inst_test\instancias\n_1000_6,100,20,15,5,0.3000,42,9996100342,9996100137,12,3215
docs\inst_test\instancias\n_1000_6,100,20,15,5,0.3000,123,9996100338,9996100114,12,3215
docs\inst_test\instancias\n_1000_6,100,20,15,10,0.1000,42,9996100338,9996100114,10,3215
docs\inst_test\instancias\n_1000_6,100,20,15,10,0.1000,123,9996100338,9996100114,11,3215
docs\inst_test\instancias\n_1000_6,100,20,15,10,0.1000,2026,9996100338,9996100114,11,3215
docs\inst_test\instancias\n_1000_6,100,20,15,10,0.2000,42,9996100340,9996100107,10,3215
docs\inst_test\instancias\n_1000_6,100,20,15,10,0.2000,123,9996100338,9996100114,10,3215
docs\inst_test\instancias\n_1000_6,100,20,15,10,0.2000,2026,9996100338,9996100114,11,3215
docs\inst_test\instancias\n_1000_6,100,20,15,5,0.3000,2026,9996100344,9996100131,18,3215
docs\inst_test\instancias\n_1000_6,100,20,15,10,0.3000,42,9996100342,9996100137,10,3215
docs\inst_test\instancias\n_1000_6,100,20,15,10,0.3000,123,9996100338,9996100114,11,3215
docs\inst_test\instancias\n_1000_6,100,20,15,10,0.3000,2026,9996100338,9996100114,11,3215
docs\inst_test\instancias\n_1000_6,100,20,15,20,0.1000,2026,9996100338,9996100114,10,3215
docs\inst_test\instancias\n_1000_6,100,20,15,20,0.1000,42,9996100338,9996100114,11,3215
docs\inst_test\instancias\n_1000_6,100,20,15,20,0.1000,123,9996100338,9996100114,11,3215
docs\inst_test\instancias\n_1000_6,100,20,15,20,0.2000,42,9996100338,9996100114,12,3215
docs\inst_test\instancias\n_1000_6,100,20,15,20,0.2000,123,9996100338,9996100114,11,3215
docs\inst_test\instancias\n_1000_6,100,20,15,20,0.2000,2026,9996100338,9996100114,11,3215
docs\inst_test\instancias\n_1000_6,100,20,15,20,0.3000,42,9996100338,9996100114,10,3215
docs\inst_test\instancias\n_1000_6,100,20,15,20,0.3000,123,9996100338,9996100114,10,3215
docs\inst_test\instancias\n_1000_6,100,20,15,20,0.3000,2026,9996100338,9996100114,12,3215
docs\inst_test\instancias\n_1000_6,300,10,7,5,0.1000,123,9996100344,9996100077,37,3215
docs\inst_test\instancias\n_1000_6,300,10,7,5,0.1000,42,9996100340,9996100161,38,3215
docs\inst_test\instancias\n_1000_6,300,10,7,5,0.1000,2026,9996100340,9996100161,36,3215
docs\inst_test\instancias\n_1000_6,300,10,7,5,0.2000,42,9996100342,9996100137,38,3215
docs\inst_test\instancias\n_1000_6,300,10,7,5,0.2000,2026,9996100340,9996100107,38,3215
docs\inst_test\instancias\n_1000_6,300,10,7,5,0.3000,42,9996100342,9996100137,37,3215
docs\inst_test\instancias\n_1000_6,300,10,7,5,0.2000,123,9996100344,9996100077,41,3215
docs\inst_test\instancias\n_1000_6,300,10,7,5,0.3000,123,9996100344,9996100077,39,3215
docs\inst_test\instancias\n_1000_6,300,10,7,10,0.1000,42,9996100340,9996100161,34,3215
docs\inst_test\instancias\n_1000_6,300,10,7,10,0.1000,2026,9996100340,9996100161,33,3215
docs\inst_test\instancias\n_1000_6,300,10,7,10,0.1000,123,9996100344,9996100077,35,3215
docs\inst_test\instancias\n_1000_6,300,10,7,5,0.3000,2026,9996100344,9996100131,37,3215
docs\inst_test\instancias\n_1000_6,300,10,7,10,0.2000,42,9996100341,9996100155,33,3215
docs\inst_test\instancias\n_1000_6,300,10,7,10,0.2000,2026,9996100340,9996100107,34,3215
docs\inst_test\instancias\n_1000_6,300,10,7,10,0.2000,123,9996100344,9996100077,34,3215
docs\inst_test\instancias\n_1000_6,300,10,7,10,0.3000,42,9996100342,9996100137,33,3215
docs\inst_test\instancias\n_1000_6,300,10,7,20,0.1000,42,9996100338,9996100114,31,3215
docs\inst_test\instancias\n_1000_6,300,10,7,20,0.1000,123,9996100338,9996100114,31,3215
docs\inst_test\instancias\n_1000_6,300,10,7,10,0.3000,2026,9996100344,9996100131,33,3215
docs\inst_test\instancias\n_1000_6,300,10,7,20,0.1000,2026,9996100338,9996100114,31,3215
docs\inst_test\instancias\n_1000_6,300,10,7,20,0.2000,42,9996100341,9996100155,31,3215
docs\inst_test\instancias\n_1000_6,300,10,7,20,0.2000,123,9996100338,9996100114,32,3215
docs\inst_test\instancias\n_1000_6,300,10,7,20,0.2000,2026,9996100338,9996100114,31,3215
docs\inst_test\instancias\n_1000_6,300,10,7,10,0.3000,123,9996100344,9996100077,44,3215
docs\inst_test\instancias\n_1000_6,300,10,7,20,0.3000,42,9996100342,9996100137,30,3215
docs\inst_test\instancias\n_1000_6,300,10,7,20,0.3000,2026,9996100344,9996100131,33,3215
docs\inst_test\instancias\n_1000_6,300,10,7,20,0.3000,123,9996100338,9996100114,36,3215
docs\inst_test\instancias\n_1000_6,300,10,10,5,0.1000,42,9996100340,9996100161,37,3215
docs\inst_test\instancias\n_1000_6,300,10,10,5,0.1000,2026,9996100340,9996100161,37,3215
docs\inst_test\instancias\n_1000_6,300,10,10,5,0.2000,42,9996100342,9996100137,37,3215
docs\inst_test\instancias\n_1000_6,300,10,10,5,0.2000,123,9996100344,9996100077,37,3215
docs\inst_test\instancias\n_1000_6,300,10,10,5,0.1000,123,9996100344,9996100077,51,3215
docs\inst_test\instancias\n_1000_6,300,10,10,5,0.2000,2026,9996100340,9996100107,37,3215
docs\inst_test\instancias\n_1000_6,300,10,10,5,0.3000,42,9996100342,9996100137,42,3215
docs\inst_test\instancias\n_1000_6,300,10,10,5,0.3000,123,9996100344,9996100077,40,3215
docs\inst_test\instancias\n_1000_6,300,10,10,10,0.1000,42,9996100340,9996100161,34,3215
docs\inst_test\instancias\n_1000_6,300,10,10,5,0.3000,2026,9996100344,9996100131,37,3215
docs\inst_test\instancias\n_1000_6,300,10,10,10,0.1000,123,9996100344,9996100077,33,3215
docs\inst_test\instancias\n_1000_6,300,10,10,10,0.1000,2026,9996100340,9996100161,33,3215
docs\inst_test\instancias\n_1000_6,300,10,10,10,0.2000,42,9996100341,9996100155,34,3215
docs\inst_test\instancias\n_1000_6,300,10,10,10,0.2000,123,9996100344,9996100077,33,3215
docs\inst_test\instancias\n_1000_6,300,10,10,10,0.3000,123,9996100344,9996100077,32,3215
docs\inst_test\instancias\n_1000_6,300,10,10,10,0.2000,2026,9996100340,9996100107,40,3215
docs\inst_test\instancias\n_1000_6,300,10,10,10,0.3000,42,9996100342,9996100137,44,3215
docs\inst_test\instancias\n_1000_6,300,10,10,20,0.1000,42,9996100338,9996100114,44,3215
docs\inst_test\instancias\n_1000_6,300,10,10,20,0.1000,123,9996100338,9996100114,43,3215
docs\inst_test\instancias\n_1000_6,300,10,10,10,0.3000,2026,9996100344,9996100131,52,3215
docs\inst_test\instancias\n_1000_6,300,10,10,20,0.1000,2026,9996100338,9996100114,41,3215
docs\inst_test\instancias\n_1000_6,300,10,10,20,0.2000,42,9996100341,9996100155,32,3215
docs\inst_test\instancias\n_1000_6,300,10,10,20,0.2000,123,9996100338,9996100114,31,3215
docs\inst_test\instancias\n_1000_6,300,10,10,20,0.2000,2026,9996100338,9996100114,32,3215
docs\inst_test\instancias\n_1000_6,300,10,10,20,0.3000,123,9996100338,9996100114,31,3215
docs\inst_test\instancias\n_1000_6,300,10,10,20,0.3000,2026,9996100344,9996100131,32,3215
docs\inst_test\instancias\n_1000_6,300,10,10,20,0.3000,42,9996100342,9996100137,37,3215
docs\inst_test\instancias\n_1000_6,300,10,15,5,0.1000,123,9996100344,9996100077,37,3215
docs\inst_test\instancias\n_1000_6,300,10,15,5,0.1000,42,9996100340,9996100161,38,3215
docs\inst_test\instancias\n_1000_6,300,10,15,5,0.1000,2026,9996100340,9996100161,42,3215
docs\inst_test\instancias\n_1000_6,300,10,15,5,0.2000,42,9996100342,9996100137,37,3215
docs\inst_test\instancias\n_1000_6,300,10,15,5,0.2000,123,9996100344,9996100077,37,3215
docs\inst_test\instancias\n_1000_6,300,10,15,5,0.2000,2026,9996100340,9996100107,37,3215
docs\inst_test\instancias\n_1000_6,300,10,15,5,0.3000,42,9996100342,9996100137,37,3215
docs\inst_test\instancias\n_1000_6,300,10,15,5,0.3000,123,9996100344,9996100077,37,3215
docs\inst_test\instancias\n_1000_6,300,10,15,10,0.1000,42,9996100340,9996100161,32,3215
docs\inst_test\instancias\n_1000_6,300,10,15,5,0.3000,2026,9996100344,9996100131,37,3215
docs\inst_test\instancias\n_1000_6,300,10,15,10,0.1000,123,9996100344,9996100077,33,3215
docs\inst_test\instancias\n_1000_6,300,10,15,10,0.1000,2026,9996100340,9996100161,32,3215
docs\inst_test\instancias\n_1000_6,300,10,15,10,0.2000,42,9996100341,9996100155,38,3215
docs\inst_test\instancias\n_1000_6,300,10,15,10,0.2000,2026,9996100340,9996100107,32,3215
docs\inst_test\instancias\n_1000_6,300,10,15,10,0.3000,42,9996100342,9996100137,32,3215
docs\inst_test\instancias\n_1000_6,300,10,15,10,0.2000,123,9996100344,9996100077,38,3215
docs\inst_test\instancias\n_1000_6,300,10,15,10,0.3000,123,9996100344,9996100077,35,3215
docs\inst_test\instancias\n_1000_6,300,10,15,10,0.3000,2026,9996100344,9996100131,33,3215
docs\inst_test\instancias\n_1000_6,300,10,15,20,0.1000,42,9996100338,9996100114,32,3215
docs\inst_test\instancias\n_1000_6,300,10,15,20,0.1000,123,9996100338,9996100114,34,3215
docs\inst_test\instancias\n_1000_6,300,10,15,20,0.1000,2026,9996100338,9996100114,33,3215
docs\inst_test\instancias\n_1000_6,300,10,15,20,0.2000,123,9996100338,9996100114,31,3215
docs\inst_test\instancias\n_1000_6,300,10,15,20,0.2000,2026,9996100338,9996100114,33,3215
docs\inst_test\instancias\n_1000_6,300,10,15,20,0.2000,42,9996100341,9996100155,38,3215
docs\inst_test\instancias\n_1000_6,300,10,15,20,0.3000,42,9996100342,9996100137,31,3215
docs\inst_test\instancias\n_1000_6,300,10,15,20,0.3000,123,9996100338,9996100114,31,3215
docs\inst_test\instancias\n_1000_6,300,10,15,20,0.3000,2026,9996100344,9996100131,33,3215
docs\inst_test\instancias\n_1000_6,300,15,7,5,0.1000,42,9996100340,9996100161,38,3215
docs\inst_test\instancias\n_1000_6,300,15,7,5,0.1000,123,9996100344,9996100077,38,3215
docs\inst_test\instancias\n_1000_6,300,15,7,5,0.1000,2026,9996100340,9996100161,37,3215
docs\inst_test\instancias\n_1000_6,300,15,7,5,0.2000,42,9996100342,9996100137,38,3215
docs\inst_test\instancias\n_1000_6,300,15,7,5,0.2000,2026,9996100340,9996100107,37,3215
docs\inst_test\instancias\n_1000_6,300,15,7,5,0.3000,42,9996100342,9996100137,37,3215
docs\inst_test\instancias\n_1000_6,300,15,7,5,0.2000,123,9996100344,9996100077,42,3215
docs\inst_test\instancias\n_1000_6,300,15,7,5,0.3000,123,9996100344,9996100077,50,3215
docs\inst_test\instancias\n_1000_6,300,15,7,10,0.1000,42,9996100340,9996100161,33,3215
docs\inst_test\instancias\n_1000_6,300,15,7,10,0.1000,123,9996100344,9996100077,32,3215
docs\inst_test\instancias\n_1000_6,300,15,7,10,0.1000,2026,9996100340,9996100161,33,3215
docs\inst_test\instancias\n_1000_6,300,15,7,5,0.3000,2026,9996100344,9996100131,51,3215
docs\inst_test\instancias\n_1000_6,300,15,7,10,0.2000,42,9996100341,9996100155,34,3215
docs\inst_test\instancias\n_1000_6,300,15,7,10,0.2000,123,9996100344,9996100077,34,3215
docs\inst_test\instancias\n_1000_6,300,15,7,10,0.2000,2026,9996100340,9996100107,34,3215
docs\inst_test\instancias\n_1000_6,300,15,7,10,0.3000,42,9996100342,9996100137,34,3215
docs\inst_test\instancias\n_1000_6,300,15,7,10,0.3000,123,9996100344,9996100077,33,3215
docs\inst_test\instancias\n_1000_6,300,15,7,10,0.3000,2026,9996100344,9996100131,34,3215
docs\inst_test\instancias\n_1000_6,300,15,7,20,0.1000,42,9996100338,9996100114,31,3215
docs\inst_test\instancias\n_1000_6,300,15,7,20,0.1000,123,9996100338,9996100114,33,3215
docs\inst_test\instancias\n_1000_6,300,15,7,20,0.1000,2026,9996100338,9996100114,31,3215
docs\inst_test\instancias\n_1000_6,300,15,7,20,0.2000,42,9996100341,9996100155,30,3215
docs\inst_test\instancias\n_1000_6,300,15,7,20,0.2000,123,9996100338,9996100114,31,3215
docs\inst_test\instancias\n_1000_6,300,15,7,20,0.2000,2026,9996100338,9996100114,31,3215
docs\inst_test\instancias\n_1000_6,300,15,7,20,0.3000,123,9996100338,9996100114,31,3215
docs\inst_test\instancias\n_1000_6,300,15,7,20,0.3000,42,9996100342,9996100137,35,3215
docs\inst_test\instancias\n_1000_6,300,15,7,20,0.3000,2026,9996100344,9996100131,35,3215
docs\inst_test\instancias\n_1000_6,300,15,10,5,0.1000,42,9996100340,9996100161,37,3215
docs\inst_test\instancias\n_1000_6,300,15,10,5,0.1000,123,9996100344,9996100077,38,3215
docs\inst_test\instancias\n_1000_6,300,15,10,5,0.1000,2026,9996100340,9996100161,39,3215
docs\inst_test\instancias\n_1000_6,300,15,10,5,0.2000,42,9996100342,9996100137,41,3215
docs\inst_test\instancias\n_1000_6,300,15,10,5,0.2000,123,9996100344,9996100077,37,3215
docs\inst_test\instancias\n_1000_6,300,15,10,5,0.2000,2026,9996100340,9996100107,36,3215
docs\inst_test\instancias\n_1000_6,300,15,10,5,0.3000,42,9996100342,9996100137,39,3215
docs\inst_test\instancias\n_1000_6,300,15,10,5,0.3000,123,9996100344,9996100077,38,3215
docs\inst_test\instancias\n_1000_6,300,15,10,10,0.1000,42,9996100340,9996100161,36,3215
docs\inst_test\instancias\n_1000_6,300,15,10,10,0.1000,123,9996100344,9996100077,33,3215
docs\inst_test\instancias\n_1000_6,300,15,10,5,0.3000,2026,9996100344,9996100131,38,3215
docs\inst_test\instancias\n_1000_6,300,15,10,10,0.1000,2026,9996100340,9996100161,36,3215
docs\inst_test\instancias\n_1000_6,300,15,10,10,0.2000,42,9996100341,9996100155,37,3215
docs\inst_test\instancias\n_1000_6,300,15,10,10,0.2000,123,9996100344,9996100077,37,3215
docs\inst_test\instancias\n_1000_6,300,15,10,10,0.2000,2026,9996100340,9996100107,36,3215
docs\inst_test\instancias\n_1000_6,300,15,10,10,0.3000,42,9996100342,9996100137,35,3215
docs\inst_test\instancias\n_1000_6,300,15,10,20,0.1000,42,9996100338,9996100114,31,3215
docs\inst_test\instancias\n_1000_6,300,15,10,10,0.3000,2026,9996100344,9996100131,34,3215
docs\inst_test\instancias\n_1000_6,300,15,10,10,0.3000,123,9996100344,9996100077,34,3215
docs\inst_test\instancias\n_1000_6,300,15,10,20,0.1000,123,9996100338,9996100114,36,3215
docs\inst_test\instancias\n_1000_6,300,15,10,20,0.1000,2026,9996100338,9996100114,35,3215
docs\inst_test\instancias\n_1000_6,300,15,10,20,0.2000,42,9996100341,9996100155,32,3215
docs\inst_test\instancias\n_1000_6,300,15,10,20,0.2000,123,9996100338,9996100114,31,3215
docs\inst_test\instancias\n_1000_6,300,15,10,20,0.2000,2026,9996100338,9996100114,32,3215
docs\inst_test\instancias\n_1000_6,300,15,10,20,0.3000,42,9996100342,9996100137,31,3215
docs\inst_test\instancias\n_1000_6,300,15,10,20,0.3000,123,9996100338,9996100114,30,3215
docs\inst_test\instancias\n_1000_6,300,15,10,20,0.3000,2026,9996100344,9996100131,32,3215
docs\inst_test\instancias\n_1000_6,300,15,15,5,0.1000,42,9996100340,9996100161,39,3215
docs\inst_test\instancias\n_1000_6,300,15,15,5,0.1000,2026,9996100340,9996100161,38,3215
docs\inst_test\instancias\n_1000_6,300,15,15,5,0.2000,42,9996100342,9996100137,37,3215
docs\inst_test\instancias\n_1000_6,300,15,15,5,0.2000,2026,9996100340,9996100107,36,3215
docs\inst_test\instancias\n_1000_6,300,15,15,5,0.1000,123,9996100344,9996100077,44,3215
docs\inst_test\instancias\n_1000_6,300,15,15,5,0.2000,123,9996100344,9996100077,38,3215
docs\inst_test\instancias\n_1000_6,300,15,15,5,0.3000,42,9996100342,9996100137,37,3215
docs\inst_test\instancias\n_1000_6,300,15,15,5,0.3000,123,9996100344,9996100077,43,3215
docs\inst_test\instancias\n_1000_6,300,15,15,5,0.3000,2026,9996100344,9996100131,40,3215
docs\inst_test\instancias\n_1000_6,300,15,15,10,0.1000,123,9996100344,9996100077,33,3215
docs\inst_test\instancias\n_1000_6,300,15,15,10,0.2000,42,9996100341,9996100155,33,3215
docs\inst_test\instancias\n_1000_6,300,15,15,10,0.1000,2026,9996100340,9996100161,35,3215
docs\inst_test\instancias\n_1000_6,300,15,15,10,0.1000,42,9996100340,9996100161,40,3215
docs\inst_test\instancias\n_1000_6,300,15,15,10,0.2000,2026,9996100340,9996100107,33,3215
docs\inst_test\instancias\n_1000_6,300,15,15,10,0.2000,123,9996100344,9996100077,41,3215
docs\inst_test\instancias\n_1000_6,300,15,15,10,0.3000,42,9996100342,9996100137,34,3215
docs\inst_test\instancias\n_1000_6,300,15,15,20,0.1000,42,9996100338,9996100114,30,3215
docs\inst_test\instancias\n_1000_6,300,15,15,10,0.3000,2026,9996100344,9996100131,34,3215
docs\inst_test\instancias\n_1000_6,300,15,15,20,0.1000,123,9996100338,9996100114,31,3215
docs\inst_test\instancias\n_1000_6,300,15,15,10,0.3000,123,9996100344,9996100077,42,3215
docs\inst_test\instancias\n_1000_6,300,15,15,20,0.1000,2026,9996100338,9996100114,31,3215
docs\inst_test\instancias\n_1000_6,300,15,15,20,0.2000,42,9996100341,9996100155,31,3215
docs\inst_test\instancias\n_1000_6,300,15,15,20,0.2000,2026,9996100338,9996100114,32,3215
docs\inst_test\instancias\n_1000_6,300,15,15,20,0.2000,123,9996100338,9996100114,51,3215
docs\inst_test\instancias\n_1000_6,300,15,15,20,0.3000,42,9996100342,9996100137,32,3215
docs\inst_test\instancias\n_1000_6,300,15,15,20,0.3000,123,9996100338,9996100114,33,3215
docs\inst_test\instancias\n_1000_6,300,15,15,20,0.3000,2026,9996100344,9996100131,35,3215
docs\inst_test\instancias\n_1000_6,300,20,7,5,0.1000,2026,9996100340,9996100161,36,3215
docs\inst_test\instancias\n_1000_6,300,20,7,5,0.1000,123,9996100344,9996100077,36,3215
docs\inst_test\instancias\n_1000_6,300,20,7,5,0.1000,42,9996100340,9996100161,44,3215
docs\inst_test\instancias\n_1000_6,300,20,7,5,0.2000,42,9996100342,9996100137,40,3215
docs\inst_test\instancias\n_1000_6,300,20,7,5,0.2000,2026,9996100340,9996100107,37,3215
docs\inst_test\instancias\n_1000_6,300,20,7,5,0.3000,123,9996100344,9996100077,37,3215
docs\inst_test\instancias\n_1000_6,300,20,7,5,0.2000,123,9996100344,9996100077,48,3215
docs\inst_test\instancias\n_1000_6,300,20,7,5,0.3000,42,9996100342,9996100137,42,3215
docs\inst_test\instancias\n_1000_6,300,20,7,5,0.3000,2026,9996100344,9996100131,37,3215
docs\inst_test\instancias\n_1000_6,300,20,7,10,0.1000,42,9996100340,9996100161,39,3215
docs\inst_test\instancias\n_1000_6,300,20,7,10,0.1000,123,9996100344,9996100077,36,3215
docs\inst_test\instancias\n_1000_6,300,20,7,10,0.1000,2026,9996100340,9996100161,35,3215
docs\inst_test\instancias\n_1000_6,300,20,7,10,0.2000,42,9996100341,9996100155,33,3215
docs\inst_test\instancias\n_1000_6,300,20,7,10,0.2000,123,9996100344,9996100077,34,3215
docs\inst_test\instancias\n_1000_6,300,20,7,10,0.3000,42,9996100342,9996100137,33,3215
docs\inst_test\instancias\n_1000_6,300,20,7,10,0.2000,2026,9996100340,9996100107,33,3215
docs\inst_test\instancias\n_1000_6,300,20,7,10,0.3000,123,9996100344,9996100077,33,3215
docs\inst_test\instancias\n_1000_6,300,20,7,10,0.3000,2026,9996100344,9996100131,35,3215
docs\inst_test\instancias\n_1000_6,300,20,7,20,0.1000,123,9996100338,9996100114,31,3215
docs\inst_test\instancias\n_1000_6,300,20,7,20,0.1000,42,9996100338,9996100114,38,3215
docs\inst_test\instancias\n_1000_6,300,20,7,20,0.1000,2026,9996100338,9996100114,31,3215
docs\inst_test\instancias\n_1000_6,300,20,7,20,0.2000,123,9996100338,9996100114,31,3215
docs\inst_test\instancias\n_1000_6,300,20,7,20,0.3000,42,9996100342,9996100137,31,3215
docs\inst_test\instancias\n_1000_6,300,20,7,20,0.2000,42,9996100341,9996100155,32,3215
docs\inst_test\instancias\n_1000_6,300,20,7,20,0.2000,2026,9996100338,9996100114,36,3215
docs\inst_test\instancias\n_1000_6,300,20,7,20,0.3000,123,9996100338,9996100114,32,3215
docs\inst_test\instancias\n_1000_6,300,20,7,20,0.3000,2026,9996100344,9996100131,33,3215
docs\inst_test\instancias\n_1000_6,300,20,10,5,0.1000,42,9996100340,9996100161,37,3215
docs\inst_test\instancias\n_1000_6,300,20,10,5,0.1000,123,9996100344,9996100077,37,3215
docs\inst_test\instancias\n_1000_6,300,20,10,5,0.1000,2026,9996100340,9996100161,37,3215
docs\inst_test\instancias\n_1000_6,300,20,10,5,0.2000,42,9996100342,9996100137,36,3215
docs\inst_test\instancias\n_1000_6,300,20,10,5,0.2000,2026,9996100340,9996100107,36,3215
docs\inst_test\instancias\n_1000_6,300,20,10,5,0.3000,42,9996100342,9996100137,37,3215
docs\inst_test\instancias\n_1000_6,300,20,10,5,0.2000,123,9996100344,9996100077,43,3215
docs\inst_test\instancias\n_1000_6,300,20,10,5,0.3000,123,9996100344,9996100077,37,3215
docs\inst_test\instancias\n_1000_6,300,20,10,5,0.3000,2026,9996100344,9996100131,41,3215
docs\inst_test\instancias\n_1000_6,300,20,10,10,0.1000,42,9996100340,9996100161,35,3215
docs\inst_test\instancias\n_1000_6,300,20,10,10,0.1000,2026,9996100340,9996100161,33,3215
docs\inst_test\instancias\n_1000_6,300,20,10,10,0.1000,123,9996100344,9996100077,33,3215
docs\inst_test\instancias\n_1000_6,300,20,10,10,0.2000,42,9996100341,9996100155,33,3215
docs\inst_test\instancias\n_1000_6,300,20,10,10,0.2000,2026,9996100340,9996100107,33,3215
docs\inst_test\instancias\n_1000_6,300,20,10,10,0.2000,123,9996100344,9996100077,34,3215
docs\inst_test\instancias\n_1000_6,300,20,10,10,0.3000,42,9996100342,9996100137,35,3215
docs\inst_test\instancias\n_1000_6,300,20,10,10,0.3000,123,9996100344,9996100077,38,3215
docs\inst_test\instancias\n_1000_6,300,20,10,20,0.1000,42,9996100338,9996100114,31,3215
docs\inst_test\instancias\n_1000_6,300,20,10,20,0.1000,123,9996100338,9996100114,31,3215
docs\inst_test\instancias\n_1000_6,300,20,10,10,0.3000,2026,9996100344,9996100131,37,3215
docs\inst_test\instancias\n_1000_6,300,20,10,20,0.1000,2026,9996100338,9996100114,31,3215
docs\inst_test\instancias\n_1000_6,300,20,10,20,0.2000,123,9996100338,9996100114,31,3215
docs\inst_test\instancias\n_1000_6,300,20,10,20,0.2000,42,9996100341,9996100155,34,3215
docs\inst_test\instancias\n_1000_6,300,20,10,20,0.2000,2026,9996100338,9996100114,33,3215
docs\inst_test\instancias\n_1000_6,300,20,10,20,0.3000,42,9996100342,9996100137,33,3215
docs\inst_test\instancias\n_1000_6,300,20,10,20,0.3000,123,9996100338,9996100114,32,3215
docs\inst_test\instancias\n_1000_6,300,20,10,20,0.3000,2026,9996100344,9996100131,37,3215
docs\inst_test\instancias\n_1000_6,300,20,15,5,0.1000,42,9996100340,9996100161,46,3215
docs\inst_test\instancias\n_1000_6,300,20,15,5,0.2000,42,9996100342,9996100137,39,3215
docs\inst_test\instancias\n_1000_6,300,20,15,5,0.1000,123,9996100344,9996100077,45,3215
docs\inst_test\instancias\n_1000_6,300,20,15,5,0.1000,2026,9996100340,9996100161,46,3215
docs\inst_test\instancias\n_1000_6,300,20,15,5,0.2000,123,9996100344,9996100077,39,3215
docs\inst_test\instancias\n_1000_6,300,20,15,5,0.2000,2026,9996100340,9996100107,37,3215
docs\inst_test\instancias\n_1000_6,300,20,15,5,0.3000,123,9996100344,9996100077,36,3215
docs\inst_test\instancias\n_1000_6,300,20,15,5,0.3000,42,9996100342,9996100137,48,3215
docs\inst_test\instancias\n_1000_6,300,20,15,10,0.1000,42,9996100340,9996100161,36,3215
docs\inst_test\instancias\n_1000_6,300,20,15,10,0.1000,2026,9996100340,9996100161,35,3215
docs\inst_test\instancias\n_1000_6,300,20,15,5,0.3000,2026,9996100344,9996100131,41,3215
docs\inst_test\instancias\n_1000_6,300,20,15,10,0.2000,42,9996100341,9996100155,35,3215
docs\inst_test\instancias\n_1000_6,300,20,15,10,0.1000,123,9996100344,9996100077,43,3215
docs\inst_test\instancias\n_1000_6,300,20,15,10,0.2000,123,9996100344,9996100077,34,3215
docs\inst_test\instancias\n_1000_6,300,20,15,10,0.2000,2026,9996100340,9996100107,34,3215
docs\inst_test\instancias\n_1000_6,300,20,15,10,0.3000,42,9996100342,9996100137,33,3215
docs\inst_test\instancias\n_1000_6,300,20,15,20,0.1000,42,9996100338,9996100114,31,3215
docs\inst_test\instancias\n_1000_6,300,20,15,20,0.1000,123,9996100338,9996100114,31,3215
docs\inst_test\instancias\n_1000_6,300,20,15,10,0.3000,123,9996100344,9996100077,42,3215
docs\inst_test\instancias\n_1000_6,300,20,15,10,0.3000,2026,9996100344,9996100131,41,3215
docs\inst_test\instancias\n_1000_6,300,20,15,20,0.2000,42,9996100341,9996100155,31,3215
docs\inst_test\instancias\n_1000_6,300,20,15,20,0.2000,123,9996100338,9996100114,31,3215
docs\inst_test\instancias\n_1000_6,300,20,15,20,0.1000,2026,9996100338,9996100114,50,3215
docs\inst_test\instancias\n_1000_6,300,20,15,20,0.2000,2026,9996100338,9996100114,32,3215
docs\inst_test\instancias\n_1000_6,300,20,15,20,0.3000,42,9996100342,9996100137,31,3215
docs\inst_test\instancias\n_1000_6,300,20,15,20,0.3000,123,9996100338,9996100114,31,3215
docs\inst_test\instancias\n_1000_6,300,20,15,20,0.3000,2026,9996100344,9996100131,35,3215
docs\inst_test\instancias\n_1000_6,500,10,7,5,0.1000,123,9996100344,9996100077,63,3215
docs\inst_test\instancias\n_1000_6,500,10,7,5,0.1000,42,9996100340,9996100161,69,3215
docs\inst_test\instancias\n_1000_6,500,10,7,5,0.1000,2026,9996100340,9996100161,66,3215
docs\inst_test\instancias\n_1000_6,500,10,7,5,0.2000,42,9996100344,9996100110,63,3215
docs\inst_test\instancias\n_1000_6,500,10,7,5,0.2000,123,9996100344,9996100077,61,3215
docs\inst_test\instancias\n_1000_6,500,10,7,5,0.2000,2026,9996100340,9996100107,63,3215
docs\inst_test\instancias\n_1000_6,500,10,7,5,0.3000,42,9996100344,9996100110,62,3215
docs\inst_test\instancias\n_1000_6,500,10,7,5,0.3000,123,9996100344,9996100077,73,3215
docs\inst_test\instancias\n_1000_6,500,10,7,10,0.1000,42,9996100340,9996100161,56,3215
docs\inst_test\instancias\n_1000_6,500,10,7,5,0.3000,2026,9996100344,9996100131,62,3215
docs\inst_test\instancias\n_1000_6,500,10,7,10,0.1000,123,9996100344,9996100077,60,3215
docs\inst_test\instancias\n_1000_6,500,10,7,10,0.2000,42,9996100341,9996100155,60,3215
docs\inst_test\instancias\n_1000_6,500,10,7,10,0.2000,2026,9996100340,9996100107,55,3215
docs\inst_test\instancias\n_1000_6,500,10,7,10,0.1000,2026,9996100340,9996100161,67,3215
docs\inst_test\instancias\n_1000_6,500,10,7,10,0.2000,123,9996100344,9996100077,63,3215
docs\inst_test\instancias\n_1000_6,500,10,7,10,0.3000,42,9996100342,9996100137,57,3215
docs\inst_test\instancias\n_1000_6,500,10,7,10,0.3000,2026,9996100344,9996100131,58,3215
docs\inst_test\instancias\n_1000_6,500,10,7,20,0.1000,42,9996100338,9996100114,51,3215
docs\inst_test\instancias\n_1000_6,500,10,7,10,0.3000,123,9996100344,9996100077,60,3215
docs\inst_test\instancias\n_1000_6,500,10,7,20,0.1000,2026,9996100340,9996100161,51,3215
docs\inst_test\instancias\n_1000_6,500,10,7,20,0.1000,123,9996100338,9996100114,57,3215
docs\inst_test\instancias\n_1000_6,500,10,7,20,0.2000,42,9996100341,9996100155,56,3215
docs\inst_test\instancias\n_1000_6,500,10,7,20,0.2000,123,9996100338,9996100114,55,3215
docs\inst_test\instancias\n_1000_6,500,10,7,20,0.2000,2026,9996100340,9996100107,52,3215
docs\inst_test\instancias\n_1000_6,500,10,7,20,0.3000,2026,9996100344,9996100131,52,3215
docs\inst_test\instancias\n_1000_6,500,10,7,20,0.3000,42,9996100342,9996100137,56,3215
docs\inst_test\instancias\n_1000_6,500,10,7,20,0.3000,123,9996100338,9996100114,59,3215
docs\inst_test\instancias\n_1000_6,500,10,10,5,0.1000,42,9996100340,9996100161,63,3215
docs\inst_test\instancias\n_1000_6,500,10,10,5,0.1000,123,9996100344,9996100077,65,3215
docs\inst_test\instancias\n_1000_6,500,10,10,5,0.2000,42,9996100344,9996100110,62,3215
docs\inst_test\instancias\n_1000_6,500,10,10,5,0.1000,2026,9996100340,9996100161,63,3215
docs\inst_test\instancias\n_1000_6,500,10,10,5,0.2000,123,9996100344,9996100077,61,3215
docs\inst_test\instancias\n_1000_6,500,10,10,5,0.2000,2026,9996100340,9996100107,62,3215
docs\inst_test\instancias\n_1000_6,500,10,10,5,0.3000,42,9996100344,9996100110,66,3215
docs\inst_test\instancias\n_1000_6,500,10,10,5,0.3000,2026,9996100344,9996100131,64,3215
docs\inst_test\instancias\n_1000_6,500,10,10,5,0.3000,123,9996100344,9996100077,73,3215
docs\inst_test\instancias\n_1000_6,500,10,10,10,0.1000,42,9996100340,9996100161,60,3215
docs\inst_test\instancias\n_1000_6,500,10,10,10,0.1000,2026,9996100340,9996100161,56,3215
docs\inst_test\instancias\n_1000_6,500,10,10,10,0.1000,123,9996100344,9996100077,59,3215
docs\inst_test\instancias\n_1000_6,500,10,10,10,0.2000,42,9996100341,9996100155,56,3215
docs\inst_test\instancias\n_1000_6,500,10,10,10,0.2000,123,9996100344,9996100077,56,3215
docs\inst_test\instancias\n_1000_6,500,10,10,10,0.2000,2026,9996100340,9996100107,57,3215
docs\inst_test\instancias\n_1000_6,500,10,10,20,0.1000,42,9996100338,9996100114,52,3215
docs\inst_test\instancias\n_1000_6,500,10,10,10,0.3000,123,9996100344,9996100077,55,3215
docs\inst_test\instancias\n_1000_6,500,10,10,10,0.3000,42,9996100342,9996100137,56,3215
docs\inst_test\instancias\n_1000_6,500,10,10,20,0.1000,123,9996100338,9996100114,58,3215
docs\inst_test\instancias\n_1000_6,500,10,10,10,0.3000,2026,9996100344,9996100131,61,3215
docs\inst_test\instancias\n_1000_6,500,10,10,20,0.1000,2026,9996100340,9996100161,57,3215
docs\inst_test\instancias\n_1000_6,500,10,10,20,0.2000,123,9996100338,9996100114,51,3215
docs\inst_test\instancias\n_1000_6,500,10,10,20,0.2000,42,9996100341,9996100155,62,3215
docs\inst_test\instancias\n_1000_6,500,10,10,20,0.2000,2026,9996100340,9996100107,50,3215
docs\inst_test\instancias\n_1000_6,500,10,10,20,0.3000,42,9996100342,9996100137,50,3215
docs\inst_test\instancias\n_1000_6,500,10,10,20,0.3000,123,9996100338,9996100114,51,3215
docs\inst_test\instancias\n_1000_6,500,10,10,20,0.3000,2026,9996100344,9996100131,52,3215
docs\inst_test\instancias\n_1000_6,500,10,15,5,0.1000,42,9996100340,9996100161,63,3215
docs\inst_test\instancias\n_1000_6,500,10,15,5,0.1000,123,9996100344,9996100077,63,3215
docs\inst_test\instancias\n_1000_6,500,10,15,5,0.1000,2026,9996100340,9996100161,60,3215
docs\inst_test\instancias\n_1000_6,500,10,15,5,0.2000,42,9996100344,9996100110,61,3215
docs\inst_test\instancias\n_1000_6,500,10,15,5,0.2000,2026,9996100340,9996100107,59,3215
docs\inst_test\instancias\n_1000_6,500,10,15,5,0.2000,123,9996100344,9996100077,61,3215
docs\inst_test\instancias\n_1000_6,500,10,15,5,0.3000,42,9996100344,9996100110,60,3215
docs\inst_test\instancias\n_1000_6,500,10,15,5,0.3000,123,9996100344,9996100077,59,3215
docs\inst_test\instancias\n_1000_6,500,10,15,5,0.3000,2026,9996100344,9996100131,61,3215
docs\inst_test\instancias\n_1000_6,500,10,15,10,0.1000,42,9996100340,9996100161,54,3215
docs\inst_test\instancias\n_1000_6,500,10,15,10,0.1000,123,9996100344,9996100077,53,3215
docs\inst_test\instancias\n_1000_6,500,10,15,10,0.1000,2026,9996100340,9996100161,53,3215
docs\inst_test\instancias\n_1000_6,500,10,15,10,0.2000,2026,9996100340,9996100107,53,3215
docs\inst_test\instancias\n_1000_6,500,10,15,10,0.2000,123,9996100344,9996100077,56,3215
docs\inst_test\instancias\n_1000_6,500,10,15,10,0.2000,42,9996100341,9996100155,66,3215
docs\inst_test\instancias\n_1000_6,500,10,15,10,0.3000,42,9996100342,9996100137,56,3215
docs\inst_test\instancias\n_1000_6,500,10,15,10,0.3000,123,9996100344,9996100077,53,3215
docs\inst_test\instancias\n_1000_6,500,10,15,10,0.3000,2026,9996100344,9996100131,57,3215
docs\inst_test\instancias\n_1000_6,500,10,15,20,0.1000,42,9996100338,9996100114,52,3215
docs\inst_test\instancias\n_1000_6,500,10,15,20,0.1000,123,9996100338,9996100114,49,3215
docs\inst_test\instancias\n_1000_6,500,10,15,20,0.1000,2026,9996100340,9996100161,49,3215
docs\inst_test\instancias\n_1000_6,500,10,15,20,0.2000,42,9996100341,9996100155,49,3215
docs\inst_test\instancias\n_1000_6,500,10,15,20,0.2000,123,9996100338,9996100114,53,3215
docs\inst_test\instancias\n_1000_6,500,10,15,20,0.2000,2026,9996100340,9996100107,56,3215
docs\inst_test\instancias\n_1000_6,500,10,15,20,0.3000,42,9996100342,9996100137,63,3215
docs\inst_test\instancias\n_1000_6,500,10,15,20,0.3000,123,9996100338,9996100114,57,3215
docs\inst_test\instancias\n_1000_6,500,10,15,20,0.3000,2026,9996100344,9996100131,52,3215
docs\inst_test\instancias\n_1000_6,500,15,7,5,0.1000,42,9996100340,9996100161,59,3215
docs\inst_test\instancias\n_1000_6,500,15,7,5,0.1000,2026,9996100340,9996100161,60,3215
docs\inst_test\instancias\n_1000_6,500,15,7,5,0.1000,123,9996100344,9996100077,63,3215
docs\inst_test\instancias\n_1000_6,500,15,7,5,0.2000,42,9996100344,9996100110,63,3215
docs\inst_test\instancias\n_1000_6,500,15,7,5,0.2000,123,9996100344,9996100077,63,3215
docs\inst_test\instancias\n_1000_6,500,15,7,5,0.2000,2026,9996100340,9996100107,60,3215
docs\inst_test\instancias\n_1000_6,500,15,7,5,0.3000,42,9996100344,9996100110,61,3215
docs\inst_test\instancias\n_1000_6,500,15,7,5,0.3000,123,9996100344,9996100077,62,3215
docs\inst_test\instancias\n_1000_6,500,15,7,10,0.1000,42,9996100340,9996100161,53,3215
docs\inst_test\instancias\n_1000_6,500,15,7,5,0.3000,2026,9996100344,9996100131,59,3215
docs\inst_test\instancias\n_1000_6,500,15,7,10,0.1000,123,9996100344,9996100077,57,3215
docs\inst_test\instancias\n_1000_6,500,15,7,10,0.1000,2026,9996100340,9996100161,56,3215
docs\inst_test\instancias\n_1000_6,500,15,7,10,0.2000,42,9996100341,9996100155,54,3215
docs\inst_test\instancias\n_1000_6,500,15,7,10,0.2000,123,9996100344,9996100077,55,3215
docs\inst_test\instancias\n_1000_6,500,15,7,10,0.2000,2026,9996100340,9996100107,54,3215
docs\inst_test\instancias\n_1000_6,500,15,7,10,0.3000,42,9996100342,9996100137,60,3215
docs\inst_test\instancias\n_1000_6,500,15,7,10,0.3000,2026,9996100344,9996100131,54,3215
docs\inst_test\instancias\n_1000_6,500,15,7,20,0.1000,42,9996100338,9996100114,49,3215
docs\inst_test\instancias\n_1000_6,500,15,7,10,0.3000,123,9996100344,9996100077,59,3215
docs\inst_test\instancias\n_1000_6,500,15,7,20,0.1000,123,9996100338,9996100114,50,3215
docs\inst_test\instancias\n_1000_6,500,15,7,20,0.1000,2026,9996100340,9996100161,56,3215
docs\inst_test\instancias\n_1000_6,500,15,7,20,0.2000,42,9996100341,9996100155,51,3215
docs\inst_test\instancias\n_1000_6,500,15,7,20,0.2000,123,9996100338,9996100114,51,3215
docs\inst_test\instancias\n_1000_6,500,15,7,20,0.3000,42,9996100342,9996100137,50,3215
docs\inst_test\instancias\n_1000_6,500,15,7,20,0.3000,123,9996100338,9996100114,49,3215
docs\inst_test\instancias\n_1000_6,500,15,7,20,0.2000,2026,9996100340,9996100107,53,3215
docs\inst_test\instancias\n_1000_6,500,15,7,20,0.3000,2026,9996100344,9996100131,50,3215
docs\inst_test\instancias\n_1000_6,500,15,10,5,0.1000,42,9996100340,9996100161,60,3215
docs\inst_test\instancias\n_1000_6,500,15,10,5,0.1000,123,9996100344,9996100077,64,3215
docs\inst_test\instancias\n_1000_6,500,15,10,5,0.1000,2026,9996100340,9996100161,65,3215
docs\inst_test\instancias\n_1000_6,500,15,10,5,0.2000,42,9996100344,9996100110,68,3215
docs\inst_test\instancias\n_1000_6,500,15,10,5,0.2000,123,9996100344,9996100077,59,3215
docs\inst_test\instancias\n_1000_6,500,15,10,5,0.2000,2026,9996100340,9996100107,59,3215
docs\inst_test\instancias\n_1000_6,500,15,10,5,0.3000,123,9996100344,9996100077,60,3215
docs\inst_test\instancias\n_1000_6,500,15,10,5,0.3000,42,9996100344,9996100110,62,3215
docs\inst_test\instancias\n_1000_6,500,15,10,5,0.3000,2026,9996100344,9996100131,60,3215
docs\inst_test\instancias\n_1000_6,500,15,10,10,0.1000,42,9996100340,9996100161,53,3215
docs\inst_test\instancias\n_1000_6,500,15,10,10,0.1000,123,9996100344,9996100077,54,3215
docs\inst_test\instancias\n_1000_6,500,15,10,10,0.1000,2026,9996100340,9996100161,59,3215
docs\inst_test\instancias\n_1000_6,500,15,10,10,0.2000,42,9996100341,9996100155,55,3215
docs\inst_test\instancias\n_1000_6,500,15,10,10,0.2000,123,9996100344,9996100077,57,3215
docs\inst_test\instancias\n_1000_6,500,15,10,10,0.2000,2026,9996100340,9996100107,52,3215
docs\inst_test\instancias\n_1000_6,500,15,10,10,0.3000,42,9996100342,9996100137,57,3215
docs\inst_test\instancias\n_1000_6,500,15,10,10,0.3000,123,9996100344,9996100077,53,3215
docs\inst_test\instancias\n_1000_6,500,15,10,10,0.3000,2026,9996100344,9996100131,56,3215
docs\inst_test\instancias\n_1000_6,500,15,10,20,0.1000,42,9996100338,9996100114,49,3215
docs\inst_test\instancias\n_1000_6,500,15,10,20,0.1000,123,9996100338,9996100114,50,3215
docs\inst_test\instancias\n_1000_6,500,15,10,20,0.2000,42,9996100341,9996100155,49,3215
docs\inst_test\instancias\n_1000_6,500,15,10,20,0.2000,123,9996100338,9996100114,50,3215
docs\inst_test\instancias\n_1000_6,500,15,10,20,0.1000,2026,9996100340,9996100161,52,3215
docs\inst_test\instancias\n_1000_6,500,15,10,20,0.2000,2026,9996100340,9996100107,50,3215
docs\inst_test\instancias\n_1000_6,500,15,10,20,0.3000,42,9996100342,9996100137,51,3215
docs\inst_test\instancias\n_1000_6,500,15,10,20,0.3000,123,9996100338,9996100114,50,3215
docs\inst_test\instancias\n_1000_6,500,15,10,20,0.3000,2026,9996100344,9996100131,50,3215
docs\inst_test\instancias\n_1000_6,500,15,15,5,0.1000,42,9996100340,9996100161,63,3215
docs\inst_test\instancias\n_1000_6,500,15,15,5,0.1000,2026,9996100340,9996100161,59,3215
docs\inst_test\instancias\n_1000_6,500,15,15,5,0.1000,123,9996100344,9996100077,61,3215
docs\inst_test\instancias\n_1000_6,500,15,15,5,0.2000,42,9996100344,9996100110,61,3215
docs\inst_test\instancias\n_1000_6,500,15,15,5,0.2000,123,9996100344,9996100077,61,3215
docs\inst_test\instancias\n_1000_6,500,15,15,5,0.2000,2026,9996100340,9996100107,61,3215
docs\inst_test\instancias\n_1000_6,500,15,15,5,0.3000,42,9996100344,9996100110,60,3215
docs\inst_test\instancias\n_1000_6,500,15,15,5,0.3000,123,9996100344,9996100077,64,3215
docs\inst_test\instancias\n_1000_6,500,15,15,10,0.1000,42,9996100340,9996100161,52,3215
docs\inst_test\instancias\n_1000_6,500,15,15,10,0.1000,123,9996100344,9996100077,53,3215
docs\inst_test\instancias\n_1000_6,500,15,15,5,0.3000,2026,9996100344,9996100131,59,3215
docs\inst_test\instancias\n_1000_6,500,15,15,10,0.1000,2026,9996100340,9996100161,55,3215
docs\inst_test\instancias\n_1000_6,500,15,15,10,0.2000,42,9996100341,9996100155,60,3215
docs\inst_test\instancias\n_1000_6,500,15,15,10,0.2000,123,9996100344,9996100077,54,3215
docs\inst_test\instancias\n_1000_6,500,15,15,10,0.2000,2026,9996100340,9996100107,55,3215
docs\inst_test\instancias\n_1000_6,500,15,15,10,0.3000,42,9996100342,9996100137,53,3215
docs\inst_test\instancias\n_1000_6,500,15,15,10,0.3000,123,9996100344,9996100077,53,3215
docs\inst_test\instancias\n_1000_6,500,15,15,20,0.1000,123,9996100338,9996100114,50,3215
docs\inst_test\instancias\n_1000_6,500,15,15,20,0.1000,42,9996100338,9996100114,52,3215
docs\inst_test\instancias\n_1000_6,500,15,15,10,0.3000,2026,9996100344,9996100131,54,3215
docs\inst_test\instancias\n_1000_6,500,15,15,20,0.1000,2026,9996100340,9996100161,52,3215
docs\inst_test\instancias\n_1000_6,500,15,15,20,0.2000,42,9996100341,9996100155,54,3215
docs\inst_test\instancias\n_1000_6,500,15,15,20,0.2000,123,9996100338,9996100114,50,3215
docs\inst_test\instancias\n_1000_6,500,15,15,20,0.2000,2026,9996100340,9996100107,51,3215
docs\inst_test\instancias\n_1000_6,500,15,15,20,0.3000,42,9996100342,9996100137,50,3215
docs\inst_test\instancias\n_1000_6,500,15,15,20,0.3000,2026,9996100344,9996100131,51,3215
docs\inst_test\instancias\n_1000_6,500,15,15,20,0.3000,123,9996100338,9996100114,53,3215
docs\inst_test\instancias\n_1000_6,500,20,7,5,0.1000,42,9996100340,9996100161,67,3215
docs\inst_test\instancias\n_1000_6,500,20,7,5,0.1000,123,9996100344,9996100077,60,3215
docs\inst_test\instancias\n_1000_6,500,20,7,5,0.1000,2026,9996100340,9996100161,61,3215
docs\inst_test\instancias\n_1000_6,500,20,7,5,0.2000,42,9996100344,9996100110,59,3215
docs\inst_test\instancias\n_1000_6,500,20,7,5,0.2000,123,9996100344,9996100077,65,3215
docs\inst_test\instancias\n_1000_6,500,20,7,5,0.2000,2026,9996100340,9996100107,60,3215
docs\inst_test\instancias\n_1000_6,500,20,7,5,0.3000,123,9996100344,9996100077,60,3215
docs\inst_test\instancias\n_1000_6,500,20,7,5,0.3000,42,9996100344,9996100110,63,3215
docs\inst_test\instancias\n_1000_6,500,20,7,10,0.1000,42,9996100340,9996100161,52,3215
docs\inst_test\instancias\n_1000_6,500,20,7,5,0.3000,2026,9996100344,9996100131,62,3215
docs\inst_test\instancias\n_1000_6,500,20,7,10,0.1000,123,9996100344,9996100077,53,3215
docs\inst_test\instancias\n_1000_6,500,20,7,10,0.1000,2026,9996100340,9996100161,59,3215
docs\inst_test\instancias\n_1000_6,500,20,7,10,0.2000,42,9996100341,9996100155,55,3215
docs\inst_test\instancias\n_1000_6,500,20,7,10,0.2000,123,9996100344,9996100077,53,3215
docs\inst_test\instancias\n_1000_6,500,20,7,10,0.2000,2026,9996100340,9996100107,53,3215
docs\inst_test\instancias\n_1000_6,500,20,7,10,0.3000,42,9996100342,9996100137,57,3215
docs\inst_test\instancias\n_1000_6,500,20,7,10,0.3000,123,9996100344,9996100077,53,3215
docs\inst_test\instancias\n_1000_6,500,20,7,10,0.3000,2026,9996100344,9996100131,61,3215
docs\inst_test\instancias\n_1000_6,500,20,7,20,0.1000,42,9996100338,9996100114,56,3215
docs\inst_test\instancias\n_1000_6,500,20,7,20,0.1000,123,9996100338,9996100114,52,3215
docs\inst_test\instancias\n_1000_6,500,20,7,20,0.1000,2026,9996100340,9996100161,49,3215
docs\inst_test\instancias\n_1000_6,500,20,7,20,0.2000,42,9996100341,9996100155,51,3215
docs\inst_test\instancias\n_1000_6,500,20,7,20,0.2000,123,9996100338,9996100114,49,3215
docs\inst_test\instancias\n_1000_6,500,20,7,20,0.2000,2026,9996100340,9996100107,52,3215
docs\inst_test\instancias\n_1000_6,500,20,7,20,0.3000,42,9996100342,9996100137,54,3215
docs\inst_test\instancias\n_1000_6,500,20,7,20,0.3000,123,9996100338,9996100114,54,3215
docs\inst_test\instancias\n_1000_6,500,20,7,20,0.3000,2026,9996100344,9996100131,56,3215
docs\inst_test\instancias\n_1000_6,500,20,10,5,0.1000,42,9996100340,9996100161,62,3215
docs\inst_test\instancias\n_1000_6,500,20,10,5,0.1000,123,9996100344,9996100077,62,3215
docs\inst_test\instancias\n_1000_6,500,20,10,5,0.1000,2026,9996100340,9996100161,61,3215
docs\inst_test\instancias\n_1000_6,500,20,10,5,0.2000,42,9996100344,9996100110,62,3215
docs\inst_test\instancias\n_1000_6,500,20,10,5,0.2000,123,9996100344,9996100077,64,3215
docs\inst_test\instancias\n_1000_6,500,20,10,5,0.2000,2026,9996100340,9996100107,64,3215
docs\inst_test\instancias\n_1000_6,500,20,10,5,0.3000,42,9996100344,9996100110,63,3215
docs\inst_test\instancias\n_1000_6,500,20,10,5,0.3000,123,9996100344,9996100077,64,3215
docs\inst_test\instancias\n_1000_6,500,20,10,5,0.3000,2026,9996100344,9996100131,61,3215
docs\inst_test\instancias\n_1000_6,500,20,10,10,0.1000,42,9996100340,9996100161,54,3215
docs\inst_test\instancias\n_1000_6,500,20,10,10,0.1000,123,9996100344,9996100077,53,3215
docs\inst_test\instancias\n_1000_6,500,20,10,10,0.1000,2026,9996100340,9996100161,54,3215
docs\inst_test\instancias\n_1000_6,500,20,10,10,0.2000,42,9996100341,9996100155,53,3215
docs\inst_test\instancias\n_1000_6,500,20,10,10,0.2000,123,9996100344,9996100077,55,3215
docs\inst_test\instancias\n_1000_6,500,20,10,10,0.2000,2026,9996100340,9996100107,58,3215
docs\inst_test\instancias\n_1000_6,500,20,10,10,0.3000,42,9996100342,9996100137,54,3215
docs\inst_test\instancias\n_1000_6,500,20,10,10,0.3000,123,9996100344,9996100077,53,3215
docs\inst_test\instancias\n_1000_6,500,20,10,20,0.1000,42,9996100338,9996100114,49,3215
docs\inst_test\instancias\n_1000_6,500,20,10,10,0.3000,2026,9996100344,9996100131,57,3215
docs\inst_test\instancias\n_1000_6,500,20,10,20,0.1000,123,9996100338,9996100114,52,3215
docs\inst_test\instancias\n_1000_6,500,20,10,20,0.1000,2026,9996100340,9996100161,49,3215
docs\inst_test\instancias\n_1000_6,500,20,10,20,0.2000,42,9996100341,9996100155,51,3215
docs\inst_test\instancias\n_1000_6,500,20,10,20,0.2000,123,9996100338,9996100114,50,3215
docs\inst_test\instancias\n_1000_6,500,20,10,20,0.3000,123,9996100338,9996100114,49,3215
docs\inst_test\instancias\n_1000_6,500,20,10,20,0.3000,42,9996100342,9996100137,51,3215
docs\inst_test\instancias\n_1000_6,500,20,10,20,0.2000,2026,9996100340,9996100107,60,3215
docs\inst_test\instancias\n_1000_6,500,20,10,20,0.3000,2026,9996100344,9996100131,54,3215
docs\inst_test\instancias\n_1000_6,500,20,15,5,0.1000,42,9996100340,9996100161,60,3215
docs\inst_test\instancias\n_1000_6,500,20,15,5,0.1000,123,9996100344,9996100077,59,3215
docs\inst_test\instancias\n_1000_6,500,20,15,5,0.1000,2026,9996100340,9996100161,64,3215
docs\inst_test\instancias\n_1000_6,500,20,15,5,0.2000,42,9996100344,9996100110,59,3215
docs\inst_test\instancias\n_1000_6,500,20,15,5,0.2000,123,9996100344,9996100077,64,3215
docs\inst_test\instancias\n_1000_6,500,20,15,5,0.3000,42,9996100344,9996100110,59,3215
docs\inst_test\instancias\n_1000_6,500,20,15,5,0.2000,2026,9996100340,9996100107,64,3215
docs\inst_test\instancias\n_1000_6,500,20,15,5,0.3000,123,9996100344,9996100077,61,3215
docs\inst_test\instancias\n_1000_6,500,20,15,5,0.3000,2026,9996100344,9996100131,63,3215
docs\inst_test\instancias\n_1000_6,500,20,15,10,0.1000,42,9996100340,9996100161,67,3215
docs\inst_test\instancias\n_1000_6,500,20,15,10,0.1000,123,9996100344,9996100077,53,3215
docs\inst_test\instancias\n_1000_6,500,20,15,10,0.1000,2026,9996100340,9996100161,58,3215
docs\inst_test\instancias\n_1000_6,500,20,15,10,0.2000,123,9996100344,9996100077,56,3215
docs\inst_test\instancias\n_1000_6,500,20,15,10,0.3000,42,9996100342,9996100137,54,3215
docs\inst_test\instancias\n_1000_6,500,20,15,10,0.2000,42,9996100341,9996100155,65,3215
docs\inst_test\instancias\n_1000_6,500,20,15,10,0.2000,2026,9996100340,9996100107,65,3215
docs\inst_test\instancias\n_1000_6,500,20,15,10,0.3000,123,9996100344,9996100077,57,3215
docs\inst_test\instancias\n_1000_6,500,20,15,10,0.3000,2026,9996100344,9996100131,54,3215
docs\inst_test\instancias\n_1000_6,500,20,15,20,0.1000,42,9996100338,9996100114,59,3215
docs\inst_test\instancias\n_1000_6,500,20,15,20,0.1000,123,9996100338,9996100114,49,3215
docs\inst_test\instancias\n_1000_6,500,20,15,20,0.1000,2026,9996100340,9996100161,52,3215
docs\inst_test\instancias\n_1000_6,500,20,15,20,0.2000,42,9996100341,9996100155,51,3215
docs\inst_test\instancias\n_1000_6,500,20,15,20,0.2000,123,9996100338,9996100114,51,3215
docs\inst_test\instancias\n_1000_6,500,20,15,20,0.2000,2026,9996100340,9996100107,50,3215
docs\inst_test\instancias\n_1000_6,500,20,15,20,0.3000,42,9996100342,9996100137,54,3215
docs\inst_test\instancias\n_1000_6,500,20,15,20,0.3000,123,9996100338,9996100114,49,3215
docs\inst_test\instancias\n_1000_6,500,20,15,20,0.3000,2026,9996100344,9996100131,50,3215
docs\inst_test\instancias\n_1000_7,100,10,7,5,0.2000,2026,9996105257,9996103798,12,3251
docs\inst_test\instancias\n_1000_7,100,10,7,5,0.1000,42,9996105257,9996103798,13,3251
docs\inst_test\instancias\n_1000_7,100,10,7,5,0.2000,123,9996105257,9996103798,16,3251
docs\inst_test\instancias\n_1000_7,100,10,7,5,0.1000,2026,9996105257,9996103798,17,3251
docs\inst_test\instancias\n_1000_7,100,10,7,5,0.1000,123,9996105257,9996103798,18,3251
docs\inst_test\instancias\n_1000_7,100,10,7,5,0.3000,42,9996105257,9996103798,18,3251
docs\inst_test\instancias\n_1000_7,100,10,7,5,0.2000,42,9996105257,9996103798,22,3251
docs\inst_test\instancias\n_1000_7,100,10,7,5,0.3000,123,9996105257,9996103798,22,3251
docs\inst_test\instancias\n_1000_7,100,10,7,10,0.1000,42,9996105257,9996103798,11,3251
docs\inst_test\instancias\n_1000_7,100,10,7,10,0.1000,123,9996105257,9996103798,11,3251
docs\inst_test\instancias\n_1000_7,100,10,7,10,0.1000,2026,9996105257,9996103798,11,3251
docs\inst_test\instancias\n_1000_7,100,10,7,10,0.2000,42,9996105257,9996103798,13,3251
docs\inst_test\instancias\n_1000_7,100,10,7,5,0.3000,2026,9996105257,9996103798,19,3251
docs\inst_test\instancias\n_1000_7,100,10,7,10,0.2000,2026,9996105257,9996103798,13,3251
docs\inst_test\instancias\n_1000_7,100,10,7,10,0.3000,42,9996105257,9996103798,13,3251
docs\inst_test\instancias\n_1000_7,100,10,7,10,0.3000,123,9996105257,9996103798,11,3251
docs\inst_test\instancias\n_1000_7,100,10,7,10,0.2000,123,9996105257,9996103798,22,3251
docs\inst_test\instancias\n_1000_7,100,10,7,20,0.1000,42,9996105257,9996103798,12,3251
docs\inst_test\instancias\n_1000_7,100,10,7,10,0.3000,2026,9996105257,9996103798,14,3251
docs\inst_test\instancias\n_1000_7,100,10,7,20,0.1000,123,9996105257,9996103798,13,3251
docs\inst_test\instancias\n_1000_7,100,10,7,20,0.1000,2026,9996105257,9996103798,14,3251
docs\inst_test\instancias\n_1000_7,100,10,7,20,0.2000,2026,9996105257,9996103798,11,3251
docs\inst_test\instancias\n_1000_7,100,10,7,20,0.3000,42,9996105257,9996103798,10,3251
docs\inst_test\instancias\n_1000_7,100,10,7,20,0.3000,123,9996105257,9996103798,11,3251
docs\inst_test\instancias\n_1000_7,100,10,7,20,0.2000,42,9996105257,9996103798,17,3251
docs\inst_test\instancias\n_1000_7,100,10,7,20,0.2000,123,9996105257,9996103798,18,3251
docs\inst_test\instancias\n_1000_7,100,10,10,5,0.1000,42,9996105257,9996103798,11,3251
docs\inst_test\instancias\n_1000_7,100,10,10,5,0.1000,2026,9996105257,9996103798,11,3251
docs\inst_test\instancias\n_1000_7,100,10,10,5,0.1000,123,9996105257,9996103798,16,3251
docs\inst_test\instancias\n_1000_7,100,10,10,5,0.2000,42,9996105257,9996103798,12,3251
docs\inst_test\instancias\n_1000_7,100,10,10,5,0.2000,123,9996105257,9996103798,13,3251
docs\inst_test\instancias\n_1000_7,100,10,7,20,0.3000,2026,9996105257,9996103798,25,3251
docs\inst_test\instancias\n_1000_7,100,10,10,5,0.3000,42,9996105257,9996103798,15,3251
docs\inst_test\instancias\n_1000_7,100,10,10,5,0.3000,123,9996105257,9996103798,14,3251
docs\inst_test\instancias\n_1000_7,100,10,10,5,0.3000,2026,9996105257,9996103798,13,3251
docs\inst_test\instancias\n_1000_7,100,10,10,10,0.1000,42,9996105257,9996103798,11,3251
docs\inst_test\instancias\n_1000_7,100,10,10,5,0.2000,2026,9996105257,9996103798,25,3251
docs\inst_test\instancias\n_1000_7,100,10,10,10,0.2000,42,9996105257,9996103798,11,3251
docs\inst_test\instancias\n_1000_7,100,10,10,10,0.1000,2026,9996105257,9996103798,13,3251
docs\inst_test\instancias\n_1000_7,100,10,10,10,0.2000,123,9996105257,9996103798,11,3251
docs\inst_test\instancias\n_1000_7,100,10,10,10,0.1000,123,9996105257,9996103798,17,3251
docs\inst_test\instancias\n_1000_7,100,10,10,10,0.2000,2026,9996105257,9996103798,11,3251
docs\inst_test\instancias\n_1000_7,100,10,10,10,0.3000,123,9996105257,9996103798,11,3251
docs\inst_test\instancias\n_1000_7,100,10,10,10,0.3000,42,9996105257,9996103798,14,3251
docs\inst_test\instancias\n_1000_7,100,10,10,10,0.3000,2026,9996105257,9996103798,11,3251
docs\inst_test\instancias\n_1000_7,100,10,10,20,0.1000,123,9996105257,9996103798,10,3251
docs\inst_test\instancias\n_1000_7,100,10,10,20,0.1000,42,9996105257,9996103798,12,3251
docs\inst_test\instancias\n_1000_7,100,10,10,20,0.1000,2026,9996105257,9996103798,10,3251
docs\inst_test\instancias\n_1000_7,100,10,10,20,0.2000,123,9996105257,9996103798,10,3251
docs\inst_test\instancias\n_1000_7,100,10,10,20,0.2000,42,9996105257,9996103798,12,3251
docs\inst_test\instancias\n_1000_7,100,10,10,20,0.2000,2026,9996105257,9996103798,10,3251
docs\inst_test\instancias\n_1000_7,100,10,10,20,0.3000,42,9996105257,9996103798,12,3251
docs\inst_test\instancias\n_1000_7,100,10,10,20,0.3000,123,9996105257,9996103798,10,3251
docs\inst_test\instancias\n_1000_7,100,10,10,20,0.3000,2026,9996105257,9996103798,10,3251
docs\inst_test\instancias\n_1000_7,100,10,15,5,0.1000,42,9996105257,9996103798,13,3251
docs\inst_test\instancias\n_1000_7,100,10,15,5,0.1000,123,9996105257,9996103798,14,3251
docs\inst_test\instancias\n_1000_7,100,10,15,5,0.2000,42,9996105257,9996103798,12,3251
docs\inst_test\instancias\n_1000_7,100,10,15,5,0.1000,2026,9996105257,9996103798,13,3251
docs\inst_test\instancias\n_1000_7,100,10,15,5,0.2000,123,9996105257,9996103798,13,3251
docs\inst_test\instancias\n_1000_7,100,10,15,5,0.2000,2026,9996105257,9996103798,13,3251
docs\inst_test\instancias\n_1000_7,100,10,15,5,0.3000,123,9996105257,9996103798,13,3251
docs\inst_test\instancias\n_1000_7,100,10,15,5,0.3000,42,9996105257,9996103798,13,3251
docs\inst_test\instancias\n_1000_7,100,10,15,5,0.3000,2026,9996105257,9996103798,12,3251
docs\inst_test\instancias\n_1000_7,100,10,15,10,0.1000,123,9996105257,9996103798,11,3251
docs\inst_test\instancias\n_1000_7,100,10,15,10,0.1000,2026,9996105257,9996103798,11,3251
docs\inst_test\instancias\n_1000_7,100,10,15,10,0.2000,42,9996105257,9996103798,10,3251
docs\inst_test\instancias\n_1000_7,100,10,15,10,0.1000,42,9996105257,9996103798,15,3251
docs\inst_test\instancias\n_1000_7,100,10,15,10,0.2000,123,9996105257,9996103798,11,3251
docs\inst_test\instancias\n_1000_7,100,10,15,10,0.2000,2026,9996105257,9996103798,11,3251
docs\inst_test\instancias\n_1000_7,100,10,15,10,0.3000,123,9996105257,9996103798,10,3251
docs\inst_test\instancias\n_1000_7,100,10,15,20,0.1000,42,9996105257,9996103798,11,3251
docs\inst_test\instancias\n_1000_7,100,10,15,10,0.3000,2026,9996105257,9996103798,11,3251
docs\inst_test\instancias\n_1000_7,100,10,15,10,0.3000,42,9996105257,9996103798,17,3251
docs\inst_test\instancias\n_1000_7,100,10,15,20,0.1000,123,9996105257,9996103798,10,3251
docs\inst_test\instancias\n_1000_7,100,10,15,20,0.2000,123,9996105257,9996103798,11,3251
docs\inst_test\instancias\n_1000_7,100,10,15,20,0.1000,2026,9996105257,9996103798,16,3251
docs\inst_test\instancias\n_1000_7,100,10,15,20,0.2000,42,9996105257,9996103798,13,3251
docs\inst_test\instancias\n_1000_7,100,10,15,20,0.2000,2026,9996105257,9996103798,10,3251
docs\inst_test\instancias\n_1000_7,100,10,15,20,0.3000,123,9996105257,9996103798,11,3251
docs\inst_test\instancias\n_1000_7,100,10,15,20,0.3000,42,9996105257,9996103798,13,3251
docs\inst_test\instancias\n_1000_7,100,10,15,20,0.3000,2026,9996105257,9996103798,11,3251
docs\inst_test\instancias\n_1000_7,100,15,7,5,0.1000,42,9996105257,9996103798,13,3251
docs\inst_test\instancias\n_1000_7,100,15,7,5,0.1000,123,9996105257,9996103798,12,3251
docs\inst_test\instancias\n_1000_7,100,15,7,5,0.2000,42,9996105257,9996103798,12,3251
docs\inst_test\instancias\n_1000_7,100,15,7,5,0.1000,2026,9996105257,9996103798,12,3251
docs\inst_test\instancias\n_1000_7,100,15,7,5,0.2000,123,9996105257,9996103798,13,3251
docs\inst_test\instancias\n_1000_7,100,15,7,5,0.2000,2026,9996105257,9996103798,12,3251
docs\inst_test\instancias\n_1000_7,100,15,7,5,0.3000,42,9996105257,9996103798,12,3251
docs\inst_test\instancias\n_1000_7,100,15,7,5,0.3000,123,9996105257,9996103798,12,3251
docs\inst_test\instancias\n_1000_7,100,15,7,5,0.3000,2026,9996105257,9996103798,11,3251
docs\inst_test\instancias\n_1000_7,100,15,7,10,0.1000,42,9996105257,9996103798,11,3251
docs\inst_test\instancias\n_1000_7,100,15,7,10,0.1000,123,9996105257,9996103798,10,3251
docs\inst_test\instancias\n_1000_7,100,15,7,10,0.1000,2026,9996105257,9996103798,10,3251
docs\inst_test\instancias\n_1000_7,100,15,7,10,0.2000,42,9996105257,9996103798,11,3251
docs\inst_test\instancias\n_1000_7,100,15,7,10,0.2000,123,9996105257,9996103798,11,3251
docs\inst_test\instancias\n_1000_7,100,15,7,10,0.2000,2026,9996105257,9996103798,11,3251
docs\inst_test\instancias\n_1000_7,100,15,7,10,0.3000,42,9996105257,9996103798,11,3251
docs\inst_test\instancias\n_1000_7,100,15,7,10,0.3000,123,9996105257,9996103798,11,3251
docs\inst_test\instancias\n_1000_7,100,15,7,20,0.1000,42,9996105257,9996103798,11,3251
docs\inst_test\instancias\n_1000_7,100,15,7,10,0.3000,2026,9996105257,9996103798,11,3251
docs\inst_test\instancias\n_1000_7,100,15,7,20,0.1000,2026,9996105257,9996103798,10,3251
docs\inst_test\instancias\n_1000_7,100,15,7,20,0.1000,123,9996105257,9996103798,13,3251
docs\inst_test\instancias\n_1000_7,100,15,7,20,0.2000,123,9996105257,9996103798,10,3251
docs\inst_test\instancias\n_1000_7,100,15,7,20,0.2000,2026,9996105257,9996103798,11,3251
docs\inst_test\instancias\n_1000_7,100,15,7,20,0.2000,42,9996105257,9996103798,13,3251
docs\inst_test\instancias\n_1000_7,100,15,7,20,0.3000,42,9996105257,9996103798,11,3251
docs\inst_test\instancias\n_1000_7,100,15,7,20,0.3000,123,9996105257,9996103798,10,3251
docs\inst_test\instancias\n_1000_7,100,15,7,20,0.3000,2026,9996105257,9996103798,11,3251
docs\inst_test\instancias\n_1000_7,100,15,10,5,0.1000,42,9996105257,9996103798,13,3251
docs\inst_test\instancias\n_1000_7,100,15,10,5,0.1000,123,9996105257,9996103798,12,3251
docs\inst_test\instancias\n_1000_7,100,15,10,5,0.1000,2026,9996105257,9996103798,12,3251
docs\inst_test\instancias\n_1000_7,100,15,10,5,0.2000,42,9996105257,9996103798,11,3251
docs\inst_test\instancias\n_1000_7,100,15,10,5,0.2000,123,9996105257,9996103798,11,3251
docs\inst_test\instancias\n_1000_7,100,15,10,5,0.2000,2026,9996105257,9996103798,12,3251
docs\inst_test\instancias\n_1000_7,100,15,10,5,0.3000,42,9996105257,9996103798,12,3251
docs\inst_test\instancias\n_1000_7,100,15,10,5,0.3000,123,9996105257,9996103798,12,3251
docs\inst_test\instancias\n_1000_7,100,15,10,10,0.1000,42,9996105257,9996103798,11,3251
docs\inst_test\instancias\n_1000_7,100,15,10,5,0.3000,2026,9996105257,9996103798,12,3251
docs\inst_test\instancias\n_1000_7,100,15,10,10,0.1000,123,9996105257,9996103798,11,3251
docs\inst_test\instancias\n_1000_7,100,15,10,10,0.1000,2026,9996105257,9996103798,11,3251
docs\inst_test\instancias\n_1000_7,100,15,10,10,0.2000,42,9996105257,9996103798,11,3251
docs\inst_test\instancias\n_1000_7,100,15,10,10,0.2000,123,9996105257,9996103798,11,3251
docs\inst_test\instancias\n_1000_7,100,15,10,10,0.2000,2026,9996105257,9996103798,10,3251
docs\inst_test\instancias\n_1000_7,100,15,10,10,0.3000,42,9996105257,9996103798,11,3251
docs\inst_test\instancias\n_1000_7,100,15,10,10,0.3000,123,9996105257,9996103798,11,3251
docs\inst_test\instancias\n_1000_7,100,15,10,10,0.3000,2026,9996105257,9996103798,12,3251
docs\inst_test\instancias\n_1000_7,100,15,10,20,0.1000,42,9996105257,9996103798,10,3251
docs\inst_test\instancias\n_1000_7,100,15,10,20,0.1000,2026,9996105257,9996103798,11,3251
docs\inst_test\instancias\n_1000_7,100,15,10,20,0.1000,123,9996105257,9996103798,11,3251
docs\inst_test\instancias\n_1000_7,100,15,10,20,0.2000,42,9996105257,9996103798,11,3251
docs\inst_test\instancias\n_1000_7,100,15,10,20,0.2000,123,9996105257,9996103798,10,3251
docs\inst_test\instancias\n_1000_7,100,15,10,20,0.2000,2026,9996105257,9996103798,10,3251
docs\inst_test\instancias\n_1000_7,100,15,10,20,0.3000,42,9996105257,9996103798,11,3251
docs\inst_test\instancias\n_1000_7,100,15,10,20,0.3000,123,9996105257,9996103798,10,3251
docs\inst_test\instancias\n_1000_7,100,15,10,20,0.3000,2026,9996105257,9996103798,10,3251
docs\inst_test\instancias\n_1000_7,100,15,15,5,0.1000,42,9996105257,9996103798,12,3251
docs\inst_test\instancias\n_1000_7,100,15,15,5,0.1000,123,9996105257,9996103798,12,3251
docs\inst_test\instancias\n_1000_7,100,15,15,5,0.1000,2026,9996105257,9996103798,12,3251
docs\inst_test\instancias\n_1000_7,100,15,15,5,0.2000,42,9996105257,9996103798,13,3251
docs\inst_test\instancias\n_1000_7,100,15,15,5,0.2000,123,9996105257,9996103798,12,3251
docs\inst_test\instancias\n_1000_7,100,15,15,5,0.3000,123,9996105257,9996103798,12,3251
docs\inst_test\instancias\n_1000_7,100,15,15,5,0.2000,2026,9996105257,9996103798,13,3251
docs\inst_test\instancias\n_1000_7,100,15,15,10,0.1000,42,9996105257,9996103798,10,3251
docs\inst_test\instancias\n_1000_7,100,15,15,5,0.3000,42,9996105257,9996103798,14,3251
docs\inst_test\instancias\n_1000_7,100,15,15,5,0.3000,2026,9996105257,9996103798,12,3251
docs\inst_test\instancias\n_1000_7,100,15,15,10,0.1000,123,9996105257,9996103798,11,3251
docs\inst_test\instancias\n_1000_7,100,15,15,10,0.1000,2026,9996105257,9996103798,11,3251
docs\inst_test\instancias\n_1000_7,100,15,15,10,0.2000,42,9996105257,9996103798,11,3251
docs\inst_test\instancias\n_1000_7,100,15,15,10,0.2000,123,9996105257,9996103798,11,3251
docs\inst_test\instancias\n_1000_7,100,15,15,10,0.2000,2026,9996105257,9996103798,12,3251
docs\inst_test\instancias\n_1000_7,100,15,15,10,0.3000,2026,9996105257,9996103798,11,3251
docs\inst_test\instancias\n_1000_7,100,15,15,10,0.3000,42,9996105257,9996103798,13,3251
docs\inst_test\instancias\n_1000_7,100,15,15,20,0.1000,42,9996105257,9996103798,10,3251
docs\inst_test\instancias\n_1000_7,100,15,15,10,0.3000,123,9996105257,9996103798,14,3251
docs\inst_test\instancias\n_1000_7,100,15,15,20,0.1000,123,9996105257,9996103798,10,3251
docs\inst_test\instancias\n_1000_7,100,15,15,20,0.1000,2026,9996105257,9996103798,10,3251
docs\inst_test\instancias\n_1000_7,100,15,15,20,0.2000,42,9996105257,9996103798,10,3251
docs\inst_test\instancias\n_1000_7,100,15,15,20,0.2000,123,9996105257,9996103798,10,3251
docs\inst_test\instancias\n_1000_7,100,15,15,20,0.2000,2026,9996105257,9996103798,9,3251
docs\inst_test\instancias\n_1000_7,100,15,15,20,0.3000,123,9996105257,9996103798,10,3251
docs\inst_test\instancias\n_1000_7,100,15,15,20,0.3000,42,9996105257,9996103798,13,3251
docs\inst_test\instancias\n_1000_7,100,15,15,20,0.3000,2026,9996105257,9996103798,12,3251
docs\inst_test\instancias\n_1000_7,100,20,7,5,0.1000,42,9996105257,9996103798,12,3251
docs\inst_test\instancias\n_1000_7,100,20,7,5,0.1000,123,9996105257,9996103798,12,3251
docs\inst_test\instancias\n_1000_7,100,20,7,5,0.1000,2026,9996105257,9996103798,12,3251
docs\inst_test\instancias\n_1000_7,100,20,7,5,0.2000,42,9996105257,9996103798,11,3251
docs\inst_test\instancias\n_1000_7,100,20,7,5,0.2000,123,9996105257,9996103798,12,3251
docs\inst_test\instancias\n_1000_7,100,20,7,5,0.2000,2026,9996105257,9996103798,12,3251
docs\inst_test\instancias\n_1000_7,100,20,7,5,0.3000,42,9996105257,9996103798,12,3251
docs\inst_test\instancias\n_1000_7,100,20,7,10,0.1000,42,9996105257,9996103798,11,3251
docs\inst_test\instancias\n_1000_7,100,20,7,5,0.3000,2026,9996105257,9996103798,13,3251
docs\inst_test\instancias\n_1000_7,100,20,7,5,0.3000,123,9996105257,9996103798,15,3251
docs\inst_test\instancias\n_1000_7,100,20,7,10,0.1000,123,9996105257,9996103798,11,3251
docs\inst_test\instancias\n_1000_7,100,20,7,10,0.1000,2026,9996105257,9996103798,12,3251
docs\inst_test\instancias\n_1000_7,100,20,7,10,0.2000,42,9996105257,9996103798,11,3251
docs\inst_test\instancias\n_1000_7,100,20,7,10,0.2000,123,9996105257,9996103798,12,3251
docs\inst_test\instancias\n_1000_7,100,20,7,10,0.2000,2026,9996105257,9996103798,10,3251
docs\inst_test\instancias\n_1000_7,100,20,7,10,0.3000,42,9996105257,9996103798,11,3251
docs\inst_test\instancias\n_1000_7,100,20,7,10,0.3000,123,9996105257,9996103798,10,3251
docs\inst_test\instancias\n_1000_7,100,20,7,10,0.3000,2026,9996105257,9996103798,10,3251
docs\inst_test\instancias\n_1000_7,100,20,7,20,0.1000,123,9996105257,9996103798,11,3251
docs\inst_test\instancias\n_1000_7,100,20,7,20,0.1000,42,9996105257,9996103798,12,3251
docs\inst_test\instancias\n_1000_7,100,20,7,20,0.1000,2026,9996105257,9996103798,10,3251
docs\inst_test\instancias\n_1000_7,100,20,7,20,0.2000,123,9996105257,9996103798,10,3251
docs\inst_test\instancias\n_1000_7,100,20,7,20,0.2000,42,9996105257,9996103798,12,3251
docs\inst_test\instancias\n_1000_7,100,20,7,20,0.3000,42,9996105257,9996103798,10,3251
docs\inst_test\instancias\n_1000_7,100,20,7,20,0.2000,2026,9996105257,9996103798,10,3251
docs\inst_test\instancias\n_1000_7,100,20,7,20,0.3000,123,9996105257,9996103798,10,3251
docs\inst_test\instancias\n_1000_7,100,20,7,20,0.3000,2026,9996105257,9996103798,10,3251
docs\inst_test\instancias\n_1000_7,100,20,10,5,0.1000,123,9996105257,9996103798,12,3251
docs\inst_test\instancias\n_1000_7,100,20,10,5,0.1000,42,9996105257,9996103798,13,3251
docs\inst_test\instancias\n_1000_7,100,20,10,5,0.1000,2026,9996105257,9996103798,13,3251
docs\inst_test\instancias\n_1000_7,100,20,10,5,0.2000,42,9996105257,9996103798,14,3251
docs\inst_test\instancias\n_1000_7,100,20,10,5,0.2000,2026,9996105257,9996103798,12,3251
docs\inst_test\instancias\n_1000_7,100,20,10,5,0.2000,123,9996105257,9996103798,15,3251
docs\inst_test\instancias\n_1000_7,100,20,10,5,0.3000,42,9996105257,9996103798,14,3251
docs\inst_test\instancias\n_1000_7,100,20,10,5,0.3000,123,9996105257,9996103798,13,3251
docs\inst_test\instancias\n_1000_7,100,20,10,10,0.1000,42,9996105257,9996103798,12,3251
docs\inst_test\instancias\n_1000_7,100,20,10,5,0.3000,2026,9996105257,9996103798,13,3251
docs\inst_test\instancias\n_1000_7,100,20,10,10,0.1000,123,9996105257,9996103798,11,3251
docs\inst_test\instancias\n_1000_7,100,20,10,10,0.2000,42,9996105257,9996103798,12,3251
docs\inst_test\instancias\n_1000_7,100,20,10,10,0.2000,123,9996105257,9996103798,11,3251
docs\inst_test\instancias\n_1000_7,100,20,10,10,0.2000,2026,9996105257,9996103798,12,3251
docs\inst_test\instancias\n_1000_7,100,20,10,10,0.1000,2026,9996105257,9996103798,15,3251
docs\inst_test\instancias\n_1000_7,100,20,10,10,0.3000,42,9996105257,9996103798,12,3251
docs\inst_test\instancias\n_1000_7,100,20,10,10,0.3000,2026,9996105257,9996103798,10,3251
docs\inst_test\instancias\n_1000_7,100,20,10,10,0.3000,123,9996105257,9996103798,10,3251
docs\inst_test\instancias\n_1000_7,100,20,10,20,0.1000,42,9996105257,9996103798,11,3251
docs\inst_test\instancias\n_1000_7,100,20,10,20,0.1000,123,9996105257,9996103798,9,3251
docs\inst_test\instancias\n_1000_7,100,20,10,20,0.1000,2026,9996105257,9996103798,10,3251
docs\inst_test\instancias\n_1000_7,100,20,10,20,0.2000,42,9996105257,9996103798,11,3251
docs\inst_test\instancias\n_1000_7,100,20,10,20,0.2000,2026,9996105257,9996103798,11,3251
docs\inst_test\instancias\n_1000_7,100,20,10,20,0.3000,123,9996105257,9996103798,11,3251
docs\inst_test\instancias\n_1000_7,100,20,10,20,0.3000,42,9996105257,9996103798,11,3251
docs\inst_test\instancias\n_1000_7,100,20,10,20,0.2000,123,9996105257,9996103798,14,3251
docs\inst_test\instancias\n_1000_7,100,20,10,20,0.3000,2026,9996105257,9996103798,12,3251
docs\inst_test\instancias\n_1000_7,100,20,15,5,0.1000,42,9996105257,9996103798,13,3251
docs\inst_test\instancias\n_1000_7,100,20,15,5,0.1000,123,9996105257,9996103798,13,3251
docs\inst_test\instancias\n_1000_7,100,20,15,5,0.1000,2026,9996105257,9996103798,12,3251
docs\inst_test\instancias\n_1000_7,100,20,15,5,0.2000,2026,9996105257,9996103798,12,3251
docs\inst_test\instancias\n_1000_7,100,20,15,5,0.2000,123,9996105257,9996103798,12,3251
docs\inst_test\instancias\n_1000_7,100,20,15,5,0.3000,42,9996105257,9996103798,12,3251
docs\inst_test\instancias\n_1000_7,100,20,15,5,0.2000,42,9996105257,9996103798,15,3251
docs\inst_test\instancias\n_1000_7,100,20,15,5,0.3000,123,9996105257,9996103798,12,3251
docs\inst_test\instancias\n_1000_7,100,20,15,5,0.3000,2026,9996105257,9996103798,13,3251
docs\inst_test\instancias\n_1000_7,100,20,15,10,0.1000,42,9996105257,9996103798,10,3251
docs\inst_test\instancias\n_1000_7,100,20,15,10,0.1000,123,9996105257,9996103798,11,3251
docs\inst_test\instancias\n_1000_7,100,20,15,10,0.1000,2026,9996105257,9996103798,11,3251
docs\inst_test\instancias\n_1000_7,100,20,15,10,0.2000,42,9996105257,9996103798,11,3251
docs\inst_test\instancias\n_1000_7,100,20,15,10,0.2000,123,9996105257,9996103798,13,3251
docs\inst_test\instancias\n_1000_7,100,20,15,10,0.3000,42,9996105257,9996103798,11,3251
docs\inst_test\instancias\n_1000_7,100,20,15,10,0.2000,2026,9996105257,9996103798,14,3251
docs\inst_test\instancias\n_1000_7,100,20,15,10,0.3000,2026,9996105257,9996103798,11,3251
docs\inst_test\instancias\n_1000_7,100,20,15,10,0.3000,123,9996105257,9996103798,12,3251
docs\inst_test\instancias\n_1000_7,100,20,15,20,0.1000,42,9996105257,9996103798,11,3251
docs\inst_test\instancias\n_1000_7,100,20,15,20,0.1000,123,9996105257,9996103798,10,3251
docs\inst_test\instancias\n_1000_7,100,20,15,20,0.1000,2026,9996105257,9996103798,10,3251
docs\inst_test\instancias\n_1000_7,100,20,15,20,0.2000,2026,9996105257,9996103798,10,3251
docs\inst_test\instancias\n_1000_7,100,20,15,20,0.2000,42,9996105257,9996103798,11,3251
docs\inst_test\instancias\n_1000_7,100,20,15,20,0.3000,42,9996105257,9996103798,11,3251
docs\inst_test\instancias\n_1000_7,100,20,15,20,0.2000,123,9996105257,9996103798,15,3251
docs\inst_test\instancias\n_1000_7,100,20,15,20,0.3000,123,9996105257,9996103798,11,3251
docs\inst_test\instancias\n_1000_7,100,20,15,20,0.3000,2026,9996105257,9996103798,12,3251
docs\inst_test\instancias\n_1000_7,300,10,7,5,0.1000,123,9996105266,9996103835,36,3251
docs\inst_test\instancias\n_1000_7,300,10,7,5,0.1000,42,9996105257,9996103798,37,3251
docs\inst_test\instancias\n_1000_7,300,10,7,5,0.2000,42,9996105264,9996103875,38,3251
docs\inst_test\instancias\n_1000_7,300,10,7,5,0.1000,2026,9996105257,9996103798,40,3251
docs\inst_test\instancias\n_1000_7,300,10,7,5,0.3000,42,9996105257,9996103798,37,3251
docs\inst_test\instancias\n_1000_7,300,10,7,5,0.2000,123,9996105266,9996103835,39,3251
docs\inst_test\instancias\n_1000_7,300,10,7,5,0.3000,123,9996105266,9996103835,39,3251
docs\inst_test\instancias\n_1000_7,300,10,7,5,0.2000,2026,9996105257,9996103798,43,3251
docs\inst_test\instancias\n_1000_7,300,10,7,10,0.1000,42,9996105257,9996103798,35,3251
docs\inst_test\instancias\n_1000_7,300,10,7,5,0.3000,2026,9996105257,9996103798,37,3251
docs\inst_test\instancias\n_1000_7,300,10,7,10,0.1000,2026,9996105257,9996103798,34,3251
docs\inst_test\instancias\n_1000_7,300,10,7,10,0.2000,123,9996105266,9996103835,33,3251
docs\inst_test\instancias\n_1000_7,300,10,7,10,0.2000,42,9996105257,9996103798,35,3251
docs\inst_test\instancias\n_1000_7,300,10,7,10,0.1000,123,9996105266,9996103835,40,3251
docs\inst_test\instancias\n_1000_7,300,10,7,10,0.2000,2026,9996105257,9996103798,35,3251
docs\inst_test\instancias\n_1000_7,300,10,7,10,0.3000,42,9996105257,9996103798,36,3251
docs\inst_test\instancias\n_1000_7,300,10,7,10,0.3000,2026,9996105257,9996103798,33,3251
docs\inst_test\instancias\n_1000_7,300,10,7,20,0.1000,42,9996105257,9996103798,31,3251
docs\inst_test\instancias\n_1000_7,300,10,7,10,0.3000,123,9996105266,9996103835,38,3251
docs\inst_test\instancias\n_1000_7,300,10,7,20,0.1000,123,9996105257,9996103798,31,3251
docs\inst_test\instancias\n_1000_7,300,10,7,20,0.1000,2026,9996105257,9996103798,31,3251
docs\inst_test\instancias\n_1000_7,300,10,7,20,0.2000,42,9996105257,9996103798,31,3251
docs\inst_test\instancias\n_1000_7,300,10,7,20,0.2000,123,9996105257,9996103798,35,3251
docs\inst_test\instancias\n_1000_7,300,10,7,20,0.2000,2026,9996105257,9996103798,32,3251
docs\inst_test\instancias\n_1000_7,300,10,7,20,0.3000,42,9996105257,9996103798,31,3251
docs\inst_test\instancias\n_1000_7,300,10,7,20,0.3000,123,9996105257,9996103798,31,3251
docs\inst_test\instancias\n_1000_7,300,10,7,20,0.3000,2026,9996105257,9996103798,32,3251
docs\inst_test\instancias\n_1000_7,300,10,10,5,0.1000,42,9996105257,9996103798,37,3251
docs\inst_test\instancias\n_1000_7,300,10,10,5,0.1000,2026,9996105257,9996103798,41,3251
docs\inst_test\instancias\n_1000_7,300,10,10,5,0.1000,123,9996105266,9996103835,42,3251
docs\inst_test\instancias\n_1000_7,300,10,10,5,0.2000,123,9996105266,9996103835,39,3251
docs\inst_test\instancias\n_1000_7,300,10,10,5,0.2000,42,9996105264,9996103875,42,3251
docs\inst_test\instancias\n_1000_7,300,10,10,5,0.2000,2026,9996105257,9996103798,39,3251
docs\inst_test\instancias\n_1000_7,300,10,10,5,0.3000,42,9996105257,9996103798,37,3251
docs\inst_test\instancias\n_1000_7,300,10,10,5,0.3000,123,9996105266,9996103835,37,3251
docs\inst_test\instancias\n_1000_7,300,10,10,10,0.1000,42,9996105257,9996103798,32,3251
docs\inst_test\instancias\n_1000_7,300,10,10,10,0.1000,123,9996105266,9996103835,33,3251
docs\inst_test\instancias\n_1000_7,300,10,10,5,0.3000,2026,9996105257,9996103798,40,3251
docs\inst_test\instancias\n_1000_7,300,10,10,10,0.1000,2026,9996105257,9996103798,34,3251
docs\inst_test\instancias\n_1000_7,300,10,10,10,0.2000,42,9996105257,9996103798,33,3251
docs\inst_test\instancias\n_1000_7,300,10,10,10,0.2000,2026,9996105257,9996103798,33,3251
docs\inst_test\instancias\n_1000_7,300,10,10,10,0.3000,42,9996105257,9996103798,33,3251
docs\inst_test\instancias\n_1000_7,300,10,10,10,0.2000,123,9996105266,9996103835,41,3251
docs\inst_test\instancias\n_1000_7,300,10,10,10,0.3000,123,9996105266,9996103835,37,3251
docs\inst_test\instancias\n_1000_7,300,10,10,20,0.1000,2026,9996105257,9996103798,31,3251
docs\inst_test\instancias\n_1000_7,300,10,10,20,0.1000,42,9996105257,9996103798,39,3251
docs\inst_test\instancias\n_1000_7,300,10,10,10,0.3000,2026,9996105257,9996103798,44,3251
docs\inst_test\instancias\n_1000_7,300,10,10,20,0.1000,123,9996105257,9996103798,41,3251
docs\inst_test\instancias\n_1000_7,300,10,10,20,0.2000,42,9996105257,9996103798,31,3251
docs\inst_test\instancias\n_1000_7,300,10,10,20,0.2000,123,9996105257,9996103798,32,3251
docs\inst_test\instancias\n_1000_7,300,10,10,20,0.2000,2026,9996105257,9996103798,33,3251
docs\inst_test\instancias\n_1000_7,300,10,10,20,0.3000,123,9996105257,9996103798,31,3251
docs\inst_test\instancias\n_1000_7,300,10,10,20,0.3000,2026,9996105257,9996103798,32,3251
docs\inst_test\instancias\n_1000_7,300,10,10,20,0.3000,42,9996105257,9996103798,38,3251
docs\inst_test\instancias\n_1000_7,300,10,15,5,0.1000,2026,9996105257,9996103798,37,3251
docs\inst_test\instancias\n_1000_7,300,10,15,5,0.1000,123,9996105266,9996103835,46,3251
docs\inst_test\instancias\n_1000_7,300,10,15,5,0.2000,42,9996105264,9996103875,37,3251
docs\inst_test\instancias\n_1000_7,300,10,15,5,0.1000,42,9996105257,9996103798,49,3251
docs\inst_test\instancias\n_1000_7,300,10,15,5,0.2000,123,9996105266,9996103835,38,3251
docs\inst_test\instancias\n_1000_7,300,10,15,5,0.2000,2026,9996105257,9996103798,39,3251
docs\inst_test\instancias\n_1000_7,300,10,15,5,0.3000,42,9996105257,9996103798,38,3251
docs\inst_test\instancias\n_1000_7,300,10,15,5,0.3000,123,9996105266,9996103835,38,3251
docs\inst_test\instancias\n_1000_7,300,10,15,10,0.1000,123,9996105266,9996103835,33,3251
docs\inst_test\instancias\n_1000_7,300,10,15,5,0.3000,2026,9996105257,9996103798,37,3251
docs\inst_test\instancias\n_1000_7,300,10,15,10,0.1000,42,9996105257,9996103798,38,3251
docs\inst_test\instancias\n_1000_7,300,10,15,10,0.1000,2026,9996105257,9996103798,38,3251
docs\inst_test\instancias\n_1000_7,300,10,15,10,0.2000,42,9996105257,9996103798,34,3251
docs\inst_test\instancias\n_1000_7,300,10,15,10,0.2000,123,9996105266,9996103835,35,3251
docs\inst_test\instancias\n_1000_7,300,10,15,10,0.2000,2026,9996105257,9996103798,36,3251
docs\inst_test\instancias\n_1000_7,300,10,15,10,0.3000,42,9996105257,9996103798,36,3251
docs\inst_test\instancias\n_1000_7,300,10,15,10,0.3000,123,9996105266,9996103835,34,3251
docs\inst_test\instancias\n_1000_7,300,10,15,10,0.3000,2026,9996105257,9996103798,33,3251
docs\inst_test\instancias\n_1000_7,300,10,15,20,0.1000,42,9996105257,9996103798,32,3251
docs\inst_test\instancias\n_1000_7,300,10,15,20,0.1000,2026,9996105257,9996103798,32,3251
docs\inst_test\instancias\n_1000_7,300,10,15,20,0.1000,123,9996105257,9996103798,36,3251
docs\inst_test\instancias\n_1000_7,300,10,15,20,0.2000,42,9996105257,9996103798,32,3251
docs\inst_test\instancias\n_1000_7,300,10,15,20,0.2000,123,9996105257,9996103798,31,3251
docs\inst_test\instancias\n_1000_7,300,10,15,20,0.2000,2026,9996105257,9996103798,33,3251
docs\inst_test\instancias\n_1000_7,300,10,15,20,0.3000,2026,9996105257,9996103798,31,3251
docs\inst_test\instancias\n_1000_7,300,10,15,20,0.3000,123,9996105257,9996103798,32,3251
docs\inst_test\instancias\n_1000_7,300,10,15,20,0.3000,42,9996105257,9996103798,33,3251
docs\inst_test\instancias\n_1000_7,300,15,7,5,0.1000,42,9996105257,9996103798,37,3251
docs\inst_test\instancias\n_1000_7,300,15,7,5,0.1000,123,9996105266,9996103835,38,3251
docs\inst_test\instancias\n_1000_7,300,15,7,5,0.1000,2026,9996105257,9996103798,40,3251
docs\inst_test\instancias\n_1000_7,300,15,7,5,0.2000,42,9996105264,9996103875,40,3251
docs\inst_test\instancias\n_1000_7,300,15,7,5,0.2000,123,9996105266,9996103835,37,3251
docs\inst_test\instancias\n_1000_7,300,15,7,5,0.2000,2026,9996105257,9996103798,37,3251
docs\inst_test\instancias\n_1000_7,300,15,7,5,0.3000,42,9996105257,9996103798,38,3251
docs\inst_test\instancias\n_1000_7,300,15,7,5,0.3000,123,9996105266,9996103835,39,3251
docs\inst_test\instancias\n_1000_7,300,15,7,10,0.1000,42,9996105257,9996103798,33,3251
docs\inst_test\instancias\n_1000_7,300,15,7,5,0.3000,2026,9996105257,9996103798,37,3251
docs\inst_test\instancias\n_1000_7,300,15,7,10,0.1000,123,9996105266,9996103835,34,3251
docs\inst_test\instancias\n_1000_7,300,15,7,10,0.1000,2026,9996105257,9996103798,33,3251
docs\inst_test\instancias\n_1000_7,300,15,7,10,0.2000,42,9996105257,9996103798,36,3251
docs\inst_test\instancias\n_1000_7,300,15,7,10,0.2000,123,9996105266,9996103835,33,3251
docs\inst_test\instancias\n_1000_7,300,15,7,10,0.2000,2026,9996105257,9996103798,33,3251
docs\inst_test\instancias\n_1000_7,300,15,7,10,0.3000,42,9996105257,9996103798,34,3251
docs\inst_test\instancias\n_1000_7,300,15,7,10,0.3000,123,9996105266,9996103835,34,3251
docs\inst_test\instancias\n_1000_7,300,15,7,10,0.3000,2026,9996105257,9996103798,33,3251
docs\inst_test\instancias\n_1000_7,300,15,7,20,0.1000,42,9996105257,9996103798,31,3251
docs\inst_test\instancias\n_1000_7,300,15,7,20,0.1000,123,9996105257,9996103798,35,3251
docs\inst_test\instancias\n_1000_7,300,15,7,20,0.1000,2026,9996105257,9996103798,32,3251
docs\inst_test\instancias\n_1000_7,300,15,7,20,0.2000,42,9996105257,9996103798,32,3251
docs\inst_test\instancias\n_1000_7,300,15,7,20,0.2000,123,9996105257,9996103798,31,3251
docs\inst_test\instancias\n_1000_7,300,15,7,20,0.3000,123,9996105257,9996103798,31,3251
docs\inst_test\instancias\n_1000_7,300,15,7,20,0.3000,2026,9996105257,9996103798,32,3251
docs\inst_test\instancias\n_1000_7,300,15,7,20,0.2000,2026,9996105257,9996103798,48,3251
docs\inst_test\instancias\n_1000_7,300,15,7,20,0.3000,42,9996105257,9996103798,43,3251
docs\inst_test\instancias\n_1000_7,300,15,10,5,0.1000,42,9996105257,9996103798,37,3251
docs\inst_test\instancias\n_1000_7,300,15,10,5,0.1000,123,9996105266,9996103835,38,3251
docs\inst_test\instancias\n_1000_7,300,15,10,5,0.1000,2026,9996105257,9996103798,37,3251
docs\inst_test\instancias\n_1000_7,300,15,10,5,0.2000,123,9996105266,9996103835,36,3251
docs\inst_test\instancias\n_1000_7,300,15,10,5,0.2000,42,9996105264,9996103875,52,3251
docs\inst_test\instancias\n_1000_7,300,15,10,5,0.2000,2026,9996105257,9996103798,38,3251
docs\inst_test\instancias\n_1000_7,300,15,10,5,0.3000,123,9996105266,9996103835,39,3251
docs\inst_test\instancias\n_1000_7,300,15,10,10,0.1000,42,9996105257,9996103798,33,3251
docs\inst_test\instancias\n_1000_7,300,15,10,5,0.3000,2026,9996105257,9996103798,40,3251
docs\inst_test\instancias\n_1000_7,300,15,10,10,0.1000,123,9996105266,9996103835,35,3251
docs\inst_test\instancias\n_1000_7,300,15,10,5,0.3000,42,9996105257,9996103798,57,3251
docs\inst_test\instancias\n_1000_7,300,15,10,10,0.1000,2026,9996105257,9996103798,33,3251
docs\inst_test\instancias\n_1000_7,300,15,10,10,0.2000,42,9996105257,9996103798,34,3251
docs\inst_test\instancias\n_1000_7,300,15,10,10,0.3000,42,9996105257,9996103798,34,3251
docs\inst_test\instancias\n_1000_7,300,15,10,10,0.2000,123,9996105266,9996103835,41,3251
docs\inst_test\instancias\n_1000_7,300,15,10,10,0.2000,2026,9996105257,9996103798,39,3251
docs\inst_test\instancias\n_1000_7,300,15,10,10,0.3000,123,9996105266,9996103835,33,3251
docs\inst_test\instancias\n_1000_7,300,15,10,10,0.3000,2026,9996105257,9996103798,38,3251
docs\inst_test\instancias\n_1000_7,300,15,10,20,0.1000,123,9996105257,9996103798,31,3251
docs\inst_test\instancias\n_1000_7,300,15,10,20,0.1000,42,9996105257,9996103798,37,3251
docs\inst_test\instancias\n_1000_7,300,15,10,20,0.1000,2026,9996105257,9996103798,31,3251
docs\inst_test\instancias\n_1000_7,300,15,10,20,0.2000,42,9996105257,9996103798,30,3251
docs\inst_test\instancias\n_1000_7,300,15,10,20,0.2000,123,9996105257,9996103798,31,3251
docs\inst_test\instancias\n_1000_7,300,15,10,20,0.3000,42,9996105257,9996103798,31,3251
docs\inst_test\instancias\n_1000_7,300,15,10,20,0.2000,2026,9996105257,9996103798,35,3251
docs\inst_test\instancias\n_1000_7,300,15,10,20,0.3000,123,9996105257,9996103798,32,3251
docs\inst_test\instancias\n_1000_7,300,15,10,20,0.3000,2026,9996105257,9996103798,32,3251
docs\inst_test\instancias\n_1000_7,300,15,15,5,0.1000,123,9996105266,9996103835,37,3251
docs\inst_test\instancias\n_1000_7,300,15,15,5,0.1000,42,9996105257,9996103798,43,3251
docs\inst_test\instancias\n_1000_7,300,15,15,5,0.1000,2026,9996105257,9996103798,37,3251
docs\inst_test\instancias\n_1000_7,300,15,15,5,0.2000,123,9996105266,9996103835,37,3251
docs\inst_test\instancias\n_1000_7,300,15,15,5,0.2000,42,9996105264,9996103875,39,3251
docs\inst_test\instancias\n_1000_7,300,15,15,5,0.2000,2026,9996105257,9996103798,38,3251
docs\inst_test\instancias\n_1000_7,300,15,15,5,0.3000,123,9996105266,9996103835,36,3251
docs\inst_test\instancias\n_1000_7,300,15,15,5,0.3000,42,9996105257,9996103798,40,3251
docs\inst_test\instancias\n_1000_7,300,15,15,10,0.1000,42,9996105257,9996103798,33,3251
docs\inst_test\instancias\n_1000_7,300,15,15,5,0.3000,2026,9996105257,9996103798,40,3251
docs\inst_test\instancias\n_1000_7,300,15,15,10,0.1000,123,9996105266,9996103835,33,3251
docs\inst_test\instancias\n_1000_7,300,15,15,10,0.1000,2026,9996105257,9996103798,33,3251
docs\inst_test\instancias\n_1000_7,300,15,15,10,0.2000,42,9996105257,9996103798,35,3251
docs\inst_test\instancias\n_1000_7,300,15,15,10,0.2000,123,9996105266,9996103835,33,3251
docs\inst_test\instancias\n_1000_7,300,15,15,10,0.2000,2026,9996105257,9996103798,34,3251
docs\inst_test\instancias\n_1000_7,300,15,15,10,0.3000,42,9996105257,9996103798,33,3251
docs\inst_test\instancias\n_1000_7,300,15,15,10,0.3000,123,9996105266,9996103835,32,3251
docs\inst_test\instancias\n_1000_7,300,15,15,20,0.1000,42,9996105257,9996103798,32,3251
docs\inst_test\instancias\n_1000_7,300,15,15,10,0.3000,2026,9996105257,9996103798,40,3251
docs\inst_test\instancias\n_1000_7,300,15,15,20,0.1000,2026,9996105257,9996103798,31,3251
docs\inst_test\instancias\n_1000_7,300,15,15,20,0.1000,123,9996105257,9996103798,35,3251
docs\inst_test\instancias\n_1000_7,300,15,15,20,0.2000,42,9996105257,9996103798,32,3251
docs\inst_test\instancias\n_1000_7,300,15,15,20,0.2000,123,9996105257,9996103798,31,3251
docs\inst_test\instancias\n_1000_7,300,15,15,20,0.2000,2026,9996105257,9996103798,38,3251
docs\inst_test\instancias\n_1000_7,300,15,15,20,0.3000,42,9996105257,9996103798,32,3251
docs\inst_test\instancias\n_1000_7,300,15,15,20,0.3000,123,9996105257,9996103798,32,3251
docs\inst_test\instancias\n_1000_7,300,15,15,20,0.3000,2026,9996105257,9996103798,31,3251
docs\inst_test\instancias\n_1000_7,300,20,7,5,0.1000,42,9996105257,9996103798,38,3251
docs\inst_test\instancias\n_1000_7,300,20,7,5,0.1000,2026,9996105257,9996103798,38,3251
docs\inst_test\instancias\n_1000_7,300,20,7,5,0.1000,123,9996105266,9996103835,38,3251
docs\inst_test\instancias\n_1000_7,300,20,7,5,0.2000,42,9996105264,9996103875,38,3251
docs\inst_test\instancias\n_1000_7,300,20,7,5,0.2000,2026,9996105257,9996103798,37,3251
docs\inst_test\instancias\n_1000_7,300,20,7,5,0.2000,123,9996105266,9996103835,39,3251
docs\inst_test\instancias\n_1000_7,300,20,7,5,0.3000,42,9996105257,9996103798,38,3251
docs\inst_test\instancias\n_1000_7,300,20,7,5,0.3000,123,9996105266,9996103835,37,3251
docs\inst_test\instancias\n_1000_7,300,20,7,10,0.1000,42,9996105257,9996103798,33,3251
docs\inst_test\instancias\n_1000_7,300,20,7,10,0.1000,123,9996105266,9996103835,33,3251
docs\inst_test\instancias\n_1000_7,300,20,7,5,0.3000,2026,9996105257,9996103798,39,3251
docs\inst_test\instancias\n_1000_7,300,20,7,10,0.1000,2026,9996105257,9996103798,34,3251
docs\inst_test\instancias\n_1000_7,300,20,7,10,0.2000,42,9996105257,9996103798,32,3251
docs\inst_test\instancias\n_1000_7,300,20,7,10,0.2000,123,9996105266,9996103835,35,3251
docs\inst_test\instancias\n_1000_7,300,20,7,10,0.2000,2026,9996105257,9996103798,36,3251
docs\inst_test\instancias\n_1000_7,300,20,7,10,0.3000,42,9996105257,9996103798,33,3251
docs\inst_test\instancias\n_1000_7,300,20,7,10,0.3000,123,9996105266,9996103835,33,3251
docs\inst_test\instancias\n_1000_7,300,20,7,10,0.3000,2026,9996105257,9996103798,32,3251
docs\inst_test\instancias\n_1000_7,300,20,7,20,0.1000,42,9996105257,9996103798,31,3251
docs\inst_test\instancias\n_1000_7,300,20,7,20,0.1000,123,9996105257,9996103798,31,3251
docs\inst_test\instancias\n_1000_7,300,20,7,20,0.2000,42,9996105257,9996103798,32,3251
docs\inst_test\instancias\n_1000_7,300,20,7,20,0.1000,2026,9996105257,9996103798,37,3251
docs\inst_test\instancias\n_1000_7,300,20,7,20,0.2000,2026,9996105257,9996103798,31,3251
docs\inst_test\instancias\n_1000_7,300,20,7,20,0.2000,123,9996105257,9996103798,32,3251
docs\inst_test\instancias\n_1000_7,300,20,7,20,0.3000,123,9996105257,9996103798,31,3251
docs\inst_test\instancias\n_1000_7,300,20,7,20,0.3000,42,9996105257,9996103798,32,3251
docs\inst_test\instancias\n_1000_7,300,20,7,20,0.3000,2026,9996105257,9996103798,33,3251
docs\inst_test\instancias\n_1000_7,300,20,10,5,0.1000,42,9996105257,9996103798,36,3251
docs\inst_test\instancias\n_1000_7,300,20,10,5,0.1000,123,9996105266,9996103835,38,3251
docs\inst_test\instancias\n_1000_7,300,20,10,5,0.1000,2026,9996105257,9996103798,39,3251
docs\inst_test\instancias\n_1000_7,300,20,10,5,0.2000,42,9996105264,9996103875,37,3251
docs\inst_test\instancias\n_1000_7,300,20,10,5,0.2000,123,9996105266,9996103835,38,3251
docs\inst_test\instancias\n_1000_7,300,20,10,5,0.2000,2026,9996105257,9996103798,37,3251
docs\inst_test\instancias\n_1000_7,300,20,10,5,0.3000,123,9996105266,9996103835,37,3251
docs\inst_test\instancias\n_1000_7,300,20,10,5,0.3000,42,9996105257,9996103798,42,3251
docs\inst_test\instancias\n_1000_7,300,20,10,5,0.3000,2026,9996105257,9996103798,37,3251
docs\inst_test\instancias\n_1000_7,300,20,10,10,0.1000,42,9996105257,9996103798,36,3251
docs\inst_test\instancias\n_1000_7,300,20,10,10,0.1000,123,9996105266,9996103835,35,3251
docs\inst_test\instancias\n_1000_7,300,20,10,10,0.1000,2026,9996105257,9996103798,35,3251
docs\inst_test\instancias\n_1000_7,300,20,10,10,0.2000,42,9996105257,9996103798,34,3251
docs\inst_test\instancias\n_1000_7,300,20,10,10,0.2000,123,9996105266,9996103835,33,3251
docs\inst_test\instancias\n_1000_7,300,20,10,10,0.2000,2026,9996105257,9996103798,34,3251
docs\inst_test\instancias\n_1000_7,300,20,10,10,0.3000,123,9996105266,9996103835,35,3251
docs\inst_test\instancias\n_1000_7,300,20,10,10,0.3000,42,9996105257,9996103798,40,3251
docs\inst_test\instancias\n_1000_7,300,20,10,20,0.1000,42,9996105257,9996103798,31,3251
docs\inst_test\instancias\n_1000_7,300,20,10,10,0.3000,2026,9996105257,9996103798,34,3251
docs\inst_test\instancias\n_1000_7,300,20,10,20,0.1000,123,9996105257,9996103798,31,3251
docs\inst_test\instancias\n_1000_7,300,20,10,20,0.1000,2026,9996105257,9996103798,32,3251
docs\inst_test\instancias\n_1000_7,300,20,10,20,0.2000,123,9996105257,9996103798,31,3251
docs\inst_test\instancias\n_1000_7,300,20,10,20,0.2000,42,9996105257,9996103798,36,3251
docs\inst_test\instancias\n_1000_7,300,20,10,20,0.3000,42,9996105257,9996103798,32,3251
docs\inst_test\instancias\n_1000_7,300,20,10,20,0.2000,2026,9996105257,9996103798,37,3251
docs\inst_test\instancias\n_1000_7,300,20,10,20,0.3000,123,9996105257,9996103798,31,3251
docs\inst_test\instancias\n_1000_7,300,20,10,20,0.3000,2026,9996105257,9996103798,32,3251
docs\inst_test\instancias\n_1000_7,300,20,15,5,0.1000,42,9996105257,9996103798,37,3251
docs\inst_test\instancias\n_1000_7,300,20,15,5,0.1000,123,9996105266,9996103835,39,3251
docs\inst_test\instancias\n_1000_7,300,20,15,5,0.1000,2026,9996105257,9996103798,37,3251
docs\inst_test\instancias\n_1000_7,300,20,15,5,0.2000,42,9996105264,9996103875,39,3251
docs\inst_test\instancias\n_1000_7,300,20,15,5,0.2000,123,9996105266,9996103835,37,3251
docs\inst_test\instancias\n_1000_7,300,20,15,5,0.2000,2026,9996105257,9996103798,38,3251
docs\inst_test\instancias\n_1000_7,300,20,15,5,0.3000,42,9996105257,9996103798,38,3251
docs\inst_test\instancias\n_1000_7,300,20,15,5,0.3000,123,9996105266,9996103835,36,3251
docs\inst_test\instancias\n_1000_7,300,20,15,5,0.3000,2026,9996105257,9996103798,39,3251
docs\inst_test\instancias\n_1000_7,300,20,15,10,0.1000,123,9996105266,9996103835,33,3251
docs\inst_test\instancias\n_1000_7,300,20,15,10,0.1000,42,9996105257,9996103798,36,3251
docs\inst_test\instancias\n_1000_7,300,20,15,10,0.1000,2026,9996105257,9996103798,33,3251
docs\inst_test\instancias\n_1000_7,300,20,15,10,0.2000,42,9996105257,9996103798,34,3251
docs\inst_test\instancias\n_1000_7,300,20,15,10,0.2000,123,9996105266,9996103835,34,3251
docs\inst_test\instancias\n_1000_7,300,20,15,10,0.2000,2026,9996105257,9996103798,34,3251
docs\inst_test\instancias\n_1000_7,300,20,15,10,0.3000,42,9996105257,9996103798,33,3251
docs\inst_test\instancias\n_1000_7,300,20,15,10,0.3000,123,9996105266,9996103835,33,3251
docs\inst_test\instancias\n_1000_7,300,20,15,10,0.3000,2026,9996105257,9996103798,34,3251
docs\inst_test\instancias\n_1000_7,300,20,15,20,0.1000,42,9996105257,9996103798,33,3251
docs\inst_test\instancias\n_1000_7,300,20,15,20,0.1000,123,9996105257,9996103798,34,3251
docs\inst_test\instancias\n_1000_7,300,20,15,20,0.1000,2026,9996105257,9996103798,30,3251
docs\inst_test\instancias\n_1000_7,300,20,15,20,0.2000,42,9996105257,9996103798,31,3251
docs\inst_test\instancias\n_1000_7,300,20,15,20,0.2000,123,9996105257,9996103798,32,3251
docs\inst_test\instancias\n_1000_7,300,20,15,20,0.2000,2026,9996105257,9996103798,32,3251
docs\inst_test\instancias\n_1000_7,300,20,15,20,0.3000,2026,9996105257,9996103798,32,3251
docs\inst_test\instancias\n_1000_7,300,20,15,20,0.3000,42,9996105257,9996103798,33,3251
docs\inst_test\instancias\n_1000_7,300,20,15,20,0.3000,123,9996105257,9996103798,33,3251
docs\inst_test\instancias\n_1000_7,500,10,7,5,0.1000,42,9996105257,9996103798,64,3251
docs\inst_test\instancias\n_1000_7,500,10,7,5,0.1000,123,9996105266,9996103835,67,3251
docs\inst_test\instancias\n_1000_7,500,10,7,5,0.2000,123,9996105266,9996103835,61,3251
docs\inst_test\instancias\n_1000_7,500,10,7,5,0.1000,2026,9996105264,9996103875,69,3251
docs\inst_test\instancias\n_1000_7,500,10,7,5,0.2000,42,9996105264,9996103875,68,3251
docs\inst_test\instancias\n_1000_7,500,10,7,5,0.2000,2026,9996105264,9996103875,62,3251
docs\inst_test\instancias\n_1000_7,500,10,7,5,0.3000,42,9996105257,9996103798,66,3251
docs\inst_test\instancias\n_1000_7,500,10,7,5,0.3000,123,9996105266,9996103835,64,3251
docs\inst_test\instancias\n_1000_7,500,10,7,5,0.3000,2026,9996105257,9996103798,63,3251
docs\inst_test\instancias\n_1000_7,500,10,7,10,0.1000,42,9996105257,9996103798,59,3251
docs\inst_test\instancias\n_1000_7,500,10,7,10,0.1000,123,9996105266,9996103835,59,3251
docs\inst_test\instancias\n_1000_7,500,10,7,10,0.1000,2026,9996105257,9996103798,60,3251
docs\inst_test\instancias\n_1000_7,500,10,7,10,0.2000,42,9996105257,9996103798,62,3251
docs\inst_test\instancias\n_1000_7,500,10,7,10,0.2000,123,9996105266,9996103835,56,3251
docs\inst_test\instancias\n_1000_7,500,10,7,10,0.2000,2026,9996105257,9996103798,58,3251
docs\inst_test\instancias\n_1000_7,500,10,7,10,0.3000,42,9996105257,9996103798,59,3251
docs\inst_test\instancias\n_1000_7,500,10,7,10,0.3000,123,9996105266,9996103835,57,3251
docs\inst_test\instancias\n_1000_7,500,10,7,10,0.3000,2026,9996105257,9996103798,55,3251
docs\inst_test\instancias\n_1000_7,500,10,7,20,0.1000,42,9996105257,9996103798,54,3251
docs\inst_test\instancias\n_1000_7,500,10,7,20,0.1000,123,9996105257,9996103798,55,3251
docs\inst_test\instancias\n_1000_7,500,10,7,20,0.2000,42,9996105257,9996103798,53,3251
docs\inst_test\instancias\n_1000_7,500,10,7,20,0.1000,2026,9996105257,9996103798,57,3251
docs\inst_test\instancias\n_1000_7,500,10,7,20,0.2000,2026,9996105257,9996103798,51,3251
docs\inst_test\instancias\n_1000_7,500,10,7,20,0.2000,123,9996105257,9996103798,55,3251
docs\inst_test\instancias\n_1000_7,500,10,7,20,0.3000,42,9996105257,9996103798,52,3251
docs\inst_test\instancias\n_1000_7,500,10,7,20,0.3000,123,9996105257,9996103798,52,3251
docs\inst_test\instancias\n_1000_7,500,10,7,20,0.3000,2026,9996105257,9996103798,53,3251
docs\inst_test\instancias\n_1000_7,500,10,10,5,0.1000,42,9996105257,9996103798,67,3251
docs\inst_test\instancias\n_1000_7,500,10,10,5,0.1000,2026,9996105264,9996103875,63,3251
docs\inst_test\instancias\n_1000_7,500,10,10,5,0.2000,42,9996105264,9996103875,61,3251
docs\inst_test\instancias\n_1000_7,500,10,10,5,0.1000,123,9996105266,9996103835,69,3251
docs\inst_test\instancias\n_1000_7,500,10,10,5,0.2000,123,9996105266,9996103835,67,3251
docs\inst_test\instancias\n_1000_7,500,10,10,5,0.3000,42,9996105257,9996103798,62,3251
docs\inst_test\instancias\n_1000_7,500,10,10,5,0.2000,2026,9996105264,9996103875,68,3251
docs\inst_test\instancias\n_1000_7,500,10,10,5,0.3000,123,9996105266,9996103835,62,3251
docs\inst_test\instancias\n_1000_7,500,10,10,10,0.1000,42,9996105257,9996103798,56,3251
docs\inst_test\instancias\n_1000_7,500,10,10,10,0.1000,123,9996105266,9996103835,62,3251
docs\inst_test\instancias\n_1000_7,500,10,10,5,0.3000,2026,9996105257,9996103798,66,3251
docs\inst_test\instancias\n_1000_7,500,10,10,10,0.1000,2026,9996105257,9996103798,61,3251
docs\inst_test\instancias\n_1000_7,500,10,10,10,0.2000,42,9996105257,9996103798,56,3251
docs\inst_test\instancias\n_1000_7,500,10,10,10,0.2000,123,9996105266,9996103835,55,3251
docs\inst_test\instancias\n_1000_7,500,10,10,10,0.3000,42,9996105257,9996103798,55,3251
docs\inst_test\instancias\n_1000_7,500,10,10,10,0.2000,2026,9996105257,9996103798,59,3251
docs\inst_test\instancias\n_1000_7,500,10,10,20,0.1000,42,9996105257,9996103798,54,3251
docs\inst_test\instancias\n_1000_7,500,10,10,20,0.1000,2026,9996105257,9996103798,53,3251
docs\inst_test\instancias\n_1000_7,500,10,10,20,0.1000,123,9996105257,9996103798,55,3251
docs\inst_test\instancias\n_1000_7,500,10,10,10,0.3000,2026,9996105257,9996103798,59,3251
docs\inst_test\instancias\n_1000_7,500,10,10,10,0.3000,123,9996105266,9996103835,68,3251
docs\inst_test\instancias\n_1000_7,500,10,10,20,0.2000,42,9996105257,9996103798,52,3251
docs\inst_test\instancias\n_1000_7,500,10,10,20,0.2000,123,9996105257,9996103798,52,3251
docs\inst_test\instancias\n_1000_7,500,10,10,20,0.2000,2026,9996105257,9996103798,55,3251
docs\inst_test\instancias\n_1000_7,500,10,10,20,0.3000,123,9996105257,9996103798,52,3251
docs\inst_test\instancias\n_1000_7,500,10,10,20,0.3000,2026,9996105257,9996103798,59,3251
docs\inst_test\instancias\n_1000_7,500,10,10,20,0.3000,42,9996105257,9996103798,61,3251
docs\inst_test\instancias\n_1000_7,500,10,15,5,0.1000,42,9996105257,9996103798,63,3251
docs\inst_test\instancias\n_1000_7,500,10,15,5,0.1000,123,9996105266,9996103835,62,3251
docs\inst_test\instancias\n_1000_7,500,10,15,5,0.2000,42,9996105264,9996103875,66,3251
docs\inst_test\instancias\n_1000_7,500,10,15,5,0.1000,2026,9996105264,9996103875,74,3251
docs\inst_test\instancias\n_1000_7,500,10,15,5,0.2000,123,9996105266,9996103835,62,3251
docs\inst_test\instancias\n_1000_7,500,10,15,5,0.2000,2026,9996105264,9996103875,66,3251
docs\inst_test\instancias\n_1000_7,500,10,15,5,0.3000,42,9996105257,9996103798,62,3251
docs\inst_test\instancias\n_1000_7,500,10,15,5,0.3000,123,9996105266,9996103835,65,3251
docs\inst_test\instancias\n_1000_7,500,10,15,10,0.1000,42,9996105257,9996103798,61,3251
docs\inst_test\instancias\n_1000_7,500,10,15,5,0.3000,2026,9996105257,9996103798,70,3251
docs\inst_test\instancias\n_1000_7,500,10,15,10,0.1000,123,9996105266,9996103835,55,3251
docs\inst_test\instancias\n_1000_7,500,10,15,10,0.2000,42,9996105257,9996103798,59,3251
docs\inst_test\instancias\n_1000_7,500,10,15,10,0.1000,2026,9996105257,9996103798,62,3251
docs\inst_test\instancias\n_1000_7,500,10,15,10,0.2000,123,9996105266,9996103835,55,3251
docs\inst_test\instancias\n_1000_7,500,10,15,10,0.2000,2026,9996105257,9996103798,55,3251
docs\inst_test\instancias\n_1000_7,500,10,15,10,0.3000,42,9996105257,9996103798,62,3251
docs\inst_test\instancias\n_1000_7,500,10,15,10,0.3000,123,9996105266,9996103835,60,3251
docs\inst_test\instancias\n_1000_7,500,10,15,10,0.3000,2026,9996105257,9996103798,58,3251
docs\inst_test\instancias\n_1000_7,500,10,15,20,0.1000,42,9996105257,9996103798,52,3251
docs\inst_test\instancias\n_1000_7,500,10,15,20,0.1000,123,9996105257,9996103798,54,3251
docs\inst_test\instancias\n_1000_7,500,10,15,20,0.1000,2026,9996105257,9996103798,54,3251
docs\inst_test\instancias\n_1000_7,500,10,15,20,0.2000,42,9996105257,9996103798,55,3251
docs\inst_test\instancias\n_1000_7,500,10,15,20,0.2000,123,9996105257,9996103798,52,3251
docs\inst_test\instancias\n_1000_7,500,10,15,20,0.3000,42,9996105257,9996103798,54,3251
docs\inst_test\instancias\n_1000_7,500,10,15,20,0.2000,2026,9996105257,9996103798,56,3251
docs\inst_test\instancias\n_1000_7,500,10,15,20,0.3000,123,9996105257,9996103798,56,3251
docs\inst_test\instancias\n_1000_7,500,10,15,20,0.3000,2026,9996105257,9996103798,52,3251
docs\inst_test\instancias\n_1000_7,500,15,7,5,0.1000,42,9996105257,9996103798,61,3251
docs\inst_test\instancias\n_1000_7,500,15,7,5,0.1000,123,9996105266,9996103835,65,3251
docs\inst_test\instancias\n_1000_7,500,15,7,5,0.2000,42,9996105264,9996103875,62,3251
docs\inst_test\instancias\n_1000_7,500,15,7,5,0.1000,2026,9996105264,9996103875,64,3251
docs\inst_test\instancias\n_1000_7,500,15,7,5,0.2000,2026,9996105264,9996103875,62,3251
docs\inst_test\instancias\n_1000_7,500,15,7,5,0.2000,123,9996105266,9996103835,66,3251
docs\inst_test\instancias\n_1000_7,500,15,7,5,0.3000,42,9996105257,9996103798,69,3251
docs\inst_test\instancias\n_1000_7,500,15,7,5,0.3000,123,9996105266,9996103835,76,3251
docs\inst_test\instancias\n_1000_7,500,15,7,10,0.1000,42,9996105257,9996103798,57,3251
docs\inst_test\instancias\n_1000_7,500,15,7,5,0.3000,2026,9996105257,9996103798,64,3251
docs\inst_test\instancias\n_1000_7,500,15,7,10,0.1000,123,9996105266,9996103835,55,3251
docs\inst_test\instancias\n_1000_7,500,15,7,10,0.1000,2026,9996105257,9996103798,58,3251
docs\inst_test\instancias\n_1000_7,500,15,7,10,0.2000,42,9996105257,9996103798,60,3251
docs\inst_test\instancias\n_1000_7,500,15,7,10,0.2000,123,9996105266,9996103835,59,3251
docs\inst_test\instancias\n_1000_7,500,15,7,10,0.2000,2026,9996105257,9996103798,56,3251
docs\inst_test\instancias\n_1000_7,500,15,7,10,0.3000,42,9996105257,9996103798,55,3251
docs\inst_test\instancias\n_1000_7,500,15,7,10,0.3000,2026,9996105257,9996103798,55,3251
docs\inst_test\instancias\n_1000_7,500,15,7,10,0.3000,123,9996105266,9996103835,59,3251
docs\inst_test\instancias\n_1000_7,500,15,7,20,0.1000,42,9996105257,9996103798,52,3251
docs\inst_test\instancias\n_1000_7,500,15,7,20,0.1000,123,9996105257,9996103798,54,3251
docs\inst_test\instancias\n_1000_7,500,15,7,20,0.1000,2026,9996105257,9996103798,59,3251
docs\inst_test\instancias\n_1000_7,500,15,7,20,0.2000,42,9996105257,9996103798,59,3251
docs\inst_test\instancias\n_1000_7,500,15,7,20,0.2000,123,9996105257,9996103798,53,3251
docs\inst_test\instancias\n_1000_7,500,15,7,20,0.2000,2026,9996105257,9996103798,52,3251
docs\inst_test\instancias\n_1000_7,500,15,7,20,0.3000,42,9996105257,9996103798,54,3251
docs\inst_test\instancias\n_1000_7,500,15,7,20,0.3000,123,9996105257,9996103798,54,3251
docs\inst_test\instancias\n_1000_7,500,15,7,20,0.3000,2026,9996105257,9996103798,53,3251
docs\inst_test\instancias\n_1000_7,500,15,10,5,0.1000,42,9996105257,9996103798,62,3251
docs\inst_test\instancias\n_1000_7,500,15,10,5,0.1000,123,9996105266,9996103835,61,3251
docs\inst_test\instancias\n_1000_7,500,15,10,5,0.2000,42,9996105264,9996103875,61,3251
docs\inst_test\instancias\n_1000_7,500,15,10,5,0.1000,2026,9996105264,9996103875,67,3251
docs\inst_test\instancias\n_1000_7,500,15,10,5,0.2000,123,9996105266,9996103835,62,3251
docs\inst_test\instancias\n_1000_7,500,15,10,5,0.2000,2026,9996105264,9996103875,62,3251
docs\inst_test\instancias\n_1000_7,500,15,10,5,0.3000,42,9996105257,9996103798,63,3251
docs\inst_test\instancias\n_1000_7,500,15,10,5,0.3000,123,9996105266,9996103835,70,3251
docs\inst_test\instancias\n_1000_7,500,15,10,5,0.3000,2026,9996105257,9996103798,62,3251
docs\inst_test\instancias\n_1000_7,500,15,10,10,0.1000,42,9996105257,9996103798,56,3251
docs\inst_test\instancias\n_1000_7,500,15,10,10,0.1000,123,9996105266,9996103835,60,3251
docs\inst_test\instancias\n_1000_7,500,15,10,10,0.1000,2026,9996105257,9996103798,60,3251
docs\inst_test\instancias\n_1000_7,500,15,10,10,0.2000,42,9996105257,9996103798,60,3251
docs\inst_test\instancias\n_1000_7,500,15,10,10,0.2000,123,9996105266,9996103835,55,3251
docs\inst_test\instancias\n_1000_7,500,15,10,10,0.2000,2026,9996105257,9996103798,56,3251
docs\inst_test\instancias\n_1000_7,500,15,10,10,0.3000,42,9996105257,9996103798,63,3251
docs\inst_test\instancias\n_1000_7,500,15,10,10,0.3000,123,9996105266,9996103835,58,3251
docs\inst_test\instancias\n_1000_7,500,15,10,10,0.3000,2026,9996105257,9996103798,57,3251
docs\inst_test\instancias\n_1000_7,500,15,10,20,0.1000,42,9996105257,9996103798,50,3251
docs\inst_test\instancias\n_1000_7,500,15,10,20,0.1000,123,9996105257,9996103798,50,3251
docs\inst_test\instancias\n_1000_7,500,15,10,20,0.1000,2026,9996105257,9996103798,52,3251
docs\inst_test\instancias\n_1000_7,500,15,10,20,0.2000,42,9996105257,9996103798,51,3251
docs\inst_test\instancias\n_1000_7,500,15,10,20,0.2000,123,9996105257,9996103798,50,3251
docs\inst_test\instancias\n_1000_7,500,15,10,20,0.3000,42,9996105257,9996103798,50,3251
docs\inst_test\instancias\n_1000_7,500,15,10,20,0.2000,2026,9996105257,9996103798,57,3251
docs\inst_test\instancias\n_1000_7,500,15,10,20,0.3000,123,9996105257,9996103798,53,3251
docs\inst_test\instancias\n_1000_7,500,15,10,20,0.3000,2026,9996105257,9996103798,54,3251
docs\inst_test\instancias\n_1000_7,500,15,15,5,0.1000,42,9996105257,9996103798,61,3251
docs\inst_test\instancias\n_1000_7,500,15,15,5,0.1000,123,9996105266,9996103835,65,3251
docs\inst_test\instancias\n_1000_7,500,15,15,5,0.2000,42,9996105264,9996103875,61,3251
docs\inst_test\instancias\n_1000_7,500,15,15,5,0.1000,2026,9996105264,9996103875,66,3251
docs\inst_test\instancias\n_1000_7,500,15,15,5,0.2000,123,9996105266,9996103835,61,3251
docs\inst_test\instancias\n_1000_7,500,15,15,5,0.2000,2026,9996105264,9996103875,64,3251
docs\inst_test\instancias\n_1000_7,500,15,15,5,0.3000,42,9996105257,9996103798,61,3251
docs\inst_test\instancias\n_1000_7,500,15,15,5,0.3000,123,9996105266,9996103835,60,3251
docs\inst_test\instancias\n_1000_7,500,15,15,5,0.3000,2026,9996105257,9996103798,58,3251
docs\inst_test\instancias\n_1000_7,500,15,15,10,0.1000,123,9996105266,9996103835,53,3251
docs\inst_test\instancias\n_1000_7,500,15,15,10,0.1000,2026,9996105257,9996103798,52,3251
docs\inst_test\instancias\n_1000_7,500,15,15,10,0.1000,42,9996105257,9996103798,60,3251
docs\inst_test\instancias\n_1000_7,500,15,15,10,0.2000,42,9996105257,9996103798,58,3251
docs\inst_test\instancias\n_1000_7,500,15,15,10,0.2000,123,9996105266,9996103835,52,3251
docs\inst_test\instancias\n_1000_7,500,15,15,10,0.3000,42,9996105257,9996103798,55,3251
docs\inst_test\instancias\n_1000_7,500,15,15,10,0.2000,2026,9996105257,9996103798,63,3251
docs\inst_test\instancias\n_1000_7,500,15,15,10,0.3000,123,9996105266,9996103835,57,3251
docs\inst_test\instancias\n_1000_7,500,15,15,20,0.1000,42,9996105257,9996103798,50,3251
docs\inst_test\instancias\n_1000_7,500,15,15,20,0.1000,123,9996105257,9996103798,50,3251
docs\inst_test\instancias\n_1000_7,500,15,15,10,0.3000,2026,9996105257,9996103798,55,3251
docs\inst_test\instancias\n_1000_7,500,15,15,20,0.1000,2026,9996105257,9996103798,49,3251
docs\inst_test\instancias\n_1000_7,500,15,15,20,0.2000,42,9996105257,9996103798,54,3251
docs\inst_test\instancias\n_1000_7,500,15,15,20,0.2000,123,9996105257,9996103798,51,3251
docs\inst_test\instancias\n_1000_7,500,15,15,20,0.2000,2026,9996105257,9996103798,54,3251
docs\inst_test\instancias\n_1000_7,500,15,15,20,0.3000,42,9996105257,9996103798,50,3251
docs\inst_test\instancias\n_1000_7,500,15,15,20,0.3000,123,9996105257,9996103798,49,3251
docs\inst_test\instancias\n_1000_7,500,15,15,20,0.3000,2026,9996105257,9996103798,54,3251
docs\inst_test\instancias\n_1000_7,500,20,7,5,0.1000,42,9996105257,9996103798,62,3251
docs\inst_test\instancias\n_1000_7,500,20,7,5,0.1000,123,9996105266,9996103835,61,3251
docs\inst_test\instancias\n_1000_7,500,20,7,5,0.1000,2026,9996105264,9996103875,59,3251
docs\inst_test\instancias\n_1000_7,500,20,7,5,0.2000,123,9996105266,9996103835,61,3251
docs\inst_test\instancias\n_1000_7,500,20,7,5,0.2000,2026,9996105264,9996103875,60,3251
docs\inst_test\instancias\n_1000_7,500,20,7,5,0.3000,42,9996105257,9996103798,61,3251
docs\inst_test\instancias\n_1000_7,500,20,7,5,0.2000,42,9996105264,9996103875,76,3251
docs\inst_test\instancias\n_1000_7,500,20,7,5,0.3000,123,9996105266,9996103835,65,3251
docs\inst_test\instancias\n_1000_7,500,20,7,5,0.3000,2026,9996105257,9996103798,61,3251
docs\inst_test\instancias\n_1000_7,500,20,7,10,0.1000,42,9996105257,9996103798,54,3251
docs\inst_test\instancias\n_1000_7,500,20,7,10,0.1000,123,9996105266,9996103835,52,3251
docs\inst_test\instancias\n_1000_7,500,20,7,10,0.2000,42,9996105257,9996103798,53,3251
docs\inst_test\instancias\n_1000_7,500,20,7,10,0.2000,123,9996105266,9996103835,53,3251
docs\inst_test\instancias\n_1000_7,500,20,7,10,0.1000,2026,9996105257,9996103798,56,3251
docs\inst_test\instancias\n_1000_7,500,20,7,10,0.2000,2026,9996105257,9996103798,60,3251
docs\inst_test\instancias\n_1000_7,500,20,7,10,0.3000,42,9996105257,9996103798,53,3251
docs\inst_test\instancias\n_1000_7,500,20,7,10,0.3000,123,9996105266,9996103835,60,3251
docs\inst_test\instancias\n_1000_7,500,20,7,20,0.1000,42,9996105257,9996103798,55,3251
docs\inst_test\instancias\n_1000_7,500,20,7,20,0.1000,123,9996105257,9996103798,51,3251
docs\inst_test\instancias\n_1000_7,500,20,7,20,0.1000,2026,9996105257,9996103798,49,3251
docs\inst_test\instancias\n_1000_7,500,20,7,10,0.3000,2026,9996105257,9996103798,76,3251
docs\inst_test\instancias\n_1000_7,500,20,7,20,0.2000,123,9996105257,9996103798,51,3251
docs\inst_test\instancias\n_1000_7,500,20,7,20,0.2000,42,9996105257,9996103798,64,3251
docs\inst_test\instancias\n_1000_7,500,20,7,20,0.2000,2026,9996105257,9996103798,59,3251
docs\inst_test\instancias\n_1000_7,500,20,7,20,0.3000,42,9996105257,9996103798,50,3251
docs\inst_test\instancias\n_1000_7,500,20,7,20,0.3000,123,9996105257,9996103798,54,3251
docs\inst_test\instancias\n_1000_7,500,20,7,20,0.3000,2026,9996105257,9996103798,58,3251
docs\inst_test\instancias\n_1000_7,500,20,10,5,0.1000,42,9996105257,9996103798,59,3251
docs\inst_test\instancias\n_1000_7,500,20,10,5,0.1000,2026,9996105264,9996103875,61,3251
docs\inst_test\instancias\n_1000_7,500,20,10,5,0.1000,123,9996105266,9996103835,74,3251
docs\inst_test\instancias\n_1000_7,500,20,10,5,0.2000,42,9996105264,9996103875,63,3251
docs\inst_test\instancias\n_1000_7,500,20,10,5,0.2000,123,9996105266,9996103835,64,3251
docs\inst_test\instancias\n_1000_7,500,20,10,5,0.2000,2026,9996105264,9996103875,66,3251
docs\inst_test\instancias\n_1000_7,500,20,10,5,0.3000,42,9996105257,9996103798,60,3251
docs\inst_test\instancias\n_1000_7,500,20,10,5,0.3000,123,9996105266,9996103835,61,3251
docs\inst_test\instancias\n_1000_7,500,20,10,5,0.3000,2026,9996105257,9996103798,62,3251
docs\inst_test\instancias\n_1000_7,500,20,10,10,0.1000,123,9996105266,9996103835,52,3251
docs\inst_test\instancias\n_1000_7,500,20,10,10,0.1000,42,9996105257,9996103798,55,3251
docs\inst_test\instancias\n_1000_7,500,20,10,10,0.1000,2026,9996105257,9996103798,53,3251
docs\inst_test\instancias\n_1000_7,500,20,10,10,0.2000,123,9996105266,9996103835,54,3251
docs\inst_test\instancias\n_1000_7,500,20,10,10,0.2000,42,9996105257,9996103798,58,3251
docs\inst_test\instancias\n_1000_7,500,20,10,10,0.2000,2026,9996105257,9996103798,55,3251
docs\inst_test\instancias\n_1000_7,500,20,10,10,0.3000,42,9996105257,9996103798,53,3251
docs\inst_test\instancias\n_1000_7,500,20,10,10,0.3000,123,9996105266,9996103835,53,3251
docs\inst_test\instancias\n_1000_7,500,20,10,20,0.1000,42,9996105257,9996103798,51,3251
docs\inst_test\instancias\n_1000_7,500,20,10,20,0.1000,123,9996105257,9996103798,50,3251
docs\inst_test\instancias\n_1000_7,500,20,10,10,0.3000,2026,9996105257,9996103798,55,3251
docs\inst_test\instancias\n_1000_7,500,20,10,20,0.1000,2026,9996105257,9996103798,50,3251
docs\inst_test\instancias\n_1000_7,500,20,10,20,0.2000,42,9996105257,9996103798,55,3251
docs\inst_test\instancias\n_1000_7,500,20,10,20,0.2000,123,9996105257,9996103798,49,3251
docs\inst_test\instancias\n_1000_7,500,20,10,20,0.3000,42,9996105257,9996103798,50,3251
docs\inst_test\instancias\n_1000_7,500,20,10,20,0.2000,2026,9996105257,9996103798,55,3251
docs\inst_test\instancias\n_1000_7,500,20,10,20,0.3000,123,9996105257,9996103798,50,3251
docs\inst_test\instancias\n_1000_7,500,20,10,20,0.3000,2026,9996105257,9996103798,50,3251
docs\inst_test\instancias\n_1000_7,500,20,15,5,0.1000,42,9996105257,9996103798,65,3251
docs\inst_test\instancias\n_1000_7,500,20,15,5,0.1000,123,9996105266,9996103835,59,3251
docs\inst_test\instancias\n_1000_7,500,20,15,5,0.2000,42,9996105264,9996103875,60,3251
docs\inst_test\instancias\n_1000_7,500,20,15,5,0.1000,2026,9996105264,9996103875,69,3251
docs\inst_test\instancias\n_1000_7,500,20,15,5,0.2000,123,9996105266,9996103835,59,3251
docs\inst_test\instancias\n_1000_7,500,20,15,5,0.2000,2026,9996105264,9996103875,59,3251
docs\inst_test\instancias\n_1000_7,500,20,15,5,0.3000,123,9996105266,9996103835,60,3251
docs\inst_test\instancias\n_1000_7,500,20,15,5,0.3000,42,9996105257,9996103798,63,3251
docs\inst_test\instancias\n_1000_7,500,20,15,10,0.1000,42,9996105257,9996103798,56,3251
docs\inst_test\instancias\n_1000_7,500,20,15,5,0.3000,2026,9996105257,9996103798,62,3251
docs\inst_test\instancias\n_1000_7,500,20,15,10,0.1000,123,9996105266,9996103835,55,3251
docs\inst_test\instancias\n_1000_7,500,20,15,10,0.1000,2026,9996105257,9996103798,54,3251
docs\inst_test\instancias\n_1000_7,500,20,15,10,0.2000,123,9996105266,9996103835,53,3251
docs\inst_test\instancias\n_1000_7,500,20,15,10,0.2000,42,9996105257,9996103798,56,3251
docs\inst_test\instancias\n_1000_7,500,20,15,10,0.3000,42,9996105257,9996103798,53,3251
docs\inst_test\instancias\n_1000_7,500,20,15,10,0.2000,2026,9996105257,9996103798,58,3251
docs\inst_test\instancias\n_1000_7,500,20,15,10,0.3000,123,9996105266,9996103835,53,3251
docs\inst_test\instancias\n_1000_7,500,20,15,10,0.3000,2026,9996105257,9996103798,55,3251
docs\inst_test\instancias\n_1000_7,500,20,15,20,0.1000,42,9996105257,9996103798,51,3251
docs\inst_test\instancias\n_1000_7,500,20,15,20,0.1000,123,9996105257,9996103798,54,3251
docs\inst_test\instancias\n_1000_7,500,20,15,20,0.1000,2026,9996105257,9996103798,50,3251
docs\inst_test\instancias\n_1000_7,500,20,15,20,0.2000,42,9996105257,9996103798,50,3251
docs\inst_test\instancias\n_1000_7,500,20,15,20,0.2000,123,9996105257,9996103798,50,3251
docs\inst_test\instancias\n_1000_7,500,20,15,20,0.2000,2026,9996105257,9996103798,50,3251
docs\inst_test\instancias\n_1000_7,500,20,15,20,0.3000,42,9996105257,9996103798,50,3251
docs\inst_test\instancias\n_1000_7,500,20,15,20,0.3000,123,9996105257,9996103798,52,3251
docs\inst_test\instancias\n_1000_7,500,20,15,20,0.3000,2026,9996105257,9996103798,51,3251
docs\inst_test\instancias\n_1000_8,100,10,7,5,0.1000,42,9996111497,9996109804,11,3236
docs\inst_test\instancias\n_1000_8,100,10,7,5,0.1000,2026,9996111497,9996109804,12,3236
docs\inst_test\instancias\n_1000_8,100,10,7,5,0.2000,42,9996111502,9996110095,12,3236
docs\inst_test\instancias\n_1000_8,100,10,7,5,0.2000,123,9996111497,9996109804,12,3236
docs\inst_test\instancias\n_1000_8,100,10,7,5,0.1000,123,9996111497,9996109804,16,3236
docs\inst_test\instancias\n_1000_8,100,10,7,5,0.3000,42,9996111502,9996110095,18,3236
docs\inst_test\instancias\n_1000_8,100,10,7,5,0.3000,123,9996111497,9996109804,20,3236
docs\inst_test\instancias\n_1000_8,100,10,7,5,0.2000,2026,9996111497,9996109804,21,3236
docs\inst_test\instancias\n_1000_8,100,10,7,10,0.1000,42,9996111497,9996109804,10,3236
docs\inst_test\instancias\n_1000_8,100,10,7,10,0.1000,2026,9996111497,9996109804,11,3236
docs\inst_test\instancias\n_1000_8,100,10,7,10,0.1000,123,9996111497,9996109804,12,3236
docs\inst_test\instancias\n_1000_8,100,10,7,5,0.3000,2026,9996111497,9996109804,12,3236
docs\inst_test\instancias\n_1000_8,100,10,7,10,0.2000,42,9996111497,9996109804,14,3236
docs\inst_test\instancias\n_1000_8,100,10,7,10,0.3000,42,9996111497,9996109804,12,3236
docs\inst_test\instancias\n_1000_8,100,10,7,10,0.3000,123,9996111497,9996109804,12,3236
docs\inst_test\instancias\n_1000_8,100,10,7,10,0.3000,2026,9996111497,9996109804,11,3236
docs\inst_test\instancias\n_1000_8,100,10,7,20,0.1000,123,9996111497,9996109804,11,3236
docs\inst_test\instancias\n_1000_8,100,10,7,10,0.2000,2026,9996111497,9996109804,18,3236
docs\inst_test\instancias\n_1000_8,100,10,7,20,0.1000,42,9996111497,9996109804,15,3236
docs\inst_test\instancias\n_1000_8,100,10,7,20,0.1000,2026,9996111497,9996109804,11,3236
docs\inst_test\instancias\n_1000_8,100,10,7,20,0.2000,123,9996111497,9996109804,9,3236
docs\inst_test\instancias\n_1000_8,100,10,7,20,0.2000,2026,9996111497,9996109804,10,3236
docs\inst_test\instancias\n_1000_8,100,10,7,20,0.2000,42,9996111497,9996109804,11,3236
docs\inst_test\instancias\n_1000_8,100,10,7,10,0.2000,123,9996111497,9996109804,29,3236
docs\inst_test\instancias\n_1000_8,100,10,7,20,0.3000,2026,9996111497,9996109804,9,3236
docs\inst_test\instancias\n_1000_8,100,10,7,20,0.3000,42,9996111497,9996109804,14,3236
docs\inst_test\instancias\n_1000_8,100,10,10,5,0.1000,42,9996111497,9996109804,13,3236
docs\inst_test\instancias\n_1000_8,100,10,10,5,0.1000,123,9996111497,9996109804,12,3236
docs\inst_test\instancias\n_1000_8,100,10,10,5,0.1000,2026,9996111497,9996109804,12,3236
docs\inst_test\instancias\n_1000_8,100,10,7,20,0.3000,123,9996111497,9996109804,19,3236
docs\inst_test\instancias\n_1000_8,100,10,10,5,0.2000,42,9996111502,9996110095,15,3236
docs\inst_test\instancias\n_1000_8,100,10,10,5,0.2000,2026,9996111497,9996109804,12,3236
docs\inst_test\instancias\n_1000_8,100,10,10,5,0.3000,42,9996111502,9996110095,13,3236
docs\inst_test\instancias\n_1000_8,100,10,10,5,0.3000,123,9996111497,9996109804,12,3236
docs\inst_test\instancias\n_1000_8,100,10,10,5,0.3000,2026,9996111497,9996109804,12,3236
docs\inst_test\instancias\n_1000_8,100,10,10,10,0.1000,123,9996111497,9996109804,11,3236
docs\inst_test\instancias\n_1000_8,100,10,10,5,0.2000,123,9996111497,9996109804,24,3236
docs\inst_test\instancias\n_1000_8,100,10,10,10,0.2000,42,9996111497,9996109804,11,3236
docs\inst_test\instancias\n_1000_8,100,10,10,10,0.1000,2026,9996111497,9996109804,13,3236
docs\inst_test\instancias\n_1000_8,100,10,10,10,0.1000,42,9996111497,9996109804,16,3236
docs\inst_test\instancias\n_1000_8,100,10,10,10,0.2000,123,9996111497,9996109804,11,3236
docs\inst_test\instancias\n_1000_8,100,10,10,10,0.2000,2026,9996111497,9996109804,10,3236
docs\inst_test\instancias\n_1000_8,100,10,10,10,0.3000,42,9996111497,9996109804,12,3236
docs\inst_test\instancias\n_1000_8,100,10,10,10,0.3000,2026,9996111497,9996109804,10,3236
docs\inst_test\instancias\n_1000_8,100,10,10,10,0.3000,123,9996111497,9996109804,13,3236
docs\inst_test\instancias\n_1000_8,100,10,10,20,0.1000,42,9996111497,9996109804,10,3236
docs\inst_test\instancias\n_1000_8,100,10,10,20,0.1000,123,9996111497,9996109804,10,3236
docs\inst_test\instancias\n_1000_8,100,10,10,20,0.1000,2026,9996111497,9996109804,10,3236
docs\inst_test\instancias\n_1000_8,100,10,10,20,0.2000,42,9996111497,9996109804,11,3236
docs\inst_test\instancias\n_1000_8,100,10,10,20,0.2000,123,9996111497,9996109804,11,3236
docs\inst_test\instancias\n_1000_8,100,10,10,20,0.2000,2026,9996111497,9996109804,10,3236
docs\inst_test\instancias\n_1000_8,100,10,10,20,0.3000,42,9996111497,9996109804,11,3236
docs\inst_test\instancias\n_1000_8,100,10,10,20,0.3000,2026,9996111497,9996109804,11,3236
docs\inst_test\instancias\n_1000_8,100,10,10,20,0.3000,123,9996111497,9996109804,11,3236
docs\inst_test\instancias\n_1000_8,100,10,15,5,0.1000,42,9996111497,9996109804,12,3236
docs\inst_test\instancias\n_1000_8,100,10,15,5,0.1000,123,9996111497,9996109804,12,3236
docs\inst_test\instancias\n_1000_8,100,10,15,5,0.1000,2026,9996111497,9996109804,12,3236
docs\inst_test\instancias\n_1000_8,100,10,15,5,0.2000,42,9996111502,9996110095,12,3236
docs\inst_test\instancias\n_1000_8,100,10,15,5,0.2000,123,9996111497,9996109804,12,3236
docs\inst_test\instancias\n_1000_8,100,10,15,5,0.2000,2026,9996111497,9996109804,13,3236
docs\inst_test\instancias\n_1000_8,100,10,15,5,0.3000,42,9996111502,9996110095,12,3236
docs\inst_test\instancias\n_1000_8,100,10,15,5,0.3000,123,9996111497,9996109804,12,3236
docs\inst_test\instancias\n_1000_8,100,10,15,10,0.1000,42,9996111497,9996109804,10,3236
docs\inst_test\instancias\n_1000_8,100,10,15,5,0.3000,2026,9996111497,9996109804,11,3236
docs\inst_test\instancias\n_1000_8,100,10,15,10,0.1000,123,9996111497,9996109804,12,3236
docs\inst_test\instancias\n_1000_8,100,10,15,10,0.1000,2026,9996111497,9996109804,10,3236
docs\inst_test\instancias\n_1000_8,100,10,15,10,0.2000,42,9996111497,9996109804,11,3236
docs\inst_test\instancias\n_1000_8,100,10,15,10,0.2000,2026,9996111497,9996109804,10,3236
docs\inst_test\instancias\n_1000_8,100,10,15,10,0.2000,123,9996111497,9996109804,10,3236
docs\inst_test\instancias\n_1000_8,100,10,15,10,0.3000,42,9996111497,9996109804,11,3236
docs\inst_test\instancias\n_1000_8,100,10,15,10,0.3000,123,9996111497,9996109804,12,3236
docs\inst_test\instancias\n_1000_8,100,10,15,10,0.3000,2026,9996111497,9996109804,11,3236
docs\inst_test\instancias\n_1000_8,100,10,15,20,0.1000,42,9996111497,9996109804,11,3236
docs\inst_test\instancias\n_1000_8,100,10,15,20,0.1000,123,9996111497,9996109804,9,3236
docs\inst_test\instancias\n_1000_8,100,10,15,20,0.1000,2026,9996111497,9996109804,10,3236
docs\inst_test\instancias\n_1000_8,100,10,15,20,0.2000,42,9996111497,9996109804,10,3236
docs\inst_test\instancias\n_1000_8,100,10,15,20,0.2000,123,9996111497,9996109804,10,3236
docs\inst_test\instancias\n_1000_8,100,10,15,20,0.3000,42,9996111497,9996109804,10,3236
docs\inst_test\instancias\n_1000_8,100,10,15,20,0.3000,123,9996111497,9996109804,10,3236
docs\inst_test\instancias\n_1000_8,100,10,15,20,0.2000,2026,9996111497,9996109804,12,3236
docs\inst_test\instancias\n_1000_8,100,10,15,20,0.3000,2026,9996111497,9996109804,12,3236
docs\inst_test\instancias\n_1000_8,100,15,7,5,0.1000,42,9996111497,9996109804,13,3236
docs\inst_test\instancias\n_1000_8,100,15,7,5,0.1000,123,9996111497,9996109804,12,3236
docs\inst_test\instancias\n_1000_8,100,15,7,5,0.1000,2026,9996111497,9996109804,12,3236
docs\inst_test\instancias\n_1000_8,100,15,7,5,0.2000,42,9996111502,9996110095,12,3236
docs\inst_test\instancias\n_1000_8,100,15,7,5,0.2000,123,9996111497,9996109804,11,3236
docs\inst_test\instancias\n_1000_8,100,15,7,5,0.2000,2026,9996111497,9996109804,11,3236
docs\inst_test\instancias\n_1000_8,100,15,7,5,0.3000,42,9996111502,9996110095,12,3236
docs\inst_test\instancias\n_1000_8,100,15,7,5,0.3000,123,9996111497,9996109804,12,3236
docs\inst_test\instancias\n_1000_8,100,15,7,5,0.3000,2026,9996111497,9996109804,12,3236
docs\inst_test\instancias\n_1000_8,100,15,7,10,0.1000,42,9996111497,9996109804,11,3236
docs\inst_test\instancias\n_1000_8,100,15,7,10,0.1000,2026,9996111497,9996109804,11,3236
docs\inst_test\instancias\n_1000_8,100,15,7,10,0.1000,123,9996111497,9996109804,12,3236
docs\inst_test\instancias\n_1000_8,100,15,7,10,0.2000,42,9996111497,9996109804,11,3236
docs\inst_test\instancias\n_1000_8,100,15,7,10,0.2000,123,9996111497,9996109804,11,3236
docs\inst_test\instancias\n_1000_8,100,15,7,10,0.2000,2026,9996111497,9996109804,11,3236
docs\inst_test\instancias\n_1000_8,100,15,7,10,0.3000,42,9996111497,9996109804,10,3236
docs\inst_test\instancias\n_1000_8,100,15,7,10,0.3000,123,9996111497,9996109804,10,3236
docs\inst_test\instancias\n_1000_8,100,15,7,10,0.3000,2026,9996111497,9996109804,10,3236
docs\inst_test\instancias\n_1000_8,100,15,7,20,0.1000,42,9996111497,9996109804,10,3236
docs\inst_test\instancias\n_1000_8,100,15,7,20,0.1000,123,9996111497,9996109804,9,3236
docs\inst_test\instancias\n_1000_8,100,15,7,20,0.1000,2026,9996111497,9996109804,10,3236
docs\inst_test\instancias\n_1000_8,100,15,7,20,0.2000,42,9996111497,9996109804,11,3236
docs\inst_test\instancias\n_1000_8,100,15,7,20,0.2000,123,9996111497,9996109804,10,3236
docs\inst_test\instancias\n_1000_8,100,15,7,20,0.3000,42,9996111497,9996109804,9,3236
docs\inst_test\instancias\n_1000_8,100,15,7,20,0.2000,2026,9996111497,9996109804,10,3236
docs\inst_test\instancias\n_1000_8,100,15,7,20,0.3000,123,9996111497,9996109804,10,3236
docs\inst_test\instancias\n_1000_8,100,15,7,20,0.3000,2026,9996111497,9996109804,10,3236
docs\inst_test\instancias\n_1000_8,100,15,10,5,0.1000,42,9996111497,9996109804,13,3236
docs\inst_test\instancias\n_1000_8,100,15,10,5,0.1000,123,9996111497,9996109804,12,3236
docs\inst_test\instancias\n_1000_8,100,15,10,5,0.1000,2026,9996111497,9996109804,12,3236
docs\inst_test\instancias\n_1000_8,100,15,10,5,0.2000,2026,9996111497,9996109804,13,3236
docs\inst_test\instancias\n_1000_8,100,15,10,5,0.2000,123,9996111497,9996109804,13,3236
docs\inst_test\instancias\n_1000_8,100,15,10,5,0.2000,42,9996111502,9996110095,16,3236
docs\inst_test\instancias\n_1000_8,100,15,10,5,0.3000,42,9996111502,9996110095,13,3236
docs\inst_test\instancias\n_1000_8,100,15,10,10,0.1000,42,9996111497,9996109804,11,3236
docs\inst_test\instancias\n_1000_8,100,15,10,5,0.3000,2026,9996111497,9996109804,12,3236
docs\inst_test\instancias\n_1000_8,100,15,10,10,0.1000,123,9996111497,9996109804,11,3236
docs\inst_test\instancias\n_1000_8,100,15,10,5,0.3000,123,9996111497,9996109804,15,3236
docs\inst_test\instancias\n_1000_8,100,15,10,10,0.1000,2026,9996111497,9996109804,10,3236
docs\inst_test\instancias\n_1000_8,100,15,10,10,0.2000,42,9996111497,9996109804,11,3236
docs\inst_test\instancias\n_1000_8,100,15,10,10,0.2000,123,9996111497,9996109804,11,3236
docs\inst_test\instancias\n_1000_8,100,15,10,10,0.2000,2026,9996111497,9996109804,10,3236
docs\inst_test\instancias\n_1000_8,100,15,10,10,0.3000,42,9996111497,9996109804,10,3236
docs\inst_test\instancias\n_1000_8,100,15,10,10,0.3000,123,9996111497,9996109804,11,3236
docs\inst_test\instancias\n_1000_8,100,15,10,10,0.3000,2026,9996111497,9996109804,10,3236
docs\inst_test\instancias\n_1000_8,100,15,10,20,0.1000,42,9996111497,9996109804,11,3236
docs\inst_test\instancias\n_1000_8,100,15,10,20,0.1000,123,9996111497,9996109804,10,3236
docs\inst_test\instancias\n_1000_8,100,15,10,20,0.1000,2026,9996111497,9996109804,9,3236
docs\inst_test\instancias\n_1000_8,100,15,10,20,0.2000,42,9996111497,9996109804,11,3236
docs\inst_test\instancias\n_1000_8,100,15,10,20,0.2000,123,9996111497,9996109804,10,3236
docs\inst_test\instancias\n_1000_8,100,15,10,20,0.2000,2026,9996111497,9996109804,10,3236
docs\inst_test\instancias\n_1000_8,100,15,10,20,0.3000,42,9996111497,9996109804,10,3236
docs\inst_test\instancias\n_1000_8,100,15,10,20,0.3000,123,9996111497,9996109804,10,3236
docs\inst_test\instancias\n_1000_8,100,15,10,20,0.3000,2026,9996111497,9996109804,9,3236
docs\inst_test\instancias\n_1000_8,100,15,15,5,0.1000,123,9996111497,9996109804,13,3236
docs\inst_test\instancias\n_1000_8,100,15,15,5,0.1000,2026,9996111497,9996109804,12,3236
docs\inst_test\instancias\n_1000_8,100,15,15,5,0.1000,42,9996111497,9996109804,14,3236
docs\inst_test\instancias\n_1000_8,100,15,15,5,0.2000,42,9996111502,9996110095,13,3236
docs\inst_test\instancias\n_1000_8,100,15,15,5,0.2000,123,9996111497,9996109804,12,3236
docs\inst_test\instancias\n_1000_8,100,15,15,5,0.2000,2026,9996111497,9996109804,12,3236
docs\inst_test\instancias\n_1000_8,100,15,15,5,0.3000,123,9996111497,9996109804,13,3236
docs\inst_test\instancias\n_1000_8,100,15,15,5,0.3000,42,9996111502,9996110095,13,3236
docs\inst_test\instancias\n_1000_8,100,15,15,10,0.1000,42,9996111497,9996109804,10,3236
docs\inst_test\instancias\n_1000_8,100,15,15,5,0.3000,2026,9996111497,9996109804,12,3236
docs\inst_test\instancias\n_1000_8,100,15,15,10,0.1000,123,9996111497,9996109804,11,3236
docs\inst_test\instancias\n_1000_8,100,15,15,10,0.2000,42,9996111497,9996109804,10,3236
docs\inst_test\instancias\n_1000_8,100,15,15,10,0.1000,2026,9996111497,9996109804,12,3236
docs\inst_test\instancias\n_1000_8,100,15,15,10,0.2000,123,9996111497,9996109804,10,3236
docs\inst_test\instancias\n_1000_8,100,15,15,10,0.2000,2026,9996111497,9996109804,10,3236
docs\inst_test\instancias\n_1000_8,100,15,15,10,0.3000,42,9996111497,9996109804,11,3236
docs\inst_test\instancias\n_1000_8,100,15,15,10,0.3000,123,9996111497,9996109804,11,3236
docs\inst_test\instancias\n_1000_8,100,15,15,20,0.1000,42,9996111497,9996109804,10,3236
docs\inst_test\instancias\n_1000_8,100,15,15,10,0.3000,2026,9996111497,9996109804,12,3236
docs\inst_test\instancias\n_1000_8,100,15,15,20,0.1000,123,9996111497,9996109804,10,3236
docs\inst_test\instancias\n_1000_8,100,15,15,20,0.1000,2026,9996111497,9996109804,9,3236
docs\inst_test\instancias\n_1000_8,100,15,15,20,0.2000,42,9996111497,9996109804,10,3236
docs\inst_test\instancias\n_1000_8,100,15,15,20,0.2000,123,9996111497,9996109804,9,3236
docs\inst_test\instancias\n_1000_8,100,15,15,20,0.2000,2026,9996111497,9996109804,10,3236
docs\inst_test\instancias\n_1000_8,100,15,15,20,0.3000,42,9996111497,9996109804,10,3236
docs\inst_test\instancias\n_1000_8,100,15,15,20,0.3000,2026,9996111497,9996109804,10,3236
docs\inst_test\instancias\n_1000_8,100,15,15,20,0.3000,123,9996111497,9996109804,13,3236
docs\inst_test\instancias\n_1000_8,100,20,7,5,0.1000,42,9996111497,9996109804,12,3236
docs\inst_test\instancias\n_1000_8,100,20,7,5,0.1000,123,9996111497,9996109804,12,3236
docs\inst_test\instancias\n_1000_8,100,20,7,5,0.1000,2026,9996111497,9996109804,12,3236
docs\inst_test\instancias\n_1000_8,100,20,7,5,0.2000,42,9996111502,9996110095,13,3236
docs\inst_test\instancias\n_1000_8,100,20,7,5,0.2000,123,9996111497,9996109804,12,3236
docs\inst_test\instancias\n_1000_8,100,20,7,5,0.2000,2026,9996111497,9996109804,15,3236
docs\inst_test\instancias\n_1000_8,100,20,7,5,0.3000,42,9996111502,9996110095,13,3236
docs\inst_test\instancias\n_1000_8,100,20,7,5,0.3000,123,9996111497,9996109804,12,3236
docs\inst_test\instancias\n_1000_8,100,20,7,10,0.1000,42,9996111497,9996109804,11,3236
docs\inst_test\instancias\n_1000_8,100,20,7,10,0.1000,123,9996111497,9996109804,10,3236
docs\inst_test\instancias\n_1000_8,100,20,7,5,0.3000,2026,9996111497,9996109804,12,3236
docs\inst_test\instancias\n_1000_8,100,20,7,10,0.1000,2026,9996111497,9996109804,10,3236
docs\inst_test\instancias\n_1000_8,100,20,7,10,0.2000,42,9996111497,9996109804,11,3236
docs\inst_test\instancias\n_1000_8,100,20,7,10,0.2000,2026,9996111497,9996109804,11,3236
docs\inst_test\instancias\n_1000_8,100,20,7,10,0.3000,42,9996111497,9996109804,11,3236
docs\inst_test\instancias\n_1000_8,100,20,7,20,0.1000,42,9996111497,9996109804,9,3236
docs\inst_test\instancias\n_1000_8,100,20,7,10,0.3000,2026,9996111497,9996109804,11,3236
docs\inst_test\instancias\n_1000_8,100,20,7,10,0.2000,123,9996111497,9996109804,13,3236
docs\inst_test\instancias\n_1000_8,100,20,7,20,0.1000,123,9996111497,9996109804,10,3236
docs\inst_test\instancias\n_1000_8,100,20,7,20,0.1000,2026,9996111497,9996109804,10,3236
docs\inst_test\instancias\n_1000_8,100,20,7,10,0.3000,123,9996111497,9996109804,12,3236
docs\inst_test\instancias\n_1000_8,100,20,7,20,0.2000,42,9996111497,9996109804,10,3236
docs\inst_test\instancias\n_1000_8,100,20,7,20,0.2000,123,9996111497,9996109804,10,3236
docs\inst_test\instancias\n_1000_8,100,20,7,20,0.2000,2026,9996111497,9996109804,10,3236
docs\inst_test\instancias\n_1000_8,100,20,7,20,0.3000,42,9996111497,9996109804,10,3236
docs\inst_test\instancias\n_1000_8,100,20,7,20,0.3000,2026,9996111497,9996109804,10,3236
docs\inst_test\instancias\n_1000_8,100,20,7,20,0.3000,123,9996111497,9996109804,12,3236
docs\inst_test\instancias\n_1000_8,100,20,10,5,0.1000,42,9996111497,9996109804,12,3236
docs\inst_test\instancias\n_1000_8,100,20,10,5,0.1000,123,9996111497,9996109804,14,3236
docs\inst_test\instancias\n_1000_8,100,20,10,5,0.1000,2026,9996111497,9996109804,12,3236
docs\inst_test\instancias\n_1000_8,100,20,10,5,0.2000,42,9996111502,9996110095,12,3236
docs\inst_test\instancias\n_1000_8,100,20,10,5,0.2000,123,9996111497,9996109804,12,3236
docs\inst_test\instancias\n_1000_8,100,20,10,5,0.2000,2026,9996111497,9996109804,12,3236
docs\inst_test\instancias\n_1000_8,100,20,10,5,0.3000,42,9996111502,9996110095,12,3236
docs\inst_test\instancias\n_1000_8,100,20,10,5,0.3000,2026,9996111497,9996109804,12,3236
docs\inst_test\instancias\n_1000_8,100,20,10,5,0.3000,123,9996111497,9996109804,13,3236
docs\inst_test\instancias\n_1000_8,100,20,10,10,0.1000,42,9996111497,9996109804,10,3236
docs\inst_test\instancias\n_1000_8,100,20,10,10,0.1000,123,9996111497,9996109804,10,3236
docs\inst_test\instancias\n_1000_8,100,20,10,10,0.1000,2026,9996111497,9996109804,11,3236
docs\inst_test\instancias\n_1000_8,100,20,10,10,0.2000,42,9996111497,9996109804,10,3236
docs\inst_test\instancias\n_1000_8,100,20,10,10,0.2000,123,9996111497,9996109804,9,3236
docs\inst_test\instancias\n_1000_8,100,20,10,10,0.2000,2026,9996111497,9996109804,11,3236
docs\inst_test\instancias\n_1000_8,100,20,10,10,0.3000,42,9996111497,9996109804,10,3236
docs\inst_test\instancias\n_1000_8,100,20,10,10,0.3000,123,9996111497,9996109804,10,3236
docs\inst_test\instancias\n_1000_8,100,20,10,10,0.3000,2026,9996111497,9996109804,11,3236
docs\inst_test\instancias\n_1000_8,100,20,10,20,0.1000,42,9996111497,9996109804,10,3236
docs\inst_test\instancias\n_1000_8,100,20,10,20,0.1000,2026,9996111497,9996109804,10,3236
docs\inst_test\instancias\n_1000_8,100,20,10,20,0.2000,123,9996111497,9996109804,10,3236
docs\inst_test\instancias\n_1000_8,100,20,10,20,0.2000,42,9996111497,9996109804,11,3236
docs\inst_test\instancias\n_1000_8,100,20,10,20,0.1000,123,9996111497,9996109804,13,3236
docs\inst_test\instancias\n_1000_8,100,20,10,20,0.3000,42,9996111497,9996109804,11,3236
docs\inst_test\instancias\n_1000_8,100,20,10,20,0.3000,123,9996111497,9996109804,11,3236
docs\inst_test\instancias\n_1000_8,100,20,10,20,0.2000,2026,9996111497,9996109804,13,3236
docs\inst_test\instancias\n_1000_8,100,20,10,20,0.3000,2026,9996111497,9996109804,10,3236
docs\inst_test\instancias\n_1000_8,100,20,15,5,0.1000,42,9996111497,9996109804,12,3236
docs\inst_test\instancias\n_1000_8,100,20,15,5,0.1000,2026,9996111497,9996109804,12,3236
docs\inst_test\instancias\n_1000_8,100,20,15,5,0.1000,123,9996111497,9996109804,12,3236
docs\inst_test\instancias\n_1000_8,100,20,15,5,0.2000,42,9996111502,9996110095,13,3236
docs\inst_test\instancias\n_1000_8,100,20,15,5,0.2000,123,9996111497,9996109804,11,3236
docs\inst_test\instancias\n_1000_8,100,20,15,5,0.2000,2026,9996111497,9996109804,11,3236
docs\inst_test\instancias\n_1000_8,100,20,15,5,0.3000,42,9996111502,9996110095,11,3236
docs\inst_test\instancias\n_1000_8,100,20,15,5,0.3000,123,9996111497,9996109804,11,3236
docs\inst_test\instancias\n_1000_8,100,20,15,5,0.3000,2026,9996111497,9996109804,12,3236
docs\inst_test\instancias\n_1000_8,100,20,15,10,0.1000,42,9996111497,9996109804,11,3236
docs\inst_test\instancias\n_1000_8,100,20,15,10,0.1000,123,9996111497,9996109804,13,3236
docs\inst_test\instancias\n_1000_8,100,20,15,10,0.2000,42,9996111497,9996109804,11,3236
docs\inst_test\instancias\n_1000_8,100,20,15,10,0.1000,2026,9996111497,9996109804,11,3236
docs\inst_test\instancias\n_1000_8,100,20,15,10,0.2000,2026,9996111497,9996109804,11,3236
docs\inst_test\instancias\n_1000_8,100,20,15,10,0.2000,123,9996111497,9996109804,13,3236
docs\inst_test\instancias\n_1000_8,100,20,15,10,0.3000,42,9996111497,9996109804,11,3236
docs\inst_test\instancias\n_1000_8,100,20,15,10,0.3000,123,9996111497,9996109804,11,3236
docs\inst_test\instancias\n_1000_8,100,20,15,20,0.1000,42,9996111497,9996109804,10,3236
docs\inst_test\instancias\n_1000_8,100,20,15,20,0.1000,123,9996111497,9996109804,10,3236
docs\inst_test\instancias\n_1000_8,100,20,15,10,0.3000,2026,9996111497,9996109804,14,3236
docs\inst_test\instancias\n_1000_8,100,20,15,20,0.2000,42,9996111497,9996109804,10,3236
docs\inst_test\instancias\n_1000_8,100,20,15,20,0.1000,2026,9996111497,9996109804,13,3236
docs\inst_test\instancias\n_1000_8,100,20,15,20,0.2000,123,9996111497,9996109804,11,3236
docs\inst_test\instancias\n_1000_8,100,20,15,20,0.2000,2026,9996111497,9996109804,10,3236
docs\inst_test\instancias\n_1000_8,100,20,15,20,0.3000,42,9996111497,9996109804,10,3236
docs\inst_test\instancias\n_1000_8,100,20,15,20,0.3000,123,9996111497,9996109804,10,3236
docs\inst_test\instancias\n_1000_8,100,20,15,20,0.3000,2026,9996111497,9996109804,10,3236
docs\inst_test\instancias\n_1000_8,300,10,7,5,0.1000,42,9996111497,9996109804,40,3236
docs\inst_test\instancias\n_1000_8,300,10,7,5,0.2000,123,9996111502,9996110095,36,3236
docs\inst_test\instancias\n_1000_8,300,10,7,5,0.2000,42,9996111502,9996110095,38,3236
docs\inst_test\instancias\n_1000_8,300,10,7,5,0.1000,123,9996111502,9996110095,42,3236
docs\inst_test\instancias\n_1000_8,300,10,7,5,0.1000,2026,9996111497,9996109804,41,3236
docs\inst_test\instancias\n_1000_8,300,10,7,5,0.2000,2026,9996111497,9996109804,37,3236
docs\inst_test\instancias\n_1000_8,300,10,7,5,0.3000,42,9996111502,9996110095,37,3236
docs\inst_test\instancias\n_1000_8,300,10,7,5,0.3000,123,9996111502,9996110095,37,3236
docs\inst_test\instancias\n_1000_8,300,10,7,10,0.1000,42,9996111497,9996109804,33,3236
docs\inst_test\instancias\n_1000_8,300,10,7,10,0.1000,123,9996111497,9996109804,32,3236
docs\inst_test\instancias\n_1000_8,300,10,7,10,0.2000,42,9996111502,9996110095,34,3236
docs\inst_test\instancias\n_1000_8,300,10,7,10,0.2000,123,9996111497,9996109804,34,3236
docs\inst_test\instancias\n_1000_8,300,10,7,5,0.3000,2026,9996111497,9996109804,40,3236
docs\inst_test\instancias\n_1000_8,300,10,7,10,0.1000,2026,9996111497,9996109804,39,3236
docs\inst_test\instancias\n_1000_8,300,10,7,10,0.3000,42,9996111502,9996110095,37,3236
docs\inst_test\instancias\n_1000_8,300,10,7,10,0.2000,2026,9996111497,9996109804,38,3236
docs\inst_test\instancias\n_1000_8,300,10,7,10,0.3000,123,9996111497,9996109804,32,3236
docs\inst_test\instancias\n_1000_8,300,10,7,20,0.1000,123,9996111497,9996109804,30,3236
docs\inst_test\instancias\n_1000_8,300,10,7,20,0.1000,42,9996111497,9996109804,34,3236
docs\inst_test\instancias\n_1000_8,300,10,7,20,0.1000,2026,9996111497,9996109804,31,3236
docs\inst_test\instancias\n_1000_8,300,10,7,20,0.2000,123,9996111497,9996109804,32,3236
docs\inst_test\instancias\n_1000_8,300,10,7,20,0.2000,42,9996111502,9996110095,34,3236
docs\inst_test\instancias\n_1000_8,300,10,7,20,0.2000,2026,9996111497,9996109804,33,3236
docs\inst_test\instancias\n_1000_8,300,10,7,10,0.3000,2026,9996111497,9996109804,50,3236
docs\inst_test\instancias\n_1000_8,300,10,7,20,0.3000,42,9996111502,9996110095,30,3236
docs\inst_test\instancias\n_1000_8,300,10,7,20,0.3000,123,9996111497,9996109804,31,3236
docs\inst_test\instancias\n_1000_8,300,10,7,20,0.3000,2026,9996111497,9996109804,32,3236
docs\inst_test\instancias\n_1000_8,300,10,10,5,0.1000,42,9996111497,9996109804,39,3236
docs\inst_test\instancias\n_1000_8,300,10,10,5,0.2000,42,9996111502,9996110095,36,3236
docs\inst_test\instancias\n_1000_8,300,10,10,5,0.1000,2026,9996111497,9996109804,40,3236
docs\inst_test\instancias\n_1000_8,300,10,10,5,0.1000,123,9996111502,9996110095,40,3236
docs\inst_test\instancias\n_1000_8,300,10,10,5,0.2000,123,9996111502,9996110095,37,3236
docs\inst_test\instancias\n_1000_8,300,10,10,5,0.2000,2026,9996111497,9996109804,37,3236
docs\inst_test\instancias\n_1000_8,300,10,10,5,0.3000,42,9996111502,9996110095,37,3236
docs\inst_test\instancias\n_1000_8,300,10,10,5,0.3000,123,9996111502,9996110095,37,3236
docs\inst_test\instancias\n_1000_8,300,10,10,10,0.1000,42,9996111497,9996109804,33,3236
docs\inst_test\instancias\n_1000_8,300,10,10,10,0.1000,123,9996111497,9996109804,32,3236
docs\inst_test\instancias\n_1000_8,300,10,10,5,0.3000,2026,9996111497,9996109804,37,3236
docs\inst_test\instancias\n_1000_8,300,10,10,10,0.1000,2026,9996111497,9996109804,37,3236
docs\inst_test\instancias\n_1000_8,300,10,10,10,0.2000,42,9996111502,9996110095,33,3236
docs\inst_test\instancias\n_1000_8,300,10,10,10,0.2000,123,9996111497,9996109804,33,3236
docs\inst_test\instancias\n_1000_8,300,10,10,10,0.2000,2026,9996111497,9996109804,34,3236
docs\inst_test\instancias\n_1000_8,300,10,10,10,0.3000,42,9996111502,9996110095,33,3236
docs\inst_test\instancias\n_1000_8,300,10,10,20,0.1000,42,9996111497,9996109804,30,3236
docs\inst_test\instancias\n_1000_8,300,10,10,10,0.3000,123,9996111497,9996109804,34,3236
docs\inst_test\instancias\n_1000_8,300,10,10,10,0.3000,2026,9996111497,9996109804,35,3236
docs\inst_test\instancias\n_1000_8,300,10,10,20,0.1000,123,9996111497,9996109804,31,3236
docs\inst_test\instancias\n_1000_8,300,10,10,20,0.1000,2026,9996111497,9996109804,33,3236
docs\inst_test\instancias\n_1000_8,300,10,10,20,0.2000,42,9996111502,9996110095,31,3236
docs\inst_test\instancias\n_1000_8,300,10,10,20,0.2000,123,9996111497,9996109804,33,3236
docs\inst_test\instancias\n_1000_8,300,10,10,20,0.2000,2026,9996111497,9996109804,30,3236
docs\inst_test\instancias\n_1000_8,300,10,10,20,0.3000,123,9996111497,9996109804,31,3236
docs\inst_test\instancias\n_1000_8,300,10,10,20,0.3000,42,9996111502,9996110095,33,3236
docs\inst_test\instancias\n_1000_8,300,10,10,20,0.3000,2026,9996111497,9996109804,33,3236
docs\inst_test\instancias\n_1000_8,300,10,15,5,0.1000,42,9996111497,9996109804,36,3236
docs\inst_test\instancias\n_1000_8,300,10,15,5,0.1000,123,9996111502,9996110095,38,3236
docs\inst_test\instancias\n_1000_8,300,10,15,5,0.1000,2026,9996111497,9996109804,41,3236
docs\inst_test\instancias\n_1000_8,300,10,15,5,0.2000,123,9996111502,9996110095,37,3236
docs\inst_test\instancias\n_1000_8,300,10,15,5,0.2000,42,9996111502,9996110095,40,3236
docs\inst_test\instancias\n_1000_8,300,10,15,5,0.2000,2026,9996111497,9996109804,36,3236
docs\inst_test\instancias\n_1000_8,300,10,15,5,0.3000,123,9996111502,9996110095,38,3236
docs\inst_test\instancias\n_1000_8,300,10,15,5,0.3000,42,9996111502,9996110095,45,3236
docs\inst_test\instancias\n_1000_8,300,10,15,5,0.3000,2026,9996111497,9996109804,37,3236
docs\inst_test\instancias\n_1000_8,300,10,15,10,0.1000,42,9996111497,9996109804,38,3236
docs\inst_test\instancias\n_1000_8,300,10,15,10,0.1000,123,9996111497,9996109804,34,3236
docs\inst_test\instancias\n_1000_8,300,10,15,10,0.1000,2026,9996111497,9996109804,35,3236
docs\inst_test\instancias\n_1000_8,300,10,15,10,0.2000,42,9996111502,9996110095,34,3236
docs\inst_test\instancias\n_1000_8,300,10,15,10,0.2000,123,9996111497,9996109804,33,3236
docs\inst_test\instancias\n_1000_8,300,10,15,10,0.3000,42,9996111502,9996110095,33,3236
docs\inst_test\instancias\n_1000_8,300,10,15,10,0.2000,2026,9996111497,9996109804,36,3236
docs\inst_test\instancias\n_1000_8,300,10,15,10,0.3000,123,9996111497,9996109804,35,3236
docs\inst_test\instancias\n_1000_8,300,10,15,10,0.3000,2026,9996111497,9996109804,36,3236
docs\inst_test\instancias\n_1000_8,300,10,15,20,0.1000,42,9996111497,9996109804,33,3236
docs\inst_test\instancias\n_1000_8,300,10,15,20,0.1000,123,9996111497,9996109804,32,3236
docs\inst_test\instancias\n_1000_8,300,10,15,20,0.1000,2026,9996111497,9996109804,30,3236
docs\inst_test\instancias\n_1000_8,300,10,15,20,0.2000,42,9996111502,9996110095,31,3236
docs\inst_test\instancias\n_1000_8,300,10,15,20,0.2000,123,9996111497,9996109804,31,3236
docs\inst_test\instancias\n_1000_8,300,10,15,20,0.2000,2026,9996111497,9996109804,30,3236
docs\inst_test\instancias\n_1000_8,300,10,15,20,0.3000,42,9996111502,9996110095,31,3236
docs\inst_test\instancias\n_1000_8,300,10,15,20,0.3000,2026,9996111497,9996109804,31,3236
docs\inst_test\instancias\n_1000_8,300,10,15,20,0.3000,123,9996111497,9996109804,39,3236
docs\inst_test\instancias\n_1000_8,300,15,7,5,0.1000,123,9996111502,9996110095,37,3236
docs\inst_test\instancias\n_1000_8,300,15,7,5,0.1000,42,9996111497,9996109804,37,3236
docs\inst_test\instancias\n_1000_8,300,15,7,5,0.1000,2026,9996111497,9996109804,36,3236
docs\inst_test\instancias\n_1000_8,300,15,7,5,0.2000,123,9996111502,9996110095,37,3236
docs\inst_test\instancias\n_1000_8,300,15,7,5,0.2000,42,9996111502,9996110095,37,3236
docs\inst_test\instancias\n_1000_8,300,15,7,5,0.2000,2026,9996111497,9996109804,37,3236
docs\inst_test\instancias\n_1000_8,300,15,7,5,0.3000,42,9996111502,9996110095,36,3236
docs\inst_test\instancias\n_1000_8,300,15,7,10,0.1000,42,9996111497,9996109804,33,3236
docs\inst_test\instancias\n_1000_8,300,15,7,5,0.3000,123,9996111502,9996110095,43,3236
docs\inst_test\instancias\n_1000_8,300,15,7,10,0.1000,123,9996111497,9996109804,33,3236
docs\inst_test\instancias\n_1000_8,300,15,7,5,0.3000,2026,9996111497,9996109804,36,3236
docs\inst_test\instancias\n_1000_8,300,15,7,10,0.1000,2026,9996111497,9996109804,32,3236
docs\inst_test\instancias\n_1000_8,300,15,7,10,0.2000,123,9996111497,9996109804,33,3236
docs\inst_test\instancias\n_1000_8,300,15,7,10,0.2000,42,9996111502,9996110095,40,3236
docs\inst_test\instancias\n_1000_8,300,15,7,10,0.2000,2026,9996111497,9996109804,33,3236
docs\inst_test\instancias\n_1000_8,300,15,7,10,0.3000,42,9996111502,9996110095,34,3236
docs\inst_test\instancias\n_1000_8,300,15,7,20,0.1000,42,9996111497,9996109804,31,3236
docs\inst_test\instancias\n_1000_8,300,15,7,10,0.3000,123,9996111497,9996109804,32,3236
docs\inst_test\instancias\n_1000_8,300,15,7,10,0.3000,2026,9996111497,9996109804,33,3236
docs\inst_test\instancias\n_1000_8,300,15,7,20,0.1000,123,9996111497,9996109804,31,3236
docs\inst_test\instancias\n_1000_8,300,15,7,20,0.1000,2026,9996111497,9996109804,34,3236
docs\inst_test\instancias\n_1000_8,300,15,7,20,0.2000,42,9996111502,9996110095,32,3236
docs\inst_test\instancias\n_1000_8,300,15,7,20,0.2000,123,9996111497,9996109804,31,3236
docs\inst_test\instancias\n_1000_8,300,15,7,20,0.3000,42,9996111502,9996110095,32,3236
docs\inst_test\instancias\n_1000_8,300,15,7,20,0.3000,123,9996111497,9996109804,31,3236
docs\inst_test\instancias\n_1000_8,300,15,7,20,0.2000,2026,9996111497,9996109804,33,3236
docs\inst_test\instancias\n_1000_8,300,15,7,20,0.3000,2026,9996111497,9996109804,30,3236
docs\inst_test\instancias\n_1000_8,300,15,10,5,0.1000,42,9996111497,9996109804,41,3236
docs\inst_test\instancias\n_1000_8,300,15,10,5,0.1000,123,9996111502,9996110095,37,3236
docs\inst_test\instancias\n_1000_8,300,15,10,5,0.1000,2026,9996111497,9996109804,38,3236
docs\inst_test\instancias\n_1000_8,300,15,10,5,0.2000,42,9996111502,9996110095,37,3236
docs\inst_test\instancias\n_1000_8,300,15,10,5,0.2000,123,9996111502,9996110095,37,3236
docs\inst_test\instancias\n_1000_8,300,15,10,5,0.2000,2026,9996111497,9996109804,39,3236
docs\inst_test\instancias\n_1000_8,300,15,10,5,0.3000,42,9996111502,9996110095,39,3236
docs\inst_test\instancias\n_1000_8,300,15,10,5,0.3000,123,9996111502,9996110095,39,3236
docs\inst_test\instancias\n_1000_8,300,15,10,10,0.1000,42,9996111497,9996109804,33,3236
docs\inst_test\instancias\n_1000_8,300,15,10,5,0.3000,2026,9996111497,9996109804,37,3236
docs\inst_test\instancias\n_1000_8,300,15,10,10,0.1000,123,9996111497,9996109804,32,3236
docs\inst_test\instancias\n_1000_8,300,15,10,10,0.1000,2026,9996111497,9996109804,33,3236
docs\inst_test\instancias\n_1000_8,300,15,10,10,0.2000,42,9996111502,9996110095,33,3236
docs\inst_test\instancias\n_1000_8,300,15,10,10,0.2000,2026,9996111497,9996109804,32,3236
docs\inst_test\instancias\n_1000_8,300,15,10,10,0.3000,42,9996111502,9996110095,33,3236
docs\inst_test\instancias\n_1000_8,300,15,10,10,0.2000,123,9996111497,9996109804,36,3236
docs\inst_test\instancias\n_1000_8,300,15,10,10,0.3000,123,9996111497,9996109804,33,3236
docs\inst_test\instancias\n_1000_8,300,15,10,20,0.1000,42,9996111497,9996109804,31,3236
docs\inst_test\instancias\n_1000_8,300,15,10,10,0.3000,2026,9996111497,9996109804,37,3236
docs\inst_test\instancias\n_1000_8,300,15,10,20,0.1000,123,9996111497,9996109804,31,3236
docs\inst_test\instancias\n_1000_8,300,15,10,20,0.1000,2026,9996111497,9996109804,30,3236
docs\inst_test\instancias\n_1000_8,300,15,10,20,0.2000,42,9996111502,9996110095,31,3236
docs\inst_test\instancias\n_1000_8,300,15,10,20,0.2000,123,9996111497,9996109804,31,3236
docs\inst_test\instancias\n_1000_8,300,15,10,20,0.2000,2026,9996111497,9996109804,31,3236
docs\inst_test\instancias\n_1000_8,300,15,10,20,0.3000,123,9996111497,9996109804,31,3236
docs\inst_test\instancias\n_1000_8,300,15,10,20,0.3000,2026,9996111497,9996109804,31,3236
docs\inst_test\instancias\n_1000_8,300,15,10,20,0.3000,42,9996111502,9996110095,37,3236
docs\inst_test\instancias\n_1000_8,300,15,15,5,0.1000,42,9996111497,9996109804,37,3236
docs\inst_test\instancias\n_1000_8,300,15,15,5,0.1000,123,9996111502,9996110095,37,3236
docs\inst_test\instancias\n_1000_8,300,15,15,5,0.1000,2026,9996111497,9996109804,38,3236
docs\inst_test\instancias\n_1000_8,300,15,15,5,0.2000,42,9996111502,9996110095,37,3236
docs\inst_test\instancias\n_1000_8,300,15,15,5,0.2000,123,9996111502,9996110095,37,3236
docs\inst_test\instancias\n_1000_8,300,15,15,5,0.2000,2026,9996111497,9996109804,36,3236
docs\inst_test\instancias\n_1000_8,300,15,15,5,0.3000,42,9996111502,9996110095,37,3236
docs\inst_test\instancias\n_1000_8,300,15,15,5,0.3000,123,9996111502,9996110095,38,3236
docs\inst_test\instancias\n_1000_8,300,15,15,5,0.3000,2026,9996111497,9996109804,37,3236
docs\inst_test\instancias\n_1000_8,300,15,15,10,0.1000,42,9996111497,9996109804,33,3236
docs\inst_test\instancias\n_1000_8,300,15,15,10,0.1000,123,9996111497,9996109804,32,3236
docs\inst_test\instancias\n_1000_8,300,15,15,10,0.1000,2026,9996111497,9996109804,34,3236
docs\inst_test\instancias\n_1000_8,300,15,15,10,0.2000,42,9996111502,9996110095,38,3236
docs\inst_test\instancias\n_1000_8,300,15,15,10,0.2000,123,9996111497,9996109804,32,3236
docs\inst_test\instancias\n_1000_8,300,15,15,10,0.3000,42,9996111502,9996110095,33,3236
docs\inst_test\instancias\n_1000_8,300,15,15,10,0.2000,2026,9996111497,9996109804,35,3236
docs\inst_test\instancias\n_1000_8,300,15,15,10,0.3000,123,9996111497,9996109804,33,3236
docs\inst_test\instancias\n_1000_8,300,15,15,20,0.1000,123,9996111497,9996109804,31,3236
docs\inst_test\instancias\n_1000_8,300,15,15,20,0.1000,42,9996111497,9996109804,33,3236
docs\inst_test\instancias\n_1000_8,300,15,15,10,0.3000,2026,9996111497,9996109804,38,3236
docs\inst_test\instancias\n_1000_8,300,15,15,20,0.1000,2026,9996111497,9996109804,31,3236
docs\inst_test\instancias\n_1000_8,300,15,15,20,0.2000,42,9996111502,9996110095,32,3236
docs\inst_test\instancias\n_1000_8,300,15,15,20,0.2000,2026,9996111497,9996109804,31,3236
docs\inst_test\instancias\n_1000_8,300,15,15,20,0.2000,123,9996111497,9996109804,32,3236
docs\inst_test\instancias\n_1000_8,300,15,15,20,0.3000,42,9996111502,9996110095,31,3236
docs\inst_test\instancias\n_1000_8,300,15,15,20,0.3000,123,9996111497,9996109804,31,3236
docs\inst_test\instancias\n_1000_8,300,15,15,20,0.3000,2026,9996111497,9996109804,31,3236
docs\inst_test\instancias\n_1000_8,300,20,7,5,0.1000,42,9996111497,9996109804,41,3236
docs\inst_test\instancias\n_1000_8,300,20,7,5,0.1000,123,9996111502,9996110095,39,3236
docs\inst_test\instancias\n_1000_8,300,20,7,5,0.1000,2026,9996111497,9996109804,44,3236
docs\inst_test\instancias\n_1000_8,300,20,7,5,0.2000,123,9996111502,9996110095,37,3236
docs\inst_test\instancias\n_1000_8,300,20,7,5,0.2000,2026,9996111497,9996109804,36,3236
docs\inst_test\instancias\n_1000_8,300,20,7,5,0.3000,42,9996111502,9996110095,37,3236
docs\inst_test\instancias\n_1000_8,300,20,7,5,0.2000,42,9996111502,9996110095,47,3236
docs\inst_test\instancias\n_1000_8,300,20,7,5,0.3000,123,9996111502,9996110095,39,3236
docs\inst_test\instancias\n_1000_8,300,20,7,10,0.1000,42,9996111497,9996109804,32,3236
docs\inst_test\instancias\n_1000_8,300,20,7,5,0.3000,2026,9996111497,9996109804,46,3236
docs\inst_test\instancias\n_1000_8,300,20,7,10,0.1000,123,9996111497,9996109804,32,3236
docs\inst_test\instancias\n_1000_8,300,20,7,10,0.1000,2026,9996111497,9996109804,33,3236
docs\inst_test\instancias\n_1000_8,300,20,7,10,0.2000,42,9996111502,9996110095,34,3236
docs\inst_test\instancias\n_1000_8,300,20,7,10,0.2000,123,9996111497,9996109804,33,3236
docs\inst_test\instancias\n_1000_8,300,20,7,10,0.2000,2026,9996111497,9996109804,33,3236
docs\inst_test\instancias\n_1000_8,300,20,7,10,0.3000,42,9996111502,9996110095,35,3236
docs\inst_test\instancias\n_1000_8,300,20,7,10,0.3000,123,9996111497,9996109804,34,3236
docs\inst_test\instancias\n_1000_8,300,20,7,20,0.1000,42,9996111497,9996109804,31,3236
docs\inst_test\instancias\n_1000_8,300,20,7,10,0.3000,2026,9996111497,9996109804,34,3236
docs\inst_test\instancias\n_1000_8,300,20,7,20,0.1000,123,9996111497,9996109804,33,3236
docs\inst_test\instancias\n_1000_8,300,20,7,20,0.1000,2026,9996111497,9996109804,30,3236
docs\inst_test\instancias\n_1000_8,300,20,7,20,0.2000,42,9996111502,9996110095,30,3236
docs\inst_test\instancias\n_1000_8,300,20,7,20,0.2000,123,9996111497,9996109804,31,3236
docs\inst_test\instancias\n_1000_8,300,20,7,20,0.2000,2026,9996111497,9996109804,32,3236
docs\inst_test\instancias\n_1000_8,300,20,7,20,0.3000,42,9996111502,9996110095,34,3236
docs\inst_test\instancias\n_1000_8,300,20,7,20,0.3000,123,9996111497,9996109804,31,3236
docs\inst_test\instancias\n_1000_8,300,20,7,20,0.3000,2026,9996111497,9996109804,32,3236
docs\inst_test\instancias\n_1000_8,300,20,10,5,0.1000,42,9996111497,9996109804,38,3236
docs\inst_test\instancias\n_1000_8,300,20,10,5,0.1000,123,9996111502,9996110095,37,3236
docs\inst_test\instancias\n_1000_8,300,20,10,5,0.1000,2026,9996111497,9996109804,38,3236
docs\inst_test\instancias\n_1000_8,300,20,10,5,0.2000,42,9996111502,9996110095,45,3236
docs\inst_test\instancias\n_1000_8,300,20,10,5,0.2000,123,9996111502,9996110095,40,3236
docs\inst_test\instancias\n_1000_8,300,20,10,5,0.2000,2026,9996111497,9996109804,39,3236
docs\inst_test\instancias\n_1000_8,300,20,10,5,0.3000,42,9996111502,9996110095,36,3236
docs\inst_test\instancias\n_1000_8,300,20,10,5,0.3000,123,9996111502,9996110095,37,3236
docs\inst_test\instancias\n_1000_8,300,20,10,10,0.1000,42,9996111497,9996109804,34,3236
docs\inst_test\instancias\n_1000_8,300,20,10,10,0.1000,123,9996111497,9996109804,33,3236
docs\inst_test\instancias\n_1000_8,300,20,10,5,0.3000,2026,9996111497,9996109804,41,3236
docs\inst_test\instancias\n_1000_8,300,20,10,10,0.1000,2026,9996111497,9996109804,33,3236
docs\inst_test\instancias\n_1000_8,300,20,10,10,0.2000,42,9996111502,9996110095,37,3236
docs\inst_test\instancias\n_1000_8,300,20,10,10,0.2000,123,9996111497,9996109804,34,3236
docs\inst_test\instancias\n_1000_8,300,20,10,10,0.2000,2026,9996111497,9996109804,33,3236
docs\inst_test\instancias\n_1000_8,300,20,10,10,0.3000,42,9996111502,9996110095,33,3236
docs\inst_test\instancias\n_1000_8,300,20,10,10,0.3000,123,9996111497,9996109804,33,3236
docs\inst_test\instancias\n_1000_8,300,20,10,20,0.1000,42,9996111497,9996109804,33,3236
docs\inst_test\instancias\n_1000_8,300,20,10,10,0.3000,2026,9996111497,9996109804,37,3236
docs\inst_test\instancias\n_1000_8,300,20,10,20,0.1000,123,9996111497,9996109804,33,3236
docs\inst_test\instancias\n_1000_8,300,20,10,20,0.1000,2026,9996111497,9996109804,31,3236
docs\inst_test\instancias\n_1000_8,300,20,10,20,0.2000,42,9996111502,9996110095,32,3236
docs\inst_test\instancias\n_1000_8,300,20,10,20,0.2000,123,9996111497,9996109804,31,3236
docs\inst_test\instancias\n_1000_8,300,20,10,20,0.2000,2026,9996111497,9996109804,33,3236
docs\inst_test\instancias\n_1000_8,300,20,10,20,0.3000,42,9996111502,9996110095,31,3236
docs\inst_test\instancias\n_1000_8,300,20,10,20,0.3000,123,9996111497,9996109804,31,3236
docs\inst_test\instancias\n_1000_8,300,20,10,20,0.3000,2026,9996111497,9996109804,32,3236
docs\inst_test\instancias\n_1000_8,300,20,15,5,0.1000,42,9996111497,9996109804,37,3236
docs\inst_test\instancias\n_1000_8,300,20,15,5,0.1000,123,9996111502,9996110095,41,3236
docs\inst_test\instancias\n_1000_8,300,20,15,5,0.2000,42,9996111502,9996110095,37,3236
docs\inst_test\instancias\n_1000_8,300,20,15,5,0.1000,2026,9996111497,9996109804,42,3236
docs\inst_test\instancias\n_1000_8,300,20,15,5,0.2000,2026,9996111497,9996109804,36,3236
docs\inst_test\instancias\n_1000_8,300,20,15,5,0.2000,123,9996111502,9996110095,40,3236
docs\inst_test\instancias\n_1000_8,300,20,15,5,0.3000,42,9996111502,9996110095,36,3236
docs\inst_test\instancias\n_1000_8,300,20,15,5,0.3000,123,9996111502,9996110095,41,3236
docs\inst_test\instancias\n_1000_8,300,20,15,10,0.1000,42,9996111497,9996109804,34,3236
docs\inst_test\instancias\n_1000_8,300,20,15,5,0.3000,2026,9996111497,9996109804,41,3236
docs\inst_test\instancias\n_1000_8,300,20,15,10,0.1000,123,9996111497,9996109804,33,3236
docs\inst_test\instancias\n_1000_8,300,20,15,10,0.1000,2026,9996111497,9996109804,36,3236
docs\inst_test\instancias\n_1000_8,300,20,15,10,0.2000,42,9996111502,9996110095,33,3236
docs\inst_test\instancias\n_1000_8,300,20,15,10,0.2000,123,9996111497,9996109804,34,3236
docs\inst_test\instancias\n_1000_8,300,20,15,10,0.2000,2026,9996111497,9996109804,34,3236
docs\inst_test\instancias\n_1000_8,300,20,15,10,0.3000,42,9996111502,9996110095,33,3236
docs\inst_test\instancias\n_1000_8,300,20,15,10,0.3000,2026,9996111497,9996109804,35,3236
docs\inst_test\instancias\n_1000_8,300,20,15,20,0.1000,42,9996111497,9996109804,36,3236
docs\inst_test\instancias\n_1000_8,300,20,15,10,0.3000,123,9996111497,9996109804,40,3236
docs\inst_test\instancias\n_1000_8,300,20,15,20,0.1000,123,9996111497,9996109804,33,3236
docs\inst_test\instancias\n_1000_8,300,20,15,20,0.1000,2026,9996111497,9996109804,30,3236
docs\inst_test\instancias\n_1000_8,300,20,15,20,0.2000,42,9996111502,9996110095,30,3236
docs\inst_test\instancias\n_1000_8,300,20,15,20,0.2000,123,9996111497,9996109804,31,3236
docs\inst_test\instancias\n_1000_8,300,20,15,20,0.2000,2026,9996111497,9996109804,35,3236
docs\inst_test\instancias\n_1000_8,300,20,15,20,0.3000,42,9996111502,9996110095,32,3236
docs\inst_test\instancias\n_1000_8,300,20,15,20,0.3000,123,9996111497,9996109804,32,3236
docs\inst_test\instancias\n_1000_8,300,20,15,20,0.3000,2026,9996111497,9996109804,31,3236
docs\inst_test\instancias\n_1000_8,500,10,7,5,0.1000,42,9996111502,9996110095,60,3236
docs\inst_test\instancias\n_1000_8,500,10,7,5,0.1000,2026,9996111497,9996109804,64,3236
docs\inst_test\instancias\n_1000_8,500,10,7,5,0.1000,123,9996111502,9996110095,68,3236
docs\inst_test\instancias\n_1000_8,500,10,7,5,0.2000,42,9996111502,9996110095,64,3236
docs\inst_test\instancias\n_1000_8,500,10,7,5,0.2000,2026,9996111497,9996109804,63,3236
docs\inst_test\instancias\n_1000_8,500,10,7,5,0.2000,123,9996111502,9996110095,73,3236
docs\inst_test\instancias\n_1000_8,500,10,7,5,0.3000,42,9996111502,9996110095,64,3236
docs\inst_test\instancias\n_1000_8,500,10,7,5,0.3000,123,9996111502,9996110095,64,3236
docs\inst_test\instancias\n_1000_8,500,10,7,10,0.1000,42,9996111497,9996109804,54,3236
docs\inst_test\instancias\n_1000_8,500,10,7,10,0.1000,123,9996111502,9996110095,57,3236
docs\inst_test\instancias\n_1000_8,500,10,7,10,0.1000,2026,9996111497,9996109804,54,3236
docs\inst_test\instancias\n_1000_8,500,10,7,5,0.3000,2026,9996111497,9996109804,81,3236
docs\inst_test\instancias\n_1000_8,500,10,7,10,0.2000,42,9996111502,9996110095,57,3236
docs\inst_test\instancias\n_1000_8,500,10,7,10,0.2000,2026,9996111497,9996109804,55,3236
docs\inst_test\instancias\n_1000_8,500,10,7,10,0.2000,123,9996111502,9996110095,56,3236
docs\inst_test\instancias\n_1000_8,500,10,7,10,0.3000,42,9996111502,9996110095,68,3236
docs\inst_test\instancias\n_1000_8,500,10,7,10,0.3000,123,9996111502,9996110095,56,3236
docs\inst_test\instancias\n_1000_8,500,10,7,20,0.1000,42,9996111497,9996109804,51,3236
docs\inst_test\instancias\n_1000_8,500,10,7,10,0.3000,2026,9996111497,9996109804,57,3236
docs\inst_test\instancias\n_1000_8,500,10,7,20,0.1000,123,9996111497,9996109804,57,3236
docs\inst_test\instancias\n_1000_8,500,10,7,20,0.1000,2026,9996111497,9996109804,54,3236
docs\inst_test\instancias\n_1000_8,500,10,7,20,0.2000,42,9996111502,9996110095,55,3236
docs\inst_test\instancias\n_1000_8,500,10,7,20,0.2000,123,9996111497,9996109804,56,3236
docs\inst_test\instancias\n_1000_8,500,10,7,20,0.2000,2026,9996111497,9996109804,56,3236
docs\inst_test\instancias\n_1000_8,500,10,7,20,0.3000,42,9996111502,9996110095,52,3236
docs\inst_test\instancias\n_1000_8,500,10,7,20,0.3000,123,9996111497,9996109804,52,3236
docs\inst_test\instancias\n_1000_8,500,10,7,20,0.3000,2026,9996111497,9996109804,53,3236
docs\inst_test\instancias\n_1000_8,500,10,10,5,0.1000,42,9996111502,9996110095,64,3236
docs\inst_test\instancias\n_1000_8,500,10,10,5,0.1000,2026,9996111497,9996109804,61,3236
docs\inst_test\instancias\n_1000_8,500,10,10,5,0.2000,42,9996111502,9996110095,63,3236
docs\inst_test\instancias\n_1000_8,500,10,10,5,0.1000,123,9996111502,9996110095,66,3236
docs\inst_test\instancias\n_1000_8,500,10,10,5,0.2000,123,9996111502,9996110095,62,3236
docs\inst_test\instancias\n_1000_8,500,10,10,5,0.3000,123,9996111502,9996110095,61,3236
docs\inst_test\instancias\n_1000_8,500,10,10,5,0.2000,2026,9996111497,9996109804,70,3236
docs\inst_test\instancias\n_1000_8,500,10,10,5,0.3000,42,9996111502,9996110095,73,3236
docs\inst_test\instancias\n_1000_8,500,10,10,10,0.1000,123,9996111502,9996110095,55,3236
docs\inst_test\instancias\n_1000_8,500,10,10,10,0.1000,42,9996111497,9996109804,59,3236
docs\inst_test\instancias\n_1000_8,500,10,10,10,0.1000,2026,9996111497,9996109804,58,3236
docs\inst_test\instancias\n_1000_8,500,10,10,5,0.3000,2026,9996111497,9996109804,71,3236
docs\inst_test\instancias\n_1000_8,500,10,10,10,0.2000,42,9996111502,9996110095,57,3236
docs\inst_test\instancias\n_1000_8,500,10,10,10,0.2000,123,9996111502,9996110095,55,3236
docs\inst_test\instancias\n_1000_8,500,10,10,10,0.2000,2026,9996111497,9996109804,55,3236
docs\inst_test\instancias\n_1000_8,500,10,10,10,0.3000,123,9996111502,9996110095,55,3236
docs\inst_test\instancias\n_1000_8,500,10,10,10,0.3000,42,9996111502,9996110095,75,3236
docs\inst_test\instancias\n_1000_8,500,10,10,20,0.1000,42,9996111497,9996109804,57,3236
docs\inst_test\instancias\n_1000_8,500,10,10,10,0.3000,2026,9996111497,9996109804,61,3236
docs\inst_test\instancias\n_1000_8,500,10,10,20,0.1000,2026,9996111497,9996109804,51,3236
docs\inst_test\instancias\n_1000_8,500,10,10,20,0.1000,123,9996111497,9996109804,67,3236
docs\inst_test\instancias\n_1000_8,500,10,10,20,0.2000,42,9996111502,9996110095,52,3236
docs\inst_test\instancias\n_1000_8,500,10,10,20,0.2000,123,9996111497,9996109804,51,3236
docs\inst_test\instancias\n_1000_8,500,10,10,20,0.2000,2026,9996111497,9996109804,52,3236
docs\inst_test\instancias\n_1000_8,500,10,10,20,0.3000,123,9996111497,9996109804,52,3236
docs\inst_test\instancias\n_1000_8,500,10,10,20,0.3000,42,9996111502,9996110095,60,3236
docs\inst_test\instancias\n_1000_8,500,10,10,20,0.3000,2026,9996111497,9996109804,56,3236
docs\inst_test\instancias\n_1000_8,500,10,15,5,0.1000,42,9996111502,9996110095,64,3236
docs\inst_test\instancias\n_1000_8,500,10,15,5,0.1000,123,9996111502,9996110095,63,3236
docs\inst_test\instancias\n_1000_8,500,10,15,5,0.1000,2026,9996111497,9996109804,62,3236
docs\inst_test\instancias\n_1000_8,500,10,15,5,0.2000,42,9996111502,9996110095,62,3236
docs\inst_test\instancias\n_1000_8,500,10,15,5,0.2000,2026,9996111497,9996109804,64,3236
docs\inst_test\instancias\n_1000_8,500,10,15,5,0.3000,42,9996111502,9996110095,64,3236
docs\inst_test\instancias\n_1000_8,500,10,15,5,0.2000,123,9996111502,9996110095,76,3236
docs\inst_test\instancias\n_1000_8,500,10,15,5,0.3000,123,9996111502,9996110095,71,3236
docs\inst_test\instancias\n_1000_8,500,10,15,5,0.3000,2026,9996111497,9996109804,64,3236
docs\inst_test\instancias\n_1000_8,500,10,15,10,0.1000,42,9996111497,9996109804,55,3236
docs\inst_test\instancias\n_1000_8,500,10,15,10,0.1000,123,9996111502,9996110095,56,3236
docs\inst_test\instancias\n_1000_8,500,10,15,10,0.1000,2026,9996111497,9996109804,54,3236
docs\inst_test\instancias\n_1000_8,500,10,15,10,0.2000,42,9996111502,9996110095,56,3236
docs\inst_test\instancias\n_1000_8,500,10,15,10,0.2000,123,9996111502,9996110095,59,3236
docs\inst_test\instancias\n_1000_8,500,10,15,10,0.2000,2026,9996111497,9996109804,59,3236
docs\inst_test\instancias\n_1000_8,500,10,15,10,0.3000,42,9996111502,9996110095,56,3236
docs\inst_test\instancias\n_1000_8,500,10,15,10,0.3000,123,9996111502,9996110095,56,3236
docs\inst_test\instancias\n_1000_8,500,10,15,20,0.1000,123,9996111497,9996109804,51,3236
docs\inst_test\instancias\n_1000_8,500,10,15,20,0.1000,42,9996111497,9996109804,59,3236
docs\inst_test\instancias\n_1000_8,500,10,15,10,0.3000,2026,9996111497,9996109804,66,3236
docs\inst_test\instancias\n_1000_8,500,10,15,20,0.1000,2026,9996111497,9996109804,51,3236
docs\inst_test\instancias\n_1000_8,500,10,15,20,0.2000,42,9996111502,9996110095,51,3236
docs\inst_test\instancias\n_1000_8,500,10,15,20,0.2000,123,9996111497,9996109804,51,3236
docs\inst_test\instancias\n_1000_8,500,10,15,20,0.2000,2026,9996111497,9996109804,53,3236
docs\inst_test\instancias\n_1000_8,500,10,15,20,0.3000,42,9996111502,9996110095,51,3236
docs\inst_test\instancias\n_1000_8,500,10,15,20,0.3000,123,9996111497,9996109804,51,3236
docs\inst_test\instancias\n_1000_8,500,10,15,20,0.3000,2026,9996111497,9996109804,52,3236
docs\inst_test\instancias\n_1000_8,500,15,7,5,0.1000,42,9996111502,9996110095,63,3236
docs\inst_test\instancias\n_1000_8,500,15,7,5,0.1000,123,9996111502,9996110095,62,3236
docs\inst_test\instancias\n_1000_8,500,15,7,5,0.1000,2026,9996111497,9996109804,64,3236
docs\inst_test\instancias\n_1000_8,500,15,7,5,0.2000,42,9996111502,9996110095,66,3236
docs\inst_test\instancias\n_1000_8,500,15,7,5,0.3000,42,9996111502,9996110095,63,3236
docs\inst_test\instancias\n_1000_8,500,15,7,5,0.2000,123,9996111502,9996110095,68,3236
docs\inst_test\instancias\n_1000_8,500,15,7,5,0.2000,2026,9996111497,9996109804,66,3236
docs\inst_test\instancias\n_1000_8,500,15,7,5,0.3000,123,9996111502,9996110095,63,3236
docs\inst_test\instancias\n_1000_8,500,15,7,5,0.3000,2026,9996111497,9996109804,66,3236
docs\inst_test\instancias\n_1000_8,500,15,7,10,0.1000,42,9996111497,9996109804,54,3236
docs\inst_test\instancias\n_1000_8,500,15,7,10,0.1000,123,9996111502,9996110095,54,3236
docs\inst_test\instancias\n_1000_8,500,15,7,10,0.2000,42,9996111502,9996110095,56,3236
docs\inst_test\instancias\n_1000_8,500,15,7,10,0.2000,123,9996111502,9996110095,56,3236
docs\inst_test\instancias\n_1000_8,500,15,7,10,0.1000,2026,9996111497,9996109804,63,3236
docs\inst_test\instancias\n_1000_8,500,15,7,10,0.2000,2026,9996111497,9996109804,59,3236
docs\inst_test\instancias\n_1000_8,500,15,7,10,0.3000,42,9996111502,9996110095,57,3236
docs\inst_test\instancias\n_1000_8,500,15,7,10,0.3000,123,9996111502,9996110095,58,3236
docs\inst_test\instancias\n_1000_8,500,15,7,10,0.3000,2026,9996111497,9996109804,58,3236
docs\inst_test\instancias\n_1000_8,500,15,7,20,0.1000,42,9996111497,9996109804,51,3236
docs\inst_test\instancias\n_1000_8,500,15,7,20,0.1000,123,9996111497,9996109804,51,3236
docs\inst_test\instancias\n_1000_8,500,15,7,20,0.2000,42,9996111502,9996110095,53,3236
docs\inst_test\instancias\n_1000_8,500,15,7,20,0.1000,2026,9996111497,9996109804,54,3236
docs\inst_test\instancias\n_1000_8,500,15,7,20,0.2000,123,9996111497,9996109804,53,3236
docs\inst_test\instancias\n_1000_8,500,15,7,20,0.2000,2026,9996111497,9996109804,53,3236
docs\inst_test\instancias\n_1000_8,500,15,7,20,0.3000,42,9996111502,9996110095,53,3236
docs\inst_test\instancias\n_1000_8,500,15,7,20,0.3000,123,9996111497,9996109804,54,3236
docs\inst_test\instancias\n_1000_8,500,15,7,20,0.3000,2026,9996111497,9996109804,70,3236
docs\inst_test\instancias\n_1000_8,500,15,10,5,0.1000,42,9996111502,9996110095,61,3236
docs\inst_test\instancias\n_1000_8,500,15,10,5,0.1000,123,9996111502,9996110095,64,3236
docs\inst_test\instancias\n_1000_8,500,15,10,5,0.2000,42,9996111502,9996110095,62,3236
docs\inst_test\instancias\n_1000_8,500,15,10,5,0.2000,123,9996111502,9996110095,65,3236
docs\inst_test\instancias\n_1000_8,500,15,10,5,0.1000,2026,9996111497,9996109804,77,3236
docs\inst_test\instancias\n_1000_8,500,15,10,5,0.2000,2026,9996111497,9996109804,64,3236
docs\inst_test\instancias\n_1000_8,500,15,10,5,0.3000,42,9996111502,9996110095,67,3236
docs\inst_test\instancias\n_1000_8,500,15,10,5,0.3000,123,9996111502,9996110095,64,3236
docs\inst_test\instancias\n_1000_8,500,15,10,10,0.1000,42,9996111497,9996109804,57,3236
docs\inst_test\instancias\n_1000_8,500,15,10,5,0.3000,2026,9996111497,9996109804,62,3236
docs\inst_test\instancias\n_1000_8,500,15,10,10,0.1000,123,9996111502,9996110095,57,3236
docs\inst_test\instancias\n_1000_8,500,15,10,10,0.1000,2026,9996111497,9996109804,62,3236
docs\inst_test\instancias\n_1000_8,500,15,10,10,0.2000,42,9996111502,9996110095,61,3236
docs\inst_test\instancias\n_1000_8,500,15,10,10,0.2000,123,9996111502,9996110095,57,3236
docs\inst_test\instancias\n_1000_8,500,15,10,10,0.2000,2026,9996111497,9996109804,58,3236
docs\inst_test\instancias\n_1000_8,500,15,10,20,0.1000,42,9996111497,9996109804,51,3236
docs\inst_test\instancias\n_1000_8,500,15,10,10,0.3000,42,9996111502,9996110095,58,3236
docs\inst_test\instancias\n_1000_8,500,15,10,10,0.3000,123,9996111502,9996110095,58,3236
docs\inst_test\instancias\n_1000_8,500,15,10,10,0.3000,2026,9996111497,9996109804,59,3236
docs\inst_test\instancias\n_1000_8,500,15,10,20,0.1000,123,9996111497,9996109804,51,3236
docs\inst_test\instancias\n_1000_8,500,15,10,20,0.1000,2026,9996111497,9996109804,56,3236
docs\inst_test\instancias\n_1000_8,500,15,10,20,0.2000,42,9996111502,9996110095,52,3236
docs\inst_test\instancias\n_1000_8,500,15,10,20,0.2000,123,9996111497,9996109804,51,3236
docs\inst_test\instancias\n_1000_8,500,15,10,20,0.2000,2026,9996111497,9996109804,52,3236
docs\inst_test\instancias\n_1000_8,500,15,10,20,0.3000,123,9996111497,9996109804,51,3236
docs\inst_test\instancias\n_1000_8,500,15,10,20,0.3000,42,9996111502,9996110095,54,3236
docs\inst_test\instancias\n_1000_8,500,15,10,20,0.3000,2026,9996111497,9996109804,57,3236
docs\inst_test\instancias\n_1000_8,500,15,15,5,0.1000,42,9996111502,9996110095,61,3236
docs\inst_test\instancias\n_1000_8,500,15,15,5,0.1000,123,9996111502,9996110095,61,3236
docs\inst_test\instancias\n_1000_8,500,15,15,5,0.1000,2026,9996111497,9996109804,66,3236
docs\inst_test\instancias\n_1000_8,500,15,15,5,0.2000,42,9996111502,9996110095,66,3236
docs\inst_test\instancias\n_1000_8,500,15,15,5,0.2000,123,9996111502,9996110095,65,3236
docs\inst_test\instancias\n_1000_8,500,15,15,5,0.2000,2026,9996111497,9996109804,61,3236
docs\inst_test\instancias\n_1000_8,500,15,15,5,0.3000,42,9996111502,9996110095,65,3236
docs\inst_test\instancias\n_1000_8,500,15,15,5,0.3000,123,9996111502,9996110095,71,3236
docs\inst_test\instancias\n_1000_8,500,15,15,5,0.3000,2026,9996111497,9996109804,63,3236
docs\inst_test\instancias\n_1000_8,500,15,15,10,0.1000,42,9996111497,9996109804,57,3236
docs\inst_test\instancias\n_1000_8,500,15,15,10,0.1000,123,9996111502,9996110095,57,3236
docs\inst_test\instancias\n_1000_8,500,15,15,10,0.1000,2026,9996111497,9996109804,55,3236
docs\inst_test\instancias\n_1000_8,500,15,15,10,0.2000,123,9996111502,9996110095,57,3236
docs\inst_test\instancias\n_1000_8,500,15,15,10,0.2000,2026,9996111497,9996109804,56,3236
docs\inst_test\instancias\n_1000_8,500,15,15,10,0.2000,42,9996111502,9996110095,62,3236
docs\inst_test\instancias\n_1000_8,500,15,15,10,0.3000,123,9996111502,9996110095,55,3236
docs\inst_test\instancias\n_1000_8,500,15,15,10,0.3000,42,9996111502,9996110095,59,3236
docs\inst_test\instancias\n_1000_8,500,15,15,10,0.3000,2026,9996111497,9996109804,56,3236
docs\inst_test\instancias\n_1000_8,500,15,15,20,0.1000,42,9996111497,9996109804,51,3236
docs\inst_test\instancias\n_1000_8,500,15,15,20,0.1000,123,9996111497,9996109804,53,3236
docs\inst_test\instancias\n_1000_8,500,15,15,20,0.1000,2026,9996111497,9996109804,51,3236
docs\inst_test\instancias\n_1000_8,500,15,15,20,0.2000,123,9996111497,9996109804,51,3236
docs\inst_test\instancias\n_1000_8,500,15,15,20,0.2000,42,9996111502,9996110095,51,3236
docs\inst_test\instancias\n_1000_8,500,15,15,20,0.2000,2026,9996111497,9996109804,51,3236
docs\inst_test\instancias\n_1000_8,500,15,15,20,0.3000,42,9996111502,9996110095,52,3236
docs\inst_test\instancias\n_1000_8,500,15,15,20,0.3000,123,9996111497,9996109804,53,3236
docs\inst_test\instancias\n_1000_8,500,15,15,20,0.3000,2026,9996111497,9996109804,54,3236
docs\inst_test\instancias\n_1000_8,500,20,7,5,0.1000,42,9996111502,9996110095,61,3236
docs\inst_test\instancias\n_1000_8,500,20,7,5,0.1000,123,9996111502,9996110095,63,3236
docs\inst_test\instancias\n_1000_8,500,20,7,5,0.2000,42,9996111502,9996110095,65,3236
docs\inst_test\instancias\n_1000_8,500,20,7,5,0.1000,2026,9996111497,9996109804,67,3236
docs\inst_test\instancias\n_1000_8,500,20,7,5,0.2000,123,9996111502,9996110095,62,3236
docs\inst_test\instancias\n_1000_8,500,20,7,5,0.2000,2026,9996111497,9996109804,64,3236
docs\inst_test\instancias\n_1000_8,500,20,7,5,0.3000,42,9996111502,9996110095,65,3236
docs\inst_test\instancias\n_1000_8,500,20,7,5,0.3000,123,9996111502,9996110095,62,3236
docs\inst_test\instancias\n_1000_8,500,20,7,5,0.3000,2026,9996111497,9996109804,64,3236
docs\inst_test\instancias\n_1000_8,500,20,7,10,0.1000,42,9996111497,9996109804,56,3236
docs\inst_test\instancias\n_1000_8,500,20,7,10,0.1000,123,9996111502,9996110095,54,3236
docs\inst_test\instancias\n_1000_8,500,20,7,10,0.1000,2026,9996111497,9996109804,56,3236
docs\inst_test\instancias\n_1000_8,500,20,7,10,0.2000,123,9996111502,9996110095,55,3236
docs\inst_test\instancias\n_1000_8,500,20,7,10,0.2000,2026,9996111497,9996109804,55,3236
docs\inst_test\instancias\n_1000_8,500,20,7,10,0.2000,42,9996111502,9996110095,61,3236
docs\inst_test\instancias\n_1000_8,500,20,7,10,0.3000,42,9996111502,9996110095,56,3236
docs\inst_test\instancias\n_1000_8,500,20,7,10,0.3000,123,9996111502,9996110095,58,3236
docs\inst_test\instancias\n_1000_8,500,20,7,20,0.1000,42,9996111497,9996109804,52,3236
docs\inst_test\instancias\n_1000_8,500,20,7,10,0.3000,2026,9996111497,9996109804,57,3236
docs\inst_test\instancias\n_1000_8,500,20,7,20,0.1000,123,9996111497,9996109804,53,3236
docs\inst_test\instancias\n_1000_8,500,20,7,20,0.1000,2026,9996111497,9996109804,52,3236
docs\inst_test\instancias\n_1000_8,500,20,7,20,0.2000,123,9996111497,9996109804,52,3236
docs\inst_test\instancias\n_1000_8,500,20,7,20,0.2000,42,9996111502,9996110095,52,3236
docs\inst_test\instancias\n_1000_8,500,20,7,20,0.2000,2026,9996111497,9996109804,54,3236
docs\inst_test\instancias\n_1000_8,500,20,7,20,0.3000,123,9996111497,9996109804,51,3236
docs\inst_test\instancias\n_1000_8,500,20,7,20,0.3000,2026,9996111497,9996109804,51,3236
docs\inst_test\instancias\n_1000_8,500,20,7,20,0.3000,42,9996111502,9996110095,62,3236
docs\inst_test\instancias\n_1000_8,500,20,10,5,0.1000,42,9996111502,9996110095,64,3236
docs\inst_test\instancias\n_1000_8,500,20,10,5,0.1000,123,9996111502,9996110095,61,3236
docs\inst_test\instancias\n_1000_8,500,20,10,5,0.1000,2026,9996111497,9996109804,60,3236
docs\inst_test\instancias\n_1000_8,500,20,10,5,0.2000,42,9996111502,9996110095,64,3236
docs\inst_test\instancias\n_1000_8,500,20,10,5,0.2000,123,9996111502,9996110095,62,3236
docs\inst_test\instancias\n_1000_8,500,20,10,5,0.2000,2026,9996111497,9996109804,62,3236
docs\inst_test\instancias\n_1000_8,500,20,10,5,0.3000,42,9996111502,9996110095,66,3236
docs\inst_test\instancias\n_1000_8,500,20,10,5,0.3000,123,9996111502,9996110095,62,3236
docs\inst_test\instancias\n_1000_8,500,20,10,5,0.3000,2026,9996111497,9996109804,61,3236
docs\inst_test\instancias\n_1000_8,500,20,10,10,0.1000,123,9996111502,9996110095,57,3236
docs\inst_test\instancias\n_1000_8,500,20,10,10,0.1000,2026,9996111497,9996109804,55,3236
docs\inst_test\instancias\n_1000_8,500,20,10,10,0.1000,42,9996111497,9996109804,61,3236
docs\inst_test\instancias\n_1000_8,500,20,10,10,0.2000,42,9996111502,9996110095,59,3236
docs\inst_test\instancias\n_1000_8,500,20,10,10,0.2000,123,9996111502,9996110095,53,3236
docs\inst_test\instancias\n_1000_8,500,20,10,10,0.2000,2026,9996111497,9996109804,55,3236
docs\inst_test\instancias\n_1000_8,500,20,10,10,0.3000,42,9996111502,9996110095,55,3236
docs\inst_test\instancias\n_1000_8,500,20,10,10,0.3000,123,9996111502,9996110095,53,3236
docs\inst_test\instancias\n_1000_8,500,20,10,20,0.1000,123,9996111497,9996109804,50,3236
docs\inst_test\instancias\n_1000_8,500,20,10,20,0.1000,42,9996111497,9996109804,54,3236
docs\inst_test\instancias\n_1000_8,500,20,10,10,0.3000,2026,9996111497,9996109804,55,3236
docs\inst_test\instancias\n_1000_8,500,20,10,20,0.1000,2026,9996111497,9996109804,49,3236
docs\inst_test\instancias\n_1000_8,500,20,10,20,0.2000,123,9996111497,9996109804,50,3236
docs\inst_test\instancias\n_1000_8,500,20,10,20,0.2000,2026,9996111497,9996109804,52,3236
docs\inst_test\instancias\n_1000_8,500,20,10,20,0.2000,42,9996111502,9996110095,62,3236
docs\inst_test\instancias\n_1000_8,500,20,10,20,0.3000,42,9996111502,9996110095,50,3236
docs\inst_test\instancias\n_1000_8,500,20,10,20,0.3000,123,9996111497,9996109804,49,3236
docs\inst_test\instancias\n_1000_8,500,20,10,20,0.3000,2026,9996111497,9996109804,51,3236
docs\inst_test\instancias\n_1000_8,500,20,15,5,0.1000,42,9996111502,9996110095,59,3236
docs\inst_test\instancias\n_1000_8,500,20,15,5,0.1000,123,9996111502,9996110095,59,3236
docs\inst_test\instancias\n_1000_8,500,20,15,5,0.2000,123,9996111502,9996110095,60,3236
docs\inst_test\instancias\n_1000_8,500,20,15,5,0.2000,42,9996111502,9996110095,61,3236
docs\inst_test\instancias\n_1000_8,500,20,15,5,0.1000,2026,9996111497,9996109804,69,3236
docs\inst_test\instancias\n_1000_8,500,20,15,5,0.2000,2026,9996111497,9996109804,60,3236
docs\inst_test\instancias\n_1000_8,500,20,15,5,0.3000,42,9996111502,9996110095,61,3236
docs\inst_test\instancias\n_1000_8,500,20,15,5,0.3000,123,9996111502,9996110095,64,3236
docs\inst_test\instancias\n_1000_8,500,20,15,5,0.3000,2026,9996111497,9996109804,59,3236
docs\inst_test\instancias\n_1000_8,500,20,15,10,0.1000,42,9996111497,9996109804,54,3236
docs\inst_test\instancias\n_1000_8,500,20,15,10,0.1000,2026,9996111497,9996109804,56,3236
docs\inst_test\instancias\n_1000_8,500,20,15,10,0.1000,123,9996111502,9996110095,57,3236
docs\inst_test\instancias\n_1000_8,500,20,15,10,0.2000,123,9996111502,9996110095,53,3236
docs\inst_test\instancias\n_1000_8,500,20,15,10,0.2000,42,9996111502,9996110095,55,3236
docs\inst_test\instancias\n_1000_8,500,20,15,10,0.2000,2026,9996111497,9996109804,55,3236
docs\inst_test\instancias\n_1000_8,500,20,15,10,0.3000,2026,9996111497,9996109804,54,3236
docs\inst_test\instancias\n_1000_8,500,20,15,10,0.3000,123,9996111502,9996110095,56,3236
docs\inst_test\instancias\n_1000_8,500,20,15,10,0.3000,42,9996111502,9996110095,59,3236
docs\inst_test\instancias\n_1000_8,500,20,15,20,0.1000,42,9996111497,9996109804,49,3236
docs\inst_test\instancias\n_1000_8,500,20,15,20,0.1000,2026,9996111497,9996109804,54,3236
docs\inst_test\instancias\n_1000_8,500,20,15,20,0.2000,42,9996111502,9996110095,53,3236
docs\inst_test\instancias\n_1000_8,500,20,15,20,0.1000,123,9996111497,9996109804,58,3236
docs\inst_test\instancias\n_1000_8,500,20,15,20,0.2000,123,9996111497,9996109804,49,3236
docs\inst_test\instancias\n_1000_8,500,20,15,20,0.2000,2026,9996111497,9996109804,50,3236
docs\inst_test\instancias\n_1000_8,500,20,15,20,0.3000,42,9996111502,9996110095,51,3236
docs\inst_test\instancias\n_1000_8,500,20,15,20,0.3000,123,9996111497,9996109804,52,3236
docs\inst_test\instancias\n_1000_8,500,20,15,20,0.3000,2026,9996111497,9996109804,49,3236
docs\inst_test\instancias\n_1000_9,100,10,7,5,0.3000,42,9980485898,9980481011,22,6431
docs\inst_test\instancias\n_1000_9,100,10,7,5,0.2000,123,9980485898,9980481011,22,6431
docs\inst_test\instancias\n_1000_9,100,10,7,5,0.2000,42,9980485898,9980481011,22,6431
docs\inst_test\instancias\n_1000_9,100,10,7,5,0.2000,2026,9980485898,9980481011,22,6431
docs\inst_test\instancias\n_1000_9,100,10,7,5,0.1000,123,9980485898,9980481011,23,6431
docs\inst_test\instancias\n_1000_9,100,10,7,5,0.1000,2026,9980485898,9980481011,23,6431
docs\inst_test\instancias\n_1000_9,100,10,7,5,0.1000,42,9980485898,9980481011,23,6431
docs\inst_test\instancias\n_1000_9,100,10,7,5,0.3000,123,9980485898,9980481011,27,6431
docs\inst_test\instancias\n_1000_9,100,10,7,5,0.3000,2026,9980485898,9980481011,22,6431
docs\inst_test\instancias\n_1000_9,100,10,7,10,0.2000,42,9980485898,9980481011,22,6431
docs\inst_test\instancias\n_1000_9,100,10,7,10,0.1000,123,9980485898,9980481011,23,6431
docs\inst_test\instancias\n_1000_9,100,10,7,10,0.1000,42,9980485898,9980481011,23,6431
docs\inst_test\instancias\n_1000_9,100,10,7,10,0.1000,2026,9980485898,9980481011,23,6431
docs\inst_test\instancias\n_1000_9,100,10,7,10,0.2000,123,9980485898,9980481011,22,6431
docs\inst_test\instancias\n_1000_9,100,10,7,10,0.2000,2026,9980485898,9980481011,22,6431
docs\inst_test\instancias\n_1000_9,100,10,7,10,0.3000,42,9980485898,9980481011,22,6431
docs\inst_test\instancias\n_1000_9,100,10,7,10,0.3000,123,9980485898,9980481011,22,6431
docs\inst_test\instancias\n_1000_9,100,10,7,10,0.3000,2026,9980485898,9980481011,21,6431
docs\inst_test\instancias\n_1000_9,100,10,7,20,0.1000,123,9980485898,9980481011,22,6431
docs\inst_test\instancias\n_1000_9,100,10,7,20,0.1000,42,9980485898,9980481011,22,6431
docs\inst_test\instancias\n_1000_9,100,10,7,20,0.1000,2026,9980485898,9980481011,22,6431
docs\inst_test\instancias\n_1000_9,100,10,7,20,0.2000,42,9980485898,9980481011,22,6431
docs\inst_test\instancias\n_1000_9,100,10,7,20,0.2000,123,9980485898,9980481011,22,6431
docs\inst_test\instancias\n_1000_9,100,10,7,20,0.2000,2026,9980485898,9980481011,22,6431
docs\inst_test\instancias\n_1000_9,100,10,7,20,0.3000,123,9980485898,9980481011,21,6431
docs\inst_test\instancias\n_1000_9,100,10,7,20,0.3000,42,9980485898,9980481011,22,6431
docs\inst_test\instancias\n_1000_9,100,10,7,20,0.3000,2026,9980485898,9980481011,21,6431
docs\inst_test\instancias\n_1000_9,100,10,10,5,0.1000,42,9980485898,9980481011,23,6431
docs\inst_test\instancias\n_1000_9,100,10,10,5,0.1000,123,9980485898,9980481011,23,6431
docs\inst_test\instancias\n_1000_9,100,10,10,5,0.1000,2026,9980485898,9980481011,23,6431
docs\inst_test\instancias\n_1000_9,100,10,10,5,0.2000,42,9980485898,9980481011,23,6431
docs\inst_test\instancias\n_1000_9,100,10,10,5,0.2000,123,9980485898,9980481011,26,6431
docs\inst_test\instancias\n_1000_9,100,10,10,5,0.3000,42,9980485898,9980481011,21,6431
docs\inst_test\instancias\n_1000_9,100,10,10,5,0.3000,123,9980485898,9980481011,22,6431
docs\inst_test\instancias\n_1000_9,100,10,10,5,0.2000,2026,9980485898,9980481011,23,6431
docs\inst_test\instancias\n_1000_9,100,10,10,5,0.3000,2026,9980485898,9980481011,22,6431
docs\inst_test\instancias\n_1000_9,100,10,10,10,0.1000,42,9980485898,9980481011,22,6431
docs\inst_test\instancias\n_1000_9,100,10,10,10,0.1000,2026,9980485898,9980481011,24,6431
docs\inst_test\instancias\n_1000_9,100,10,10,10,0.1000,123,9980485898,9980481011,24,6431
docs\inst_test\instancias\n_1000_9,100,10,10,10,0.2000,42,9980485898,9980481011,24,6431
docs\inst_test\instancias\n_1000_9,100,10,10,10,0.2000,123,9980485898,9980481011,22,6431
docs\inst_test\instancias\n_1000_9,100,10,10,10,0.3000,42,9980485898,9980481011,21,6431
docs\inst_test\instancias\n_1000_9,100,10,10,10,0.2000,2026,9980485898,9980481011,22,6431
docs\inst_test\instancias\n_1000_9,100,10,10,10,0.3000,123,9980485898,9980481011,21,6431
docs\inst_test\instancias\n_1000_9,100,10,10,20,0.1000,42,9980485898,9980481011,24,6431
docs\inst_test\instancias\n_1000_9,100,10,10,10,0.3000,2026,9980485898,9980481011,28,6431
docs\inst_test\instancias\n_1000_9,100,10,10,20,0.1000,123,9980485898,9980481011,28,6431
docs\inst_test\instancias\n_1000_9,100,10,10,20,0.1000,2026,9980485898,9980481011,22,6431
docs\inst_test\instancias\n_1000_9,100,10,10,20,0.2000,123,9980485898,9980481011,22,6431
docs\inst_test\instancias\n_1000_9,100,10,10,20,0.2000,42,9980485898,9980481011,22,6431
docs\inst_test\instancias\n_1000_9,100,10,10,20,0.3000,42,9980485898,9980481011,21,6431
docs\inst_test\instancias\n_1000_9,100,10,10,20,0.2000,2026,9980485898,9980481011,24,6431
docs\inst_test\instancias\n_1000_9,100,10,10,20,0.3000,123,9980485898,9980481011,23,6431
docs\inst_test\instancias\n_1000_9,100,10,10,20,0.3000,2026,9980485898,9980481011,22,6431
docs\inst_test\instancias\n_1000_9,100,10,15,5,0.1000,42,9980485898,9980481011,25,6431
docs\inst_test\instancias\n_1000_9,100,10,15,5,0.1000,123,9980485898,9980481011,26,6431
docs\inst_test\instancias\n_1000_9,100,10,15,5,0.2000,42,9980485898,9980481011,22,6431
docs\inst_test\instancias\n_1000_9,100,10,15,5,0.1000,2026,9980485898,9980481011,22,6431
docs\inst_test\instancias\n_1000_9,100,10,15,5,0.2000,123,9980485898,9980481011,23,6431
docs\inst_test\instancias\n_1000_9,100,10,15,5,0.2000,2026,9980485898,9980481011,23,6431
docs\inst_test\instancias\n_1000_9,100,10,15,5,0.3000,123,9980485898,9980481011,21,6431
docs\inst_test\instancias\n_1000_9,100,10,15,5,0.3000,42,9980485898,9980481011,27,6431
docs\inst_test\instancias\n_1000_9,100,10,15,5,0.3000,2026,9980485898,9980481011,24,6431
docs\inst_test\instancias\n_1000_9,100,10,15,10,0.1000,42,9980485898,9980481011,23,6431
docs\inst_test\instancias\n_1000_9,100,10,15,10,0.1000,123,9980485898,9980481011,22,6431
docs\inst_test\instancias\n_1000_9,100,10,15,10,0.1000,2026,9980485898,9980481011,23,6431
docs\inst_test\instancias\n_1000_9,100,10,15,10,0.2000,42,9980485898,9980481011,22,6431
docs\inst_test\instancias\n_1000_9,100,10,15,10,0.2000,123,9980485898,9980481011,22,6431
docs\inst_test\instancias\n_1000_9,100,10,15,10,0.2000,2026,9980485898,9980481011,22,6431
docs\inst_test\instancias\n_1000_9,100,10,15,10,0.3000,42,9980485898,9980481011,23,6431
docs\inst_test\instancias\n_1000_9,100,10,15,10,0.3000,123,9980485898,9980481011,22,6431
docs\inst_test\instancias\n_1000_9,100,10,15,10,0.3000,2026,9980485898,9980481011,22,6431
docs\inst_test\instancias\n_1000_9,100,10,15,20,0.1000,42,9980485898,9980481011,22,6431
docs\inst_test\instancias\n_1000_9,100,10,15,20,0.1000,123,9980485898,9980481011,21,6431
docs\inst_test\instancias\n_1000_9,100,10,15,20,0.2000,42,9980485898,9980481011,22,6431
docs\inst_test\instancias\n_1000_9,100,10,15,20,0.1000,2026,9980485898,9980481011,23,6431
docs\inst_test\instancias\n_1000_9,100,10,15,20,0.2000,123,9980485898,9980481011,23,6431
docs\inst_test\instancias\n_1000_9,100,10,15,20,0.2000,2026,9980485898,9980481011,22,6431
docs\inst_test\instancias\n_1000_9,100,10,15,20,0.3000,42,9980485898,9980481011,21,6431
docs\inst_test\instancias\n_1000_9,100,10,15,20,0.3000,123,9980485898,9980481011,22,6431
docs\inst_test\instancias\n_1000_9,100,10,15,20,0.3000,2026,9980485898,9980481011,20,6431
docs\inst_test\instancias\n_1000_9,100,15,7,5,0.1000,42,9980485898,9980481011,23,6431
docs\inst_test\instancias\n_1000_9,100,15,7,5,0.1000,123,9980485898,9980481011,23,6431
docs\inst_test\instancias\n_1000_9,100,15,7,5,0.1000,2026,9980485898,9980481011,24,6431
docs\inst_test\instancias\n_1000_9,100,15,7,5,0.2000,42,9980485898,9980481011,24,6431
docs\inst_test\instancias\n_1000_9,100,15,7,5,0.2000,123,9980485898,9980481011,22,6431
docs\inst_test\instancias\n_1000_9,100,15,7,5,0.2000,2026,9980485898,9980481011,23,6431
docs\inst_test\instancias\n_1000_9,100,15,7,5,0.3000,42,9980485898,9980481011,21,6431
docs\inst_test\instancias\n_1000_9,100,15,7,5,0.3000,123,9980485898,9980481011,22,6431
docs\inst_test\instancias\n_1000_9,100,15,7,5,0.3000,2026,9980485898,9980481011,22,6431
docs\inst_test\instancias\n_1000_9,100,15,7,10,0.1000,42,9980485898,9980481011,23,6431
docs\inst_test\instancias\n_1000_9,100,15,7,10,0.1000,123,9980485898,9980481011,23,6431
docs\inst_test\instancias\n_1000_9,100,15,7,10,0.1000,2026,9980485898,9980481011,22,6431
docs\inst_test\instancias\n_1000_9,100,15,7,10,0.2000,42,9980485898,9980481011,22,6431
docs\inst_test\instancias\n_1000_9,100,15,7,10,0.2000,123,9980485898,9980481011,22,6431
docs\inst_test\instancias\n_1000_9,100,15,7,10,0.2000,2026,9980485898,9980481011,22,6431
docs\inst_test\instancias\n_1000_9,100,15,7,10,0.3000,42,9980485898,9980481011,21,6431
docs\inst_test\instancias\n_1000_9,100,15,7,10,0.3000,123,9980485898,9980481011,21,6431
docs\inst_test\instancias\n_1000_9,100,15,7,10,0.3000,2026,9980485898,9980481011,21,6431
docs\inst_test\instancias\n_1000_9,100,15,7,20,0.1000,42,9980485898,9980481011,23,6431
docs\inst_test\instancias\n_1000_9,100,15,7,20,0.1000,123,9980485898,9980481011,22,6431
docs\inst_test\instancias\n_1000_9,100,15,7,20,0.2000,42,9980485898,9980481011,21,6431
docs\inst_test\instancias\n_1000_9,100,15,7,20,0.2000,123,9980485898,9980481011,22,6431
docs\inst_test\instancias\n_1000_9,100,15,7,20,0.2000,2026,9980485898,9980481011,22,6431
docs\inst_test\instancias\n_1000_9,100,15,7,20,0.1000,2026,9980485898,9980481011,27,6431
docs\inst_test\instancias\n_1000_9,100,15,7,20,0.3000,42,9980485898,9980481011,22,6431
docs\inst_test\instancias\n_1000_9,100,15,7,20,0.3000,123,9980485898,9980481011,20,6431
docs\inst_test\instancias\n_1000_9,100,15,7,20,0.3000,2026,9980485898,9980481011,24,6431
docs\inst_test\instancias\n_1000_9,100,15,10,5,0.1000,42,9980485898,9980481011,24,6431
docs\inst_test\instancias\n_1000_9,100,15,10,5,0.1000,2026,9980485898,9980481011,23,6431
docs\inst_test\instancias\n_1000_9,100,15,10,5,0.1000,123,9980485898,9980481011,26,6431
docs\inst_test\instancias\n_1000_9,100,15,10,5,0.2000,42,9980485898,9980481011,22,6431
docs\inst_test\instancias\n_1000_9,100,15,10,5,0.2000,123,9980485898,9980481011,24,6431
docs\inst_test\instancias\n_1000_9,100,15,10,5,0.2000,2026,9980485898,9980481011,22,6431
docs\inst_test\instancias\n_1000_9,100,15,10,5,0.3000,42,9980485898,9980481011,23,6431
docs\inst_test\instancias\n_1000_9,100,15,10,5,0.3000,123,9980485898,9980481011,26,6431
docs\inst_test\instancias\n_1000_9,100,15,10,5,0.3000,2026,9980485898,9980481011,22,6431
docs\inst_test\instancias\n_1000_9,100,15,10,10,0.1000,42,9980485898,9980481011,24,6431
docs\inst_test\instancias\n_1000_9,100,15,10,10,0.1000,2026,9980485898,9980481011,23,6431
docs\inst_test\instancias\n_1000_9,100,15,10,10,0.2000,42,9980485898,9980481011,22,6431
docs\inst_test\instancias\n_1000_9,100,15,10,10,0.2000,123,9980485898,9980481011,22,6431
docs\inst_test\instancias\n_1000_9,100,15,10,10,0.1000,123,9980485898,9980481011,27,6431
docs\inst_test\instancias\n_1000_9,100,15,10,10,0.2000,2026,9980485898,9980481011,21,6431
docs\inst_test\instancias\n_1000_9,100,15,10,10,0.3000,123,9980485898,9980481011,21,6431
docs\inst_test\instancias\n_1000_9,100,15,10,10,0.3000,42,9980485898,9980481011,22,6431
docs\inst_test\instancias\n_1000_9,100,15,10,10,0.3000,2026,9980485898,9980481011,22,6431
docs\inst_test\instancias\n_1000_9,100,15,10,20,0.1000,42,9980485898,9980481011,23,6431
docs\inst_test\instancias\n_1000_9,100,15,10,20,0.1000,123,9980485898,9980481011,22,6431
docs\inst_test\instancias\n_1000_9,100,15,10,20,0.1000,2026,9980485898,9980481011,22,6431
docs\inst_test\instancias\n_1000_9,100,15,10,20,0.2000,42,9980485898,9980481011,23,6431
docs\inst_test\instancias\n_1000_9,100,15,10,20,0.2000,123,9980485898,9980481011,21,6431
docs\inst_test\instancias\n_1000_9,100,15,10,20,0.2000,2026,9980485898,9980481011,21,6431
docs\inst_test\instancias\n_1000_9,100,15,10,20,0.3000,42,9980485898,9980481011,24,6431
docs\inst_test\instancias\n_1000_9,100,15,10,20,0.3000,123,9980485898,9980481011,24,6431
docs\inst_test\instancias\n_1000_9,100,15,10,20,0.3000,2026,9980485898,9980481011,21,6431
docs\inst_test\instancias\n_1000_9,100,15,15,5,0.1000,42,9980485898,9980481011,23,6431
docs\inst_test\instancias\n_1000_9,100,15,15,5,0.1000,123,9980485898,9980481011,23,6431
docs\inst_test\instancias\n_1000_9,100,15,15,5,0.2000,42,9980485898,9980481011,23,6431
docs\inst_test\instancias\n_1000_9,100,15,15,5,0.1000,2026,9980485898,9980481011,24,6431
docs\inst_test\instancias\n_1000_9,100,15,15,5,0.2000,123,9980485898,9980481011,23,6431
docs\inst_test\instancias\n_1000_9,100,15,15,5,0.2000,2026,9980485898,9980481011,28,6431
docs\inst_test\instancias\n_1000_9,100,15,15,5,0.3000,42,9980485898,9980481011,24,6431
docs\inst_test\instancias\n_1000_9,100,15,15,5,0.3000,123,9980485898,9980481011,24,6431
docs\inst_test\instancias\n_1000_9,100,15,15,5,0.3000,2026,9980485898,9980481011,22,6431
docs\inst_test\instancias\n_1000_9,100,15,15,10,0.1000,42,9980485898,9980481011,24,6431
docs\inst_test\instancias\n_1000_9,100,15,15,10,0.1000,123,9980485898,9980481011,22,6431
docs\inst_test\instancias\n_1000_9,100,15,15,10,0.1000,2026,9980485898,9980481011,22,6431
docs\inst_test\instancias\n_1000_9,100,15,15,10,0.2000,42,9980485898,9980481011,22,6431
docs\inst_test\instancias\n_1000_9,100,15,15,10,0.2000,123,9980485898,9980481011,22,6431
docs\inst_test\instancias\n_1000_9,100,15,15,10,0.2000,2026,9980485898,9980481011,21,6431
docs\inst_test\instancias\n_1000_9,100,15,15,10,0.3000,123,9980485898,9980481011,22,6431
docs\inst_test\instancias\n_1000_9,100,15,15,20,0.1000,42,9980485898,9980481011,22,6431
docs\inst_test\instancias\n_1000_9,100,15,15,10,0.3000,42,9980485898,9980481011,24,6431
docs\inst_test\instancias\n_1000_9,100,15,15,10,0.3000,2026,9980485898,9980481011,24,6431
docs\inst_test\instancias\n_1000_9,100,15,15,20,0.1000,123,9980485898,9980481011,23,6431
docs\inst_test\instancias\n_1000_9,100,15,15,20,0.1000,2026,9980485898,9980481011,22,6431
docs\inst_test\instancias\n_1000_9,100,15,15,20,0.2000,42,9980485898,9980481011,21,6431
docs\inst_test\instancias\n_1000_9,100,15,15,20,0.2000,123,9980485898,9980481011,22,6431
docs\inst_test\instancias\n_1000_9,100,15,15,20,0.2000,2026,9980485898,9980481011,21,6431
docs\inst_test\instancias\n_1000_9,100,15,15,20,0.3000,42,9980485898,9980481011,22,6431
docs\inst_test\instancias\n_1000_9,100,15,15,20,0.3000,123,9980485898,9980481011,21,6431
docs\inst_test\instancias\n_1000_9,100,15,15,20,0.3000,2026,9980485898,9980481011,21,6431
docs\inst_test\instancias\n_1000_9,100,20,7,5,0.1000,42,9980485898,9980481011,27,6431
docs\inst_test\instancias\n_1000_9,100,20,7,5,0.1000,123,9980485898,9980481011,23,6431
docs\inst_test\instancias\n_1000_9,100,20,7,5,0.2000,42,9980485898,9980481011,22,6431
docs\inst_test\instancias\n_1000_9,100,20,7,5,0.2000,123,9980485898,9980481011,23,6431
docs\inst_test\instancias\n_1000_9,100,20,7,5,0.1000,2026,9980485898,9980481011,25,6431
docs\inst_test\instancias\n_1000_9,100,20,7,5,0.2000,2026,9980485898,9980481011,22,6431
docs\inst_test\instancias\n_1000_9,100,20,7,5,0.3000,123,9980485898,9980481011,22,6431
docs\inst_test\instancias\n_1000_9,100,20,7,5,0.3000,42,9980485898,9980481011,27,6431
docs\inst_test\instancias\n_1000_9,100,20,7,5,0.3000,2026,9980485898,9980481011,23,6431
docs\inst_test\instancias\n_1000_9,100,20,7,10,0.1000,42,9980485898,9980481011,22,6431
docs\inst_test\instancias\n_1000_9,100,20,7,10,0.1000,123,9980485898,9980481011,22,6431
docs\inst_test\instancias\n_1000_9,100,20,7,10,0.1000,2026,9980485898,9980481011,22,6431
docs\inst_test\instancias\n_1000_9,100,20,7,10,0.2000,123,9980485898,9980481011,22,6431
docs\inst_test\instancias\n_1000_9,100,20,7,10,0.2000,2026,9980485898,9980481011,21,6431
docs\inst_test\instancias\n_1000_9,100,20,7,10,0.3000,42,9980485898,9980481011,22,6431
docs\inst_test\instancias\n_1000_9,100,20,7,10,0.2000,42,9980485898,9980481011,27,6431
docs\inst_test\instancias\n_1000_9,100,20,7,10,0.3000,123,9980485898,9980481011,21,6431
docs\inst_test\instancias\n_1000_9,100,20,7,10,0.3000,2026,9980485898,9980481011,22,6431
docs\inst_test\instancias\n_1000_9,100,20,7,20,0.1000,42,9980485898,9980481011,22,6431
docs\inst_test\instancias\n_1000_9,100,20,7,20,0.1000,123,9980485898,9980481011,22,6431
docs\inst_test\instancias\n_1000_9,100,20,7,20,0.2000,42,9980485898,9980481011,22,6431
docs\inst_test\instancias\n_1000_9,100,20,7,20,0.2000,2026,9980485898,9980481011,21,6431
docs\inst_test\instancias\n_1000_9,100,20,7,20,0.1000,2026,9980485898,9980481011,27,6431
docs\inst_test\instancias\n_1000_9,100,20,7,20,0.2000,123,9980485898,9980481011,25,6431
docs\inst_test\instancias\n_1000_9,100,20,7,20,0.3000,123,9980485898,9980481011,22,6431
docs\inst_test\instancias\n_1000_9,100,20,7,20,0.3000,42,9980485898,9980481011,25,6431
docs\inst_test\instancias\n_1000_9,100,20,7,20,0.3000,2026,9980485898,9980481011,21,6431
docs\inst_test\instancias\n_1000_9,100,20,10,5,0.1000,42,9980485898,9980481011,23,6431
docs\inst_test\instancias\n_1000_9,100,20,10,5,0.1000,123,9980485898,9980481011,23,6431
docs\inst_test\instancias\n_1000_9,100,20,10,5,0.1000,2026,9980485898,9980481011,23,6431
docs\inst_test\instancias\n_1000_9,100,20,10,5,0.2000,42,9980485898,9980481011,24,6431
docs\inst_test\instancias\n_1000_9,100,20,10,5,0.2000,123,9980485898,9980481011,26,6431
docs\inst_test\instancias\n_1000_9,100,20,10,5,0.3000,42,9980485898,9980481011,24,6431
docs\inst_test\instancias\n_1000_9,100,20,10,5,0.2000,2026,9980485898,9980481011,26,6431
docs\inst_test\instancias\n_1000_9,100,20,10,5,0.3000,123,9980485898,9980481011,23,6431
docs\inst_test\instancias\n_1000_9,100,20,10,5,0.3000,2026,9980485898,9980481011,22,6431
docs\inst_test\instancias\n_1000_9,100,20,10,10,0.1000,42,9980485898,9980481011,22,6431
docs\inst_test\instancias\n_1000_9,100,20,10,10,0.1000,123,9980485898,9980481011,22,6431
docs\inst_test\instancias\n_1000_9,100,20,10,10,0.1000,2026,9980485898,9980481011,25,6431
docs\inst_test\instancias\n_1000_9,100,20,10,10,0.2000,42,9980485898,9980481011,21,6431
docs\inst_test\instancias\n_1000_9,100,20,10,10,0.2000,123,9980485898,9980481011,23,6431
docs\inst_test\instancias\n_1000_9,100,20,10,10,0.2000,2026,9980485898,9980481011,22,6431
docs\inst_test\instancias\n_1000_9,100,20,10,10,0.3000,42,9980485898,9980481011,22,6431
docs\inst_test\instancias\n_1000_9,100,20,10,10,0.3000,123,9980485898,9980481011,22,6431
docs\inst_test\instancias\n_1000_9,100,20,10,10,0.3000,2026,9980485898,9980481011,21,6431
docs\inst_test\instancias\n_1000_9,100,20,10,20,0.1000,42,9980485898,9980481011,23,6431
docs\inst_test\instancias\n_1000_9,100,20,10,20,0.2000,123,9980485898,9980481011,23,6431
docs\inst_test\instancias\n_1000_9,100,20,10,20,0.1000,123,9980485898,9980481011,26,6431
docs\inst_test\instancias\n_1000_9,100,20,10,20,0.1000,2026,9980485898,9980481011,26,6431
docs\inst_test\instancias\n_1000_9,100,20,10,20,0.2000,42,9980485898,9980481011,26,6431
docs\inst_test\instancias\n_1000_9,100,20,10,20,0.3000,42,9980485898,9980481011,21,6431
docs\inst_test\instancias\n_1000_9,100,20,10,20,0.3000,123,9980485898,9980481011,22,6431
docs\inst_test\instancias\n_1000_9,100,20,10,20,0.2000,2026,9980485898,9980481011,30,6431
docs\inst_test\instancias\n_1000_9,100,20,10,20,0.3000,2026,9980485898,9980481011,26,6431
docs\inst_test\instancias\n_1000_9,100,20,15,5,0.1000,42,9980485898,9980481011,23,6431
docs\inst_test\instancias\n_1000_9,100,20,15,5,0.1000,2026,9980485898,9980481011,23,6431
docs\inst_test\instancias\n_1000_9,100,20,15,5,0.1000,123,9980485898,9980481011,24,6431
docs\inst_test\instancias\n_1000_9,100,20,15,5,0.2000,42,9980485898,9980481011,23,6431
docs\inst_test\instancias\n_1000_9,100,20,15,5,0.2000,123,9980485898,9980481011,22,6431
docs\inst_test\instancias\n_1000_9,100,20,15,5,0.2000,2026,9980485898,9980481011,22,6431
docs\inst_test\instancias\n_1000_9,100,20,15,5,0.3000,42,9980485898,9980481011,26,6431
docs\inst_test\instancias\n_1000_9,100,20,15,5,0.3000,123,9980485898,9980481011,22,6431
docs\inst_test\instancias\n_1000_9,100,20,15,5,0.3000,2026,9980485898,9980481011,22,6431
docs\inst_test\instancias\n_1000_9,100,20,15,10,0.1000,42,9980485898,9980481011,22,6431
docs\inst_test\instancias\n_1000_9,100,20,15,10,0.1000,2026,9980485898,9980481011,22,6431
docs\inst_test\instancias\n_1000_9,100,20,15,10,0.2000,42,9980485898,9980481011,21,6431
docs\inst_test\instancias\n_1000_9,100,20,15,10,0.1000,123,9980485898,9980481011,26,6431
docs\inst_test\instancias\n_1000_9,100,20,15,10,0.2000,123,9980485898,9980481011,23,6431
docs\inst_test\instancias\n_1000_9,100,20,15,10,0.3000,42,9980485898,9980481011,22,6431
docs\inst_test\instancias\n_1000_9,100,20,15,10,0.2000,2026,9980485898,9980481011,23,6431
docs\inst_test\instancias\n_1000_9,100,20,15,10,0.3000,123,9980485898,9980481011,21,6431
docs\inst_test\instancias\n_1000_9,100,20,15,10,0.3000,2026,9980485898,9980481011,21,6431
docs\inst_test\instancias\n_1000_9,100,20,15,20,0.1000,42,9980485898,9980481011,22,6431
docs\inst_test\instancias\n_1000_9,100,20,15,20,0.1000,123,9980485898,9980481011,22,6431
docs\inst_test\instancias\n_1000_9,100,20,15,20,0.1000,2026,9980485898,9980481011,22,6431
docs\inst_test\instancias\n_1000_9,100,20,15,20,0.2000,42,9980485898,9980481011,22,6431
docs\inst_test\instancias\n_1000_9,100,20,15,20,0.2000,123,9980485898,9980481011,21,6431
docs\inst_test\instancias\n_1000_9,100,20,15,20,0.2000,2026,9980485898,9980481011,23,6431
docs\inst_test\instancias\n_1000_9,100,20,15,20,0.3000,42,9980485898,9980481011,21,6431
docs\inst_test\instancias\n_1000_9,100,20,15,20,0.3000,123,9980485898,9980481011,21,6431
docs\inst_test\instancias\n_1000_9,100,20,15,20,0.3000,2026,9980485898,9980481011,20,6431
docs\inst_test\instancias\n_1000_9,300,10,7,5,0.1000,42,9980485898,9980481011,72,6431
docs\inst_test\instancias\n_1000_9,300,10,7,5,0.1000,2026,9980485898,9980481011,74,6431
docs\inst_test\instancias\n_1000_9,300,10,7,5,0.2000,42,9980485898,9980481011,70,6431
docs\inst_test\instancias\n_1000_9,300,10,7,5,0.2000,123,9980485898,9980481011,73,6431
docs\inst_test\instancias\n_1000_9,300,10,7,5,0.3000,42,9980485898,9980481011,68,6431
docs\inst_test\instancias\n_1000_9,300,10,7,5,0.1000,123,9980485898,9980481011,84,6431
docs\inst_test\instancias\n_1000_9,300,10,7,5,0.2000,2026,9980485898,9980481011,72,6431
docs\inst_test\instancias\n_1000_9,300,10,7,5,0.3000,123,9980485898,9980481011,77,6431
docs\inst_test\instancias\n_1000_9,300,10,7,5,0.3000,2026,9980485898,9980481011,68,6431
docs\inst_test\instancias\n_1000_9,300,10,7,10,0.1000,42,9980485898,9980481011,69,6431
docs\inst_test\instancias\n_1000_9,300,10,7,10,0.1000,123,9980485898,9980481011,69,6431
docs\inst_test\instancias\n_1000_9,300,10,7,10,0.1000,2026,9980485898,9980481011,71,6431
docs\inst_test\instancias\n_1000_9,300,10,7,10,0.2000,42,9980485898,9980481011,73,6431
docs\inst_test\instancias\n_1000_9,300,10,7,10,0.3000,42,9980485898,9980481011,64,6431
docs\inst_test\instancias\n_1000_9,300,10,7,10,0.2000,123,9980485898,9980481011,78,6431
docs\inst_test\instancias\n_1000_9,300,10,7,10,0.2000,2026,9980485898,9980481011,77,6431
docs\inst_test\instancias\n_1000_9,300,10,7,10,0.3000,123,9980485898,9980481011,64,6431
docs\inst_test\instancias\n_1000_9,300,10,7,20,0.1000,42,9980485898,9980481011,67,6431
docs\inst_test\instancias\n_1000_9,300,10,7,10,0.3000,2026,9980485898,9980481011,71,6431
docs\inst_test\instancias\n_1000_9,300,10,7,20,0.1000,123,9980485898,9980481011,66,6431
docs\inst_test\instancias\n_1000_9,300,10,7,20,0.2000,42,9980485898,9980481011,65,6431
docs\inst_test\instancias\n_1000_9,300,10,7,20,0.2000,123,9980485898,9980481011,66,6431
docs\inst_test\instancias\n_1000_9,300,10,7,20,0.1000,2026,9980485898,9980481011,75,6431
docs\inst_test\instancias\n_1000_9,300,10,7,20,0.2000,2026,9980485898,9980481011,74,6431
docs\inst_test\instancias\n_1000_9,300,10,7,20,0.3000,42,9980485898,9980481011,62,6431
docs\inst_test\instancias\n_1000_9,300,10,7,20,0.3000,123,9980485898,9980481011,62,6431
docs\inst_test\instancias\n_1000_9,300,10,7,20,0.3000,2026,9980485898,9980481011,65,6431
docs\inst_test\instancias\n_1000_9,300,10,10,5,0.1000,42,9980485898,9980481011,72,6431
docs\inst_test\instancias\n_1000_9,300,10,10,5,0.1000,2026,9980485898,9980481011,74,6431
docs\inst_test\instancias\n_1000_9,300,10,10,5,0.2000,123,9980485898,9980481011,70,6431
docs\inst_test\instancias\n_1000_9,300,10,10,5,0.2000,42,9980485898,9980481011,77,6431
docs\inst_test\instancias\n_1000_9,300,10,10,5,0.1000,123,9980485898,9980481011,92,6431
docs\inst_test\instancias\n_1000_9,300,10,10,5,0.2000,2026,9980485898,9980481011,72,6431
docs\inst_test\instancias\n_1000_9,300,10,10,5,0.3000,42,9980485898,9980481011,68,6431
docs\inst_test\instancias\n_1000_9,300,10,10,5,0.3000,123,9980485898,9980481011,68,6431
docs\inst_test\instancias\n_1000_9,300,10,10,5,0.3000,2026,9980485898,9980481011,69,6431
docs\inst_test\instancias\n_1000_9,300,10,10,10,0.1000,42,9980485898,9980481011,70,6431
docs\inst_test\instancias\n_1000_9,300,10,10,10,0.1000,123,9980485898,9980481011,71,6431
docs\inst_test\instancias\n_1000_9,300,10,10,10,0.1000,2026,9980485898,9980481011,73,6431
docs\inst_test\instancias\n_1000_9,300,10,10,10,0.2000,42,9980485898,9980481011,74,6431
docs\inst_test\instancias\n_1000_9,300,10,10,10,0.2000,123,9980485898,9980481011,67,6431
docs\inst_test\instancias\n_1000_9,300,10,10,10,0.2000,2026,9980485898,9980481011,66,6431
docs\inst_test\instancias\n_1000_9,300,10,10,10,0.3000,42,9980485898,9980481011,63,6431
docs\inst_test\instancias\n_1000_9,300,10,10,10,0.3000,123,9980485898,9980481011,69,6431
docs\inst_test\instancias\n_1000_9,300,10,10,10,0.3000,2026,9980485898,9980481011,69,6431
docs\inst_test\instancias\n_1000_9,300,10,10,20,0.1000,42,9980485898,9980481011,67,6431
docs\inst_test\instancias\n_1000_9,300,10,10,20,0.1000,123,9980485898,9980481011,69,6431
docs\inst_test\instancias\n_1000_9,300,10,10,20,0.1000,2026,9980485898,9980481011,67,6431
docs\inst_test\instancias\n_1000_9,300,10,10,20,0.2000,42,9980485898,9980481011,65,6431
docs\inst_test\instancias\n_1000_9,300,10,10,20,0.2000,123,9980485898,9980481011,64,6431
docs\inst_test\instancias\n_1000_9,300,10,10,20,0.2000,2026,9980485898,9980481011,64,6431
docs\inst_test\instancias\n_1000_9,300,10,10,20,0.3000,42,9980485898,9980481011,70,6431
docs\inst_test\instancias\n_1000_9,300,10,10,20,0.3000,2026,9980485898,9980481011,61,6431
docs\inst_test\instancias\n_1000_9,300,10,10,20,0.3000,123,9980485898,9980481011,70,6431
docs\inst_test\instancias\n_1000_9,300,10,15,5,0.1000,42,9980485898,9980481011,80,6431
docs\inst_test\instancias\n_1000_9,300,10,15,5,0.1000,123,9980485898,9980481011,74,6431
docs\inst_test\instancias\n_1000_9,300,10,15,5,0.1000,2026,9980485898,9980481011,73,6431
docs\inst_test\instancias\n_1000_9,300,10,15,5,0.2000,42,9980485898,9980481011,73,6431
docs\inst_test\instancias\n_1000_9,300,10,15,5,0.2000,123,9980485898,9980481011,72,6431
docs\inst_test\instancias\n_1000_9,300,10,15,5,0.2000,2026,9980485898,9980481011,72,6431
docs\inst_test\instancias\n_1000_9,300,10,15,5,0.3000,42,9980485898,9980481011,71,6431
docs\inst_test\instancias\n_1000_9,300,10,15,5,0.3000,123,9980485898,9980481011,76,6431
docs\inst_test\instancias\n_1000_9,300,10,15,10,0.1000,42,9980485898,9980481011,69,6431
docs\inst_test\instancias\n_1000_9,300,10,15,5,0.3000,2026,9980485898,9980481011,73,6431
docs\inst_test\instancias\n_1000_9,300,10,15,10,0.1000,123,9980485898,9980481011,68,6431
docs\inst_test\instancias\n_1000_9,300,10,15,10,0.1000,2026,9980485898,9980481011,67,6431
docs\inst_test\instancias\n_1000_9,300,10,15,10,0.2000,42,9980485898,9980481011,68,6431
docs\inst_test\instancias\n_1000_9,300,10,15,10,0.2000,123,9980485898,9980481011,66,6431
docs\inst_test\instancias\n_1000_9,300,10,15,10,0.2000,2026,9980485898,9980481011,68,6431
docs\inst_test\instancias\n_1000_9,300,10,15,10,0.3000,42,9980485898,9980481011,66,6431
docs\inst_test\instancias\n_1000_9,300,10,15,10,0.3000,123,9980485898,9980481011,65,6431
docs\inst_test\instancias\n_1000_9,300,10,15,10,0.3000,2026,9980485898,9980481011,65,6431
docs\inst_test\instancias\n_1000_9,300,10,15,20,0.1000,42,9980485898,9980481011,67,6431
docs\inst_test\instancias\n_1000_9,300,10,15,20,0.1000,123,9980485898,9980481011,67,6431
docs\inst_test\instancias\n_1000_9,300,10,15,20,0.1000,2026,9980485898,9980481011,69,6431
docs\inst_test\instancias\n_1000_9,300,10,15,20,0.2000,42,9980485898,9980481011,64,6431
docs\inst_test\instancias\n_1000_9,300,10,15,20,0.2000,123,9980485898,9980481011,70,6431
docs\inst_test\instancias\n_1000_9,300,10,15,20,0.2000,2026,9980485898,9980481011,64,6431
docs\inst_test\instancias\n_1000_9,300,10,15,20,0.3000,123,9980485898,9980481011,63,6431
docs\inst_test\instancias\n_1000_9,300,10,15,20,0.3000,42,9980485898,9980481011,73,6431
docs\inst_test\instancias\n_1000_9,300,10,15,20,0.3000,2026,9980485898,9980481011,61,6431
docs\inst_test\instancias\n_1000_9,300,15,7,5,0.1000,42,9980485898,9980481011,79,6431
docs\inst_test\instancias\n_1000_9,300,15,7,5,0.1000,123,9980485898,9980481011,78,6431
docs\inst_test\instancias\n_1000_9,300,15,7,5,0.1000,2026,9980485898,9980481011,79,6431
docs\inst_test\instancias\n_1000_9,300,15,7,5,0.2000,123,9980485898,9980481011,71,6431
docs\inst_test\instancias\n_1000_9,300,15,7,5,0.2000,42,9980485898,9980481011,72,6431
docs\inst_test\instancias\n_1000_9,300,15,7,5,0.2000,2026,9980485898,9980481011,72,6431
docs\inst_test\instancias\n_1000_9,300,15,7,5,0.3000,42,9980485898,9980481011,67,6431
docs\inst_test\instancias\n_1000_9,300,15,7,5,0.3000,123,9980485898,9980481011,68,6431
docs\inst_test\instancias\n_1000_9,300,15,7,5,0.3000,2026,9980485898,9980481011,74,6431
docs\inst_test\instancias\n_1000_9,300,15,7,10,0.1000,42,9980485898,9980481011,71,6431
docs\inst_test\instancias\n_1000_9,300,15,7,10,0.1000,123,9980485898,9980481011,67,6431
docs\inst_test\instancias\n_1000_9,300,15,7,10,0.2000,42,9980485898,9980481011,68,6431
docs\inst_test\instancias\n_1000_9,300,15,7,10,0.1000,2026,9980485898,9980481011,68,6431
docs\inst_test\instancias\n_1000_9,300,15,7,10,0.2000,2026,9980485898,9980481011,67,6431
docs\inst_test\instancias\n_1000_9,300,15,7,10,0.3000,42,9980485898,9980481011,65,6431
docs\inst_test\instancias\n_1000_9,300,15,7,10,0.2000,123,9980485898,9980481011,69,6431
docs\inst_test\instancias\n_1000_9,300,15,7,10,0.3000,2026,9980485898,9980481011,68,6431
docs\inst_test\instancias\n_1000_9,300,15,7,10,0.3000,123,9980485898,9980481011,74,6431
docs\inst_test\instancias\n_1000_9,300,15,7,20,0.1000,42,9980485898,9980481011,68,6431
docs\inst_test\instancias\n_1000_9,300,15,7,20,0.1000,2026,9980485898,9980481011,67,6431
docs\inst_test\instancias\n_1000_9,300,15,7,20,0.1000,123,9980485898,9980481011,70,6431
docs\inst_test\instancias\n_1000_9,300,15,7,20,0.2000,42,9980485898,9980481011,64,6431
docs\inst_test\instancias\n_1000_9,300,15,7,20,0.2000,123,9980485898,9980481011,65,6431
docs\inst_test\instancias\n_1000_9,300,15,7,20,0.2000,2026,9980485898,9980481011,68,6431
docs\inst_test\instancias\n_1000_9,300,15,7,20,0.3000,42,9980485898,9980481011,62,6431
docs\inst_test\instancias\n_1000_9,300,15,7,20,0.3000,123,9980485898,9980481011,70,6431
docs\inst_test\instancias\n_1000_9,300,15,7,20,0.3000,2026,9980485898,9980481011,68,6431
docs\inst_test\instancias\n_1000_9,300,15,10,5,0.1000,42,9980485898,9980481011,72,6431
docs\inst_test\instancias\n_1000_9,300,15,10,5,0.1000,123,9980485898,9980481011,76,6431
docs\inst_test\instancias\n_1000_9,300,15,10,5,0.1000,2026,9980485898,9980481011,72,6431
docs\inst_test\instancias\n_1000_9,300,15,10,5,0.2000,42,9980485898,9980481011,72,6431
docs\inst_test\instancias\n_1000_9,300,15,10,5,0.2000,123,9980485898,9980481011,74,6431
docs\inst_test\instancias\n_1000_9,300,15,10,5,0.2000,2026,9980485898,9980481011,72,6431
docs\inst_test\instancias\n_1000_9,300,15,10,5,0.3000,42,9980485898,9980481011,73,6431
docs\inst_test\instancias\n_1000_9,300,15,10,5,0.3000,123,9980485898,9980481011,69,6431
docs\inst_test\instancias\n_1000_9,300,15,10,5,0.3000,2026,9980485898,9980481011,69,6431
docs\inst_test\instancias\n_1000_9,300,15,10,10,0.1000,42,9980485898,9980481011,69,6431
docs\inst_test\instancias\n_1000_9,300,15,10,10,0.1000,123,9980485898,9980481011,68,6431
docs\inst_test\instancias\n_1000_9,300,15,10,10,0.1000,2026,9980485898,9980481011,68,6431
docs\inst_test\instancias\n_1000_9,300,15,10,10,0.2000,42,9980485898,9980481011,68,6431
docs\inst_test\instancias\n_1000_9,300,15,10,10,0.2000,123,9980485898,9980481011,73,6431
docs\inst_test\instancias\n_1000_9,300,15,10,10,0.3000,42,9980485898,9980481011,63,6431
docs\inst_test\instancias\n_1000_9,300,15,10,10,0.2000,2026,9980485898,9980481011,68,6431
docs\inst_test\instancias\n_1000_9,300,15,10,10,0.3000,123,9980485898,9980481011,64,6431
docs\inst_test\instancias\n_1000_9,300,15,10,10,0.3000,2026,9980485898,9980481011,63,6431
docs\inst_test\instancias\n_1000_9,300,15,10,20,0.1000,42,9980485898,9980481011,67,6431
docs\inst_test\instancias\n_1000_9,300,15,10,20,0.1000,123,9980485898,9980481011,67,6431
docs\inst_test\instancias\n_1000_9,300,15,10,20,0.1000,2026,9980485898,9980481011,73,6431
docs\inst_test\instancias\n_1000_9,300,15,10,20,0.2000,42,9980485898,9980481011,68,6431
docs\inst_test\instancias\n_1000_9,300,15,10,20,0.2000,2026,9980485898,9980481011,64,6431
docs\inst_test\instancias\n_1000_9,300,15,10,20,0.2000,123,9980485898,9980481011,69,6431
docs\inst_test\instancias\n_1000_9,300,15,10,20,0.3000,42,9980485898,9980481011,64,6431
docs\inst_test\instancias\n_1000_9,300,15,10,20,0.3000,123,9980485898,9980481011,69,6431
docs\inst_test\instancias\n_1000_9,300,15,10,20,0.3000,2026,9980485898,9980481011,65,6431
docs\inst_test\instancias\n_1000_9,300,15,15,5,0.1000,42,9980485898,9980481011,73,6431
docs\inst_test\instancias\n_1000_9,300,15,15,5,0.1000,123,9980485898,9980481011,72,6431
docs\inst_test\instancias\n_1000_9,300,15,15,5,0.1000,2026,9980485898,9980481011,72,6431
docs\inst_test\instancias\n_1000_9,300,15,15,5,0.2000,42,9980485898,9980481011,70,6431
docs\inst_test\instancias\n_1000_9,300,15,15,5,0.2000,123,9980485898,9980481011,71,6431
docs\inst_test\instancias\n_1000_9,300,15,15,5,0.2000,2026,9980485898,9980481011,73,6431
docs\inst_test\instancias\n_1000_9,300,15,15,5,0.3000,42,9980485898,9980481011,75,6431
docs\inst_test\instancias\n_1000_9,300,15,15,5,0.3000,123,9980485898,9980481011,69,6431
docs\inst_test\instancias\n_1000_9,300,15,15,5,0.3000,2026,9980485898,9980481011,69,6431
docs\inst_test\instancias\n_1000_9,300,15,15,10,0.1000,42,9980485898,9980481011,71,6431
docs\inst_test\instancias\n_1000_9,300,15,15,10,0.1000,123,9980485898,9980481011,68,6431
docs\inst_test\instancias\n_1000_9,300,15,15,10,0.1000,2026,9980485898,9980481011,68,6431
docs\inst_test\instancias\n_1000_9,300,15,15,10,0.2000,42,9980485898,9980481011,67,6431
docs\inst_test\instancias\n_1000_9,300,15,15,10,0.2000,123,9980485898,9980481011,74,6431
docs\inst_test\instancias\n_1000_9,300,15,15,10,0.2000,2026,9980485898,9980481011,67,6431
docs\inst_test\instancias\n_1000_9,300,15,15,10,0.3000,123,9980485898,9980481011,64,6431
docs\inst_test\instancias\n_1000_9,300,15,15,10,0.3000,42,9980485898,9980481011,77,6431
docs\inst_test\instancias\n_1000_9,300,15,15,10,0.3000,2026,9980485898,9980481011,63,6431
docs\inst_test\instancias\n_1000_9,300,15,15,20,0.1000,42,9980485898,9980481011,67,6431
docs\inst_test\instancias\n_1000_9,300,15,15,20,0.1000,123,9980485898,9980481011,66,6431
docs\inst_test\instancias\n_1000_9,300,15,15,20,0.1000,2026,9980485898,9980481011,66,6431
docs\inst_test\instancias\n_1000_9,300,15,15,20,0.2000,42,9980485898,9980481011,68,6431
docs\inst_test\instancias\n_1000_9,300,15,15,20,0.2000,123,9980485898,9980481011,66,6431
docs\inst_test\instancias\n_1000_9,300,15,15,20,0.3000,42,9980485898,9980481011,66,6431
docs\inst_test\instancias\n_1000_9,300,15,15,20,0.2000,2026,9980485898,9980481011,75,6431
docs\inst_test\instancias\n_1000_9,300,15,15,20,0.3000,123,9980485898,9980481011,65,6431
docs\inst_test\instancias\n_1000_9,300,15,15,20,0.3000,2026,9980485898,9980481011,62,6431
docs\inst_test\instancias\n_1000_9,300,20,7,5,0.1000,123,9980485898,9980481011,77,6431
docs\inst_test\instancias\n_1000_9,300,20,7,5,0.1000,42,9980485898,9980481011,89,6431
docs\inst_test\instancias\n_1000_9,300,20,7,5,0.2000,42,9980485898,9980481011,70,6431
docs\inst_test\instancias\n_1000_9,300,20,7,5,0.1000,2026,9980485898,9980481011,79,6431
docs\inst_test\instancias\n_1000_9,300,20,7,5,0.2000,123,9980485898,9980481011,71,6431
docs\inst_test\instancias\n_1000_9,300,20,7,5,0.3000,42,9980485898,9980481011,72,6431
docs\inst_test\instancias\n_1000_9,300,20,7,5,0.3000,123,9980485898,9980481011,68,6431
docs\inst_test\instancias\n_1000_9,300,20,7,5,0.2000,2026,9980485898,9980481011,97,6431
docs\inst_test\instancias\n_1000_9,300,20,7,5,0.3000,2026,9980485898,9980481011,71,6431
docs\inst_test\instancias\n_1000_9,300,20,7,10,0.1000,123,9980485898,9980481011,69,6431
docs\inst_test\instancias\n_1000_9,300,20,7,10,0.1000,2026,9980485898,9980481011,69,6431
docs\inst_test\instancias\n_1000_9,300,20,7,10,0.2000,42,9980485898,9980481011,66,6431
docs\inst_test\instancias\n_1000_9,300,20,7,10,0.2000,123,9980485898,9980481011,66,6431
docs\inst_test\instancias\n_1000_9,300,20,7,10,0.1000,42,9980485898,9980481011,97,6431
docs\inst_test\instancias\n_1000_9,300,20,7,10,0.2000,2026,9980485898,9980481011,65,6431
docs\inst_test\instancias\n_1000_9,300,20,7,10,0.3000,42,9980485898,9980481011,73,6431
docs\inst_test\instancias\n_1000_9,300,20,7,10,0.3000,123,9980485898,9980481011,67,6431
docs\inst_test\instancias\n_1000_9,300,20,7,10,0.3000,2026,9980485898,9980481011,63,6431
docs\inst_test\instancias\n_1000_9,300,20,7,20,0.1000,42,9980485898,9980481011,70,6431
docs\inst_test\instancias\n_1000_9,300,20,7,20,0.1000,2026,9980485898,9980481011,69,6431
docs\inst_test\instancias\n_1000_9,300,20,7,20,0.1000,123,9980485898,9980481011,79,6431
docs\inst_test\instancias\n_1000_9,300,20,7,20,0.2000,123,9980485898,9980481011,65,6431
docs\inst_test\instancias\n_1000_9,300,20,7,20,0.2000,42,9980485898,9980481011,72,6431
docs\inst_test\instancias\n_1000_9,300,20,7,20,0.2000,2026,9980485898,9980481011,65,6431
docs\inst_test\instancias\n_1000_9,300,20,7,20,0.3000,123,9980485898,9980481011,63,6431
docs\inst_test\instancias\n_1000_9,300,20,7,20,0.3000,42,9980485898,9980481011,74,6431
docs\inst_test\instancias\n_1000_9,300,20,7,20,0.3000,2026,9980485898,9980481011,64,6431
docs\inst_test\instancias\n_1000_9,300,20,10,5,0.1000,123,9980485898,9980481011,78,6431
docs\inst_test\instancias\n_1000_9,300,20,10,5,0.1000,2026,9980485898,9980481011,73,6431
docs\inst_test\instancias\n_1000_9,300,20,10,5,0.2000,42,9980485898,9980481011,72,6431
docs\inst_test\instancias\n_1000_9,300,20,10,5,0.1000,42,9980485898,9980481011,94,6431
docs\inst_test\instancias\n_1000_9,300,20,10,5,0.2000,123,9980485898,9980481011,80,6431
docs\inst_test\instancias\n_1000_9,300,20,10,5,0.2000,2026,9980485898,9980481011,70,6431
docs\inst_test\instancias\n_1000_9,300,20,10,5,0.3000,42,9980485898,9980481011,71,6431
docs\inst_test\instancias\n_1000_9,300,20,10,5,0.3000,123,9980485898,9980481011,68,6431
docs\inst_test\instancias\n_1000_9,300,20,10,5,0.3000,2026,9980485898,9980481011,69,6431
docs\inst_test\instancias\n_1000_9,300,20,10,10,0.1000,42,9980485898,9980481011,70,6431
docs\inst_test\instancias\n_1000_9,300,20,10,10,0.1000,123,9980485898,9980481011,69,6431
docs\inst_test\instancias\n_1000_9,300,20,10,10,0.1000,2026,9980485898,9980481011,74,6431
docs\inst_test\instancias\n_1000_9,300,20,10,10,0.2000,42,9980485898,9980481011,67,6431
docs\inst_test\instancias\n_1000_9,300,20,10,10,0.2000,123,9980485898,9980481011,68,6431
docs\inst_test\instancias\n_1000_9,300,20,10,10,0.2000,2026,9980485898,9980481011,69,6431
docs\inst_test\instancias\n_1000_9,300,20,10,10,0.3000,42,9980485898,9980481011,64,6431
docs\inst_test\instancias\n_1000_9,300,20,10,20,0.1000,42,9980485898,9980481011,66,6431
docs\inst_test\instancias\n_1000_9,300,20,10,10,0.3000,123,9980485898,9980481011,73,6431
docs\inst_test\instancias\n_1000_9,300,20,10,10,0.3000,2026,9980485898,9980481011,71,6431
docs\inst_test\instancias\n_1000_9,300,20,10,20,0.1000,2026,9980485898,9980481011,66,6431
docs\inst_test\instancias\n_1000_9,300,20,10,20,0.1000,123,9980485898,9980481011,72,6431
docs\inst_test\instancias\n_1000_9,300,20,10,20,0.2000,42,9980485898,9980481011,65,6431
docs\inst_test\instancias\n_1000_9,300,20,10,20,0.2000,2026,9980485898,9980481011,64,6431
docs\inst_test\instancias\n_1000_9,300,20,10,20,0.2000,123,9980485898,9980481011,66,6431
docs\inst_test\instancias\n_1000_9,300,20,10,20,0.3000,42,9980485898,9980481011,61,6431
docs\inst_test\instancias\n_1000_9,300,20,10,20,0.3000,123,9980485898,9980481011,71,6431
docs\inst_test\instancias\n_1000_9,300,20,10,20,0.3000,2026,9980485898,9980481011,70,6431
docs\inst_test\instancias\n_1000_9,300,20,15,5,0.1000,123,9980485898,9980481011,72,6431
docs\inst_test\instancias\n_1000_9,300,20,15,5,0.1000,42,9980485898,9980481011,76,6431
docs\inst_test\instancias\n_1000_9,300,20,15,5,0.1000,2026,9980485898,9980481011,74,6431
docs\inst_test\instancias\n_1000_9,300,20,15,5,0.2000,123,9980485898,9980481011,71,6431
docs\inst_test\instancias\n_1000_9,300,20,15,5,0.2000,42,9980485898,9980481011,78,6431
docs\inst_test\instancias\n_1000_9,300,20,15,5,0.2000,2026,9980485898,9980481011,71,6431
docs\inst_test\instancias\n_1000_9,300,20,15,5,0.3000,42,9980485898,9980481011,68,6431
docs\inst_test\instancias\n_1000_9,300,20,15,5,0.3000,123,9980485898,9980481011,70,6431
docs\inst_test\instancias\n_1000_9,300,20,15,5,0.3000,2026,9980485898,9980481011,70,6431
docs\inst_test\instancias\n_1000_9,300,20,15,10,0.1000,42,9980485898,9980481011,72,6431
docs\inst_test\instancias\n_1000_9,300,20,15,10,0.1000,123,9980485898,9980481011,73,6431
docs\inst_test\instancias\n_1000_9,300,20,15,10,0.1000,2026,9980485898,9980481011,68,6431
docs\inst_test\instancias\n_1000_9,300,20,15,10,0.2000,42,9980485898,9980481011,69,6431
docs\inst_test\instancias\n_1000_9,300,20,15,10,0.2000,123,9980485898,9980481011,70,6431
docs\inst_test\instancias\n_1000_9,300,20,15,10,0.2000,2026,9980485898,9980481011,67,6431
docs\inst_test\instancias\n_1000_9,300,20,15,10,0.3000,42,9980485898,9980481011,65,6431
docs\inst_test\instancias\n_1000_9,300,20,15,10,0.3000,123,9980485898,9980481011,72,6431
docs\inst_test\instancias\n_1000_9,300,20,15,10,0.3000,2026,9980485898,9980481011,70,6431
docs\inst_test\instancias\n_1000_9,300,20,15,20,0.1000,42,9980485898,9980481011,67,6431
docs\inst_test\instancias\n_1000_9,300,20,15,20,0.1000,123,9980485898,9980481011,66,6431
docs\inst_test\instancias\n_1000_9,300,20,15,20,0.1000,2026,9980485898,9980481011,67,6431
docs\inst_test\instancias\n_1000_9,300,20,15,20,0.2000,42,9980485898,9980481011,65,6431
docs\inst_test\instancias\n_1000_9,300,20,15,20,0.2000,123,9980485898,9980481011,64,6431
docs\inst_test\instancias\n_1000_9,300,20,15,20,0.2000,2026,9980485898,9980481011,67,6431
docs\inst_test\instancias\n_1000_9,300,20,15,20,0.3000,2026,9980485898,9980481011,62,6431
docs\inst_test\instancias\n_1000_9,300,20,15,20,0.3000,42,9980485898,9980481011,66,6431
docs\inst_test\instancias\n_1000_9,300,20,15,20,0.3000,123,9980485898,9980481011,72,6431
docs\inst_test\instancias\n_1000_9,500,10,7,5,0.1000,42,9980485898,9980481011,121,6431
docs\inst_test\instancias\n_1000_9,500,10,7,5,0.1000,123,9980485898,9980481011,125,6431
docs\inst_test\instancias\n_1000_9,500,10,7,5,0.2000,42,9980485898,9980481011,118,6431
docs\inst_test\instancias\n_1000_9,500,10,7,5,0.1000,2026,9980485898,9980481011,127,6431
docs\inst_test\instancias\n_1000_9,500,10,7,5,0.2000,123,9980485898,9980481011,122,6431
docs\inst_test\instancias\n_1000_9,500,10,7,5,0.2000,2026,9980485898,9980481011,118,6431
docs\inst_test\instancias\n_1000_9,500,10,7,5,0.3000,123,9980485898,9980481011,123,6431
docs\inst_test\instancias\n_1000_9,500,10,7,5,0.3000,42,9980485898,9980481011,132,6431
docs\inst_test\instancias\n_1000_9,500,10,7,10,0.1000,42,9980485898,9980481011,114,6431
docs\inst_test\instancias\n_1000_9,500,10,7,5,0.3000,2026,9980485898,9980481011,132,6431
docs\inst_test\instancias\n_1000_9,500,10,7,10,0.2000,42,9980485898,9980481011,111,6431
docs\inst_test\instancias\n_1000_9,500,10,7,10,0.1000,2026,9980485898,9980481011,120,6431
docs\inst_test\instancias\n_1000_9,500,10,7,10,0.1000,123,9980485898,9980481011,125,6431
docs\inst_test\instancias\n_1000_9,500,10,7,10,0.2000,123,9980485898,9980481011,111,6431
docs\inst_test\instancias\n_1000_9,500,10,7,10,0.2000,2026,9980485898,9980481011,112,6431
docs\inst_test\instancias\n_1000_9,500,10,7,10,0.3000,42,9980485898,9980481011,114,6431
docs\inst_test\instancias\n_1000_9,500,10,7,10,0.3000,123,9980485898,9980481011,109,6431
docs\inst_test\instancias\n_1000_9,500,10,7,10,0.3000,2026,9980485898,9980481011,106,6431
docs\inst_test\instancias\n_1000_9,500,10,7,20,0.1000,42,9980485898,9980481011,110,6431
docs\inst_test\instancias\n_1000_9,500,10,7,20,0.1000,123,9980485898,9980481011,113,6431
docs\inst_test\instancias\n_1000_9,500,10,7,20,0.1000,2026,9980485898,9980481011,121,6431
docs\inst_test\instancias\n_1000_9,500,10,7,20,0.2000,42,9980485898,9980481011,107,6431
docs\inst_test\instancias\n_1000_9,500,10,7,20,0.2000,2026,9980485898,9980481011,108,6431
docs\inst_test\instancias\n_1000_9,500,10,7,20,0.2000,123,9980485898,9980481011,115,6431
docs\inst_test\instancias\n_1000_9,500,10,7,20,0.3000,42,9980485898,9980481011,113,6431
docs\inst_test\instancias\n_1000_9,500,10,7,20,0.3000,123,9980485898,9980481011,110,6431
docs\inst_test\instancias\n_1000_9,500,10,7,20,0.3000,2026,9980485898,9980481011,106,6431
docs\inst_test\instancias\n_1000_9,500,10,10,5,0.1000,42,9980485898,9980481011,134,6431
docs\inst_test\instancias\n_1000_9,500,10,10,5,0.1000,123,9980485898,9980481011,133,6431
docs\inst_test\instancias\n_1000_9,500,10,10,5,0.1000,2026,9980485898,9980481011,134,6431
docs\inst_test\instancias\n_1000_9,500,10,10,5,0.2000,42,9980485898,9980481011,120,6431
docs\inst_test\instancias\n_1000_9,500,10,10,5,0.2000,123,9980485898,9980481011,119,6431
docs\inst_test\instancias\n_1000_9,500,10,10,5,0.3000,42,9980485898,9980481011,118,6431
docs\inst_test\instancias\n_1000_9,500,10,10,5,0.2000,2026,9980485898,9980481011,121,6431
docs\inst_test\instancias\n_1000_9,500,10,10,5,0.3000,123,9980485898,9980481011,114,6431
docs\inst_test\instancias\n_1000_9,500,10,10,5,0.3000,2026,9980485898,9980481011,120,6431
docs\inst_test\instancias\n_1000_9,500,10,10,10,0.1000,123,9980485898,9980481011,122,6431
docs\inst_test\instancias\n_1000_9,500,10,10,10,0.1000,2026,9980485898,9980481011,121,6431
docs\inst_test\instancias\n_1000_9,500,10,10,10,0.1000,42,9980485898,9980481011,128,6431
docs\inst_test\instancias\n_1000_9,500,10,10,10,0.2000,42,9980485898,9980481011,129,6431
docs\inst_test\instancias\n_1000_9,500,10,10,10,0.2000,123,9980485898,9980481011,114,6431
docs\inst_test\instancias\n_1000_9,500,10,10,10,0.2000,2026,9980485898,9980481011,116,6431
docs\inst_test\instancias\n_1000_9,500,10,10,10,0.3000,42,9980485898,9980481011,133,6431
docs\inst_test\instancias\n_1000_9,500,10,10,10,0.3000,123,9980485898,9980481011,111,6431
docs\inst_test\instancias\n_1000_9,500,10,10,10,0.3000,2026,9980485898,9980481011,114,6431
docs\inst_test\instancias\n_1000_9,500,10,10,20,0.1000,123,9980485898,9980481011,112,6431
docs\inst_test\instancias\n_1000_9,500,10,10,20,0.1000,42,9980485898,9980481011,115,6431
docs\inst_test\instancias\n_1000_9,500,10,10,20,0.1000,2026,9980485898,9980481011,111,6431
docs\inst_test\instancias\n_1000_9,500,10,10,20,0.2000,123,9980485898,9980481011,108,6431
docs\inst_test\instancias\n_1000_9,500,10,10,20,0.2000,42,9980485898,9980481011,116,6431
docs\inst_test\instancias\n_1000_9,500,10,10,20,0.2000,2026,9980485898,9980481011,107,6431
docs\inst_test\instancias\n_1000_9,500,10,10,20,0.3000,42,9980485898,9980481011,109,6431
docs\inst_test\instancias\n_1000_9,500,10,10,20,0.3000,123,9980485898,9980481011,110,6431
docs\inst_test\instancias\n_1000_9,500,10,10,20,0.3000,2026,9980485898,9980481011,107,6431
docs\inst_test\instancias\n_1000_9,500,10,15,5,0.1000,42,9980485898,9980481011,124,6431
docs\inst_test\instancias\n_1000_9,500,10,15,5,0.1000,123,9980485898,9980481011,126,6431
docs\inst_test\instancias\n_1000_9,500,10,15,5,0.1000,2026,9980485898,9980481011,124,6431
docs\inst_test\instancias\n_1000_9,500,10,15,5,0.2000,42,9980485898,9980481011,121,6431
docs\inst_test\instancias\n_1000_9,500,10,15,5,0.2000,123,9980485898,9980481011,122,6431
docs\inst_test\instancias\n_1000_9,500,10,15,5,0.2000,2026,9980485898,9980481011,120,6431
docs\inst_test\instancias\n_1000_9,500,10,15,5,0.3000,42,9980485898,9980481011,114,6431
docs\inst_test\instancias\n_1000_9,500,10,15,5,0.3000,123,9980485898,9980481011,116,6431
docs\inst_test\instancias\n_1000_9,500,10,15,5,0.3000,2026,9980485898,9980481011,115,6431
docs\inst_test\instancias\n_1000_9,500,10,15,10,0.1000,42,9980485898,9980481011,127,6431
docs\inst_test\instancias\n_1000_9,500,10,15,10,0.1000,2026,9980485898,9980481011,114,6431
docs\inst_test\instancias\n_1000_9,500,10,15,10,0.1000,123,9980485898,9980481011,120,6431
docs\inst_test\instancias\n_1000_9,500,10,15,10,0.2000,42,9980485898,9980481011,111,6431
docs\inst_test\instancias\n_1000_9,500,10,15,10,0.3000,42,9980485898,9980481011,106,6431
docs\inst_test\instancias\n_1000_9,500,10,15,10,0.2000,123,9980485898,9980481011,117,6431
docs\inst_test\instancias\n_1000_9,500,10,15,10,0.2000,2026,9980485898,9980481011,120,6431
docs\inst_test\instancias\n_1000_9,500,10,15,10,0.3000,123,9980485898,9980481011,110,6431
docs\inst_test\instancias\n_1000_9,500,10,15,10,0.3000,2026,9980485898,9980481011,118,6431
docs\inst_test\instancias\n_1000_9,500,10,15,20,0.1000,42,9980485898,9980481011,112,6431
docs\inst_test\instancias\n_1000_9,500,10,15,20,0.1000,123,9980485898,9980481011,112,6431
docs\inst_test\instancias\n_1000_9,500,10,15,20,0.1000,2026,9980485898,9980481011,113,6431
docs\inst_test\instancias\n_1000_9,500,10,15,20,0.2000,42,9980485898,9980481011,107,6431
docs\inst_test\instancias\n_1000_9,500,10,15,20,0.2000,2026,9980485898,9980481011,108,6431
docs\inst_test\instancias\n_1000_9,500,10,15,20,0.3000,42,9980485898,9980481011,106,6431
docs\inst_test\instancias\n_1000_9,500,10,15,20,0.2000,123,9980485898,9980481011,129,6431
docs\inst_test\instancias\n_1000_9,500,10,15,20,0.3000,123,9980485898,9980481011,116,6431
docs\inst_test\instancias\n_1000_9,500,10,15,20,0.3000,2026,9980485898,9980481011,108,6431
docs\inst_test\instancias\n_1000_9,500,15,7,5,0.1000,42,9980485898,9980481011,123,6431
docs\inst_test\instancias\n_1000_9,500,15,7,5,0.1000,123,9980485898,9980481011,122,6431
docs\inst_test\instancias\n_1000_9,500,15,7,5,0.1000,2026,9980485898,9980481011,126,6431
docs\inst_test\instancias\n_1000_9,500,15,7,5,0.2000,123,9980485898,9980481011,118,6431
docs\inst_test\instancias\n_1000_9,500,15,7,5,0.2000,42,9980485898,9980481011,134,6431
docs\inst_test\instancias\n_1000_9,500,15,7,5,0.2000,2026,9980485898,9980481011,138,6431
docs\inst_test\instancias\n_1000_9,500,15,7,5,0.3000,42,9980485898,9980481011,113,6431
docs\inst_test\instancias\n_1000_9,500,15,7,5,0.3000,123,9980485898,9980481011,123,6431
docs\inst_test\instancias\n_1000_9,500,15,7,5,0.3000,2026,9980485898,9980481011,123,6431
docs\inst_test\instancias\n_1000_9,500,15,7,10,0.1000,42,9980485898,9980481011,123,6431
docs\inst_test\instancias\n_1000_9,500,15,7,10,0.1000,123,9980485898,9980481011,116,6431
docs\inst_test\instancias\n_1000_9,500,15,7,10,0.1000,2026,9980485898,9980481011,114,6431
docs\inst_test\instancias\n_1000_9,500,15,7,10,0.2000,42,9980485898,9980481011,114,6431
docs\inst_test\instancias\n_1000_9,500,15,7,10,0.2000,123,9980485898,9980481011,120,6431
docs\inst_test\instancias\n_1000_9,500,15,7,10,0.2000,2026,9980485898,9980481011,117,6431
docs\inst_test\instancias\n_1000_9,500,15,7,10,0.3000,42,9980485898,9980481011,105,6431
docs\inst_test\instancias\n_1000_9,500,15,7,10,0.3000,123,9980485898,9980481011,109,6431
docs\inst_test\instancias\n_1000_9,500,15,7,10,0.3000,2026,9980485898,9980481011,112,6431
docs\inst_test\instancias\n_1000_9,500,15,7,20,0.1000,42,9980485898,9980481011,116,6431
docs\inst_test\instancias\n_1000_9,500,15,7,20,0.1000,123,9980485898,9980481011,116,6431
docs\inst_test\instancias\n_1000_9,500,15,7,20,0.1000,2026,9980485898,9980481011,115,6431
docs\inst_test\instancias\n_1000_9,500,15,7,20,0.2000,42,9980485898,9980481011,110,6431
docs\inst_test\instancias\n_1000_9,500,15,7,20,0.2000,123,9980485898,9980481011,108,6431
docs\inst_test\instancias\n_1000_9,500,15,7,20,0.2000,2026,9980485898,9980481011,114,6431
docs\inst_test\instancias\n_1000_9,500,15,7,20,0.3000,42,9980485898,9980481011,116,6431
docs\inst_test\instancias\n_1000_9,500,15,7,20,0.3000,123,9980485898,9980481011,104,6431
docs\inst_test\instancias\n_1000_9,500,15,7,20,0.3000,2026,9980485898,9980481011,102,6431
docs\inst_test\instancias\n_1000_9,500,15,10,5,0.1000,42,9980485898,9980481011,124,6431
docs\inst_test\instancias\n_1000_9,500,15,10,5,0.1000,123,9980485898,9980481011,122,6431
docs\inst_test\instancias\n_1000_9,500,15,10,5,0.1000,2026,9980485898,9980481011,122,6431
docs\inst_test\instancias\n_1000_9,500,15,10,5,0.2000,42,9980485898,9980481011,127,6431
docs\inst_test\instancias\n_1000_9,500,15,10,5,0.2000,123,9980485898,9980481011,121,6431
docs\inst_test\instancias\n_1000_9,500,15,10,5,0.2000,2026,9980485898,9980481011,121,6431
docs\inst_test\instancias\n_1000_9,500,15,10,5,0.3000,42,9980485898,9980481011,116,6431
docs\inst_test\instancias\n_1000_9,500,15,10,5,0.3000,123,9980485898,9980481011,128,6431
docs\inst_test\instancias\n_1000_9,500,15,10,5,0.3000,2026,9980485898,9980481011,115,6431
docs\inst_test\instancias\n_1000_9,500,15,10,10,0.1000,42,9980485898,9980481011,114,6431
docs\inst_test\instancias\n_1000_9,500,15,10,10,0.1000,123,9980485898,9980481011,117,6431
docs\inst_test\instancias\n_1000_9,500,15,10,10,0.1000,2026,9980485898,9980481011,115,6431
docs\inst_test\instancias\n_1000_9,500,15,10,10,0.2000,42,9980485898,9980481011,112,6431
docs\inst_test\instancias\n_1000_9,500,15,10,10,0.2000,123,9980485898,9980481011,114,6431
docs\inst_test\instancias\n_1000_9,500,15,10,10,0.2000,2026,9980485898,9980481011,112,6431
docs\inst_test\instancias\n_1000_9,500,15,10,10,0.3000,42,9980485898,9980481011,110,6431
docs\inst_test\instancias\n_1000_9,500,15,10,10,0.3000,123,9980485898,9980481011,106,6431
docs\inst_test\instancias\n_1000_9,500,15,10,10,0.3000,2026,9980485898,9980481011,108,6431
docs\inst_test\instancias\n_1000_9,500,15,10,20,0.1000,42,9980485898,9980481011,116,6431
docs\inst_test\instancias\n_1000_9,500,15,10,20,0.1000,123,9980485898,9980481011,110,6431
docs\inst_test\instancias\n_1000_9,500,15,10,20,0.1000,2026,9980485898,9980481011,110,6431
docs\inst_test\instancias\n_1000_9,500,15,10,20,0.2000,123,9980485898,9980481011,111,6431
docs\inst_test\instancias\n_1000_9,500,15,10,20,0.2000,42,9980485898,9980481011,111,6431
docs\inst_test\instancias\n_1000_9,500,15,10,20,0.3000,42,9980485898,9980481011,102,6431
docs\inst_test\instancias\n_1000_9,500,15,10,20,0.2000,2026,9980485898,9980481011,125,6431
docs\inst_test\instancias\n_1000_9,500,15,10,20,0.3000,123,9980485898,9980481011,106,6431
docs\inst_test\instancias\n_1000_9,500,15,10,20,0.3000,2026,9980485898,9980481011,106,6431
docs\inst_test\instancias\n_1000_9,500,15,15,5,0.1000,123,9980485898,9980481011,121,6431
docs\inst_test\instancias\n_1000_9,500,15,15,5,0.1000,42,9980485898,9980481011,142,6431
docs\inst_test\instancias\n_1000_9,500,15,15,5,0.2000,42,9980485898,9980481011,126,6431
docs\inst_test\instancias\n_1000_9,500,15,15,5,0.1000,2026,9980485898,9980481011,130,6431
docs\inst_test\instancias\n_1000_9,500,15,15,5,0.2000,123,9980485898,9980481011,120,6431
docs\inst_test\instancias\n_1000_9,500,15,15,5,0.2000,2026,9980485898,9980481011,124,6431
docs\inst_test\instancias\n_1000_9,500,15,15,5,0.3000,42,9980485898,9980481011,129,6431
docs\inst_test\instancias\n_1000_9,500,15,15,5,0.3000,123,9980485898,9980481011,128,6431
docs\inst_test\instancias\n_1000_9,500,15,15,5,0.3000,2026,9980485898,9980481011,114,6431
docs\inst_test\instancias\n_1000_9,500,15,15,10,0.1000,42,9980485898,9980481011,119,6431
docs\inst_test\instancias\n_1000_9,500,15,15,10,0.1000,123,9980485898,9980481011,115,6431
docs\inst_test\instancias\n_1000_9,500,15,15,10,0.1000,2026,9980485898,9980481011,114,6431
docs\inst_test\instancias\n_1000_9,500,15,15,10,0.2000,42,9980485898,9980481011,117,6431
docs\inst_test\instancias\n_1000_9,500,15,15,10,0.2000,123,9980485898,9980481011,121,6431
docs\inst_test\instancias\n_1000_9,500,15,15,10,0.2000,2026,9980485898,9980481011,120,6431
docs\inst_test\instancias\n_1000_9,500,15,15,10,0.3000,123,9980485898,9980481011,106,6431
docs\inst_test\instancias\n_1000_9,500,15,15,10,0.3000,42,9980485898,9980481011,117,6431
docs\inst_test\instancias\n_1000_9,500,15,15,10,0.3000,2026,9980485898,9980481011,116,6431
docs\inst_test\instancias\n_1000_9,500,15,15,20,0.1000,123,9980485898,9980481011,112,6431
docs\inst_test\instancias\n_1000_9,500,15,15,20,0.1000,42,9980485898,9980481011,116,6431
docs\inst_test\instancias\n_1000_9,500,15,15,20,0.1000,2026,9980485898,9980481011,110,6431
docs\inst_test\instancias\n_1000_9,500,15,15,20,0.2000,123,9980485898,9980481011,109,6431
docs\inst_test\instancias\n_1000_9,500,15,15,20,0.2000,42,9980485898,9980481011,125,6431
docs\inst_test\instancias\n_1000_9,500,15,15,20,0.2000,2026,9980485898,9980481011,110,6431
docs\inst_test\instancias\n_1000_9,500,15,15,20,0.3000,42,9980485898,9980481011,112,6431
docs\inst_test\instancias\n_1000_9,500,15,15,20,0.3000,123,9980485898,9980481011,112,6431
docs\inst_test\instancias\n_1000_9,500,15,15,20,0.3000,2026,9980485898,9980481011,106,6431
docs\inst_test\instancias\n_1000_9,500,20,7,5,0.1000,42,9980485898,9980481011,125,6431
docs\inst_test\instancias\n_1000_9,500,20,7,5,0.1000,123,9980485898,9980481011,134,6431
docs\inst_test\instancias\n_1000_9,500,20,7,5,0.1000,2026,9980485898,9980481011,121,6431
docs\inst_test\instancias\n_1000_9,500,20,7,5,0.2000,42,9980485898,9980481011,129,6431
docs\inst_test\instancias\n_1000_9,500,20,7,5,0.2000,123,9980485898,9980481011,121,6431
docs\inst_test\instancias\n_1000_9,500,20,7,5,0.2000,2026,9980485898,9980481011,126,6431
docs\inst_test\instancias\n_1000_9,500,20,7,5,0.3000,42,9980485898,9980481011,122,6431
docs\inst_test\instancias\n_1000_9,500,20,7,5,0.3000,123,9980485898,9980481011,119,6431
docs\inst_test\instancias\n_1000_9,500,20,7,5,0.3000,2026,9980485898,9980481011,113,6431
docs\inst_test\instancias\n_1000_9,500,20,7,10,0.1000,42,9980485898,9980481011,117,6431
docs\inst_test\instancias\n_1000_9,500,20,7,10,0.1000,123,9980485898,9980481011,116,6431
docs\inst_test\instancias\n_1000_9,500,20,7,10,0.1000,2026,9980485898,9980481011,116,6431
docs\inst_test\instancias\n_1000_9,500,20,7,10,0.2000,42,9980485898,9980481011,112,6431
docs\inst_test\instancias\n_1000_9,500,20,7,10,0.2000,123,9980485898,9980481011,112,6431
docs\inst_test\instancias\n_1000_9,500,20,7,10,0.2000,2026,9980485898,9980481011,111,6431
docs\inst_test\instancias\n_1000_9,500,20,7,10,0.3000,42,9980485898,9980481011,112,6431
docs\inst_test\instancias\n_1000_9,500,20,7,10,0.3000,123,9980485898,9980481011,106,6431
docs\inst_test\instancias\n_1000_9,500,20,7,10,0.3000,2026,9980485898,9980481011,112,6431
docs\inst_test\instancias\n_1000_9,500,20,7,20,0.1000,42,9980485898,9980481011,119,6431
docs\inst_test\instancias\n_1000_9,500,20,7,20,0.1000,2026,9980485898,9980481011,110,6431
docs\inst_test\instancias\n_1000_9,500,20,7,20,0.1000,123,9980485898,9980481011,119,6431
docs\inst_test\instancias\n_1000_9,500,20,7,20,0.2000,42,9980485898,9980481011,111,6431
docs\inst_test\instancias\n_1000_9,500,20,7,20,0.2000,123,9980485898,9980481011,108,6431
docs\inst_test\instancias\n_1000_9,500,20,7,20,0.2000,2026,9980485898,9980481011,108,6431
docs\inst_test\instancias\n_1000_9,500,20,7,20,0.3000,42,9980485898,9980481011,103,6431
docs\inst_test\instancias\n_1000_9,500,20,7,20,0.3000,123,9980485898,9980481011,104,6431
docs\inst_test\instancias\n_1000_9,500,20,7,20,0.3000,2026,9980485898,9980481011,108,6431
docs\inst_test\instancias\n_1000_9,500,20,10,5,0.1000,42,9980485898,9980481011,122,6431
docs\inst_test\instancias\n_1000_9,500,20,10,5,0.1000,123,9980485898,9980481011,121,6431
docs\inst_test\instancias\n_1000_9,500,20,10,5,0.1000,2026,9980485898,9980481011,127,6431
docs\inst_test\instancias\n_1000_9,500,20,10,5,0.2000,42,9980485898,9980481011,128,6431
docs\inst_test\instancias\n_1000_9,500,20,10,5,0.2000,123,9980485898,9980481011,122,6431
docs\inst_test\instancias\n_1000_9,500,20,10,5,0.2000,2026,9980485898,9980481011,123,6431
docs\inst_test\instancias\n_1000_9,500,20,10,5,0.3000,42,9980485898,9980481011,122,6431
docs\inst_test\instancias\n_1000_9,500,20,10,5,0.3000,123,9980485898,9980481011,118,6431
docs\inst_test\instancias\n_1000_9,500,20,10,5,0.3000,2026,9980485898,9980481011,122,6431
docs\inst_test\instancias\n_1000_9,500,20,10,10,0.1000,42,9980485898,9980481011,117,6431
docs\inst_test\instancias\n_1000_9,500,20,10,10,0.1000,123,9980485898,9980481011,115,6431
docs\inst_test\instancias\n_1000_9,500,20,10,10,0.2000,42,9980485898,9980481011,114,6431
docs\inst_test\instancias\n_1000_9,500,20,10,10,0.2000,123,9980485898,9980481011,113,6431
docs\inst_test\instancias\n_1000_9,500,20,10,10,0.1000,2026,9980485898,9980481011,120,6431
docs\inst_test\instancias\n_1000_9,500,20,10,10,0.2000,2026,9980485898,9980481011,114,6431
docs\inst_test\instancias\n_1000_9,500,20,10,10,0.3000,42,9980485898,9980481011,115,6431
docs\inst_test\instancias\n_1000_9,500,20,10,10,0.3000,123,9980485898,9980481011,111,6431
docs\inst_test\instancias\n_1000_9,500,20,10,10,0.3000,2026,9980485898,9980481011,112,6431
docs\inst_test\instancias\n_1000_9,500,20,10,20,0.1000,42,9980485898,9980481011,110,6431
docs\inst_test\instancias\n_1000_9,500,20,10,20,0.1000,2026,9980485898,9980481011,111,6431
docs\inst_test\instancias\n_1000_9,500,20,10,20,0.1000,123,9980485898,9980481011,115,6431
docs\inst_test\instancias\n_1000_9,500,20,10,20,0.2000,42,9980485898,9980481011,113,6431
docs\inst_test\instancias\n_1000_9,500,20,10,20,0.2000,123,9980485898,9980481011,115,6431
docs\inst_test\instancias\n_1000_9,500,20,10,20,0.2000,2026,9980485898,9980481011,119,6431
docs\inst_test\instancias\n_1000_9,500,20,10,20,0.3000,42,9980485898,9980481011,103,6431
docs\inst_test\instancias\n_1000_9,500,20,10,20,0.3000,123,9980485898,9980481011,103,6431
docs\inst_test\instancias\n_1000_9,500,20,10,20,0.3000,2026,9980485898,9980481011,103,6431
docs\inst_test\instancias\n_1000_9,500,20,15,5,0.1000,42,9980485898,9980481011,121,6431
docs\inst_test\instancias\n_1000_9,500,20,15,5,0.1000,123,9980485898,9980481011,130,6431
docs\inst_test\instancias\n_1000_9,500,20,15,5,0.1000,2026,9980485898,9980481011,140,6431
docs\inst_test\instancias\n_1000_9,500,20,15,5,0.2000,42,9980485898,9980481011,122,6431
docs\inst_test\instancias\n_1000_9,500,20,15,5,0.2000,2026,9980485898,9980481011,121,6431
docs\inst_test\instancias\n_1000_9,500,20,15,5,0.2000,123,9980485898,9980481011,127,6431
docs\inst_test\instancias\n_1000_9,500,20,15,5,0.3000,123,9980485898,9980481011,117,6431
docs\inst_test\instancias\n_1000_9,500,20,15,5,0.3000,42,9980485898,9980481011,122,6431
docs\inst_test\instancias\n_1000_9,500,20,15,5,0.3000,2026,9980485898,9980481011,118,6431
docs\inst_test\instancias\n_1000_9,500,20,15,10,0.1000,42,9980485898,9980481011,114,6431
docs\inst_test\instancias\n_1000_9,500,20,15,10,0.1000,123,9980485898,9980481011,117,6431
docs\inst_test\instancias\n_1000_9,500,20,15,10,0.1000,2026,9980485898,9980481011,116,6431
docs\inst_test\instancias\n_1000_9,500,20,15,10,0.2000,42,9980485898,9980481011,114,6431
docs\inst_test\instancias\n_1000_9,500,20,15,10,0.2000,123,9980485898,9980481011,114,6431
docs\inst_test\instancias\n_1000_9,500,20,15,10,0.3000,42,9980485898,9980481011,118,6431
docs\inst_test\instancias\n_1000_9,500,20,15,10,0.2000,2026,9980485898,9980481011,118,6431
docs\inst_test\instancias\n_1000_9,500,20,15,10,0.3000,2026,9980485898,9980481011,107,6431
docs\inst_test\instancias\n_1000_9,500,20,15,10,0.3000,123,9980485898,9980481011,120,6431
docs\inst_test\instancias\n_1000_9,500,20,15,20,0.1000,42,9980485898,9980481011,121,6431
docs\inst_test\instancias\n_1000_9,500,20,15,20,0.1000,123,9980485898,9980481011,111,6431
docs\inst_test\instancias\n_1000_9,500,20,15,20,0.2000,42,9980485898,9980481011,109,6431
docs\inst_test\instancias\n_1000_9,500,20,15,20,0.1000,2026,9980485898,9980481011,115,6431
docs\inst_test\instancias\n_1000_9,500,20,15,20,0.2000,2026,9980485898,9980481011,107,6431
docs\inst_test\instancias\n_1000_9,500,20,15,20,0.2000,123,9980485898,9980481011,112,6431
docs\inst_test\instancias\n_1000_9,500,20,15,20,0.3000,42,9980485898,9980481011,107,6431
docs\inst_test\instancias\n_1000_9,500,20,15,20,0.3000,123,9980485898,9980481011,105,6431
docs\inst_test\instancias\n_1000_9,500,20,15,20,0.3000,2026,9980485898,9980481011,105,6431
